# time site_0 site_1 site_2 site_3 site_4 site_5 site_6 site_7 site_8 site_9 site_10 site_11 site_12 site_13 site_14 site_15 site_16 site_17 site_18 site_19 site_20 site_21 site_22 site_23 site_24 site_25 site_26 site_27 site_28 site_29 site_30 site_31 site_32 site_33 site_34 site_35 site_36 site_37 site_38 site_39 site_40 site_41 site_42 site_43 site_44 site_45 site_46 site_47 site_48 site_49
0.00000000e+00 -2.50919762e-01 9.01428613e-01 4.63987884e-01 1.97316968e-01 -6.87962719e-01 -6.88010959e-01 -8.83832776e-01 7.32352292e-01 2.02230023e-01 4.16145156e-01 -9.58831011e-01 9.39819704e-01 6.64885282e-01 -5.75321779e-01 -6.36350066e-01 -6.33190980e-01 -3.91515514e-01 4.95128633e-02 -1.36109963e-01 -4.17541720e-01 2.23705789e-01 -7.21012279e-01 -4.15710703e-01 -2.67276313e-01 -8.78600316e-02 5.70351923e-01 -6.00652436e-01 2.84688768e-02 1.84829138e-01 -9.07099175e-01 2.15089704e-01 -6.58951753e-01 -8.69896814e-01 8.97771075e-01 9.31264066e-01 6.16794696e-01 -3.90772462e-01 -8.04655772e-01 3.68466053e-01 -1.19695013e-01 -7.55923530e-01 -9.64617978e-03 -9.31222958e-01 8.18640804e-01 -4.82440037e-01 3.25044569e-01 -3.76577848e-01 4.01360424e-02 9.34205587e-02 -6.30291089e-01
1.00000000e-01 -2.47078294e-01 8.95777821e-01 4.65040527e-01 1.95093808e-01 -6.84666766e-01 -6.89065870e-01 -8.78097846e-01 7.25773529e-01 2.04331145e-01 4.11680662e-01 -9.49528075e-01 9.33760488e-01 6.61845537e-01 -5.71823677e-01 -6.36155984e-01 -6.32353493e-01 -3.90768185e-01 4.73042169e-02 -1.36486636e-01 -4.14213980e-01 2.18099333e-01 -7.16471567e-01 -4.16506133e-01 -2.67027444e-01 -8.62308479e-02 5.63954123e-01 -5.94337713e-01 2.67162051e-02 1.80464531e-01 -8.99223585e-01 2.08459723e-01 -6.56779956e-01 -8.64435162e-01 8.93086263e-01 9.30043955e-01 6.14723101e-01 -3.89432544e-01 -7.98934555e-01 3.62829046e-01 -1.20549099e-01 -7.50697358e-01 -1.53995346e-02 -9.22904954e-01 8.09386258e-01 -4.75875290e-01 3.19854474e-01 -3.72526479e-01 3.87843311e-02 9.13459009e-02 -6.28393509e-01
2.00000000e-01 -2.35617341e-01 8.78943016e-01 4.68115776e-01 1.88500180e-01 -6.74866834e-01 -6.92128805e-01 -8.61057050e-01 7.06210574e-01 2.10513444e-01 3.98443844e-01 -9.21846120e-01 9.15728545e-01 6.52753701e-01 -5.61409674e-01 -6.35540021e-01 -6.29846681e-01 -3.88551156e-01 4.07181036e-02 -1.37601174e-01 -4.04334438e-01 2.01436971e-01 -7.02978769e-01 -4.18836835e-01 -2.66280117e-01 -8.14195600e-02 5.44930129e-01 -5.75563605e-01 2.15031342e-02 1.67492030e-01 -8.75814691e-01 1.88757759e-01 -6.50307119e-01 -8.48162377e-01 8.79149193e-01 9.26340178e-01 6.08546555e-01 -3.85402963e-01 -7.81902018e-01 3.46050211e-01 -1.23098886e-01 -7.35160358e-01 -3.24567779e-02 -8.98199578e-01 7.81880857e-01 -4.56395856e-01 3.04452402e-01 -3.60492241e-01 3.47692906e-02 8.51514840e-02 -6.22725895e-01
3.00000000e-01 -2.16726014e-01 8.51274004e-01 4.72968645e-01 1.77760767e-01 -6.58823474e-01 -6.96898553e-01 -8.33196933e-01 6.74177866e-01 2.20418652e-01 3.76899081e-01 -8.76459265e-01 8.86156762e-01 6.37692106e-01 -5.44318752e-01 -6.34402375e-01 -6.25687315e-01 -3.84938549e-01 2.98732119e-02 -1.39407956e-01 -3.88210823e-01 1.74184959e-01 -6.80917762e-01 -4.22538175e-01 -2.65032325e-01 -7.36521812e-02 5.13783093e-01 -5.44835492e-01 1.29632935e-02 1.46271995e-01 -8.37519685e-01 1.56542278e-01 -6.39659596e-01 -8.21412219e-01 8.56308345e-01 9.20024729e-01 5.98378710e-01 -3.78655192e-01 -7.53947977e-01 3.18522776e-01 -1.27307268e-01 -7.09732758e-01 -6.02162784e-02 -8.57844610e-01 7.36891069e-01 -4.24638936e-01 2.79337259e-01 -3.40830867e-01 2.82096759e-02 7.49257648e-02 -6.13363276e-01
4.00000000e-01 -1.90715341e-01 8.13344175e-01 4.79200888e-01 1.63240557e-01 -6.36960293e-01 -7.02886851e-01 -7.95310501e-01 6.30514434e-01 2.33465859e-01 3.47801869e-01 -8.14469776e-01 8.45752617e-01 6.16798376e-01 -5.20942867e-01 -6.32581182e-01 -6.19902774e-01 -3.80051410e-01 1.49647402e-02 -1.41833631e-01 -3.66345146e-01 1.37104681e-01 -6.50914709e-01 -4.27342813e-01 -2.63281218e-01 -6.32962440e-02 4.71334891e-01 -5.02979809e-01 1.31541757e-03 1.17393174e-01 -7.85395990e-01 1.12726020e-01 -6.25043674e-01 -7.84731861e-01 8.25132583e-01 9.10891933e-01 5.84405432e-01 -3.69144857e-01 -7.15710450e-01 2.80891106e-01 -1.33113428e-01 -6.75100653e-01 -9.76978590e-02 -8.03042892e-01 6.75667145e-01 -3.81642712e-01 2.45321672e-01 -3.14122481e-01 1.92983900e-02 6.08154515e-02 -6.00429549e-01
5.00000000e-01 -1.58012156e-01 7.65936359e-01 4.86275753e-01 1.45430994e-01 -6.09848416e-01 -7.09438480e-01 -7.48471016e-01 5.76357033e-01 2.48875192e-01 3.12171795e-01 -7.37376872e-01 7.95477653e-01 5.90265966e-01 -4.91817572e-01 -6.29859072e-01 -6.12530218e-01 -3.74054056e-01 -3.73947722e-03 -1.44781030e-01 -3.39417760e-01 9.12295936e-02 -6.13818086e-01 -4.32891005e-01 -2.61023818e-01 -5.08473962e-02 4.18701595e-01 -4.51120739e-01 -1.31425119e-02 8.16553008e-02 -7.20880085e-01 5.85495031e-02 -6.06739273e-01 -7.38868499e-01 7.86393657e-01 8.98669628e-01 5.66879601e-01 -3.56816354e-01 -6.68058513e-01 2.34034483e-01 -1.40434336e-01 -6.32195069e-01 -1.43575807e-01 -7.35423093e-01 5.99903297e-01 -3.28811480e-01 2.03504352e-01 -2.81152915e-01 8.29516171e-03 4.30243917e-02 -5.84095763e-01
6.00000000e-01 -1.19150732e-01 7.10023566e-01 4.93537913e-01 1.24931334e-01 -5.78185585e-01 -7.15758326e-01 -6.93996595e-01 5.13103845e-01 2.65699669e-01 2.71256074e-01 -6.47034422e-01 7.36519662e-01 5.58344737e-01 -4.57609210e-01 -6.25972052e-01 -6.03615484e-01 -3.67149068e-01 -2.59042989e-02 -1.48134386e-01 -3.08265793e-01 3.78340061e-02 -5.70671639e-01 -4.38744532e-01 -2.58257968e-01 -3.69112876e-02 3.57260224e-01 -3.90648551e-01 -3.00412460e-02 4.00454884e-02 -6.45745195e-01 -4.45492701e-03 -5.85091430e-01 -6.84751123e-01 7.41042495e-01 8.83034224e-01 5.46114067e-01 -3.41609061e-01 -6.12068978e-01 1.79045016e-01 -1.49166734e-01 -5.82163614e-01 -1.96223511e-01 -6.56986659e-01 5.11683843e-01 -2.67868536e-01 1.55232753e-01 -2.42888457e-01 -4.48329378e-03 2.18119524e-02 -5.64577736e-01
7.00000000e-01 -7.47623721e-02 6.46745155e-01 5.00237916e-01 1.02425911e-01 -5.42770695e-01 -7.20944392e-01 -6.33406846e-01 4.42370025e-01 2.82864041e-01 2.26484936e-01 -5.45598867e-01 6.70258459e-01 5.21341435e-01 -4.19098960e-01 -6.20620433e-01 -5.93211767e-01 -3.59571106e-01 -5.11339607e-02 -1.51765623e-01 -2.73856658e-01 -2.16053396e-02 -5.22681187e-01 -4.44403734e-01 -2.54983472e-01 -2.21813725e-02 2.88607788e-01 -3.23180520e-01 -4.89501549e-02 -6.29085549e-03 -5.62049134e-01 -7.45074383e-02 -5.60499855e-01 -6.23467941e-01 6.90180058e-01 8.63629034e-01 5.22472991e-01 -3.23464881e-01 -5.48997585e-01 1.17200251e-01 -1.59189539e-01 -5.26335629e-01 -2.53768214e-01 -5.70042747e-01 4.13417151e-01 -2.00798446e-01 1.02057341e-01 -2.00444901e-01 -1.86752367e-02 -2.50916561e-03 -5.42133027e-01
8.00000000e-01 -2.55632064e-02 5.77379080e-01 5.05560324e-01 7.86581804e-02 -5.04474755e-01 -7.24025504e-01 -5.68373038e-01 3.65936630e-01 2.99209119e-01 1.79420451e-01 -4.35468976e-01 5.98226332e-01 4.79619880e-01 -3.77164118e-01 -6.13481449e-01 -5.81378142e-01 -3.51579660e-01 -7.89799972e-02 -1.55541449e-01 -2.37257513e-01 -8.54536493e-02 -4.71176343e-01 -4.49327091e-01 -2.51203361e-01 -7.41339333e-03 2.14513924e-01 -2.50515572e-01 -6.93887537e-02 -5.60837007e-02 -4.72073856e-01 -1.49632090e-01 -5.33406933e-01 -5.56240057e-01 6.35023686e-01 8.40085181e-01 4.96361855e-01 -3.02336831e-01 -4.80245525e-01 4.99312164e-02 -1.70366537e-01 -4.66181982e-01 -3.14154024e-01 -4.77133356e-01 3.07759608e-01 -1.29780681e-01 4.56790348e-02 -1.55051969e-01 -3.38875111e-02 -2.95757438e-02 -5.17057299e-01
9.00000000e-01 2.76595302e-02 5.03310961e-01 5.08654567e-01 5.44025245e-02 -4.64209394e-01 -7.24002306e-01 -5.00663534e-01 2.85694717e-01 3.13539898e-01 1.31700629e-01 -3.19219319e-01 5.22064419e-01 4.33600678e-01 -3.32757055e-01 -6.04223160e-01 -5.68178014e-01 -3.43450969e-01 -1.08950251e-01 -1.59330896e-01 -1.99601678e-01 -1.51967016e-01 -4.17568420e-01 -4.52952613e-01 -2.46925222e-01 6.60257074e-03 1.36868574e-01 -1.74583993e-01 -9.08395597e-02 -1.07975621e-01 -3.78258579e-01 -2.27713706e-01 -5.04284553e-01 -4.84392116e-01 5.76870023e-01 8.12044252e-01 4.68216463e-01 -2.78198302e-01 -4.07322257e-01 -2.12132453e-02 -1.82549259e-01 -4.03270791e-01 -3.75211064e-01 -3.80951169e-01 1.97532168e-01 -5.71169170e-02 -1.21083372e-02 -1.08014304e-01 -4.97102550e-02 -5.89775607e-02 -4.89680096e-01
1.00000000e+00 8.40624091e-02 4.26000851e-01 5.08667486e-01 3.04348960e-02 -4.22894138e-01 -7.19889972e-01 -4.32086376e-01 2.03586524e-01 3.24675633e-01 8.49807772e-02 -1.99529494e-01 4.43476368e-01 3.83760231e-01 -2.86882347e-01 -5.92519181e-01 -5.53677568e-01 -3.35469295e-01 -1.40518803e-01 -1.63012985e-01 -1.62053099e-01 -2.19344367e-01 -3.63305924e-01 -4.54720328e-01 -2.42162520e-01 1.90715223e-02 5.76263519e-02 -9.73936718e-02 -1.12761932e-01 -1.60561435e-01 -2.83128470e-01 -3.06558538e-01 -4.73620244e-01 -4.09320708e-01 5.17055713e-01 7.79181803e-01 4.38491282e-01 -2.51052627e-01 -3.31805683e-01 -9.46049242e-02 -1.95579899e-01 -3.39220510e-01 -4.34728413e-01 -2.84252911e-01 8.56323036e-02 1.48455162e-02 -6.94785800e-02 -6.06703920e-02 -6.57321253e-02 -9.02616703e-02 -4.60360096e-01
1.10000000e+00 1.42761570e-01 3.46948561e-01 5.04776441e-01 7.50341978e-03 -3.81423712e-01 -7.10761027e-01 -3.64430986e-01 1.21545785e-01 3.31499937e-01 4.08742017e-02 -7.91112946e-02 3.64180753e-01 3.30628856e-01 -2.40572617e-01 -5.78063773e-01 -5.37944297e-01 -3.27917795e-01 -1.73136626e-01 -1.66484134e-01 -1.25770036e-01 -2.85780784e-01 -3.09829065e-01 -4.54095037e-01 -2.36935833e-01 2.92234104e-02 -2.12507041e-02 -2.09744478e-02 -1.34606524e-01 -2.12429051e-01 -1.89221053e-01 -3.83956892e-01 -4.41903068e-01 -3.32461367e-01 4.56917122e-01 7.41230792e-01 4.07647503e-01 -2.20942521e-01 -2.55300829e-01 -1.68576446e-01 -2.09294151e-01 -2.75651878e-01 -4.90528385e-01 -1.89771105e-01 -2.50557043e-02 8.37913929e-02 -1.24634588e-01 -1.43507760e-02 -8.15554279e-02 -1.22937498e-01 -4.29479874e-01
1.20000000e+00 2.02848975e-01 2.67658504e-01 4.96221862e-01 -1.36999249e-02 -3.40636634e-01 -6.95786655e-01 -2.99410987e-01 4.14392017e-02 3.33008969e-01 8.94373141e-04 3.93639696e-02 2.85863688e-01 2.74787823e-01 -1.94863670e-01 -5.60586767e-01 -5.21045699e-01 -3.21069245e-01 -2.06242761e-01 -1.69664968e-01 -9.18691397e-02 -3.49520514e-01 -2.58524808e-01 -4.50588547e-01 -2.31273934e-01 3.63424021e-02 -9.78501957e-02 5.26778107e-02 -1.55829960e-01 -2.62200272e-01 -9.90125566e-02 -4.57745857e-01 -4.09609767e-01 -2.55255032e-01 3.97750376e-01 6.98003970e-01 3.76141188e-01 -1.87959004e-01 -1.79398189e-01 -2.41462174e-01 -2.23523854e-01 -2.14140263e-01 -5.40539647e-01 -1.00127225e-01 -1.31749148e-01 1.47513912e-01 -1.75868589e-01 2.96629939e-02 -9.68105492e-02 -1.56482794e-01 -3.97440251e-01
1.30000000e+00 2.63408784e-01 1.89604974e-01 4.82338147e-01 -3.25654562e-02 -3.01286331e-01 -6.74274909e-01 -2.38610096e-01 -3.49889235e-02 3.28355854e-01 -3.35993984e-02 1.53335814e-01 2.10133125e-01 2.16865151e-01 -1.50769519e-01 -5.39867851e-01 -5.03048204e-01 -3.15176870e-01 -2.39275784e-01 -1.72506188e-01 -6.13910959e-02 -4.08908027e-01 -2.10683911e-01 -4.43780581e-01 -2.25214649e-01 3.97945372e-02 -1.70364513e-01 1.21655784e-01 -1.75909339e-01 -3.08570325e-01 -1.48463967e-02 -5.25870261e-01 -3.77191618e-01 -1.79114874e-01 3.40773003e-01 6.49414325e-01 3.44411887e-01 -1.52249378e-01 -1.05632938e-01 -3.11638745e-01 -2.38099321e-01 -1.56169909e-01 -5.82866721e-01 -1.77491237e-02 -2.31851002e-01 2.03986972e-01 -2.21619115e-01 7.01773223e-02 -1.11169111e-01 -1.90350455e-01 -3.64654302e-01
1.40000000e+00 3.23533498e-01 1.14198766e-01 4.62581834e-01 -4.85887706e-02 -2.64015875e-01 -6.45704368e-01 -1.83432911e-01 -1.06167032e-01 3.16889588e-01 -6.14508423e-02 2.60420478e-01 1.38476196e-01 1.57530048e-01 -1.09257892e-01 -5.15749712e-01 -4.84016406e-01 -3.10465533e-01 -2.71685320e-01 -1.74993205e-01 -3.52689226e-02 -4.62435525e-01 -1.67461363e-01 -4.33337610e-01 -2.18805424e-01 3.90527970e-02 -2.37142361e-01 1.84192355e-01 -1.94356178e-01 -3.50344920e-01 6.11340597e-02 -5.86440065e-01 -3.45062449e-01 -1.05394325e-01 2.87088382e-01 5.95492700e-01 3.12872063e-01 -1.14023880e-01 -3.54461441e-02 -3.77564161e-01 -2.52851275e-01 -1.03091518e-01 -6.15853545e-01 5.52045042e-02 -3.23027008e-01 2.51430944e-01 -2.60522748e-01 1.06122137e-01 -1.24355324e-01 -2.23976209e-01 -3.31541088e-01
1.50000000e+00 3.82339520e-01 4.27560199e-02 4.36556096e-01 -6.13896650e-02 -2.29337326e-01 -6.09751947e-01 -1.35062249e-01 -1.70739960e-01 2.98186921e-01 -8.17484297e-02 3.58470464e-01 7.22208931e-02 9.74859257e-02 -7.12268376e-02 -4.88149587e-01 -4.64012637e-01 -3.07123549e-01 -3.02943375e-01 -1.77149282e-01 -1.42999479e-02 -5.08785459e-01 -1.29841502e-01 -4.19028927e-01 -2.12103559e-01 3.37187002e-02 -2.96735105e-01 2.38707865e-01 -2.10729426e-01 -3.86473726e-01 1.27046460e-01 -6.37782497e-01 -3.13588219e-01 -3.53571518e-02 2.37654150e-01 5.36401820e-01 2.81897648e-01 -7.35606453e-02 2.98509113e-02 -4.37814442e-01 -2.67612336e-01 -5.60844850e-02 -6.38138969e-01 1.16910133e-01 -4.03273211e-01 2.88369747e-01 -2.91458882e-01 1.36581902e-01 -1.36155082e-01 -2.56787110e-01 -2.98519214e-01
1.60000000e+00 4.38981797e-01 -2.35299502e-02 4.04030725e-01 -7.07262658e-02 -1.97616492e-01 -5.66313765e-01 -9.44244295e-02 -2.27604469e-01 2.72075916e-01 -9.38584213e-02 4.45626001e-01 1.25031992e-02 3.74619823e-02 -3.74829757e-02 -4.57068796e-01 -4.43096940e-01 -3.05295364e-01 -3.32555211e-01 -1.79036995e-01 8.77661276e-04 -5.46866743e-01 -9.86089248e-02 -4.00739372e-01 -2.05176055e-01 2.35396552e-02 -3.47936529e-01 2.83851630e-01 -2.24647183e-01 -4.16079273e-01 1.81322361e-01 -6.78487427e-01 -2.83078494e-01 2.98496859e-02 1.93255541e-01 4.72446057e-01 2.51820013e-01 -3.12086889e-02 8.91083342e-02 -4.91116887e-01 -2.82218002e-01 -1.61249229e-02 -6.48702358e-01 1.65933738e-01 -4.70971789e-01 3.13677291e-01 -3.13585998e-01 1.60821080e-01 -1.46422439e-01 -2.88210764e-01 -2.66000308e-01
1.70000000e+00 4.92667263e-01 -8.36131359e-02 3.64956900e-01 -7.65038060e-02 -1.69063676e-01 -5.15518260e-01 -6.21636433e-02 -2.75935538e-01 2.38650254e-01 -9.74480943e-02 5.20357017e-01 -3.97594071e-02 -2.17966053e-02 -8.72195789e-03 -4.22599911e-01 -4.21327435e-01 -3.05075325e-01 -3.60069537e-01 -1.80757883e-01 9.80309235e-03 -5.75843616e-01 -7.43261395e-02 -3.78478219e-01 -1.98099068e-01 8.42144024e-03 -3.89814813e-01 3.18536558e-01 -2.35796838e-01 -4.38480423e-01 2.22750505e-01 -7.07444669e-01 -2.53780115e-01 8.92197071e-02 1.54484513e-01 4.04076432e-01 2.22919567e-01 1.26113569e-02 1.41364256e-01 -5.36379093e-01 -2.96507144e-01 1.60395643e-02 -6.46897798e-01 2.01271695e-01 -5.24933422e-01 3.26611798e-01 -3.26368246e-01 1.78303244e-01 -1.55083211e-01 -3.17685174e-01 -2.34382523e-01
1.80000000e+00 5.42666810e-01 -1.36615048e-01 3.19476245e-01 -7.87776977e-02 -1.43730780e-01 -4.57730992e-01 -3.86261766e-02 -3.15202639e-01 1.98273630e-01 -9.24983318e-02 5.81494526e-01 -8.38873490e-02 -7.95397536e-02 1.44883927e-02 -3.84931256e-01 -3.98761101e-01 -3.06502754e-01 -3.85087766e-01 -1.82450244e-01 1.22052586e-02 -5.95156301e-01 -5.73186362e-02 -3.52383893e-01 -1.90956937e-01 -1.15646545e-02 -4.21735810e-01 3.41965926e-01 -2.43943324e-01 -4.53209747e-01 2.50509237e-01 -7.23872177e-01 -2.25873247e-01 1.41906556e-01 1.21725286e-01 3.31890485e-01 1.95421159e-01 5.74089193e-02 1.85865800e-01 -5.72713009e-01 -3.10322028e-01 3.99076511e-02 -6.32475788e-01 2.22376981e-01 -5.64424928e-01 3.26836869e-01 -3.29591469e-01 1.88703295e-01 -1.62135551e-01 -3.44669031e-01 -2.04044167e-01
1.90000000e+00 5.88325570e-01 -1.81840217e-01 2.67923820e-01 -7.77507572e-02 -1.21514874e-01 -3.93550902e-01 -2.38549501e-02 -3.45175572e-01 1.51574020e-01 -7.93051370e-02 6.28250665e-01 -1.19450784e-01 -1.35024633e-01 3.17218241e-02 -3.44348532e-01 -3.75454939e-01 -3.09558490e-01 -4.07272106e-01 -1.84285100e-01 8.00900418e-03 -6.04532900e-01 -4.76678449e-02 -3.22724280e-01 -1.83840811e-01 -3.61803100e-02 -4.43376951e-01 3.53651597e-01 -2.48935298e-01 -4.60024313e-01 2.64187151e-01 -7.27334370e-01 -1.99469925e-01 1.87239171e-01 9.51467516e-02 2.56626852e-01 1.69491384e-01 1.02627682e-01 2.22083832e-01 -5.99453434e-01 -3.23507917e-01 5.52341381e-02 -6.05591763e-01 2.29169895e-01 -5.89181402e-01 3.14428698e-01 -3.23368178e-01 1.91912436e-01 -1.67647495e-01 -3.68652281e-01 -1.75337584e-01
2.00000000e+00 6.29071350e-01 -2.18786678e-01 2.10824962e-01 -7.37646639e-02 -1.02168078e-01 -3.23798102e-01 -1.75944377e-02 -3.65919824e-01 9.94279153e-02 -5.84700278e-02 6.60227029e-01 -1.46273652e-01 -1.87528675e-01 4.27039287e-02 -3.01233428e-01 -3.51467478e-01 -3.14163048e-01 -4.26352280e-01 -1.86460431e-01 -2.66499524e-03 -6.03992276e-01 -4.52121604e-02 -2.89892600e-01 -1.76846898e-01 -6.50243822e-02 -4.54731412e-01 3.53423238e-01 -2.50709056e-01 -4.58909611e-01 2.63791417e-01 -7.17750131e-01 -1.74615123e-01 2.24732153e-01 7.47019319e-02 1.79154558e-01 1.45237827e-01 1.47652321e-01 2.49721125e-01 -6.16170530e-01 -3.35912354e-01 6.20316807e-02 -5.66801181e-01 2.22033079e-01 -5.99402641e-01 2.89869255e-01 -3.08131383e-01 1.88035888e-01 -1.71751564e-01 -3.89166721e-01 -1.48583395e-01
2.10000000e+00 6.64421083e-01 -2.47151264e-01 1.48886007e-01 -6.72859521e-02 -8.53133733e-02 -2.49493588e-01 -1.93056781e-02 -3.77781799e-01 4.29350428e-02 -3.08796627e-02 6.77411300e-01 -1.64429967e-01 -2.36363121e-01 4.73186727e-02 -2.56059178e-01 -3.26860574e-01 -3.20176500e-01 -4.42130694e-01 -1.89193866e-01 -1.95065632e-02 -5.93837908e-01 -4.95559537e-02 -2.54398912e-01 -1.70074358e-01 -9.75427309e-02 -4.56102520e-01 3.41428365e-01 -2.49290102e-01 -4.50076567e-01 2.49743624e-01 -6.95390351e-01 -1.51290292e-01 2.54091171e-01 6.01344952e-02 1.00457210e-01 1.22710221e-01 1.91817718e-01 2.68713797e-01 -6.22676072e-01 -3.47384221e-01 6.05644720e-02 -5.17041423e-01 2.01791142e-01 -5.95734184e-01 2.54025814e-01 -2.84617557e-01 1.77383501e-01 -1.74636665e-01 -4.05796392e-01 -1.24065208e-01
2.20000000e+00 6.93985244e-01 -2.66829718e-01 8.29792111e-02 -5.88870410e-02 -7.04657172e-02 -1.71831544e-01 -2.81907350e-02 -3.81364602e-01 -1.66155757e-02 2.32457151e-03 6.80162567e-01 -1.74232641e-01 -2.80886781e-01 4.56109978e-02 -2.09383114e-01 -3.01701418e-01 -3.27400119e-01 -4.54485892e-01 -1.92714080e-01 -4.20283040e-02 -5.74643060e-01 -6.00862258e-02 -2.16857501e-01 -1.63622926e-01 -1.33043384e-01 -4.48088616e-01 3.18123309e-01 -2.44792321e-01 -4.33951773e-01 2.22863340e-01 -6.60865201e-01 -1.29419199e-01 2.75213336e-01 5.09920606e-02 2.16124935e-02 1.01903414e-01 2.34420495e-01 2.79226034e-01 -6.19023360e-01 -3.57772702e-01 5.13342152e-02 -4.57601158e-01 1.69675713e-01 -5.79233805e-01 2.08117611e-01 -2.53839399e-01 1.60453749e-01 -1.76537614e-01 -4.18187474e-01 -1.02024922e-01
2.30000000e+00 7.17470206e-01 -2.77911737e-01 1.41223081e-02 -4.92230008e-02 -5.70576136e-02 -9.21452132e-02 -4.32256370e-02 -3.77495436e-01 -7.77870467e-02 3.97859256e-02 6.69186072e-01 -1.76215368e-01 -3.20519603e-01 3.77854089e-02 -1.61836359e-01 -2.76064665e-01 -3.35579823e-01 -4.63374192e-01 -1.97251186e-01 -6.95833594e-02 -5.47227837e-01 -7.59963020e-02 -1.77970527e-01 -1.57590309e-01 -1.70716568e-01 -4.31558972e-01 2.84255465e-01 -2.37414773e-01 -4.11161332e-01 1.84339993e-01 -6.15101633e-01 -1.08875849e-01 2.88182677e-01 4.66458249e-02 -5.62324964e-02 8.27620057e-02 2.74732642e-01 2.81638356e-01 -6.05500851e-01 -3.66926309e-01 3.50589731e-02 -3.90078248e-01 1.27277267e-01 -5.51324827e-01 1.53670906e-01 -2.17049411e-01 1.37911754e-01 -1.77722716e-01 -4.26057430e-01 -8.26587168e-02
2.40000000e+00 7.34678579e-01 -2.80671234e-01 -5.65466335e-02 -3.90049143e-02 -4.44681377e-02 -1.18675116e-02 -6.32005392e-02 -3.67185910e-01 -1.39042039e-01 7.99792091e-02 6.45498454e-01 -1.71108298e-01 -3.54755662e-01 2.42005582e-02 -1.14110888e-01 -2.50034583e-01 -3.44411359e-01 -4.68829414e-01 -2.03026506e-01 -1.01387988e-01 -5.12628981e-01 -9.63157374e-02 -1.38508444e-01 -1.52069456e-01 -2.09658973e-01 -4.07621568e-01 2.40837471e-01 -2.27436212e-01 -3.82508840e-01 1.35693981e-01 -5.59311894e-01 -8.94941768e-02 2.93260930e-01 4.63158354e-02 -1.31889364e-01 6.51864197e-02 3.12016925e-01 2.76529848e-01 -5.82619786e-01 -3.74692087e-01 1.26457040e-02 -3.16327681e-01 7.64854732e-02 -5.13738024e-01 9.24641041e-02 -1.75695619e-01 1.10562233e-01 -1.78479927e-01 -4.29203071e-01 -6.61138298e-02
2.50000000e+00 7.45507617e-01 -2.75552222e-01 -1.27798279e-01 -2.89708286e-02 -3.20542509e-02 6.75122244e-02 -8.67656062e-02 -3.51586850e-01 -1.98794533e-01 1.21263604e-01 6.10384852e-01 -1.59808430e-01 -3.83175147e-01 5.35994012e-03 -6.69442627e-02 -2.23707111e-01 -3.53547155e-01 -4.70960690e-01 -2.10242090e-01 -1.36548159e-01 -4.72063473e-01 -1.19945400e-01 -9.92878179e-02 -1.47145787e-01 -2.48901459e-01 -3.77583837e-01 1.89114150e-01 -2.15207462e-01 -3.48948278e-01 7.87282867e-02 -4.94954132e-01 -7.10791282e-02 2.90874020e-01 4.91010480e-02 -2.04159130e-01 4.90401774e-02 3.45543694e-01 2.64654952e-01 -5.51096206e-01 -3.80915180e-01 -1.48425051e-02 -2.38401285e-01 1.94202381e-02 -4.68444295e-01 2.64648991e-02 -1.31371010e-01 7.93184086e-02 -1.79102165e-01 -4.27507305e-01 -5.24862044e-02
2.60000000e+00 7.49945825e-01 -2.63150823e-01 -1.98344097e-01 -1.98553852e-02 -1.91831533e-02 1.44493832e-01 -1.12480932e-01 -3.31939351e-01 -2.55464025e-01 1.61939509e-01 5.65349449e-01 -1.43345811e-01 -4.05454948e-01 -1.81010936e-02 -2.11024442e-02 -1.97191717e-01 -3.62604704e-01 -4.69948360e-01 -2.19070405e-01 -1.74089228e-01 -4.26887203e-01 -1.45696531e-01 -6.11472438e-02 -1.42894479e-01 -2.87439315e-01 -3.42907673e-01 1.30523303e-01 -2.01141870e-01 -3.11552671e-01 1.54721213e-02 -4.23686360e-01 -5.34187247e-02 2.81594700e-01 5.40131567e-02 -2.71864608e-01 3.41580677e-02 3.74608644e-01 2.46915598e-01 -5.11827947e-01 -3.85438849e-01 -4.62233436e-02 -1.58481314e-01 -4.16441143e-02 -4.17580567e-01 -4.22382828e-02 -8.57585085e-02 4.51680627e-02 -1.79872399e-01 -4.20944271e-01 -4.18190759e-02
2.70000000e+00 7.48067930e-01 -2.44194033e-01 -2.66870425e-01 -1.23592760e-02 -5.26437392e-03 2.17612651e-01 -1.38868687e-01 -3.09523948e-01 -3.07530217e-01 2.00307407e-01 5.12061231e-01 -1.22846729e-01 -4.21377443e-01 -4.54316882e-02 2.26388745e-02 -1.70612929e-01 -3.71176288e-01 -4.66038034e-01 -2.29644603e-01 -2.12987676e-01 -3.78550108e-01 -1.72332450e-01 -2.49221592e-02 -1.39377910e-01 -3.24264068e-01 -3.05160177e-01 6.66515830e-02 -1.85704079e-01 -2.71479562e-01 -5.18816317e-02 -3.47315290e-01 -3.62966392e-02 2.66121932e-01 6.00130605e-02 -3.33883413e-01 2.03548981e-02 3.98551050e-01 2.24329568e-01 -4.65867301e-01 -3.88105104e-01 -8.02350355e-02 -7.88101272e-02 -1.04358850e-01 -3.63371604e-01 -1.11508135e-01 -4.05734074e-02 9.13798830e-03 -1.81049133e-01 -4.09582650e-01 -3.41025494e-02
2.80000000e+00 7.40028435e-01 -2.19515919e-01 -3.32073466e-01 -7.11968079e-03 1.02197031e-02 2.85484941e-01 -1.64465637e-01 -2.85609808e-01 -3.53586206e-01 2.34726701e-01 4.52296845e-01 -9.94951723e-02 -4.30837157e-01 -7.57848146e-02 6.35139058e-02 -1.44111453e-01 -3.78839833e-01 -4.59532936e-01 -2.42049775e-01 -2.52203824e-01 -3.28549285e-01 -1.98611507e-01 8.58063628e-03 -1.36643359e-01 -3.58395798e-01 -2.65961759e-01 -8.13166309e-04 -1.69397429e-01 -2.29934373e-01 -1.21043238e-01 -2.67741632e-01 -1.95048118e-02 2.45257661e-01 6.60487506e-02 -3.89180552e-01 7.43449612e-03 4.16771945e-01 1.97996085e-01 -4.14390161e-01 -3.88755996e-01 -1.15577597e-01 -1.61832697e-03 -1.66382231e-01 -3.08050502e-01 -1.79231085e-01 2.49472995e-03 -2.77418556e-02 -1.82852909e-01 -3.93586943e-01 -2.92741996e-02
2.90000000e+00 7.26053977e-01 -1.90031991e-01 -3.92694127e-01 -4.68281941e-03 2.76861259e-02 3.46850803e-01 -1.87874159e-01 -2.61405848e-01 -3.92388232e-01 2.63672451e-01 3.87882484e-01 -7.44938413e-02 -4.33844981e-01 -1.08239095e-01 1.00786827e-01 -1.17844750e-01 -3.85170624e-01 -4.50784712e-01 -2.56315562e-01 -2.90714427e-01 -2.78381610e-01 -2.23329824e-01 3.86079121e-02 -1.34721062e-01 -3.88914888e-01 -2.26933242e-01 -7.01316569e-02 -1.52750328e-01 -1.88132843e-01 -1.89695144e-01 -1.86903595e-01 -2.85562285e-03 2.19881702e-01 7.10933547e-02 -4.36839508e-01 -4.80137394e-03 4.28751697e-01 1.69059726e-01 -3.58662564e-01 -3.87235670e-01 -1.50954211e-01 7.09462396e-02 -2.25459497e-01 -2.53780683e-01 -2.43388147e-01 4.18386854e-02 -6.44732025e-02 -1.85454428e-01 -3.73216573e-01 -2.72207048e-02
3.00000000e+00 7.06434737e-01 -1.56712526e-01 -4.47551621e-01 -5.47967226e-03 4.74276246e-02 4.00613077e-01 -2.07810013e-01 -2.38015570e-01 -4.22900150e-01 2.85788048e-01 3.20636721e-01 -4.90260015e-02 -4.30529738e-01 -1.41822580e-01 1.33771698e-01 -9.19870194e-02 -3.89753573e-01 -4.40182911e-01 -2.72410455e-01 -3.27544078e-01 -2.29497422e-01 -2.45362415e-01 6.44835674e-02 -1.33622707e-01 -4.14992147e-01 -1.89643687e-01 -1.39563465e-01 -1.36301942e-01 -1.47263704e-01 -2.55561116e-01 -1.06720322e-01 1.38068441e-02 1.90925484e-01 7.41820780e-02 -4.76090798e-01 -1.65444995e-02 4.34066450e-01 1.38673768e-01 -3.00005587e-01 -3.83393166e-01 -1.85111366e-01 1.36886283e-01 -2.79498698e-01 -2.02582083e-01 -3.02121575e-01 7.59867872e-02 -1.00122115e-01 -1.88964779e-01 -3.48822724e-01 -2.77804999e-02
3.10000000e+00 6.81515183e-01 -1.20555621e-01 -4.95574814e-01 -9.80581758e-03 6.95938295e-02 4.45870862e-01 -2.23145196e-01 -2.16397238e-01 -4.44330992e-01 2.99931991e-01 2.52316127e-01 -2.42193871e-02 -4.21136935e-01 -1.75537868e-01 1.61851652e-01 -6.67284971e-02 -3.92195737e-01 -4.28143415e-01 -2.90238057e-01 -3.61794379e-01 -1.83256733e-01 -2.63701303e-01 8.56300403e-02 -1.33340435e-01 -4.35916298e-01 -1.55560575e-01 -2.07416402e-01 -1.20587600e-01 -1.08452764e-01 -3.16473403e-01 -2.90370015e-02 3.05968846e-02 1.59345428e-01 7.44468154e-02 -5.06337022e-01 -2.79724150e-02 4.32402894e-01 1.07964099e-01 -2.39759617e-01 -3.77085977e-01 -2.16876469e-01 1.94417451e-01 -3.26639790e-01 -1.56264080e-01 -3.53795045e-01 1.03650895e-01 -1.33848275e-01 -1.93428263e-01 -3.20842876e-01 -3.07474157e-02
3.20000000e+00 6.51684395e-01 -8.25607299e-02 -5.35830358e-01 -1.78061832e-02 9.41782765e-02 4.81946500e-01 -2.32944479e-01 -1.97330841e-01 -4.56164223e-01 3.05217181e-01 1.84565352e-01 -1.11327490e-03 -4.06024632e-01 -2.08387942e-01 1.84496806e-01 -4.22740313e-02 -3.92138719e-01 -4.15096113e-01 -3.09635515e-01 -3.92669968e-01 -1.40889353e-01 -2.77489388e-01 1.01586850e-01 -1.33846421e-01 -4.51117908e-01 -1.26003930e-01 -2.72093485e-01 -1.06124287e-01 -7.27294985e-02 -3.70435918e-01 4.44267085e-02 4.75789914e-02 1.26096717e-01 7.11472918e-02 -5.27173527e-01 -3.92415701e-02 4.23570862e-01 7.79948085e-02 -1.79248989e-01 -3.68184284e-01 -2.45191757e-01 2.42023277e-01 -3.65314699e-01 -1.16367418e-01 -3.97045345e-01 1.23767575e-01 -1.64929926e-01 -1.98818109e-01 -2.89793089e-01 -3.58752410e-02
3.30000000e+00 6.17366242e-01 -4.37034163e-02 -5.67546801e-01 -2.94653352e-02 1.21011805e-01 5.08405089e-01 -2.36494411e-01 -1.81392960e-01 -4.58177590e-01 3.01041375e-01 1.18873186e-01 1.93702896e-02 -3.85656458e-01 -2.39402023e-01 2.01280337e-01 -1.88409180e-02 -3.89270618e-01 -4.01472154e-01 -3.30374242e-01 -4.19500573e-01 -1.03460153e-01 -2.86048960e-01 1.12025653e-01 -1.35093067e-01 -4.60188947e-01 -1.02105790e-01 -3.32136142e-01 -9.33966249e-02 -4.09971635e-02 -4.15681573e-01 1.12123391e-01 6.47617370e-02 9.21081899e-02 6.36977032e-02 -5.38403942e-01 -5.04816971e-02 4.07513310e-01 4.97364808e-02 -1.19747992e-01 -3.56575791e-01 -2.69143491e-01 2.78500939e-01 -3.94296372e-01 -8.41170449e-02 -4.30823881e-01 1.35531119e-01 -1.92783677e-01 -2.05035349e-01 -2.56258124e-01 -4.28831254e-02
3.40000000e+00 5.79009674e-01 -4.91197639e-03 -5.90133950e-01 -4.46037238e-02 1.49762705e-01 5.25065874e-01 -2.33323916e-01 -1.68940399e-01 -4.50452805e-01 2.87107800e-01 5.65358284e-02 3.64503021e-02 -3.60591887e-01 -2.67660805e-01 2.11892237e-01 3.34400273e-03 -3.83337173e-01 -3.87691138e-01 -3.52162979e-01 -4.41758437e-01 -7.18404979e-02 -2.88903917e-01 1.16761293e-01 -1.37013827e-01 -4.62897301e-01 -8.47762916e-02 -3.86262419e-01 -8.28436941e-02 -1.40073314e-02 -4.50722106e-01 1.72718378e-01 8.20939783e-02 5.82590273e-02 5.16879802e-02 -5.40049995e-01 -6.17915523e-02 3.84313291e-01 2.40381567e-02 -6.24491705e-02 -3.42170986e-01 -2.87985570e-01 3.02996427e-01 -4.12735240e-01 -6.03873632e-02 -4.54426663e-01 1.38417378e-01 -2.16978535e-01 -2.11910928e-01 -2.20879599e-01 -5.14617177e-02
3.50000000e+00 5.37079351e-01 3.29534802e-02 -6.03196980e-01 -6.28800903e-02 1.79943727e-01 5.32005167e-01 -2.23215878e-01 -1.60103057e-01 -4.33374676e-01 2.63435262e-01 -1.37165175e-03 4.95050213e-02 -3.31473980e-01 -2.92320368e-01 2.16150292e-01 2.40479589e-02 -3.74151744e-01 -3.74148616e-01 -3.74653161e-01 -4.59070615e-01 -4.66866683e-02 -2.85795014e-01 1.15758480e-01 -1.39524676e-01 -4.59195733e-01 -7.46773757e-02 -4.33399114e-01 -7.48470574e-02 7.66041690e-03 -4.74388977e-01 2.25122904e-01 9.94635572e-02 2.53578586e-02 3.48989782e-02 -5.32355189e-01 -7.32361504e-02 3.54197604e-01 1.60378613e-03 -8.43477948e-03 -3.24908682e-01 -3.01156957e-01 3.15028048e-01 -4.20181989e-01 -4.56809374e-02 -4.67511882e-01 1.32197693e-01 -2.37243805e-01 -2.19211035e-01 -1.84342396e-01 -6.12799122e-02
3.60000000e+00 4.92046825e-01 6.91190023e-02 -6.06544919e-01 -8.38000116e-02 2.10925779e-01 5.29550728e-01 -2.06209496e-01 -1.54786196e-01 -4.07619655e-01 2.30357445e-01 -5.40150044e-02 5.80841901e-02 -2.99014883e-01 -3.12634157e-01 2.14007939e-01 4.30365037e-02 -3.61603826e-01 -3.61204258e-01 -3.97446440e-01 -4.71225830e-01 -2.84258303e-02 -2.76687645e-01 1.09133840e-01 -1.42526184e-01 -4.49224972e-01 -7.22048818e-02 -4.72706992e-01 -6.97202885e-02 2.36130646e-02 -4.85864204e-01 2.68519004e-01 1.16698584e-01 -5.87520638e-03 1.33110949e-02 -5.15782121e-01 -8.48455540e-02 3.17536899e-01 -1.70261475e-02 4.13478495e-02 -3.04761607e-01 -3.08292498e-01 3.14497638e-01 -4.16596000e-01 -4.01212033e-02 -4.70104615e-01 1.16942588e-01 -2.53470696e-01 -2.26645495e-01 -1.47359657e-01 -7.19920610e-02
3.70000000e+00 4.44382468e-01 1.02911434e-01 -6.00193322e-01 -1.06730335e-01 2.41957905e-01 5.18267879e-01 -1.82593470e-01 -1.52681883e-01 -3.74134198e-01 1.88511515e-01 -1.00811309e-01 6.19150577e-02 -2.63979466e-01 -3.27972433e-01 2.05558681e-01 6.00783345e-02 -3.45665791e-01 -3.49171071e-01 -4.20104171e-01 -4.78175777e-01 -1.72498709e-02 -2.61771966e-01 9.71532614e-02 -1.45906165e-01 -4.33310790e-01 -7.74795261e-02 -5.03598422e-01 -6.77002844e-02 3.36526115e-02 -4.84700340e-01 3.02375540e-01 1.33571295e-01 -3.48231901e-02 -1.28939628e-02 -4.91003412e-01 -9.66152168e-02 2.74842112e-01 -3.14873153e-02 8.61064067e-02 -2.81741825e-01 -3.09226951e-01 3.01689252e-01 -4.02339353e-01 -4.34592148e-02 -4.62588669e-01 9.30152315e-02 -2.65707731e-01 -2.33878933e-01 -1.10656690e-01 -8.32454922e-02
3.80000000e+00 3.94548286e-01 1.33769449e-01 -5.84361169e-01 -1.30919034e-01 2.72192866e-01 4.98937895e-01 -1.52890475e-01 -1.53289039e-01 -3.34103652e-01 1.38816469e-01 -1.41430288e-01 6.09022263e-02 -2.27167523e-01 -3.37838658e-01 1.91036900e-01 7.49505604e-02 -3.26397602e-01 -3.38305987e-01 -4.42158571e-01 -4.80030926e-01 -1.31171268e-02 -2.41455387e-01 8.02245946e-02 -1.49542836e-01 -4.11955137e-01 -9.03469573e-02 -5.25747052e-01 -6.89405830e-02 3.77782214e-02 -4.70829110e-01 3.26455008e-01 1.49804386e-01 -6.09831971e-02 -4.33383173e-02 -4.58886428e-01 -1.08507822e-01 2.26757199e-01 -4.15982128e-02 1.25218679e-01 -2.55905731e-01 -3.03992315e-01 2.77255519e-01 -3.78156774e-01 -5.50939604e-02 -4.45686024e-01 6.10550552e-02 -2.74150282e-01 -2.40544305e-01 -7.49542280e-02 -9.46881673e-02
3.90000000e+00 3.42991741e-01 1.61250817e-01 -5.59462166e-01 -1.55519818e-01 3.00717442e-01 4.72529502e-01 -1.17833632e-01 -1.55941211e-01 -2.88912763e-01 8.24420760e-02 -1.75786749e-01 5.51215581e-02 -1.89395051e-01 -3.41882376e-01 1.70814947e-01 8.74442851e-02 -3.03949295e-01 -3.28802150e-01 -4.63125189e-01 -4.77051105e-01 -1.57617823e-02 -2.16347752e-01 5.88859192e-02 -1.53308382e-01 -3.85821594e-01 -1.10386794e-01 -5.39089365e-01 -7.35068571e-02 3.61820787e-02 -4.44558611e-01 3.40811097e-01 1.65079633e-01 -8.39735093e-02 -7.74597880e-02 -4.20472178e-01 -1.20456499e-01 1.74048254e-01 -4.73606727e-02 1.58242270e-01 -2.27358382e-01 -2.92808736e-01 2.42192290e-01 -3.45142402e-01 -7.41052956e-02 -4.20424777e-01 2.19522355e-02 -2.79124769e-01 -2.46258309e-01 -4.09514448e-02 -1.05976300e-01
4.00000000e+00 2.90140668e-01 1.85035880e-01 -5.26090822e-01 -1.79620652e-01 3.26586370e-01 4.40164544e-01 -7.83360108e-02 -1.59840888e-01 -2.40099192e-01 2.07695387e-02 -2.04024756e-01 4.48085738e-02 -1.51475118e-01 -3.39908229e-01 1.45396531e-01 9.73703536e-02 -2.78561088e-01 -3.20783151e-01 -4.82516301e-01 -4.69631289e-01 -2.47104527e-02 -1.87239735e-01 3.37897441e-02 -1.57072853e-01 -3.55715587e-01 -1.36930256e-01 -5.43818226e-01 -8.13746989e-02 2.92391701e-02 -4.06559296e-01 3.45777245e-01 1.79048517e-01 -1.03536755e-01 -1.14530095e-01 -3.76948947e-01 -1.32369251e-01 1.17589196e-01 -4.89542787e-02 1.84918798e-01 -1.96256913e-01 -2.76069504e-01 1.97802560e-01 -3.04694714e-01 -9.92980943e-02 -3.88096872e-01 -2.31859163e-02 -2.81068264e-01 -2.50638063e-01 -9.30921850e-03 -1.16781763e-01
4.10000000e+00 2.36399308e-01 2.04927307e-01 -4.85003838e-01 -2.02275176e-01 3.48858677e-01 4.03079102e-01 -3.54544024e-02 -1.64098947e-01 -1.89301658e-01 -4.46546800e-02 -2.26494432e-01 3.03419584e-02 -1.14198888e-01 -3.31880856e-01 1.15406520e-01 1.04565094e-01 -2.50560999e-01 -3.14299447e-01 -4.99854766e-01 -4.58283192e-01 -3.93052354e-02 -1.55075222e-01 5.68362628e-03 -1.60708252e-01 -3.22559991e-01 -1.69085727e-01 -5.40368770e-01 -9.24297432e-02 1.74913975e-02 -3.57839346e-01 3.41946728e-01 1.91344511e-01 -1.19539206e-01 -1.53678791e-01 -3.29621401e-01 -1.44134379e-01 5.83443313e-02 -4.67249291e-02 2.05172571e-01 -1.62812802e-01 -2.54320846e-01 1.45651016e-01 -2.58461333e-01 -1.29255831e-01 -3.50207272e-01 -7.30753594e-02 -2.80504382e-01 -2.53318423e-01 1.93659126e-02 -1.26799099e-01
4.20000000e+00 1.82145492e-01 2.20846317e-01 -4.37097464e-01 -2.22535942e-01 3.66635082e-01 3.62581473e-01 9.65118024e-03 -1.67777627e-01 -1.38204569e-01 -1.12170219e-01 -2.43722503e-01 1.22229356e-02 -7.83173450e-02 -3.17925519e-01 8.15773617e-02 1.08895879e-01 -2.20359982e-01 -3.09327097e-01 -5.14687889e-01 -4.43613386e-01 -5.87323050e-02 -1.20918653e-01 -2.46121803e-02 -1.64092700e-01 -2.87366902e-01 -2.05771329e-01 -5.29397213e-01 -1.06470124e-01 1.62660579e-03 -2.99710304e-01 3.30145085e-01 2.01596609e-01 -1.31966362e-01 -1.93922136e-01 -2.79876058e-01 -1.55626661e-01 -2.65184687e-03 -4.11679888e-02 2.19103915e-01 -1.27292803e-01 -2.28237372e-01 8.75108469e-02 -2.08275795e-01 -1.62401483e-01 -3.08416492e-01 -1.26300996e-01 -2.78016510e-01 -2.53969228e-01 4.45366308e-02 -1.35751986e-01
4.30000000e+00 1.27728920e-01 2.32825662e-01 -3.83381618e-01 -2.39488259e-01 3.79095044e-01 3.20008553e-01 5.57607156e-02 -1.69935302e-01 -8.84810592e-02 -1.80057538e-01 -2.56377905e-01 -8.94860366e-03 -4.45242695e-02 -2.98324452e-01 4.47324521e-02 1.10266328e-01 -1.88444603e-01 -3.05768913e-01 -5.26600821e-01 -4.26298795e-01 -8.20549584e-02 -8.59184498e-02 -5.62293422e-02 -1.67114531e-01 -2.51206467e-01 -2.45753386e-01 -5.11753375e-01 -1.23211189e-01 -1.75467375e-02 -2.33744184e-01 3.11395892e-01 2.09443633e-01 -1.40915112e-01 -2.34195947e-01 -2.29144134e-01 -1.66714008e-01 -6.43171098e-02 -3.29066342e-02 2.26977471e-01 -9.00183670e-02 -1.98594174e-01 2.53046968e-02 -1.56088597e-01 -1.97063409e-01 -2.64478635e-01 -1.81365924e-01 -2.74219456e-01 -2.52311807e-01 6.57481218e-02 -1.43398978e-01
4.40000000e+00 7.34704952e-02 2.40999738e-01 -3.24951627e-01 -2.52283455e-01 3.85532065e-01 2.76682174e-01 1.01638445e-01 -1.69671268e-01 -4.17364930e-02 -2.46594069e-01 -2.65233893e-01 -3.25002483e-02 -1.34409463e-02 -2.73508999e-01 5.76685041e-03 1.08620971e-01 -1.55367386e-01 -3.03458031e-01 -5.35229025e-01 -4.07060468e-01 -1.08249881e-01 -5.12677721e-02 -8.82775531e-02 -1.69676194e-01 -2.15173789e-01 -2.87689438e-01 -4.88447897e-01 -1.42292343e-01 -3.91283417e-02 -1.61723459e-01 2.86881135e-01 2.14548807e-01 -1.46582828e-01 -2.73391356e-01 -1.78862849e-01 -1.77264302e-01 -1.25545667e-01 -2.26661498e-02 2.29205944e-01 -5.13634378e-02 -1.66236653e-01 -3.89581963e-02 -1.03895037e-01 -2.31543684e-01 -2.20177205e-01 -2.36742476e-01 -2.69730696e-01 -2.48134029e-01 8.26393599e-02 -1.49538404e-01
4.50000000e+00 1.96626070e-02 2.45592264e-01 -2.62958506e-01 -2.60170347e-01 3.85385882e-01 2.33866957e-01 1.46076552e-01 -1.66168771e-01 5.45608522e-04 -3.10109841e-01 -2.71128190e-01 -5.77144722e-02 1.43969302e-02 -2.44047765e-01 -3.43741724e-02 1.03949196e-01 -1.21735010e-01 -3.02163843e-01 -5.40269390e-01 -3.86636590e-01 -1.36245319e-01 -1.81639498e-02 -1.19871303e-01 -1.71697815e-01 -1.80354962e-01 -3.30174369e-01 -4.60615267e-01 -1.63285843e-01 -6.21574009e-02 -8.55855858e-02 2.57897532e-01 2.16614100e-01 -1.49253869e-01 -3.10392279e-01 -1.30436369e-01 -1.87152140e-01 -1.85233434e-01 -1.12450597e-02 2.26329907e-01 -1.17505630e-02 -1.32049212e-01 -1.03246529e-01 -5.36624386e-02 -2.64186333e-01 -1.77261027e-01 -2.90923227e-01 -2.65142368e-01 -2.41303278e-01 9.49520437e-02 -1.54012300e-01
4.60000000e+00 -3.34297393e-02 2.46902045e-01 -1.98578736e-01 -2.62523789e-01 3.78270279e-01 1.92731163e-01 1.87936649e-01 -1.58734579e-01 3.70532818e-02 -3.69040661e-01 -2.74922714e-01 -8.38562684e-02 3.85497857e-02 -2.10631100e-01 -7.47181953e-02 9.62883429e-02 -8.81946140e-02 -3.01600149e-01 -5.41489604e-01 -3.65755699e-01 -1.64959805e-01 1.22320481e-02 -1.50156465e-01 -1.73120296e-01 -1.47793339e-01 -3.71788100e-01 -4.29473908e-01 -1.85707289e-01 -8.56453740e-02 -7.36382638e-03 2.25810310e-01 2.15393791e-01 -1.49284007e-01 -3.44113367e-01 -8.51975386e-02 -1.96265183e-01 -2.42303731e-01 5.15924193e-04 2.18994393e-01 2.83546912e-02 -9.69239441e-02 -1.65570963e-01 -7.25934277e-03 -2.93442932e-01 -1.37382557e-01 -3.42470170e-01 -2.60995120e-01 -2.31776783e-01 1.02536899e-01 -1.56709273e-01
4.70000000e+00 -8.55670855e-02 2.45287335e-01 -1.32984458e-01 -2.58869236e-01 3.63995405e-01 1.54311886e-01 2.26187582e-01 -1.46833540e-01 6.66897367e-02 -4.21977030e-01 -2.77464429e-01 -1.10200012e-01 5.86818320e-02 -1.74052332e-01 -1.14289714e-01 8.57257766e-02 -5.54185262e-02 -3.01435305e-01 -5.38735456e-01 -3.45111048e-01 -1.93340084e-01 3.88347456e-02 -1.78335856e-01 -1.73907836e-01 -1.18457129e-01 -4.11143256e-01 -3.96284619e-01 -2.09027562e-01 -1.08609161e-01 7.08737692e-02 1.92005987e-01 2.10706778e-01 -1.47083353e-01 -3.73537189e-01 -4.43715619e-02 -2.04509857e-01 -2.95732735e-01 1.17660891e-02 2.07923067e-01 6.84509622e-02 -6.17304431e-02 -2.24045553e-01 3.36108526e-02 -3.17933144e-01 -1.02040749e-01 -3.90060372e-01 -2.57754824e-01 -2.19608799e-01 1.05357131e-01 -1.57566242e-01
4.80000000e+00 -1.36533122e-01 2.41149364e-01 -6.73149931e-02 -2.48902445e-01 3.42583653e-01 1.19485783e-01 2.59938233e-01 -1.30116767e-01 8.86093412e-02 -4.67707159e-01 -2.79548725e-01 -1.36054613e-01 7.45656693e-02 -1.35186274e-01 -1.52134568e-01 7.23998537e-02 -2.40877813e-02 -3.01304092e-01 -5.31935815e-01 -3.25336988e-01 -2.20396940e-01 6.06705901e-02 -2.03692974e-01 -1.74049765e-01 -9.32093573e-02 -4.46931252e-01 -3.62308720e-01 -2.32685876e-01 -1.30103605e-01 1.47085320e-01 1.57845683e-01 2.02447149e-01 -1.43098395e-01 -3.97749411e-01 -9.04274147e-03 -2.11816154e-01 -3.44573982e-01 2.16769640e-02 1.93890867e-01 1.08009832e-01 -2.72877431e-02 -2.76944566e-01 6.74694958e-02 -3.36498007e-01 -7.25304801e-02 -4.32526562e-01 -2.55793073e-01 -2.04954299e-01 1.03488901e-01 -1.56569014e-01
4.90000000e+00 -1.86131880e-01 2.34915582e-01 -2.65050202e-03 -2.32503551e-01 3.14278406e-01 8.89462863e-02 2.88464211e-01 -1.08442355e-01 1.02244719e-01 -5.05252665e-01 -2.81886641e-01 -1.60786119e-01 8.60837230e-02 -9.49656043e-02 -1.87344074e-01 5.64996800e-02 5.12514600e-03 -3.00820949e-01 -5.21105125e-01 -3.06988177e-01 -2.45237732e-01 7.69104781e-02 -2.25613153e-01 -1.73561620e-01 -7.27811797e-02 -4.77965289e-01 -3.28767227e-01 -2.56103598e-01 -1.49252279e-01 2.19314158e-01 1.24620509e-01 1.90592603e-01 -1.37793757e-01 -4.15970815e-01 1.98747307e-02 -2.18141350e-01 -3.87981239e-01 2.94735393e-02 1.77696014e-01 1.46485904e-01 5.66066349e-03 -3.22752919e-01 9.31134992e-02 -3.48244056e-01 -4.99002267e-02 -4.68891326e-01 -2.55372173e-01 -1.88068916e-01 9.71187747e-02 -1.53751689e-01
5.00000000e+00 -2.34184684e-01 2.27023164e-01 6.00114722e-02 -2.09744988e-01 2.79545180e-01 6.31880154e-02 3.11227583e-01 -8.18877951e-02 1.07324029e-01 -5.33895802e-01 -2.85077042e-01 -1.83837043e-01 9.32265207e-02 -5.43557742e-02 -2.19078192e-01 3.82636129e-02 3.15739484e-02 -2.99594173e-01 -5.06343315e-01 -2.90522286e-01 -2.67094566e-01 8.68973136e-02 -2.43601486e-01 -1.72485401e-01 -5.77494038e-02 -5.03218865e-01 -2.96802324e-01 -2.78698509e-01 -1.65275590e-01 2.85744191e-01 9.35104234e-02 1.75210378e-01 -1.31634298e-01 -4.27585098e-01 4.16610362e-02 -2.23472476e-01 -4.25229108e-01 3.44634233e-02 1.60132310e-01 1.83327983e-01 3.64679537e-02 -3.60208671e-01 1.09655669e-01 -3.52576714e-01 -3.49193971e-02 -4.98393839e-01 -2.56635184e-01 -1.69305031e-01 8.65382018e-02 -1.49194915e-01
5.10000000e+00 -2.80527004e-01 2.17903260e-01 1.19775978e-01 -1.80892933e-01 2.39064973e-01 4.24988211e-02 3.27889071e-01 -5.07536141e-02 1.03877840e-01 -5.53197401e-01 -2.89584634e-01 -2.04741853e-01 9.60879154e-02 -1.43291503e-02 -2.46587108e-01 1.79764899e-02 5.46559538e-02 -2.97240635e-01 -4.87833139e-01 -2.76286729e-01 -2.85347217e-01 9.01677080e-02 -2.57296951e-01 -1.70888968e-01 -4.85189478e-02 -5.21858589e-01 -2.67442309e-01 -2.99899102e-01 -1.77515326e-01 3.44749950e-01 6.55478489e-02 1.56460399e-01 -1.25068111e-01 -4.32161524e-01 5.58093151e-02 -2.27827441e-01 -4.55730755e-01 3.60629657e-02 1.41962608e-01 2.17991063e-01 6.46006205e-02 -3.88336325e-01 1.16553240e-01 -3.49221814e-01 -2.80563433e-02 -5.20508333e-01 -2.59601359e-01 -1.49104057e-01 7.21351493e-02 -1.43023056e-01
5.20000000e+00 -3.25005376e-01 2.07966472e-01 1.75866659e-01 -1.46402169e-01 1.93719925e-01 2.69596048e-02 3.38312434e-01 -1.55580617e-02 9.22353991e-02 -5.63005037e-01 -2.95724485e-01 -2.23138208e-01 9.48574666e-02 2.41608811e-02 -2.69230598e-01 -4.03439662e-03 7.38289701e-02 -2.93400543e-01 -4.65835049e-01 -2.64509838e-01 -2.99540111e-01 8.64671368e-02 -2.66482311e-01 -1.68864587e-01 -4.53108036e-02 -5.33270245e-01 -2.41571074e-01 -3.19158578e-01 -1.85454905e-01 3.94939897e-01 4.15871573e-02 1.34595489e-01 -1.18510982e-01 -4.29471675e-01 6.20380122e-02 -2.31254755e-01 -4.79052253e-01 3.38194795e-02 1.23894303e-01 2.49948789e-01 8.96501976e-02 -4.06470036e-01 1.13623737e-01 -3.38234553e-01 -2.94676732e-02 -5.34953860e-01 -2.64167092e-01 -1.27985096e-01 5.43831275e-02 -1.35400346e-01
5.30000000e+00 -3.67474511e-01 1.97589925e-01 2.27637466e-01 -1.06904504e-01 1.44571641e-01 1.64517642e-02 3.42561082e-01 2.29769527e-02 7.30104611e-02 -5.63451274e-01 -3.03653422e-01 -2.38773706e-01 8.98102789e-02 6.02051194e-02 -2.86494665e-01 -2.74045228e-02 8.86270221e-02 -2.87751764e-01 -4.40679777e-01 -2.55296655e-01 -3.09392890e-01 7.57580912e-02 -2.71089487e-01 -1.66526637e-01 -4.81558891e-02 -5.37077322e-01 -2.19902985e-01 -3.35968185e-01 -1.88734717e-01 4.35191795e-01 2.22809152e-02 1.09958527e-01 -1.12332749e-01 -4.19499742e-01 6.02966181e-02 -2.33831876e-01 -4.94923103e-01 2.74288251e-02 1.06557602e-01 2.78706042e-01 1.11339815e-01 -4.14266167e-01 1.01047755e-01 -3.19995645e-01 -3.89990660e-02 -5.41695174e-01 -2.70112284e-01 -1.06530297e-01 3.38279064e-02 -1.26526150e-01
5.40000000e+00 -4.07794730e-01 1.87106282e-01 2.74579888e-01 -6.31911157e-02 9.28328260e-02 1.06718348e-02 3.40887241e-01 6.39481603e-02 4.70772276e-02 -5.54942215e-01 -3.13368426e-01 -2.51508085e-01 8.12946845e-02 9.29623536e-02 -2.98004938e-01 -5.17384612e-02 9.86745173e-02 -2.80023212e-01 -4.12758902e-01 -2.48629438e-01 -3.14804331e-01 5.82210014e-02 -2.71200252e-01 -1.64008534e-01 -5.68949838e-02 -5.33151454e-01 -2.02963885e-01 -3.49869550e-01 -1.87162141e-01 4.64679206e-01 8.06355082e-03 8.29766020e-02 -1.06845989e-01 -4.02445998e-01 5.07646410e-02 -2.35662225e-01 -5.03242595e-01 1.67477713e-02 9.04872274e-02 3.03811247e-01 1.29525540e-01 -4.11705030e-01 7.93587074e-02 -2.95194925e-01 -5.61973705e-02 -5.40934952e-01 -2.77111806e-01 -8.53673744e-02 1.10723067e-02 -1.16629459e-01
5.50000000e+00 -4.45829818e-01 1.76794930e-01 3.16325703e-01 -1.61893913e-02 3.98331094e-02 9.15262801e-03 3.33714288e-01 1.06300635e-01 1.55372865e-02 -5.38136924e-01 -3.24711863e-01 -2.61311005e-01 6.97182213e-02 1.21681094e-01 -3.03536474e-01 -7.66171843e-02 1.03698406e-01 -2.70006841e-01 -3.82513726e-01 -2.44372717e-01 -3.15849622e-01 3.42479526e-02 -2.67042246e-01 -1.61458954e-01 -7.11847424e-02 -5.21614498e-01 -1.91078688e-01 -3.60465729e-01 -1.80715972e-01 4.82888487e-01 -8.57154551e-04 5.41522427e-02 -1.02297307e-01 -3.78723313e-01 3.38438561e-02 -2.36871007e-01 -5.04081804e-01 1.80072442e-03 7.61081008e-02 3.24868024e-01 1.44192641e-01 -3.99082007e-01 4.94200687e-02 -2.64803108e-01 -8.03333594e-02 -5.33097826e-01 -2.84751555e-01 -6.51498471e-02 -1.32404963e-02 -1.05962780e-01
5.60000000e+00 -4.81445383e-01 1.66875507e-01 3.52645362e-01 3.30649613e-02 -1.30198407e-02 1.12899362e-02 3.21613120e-01 1.48863782e-01 -2.03212300e-02 -5.13918583e-01 -3.37383143e-01 -2.68255666e-01 5.55324109e-02 1.45718623e-01 -3.03019656e-01 -1.01606184e-01 1.03537946e-01 -2.57567803e-01 -3.50422866e-01 -2.42282646e-01 -3.12771235e-01 4.42945751e-03 -2.58980453e-01 -1.59037458e-01 -9.05095813e-02 -5.02832258e-01 -1.84365866e-01 -3.67430678e-01 -1.69545198e-01 4.89625962e-01 -4.50061092e-03 2.40519691e-02 -9.88614725e-02 -3.48946822e-01 1.01440865e-02 -2.37599985e-01 -4.97681107e-01 -1.72193998e-02 6.37253976e-02 3.41545795e-01 1.55447126e-01 -3.76988609e-01 1.23910609e-02 -2.30032858e-01 -1.10434127e-01 -5.18807031e-01 -2.92548389e-01 -4.65356798e-02 -3.84446643e-02 -9.47955806e-02
5.70000000e+00 -5.14507775e-01 1.57503863e-01 3.83442297e-01 8.34595877e-02 -6.42826381e-02 1.63736701e-02 3.05273641e-01 1.90392259e-01 -5.90707840e-02 -4.83358556e-01 -3.50956154e-01 -2.72508723e-01 3.92168755e-02 1.64556831e-01 -2.96542004e-01 -1.26264221e-01 9.81517437e-02 -2.42652390e-01 -3.16988993e-01 -2.42020206e-01 -3.05963850e-01 -3.04652223e-02 -2.47504438e-01 -1.56909635e-01 -1.14199043e-01 -4.77400127e-01 -1.82738847e-01 -3.70516948e-01 -1.53962228e-01 4.85015251e-01 -3.10612722e-03 -6.70754842e-03 -9.66384799e-02 -3.13917040e-01 -1.95370304e-02 -2.38001443e-01 -4.84443275e-01 -3.99561901e-02 5.35192208e-02 3.53588985e-01 1.63503026e-01 -3.46284376e-01 -3.03178468e-02 -1.92290668e-01 -1.45323786e-01 -4.98854713e-01 -2.99973113e-01 -3.01650517e-02 -6.38698632e-02 -8.34074758e-02
5.80000000e+00 -5.44883610e-01 1.48770436e-01 4.08743547e-01 1.33839876e-01 -1.12520521e-01 2.36221455e-02 2.85472618e-01 2.29610288e-01 -9.91961622e-02 -4.47674758e-01 -3.64901621e-01 -2.74317028e-01 2.12633444e-02 1.77814407e-01 -2.84345834e-01 -1.50152485e-01 8.76218086e-02 -2.25293422e-01 -2.82725181e-01 -2.43167689e-01 -2.95954010e-01 -6.95134983e-02 -2.33211764e-01 -1.55241932e-01 -1.41450062e-01 -4.46121200e-01 -1.85914175e-01 -3.69561408e-01 -1.34430882e-01 4.69485067e-01 2.88183225e-03 -3.74753240e-02 -9.56535772e-02 -2.74596963e-01 -5.42396527e-02 -2.38231558e-01 -4.64922271e-01 -6.59004750e-02 4.55439838e-02 3.60824496e-01 1.68666094e-01 -3.08060802e-01 -7.70979258e-02 -1.53121449e-01 -1.83670824e-01 -4.74167156e-01 -3.06475534e-01 -1.66380437e-02 -8.88593661e-02 -7.20813405e-02
5.90000000e+00 -5.72439896e-01 1.40700980e-01 4.28687219e-01 1.83044886e-01 -1.56352223e-01 3.22181314e-02 2.63039286e-01 2.65257709e-01 -1.39148937e-01 -4.08185905e-01 -3.78613355e-01 -2.73991873e-01 2.16009797e-03 1.85255048e-01 -2.66821809e-01 -1.72843952e-01 7.21544309e-02 -2.05612860e-01 -2.48141335e-01 -2.45247798e-01 -2.83375346e-01 -1.11669728e-01 -2.16788122e-01 -1.54196307e-01 -1.71353400e-01 -4.09977640e-01 -1.93426031e-01 -3.64488891e-01 -1.11549583e-01 4.43748064e-01 1.28352147e-02 -6.75834248e-02 -9.58601470e-02 -2.32083867e-01 -9.28719153e-02 -2.38443460e-01 -4.39808056e-01 -9.44064241e-02 3.97324276e-02 3.63167164e-01 1.71314664e-01 -2.63598727e-01 -1.26201670e-01 -1.14147900e-01 -2.24040267e-01 -4.45766357e-01 -3.11510549e-01 -6.49304317e-03 -1.12787557e-01 -6.10965283e-02
6.00000000e+00 -5.97044763e-01 1.33259485e-01 4.43507391e-01 2.29943599e-01 -1.94493850e-01 4.13452216e-02 2.38820128e-01 2.96136013e-01 -1.77402708e-01 -3.66263361e-01 -3.91437260e-01 -2.71891470e-01 -1.76226322e-02 1.86791488e-01 -2.44498540e-01 -1.93932684e-01 5.20777936e-02 -1.83821456e-01 -2.13731171e-01 -2.47744599e-01 -2.68940359e-01 -1.55799293e-01 -1.98984836e-01 -1.53924887e-01 -2.02923376e-01 -3.70096323e-01 -2.04646528e-01 -3.55313680e-01 -8.60303777e-02 4.08771611e-01 2.59699226e-02 -9.63653547e-02 -9.71452662e-02 -1.87576703e-01 -1.34243743e-01 -2.38780273e-01 -4.09907792e-01 -1.24712482e-01 3.59040456e-02 3.60622992e-01 1.71878528e-01 -2.14320818e-01 -1.75806574e-01 -7.70069840e-02 -2.64948646e-01 -4.14729467e-01 -3.14564179e-01 -1.86654918e-04 -1.35076312e-01 -5.07223780e-02
6.10000000e+00 -6.18568749e-01 1.26353088e-01 4.53517113e-01 2.73470242e-01 -2.25800254e-01 5.02230989e-02 2.13644282e-01 3.21152666e-01 -2.12507164e-01 -3.23282336e-01 -4.02701851e-01 -2.68402432e-01 -3.76458301e-02 1.82485252e-01 -2.18028503e-01 -2.13042834e-01 2.78363021e-02 -1.60215388e-01 -1.79960180e-01 -2.50125517e-01 -2.53409854e-01 -2.00715307e-01 -1.80594454e-01 -1.54564802e-01 -2.35129921e-01 -3.27709924e-01 -2.18811022e-01 -3.42138840e-01 -5.86745155e-02 3.65741583e-01 4.13783003e-02 -1.23174895e-01 -9.93376691e-02 -1.42340116e-01 -1.77103240e-01 -2.39368397e-01 -3.76123941e-01 -1.55966440e-01 3.37775369e-02 3.53290001e-01 1.70816712e-01 -1.61740914e-01 -2.24080886e-01 -4.32858881e-02 -3.04919683e-01 -3.82147687e-01 -3.15178479e-01 1.92413192e-03 -1.55209782e-01 -4.12121741e-02
6.20000000e+00 -6.36886613e-01 1.19838706e-01 4.59090224e-01 3.12657490e-01 -2.49302483e-01 5.81403225e-02 1.88290962e-01 3.39362024e-01 -2.43139041e-01 -2.80574206e-01 -4.11749043e-01 -2.63921058e-01 -5.75130150e-02 1.72542195e-01 -1.88170664e-01 -2.29837126e-01 -1.82806437e-05 -1.35169914e-01 -1.47254960e-01 -2.51863545e-01 -2.37561205e-01 -2.45216720e-01 -1.62425206e-01 -1.56233364e-01 -2.66931898e-01 -2.84114804e-01 -2.35047523e-01 -3.25153421e-01 -3.03454196e-02 3.16020481e-01 5.80653792e-02 -1.47404816e-01 -1.02217764e-01 -9.76662306e-02 -2.20174538e-01 -2.40311347e-01 -3.39429881e-01 -1.87253809e-01 3.29867778e-02 3.41356618e-01 1.68595089e-01 -1.07412049e-01 -2.69248960e-01 -1.44598512e-02 -3.42538617e-01 -3.49086170e-01 -3.12974283e-01 -4.03156058e-04 -1.72747133e-01 -3.27977134e-02
6.30000000e+00 -6.51879566e-01 1.13531079e-01 4.60642683e-01 3.46666416e-01 -2.64240007e-01 6.44833806e-02 1.63460183e-01 3.50001337e-01 -2.68148195e-01 -2.39381650e-01 -4.17963951e-01 -2.58835185e-01 -7.68793750e-02 1.57303978e-01 -1.55770263e-01 -2.44024559e-01 -3.08387175e-02 -1.09130165e-01 -1.15994274e-01 -2.52458828e-01 -2.22156624e-01 -2.88126533e-01 -1.45275137e-01 -1.59023756e-01 -2.97310607e-01 -2.40627114e-01 -2.52409171e-01 -3.04627648e-01 -1.93997672e-03 2.61101330e-01 7.49875864e-02 -1.68504878e-01 -1.05529292e-01 -5.48354137e-02 -2.62195927e-01 -2.41684378e-01 -3.00843679e-01 -2.17628559e-01 3.30996832e-02 3.25097620e-01 1.65664695e-01 -5.28749848e-02 -3.09653886e-01 8.16581942e-03 -3.76503182e-01 -3.16546428e-01 -3.07670856e-01 -7.28509428e-03 -1.87332885e-01 -2.56846062e-02
6.40000000e+00 -6.63437884e-01 1.07211912e-01 4.58614122e-01 3.74812165e-01 -2.70086600e-01 6.87609132e-02 1.39747917e-01 3.52520477e-01 -2.86597186e-01 -2.00818165e-01 -4.20802535e-01 -2.53507326e-01 -9.54584644e-02 1.37235796e-01 -1.21736318e-01 -2.55367143e-01 -6.38969345e-02 -8.25993145e-02 -8.65020769e-02 -2.51458849e-01 -2.07912612e-01 -3.28328838e-01 -1.29906742e-01 -1.63001375e-01 -3.25302372e-01 -1.98538598e-01 -2.69908670e-01 -2.80906237e-01 2.56409079e-02 2.02558908e-01 9.10925580e-02 -1.85998542e-01 -1.08992163e-01 -1.50772646e-02 -3.01957110e-01 -2.43530142e-01 -2.61400791e-01 -2.46145179e-01 3.36392339e-02 3.04867705e-01 1.62441614e-01 3.90973148e-04 -3.43815194e-01 2.35074057e-02 -4.05669383e-01 -2.85432600e-01 -2.99101620e-01 -1.87049623e-02 -1.98704556e-01 -2.00484233e-02
6.50000000e+00 -6.71463766e-01 1.00639737e-01 4.53450285e-01 3.96584498e-01 -2.66568952e-01 7.06222097e-02 1.17626613e-01 3.46604278e-01 -2.97793000e-01 -1.65833338e-01 -4.19816031e-01 -2.48259743e-01 -1.13026310e-01 1.12910743e-01 -8.70174639e-02 -2.63685464e-01 -9.84010614e-02 -5.61244501e-02 -5.90427229e-02 -2.48476474e-01 -1.95471712e-01 -3.64803492e-01 -1.17022871e-01 -1.68200969e-01 -3.50029154e-01 -1.59073567e-01 -2.86553519e-01 -2.54400025e-01 5.15215188e-02 1.41999930e-01 1.05358678e-01 -1.99497858e-01 -1.12315982e-01 2.04669353e-02 -3.38334445e-01 -2.45855575e-01 -2.22126420e-01 -2.71891008e-01 3.41058787e-02 2.81092859e-01 1.59289177e-01 5.10132632e-02 -3.70479642e-01 3.07462108e-02 -4.29090455e-01 -2.56522764e-01 -2.87225308e-01 -3.45096614e-02 -2.06697409e-01 -1.60317632e-02
6.60000000e+00 -6.75874361e-01 9.35601702e-02 4.45586931e-01 4.11662510e-01 -2.53677368e-01 6.98693216e-02 9.74317851e-02 3.32186672e-01 -3.01309845e-01 -1.35185037e-01 -4.14671228e-01 -2.43361998e-01 -1.29422874e-01 8.49913399e-02 -5.25767838e-02 -2.68862925e-01 -1.33514453e-01 -3.02805488e-02 -3.38184295e-02 -2.43205241e-01 -1.85377568e-01 -3.96657252e-01 -1.07244677e-01 -1.74624667e-01 -3.70726198e-01 -1.23348488e-01 -3.01380873e-01 -2.25576161e-01 7.48793562e-02 8.10137676e-02 1.16832991e-01 -2.08716037e-01 -1.15213749e-01 5.07791215e-02 -3.70323114e-01 -2.48630157e-01 -1.84008343e-01 -2.94017737e-01 3.40004758e-02 2.54259767e-01 1.56503116e-01 9.77659818e-02 -3.88663341e-01 2.93621773e-02 -4.46047661e-01 -2.30446264e-01 -2.72132062e-01 -5.44111293e-02 -2.11246178e-01 -1.37422956e-02
6.70000000e+00 -6.76604854e-01 8.57162113e-02 4.35435732e-01 4.19923047e-01 -2.31668138e-01 6.64623888e-02 7.93550995e-02 3.09456065e-01 -2.97002280e-01 -1.09419377e-01 -4.05165882e-01 -2.39021403e-01 -1.44550915e-01 5.42087988e-02 -1.93663326e-02 -2.70848532e-01 -1.68376204e-01 -5.65304317e-03 -1.09690297e-02 -2.35431363e-01 -1.78054175e-01 -4.23150413e-01 -1.01092263e-01 -1.82240984e-01 -3.86765816e-01 -9.23355042e-02 -3.13490889e-01 -1.94947118e-01 9.49710835e-02 2.11252879e-02 1.24666214e-01 -2.13477293e-01 -1.17415237e-01 7.49955893e-02 -3.97065252e-01 -2.51785642e-01 -1.47970961e-01 -3.11771020e-01 3.28469270e-02 2.24903564e-01 1.54300207e-01 1.39603213e-01 -3.97683848e-01 1.91564738e-02 -4.56071897e-01 -2.07667744e-01 -2.54044193e-01 -7.79922775e-02 -2.12383785e-01 -1.32517978e-02
6.80000000e+00 -6.73611496e-01 7.68582521e-02 4.23372560e-01 4.21442557e-01 -2.01057479e-01 6.05180491e-02 6.34441352e-02 2.78851780e-01 -2.85008267e-01 -8.88590610e-02 -3.91238703e-01 -2.35376679e-01 -1.58372405e-01 2.13406937e-02 1.16979537e-02 -2.69658148e-01 -2.02122615e-01 1.71804838e-02 9.42607561e-03 -2.25042052e-01 -1.73790037e-01 -4.43718076e-01 -9.89686156e-02 -1.90984846e-01 -3.97676547e-01 -6.68310864e-02 -3.22077509e-01 -1.63058803e-01 1.11155581e-01 -3.62487630e-02 1.28143672e-01 -2.13723596e-01 -1.18679545e-01 9.24333987e-02 -4.17873226e-01 -2.55217307e-01 -1.14851311e-01 -3.24517206e-01 3.02136716e-02 1.93594304e-01 1.52810736e-01 1.75684807e-01 -3.97181182e-01 2.62239483e-04 -4.58955461e-01 -1.88478348e-01 -2.33311548e-01 -1.04717315e-01 -2.10237103e-01 -1.45961766e-02
6.90000000e+00 -6.66874486e-01 6.67535149e-02 4.09728479e-01 4.16492340e-01 -1.62607236e-01 5.23010788e-02 4.96086976e-02 2.41051680e-01 -2.65742136e-01 -7.36003437e-02 -3.72973634e-01 -2.32494952e-01 -1.70902728e-01 -1.28122705e-02 3.97602683e-02 -2.65374147e-01 -2.33909045e-01 3.76688928e-02 2.73439237e-02 -2.12029928e-01 -1.72727772e-01 -4.57985408e-01 -1.01147308e-01 -2.00758663e-01 -4.03157082e-01 -4.74308297e-02 -3.26455685e-01 -1.30478102e-01 1.22913397e-01 -8.98385181e-02 1.26711156e-01 -2.09518117e-01 -1.18806398e-01 1.02611208e-01 -4.32247378e-01 -2.58786700e-01 -8.53777361e-02 -3.31766263e-01 2.57332547e-02 1.60922556e-01 1.52075025e-01 2.05393962e-01 -3.87127166e-01 -2.68568854e-02 -4.54753686e-01 -1.72994206e-01 -2.10401619e-01 -1.33946167e-01 -2.05019965e-01 -1.77764344e-02
7.00000000e+00 -6.56400610e-01 5.51946545e-02 3.94783606e-01 4.05527387e-01 -1.17302771e-01 4.22096758e-02 3.76333057e-02 1.96951422e-01 -2.39877775e-01 -6.35185586e-02 -3.50598321e-01 -2.30372125e-01 -1.82202986e-01 -4.74496623e-02 6.40472076e-02 -2.58143493e-01 -2.62931540e-01 5.53057628e-02 4.28121966e-02 -1.96493404e-01 -1.74859467e-01 -4.65776458e-01 -1.07764310e-01 -2.11434407e-01 -4.03084524e-01 -3.45111962e-02 -3.26084235e-01 -9.77801464e-02 1.29862015e-01 -1.38553780e-01 1.19994866e-01 -2.01045187e-01 -1.17645763e-01 1.05263883e-01 -4.39887759e-01 -2.62325808e-01 -6.01518031e-02 -3.33190128e-01 1.91192538e-02 1.27484565e-01 1.52044015e-01 2.28346240e-01 -3.67822909e-01 -6.14203669e-02 -4.43776554e-01 -1.61162066e-01 -1.85884768e-01 -1.64952554e-01 -1.97023668e-01 -2.27605155e-02
7.10000000e+00 -6.42225534e-01 4.20073104e-02 3.78763921e-01 3.89169237e-01 -6.63238074e-02 3.07550498e-02 2.71952140e-02 1.47636132e-01 -2.08322739e-01 -5.82818371e-02 -3.24476931e-01 -2.28936470e-01 -1.92370801e-01 -8.17941785e-02 8.38877010e-02 -2.48174265e-01 -2.88447664e-01 6.96467388e-02 5.59019346e-02 -1.78633097e-01 -1.80027930e-01 -4.67116284e-01 -1.18814139e-01 -2.22856666e-01 -3.97516736e-01 -2.82187702e-02 -3.20583622e-01 -6.55356394e-02 1.31766498e-01 -1.81509951e-01 1.07814820e-01 -1.88606751e-01 -1.15105475e-01 1.00350432e-01 -4.40699548e-01 -2.65642539e-01 -3.96339961e-02 -3.28635825e-01 1.01799482e-02 9.38674473e-02 1.52583825e-01 2.44390015e-01 -3.39884661e-01 -1.02356005e-01 -4.26570758e-01 -1.52771655e-01 -1.60415100e-01 -1.96945148e-01 -1.86605328e-01 -2.94859361e-02
7.20000000e+00 -6.24415697e-01 2.70564437e-02 3.61840945e-01 3.68183446e-01 -1.10091556e-02 1.85362063e-02 1.78871071e-02 9.43455039e-02 -1.72184268e-01 -5.73723437e-02 -2.95097684e-01 -2.28055209e-01 -2.01530044e-01 -1.15113249e-01 9.87300555e-02 -2.35730708e-01 -3.09795925e-01 8.03253549e-02 6.67191212e-02 -1.58744473e-01 -1.87933702e-01 -4.62226429e-01 -1.34150413e-01 -2.34846571e-01 -3.86688722e-01 -2.84673382e-02 -3.09748172e-01 -3.42985393e-02 1.28545234e-01 -2.18046454e-01 9.01913401e-02 -1.72615375e-01 -1.11156585e-01 8.80550110e-02 -4.34792069e-01 -2.68527309e-01 -2.41335782e-02 -3.18132894e-01 -1.17177028e-03 6.06348849e-02 1.53483965e-01 2.53598611e-01 -3.04218704e-01 -1.48335846e-01 -4.03893062e-01 -1.47474071e-01 -1.34707721e-01 -2.29091135e-01 -1.74174487e-01 -3.78630885e-02
7.30000000e+00 -6.03069718e-01 1.02513402e-02 3.44134123e-01 3.43452496e-01 4.71834769e-02 6.21099650e-03 9.24341477e-03 3.84336309e-02 -1.32728496e-01 -6.01140839e-02 -2.63055664e-01 -2.27543681e-01 -2.09819973e-01 -1.46738739e-01 1.08155660e-01 -2.21126950e-01 -3.26413272e-01 8.70667795e-02 7.53955403e-02 -1.37207049e-01 -1.98147542e-01 -4.51513950e-01 -1.53490756e-01 -2.47206484e-01 -3.71003199e-01 -3.49428427e-02 -2.93552395e-01 -4.59439670e-03 1.20270665e-01 -2.47737261e-01 6.73444610e-02 -1.53583980e-01 -1.05836259e-01 6.87809997e-02 -4.22471512e-01 -2.70760533e-01 -1.38029052e-02 -3.01894859e-01 -1.49126070e-02 2.83137470e-02 1.54468820e-01 2.56254735e-01 -2.61986320e-01 -1.97821448e-01 -3.76676101e-01 -1.44805304e-01 -1.09513240e-01 -2.60541395e-01 -1.60178454e-01 -4.77790846e-02
7.40000000e+00 -5.78319278e-01 -8.45078810e-03 3.25715641e-01 3.15945075e-01 1.06721277e-01 -5.53534956e-03 7.69051517e-04 -1.86749798e-02 -9.13343678e-02 -6.57061167e-02 -2.29031656e-01 -2.27176633e-01 -2.17384265e-01 -1.76084153e-01 1.11888989e-01 -2.04719528e-01 -3.37850138e-01 8.96989778e-02 8.20793311e-02 -1.14470612e-01 -2.10127863e-01 -4.35554456e-01 -1.76425858e-01 -2.59725301e-01 -3.51015693e-01 -4.71159980e-02 -2.72151307e-01 2.30903870e-02 1.07165060e-01 -2.70393416e-01 3.96863494e-02 -1.32112577e-01 -9.92481359e-02 4.31383198e-02 -4.04227657e-01 -2.72120755e-01 -8.63633652e-03 -2.80314624e-01 -3.09074094e-02 -2.61793099e-03 1.55211836e-01 2.52828022e-01 -2.14560202e-01 -2.49116863e-01 -3.45988043e-01 -1.44213778e-01 -8.55905032e-02 -2.90456474e-01 -1.45086850e-01 -5.91019968e-02
7.50000000e+00 -5.50329445e-01 -2.90426212e-02 3.06617293e-01 2.86682814e-01 1.66042252e-01 -1.60228947e-02 -8.03071027e-03 -7.55316075e-02 -4.94439411e-02 -7.32598154e-02 -1.93767895e-01 -2.26701091e-01 -2.24360422e-01 -2.02658852e-01 1.09803651e-01 -1.86898920e-01 -3.43782614e-01 8.81608668e-02 8.69256709e-02 -9.10390032e-02 -2.23242448e-01 -4.15069794e-01 -2.02432352e-01 -2.72184205e-01 -3.27414673e-01 -6.42620990e-02 -2.45874817e-01 4.83181399e-02 8.95915279e-02 -2.86057698e-01 7.80705880e-03 -1.08872385e-01 -9.15601249e-02 1.19244262e-02 -3.80715114e-01 -2.72393115e-01 -8.47375375e-03 -2.53953949e-01 -4.89121059e-02 -3.17412548e-02 1.55351788e-01 2.43946790e-01 -1.63473999e-01 -3.00427384e-01 -3.12987762e-01 -1.45090671e-01 -6.36786053e-02 -3.18032460e-01 -1.29375917e-01 -7.16853419e-02
7.60000000e+00 -5.19298402e-01 -5.14659459e-02 2.86838986e-01 2.56705624e-01 2.23601784e-01 -2.46095150e-02 -1.76205676e-02 -1.30710062e-01 -8.51089740e-03 -8.18386911e-02 -1.58041707e-01 -2.25850186e-01 -2.30870019e-01 -2.26078861e-01 1.01924350e-01 -1.68080311e-01 -3.44021381e-01 8.25071249e-02 9.00880036e-02 -6.74521244e-02 -2.36793596e-01 -3.90901211e-01 -2.30889080e-01 -2.84362676e-01 -3.00997429e-01 -8.54873203e-02 -2.15216460e-01 7.07081360e-02 6.80406603e-02 -2.94991840e-01 -2.75458321e-02 -8.45877635e-02 -8.29997494e-02 -2.39004296e-02 -3.52729707e-01 -2.71377874e-01 -1.30085586e-02 -2.23527294e-01 -6.85809372e-02 -5.87047562e-02 1.54510417e-01 2.30365242e-01 -1.10366873e-01 -3.49921959e-01 -2.78877315e-01 -1.46801686e-01 -4.44692581e-02 -3.42525905e-01 -1.13513088e-01 -8.53726553e-02
7.70000000e+00 -4.85456590e-01 -7.56121990e-02 2.66358381e-01 2.27036837e-01 2.77918259e-01 -3.07219222e-02 -2.84070348e-02 -1.82852290e-01 3.00509054e-02 -9.04992218e-02 -1.22638122e-01 -2.24357332e-01 -2.37010200e-01 -2.46074004e-01 8.84247261e-02 -1.48693811e-01 -3.38517133e-01 7.29094232e-02 9.17102000e-02 -4.42668373e-02 -2.50045765e-01 -3.63978930e-01 -2.61096184e-01 -2.96044574e-01 -2.72642480e-01 -1.09760590e-01 -1.80816923e-01 8.99432838e-02 4.31132908e-02 -2.97656946e-01 -6.54929496e-02 -6.00165004e-02 -7.38471850e-02 -6.32428742e-02 -3.21180846e-01 -2.68898653e-01 -2.17998878e-02 -1.89880535e-01 -8.94777263e-02 -8.32304226e-02 1.52310682e-01 2.12927521e-01 -5.69251239e-02 -3.95796998e-01 -2.44853569e-01 -1.48718903e-01 -2.85805990e-02 -3.63276934e-01 -9.79423274e-02 -1.00002001e-01
7.80000000e+00 -4.49065267e-01 -1.01324241e-01 2.45141160e-01 1.98649311e-01 3.27616311e-01 -3.38839068e-02 -4.07130654e-02 -2.30711219e-01 6.49169969e-02 -9.83311129e-02 -8.83225199e-02 -2.21970106e-01 -2.42846792e-01 -2.62491175e-01 6.96211855e-02 -1.29174406e-01 -3.27362324e-01 5.96539561e-02 9.19199926e-02 -2.20374935e-02 -2.62254660e-01 -3.35289230e-01 -2.92296412e-01 -3.07024074e-01 -2.43279477e-01 -1.35949937e-01 -1.43442975e-01 1.05775167e-01 1.55000054e-02 -2.94687972e-01 -1.05053299e-01 -3.59290125e-02 -6.44262517e-02 -1.04910082e-01 -2.87060788e-01 -2.64810115e-01 -3.42886552e-02 -1.53965240e-01 -1.11090783e-01 -1.05117317e-01 1.48394880e-01 1.92530070e-01 -4.82300397e-03 -4.36339317e-01 -2.12060891e-01 -1.50251345e-01 -1.65334529e-02 -3.79729759e-01 -8.30707354e-02 -1.15410272e-01
7.90000000e+00 -4.10414495e-01 -1.28399234e-01 2.23151395e-01 1.72433684e-01 3.71466246e-01 -3.37406281e-02 -5.47565835e-02 -2.73189316e-01 9.48982314e-02 -1.04495459e-01 -5.58143806e-02 -2.18463234e-01 -2.48409314e-01 -2.75293728e-01 4.59629232e-02 -1.09951876e-01 -3.10789162e-01 4.31352735e-02 9.08239635e-02 -1.29681009e-03 -2.72696698e-01 -3.05840167e-01 -3.23697937e-01 -3.17111276e-01 -2.13857599e-01 -1.62862081e-01 -1.03962565e-01 1.18027361e-01 -1.40418759e-02 -2.86863300e-01 -1.45177819e-01 -1.30870775e-02 -5.50936746e-02 -1.47646378e-01 -2.51411818e-01 -2.59004764e-01 -4.98169183e-02 -1.16809314e-01 -1.32850909e-01 -1.24242718e-01 1.42441879e-01 1.70083800e-01 4.43351564e-02 -4.69985953e-01 -1.81546691e-01 -1.50873007e-01 -8.73097863e-03 -3.91449899e-01 -6.92568238e-02 -1.31437155e-01
8.00000000e+00 -3.69820595e-01 -1.56592468e-01 2.00361512e-01 1.49169790e-01 4.08418417e-01 -3.00779420e-02 -7.06338961e-02 -3.09371534e-01 1.18981499e-01 -1.08259381e-01 -2.57631439e-02 -2.13650145e-01 -2.53688087e-01 -2.84557063e-01 1.80184580e-02 -9.14409625e-02 -2.89163902e-01 2.38465327e-02 8.85042960e-02 1.74622087e-02 -2.80697762e-01 -2.76627113e-01 -3.54497959e-01 -3.26137281e-01 -1.85313502e-01 -1.89283918e-01 -6.33169530e-02 1.26597005e-01 -4.47130508e-02 -2.75070592e-01 -1.84785139e-01 7.77728408e-03 -4.62269890e-02 -1.90171622e-01 -2.15292407e-01 -2.51418632e-01 -6.76499629e-02 -7.94849625e-02 -1.54151854e-01 -1.40560800e-01 1.34182783e-01 1.46477515e-01 8.90694567e-02 -4.95378748e-01 -1.54221520e-01 -1.50147175e-01 -5.44250307e-03 -3.98137506e-01 -5.68008370e-02 -1.47928632e-01
8.10000000e+00 -3.27623110e-01 -1.85621991e-01 1.76761377e-01 1.29502213e-01 4.37631452e-01 -2.28359520e-02 -8.83087523e-02 -3.38551493e-01 1.36363814e-01 -1.09025859e-01 1.27292478e-03 -2.07392598e-01 -2.58633559e-01 -2.90460632e-01 -1.35409023e-02 -7.40320146e-02 -2.62977565e-01 2.36641291e-03 8.50174133e-02 3.38026585e-02 -2.85660178e-01 -2.48599282e-01 -3.83906361e-01 -3.33958571e-01 -1.58539893e-01 -2.14024502e-01 -2.24908224e-02 1.31454630e-01 -7.56978819e-02 -2.60270196e-01 -2.22798321e-01 2.59821543e-02 -3.82115126e-02 -2.31220169e-01 -1.79743463e-01 -2.42035599e-01 -8.70004222e-02 -4.30750174e-02 -1.74372486e-01 -1.54098964e-01 1.23414408e-01 1.22543949e-01 1.28073676e-01 -5.11411783e-01 -1.30825205e-01 -1.47746051e-01 -6.79218323e-03 -3.99636354e-01 -4.59374049e-02 -1.64739932e-01
8.20000000e+00 -2.84181320e-01 -2.15173861e-01 1.52366071e-01 1.13920745e-01 4.58493496e-01 -1.21161983e-02 -1.07607579e-01 -3.60250054e-01 1.46478645e-01 -1.06357684e-01 2.48440850e-02 -1.99608009e-01 -2.63157847e-01 -2.93276685e-01 -4.79601653e-02 -5.80823704e-02 -2.32833345e-01 -2.06569510e-02 8.03945472e-02 4.73578595e-02 -2.87086954e-01 -2.22628363e-01 -4.11168661e-01 -3.40460530e-01 -1.34355781e-01 -2.35956125e-01 1.75186163e-02 1.32642316e-01 -1.06190083e-01 -2.43457428e-01 -2.58181305e-01 4.09146920e-02 -3.14268355e-02 -2.69579195e-01 -1.45755718e-01 -2.30890189e-01 -1.07053684e-01 -8.63871656e-03 -1.92899863e-01 -1.64951992e-01 1.10010043e-01 9.90296719e-02 1.60257579e-01 -5.17270020e-01 -1.11900277e-01 -1.43464919e-01 -1.27529559e-02 -3.95938176e-01 -3.68307322e-02 -1.81737861e-01
8.30000000e+00 -2.39870375e-01 -2.44907866e-01 1.27222026e-01 1.02746360e-01 4.70635842e-01 1.81784413e-03 -1.28221170e-01 -3.74225689e-01 1.49013629e-01 -9.99946925e-02 4.46220791e-02 -1.90274191e-01 -2.67138426e-01 -2.93356205e-01 -8.44217570e-02 -4.39086718e-02 -1.99431047e-01 -4.45245552e-02 7.46441842e-02 5.78427412e-02 -2.84602375e-01 -1.99480315e-01 -4.35587577e-01 -3.45559988e-01 -1.13479380e-01 -2.54053133e-01 5.57325155e-02 1.30270286e-01 -1.35417602e-01 -2.25625077e-01 -2.89973846e-01 5.20481790e-02 -2.62332966e-02 -3.04125191e-01 -1.14239320e-01 -2.18068697e-01 -1.26993802e-01 2.28219381e-02 -2.09152370e-01 -1.73274310e-01 9.39271101e-02 7.65698711e-02 1.84780877e-01 -5.12457820e-01 -9.77736232e-02 -1.37230301e-01 -2.31460306e-02 -3.87182199e-01 -2.95724383e-02 -1.98802457e-01
8.40000000e+00 -1.95077099e-01 -2.74463550e-01 1.01411231e-01 9.61231152e-02 4.73938619e-01 1.85470257e-02 -1.49712826e-01 -3.80476388e-01 1.43919135e-01 -8.98636987e-02 6.04082664e-02 -1.79431359e-01 -2.70423787e-01 -2.91112546e-01 -1.22068002e-01 -3.17803069e-02 -1.63548974e-01 -6.85070822e-02 6.77562555e-02 6.50621230e-02 -2.77968228e-01 -1.79791218e-01 -4.56542539e-01 -3.49206696e-01 -9.65045666e-02 -2.67427166e-01 9.12202690e-02 1.24512047e-01 -1.62665898e-01 -2.07727405e-01 -3.17323748e-01 5.89566382e-02 -2.29589135e-02 -3.33857504e-01 -8.59965320e-02 -2.03708580e-01 -1.46029115e-01 5.03941409e-02 -2.22602073e-01 -1.79270669e-01 7.52114232e-02 5.56688773e-02 2.01077747e-01 -4.96816392e-01 -8.85470103e-02 -1.29101816e-01 -3.76459699e-02 -3.73649911e-01 -2.41820676e-02 -2.15827947e-01
8.50000000e+00 -1.50195544e-01 -3.03466405e-01 7.50533517e-02 9.40161789e-02 4.68528470e-01 3.75093371e-02 -1.71532679e-01 -3.79233130e-01 1.31407496e-01 -7.60808335e-02 7.21367006e-02 -1.67181332e-01 -2.72840801e-01 -2.87003376e-01 -1.60024327e-01 -2.19141304e-02 -1.26023781e-01 -9.18667961e-02 5.97078483e-02 6.89156454e-02 -2.67095074e-01 -1.64047979e-01 -4.73506588e-01 -3.51383668e-01 -8.38816541e-02 -2.75357702e-01 1.23127425e-01 1.15598283e-01 -1.87298880e-01 -1.90646885e-01 -3.39515339e-01 6.13265991e-02 -2.18872174e-02 -3.57927893e-01 -6.16984112e-02 -1.87996104e-01 -1.63416793e-01 7.32835073e-02 -2.32795450e-01 -1.83185638e-01 5.39979353e-02 3.66869953e-02 2.08871191e-01 -4.70529623e-01 -8.40967301e-02 -1.19267735e-01 -5.57911858e-02 -3.55755224e-01 -2.06101975e-02 -2.32723029e-01
8.60000000e+00 -1.05622346e-01 -3.31534094e-01 4.83056714e-02 9.62159727e-02 4.54768419e-01 5.80188166e-02 -1.93037682e-01 -3.70945311e-01 1.11943023e-01 -5.89462912e-02 7.98721159e-02 -1.53684042e-01 -2.74203459e-01 -2.81511582e-01 -1.97422514e-01 -1.44705799e-02 -8.77288537e-02 -1.13880097e-01 5.04701477e-02 6.93992423e-02 -2.52048145e-01 -1.52574463e-01 -4.86060165e-01 -3.52106392e-01 -7.59031207e-02 -2.77316872e-01 1.50700761e-01 1.03809671e-01 -2.08776860e-01 -1.75164744e-01 -3.55993229e-01 5.89656721e-02 -2.32464121e-02 -3.75665215e-01 -4.18661410e-02 -1.71162300e-01 -1.78485554e-01 9.08395946e-02 -2.39371749e-01 -1.85292320e-01 3.05079653e-02 1.98339767e-02 2.08176878e-01 -4.34118160e-01 -8.40823049e-02 -1.08034475e-01 -7.69994748e-02 -3.34030394e-01 -1.87439787e-02 -2.49410481e-01
8.70000000e+00 -6.17519609e-02 -3.58282614e-01 2.13608842e-02 1.02348196e-01 4.33240406e-01 7.92898441e-02 -2.13516478e-01 -3.56258739e-01 8.62233017e-02 -3.89317614e-02 8.38029900e-02 -1.39151519e-01 -2.74322595e-01 -2.75125794e-01 -2.33423349e-01 -9.55126314e-03 -4.95518117e-02 -1.33860016e-01 4.00162524e-02 6.66031702e-02 -2.33047685e-01 -1.45523486e-01 -4.93901418e-01 -3.51420908e-01 -7.26947350e-02 -2.72987764e-01 1.73309758e-01 8.94688435e-02 -2.26670985e-01 -1.61936243e-01 -3.66380600e-01 5.18076860e-02 -2.72002332e-02 -3.86594480e-01 -2.68575642e-02 -1.53477327e-01 -1.90655869e-01 1.02576870e-01 -2.42078255e-01 -1.85880727e-01 5.04305713e-03 5.16919115e-03 1.99296493e-01 -3.88422016e-01 -8.79638148e-02 -9.58105334e-02 -1.00588019e-01 -3.09108182e-01 -1.84148617e-02 -2.65826179e-01
8.80000000e+00 -1.89718595e-02 -3.83332288e-01 -5.55714425e-03 1.11889310e-01 4.04721209e-01 1.00465901e-01 -2.32218184e-01 -3.35987151e-01 5.51525211e-02 -1.66611075e-02 8.42300446e-02 -1.23839663e-01 -2.73016152e-01 -2.68321234e-01 -2.67238020e-01 -7.19805379e-03 -1.23717769e-02 -1.51177931e-01 2.83294642e-02 6.07067439e-02 -2.10463693e-01 -1.42874834e-01 -4.96852769e-01 -3.49400841e-01 -7.42123599e-02 -2.62275635e-01 1.90463832e-01 7.29317361e-02 -2.40673745e-01 -1.51471465e-01 -3.70491427e-01 3.99142508e-02 -3.38408236e-02 -3.90449744e-01 -1.68592794e-02 -1.35243421e-01 -1.99457049e-01 1.08190427e-01 -2.40781898e-01 -1.85246273e-01 -2.20242542e-02 -7.39171150e-03 1.82801026e-01 -3.34572410e-01 -9.50270913e-02 -8.30855894e-02 -1.25797109e-01 -2.81700871e-01 -1.94081869e-02 -2.81917585e-01
8.90000000e+00 2.23422732e-02 -4.06313541e-01 -3.21994401e-02 1.24186874e-01 3.70152686e-01 1.20651694e-01 -2.48383930e-01 -3.11078395e-01 1.98079065e-02 7.11490550e-03 8.15507125e-02 -1.08038187e-01 -2.70119529e-01 -2.61541534e-01 -2.98147690e-01 -7.39368805e-03 2.29629658e-02 -1.65283780e-01 1.54116182e-02 5.19700476e-02 -1.84805279e-01 -1.44439342e-01 -4.94863589e-01 -3.46143478e-01 -8.02445138e-02 -2.45311674e-01 2.01824851e-01 5.45785414e-02 -2.50605288e-01 -1.44122111e-01 -3.68336269e-01 2.34727158e-02 -4.31838768e-02 -3.87180459e-01 -1.18844804e-02 -1.16786646e-01 -2.04540697e-01 1.07565908e-01 -2.35476732e-01 -1.83678791e-01 -5.02623746e-02 -1.80641027e-02 1.59504750e-01 -2.73953902e-01 -1.04415719e-01 -7.04057268e-02 -1.51816699e-01 -2.52576871e-01 -2.14742521e-02 -2.97641809e-01
9.00000000e+00 6.18312474e-02 -4.26872410e-01 -5.82995201e-02 1.38483951e-01 3.30607446e-01 1.38947412e-01 -2.61279883e-01 -2.82576612e-01 -1.85994623e-02 3.15488083e-02 7.62402576e-02 -9.20592019e-02 -2.65495532e-01 -2.55182163e-01 -3.25520699e-01 -1.00638129e-02 5.56562900e-02 -1.75724119e-01 1.29100965e-03 4.07229981e-02 -1.56705003e-01 -1.49868782e-01 -4.88008981e-01 -3.41765035e-01 -9.04205808e-02 -2.22449237e-01 2.07214606e-01 3.48045193e-02 -2.56415410e-01 -1.40074652e-01 -3.60121473e-01 2.79060145e-03 -5.51662211e-02 -3.76951141e-01 -1.17765286e-02 -9.84476953e-02 -2.05690139e-01 1.00783313e-01 -2.26286971e-01 -1.81452507e-01 -7.91947872e-02 -2.71763250e-02 1.30430994e-01 -2.08158221e-01 -1.15168537e-01 -5.83458541e-02 -1.77814798e-01 -2.22535719e-01 -2.43404280e-02 -3.12963343e-01
9.10000000e+00 9.91569328e-02 -4.44675744e-01 -8.35821717e-02 1.53946694e-01 2.87251217e-01 1.54483776e-01 -2.70230387e-01 -2.51581893e-01 -5.87679726e-02 5.57303532e-02 6.88303495e-02 -7.62249481e-02 -2.59043490e-01 -2.49576017e-01 -3.48826965e-01 -1.50804003e-02 8.49839427e-02 -1.82157382e-01 -1.39705196e-02 2.73522308e-02 -1.26898742e-01 -1.58671173e-01 -4.76484776e-01 -3.36395279e-01 -1.04224368e-01 -1.94252705e-01 2.06617101e-01 1.40108888e-02 -2.58181263e-01 -1.39349894e-01 -3.46241872e-01 -2.17133115e-02 -6.96459355e-02 -3.60134413e-01 -1.62180625e-02 -8.05720646e-02 -2.02825575e-01 8.81145339e-02 -2.13465436e-01 -1.78817294e-01 -1.08315819e-01 -3.51471736e-02 9.67710822e-02 -1.38931464e-01 -1.26261126e-01 -4.74805494e-02 -2.02966633e-01 -1.92382331e-01 -2.77238534e-02 -3.27851600e-01
9.20000000e+00 1.34006614e-01 -4.59416108e-01 -1.07773010e-01 1.69694119e-01 2.41303245e-01 1.66456528e-01 -2.74649861e-01 -2.19208974e-01 -9.93513364e-02 7.87228410e-02 5.98859886e-02 -6.08552259e-02 -2.50707082e-01 -2.44981663e-01 -3.67649205e-01 -2.22664047e-02 1.10311112e-01 -1.84365851e-01 -3.02717474e-02 1.22863502e-02 -9.62018131e-02 -1.70230913e-01 -4.60598963e-01 -3.30171698e-01 -1.21012531e-01 -1.61479351e-01 2.00175678e-01 -7.40397728e-03 -2.56100922e-01 -1.41808823e-01 -3.27267242e-01 -4.95209544e-02 -8.64050079e-02 -3.37297686e-01 -2.47452718e-02 -6.34998950e-02 -1.96004811e-01 7.00146978e-02 -1.97387405e-01 -1.75991525e-01 -1.37107406e-01 -4.24599503e-02 5.98380479e-02 -6.81165896e-02 -1.36649620e-01 -3.83546055e-02 -2.26483474e-01 -1.62901386e-01 -3.13442309e-02 -3.42278372e-01
9.30000000e+00 1.66097078e-01 -4.70816366e-01 -1.30608373e-01 1.84828988e-01 1.93996124e-01 1.74159013e-01 -2.74072098e-01 -1.86546512e-01 -1.39005315e-01 9.96004456e-02 4.99817241e-02 -4.62550706e-02 -2.40480529e-01 -2.41574606e-01 -3.81690732e-01 -3.14015113e-02 1.31107375e-01 -1.82263863e-01 -4.74678561e-02 -4.01986182e-03 -6.54821671e-02 -1.83832978e-01 -4.40759903e-01 -3.23233453e-01 -1.40037235e-01 -1.25054868e-01 1.88185169e-01 -2.90528559e-02 -2.50483149e-01 -1.47164362e-01 -3.03923045e-01 -8.00296319e-02 -1.05154460e-01 -3.09183952e-01 -3.67667958e-02 -4.75558377e-02 -1.85419594e-01 4.71075733e-02 -1.78540049e-01 -1.73156748e-01 -1.65056200e-01 -4.96342480e-02 2.10168812e-02 2.40678423e-03 -1.45315117e-01 -3.14545716e-02 -2.47640042e-01 -1.34832720e-01 -3.49362433e-02 -3.56215345e-01
9.40000000e+00 1.95178383e-01 -4.78633960e-01 -1.51845105e-01 1.98468747e-01 1.46536438e-01 1.77011547e-01 -2.68175713e-01 -1.54618486e-01 -1.76433633e-01 1.17485107e-01 3.96781267e-02 -3.27032073e-02 -2.28412819e-01 -2.39441877e-01 -3.90779667e-01 -4.22287922e-02 1.46958627e-01 -1.75901976e-01 -6.53681425e-02 -2.11016597e-02 -3.56316119e-02 -1.98690312e-01 -4.17461759e-01 -3.15715311e-01 -1.60472260e-01 -8.60433648e-02 1.71079452e-01 -5.05672940e-02 -2.41733754e-01 -1.54998462e-01 -2.77066114e-01 -1.12568923e-01 -1.25541777e-01 -2.76687334e-01 -5.15865591e-02 -3.30392733e-02 -1.71387700e-01 2.01655196e-02 -1.57507768e-01 -1.70454325e-01 -1.91670349e-01 -5.71966922e-02 -1.82868183e-02 7.07831270e-02 -1.51306940e-01 -2.71825493e-02 -2.65799471e-01 -1.08848556e-01 -3.82611303e-02 -3.69631775e-01
9.50000000e+00 2.21037248e-01 -4.82664884e-01 -1.71269785e-01 2.09775438e-01 1.00067547e-01 1.74586442e-01 -2.56804622e-01 -1.24349144e-01 -2.10431453e-01 1.31581594e-01 2.94994494e-02 -2.04417751e-02 -2.14609744e-01 -2.38580083e-01 -3.94869528e-01 -5.44620685e-02 1.57575704e-01 -1.65466905e-01 -8.37358804e-02 -3.85003467e-02 -7.53604961e-03 -2.13973420e-01 -3.91267649e-01 -3.07741810e-01 -1.81441666e-01 -4.56128607e-02 1.49414889e-01 -7.16043950e-02 -2.30339102e-01 -1.64783787e-01 -2.47656132e-01 -1.46419315e-01 -1.47160414e-01 -2.40824210e-01 -6.84297408e-02 -2.02152169e-02 -1.54341055e-01 -9.91538106e-03 -1.34953927e-01 -1.67984110e-01 -2.16495326e-01 -6.56518873e-02 -5.66978935e-02 1.35240198e-01 -1.53783048e-01 -2.58334091e-02 -2.80434865e-01 -8.55333305e-02 -4.11169983e-02 -3.82492454e-01
9.60000000e+00 2.43500025e-01 -4.82747358e-01 -1.88706971e-01 2.17983596e-01 5.56357369e-02 1.66627639e-01 -2.39982607e-01 -9.65327512e-02 -2.39924910e-01 1.41209419e-01 1.99133511e-02 -9.66775187e-03 -1.99233619e-01 -2.38896950e-01 -3.94036263e-01 -6.77937619e-02 1.62799477e-01 -1.51277163e-01 -1.02290479e-01 -5.57784856e-02 1.79542316e-02 -2.28841113e-01 -3.62791118e-01 -2.99421882e-01 -2.02050047e-01 -4.99742267e-03 1.23850295e-01 -9.18526456e-02 -2.16847397e-01 -1.75909102e-01 -2.16723894e-01 -1.80832006e-01 -1.69561067e-01 -2.02700850e-01 -8.64709710e-02 -9.30621916e-03 -1.34810314e-01 -4.21441931e-02 -1.11599583e-01 -1.65805140e-01 -2.39128202e-01 -7.54547811e-02 -9.29205324e-02 1.94144661e-01 -1.52046052e-01 -2.75764565e-02 -2.91146666e-01 -6.53667806e-02 -4.33474886e-02 -3.94756064e-01
9.70000000e+00 2.62435198e-01 -4.78765212e-01 -2.04026095e-01 2.22425191e-01 1.41608256e-02 1.53064190e-01 -2.17921273e-01 -7.18092350e-02 -2.64005344e-01 1.45830416e-01 1.13134622e-02 -5.26425035e-04 -1.82500619e-01 -2.40216286e-01 -3.88471895e-01 -8.19030113e-02 1.62602352e-01 -1.33774531e-01 -1.20711982e-01 -7.25337494e-02 4.00531887e-02 -2.42471334e-01 -3.32676537e-01 -2.90844141e-01 -2.21413329e-01 3.45427907e-02 9.51241594e-02 -1.11036692e-01 -2.01848404e-01 -1.87707322e-01 -1.85337414e-01 -2.15049300e-01 -1.92264352e-01 -1.63478622e-01 -1.04863790e-01 -4.85543153e-04 -1.13406405e-01 -7.54670593e-02 -8.81999457e-02 -1.63938230e-01 -2.59229853e-01 -8.69855821e-02 -1.25783279e-01 2.46052242e-01 -1.45573422e-01 -3.24423984e-02 -2.97675156e-01 -4.87108431e-02 -4.48484912e-02 -4.06373991e-01
9.80000000e+00 2.77755376e-01 -4.70650942e-01 -2.17146680e-01 2.22550830e-01 -2.35878850e-02 1.34016982e-01 -1.91020907e-01 -5.06465378e-02 -2.81957115e-01 1.45070969e-01 4.00544405e-03 6.89283485e-03 -1.64675820e-01 -2.42286122e-01 -3.78475068e-01 -9.64638303e-02 1.57086158e-01 -1.13511573e-01 -1.38647843e-01 -8.84109224e-02 5.80655964e-02 -2.54090979e-01 -3.01579089e-01 -2.82073026e-01 -2.38689098e-01 7.17622574e-02 6.40299374e-02 -1.28921002e-01 -1.85952376e-01 -1.99485155e-01 -1.54567036e-01 -2.48324975e-01 -2.14774487e-01 -1.24337877e-01 -1.22770369e-01 6.12814419e-03 -9.07996652e-02 -1.08801151e-01 -6.55193754e-02 -1.62370296e-01 -2.76534671e-01 -1.00528256e-01 -1.54278578e-01 2.89750764e-01 -1.34040741e-01 -4.03162427e-02 -2.99907656e-01 -3.58007602e-02 -4.55726637e-02 -4.17289677e-01
9.90000000e+00 2.89418737e-01 -4.58388436e-01 -2.28041629e-01 2.17946574e-01 -5.70096106e-02 1.09798405e-01 -1.59864075e-01 -3.33302478e-02 -2.93278108e-01 1.38738084e-01 -1.80295003e-03 1.25583468e-02 -1.46066075e-01 -2.44789736e-01 -3.64438830e-01 -1.11153087e-01 1.46476582e-01 -9.11355733e-02 -1.55721833e-01 -1.03111648e-01 7.14106558e-02 -2.63003707e-01 -2.70144977e-01 -2.73145982e-01 -2.53105404e-01 1.05470254e-01 3.13902653e-02 -1.45312389e-01 -1.69768884e-01 -2.10553187e-01 -1.25450714e-01 -2.79944048e-01 -2.36593527e-01 -8.64416713e-02 -1.39390501e-01 1.04743780e-02 -6.76972575e-02 -1.41069524e-01 -4.43057842e-02 -1.61060144e-01 -2.90857435e-01 -1.16253472e-01 -1.77595504e-01 3.24294678e-01 -1.17337133e-01 -5.09365211e-02 -2.97880147e-01 -2.67406561e-02 -4.55315998e-02 -4.27438546e-01
1.00000000e+01 2.97429888e-01 -4.42015321e-01 -2.36738432e-01 2.08345859e-01 -8.56835859e-02 8.09049135e-02 -1.25202033e-01 -1.99607782e-02 -2.97692322e-01 1.26828735e-01 -6.00747472e-03 1.64953955e-02 -1.27010985e-01 -2.47359102e-01 -3.46836119e-01 -1.25658094e-01 1.31114343e-01 -6.73693741e-02 -1.71544792e-01 -1.16401616e-01 7.96418413e-02 -2.68614765e-01 -2.38992497e-01 -2.64071795e-01 -2.63987112e-01 1.34569142e-01 -1.96902097e-03 -1.60061395e-01 -1.53886324e-01 -2.20255281e-01 -9.89606156e-02 -3.09241368e-01 -2.57235710e-01 -5.09004554e-02 -1.53988900e-01 1.25526659e-02 -4.48196169e-02 -1.71235738e-01 -2.52653438e-02 -1.59945411e-01 -3.02097141e-01 -1.34206676e-01 -1.95144602e-01 3.49030031e-01 -9.55722639e-02 -6.39009691e-02 -2.91773277e-01 -2.15036706e-02 -4.47955750e-02 -4.36748517e-01
1.01000000e+01 3.01840117e-01 -4.21624877e-01 -2.43318204e-01 1.93636256e-01 -1.09373850e-01 4.80026998e-02 -8.79343321e-02 -1.04580736e-02 -2.95154249e-01 1.09532171e-01 -8.60849476e-03 1.87830794e-02 -1.07872295e-01 -2.49590283e-01 -3.26203441e-01 -1.39683626e-01 1.11443442e-01 -4.29897237e-02 -1.85726909e-01 -1.28114990e-01 8.24623225e-02 -2.70452018e-01 -2.08694552e-01 -2.54830176e-01 -2.70778885e-01 1.58089534e-01 -3.52441996e-02 -1.73062572e-01 -1.38852758e-01 -2.27996200e-01 -7.59721524e-02 -3.35618506e-01 -2.76241442e-01 -1.87388328e-02 -1.65919919e-01 1.24223520e-02 -2.28766904e-02 -1.98337099e-01 -9.03838750e-03 -1.58950297e-01 -3.10237709e-01 -1.54301741e-01 -2.06574066e-01 3.63609161e-01 -6.90746973e-02 -7.86785290e-02 -2.81902921e-01 -1.99365836e-02 -4.34908881e-02 -4.45141107e-01
1.02000000e+01 3.02747008e-01 -3.97367448e-01 -2.47912570e-01 1.73860919e-01 -1.28027346e-01 1.19069623e-02 -4.90822626e-02 -4.57352599e-03 -2.85845034e-01 8.72251297e-02 -9.70761314e-03 1.95489059e-02 -8.90221084e-02 -2.51060159e-01 -3.03123275e-01 -1.52958187e-01 8.79968883e-02 -1.88038018e-02 -1.97891074e-01 -1.38155992e-01 7.97354550e-02 -2.68182468e-01 -1.79763150e-01 -2.45372642e-01 -2.73064063e-01 1.75221223e-01 -6.76774852e-02 -1.84253716e-01 -1.25158754e-01 -2.33266437e-01 -5.72364399e-02 -3.58558484e-01 -2.93190478e-01 9.13458820e-03 -1.74648889e-01 1.02005665e-02 -2.54475213e-03 -2.21515433e-01 3.82263451e-03 -1.57993702e-01 -3.15345588e-01 -1.76320426e-01 -2.11776830e-01 3.67994792e-01 -3.83816753e-02 -9.46272807e-02 -2.68705668e-01 -2.17687013e-02 -4.17949069e-02 -4.52533083e-01
1.03000000e+01 3.00293403e-01 -3.69451267e-01 -2.50698516e-01 1.49214820e-01 -1.41765617e-01 -2.64444968e-02 -9.75702681e-03 -1.90850575e-03 -2.70160711e-01 6.04601821e-02 -9.50003069e-03 1.89614086e-02 -7.08303921e-02 -2.51343884e-01 -2.78205810e-01 -1.65239390e-01 6.13803575e-02 4.37532654e-03 -2.07686829e-01 -1.46497674e-01 7.14900064e-02 -2.61623733e-01 -1.52636325e-01 -2.35624689e-01 -2.70578808e-01 1.85338885e-01 -9.85786028e-02 -1.93614141e-01 -1.13222755e-01 -2.35663370e-01 -4.33570788e-02 -3.77637955e-01 -3.07713888e-01 3.19533349e-02 -1.79769390e-01 6.05831660e-03 1.55554588e-02 -2.40044388e-01 1.28723591e-02 -1.56997345e-01 -3.17564442e-01 -1.99917647e-01 -2.10888464e-01 3.62453582e-01 -4.22074833e-03 -1.11017658e-01 -2.52719829e-01 -2.66246277e-02 -3.99290058e-02 -4.58838626e-01
1.04000000e+01 2.94665699e-01 -3.38142611e-01 -2.51891387e-01 1.20036022e-01 -1.50870587e-01 -6.60224027e-02 2.88762495e-02 -1.93865992e-03 -2.48693118e-01 2.99476676e-02 -8.26301179e-03 1.72211459e-02 -5.36522481e-02 -2.50032431e-01 -2.52070555e-01 -1.76318342e-01 3.22543189e-02 2.57535491e-02 -2.14804384e-01 -1.53178016e-01 5.79199697e-02 -2.50750134e-01 -1.27667869e-01 -2.25489219e-01 -2.63221063e-01 1.88021763e-01 -1.27343450e-01 -2.01162098e-01 -1.03379448e-01 -2.34907978e-01 -3.47719883e-02 -3.92536501e-01 -3.19504414e-01 4.91144247e-02 -1.81015944e-01 2.14838781e-04 3.08785703e-02 -2.53352365e-01 1.77881802e-02 -1.55893481e-01 -3.17107158e-01 -2.24632296e-01 -2.04276137e-01 3.47539551e-01 3.25160173e-02 -1.27060080e-01 -2.34562712e-01 -3.40404080e-02 -3.81496624e-02 -4.63971909e-01
1.05000000e+01 2.86091476e-01 -3.03765179e-01 -2.51736313e-01 8.67924142e-02 -1.55765145e-01 -1.05740739e-01 6.56373882e-02 -4.04291083e-03 -2.22204318e-01 -3.46807132e-03 -6.34098290e-03 1.45505124e-02 -3.78154744e-02 -2.46749549e-01 -2.25328430e-01 -1.86022939e-01 1.31517428e-03 4.45800409e-02 -2.18988124e-01 -1.58293610e-01 3.93790030e-02 -2.35693227e-01 -1.05120120e-01 -2.14851108e-01 -2.51054045e-01 1.83066743e-01 -1.53469300e-01 -2.06951465e-01 -9.58714586e-02 -2.30856552e-01 -3.17408435e-02 -4.03042865e-01 -3.28324916e-01 6.01943178e-02 -1.78271720e-01 -7.06960951e-03 4.29717480e-02 -2.61040329e-01 1.83818152e-02 -1.54631818e-01 -3.14245574e-01 -2.49903174e-01 -1.92519211e-01 3.24068168e-01 7.08042440e-02 -1.41935948e-01 -2.14905041e-01 -4.34824172e-02 -3.67380454e-02 -4.67850018e-01
1.06000000e+01 2.74836466e-01 -2.66698603e-01 -2.50498414e-01 5.00644987e-02 -1.56989402e-01 -1.44493812e-01 9.93715024e-02 -7.53591504e-03 -1.91595614e-01 -3.88372404e-02 -4.12791756e-03 1.11828398e-02 -2.36089129e-02 -2.41167550e-01 -1.98564852e-01 -1.94220046e-01 -3.07240132e-02 6.01703163e-02 -2.20049049e-01 -1.61991267e-01 1.63697246e-02 -2.16736799e-01 -8.51599749e-02 -2.03582792e-01 -2.34304185e-01 1.70494434e-01 -1.76566114e-01 -2.11067830e-01 -9.08445956e-02 -2.23507040e-01 -3.43384684e-02 -4.09057965e-01 -3.34014621e-01 6.49590318e-02 -1.71571076e-01 -1.55022875e-02 5.14886654e-02 -2.62893942e-01 1.46063406e-02 -1.53185301e-01 -3.09298364e-01 -2.75089350e-01 -1.76382354e-01 2.93082206e-01 1.09524606e-01 -1.54830784e-01 -1.94443556e-01 -5.43682772e-02 -3.59884787e-02 -4.70396099e-01
1.07000000e+01 2.61200875e-01 -2.27375989e-01 -2.48452167e-01 1.05249269e-02 -1.55173646e-01 -1.81194286e-01 1.28989329e-01 -1.17026226e-02 -1.57872452e-01 -7.51367883e-02 -2.04775805e-03 7.35129571e-03 -1.12720612e-02 -2.33021327e-01 -1.72324326e-01 -2.00816519e-01 -6.31526295e-02 7.19272559e-02 -2.17875625e-01 -1.64457961e-01 -1.04717356e-02 -1.94306571e-01 -6.78581768e-02 -1.91550680e-01 -2.13353611e-01 1.50548139e-01 -1.96363705e-01 -2.13624136e-01 -8.83467177e-02 -2.12999837e-01 -4.24543264e-02 -4.10594700e-01 -3.36493009e-01 6.33681802e-02 -1.61096901e-01 -2.47675596e-02 5.61998514e-02 -2.58889632e-01 6.55843031e-03 -1.51554460e-01 -3.02617604e-01 -2.99494134e-01 -1.56782292e-01 2.55810730e-01 1.47503906e-01 -1.64968223e-01 -1.73872842e-01 -6.60890184e-02 -3.61962075e-02 -4.71542609e-01
1.08000000e+01 2.45515085e-01 -1.86280420e-01 -2.45870370e-01 -3.10843991e-02 -1.51009093e-01 -2.14810817e-01 1.53506065e-01 -1.58334688e-02 -1.22106933e-01 -1.11304740e-01 -5.33727493e-04 3.27806771e-03 -9.86370563e-04 -2.22120114e-01 -1.47096977e-01 -2.05759126e-01 -9.52809053e-02 7.93594338e-02 -2.12442512e-01 -1.65909608e-01 -4.03953626e-02 -1.68955010e-01 -5.31918007e-02 -1.78622177e-01 -1.88727459e-01 1.23685806e-01 -2.12714592e-01 -2.14755998e-01 -8.83301747e-02 -1.99613088e-01 -5.57980517e-02 -4.07774606e-01 -3.35761207e-01 5.55729033e-02 -1.47172919e-01 -3.45372197e-02 5.69991544e-02 -2.49194482e-01 -5.52429904e-03 -1.49770103e-01 -2.94574592e-01 -3.22391672e-01 -1.34749579e-01 2.13622822e-01 1.83558283e-01 -1.71643474e-01 -1.53857511e-01 -7.80316739e-02 -3.76449141e-02 -4.71234555e-01
1.09000000e+01 2.28134798e-01 -1.43940332e-01 -2.43013185e-01 -7.39768023e-02 -1.45217607e-01 -2.44403787e-01 1.72077222e-01 -1.92586140e-02 -8.53992236e-02 -1.46275655e-01 -7.49686507e-06 -8.35707450e-04 7.13139195e-03 -2.08356572e-01 -1.23307352e-01 -2.09033348e-01 -1.26457076e-01 8.20961519e-02 -2.03816771e-01 -1.66579170e-01 -7.25603550e-02 -1.41341829e-01 -4.10497795e-02 -1.64673085e-01 -1.61076464e-01 9.05652810e-02 -2.25592603e-01 -2.14616875e-01 -9.06576434e-02 -1.83752690e-01 -7.39107841e-02 -4.00821554e-01 -3.31900892e-01 4.19078697e-02 -1.30251299e-01 -4.44812237e-02 5.39062965e-02 -2.34160110e-01 -2.12707360e-02 -1.47894188e-01 -2.85545487e-01 -3.43055108e-01 -1.11386871e-01 1.67977786e-01 2.16536905e-01 -1.74254900e-01 -1.35005830e-01 -8.96014830e-02 -4.05944406e-02 -4.69432588e-01
1.10000000e+01 2.09435555e-01 -1.00923749e-01 -2.40117834e-01 -1.17346025e-01 -1.38521650e-01 -2.69157912e-01 1.84030134e-01 -2.13801161e-02 -4.88379208e-02 -1.79017052e-01 -8.58804246e-04 -4.81870348e-03 1.30334733e-02 -1.91712941e-01 -1.01305796e-01 -2.10661193e-01 -1.56082822e-01 7.98986824e-02 -1.92161190e-01 -1.66704618e-01 -1.06060881e-01 -1.12210925e-01 -3.12411939e-02 -1.49595102e-01 -1.31155431e-01 5.20234340e-02 -2.35087377e-01 -2.13373221e-01 -9.51110669e-02 -1.65937437e-01 -9.61818556e-02 -3.90052713e-01 -3.25070735e-01 2.28777148e-02 -1.10896093e-01 -5.42785071e-02 4.70654262e-02 -2.14310768e-01 -4.01882074e-02 -1.46018843e-01 -2.75897326e-01 -3.60785173e-01 -8.78253264e-02 1.20373672e-01 2.45364469e-01 -1.72332415e-01 -1.17845825e-01 -1.00242915e-01 -4.52691632e-02 -4.66115829e-01
1.11000000e+01 1.89806824e-01 -5.78313760e-02 -2.37389035e-01 -1.60391139e-01 -1.31615455e-01 -2.88410687e-01 1.88889925e-01 -2.17006703e-02 -1.34623963e-02 -2.08564045e-01 -3.42639407e-03 -8.53657442e-03 1.67430651e-02 -1.72264086e-01 -8.13626049e-02 -2.10698205e-01 -1.83626589e-01 7.26674031e-02 -1.77734493e-01 -1.66517268e-01 -1.39953574e-01 -8.23645903e-02 -2.35059808e-02 -1.33303161e-01 -9.97983217e-02 9.04987370e-03 -2.41395113e-01 -2.11199755e-01 -1.01403268e-01 -1.46779944e-01 -1.21870137e-01 -3.75867101e-01 -3.15500592e-01 -8.61542148e-04 -8.97631419e-02 -6.36273777e-02 3.67391105e-02 -1.90325444e-01 -6.16786094e-02 -1.44263492e-01 -2.65974964e-01 -3.74938062e-01 -6.51807803e-02 7.22959823e-02 2.69080901e-01 -1.65561493e-01 -1.02804808e-01 -1.09458779e-01 -5.18474391e-02 -4.61284319e-01
1.12000000e+01 1.69645853e-01 -1.52884682e-02 -2.34990863e-01 -2.02340335e-01 -1.25138526e-01 -3.01675247e-01 1.86398908e-01 -1.98476090e-02 1.97713370e-02 -2.34050843e-01 -7.98120296e-03 -1.18972129e-02 1.83535494e-02 -1.50177236e-01 -6.36649599e-02 -2.09229646e-01 -2.08634499e-01 6.04446333e-02 -1.60888270e-01 -1.66231013e-01 -1.73285815e-01 -5.26359330e-02 -1.75276211e-02 -1.15742358e-01 -6.78907867e-02 -3.72437970e-02 -2.44805936e-01 -2.08274913e-01 -1.09191707e-01 -1.26964326e-01 -1.50129104e-01 -3.58732249e-01 -3.03483691e-01 -2.85253615e-02 -6.75771693e-02 -7.22551142e-02 2.32987826e-02 -1.63015310e-01 -8.50581806e-02 -1.42770198e-01 -2.56089567e-01 -3.84951625e-01 -4.45113161e-02 2.51684227e-02 2.86876741e-01 -1.53801799e-01 -9.01930899e-02 -1.16826756e-01 -6.04525063e-02 -4.54960950e-01
1.13000000e+01 1.49351032e-01 2.60643714e-02 -2.33040404e-01 -2.42472825e-01 -1.19652472e-01 -3.08657030e-01 1.76528590e-01 -1.55912619e-02 5.00203573e-02 -2.54738231e-01 -1.47124148e-02 -1.48538393e-02 1.80250854e-02 -1.25708446e-01 -4.83166714e-02 -2.06366082e-01 -2.30738562e-01 4.34130389e-02 -1.42060663e-01 -1.66032816e-01 -2.05123889e-01 -2.38605444e-02 -1.29472941e-02 -9.68941703e-02 -3.63411153e-02 -8.56581505e-02 -2.45688500e-01 -2.04776604e-01 -1.18093885e-01 -1.07221602e-01 -1.80034662e-01 -3.39169400e-01 -2.89366861e-01 -5.92270660e-02 -4.51069642e-02 -7.99266041e-02 7.21249704e-03 -1.33297857e-01 -1.09580015e-01 -1.41697461e-01 -2.46508907e-01 -3.90368773e-01 -2.67776947e-02 -1.96926812e-02 2.98122968e-01 -1.37099518e-01 -8.01926077e-02 -1.22012776e-01 -7.11451899e-02 -4.47192786e-01
1.14000000e+01 1.29315082e-01 6.55813959e-02 -2.31603390e-01 -2.80138114e-01 -1.15621941e-01 -3.09263621e-01 1.59483793e-01 -8.85687968e-03 7.65787734e-02 -2.70035797e-01 -2.37169663e-02 -1.74058496e-02 1.59786462e-02 -9.91959900e-02 -3.53406209e-02 -2.02238511e-01 -2.49662054e-01 2.18897895e-02 -1.21766936e-01 -1.66074847e-01 -2.34580021e-01 3.15157595e-03 -9.37903789e-03 -7.67817293e-02 -6.05055780e-03 -1.34942425e-01 -2.44472534e-01 -2.00878455e-01 -1.27703685e-01 -8.83031624e-02 -2.10615283e-01 -3.17737685e-01 -2.73539320e-01 -9.20068871e-02 -2.31395033e-02 -8.64516679e-02 -1.09708351e-02 -1.02167381e-01 -1.34458699e-01 -1.41212648e-01 -2.37449794e-01 -3.90857140e-01 -1.28080990e-02 -6.11187516e-02 3.02394055e-01 -1.15692798e-01 -7.28509029e-02 -1.24780847e-01 -8.39186646e-02 -4.38051845e-01
1.15000000e+01 1.09918170e-01 1.02622811e-01 -2.30692040e-01 -3.14772062e-01 -1.13400280e-01 -3.03607301e-01 1.35698681e-01 2.70476046e-04 9.88954730e-02 -2.79518700e-01 -3.49928738e-02 -1.95974560e-02 1.24877502e-02 -7.10509546e-02 -2.46836776e-02 -1.96993164e-01 -2.65221996e-01 -3.68328257e-03 -1.00587172e-01 -1.66468565e-01 -2.60837392e-01 2.76428833e-02 -6.42535366e-03 -5.54739335e-02 2.21160103e-02 -1.83831917e-01 -2.41629920e-01 -1.96746482e-01 -1.37608150e-01 -7.09530232e-02 -2.40883638e-01 -2.95017905e-01 -2.56420597e-01 -1.25862637e-01 -2.45364611e-03 -9.16907095e-02 -3.06402330e-02 -7.06627572e-02 -1.58896291e-01 -1.41483341e-01 -2.29073036e-01 -3.86224397e-01 -3.26845418e-03 -9.81227904e-02 2.99483400e-01 -9.00100269e-02 -6.80806252e-02 -1.24998988e-01 -9.86954671e-02 -4.27635082e-01
1.16000000e+01 9.15210314e-02 1.36566519e-01 -2.30265214e-01 -3.45909346e-01 -1.13220417e-01 -2.92000298e-01 1.05824696e-01 1.15480120e-02 1.16586779e-01 -2.82939685e-01 -4.84364617e-02 -2.15140416e-02 7.86831956e-03 -4.17454112e-02 -1.62238702e-02 -1.90786292e-01 -2.77328772e-01 -3.27531677e-02 -7.91514664e-02 -1.67280888e-01 -2.83172414e-01 4.89329962e-02 -3.69271404e-03 -3.30882032e-02 4.73580416e-02 -2.31085039e-01 -2.37655142e-01 -1.92536303e-01 -1.47404063e-01 -5.58803259e-02 -2.69868075e-01 -2.71596477e-01 -2.38447791e-01 -1.59781045e-01 1.62058284e-02 -9.55586107e-02 -5.11433061e-02 -3.98340873e-02 -1.82108817e-01 -1.42668059e-01 -2.21480959e-01 -3.76428538e-01 1.36079131e-03 -1.29925644e-01 2.89410733e-01 -6.06607649e-02 -6.56646824e-02 -1.22641082e-01 -1.15326932e-01 -4.16063548e-01
1.17000000e+01 7.44582961e-02 1.66820248e-01 -2.30230927e-01 -3.73191988e-01 -1.15190996e-01 -2.74943050e-01 7.07107430e-02 2.45839743e-02 1.29442530e-01 -2.80234761e-01 -6.38438000e-02 -2.32762561e-02 2.46704577e-03 -1.17986025e-02 -9.77946784e-03 -1.83779100e-01 -2.85983181e-01 -6.46723782e-02 -5.81230107e-02 -1.68532643e-01 -3.00973677e-01 6.64405269e-02 -8.06481931e-04 -9.79170858e-03 6.89648770e-02 -2.75518855e-01 -2.33045848e-01 -1.88390879e-01 -1.56713692e-01 -4.37334179e-02 -2.96642477e-01 -2.48050047e-01 -2.20062500e-01 -1.92768879e-01 3.21529503e-02 -9.80269175e-02 -7.18077259e-02 -1.07095357e-02 -2.03352326e-01 -1.44906831e-01 -2.14717581e-01 -3.61582990e-01 8.00708601e-04 -1.55973939e-01 2.72421133e-01 -2.84195731e-02 -6.52668475e-02 -1.17784738e-01 -1.33595051e-01 -4.03480892e-01
1.18000000e+01 5.90320914e-02 1.92834082e-01 -2.30451191e-01 -3.96373609e-01 -1.19297738e-01 -2.53105672e-01 3.13763771e-02 3.88531290e-02 1.37423986e-01 -2.71521285e-01 -8.09164854e-02 -2.50322400e-02 -3.35144433e-03 1.82383426e-02 -5.11947721e-03 -1.76132743e-01 -2.91271035e-01 -9.87183444e-02 -3.81795280e-02 -1.70199287e-01 -3.13757160e-01 7.97015466e-02 2.57525468e-03 1.41990381e-02 8.63379234e-02 -3.16041957e-01 -2.28284040e-01 -1.84438701e-01 -1.65199139e-01 -3.50763009e-02 -3.20354274e-01 -2.24930662e-01 -2.01697866e-01 -2.23882845e-01 4.47831364e-02 -9.91243739e-02 -9.19627846e-02 1.57365356e-02 -2.21947359e-01 -1.48311927e-01 -2.08771270e-01 -3.41956303e-01 -5.01766363e-03 -1.75949319e-01 2.48975749e-01 5.79681783e-03 -6.64473811e-02 -1.10605378e-01 -1.53216661e-01 -3.90051251e-01
1.19000000e+01 4.55059836e-02 2.14112953e-01 -2.30748955e-01 -4.15319589e-01 -1.25409987e-01 -2.27303359e-01 -1.10211380e-02 5.37182846e-02 1.40655266e-01 -2.57089946e-01 -9.92714022e-02 -2.69483815e-02 -9.21810006e-03 4.77986661e-02 -1.97522254e-03 -1.68003682e-01 -2.93355455e-01 -1.34114797e-01 -1.99936213e-02 -1.72213703e-01 -3.21177434e-01 8.83842171e-02 6.74934607e-03 3.86203029e-02 9.90087430e-02 -3.51683603e-01 -2.23818570e-01 -1.80792527e-01 -1.72574985e-01 -3.03678166e-02 -3.40250394e-01 -2.02751336e-01 -1.83766369e-01 -2.52257266e-01 5.35928781e-02 -9.89356458e-02 -1.10961036e-01 3.86136524e-02 -2.37301185e-01 -1.52959162e-01 -2.03579675e-01 -3.17966240e-01 -1.59527386e-02 -1.89768882e-01 2.19734578e-01 4.09582172e-02 -6.86830696e-02 -1.01366736e-01 -1.73849890e-01 -3.75956309e-01
1.20000000e+01 3.40994857e-02 2.30228620e-01 -2.30916902e-01 -4.30003382e-01 -1.33292021e-01 -1.98466821e-01 -5.52247984e-02 6.84567861e-02 1.39409786e-01 -2.37391743e-01 -1.18453967e-01 -2.91990044e-02 -1.47730533e-02 7.63166254e-02 -5.25695317e-05 -1.59539604e-01 -2.92467305e-01 -1.70054366e-01 -4.21272066e-03 -1.74470949e-01 -3.23034737e-01 9.22992301e-02 1.19570138e-02 6.31649924e-02 1.06652531e-01 -3.81618507e-01 -2.20049476e-01 -1.77548759e-01 -1.78618717e-01 -2.99444044e-02 -3.55699381e-01 -1.81973543e-01 -1.66648704e-01 -2.77128698e-01 5.81959808e-02 -9.75980576e-02 -1.28199343e-01 5.71427354e-02 -2.48927166e-01 -1.58880283e-01 -1.99036628e-01 -2.90168468e-01 -3.16596670e-02 -1.97577028e-01 1.85532029e-01 7.59545911e-02 -7.13909179e-02 -9.04081344e-02 -1.95102699e-01 -3.61391719e-01
1.21000000e+01 2.49832565e-02 2.40831000e-01 -2.30727802e-01 -4.40499172e-01 -1.42618485e-01 -1.67608761e-01 -9.99195014e-02 8.22909045e-02 1.34091714e-01 -2.13019939e-01 -1.37954324e-01 -3.19554495e-02 -1.96788030e-02 1.03243924e-01 9.55746052e-04 -1.50875912e-01 -2.88894242e-01 -2.05721765e-01 8.56073239e-03 -1.76834739e-01 -3.19277870e-01 9.14058374e-02 1.83754073e-02 8.74882672e-02 1.09096612e-01 -4.05186742e-01 -2.17314327e-01 -1.74787324e-01 -1.83178523e-01 -3.40071016e-02 -3.66208883e-01 -1.62997304e-01 -1.50684024e-01 -2.97856755e-01 5.83357319e-02 -9.52964328e-02 -1.43138440e-01 7.06799970e-02 -2.56460633e-01 -1.66056788e-01 -1.95000647e-01 -2.59240416e-01 -5.16051181e-02 -1.99729287e-01 1.47346277e-01 1.09633454e-01 -7.39546283e-02 -7.81291011e-02 -2.16543182e-01 -3.46563012e-01
1.22000000e+01 1.82750979e-02 2.45658599e-01 -2.29945984e-01 -4.46971346e-01 -1.52993150e-01 -1.35787588e-01 -1.43775864e-01 9.44209870e-02 1.25212939e-01 -1.84687473e-01 -1.57225791e-01 -3.53751001e-02 -2.36325059e-02 1.28065402e-01 1.35804987e-03 -1.42132866e-01 -2.82968746e-01 -2.40316928e-01 1.77882995e-02 -1.79145315e-01 -3.10002836e-01 8.58132441e-02 2.61115383e-02 1.11214721e-01 1.06323937e-01 -4.21908395e-01 -2.15877045e-01 -1.72571952e-01 -1.86178222e-01 -4.26130935e-02 -3.71438888e-01 -1.46153053e-01 -1.36161907e-01 -3.13940515e-01 5.38926506e-02 -9.22562902e-02 -1.55320403e-01 7.87364557e-02 -2.59670768e-01 -1.74415521e-01 -1.91304527e-01 -2.25960946e-01 -7.50888952e-02 -1.96768978e-01 1.06263501e-01 1.40839714e-01 -7.57528038e-02 -6.49720350e-02 -2.37711267e-01 -3.31681079e-01
1.23000000e+01 1.40368547e-02 2.44547586e-01 -2.28339489e-01 -4.49661338e-01 -1.63970150e-01 -1.04069741e-01 -1.85494668e-01 1.04060015e-01 1.13366990e-01 -1.53201228e-01 -1.75704682e-01 -3.95909012e-02 -2.63769314e-02 1.50313546e-01 1.45218401e-03 -1.33413476e-01 -2.75055486e-01 -2.73077394e-01 2.30131920e-02 -1.81228308e-01 -2.95447288e-01 7.57772378e-02 3.51987054e-02 1.33946905e-01 9.84718073e-02 -4.31492800e-01 -2.15919755e-01 -1.70950828e-01 -1.87619251e-01 -5.56721411e-02 -3.71210690e-01 -1.31694943e-01 -1.23316364e-01 -3.25030033e-01 4.48876931e-02 -8.87355929e-02 -1.64383571e-01 8.09926116e-02 -2.58468216e-01 -1.83826285e-01 -1.87765416e-01 -1.91186682e-01 -1.01271398e-01 -1.89397717e-01 6.34383844e-02 1.68456498e-01 -7.61876565e-02 -5.14036318e-02 -2.58131454e-01 -3.16957420e-01
1.24000000e+01 1.22722986e-02 2.37439183e-01 -2.25692447e-01 -4.48872479e-01 -1.75076783e-01 -7.34920336e-02 -2.23850368e-01 1.10468108e-01 9.92011354e-02 -1.19434449e-01 -1.92830412e-01 -4.47018190e-02 -2.77096486e-02 1.69581427e-01 1.51482476e-03 -1.24802104e-01 -2.65538498e-01 -3.03299231e-01 2.38759373e-02 -1.82904169e-01 -2.75981069e-01 6.16921937e-02 4.55954601e-02 1.55274972e-01 8.58260902e-02 -4.33842255e-01 -2.17537893e-01 -1.69957577e-01 -1.87579617e-01 -7.29480885e-02 -3.65510927e-01 -1.19796158e-01 -1.12321981e-01 -3.30932760e-01 3.14809162e-02 -8.50152732e-02 -1.70074494e-01 7.73079187e-02 -2.52908227e-01 -1.94101681e-01 -1.84194851e-01 -1.55825972e-01 -1.29205831e-01 -1.78441081e-01 2.00524434e-02 1.91445425e-01 -7.47131692e-02 -3.78957818e-02 -2.77326185e-01 -3.02599227e-01
1.25000000e+01 1.29261052e-02 2.24385149e-01 -2.21817157e-01 -4.44953506e-01 -1.85836881e-01 -4.50254177e-02 -2.57732083e-01 1.12985588e-01 8.33874679e-02 -8.42984817e-02 -2.08064699e-01 -5.07646078e-02 -2.74901570e-02 1.85533647e-01 1.79202751e-03 -1.16363771e-01 -2.54808542e-01 -3.30355849e-01 2.01274561e-02 -1.83997700e-01 -2.52093364e-01 4.40788529e-02 5.71871176e-02 1.74787130e-01 6.88111491e-02 -4.29050211e-01 -2.20738616e-01 -1.69612448e-01 -1.86209882e-01 -9.40653904e-02 -3.54490197e-01 -1.10546731e-01 -1.03292109e-01 -3.31614913e-01 1.39656892e-02 -8.13888371e-02 -1.72256485e-01 6.77247783e-02 -2.43189242e-01 -2.04999205e-01 -1.80408578e-01 -1.20811078e-01 -1.57873928e-01 -1.64810777e-01 -2.27282140e-02 2.08884857e-01 -7.08615878e-02 -2.49066971e-02 -2.94829406e-01 -2.88804434e-01
1.26000000e+01 1.58839927e-02 2.05551117e-01 -2.16565347e-01 -4.38281502e-01 -1.95793712e-01 -1.95414900e-02 -2.86180580e-01 1.11063344e-01 6.65942739e-02 -4.87150902e-02 -2.20908913e-01 -5.77872858e-02 -2.56449052e-02 1.97914856e-01 2.49133927e-03 -1.08144180e-01 -2.43251017e-01 -3.53714033e-01 1.16389931e-02 -1.84347178e-01 -2.24377117e-01 2.35684279e-02 6.97896885e-02 1.92080576e-01 4.79758168e-02 -4.17393995e-01 -2.25442484e-01 -1.69923632e-01 -1.83726364e-01 -1.18520464e-01 -3.38456276e-01 -1.03954073e-01 -9.62789452e-02 -3.27198023e-01 -7.24131202e-03 -7.81514712e-02 -1.70914476e-01 5.24668802e-02 -2.29646935e-01 -2.16225543e-01 -1.76236517e-01 -8.70689159e-02 -1.86223904e-01 -1.49464914e-01 -6.37941065e-02 2.20004690e-01 -6.42671106e-02 -1.28629893e-02 -3.10199863e-01 -2.75756818e-01
1.27000000e+01 2.09740488e-02 1.81217494e-01 -2.09838176e-01 -4.29245007e-01 -2.04531409e-01 2.21706754e-03 -3.08419805e-01 1.04289313e-01 4.94590507e-02 -1.35897429e-02 -2.30919863e-01 -6.57244659e-02 -2.21702983e-02 2.06555605e-01 3.77578303e-03 -1.00170522e-01 -2.31234749e-01 -3.72946685e-01 -1.59150815e-03 -1.83812637e-01 -1.93511258e-01 8.83549636e-04 8.31560132e-02 2.06772520e-01 2.39757877e-02 -3.99322339e-01 -2.31488310e-01 -1.70888643e-01 -1.80401829e-01 -1.45697483e-01 -3.17862262e-01 -9.99461612e-02 -9.12752215e-02 -3.17950973e-01 -3.16139416e-02 -7.55891835e-02 -1.66155871e-01 3.19317791e-02 -2.12743747e-01 -2.27442971e-01 -1.71532430e-01 -5.54913178e-02 -2.13209261e-01 -1.33368005e-01 -1.02131069e-01 2.24216402e-01 -5.46858079e-02 -2.14334977e-03 -3.23033739e-01 -2.63621312e-01
1.28000000e+01 2.79692591e-02 1.51777712e-01 -2.01594528e-01 -4.18228024e-01 -2.11694074e-01 1.96610963e-02 -3.23881994e-01 9.24099249e-02 3.25639532e-02 2.02144185e-02 -2.37724810e-01 -7.44743190e-02 -1.71334787e-02 2.11375584e-01 5.75989986e-03 -9.24531091e-02 -2.19101984e-01 -3.87741945e-01 -1.94368308e-02 -1.82283002e-01 -1.60241095e-01 -2.31835191e-02 9.69838684e-02 2.18511005e-01 -2.44710675e-03 -3.75438091e-01 -2.38640918e-01 -1.72495751e-01 -1.76554020e-01 -1.74887967e-01 -2.93290358e-01 -9.83771632e-02 -8.82173087e-02 -3.04277867e-01 -5.85337570e-02 -7.39685625e-02 -1.58207188e-01 6.67774301e-03 -1.93053975e-01 -2.38277825e-01 -1.66182349e-01 -2.69063113e-02 -2.37826988e-01 -1.17452135e-01 -1.36854976e-01 2.21137175e-01 -4.20109687e-02 6.93555454e-03 -3.32976285e-01 -2.52539750e-01
1.29000000e+01 3.65912058e-02 1.17733848e-01 -1.91857182e-01 -4.05595499e-01 -2.17001807e-01 3.23736253e-02 -3.32225641e-01 7.53454045e-02 1.64145328e-02 5.19007148e-02 -2.41034388e-01 -8.38777032e-02 -1.06702917e-02 2.12384214e-01 8.50782673e-03 -8.49877092e-02 -2.07159964e-01 -3.97908623e-01 -4.16417411e-02 -1.79681864e-01 -1.25357327e-01 -4.77947676e-02 1.10925781e-01 2.26985174e-01 -3.04880798e-02 -3.46476751e-01 -2.46601458e-01 -1.74725384e-01 -1.72532473e-01 -2.05313444e-01 -2.65431886e-01 -9.90352036e-02 -8.69897446e-02 -2.86702097e-01 -8.73098905e-02 -7.35275362e-02 -1.47406634e-01 -2.25946796e-02 -1.71244862e-01 -2.48330955e-01 -1.60111524e-01 -2.05141192e-03 -2.59153846e-01 -1.02580856e-01 -1.67241177e-01 2.10607148e-01 -2.62832087e-02 1.41304403e-02 -3.39732076e-01 -2.42627063e-01
1.30000000e+01 4.65148853e-02 7.96897378e-02 -1.80716538e-01 -3.91680785e-01 -2.20263149e-01 4.01217922e-02 -3.33345404e-01 5.31984089e-02 1.42264707e-03 8.07599515e-02 -2.40652456e-01 -9.37201866e-02 -2.98032395e-03 2.09678495e-01 1.20332496e-02 -7.77583039e-02 -1.95674198e-01 -4.03377981e-01 -6.78279551e-02 -1.75971754e-01 -8.96742576e-02 -7.20916369e-02 1.24600269e-01 2.31934670e-01 -5.93042072e-02 -3.13281726e-01 -2.55019791e-01 -1.77551445e-01 -1.68704091e-01 -2.36150417e-01 -2.35064096e-01 -1.01652011e-01 -8.74312345e-02 -2.65847090e-01 -1.17200926e-01 -7.44672717e-02 -1.34193108e-01 -5.50654195e-02 -1.48054488e-01 -2.57189895e-01 -1.53289248e-01 1.84498636e-02 -2.76379377e-01 -8.95171148e-02 -1.92747631e-01 1.92699093e-01 -7.69485838e-03 1.92796452e-02 -3.43073565e-01 -2.33968022e-01
1.31000000e+01 5.73745747e-02 3.83415963e-02 -1.68331783e-01 -3.76775599e-01 -2.21383362e-01 4.28618066e-02 -3.27373529e-01 2.62558736e-02 -1.21060321e-02 1.06187788e-01 -2.36482847e-01 -1.03736944e-01 5.68087506e-03 2.03438205e-01 1.63011087e-02 -7.07400296e-02 -1.84863347e-01 -4.04201738e-01 -9.75027109e-02 -1.71156907e-01 -5.40076562e-02 -9.52209481e-02 1.37604229e-01 2.33157987e-01 -8.80399923e-02 -2.76777392e-01 -2.63508385e-01 -1.80942467e-01 -1.65438003e-01 -2.66556615e-01 -2.03024687e-01 -1.05913981e-01 -8.93419577e-02 -2.42414437e-01 -1.47438032e-01 -7.69452485e-02 -1.19092272e-01 -8.98209312e-02 -1.24267288e-01 -2.64442339e-01 -1.45731275e-01 3.41073998e-02 -2.88834410e-01 -7.88962424e-02 -2.13030847e-01 1.67720054e-01 1.34116265e-02 2.23079593e-02 -3.42847748e-01 -2.26614737e-01
1.32000000e+01 6.87706861e-02 -5.53388613e-03 -1.54929272e-01 -3.61122752e-01 -2.20368138e-01 4.07368835e-02 -3.14672990e-01 -5.01609375e-03 -2.39795181e-02 1.27697474e-01 -2.28531939e-01 -1.13620315e-01 1.50118470e-02 1.93918629e-01 2.12308992e-02 -6.39022110e-02 -1.74895930e-01 -4.00546683e-01 -1.30070686e-01 -1.65284508e-01 -1.91527300e-02 -1.16360923e-01 1.49526045e-01 2.30519465e-01 -1.15852840e-01 -2.37940941e-01 -2.71657118e-01 -1.84862639e-01 -1.63090411e-01 -2.95697287e-01 -1.70185587e-01 -1.11474002e-01 -9.24918117e-02 -2.17160182e-01 -1.77248523e-01 -8.10696531e-02 -1.02700223e-01 -1.25882747e-01 -1.00687941e-01 -2.69690461e-01 -1.37500114e-01 4.45794964e-02 -2.96014122e-01 -7.12049765e-02 -2.27954074e-01 1.36204802e-01 3.65512447e-02 2.32278903e-02 -3.38980689e-01 -2.20584936e-01
1.33000000e+01 8.02775553e-02 -5.10937682e-02 -1.40798184e-01 -3.44911973e-01 -2.17322661e-01 3.40680579e-02 -2.95822638e-01 -3.99843111e-02 -3.41217814e-02 1.44928098e-01 -2.16907525e-01 -1.23029207e-01 2.46765409e-02 1.81441227e-01 2.67013771e-02 -5.72115041e-02 -1.65888850e-01 -3.92686176e-01 -1.64848948e-01 -1.58444207e-01 1.41371045e-02 -1.34746504e-01 1.59959024e-01 2.23954684e-01 -1.41937794e-01 -1.97773952e-01 -2.79048301e-01 -1.89272572e-01 -1.61990107e-01 -3.22770179e-01 -1.37427555e-01 -1.17963516e-01 -9.66293280e-02 -1.90870200e-01 -2.05879038e-01 -8.68953597e-02 -8.56652228e-02 -1.62237750e-01 -7.81144857e-02 -2.72565572e-01 -1.28703264e-01 4.96830680e-02 -2.97594945e-01 -6.67671963e-02 -2.37587517e-01 9.89012540e-02 6.11098251e-02 2.21373581e-02 -3.31479855e-01 -2.15860992e-01
1.34000000e+01 9.14519691e-02 -9.74450223e-02 -1.26283601e-01 -3.28278897e-01 -2.12446150e-01 2.33383340e-02 -2.71594658e-01 -7.78671863e-02 -4.25698849e-02 1.57649072e-01 -2.01815153e-01 -1.31599795e-01 3.43164819e-02 1.66382683e-01 3.25565319e-02 -5.06350748e-02 -1.57907617e-01 -3.80988703e-01 -2.01084532e-01 -1.50765936e-01 4.51698461e-02 -1.49693061e-01 1.68514815e-01 2.13474236e-01 -1.65550803e-01 -1.57274510e-01 -2.85271441e-01 -1.94129747e-01 -1.62425110e-01 -3.47028386e-01 -1.05616141e-01 -1.25004396e-01 -1.01490976e-01 -1.64335550e-01 -2.32617600e-01 -9.44217509e-02 -6.86678826e-02 -1.97869267e-01 -5.73115868e-02 -2.72742612e-01 -1.19489382e-01 4.93986201e-02 -2.93444777e-01 -6.57367763e-02 -2.42200627e-01 5.67483000e-02 8.63627971e-02 1.92139580e-02 -3.20434231e-01 -2.12389747e-01
1.35000000e+01 1.01842191e-01 -1.43662349e-01 -1.11777090e-01 -3.11306965e-01 -2.06022221e-01 9.17093555e-03 -2.42925271e-01 -1.17759173e-01 -4.94663358e-02 1.65760979e-01 -1.83552170e-01 -1.38957470e-01 4.35637675e-02 1.49162668e-01 3.86126095e-02 -4.41436105e-02 -1.50968297e-01 -3.65904016e-01 -2.37973993e-01 -1.42416001e-01 7.33321150e-02 -1.60617606e-01 1.74836316e-01 1.99165664e-01 -1.86029785e-01 -1.17410522e-01 -2.89937442e-01 -1.99388739e-01 -1.64630893e-01 -3.67801233e-01 -7.55786934e-02 -1.32220502e-01 -1.06810410e-01 -1.38328612e-01 -2.56813788e-01 -1.03592422e-01 -5.24003035e-02 -2.31788067e-01 -3.89848908e-02 -2.69954013e-01 -1.10042502e-01 4.38698335e-02 -2.83626211e-01 -6.80976600e-02 -2.42246818e-01 1.08467573e-02 1.11498733e-01 1.47060614e-02 -3.06012267e-01 -2.10083146e-01
1.36000000e+01 1.10997342e-01 -1.88807315e-01 -9.77050908e-02 -2.94032105e-01 -1.98405446e-01 -7.69752620e-03 -2.10879857e-01 -1.58660085e-01 -5.50471072e-02 1.69292534e-01 -1.62499185e-01 -1.44729966e-01 5.20547298e-02 1.30230745e-01 4.46659064e-02 -3.77139931e-02 -1.45041098e-01 -3.47947385e-01 -2.74684323e-01 -1.33591476e-01 9.81032801e-02 -1.67056833e-01 1.78609621e-01 1.81193524e-01 -2.02813030e-01 -7.90947114e-02 -2.92691997e-01 -2.05001128e-01 -1.68780501e-01 -3.84513365e-01 -4.80822952e-02 -1.39248923e-01 -1.12327379e-01 -1.13580788e-01 -2.77896444e-01 -1.14296719e-01 -3.75446938e-02 -2.63062268e-01 -2.37573118e-02 -2.64002432e-01 -1.00574565e-01 3.33978149e-02 -2.68392753e-01 -7.36709653e-02 -2.38341236e-01 -3.75755667e-02 1.35646836e-01 8.92115156e-03 -2.88457740e-01 -2.08819725e-01
1.37000000e+01 1.18476987e-01 -2.31948383e-01 -8.45154978e-02 -2.76449985e-01 -1.90004703e-01 -2.64479512e-02 -1.76613774e-01 -1.99508226e-01 -5.96258600e-02 1.68393449e-01 -1.39108772e-01 -1.48561324e-01 5.94438505e-02 1.10052848e-01 5.05010351e-02 -3.13315223e-02 -1.40055390e-01 -3.27682473e-01 -3.10374644e-01 -1.24513096e-01 1.19066074e-01 -1.68681365e-01 1.79574667e-01 1.59797600e-01 -2.15454525e-01 -4.31616769e-02 -2.93228075e-01 -2.10915096e-01 -1.74976738e-01 -3.96701589e-01 -2.38130317e-02 -1.45750592e-01 -1.17796027e-01 -9.07623461e-02 -2.95388573e-01 -1.26373065e-01 -2.47521835e-02 -2.90845219e-01 -1.21480468e-02 -2.54771813e-01 -9.13165621e-02 1.84302659e-02 -2.48178323e-01 -8.21286557e-02 -2.31232488e-01 -8.72035288e-02 1.57907415e-01 2.21189744e-03 -2.68083672e-01 -2.08446918e-01
1.38000000e+01 1.23860688e-01 -2.72181355e-01 -7.26628335e-02 -2.58525457e-01 -1.81264041e-01 -4.62125226e-02 -1.41330269e-01 -2.39216144e-01 -6.35750287e-02 1.63323359e-01 -1.13891607e-01 -1.50126128e-01 6.54173206e-02 8.90977877e-02 5.58993346e-02 -2.49916380e-02 -1.35905877e-01 -3.05703343e-01 -3.44218080e-01 -1.15416949e-01 1.35913502e-01 -1.65305729e-01 1.77534205e-01 1.35289249e-01 -2.23635781e-01 -1.03474452e-02 -2.91297311e-01 -2.17074820e-01 -1.83246761e-01 -4.04028814e-01 -3.35728607e-03 -1.51420023e-01 -1.22992292e-01 -7.04647417e-02 -3.08919139e-01 -1.39613922e-01 -1.46225360e-02 -3.14400437e-01 -4.55504135e-03 -2.42236279e-01 -8.25086544e-02 -4.53989438e-04 -2.23580572e-01 -9.30130531e-02 -2.21769483e-01 -1.36677645e-01 1.77384261e-01 -5.03945513e-03 -2.45264522e-01 -2.08784130e-01
1.39000000e+01 1.26757311e-01 -3.08649743e-01 -6.25925124e-02 -2.40203641e-01 -1.72641900e-01 -6.61100515e-02 -1.06236993e-01 -2.76707677e-01 -6.73045868e-02 1.54437333e-01 -8.74005886e-02 -1.49143330e-01 6.97055934e-02 6.78242317e-02 6.06471065e-02 -1.87011372e-02 -1.32459594e-01 -2.82616135e-01 -3.75423163e-01 -1.06545345e-01 1.48452048e-01 -1.56893815e-01 1.72360802e-01 1.08045895e-01 -2.27173825e-01 1.87278426e-02 -2.86719797e-01 -2.23419738e-01 -1.93539322e-01 -4.06294483e-01 1.28141873e-02 -1.55993930e-01 -1.27720179e-01 -5.31857291e-02 -3.18231572e-01 -1.53772203e-01 -7.68537106e-03 -3.33122880e-01 -1.24145440e-03 -2.26466439e-01 -7.43897000e-02 -2.25645179e-02 -1.95338757e-01 -1.05761266e-01 -2.10864721e-01 -1.84638905e-01 1.93217747e-01 -1.24377378e-02 -2.20426930e-01 -2.09626449e-01
1.40000000e+01 1.26813896e-01 -3.40564519e-01 -5.47247414e-02 -2.21422045e-01 -1.64589602e-01 -8.52815254e-02 -7.25027343e-02 -3.10954939e-01 -7.12394407e-02 1.42168735e-01 -6.02136511e-02 -1.45389006e-01 7.20944030e-02 4.66685611e-02 6.45433848e-02 -1.24788966e-02 -1.29563432e-01 -2.59020956e-01 -4.03254133e-01 -9.81373272e-02 1.56601356e-01 -1.43559769e-01 1.64001655e-01 7.85038118e-02 -2.26025058e-01 4.35734229e-02 -2.79391697e-01 -2.29883784e-01 -2.05724774e-01 -4.03441002e-01 2.43587972e-02 -1.59258546e-01 -1.31816750e-01 -3.93175825e-02 -3.23188945e-01 -1.68568927e-01 -4.38349640e-03 -3.46555937e-01 -2.32652173e-03 -2.07632756e-01 -6.71866716e-02 -4.71221098e-02 -1.64307062e-01 -1.19733448e-01 -1.99455496e-01 -2.29773824e-01 2.04617408e-01 -1.95918866e-02 -1.94039305e-01 -2.10748906e-01
1.41000000e+01 1.23723901e-01 -3.67222754e-01 -4.94386501e-02 -2.02123074e-01 -1.57530037e-01 -1.02924472e-01 -4.12159581e-02 -3.41013844e-01 -7.57964652e-02 1.27010327e-01 -3.29160728e-02 -1.38707551e-01 7.24338552e-02 2.60339693e-02 6.74069830e-02 -6.35609191e-03 -1.27051891e-01 -2.35494579e-01 -4.27049500e-01 -9.04192686e-02 1.60390657e-01 -1.25564415e-01 1.52481077e-01 4.71493599e-02 -2.20284850e-01 6.38370620e-02 -2.69290236e-01 -2.36394652e-01 -2.19597801e-01 -3.95555767e-01 3.10707177e-02 -1.61055395e-01 -1.35155719e-01 -2.91387169e-02 -3.23775707e-01 -1.83701885e-01 -5.05887238e-03 -3.54403701e-01 -7.78111083e-03 -1.86005764e-01 -6.11044440e-02 -7.32841068e-02 -1.31424395e-01 -1.34243686e-01 -1.88464494e-01 -2.70858161e-01 2.10892780e-01 -2.61316493e-02 -1.66600621e-01 -2.11911168e-01
1.42000000e+01 1.17234608e-01 -3.88024628e-01 -4.70572444e-02 -1.82266312e-01 -1.51837503e-01 -1.18324803e-01 -1.33466799e-02 -3.66056856e-01 -8.13621725e-02 1.09494493e-01 -6.08302628e-03 -1.29020850e-01 7.06452719e-02 6.28110412e-03 6.90826014e-02 -3.75887042e-04 -1.24754810e-01 -2.12574455e-01 -4.46238320e-01 -8.35959886e-02 1.59952295e-01 -1.03307422e-01 1.37900625e-01 1.45089048e-02 -2.10182910e-01 7.93096222e-02 -2.56475909e-01 -2.42873125e-01 -2.34882762e-01 -3.82868594e-01 3.28851523e-02 -1.61285323e-01 -1.37649593e-01 -2.28089603e-02 -3.20095887e-01 -1.98855006e-01 -9.94162634e-03 -3.56538216e-01 -1.74281337e-02 -1.61952998e-01 -5.63163905e-02 -1.00171333e-01 -9.76817940e-02 -1.48592181e-01 -1.78761326e-01 -3.06797756e-01 2.11481347e-01 -3.17232993e-02 -1.38628746e-01 -2.12862576e-01
1.43000000e+01 1.07153508e-01 -4.02488363e-01 -4.78337369e-02 -1.61839956e-01 -1.47819559e-01 -1.30884900e-01 1.02869331e-02 -3.85401751e-01 -8.82719562e-02 9.01734309e-02 1.97369202e-02 -1.16335053e-01 6.67255401e-02 -1.22794922e-02 6.94458169e-02 5.40743027e-03 -1.22504827e-01 -1.90744546e-01 -4.60353692e-01 -7.78427553e-02 1.55512723e-01 -7.73155355e-02 1.20436896e-01 -1.88623462e-02 -1.96074641e-01 8.99250313e-02 -2.41091867e-01 -2.49232512e-01 -2.51241462e-01 -3.65744540e-01 2.98780741e-02 -1.59910634e-01 -1.39250373e-01 -2.03685940e-02 -3.12367842e-01 -2.13708108e-01 -1.91424108e-02 -3.53001538e-01 -3.09478141e-02 -1.35932617e-01 -5.29561813e-02 -1.26895725e-01 -6.40886062e-02 -1.62097369e-01 -1.71126474e-01 -3.36665017e-01 2.05972506e-01 -3.60837322e-02 -1.10648702e-01 -2.13347432e-01
1.44000000e+01 9.33534891e-02 -4.10262663e-01 -5.19397615e-02 -1.40870857e-01 -1.45701687e-01 -1.40146877e-01 2.90460238e-02 -3.98535299e-01 -9.67917719e-02 6.96000511e-02 4.40367568e-02 -1.00744607e-01 6.07487927e-02 -2.93929582e-02 6.84068297e-02 1.09298515e-02 -1.20144326e-01 -1.70423347e-01 -4.69043185e-01 -7.32984722e-02 1.47381384e-01 -4.82273321e-02 1.00337114e-01 -5.23922899e-02 -1.78428799e-01 9.57558198e-02 -2.23360611e-01 -2.55378248e-01 -2.68283053e-01 -3.44672394e-01 2.22614852e-02 -1.56955155e-01 -1.39948968e-01 -2.17411159e-02 -3.00915722e-01 -2.27946718e-01 -3.26482755e-02 -3.44002669e-01 -4.78876286e-02 -1.08483796e-01 -5.11111228e-02 -1.52587772e-01 -3.16386563e-02 -1.74126660e-01 -1.66219053e-01 -3.59729740e-01 1.94126631e-01 -3.89923827e-02 -8.31811624e-02 -2.13110395e-01
1.45000000e+01 7.57767232e-02 -4.11136304e-01 -5.94559235e-02 -1.19432631e-01 -1.45615434e-01 -1.45810130e-01 4.24915801e-02 -4.05131002e-01 -1.07103006e-01 4.83102702e-02 6.63639612e-02 -8.24333074e-02 5.28653388e-02 -4.48635850e-02 6.59128917e-02 1.61195234e-02 -1.17531622e-01 -1.51954348e-01 -4.72075987e-01 -7.00602752e-02 1.35937905e-01 -1.67749833e-02 7.79126811e-02 -8.55043305e-02 -1.57811947e-01 9.70045185e-02 -2.03578125e-01 -2.61207714e-01 -2.85575716e-01 -3.20249316e-01 1.03744618e-02 -1.52502179e-01 -1.39773498e-01 -2.67395363e-02 -2.86157986e-01 -2.41271627e-01 -5.03221137e-02 -3.29909571e-01 -6.76765852e-02 -8.02140953e-02 -5.08173241e-02 -1.76422882e-01 -1.27758126e-03 -1.84124552e-01 -1.64549631e-01 -3.75483137e-01 1.75888460e-01 -4.03004869e-02 -5.67315218e-02 -2.11901856e-01
1.46000000e+01 5.44371315e-02 -4.05044609e-01 -7.03650722e-02 -9.76514485e-02 -1.47590549e-01 -1.47742546e-01 5.03973374e-02 -4.05060194e-01 -1.19291148e-01 2.68072577e-02 8.63310282e-02 -6.16722695e-02 4.32978627e-02 -5.85561475e-02 6.19493859e-02 2.08989912e-02 -1.14546199e-01 -1.35599085e-01 -4.69346771e-01 -6.81796725e-02 1.21618054e-01 1.62363540e-02 5.35309573e-02 -1.17629900e-01 -1.34870237e-01 9.39913369e-02 -1.82105714e-01 -2.66610322e-01 -3.02659641e-01 -2.93162301e-01 -5.32955407e-03 -1.46690393e-01 -1.38786614e-01 -3.50758911e-02 -2.68593405e-01 -2.53407873e-01 -7.19056564e-02 -3.11236596e-01 -8.96433706e-02 -5.17840786e-02 -5.20569099e-02 -1.97645850e-01 2.61275400e-02 -1.91637014e-01 -1.66459171e-01 -3.83654230e-01 1.51394250e-01 -3.99373193e-02 -3.17798083e-02 -2.09483164e-01
1.47000000e+01 2.94213675e-02 -3.92072578e-01 -8.45485935e-02 -7.57091339e-02 -1.51551491e-01 -1.45984937e-01 5.27546294e-02 -3.98396085e-01 -1.33338710e-01 5.54810246e-03 1.03623322e-01 -3.88148092e-02 3.23350001e-02 -7.03951452e-02 5.65395800e-02 2.51876934e-02 -1.11092862e-01 -1.21532847e-01 -4.60876308e-01 -6.76602739e-02 1.04898929e-01 4.99508720e-02 2.76055814e-02 -1.48220760e-01 -1.10309182e-01 8.71386607e-02 -1.59359834e-01 -2.71467931e-01 -3.19060839e-01 -2.64167221e-01 -2.42986599e-02 -1.39708055e-01 -1.37081889e-01 -4.63735519e-02 -2.48785057e-01 -2.64112853e-01 -9.70259101e-02 -2.88627777e-01 -1.13037799e-01 -2.38896166e-02 -5.47574161e-02 -2.15592679e-01 4.98152387e-02 -1.96331197e-01 -1.72104879e-01 -3.84218014e-01 1.20972387e-01 -3.79131687e-02 -8.77166961e-03 -2.05631600e-01
1.48000000e+01 8.88271523e-04 -3.72454551e-01 -1.01785917e-01 -5.38433844e-02 -1.57318461e-01 -1.40748539e-01 4.97690622e-02 -3.85410594e-01 -1.49122690e-01 -1.50667560e-02 1.18004085e-01 -1.42883898e-02 2.03224951e-02 -8.03620760e-02 4.97431338e-02 2.89046064e-02 -1.07104746e-01 -1.09843005e-01 -4.46808978e-01 -6.84570903e-02 8.62838345e-02 8.34854573e-02 5.85682256e-04 -1.76760760e-01 -8.48721074e-02 7.69529950e-02 -1.35800270e-01 -2.75655653e-01 -3.34305253e-01 -2.34066188e-01 -4.59010104e-02 -1.31785776e-01 -1.34779299e-01 -6.01818433e-02 -2.27342877e-01 -2.73183289e-01 -1.25204864e-01 -2.62836464e-01 -1.37054920e-01 2.75763506e-03 -5.87934052e-02 -2.29709106e-01 6.91525028e-02 -1.98009724e-01 -1.81453512e-01 -3.77395100e-01 8.51373368e-02 -3.43189564e-02 1.18893936e-02 -2.00145013e-01
1.49000000e+01 -3.09332082e-02 -3.46570372e-01 -1.21757326e-01 -3.23450181e-02 -1.64612978e-01 -1.32405682e-01 4.18491778e-02 -3.66564097e-01 -1.66416627e-01 -3.47011077e-02 1.29316554e-01 1.14161147e-02 7.65222329e-03 -8.84909353e-02 4.16534901e-02 3.19709445e-02 -1.02545186e-01 -1.00529915e-01 -4.27407343e-01 -7.04773535e-02 6.62873039e-02 1.15953319e-01 -2.70556296e-02 -2.02776766e-01 -5.93179860e-02 6.40050409e-02 -1.11917031e-01 -2.79043126e-01 -3.47932735e-01 -2.03683895e-01 -6.94453617e-02 -1.23188170e-01 -1.32019958e-01 -7.59924161e-02 -2.04905353e-01 -2.80460820e-01 -1.55872218e-01 -2.34701864e-01 -1.60861100e-01 2.74509938e-02 -6.39902422e-02 -2.39565281e-01 8.36527024e-02 -1.96619020e-01 -1.94282383e-01 -3.63642862e-01 4.45771008e-02 -2.93225357e-02 2.98484211e-02 -1.92846048e-01
1.50000000e+01 -6.57475949e-02 -3.14938097e-01 -1.44050038e-01 -1.15523043e-02 -1.73067809e-01 -1.21473996e-01 2.95875666e-02 -3.42488477e-01 -1.84897169e-01 -5.30874671e-02 1.37483291e-01 3.77574549e-02 -5.25055394e-03 -9.48621875e-02 3.23943166e-02 3.43128217e-02 -9.74084800e-02 -9.35102816e-02 -4.03043955e-01 -7.35827869e-02 4.54207153e-02 1.46487178e-01 -5.48331073e-02 -2.25848486e-01 -3.43993613e-02 4.89086026e-02 -8.82162956e-02 -2.81496306e-01 -3.59510502e-01 -1.73843585e-01 -9.42030216e-02 -1.14204629e-01 -1.28960349e-01 -9.32568029e-02 -1.82120956e-01 -2.85836027e-01 -1.88380796e-01 -2.05123091e-01 -1.83621311e-01 4.95101045e-02 -7.01298814e-02 -2.44866222e-01 9.29880726e-02 -1.92251406e-01 -2.10188010e-01 -3.43638391e-01 1.34558167e-04 -2.31618463e-02 4.48039454e-02 -1.83585888e-01
1.51000000e+01 -1.03197894e-01 -2.78203406e-01 -1.68167421e-01 8.15744566e-03 -1.82240871e-01 -1.08594756e-01 1.37351600e-02 -3.13964097e-01 -2.04154843e-01 -7.00285163e-02 1.42502960e-01 6.41588361e-02 -1.79412746e-02 -9.95955013e-02 2.21151880e-02 3.58637881e-02 -9.17195579e-02 -8.86228602e-02 -3.74190655e-01 -7.75932542e-02 2.41789135e-02 1.74261352e-01 -8.22611890e-02 -2.45616994e-01 -1.08410106e-02 3.22990190e-02 -6.52057930e-02 -2.82879831e-01 -3.68645777e-01 -1.45343234e-01 -1.19430516e-01 -1.05139502e-01 -1.25766290e-01 -1.11404565e-01 -1.59629889e-01 -2.89250789e-01 -2.22024227e-01 -1.75031458e-01 -2.04526839e-01 6.83022125e-02 -7.69584409e-02 -2.45457783e-01 9.69964473e-02 -1.85140934e-01 -2.28602063e-01 -3.18253873e-01 -4.72166944e-02 -1.61352169e-02 5.65114923e-02 -1.72247460e-01
1.52000000e+01 -1.42871931e-01 -2.37125935e-01 -1.93541091e-01 2.63787367e-02 -1.91632588e-01 -9.45062207e-02 -4.83030767e-03 -2.81891576e-01 -2.23708554e-01 -8.53956598e-02 1.44444920e-01 9.00239525e-02 -2.99710190e-02 -1.02841579e-01 1.09867113e-02 3.65671530e-02 -8.55326123e-02 -8.56363185e-02 -3.41405588e-01 -8.22917068e-02 3.02820829e-03 1.98512132e-01 -1.08865480e-01 -2.61791769e-01 1.06800622e-02 1.48118008e-02 -4.33800120e-02 -2.83059933e-01 -3.74997320e-01 -1.18932582e-01 -1.44392231e-01 -9.63020122e-02 -1.22606875e-01 -1.29861457e-01 -1.38046676e-01 -2.90698930e-01 -2.56056348e-01 -1.45361858e-01 -2.22822509e-01 8.32626615e-02 -8.41952668e-02 -2.41328102e-01 9.56821487e-02 -1.75653170e-01 -2.48813977e-01 -2.88525267e-01 -9.64011915e-02 -8.58922072e-03 6.47856715e-02 -1.58748067e-01
1.53000000e+01 -1.84309872e-01 -1.92562884e-01 -2.19545557e-01 4.26907988e-02 -2.00706026e-01 -8.00129797e-02 -2.51404641e-02 -2.47259403e-01 -2.43023203e-01 -9.91249666e-02 1.43442032e-01 1.14753596e-01 -4.09017892e-02 -1.04773423e-01 -8.04703542e-04 3.63780221e-02 -7.89287085e-02 -8.42590551e-02 -3.05318268e-01 -8.74303407e-02 -1.76039552e-02 2.18555977e-01 -1.34193630e-01 -2.74156144e-01 2.95527858e-02 -2.93785259e-03 -2.32056940e-02 -2.81907832e-01 -3.78285554e-01 -9.52916944e-02 -1.68382277e-01 -8.79962757e-02 -1.19648563e-01 -1.48067066e-01 -1.17944066e-01 -2.90225172e-01 -2.89711738e-01 -1.17024181e-01 -2.37832528e-01 9.39139273e-02 -9.15431294e-02 -2.32604594e-01 8.92111600e-02 -1.64269432e-01 -2.69999359e-01 -2.55615444e-01 -1.46274154e-01 -9.04577028e-04 6.95009451e-02 -1.43041436e-01
1.54000000e+01 -2.27012770e-01 -1.45450262e-01 -2.45514964e-01 5.66720551e-02 -2.08909013e-01 -6.59524985e-02 -4.61757091e-02 -2.11108626e-01 -2.61529655e-01 -1.11210870e-01 1.39682119e-01 1.37762246e-01 -5.03215864e-02 -1.05577401e-01 -1.30622339e-02 3.52649878e-02 -7.20124406e-02 -8.41506931e-02 -2.66613019e-01 -9.27378544e-02 -3.73374438e-02 2.33805167e-01 -1.57825409e-01 -2.82571077e-01 4.52478914e-02 -2.03740038e-02 -5.10811038e-03 -2.79303496e-01 -3.78300973e-01 -7.50116926e-02 -1.90744895e-01 -8.05117432e-02 -1.17049585e-01 -1.65491409e-01 -9.98386621e-02 -2.87922515e-01 -3.22226692e-01 -9.08757596e-02 -2.48984044e-01 9.98825228e-02 -9.86991411e-02 -2.19546753e-01 7.79009070e-02 -1.51566127e-01 -2.91253066e-01 -2.20773089e-01 -1.95656633e-01 6.51933154e-03 7.05911878e-02 -1.25119177e-01
1.55000000e+01 -2.70451948e-01 -9.67822439e-02 -2.70761456e-01 6.79155800e-02 -2.15697367e-01 -5.31601613e-02 -6.69063667e-02 -1.74495940e-01 -2.78646217e-01 -1.21698069e-01 1.33398415e-01 1.58494129e-01 -5.78587565e-02 -1.05444442e-01 -2.55840172e-02 3.32114271e-02 -6.49077181e-02 -8.49349013e-02 -2.26011241e-01 -9.79276503e-02 -5.58458886e-02 2.43780661e-01 -1.79381811e-01 -2.86977193e-01 5.73311198e-02 -3.69767945e-02 1.05413711e-02 -2.75139621e-01 -3.74910553e-01 -5.85782825e-02 -2.10892797e-01 -7.41143425e-02 -1.14954810e-01 -1.81650050e-01 -8.41785848e-02 -2.83928184e-01 -3.52859970e-01 -6.76957951e-02 -2.55827579e-01 1.00913175e-01 -1.05365969e-01 -2.02535109e-01 6.22051582e-02 -1.38190095e-01 -3.11625678e-01 -1.85288868e-01 -2.43372021e-01 1.32807002e-02 6.80481811e-02 -1.05011638e-01
1.56000000e+01 -3.14079018e-01 -4.75891276e-02 -2.94594576e-01 7.60449291e-02 -2.20558315e-01 -4.24341637e-02 -8.63340087e-02 -1.38456568e-01 -2.93800707e-01 -1.30672109e-01 1.24859303e-01 1.76438337e-01 -6.31951025e-02 -1.04561697e-01 -3.81683437e-02 3.02163786e-02 -5.77528136e-02 -8.62131252e-02 -1.84252986e-01 -1.02706755e-01 -7.28611214e-02 2.48122064e-01 -1.98533083e-01 -2.87395074e-01 6.54734736e-02 -5.22966269e-02 2.34359806e-02 -2.69325669e-01 -3.68061945e-01 -4.63585458e-02 -2.28322941e-01 -6.90385717e-02 -1.13491229e-01 -1.96117311e-01 -7.13334317e-02 -2.78418356e-01 -3.80912656e-01 -4.81625766e-02 -2.58053639e-01 9.68797497e-02 -1.11262910e-01 -1.82056813e-01 4.26947141e-02 -1.24830961e-01 -3.30161944e-01 -1.50450421e-01 -2.88282669e-01 1.89916382e-02 6.19192094e-02 -8.27881840e-02
1.57000000e+01 -3.57336322e-01 1.08557147e-03 -3.16341126e-01 8.07296963e-02 -2.23033146e-01 -3.45016248e-02 -1.03531373e-01 -1.03968325e-01 -3.06452199e-01 -1.38249158e-01 1.14357649e-01 1.91142662e-01 -6.60773158e-02 -1.03104952e-01 -5.06185249e-02 2.62949815e-02 -5.06948459e-02 -8.75787443e-02 -1.42078430e-01 -1.06785160e-01 -8.81756641e-02 2.46594651e-01 -2.15005556e-01 -2.83923813e-01 6.94583077e-02 -6.59653346e-02 3.33421379e-02 -2.61791805e-01 -3.57785332e-01 -3.85913586e-02 -2.42629312e-01 -6.54807632e-02 -1.12764169e-01 -2.08537263e-01 -6.15867136e-02 -2.71601884e-01 -4.05746552e-01 -3.28341770e-02 -2.55504908e-01 8.77925046e-02 -1.16136416e-01 -1.58688443e-01 2.00346898e-02 -1.12191644e-01 -3.45939724e-01 -1.17497786e-01 -3.29325314e-01 2.32939269e-02 5.23039441e-02 -5.85568991e-02
1.58000000e+01 -3.99667574e-01 4.82083382e-02 -3.35364835e-01 8.17001565e-02 -2.22738197e-01 -2.99872422e-02 -1.17679360e-01 -7.19181775e-02 -3.16111589e-01 -1.44565467e-01 1.02200015e-01 2.02225813e-01 -6.63263415e-02 -1.01232053e-01 -6.27473052e-02 2.14784744e-02 -4.38839156e-02 -8.86311465e-02 -1.00209833e-01 -1.09885226e-01 -1.01643398e-01 2.39093451e-01 -2.28587191e-01 -2.76737870e-01 6.91851395e-02 -7.77041105e-02 4.01056946e-02 -2.52492587e-01 -3.44192900e-01 -3.53816711e-02 -2.53512402e-01 -6.35937046e-02 -1.12854345e-01 -2.18632241e-01 -5.51308804e-02 -2.63713282e-01 -4.26800633e-01 -2.21331015e-02 -2.48183599e-01 7.38013418e-02 -1.19769684e-01 -1.33076668e-01 -5.04069287e-03 -1.00958236e-01 -3.58107897e-01 -8.75808325e-02 -3.65544094e-01 2.58735547e-02 3.93508087e-02 -3.24637337e-02
1.59000000e+01 -4.40528460e-01 9.27786091e-02 -3.51085254e-01 7.87603832e-02 -2.19383274e-01 -2.93857211e-02 -1.28099703e-01 -4.30725183e-02 -3.22360179e-01 -1.49766986e-01 8.86961608e-02 2.09387686e-01 -6.38443636e-02 -9.90775665e-02 -7.43807032e-02 1.58137679e-02 -3.74671337e-02 -8.89892189e-02 -5.93345686e-02 -1.11750797e-01 -1.13178580e-01 2.25644445e-01 -2.39131713e-01 -2.66082347e-01 6.46701497e-02 -8.73280946e-02 4.36556973e-02 -2.41410252e-01 -3.27475951e-01 -3.66987917e-02 -2.60785165e-01 -6.34827389e-02 -1.13815815e-01 -2.26208698e-01 -5.20649918e-02 -2.55005185e-01 -4.43605143e-01 -1.63352370e-02 -2.36253677e-01 5.51948609e-02 -1.21990960e-01 -1.05917487e-01 -3.17548164e-02 -9.17704677e-02 -3.65921800e-01 -6.17202276e-02 -3.96119975e-01 2.64734404e-02 2.32530141e-02 -4.69113343e-03
1.60000000e+01 -4.79396960e-01 1.33850884e-01 -3.62995240e-01 7.17992818e-02 -2.12786766e-01 -3.30390607e-02 -1.34282099e-01 -1.80522121e-02 -3.24865627e-01 -1.53999582e-01 7.41492055e-02 2.12417361e-01 -5.86191821e-02 -9.67488413e-02 -8.53611895e-02 9.36261911e-03 -3.15827886e-02 -8.83038139e-02 -2.00897048e-02 -1.12155673e-01 -1.22753398e-01 2.06402921e-01 -2.46561242e-01 -2.52266792e-01 5.60434278e-02 -9.47476482e-02 4.40056415e-02 -2.28557498e-01 -3.07899727e-01 -4.23787194e-02 -2.64375369e-01 -6.52034003e-02 -1.15674887e-01 -2.31160334e-01 -5.23950198e-02 -2.45740552e-01 -4.55793052e-01 -1.55633290e-02 -2.20037813e-01 3.23951266e-02 -1.22680251e-01 -7.79347753e-02 -5.93158731e-02 -8.51939525e-02 -3.68774799e-01 -4.07733066e-02 -4.20395591e-01 2.49038381e-02 4.24443410e-03 2.45438245e-02
1.61000000e+01 -5.15783165e-01 1.70555445e-01 -3.70676502e-01 6.07990486e-02 -2.02886772e-01 -4.11195957e-02 -1.35904772e-01 2.68671175e-03 -3.23394663e-01 -1.57400260e-01 5.88468398e-02 2.11198559e-01 -5.07258440e-02 -9.43235655e-02 -9.55501384e-02 2.20045277e-03 -2.63548744e-02 -8.62688416e-02 1.69515079e-02 -1.10911165e-01 -1.30394223e-01 1.81649044e-01 -2.50867315e-01 -2.35657706e-01 4.35430983e-02 -9.99664404e-02 4.12522663e-02 -2.13979606e-01 -2.85796072e-01 -5.21304654e-02 -2.64324356e-01 -6.87605847e-02 -1.18429989e-01 -2.33468464e-01 -5.60367032e-02 -2.36184823e-01 -4.63108587e-01 -1.97851187e-02 -2.00009056e-01 5.94820222e-03 -1.21774182e-01 -4.98588398e-02 -8.69435816e-02 -8.16953315e-02 -3.66224779e-01 -2.54060472e-02 -4.37894614e-01 2.10500125e-02 -1.74045326e-02 5.49917476e-02
1.62000000e+01 -5.49238367e-01 2.02117187e-01 -3.73812707e-01 4.58406618e-02 -1.89747776e-01 -5.36194720e-02 -1.32847738e-01 1.88660549e-02 -3.17822131e-01 -1.60089711e-01 4.30539035e-02 2.05712363e-01 -4.03254878e-02 -9.18488637e-02 -1.04829526e-01 -5.58511734e-03 -2.18881770e-02 -8.26307453e-02 5.12909991e-02 -1.07872505e-01 -1.36176757e-01 1.51780751e-01 -2.52110234e-01 -2.16669941e-01 2.75065422e-02 -1.03076555e-01 3.55719947e-02 -1.97755827e-01 -2.61554148e-01 -6.55461762e-02 -2.60782330e-01 -7.41092132e-02 -1.22052501e-01 -2.33199716e-01 -6.28208053e-02 -2.26598256e-01 -4.65412701e-01 -2.88161589e-02 -1.76777439e-01 -2.34893679e-02 -1.19268804e-01 -2.24056625e-02 -1.13894487e-01 -8.16213056e-02 -3.58014514e-01 -1.60721152e-02 -4.48335009e-01 1.48768758e-02 -4.13909961e-02 8.63736605e-02
1.63000000e+01 -5.79363243e-01 2.27872096e-01 -3.72199742e-01 2.71061133e-02 -1.73562510e-01 -7.03469929e-02 -1.25198240e-01 3.03917095e-02 -3.08136040e-01 -1.62166502e-01 2.70065627e-02 1.96037118e-01 -2.76614590e-02 -8.93418989e-02 -1.13102888e-01 -1.38959991e-02 -1.82640764e-02 -7.71961980e-02 8.25149675e-02 -1.02943972e-01 -1.40220207e-01 1.17304061e-01 -2.50416696e-01 -1.95757210e-01 8.35901002e-03 -1.04250889e-01 2.72151659e-02 -1.79999912e-01 -2.35609498e-01 -8.21147383e-02 -2.54000399e-01 -8.11563172e-02 -1.26488473e-01 -2.30501190e-01 -7.25005534e-02 -2.17228630e-01 -4.62685359e-01 -4.23272054e-02 -1.51071857e-01 -5.51678062e-02 -1.15220181e-01 3.74253950e-03 -1.39484996e-01 -8.51823952e-02 -3.44085117e-01 -1.29996864e-02 -4.51635726e-01 6.43040085e-03 -6.73834174e-02 1.18384116e-01
1.64000000e+01 -6.05814956e-01 2.47281011e-01 -3.65752797e-01 4.87721934e-03 -1.54648900e-01 -9.09300182e-02 -1.13248194e-01 3.73530268e-02 -2.94438456e-01 -1.63703080e-01 1.09082335e-02 1.82345554e-01 -1.30528424e-02 -8.67918925e-02 -1.20295566e-01 -2.26254915e-02 -1.55371951e-02 -6.98379060e-02 1.10300613e-01 -9.60825975e-02 -1.42680652e-01 7.88210105e-02 -2.45975736e-01 -1.73401943e-01 -1.34000030e-02 -1.03733165e-01 1.64982390e-02 -1.60859724e-01 -2.08431790e-01 -1.01238408e-01 -2.44319679e-01 -8.97644469e-02 -1.31661165e-01 -2.25593318e-01 -8.47609794e-02 -2.08304496e-01 -4.55024663e-01 -5.98559479e-02 -1.23717782e-01 -8.82646181e-02 -1.09742724e-01 2.79548686e-02 -1.63111399e-01 -9.24420753e-02 -3.24582035e-01 -1.61864644e-02 -4.47916602e-01 -4.16425406e-03 -9.50252070e-02 1.50694654e-01
1.65000000e+01 -6.28313039e-01 2.59940366e-01 -3.54510068e-01 -2.04690329e-02 -1.33442116e-01 -1.14826338e-01 -9.74836891e-02 4.00153958e-02 -2.76942235e-01 -1.64743716e-01 -5.07268745e-03 1.64899234e-01 3.11435962e-03 -8.41634223e-02 -1.26354332e-01 -3.16602341e-02 -1.37329947e-02 -6.04984122e-02 1.34420440e-01 -8.73004111e-02 -1.43743783e-01 3.70154475e-02 -2.39033070e-01 -1.50104732e-01 -3.72121779e-02 -1.01825943e-01 3.79418878e-03 -1.40515893e-01 -1.80511682e-01 -1.22251893e-01 -2.32157901e-01 -9.97562728e-02 -1.37474293e-01 -2.18760725e-01 -9.92298198e-02 -2.00029150e-01 -4.42642849e-01 -8.08227136e-02 -9.56115401e-02 -1.21907777e-01 -1.03005262e-01 4.96669315e-02 -1.84266266e-01 -1.03311718e-01 -2.99853337e-01 -2.54030133e-02 -4.37491526e-01 -1.67078357e-02 -1.23938061e-01 1.82957561e-01
1.66000000e+01 -6.46643946e-01 2.65589672e-01 -3.38632942e-01 -4.84685149e-02 -1.10481987e-01 -1.41340679e-01 -7.85669518e-02 3.88063673e-02 -2.55963766e-01 -1.65304398e-01 -2.08033108e-02 1.44040537e-01 2.03981038e-02 -8.14008153e-02 -1.31246441e-01 -4.08821569e-02 -1.28463994e-02 -4.91917945e-02 1.54744051e-01 -7.66651517e-02 -1.43617200e-01 -7.36294571e-03 -2.29884002e-01 -1.26373641e-01 -6.24770863e-02 -9.88770475e-02 -1.04786388e-02 -1.19179481e-01 -1.52347235e-01 -1.44443227e-01 -2.17993990e-01 -1.10920225e-01 -1.43815820e-01 -2.10341437e-01 -1.15489598e-01 -1.92575475e-01 -4.25859319e-01 -1.04549657e-01 -6.76919920e-02 -1.55200848e-01 -9.52249989e-02 6.83932610e-02 -2.02550728e-01 -1.17551544e-01 -2.70440331e-01 -4.02042186e-02 -4.20855117e-01 -3.09350981e-02 -1.53725050e-01 2.14809918e-01
1.67000000e+01 -6.60664195e-01 2.64115603e-01 -3.18402664e-01 -7.85811496e-02 -8.63961874e-02 -1.69647755e-01 -5.73114141e-02 3.42958614e-02 -2.31911984e-01 -1.65374568e-01 -3.61850657e-02 1.20182484e-01 3.83128815e-02 -7.84334183e-02 -1.34958232e-01 -5.01703572e-02 -1.28414994e-02 -3.60031752e-02 1.71237366e-01 -6.42994213e-02 -1.42522495e-01 -5.35159866e-02 -2.18865130e-01 -1.02713631e-01 -8.85696596e-02 -9.52648909e-02 -2.58688920e-02 -9.70887336e-02 -1.24430324e-01 -1.67075691e-01 -2.02351199e-01 -1.23016982e-01 -1.50562164e-01 -2.00714848e-01 -1.33090483e-01 -1.86081807e-01 -4.05090917e-01 -1.30282838e-01 -4.09105853e-02 -1.87249235e-01 -8.66595521e-02 8.37366992e-02 -2.17682372e-01 -1.34777551e-01 -2.37060860e-01 -5.99483944e-02 -3.98663438e-01 -4.65255865e-02 -1.83973512e-01 2.45877873e-01
1.68000000e+01 -6.70302040e-01 2.55552630e-01 -2.94213591e-01 -1.10204930e-01 -6.18797906e-02 -1.98820528e-01 -3.46508043e-02 2.71711883e-02 -2.05274092e-01 -1.64920533e-01 -5.11510045e-02 9.37967162e-02 5.63435885e-02 -7.51815008e-02 -1.37493362e-01 -5.94028461e-02 -1.36523497e-02 -2.10860160e-02 1.83959261e-01 -5.03782840e-02 -1.40687354e-01 -1.00615180e-01 -2.06345152e-01 -7.96163488e-02 -1.14857857e-01 -9.13831971e-02 -4.19054234e-02 -7.45049573e-02 -9.72334869e-02 -1.89410031e-01 -1.85779392e-01 -1.35786610e-01 -1.57582636e-01 -1.90288854e-01 -1.51563515e-01 -1.80648938e-01 -3.80839719e-01 -1.57216507e-01 -1.62007694e-02 -2.17186661e-01 -7.75974194e-02 9.53945989e-02 -2.29498598e-01 -1.54474142e-01 -2.00585867e-01 -8.38232742e-02 -3.71709468e-01 -6.31166579e-02 -2.14257824e-01 2.75781130e-01
1.69000000e+01 -6.75557678e-01 2.40080218e-01 -2.66563233e-01 -1.42692311e-01 -3.76719120e-02 -2.27862679e-01 -1.16033985e-02 1.82078007e-02 -1.76598528e-01 -1.63890270e-01 -6.56618316e-02 6.54000574e-02 7.39602497e-02 -7.15625303e-02 -1.38870773e-01 -6.84581215e-02 -1.51848430e-02 -4.65725898e-03 1.93055700e-01 -3.51253555e-02 -1.38337918e-01 -1.47820239e-01 -1.92715069e-01 -5.75505378e-02 -1.40720002e-01 -8.76256300e-02 -5.81109282e-02 -5.17076887e-02 -7.11976297e-02 -2.10726191e-01 -1.68837088e-01 -1.48956109e-01 -1.64743950e-01 -1.79486588e-01 -1.70433795e-01 -1.76338346e-01 -3.53678717e-01 -1.84518824e-01 5.55220943e-03 -2.44200999e-01 -6.83472658e-02 1.03161844e-01 -2.37955511e-01 -1.76011979e-01 -1.62010122e-01 -1.10877873e-01 -3.40894252e-01 -8.03181956e-02 -2.44142167e-01 3.04137587e-01
1.70000000e+01 -6.76501975e-01 2.18016725e-01 -2.36039408e-01 -1.75368419e-01 -1.45303062e-02 -2.55744085e-01 1.07672479e-02 8.23686538e-03 -1.46475856e-01 -1.62219314e-01 -7.97009322e-02 3.55400851e-02 9.06331360e-02 -6.74975488e-02 -1.39122496e-01 -7.72165492e-02 -1.73195886e-02 1.30095366e-02 1.98751546e-01 -1.88074796e-02 -1.35691625e-01 -1.94297414e-01 -1.78378144e-01 -3.69532616e-02 -1.65561295e-01 -8.43708181e-02 -7.40155747e-02 -2.89892765e-02 -4.67209778e-02 -2.30343855e-01 -1.52073881e-01 -1.62247147e-01 -1.71914655e-01 -1.68733165e-01 -1.89233258e-01 -1.73171711e-01 -3.24235807e-01 -2.11358202e-01 2.35401512e-02 -2.67558596e-01 -5.92265140e-02 1.06930826e-01 -2.43122579e-01 -1.98670345e-01 -1.22418173e-01 -1.40058999e-01 -3.07194806e-01 -9.77283998e-02 -2.73183399e-01 3.30568126e-01
1.71000000e+01 -6.73273800e-01 1.89810191e-01 -2.03304893e-01 -2.07550462e-01 6.79515395e-03 -2.81438015e-01 3.13936339e-02 -1.88912772e-03 -1.15518333e-01 -1.59837344e-01 -9.32687044e-02 4.78018713e-03 1.05847799e-01 -6.29173840e-02 -1.38291380e-01 -8.55615499e-02 -1.99156914e-02 3.15928210e-02 2.01340311e-01 -1.72814354e-03 -1.32950722e-01 -2.39237151e-01 -1.63739898e-01 -1.82221249e-02 -1.88829092e-01 -8.19682254e-02 -8.91701923e-02 -6.64904578e-03 -2.41496115e-02 -2.47641139e-01 -1.36013776e-01 -1.75383719e-01 -1.78969322e-01 -1.58442836e-01 -2.07512683e-01 -1.71131694e-01 -2.93176580e-01 -2.36929401e-01 3.70584822e-02 -2.86626327e-01 -5.05497346e-02 1.06688629e-01 -2.45173448e-01 -2.21663174e-01 -8.29468108e-02 -1.70251025e-01 -2.71629959e-01 -1.14949990e-01 -3.00934176e-01 3.54701480e-01
1.72000000e+01 -6.66076027e-01 1.56026304e-01 -1.69080075e-01 -2.38567656e-01 2.55891212e-02 -3.03958676e-01 4.92461785e-02 -1.13314147e-02 -8.43389765e-02 -1.56675082e-01 -1.06376516e-01 -2.63154155e-02 1.19119556e-01 -5.77684416e-02 -1.36428838e-01 -9.33806020e-02 -2.28152839e-02 5.07331344e-02 2.01172222e-01 1.57801749e-02 -1.30296588e-01 -2.81870663e-01 -1.49198441e-01 -1.70861516e-03 -2.10026593e-01 -8.07252740e-02 -1.03158607e-01 1.50128023e-02 -3.76987467e-03 -2.62070946e-01 -1.21139932e-01 -1.88099515e-01 -1.85792361e-01 -1.49006924e-01 -2.24852650e-01 -1.70163945e-01 -2.61186445e-01 -2.60478530e-01 4.55297853e-02 -3.00890742e-01 -4.26173256e-02 1.02511735e-01 -2.44373429e-01 -2.44167728e-01 -4.47454245e-02 -2.00317424e-01 -2.35225377e-01 -1.31606143e-01 -3.26946452e-01 3.76179182e-01
1.73000000e+01 -6.55170327e-01 1.17333891e-01 -1.34124090e-01 -2.67780981e-01 4.11965438e-02 -3.22397727e-01 6.33740607e-02 -1.92993362e-02 -5.35309411e-02 -1.52671130e-01 -1.19040605e-01 -5.71961976e-02 1.30006982e-01 -5.20178452e-02 -1.33592686e-01 -1.00566082e-01 -2.58486395e-02 7.00442786e-02 1.98640993e-01 3.33644982e-02 -1.27884990e-01 -3.21485064e-01 -1.35135353e-01 1.22873532e-02 -2.28724666e-01 -8.08960813e-02 -1.15608757e-01 3.57014014e-02 1.41971451e-02 -2.73174579e-01 -1.07881213e-01 -2.00144763e-01 -1.92281352e-01 -1.40782847e-01 -2.40873182e-01 -1.70180233e-01 -2.28952637e-01 -2.81326141e-01 4.85236311e-02 -3.09973797e-01 -3.57049279e-02 9.45586202e-02 -2.41064297e-01 -2.65354825e-01 -8.93573152e-03 -2.29142516e-01 -1.98979050e-01 -1.47355492e-01 -3.50775485e-01 3.94660530e-01
1.74000000e+01 -6.40870891e-01 7.44883280e-02 -9.92150670e-02 -2.94602069e-01 5.30465868e-02 -3.35958389e-01 7.29435123e-02 -2.50827403e-02 -2.36480209e-02 -1.47778353e-01 -1.31276227e-01 -8.73389579e-02 1.38123997e-01 -4.56577212e-02 -1.29845161e-01 -1.07015968e-01 -2.88396670e-02 8.91251844e-02 1.94169768e-01 5.06604231e-02 -1.25842316e-01 -3.57436835e-01 -1.21907305e-01 2.35216467e-02 -2.44571575e-01 -8.26721365e-02 -1.26202277e-01 5.51333925e-02 2.95989601e-02 -2.80592377e-01 -9.66008517e-02 -2.11292372e-01 -1.98349779e-01 -1.34084515e-01 -2.55241901e-01 -1.71062564e-01 -1.97146650e-01 -2.98887654e-01 4.57721840e-02 -3.13644783e-01 -3.00539753e-02 8.30606349e-02 -2.35647086e-01 -2.84419460e-01 2.34276276e-02 -2.55671891e-01 -1.63828478e-01 -1.61905576e-01 -3.71984434e-01 4.09827547e-01
1.75000000e+01 -6.23537249e-01 2.83133200e-02 -6.51300108e-02 -3.18510558e-01 6.06737945e-02 -3.43985911e-01 7.72721325e-02 -2.80811816e-02 4.81298263e-03 -1.41969498e-01 -1.43092342e-01 -1.16260133e-01 1.43150187e-01 -3.87084625e-02 -1.25251187e-01 -1.12634429e-01 -3.16115816e-02 1.07572065e-01 1.88196707e-01 6.73015151e-02 -1.24262836e-01 -3.89163399e-01 -1.09838557e-01 3.18088582e-02 -2.57300421e-01 -8.61751984e-02 -1.34682289e-01 7.30429099e-02 4.23528409e-02 -2.84071240e-01 -8.75874462e-02 -2.21343213e-01 -2.03929112e-01 -1.29174314e-01 -2.67680532e-01 -1.72668133e-01 -1.66407612e-01 -3.12690471e-01 3.71811306e-02 -3.11828143e-01 -2.58637257e-02 6.83115784e-02 -2.28563625e-01 -3.00610637e-01 5.13941629e-02 -2.78950007e-01 -1.30620727e-01 -1.75024154e-01 -3.90149621e-01 4.21389875e-01
1.76000000e+01 -6.03566347e-01 -2.03184660e-02 -3.26249560e-02 -3.39069313e-01 6.37356842e-02 -3.45993220e-01 7.58579344e-02 -2.78288157e-02 3.14273660e-02 -1.35241738e-01 -1.54487070e-01 -1.43526454e-01 1.44839094e-01 -3.12208422e-02 -1.19876932e-01 -1.17332329e-01 -3.39925372e-02 1.24990455e-01 1.81160668e-01 8.29287571e-02 -1.23207010e-01 -4.16192685e-01 -9.92144359e-02 3.70239948e-02 -2.66734161e-01 -9.14526490e-02 -1.40859219e-01 8.91872367e-02 5.24448677e-02 -2.83468989e-01 -8.10484557e-02 -2.30130436e-01 -2.08970175e-01 -1.26256837e-01 -2.77969690e-01 -1.74834913e-01 -1.37327072e-01 -3.22387239e-01 2.28355211e-02 -3.04606869e-01 -2.32850599e-02 5.06564039e-02 -2.20277583e-01 -3.13259299e-01 7.41509040e-02 -2.98153607e-01 -1.00086419e-01 -1.86547916e-01 -4.04866477e-01 4.29089554e-01
1.77000000e+01 -5.81384091e-01 -7.05054278e-02 -2.41593045e-03 -3.55936965e-01 6.20260896e-02 -3.41680822e-01 6.84020265e-02 -2.40140495e-02 5.58545470e-02 -1.27619929e-01 -1.65444133e-01 -1.68763676e-01 1.43024245e-01 -2.32768957e-02 -1.13788721e-01 -1.21027669e-01 -3.58210210e-02 1.41006740e-01 1.73487450e-01 9.71997964e-02 -1.22700858e-01 -4.38150537e-01 -9.02758998e-02 3.91029236e-02 -2.72788096e-01 -9.84754651e-02 -1.44614495e-01 1.03351992e-01 5.99270125e-02 -2.78755586e-01 -7.71062736e-02 -2.37522722e-01 -2.13443781e-01 -1.25474471e-01 -2.85951897e-01 -1.77387691e-01 -1.10435603e-01 -3.27764847e-01 3.00017053e-03 -2.92221227e-01 -2.24162717e-02 3.04794709e-02 -2.11255764e-01 -3.21803282e-01 9.10508290e-02 -3.12619732e-01 -7.28185619e-02 -1.96388197e-01 -4.15756146e-01 4.32705624e-01
1.78000000e+01 -5.57436539e-01 -1.21337206e-01 2.48387226e-02 -3.68877338e-01 5.54837277e-02 -3.30950174e-01 5.48240576e-02 -1.64932082e-02 7.78465794e-02 -1.19158395e-01 -1.75930416e-01 -1.91663212e-01 1.37622838e-01 -1.49895307e-02 -1.07052300e-01 -1.23645992e-01 -3.69508243e-02 1.55278844e-01 1.65576995e-01 1.09797744e-01 -1.22736392e-01 -4.54765893e-01 -8.32152610e-02 3.80416063e-02 -2.75469786e-01 -1.07138892e-01 -1.45902069e-01 1.15355723e-01 6.49124354e-02 -2.70011273e-01 -7.57969187e-02 -2.43426446e-01 -2.17340644e-01 -1.26904897e-01 -2.91532832e-01 -1.80144331e-01 -8.61915517e-02 -3.28748935e-01 -2.18856188e-02 -2.75062653e-01 -2.33009886e-02 8.19275636e-03 -2.01950333e-01 -3.25808384e-01 1.01635307e-01 -3.21867346e-01 -4.92569362e-02 -2.04533437e-01 -4.22472664e-01 4.32058459e-01
1.79000000e+01 -5.32180958e-01 -1.71914524e-01 4.85541847e-02 -3.77765442e-01 4.41956409e-02 -3.13910028e-01 3.52698191e-02 -5.29770492e-03 9.72528723e-02 -1.09941160e-01 -1.85894744e-01 -2.11986592e-01 1.28637042e-01 -6.50087392e-03 -9.97324558e-02 -1.25120780e-01 -3.72554325e-02 1.67505749e-01 1.57791922e-01 1.20439303e-01 -1.23273118e-01 -4.65873651e-01 -7.81731367e-02 3.38941696e-02 -2.74876410e-01 -1.17265804e-01 -1.44747749e-01 1.25053784e-01 6.75692077e-02 -2.57421759e-01 -7.70713157e-02 -2.47786727e-01 -2.20670579e-01 -1.30560500e-01 -2.94680875e-01 -1.82922051e-01 -6.49722031e-02 -3.25403785e-01 -5.12190615e-02 -2.53662817e-01 -2.59282775e-02 -1.57755915e-02 -1.92782639e-01 -3.24984758e-01 1.05649736e-01 -3.25611802e-01 -2.96785496e-02 -2.11048251e-01 -4.24710593e-01 4.27013776e-01
1.80000000e+01 -5.06076929e-01 -2.21368235e-01 6.82327464e-02 -3.82589812e-01 2.83953534e-02 -2.90875480e-01 1.01106776e-02 9.36556074e-03 1.14020972e-01 -1.00080583e-01 -1.95267893e-01 -2.29567750e-01 1.16152982e-01 2.02059467e-03 -9.18929720e-02 -1.25393844e-01 -3.66317056e-02 1.77435613e-01 1.50447687e-01 1.28882013e-01 -1.24240558e-01 -4.71415205e-01 -7.52366710e-02 2.67698765e-02 -2.71189687e-01 -1.28612644e-01 -1.41246416e-01 1.32341413e-01 6.81126985e-02 -2.41270616e-01 -8.07990748e-02 -2.50587389e-01 -2.23461062e-01 -1.36389629e-01 -2.95425014e-01 -1.85543519e-01 -4.70675397e-02 -3.17927657e-01 -8.42504241e-02 -2.28678094e-01 -3.02348975e-02 -4.09920039e-02 -1.84129161e-01 -3.19198050e-01 1.03051809e-01 -3.23771684e-01 -1.41944342e-02 -2.16069101e-01 -4.22212941e-01 4.17486199e-01
1.81000000e+01 -4.79577711e-01 -2.68877122e-01 8.34747930e-02 -3.83451130e-01 8.45578096e-03 -2.62359723e-01 -2.00651882e-02 2.71205971e-02 1.28193421e-01 -8.97144484e-02 -2.03963819e-01 -2.44313202e-01 1.00337529e-01 1.03840226e-02 -8.35968640e-02 -1.24415756e-01 -3.50027530e-02 1.84872270e-01 1.43804611e-01 1.34930448e-01 -1.25541719e-01 -4.71436684e-01 -7.44390376e-02 1.68290919e-02 -2.64668512e-01 -1.40877717e-01 -1.35557233e-01 1.37155924e-01 6.67968838e-02 -2.21929155e-01 -8.67746113e-02 -2.51849871e-01 -2.25755207e-01 -1.44279611e-01 -2.93851262e-01 -1.87842554e-01 -3.26766875e-02 -3.06643778e-01 -1.20104641e-01 -2.00869903e-01 -3.61095693e-02 -6.70272531e-02 -1.76310044e-01 -3.08474891e-01 9.40121379e-02 -3.16467843e-01 -2.75281871e-03 -2.19796742e-01 -4.14779191e-01 4.03442334e-01
1.82000000e+01 -4.53122027e-01 -3.13684096e-01 9.39869362e-02 -3.80557178e-01 -1.51228739e-02 -2.29058785e-01 -5.44694783e-02 4.74352773e-02 1.39900843e-01 -7.90016131e-02 -2.11882012e-01 -2.56200256e-01 8.14330651e-02 1.83811462e-02 -7.49068510e-02 -1.22146306e-01 -3.23199353e-02 1.89679990e-01 1.38061943e-01 1.38441181e-01 -1.27057414e-01 -4.66084981e-01 -7.57602058e-02 4.27835580e-03 -2.55639572e-01 -1.53711556e-01 -1.27897064e-01 1.39477974e-01 6.39048578e-02 -1.99844077e-01 -9.47253714e-02 -2.51631166e-01 -2.27609275e-01 -1.54061354e-01 -2.90097754e-01 -1.89669296e-01 -2.19070555e-02 -2.91987313e-01 -1.57807330e-01 -1.71081542e-01 -4.33990537e-02 -9.34650043e-02 -1.69580530e-01 -2.93002570e-01 7.89072143e-02 -3.04014726e-01 4.85152891e-03 -2.22485691e-01 -4.02273177e-01 3.84903234e-01
1.83000000e+01 -4.27126452e-01 -3.55110425e-01 9.95871312e-02 -3.74214315e-01 -4.17298160e-02 -1.91829780e-01 -9.21378330e-02 6.96403850e-02 1.49351580e-01 -6.81163785e-02 -2.18910859e-01 -2.65273376e-01 5.97504210e-02 2.57920633e-02 -6.58859931e-02 -1.18555027e-01 -2.85639539e-02 1.91786391e-01 1.33354066e-01 1.39326426e-01 -1.28651259e-01 -4.55601711e-01 -7.91289224e-02 -1.06352940e-02 -2.44486250e-01 -1.66728959e-01 -1.18532323e-01 1.39331868e-01 5.97388502e-02 -1.75523330e-01 -1.04321864e-01 -2.50020884e-01 -2.29089798e-01 -1.65515347e-01 -2.84348710e-01 -1.90894674e-01 -1.47760835e-02 -2.74488834e-01 -1.96314346e-01 -1.40212317e-01 -5.19157599e-02 -1.19909013e-01 -1.64125487e-01 -2.73122937e-01 5.83050248e-02 -2.86904414e-01 8.96222604e-03 -2.24431159e-01 -3.84630576e-01 3.61946186e-01
1.84000000e+01 -4.01978541e-01 -3.92567747e-01 1.00206718e-01 -3.64815784e-01 -7.06643454e-02 -1.51663422e-01 -1.31960438e-01 9.29540486e-02 1.56818298e-01 -5.72418176e-02 -2.24931846e-01 -2.71638904e-01 3.56602151e-02 3.23916194e-02 -5.65984231e-02 -1.13621781e-01 -2.37450132e-02 1.91183492e-01 1.29748872e-01 1.37556233e-01 -1.30175184e-01 -4.40315285e-01 -8.44258482e-02 -2.76305912e-02 -2.31636180e-01 -1.79522256e-01 -1.07769596e-01 1.36784903e-01 5.46100631e-02 -1.49520624e-01 -1.15189135e-01 -2.47137536e-01 -2.30270451e-01 -1.78378829e-01 -2.76827502e-01 -1.91414099e-01 -1.12154207e-02 -2.54754906e-01 -2.34543829e-01 -1.09189828e-01 -6.14465465e-02 -1.45988900e-01 -1.60057071e-01 -2.49320793e-01 3.29438634e-02 -2.65784034e-01 1.00411202e-02 -2.25953935e-01 -3.61865689e-01 3.34705742e-01
1.85000000e+01 -3.78030819e-01 -4.25567624e-01 9.58894157e-02 -3.52827283e-01 -1.01159788e-01 -1.09651785e-01 -1.72718113e-01 1.16510661e-01 1.62622137e-01 -4.65623356e-02 -2.29824406e-01 -2.75458317e-01 9.58283817e-03 3.79561926e-02 -4.71101018e-02 -1.07337428e-01 -1.79020662e-02 1.87926920e-01 1.27248289e-01 1.33159203e-01 -1.31475251e-01 -4.20631314e-01 -9.14877692e-02 -4.63987219e-02 -2.17547866e-01 -1.91675307e-01 -9.59453566e-02 1.31945776e-01 4.88286547e-02 -1.22419128e-01 -1.26919281e-01 -2.43124194e-01 -2.31228777e-01 -1.92353891e-01 -2.67789043e-01 -1.91150281e-01 -1.10772820e-02 -2.33446532e-01 -2.71409643e-01 -7.89413885e-02 -7.17623349e-02 -1.71364515e-01 -1.57415467e-01 -2.22207258e-01 3.70516794e-03 -2.41427493e-01 8.64389777e-03 -2.27383860e-01 -3.34077246e-01 3.03373908e-01
1.86000000e+01 -3.55595737e-01 -4.53728530e-01 8.67874084e-02 -3.38770338e-01 -1.32409798e-01 -6.69524491e-02 -2.13122627e-01 1.39393222e-01 1.67115064e-01 -3.62557877e-02 -2.33471194e-01 -2.76940262e-01 -1.80226376e-02 4.22706478e-02 -3.74895264e-02 -9.97045663e-02 -1.11011826e-02 1.82133338e-01 1.25790869e-01 1.26221701e-01 -1.32397559e-01 -3.97021596e-01 -1.00112789e-01 -6.66102312e-02 -2.02696791e-01 -2.02777682e-01 -8.34151837e-02 1.24962085e-01 4.26941856e-02 -9.48148886e-02 -1.39084572e-01 -2.38143647e-01 -2.32042883e-01 -2.07116237e-01 -2.57511747e-01 -1.90055154e-01 -1.41426635e-02 -2.11256281e-01 -3.05854997e-01 -5.03655347e-02 -8.26281179e-02 -1.95728946e-01 -1.56172493e-01 -1.92498753e-01 -2.84185842e-02 -2.14702656e-01 5.39246260e-03 -2.29042554e-01 -3.01452903e-01 2.68199442e-01
1.87000000e+01 -3.34941653e-01 -4.76780170e-01 7.31547154e-02 -3.23204064e-01 -1.63596068e-01 -2.47503127e-02 -2.51859819e-01 1.60667898e-01 1.70661162e-01 -2.64855107e-02 -2.35763543e-01 -2.76331624e-01 -4.66703205e-02 4.51352299e-02 -2.78083265e-02 -9.07383456e-02 -3.43310338e-03 1.73976219e-01 1.25256293e-01 1.16885596e-01 -1.32794046e-01 -3.70011975e-01 -1.10066386e-01 -8.79219687e-02 -1.87561468e-01 -2.12438514e-01 -7.05428571e-02 1.16017004e-01 3.64868288e-02 -6.73005113e-02 -1.51250746e-01 -2.32373212e-01 -2.32788225e-01 -2.22324351e-01 -2.46289286e-01 -1.88110876e-01 -2.01310575e-02 -1.88884966e-01 -3.36885069e-01 -2.43046371e-02 -9.38129248e-02 -2.18810299e-01 -1.56237764e-01 -1.60992447e-01 -6.23597029e-02 -1.86535292e-01 9.45211373e-04 -2.31226140e-01 -2.64272157e-01 2.29486195e-01
1.88000000e+01 -3.16289904e-01 -4.94565132e-01 5.53381421e-02 -3.06705985e-01 -1.93916432e-01 1.57815689e-02 -2.87634025e-01 1.79419543e-01 1.73617638e-01 -1.73926467e-02 -2.36606853e-01 -2.73907924e-01 -7.58598001e-02 4.63721685e-02 -1.81416931e-02 -8.04673092e-02 4.98992435e-03 1.63680119e-01 1.25471605e-01 1.05344610e-01 -1.32527975e-01 -3.40169383e-01 -1.21088181e-01 -1.09983900e-01 -1.72609832e-01 -2.20299509e-01 -5.76897138e-02 1.05325206e-01 3.04596035e-02 -4.04496014e-02 -1.62990072e-01 -2.25999346e-01 -2.33534564e-01 -2.37628810e-01 -2.34422388e-01 -1.85329927e-01 -2.87112857e-02 -1.67018716e-01 -3.63597491e-01 -1.51954036e-03 -1.05099303e-01 -2.40372407e-01 -1.57467014e-01 -1.28539086e-01 -9.70134820e-02 -1.57871195e-01 -4.03359101e-03 -2.34188706e-01 -2.22907411e-01 1.87590480e-01
1.89000000e+01 -2.99812966e-01 -5.07037942e-01 3.37661469e-02 -2.89852591e-01 -2.22612329e-01 5.35207190e-02 -3.19212240e-01 1.94786851e-01 1.76316343e-01 -9.08913975e-03 -2.35925664e-01 -2.69963353e-01 -1.05088539e-01 4.58317834e-02 -8.56859774e-03 -6.89342474e-02 1.40379133e-02 1.51513653e-01 1.26218950e-01 9.18393732e-02 -1.31478927e-01 -3.08088406e-01 -1.32899241e-01 -1.32445634e-01 -1.58286395e-01 -2.26046695e-01 -4.52045881e-02 9.31281344e-02 2.48318472e-02 -1.48024081e-02 -1.73893799e-01 -2.19212199e-01 -2.34343200e-01 -2.52681483e-01 -2.22210872e-01 -1.81754331e-01 -3.95130667e-02 -1.46307218e-01 -3.85209703e-01 1.73329079e-02 -1.16291898e-01 -2.60214639e-01 -1.59672106e-01 -9.60142566e-02 -1.31277334e-01 -1.29637982e-01 -8.90410643e-03 -2.38127217e-01 -1.77822951e-01 1.42917445e-01
1.90000000e+01 -2.85633721e-01 -5.14261632e-01 8.93601351e-03 -2.73200310e-01 -2.48994624e-01 8.74321709e-02 -3.45466464e-01 2.05995862e-01 1.79046589e-01 -1.65176976e-03 -2.33668186e-01 -2.64800767e-01 -1.33864007e-01 4.33979002e-02 8.28233188e-04 -5.61970076e-02 2.35673643e-02 1.37781401e-01 1.27244542e-01 7.66513409e-02 -1.29547137e-01 -2.74377734e-01 -1.45209698e-01 -1.54962539e-01 -1.45000494e-01 -2.29420581e-01 -3.34145901e-02 7.96887479e-02 1.97840818e-02 9.14696422e-03 -1.83583657e-01 -2.12200259e-01 -2.35264539e-01 -2.67144374e-01 -2.09946146e-01 -1.77454058e-01 -5.21389482e-02 -1.27343797e-01 -4.01082339e-01 3.17187345e-02 -1.27224755e-01 -2.78171032e-01 -1.62632207e-01 -6.42891609e-02 -1.64089399e-01 -1.02708045e-01 -1.30796827e-02 -2.43168584e-01 -1.29571677e-01 9.59164602e-02
1.91000000e+01 -2.73825783e-01 -5.16401998e-01 -1.86002451e-02 -2.57267575e-01 -2.72466815e-01 1.16602280e-01 -3.65412757e-01 2.12390573e-01 1.82039978e-01 4.88244272e-03 -2.29810051e-01 -2.58721953e-01 -1.61715227e-01 3.89924137e-02 9.96260738e-03 -4.23292135e-02 3.34258004e-02 1.22815000e-01 1.28268586e-01 6.00957307e-02 -1.26657041e-01 -2.39646864e-01 -1.57726448e-01 -1.77201364e-01 -1.33115924e-01 -2.30224506e-01 -2.26168966e-02 6.52858610e-02 1.54543710e-02 3.09615003e-02 -1.91722146e-01 -2.05145220e-01 -2.36336064e-01 -2.80697890e-01 -1.97904326e-01 -1.72524681e-01 -6.61762542e-02 -1.10647847e-01 -4.10738077e-01 4.12415956e-02 -1.37767052e-01 -2.94108934e-01 -1.66105591e-01 -3.42019757e-02 -1.94465203e-01 -7.78640993e-02 -1.60529411e-02 -2.49359469e-01 -7.87894481e-02 4.70755566e-02
1.92000000e+01 -2.64414832e-01 -5.13719785e-01 -4.82508082e-02 -2.42518576e-01 -2.92544802e-01 1.40268222e-01 -3.78245631e-01 2.13459526e-01 1.85457914e-01 1.05191834e-02 -2.24357136e-01 -2.52018444e-01 -1.88203424e-01 3.25788670e-02 1.87454294e-02 -2.74208385e-02 4.34564440e-02 1.06963712e-01 1.28995825e-01 4.25136823e-02 -1.22759921e-01 -2.04493397e-01 -1.70160675e-01 -1.98845283e-01 -1.22942211e-01 -2.28331032e-01 -1.30716522e-02 5.02082053e-02 1.19362077e-02 5.02701819e-02 -1.98021374e-01 -1.98217207e-01 -2.37580756e-01 -2.93048334e-01 -1.86340151e-01 -1.67084376e-01 -8.12087301e-02 -9.66500163e-02 -4.13875515e-01 4.56530613e-02 -1.47827042e-01 -3.07927379e-01 -1.69841520e-01 -6.53085917e-03 -2.21530992e-01 -5.57686748e-02 -1.74181678e-02 -2.56659354e-01 -2.61870238e-02 -3.08503072e-03
1.93000000e+01 -2.57380891e-01 -5.06561055e-01 -7.93993444e-02 -2.29349286e-01 -3.08872457e-01 1.57842141e-01 -3.83366570e-01 2.08857390e-01 1.89382324e-01 1.53079311e-02 -2.17347285e-01 -2.44963157e-01 -2.12931508e-01 2.41649484e-02 2.70855340e-02 -1.15785783e-02 5.35028700e-02 9.05847478e-02 1.29126416e-01 2.42638457e-02 -1.17835606e-01 -1.69491277e-01 -1.82234947e-01 -2.19598338e-01 -1.14727688e-01 -2.23686320e-01 -4.99604394e-03 3.47483359e-02 9.27791996e-03 6.67747363e-02 -2.02250277e-01 -1.91570467e-01 -2.39005990e-01 -3.03934443e-01 -1.75481803e-01 -1.61270370e-01 -9.68275928e-02 -8.56804552e-02 -4.10377856e-01 4.48582415e-02 -1.57354072e-01 -3.19555393e-01 -1.73591684e-01 1.80304286e-02 -2.44552553e-01 -3.69387120e-02 -1.68891332e-02 -2.64937243e-01 2.74603813e-02 -5.40201283e-02
1.94000000e+01 -2.52661443e-01 -4.95346046e-01 -1.11420244e-01 -2.18076195e-01 -3.21232451e-01 1.68929115e-01 -3.80405701e-01 1.98420718e-01 1.93810012e-01 1.93410549e-02 -2.08850852e-01 -2.37803070e-01 -2.35552184e-01 1.38038374e-02 3.48907766e-02 5.07403159e-03 6.34134737e-02 7.40336539e-02 1.28366779e-01 5.71362263e-03 -1.11893169e-01 -1.35180254e-01 -1.93689640e-01 -2.39189228e-01 -1.08654535e-01 -2.16312417e-01 1.44039605e-03 1.91965073e-02 7.48354072e-03 8.02541620e-02 -2.04240072e-01 -1.85339652e-01 -2.40602939e-01 -3.13132851e-01 -1.65526729e-01 -1.55234943e-01 -1.12641713e-01 -7.79604115e-02 -4.00316215e-01 3.89166888e-02 -1.66338625e-01 -3.28950362e-01 -1.77120730e-01 3.88934329e-02 -2.62958448e-01 -2.17262598e-02 -1.43116377e-02 -2.73972232e-01 8.13258052e-02 -1.05167597e-01
1.95000000e+01 -2.50155295e-01 -4.80556836e-01 -1.43693370e-01 -2.08928118e-01 -3.29551925e-01 1.73338305e-01 -3.69235846e-01 1.82177297e-01 1.98650905e-01 2.27508798e-02 -1.98969990e-01 -2.30753128e-01 -2.55774485e-01 1.59436356e-03 4.20693548e-02 2.23968042e-02 7.30456037e-02 5.76550417e-02 1.26440124e-01 -1.27697104e-02 -1.04970664e-01 -1.02056822e-01 -2.04288483e-01 -2.57374451e-01 -1.04835836e-01 -2.06307424e-01 6.11918527e-03 3.83464988e-03 6.51504835e-03 9.05670166e-02 -2.03887846e-01 -1.79636765e-01 -2.42346489e-01 -3.20462352e-01 -1.56638530e-01 -1.49141114e-01 -1.28286678e-01 -7.35974066e-02 -3.83947476e-01 2.80386182e-02 -1.74810403e-01 -3.36096631e-01 -1.80215457e-01 5.55917268e-02 -2.76356854e-01 -1.03060176e-02 -9.67028559e-03 -2.83458047e-01 1.34545308e-01 -1.55956881e-01
1.96000000e+01 -2.49727052e-01 -4.62724154e-01 -1.75617950e-01 -2.02041332e-01 -3.33902817e-01 1.71086957e-01 -3.49978481e-01 1.60348728e-01 2.03730296e-01 2.57047724e-02 -1.87836684e-01 -2.23991539e-01 -2.73368627e-01 -1.23200323e-02 4.85313269e-02 4.02334392e-02 8.22692212e-02 4.17739386e-02 1.23096326e-01 -3.08277667e-02 -9.71339306e-02 -7.05668192e-02 -2.13823057e-01 -2.73940764e-01 -1.03314696e-01 -1.93843515e-01 8.97489053e-03 -1.10694105e-02 6.29585007e-03 9.76514981e-02 -2.01158210e-01 -1.74548858e-01 -2.44195665e-01 -3.25786927e-01 -1.48944917e-01 -1.43158127e-01 -1.43432507e-01 -7.25841842e-02 -3.61706666e-01 1.25765787e-02 -1.82834549e-01 -3.41004362e-01 -1.82692361e-01 6.77929096e-02 -2.84545417e-01 -2.67020131e-03 -3.08921347e-03 -2.93011476e-01 1.86234528e-01 -2.05817980e-01
1.97000000e+01 -2.51212103e-01 -4.42413675e-01 -2.06625277e-01 -1.97458128e-01 -3.34496835e-01 1.62397120e-01 -3.23001400e-01 1.33346111e-01 2.08795021e-01 2.83983888e-02 -1.75609578e-01 -2.17656544e-01 -2.88169085e-01 -2.77535154e-02 5.41902834e-02 5.84124480e-02 9.09699693e-02 2.66879996e-02 1.18120884e-01 -4.81194787e-02 -8.84745520e-02 -4.10997993e-02 -2.22116144e-01 -2.88706978e-01 -1.04065368e-01 -1.79162808e-01 9.99564373e-03 -2.52673409e-02 6.71535108e-03 1.01523399e-01 -1.96083024e-01 -1.70136516e-01 -2.46094546e-01 -3.29017487e-01 -1.42536754e-01 -1.37456877e-01 -1.57789824e-01 -7.48015097e-02 -3.34193996e-01 -6.98717877e-03 -1.90506167e-01 -3.43708722e-01 -1.84403277e-01 7.53055345e-02 -2.87513824e-01 1.36907206e-03 5.17326016e-03 -3.02184480e-01 2.35506664e-01 -2.54190685e-01
1.98000000e+01 -2.54421950e-01 -4.20212123e-01 -2.36189932e-01 -1.95128792e-01 -3.31675276e-01 1.47685252e-01 -2.88908180e-01 1.01758975e-01 2.13523362e-01 3.10473137e-02 -1.62469676e-01 -2.11844725e-01 -3.00075858e-01 -4.44812078e-02 5.89651209e-02 7.67484928e-02 9.90515578e-02 1.26607900e-02 1.11342705e-01 -6.43289775e-02 -7.91070864e-02 -1.39851883e-02 -2.29023894e-01 -3.01525087e-01 -1.06996304e-01 -1.62571171e-01 9.22211669e-03 -3.85351487e-02 7.63442645e-03 1.02272065e-01 -1.88759218e-01 -1.66433174e-01 -2.47973640e-01 -3.30112368e-01 -1.37468103e-01 -1.32205417e-01 -1.71114359e-01 -8.00247533e-02 -3.02156856e-01 -3.00572596e-02 -1.97943388e-01 -3.44269353e-01 -1.85239005e-01 7.80808187e-02 -2.85439049e-01 2.16998542e-03 1.47358522e-02 -3.10479622e-01 2.81491482e-01 -3.00533885e-01
1.99000000e+01 -2.59149781e-01 -3.96713530e-01 -2.63839331e-01 -1.94916851e-01 -3.25894079e-01 1.27545142e-01 -2.48519833e-01 6.63378324e-02 2.17538297e-01 3.38773952e-02 -1.48615078e-01 -2.06610834e-01 -3.09053949e-01 -6.22436001e-02 6.27818636e-02 9.50441515e-02 1.06437398e-01 -8.36997703e-05 1.02640512e-01 -7.91727257e-02 -6.91656913e-02 1.05098377e-02 -2.34436879e-01 -3.12280736e-01 -1.11954969e-01 -1.44430108e-01 6.74495407e-03 -5.06773560e-02 8.89159404e-03 1.00054544e-01 -1.79344824e-01 -1.63445254e-01 -2.49751671e-01 -3.29076615e-01 -1.33757237e-01 -1.27564646e-01 -1.83209699e-01 -8.79340195e-02 -2.66467309e-01 -5.59450942e-02 -2.05279270e-01 -3.42770062e-01 -1.85130862e-01 7.62091943e-02 -2.78673533e-01 2.44199206e-04 2.51109536e-02 -3.17368300e-01 3.23354863e-01 -3.44334749e-01
2.00000000e+01 -2.65176126e-01 -3.72505923e-01 -2.89161421e-01 -1.96607345e-01 -3.17704683e-01 1.02724788e-01 -2.02849296e-01 2.79709579e-02 2.20423602e-01 3.71141455e-02 -1.34254956e-01 -2.01969077e-01 -3.15131115e-01 -8.07519207e-02 6.55754781e-02 1.13092108e-01 1.13071449e-01 -1.13651896e-02 9.19477140e-02 -9.24057300e-02 -5.88002980e-02 3.21809099e-02 -2.38280138e-01 -3.20893071e-01 -1.18734227e-01 -1.25146974e-01 2.70073307e-03 -6.15303900e-02 1.03096765e-02 9.50881417e-02 -1.68053388e-01 -1.61153095e-01 -2.51337710e-01 -3.25960151e-01 -1.31388489e-01 -1.23684330e-01 -1.93928309e-01 -9.81274169e-02 -2.28095798e-01 -8.38916599e-02 -2.12652917e-01 -3.39318654e-01 -1.84050260e-01 6.99119543e-02 -2.67726820e-01 -3.76632658e-03 3.57260266e-02 -3.22311170e-01 3.60318389e-01 -3.85117590e-01
