# time site_0 site_1 site_2 site_3 site_4 site_5 site_6 site_7 site_8 site_9 site_10 site_11 site_12 site_13 site_14 site_15 site_16 site_17 site_18 site_19 site_20 site_21 site_22 site_23 site_24 site_25 site_26 site_27 site_28 site_29 site_30 site_31 site_32 site_33 site_34 site_35 site_36 site_37 site_38 site_39 site_40 site_41 site_42 site_43 site_44 site_45 site_46 site_47 site_48 site_49 site_50 site_51 site_52 site_53 site_54 site_55 site_56 site_57 site_58 site_59 site_60 site_61 site_62 site_63 site_64 site_65 site_66 site_67 site_68 site_69 site_70 site_71 site_72 site_73 site_74 site_75 site_76 site_77 site_78 site_79 site_80 site_81 site_82 site_83 site_84 site_85 site_86 site_87 site_88 site_89 site_90 site_91 site_92 site_93 site_94 site_95 site_96 site_97 site_98 site_99
0.00000000e+00 8.35904942e-01 7.72414522e-01 6.72810636e-01 5.44180046e-01 3.95172874e-01 2.35470052e-01 7.51938955e-02 -7.57019556e-02 -2.08025921e-01 -3.13889157e-01 -3.87160965e-01 -4.23811836e-01 -4.22124171e-01 -3.82759027e-01 -3.08676231e-01 -2.04914316e-01 -7.82453793e-02 6.32723716e-02 2.10815460e-01 3.55356065e-01 4.88227531e-01 6.01658954e-01 6.89245608e-01 7.46326243e-01 7.70244473e-01 7.60478922e-01 7.18635284e-01 6.48302258e-01 5.54781972e-01 4.44713428e-01 3.25614227e-01 2.05370872e-01 9.17110631e-02 -8.30764444e-03 -8.87597043e-02 -1.45234202e-01 -1.75113742e-01 -1.77731921e-01 -1.54399628e-01 -1.08298975e-01 -4.42522396e-02 3.16186762e-02 1.12319654e-01 1.90470403e-01 2.58817070e-01 3.10737602e-01 3.40706492e-01 3.44688105e-01 3.20432383e-01 2.67652978e-01 1.88075460e-01 8.53516318e-02 -3.51553316e-02 -1.66701819e-01 -3.01590069e-01 -4.31662822e-01 -5.48834727e-01 -6.45626341e-01 -7.15666132e-01 -7.54127683e-01 -7.58073236e-01 -7.26680450e-01 -6.61336538e-01 -5.65592284e-01 -4.44977281e-01 -3.06686576e-01 -1.59157126e-01 -1.15596185e-02 1.26763249e-01 2.46877288e-01 3.40819931e-01 4.02110514e-01 4.26175341e-01 4.10660184e-01 3.55609721e-01 2.63501480e-01 1.39130870e-01 -1.06469534e-02 -1.77303745e-01 -3.51130623e-01 -5.21806996e-01 -6.79011703e-01 -8.13039360e-01 -9.15384409e-01 -9.79257136e-01 -1.00000000e+00 -9.75378544e-01 -9.05728789e-01 -7.93951683e-01 -6.45354537e-01 -4.67348652e-01 -2.69021182e-01 -6.06069009e-02 1.47108306e-01 3.43416284e-01 5.18309860e-01 6.63062977e-01 7.70732844e-01 8.36554044e-01 8.58201216e-01
1.00000000e-01 8.36137942e-01 7.71988723e-01 6.72696003e-01 5.44055453e-01 3.95072586e-01 2.35423242e-01 7.52125066e-02 -7.56260707e-02 -2.07913574e-01 -3.13762383e-01 -3.87033696e-01 -4.23688113e-01 -4.22002275e-01 -3.82637564e-01 -3.08559708e-01 -2.04815731e-01 -7.81830233e-02 6.32835840e-02 2.10772323e-01 3.55270550e-01 4.88122105e-01 6.01557012e-01 6.89159837e-01 7.46255388e-01 7.70180631e-01 7.60415807e-01 7.18566266e-01 6.48223593e-01 5.54700983e-01 4.44645951e-01 3.25576839e-01 2.05372894e-01 9.17521847e-02 -8.23572769e-03 -8.86685697e-02 -1.45134559e-01 -1.75013496e-01 -1.77636771e-01 -1.54314831e-01 -1.08230654e-01 -4.42071517e-02 3.16350815e-02 1.12305513e-01 1.90428506e-01 2.58753520e-01 3.10659127e-01 3.40618005e-01 3.44592343e-01 3.20331526e-01 2.67551425e-01 1.87982231e-01 8.52802660e-02 -3.51903990e-02 -1.66691564e-01 -3.01536035e-01 -4.31578415e-01 -5.48739836e-01 -6.45538367e-01 -7.15590426e-01 -7.54058785e-01 -7.58003602e-01 -7.26602680e-01 -6.61243171e-01 -5.65485204e-01 -4.44873812e-01 -3.06611561e-01 -1.59131386e-01 -1.15902890e-02 1.26684296e-01 2.46767868e-01 3.40697596e-01 4.01985215e-01 4.26048441e-01 4.10529013e-01 3.55474020e-01 2.63369879e-01 1.39023769e-01 -1.07029547e-02 -1.77288098e-01 -3.51041730e-01 -5.21666610e-01 -6.78859559e-01 -8.12915744e-01 -9.15318955e-01 -9.79339652e-01 -9.99775355e-01 -9.75473207e-01 -9.05641307e-01 -7.93802517e-01 -6.45164856e-01 -4.67168763e-01 -2.68904453e-01 -6.05887157e-02 1.47026047e-01 3.43264418e-01 5.18138393e-01 6.62917623e-01 7.70631388e-01 8.36155256e-01 8.58488739e-01
2.00000000e-01 8.36832288e-01 7.70719117e-01 6.72348199e-01 5.43682563e-01 3.94772061e-01 2.35282991e-01 7.52682696e-02 -7.53986548e-02 -2.07576783e-01 -3.13382197e-01 -3.86651900e-01 -4.23316885e-01 -4.21636535e-01 -3.82273199e-01 -3.08210272e-01 -2.04520188e-01 -7.79961303e-02 6.33171949e-02 2.10643071e-01 3.55014260e-01 4.87806057e-01 6.01251282e-01 6.88902496e-01 7.46042723e-01 7.69989008e-01 7.60226373e-01 7.18359167e-01 6.47987655e-01 5.54458162e-01 4.44443697e-01 3.25464798e-01 2.05378979e-01 9.18754691e-02 -8.02009807e-03 -8.83952725e-02 -1.44835700e-01 -1.74712799e-01 -1.77351356e-01 -1.54060489e-01 -1.08025754e-01 -4.40719434e-02 3.16842796e-02 1.12263123e-01 1.90302879e-01 2.58562935e-01 3.10423742e-01 3.40352553e-01 3.44305054e-01 3.20028977e-01 2.67246846e-01 1.87702687e-01 8.50663290e-02 -3.52955087e-02 -1.66660839e-01 -3.01374101e-01 -4.31325407e-01 -5.48455323e-01 -6.45274481e-01 -7.15363244e-01 -7.53851987e-01 -7.57794589e-01 -7.26369277e-01 -6.60963069e-01 -5.65164114e-01 -4.44563658e-01 -3.06386764e-01 -1.59054267e-01 -1.16822111e-02 1.26447645e-01 2.46439803e-01 3.40330682e-01 4.01609301e-01 4.25667672e-01 4.10135456e-01 3.55066987e-01 2.62975300e-01 1.38702771e-01 -1.08707391e-02 -1.77241208e-01 -3.50775380e-01 -5.21245887e-01 -6.78403395e-01 -8.12544325e-01 -9.15125149e-01 -9.79581918e-01 -9.99107393e-01 -9.75751535e-01 -9.05381714e-01 -7.93354255e-01 -6.44596200e-01 -4.66629715e-01 -2.68554787e-01 -6.05342274e-02 1.46779675e-01 3.42809413e-01 5.17624416e-01 6.62482376e-01 7.70322415e-01 8.34967194e-01 8.59346432e-01
3.00000000e-01 8.37974098e-01 7.68628894e-01 6.71755673e-01 5.43063979e-01 3.94272314e-01 2.35049838e-01 7.53609756e-02 -7.50204225e-02 -2.07016295e-01 -3.12749019e-01 -3.86015618e-01 -4.22697975e-01 -4.21026791e-01 -3.81666001e-01 -3.07628323e-01 -2.04028314e-01 -7.76852244e-02 6.33731247e-02 2.10428178e-01 3.54587966e-01 4.87280066e-01 6.00742061e-01 6.88473491e-01 7.45687952e-01 7.69669314e-01 7.59910359e-01 7.18013855e-01 6.47594616e-01 5.54053938e-01 4.44107194e-01 3.25278465e-01 2.05389177e-01 9.20806753e-02 -7.66111691e-03 -8.79401324e-02 -1.44337825e-01 -1.74211766e-01 -1.76875782e-01 -1.53636757e-01 -1.07684472e-01 -4.38467812e-02 3.17662178e-02 1.12192584e-01 1.90093725e-01 2.58245517e-01 3.10031560e-01 3.39910154e-01 3.43826226e-01 3.19524801e-01 2.66739486e-01 1.87237259e-01 8.47103013e-02 -3.54703835e-02 -1.66609761e-01 -3.01104775e-01 -4.30904431e-01 -5.47981657e-01 -6.44834792e-01 -7.14984387e-01 -7.53506977e-01 -7.57445872e-01 -7.25979959e-01 -6.60496225e-01 -5.64629459e-01 -4.44047585e-01 -3.06012931e-01 -1.58926075e-01 -1.18351174e-02 1.26053925e-01 2.45893681e-01 3.39719472e-01 4.00982718e-01 4.25032819e-01 4.09479385e-01 3.54388829e-01 2.62318408e-01 1.38168798e-01 -1.11496499e-02 -1.77163219e-01 -3.50332559e-01 -5.20546140e-01 -6.77643996e-01 -8.11923452e-01 -9.14810523e-01 -9.79968277e-01 -9.98013817e-01 -9.76196757e-01 -9.04958426e-01 -7.92604678e-01 -6.43649710e-01 -4.65733368e-01 -2.67973736e-01 -6.04436374e-02 1.46370403e-01 3.42053037e-01 5.16769206e-01 6.61759620e-01 7.69792286e-01 8.33014552e-01 8.60759771e-01
4.00000000e-01 8.39540529e-01 7.65756071e-01 6.70899675e-01 5.42203849e-01 3.93575062e-01 2.34724676e-01 7.54902783e-02 -7.44925589e-02 -2.06233352e-01 -3.11863541e-01 -3.85124916e-01 -4.21831091e-01 -4.20172781e-01 -3.80816088e-01 -3.06814528e-01 -2.03341154e-01 -7.72511750e-02 6.34512420e-02 2.10128434e-01 3.53992947e-01 4.86545263e-01 6.00029841e-01 6.87872672e-01 7.45190578e-01 7.69221069e-01 7.59467331e-01 7.17530111e-01 6.47044758e-01 5.53489030e-01 4.43637322e-01 3.25018440e-01 2.05403574e-01 9.23674036e-02 -7.15938443e-03 -8.73036814e-02 -1.43641274e-01 -1.73510591e-01 -1.76210226e-01 -1.53043887e-01 -1.07207133e-01 -4.35319414e-02 3.18808086e-02 1.12094065e-01 1.89801375e-01 2.57801602e-01 3.09482774e-01 3.39290843e-01 3.43155842e-01 3.18819110e-01 2.66029754e-01 1.86586658e-01 8.42129803e-02 -3.57145641e-02 -1.66538526e-01 -3.00728897e-01 -4.30316539e-01 -5.47319624e-01 -6.44219480e-01 -7.14453530e-01 -7.53023236e-01 -7.56956905e-01 -7.25434263e-01 -6.59842633e-01 -5.63881981e-01 -4.43326865e-01 -3.05491300e-01 -1.58747318e-01 -1.20485651e-02 1.25504178e-01 2.45130478e-01 3.38864432e-01 4.00105380e-01 4.24143530e-01 4.08560591e-01 3.53439892e-01 2.61400312e-01 1.37423376e-01 -1.15385994e-02 -1.77054374e-01 -3.49714903e-01 -5.19569550e-01 -6.76582624e-01 -8.11050566e-01 -9.14387198e-01 -9.80473277e-01 -9.96523403e-01 -9.76781586e-01 -9.04385002e-01 -7.91550303e-01 -6.42327237e-01 -4.64482813e-01 -2.67163874e-01 -6.03172800e-02 1.45800241e-01 3.40998219e-01 5.15574929e-01 6.60753104e-01 7.69018847e-01 8.30337789e-01 8.62704856e-01
5.00000000e-01 8.41500198e-01 7.62152567e-01 6.69755000e-01 5.41107593e-01 3.92682753e-01 2.34308742e-01 7.56556986e-02 -7.38167109e-02 -2.05229681e-01 -3.10726738e-01 -3.83979893e-01 -4.20715830e-01 -4.19074141e-01 -3.79723631e-01 -3.05769819e-01 -2.02460162e-01 -7.66951901e-02 6.35513656e-02 2.09744933e-01 3.53230981e-01 4.85603226e-01 5.99115311e-01 6.87099831e-01 7.44549916e-01 7.68643597e-01 7.58896679e-01 7.16907633e-01 6.46338482e-01 5.52764439e-01 4.43035305e-01 3.24685561e-01 2.05422289e-01 9.27350986e-02 -6.51573681e-03 -8.64866622e-02 -1.42746519e-01 -1.72609551e-01 -1.75354938e-01 -1.52282236e-01 -1.06594191e-01 -4.31278089e-02 3.20279305e-02 1.11967798e-01 1.89426293e-01 2.57231654e-01 3.08777653e-01 3.38494668e-01 3.42293877e-01 3.17912061e-01 2.65118221e-01 1.85751882e-01 8.35754760e-02 -3.60274119e-02 -1.66447407e-01 -3.00247639e-01 -4.29563201e-01 -5.46470319e-01 -6.43428804e-01 -7.13770218e-01 -7.52400039e-01 -7.56326930e-01 -7.24731542e-01 -6.59002288e-01 -5.62922718e-01 -4.42403269e-01 -3.04823592e-01 -1.58518701e-01 -1.23219393e-02 1.24799853e-01 2.44151554e-01 3.37766216e-01 3.98977173e-01 4.22999314e-01 4.07378787e-01 3.52220665e-01 2.60222559e-01 1.36468629e-01 -1.20360784e-02 -1.76915010e-01 -3.48924686e-01 -5.18319156e-01 -6.75220957e-01 -8.09922489e-01 -9.13871257e-01 -9.81062609e-01 -9.94674944e-01 -9.77469204e-01 -9.03679474e-01 -7.90186712e-01 -6.40631268e-01 -4.62882361e-01 -2.66128769e-01 -6.01556190e-02 1.45071976e-01 3.39649032e-01 5.14044693e-01 6.59467623e-01 7.67972287e-01 8.26992103e-01 8.65148872e-01
6.00000000e-01 8.43813768e-01 7.57882934e-01 6.68290996e-01 5.39781529e-01 3.91598600e-01 2.33803611e-01 7.58566293e-02 -7.29949742e-02 -2.04007490e-01 -3.09339856e-01 -3.82580683e-01 -4.19351681e-01 -4.17730413e-01 -3.78388850e-01 -3.04495389e-01 -2.01387190e-01 -7.60188076e-02 6.36732659e-02 2.09279073e-01 3.52304342e-01 4.84455973e-01 5.97999364e-01 6.86154708e-01 7.43765086e-01 7.67936034e-01 7.58197628e-01 7.16146036e-01 6.45476300e-01 5.51881451e-01 4.42302707e-01 3.24280896e-01 2.05445476e-01 9.31830534e-02 -5.73124208e-03 -8.54900268e-02 -1.41654170e-01 -1.71509001e-01 -1.74310240e-01 -1.51352260e-01 -1.05846227e-01 -4.26348746e-02 3.22074287e-02 1.11814080e-01 1.88969070e-01 2.56536271e-01 3.07916541e-01 3.37521696e-01 3.41240307e-01 3.16803861e-01 2.64005622e-01 1.84734206e-01 8.27992042e-02 -3.64081143e-02 -1.66336753e-01 -2.99662491e-01 -4.28646290e-01 -5.45435143e-01 -6.42463097e-01 -7.12933875e-01 -7.51636458e-01 -7.55554969e-01 -7.23870972e-01 -6.57975191e-01 -5.61753002e-01 -4.41279066e-01 -3.04012002e-01 -1.58241124e-01 -1.26544586e-02 1.23942794e-01 2.42958648e-01 3.36425665e-01 3.97597955e-01 4.21599553e-01 4.05933613e-01 3.50731783e-01 2.58787130e-01 1.35307264e-01 -1.26401704e-02 -1.76745560e-01 -3.47964805e-01 -5.16798849e-01 -6.73561003e-01 -8.08535800e-01 -9.13281904e-01 -9.81694365e-01 -9.92515821e-01 -9.78214576e-01 -9.02863436e-01 -7.88508971e-01 -6.38564826e-01 -4.60937527e-01 -2.64872958e-01 -5.99592443e-02 1.44189146e-01 3.38010656e-01 5.12182614e-01 6.57908593e-01 7.66616286e-01 8.23046031e-01 8.68050716e-01
7.00000000e-01 8.46434675e-01 7.53022795e-01 6.66472795e-01 5.38232431e-01 3.90326627e-01 2.33211183e-01 7.60923418e-02 -7.20298787e-02 -2.02569451e-01 -3.07704420e-01 -3.80927461e-01 -4.17738036e-01 -4.16141050e-01 -3.76812022e-01 -3.02992692e-01 -2.00124485e-01 -7.52238843e-02 6.38166687e-02 2.08732540e-01 3.51215781e-01 4.83105959e-01 5.96683091e-01 6.85036997e-01 7.42835029e-01 7.67097320e-01 7.57369229e-01 7.15244861e-01 6.44458838e-01 5.50841625e-01 4.41441422e-01 3.23805742e-01 2.05473322e-01 9.37104143e-02 -4.80719488e-03 -8.43149335e-02 -1.40364977e-01 -1.70209382e-01 -1.73076531e-01 -1.50254520e-01 -1.04963944e-01 -4.20537336e-02 3.24191166e-02 1.11633271e-01 1.88430422e-01 2.55716176e-01 3.06899859e-01 3.36372011e-01 3.39995108e-01 3.15494769e-01 2.62692857e-01 1.83535179e-01 8.18858788e-02 -3.68556899e-02 -1.66206987e-01 -2.98975259e-01 -4.27568084e-01 -5.44215803e-01 -6.41322771e-01 -7.11943807e-01 -7.50731362e-01 -7.54639833e-01 -7.22851559e-01 -6.56761354e-01 -5.60374458e-01 -4.39957007e-01 -3.03059183e-01 -1.57915676e-01 -1.30451818e-02 1.22935229e-01 2.41553867e-01 3.34843805e-01 3.95967563e-01 4.19943505e-01 4.04224646e-01 3.48974031e-01 2.57096431e-01 1.33942556e-01 -1.33485682e-02 -1.76546545e-01 -3.46838757e-01 -5.15013345e-01 -6.71605006e-01 -8.06887281e-01 -9.12640437e-01 -9.82320582e-01 -9.90100253e-01 -9.78966066e-01 -9.01960939e-01 -7.86512145e-01 -6.36131360e-01 -4.58655002e-01 -2.63401902e-01 -5.97288674e-02 1.43156010e-01 3.36089345e-01 5.09993889e-01 6.56081534e-01 7.64909432e-01 8.18579711e-01 8.71361776e-01
8.00000000e-01 8.49309980e-01 7.47657002e-01 6.64262741e-01 5.36467033e-01 3.88871698e-01 2.32533671e-01 7.63619938e-02 -7.09243688e-02 -2.00918692e-01 -3.05822228e-01 -3.79020447e-01 -4.15874196e-01 -4.14305423e-01 -3.74993485e-01 -3.01263438e-01 -1.98674669e-01 -7.43125819e-02 6.39812583e-02 2.08107299e-01 3.49968514e-01 4.81556062e-01 5.95167788e-01 6.83746350e-01 7.41758503e-01 7.66126208e-01 7.56410373e-01 7.14203577e-01 6.43286835e-01 5.49646800e-01 4.40453670e-01 3.23261613e-01 2.05506048e-01 9.43161875e-02 -3.74511009e-03 -8.29627444e-02 -1.38879825e-01 -1.68711222e-01 -1.71654288e-01 -1.48989674e-01 -1.03948170e-01 -4.13850811e-02 3.26627772e-02 1.11425791e-01 1.87811190e-01 2.54772217e-01 3.05728106e-01 3.35045718e-01 3.38558262e-01 3.13985103e-01 2.61180991e-01 1.82156620e-01 8.08375011e-02 -3.73689965e-02 -1.66058608e-01 -2.98188052e-01 -4.26331245e-01 -5.42814302e-01 -6.40008323e-01 -7.10799206e-01 -7.49683423e-01 -7.53580120e-01 -7.21672143e-01 -6.55360810e-01 -5.58789003e-01 -4.38440317e-01 -3.01968230e-01 -1.57543627e-01 -1.34930160e-02 1.21779754e-01 2.39939678e-01 3.33021851e-01 3.94085820e-01 4.18030315e-01 4.02251406e-01 3.46948349e-01 2.55153292e-01 1.32378322e-01 -1.41585949e-02 -1.76318580e-01 -3.45550624e-01 -5.12968162e-01 -6.69355354e-01 -8.04974424e-01 -9.11969094e-01 -9.82889003e-01 -9.87487298e-01 -9.79667271e-01 -9.00997244e-01 -7.84191865e-01 -6.33334634e-01 -4.56042621e-01 -2.61721942e-01 -5.94653153e-02 1.41977505e-01 3.33892384e-01 5.07484870e-01 6.53991499e-01 7.62806860e-01 8.13682863e-01 8.75026847e-01
9.00000000e-01 8.52381335e-01 7.41877594e-01 6.61621958e-01 5.34491494e-01 3.87239548e-01 2.31773588e-01 7.66646380e-02 -6.96817820e-02 -1.99058776e-01 -3.03695351e-01 -3.76859917e-01 -4.13759381e-01 -4.12222830e-01 -3.72933643e-01 -2.99309588e-01 -1.97040728e-01 -7.32873518e-02 6.41666814e-02 2.07405584e-01 3.48566204e-01 4.79809575e-01 5.93454958e-01 6.82282387e-01 7.40534098e-01 7.65021258e-01 7.55319786e-01 7.13021588e-01 6.41961146e-01 5.48299078e-01 4.39341979e-01 3.22650239e-01 2.05543907e-01 9.49992462e-02 -2.54671551e-03 -8.14350218e-02 -1.37199743e-01 -1.67015140e-01 -1.70044067e-01 -1.47558486e-01 -1.02799851e-01 -4.06297096e-02 3.29381645e-02 1.11192117e-01 1.87112326e-01 2.53705361e-01 3.04401853e-01 3.33542946e-01 3.36929761e-01 3.12275240e-01 2.59471253e-01 1.80600614e-01 7.96563490e-02 -3.79467388e-02 -1.65892184e-01 -2.97303267e-01 -4.24938818e-01 -5.41232939e-01 -6.38520334e-01 -7.09499157e-01 -7.48491116e-01 -7.52374219e-01 -7.20331408e-01 -6.53773615e-01 -5.56998840e-01 -4.36732682e-01 -3.00742663e-01 -1.57126422e-01 -1.39967258e-02 1.20479313e-01 2.38118897e-01 3.30961199e-01 3.91952544e-01 4.15859024e-01 4.00013370e-01 3.44655837e-01 2.52960951e-01 1.30618903e-01 -1.50672277e-02 -1.76062365e-01 -3.44105038e-01 -5.10669583e-01 -6.66814481e-01 -8.02795953e-01 -9.11289804e-01 -9.83344983e-01 -9.84738680e-01 -9.80259033e-01 -8.99997472e-01 -7.81544938e-01 -6.30178610e-01 -4.53109314e-01 -2.59840245e-01 -5.91695241e-02 1.40659200e-01 3.31428046e-01 5.04663126e-01 6.51642463e-01 7.60262047e-01 8.08452524e-01 8.78985158e-01
1.00000000e+00 8.55586025e-01 7.35781584e-01 6.58512011e-01 5.32310868e-01 3.85436794e-01 2.30933744e-01 7.69992318e-02 -6.83058247e-02 -1.96993683e-01 -3.01326129e-01 -3.74446210e-01 -4.11392742e-01 -4.09892509e-01 -3.70632967e-01 -2.97133352e-01 -1.95225995e-01 -7.21509172e-02 6.43725519e-02 2.06629879e-01 3.47012943e-01 4.77870196e-01 5.91546310e-01 6.80644704e-01 7.39160241e-01 7.63780845e-01 7.54096039e-01 7.11698239e-01 6.40482738e-01 5.46800829e-01 4.38109180e-01 3.21973552e-01 2.05587188e-01 9.57583383e-02 -1.21394340e-03 -7.97335245e-02 -1.35325900e-01 -1.65121848e-01 -1.68246509e-01 -1.45961817e-01 -1.01520045e-01 -3.97885040e-02 3.32450056e-02 1.10932782e-01 1.86334900e-01 2.52516694e-01 3.02921749e-01 3.31863851e-01 3.35109611e-01 3.10365624e-01 2.57565040e-01 1.78869499e-01 7.83449635e-02 -3.85874780e-02 -1.65708354e-01 -2.96323578e-01 -4.23394207e-01 -5.39474296e-01 -6.36859475e-01 -7.08042651e-01 -7.47152726e-01 -7.51020311e-01 -7.18827892e-01 -6.51999861e-01 -5.55006461e-01 -4.34838233e-01 -2.99386401e-01 -1.56665671e-01 -1.45549438e-02 1.19037180e-01 2.36094673e-01 3.28663433e-01 3.89567554e-01 4.13428580e-01 3.97509985e-01 3.42097764e-01 2.50523047e-01 1.28669132e-01 -1.60711240e-02 -1.75778684e-01 -3.42507154e-01 -5.08124610e-01 -6.63984797e-01 -8.00352343e-01 -9.10622906e-01 -9.83633495e-01 -9.81916504e-01 -9.80681532e-01 -8.98985207e-01 -7.78569941e-01 -6.26667352e-01 -4.49865048e-01 -2.57764746e-01 -5.88425323e-02 1.39207252e-01 3.28705543e-01 5.01537490e-01 6.49036721e-01 7.57228718e-01 8.02990617e-01 8.83171491e-01
1.10000000e+00 8.58858082e-01 7.29468642e-01 6.54896610e-01 5.29928588e-01 3.83470917e-01 2.30017229e-01 7.73646483e-02 -6.68005445e-02 -1.94727791e-01 -2.98717172e-01 -3.71779735e-01 -4.08773374e-01 -4.07313646e-01 -3.68092007e-01 -2.94737182e-01 -1.93234129e-01 -7.09062537e-02 6.45984555e-02 2.05782904e-01 3.45313225e-01 4.75742012e-01 5.89443766e-01 6.78832881e-01 7.37635204e-01 7.62403156e-01 7.52737547e-01 7.10232824e-01 6.38852692e-01 5.45154675e-01 4.36758387e-01 3.21233680e-01 2.05636210e-01 9.65920955e-02 2.51078863e-04 -7.78602027e-02 -1.33259608e-01 -1.63032157e-01 -1.66262339e-01 -1.44200632e-01 -1.00109926e-01 -3.88624371e-02 3.35830024e-02 1.10648374e-01 1.85480086e-01 2.51207411e-01 3.01288518e-01 3.30008618e-01 3.33097842e-01 3.08256769e-01 2.55463912e-01 1.76965865e-01 7.69061345e-02 -3.92896422e-02 -1.65507826e-01 -2.95251917e-01 -4.21701168e-01 -5.37541236e-01 -6.35026512e-01 -7.06428584e-01 -7.45666352e-01 -7.49516376e-01 -7.17159993e-01 -6.50039684e-01 -5.52814637e-01 -4.32761526e-01 -2.97903741e-01 -1.56163139e-01 -1.51661822e-02 1.17456933e-01 2.33870475e-01 3.26130319e-01 3.86930679e-01 4.10737857e-01 3.94740676e-01 3.39275572e-01 2.47843610e-01 1.26534305e-01 -1.71666512e-02 -1.75468405e-01 -3.40762622e-01 -5.05340902e-01 -6.60868633e-01 -7.97646308e-01 -9.09985887e-01 -9.83701124e-01 -9.79080959e-01 -9.80876389e-01 -8.97981129e-01 -7.75267797e-01 -6.22804957e-01 -4.46320752e-01 -2.55504084e-01 -5.84854721e-02 1.37628343e-01 3.25734983e-01 4.98118073e-01 6.46174304e-01 7.53662792e-01 7.97401395e-01 8.87517366e-01
1.20000000e+00 8.62129429e-01 7.23038731e-01 6.50743287e-01 5.27346006e-01 3.81350226e-01 2.29027416e-01 7.77596873e-02 -6.51703017e-02 -1.92265854e-01 -2.95871352e-01 -3.68860983e-01 -4.05900327e-01 -4.04485389e-01 -3.65311395e-01 -2.92123766e-01 -1.91069098e-01 -6.95565680e-02 6.48439549e-02 2.04867596e-01 3.43471930e-01 4.73429486e-01 5.87149458e-01 6.76846493e-01 7.35957117e-01 7.60886192e-01 7.51242578e-01 7.08624594e-01 6.37072201e-01 5.43363491e-01 4.35292989e-01 3.20432935e-01 2.05691326e-01 9.74990433e-02 1.84603900e-03 -7.58171937e-02 -1.31002326e-01 -1.60746982e-01 -1.64092376e-01 -1.42275995e-01 -9.85707714e-02 -3.78525648e-02 3.39518343e-02 1.10339525e-01 1.84549159e-01 2.49778817e-01 2.99502957e-01 3.27977470e-01 3.30894510e-01 3.05949271e-01 2.53169597e-01 1.74892540e-01 7.53428850e-02 -4.00515377e-02 -1.65291371e-01 -2.94091462e-01 -4.19863787e-01 -5.35436891e-01 -6.33022307e-01 -7.04655776e-01 -7.44029911e-01 -7.47860195e-01 -7.15325986e-01 -6.47893275e-01 -5.50426418e-01 -4.30507531e-01 -2.96299331e-01 -1.55620738e-01 -1.58288455e-02 1.15742434e-01 2.31450077e-01 3.23363805e-01 3.84041771e-01 4.07785664e-01 3.91704869e-01 3.36190887e-01 2.44927041e-01 1.24220146e-01 -1.83499174e-02 -1.75132471e-01 -3.38877546e-01 -5.02326709e-01 -6.57468230e-01 -7.94683226e-01 -9.09392195e-01 -9.83498004e-01 -9.76288095e-01 -9.80788710e-01 -8.97001704e-01 -7.71642286e-01 -6.18595517e-01 -4.42488232e-01 -2.53067533e-01 -5.80995619e-02 1.35929622e-01 3.22527323e-01 4.94416249e-01 6.43052466e-01 7.49524308e-01 7.91788854e-01 8.91952254e-01
1.30000000e+00 8.65331049e-01 7.16589759e-01 6.46025009e-01 5.24561994e-01 3.79083781e-01 2.27967951e-01 7.81830884e-02 -6.34197374e-02 -1.89612975e-01 -2.92791800e-01 -3.65690538e-01 -4.02772629e-01 -4.01406862e-01 -3.62291849e-01 -2.89296018e-01 -1.88735156e-01 -6.81052754e-02 6.51085956e-02 2.03887092e-01 3.41494290e-01 4.70937442e-01 5.84665735e-01 6.74685122e-01 7.34123979e-01 7.59227777e-01 7.49609259e-01 7.06872765e-01 6.35142574e-01 5.41430387e-01 4.33716628e-01 3.19573803e-01 2.05752923e-01 9.84776104e-02 3.56845097e-03 -7.36068162e-02 -1.28555658e-01 -1.58267346e-01 -1.61737529e-01 -1.40189073e-01 -9.69039619e-02 -3.67600203e-02 3.43511597e-02 1.10006916e-01 1.83543488e-01 2.48232316e-01 2.97565938e-01 3.25770665e-01 3.28499707e-01 3.03443807e-01 2.50683991e-01 1.72652583e-01 7.36584540e-02 -4.08713609e-02 -1.65059821e-01 -2.92845615e-01 -4.17886465e-01 -5.33164655e-01 -6.30847827e-01 -7.02722973e-01 -7.42241145e-01 -7.46049352e-01 -7.13324031e-01 -6.45560889e-01 -5.47845130e-01 -4.28081602e-01 -2.94578143e-01 -1.55040514e-01 -1.65412435e-02 1.13897800e-01 2.28837534e-01 3.20366019e-01 3.80900716e-01 4.04570763e-01 3.88402001e-01 3.32845520e-01 2.41778103e-01 1.21732775e-01 -1.96168050e-02 -1.74771904e-01 -3.36858455e-01 -4.99090788e-01 -6.53785751e-01 -7.91471474e-01 -9.08850170e-01 -9.82979613e-01 -9.73587735e-01 -9.80368982e-01 -8.96058015e-01 -7.67700464e-01 -6.14043119e-01 -4.38380063e-01 -2.50464932e-01 -5.76860975e-02 1.34118648e-01 3.19094324e-01 4.90444589e-01 6.39665261e-01 7.44779267e-01 7.86254156e-01 8.96404813e-01
1.40000000e+00 8.68394123e-01 7.10215302e-01 6.40721657e-01 5.21572657e-01 3.76681283e-01 2.26842761e-01 7.86335440e-02 -6.15537410e-02 -1.86774579e-01 -2.89481906e-01 -3.62269086e-01 -3.99389295e-01 -3.98077183e-01 -3.59034188e-01 -2.86257075e-01 -1.86236816e-01 -6.65559756e-02 6.53919114e-02 2.02844712e-01 3.39385869e-01 4.68271044e-01 5.81995161e-01 6.72348368e-01 7.32133666e-01 7.57425555e-01 7.47835579e-01 7.04976527e-01 6.33065229e-01 5.39358706e-01 4.32033187e-01 3.18658931e-01 2.05821417e-01 9.95261403e-02 5.41566675e-03 -7.12315644e-02 -1.25921357e-01 -1.55594385e-01 -1.59198809e-01 -1.37941130e-01 -9.51109762e-02 -3.55860087e-02 3.47806194e-02 1.09651270e-01 1.82464531e-01 2.46569410e-01 2.95478405e-01 3.23388506e-01 3.25913570e-01 3.00741147e-01 2.48009156e-01 1.70249275e-01 7.18562789e-02 -4.17472110e-02 -1.64814071e-01 -2.91517985e-01 -4.15773895e-01 -5.30728174e-01 -6.28504145e-01 -7.00628863e-01 -7.40297631e-01 -7.44081248e-01 -7.11152187e-01 -6.43042858e-01 -5.45074364e-01 -4.25489459e-01 -2.92745443e-01 -1.54424634e-01 -1.73016057e-02 1.11927373e-01 2.26037172e-01 3.17139267e-01 3.77507441e-01 4.01091891e-01 3.84831543e-01 3.29241483e-01 2.38401903e-01 1.19078665e-01 -2.09630046e-02 -1.74387797e-01 -3.34712253e-01 -4.95642306e-01 -6.49823359e-01 -7.88022656e-01 -9.08362163e-01 -9.82108352e-01 -9.71021621e-01 -9.79574761e-01 -8.95154770e-01 -7.63452967e-01 -6.09151903e-01 -4.34009473e-01 -2.47706610e-01 -5.72464434e-02 1.32203319e-01 3.15448516e-01 4.86216753e-01 6.36003242e-01 7.39401319e-01 7.80893143e-01 9.00804092e-01
1.50000000e+00 8.71251149e-01 7.04002456e-01 6.34821337e-01 5.18371152e-01 3.74152925e-01 2.25656050e-01 7.91097137e-02 -5.95774159e-02 -1.83756387e-01 -2.85945307e-01 -3.58597431e-01 -3.95749349e-01 -3.94495475e-01 -3.55539331e-01 -2.83010286e-01 -1.83578831e-01 -6.49124282e-02 6.56934305e-02 2.01743934e-01 3.37152527e-01 4.65435781e-01 5.79140518e-01 6.69835864e-01 7.29983948e-01 7.55476998e-01 7.45919399e-01 7.02935052e-01 6.30841701e-01 5.37152013e-01 4.30246769e-01 3.17691117e-01 2.05897260e-01 1.00642902e-01 7.38488888e-03 -6.86941019e-02 -1.23101327e-01 -1.52729355e-01 -1.56477326e-01 -1.35533534e-01 -9.31933848e-02 -3.43318002e-02 3.52398382e-02 1.09273346e-01 1.81313825e-01 2.44791688e-01 2.93241377e-01 3.20831343e-01 3.23136286e-01 2.97842162e-01 2.45147318e-01 1.67686104e-01 6.99399765e-02 -4.26771033e-02 -1.64555069e-01 -2.90112369e-01 -4.13531043e-01 -5.28131331e-01 -6.25992445e-01 -6.98372084e-01 -7.38196781e-01 -7.41953100e-01 -7.08808428e-01 -6.40339600e-01 -5.42117975e-01 -4.22737165e-01 -2.90806761e-01 -1.53775379e-01 -1.81080958e-02 1.09835696e-01 2.23053555e-01 3.13686034e-01 3.73861934e-01 3.97347774e-01 3.80993015e-01 3.25380988e-01 2.34803875e-01 1.16264606e-01 -2.23840512e-02 -1.73981315e-01 -3.32446189e-01 -4.91990736e-01 -6.45583324e-01 -7.84351701e-01 -9.07923851e-01 -9.80854868e-01 -9.68621843e-01 -9.78372084e-01 -8.94289529e-01 -7.58914180e-01 -6.03926162e-01 -4.29390213e-01 -2.44803308e-01 -5.67820244e-02 1.30191812e-01 3.11603149e-01 4.81747327e-01 6.32053297e-01 7.33373261e-01 7.75794006e-01 9.05080699e-01
1.60000000e+00 8.73836992e-01 6.98029878e-01 6.28321458e-01 5.14947645e-01 3.71509203e-01 2.24412304e-01 7.96102397e-02 -5.74960440e-02 -1.80564389e-01 -2.82185883e-01 -3.54676500e-01 -3.91851842e-01 -3.90660888e-01 -3.51808307e-01 -2.79559200e-01 -1.80766164e-01 -6.31785265e-02 6.60126810e-02 2.00588376e-01 3.34800396e-01 4.62437446e-01 5.76104806e-01 6.67147285e-01 7.27672500e-01 7.53379412e-01 7.43858457e-01 7.00747506e-01 6.28473635e-01 5.34814077e-01 4.28361680e-01 3.16673291e-01 2.05980933e-01 1.01826101e-01 9.47318358e-03 -6.59972545e-02 -1.20097622e-01 -1.49673635e-01 -1.53574299e-01 -1.32967750e-01 -9.11528453e-02 -3.29987246e-02 3.57284278e-02 1.08873938e-01 1.80092979e-01 2.42900825e-01 2.90855943e-01 3.18099583e-01 3.20168103e-01 2.94747826e-01 2.42100874e-01 1.64966755e-01 6.79133234e-02 -4.36589831e-02 -1.64283816e-01 -2.88632730e-01 -4.11163129e-01 -5.25378242e-01 -6.23314027e-01 -6.95951236e-01 -7.35935857e-01 -7.39661953e-01 -7.06290655e-01 -6.37451635e-01 -5.38980075e-01 -4.19831098e-01 -2.88767858e-01 -1.53095124e-01 -1.89588267e-02 1.07627479e-01 2.19891476e-01 3.10008972e-01 3.69964253e-01 3.93337152e-01 3.76886010e-01 3.21266460e-01 2.30989755e-01 1.13297660e-01 -2.38753604e-02 -1.73553691e-01 -3.30067803e-01 -4.88145745e-01 -6.41068195e-01 -7.80476816e-01 -9.07523815e-01 -9.79199047e-01 -9.66409620e-01 -9.76736560e-01 -8.93452199e-01 -7.54102251e-01 -5.98370502e-01 -4.24536409e-01 -2.41766102e-01 -5.62943174e-02 1.28092516e-01 3.07572165e-01 4.77051608e-01 6.27798655e-01 7.26688262e-01 7.71035165e-01 9.09167898e-01
1.70000000e+00 8.76089855e-01 6.92366051e-01 6.21229558e-01 5.11289408e-01 3.68760692e-01 2.23116294e-01 8.01337636e-02 -5.53150499e-02 -1.77204806e-01 -2.78207750e-01 -3.50507362e-01 -3.87695875e-01 -3.86572614e-01 -3.47842265e-01 -2.75907559e-01 -1.77803960e-01 -6.13582710e-02 6.63491977e-02 1.99381778e-01 3.32335843e-01 4.59282115e-01 5.72891242e-01 6.64282364e-01 7.25196915e-01 7.51129943e-01 7.41650377e-01 6.98413055e-01 6.25962786e-01 5.32348868e-01 4.26382412e-01 3.15608512e-01 2.06072950e-01 1.03073893e-01 1.16774943e-02 -6.31440033e-02 -1.16912450e-01 -1.46428736e-01 -1.50491057e-01 -1.30245342e-01 -8.89910968e-02 -3.15881638e-02 3.62459895e-02 1.08453872e-01 1.78803668e-01 2.40898572e-01 2.88323264e-01 3.15193688e-01 3.17009341e-01 2.91459231e-01 2.38872382e-01 1.62095098e-01 6.57802360e-02 -4.46907394e-02 -1.64001364e-01 -2.87083177e-01 -4.08675597e-01 -5.22473237e-01 -6.20470310e-01 -6.93364895e-01 -7.33511980e-01 -7.37204686e-01 -7.03596712e-01 -6.34379592e-01 -5.35665020e-01 -4.16777925e-01 -2.86634697e-01 -1.52386333e-01 -1.98518758e-02 1.05307572e-01 2.16555923e-01 3.06110906e-01 3.65814539e-01 3.89058799e-01 3.72510209e-01 3.16900540e-01 2.26965570e-01 1.10185119e-01 -2.54322645e-02 -1.73106222e-01 -3.27584883e-01 -4.84117074e-01 -6.36281005e-01 -7.76419290e-01 -9.07143378e-01 -9.77130663e-01 -9.64394470e-01 -9.74654090e-01 -8.92624806e-01 -7.49038949e-01 -5.92490045e-01 -4.19462413e-01 -2.38606320e-01 -5.57848434e-02 1.25913970e-01 3.03370149e-01 4.72145336e-01 6.23219066e-01 7.19350807e-01 7.66683401e-01 9.13002605e-01
1.80000000e+00 8.77952148e-01 6.87067828e-01 6.13563842e-01 5.07381067e-01 3.65917788e-01 2.21773076e-01 8.06789442e-02 -5.30399642e-02 -1.73684066e-01 -2.74015252e-01 -3.46091236e-01 -3.83280615e-01 -3.82229909e-01 -3.43642480e-01 -2.72059284e-01 -1.74697524e-01 -5.94557430e-02 6.67025272e-02 1.98127978e-01 3.29765444e-01 4.55976124e-01 5.69503261e-01 6.61240908e-01 7.22554721e-01 7.48725583e-01 7.39292678e-01 6.95930875e-01 6.23311023e-01 5.29760538e-01 4.24313618e-01 3.14499942e-01 2.06173858e-01 1.04384394e-01 1.39946559e-02 -6.01374773e-02 -1.13548173e-01 -1.42996304e-01 -1.47229047e-01 -1.27367976e-01 -8.67099542e-02 -3.01015461e-02 3.67921165e-02 1.08013997e-01 1.77447622e-01 2.38786748e-01 2.85644570e-01 3.12114188e-01 3.13660397e-01 2.87977589e-01 2.35464567e-01 1.59075174e-01 6.35447498e-02 -4.57702192e-02 -1.63708810e-01 -2.85467945e-01 -4.06074095e-01 -5.19420847e-01 -6.17462836e-01 -6.90611624e-01 -7.30922134e-01 -7.34578025e-01 -7.00724406e-01 -6.31124223e-01 -5.32177411e-01 -4.13584571e-01 -2.84413409e-01 -1.51651541e-01 -2.07853007e-02 1.02880927e-01 2.13052060e-01 3.01994825e-01 3.61413032e-01 3.84511547e-01 3.67865410e-01 3.12286095e-01 2.22737606e-01 1.06934461e-01 -2.70500495e-02 -1.72640274e-01 -3.25005414e-01 -4.79914423e-01 -6.31225526e-01 -7.72203151e-01 -9.06756731e-01 -9.74649640e-01 -9.62573796e-01 -9.72121201e-01 -8.91781579e-01 -7.43749350e-01 -5.86290686e-01 -4.14182648e-01 -2.35335460e-01 -5.52551603e-02 1.23664806e-01 2.99012292e-01 4.67044379e-01 6.18291156e-01 7.11377301e-01 7.62792316e-01 9.16526284e-01
1.90000000e+00 8.79371242e-01 6.82179276e-01 6.05353404e-01 5.03205002e-01 3.62990426e-01 2.20387985e-01 8.12444766e-02 -5.06763871e-02 -1.70008766e-01 -2.69612948e-01 -3.41429507e-01 -3.78605325e-01 -3.77632110e-01 -3.39210359e-01 -2.68018466e-01 -1.71452286e-01 -5.74750773e-02 6.70722345e-02 1.96830891e-01 3.27095947e-01 4.52526048e-01 5.65944513e-01 6.58022806e-01 7.19743394e-01 7.46163181e-01 7.36782783e-01 6.93300165e-01 6.20520323e-01 5.27053410e-01 4.22160100e-01 3.13350842e-01 2.06284233e-01 1.05755691e-01 1.64214089e-02 -5.69809451e-02 -1.10007308e-01 -1.39378129e-01 -1.43789836e-01 -1.24337413e-01 -8.43113022e-02 -2.85403384e-02 3.73663964e-02 1.07555185e-01 1.76026620e-01 2.36567237e-01 2.82821162e-01 3.08861682e-01 3.10121759e-01 2.84304243e-01 2.31880317e-01 1.55911180e-01 6.12109982e-02 -4.68952420e-02 -1.63407291e-01 -2.83791373e-01 -4.03364451e-01 -5.16225797e-01 -6.14293275e-01 -6.87689985e-01 -7.28163183e-01 -7.31778554e-01 -6.97671515e-01 -6.27686414e-01 -5.28522074e-01 -4.10258194e-01 -2.82110260e-01 -1.50893343e-01 -2.17571545e-02 1.00352577e-01 2.09385201e-01 2.97663875e-01 3.56760086e-01 3.79694309e-01 3.62951547e-01 3.07426218e-01 2.18312390e-01 1.03553307e-01 -2.87239912e-02 -1.72157274e-01 -3.22337522e-01 -4.75547325e-01 -6.25906553e-01 -7.67854675e-01 -9.06331340e-01 -9.71765928e-01 -9.60932907e-01 -9.69144972e-01 -8.90889330e-01 -7.38261374e-01 -5.79779383e-01 -4.08711453e-01 -2.31965101e-01 -5.47068560e-02 1.21353690e-01 2.94514345e-01 4.61764384e-01 6.12988970e-01 7.02796314e-01 7.59401122e-01 9.19685696e-01
2.00000000e+00 8.80300097e-01 6.77730857e-01 5.96638124e-01 4.98741890e-01 3.59987780e-01 2.18966627e-01 8.18291133e-02 -4.82299516e-02 -1.66185639e-01 -2.65005604e-01 -3.36523734e-01 -3.73669377e-01 -3.72778660e-01 -3.34547450e-01 -2.63789348e-01 -1.68073777e-01 -5.54204357e-02 6.74579082e-02 1.95494492e-01 3.24334241e-01 4.48938673e-01 5.62218861e-01 6.54628051e-01 7.16760377e-01 7.43439454e-01 7.34118029e-01 6.90520150e-01 6.17592772e-01 5.24231960e-01 4.19926781e-01 3.12164552e-01 2.06404685e-01 1.07185857e-01 1.89544139e-02 -5.36778069e-02 -1.06292528e-01 -1.35576149e-01 -1.40175117e-01 -1.21155514e-01 -8.17970901e-02 -2.69060402e-02 3.79684140e-02 1.07078324e-01 1.74542480e-01 2.34241978e-01 2.79854408e-01 3.05436847e-01 3.06394017e-01 2.80440676e-01 2.28122682e-01 1.52607456e-01 5.87831920e-02 -4.80636137e-02 -1.63097985e-01 -2.82057882e-01 -4.00552646e-01 -5.12892982e-01 -6.10963424e-01 -6.84598552e-01 -7.25231883e-01 -7.28802726e-01 -6.94435816e-01 -6.24067196e-01 -5.24704059e-01 -4.06806152e-01 -2.79731619e-01 -1.50114380e-01 -2.27655012e-02 9.77275932e-02 2.05560785e-01 2.93121358e-01 3.51856182e-01 3.74606108e-01 3.57768710e-01 3.02324237e-01 2.13696664e-01 1.00049371e-01 -3.04493902e-02 -1.71658713e-01 -3.19589417e-01 -4.71025050e-01 -6.20330213e-01 -7.63401759e-01 -9.05828640e-01 -9.68498994e-01 -9.59445470e-01 -9.65742572e-01 -8.89908133e-01 -7.32605166e-01 -5.72964476e-01 -4.03062934e-01 -2.28506823e-01 -5.41415422e-02 1.18989271e-01 2.89892560e-01 4.56320390e-01 6.07284687e-01 6.93648469e-01 7.56533810e-01 9.22433517e-01
2.10000000e+00 8.80697740e-01 6.73738953e-01 5.87468251e-01 4.93971372e-01 3.56917947e-01 2.17514854e-01 8.24316858e-02 -4.57062876e-02 -1.62221526e-01 -2.60198182e-01 -3.31375665e-01 -3.68472285e-01 -3.67669125e-01 -3.29655447e-01 -2.59376315e-01 -1.64567596e-01 -5.32959796e-02 6.78591666e-02 1.94122794e-01 3.21487320e-01 4.45220978e-01 5.58330376e-01 6.51056748e-01 7.13603089e-01 7.40550993e-01 7.31295676e-01 6.87590094e-01 6.14530564e-01 5.21300807e-01 4.17618688e-01 3.10944479e-01 2.06535854e-01 1.08672960e-01 2.15902667e-02 -5.02315858e-02 -1.02406662e-01 -1.31592454e-01 -1.36386714e-01 -1.17824237e-01 -7.91693254e-02 -2.52001762e-02 3.85977531e-02 1.06584318e-01 1.72997051e-01 2.31812960e-01 2.76745744e-01 3.01840444e-01 3.02477869e-01 2.76388516e-01 2.24194868e-01 1.49168468e-01 5.62655979e-02 -4.92731409e-02 -1.62782102e-01 -2.80271959e-01 -3.97644787e-01 -5.09427457e-01 -6.07475211e-01 -6.81335923e-01 -7.22124888e-01 -7.25646875e-01 -6.91015093e-01 -6.20267751e-01 -5.20728624e-01 -4.03235971e-01 -2.77283928e-01 -1.49317329e-01 -2.38084309e-02 9.50110628e-02 2.01584345e-01 2.88370726e-01 3.46701943e-01 3.69246100e-01 3.52317176e-01 2.96983717e-01 2.08897357e-01 9.64304182e-02 -3.22216070e-02 -1.71146145e-01 -3.16769327e-01 -4.66356497e-01 -6.14504287e-01 -7.58873187e-01 -9.05204970e-01 -9.64876952e-01 -9.58074375e-01 -9.61940404e-01 -8.88792284e-01 -7.26812356e-01 -5.65856019e-01 -3.97250823e-01 -2.24972109e-01 -5.35608484e-02 1.16580143e-01 2.85163622e-01 4.50726430e-01 6.01149484e-01 6.83985949e-01 7.54198710e-01 9.24728792e-01
2.20000000e+00 8.80529612e-01 6.70205749e-01 5.77903657e-01 4.88872848e-01 3.53787649e-01 2.16038736e-01 8.30511283e-02 -4.31109857e-02 -1.58123335e-01 -2.55195822e-01 -3.25987245e-01 -3.63013725e-01 -3.62303219e-01 -3.24536202e-01 -2.54783877e-01 -1.60939384e-01 -5.11058447e-02 6.82756626e-02 1.92719831e-01 3.18562254e-01 4.41380102e-01 5.54283333e-01 6.47309131e-01 7.10268950e-01 7.37494284e-01 7.28312920e-01 6.84509308e-01 6.11335996e-01 5.18264691e-01 4.15240935e-01 3.09694082e-01 2.06678411e-01 1.10215076e-01 2.43255127e-02 -4.66459191e-02 -9.83526939e-02 -1.27429295e-01 -1.32426586e-01 -1.14345636e-01 -7.64300683e-02 -2.34242898e-02 3.92539996e-02 1.06074077e-01 1.71392204e-01 2.29282210e-01 2.73496671e-01 2.98073325e-01 2.98374136e-01 2.72149543e-01 2.20100240e-01 1.45598794e-01 5.36625177e-02 -5.05216447e-02 -1.62460884e-01 -2.78438130e-01 -3.94647082e-01 -5.05834422e-01 -6.03830696e-01 -6.77900736e-01 -7.18838770e-01 -7.22307236e-01 -6.87407159e-01 -6.16289430e-01 -5.16601220e-01 -3.99555315e-01 -2.74773666e-01 -1.48504890e-01 -2.48840744e-02 9.22080538e-02 1.97461488e-01 2.83415567e-01 3.41298150e-01 3.63613602e-01 3.46597423e-01 2.91408460e-01 2.03921560e-01 9.27042206e-02 -3.40360944e-02 -1.70621188e-01 -3.13885433e-01 -4.61550125e-01 -6.08438518e-01 -7.54297804e-01 -9.04412749e-01 -9.60935348e-01 -9.56772970e-01 -9.57772909e-01 -8.87491505e-01 -7.20915203e-01 -5.58466112e-01 -3.91288363e-01 -2.21372263e-01 -5.29664162e-02 1.14134797e-01 2.80344573e-01 4.44995121e-01 5.94554550e-01 6.73871656e-01 7.52388448e-01 9.26537236e-01
2.30000000e+00 8.79767751e-01 6.67119463e-01 5.68012802e-01 4.83426355e-01 3.50601935e-01 2.14544511e-01 8.36865015e-02 -4.04495630e-02 -1.53898008e-01 -2.50003833e-01 -3.20360632e-01 -3.57293559e-01 -3.56680822e-01 -3.19191723e-01 -2.50016655e-01 -1.57194794e-01 -4.88541152e-02 6.87070887e-02 1.91289636e-01 3.15566156e-01 4.37423322e-01 5.50082204e-01 6.43385573e-01 7.06755390e-01 7.34265714e-01 7.25166903e-01 6.81277157e-01 6.08011469e-01 5.15128462e-01 4.12798697e-01 3.08416859e-01 2.06833058e-01 1.11810299e-01 2.71566615e-02 -4.29245489e-02 -9.41337649e-02 -1.23089088e-01 -1.28296833e-01 -1.10721860e-01 -7.35814259e-02 -2.15799364e-02 3.99367429e-02 1.05548518e-01 1.69729823e-01 2.26651793e-01 2.70108758e-01 2.94136437e-01 2.94083772e-01 2.67725702e-01 2.15842316e-01 1.41903108e-01 5.09782679e-02 -5.18069739e-02 -1.62135597e-01 -2.76560945e-01 -3.91565813e-01 -5.02119200e-01 -6.00032073e-01 -6.74291675e-01 -7.15370035e-01 -7.18779960e-01 -6.83609876e-01 -6.12133753e-01 -5.12327485e-01 -3.95771951e-01 -2.72207324e-01 -1.47679772e-01 -2.59906174e-02 8.93235861e-02 1.93197862e-01 2.78259607e-01 3.35645755e-01 3.57708120e-01 3.40610163e-01 2.85602510e-01 1.98776497e-01 8.88785107e-02 -3.58884298e-02 -1.70085522e-01 -3.10945801e-01 -4.56613896e-01 -6.02144914e-01 -7.49703622e-01 -9.03401825e-01 -9.56715673e-01 -9.55486642e-01 -9.53281069e-01 -8.85952354e-01 -7.14945678e-01 -5.50809218e-01 -3.85188207e-01 -2.17718310e-01 -5.23598937e-02 1.11661601e-01 2.75452707e-01 4.39137278e-01 5.87472197e-01 6.63378023e-01 7.51080285e-01 9.27831359e-01
2.40000000e+00 8.78390842e-01 6.64454923e-01 5.57871417e-01 4.77613513e-01 3.47363922e-01 2.13038527e-01 8.43370175e-02 -3.77274283e-02 -1.49552491e-01 -2.44627677e-01 -3.14498204e-01 -3.51311861e-01 -3.50802009e-01 -3.13624187e-01 -2.45079365e-01 -1.53339461e-01 -4.65447991e-02 6.91531824e-02 1.89836227e-01 3.12506147e-01 4.33358025e-01 5.45731653e-01 6.39286603e-01 7.03059874e-01 7.30861592e-01 7.21854727e-01 6.77893067e-01 6.04559485e-01 5.11897059e-01 4.10297193e-01 3.07116332e-01 2.07000528e-01 1.13456749e-01 3.00802018e-02 -3.90713131e-02 -8.97531706e-02 -1.18574420e-01 -1.23999699e-01 -1.06955156e-01 -7.06255469e-02 -1.96686770e-02 4.06455784e-02 1.05008556e-01 1.68011800e-01 2.23923799e-01 2.66583634e-01 2.90030832e-01 2.89607874e-01 2.63119103e-01 2.11424762e-01 1.38086161e-01 4.82171589e-02 -5.31270179e-02 -1.61807533e-01 -2.74644958e-01 -3.88407311e-01 -4.98287226e-01 -5.96081664e-01 -6.70507490e-01 -7.11715131e-01 -7.15061129e-01 -6.79621169e-01 -6.07802420e-01 -5.07913224e-01 -3.91893718e-01 -2.69591370e-01 -1.46844685e-01 -2.71263142e-02 8.63626024e-02 1.88799131e-01 2.72906694e-01 3.29745898e-01 3.51529378e-01 3.34356359e-01 2.79570151e-01 1.93469493e-01 8.49609395e-02 -3.77743448e-02 -1.69540885e-01 -3.07958300e-01 -4.51555246e-01 -5.95638001e-01 -7.45116909e-01 -9.02120974e-01 -9.52263635e-01 -9.54154653e-01 -9.48510658e-01 -8.84119798e-01 -7.08934492e-01 -5.42902445e-01 -3.78962346e-01 -2.14020912e-01 -5.17429287e-02 1.09168767e-01 2.70505455e-01 4.33161550e-01 5.79877054e-01 6.52585523e-01 7.50236850e-01 9.28590447e-01
2.50000000e+00 8.76384113e-01 6.62174456e-01 5.47560959e-01 4.71418506e-01 3.44074574e-01 2.11527156e-01 8.50020639e-02 -3.49498497e-02 -1.45093699e-01 -2.39072950e-01 -3.08402568e-01 -3.45068943e-01 -3.44667068e-01 -3.07835943e-01 -2.39976800e-01 -1.49378975e-01 -4.41818047e-02 6.96137300e-02 1.88363591e-01 3.09389326e-01 4.29191682e-01 5.41236524e-01 6.35012917e-01 6.99179912e-01 7.27278164e-01 7.18373466e-01 6.74356534e-01 6.00982640e-01 5.08575493e-01 4.07741666e-01 3.05796035e-01 2.07181585e-01 1.15152589e-01 3.30926152e-02 -3.50901357e-02 -8.52143601e-02 -1.13888050e-01 -1.19537577e-01 -1.03047863e-01 -6.75646159e-02 -1.76920719e-02 4.13801090e-02 1.04455106e-01 1.66240022e-01 2.21100338e-01 2.62922995e-01 2.85757672e-01 2.84947692e-01 2.58332034e-01 2.06851389e-01 1.34152768e-01 4.53834760e-02 -5.44797190e-02 -1.61477999e-01 -2.72694708e-01 -3.85177927e-01 -4.94344023e-01 -5.91981927e-01 -6.66547003e-01 -7.07870471e-01 -7.11146779e-01 -6.75439045e-01 -6.03297319e-01 -5.03364394e-01 -3.87928494e-01 -2.66932228e-01 -1.46002328e-01 -2.82895007e-02 8.33299405e-02 1.84270945e-01 2.67360794e-01 3.23599919e-01 3.45077344e-01 3.27837249e-01 2.73315903e-01 1.88007951e-01 8.09590340e-02 -3.96897532e-02 -1.68989079e-01 -3.04930532e-01 -4.46381094e-01 -5.88935033e-01 -7.40561277e-01 -9.00519477e-01 -9.47627267e-01 -9.52712193e-01 -9.43510322e-01 -8.81938880e-01 -7.02910129e-01 -5.34765772e-01 -3.72622076e-01 -2.10290265e-01 -5.11171613e-02 1.06664337e-01 2.65520239e-01 4.27074098e-01 5.71747289e-01 6.41580922e-01 7.49807210e-01 9.28800376e-01
2.60000000e+00 8.73739107e-01 6.60229081e-01 5.37166863e-01 4.64829065e-01 3.40732535e-01 2.10016702e-01 8.56812280e-02 -3.21219218e-02 -1.40528478e-01 -2.33345365e-01 -3.02076568e-01 -3.38565376e-01 -3.38276523e-01 -3.01829515e-01 -2.34713812e-01 -1.45318853e-01 -4.17689185e-02 7.00885711e-02 1.86875665e-01 3.06222741e-01 4.24931818e-01 5.36601833e-01 6.30565387e-01 6.95113080e-01 7.23511629e-01 7.14720179e-01 6.70667131e-01 5.97283626e-01 5.05168830e-01 4.05137361e-01 3.04459497e-01 2.07377022e-01 1.16896026e-01 3.61903900e-02 -3.09850174e-02 -8.05209345e-02 -1.09032919e-01 -1.14913012e-01 -9.90024149e-02 -6.44008482e-02 -1.56516750e-02 4.21399473e-02 1.03889074e-01 1.64416363e-01 2.18183534e-01 2.59128596e-01 2.81318238e-01 2.80104641e-01 2.53366963e-01 2.02126149e-01 1.30107792e-01 4.24814599e-02 -5.58630840e-02 -1.61148318e-01 -2.70714700e-01 -3.81884007e-01 -4.90295189e-01 -5.87735444e-01 -6.62409121e-01 -7.03832451e-01 -7.07032918e-01 -6.71061612e-01 -5.98620526e-01 -4.98687090e-01 -3.83884162e-01 -2.64236243e-01 -1.45155381e-01 -2.94786063e-02 8.02303066e-02 1.79618917e-01 2.61625977e-01 3.17209375e-01 3.38352263e-01 3.21054372e-01 2.66844525e-01 1.82399312e-01 7.68801575e-02 -4.16307774e-02 -1.68431959e-01 -3.01869748e-01 -4.41097877e-01 -5.82056131e-01 -7.36056811e-01 -8.98548732e-01 -9.42854939e-01 -9.51092554e-01 -9.38329542e-01 -8.79356445e-01 -6.96897902e-01 -5.26422217e-01 -3.66177997e-01 -2.06536016e-01 -5.04842149e-02 1.04156176e-01 2.60514310e-01 4.20878347e-01 5.63065841e-01 6.30455303e-01 7.49728272e-01 9.28453285e-01
2.70000000e+00 8.70453318e-01 6.58559943e-01 5.26776660e-01 4.57837421e-01 3.37334029e-01 2.08513280e-01 8.63743179e-02 -2.92485355e-02 -1.35863580e-01 -2.27450738e-01 -2.95523297e-01 -3.31802021e-01 -3.31631159e-01 -2.95607610e-01 -2.29295297e-01 -1.41164513e-01 -3.93097839e-02 7.05776023e-02 1.85376327e-01 3.03013360e-01 4.20585988e-01 5.31832756e-01 6.25945074e-01 6.90857041e-01 7.19558164e-01 7.10891925e-01 6.66824510e-01 5.93465219e-01 5.01682172e-01 4.02489512e-01 3.03110236e-01 2.07587661e-01 1.18685325e-01 3.93700351e-02 -2.67600256e-02 -7.56766449e-02 -1.04012149e-01 -1.10128708e-01 -9.48213376e-02 -6.11364854e-02 -1.35490281e-02 4.29247166e-02 1.03311355e-01 1.62542683e-01 2.15175517e-01 2.55202255e-01 2.76713933e-01 2.75080313e-01 2.48226544e-01 1.97253126e-01 1.25956122e-01 3.95152885e-02 -5.72751953e-02 -1.60819826e-01 -2.68709390e-01 -3.78531865e-01 -4.86146374e-01 -5.83344923e-01 -6.58092850e-01 -6.99597464e-01 -7.02715551e-01 -6.66487099e-01 -5.93774315e-01 -4.93887523e-01 -3.79768581e-01 -2.61509661e-01 -1.44306491e-01 -3.06921652e-02 7.70682499e-02 1.74848594e-01 2.55706412e-01 3.10576050e-01 3.31354680e-01 3.14009587e-01 2.60161004e-01 1.76651033e-01 7.27314701e-02 -4.35937721e-02 -1.67871433e-01 -2.98782771e-01 -4.35711629e-01 -5.75024346e-01 -7.31619286e-01 -8.96163830e-01 -9.37993350e-01 -9.49229345e-01 -9.33016570e-01 -8.76322830e-01 -6.90919090e-01 -5.17897912e-01 -3.59640048e-01 -2.02767170e-01 -4.98456843e-02 1.01651959e-01 2.55504557e-01 4.14574806e-01 5.53821597e-01 6.19301945e-01 7.49926457e-01 9.27547120e-01
2.80000000e+00 8.66529731e-01 6.57099970e-01 5.16477988e-01 4.50441185e-01 3.33872838e-01 2.07022685e-01 8.70813820e-02 -2.63343479e-02 -1.31105627e-01 -2.21394964e-01 -2.88746098e-01 -3.24780048e-01 -3.24732042e-01 -2.89173118e-01 -2.23726178e-01 -1.36921245e-01 -3.68078821e-02 7.10807808e-02 1.83869378e-01 2.99768042e-01 4.16161746e-01 5.26934619e-01 6.21153233e-01 6.86409557e-01 7.15413940e-01 7.06885778e-01 6.62828410e-01 5.89530282e-01 4.98120639e-01 3.99803316e-01 3.01751742e-01 2.07814355e-01 1.20518817e-01 4.26280922e-02 -2.24192849e-02 -7.06853891e-02 -9.88290469e-02 -1.05187526e-01 -9.05072493e-02 -5.77737897e-02 -1.13856553e-02 4.37340525e-02 1.02722832e-01 1.60620811e-01 2.12078418e-01 2.51145848e-01 2.71946293e-01 2.69876483e-01 2.42913626e-01 1.92236535e-01 1.21702661e-01 3.64890598e-02 -5.87142200e-02 -1.60493865e-01 -2.66683169e-01 -3.75127763e-01 -4.81903264e-01 -5.78813193e-01 -6.53597301e-01 -6.95161924e-01 -6.98190700e-01 -6.61713869e-01 -5.88761154e-01 -4.88972007e-01 -3.75589547e-01 -2.58758604e-01 -1.43458270e-01 -3.19288268e-02 7.38481390e-02 1.69965430e-01 2.49606352e-01 3.03701970e-01 3.24085475e-01 3.06705093e-01 2.53270550e-01 1.70770551e-01 6.85198931e-02 -4.55753457e-02 -1.67309453e-01 -2.95675922e-01 -4.30228088e-01 -5.67865618e-01 -7.27259487e-01 -8.93325045e-01 -9.33085580e-01 -9.47058684e-01 -9.27616417e-01 -8.72793491e-01 -6.84990171e-01 -5.09222095e-01 -3.53017585e-01 -1.98992005e-01 -4.92031215e-02 9.91591715e-02 2.50507297e-01 4.08160986e-01 5.44010485e-01 6.08214097e-01 7.50319604e-01 9.26085056e-01
2.90000000e+00 8.61976254e-01 6.55775695e-01 5.06356577e-01 4.42644137e-01 3.30340361e-01 2.05550245e-01 8.78027230e-02 -2.33837542e-02 -1.26261083e-01 -2.15184001e-01 -2.81748573e-01 -3.17500960e-01 -3.17580540e-01 -2.82529117e-01 -2.18011383e-01 -1.32594192e-01 -3.42665134e-02 7.15981273e-02 1.82358535e-01 2.96493510e-01 4.11666620e-01 5.21912879e-01 6.16191328e-01 6.81768510e-01 7.11075144e-01 7.02698841e-01 6.58678664e-01 5.85481751e-01 4.94489352e-01 3.97083921e-01 3.00387465e-01 2.08057983e-01 1.22394904e-01 4.59611485e-02 -1.79669670e-02 -6.55512088e-02 -9.34871106e-02 -1.00092492e-01 -8.60628594e-02 -5.43150405e-02 -9.16305905e-03 4.45676040e-02 1.02124366e-01 1.58652545e-01 2.08894360e-01 2.46961313e-01 2.67016989e-01 2.64495122e-01 2.37431250e-01 1.87080709e-01 1.17352312e-01 3.34067752e-02 -6.01784202e-02 -1.60171781e-01 -2.64640347e-01 -3.71677879e-01 -4.77571561e-01 -5.74143198e-01 -6.48921704e-01 -6.90522284e-01 -6.93454432e-01 -6.56740440e-01 -5.83583709e-01 -4.83946934e-01 -3.71354772e-01 -2.55989048e-01 -1.42613285e-01 -3.31873651e-02 7.05741402e-02 1.64974761e-01 2.43330125e-01 2.96589416e-01 3.16545882e-01 2.99143452e-01 2.46178595e-01 1.64765253e-01 6.42520747e-02 -4.75723797e-02 -1.66748004e-01 -2.92554941e-01 -4.24652844e-01 -5.60608649e-01 -7.22982674e-01 -8.89999183e-01 -9.28169255e-01 -9.44521262e-01 -9.22168955e-01 -8.68730482e-01 -6.79122203e-01 -5.00426985e-01 -3.46319498e-01 -1.95217993e-01 -4.85580171e-02 9.66851123e-02 2.45538038e-01 4.01631420e-01 5.33636441e-01 5.97282726e-01 7.50819055e-01 9.24074826e-01
3.00000000e+00 8.56805085e-01 6.54509197e-01 4.96494248e-01 4.34456865e-01 3.26725769e-01 2.04100652e-01 8.85389072e-02 -2.04008604e-02 -1.21336223e-01 -2.08823850e-01 -2.74534584e-01 -3.09966618e-01 -3.10178346e-01 -2.75678872e-01 -2.12155828e-01 -1.28188320e-01 -3.16887818e-02 7.21297292e-02 1.80847417e-01 2.93196329e-01 4.07108083e-01 5.16773114e-01 6.11061030e-01 6.76931924e-01 7.06538008e-01 6.98328265e-01 6.54375199e-01 5.81322634e-01 4.90793410e-01 3.94336404e-01 2.99020808e-01 2.08319453e-01 1.24312066e-01 4.93658479e-02 -1.34072813e-02 -6.02782857e-02 -8.79900268e-02 -9.48467969e-02 -8.14909670e-02 -5.07625300e-02 -6.88271523e-03 4.54250342e-02 1.01516802e-01 1.56639641e-01 2.05625457e-01 2.42650645e-01 2.61927840e-01 2.58938407e-01 2.31782661e-01 1.81790099e-01 1.12909953e-01 3.02723244e-02 -6.16661601e-02 -1.59854922e-01 -2.62585142e-01 -3.68188290e-01 -4.73156959e-01 -5.69337988e-01 -6.44065414e-01 -6.85675058e-01 -6.88502883e-01 -6.51565499e-01 -5.78244843e-01 -4.78818757e-01 -3.67071845e-01 -2.53206802e-01 -1.41774051e-01 -3.44666868e-02 6.72501970e-02 1.59881782e-01 2.36882123e-01 2.89240934e-01 3.08737526e-01 2.91327603e-01 2.38890773e-01 1.58642445e-01 5.99343579e-02 -4.95820457e-02 -1.66189094e-01 -2.89424924e-01 -4.18991517e-01 -5.53284663e-01 -7.18788222e-01 -8.86160724e-01 -9.23274930e-01 -9.41564221e-01 -9.16707214e-01 -8.64103741e-01 -6.73320367e-01 -4.91547554e-01 -3.39554363e-01 -1.91451733e-01 -4.79117778e-02 9.42368887e-02 2.40611233e-01 3.94977794e-01 5.22712199e-01 5.86594291e-01 7.51331854e-01 9.21527970e-01
3.10000000e+00 8.51032016e-01 6.53220100e-01 4.86966998e-01 4.25897264e-01 3.23016244e-01 2.02677802e-01 8.92907669e-02 -1.73894579e-02 -1.16337108e-01 -2.02320531e-01 -2.67108259e-01 -3.02179262e-01 -3.02527499e-01 -2.68625842e-01 -2.06164406e-01 -1.23708401e-01 -2.90775794e-02 7.26757427e-02 1.79339541e-01 2.89882883e-01 4.02493526e-01 5.11521005e-01 6.05764229e-01 6.71897975e-01 7.01798824e-01 6.93771260e-01 6.49918040e-01 5.77056000e-01 4.87037877e-01 3.91565758e-01 2.97655116e-01 2.08599698e-01 1.26268868e-01 5.28389017e-02 -8.74446507e-03 -5.48709372e-02 -8.23416738e-02 -8.94537996e-02 -7.67944607e-02 -4.71185595e-02 -4.54606958e-03 4.63060211e-02 1.00900956e-01 1.54583812e-01 2.02273803e-01 2.38215895e-01 2.56680811e-01 2.53208725e-01 2.25971305e-01 1.76369258e-01 1.08380430e-01 2.70894707e-02 -6.31759135e-02 -1.59544634e-01 -2.60521664e-01 -3.64664947e-01 -4.68665132e-01 -5.64400717e-01 -6.39027922e-01 -6.80616845e-01 -6.83332285e-01 -6.46187922e-01 -5.72747612e-01 -4.73593966e-01 -3.62748207e-01 -2.50417492e-01 -1.40943026e-01 -3.57658387e-02 6.38800123e-02 1.54691523e-01 2.30266790e-01 2.81659348e-01 3.00662440e-01 2.83260884e-01 2.31412921e-01 1.52409325e-01 5.55727523e-02 -5.16018187e-02 -1.65634735e-01 -2.86290269e-01 -4.13249957e-01 -5.45927052e-01 -7.14669440e-01 -8.81792736e-01 -9.18424709e-01 -9.38142776e-01 -9.11255940e-01 -8.58892143e-01 -6.67583705e-01 -4.82621187e-01 -3.32730627e-01 -1.87698887e-01 -4.72656996e-02 9.18214172e-02 2.35740015e-01 3.88189199e-01 5.11259889e-01 5.76228627e-01 7.51763014e-01 9.18459036e-01
3.20000000e+00 8.44675702e-01 6.51827590e-01 4.77843205e-01 4.16990828e-01 3.19197324e-01 2.01284612e-01 9.00593938e-02 -1.43529996e-02 -1.11269557e-01 -1.95680067e-01 -2.59473990e-01 -2.94141528e-01 -2.94630400e-01 -2.61373675e-01 -2.00041958e-01 -1.19158992e-01 -2.64355746e-02 7.32363949e-02 1.77838307e-01 2.86559352e-01 3.97830233e-01 5.06162318e-01 6.00303031e-01 6.66665016e-01 6.96853979e-01 6.89025118e-01 6.45307315e-01 5.72684975e-01 4.83227760e-01 3.88776875e-01 2.96293662e-01 2.08899676e-01 1.28263966e-01 5.63770987e-02 -3.98277409e-03 -4.93336114e-02 -7.65461221e-02 -8.39170277e-02 -7.19763174e-02 -4.33854364e-02 -2.15453449e-03 4.72102578e-02 1.00277621e-01 1.52486714e-01 1.98841473e-01 2.33659175e-01 2.51278025e-01 2.47308686e-01 2.20000833e-01 1.70822841e-01 1.03768540e-01 2.38618387e-02 -6.47062702e-02 -1.59242258e-01 -2.58453905e-01 -3.61113651e-01 -4.64101707e-01 -5.59334628e-01 -6.33808861e-01 -6.75344349e-01 -6.77938992e-01 -6.40606788e-01 -5.67095261e-01 -4.68279070e-01 -3.58391123e-01 -2.47626542e-01 -1.40122606e-01 -3.70840142e-02 6.04670317e-02 1.49408826e-01 2.23488609e-01 2.73847768e-01 2.92323096e-01 2.74947042e-01 2.23751057e-01 1.46072948e-01 5.11729073e-02 -5.36294895e-02 -1.65086924e-01 -2.83154629e-01 -4.07434475e-01 -5.38570935e-01 -7.10613603e-01 -8.76887505e-01 -9.13631192e-01 -9.34221508e-01 -9.05830456e-01 -8.53084256e-01 -6.61905067e-01 -4.73687223e-01 -3.25856819e-01 -1.83964139e-01 -4.66209347e-02 8.94454166e-02 2.30935928e-01 3.81252494e-01 4.99311401e-01 5.66256975e-01 7.52017773e-01 9.14884735e-01
3.30000000e+00 8.37756910e-01 6.50252386e-01 4.69182024e-01 4.07770751e-01 3.15253326e-01 1.99922854e-01 9.08461236e-02 -1.12945778e-02 -1.06139122e-01 -1.88908461e-01 -2.51636436e-01 -2.85856472e-01 -2.86489831e-01 -2.53926211e-01 -1.93793266e-01 -1.14544413e-01 -2.37652003e-02 7.38119861e-02 1.76346999e-01 2.83231696e-01 3.93125357e-01 5.00702888e-01 5.94679765e-01 6.61231594e-01 6.91699975e-01 6.84087225e-01 6.40543254e-01 5.68212726e-01 4.79367994e-01 3.85974531e-01 2.94939647e-01 2.09220371e-01 1.30296107e-01 5.99773141e-02 8.73526868e-04 -4.36708818e-02 -7.06076333e-02 -7.82401792e-02 -6.70396011e-02 -3.95654712e-02 2.90513763e-04 4.81374529e-02 9.96475583e-02 1.50349948e-01 1.95330511e-01 2.28982653e-01 2.45721769e-01 2.41241129e-01 2.13875101e-01 1.65155587e-01 9.90790127e-02 2.05929018e-02 -6.62559408e-02 -1.58949128e-01 -2.56385729e-01 -3.57540041e-01 -4.59472245e-01 -5.54143046e-01 -6.28408016e-01 -6.69854407e-01 -6.72319513e-01 -6.34821391e-01 -5.61291217e-01 -4.62880569e-01 -3.54007654e-01 -2.44839162e-01 -1.39315123e-01 -3.84205580e-02 5.70144295e-02 1.44038325e-01 2.16552091e-01 2.65809600e-01 2.83722427e-01 2.66390250e-01 2.15911376e-01 1.39640202e-01 4.67400894e-02 -5.56631723e-02 -1.64547617e-01 -2.80020884e-01 -4.01552074e-01 -5.31252601e-01 -7.06602191e-01 -8.71446865e-01 -9.08896763e-01 -9.29775312e-01 -9.00435888e-01 -8.46678807e-01 -6.56271265e-01 -4.64786404e-01 -3.18941781e-01 -1.80251168e-01 -4.59784546e-02 8.71153955e-02 2.26208660e-01 3.74152788e-01 4.86908486e-01 5.56740244e-01 7.52003808e-01 9.10823102e-01
3.40000000e+00 8.30297776e-01 6.48418627e-01 4.61032014e-01 3.98277803e-01 3.11167854e-01 1.98592986e-01 9.16525093e-02 -8.21690384e-03 -1.00951069e-01 -1.82011678e-01 -2.43600520e-01 -2.77327585e-01 -2.78108976e-01 -2.46287482e-01 -1.87423033e-01 -1.09868732e-01 -2.10686449e-02 7.44028909e-02 1.74868775e-01 2.79905636e-01 3.88385889e-01 4.95148598e-01 5.88896980e-01 6.55596464e-01 6.86333457e-01 6.78955083e-01 6.35626195e-01 5.63642458e-01 4.75463424e-01 3.83163371e-01 2.93596183e-01 2.09562786e-01 1.32364139e-01 6.36365175e-02 5.82017298e-03 -3.78874416e-02 -6.45306591e-02 -7.24271226e-02 -6.19874622e-02 -3.56609751e-02 2.78773699e-03 4.90873304e-02 9.90114968e-02 1.48175055e-01 1.91742936e-01 2.24188553e-01 2.40014495e-01 2.35009127e-01 2.07598173e-01 1.59372320e-01 9.43164988e-02 1.72859720e-02 -6.78237608e-02 -1.58666567e-01 -2.54320861e-01 -3.53949565e-01 -4.54782227e-01 -5.48829370e-01 -6.22825329e-01 -6.64144007e-01 -6.66470537e-01 -6.28831261e-01 -5.55339085e-01 -4.57404934e-01 -3.49604636e-01 -2.42060335e-01 -1.38522840e-01 -3.97749708e-02 5.35250960e-02 1.38584429e-01 2.09461764e-01 2.57548555e-01 2.74863844e-01 2.57595118e-01 2.07900228e-01 1.33117779e-01 4.22791615e-02 -5.77013110e-02 -1.64018703e-01 -2.76891132e-01 -3.95610694e-01 -5.24008881e-01 -7.02611337e-01 -8.65482208e-01 -9.04213258e-01 -9.24789929e-01 -8.95066759e-01 -8.39684801e-01 -6.50663459e-01 -4.55960216e-01 -3.11994907e-01 -1.76562630e-01 -4.53390076e-02 8.48376312e-02 2.21565785e-01 3.66874028e-01 4.74102597e-01 5.47727529e-01 7.51633321e-01 9.06292653e-01
3.50000000e+00 8.22321076e-01 6.46255611e-01 4.53430019e-01 3.88559983e-01 3.06924381e-01 1.97294011e-01 9.24802826e-02 -5.12229098e-03 -9.57103509e-02 -1.74995622e-01 -2.35371424e-01 -2.68558807e-01 -2.69491430e-01 -2.38461706e-01 -1.80935867e-01 -1.05135753e-01 -1.83478449e-02 7.50095597e-02 1.73406665e-01 2.76586641e-01 3.83618642e-01 4.89505359e-01 5.82957442e-01 6.49758610e-01 6.80751242e-01 6.73626325e-01 6.30556580e-01 5.58977401e-01 4.71518789e-01 3.80347897e-01 2.92266294e-01 2.09927947e-01 1.34467005e-01 6.73517798e-02 1.08529082e-02 -3.19880968e-02 -5.83198391e-02 -6.64818966e-02 -5.68231366e-02 -3.16742587e-02 5.33583659e-03 5.00596291e-02 9.83701318e-02 1.45963505e-01 1.88080727e-01 2.19279157e-01 2.34158829e-01 2.28615993e-01 2.01174314e-01 1.53477931e-01 8.94855581e-02 1.39441908e-02 -6.94086938e-02 -1.58395888e-01 -2.52262881e-01 -3.50347473e-01 -4.50037025e-01 -5.43397053e-01 -6.17060902e-01 -6.58210320e-01 -6.60388964e-01 -6.22636173e-01 -5.49242634e-01 -4.51858582e-01 -3.45188652e-01 -2.39294804e-01 -1.37747951e-01 -4.11469118e-02 5.00016281e-02 1.33051302e-01 2.02222164e-01 2.49068655e-01 2.65751263e-01 2.48566698e-01 1.99724109e-01 1.26512149e-01 3.77945665e-02 -5.97426811e-02 -1.63501970e-01 -2.73766700e-01 -3.89619449e-01 -5.16876439e-01 -6.98612468e-01 -8.59014178e-01 -8.99562024e-01 -9.19262086e-01 -8.89706997e-01 -8.32121314e-01 -6.45057740e-01 -4.47250164e-01 -3.05026386e-01 -1.72900180e-01 -4.47030720e-02 8.26181380e-02 2.17012522e-01 3.59399681e-01 4.60954450e-01 5.39254945e-01 7.50824968e-01 9.01311589e-01
3.60000000e+00 8.13849549e-01 6.43699365e-01 4.46400363e-01 3.78671945e-01 3.02506887e-01 1.96023343e-01 9.33313036e-02 -2.01263922e-03 -9.04215943e-02 -1.67866119e-01 -2.26954589e-01 -2.59554542e-01 -2.60641214e-01 -2.30453290e-01 -1.74336266e-01 -1.00348997e-01 -1.56044792e-02 7.56325198e-02 1.71963567e-01 2.73279913e-01 3.78830223e-01 4.83779092e-01 5.76864134e-01 6.43717262e-01 6.74950344e-01 6.68098734e-01 6.25334957e-01 5.54220795e-01 4.67538704e-01 3.77532453e-01 2.90952903e-01 2.10316897e-01 1.36603754e-01 7.11202797e-02 1.59674938e-02 -2.59777598e-02 -5.19799976e-02 -6.04087096e-02 -5.15499446e-02 -2.76076299e-02 7.93355440e-03 5.10541024e-02 9.77241216e-02 1.43716704e-01 1.84345830e-01 2.14256805e-01 2.28157574e-01 2.22065288e-01 1.94607997e-01 1.47477370e-01 8.45906452e-02 1.05705212e-02 -7.10098333e-02 -1.58138389e-01 -2.50215213e-01 -3.46738791e-01 -4.45241892e-01 -5.37849601e-01 -6.11115005e-01 -6.52050720e-01 -6.54071938e-01 -6.16236158e-01 -5.43005788e-01 -4.46247856e-01 -3.40766018e-01 -2.36547068e-01 -1.36992579e-01 -4.25362016e-02 4.64463200e-02 1.27442849e-01 1.94837817e-01 2.40374239e-01 2.56389118e-01 2.39310495e-01 1.91389641e-01 1.19829536e-01 3.32903125e-02 -6.17863890e-02 -1.62999074e-01 -2.70648176e-01 -3.83588841e-01 -5.09891019e-01 -6.94573144e-01 -8.52072046e-01 -8.94914363e-01 -9.13199208e-01 -8.84330328e-01 -8.24016959e-01 -6.39425916e-01 -4.38696978e-01 -2.98047428e-01 -1.69264501e-01 -4.40708057e-02 8.04626240e-02 2.12551528e-01 3.51713493e-01 4.47533300e-01 5.31344808e-01 7.49505576e-01 8.95897046e-01
3.70000000e+00 8.04905260e-01 6.40693995e-01 4.39954352e-01 3.68674212e-01 2.97900539e-01 1.94776721e-01 9.42074973e-02 1.11057603e-03 -8.50890782e-02 -1.60628897e-01 -2.18355708e-01 -2.50319668e-01 -2.51562791e-01 -2.22266824e-01 -1.67628607e-01 -9.55116945e-02 -1.28399651e-02 7.62723758e-02 1.70542246e-01 2.69990383e-01 3.74027011e-01 4.77975703e-01 5.70620247e-01 6.37471910e-01 6.68928007e-01 6.62370263e-01 6.19961983e-01 5.49375885e-01 4.63527645e-01 3.74721219e-01 2.89658832e-01 2.10730695e-01 1.38773534e-01 7.49393081e-02 2.11597164e-02 -1.98614416e-02 -4.55161394e-02 -5.42119377e-02 -4.61712900e-02 -2.34633935e-02 1.05796728e-02 5.20705172e-02 9.70740860e-02 1.41435980e-01 1.80540151e-01 2.09123895e-01 2.22013713e-01 2.15360820e-01 1.87903890e-01 1.41375640e-01 7.96360987e-02 7.16774105e-03 -7.26264042e-02 -1.57895353e-01 -2.48181124e-01 -3.43128318e-01 -4.40401935e-01 -5.32190549e-01 -6.04988082e-01 -6.45662811e-01 -6.47516871e-01 -6.09631519e-01 -5.36632615e-01 -4.40578993e-01 -3.36342755e-01 -2.33821369e-01 -1.36258775e-01 -4.39428229e-02 4.28611580e-02 1.21762706e-01 1.87313236e-01 2.31469968e-01 2.46782376e-01 2.29832468e-01 1.82903557e-01 1.13075897e-01 2.87699623e-02 -6.38318679e-02 -1.62511494e-01 -2.67535475e-01 -3.77530952e-01 -5.03086657e-01 -6.90458040e-01 -8.44692795e-01 -8.90232361e-01 -9.06618733e-01 -8.78901059e-01 -8.15409027e-01 -6.33736463e-01 -4.30339792e-01 -2.91070478e-01 -1.65655363e-01 -4.34419943e-02 7.83764342e-02 2.08182724e-01 3.43800305e-01 4.33915964e-01 5.24005182e-01 7.47611610e-01 8.90064415e-01
3.80000000e+00 7.95509047e-01 6.37192792e-01 4.34090120e-01 3.58632181e-01 2.93092387e-01 1.93548144e-01 9.51107778e-02 4.24631161e-03 -7.97167197e-02 -1.53289571e-01 -2.09580715e-01 -2.40859546e-01 -2.42261070e-01 -2.13907080e-01 -1.60817132e-01 -9.06267770e-02 -1.00554560e-02 7.69298104e-02 1.69145334e-01 2.66722693e-01 3.69215143e-01 4.72101067e-01 5.64229175e-01 6.31022320e-01 6.62681727e-01 6.56439054e-01 6.14438417e-01 5.44445901e-01 4.59489938e-01 3.71918193e-01 2.88386795e-01 2.11170417e-01 1.40975596e-01 7.88062727e-02 2.64253957e-02 -1.36442443e-02 -3.89334447e-02 -4.78961224e-02 -4.06906588e-02 -1.92438508e-02 1.32730144e-02 5.31086528e-02 9.64206048e-02 1.39122591e-01 1.76665552e-01 2.03882884e-01 2.15730417e-01 2.08506648e-01 1.81066860e-01 1.35177779e-01 7.46261309e-02 3.73843822e-03 -7.42577623e-02 -1.57668044e-01 -2.46163714e-01 -3.39520603e-01 -4.35522101e-01 -5.26423452e-01 -5.98680748e-01 -6.39044454e-01 -6.40721479e-01 -6.02822842e-01 -5.30127310e-01 -4.34858110e-01 -3.31924582e-01 -2.31121695e-01 -1.35548521e-01 -4.53669209e-02 3.92478158e-02 1.16014224e-01 1.79652908e-01 2.22360829e-01 2.36936550e-01 2.20139035e-01 1.74272683e-01 1.06256898e-01 2.42366260e-02 -6.58788695e-02 -1.62040503e-01 -2.64427918e-01 -3.71459597e-01 -4.96494887e-01 -6.86230065e-01 -8.36919943e-01 -8.85470042e-01 -8.99547065e-01 -8.73375219e-01 -8.06342362e-01 -6.27955625e-01 -4.22215293e-01 -2.84109385e-01 -1.62071714e-01 -4.28159981e-02 7.63644801e-02 2.03903173e-01 3.35646909e-01 4.20185586e-01 5.17229797e-01 7.45090357e-01 8.83826755e-01
3.90000000e+00 7.85680039e-01 6.33159073e-01 4.28792802e-01 3.48614956e-01 2.88072070e-01 1.92329863e-01 9.60429608e-02 7.39395975e-03 -7.43080609e-02 -1.45853621e-01 -2.00635782e-01 -2.31180027e-01 -2.32741416e-01 -2.05379006e-01 -1.53905937e-01 -8.56968676e-02 -7.25184081e-03 7.76055848e-02 1.67775327e-01 2.63481198e-01 3.64400489e-01 4.66161002e-01 5.57694504e-01 6.24368555e-01 6.56209286e-01 6.50303452e-01 6.08765126e-01 5.39434054e-01 4.55429741e-01 3.69127189e-01 2.87139393e-01 2.11637147e-01 1.43209296e-01 8.27187006e-02 3.17603914e-02 -7.33135271e-03 -3.22372634e-02 -4.14659679e-02 -3.51116187e-02 -1.49512995e-02 1.60124408e-02 5.41682996e-02 9.57642159e-02 1.36777718e-01 1.72723858e-01 1.98536289e-01 2.09311043e-01 2.01507087e-01 1.74101964e-01 1.28888858e-01 6.95648178e-02 2.85006601e-04 -7.59033942e-02 -1.57457709e-01 -2.44165913e-01 -3.35919940e-01 -4.30607159e-01 -5.20551871e-01 -5.92193799e-01 -6.32193790e-01 -6.33683810e-01 -5.95810998e-01 -5.23494184e-01 -4.29091173e-01 -3.27516893e-01 -2.28451767e-01 -1.34863727e-01 -4.68088031e-02 3.56076526e-02 1.10200465e-01 1.71861285e-01 2.13052134e-01 2.26857710e-01 2.10237065e-01 1.65503922e-01 9.93778997e-02 1.96929558e-02 -6.79274523e-02 -1.61587122e-01 -2.61324346e-01 -3.65390427e-01 -4.90143973e-01 -6.81851570e-01 -8.28802142e-01 -8.80574844e-01 -8.92018186e-01 -8.67702008e-01 -7.96867977e-01 -6.22048614e-01 -4.14356904e-01 -2.77179535e-01 -1.58511787e-01 -4.21917009e-02 7.44311565e-02 1.99707018e-01 3.27242904e-01 4.06430184e-01 5.10998366e-01 7.41900813e-01 8.77194295e-01
4.00000000e+00 7.75435273e-01 6.28566739e-01 4.24035041e-01 3.38694017e-01 2.82832490e-01 1.91112415e-01 9.70056658e-02 1.05533460e-02 -6.88662562e-02 -1.38326381e-01 -1.91527307e-01 -2.21287454e-01 -2.23009654e-01 -1.96687721e-01 -1.46898962e-01 -8.07242780e-02 -4.42974485e-03 7.83005384e-02 1.66434590e-01 2.60269958e-01 3.59588638e-01 4.60161248e-01 5.51020003e-01 6.17510979e-01 6.49508774e-01 6.43962030e-01 6.02943079e-01 5.34343512e-01 4.51351033e-01 3.66351824e-01 2.85919112e-01 2.12131980e-01 1.45474086e-01 8.66742402e-02 3.71606107e-02 -9.28025758e-04 -2.54331079e-02 -3.49263372e-02 -2.94378177e-02 -1.05880349e-02 1.87968509e-02 5.52492578e-02 9.51054143e-02 1.34402463e-01 1.68716846e-01 1.93086688e-01 2.02759140e-01 1.94366701e-01 1.67014446e-01 1.22513962e-01 6.44560914e-02 -3.19035631e-03 -7.75629150e-02 -1.57265573e-01 -2.42190480e-01 -3.32330359e-01 -4.25661680e-01 -5.14579356e-01 -5.85528207e-01 -6.25109269e-01 -6.26402273e-01 -5.88597159e-01 -5.16737645e-01 -4.23283975e-01 -3.23124750e-01 -2.25815047e-01 -1.34206237e-01 -4.82689375e-02 3.19417125e-02 1.04324192e-01 1.63942778e-01 2.03549527e-01 2.16552484e-01 2.00133883e-01 1.56604232e-01 9.24439399e-02 1.51411450e-02 -6.99779661e-02 -1.61152083e-01 -2.58223262e-01 -3.59340970e-01 -4.84058178e-01 -6.77285613e-01 -8.20391600e-01 -8.75489327e-01 -8.84072006e-01 -8.61825508e-01 -7.87041481e-01 -6.15980878e-01 -4.06793992e-01 -2.70297929e-01 -1.54973238e-01 -4.15674635e-02 7.25802444e-02 1.95585479e-01 3.18581543e-01 3.92741007e-01 5.05277255e-01 7.38014242e-01 8.70174052e-01
4.10000000e+00 7.64789399e-01 6.23400552e-01 4.19777814e-01 3.28941780e-01 2.77370450e-01 1.89884714e-01 9.80002093e-02 1.37247213e-02 -6.33940640e-02 -1.30713025e-01 -1.82261905e-01 -2.11188660e-01 -2.13072074e-01 -1.87838513e-01 -1.39799988e-01 -7.57110051e-02 -1.58953211e-03 7.90155890e-02 1.65125356e-01 2.57092736e-01 3.54784880e-01 4.54107447e-01 5.44209612e-01 6.10450280e-01 6.42578623e-01 6.37413604e-01 5.96973348e-01 5.29177397e-01 4.47257605e-01 3.63595510e-01 2.84728318e-01 2.12656015e-01 1.47769520e-01 9.06706622e-02 4.26220134e-02 5.56041237e-03 -1.85266452e-02 -2.82822473e-02 -2.36729829e-02 -6.15635034e-03 2.16251785e-02 5.63513349e-02 9.44446508e-02 1.31997853e-01 1.64646254e-01 1.87536723e-01 1.96078450e-01 1.87090309e-01 1.59809723e-01 1.16058185e-01 5.93037319e-02 -6.68565054e-03 -7.92360664e-02 -1.57092840e-01 -2.40239997e-01 -3.28755613e-01 -4.20690024e-01 -5.08509431e-01 -5.78685128e-01 -6.17789669e-01 -6.18875666e-01 -5.81182803e-01 -5.09862179e-01 -4.17442119e-01 -3.18752870e-01 -2.23214731e-01 -1.33577830e-01 -4.97479510e-02 2.82507264e-02 9.83878684e-02 1.55901746e-01 1.93858977e-01 2.06028069e-01 1.89837253e-01 1.47580613e-01 8.54597211e-02 1.05829296e-02 -7.20310324e-02 -1.60735799e-01 -2.55122989e-01 -3.53330615e-01 -4.78257112e-01 -6.72497221e-01 -8.11742392e-01 -8.70153072e-01 -8.75752497e-01 -8.55686596e-01 -7.76921367e-01 -6.09719395e-01 -3.99551150e-01 -2.63483194e-01 -1.51453307e-01 -4.09410838e-02 7.08148039e-02 1.91526939e-01 3.09660522e-01 3.79210756e-01 5.00020515e-01 7.33414421e-01 8.62769559e-01
4.20000000e+00 7.53754495e-01 6.17656119e-01 4.15971542e-01 3.19430068e-01 2.71687218e-01 1.88634205e-01 9.90274921e-02 1.69087477e-02 -5.78938384e-02 -1.23018550e-01 -1.72846391e-01 -2.00890972e-01 -2.02935427e-01 -1.78836831e-01 -1.32612623e-01 -7.06587307e-02 1.26869104e-03 7.97517322e-02 1.63849729e-01 2.53952997e-01 3.49994199e-01 4.48005121e-01 5.37267429e-01 6.03187477e-01 6.35417627e-01 6.30657252e-01 5.90857104e-01 5.23938761e-01 4.43153043e-01 3.60861452e-01 2.83569261e-01 2.13210355e-01 1.50095246e-01 9.47058594e-02 4.81406187e-02 1.21285815e-02 -1.15236881e-02 -2.15388644e-02 -1.78209197e-02 -1.65853975e-03 2.44963895e-02 5.74743443e-02 9.37823315e-02 1.29564840e-01 1.60513778e-01 1.81889101e-01 1.89272908e-01 1.79682979e-01 1.52493387e-01 1.09526617e-01 5.41113621e-02 -1.01990735e-02 -8.09227128e-02 -1.56940693e-01 -2.38316868e-01 -3.25199178e-01 -4.15696322e-01 -5.02345580e-01 -5.71665898e-01 -6.10234129e-01 -6.11103205e-01 -5.73569717e-01 -5.02872336e-01 -4.11570989e-01 -3.14405618e-01 -2.20653752e-01 -1.32980219e-01 -5.12466264e-02 2.45351149e-02 9.23936533e-02 1.47742497e-01 1.83986780e-01 1.95292222e-01 1.79355376e-01 1.38440087e-01 7.84295995e-02 6.01959311e-03 -7.40875205e-02 -1.60338330e-01 -2.52021854e-01 -3.47380516e-01 -4.72755171e-01 -6.67454630e-01 -8.02908708e-01 -8.64504700e-01 -8.67105699e-01 -8.49224979e-01 -7.66567214e-01 -6.03233936e-01 -3.92647573e-01 -2.56755531e-01 -1.47948998e-01 -4.03097671e-02 6.91370584e-02 1.87517089e-01 3.00482701e-01 3.65931686e-01 4.95171227e-01 7.28097559e-01 8.54980712e-01
4.30000000e+00 7.42339973e-01 6.11339608e-01 4.12557457e-01 3.10228539e-01 2.65789002e-01 1.87347069e-01 1.00087884e-01 2.01064763e-02 -5.23675245e-02 -1.15247769e-01 -1.63287775e-01 -1.90402198e-01 -1.92606925e-01 -1.69688284e-01 -1.25340305e-01 -6.55688231e-02 4.14507080e-03 8.05100412e-02 1.62609687e-01 2.50853913e-01 3.45221252e-01 4.41859652e-01 5.30197694e-01 5.95723932e-01 6.28024973e-01 6.23692331e-01 5.84595617e-01 5.18630583e-01 4.39040722e-01 3.58152637e-01 2.82444065e-01 2.13796104e-01 1.52451003e-01 9.87778458e-02 5.37125092e-02 1.87710550e-02 -4.43018546e-03 -1.47014974e-02 -1.18855106e-02 2.90310079e-03 2.74094781e-02 5.86181023e-02 9.31188168e-02 1.27104297e-01 1.56321076e-01 1.76146596e-01 1.82346646e-01 1.72150024e-01 1.45071187e-01 1.02924335e-01 4.88824422e-02 -1.37290187e-02 -8.26228382e-02 -1.56810290e-01 -2.36423320e-01 -3.21664244e-01 -4.10684463e-01 -4.96091228e-01 -5.64472035e-01 -6.02442163e-01 -6.03084552e-01 -5.65760003e-01 -4.95772711e-01 -4.05675734e-01 -3.10087000e-01 -2.18134783e-01 -1.32415060e-01 -5.27658993e-02 2.07949939e-02 8.63434055e-02 1.39469277e-01 1.73939556e-01 1.84353262e-01 1.68696875e-01 1.29189681e-01 7.13575777e-02 1.45197443e-03 -7.61485202e-02 -1.59959360e-01 -2.48918393e-01 -3.41513426e-01 -4.67561104e-01 -6.62130438e-01 -7.93943099e-01 -8.58483925e-01 -8.58177664e-01 -8.42381288e-01 -7.56037874e-01 -5.96498262e-01 -3.86096555e-01 -2.50136581e-01 -1.44457277e-01 -3.96701095e-02 6.75482729e-02 1.83539173e-01 2.91056714e-01 3.52993681e-01 4.90663128e-01 7.22071914e-01 8.46803737e-01
4.40000000e+00 7.30552592e-01 6.04467196e-01 4.09469188e-01 3.01403124e-01 2.59687313e-01 1.86008494e-01 1.01181107e-01 2.33193181e-02 -4.68166558e-02 -1.07405298e-01 -1.53593243e-01 -1.79730622e-01 -1.82094237e-01 -1.60398626e-01 -1.17986297e-01 -6.04423411e-02 7.03999982e-03 8.12916655e-02 1.61407086e-01 2.47798358e-01 3.40470367e-01 4.35676258e-01 5.23004775e-01 5.88061359e-01 6.20400264e-01 6.16518499e-01 5.78190253e-01 5.13255745e-01 4.34923799e-01 3.55471834e-01 2.81354732e-01 2.14414360e-01 1.54836622e-01 1.02884754e-01 5.93338360e-02 2.54823694e-02 2.74778840e-03 -7.77559159e-03 -5.87071362e-03 7.52627017e-03 3.03634626e-02 5.97824263e-02 9.24544211e-02 1.24617027e-01 1.52069766e-01 1.70312049e-01 1.75303987e-01 1.64496999e-01 1.37549024e-01 9.62563903e-02 4.36202665e-02 -1.72740729e-02 -8.43365409e-02 -1.56702763e-01 -2.34561401e-01 -3.18153713e-01 -4.05658081e-01 -4.89749731e-01 -5.57105239e-01 -5.94413691e-01 -5.94819837e-01 -5.57756083e-01 -4.88567920e-01 -3.99761246e-01 -3.05800659e-01 -2.15660244e-01 -1.31883952e-01 -5.43068540e-02 1.70301810e-02 8.02386855e-02 1.31086270e-01 1.63724239e-01 1.73220059e-01 1.57870776e-01 1.19836408e-01 6.42472997e-02 -3.11952091e-03 -7.82153105e-02 -1.59598186e-01 -2.45811564e-01 -3.35753451e-01 -4.62677705e-01 -6.56502637e-01 -7.84894799e-01 -8.52033581e-01 -8.49012423e-01 -8.35099143e-01 -7.45389710e-01 -5.89491217e-01 -3.79905113e-01 -2.43649225e-01 -1.40975286e-01 -3.90180987e-02 6.60486317e-02 1.79574306e-01 2.81397452e-01 3.40482313e-01 4.86422470e-01 7.15357123e-01 8.38231262e-01
4.50000000e+00 7.18396559e-01 5.97064293e-01 4.06634519e-01 2.93014505e-01 2.53399206e-01 1.84603003e-01 1.02306128e-01 2.65490060e-02 -4.12423541e-02 -9.94955498e-02 -1.43770143e-01 -1.68884992e-01 -1.71405475e-01 -1.50973761e-01 -1.10553684e-01 -5.52800394e-02 9.95410992e-03 8.20978304e-02 1.60243666e-01 2.44788922e-01 3.35745531e-01 4.29459978e-01 5.15693149e-01 5.80201834e-01 6.12543542e-01 6.09135724e-01 5.71642472e-01 5.07817027e-01 4.30805200e-01 3.52821586e-01 2.80303139e-01 2.15066214e-01 1.57252012e-01 1.07024834e-01 6.50008224e-02 3.22570343e-02 1.00040451e-02 -7.66720768e-04 2.19438927e-04 1.22086591e-02 3.33573812e-02 6.09671311e-02 9.17894123e-02 1.22103760e-01 1.47761435e-01 1.64388376e-01 1.68149452e-01 1.56729692e-01 1.29932937e-01 8.95278016e-02 3.83279608e-02 -2.08330128e-02 -8.60640289e-02 -1.56619220e-01 -2.32732980e-01 -3.14670198e-01 -4.00620539e-01 -4.83324356e-01 -5.49567390e-01 -5.86149058e-01 -5.86309686e-01 -5.49560697e-01 -4.81262585e-01 -3.93832144e-01 -3.01549877e-01 -2.13232300e-01 -1.31388441e-01 -5.58707195e-02 1.32402036e-02 7.40807611e-02 1.22597600e-01 1.53348080e-01 1.61902023e-01 1.46886495e-01 1.10387256e-01 5.71020487e-02 -7.69490671e-03 -8.02893241e-02 -1.59253715e-01 -2.42700967e-01 -3.30125734e-01 -4.58101667e-01 -6.50555483e-01 -7.75808159e-01 -8.45101537e-01 -8.39650054e-01 -8.27327128e-01 -7.34674933e-01 -5.82197656e-01 -3.74073781e-01 -2.37317295e-01 -1.37500557e-01 -3.83491338e-02 6.46371193e-02 1.75601879e-01 2.71526389e-01 3.28476970e-01 4.82370051e-01 7.07983265e-01 8.29252514e-01
4.60000000e+00 7.05873720e-01 5.89164546e-01 4.03977271e-01 2.85116679e-01 2.46947367e-01 1.83114831e-01 1.03461050e-01 2.97975481e-02 -3.56453324e-02 -9.15227284e-02 -1.33825972e-01 -1.57874502e-01 -1.60549190e-01 -1.41419727e-01 -1.03045379e-01 -5.00823766e-02 1.28882638e-02 8.29298357e-02 1.59121051e-01 2.41827908e-01 3.31050386e-01 4.23215652e-01 5.08267390e-01 5.72147799e-01 6.04455310e-01 6.01544311e-01 5.64953827e-01 5.02317089e-01 4.26687617e-01 3.50204214e-01 2.79291041e-01 2.15752746e-01 1.59697165e-01 1.11196448e-01 7.07097670e-02 3.90895423e-02 1.73322943e-02 6.31942074e-03 6.38084173e-03 1.69479467e-02 3.63902864e-02 6.21720265e-02 9.11240121e-02 1.19565159e-01 1.43397637e-01 1.58378566e-01 1.60887751e-01 1.48854117e-01 1.22229095e-01 8.27435438e-02 3.30084812e-02 -2.44047998e-02 -8.78056137e-02 -1.56560741e-01 -2.30939748e-01 -3.11216020e-01 -3.95574924e-01 -4.76818268e-01 -5.41860550e-01 -5.77649051e-01 -5.77555237e-01 -5.41176907e-01 -4.73861315e-01 -3.87892757e-01 -2.97337570e-01 -2.10852875e-01 -1.30930022e-01 -5.74588642e-02 9.42430914e-03 6.78706165e-02 1.14007322e-01 1.42818630e-01 1.50409090e-01 1.35753811e-01 1.00849167e-01 4.99247487e-02 -1.22745987e-02 -8.23721103e-02 -1.58924471e-01 -2.39587071e-01 -3.24656063e-01 -4.53823601e-01 -6.44280182e-01 -7.66721273e-01 -8.37642444e-01 -8.30124924e-01 -8.19020587e-01 -7.23940112e-01 -5.74609195e-01 -3.68596564e-01 -2.31165229e-01 -1.34031239e-01 -3.76580682e-02 6.33114097e-02 1.71600037e-01 2.61471742e-01 3.17049087e-01 4.78423371e-01 6.99989712e-01 8.19853596e-01
4.70000000e+00 6.92983830e-01 5.80808679e-01 4.01419243e-01 2.77755666e-01 2.40360060e-01 1.81528350e-01 1.04643033e-01 3.30671728e-02 -3.00259008e-02 -8.34908221e-02 -1.23768359e-01 -1.46708777e-01 -1.49534353e-01 -1.31742699e-01 -9.54641253e-02 -4.48495254e-02 1.58435460e-02 8.37890541e-02 1.58040758e-01 2.38917344e-01 3.26388223e-01 4.16947902e-01 5.00732145e-01 5.63902071e-01 5.96136553e-01 5.93744906e-01 5.58125960e-01 4.96758463e-01 4.22573501e-01 3.47621808e-01 2.78320065e-01 2.16475024e-01 1.62172142e-01 1.15398064e-01 7.64570463e-02 4.59743791e-02 2.47261567e-02 1.34770271e-02 1.26093182e-02 2.17417966e-02 3.94612392e-02 6.33969138e-02 9.04583959e-02 1.17001823e-01 1.38979902e-01 1.52285685e-01 1.53523786e-01 1.40876507e-01 1.14443781e-01 7.59085394e-02 2.76646144e-02 -2.79885744e-02 -8.95617050e-02 -1.56528380e-01 -2.29183223e-01 -3.07793212e-01 -3.90524035e-01 -4.70234518e-01 -5.33986958e-01 -5.68914923e-01 -5.68558167e-01 -5.32608090e-01 -4.66368683e-01 -3.81947106e-01 -2.93166292e-01 -2.08523650e-01 -1.30510148e-01 -5.90727911e-02 5.58147561e-03 6.16089625e-02 1.05319435e-01 1.32143735e-01 1.38751699e-01 1.24482849e-01 9.12290263e-02 4.27179677e-02 -1.68593941e-02 -8.44652935e-02 -1.58608623e-01 -2.36471429e-01 -3.19370422e-01 -4.49828215e-01 -6.37675344e-01 -7.57664826e-01 -8.29619232e-01 -8.20464177e-01 -8.10143199e-01 -7.13224901e-01 -5.66724736e-01 -3.63461065e-01 -2.25217643e-01 -1.30566306e-01 -3.69392774e-02 6.20677699e-02 1.67546229e-01 2.51268437e-01 3.06260546e-01 4.74498837e-01 6.91423787e-01 8.10017871e-01
4.80000000e+00 6.79724882e-01 5.72043189e-01 3.98882178e-01 2.70968373e-01 2.33670897e-01 1.79828539e-01 1.05848215e-01 3.63602647e-02 -2.43839760e-02 -7.54036022e-02 -1.13605049e-01 -1.35397849e-01 -1.38370340e-01 -1.21948973e-01 -8.78124995e-02 -3.95813838e-02 1.88212528e-02 8.46769297e-02 1.57004200e-01 2.36058989e-01 3.21761984e-01 4.10661115e-01 4.93092120e-01 5.55467841e-01 5.87588757e-01 5.85738523e-01 5.51160603e-01 4.91143536e-01 4.18465059e-01 3.45076231e-01 2.77391715e-01 2.17234094e-01 1.64677072e-01 1.19628255e-01 8.22391167e-02 5.29060334e-02 3.21791775e-02 2.07001904e-02 1.89006222e-02 2.65878523e-02 4.25693035e-02 6.46415822e-02 8.97926933e-02 1.14414290e-01 1.34509740e-01 1.46112880e-01 1.46062644e-01 1.32803301e-01 1.06583379e-01 6.90276501e-02 2.22989782e-02 -3.15836493e-02 -9.13328033e-02 -1.56523158e-01 -2.27464745e-01 -3.04403518e-01 -3.85470373e-01 -4.63576026e-01 -5.25949032e-01 -5.59948409e-01 -5.59320703e-01 -5.23857945e-01 -4.58789210e-01 -3.75998897e-01 -2.89038241e-01 -2.06246082e-01 -1.30130229e-01 -6.07141323e-02 1.71042450e-03 5.52962492e-02 9.65378759e-02 1.21331527e-01 1.26940774e-01 1.13084048e-01 8.15336484e-02 3.54839248e-02 -2.14504480e-02 -8.65705314e-02 -1.58304024e-01 -2.33356879e-01 -3.14294486e-01 -4.46094670e-01 -6.30747206e-01 -7.48661210e-01 -8.21004328e-01 -8.10686516e-01 -8.00668247e-01 -7.02561023e-01 -5.58550761e-01 -3.58648792e-01 -2.19498857e-01 -1.27105765e-01 -3.61867550e-02 6.09009838e-02 1.63417820e-01 2.40957882e-01 2.96162275e-01 4.70513963e-01 6.82339273e-01 7.99726408e-01
4.90000000e+00 6.66093501e-01 5.62918955e-01 3.96289685e-01 2.64781670e-01 2.26918460e-01 1.78001468e-01 1.07071673e-01 3.96792920e-02 -1.87190946e-02 -6.72646213e-02 -1.03343886e-01 -1.23952132e-01 -1.27066912e-01 -1.12044967e-01 -8.00929221e-02 -3.42775886e-02 2.18228813e-02 8.55949763e-02 1.56012692e-01 2.33254342e-01 3.17174255e-01 4.04359432e-01 4.85352061e-01 5.46848678e-01 5.78813925e-01 5.77526545e-01 5.44059575e-01 4.85474545e-01 4.14364246e-01 3.42569117e-01 2.76507369e-01 2.18030982e-01 1.67212143e-01 1.23885692e-01 8.80525159e-02 5.98790072e-02 3.96848407e-02 2.79829111e-02 2.52504399e-02 3.14837333e-02 4.57135394e-02 6.59058055e-02 8.91269886e-02 1.11803043e-01 1.29988647e-01 1.39863382e-01 1.38509595e-01 1.24641132e-01 9.86543621e-02 6.21056688e-02 1.69140246e-02 -3.51895016e-02 -9.31194939e-02 -1.56546068e-01 -2.25785485e-01 -3.01048395e-01 -3.80416137e-01 -4.56845575e-01 -5.17749363e-01 -5.50751740e-01 -5.49845643e-01 -5.14930478e-01 -4.51127345e-01 -3.70051503e-01 -2.84955260e-01 -2.04021403e-01 -1.29791637e-01 -6.23846425e-02 -2.19036573e-03 4.89326813e-02 8.76665279e-02 1.10390410e-01 1.14987690e-01 1.01568135e-01 7.17697649e-02 2.82244999e-02 -2.60492464e-02 -8.86894710e-02 -1.58008272e-01 -2.30247732e-01 -3.09453075e-01 -4.42597094e-01 -6.23509596e-01 -7.39723945e-01 -8.11780524e-01 -8.00801340e-01 -7.90579566e-01 -6.91971554e-01 -5.50101370e-01 -3.54135638e-01 -2.14032375e-01 -1.23650838e-01 -3.53942360e-02 5.98043009e-02 1.59192744e-01 2.30587536e-01 2.86793106e-01 4.66389506e-01 6.72794836e-01 7.88958497e-01
5.00000000e+00 6.52085371e-01 5.53489784e-01 3.93569068e-01 2.59211701e-01 2.20145753e-01 1.76034807e-01 1.08307397e-01 4.30267275e-02 -1.30304303e-02 -5.90772142e-02 -9.29927972e-02 -1.12382397e-01 -1.15634193e-01 -1.02037209e-01 -7.23076650e-02 -2.89375311e-02 2.48501186e-02 8.65447751e-02 1.55067458e-01 2.30504654e-01 3.12627275e-01 3.98046732e-01 4.77516734e-01 5.38048526e-01 5.69814591e-01 5.69110749e-01 5.36824779e-01 4.79753566e-01 4.10272765e-01 3.40101874e-01 2.75668281e-01 2.18866685e-01 1.69777595e-01 1.28169134e-01 9.38938634e-02 6.68878253e-02 4.72365831e-02 3.53191085e-02 3.16543916e-02 3.64270296e-02 4.88929961e-02 6.71893379e-02 8.84613212e-02 1.09168516e-01 1.25418107e-01 1.33540508e-01 1.30870085e-01 1.16396816e-01 9.06632772e-02 5.51473126e-02 1.15120427e-02 -3.88057646e-02 -9.49224389e-02 -1.56598070e-01 -2.24146446e-01 -2.97729023e-01 -3.75363219e-01 -4.50045793e-01 -5.09390718e-01 -5.41327658e-01 -5.40136361e-01 -5.05830005e-01 -4.43387448e-01 -3.64107959e-01 -2.80918851e-01 -2.01850632e-01 -1.29495711e-01 -6.40861936e-02 -6.12264486e-03 4.25182351e-02 7.87092274e-02 9.93290461e-02 1.02904251e-01 8.99460946e-02 6.19440135e-02 2.09412463e-02 -3.06575763e-02 -9.08237054e-02 -1.57718781e-01 -2.27149913e-01 -3.04869588e-01 -4.39305248e-01 -6.15983655e-01 -7.30857416e-01 -8.01941493e-01 -7.90808262e-01 -7.79872112e-01 -6.81470521e-01 -5.41398058e-01 -3.49892510e-01 -2.08840327e-01 -1.20204118e-01 -3.45553500e-02 5.87694178e-02 1.54850193e-01 2.20210286e-01 2.78178906e-01 4.62051472e-01 6.62852386e-01 7.77692210e-01
5.10000000e+00 6.37695693e-01 5.43810943e-01 3.90653018e-01 2.54263441e-01 2.13399511e-01 1.73918335e-01 1.09548309e-01 4.64049615e-02 -7.31681620e-03 -5.08444999e-02 -8.25597732e-02 -1.00699739e-01 -1.04082643e-01 -9.19323351e-02 -6.44588634e-02 -2.35603733e-02 2.79048293e-02 8.75279723e-02 1.54169634e-01 2.27810932e-01 3.08122937e-01 3.91726619e-01 4.69590913e-01 5.29071706e-01 5.60593833e-01 5.60493309e-01 5.29458206e-01 4.73982505e-01 4.06192067e-01 3.37675681e-01 2.74875580e-01 2.19742171e-01 1.72373713e-01 1.32477424e-01 9.97598607e-02 7.39270457e-02 5.48278099e-02 4.27026323e-02 3.81080345e-02 4.14152968e-02 5.21067051e-02 6.84919102e-02 8.77956872e-02 1.06511096e-01 1.20799606e-01 1.27147664e-01 1.23149734e-01 1.08077336e-01 8.26167292e-02 4.81572159e-02 6.09516306e-03 -4.24322179e-02 -9.67423708e-02 -1.56680091e-01 -2.22548462e-01 -2.94446302e-01 -3.70313200e-01 -4.43179148e-01 -5.00876037e-01 -5.31679427e-01 -5.30196824e-01 -4.96561143e-01 -4.35573775e-01 -3.58170956e-01 -2.76930175e-01 -1.99734590e-01 -1.29243758e-01 -6.58207678e-02 -1.00883749e-02 3.60526777e-02 6.96697703e-02 8.81563409e-02 9.07026463e-02 7.82291341e-02 5.20629293e-02 1.36354057e-02 -3.52774928e-02 -9.29747309e-02 -1.57432880e-01 -2.24071086e-01 -3.00565419e-01 -4.36185325e-01 -6.08197299e-01 -7.22056936e-01 -7.91491913e-01 -7.80697020e-01 -7.68552153e-01 -6.71062831e-01 -5.32469244e-01 -3.45886121e-01 -2.03942902e-01 -1.16769692e-01 -3.36638023e-02 5.77864945e-02 1.50371322e-01 2.09883632e-01 2.70332025e-01 4.57432933e-01 6.52575441e-01 7.65904986e-01
5.20000000e+00 6.22919651e-01 5.33937728e-01 3.87481118e-01 2.49930533e-01 2.06729359e-01 1.71644433e-01 1.10786306e-01 4.98162103e-02 -1.57677115e-03 -4.25693863e-02 -7.20528544e-02 -8.89155451e-02 -9.24230340e-02 -8.17370796e-02 -5.65485282e-02 -1.81450669e-02 3.09890430e-02 8.85462768e-02 1.53320275e-01 2.25173960e-01 3.03662791e-01 3.85402414e-01 4.61579356e-01 5.19922909e-01 5.51155281e-01 5.51676807e-01 5.21961931e-01 4.68163089e-01 4.02123346e-01 3.35291499e-01 2.74130273e-01 2.20658374e-01 1.75000819e-01 1.36809484e-01 1.05647291e-01 8.09912685e-02 6.24519097e-02 5.01272742e-02 4.46068647e-02 4.64460511e-02 5.53536728e-02 6.98132253e-02 8.71300400e-02 1.03831136e-01 1.16134637e-01 1.20688349e-01 1.15354324e-01 9.96898280e-02 7.45213665e-02 4.11399247e-02 6.65363552e-04 -4.60687783e-02 -9.85800842e-02 -1.56793021e-01 -2.20992209e-01 -2.91200861e-01 -3.65267348e-01 -4.36247939e-01 -4.92208427e-01 -5.21810843e-01 -5.20031596e-01 -4.87128801e-01 -4.27690461e-01 -3.52242832e-01 -2.72990068e-01 -1.97673901e-01 -1.29037059e-01 -6.75904510e-02 -1.40897135e-02 2.95355877e-02 6.05519216e-02 7.68814286e-02 7.83954212e-02 6.64286518e-02 4.21329364e-02 6.30792664e-03 -3.99112827e-02 -9.51439076e-02 -1.57147921e-01 -2.21020719e-01 -2.96559393e-01 -4.33200860e-01 -6.00184457e-01 -7.13309141e-01 -7.80447210e-01 -7.70447804e-01 -7.56637063e-01 -6.60744528e-01 -5.23349560e-01 -3.42079886e-01 -1.99357785e-01 -1.13353229e-01 -3.27135816e-02 5.68442126e-02 1.45739946e-01 1.99668699e-01 2.63251077e-01 4.52475627e-01 6.42027519e-01 7.53574238e-01
5.30000000e+00 6.07752882e-01 5.23924082e-01 3.84001129e-01 2.46195398e-01 2.00186864e-01 1.69208549e-01 1.12012349e-01 5.32624219e-02 4.19146773e-03 -3.42545754e-02 -6.14801111e-02 -7.70414576e-02 -8.06664151e-02 -7.14582693e-02 -4.85785606e-02 -1.26903722e-02 3.41049416e-02 8.96014567e-02 1.52520363e-01 2.22594298e-01 2.99248053e-01 3.79077146e-01 4.53486793e-01 5.10607188e-01 5.41503126e-01 5.42664248e-01 5.14338115e-01 4.62296868e-01 3.98067542e-01 3.32950063e-01 2.73433242e-01 2.21616186e-01 1.77659264e-01 1.41164300e-01 1.11553019e-01 8.80751461e-02 7.01022703e-02 5.75867802e-02 5.11463199e-02 5.15167638e-02 5.86328727e-02 7.11529545e-02 8.64642917e-02 1.01128954e-01 1.11424704e-01 1.14166161e-01 1.07489796e-01 9.12415624e-02 6.63838652e-02 3.40998914e-02 -4.77552465e-03 -4.97154885e-02 -1.00436428e-01 -1.56937714e-01 -2.19478201e-01 -2.87993066e-01 -3.60226617e-01 -4.29254288e-01 -4.83391169e-01 -5.11726237e-01 -5.09645838e-01 -4.77538173e-01 -4.19741505e-01 -3.46325576e-01 -2.69099051e-01 -1.95669009e-01 -1.28876873e-01 -6.93974257e-02 -1.81289956e-02 2.29663777e-02 5.13594255e-02 6.55136531e-02 6.59954308e-02 5.45561989e-02 3.21603414e-02 -1.04051554e-03 -4.45614252e-02 -9.73324226e-02 -1.56861405e-01 -2.18010105e-01 -2.92867219e-01 -4.30313727e-01 -5.91984103e-01 -7.04592677e-01 -7.68832929e-01 -7.60031970e-01 -7.44154735e-01 -6.50503369e-01 -5.14078918e-01 -3.38434928e-01 -1.95099605e-01 -1.09962015e-01 -3.16991916e-02 5.59298774e-02 1.40943214e-01 1.89629095e-01 2.56921047e-01 4.47131273e-01 6.31270626e-01 7.40677954e-01
5.40000000e+00 5.92191926e-01 5.13821329e-01 3.80170022e-01 2.43029621e-01 1.93824479e-01 1.66609618e-01 1.13216587e-01 5.67451792e-02 9.98990751e-03 -2.59025715e-02 -5.08496268e-02 -6.50893380e-02 -6.88240838e-02 -6.11028171e-02 -4.05507682e-02 -7.19487961e-03 3.72548458e-02 9.06953369e-02 1.51770807e-01 2.20072306e-01 2.94879615e-01 3.72753546e-01 4.45317910e-01 5.01129954e-01 5.31642119e-01 5.33459057e-01 5.06589001e-01 4.56385203e-01 3.94025341e-01 3.30651895e-01 2.72785246e-01 2.22616458e-01 1.80349420e-01 1.45540922e-01 1.17473988e-01 9.51733916e-02 7.77722940e-02 6.50748633e-02 5.77217826e-02 5.66248557e-02 6.19432378e-02 7.25107325e-02 8.57983147e-02 9.84048453e-02 1.06671335e-01 1.07584791e-01 9.95622403e-02 8.27399292e-02 5.82109135e-02 2.70414705e-02 -1.02258098e-02 -5.33725063e-02 -1.02312299e-01 -1.57114985e-01 -2.18006798e-01 -2.84823023e-01 -3.55191652e-01 -4.22200137e-01 -4.74427706e-01 -5.01430485e-01 -4.99045313e-01 -4.67794726e-01 -4.11730763e-01 -3.40420821e-01 -2.65257339e-01 -1.93720190e-01 -1.28764434e-01 -7.12439640e-02 -2.22087156e-02 1.63443184e-02 4.20960169e-02 5.40625496e-02 5.35157987e-02 4.26234433e-02 2.21513285e-02 -8.40949512e-03 -4.92305506e-02 -9.95412593e-02 -1.56571126e-01 -2.15052328e-01 -2.89500999e-01 -4.27485190e-01 -5.83639098e-01 -6.95879188e-01 -7.56683755e-01 -7.49413123e-01 -7.31142638e-01 -6.40319681e-01 -5.04701393e-01 -3.34911146e-01 -1.91179433e-01 -1.06604945e-01 -3.06159019e-02 5.50295658e-02 1.35972237e-01 1.79829645e-01 2.51313743e-01 4.41362588e-01 6.20363846e-01 7.27195280e-01
5.50000000e+00 5.76234656e-01 5.03677027e-01 3.75954731e-01 2.40394613e-01 1.87694415e-01 1.63850423e-01 1.14388525e-01 6.02656053e-02 1.58207560e-02 -1.75156905e-02 -4.01694809e-02 -5.30712258e-02 -5.69075495e-02 -5.06777147e-02 -3.24668813e-02 -1.65703166e-03 4.04412011e-02 9.18297948e-02 1.51072457e-01 2.17608147e-01 2.90558054e-01 3.66434044e-01 4.37077333e-01 4.91496964e-01 5.21577579e-01 5.24065094e-01 4.98716924e-01 4.50429270e-01 3.89997178e-01 3.28397303e-01 2.72186921e-01 2.23659991e-01 1.83071672e-01 1.49938451e-01 1.23407218e-01 1.02280788e-01 8.54554134e-02 7.25852164e-02 6.43285831e-02 6.17676921e-02 6.52836530e-02 7.38861532e-02 8.51319432e-02 9.56590872e-02 1.01876090e-01 1.00948037e-01 9.15778857e-02 7.41924181e-02 5.00091958e-02 1.99689149e-02 -1.56839316e-02 -5.70400933e-02 -1.04208631e-01 -1.57325604e-01 -2.16578213e-01 -2.81690586e-01 -3.50162789e-01 -4.15087246e-01 -4.65321650e-01 -4.90929003e-01 -4.88236381e-01 -4.57904191e-01 -4.03661931e-01 -3.34529853e-01 -2.61464858e-01 -1.91827555e-01 -1.28700960e-01 -7.31324199e-02 -2.63315071e-02 9.66856386e-03 3.27654332e-02 4.25378244e-02 4.09698696e-02 3.06421305e-02 1.21119555e-02 -1.57988108e-02 -5.39213951e-02 -1.01771173e-01 -1.56275317e-01 -2.12162171e-01 -2.86468794e-01 -4.24676972e-01 -5.75194909e-01 -6.87134526e-01 -7.44042229e-01 -7.38548527e-01 -7.17646552e-01 -6.30167488e-01 -4.95263953e-01 -3.31468317e-01 -1.87604333e-01 -1.03292464e-01 -2.94600132e-02 5.41283223e-02 1.30822654e-01 1.70335030e-01 2.46388568e-01 4.35143975e-01 6.09362101e-01 7.13107073e-01
5.60000000e+00 5.59880660e-01 4.93533980e-01 3.71332625e-01 2.38242517e-01 1.81847472e-01 1.60937883e-01 1.15517230e-01 6.38242723e-02 2.16863721e-02 -9.09607133e-03 -2.94477313e-02 -4.09992972e-02 -4.49284978e-02 -4.01900264e-02 -2.43285720e-02 3.92485416e-03 4.36665634e-02 9.30067572e-02 1.50426101e-01 2.15201802e-01 2.86283641e-01 3.60120764e-01 4.28769617e-01 4.81714308e-01 5.11315385e-01 5.14486653e-01 4.90724305e-01 4.44430056e-01 3.85983236e-01 3.26186387e-01 2.71638781e-01 2.24747536e-01 1.85826409e-01 1.54356030e-01 1.29349806e-01 1.09392197e-01 9.31451075e-02 8.01115252e-02 7.09620029e-02 6.69425771e-02 6.86529465e-02 7.52787651e-02 8.44649754e-02 9.28919481e-02 9.70405685e-02 9.42597979e-02 8.35430912e-02 6.56066001e-02 4.17853768e-02 1.28863729e-02 -2.11484528e-02 -6.07186030e-02 -1.06126390e-01 -1.57570301e-01 -2.15192507e-01 -2.78595368e-01 -3.45140061e-01 -4.07917187e-01 -4.56076777e-01 -4.80227750e-01 -4.77225991e-01 -4.47872550e-01 -3.95538542e-01 -3.28653609e-01 -2.57721254e-01 -1.89991070e-01 -1.28687651e-01 -7.50652217e-02 -3.05001236e-02 2.93817801e-03 2.33714283e-02 3.09493339e-02 2.83711614e-02 1.86240450e-02 2.04815127e-03 -2.32084578e-02 -5.86367547e-02 -1.04022675e-01 -1.55972815e-01 -2.09355965e-01 -2.83774274e-01 -4.21852324e-01 -5.66698220e-01 -6.78320178e-01 -7.30957200e-01 -7.27390795e-01 -7.03719030e-01 -6.20015836e-01 -4.85815081e-01 -3.28067202e-01 -1.84376991e-01 -1.00036450e-01 -2.82291307e-02 5.32104010e-02 1.25495108e-01 1.61208365e-01 2.42093600e-01 4.28461875e-01 5.98315072e-01 6.98396413e-01
5.70000000e+00 5.43131580e-01 4.83429435e-01 3.66291673e-01 2.36517345e-01 1.76331854e-01 1.57883247e-01 1.16591572e-01 6.74211168e-02 2.75892109e-02 -6.45689093e-04 -1.86923975e-02 -2.88858221e-02 -3.28987517e-02 -2.96468814e-02 -1.61374731e-02 9.55256134e-03 4.69335850e-02 9.42281958e-02 1.49832475e-01 2.12853082e-01 2.82056358e-01 3.53815528e-01 4.20399233e-01 4.71788398e-01 5.00861974e-01 5.04728462e-01 4.82613656e-01 4.38388364e-01 3.81983456e-01 3.24019043e-01 2.71141218e-01 2.25879786e-01 1.88614012e-01 1.58792840e-01 1.35298920e-01 1.16502566e-01 1.00834916e-01 8.76474817e-02 7.76172787e-02 7.21467486e-02 7.20498829e-02 7.66880667e-02 8.37971749e-02 9.01036944e-02 9.21664194e-02 8.75240786e-02 7.54643346e-02 5.69901079e-02 3.35460861e-02 5.79788645e-03 -2.66180494e-02 -6.44084685e-02 -1.08066563e-01 -1.57849755e-01 -2.13849602e-01 -2.75536746e-01 -3.40123205e-01 -4.00691351e-01 -4.46697027e-01 -4.69333223e-01 -4.66021673e-01 -4.37706023e-01 -3.87363957e-01 -3.22792694e-01 -2.54025912e-01 -1.88210561e-01 -1.28725693e-01 -7.70448637e-02 -3.47174171e-02 -3.84783795e-03 1.39177854e-02 1.93070615e-02 1.57333141e-02 6.58097033e-03 -8.03428492e-03 -3.06385981e-02 -6.33794366e-02 -1.06296027e-01 -1.55663222e-01 -2.06651373e-01 -2.81416461e-01 -4.18977036e-01 -5.58195499e-01 -6.69394825e-01 -7.17482081e-01 -7.15889786e-01 -6.89417649e-01 -6.09830295e-01 -4.76403332e-01 -3.24670610e-01 -1.81495429e-01 -9.68500492e-02 -2.69224365e-02 5.22595518e-02 1.19995621e-01 1.52509755e-01 2.38366943e-01 4.21314762e-01 5.87266339e-01 6.83049058e-01
5.80000000e+00 5.25991401e-01 4.73394464e-01 3.60830325e-01 2.35156319e-01 1.71192010e-01 1.54702192e-01 1.17600509e-01 7.10553661e-02 3.35317615e-02 7.83362956e-03 -7.91144365e-03 -1.67431198e-02 -2.08302323e-02 -1.90554671e-02 -7.89519765e-03 1.52279498e-02 5.02449992e-02 9.54961230e-02 1.49292270e-01 2.10561642e-01 2.77875907e-01 3.47519856e-01 4.11970558e-01 4.61725950e-01 4.90224332e-01 4.94795688e-01 4.74387582e-01 4.32304814e-01 3.77997538e-01 3.21894972e-01 2.70694499e-01 2.27057370e-01 1.91434853e-01 1.63248084e-01 1.41251800e-01 1.23606937e-01 1.08518458e-01 9.51867977e-02 8.42896062e-02 7.73773731e-02 7.54731547e-02 7.81135019e-02 8.31282732e-02 8.72945990e-02 8.72553503e-02 8.07449926e-02 6.73482010e-02 4.83506154e-02 2.52979024e-02 -1.29261059e-03 -3.20915017e-02 -6.81101903e-02 -1.10030154e-01 -1.58164599e-01 -2.12549281e-01 -2.72513869e-01 -3.35111669e-01 -3.93410948e-01 -4.37186503e-01 -4.58252447e-01 -4.54631522e-01 -4.27411056e-01 -3.79141360e-01 -3.16947378e-01 -2.50377967e-01 -1.86485727e-01 -1.28816259e-01 -7.90738977e-02 -3.89863175e-02 -1.06905174e-02 4.40833153e-03 7.62109508e-03 3.07003765e-03 -5.47535072e-03 -1.81296837e-02 -3.80895286e-02 -6.81522090e-02 -1.08591241e-01 -1.55347064e-01 -2.04067122e-01 -2.79389591e-01 -4.16020378e-01 -5.49731557e-01 -6.60315992e-01 -7.03672970e-01 -7.03994650e-01 -6.74803106e-01 -5.99574547e-01 -4.67075878e-01 -3.21244403e-01 -1.78952833e-01 -9.37474607e-02 -2.55409546e-02 5.12593472e-02 1.14335845e-01 1.44294874e-01 2.35138320e-01 4.13712820e-01 5.76252720e-01 6.67053836e-01
5.90000000e+00 5.08466661e-01 4.63453547e-01 3.54957103e-01 2.34091366e-01 1.66467516e-01 1.51414818e-01 1.18533391e-01 7.47254762e-02 3.95164811e-02 1.63401891e-02 2.88723849e-03 -4.58351348e-03 -8.73491848e-03 -8.42302172e-03 3.96640333e-04 2.09529306e-02 5.36036054e-02 9.68125868e-02 1.48806129e-01 2.08326989e-01 2.73741729e-01 3.41234971e-01 4.03487866e-01 4.51533971e-01 4.79409981e-01 4.84693933e-01 4.66048789e-01 4.26179848e-01 3.74024946e-01 3.19813680e-01 2.70298769e-01 2.28280854e-01 1.94289279e-01 1.67720988e-01 1.47205751e-01 1.30700454e-01 1.16189439e-01 1.02723218e-01 9.09741442e-02 8.26315413e-02 7.89213749e-02 7.95544557e-02 8.24579720e-02 8.44649498e-02 8.23091371e-02 7.39267621e-02 5.92013708e-02 3.96958176e-02 1.70473386e-02 -8.38129292e-03 -3.75676834e-02 -7.18243239e-02 -1.12018172e-01 -1.58515410e-01 -2.11291193e-01 -2.69525669e-01 -3.30104624e-01 -3.86077013e-01 -4.27549470e-01 -4.46992967e-01 -4.43064183e-01 -4.16994302e-01 -3.70873759e-01 -3.11117619e-01 -2.46776320e-01 -1.84816153e-01 -1.28960509e-01 -8.11549249e-02 -4.33098100e-02 -1.75908996e-02 -5.15304840e-03 -4.09839814e-03 -9.60494138e-03 -1.75332559e-02 -2.82325044e-02 -4.55616470e-02 -7.29577513e-02 -1.10908104e-01 -1.55025953e-01 -2.01622679e-01 -2.77683078e-01 -4.12955930e-01 -5.41348163e-01 -6.51041724e-01 -6.89586705e-01 -6.91655939e-01 -6.59937246e-01 -5.89212030e-01 -4.57877086e-01 -3.17758389e-01 -1.76737487e-01 -9.07436715e-02 -2.40877974e-02 5.01935430e-02 1.08533186e-01 1.36613598e-01 2.32330858e-01 4.05677285e-01 5.65303845e-01 6.50402969e-01
6.00000000e+00 4.90566615e-01 4.53624366e-01 3.48689935e-01 2.33250741e-01 1.62192058e-01 1.48045514e-01 1.19380294e-01 7.84290881e-02 4.55457224e-02 2.48724054e-02 1.36958454e-02 7.58071486e-03 3.37519554e-03 2.24317375e-03 8.73640528e-03 2.67294406e-02 5.70122532e-02 9.81796660e-02 1.48374663e-01 2.06148496e-01 2.69653017e-01 3.34961806e-01 3.94955322e-01 4.41219735e-01 4.68426966e-01 4.74429226e-01 4.57600082e-01 4.20013743e-01 3.70064917e-01 3.17774488e-01 2.69954052e-01 2.29550732e-01 1.97177606e-01 1.72210782e-01 1.53158141e-01 1.37778366e-01 1.23841677e-01 1.10250534e-01 9.76660199e-02 8.79062631e-02 8.23930698e-02 8.10102493e-02 8.17859455e-02 8.16150575e-02 7.73296332e-02 6.70737195e-02 5.10306064e-02 3.10334094e-02 8.80082707e-03 -1.54644439e-02 -4.30455517e-02 -7.55514673e-02 -1.14031623e-01 -1.58902712e-01 -2.10074856e-01 -2.66570868e-01 -3.25100972e-01 -3.78690413e-01 -4.17790356e-01 -4.35562837e-01 -4.31328830e-01 -4.06462613e-01 -3.62563984e-01 -3.05303071e-01 -2.43219657e-01 -1.83201315e-01 -1.29159593e-01 -8.32905856e-02 -4.76909136e-02 -2.45500008e-02 -1.47623976e-02 -1.58411965e-02 -2.22779340e-02 -2.95812029e-02 -3.83373324e-02 -5.30554168e-02 -7.77986027e-02 -1.13246198e-01 -1.54702726e-01 -1.99337881e-01 -2.76281615e-01 -4.09762276e-01 -5.33082747e-01 -6.41532225e-01 -6.75278939e-01 -6.78827703e-01 -6.44881077e-01 -5.78707557e-01 -4.48847188e-01 -3.14187090e-01 -1.74832841e-01 -8.78541551e-02 -2.25683855e-02 4.90464669e-02 1.02610771e-01 1.29508739e-01 2.29863016e-01 3.97239502e-01 5.54441946e-01 6.33092324e-01
6.10000000e+00 4.72303315e-01 4.43917792e-01 3.42055250e-01 2.32560721e-01 1.58392517e-01 1.44622720e-01 1.20132372e-01 8.21630015e-02 5.16216576e-02 3.34287841e-02 2.45066783e-02 1.97373708e-02 1.54881418e-02 1.29358031e-02 1.71224194e-02 3.25594162e-02 6.04738269e-02 9.95994647e-02 1.47998445e-01 2.04025413e-01 2.65608735e-01 3.28701013e-01 3.86376977e-01 4.30790771e-01 4.57283837e-01 4.64008025e-01 4.49044371e-01 4.13806612e-01 3.66116466e-01 3.15776537e-01 2.69660247e-01 2.30867421e-01 2.00100111e-01 1.76716700e-01 1.59106398e-01 1.44836042e-01 1.31469106e-01 1.17762598e-01 1.04360333e-01 9.31984642e-02 8.58866710e-02 8.24801361e-02 8.11118429e-02 7.87452647e-02 7.23187784e-02 6.01903071e-02 4.28427388e-02 2.23710651e-02 5.64705263e-04 -2.25384549e-02 -4.85241361e-02 -7.92922482e-02 -1.16071504e-01 -1.59326968e-01 -2.08899664e-01 -2.63647987e-01 -3.20099362e-01 -3.71251858e-01 -4.07913748e-01 -4.23970598e-01 -4.19435142e-01 -3.95823019e-01 -3.54214691e-01 -2.99503101e-01 -2.39706459e-01 -1.81640595e-01 -1.29414648e-01 -8.54835508e-02 -5.21326580e-02 -3.15687848e-02 -2.44156735e-02 -2.75970502e-02 -3.49353436e-02 -4.16078085e-02 -4.84388764e-02 -6.05713299e-02 -8.26771136e-02 -1.15604948e-01 -1.54381574e-01 -1.97232521e-01 -2.75165392e-01 -4.06423530e-01 -5.24967249e-01 -6.31751403e-01 -6.60802283e-01 -6.65469502e-01 -6.29692862e-01 -5.68028860e-01 -4.40021069e-01 -3.10510354e-01 -1.73217691e-01 -8.50945351e-02 -2.09906294e-02 4.78034241e-02 9.65972752e-02 1.23014921e-01 2.27650604e-01 3.88439718e-01 5.43681869e-01 6.15121581e-01
6.20000000e+00 4.53691631e-01 4.34338070e-01 3.35086869e-01 2.31947337e-01 1.55088205e-01 1.41178563e-01 1.20782209e-01 8.59231724e-02 5.77461988e-02 4.20078959e-02 3.53121583e-02 3.18743932e-02 2.75920213e-02 2.36475235e-02 2.55529421e-02 3.84447678e-02 6.39912294e-02 1.01074106e-01 1.47678020e-01 2.01956878e-01 2.61607629e-01 3.22452975e-01 3.77756762e-01 4.20254833e-01 4.45989628e-01 4.53437200e-01 4.40384682e-01 4.07558420e-01 3.62178398e-01 3.13818791e-01 2.69417128e-01 2.32231258e-01 2.03057023e-01 1.81237967e-01 1.65048008e-01 1.51868964e-01 1.39065793e-01 1.25253332e-01 1.11052162e-01 9.85049817e-02 8.94005095e-02 8.39632971e-02 8.04352914e-02 7.58559540e-02 6.72786083e-02 5.32810775e-02 3.46446538e-02 1.37164173e-02 -7.65479770e-03 -2.95998241e-02 -5.40025277e-02 -8.30473123e-02 -1.18138794e-01 -1.59788579e-01 -2.07764886e-01 -2.60755357e-01 -3.15098202e-01 -3.63761911e-01 -3.97924399e-01 -4.12225263e-01 -4.07393273e-01 -3.85082716e-01 -3.45828364e-01 -2.93716808e-01 -2.36235025e-01 -1.80133289e-01 -1.29726801e-01 -8.77365113e-02 -5.66380608e-02 -3.86481343e-02 -3.41087347e-02 -3.93557076e-02 -4.75637200e-02 -5.36018865e-02 -5.85319640e-02 -6.81098685e-02 -8.75953966e-02 -1.17983675e-01 -1.54068151e-01 -1.95325911e-01 -2.74310448e-01 -4.02929696e-01 -5.17027137e-01 -6.21668257e-01 -6.46204610e-01 -6.51548248e-01 -6.14426341e-01 -5.57147988e-01 -4.31427231e-01 -3.06713786e-01 -1.71866498e-01 -8.24802253e-02 -1.93650643e-02 4.64511119e-02 9.05265857e-02 1.17157622e-01 2.25608839e-01 3.79325662e-01 5.33031288e-01 5.96494333e-01
6.30000000e+00 4.34749198e-01 4.24883178e-01 3.27824728e-01 2.31338082e-01 1.52290272e-01 1.37748375e-01 1.21324178e-01 8.97047344e-02 6.39209157e-02 5.06083498e-02 4.61048420e-02 4.39798992e-02 3.96750468e-02 3.43709742e-02 3.40261499e-02 4.43873537e-02 6.75673652e-02 1.02605727e-01 1.47413906e-01 1.99941930e-01 2.57648252e-01 3.16217818e-01 3.69098490e-01 4.09619889e-01 4.34553831e-01 4.42724030e-01 4.31624155e-01 4.01268997e-01 3.58249312e-01 3.11900050e-01 2.69224348e-01 2.33642494e-01 2.06048514e-01 1.85773794e-01 1.70980508e-01 1.58872746e-01 1.46625954e-01 1.32716746e-01 1.17736568e-01 1.03822562e-01 9.29328084e-02 8.54588373e-02 7.97558986e-02 7.29475568e-02 6.22112625e-02 4.63506922e-02 2.64432770e-02 5.07703603e-03 -1.58515741e-02 -3.66451546e-02 -5.94798682e-02 -8.68173100e-02 -1.20234446e-01 -1.60287879e-01 -2.06669674e-01 -2.57891126e-01 -3.10095674e-01 -3.56221001e-01 -3.87827220e-01 -4.00336297e-01 -3.95213827e-01 -3.74249047e-01 -3.37407328e-01 -2.87943040e-01 -2.32803480e-01 -1.78678618e-01 -1.30097166e-01 -9.00521676e-02 -6.12101041e-02 -4.57888219e-02 -4.38373288e-02 -5.11069431e-02 -6.01498137e-02 -6.55524843e-02 -6.86115372e-02 -7.56714654e-02 -9.25552822e-02 -1.20381666e-01 -1.53769642e-01 -1.93636418e-01 -2.73689130e-01 -3.99276827e-01 -5.09280649e-01 -6.11258071e-01 -6.31527573e-01 -6.37039820e-01 -5.99129165e-01 -5.46042535e-01 -4.23086969e-01 -3.02788993e-01 -1.70749824e-01 -8.00260552e-02 -1.77049289e-02 4.49780301e-02 8.44373168e-02 1.11952427e-01 2.23654368e-01 3.69950951e-01 5.22491114e-01 5.77218104e-01
6.40000000e+00 4.15496308e-01 4.15545347e-01 3.20313485e-01 2.30663561e-01 1.50001292e-01 1.34370108e-01 1.21754784e-01 9.35020472e-02 7.01469527e-02 5.92287638e-02 5.68774357e-02 5.60422293e-02 5.17255843e-02 4.50987863e-02 4.25401170e-02 5.03889540e-02 7.12051243e-02 1.04196471e-01 1.47206600e-01 1.97979517e-01 2.53728977e-01 3.09995426e-01 3.60405856e-01 3.98894088e-01 4.22986371e-01 4.31876188e-01 4.22766054e-01 3.94938052e-01 3.54327618e-01 3.10018948e-01 2.69081431e-01 2.35101289e-01 2.09074691e-01 1.90323367e-01 1.76901484e-01 1.65843127e-01 1.54143961e-01 1.40146949e-01 1.24408602e-01 1.09147857e-01 9.64816771e-02 8.69657815e-02 7.90732553e-02 7.00205616e-02 5.71189933e-02 3.94039202e-02 1.82455595e-02 -3.53959136e-03 -2.40196498e-02 -4.36711523e-02 -6.49553389e-02 -9.06028851e-02 -1.22359377e-01 -1.60825134e-01 -2.05613064e-01 -2.55053270e-01 -3.05089754e-01 -3.48629442e-01 -3.77627285e-01 -3.88313585e-01 -3.82907822e-01 -3.63329489e-01 -3.28953752e-01 -2.82180420e-01 -2.29409802e-01 -1.77275736e-01 -1.30526847e-01 -9.24332186e-02 -6.58517116e-02 -5.29914821e-02 -5.35970806e-02 -6.28405844e-02 -7.26806291e-02 -7.74489190e-02 -7.86726466e-02 -8.32564642e-02 -9.75582768e-02 -1.22798254e-01 -1.53494815e-01 -1.92181001e-01 -2.73270669e-01 -3.95466986e-01 -5.01738264e-01 -6.00503354e-01 -6.16805381e-01 -6.21930385e-01 -5.83841584e-01 -5.34696614e-01 -4.15013772e-01 -2.98733625e-01 -1.69834878e-01 -7.77458933e-02 -1.60261783e-02 4.33748766e-02 7.83721744e-02 1.07404502e-01 2.21707226e-01 3.60373369e-01 5.12056061e-01 5.57304304e-01
6.50000000e+00 3.95955740e-01 4.06311718e-01 3.12601033e-01 2.29859031e-01 1.48215067e-01 1.31083652e-01 1.22072983e-01 9.73087730e-02 7.64249471e-02 6.78677322e-02 6.76228091e-02 6.80499903e-02 6.37321953e-02 5.58235918e-02 5.10927966e-02 5.64512457e-02 7.49073648e-02 1.05848481e-01 1.47056577e-01 1.96068506e-01 2.49848016e-01 3.03785459e-01 3.51682433e-01 3.88085744e-01 4.11297576e-01 4.20901723e-01 4.13813775e-01 3.88565189e-01 3.50411540e-01 3.08173964e-01 2.68987779e-01 2.36607707e-01 2.12135588e-01 1.94885842e-01 1.82808569e-01 1.72775983e-01 1.61614354e-01 1.47538157e-01 1.31063311e-01 1.14477422e-01 1.00045105e-01 8.84830709e-02 7.83869391e-02 6.70755222e-02 5.20041732e-02 3.24456360e-02 1.00584617e-02 -1.21260804e-02 -3.21531958e-02 -5.06746234e-02 -7.04281500e-02 -9.44046625e-02 -1.24514461e-01 -1.61400537e-01 -2.04593980e-01 -2.52239604e-01 -3.00078227e-01 -3.40987447e-01 -3.67329832e-01 -3.76167414e-01 -3.70486650e-01 -3.52331635e-01 -3.20469664e-01 -2.76427366e-01 -2.26051827e-01 -1.75923737e-01 -1.31016931e-01 -9.48823504e-02 -7.05657245e-02 -6.02565840e-02 -6.33834827e-02 -7.45465406e-02 -8.51434753e-02 -8.92808108e-02 -8.87104455e-02 -9.08650781e-02 -1.02605527e-01 -1.25232911e-01 -1.53254024e-01 -1.90974753e-01 -2.73021845e-01 -3.91508019e-01 -4.94402435e-01 -5.89394512e-01 -6.02063904e-01 -6.06217372e-01 -5.68595438e-01 -5.23101582e-01 -4.07212979e-01 -2.94551214e-01 -1.69086173e-01 -7.56522785e-02 -1.43474258e-02 4.16349138e-02 7.23771853e-02 1.03508326e-01 2.19692646e-01 3.50653095e-01 5.01715363e-01 5.36768108e-01
6.60000000e+00 3.76152535e-01 3.97165110e-01 3.04736990e-01 2.28865790e-01 1.46916635e-01 1.27930061e-01 1.22280471e-01 1.01117982e-01 8.27549495e-02 7.65237912e-02 7.83340088e-02 7.99920974e-02 7.56836773e-02 6.65380350e-02 5.96820036e-02 6.25757776e-02 7.86768956e-02 1.07563891e-01 1.46964295e-01 1.94207697e-01 2.46003439e-01 2.97587371e-01 3.42931684e-01 3.77203309e-01 3.99498144e-01 4.09809051e-01 4.04770849e-01 3.82149924e-01 3.46499139e-01 3.06363428e-01 2.68942665e-01 2.38161713e-01 2.15231160e-01 1.99460337e-01 1.88699437e-01 1.79667327e-01 1.69031853e-01 1.54884709e-01 1.37695742e-01 1.19807717e-01 1.03620959e-01 9.00095598e-02 7.76965169e-02 6.41130659e-02 4.68693020e-02 2.54808161e-02 1.88893878e-03 -2.06751688e-02 -4.02465385e-02 -5.76524711e-02 -7.58975298e-02 -9.82232369e-02 -1.26700522e-01 -1.62014202e-01 -2.03611238e-01 -2.49447787e-01 -2.95058707e-01 -3.33295150e-01 -3.56940257e-01 -3.63908437e-01 -3.57962047e-01 -3.41263178e-01 -3.11956966e-01 -2.70682114e-01 -2.22727275e-01 -1.74621668e-01 -1.31568492e-01 -9.74022238e-02 -7.53548782e-02 -6.75844046e-02 -7.31918868e-02 -8.62148304e-02 -9.75260168e-02 -1.01038115e-01 -9.87201835e-02 -9.84973491e-02 -1.07697787e-01 -1.27685347e-01 -1.53059172e-01 -1.90030464e-01 -2.72907735e-01 -3.87413127e-01 -4.87267581e-01 -5.77930210e-01 -5.87320102e-01 -5.89910075e-01 -5.53413497e-01 -5.11256465e-01 -3.99681703e-01 -2.90250828e-01 -1.68466258e-01 -7.37560715e-02 -1.26898061e-02 3.97542949e-02 6.65008032e-02 1.00247678e-01 2.17542701e-01 3.40850899e-01 4.91453588e-01 5.15628288e-01
6.70000000e+00 3.56113736e-01 3.88084869e-01 2.96771199e-01 2.27632388e-01 1.46082501e-01 1.24950723e-01 1.22381923e-01 1.04922285e-01 8.91363488e-02 8.51953812e-02 8.90042695e-02 9.18578146e-02 8.75691027e-02 7.72347827e-02 6.83053984e-02 6.87639456e-02 8.25164590e-02 1.09344821e-01 1.46930197e-01 1.92395830e-01 2.42193193e-01 2.91400431e-01 3.34156962e-01 3.66255350e-01 3.87599108e-01 3.98606930e-01 3.95640953e-01 3.75691705e-01 3.42588315e-01 3.04585526e-01 2.68945237e-01 2.39763162e-01 2.18361271e-01 2.04045927e-01 1.94571801e-01 1.86513311e-01 1.76391366e-01 1.62181076e-01 1.44300952e-01 1.25135102e-01 1.07206973e-01 9.15440125e-02 7.70015479e-02 6.11339016e-02 4.17170134e-02 1.85145355e-02 -6.25607598e-03 -2.91797353e-02 -4.82941696e-02 -6.46016923e-02 -8.13627139e-02 -1.02059161e-01 -1.28918324e-01 -1.62666164e-01 -2.02663547e-01 -2.46675336e-01 -2.90028659e-01 -3.25552625e-01 -3.46464122e-01 -3.51547641e-01 -3.45346043e-01 -3.30131894e-01 -3.03417445e-01 -2.64942750e-01 -2.19433761e-01 -1.73368531e-01 -1.32182585e-01 -9.99954618e-02 -8.02217785e-02 -7.49750036e-02 -8.30174969e-02 -9.78356106e-02 -1.09816320e-01 -1.12711154e-01 -1.08697199e-01 -1.06153108e-01 -1.12835398e-01 -1.30155623e-01 -1.52923635e-01 -1.89358218e-01 -2.72892508e-01 -3.83200268e-01 -4.80320346e-01 -5.66117434e-01 -5.72581836e-01 -5.73029850e-01 -5.38309150e-01 -4.99168075e-01 -3.92409022e-01 -2.85846524e-01 -1.67936523e-01 -7.20661389e-02 -1.10767568e-02 3.77323373e-02 6.07929113e-02 9.75958946e-02 2.15197712e-01 3.31026388e-01 4.81251542e-01 4.93906987e-01
6.80000000e+00 3.35868088e-01 3.79047777e-01 2.88752276e-01 2.26115614e-01 1.45681077e-01 1.22186469e-01 1.22385183e-01 1.08713997e-01 9.55678044e-02 9.38808070e-02 9.96270254e-02 1.03636793e-01 9.93778574e-02 8.79065366e-02 7.69604720e-02 7.50169697e-02 8.64287126e-02 1.11193368e-01 1.46954711e-01 1.90631594e-01 2.38415118e-01 2.85223747e-01 3.25361518e-01 3.55250526e-01 3.75611797e-01 3.87304441e-01 3.86427915e-01 3.69189934e-01 3.38676827e-01 3.02838306e-01 2.68994512e-01 2.41411801e-01 2.21525693e-01 2.08641636e-01 2.00423410e-01 1.93310231e-01 1.83687997e-01 1.69421872e-01 1.50874011e-01 1.30455840e-01 1.10800752e-01 9.30851011e-02 7.63015876e-02 5.81388271e-02 3.65500807e-02 1.15519630e-02 -1.43696864e-02 -3.76328174e-02 -5.62907546e-02 -7.15193743e-02 -8.68229359e-02 -1.05912935e-01 -1.31168564e-01 -1.63356371e-01 -2.01749512e-01 -2.43919637e-01 -2.84985416e-01 -3.17759911e-01 -3.35907147e-01 -3.39096315e-01 -3.32650927e-01 -3.18945629e-01 -2.94852795e-01 -2.59207226e-01 -2.16168815e-01 -1.72163296e-01 -1.32860243e-01 -1.02664636e-01 -8.51688785e-02 -8.24281997e-02 -9.28553645e-02 -1.09399204e-01 -1.22002899e-01 -1.24290640e-01 -1.18636914e-01 -1.13831932e-01 -1.18018274e-01 -1.32644259e-01 -1.52862135e-01 -1.88965038e-01 -2.72940268e-01 -3.78891404e-01 -4.73540110e-01 -5.53971232e-01 -5.57848033e-01 -5.55609906e-01 -5.23286473e-01 -4.86850828e-01 -3.85376416e-01 -2.81356651e-01 -1.67458048e-01 -7.05890796e-02 -9.53371724e-03 3.55717307e-02 5.53037449e-02 9.55163870e-02 2.12607393e-01 3.21236345e-01 4.71087219e-01 4.71629452e-01
6.90000000e+00 3.15445710e-01 3.70028981e-01 2.80726258e-01 2.24281245e-01 1.45673339e-01 1.19676671e-01 1.22301384e-01 1.12485323e-01 1.02047187e-01 1.02578195e-01 1.10195919e-01 1.15319105e-01 1.11099676e-01 9.85460454e-02 8.56445335e-02 8.13358708e-02 9.04162117e-02 1.13111593e-01 1.47038252e-01 1.88913636e-01 2.34666968e-01 2.79056283e-01 3.16548509e-01 3.44197561e-01 3.63547801e-01 3.75910970e-01 3.77135720e-01 3.62643986e-01 3.34762310e-01 3.01119682e-01 2.69089383e-01 2.43107258e-01 2.24724094e-01 2.13246429e-01 2.06252047e-01 2.00054531e-01 1.90917052e-01 1.76601861e-01 1.57410013e-01 1.35766098e-01 1.14399762e-01 9.46314031e-02 7.55961899e-02 5.51287364e-02 3.13714215e-02 4.59835580e-03 -2.24450495e-02 -4.60276284e-02 -6.42311406e-02 -7.84026910e-02 -9.22774170e-02 -1.09784997e-01 -1.33451864e-01 -1.64084685e-01 -2.00867639e-01 -2.41177952e-01 -2.79926206e-01 -3.09917030e-01 -3.25275213e-01 -3.26566013e-01 -3.19889195e-01 -3.07712284e-01 -2.86264633e-01 -2.53473399e-01 -2.12929896e-01 -1.71004902e-01 -1.33602480e-01 -1.05412254e-01 -9.01984549e-02 -8.99435483e-02 -1.02700386e-01 -1.20896126e-01 -1.34074757e-01 -1.35767707e-01 -1.28534821e-01 -1.21533110e-01 -1.23245890e-01 -1.35152352e-01 -1.52890575e-01 -1.88854601e-01 -2.73015892e-01 -3.74511608e-01 -4.66899735e-01 -5.41514166e-01 -5.43109219e-01 -5.37694691e-01 -5.08340653e-01 -4.74326261e-01 -3.78558461e-01 -2.76803008e-01 -1.66992476e-01 -6.93290042e-02 -8.08774423e-03 3.32786707e-02 5.00827575e-02 9.39634160e-02 2.09731717e-01 3.11533195e-01 4.60936758e-01 4.48823740e-01
7.00000000e+00 2.94877755e-01 3.61002920e-01 2.72735388e-01 2.22104536e-01 1.46013661e-01 1.17458322e-01 1.22145000e-01 1.16228569e-01 1.08571531e-01 1.11285451e-01 1.20704811e-01 1.26895281e-01 1.22724678e-01 1.09146118e-01 9.43546988e-02 8.77214495e-02 9.44813904e-02 1.15101521e-01 1.47181223e-01 1.87240573e-01 2.30946428e-01 2.72896889e-01 3.07721007e-01 3.33105222e-01 3.51418926e-01 3.64436177e-01 3.67768520e-01 3.56053232e-01 3.30842284e-01 2.99427444e-01 2.69228607e-01 2.44849041e-01 2.27956033e-01 2.17859213e-01 2.12055524e-01 2.06742796e-01 1.98074048e-01 1.83715971e-01 1.63904078e-01 1.41061944e-01 1.18001332e-01 9.61813997e-02 7.48849114e-02 5.21046266e-02 2.61841017e-02 -2.34094670e-03 -3.04753912e-02 -5.43575734e-02 -7.21103631e-02 -8.52488987e-02 -9.77253569e-02 -1.13675710e-01 -1.35768762e-01 -1.64850875e-01 -2.00016333e-01 -2.38447430e-01 -2.74848170e-01 -3.02024018e-01 -3.14574363e-01 -3.13968516e-01 -3.07073510e-01 -2.96439793e-01 -2.77654517e-01 -2.47739049e-01 -2.09714409e-01 -1.69892270e-01 -1.34410279e-01 -1.08240741e-01 -9.53125850e-02 -9.75203207e-02 -1.12547301e-01 -1.32317115e-01 -1.46021425e-01 -1.47133928e-01 -1.38386483e-01 -1.29255602e-01 -1.28517294e-01 -1.37681687e-01 -1.53025819e-01 -1.89027012e-01 -2.73085867e-01 -3.70088084e-01 -4.60366519e-01 -5.28775485e-01 -5.28348385e-01 -5.19338897e-01 -4.93458758e-01 -4.61622266e-01 -3.71923727e-01 -2.72209879e-01 -1.66502874e-01 -6.82873755e-02 -6.76704908e-03 3.08629092e-02 4.51774611e-02 9.28830997e-02 2.06541461e-01 3.01963661e-01 4.50775395e-01 4.25520395e-01
7.10000000e+00 2.74196061e-01 3.51944223e-01 2.64817056e-01 2.19570450e-01 1.46650836e-01 1.15565154e-01 1.21933814e-01 1.19936370e-01 1.15137002e-01 1.20000211e-01 1.31147782e-01 1.38356336e-01 1.34243396e-01 1.19699636e-01 1.03087882e-01 9.41742653e-02 9.86265440e-02 1.17165120e-01 1.47384013e-01 1.85610997e-01 2.27251134e-01 2.66744326e-01 2.98882012e-01 3.21982295e-01 3.39237153e-01 3.52889975e-01 3.58330639e-01 3.49417063e-01 3.26914176e-01 2.97759264e-01 2.69410817e-01 2.46636531e-01 2.31220955e-01 2.22478826e-01 2.17831680e-01 2.13371762e-01 2.05154715e-01 1.90759296e-01 1.70351363e-01 1.46339356e-01 1.21602649e-01 9.77334750e-02 7.41673140e-02 4.90676042e-02 2.09913386e-02 -9.26053009e-03 -3.84540218e-02 -6.26162635e-02 -7.99236514e-02 -9.20553329e-02 -1.03165925e-01 -1.17585355e-01 -1.38119704e-01 -1.65654614e-01 -1.99193903e-01 -2.35725120e-01 -2.69748391e-01 -2.94080946e-01 -3.03810796e-01 -3.01315792e-01 -2.94216650e-01 -2.85136118e-01 -2.69023973e-01 -2.42001917e-01 -2.06519726e-01 -1.68824302e-01 -1.35284594e-01 -1.11152432e-01 -1.00513124e-01 -1.05157486e-01 -1.22390697e-01 -1.43653156e-01 -1.57832995e-01 -1.58381339e-01 -1.48187519e-01 -1.36998005e-01 -1.33831115e-01 -1.40234842e-01 -1.53285438e-01 -1.89478671e-01 -2.73119074e-01 -3.65649104e-01 -4.53903323e-01 -5.15790057e-01 -5.13542160e-01 -5.00606129e-01 -4.78620816e-01 -4.48772090e-01 -3.65435859e-01 -2.67603011e-01 -1.65954578e-01 -6.74629171e-02 -5.60046153e-03 2.83377139e-02 4.06322685e-02 9.22146329e-02 2.03018437e-01 2.92567624e-01 4.40578363e-01 4.01752116e-01
7.20000000e+00 2.53432804e-01 3.42828549e-01 2.57002938e-01 2.16673608e-01 1.47529226e-01 1.14026789e-01 1.21688804e-01 1.23601934e-01 1.21738877e-01 1.28719799e-01 1.41519141e-01 1.49693799e-01 1.45646810e-01 1.30199572e-01 1.11840787e-01 1.00694618e-01 1.02853810e-01 1.19304303e-01 1.47646998e-01 1.84023484e-01 2.23578688e-01 2.60597288e-01 2.90034461e-01 3.10837562e-01 3.27014594e-01 3.41282501e-01 3.48826579e-01 3.42734914e-01 3.22975338e-01 2.96112695e-01 2.69634509e-01 2.48468975e-01 2.34518183e-01 2.27104036e-01 2.23578383e-01 2.19938312e-01 2.12155000e-01 1.97727107e-01 1.76747068e-01 1.51594221e-01 1.25200761e-01 9.92859150e-02 7.34429685e-02 4.60188910e-02 1.57965023e-02 -1.61549127e-02 -4.63743512e-02 -7.07975302e-02 -8.76664334e-02 -9.88194038e-02 -1.08598253e-01 -1.21514121e-01 -1.40505037e-01 -1.66495472e-01 -1.98398562e-01 -2.33007982e-01 -2.64623912e-01 -2.86087948e-01 -2.92990865e-01 -2.88619953e-01 -2.81331466e-01 -2.73809226e-01 -2.60374512e-01 -2.36259724e-01 -2.03343197e-01 -1.67799892e-01 -1.36226344e-01 -1.14149548e-01 -1.05801684e-01 -1.12853693e-01 -1.32225009e-01 -1.54895508e-01 -1.69500156e-01 -1.69502452e-01 -1.57933599e-01 -1.44758525e-01 -1.39185593e-01 -1.42815288e-01 -1.53687416e-01 -1.90202225e-01 -2.73087516e-01 -3.61222925e-01 -4.47469826e-01 -5.02597107e-01 -4.98662231e-01 -4.81567260e-01 -4.63801157e-01 -4.35813126e-01 -3.59054806e-01 -2.63008524e-01 -1.65315974e-01 -6.68515939e-02 -4.61682960e-03 2.57197345e-02 3.64873700e-02 9.18916847e-02 1.99155403e-01 2.83377233e-01 4.30321722e-01 3.77553420e-01
7.30000000e+00 2.32620158e-01 3.33633348e-01 2.49318343e-01 2.13417986e-01 1.48590040e-01 1.12867967e-01 1.21433944e-01 1.27219295e-01 1.28371544e-01 1.37441179e-01 1.51813425e-01 1.60899736e-01 1.56926367e-01 1.40638998e-01 1.20609907e-01 1.07282528e-01 1.07165151e-01 1.21520907e-01 1.47970539e-01 1.82476606e-01 2.19926679e-01 2.54454432e-01 2.81181239e-01 2.99679781e-01 3.14763448e-01 3.29624088e-01 3.39261028e-01 3.36006285e-01 3.19023060e-01 2.94485188e-01 2.69898052e-01 2.50345484e-01 2.37846917e-01 2.31733535e-01 2.29293522e-01 2.26439474e-01 2.19071074e-01 2.04614857e-01 1.83086442e-01 1.56822337e-01 1.28792573e-01 1.00836908e-01 7.27114580e-02 4.29598290e-02 1.06031170e-02 -2.30185544e-02 -5.42299041e-02 -7.88954368e-02 -9.53343392e-02 -1.05538593e-01 -1.14021424e-01 -1.25462097e-01 -1.42925001e-01 -1.67372919e-01 -1.97628432e-01 -2.30292896e-01 -2.59471766e-01 -2.78045246e-01 -2.82121080e-01 -2.75893217e-01 -2.68430826e-01 -2.62467083e-01 -2.51707651e-01 -2.30510210e-01 -2.00182169e-01 -1.66817926e-01 -1.37236407e-01 -1.17234185e-01 -1.11179609e-01 -1.20607260e-01 -1.42044529e-01 -1.66035731e-01 -1.81014214e-01 -1.80490272e-01 -1.67620433e-01 -1.52534944e-01 -1.44578617e-01 -1.45427463e-01 -1.54249821e-01 -1.91186615e-01 -2.72966953e-01 -3.56836702e-01 -4.41023875e-01 -4.89238800e-01 -4.83676975e-01 -4.62298567e-01 -4.48969976e-01 -4.22785541e-01 -3.52738143e-01 -2.58451836e-01 -1.64559213e-01 -6.64466679e-02 -3.84436673e-03 2.30287711e-02 3.27776741e-02 9.18439382e-02 1.94955661e-01 2.74416267e-01 4.19983099e-01 3.52960308e-01
7.40000000e+00 2.11789980e-01 3.24338526e-01 2.41781778e-01 2.09816358e-01 1.49772684e-01 1.12107868e-01 1.21195910e-01 1.30783568e-01 1.35028524e-01 1.46160908e-01 1.62025400e-01 1.71966771e-01 1.68074013e-01 1.51011106e-01 1.29391516e-01 1.13937725e-01 1.11562333e-01 1.23816690e-01 1.48354981e-01 1.80968931e-01 2.16292700e-01 2.48314402e-01 2.72325198e-01 2.88517658e-01 3.02495955e-01 3.17925233e-01 3.29638862e-01 3.29230769e-01 3.15054593e-01 2.92874087e-01 2.70199678e-01 2.52265030e-01 2.41206223e-01 2.36365939e-01 2.34975010e-01 2.32872427e-01 2.25899325e-01 2.11418187e-01 1.89364792e-01 1.62019424e-01 1.32374849e-01 1.02384544e-01 7.19723809e-02 3.98918853e-02 5.41485981e-03 -2.98458658e-02 -6.20143343e-02 -8.69042893e-02 -1.02923204e-01 -1.12210448e-01 -1.19434471e-01 -1.29429261e-01 -1.45379722e-01 -1.68286316e-01 -1.96881542e-01 -2.27576676e-01 -2.54288998e-01 -2.69953176e-01 -2.71208097e-01 -2.63147864e-01 -2.55527573e-01 -2.51117631e-01 -2.43024944e-01 -2.24751154e-01 -1.97034004e-01 -1.65877290e-01 -1.38315615e-01 -1.20408297e-01 -1.16647957e-01 -1.28416158e-01 -1.51843417e-01 -1.77065706e-01 -1.92367120e-01 -1.91338310e-01 -1.77243767e-01 -1.60324601e-01 -1.50007771e-01 -1.48076848e-01 -1.54990453e-01 -1.92417223e-01 -2.72737433e-01 -3.52515451e-01 -4.34522870e-01 -4.75758736e-01 -4.68553221e-01 -4.42879680e-01 -4.34095038e-01 -4.09730814e-01 -3.46442450e-01 -2.53956603e-01 -1.63660813e-01 -6.62388278e-02 -3.30996032e-03 2.02874495e-02 2.95318425e-02 9.19987295e-02 1.90432369e-01 2.65699776e-01 4.09542314e-01 3.28009942e-01
7.50000000e+00 1.90973514e-01 3.14927000e-01 2.34404752e-01 2.05889520e-01 1.51016159e-01 1.11759548e-01 1.21003709e-01 1.34291194e-01 1.41702513e-01 1.54875094e-01 1.72150055e-01 1.82888103e-01 1.79082210e-01 1.61309222e-01 1.38181676e-01 1.20659626e-01 1.16046912e-01 1.26193315e-01 1.48800651e-01 1.79499038e-01 2.12674365e-01 2.42175860e-01 2.63469164e-01 2.77359836e-01 2.90224350e-01 3.06196568e-01 3.19965150e-01 3.22408076e-01 3.11067170e-01 2.91276646e-01 2.70537490e-01 2.54226435e-01 2.44595032e-01 2.40999780e-01 2.40620779e-01 2.39234491e-01 2.32636368e-01 2.18132930e-01 1.95577489e-01 1.67181124e-01 1.35944219e-01 1.03926818e-01 7.12253547e-02 3.68166556e-02 2.35559842e-04 -3.66312189e-02 -6.97214384e-02 -9.48186461e-02 -1.10429068e-01 -1.18832582e-01 -1.24836366e-01 -1.33415477e-01 -1.47869203e-01 -1.69234910e-01 -1.96155830e-01 -2.24856082e-01 -2.49072690e-01 -2.61812214e-01 -2.60258716e-01 -2.50396192e-01 -2.42634475e-01 -2.39768787e-01 -2.34327995e-01 -2.18980409e-01 -1.93896095e-01 -1.64976874e-01 -1.39464749e-01 -1.23673677e-01 -1.22207481e-01 -1.36278005e-01 -1.61615707e-01 -1.87977662e-01 -2.03551487e-01 -2.02040584e-01 -1.86799369e-01 -1.68124373e-01 -1.55470395e-01 -1.50769997e-01 -1.55926475e-01 -1.93876109e-01 -2.72383690e-01 -3.48281082e-01 -4.27925142e-01 -4.62200412e-01 -4.53258079e-01 -4.23391441e-01 -4.19143468e-01 -3.96690216e-01 -3.40124690e-01 -2.49543744e-01 -1.62602163e-01 -6.62163905e-02 -3.03845755e-03 1.75208036e-02 2.67714480e-02 9.22827422e-02 1.85607577e-01 2.57233997e-01 3.98981885e-01 3.02740347e-01
7.60000000e+00 1.70201126e-01 3.05385123e-01 2.27191795e-01 2.01665303e-01 1.52260470e-01 1.11829507e-01 1.20888222e-01 1.37740184e-01 1.48385439e-01 1.63579353e-01 1.82182598e-01 1.93657516e-01 1.89943950e-01 1.71526824e-01 1.46976233e-01 1.27447329e-01 1.20620211e-01 1.28652341e-01 1.49307856e-01 1.78065520e-01 2.09069327e-01 2.36037508e-01 2.54615955e-01 2.66214864e-01 2.77960822e-01 2.94448826e-01 3.10245161e-01 3.15538052e-01 3.07058021e-01 2.89690025e-01 2.70909454e-01 2.56228370e-01 2.48012136e-01 2.45633510e-01 2.46228782e-01 2.45523133e-01 2.39279038e-01 2.24755114e-01 2.01719974e-01 1.72303010e-01 1.39497172e-01 1.05461631e-01 7.04700186e-02 3.37358674e-02 -4.93080534e-03 -4.33689573e-02 -7.73451693e-02 -1.02633326e-01 -1.17848182e-01 -1.25402668e-01 -1.30226014e-01 -1.37420484e-01 -1.50393316e-01 -1.70217837e-01 -1.95449147e-01 -2.22127830e-01 -2.43819989e-01 -2.53623003e-01 -2.49279878e-01 -2.37650474e-01 -2.29764177e-01 -2.28428420e-01 -2.25618487e-01 -2.13195927e-01 -1.90765883e-01 -1.64115574e-01 -1.40684530e-01 -1.27031941e-01 -1.27858604e-01 -1.44190057e-01 -1.71355323e-01 -1.98764193e-01 -2.14560602e-01 -2.12591632e-01 -1.96283025e-01 -1.75930663e-01 -1.60963654e-01 -1.53514561e-01 -1.57074025e-01 -1.95542345e-01 -2.71895412e-01 -3.44151553e-01 -4.21191277e-01 -4.48605698e-01 -4.37760776e-01 -4.03913737e-01 -4.04083562e-01 -3.83703311e-01 -3.33743542e-01 -2.45230550e-01 -1.61369873e-01 -6.63655684e-02 -3.05194683e-03 1.47557752e-02 2.45102795e-02 9.26237097e-02 1.80511039e-01 2.49016529e-01 3.88287390e-01 2.77190125e-01
7.70000000e+00 1.49502080e-01 2.95702987e-01 2.20140702e-01 1.97177428e-01 1.53447991e-01 1.12317409e-01 1.20881671e-01 1.41130332e-01 1.55068556e-01 1.72268777e-01 1.92118446e-01 2.04269391e-01 2.00652778e-01 1.81657555e-01 1.55770827e-01 1.34299601e-01 1.25283308e-01 1.31195211e-01 1.49876875e-01 1.76666990e-01 2.05475294e-01 2.29898118e-01 2.45768394e-01 2.55091189e-01 2.65717465e-01 2.82692810e-01 3.00484360e-01 3.08620709e-01 3.03024399e-01 2.88111309e-01 2.71313404e-01 2.58269354e-01 2.51456184e-01 2.50265492e-01 2.51796993e-01 2.51735961e-01 2.45824390e-01 2.31280965e-01 2.07787768e-01 1.77380591e-01 1.43030071e-01 1.06986789e-01 6.97060371e-02 3.06513822e-02 -1.00801137e-02 -5.00534085e-02 -8.48796489e-02 -1.10343413e-01 -1.25176998e-01 -1.31918435e-01 -1.35602253e-01 -1.41443889e-01 -1.52951800e-01 -1.71234111e-01 -1.94759259e-01 -2.19388611e-01 -2.38528129e-01 -2.45386373e-01 -2.38278656e-01 -2.24922915e-01 -2.16929156e-01 -2.17104346e-01 -2.16898202e-01 -2.07395790e-01 -1.87640872e-01 -1.63292295e-01 -1.41975616e-01 -1.30484511e-01 -1.33601407e-01 -1.52149205e-01 -1.81056098e-01 -2.09418284e-01 -2.25388436e-01 -2.22986505e-01 -2.05690527e-01 -1.83739395e-01 -1.66484617e-01 -1.56319272e-01 -1.58447844e-01 -1.97392434e-01 -2.71267355e-01 -3.40140150e-01 -4.14285330e-01 -4.35013408e-01 -4.22034412e-01 -3.84523388e-01 -3.88886533e-01 -3.70806528e-01 -3.27260646e-01 -2.41029944e-01 -1.59956002e-01 -6.66707953e-02 -3.36905410e-03 1.20206387e-02 2.27538174e-02 9.29520771e-02 1.75178833e-01 2.41036775e-01 3.77447701e-01 2.51398207e-01
7.80000000e+00 1.28904341e-01 2.85874588e-01 2.13242981e-01 1.92464233e-01 1.54524774e-01 1.13215956e-01 1.21017026e-01 1.44463407e-01 1.61742544e-01 1.80937895e-01 2.01953216e-01 2.14718711e-01 2.11202796e-01 1.91695243e-01 1.64560899e-01 1.41214864e-01 1.30037012e-01 1.33823235e-01 1.50507964e-01 1.75302095e-01 2.01890046e-01 2.23756555e-01 2.36929321e-01 2.43997130e-01 2.53506234e-01 2.70939357e-01 2.90688414e-01 3.01656243e-01 2.98963596e-01 2.86537503e-01 2.71747039e-01 2.60347744e-01 2.54925676e-01 2.54894005e-01 2.57323402e-01 2.57870721e-01 2.52269698e-01 2.37706909e-01 2.13776476e-01 1.82409320e-01 1.46539147e-01 1.08500015e-01 6.89331034e-02 2.75651966e-02 -1.52081042e-02 -5.66788954e-02 -9.23191795e-02 -1.17944264e-01 -1.32412179e-01 -1.38377666e-01 -1.40963844e-01 -1.45485167e-01 -1.55544246e-01 -1.72282625e-01 -1.94083845e-01 -2.16635097e-01 -2.33194462e-01 -2.37103372e-01 -2.27262248e-01 -2.12225613e-01 -2.04141677e-01 -2.05804314e-01 -2.08169043e-01 -2.01578233e-01 -1.84518650e-01 -1.62505957e-01 -1.43338589e-01 -1.34032594e-01 -1.39435609e-01 -1.60151975e-01 -1.90711786e-01 -2.19933321e-01 -2.36029649e-01 -2.33220773e-01 -2.15017670e-01 -1.91546020e-01 -1.72030345e-01 -1.59193903e-01 -1.60060902e-01 -1.99400803e-01 -2.70499305e-01 -3.36254943e-01 -4.07175905e-01 -4.21458002e-01 -4.06057581e-01 -3.65292165e-01 -3.73528145e-01 -3.58031853e-01 -3.20641709e-01 -2.36949888e-01 -1.58358112e-01 -6.71151001e-02 -4.00427436e-03 9.34436498e-03 2.14988958e-02 9.32025771e-02 1.69651837e-01 2.33276611e-01 3.66455077e-01 2.25403631e-01
7.90000000e+00 1.08434431e-01 2.75897867e-01 2.06484475e-01 1.87567305e-01 1.55441747e-01 1.14510938e-01 1.21327360e-01 1.47743307e-01 1.68397648e-01 1.89580656e-01 2.11682704e-01 2.25001058e-01 2.21588675e-01 2.01633914e-01 1.73341697e-01 1.48191195e-01 1.34881852e-01 1.36537585e-01 1.51201343e-01 1.73969511e-01 1.98311456e-01 2.17611804e-01 2.28101609e-01 2.32940869e-01 2.41338908e-01 2.59199308e-01 2.80863190e-01 2.94645057e-01 2.94872969e-01 2.84965549e-01 2.72207926e-01 2.62461736e-01 2.58418966e-01 2.59517241e-01 2.62806019e-01 2.63925298e-01 2.58612450e-01 2.44029571e-01 2.19681793e-01 1.87384605e-01 1.50020514e-01 1.09998942e-01 6.81509419e-02 2.44794429e-02 -2.03103839e-02 -6.32397494e-02 -9.96582551e-02 -1.25431509e-01 -1.39550588e-01 -1.44778197e-01 -1.46309469e-01 -1.49543645e-01 -1.58170100e-01 -1.73362144e-01 -1.93420501e-01 -2.13863959e-01 -2.27816475e-01 -2.28775279e-01 -2.16237967e-01 -1.99570509e-01 -1.91413746e-01 -1.94535995e-01 -1.99433052e-01 -1.95741673e-01 -1.81396900e-01 -1.61755496e-01 -1.44773950e-01 -1.37677170e-01 -1.45360549e-01 -1.68194528e-01 -2.00316090e-01 -2.30303116e-01 -2.46479592e-01 -2.43290514e-01 -2.24260239e-01 -1.99345523e-01 -1.77597980e-01 -1.62149183e-01 -1.61924051e-01 -2.01540362e-01 -2.69595889e-01 -3.32498416e-01 -3.99837049e-01 -4.07968475e-01 -3.89815791e-01 -3.46284997e-01 -3.57990154e-01 -3.45405706e-01 -3.13857445e-01 -2.32992972e-01 -1.56579188e-01 -6.76805168e-02 -4.96735930e-03 6.75593760e-03 2.07335657e-02 9.33156747e-02 1.63974104e-01 2.25711259e-01 3.55305122e-01 1.99245347e-01
8.00000000e+00 8.81173140e-02 2.65774619e-01 1.99846149e-01 1.82530069e-01 1.56155770e-01 1.16181444e-01 1.21845157e-01 1.50976170e-01 1.75023824e-01 1.98190410e-01 2.21302872e-01 2.35112609e-01 2.31805659e-01 2.11467814e-01 1.82108294e-01 1.55226316e-01 1.39818060e-01 1.39339276e-01 1.51957198e-01 1.72667961e-01 1.94737498e-01 2.11462996e-01 2.19288178e-01 2.21930429e-01 2.29227041e-01 2.47483467e-01 2.71014751e-01 2.87587785e-01 2.90749957e-01 2.83392329e-01 2.72693496e-01 2.64609357e-01 2.61934254e-01 2.64133302e-01 2.68242869e-01 2.69897709e-01 2.64850343e-01 2.50245777e-01 2.25499512e-01 1.92301816e-01 1.53470173e-01 1.11481128e-01 6.73593115e-02 2.13963883e-02 -2.53824358e-02 -6.97303234e-02 -1.06891571e-01 -1.32801056e-01 -1.46589290e-01 -1.51117911e-01 -1.51637730e-01 -1.53618510e-01 -1.60828646e-01 -1.74471305e-01 -1.92766745e-01 -2.11071884e-01 -2.22391823e-01 -2.20403633e-01 -2.05213234e-01 -1.86969357e-01 -1.78757077e-01 -1.83306975e-01 -1.90692435e-01 -1.89884733e-01 -1.78273422e-01 -1.61039864e-01 -1.46282110e-01 -1.41418967e-01 -1.51375179e-01 -1.76272666e-01 -2.09862675e-01 -2.40521917e-01 -2.56734296e-01 -2.53192309e-01 -2.33414006e-01 -2.07132448e-01 -1.83184843e-01 -1.65196695e-01 -1.64045711e-01 -2.03783108e-01 -2.68566238e-01 -3.28867299e-01 -3.92248944e-01 -3.94567474e-01 -3.73302624e-01 -3.27558450e-01 -3.42261511e-01 -3.32948028e-01 -3.06884309e-01 -2.29156199e-01 -1.54627396e-01 -6.83485176e-02 -6.26278125e-03 4.28364053e-03 2.04371652e-02 9.32388399e-02 1.58191201e-01 2.18310337e-01 3.43996630e-01 1.72962060e-01
8.10000000e+00 6.79763300e-02 2.55510295e-01 1.93305000e-01 1.77396380e-01 1.56630532e-01 1.18200247e-01 1.22601609e-01 1.54170438e-01 1.81610911e-01 2.06759902e-01 2.30809826e-01 2.45050134e-01 2.41849565e-01 2.21191420e-01 1.90855598e-01 1.62317595e-01 1.44845551e-01 1.42229154e-01 1.52775670e-01 1.71396212e-01 1.91166272e-01 2.05309426e-01 2.10492004e-01 2.10973665e-01 2.17181929e-01 2.35802577e-01 2.61149356e-01 2.80485306e-01 2.86592107e-01 2.81814677e-01 2.73201049e-01 2.66788468e-01 2.65469588e-01 2.68740206e-01 2.73632000e-01 2.75786101e-01 2.70981279e-01 2.56352551e-01 2.31225531e-01 1.97156294e-01 1.56884016e-01 1.12944054e-01 6.65580088e-02 1.83184334e-02 -3.04196285e-02 -7.61450053e-02 -1.14014034e-01 -1.40049088e-01 -1.53525547e-01 -1.57394737e-01 -1.56947146e-01 -1.57708792e-01 -1.63519012e-01 -1.75608613e-01 -1.92120015e-01 -2.08255583e-01 -2.16918349e-01 -2.11990244e-01 -1.94195564e-01 -1.74433673e-01 -1.66183047e-01 -1.72124739e-01 -1.81949573e-01 -1.84006269e-01 -1.75146146e-01 -1.60358036e-01 -1.47863379e-01 -1.45258447e-01 -1.57478041e-01 -1.84381836e-01 -2.19345199e-01 -2.50584418e-01 -2.66790473e-01 -2.62923228e-01 -2.42474722e-01 -2.14900924e-01 -1.88788529e-01 -1.68348725e-01 -1.66431590e-01 -2.06100764e-01 -2.67423518e-01 -3.25352592e-01 -3.84398357e-01 -3.81270680e-01 -3.56520603e-01 -3.09159497e-01 -3.26339284e-01 -3.20671628e-01 -2.99705014e-01 -2.25430973e-01 -1.52515694e-01 -6.91004528e-02 -7.88929301e-03 1.95433434e-03 2.05805999e-02 9.29276121e-02 1.52348547e-01 2.11039038e-01 3.32531310e-01 1.46592102e-01
8.20000000e+00 4.80331618e-02 2.45113698e-01 1.86835060e-01 1.72209142e-01 1.56837252e-01 1.20534345e-01 1.23625896e-01 1.57336864e-01 1.88148818e-01 2.15281277e-01 2.40199791e-01 2.54810975e-01 2.51716786e-01 2.30799460e-01 1.99578371e-01 1.69462043e-01 1.49963916e-01 1.45207883e-01 1.53656857e-01 1.70153085e-01 1.87596013e-01 1.99150582e-01 2.01716134e-01 2.00078252e-01 2.05214573e-01 2.24167278e-01 2.51273452e-01 2.73338765e-01 2.82397092e-01 2.80229387e-01 2.73727752e-01 2.68996757e-01 2.69022860e-01 2.73335881e-01 2.78971474e-01 2.81588749e-01 2.77003358e-01 2.62347114e-01 2.36855853e-01 2.01943362e-01 1.60257843e-01 1.14385133e-01 6.57468702e-02 1.52481091e-02 -3.54172267e-02 -8.24782320e-02 -1.21020768e-01 -1.47172066e-01 -1.60356814e-01 -1.63606649e-01 -1.62236148e-01 -1.61813370e-01 -1.66240152e-01 -1.76772436e-01 -1.91477674e-01 -2.05411811e-01 -2.11394110e-01 -2.03537217e-01 -1.83192557e-01 -1.61974709e-01 -1.53702661e-01 -1.60996670e-01 -1.73207041e-01 -1.78105390e-01 -1.72013153e-01 -1.59709011e-01 -1.49517958e-01 -1.49195790e-01 -1.63667267e-01 -1.92517146e-01 -2.28757331e-01 -2.60485775e-01 -2.76645495e-01 -2.72480816e-01 -2.51438113e-01 -2.22644706e-01 -1.94407002e-01 -1.71618083e-01 -1.69084468e-01 -2.08465436e-01 -2.66184329e-01 -3.21939793e-01 -3.76278868e-01 -3.68086472e-01 -3.39481721e-01 -2.91124658e-01 -3.10229257e-01 -3.08581804e-01 -2.92308799e-01 -2.21803276e-01 -1.50261319e-01 -6.99179847e-02 -9.83960149e-03 -2.07258355e-04 2.11268301e-02 9.23464274e-02 1.46489822e-01 2.03859406e-01 3.20913428e-01 1.20173323e-01
8.30000000e+00 2.83078385e-02 2.34596597e-01 1.80408456e-01 1.67009022e-01 1.56755171e-01 1.23145656e-01 1.24944488e-01 1.60488461e-01 1.94627722e-01 2.23746099e-01 2.49469089e-01 2.64393033e-01 2.61404281e-01 2.40286923e-01 2.08271245e-01 1.76656316e-01 1.55172402e-01 1.48275932e-01 1.54600802e-01 1.68937462e-01 1.84025111e-01 1.92986157e-01 1.92963698e-01 1.89251667e-01 1.93335640e-01 2.12588076e-01 2.41393669e-01 2.66149591e-01 2.78162733e-01 2.78633221e-01 2.74270641e-01 2.71231738e-01 2.72591807e-01 2.77918169e-01 2.84259374e-01 2.87304046e-01 2.82914870e-01 2.68226879e-01 2.42386599e-01 2.06658334e-01 1.63587363e-01 1.15801720e-01 6.49257754e-02 1.21880733e-02 -4.03704031e-02 -8.87245032e-02 -1.27907125e-01 -1.54166721e-01 -1.67080733e-01 -1.69751664e-01 -1.67503082e-01 -1.65930962e-01 -1.68990852e-01 -1.77961004e-01 -1.90837015e-01 -2.02537380e-01 -2.05817398e-01 -1.95046960e-01 -1.72211881e-01 -1.49603408e-01 -1.41326523e-01 -1.49930032e-01 -1.64467625e-01 -1.72181478e-01 -1.68872683e-01 -1.59091811e-01 -1.51245928e-01 -1.53230872e-01 -1.69940560e-01 -2.00673371e-01 -2.38092784e-01 -2.70221611e-01 -2.86297379e-01 -2.81863078e-01 -2.60299875e-01 -2.30357225e-01 -2.00038685e-01 -1.75017894e-01 -1.72004026e-01 -2.10850256e-01 -2.64868011e-01 -3.18609309e-01 -3.67890833e-01 -3.55015884e-01 -3.22207615e-01 -2.73479495e-01 -2.93946188e-01 -2.96676260e-01 -2.84691468e-01 -2.18254055e-01 -1.47885150e-01 -7.07834979e-02 -1.21001708e-02 -2.17923822e-03 2.20315529e-02 9.14691844e-02 1.40655467e-01 1.96731661e-01 3.09149377e-01 9.37430219e-02
8.40000000e+00 8.81877178e-03 2.23973266e-01 1.73996503e-01 1.61833270e-01 1.56371824e-01 1.25991844e-01 1.26580473e-01 1.63640387e-01 2.01038278e-01 2.32145385e-01 2.58614107e-01 2.73794747e-01 2.70909568e-01 2.49649082e-01 2.16928745e-01 1.83896720e-01 1.60469907e-01 1.51433559e-01 1.55607486e-01 1.67748286e-01 1.80452123e-01 1.86816078e-01 1.84237915e-01 1.78501188e-01 1.81555433e-01 2.01075313e-01 2.31516809e-01 2.58919509e-01 2.73887020e-01 2.77022921e-01 2.74826625e-01 2.73490750e-01 2.76174011e-01 2.82484831e-01 2.89493800e-01 2.92930508e-01 2.88714292e-01 2.73989451e-01 2.47814007e-01 2.11296532e-01 1.66868216e-01 1.17191113e-01 6.40946492e-02 9.14110534e-03 -4.52742518e-02 -9.48783961e-02 -1.34668685e-01 -1.61030058e-01 -1.73695130e-01 -1.75827838e-01 -1.72746209e-01 -1.70060127e-01 -1.71769717e-01 -1.79172404e-01 -1.90195260e-01 -1.99629179e-01 -2.00186765e-01 -1.86522202e-01 -1.61261258e-01 -1.37330373e-01 -1.29064804e-01 -1.38931969e-01 -1.55734327e-01 -1.66234214e-01 -1.65723158e-01 -1.58505484e-01 -1.53047238e-01 -1.57363252e-01 -1.76295196e-01 -2.08844974e-01 -2.47345335e-01 -2.79788018e-01 -2.95744771e-01 -2.91068453e-01 -2.69055676e-01 -2.38031646e-01 -2.05682546e-01 -1.78561358e-01 -1.75186750e-01 -2.13230012e-01 -2.63495869e-01 -3.15337049e-01 -3.59241120e-01 -3.42052864e-01 -3.04729385e-01 -2.56238510e-01 -2.77513713e-01 -2.84945310e-01 -2.76855174e-01 -2.14759776e-01 -1.45410971e-01 -7.16804729e-02 -1.46511675e-02 -3.94316474e-03 2.32440667e-02 9.02795341e-02 1.34881346e-01 1.89615535e-01 2.97247184e-01 6.73378831e-02
8.50000000e+00 -1.04171824e-02 2.13259979e-01 1.67570772e-01 1.56714693e-01 1.55683084e-01 1.29027256e-01 1.28552933e-01 1.66809769e-01 2.07371828e-01 2.40469646e-01 2.67631274e-01 2.83015067e-01 2.80230717e-01 2.58881499e-01 2.25545310e-01 1.91179218e-01 1.65854960e-01 1.54680800e-01 1.56676829e-01 1.66584573e-01 1.76875788e-01 1.80640516e-01 1.75542106e-01 1.67833879e-01 1.69883865e-01 1.89639135e-01 2.21649838e-01 2.51650553e-01 2.69568133e-01 2.75395224e-01 2.75392483e-01 2.75770957e-01 2.79766896e-01 2.87033541e-01 2.94672875e-01 2.98466760e-01 2.94400275e-01 2.79632619e-01 2.53134438e-01 2.15853289e-01 1.70095973e-01 1.18550569e-01 6.32534640e-02 6.11010053e-03 -5.01238018e-02 -1.00934580e-01 -1.41301267e-01 -1.67759341e-01 -1.80198005e-01 -1.81833268e-01 -1.77963699e-01 -1.74199261e-01 -1.74575173e-01 -1.80404581e-01 -1.89549569e-01 -1.96684183e-01 -1.94501042e-01 -1.77965996e-01 -1.50348453e-01 -1.25165840e-01 -1.16927216e-01 -1.28009489e-01 -1.47010384e-01 -1.60263591e-01 -1.62563196e-01 -1.57949110e-01 -1.54921697e-01 -1.61592152e-01 -1.82728010e-01 -2.17026122e-01 -2.56508858e-01 -2.89181569e-01 -3.04986916e-01 -3.00095796e-01 -2.77701153e-01 -2.45660937e-01 -2.11338166e-01 -1.82261486e-01 -1.78625905e-01 -2.15581726e-01 -2.62090336e-01 -3.12095162e-01 -3.50342617e-01 -3.29184820e-01 -2.87087048e-01 -2.39405426e-01 -2.60963911e-01 -2.73372372e-01 -2.68807993e-01 -2.11293148e-01 -1.42864664e-01 -7.25938077e-02 -1.74665577e-02 -5.48462254e-03 2.47082966e-02 8.87708866e-02 1.29197591e-01 1.82471566e-01 2.85216000e-01 4.09939382e-02
8.60000000e+00 -2.93846384e-02 2.02474471e-01 1.61104123e-01 1.51680809e-01 1.54692979e-01 1.32203950e-01 1.30876392e-01 1.70015456e-01 2.13620617e-01 2.48708956e-01 2.76517029e-01 2.92053423e-01 2.89366331e-01 2.67980044e-01 2.34115315e-01 1.98499438e-01 1.71325722e-01 1.58017452e-01 1.57808676e-01 1.65445408e-01 1.73295045e-01 1.74459903e-01 1.66879699e-01 1.57256586e-01 1.58330428e-01 1.78289458e-01 2.11799871e-01 2.44345079e-01 2.65204461e-01 2.73746866e-01 2.75964873e-01 2.78069346e-01 2.83367734e-01 2.91561896e-01 2.99794737e-01 3.03911536e-01 2.99971637e-01 2.85154352e-01 2.58344383e-01 2.20323967e-01 1.73266160e-01 1.19877309e-01 6.24022420e-02 3.09806260e-03 -5.49140328e-02 -1.06887828e-01 -1.47800931e-01 -1.74352098e-01 -1.86587531e-01 -1.87766090e-01 -1.83153641e-01 -1.78346595e-01 -1.77405458e-01 -1.81655332e-01 -1.88897044e-01 -1.93699478e-01 -1.88759362e-01 -1.69381730e-01 -1.39481249e-01 -1.13119641e-01 -1.04922988e-01 -1.17169464e-01 -1.38299268e-01 -1.54269934e-01 -1.59391623e-01 -1.57421795e-01 -1.56868957e-01 -1.65916448e-01 -1.89235400e-01 -2.25210707e-01 -2.65577344e-01 -2.98399309e-01 -3.14023634e-01 -3.08944349e-01 -2.86231916e-01 -2.53237946e-01 -2.17005799e-01 -1.86130817e-01 -1.82311581e-01 -2.17885178e-01 -2.60674113e-01 -3.08852902e-01 -3.41213538e-01 -3.16393420e-01 -2.69328667e-01 -2.22973829e-01 -2.44336530e-01 -2.61934732e-01 -2.60563278e-01 -2.07823970e-01 -1.40273343e-01 -7.35100773e-02 -2.05143610e-02 -6.79370012e-03 2.63639549e-02 8.69461352e-02 1.23627668e-01 1.75262333e-01 2.73065573e-01 1.47465354e-02
8.70000000e+00 -4.80695787e-02 1.91635386e-01 1.54571661e-01 1.46753194e-01 1.53413286e-01 1.35472787e-01 1.33560345e-01 1.73277723e-01 2.19777993e-01 2.56853027e-01 2.85267792e-01 3.00909694e-01 2.98315533e-01 2.76940903e-01 2.42633094e-01 2.05852681e-01 1.76879968e-01 1.61443065e-01 1.59002791e-01 1.64329959e-01 1.69709040e-01 1.68274948e-01 1.58254238e-01 1.46775926e-01 1.46904176e-01 1.67035944e-01 2.01974162e-01 2.37005770e-01 2.60794621e-01 2.72074599e-01 2.76540330e-01 2.80382728e-01 2.86973641e-01 2.96067412e-01 3.04857548e-01 3.09263673e-01 3.05427354e-01 2.90552793e-01 2.63440462e-01 2.24703969e-01 1.76374266e-01 1.21168528e-01 6.15410572e-02 1.08095647e-04 -5.96398912e-02 -1.12733037e-01 -1.54163976e-01 -1.80806105e-01 -1.92862040e-01 -1.93624475e-01 -1.88314037e-01 -1.82500194e-01 -1.80258623e-01 -1.82922308e-01 -1.88234730e-01 -1.90672269e-01 -1.82961174e-01 -1.60773131e-01 -1.28667436e-01 -1.01201185e-01 -9.30608494e-02 -1.06418618e-01 -1.29604696e-01 -1.48253912e-01 -1.56207490e-01 -1.56922680e-01 -1.58888508e-01 -1.70334647e-01 -1.95813327e-01 -2.33392368e-01 -2.74544936e-01 -3.07438761e-01 -3.22855288e-01 -3.17613712e-01 -2.94643555e-01 -2.60755489e-01 -2.22686417e-01 -1.90181123e-01 -1.86230817e-01 -2.20123349e-01 -2.59269310e-01 -3.05577598e-01 -3.31876559e-01 -3.03655637e-01 -2.51509168e-01 -2.06928167e-01 -2.27677919e-01 -2.50604538e-01 -2.52138852e-01 -2.04320093e-01 -1.37664471e-01 -7.44177193e-02 -2.37570636e-02 -7.86536466e-03 2.81478086e-02 8.48171097e-02 1.18187687e-01 1.67953568e-01 2.60805737e-01 -1.13696830e-02
8.80000000e+00 -6.64592402e-02 1.80761740e-01 1.47951583e-01 1.41947048e-01 1.51862928e-01 1.38784553e-01 1.36608887e-01 1.76617898e-01 2.25838607e-01 2.64891302e-01 2.93879941e-01 3.09584167e-01 3.07077945e-01 2.85760591e-01 2.51092971e-01 2.13233939e-01 1.82515091e-01 1.64956922e-01 1.60258855e-01 1.63237475e-01 1.66117146e-01 1.62086650e-01 1.49669385e-01 1.36398290e-01 1.35613699e-01 1.55887971e-01 1.92180083e-01 2.29635644e-01 2.56337477e-01 2.70375207e-01 2.77115273e-01 2.82707736e-01 2.90581584e-01 3.00547533e-01 3.09859490e-01 3.14522107e-01 3.10766554e-01 2.95826252e-01 2.68419430e-01 2.28988746e-01 1.79415758e-01 1.22421407e-01 6.06700364e-02 -2.85660529e-03 -6.42963071e-02 -1.18465234e-01 -1.60386950e-01 -1.87119382e-01 -1.99020024e-01 -1.99406633e-01 -1.93442806e-01 -1.86657959e-01 -1.83132526e-01 -1.84203009e-01 -1.87559627e-01 -1.87599903e-01 -1.77106268e-01 -1.52144264e-01 -1.17914788e-01 -8.94194324e-02 -8.13490142e-02 -9.57635219e-02 -1.20930631e-01 -1.42216556e-01 -1.53010086e-01 -1.56450936e-01 -1.60979662e-01 -1.74844880e-01 -2.02457311e-01 -2.41564517e-01 -2.83405950e-01 -3.16297918e-01 -3.31482752e-01 -3.26103819e-01 -3.02931648e-01 -2.68206438e-01 -2.28381726e-01 -1.94423104e-01 -1.90367798e-01 -2.22282772e-01 -2.57896612e-01 -3.02235667e-01 -3.22357814e-01 -2.90944981e-01 -2.33688904e-01 -1.91245036e-01 -2.11039702e-01 -2.39349993e-01 -2.43556042e-01 -2.00748448e-01 -1.35064971e-01 -7.53071388e-02 -2.71521865e-02 -8.69971911e-03 2.99950219e-02 8.24037731e-02 1.12885969e-01 1.60515140e-01 2.48445932e-01 -3.73208022e-02
8.90000000e+00 -8.45419941e-02 1.69872400e-01 1.41225904e-01 1.37270983e-01 1.50067179e-01 1.42091090e-01 1.40020458e-01 1.80057953e-01 2.31798578e-01 2.72813069e-01 3.02349785e-01 3.18077500e-01 3.15653666e-01 2.94435956e-01 2.59489280e-01 2.20637907e-01 1.88228090e-01 1.68558030e-01 1.61576450e-01 1.62167289e-01 1.62518970e-01 1.55896303e-01 1.41128925e-01 1.26129828e-01 1.24467113e-01 1.44854607e-01 1.82425109e-01 2.22238057e-01 2.51832156e-01 2.68645512e-01 2.77686009e-01 2.85040833e-01 2.94188376e-01 3.04999630e-01 3.14798765e-01 3.19685865e-01 3.15988501e-01 3.00973203e-01 2.73278178e-01 2.33173815e-01 1.82386099e-01 1.23633124e-01 5.97893612e-02 -5.79276475e-03 -6.88782122e-02 -1.24079597e-01 -1.66466643e-01 -1.93290183e-01 -2.05060120e-01 -2.05110807e-01 -1.98537788e-01 -1.90817625e-01 -1.86024832e-01 -1.85494785e-01 -1.86868693e-01 -1.84479884e-01 -1.71194783e-01 -1.43499528e-01 -1.07231047e-01 -7.77828732e-02 -6.97951671e-02 -8.52105842e-02 -1.12281286e-01 -1.36159266e-01 -1.49798950e-01 -1.56005771e-01 -1.63141542e-01 -1.79444887e-01 -2.09162442e-01 -2.49720369e-01 -2.92154904e-01 -3.24975236e-01 -3.39907376e-01 -3.34414897e-01 -3.11091775e-01 -2.75583826e-01 -2.34094175e-01 -1.98866083e-01 -1.94704125e-01 -2.24353788e-01 -2.56574504e-01 -2.98793669e-01 -3.12685801e-01 -2.78232869e-01 -2.15932001e-01 -1.75894715e-01 -1.94477235e-01 -2.28136704e-01 -2.34838627e-01 -1.97076102e-01 -1.32500363e-01 -7.61707289e-02 -3.06530007e-02 -9.30213075e-03 3.18405371e-02 7.97331911e-02 1.07722883e-01 1.52921865e-01 2.35994776e-01 -6.30736584e-02
9.00000000e+00 -1.02307224e-01 1.58985613e-01 1.34381034e-01 1.32727030e-01 1.48056709e-01 1.45346394e-01 1.43787701e-01 1.83620041e-01 2.37655656e-01 2.80607587e-01 3.10673545e-01 3.26390671e-01 3.24043247e-01 3.02964194e-01 2.67816392e-01 2.28059000e-01 1.94015573e-01 1.72245108e-01 1.62955062e-01 1.61118828e-01 1.58914366e-01 1.49705509e-01 1.32636769e-01 1.15976457e-01 1.13472045e-01 1.33944588e-01 1.72716799e-01 2.14816704e-01 2.47278062e-01 2.66882395e-01 2.78248737e-01 2.87378307e-01 2.97790688e-01 3.09421002e-01 3.19673598e-01 3.24754061e-01 3.21092591e-01 3.05992271e-01 2.78013739e-01 2.37254771e-01 1.85280763e-01 1.24800866e-01 5.88992677e-02 -8.69703843e-03 -7.33805586e-02 -1.29571463e-01 -1.72400089e-01 -1.99316989e-01 -2.10981108e-01 -2.10735280e-01 -2.03596745e-01 -1.94976760e-01 -1.88933013e-01 -1.86794834e-01 -1.86158855e-01 -1.81309886e-01 -1.65227227e-01 -1.34843656e-01 -9.66238977e-02 -6.62995124e-02 -5.84064573e-02 -7.47660480e-02 -1.03661115e-01 -1.30083820e-01 -1.46573885e-01 -1.55586426e-01 -1.65373074e-01 -1.84132006e-01 -2.15923382e-01 -2.57852964e-01 -3.00786542e-01 -3.33469626e-01 -3.48130947e-01 -3.42547443e-01 -3.19119535e-01 -2.82880944e-01 -2.39826928e-01 -2.03517717e-01 -1.99219148e-01 -2.26330675e-01 -2.55318574e-01 -2.95219340e-01 -3.02890236e-01 -2.65490095e-01 -1.98304566e-01 -1.60842895e-01 -1.78047922e-01 -2.16929128e-01 -2.26011724e-01 -1.93271318e-01 -1.29993966e-01 -7.70028037e-02 -3.42093793e-02 -9.68322388e-03 3.36204601e-02 7.68383042e-02 1.02690950e-01 1.45154133e-01 2.23459702e-01 -8.85958696e-02
9.10000000e+00 -1.19745207e-01 1.48118581e-01 1.27408198e-01 1.28310866e-01 1.45866501e-01 1.48507659e-01 1.47897462e-01 1.87325994e-01 2.43409332e-01 2.88264219e-01 3.18847334e-01 3.34524939e-01 3.32247662e-01 3.11342846e-01 2.76068744e-01 2.35491374e-01 1.99873754e-01 1.76016572e-01 1.64394065e-01 1.60091610e-01 1.55303447e-01 1.43516182e-01 1.24196952e-01 1.05943850e-01 1.02635623e-01 1.23166293e-01 1.63062774e-01 2.07375616e-01 2.42674895e-01 2.65082806e-01 2.78799559e-01 2.89716282e-01 3.01385044e-01 3.13808888e-01 3.24482234e-01 3.29725892e-01 3.26078340e-01 3.10882228e-01 2.82623286e-01 2.41227297e-01 1.88095252e-01 1.25921840e-01 5.80000486e-02 -1.15660255e-02 -7.77983378e-02 -1.34936345e-01 -1.78184566e-01 -2.05198492e-01 -2.16781901e-01 -2.16278367e-01 -2.08617365e-01 -1.99132774e-01 -1.91854344e-01 -1.88100206e-01 -1.85427011e-01 -1.78087777e-01 -1.59204484e-01 -1.26181703e-01 -8.61009518e-02 -5.49768552e-02 -4.71894936e-02 -6.44359830e-02 -9.50748158e-02 -1.23992386e-01 -1.43334969e-01 -1.55192181e-01 -1.67672968e-01 -1.88903165e-01 -2.22734381e-01 -2.65955203e-01 -3.09295857e-01 -3.41780445e-01 -3.56155650e-01 -3.50502185e-01 -3.27010566e-01 -2.90091450e-01 -2.45583817e-01 -2.08383718e-01 -2.03890366e-01 -2.28211675e-01 -2.54140922e-01 -2.91482582e-01 -2.93000902e-01 -2.52688331e-01 -1.80872809e-01 -1.46052516e-01 -1.61809439e-01 -2.05692069e-01 -2.17100653e-01 -1.89304569e-01 -1.27566159e-01 -7.77994477e-02 -3.77687662e-02 -9.85873320e-03 3.52734129e-02 7.37565401e-02 9.77751956e-02 1.37198338e-01 2.10846671e-01 -1.13855876e-01
9.20000000e+00 -1.36847005e-01 1.37287113e-01 1.20303692e-01 1.24012243e-01 1.43534671e-01 1.51536232e-01 1.52330916e-01 1.91196807e-01 2.49060935e-01 2.95772592e-01 3.26867148e-01 3.42481786e-01 3.40268285e-01 3.19569810e-01 2.84240864e-01 2.42928946e-01 2.05798456e-01 1.79870532e-01 1.65892717e-01 1.59085249e-01 1.51686594e-01 1.37330552e-01 1.15813635e-01 9.60374417e-02 9.19644745e-02 1.12527731e-01 1.53470697e-01 1.99919159e-01 2.38022661e-01 2.63243783e-01 2.79334478e-01 2.92050711e-01 3.04967831e-01 3.18160461e-01 3.29222942e-01 3.34600628e-01 3.30945373e-01 3.15641984e-01 2.87104134e-01 2.45087179e-01 1.90825114e-01 1.26993288e-01 5.70920527e-02 -1.43962819e-02 -8.21266005e-02 -1.40169940e-01 -1.83817589e-01 -2.10933592e-01 -2.22461538e-01 -2.21738419e-01 -2.13597265e-01 -2.03282912e-01 -1.94785905e-01 -1.89407800e-01 -1.84670046e-01 -1.74811629e-01 -1.53127832e-01 -1.17519037e-01 -7.56697233e-02 -4.38218969e-02 -3.61503436e-02 -5.42262800e-02 -8.65273210e-02 -1.17887520e-01 -1.40082562e-01 -1.54822351e-01 -1.70039715e-01 -1.93754876e-01 -2.29589283e-01 -2.74019879e-01 -3.17678112e-01 -3.49907478e-01 -3.63984030e-01 -3.58280047e-01 -3.34760575e-01 -2.97209474e-01 -2.51369275e-01 -2.13467594e-01 -2.08693862e-01 -2.29998891e-01 -2.53049692e-01 -2.87556371e-01 -2.83046538e-01 -2.39801597e-01 -1.63701152e-01 -1.31485662e-01 -1.45817935e-01 -1.94392152e-01 -2.08129847e-01 -1.85149481e-01 -1.25233753e-01 -7.85582853e-02 -4.12772434e-02 -9.84921819e-03 3.67418174e-02 7.05283118e-02 9.29537506e-02 1.29047105e-01 1.98159980e-01 -1.38822990e-01
9.30000000e+00 -1.53604360e-01 1.26505341e-01 1.13068959e-01 1.19815606e-01 1.41101222e-01 1.54398463e-01 1.57063824e-01 1.95252091e-01 2.54613670e-01 3.03122751e-01 3.34728865e-01 3.50262874e-01 3.48106851e-01 3.27643334e-01 2.92327395e-01 2.50365417e-01 2.11785114e-01 1.83804773e-01 1.67450153e-01 1.58099458e-01 1.48064465e-01 1.31151168e-01 1.07491101e-01 8.62624229e-02 8.14647198e-02 1.02036515e-01 1.43948245e-01 1.92452026e-01 2.33321685e-01 2.61362464e-01 2.79849417e-01 2.94377394e-01 3.08535299e-01 3.22472840e-01 3.33894012e-01 3.39377612e-01 3.35693416e-01 3.20270579e-01 2.91453744e-01 2.48830316e-01 1.93465964e-01 1.28012498e-01 5.61756859e-02 -1.71843347e-02 -8.63604763e-02 -1.45268144e-01 -1.89296910e-01 -2.16521378e-01 -2.28019176e-01 -2.27113821e-01 -2.18533992e-01 -2.07424265e-01 -1.97724581e-01 -1.90714367e-01 -1.83884838e-01 -1.71479736e-01 -1.46998940e-01 -1.08861322e-01 -6.53376080e-02 -3.28411154e-02 -2.52945369e-02 -4.41426455e-02 -7.80237879e-02 -1.11772174e-01 -1.36817318e-01 -1.54476288e-01 -1.72471572e-01 -1.98683223e-01 -2.36481546e-01 -2.82039705e-01 -3.25928861e-01 -3.57850924e-01 -3.71618948e-01 -3.65882120e-01 -3.42365365e-01 -3.04229717e-01 -2.57188232e-01 -2.18770438e-01 -2.13604792e-01 -2.31698075e-01 -2.52048742e-01 -2.83417549e-01 -2.73053809e-01 -2.26807666e-01 -1.46850391e-01 -1.17105425e-01 -1.30126287e-01 -1.82999243e-01 -1.99121829e-01 -1.80783654e-01 -1.23009468e-01 -7.92781792e-02 -4.46806712e-02 -9.67964336e-03 3.79730775e-02 6.71954447e-02 8.81986599e-02 1.20699303e-01 1.85402152e-01 -1.63467469e-01
9.40000000e+00 -1.70009613e-01 1.15785523e-01 1.05710517e-01 1.15700865e-01 1.38606783e-01 1.57066404e-01 1.62066934e-01 1.99509544e-01 2.60072629e-01 3.10305336e-01 3.42428241e-01 3.57869988e-01 3.55765425e-01 3.35562023e-01 3.00323118e-01 2.57794299e-01 2.17828784e-01 1.87816752e-01 1.69065379e-01 1.57134049e-01 1.44438003e-01 1.24980896e-01 9.92337489e-02 7.66237448e-02 7.11419766e-02 9.16998568e-02 1.34503092e-01 1.84979222e-01 2.28572618e-01 2.59436105e-01 2.80340220e-01 2.96691971e-01 3.12083569e-01 3.26743089e-01 3.38493755e-01 3.44056251e-01 3.40322285e-01 3.24767171e-01 2.95669719e-01 2.52452735e-01 1.96013496e-01 1.28976818e-01 5.52514108e-02 -1.99266969e-02 -9.04951936e-02 -1.50227064e-01 -1.94620514e-01 -2.21961122e-01 -2.33454082e-01 -2.32402994e-01 -2.23425031e-01 -2.11553770e-01 -2.00667062e-01 -1.92016512e-01 -1.83068264e-01 -1.68090628e-01 -1.40819884e-01 -1.00214505e-01 -5.51118623e-02 -2.20404675e-02 -1.46270707e-02 -3.41905968e-02 -6.95695888e-02 -1.05649694e-01 -1.33540194e-01 -1.54153386e-01 -1.74966554e-01 -2.03683865e-01 -2.43404257e-01 -2.90007355e-01 -3.34043968e-01 -3.65611379e-01 -3.79063538e-01 -3.73309623e-01 -3.49820873e-01 -3.11147553e-01 -2.63045996e-01 -2.24290739e-01 -2.18597885e-01 -2.33318300e-01 -2.51137462e-01 -2.79047485e-01 -2.63046402e-01 -2.13689314e-01 -1.30375983e-01 -1.02877679e-01 -1.14782459e-01 -1.71487743e-01 -1.90096307e-01 -1.76189361e-01 -1.20901546e-01 -7.99588698e-02 -4.79258731e-02 -9.37883276e-03 3.89206273e-02 6.37995821e-02 8.34768759e-02 1.12159872e-01 1.72573932e-01 -1.87760588e-01
9.50000000e+00 -1.86055632e-01 1.05137930e-01 9.82397127e-02 1.11644309e-01 1.36091352e-01 1.59518367e-01 1.67306491e-01 2.03984415e-01 2.65444741e-01 3.17311748e-01 3.49960928e-01 3.65304982e-01 3.63246370e-01 3.43324832e-01 3.08222983e-01 2.65208939e-01 2.23924147e-01 1.91903591e-01 1.70737261e-01 1.56188938e-01 1.40808441e-01 1.18822918e-01 9.10460928e-02 6.71261188e-02 6.10013632e-02 8.15245462e-02 1.25142877e-01 1.77506061e-01 2.23776448e-01 2.57462094e-01 2.80802664e-01 2.98989940e-01 3.15608638e-01 3.30968223e-01 3.43020505e-01 3.48636011e-01 3.44831876e-01 3.29131036e-01 2.99749810e-01 2.55950598e-01 1.98463508e-01 1.29883669e-01 5.43197469e-02 -2.26198840e-02 -9.45260997e-02 -1.55043022e-01 -1.99786609e-01 -2.27252266e-01 -2.38765622e-01 -2.37604392e-01 -2.28267807e-01 -2.15668211e-01 -2.03609850e-01 -1.93310699e-01 -1.82217220e-01 -1.64643090e-01 -1.34593143e-01 -9.15847953e-02 -4.49995807e-02 -1.14253881e-02 -4.15241974e-03 -2.43754571e-02 -6.11702975e-02 -9.95238190e-02 -1.30252451e-01 -1.53853073e-01 -1.77522426e-01 -2.08752031e-01 -2.50350155e-01 -2.97915490e-01 -3.42019618e-01 -3.73189816e-01 -3.86321165e-01 -3.80563877e-01 -3.57123211e-01 -3.17959120e-01 -2.68948106e-01 -2.30024253e-01 -2.23647964e-01 -2.34871534e-01 -2.50310748e-01 -2.74432569e-01 -2.53044279e-01 -2.00435406e-01 -1.14326513e-01 -8.87726984e-02 -9.98280333e-02 -1.59837708e-01 -1.81069420e-01 -1.71354073e-01 -1.18913488e-01 -8.06005682e-02 -5.09618361e-02 -8.97881165e-03 3.95448191e-02 6.03806176e-02 7.87513985e-02 1.03439458e-01 1.59674366e-01 -2.11674744e-01
9.60000000e+00 -2.01735755e-01 9.45708069e-02 9.06723439e-02 1.07619612e-01 1.33593100e-01 1.61739295e-01 1.72744866e-01 2.08689013e-01 2.70738682e-01 3.24134331e-01 3.57322494e-01 3.72569735e-01 3.70552307e-01 3.50931062e-01 3.16022124e-01 2.72602545e-01 2.30065522e-01 1.96062072e-01 1.72464524e-01 1.55264145e-01 1.37177307e-01 1.12680727e-01 8.29327509e-02 5.77740190e-02 5.10475066e-02 7.15169471e-02 1.15875180e-01 1.70038144e-01 2.18934506e-01 2.55437968e-01 2.81232472e-01 3.01266657e-01 3.19106383e-01 3.35145214e-01 3.47472617e-01 3.53116408e-01 3.49222156e-01 3.33361549e-01 3.03691908e-01 2.59320221e-01 2.00811917e-01 1.30730560e-01 5.33812691e-02 -2.52604296e-02 -9.84486803e-02 -1.59712573e-01 -2.04793627e-01 -2.32394413e-01 -2.43953258e-01 -2.42716506e-01 -2.33059687e-01 -2.19764230e-01 -2.06549253e-01 -1.94593256e-01 -1.81328625e-01 -1.61136175e-01 -1.28321602e-01 -8.29786404e-02 -3.50076752e-02 -1.00079261e-03 6.12545153e-03 -1.47023516e-02 -5.28316744e-02 -9.33986735e-02 -1.26955664e-01 -1.53574817e-01 -1.80136693e-01 -2.13882520e-01 -2.57311650e-01 -3.05756797e-01 -3.49852336e-01 -3.80587560e-01 -3.93395383e-01 -3.87646268e-01 -3.64268713e-01 -3.24661398e-01 -2.74900167e-01 -2.35963916e-01 -2.28730456e-01 -2.36372121e-01 -2.49559127e-01 -2.69564539e-01 -2.43063108e-01 -1.87041746e-01 -9.87424012e-02 -7.47665477e-02 -8.52969744e-02 -1.48035765e-01 -1.72053166e-01 -1.66270813e-01 -1.17043948e-01 -8.12035213e-02 -5.37408948e-02 -8.51405147e-03 3.98136277e-02 5.69752023e-02 7.39825220e-02 9.45538817e-02 1.46700978e-01 -2.35183561e-01
9.70000000e+00 -2.17043757e-01 8.40904224e-02 8.30281482e-02 1.03598905e-01 1.31147254e-01 1.63720964e-01 1.78341291e-01 2.13632245e-01 2.75964734e-01 3.30766536e-01 3.64508452e-01 3.79666092e-01 3.77686077e-01 3.58380353e-01 3.23715887e-01 2.79968218e-01 2.36246879e-01 2.00288628e-01 1.74245741e-01 1.54359791e-01 1.33546431e-01 1.06558123e-01 7.48984399e-02 4.85716851e-02 4.12845529e-02 6.16829877e-02 1.06707499e-01 1.62581343e-01 2.14048465e-01 2.53361432e-01 2.81625324e-01 3.03517347e-01 3.22572566e-01 3.39270993e-01 3.51848463e-01 3.57497007e-01 3.53493154e-01 3.37458183e-01 3.07494052e-01 2.62558077e-01 2.03054779e-01 1.31515099e-01 5.24366069e-02 -2.78449031e-02 -1.02258580e-01 -1.64232506e-01 -2.09640210e-01 -2.37387311e-01 -2.49016537e-01 -2.47737860e-01 -2.37797989e-01 -2.23838330e-01 -2.09481400e-01 -1.95860377e-01 -1.80399435e-01 -1.57569214e-01 -1.22008551e-01 -7.44027051e-02 -2.51428546e-02 9.22891741e-03 1.62030740e-02 -5.17620329e-03 -4.45596495e-02 -8.72787646e-02 -1.23651724e-01 -1.53318127e-01 -1.82806595e-01 -2.19069708e-01 -2.64280855e-01 -3.13524023e-01 -3.57538990e-01 -3.87806266e-01 -4.00289890e-01 -3.94558225e-01 -3.71253983e-01 -3.31252280e-01 -2.80907662e-01 -2.42099823e-01 -2.33821893e-01 -2.37836195e-01 -2.48869034e-01 -2.64440616e-01 -2.33113908e-01 -1.73511670e-01 -8.36548916e-02 -6.08422117e-02 -7.12146546e-02 -1.36075780e-01 -1.63055022e-01 -1.60938310e-01 -1.15286756e-01 -8.17675636e-02 -5.62198662e-02 -8.02063760e-03 3.97031529e-02 5.36153708e-02 6.91291462e-02 8.55234685e-02 1.33650021e-01 -2.58262013e-01
9.80000000e+00 -2.31973831e-01 7.37011835e-02 7.53301897e-02 9.95538839e-02 1.28785102e-01 1.65461985e-01 1.84052662e-01 2.18819208e-01 2.81134591e-01 3.37203091e-01 3.71514306e-01 3.86595823e-01 3.84650702e-01 3.65672669e-01 3.31299845e-01 2.87298977e-01 2.42461855e-01 2.04579345e-01 1.76079332e-01 1.53476107e-01 1.29917940e-01 1.00459205e-01 6.69479647e-02 3.95231262e-02 3.17161802e-02 5.20281567e-02 9.76472194e-02 1.55141786e-01 2.09120350e-01 2.51230370e-01 2.81976869e-01 3.05737115e-01 3.26002847e-01 3.43342458e-01 3.56146437e-01 3.61777413e-01 3.57644951e-01 3.41420498e-01 3.11154420e-01 2.65660812e-01 2.05188305e-01 1.32235009e-01 5.14864423e-02 -3.03699262e-02 -1.05951619e-01 -1.68599857e-01 -2.14325211e-01 -2.42230846e-01 -2.53955080e-01 -2.52667014e-01 -2.42479983e-01 -2.27886877e-01 -2.12402237e-01 -1.97108133e-01 -1.79426658e-01 -1.53941835e-01 -1.15657679e-01 -6.58638442e-02 -1.54116045e-02 1.92598456e-02 2.60774563e-02 4.19827045e-03 -3.63603049e-02 -8.11689705e-02 -1.20342835e-01 -1.53082545e-01 -1.85529102e-01 -2.24307545e-01 -2.71249607e-01 -3.21210003e-01 -3.65076805e-01 -3.94847893e-01 -4.07008489e-01 -4.01301193e-01 -3.78075953e-01 -3.37730623e-01 -2.86975757e-01 -2.48419262e-01 -2.38900374e-01 -2.39281028e-01 -2.48223224e-01 -2.59063464e-01 -2.23202908e-01 -1.59856365e-01 -6.90853590e-02 -4.69904126e-02 -5.75971908e-02 -1.23959254e-01 -1.54077792e-01 -1.55360968e-01 -1.13631081e-01 -8.22916777e-02 -5.83611038e-02 -7.53538225e-03 3.91979085e-02 5.03273283e-02 6.41501075e-02 7.63722577e-02 1.20516799e-01 -2.80886556e-01
9.90000000e+00 -2.46520581e-01 6.34058189e-02 6.76041626e-02 9.54569037e-02 1.26533141e-01 1.66967625e-01 1.89834420e-01 2.24250857e-01 2.86261123e-01 3.43440148e-01 3.78335601e-01 3.93360572e-01 3.91449344e-01 3.72808292e-01 3.38769822e-01 2.94587791e-01 2.48703768e-01 2.08929963e-01 1.77963554e-01 1.52613426e-01 1.26294262e-01 9.43883599e-02 5.90862085e-02 3.06321248e-02 2.23456146e-02 4.25575012e-02 8.87015892e-02 1.47725827e-01 2.04152532e-01 2.49042862e-01 2.82282742e-01 3.07920956e-01 3.29392782e-01 3.47356477e-01 3.60364952e-01 3.65957267e-01 3.61677674e-01 3.45248129e-01 3.14671332e-01 2.68625252e-01 2.07208885e-01 1.32888140e-01 5.05315084e-02 -3.28321907e-02 -1.09523816e-01 -1.72811911e-01 -2.18847680e-01 -2.46925029e-01 -2.58768581e-01 -2.57502564e-01 -2.47102897e-01 -2.31906114e-01 -2.15307535e-01 -1.98332478e-01 -1.78407366e-01 -1.50253969e-01 -1.09273068e-01 -5.73690740e-02 -5.82016814e-03 2.90885894e-02 3.57460643e-02 1.34165604e-02 -2.82398543e-02 -7.50745297e-02 -1.17031518e-01 -1.52867656e-01 -1.88300909e-01 -2.29589575e-01 -2.78209500e-01 -3.28807696e-01 -3.72463365e-01 -4.01714674e-01 -4.13555044e-01 -4.07876613e-01 -3.84731936e-01 -3.44096287e-01 -2.93109090e-01 -2.54906804e-01 -2.43945982e-01 -2.40724360e-01 -2.47601310e-01 -2.53440962e-01 -2.13331621e-01 -1.46094886e-01 -5.50449574e-02 -3.32100930e-02 -4.44511071e-02 -1.11695439e-01 -1.45119660e-01 -1.49548636e-01 -1.12061728e-01 -8.27735802e-02 -6.01334398e-02 -7.09490657e-03 3.82908923e-02 4.71304353e-02 5.90054877e-02 6.71271276e-02 1.07296042e-01 -3.03035262e-01
1.00000000e+01 -2.60679036e-01 5.32056165e-02 5.98776385e-02 9.12820341e-02 1.24412401e-01 1.68249443e-01 1.95641457e-01 2.29923741e-01 2.91358092e-01 3.49475423e-01 3.84967992e-01 3.99961817e-01 3.98085266e-01 3.79787806e-01 3.46121905e-01 3.01827610e-01 2.54965642e-01 2.13335871e-01 1.79896501e-01 1.51772186e-01 1.22678122e-01 8.83502522e-02 5.13181213e-02 2.19022419e-02 1.31756480e-02 3.32756276e-02 7.98776939e-02 1.40340028e-01 1.99147728e-01 2.46797198e-01 2.82538575e-01 3.10063766e-01 3.32737838e-01 3.51309893e-01 3.64502436e-01 3.70036239e-01 3.65591483e-01 3.48940785e-01 3.18043249e-01 2.71448414e-01 2.09113098e-01 1.33472482e-01 4.95725864e-02 -3.52284760e-02 -1.12971401e-01 -1.76866210e-01 -2.23206860e-01 -2.51469986e-01 -2.63456797e-01 -2.62243139e-01 -2.51663924e-01 -2.35892161e-01 -2.18192899e-01 -1.99529258e-01 -1.77338711e-01 -1.46505866e-01 -1.02859181e-01 -4.89255435e-02 3.62547125e-03 3.87122261e-02 4.52067996e-02 2.24743681e-02 -2.02046228e-02 -6.90010266e-02 -1.13720603e-01 -1.52673080e-01 -1.91118437e-01 -2.34908933e-01 -2.85151918e-01 -3.36310218e-01 -3.79696614e-01 -4.08409088e-01 -4.19933440e-01 -4.14285904e-01 -3.91219687e-01 -3.50350151e-01 -2.99311558e-01 -2.61544467e-01 -2.48941143e-01 -2.42183698e-01 -2.46980407e-01 -2.47585814e-01 -2.03497141e-01 -1.32253880e-01 -4.15346193e-02 -1.95085476e-02 -3.17733378e-02 -9.93011678e-02 -1.36174469e-01 -1.43516196e-01 -1.10559545e-01 -8.32093533e-02 -6.15129872e-02 -6.73471784e-03 3.69834357e-02 4.40364184e-02 5.36578579e-02 5.78168661e-02 9.39823292e-02 -3.24687961e-01
1.01000000e+01 -2.74444669e-01 4.31007030e-02 5.21792832e-02 8.70060395e-02 1.22437947e-01 1.69324750e-01 2.01429058e-01 2.35829833e-01 2.96439833e-01 3.55308304e-01 3.91407313e-01 4.06400836e-01 4.04561784e-01 3.86612076e-01 3.53352462e-01 3.09011394e-01 2.61240222e-01 2.17792115e-01 1.81876099e-01 1.50952926e-01 1.19072541e-01 8.23498115e-02 4.36487074e-02 1.33368218e-02 4.20865769e-03 2.41867049e-02 7.11824300e-02 1.32991128e-01 1.94108994e-01 2.44491895e-01 2.82740019e-01 3.12160355e-01 3.36033397e-01 3.55199530e-01 3.68557332e-01 3.74014023e-01 3.69386568e-01 3.52498235e-01 3.21268767e-01 2.74127514e-01 2.10897735e-01 1.33986179e-01 4.86105030e-02 -3.75556664e-02 -1.16290837e-01 -1.80760559e-01 -2.27402179e-01 -2.55865945e-01 -2.68019539e-01 -2.66887402e-01 -2.56160226e-01 -2.39841026e-01 -2.21053772e-01 -2.00694222e-01 -1.76217935e-01 -1.42698096e-01 -9.64208528e-02 -4.05405034e-02 1.29196075e-02 4.81282960e-02 5.44579752e-02 3.13676074e-02 -1.22610248e-02 -6.29543752e-02 -1.10413229e-01 -1.52498470e-01 -1.93977825e-01 -2.40258369e-01 -2.92068068e-01 -3.43710865e-01 -3.86774859e-01 -4.14933833e-01 -4.26147548e-01 -4.20530450e-01 -3.97537465e-01 -3.56494107e-01 -3.05586108e-01 -2.68311928e-01 -2.53870917e-01 -2.43675633e-01 -2.46335851e-01 -2.41515009e-01 -1.93692639e-01 -1.18367030e-01 -2.85454037e-02 -5.90120464e-03 -1.95515667e-02 -8.68003984e-02 -1.27232197e-01 -1.37282984e-01 -1.09101927e-01 -8.35931383e-02 -6.24837761e-02 -6.48830794e-03 3.52848403e-02 4.10488320e-02 4.80734194e-02 4.84712175e-02 8.05705294e-02 -3.45826375e-01
1.02000000e+01 -2.87813432e-01 3.30903544e-02 4.45380708e-02 8.26092552e-02 1.20618586e-01 1.70215921e-01 2.07153819e-01 2.41956450e-01 3.01520901e-01 3.60939946e-01 3.97649667e-01 4.12678673e-01 4.10882230e-01 3.93282235e-01 3.60458153e-01 3.16132141e-01 2.67520004e-01 2.22293400e-01 1.83900108e-01 1.50156285e-01 1.15480827e-01 7.63922172e-02 3.60830127e-02 4.93899877e-03 -4.55337241e-03 1.52944699e-02 6.26224808e-02 1.25686017e-01 1.89039726e-01 2.42125705e-01 2.82882757e-01 3.14205464e-01 3.39274765e-01 3.59022199e-01 3.72528100e-01 3.77890331e-01 3.73063141e-01 3.55920304e-01 3.24346620e-01 2.76659979e-01 2.12559814e-01 1.34427539e-01 4.76461275e-02 -3.98107689e-02 -1.19478831e-01 -1.84493024e-01 -2.31433241e-01 -2.60113228e-01 -2.72456670e-01 -2.71434053e-01 -2.60588939e-01 -2.43748611e-01 -2.23885444e-01 -2.01823035e-01 -1.75042390e-01 -1.38831563e-01 -8.99632719e-02 -3.22212738e-02 2.20568261e-02 5.73347840e-02 6.34982905e-02 4.00924053e-02 -4.41554134e-03 -5.69408003e-02 -1.07112831e-01 -1.52343516e-01 -1.96874940e-01 -2.45630257e-01 -2.98949013e-01 -3.51003148e-01 -3.93696763e-01 -4.21291789e-01 -4.32201184e-01 -4.26611597e-01 -4.03684095e-01 -3.62531032e-01 -3.11934526e-01 -2.75186795e-01 -2.58723206e-01 -2.45215187e-01 -2.45641981e-01 -2.35249145e-01 -1.83908038e-01 -1.04474222e-01 -1.60591762e-02 7.58893199e-03 -7.76488925e-03 -7.42235041e-02 -1.18279615e-01 -1.30872070e-01 -1.07663412e-01 -8.39169076e-02 -6.30382021e-02 -6.38629915e-03 3.32118144e-02 3.81627852e-02 4.22230075e-02 3.91199400e-02 6.70562507e-02 -3.66434247e-01
1.03000000e+01 -3.00781790e-01 2.31733239e-02 3.69825188e-02 7.80763325e-02 1.18956778e-01 1.70949564e-01 2.12774542e-01 2.48286279e-01 3.06615693e-01 3.66373322e-01 4.03691521e-01 4.18796116e-01 4.17049907e-01 3.99799656e-01 3.67435939e-01 3.23182924e-01 2.73797254e-01 2.26834101e-01 1.85966114e-01 1.49382994e-01 1.11906568e-01 7.04828824e-02 2.86261107e-02 -3.28829684e-03 -1.31088288e-02 6.60223568e-03 5.42042936e-02 1.18431707e-01 1.83943641e-01 2.39697629e-01 2.82962523e-01 3.16193773e-01 3.42457177e-01 3.62774700e-01 3.76413211e-01 3.81664887e-01 3.76621425e-01 3.59206865e-01 3.27275672e-01 2.79043447e-01 2.14096596e-01 1.34795048e-01 4.66803683e-02 -4.19909299e-02 -1.22532352e-01 -1.88061942e-01 -2.35299819e-01 -2.64212236e-01 -2.76768097e-01 -2.75881821e-01 -2.64947180e-01 -2.47610721e-01 -2.26683063e-01 -2.02911286e-01 -1.73809552e-01 -1.34907507e-01 -8.34919651e-02 -2.39752122e-02 3.10320180e-02 6.63300981e-02 7.23268048e-02 4.86451028e-02 3.32530285e-03 -5.09668158e-02 -1.03823134e-01 -1.52207940e-01 -1.99805375e-01 -2.51016618e-01 -3.05785715e-01 -3.58180814e-01 -4.00461338e-01 -4.27485989e-01 -4.38098076e-01 -4.32530651e-01 -4.09659021e-01 -3.68464742e-01 -3.18357251e-01 -2.82144932e-01 -2.63488876e-01 -2.46815207e-01 -2.44872948e-01 -2.28811664e-01 -1.74130841e-01 -9.06204922e-02 -4.04959516e-03 2.09321541e-02 3.61522850e-03 -6.16063261e-02 -1.09301101e-01 -1.24309409e-01 -1.06216326e-01 -8.41703274e-02 -6.31772711e-02 -6.45566240e-03 3.07877251e-02 3.53649406e-02 3.60829283e-02 2.97919017e-02 5.34362829e-02 -3.86497465e-01
1.04000000e+01 -3.13346766e-01 1.33481731e-02 2.95399699e-02 7.33968328e-02 1.17448748e-01 1.71555584e-01 2.18253080e-01 2.54797500e-01 3.11738054e-01 3.71613251e-01 4.09529804e-01 4.24753680e-01 4.23068047e-01 4.06165937e-01 3.74283093e-01 3.30156912e-01 2.80064041e-01 2.31408269e-01 1.88071540e-01 1.48633870e-01 1.08353628e-01 6.46274363e-02 2.12830884e-02 -1.13423314e-02 -2.14564449e-02 -1.88709860e-03 4.59340574e-02 1.11235296e-01 1.78824774e-01 2.37206929e-01 2.82975123e-01 3.18119923e-01 3.45575813e-01 3.66453828e-01 3.80211146e-01 3.85337425e-01 3.80061652e-01 3.62357832e-01 3.30054923e-01 2.81275784e-01 2.15505598e-01 1.35087378e-01 4.57141690e-02 -4.40934520e-02 -1.25448644e-01 -1.91465916e-01 -2.39001848e-01 -2.68163448e-01 -2.80953765e-01 -2.80229468e-01 -2.69232051e-01 -2.51423070e-01 -2.29441638e-01 -2.03954508e-01 -1.72517033e-01 -1.30927509e-01 -7.70127767e-02 -1.58096800e-02 3.98403904e-02 7.51130469e-02 8.09429099e-02 5.70222537e-02 1.09549628e-02 -4.50392013e-02 -1.00548140e-01 -1.52091490e-01 -2.02764458e-01 -2.56409137e-01 -3.12569064e-01 -3.65237872e-01 -4.07067941e-01 -4.33519586e-01 -4.43841835e-01 -4.38288882e-01 -4.15462365e-01 -3.74299915e-01 -3.24853197e-01 -2.89160822e-01 -2.68161796e-01 -2.48485830e-01 -2.44003524e-01 -2.22228010e-01 -1.64347076e-01 -7.68547618e-02 7.51663686e-03 3.40931975e-02 1.46237334e-02 -4.89890303e-02 -1.00279576e-01 -1.17622913e-01 -1.04731476e-01 -8.43407221e-02 -6.29106283e-02 -6.71903150e-03 2.80416916e-02 3.26337855e-02 2.96356072e-02 2.05142447e-02 3.97090113e-02 -4.06004159e-01
1.05000000e+01 -3.25505982e-01 3.61359516e-03 2.22359424e-02 6.85656542e-02 1.16084797e-01 1.72066157e-01 2.23555100e-01 2.61464018e-01 3.16900876e-01 3.76666383e-01 4.15162019e-01 4.30551603e-01 4.28939769e-01 4.12382869e-01 3.80997201e-01 3.37047405e-01 2.86312260e-01 2.36009645e-01 1.90213640e-01 1.47909814e-01 1.04826128e-01 5.88317053e-02 1.40590317e-02 -1.92205604e-02 -2.95952764e-02 -1.01710352e-02 3.78176826e-02 1.04103937e-01 1.73687463e-01 2.34653132e-01 2.82916451e-01 3.19978530e-01 3.48625796e-01 3.70056380e-01 3.83920397e-01 3.88907676e-01 3.83384059e-01 3.65373156e-01 3.32683498e-01 2.83355082e-01 2.16784611e-01 1.35303401e-01 4.47485047e-02 -4.61158097e-02 -1.28225236e-01 -1.94703820e-01 -2.42539416e-01 -2.71967402e-01 -2.85013655e-01 -2.84475788e-01 -2.73440646e-01 -2.55181290e-01 -2.32156055e-01 -2.04948188e-01 -1.71162603e-01 -1.26893491e-01 -7.05318457e-02 -7.73201011e-03 4.84774769e-02 8.36828156e-02 8.93463020e-02 6.52206237e-02 1.84668965e-02 -3.91649759e-02 -9.72921128e-02 -1.51993942e-01 -2.05747254e-01 -2.61799187e-01 -3.19289923e-01 -3.72168611e-01 -4.13516258e-01 -4.39395820e-01 -4.49435922e-01 -4.43887537e-01 -4.21094978e-01 -3.80041992e-01 -3.31419611e-01 -2.96207970e-01 -2.72738774e-01 -2.50234039e-01 -2.43009887e-01 -2.15524757e-01 -1.54542317e-01 -6.32284336e-02 1.86783030e-02 4.70326193e-02 2.53005555e-02 -3.64148118e-02 -9.11975146e-02 -1.10841468e-01 -1.03178851e-01 -8.44131472e-02 -6.22563663e-02 -7.19413401e-03 2.50075453e-02 2.99401639e-02 2.28700307e-02 1.13116416e-02 2.58747908e-02 -4.24944785e-01
1.06000000e+01 -3.37257689e-01 -6.03128293e-03 1.50935674e-02 6.35832813e-02 1.14849794e-01 1.72514654e-01 2.28650741e-01 2.68255808e-01 3.22115689e-01 3.81541144e-01 4.20586353e-01 4.36189843e-01 4.34668044e-01 4.18452412e-01 3.87576169e-01 3.43847857e-01 2.92533662e-01 2.40631671e-01 1.92389505e-01 1.47211795e-01 1.01328438e-01 5.31016916e-02 6.95901011e-03 -2.69206204e-02 -3.75246765e-02 -1.82474637e-02 2.98607827e-02 9.70448038e-02 1.68536330e-01 2.32036046e-01 2.82782512e-01 3.21764202e-01 3.51602209e-01 3.73579155e-01 3.87539460e-01 3.92375372e-01 3.86588874e-01 3.68252819e-01 3.35160654e-01 2.85279669e-01 2.17931711e-01 1.35442193e-01 4.37843773e-02 -4.80556653e-02 -1.30859954e-01 -1.97774795e-01 -2.45912755e-01 -2.75624696e-01 -2.88947779e-01 -2.88619608e-01 -2.77570051e-01 -2.58880937e-01 -2.34821088e-01 -2.05887790e-01 -1.69744196e-01 -1.22807715e-01 -6.40555813e-02 2.50526617e-04 5.69391440e-02 9.20389398e-02 9.75369536e-02 7.32371885e-02 2.58545884e-02 -3.33513699e-02 -9.40595650e-02 -1.51915089e-01 -2.08748582e-01 -2.67177858e-01 -3.25939165e-01 -3.78967624e-01 -4.19806292e-01 -4.45117986e-01 -4.54883626e-01 -4.49327861e-01 -4.26558476e-01 -3.85697063e-01 -3.38051952e-01 -3.03259326e-01 -2.77219411e-01 -2.52063316e-01 -2.41870349e-01 -2.08728730e-01 -1.44702741e-01 -4.97938845e-02 2.94780400e-02 5.97083497e-02 3.56890214e-02 -2.39284947e-02 -8.20380059e-02 -1.03993929e-01 -1.01528321e-01 -8.43705746e-02 -6.12406129e-02 -7.89335619e-03 2.17226875e-02 2.72480527e-02 1.57819752e-02 2.20566441e-03 1.19362640e-02 -4.43312190e-01
1.07000000e+01 -3.48600804e-01 -1.55866299e-02 8.13312684e-03 5.84558535e-02 1.13723833e-01 1.72934552e-01 2.33515167e-01 2.75139355e-01 3.27392265e-01 3.86247646e-01 4.25801791e-01 4.41668095e-01 4.40255655e-01 4.24376669e-01 3.94018215e-01 3.50551902e-01 2.98719882e-01 2.45267513e-01 1.94596067e-01 1.46540850e-01 9.78651592e-02 4.74435529e-02 -1.19378298e-05 -3.44403202e-02 -4.52442705e-02 -2.61146445e-02 2.20686577e-02 9.00650586e-02 1.63376270e-01 2.29355760e-01 2.82569437e-01 3.23471557e-01 3.54500097e-01 3.77018959e-01 3.91066839e-01 3.95740234e-01 3.89676323e-01 3.70996833e-01 3.37485770e-01 2.87048114e-01 2.18945267e-01 1.35503044e-01 4.28228113e-02 -4.99108822e-02 -1.33350930e-01 -2.00678253e-01 -2.49122239e-01 -2.79135972e-01 -2.92756173e-01 -2.92659781e-01 -2.81617357e-01 -2.62517501e-01 -2.37431402e-01 -2.06768766e-01 -1.68259930e-01 -1.18672785e-01 -5.75906352e-02 8.13075321e-03 6.52215965e-02 1.00181280e-01 1.05515085e-01 8.10691303e-02 3.31115718e-02 -2.76057935e-02 -9.08552372e-02 -1.51854741e-01 -2.11763023e-01 -2.72535977e-01 -3.32507708e-01 -3.85629815e-01 -4.25938346e-01 -4.50689402e-01 -4.60188044e-01 -4.54611116e-01 -4.31855279e-01 -3.91271720e-01 -3.44743810e-01 -3.10287727e-01 -2.81605866e-01 -2.53973407e-01 -2.40566010e-01 -2.01866159e-01 -1.34816181e-01 -3.66029167e-02 3.99606061e-02 7.20773567e-02 4.58341702e-02 -1.15750815e-02 -7.27857995e-02 -9.71081328e-02 -9.97503136e-02 -8.41941842e-02 -5.98969066e-02 -8.82345593e-03 1.82268798e-02 2.45155582e-02 8.37401913e-03 -6.78571733e-03 -2.10138697e-03 -4.61101641e-01
1.08000000e+01 -3.59534929e-01 -2.50516807e-02 1.37170228e-03 5.31950546e-02 1.12683029e-01 1.73358342e-01 2.38128970e-01 2.82078188e-01 3.32738244e-01 3.90797555e-01 4.30808222e-01 4.46985810e-01 4.45705167e-01 4.30157852e-01 4.00321874e-01 3.57153381e-01 3.04862469e-01 2.49910077e-01 1.96830095e-01 1.45898072e-01 9.44410994e-02 4.18635797e-02 -6.84881922e-03 -4.17776322e-02 -5.27539311e-02 -3.37711917e-02 1.44462794e-02 8.31718130e-02 1.58212426e-01 2.26612648e-01 2.82273508e-01 3.25095243e-01 3.57314477e-01 3.80372607e-01 3.94501039e-01 3.99001967e-01 3.92646618e-01 3.73605234e-01 3.39658355e-01 2.88659232e-01 2.19823960e-01 1.35485467e-01 4.18648485e-02 -5.16795391e-02 -1.35696606e-01 -2.03413869e-01 -2.52168372e-01 -2.82501918e-01 -2.96438896e-01 -2.96595196e-01 -2.85579653e-01 -2.66086409e-01 -2.39981571e-01 -2.07586581e-01 -1.66708115e-01 -1.14491638e-01 -5.11438731e-02 1.59016183e-02 7.33213798e-02 1.08109994e-01 1.13281137e-01 8.87138341e-02 4.02314505e-02 -2.19358048e-02 -8.76840815e-02 -1.51812711e-01 -2.14784939e-01 -2.77864146e-01 -3.38986558e-01 -3.92150417e-01 -4.31913009e-01 -4.56113375e-01 -4.65352062e-01 -4.59738618e-01 -4.36988627e-01 -3.96772905e-01 -3.51486867e-01 -3.17266335e-01 -2.85902544e-01 -2.55960210e-01 -2.39081309e-01 -1.94961901e-01 -1.24873124e-01 -2.37052223e-02 5.01711126e-02 8.40973562e-02 5.57810339e-02 6.01692935e-04 -6.34283109e-02 -9.02099655e-02 -9.78164376e-02 -8.38637573e-02 -5.82653732e-02 -9.98543369e-03 1.45610001e-02 2.16961004e-02 6.55344705e-04 -1.56484979e-02 -1.62302648e-02 -4.78310831e-01
1.09000000e+01 -3.70060368e-01 -3.44245551e-02 -5.17705708e-03 4.78178299e-02 1.11700430e-01 1.73816497e-01 2.42478443e-01 2.89033495e-01 3.38158790e-01 3.95203907e-01 4.35606544e-01 4.52142230e-01 4.51018893e-01 4.35798261e-01 4.06485988e-01 3.63646362e-01 3.10952908e-01 2.54552036e-01 1.99088192e-01 1.45284611e-01 9.10612540e-02 3.63681741e-02 -1.35467002e-02 -4.89306809e-02 -6.00537533e-02 -4.12160532e-02 6.99827977e-03 7.63720961e-02 1.53050168e-01 2.23807380e-01 2.81891175e-01 3.26629954e-01 3.60040345e-01 3.83636922e-01 3.97840568e-01 4.02160257e-01 3.95499956e-01 3.76078081e-01 3.41678042e-01 2.90112084e-01 2.20566784e-01 1.35389198e-01 4.09115432e-02 -5.33599410e-02 -1.37895745e-01 -2.05981586e-01 -2.55051781e-01 -2.85723261e-01 -2.99996026e-01 -3.00424772e-01 -2.89454036e-01 -2.69583032e-01 -2.42466086e-01 -2.08336734e-01 -1.65087267e-01 -1.10267547e-01 -4.47223420e-02 2.35562259e-02 8.12353797e-02 1.15825508e-01 1.20835741e-01 9.61688824e-02 4.72079182e-02 -1.63490749e-02 -8.45512430e-02 -1.51788805e-01 -2.17808500e-01 -2.83152766e-01 -3.45366836e-01 -3.98524998e-01 -4.37731129e-01 -4.61393176e-01 -4.70378342e-01 -4.64711769e-01 -4.41962587e-01 -4.02207735e-01 -3.58270896e-01 -3.24169072e-01 -2.90115715e-01 -2.58015783e-01 -2.37404465e-01 -1.88038748e-01 -1.14867616e-01 -1.11469173e-02 6.01532857e-02 9.57285037e-02 6.55729472e-02 1.25607498e-02 -5.39565344e-02 -8.33225100e-02 -9.57000562e-02 -8.33581635e-02 -5.63917227e-02 -1.13745651e-02 1.07658012e-02 1.87397493e-02 -7.35865850e-03 -2.43728499e-02 -3.04396639e-02 -4.94939854e-01
1.10000000e+01 -3.80178128e-01 -4.37021307e-02 -1.15030434e-02 4.23459448e-02 1.10747007e-01 1.74336497e-01 2.46555694e-01 2.95964794e-01 3.43656299e-01 3.99480907e-01 4.40198759e-01 4.57136427e-01 4.56198876e-01 4.41300249e-01 4.12509689e-01 3.70025158e-01 3.16982646e-01 2.59185872e-01 2.01366779e-01 1.44701689e-01 8.77307822e-02 3.09638286e-02 -2.01007182e-02 -5.58977305e-02 -6.71440290e-02 -4.84484896e-02 -2.71059969e-04 6.96728178e-02 1.47895072e-01 2.20940914e-01 2.81419077e-01 3.28070451e-01 3.62672685e-01 3.86808734e-01 4.01083934e-01 4.05214766e-01 3.98236518e-01 3.78415458e-01 3.43544591e-01 2.91405986e-01 2.21173059e-01 1.35214205e-01 3.99639568e-02 -5.49506306e-02 -1.39947428e-01 -2.08381603e-01 -2.57773215e-01 -2.88800759e-01 -3.03427657e-01 -3.04147459e-01 -2.93237610e-01 -2.73002688e-01 -2.44879362e-01 -2.09014790e-01 -1.63396111e-01 -1.06004113e-01 -3.83332378e-02 3.10878625e-02 8.89608188e-02 1.23328488e-01 1.28179691e-01 1.03432048e-01 5.40347779e-02 -1.08533521e-02 -8.14620353e-02 -1.51782812e-01 -2.20827700e-01 -2.88392075e-01 -3.51639819e-01 -4.04749462e-01 -4.43393797e-01 -4.66532009e-01 -4.75269319e-01 -4.69532096e-01 -4.46782038e-01 -4.07583316e-01 -3.65083808e-01 -3.30971041e-01 -2.94253074e-01 -2.60128486e-01 -2.35527779e-01 -1.81116860e-01 -1.04798045e-01 1.03079930e-03 6.99478191e-02 1.06934998e-01 7.52499493e-02 2.42649452e-02 -4.43658298e-02 -7.64653104e-02 -9.33767770e-02 -8.26559279e-02 -5.43260904e-02 -1.29805960e-02 6.88070766e-03 1.55946710e-02 -1.56469697e-02 -3.29531909e-02 -4.47160633e-02 -5.10991142e-01
1.11000000e+01 -3.89889902e-01 -5.28799713e-02 -1.75996791e-02 3.68054022e-02 1.09792692e-01 1.74941972e-01 2.50358603e-01 3.02830666e-01 3.49230153e-01 4.03643665e-01 4.44588046e-01 4.61967354e-01 4.61246861e-01 4.46666192e-01 4.18392391e-01 3.76284338e-01 3.22943124e-01 2.63803923e-01 2.03662084e-01 1.44150596e-01 8.44549849e-02 2.56570983e-02 -2.65060941e-02 -6.26771725e-02 -7.40252181e-02 -5.54680505e-02 -7.35781500e-03 6.30807338e-02 1.42752895e-01 2.18014503e-01 2.80854063e-01 3.29411578e-01 3.65206471e-01 3.89884873e-01 4.04229640e-01 4.08165120e-01 4.00856467e-01 3.80617475e-01 3.45257890e-01 2.92540509e-01 2.21642433e-01 1.34960686e-01 3.90231527e-02 -5.64503961e-02 -1.41851061e-01 -2.10614376e-01 -2.60333531e-01 -2.91735205e-01 -3.06733891e-01 -3.07762241e-01 -2.96927484e-01 -2.76340639e-01 -2.47215752e-01 -2.09616406e-01 -1.61633579e-01 -1.01705259e-01 -3.19838694e-02 3.84900230e-02 9.64952504e-02 1.30619807e-01 1.35313915e-01 1.10501287e-01 6.07059600e-02 -5.45642367e-03 -7.84219119e-02 -1.51794501e-01 -2.23836381e-01 -2.93572194e-01 -3.57796959e-01 -4.10820053e-01 -4.48902313e-01 -4.71532986e-01 -4.80027201e-01 -4.74201294e-01 -4.51452646e-01 -4.12906559e-01 -3.71911743e-01 -3.37648922e-01 -2.98323247e-01 -2.62283220e-01 -2.33447803e-01 -1.74213325e-01 -9.46677515e-02 1.27928173e-02 7.95908793e-02 1.17686538e-01 8.48473324e-02 3.56821924e-02 -3.46565452e-02 -6.96537728e-02 -9.08248592e-02 -8.17358626e-02 -5.21217505e-02 -1.47880969e-02 2.94268365e-03 1.22086406e-02 -2.41836684e-02 -4.13881083e-02 -5.90432078e-02 -5.26469384e-01
1.12000000e+01 -3.99198043e-01 -6.19523131e-02 -2.34637895e-02 3.12257408e-02 1.08807444e-01 1.75651966e-01 2.53890630e-01 3.09589515e-01 3.54876526e-01 4.07707910e-01 4.48778827e-01 4.66633903e-01 4.66164295e-01 4.51898463e-01 4.24133764e-01 3.82418748e-01 3.28825811e-01 2.68398411e-01 2.05970161e-01 1.43632663e-01 8.12392825e-02 2.04545660e-02 -3.27581469e-02 -6.92675223e-02 -8.06979234e-02 -6.22745501e-02 -1.42584159e-02 5.66024126e-02 1.37629540e-01 2.15029690e-01 2.80193205e-01 3.30648277e-01 3.67636682e-01 3.92862164e-01 4.07276186e-01 4.11010910e-01 4.03359944e-01 3.82684264e-01 3.46817954e-01 2.93515481e-01 2.21974888e-01 1.34629073e-01 3.80901925e-02 -5.78582777e-02 -1.43606368e-01 -2.12680610e-01 -2.62733696e-01 -2.94527422e-01 -3.09914838e-01 -3.11268133e-01 -3.00520775e-01 -2.79592090e-01 -2.49469565e-01 -2.10137357e-01 -1.59798820e-01 -9.73752134e-02 -2.56816242e-02 4.57564366e-02 1.03836551e-01 1.37700523e-01 1.42239450e-01 1.17374728e-01 6.72155410e-02 -1.66079262e-04 -7.54364345e-02 -1.51823627e-01 -2.26828231e-01 -2.98683177e-01 -3.63829913e-01 -4.16733351e-01 -4.54258159e-01 -4.76399109e-01 -4.84653974e-01 -4.78721276e-01 -4.55980816e-01 -4.18183996e-01 -3.78739187e-01 -3.44181302e-01 -3.02335283e-01 -2.64461785e-01 -2.31165363e-01 -1.67341880e-01 -8.44854578e-02 2.41110739e-02 8.91128199e-02 1.27959578e-01 9.43943926e-02 4.67863852e-02 -2.48344512e-02 -6.28987237e-02 -8.80255267e-02 -8.05777398e-02 -4.98337397e-02 -1.67769639e-02 -1.01479769e-03 8.53057587e-03 -3.29387917e-02 -4.96801470e-02 -7.34022741e-02 -5.41381398e-01
1.13000000e+01 -4.08105520e-01 -7.09121075e-02 -2.90953643e-02 2.56392418e-02 1.07762282e-01 1.76480351e-01 2.57160467e-01 3.16200341e-01 3.60588270e-01 4.11689689e-01 4.52776821e-01 4.71134990e-01 4.70952322e-01 4.56999402e-01 4.29733722e-01 3.88423524e-01 3.34622239e-01 2.72961445e-01 2.08286911e-01 1.43149236e-01 7.80891983e-02 1.53628109e-02 -3.88523043e-02 -7.56674142e-02 -8.71628750e-02 -6.88680499e-02 -2.09696483e-02 5.02442096e-02 1.32531032e-01 2.11988314e-01 2.79433816e-01 3.31775611e-01 3.69958302e-01 3.95737412e-01 4.10222061e-01 4.13751674e-01 4.05747064e-01 3.84615985e-01 3.48224931e-01 2.94330984e-01 2.22170741e-01 1.34220031e-01 3.71661308e-02 -5.91735732e-02 -1.45213394e-01 -2.14581254e-01 -2.64974777e-01 -2.97178262e-01 -3.12970612e-01 -3.14664180e-01 -3.04014607e-01 -2.82752185e-01 -2.51635097e-01 -2.10573529e-01 -1.57891214e-01 -9.30184964e-02 -1.94339318e-02 5.28810913e-02 1.10982909e-01 1.44571842e-01 1.48957412e-01 1.24050665e-01 7.35577606e-02 5.00992387e-03 -7.25112412e-02 -1.51869937e-01 -2.29796781e-01 -3.03715089e-01 -3.69730561e-01 -4.22486274e-01 -4.59462973e-01 -4.81133249e-01 -4.89151416e-01 -4.83094211e-01 -4.60373629e-01 -4.23421596e-01 -3.85549145e-01 -3.50548970e-01 -3.06298133e-01 -2.66643331e-01 -2.28685447e-01 -1.60512784e-01 -7.42654867e-02 3.49652631e-02 9.85371457e-02 1.37738332e-01 1.03913429e-01 5.75580918e-02 -1.49109687e-02 -5.62061462e-02 -8.49631907e-02 -7.91629856e-02 -4.75174263e-02 -1.89230538e-02 -4.96265475e-03 4.51204434e-03 -4.18792868e-02 -5.78354774e-02 -8.77721170e-02 -5.55735981e-01
1.14000000e+01 -4.16615843e-01 -7.97511200e-02 -3.44972286e-02 2.00800663e-02 1.06630275e-01 1.77435402e-01 2.60181551e-01 3.22623527e-01 3.66354872e-01 4.15605033e-01 4.56589074e-01 4.75469628e-01 4.75611785e-01 4.61971284e-01 4.35192378e-01 3.94294100e-01 3.40324049e-01 2.77485035e-01 2.10608112e-01 1.42701656e-01 7.50103375e-02 1.03883793e-02 -4.47841088e-02 -8.18755888e-02 -9.34209080e-02 -7.52488357e-02 -2.74886562e-02 4.40122388e-02 1.27463485e-01 2.08892517e-01 2.78573469e-01 3.32788796e-01 3.72166341e-01 3.98507395e-01 4.13065745e-01 4.16386901e-01 4.08017916e-01 3.86412826e-01 3.49479098e-01 2.94987358e-01 2.22230641e-01 1.33734450e-01 3.62520084e-02 -6.03958433e-02 -1.46672502e-01 -2.16317496e-01 -2.67057944e-01 -2.99688613e-01 -3.15901327e-01 -3.17949462e-01 -3.07406105e-01 -2.85815994e-01 -2.53706685e-01 -2.10920907e-01 -1.55910412e-01 -8.86399028e-02 -1.32482296e-02 5.98582546e-02 1.17932807e-01 1.51235101e-01 1.55468982e-01 1.30527547e-01 7.97270435e-02 1.00638966e-02 -6.96520145e-02 -1.51933163e-01 -2.32735413e-01 -3.08658065e-01 -3.75491021e-01 -4.28076072e-01 -4.64518512e-01 -4.85738130e-01 -4.93521117e-01 -4.87322577e-01 -4.64638758e-01 -4.28624601e-01 -3.92323332e-01 -3.56735162e-01 -3.10220133e-01 -2.68804889e-01 -2.26016961e-01 -1.53732863e-01 -6.40277632e-02 4.53432726e-02 1.07879760e-01 1.47015487e-01 1.13419021e-01 6.79849952e-02 -4.90317313e-03 -4.95770945e-02 -8.16255794e-02 -7.74753676e-02 -4.52270687e-02 -2.11989353e-02 -8.87694445e-03 1.08700749e-04 -5.09700230e-02 -6.58634590e-02 -1.02129589e-01 -5.69543742e-01
1.15000000e+01 -4.24733003e-01 -8.84600762e-02 -3.96746463e-02 1.45833530e-02 1.05387439e-01 1.78519554e-01 2.62971454e-01 3.28821590e-01 3.72162483e-01 4.19469621e-01 4.60223952e-01 4.79637011e-01 4.80143230e-01 4.66816297e-01 4.40510018e-01 4.00026223e-01 3.45923015e-01 2.81961115e-01 2.12929434e-01 1.42291240e-01 7.20083572e-02 5.53775562e-03 -5.05492247e-02 -8.78908839e-02 -9.94729378e-02 -8.14173924e-02 -3.38129393e-02 3.79123448e-02 1.22433064e-01 2.05744735e-01 2.77610006e-01 3.33683221e-01 3.74255848e-01 4.01168853e-01 4.15805705e-01 4.18916023e-01 4.10172559e-01 3.88075010e-01 3.50580872e-01 2.95485197e-01 2.22155569e-01 1.33173446e-01 3.53488457e-02 -6.15249134e-02 -1.47984365e-01 -2.17890756e-01 -2.68984464e-01 -3.02059400e-01 -3.18707097e-01 -3.21123079e-01 -3.10692397e-01 -2.88778512e-01 -2.55678759e-01 -2.11175564e-01 -1.53856358e-01 -8.42444763e-02 -7.13193026e-03 6.66824926e-02 1.24685012e-01 1.57691732e-01 1.61775384e-01 1.36803972e-01 8.57180172e-02 1.49882527e-02 -6.68644501e-02 -1.52013013e-01 -2.35637379e-01 -3.13502366e-01 -3.81103655e-01 -4.33500325e-01 -4.69426618e-01 -4.90216309e-01 -4.97764505e-01 -4.91409194e-01 -4.68784386e-01 -4.33797371e-01 -3.99042400e-01 -3.62725749e-01 -3.14108495e-01 -2.70921973e-01 -2.23172354e-01 -1.47005701e-01 -5.37975936e-02 5.52413361e-02 1.17148523e-01 1.55792604e-01 1.22917613e-01 7.80620645e-02 5.16642827e-03 -4.30077881e-02 -7.80037768e-02 -7.55016504e-02 -4.30143992e-02 -2.35747336e-02 -1.27394368e-02 -4.71838855e-03 -6.01748279e-02 -7.37761161e-02 -1.16449926e-01 -5.82816909e-01
1.16000000e+01 -4.32461403e-01 -9.70288462e-02 -4.46348553e-02 9.18431074e-03 1.04013542e-01 1.79729339e-01 2.65551171e-01 3.34759899e-01 3.77994020e-01 4.23298422e-01 4.63691115e-01 4.83636600e-01 4.84546928e-01 4.71536516e-01 4.45687055e-01 4.05615961e-01 3.51411073e-01 2.86381579e-01 2.15246451e-01 1.41919272e-01 6.90889282e-02 8.17340054e-04 -5.61434462e-02 -9.37122246e-02 -1.05319942e-01 -8.73743831e-02 -3.99403475e-02 3.19500777e-02 1.17445949e-01 2.02547695e-01 2.76541558e-01 3.34454454e-01 3.76221943e-01 4.03718470e-01 4.18440393e-01 4.21338420e-01 4.12211029e-01 3.89602809e-01 3.51530820e-01 2.95825360e-01 2.21946835e-01 1.32538354e-01 3.44576407e-02 -6.25608674e-02 -1.49149955e-01 -2.19302677e-01 -2.70755703e-01 -3.04291593e-01 -3.21388029e-01 -3.24184157e-01 -3.13870617e-01 -2.91634658e-01 -2.57545861e-01 -2.11333685e-01 -1.51729287e-01 -7.98374839e-02 -1.09238745e-03 7.33486925e-02 1.31238561e-01 1.63943247e-01 1.67877863e-01 1.42878665e-01 9.15255239e-02 1.97755408e-02 -6.41542216e-02 -1.52109166e-01 -2.38495829e-01 -3.18238426e-01 -3.86561077e-01 -4.38756940e-01 -4.74189175e-01 -4.94570165e-01 -5.01882880e-01 -4.95357264e-01 -4.72819102e-01 -4.38943227e-01 -4.05686221e-01 -3.68509355e-01 -3.17968844e-01 -2.72969215e-01 -2.20167151e-01 -1.40331987e-01 -4.36052308e-02 6.46638962e-02 1.26343130e-01 1.64080184e-01 1.32407402e-01 8.77914526e-02 1.52703400e-02 -3.64898823e-02 -7.40921772e-02 -7.32321968e-02 -4.09272735e-02 -2.60190435e-02 -1.65380035e-02 -1.00015722e-02 -6.94575106e-02 -8.15875475e-02 -1.30707179e-01 -5.95569107e-01
1.17000000e+01 -4.39805762e-01 -1.05446663e-01 -4.93865567e-02 3.91733169e-03 1.02492764e-01 1.81055510e-01 2.67944308e-01 3.40407342e-01 3.83829338e-01 4.27105363e-01 4.67001449e-01 4.87468210e-01 4.88822897e-01 4.76133884e-01 4.50723996e-01 4.11059718e-01 3.56780332e-01 2.90738321e-01 2.17554646e-01 1.41587006e-01 6.62576933e-02 -3.76656851e-03 -6.15627053e-02 -9.93386145e-02 -1.10962942e-01 -9.31206310e-02 -4.58690721e-02 2.61306722e-02 1.12508299e-01 1.99304398e-01 2.75366566e-01 3.35098237e-01 3.78059844e-01 4.06152863e-01 4.20968226e-01 4.23653414e-01 4.14133331e-01 3.90996539e-01 3.52329661e-01 2.96008971e-01 2.21606083e-01 1.31830728e-01 3.35793671e-02 -6.35040444e-02 -1.50170542e-01 -2.20555125e-01 -2.72373139e-01 -3.06386208e-01 -3.23944218e-01 -3.27131836e-01 -3.16937907e-01 -2.94379285e-01 -2.59302644e-01 -2.11391605e-01 -1.49529723e-01 -7.54243923e-02 4.86313818e-03 7.98520820e-02 1.37592749e-01 1.69991217e-01 1.73777663e-01 1.48750463e-01 9.71446289e-02 2.44184716e-02 -6.15269412e-02 -1.52221263e-01 -2.41303842e-01 -3.22856893e-01 -3.91856158e-01 -4.43844161e-01 -4.78808058e-01 -4.98801882e-01 -5.05877463e-01 -4.99170393e-01 -4.76751804e-01 -4.44064291e-01 -4.12234205e-01 -3.74077380e-01 -3.21804791e-01 -2.74921037e-01 -2.17019383e-01 -1.33709987e-01 -3.34852373e-02 7.36231856e-02 1.35455314e-01 1.71897406e-01 1.41878559e-01 9.71821275e-02 2.53767294e-02 -3.00109046e-02 -6.98883685e-02 -7.06614899e-02 -3.90084257e-02 -2.84998833e-02 -2.02668137e-02 -1.57656254e-02 -7.87828386e-02 -8.93132961e-02 -1.44874692e-01 -6.07815118e-01
1.18000000e+01 -4.46771019e-01 -1.13702369e-01 -5.39393849e-02 -1.18484977e-03 1.00814216e-01 1.82483339e-01 2.70176209e-01 3.45736917e-01 3.89645480e-01 4.30903003e-01 4.70166957e-01 4.91132094e-01 4.92970942e-01 4.80610181e-01 4.55621412e-01 4.16354239e-01 3.62023100e-01 2.95023289e-01 2.19849428e-01 1.41295673e-01 6.35202247e-02 -8.20778949e-03 -6.68030843e-02 -1.04769126e-01 -1.16402986e-01 -9.86570988e-02 -5.15976350e-02 2.04590295e-02 1.07626222e-01 1.96018113e-01 2.74083818e-01 3.35610482e-01 3.79764915e-01 4.08468567e-01 4.23387557e-01 4.25860270e-01 4.15939431e-01 3.92256566e-01 3.52978270e-01 2.96037421e-01 2.21135285e-01 1.31052336e-01 3.27149675e-02 -6.43550398e-02 -1.51047692e-01 -2.21650190e-01 -2.73838359e-01 -3.08344311e-01 -3.26375749e-01 -3.29965252e-01 -3.19891418e-01 -2.97007186e-01 -2.60943884e-01 -2.11345852e-01 -1.47258462e-01 -7.10108388e-02 1.07275098e-02 8.61882417e-02 1.43747104e-01 1.75837247e-01 1.79476015e-01 1.54418309e-01 1.02570632e-01 2.89099466e-02 -5.89881217e-02 -1.52348895e-01 -2.44054462e-01 -3.27348688e-01 -3.96982042e-01 -4.48760567e-01 -4.83285091e-01 -5.02913449e-01 -5.09749443e-01 -5.02852610e-01 -4.80591594e-01 -4.49161353e-01 -4.18665641e-01 -3.79423951e-01 -3.25617582e-01 -2.76752313e-01 -2.13748963e-01 -1.27136128e-01 -2.34756737e-02 8.21385423e-02 1.44469360e-01 1.79271543e-01 1.51313735e-01 1.06249255e-01 3.54502636e-02 -2.35548387e-02 -6.53929542e-02 -6.77885575e-02 -3.72943649e-02 -3.09856620e-02 -2.39263350e-02 -2.20269744e-02 -8.81174368e-02 -9.69697014e-02 -1.58925600e-01 -6.19570639e-01
1.19000000e+01 -4.53362228e-01 -1.21784670e-01 -5.83033748e-02 -6.09192415e-03 9.89722844e-02 1.83993081e-01 2.72273032e-01 3.50726243e-01 3.95416966e-01 4.34702244e-01 4.73200618e-01 4.94629044e-01 4.96990696e-01 4.84966986e-01 4.60379919e-01 4.21496616e-01 3.67131918e-01 2.99228533e-01 2.22126143e-01 1.41046459e-01 6.08819845e-02 -1.25002822e-02 -7.18608296e-02 -1.10002894e-01 -1.21641126e-01 -1.03984865e-01 -5.71248775e-02 1.49396984e-02 1.02805735e-01 1.92692360e-01 2.72692461e-01 3.35987282e-01 3.81332693e-01 4.10662033e-01 4.25696641e-01 4.27958201e-01 4.17629252e-01 3.93383305e-01 3.53477686e-01 2.95912371e-01 2.20536729e-01 1.30205145e-01 3.18653506e-02 -6.51146986e-02 -1.51783253e-01 -2.22590181e-01 -2.75153068e-01 -3.10167006e-01 -3.28682700e-01 -3.32683520e-01 -3.22728315e-01 -2.99513080e-01 -2.62464508e-01 -2.11193166e-01 -1.44916559e-01 -6.66025949e-02 1.64937465e-02 9.23531168e-02 1.49701356e-01 1.81482948e-01 1.84974110e-01 1.59881234e-01 1.07799082e-01 3.32430957e-02 -5.65431331e-02 -1.52491609e-01 -2.46740731e-01 -3.31705074e-01 -4.01932158e-01 -4.53505066e-01 -4.87622015e-01 -5.06906671e-01 -5.13500027e-01 -5.06408358e-01 -4.84347647e-01 -4.54233767e-01 -4.24960016e-01 -3.84545804e-01 -3.29405814e-01 -2.78439015e-01 -2.10377021e-01 -1.20605657e-01 -1.36171386e-02 9.02354877e-02 1.53362905e-01 1.86237080e-01 1.60688863e-01 1.15013357e-01 4.54531025e-02 -1.71028335e-02 -6.06093287e-02 -6.46172770e-02 -3.58144460e-02 -3.34461301e-02 -2.75231428e-02 -2.87931531e-02 -9.74305801e-02 -1.04573258e-01 -1.72833341e-01 -6.30852038e-01
1.20000000e+01 -4.59584454e-01 -1.29682406e-01 -6.24884393e-02 -1.07766771e-02 9.69668047e-02 1.85560582e-01 2.74260811e-01 3.55357955e-01 4.01116161e-01 4.38512055e-01 4.76116233e-01 4.97960486e-01 5.00881679e-01 4.89205649e-01 4.65000164e-01 4.26484261e-01 3.72099602e-01 3.03346227e-01 2.24380086e-01 1.40840485e-01 5.83482907e-02 -1.66381694e-02 -7.67323598e-02 -1.15039107e-01 -1.26678402e-01 -1.09105102e-01 -6.24499503e-02 9.57685900e-03 9.80527326e-02 1.89330884e-01 2.71191988e-01 3.36224946e-01 3.82758888e-01 4.12729617e-01 4.27893615e-01 4.29946393e-01 4.19202673e-01 3.94377223e-01 3.53829120e-01 2.95635752e-01 2.19813011e-01 1.29291309e-01 3.10313873e-02 -6.57841095e-02 -1.52379350e-01 -2.23377619e-01 -2.76319088e-01 -3.11855444e-01 -3.30865158e-01 -3.35285703e-01 -3.25445789e-01 -3.01891583e-01 -2.63859637e-01 -2.10930510e-01 -1.42505329e-01 -6.22055254e-02 2.21550549e-02 9.83430266e-02 1.55455424e-01 1.86929918e-01 1.90273100e-01 1.65138346e-01 1.12825783e-01 3.74113207e-02 -5.41971598e-02 -1.52648889e-01 -2.49355713e-01 -3.35917710e-01 -4.06700232e-01 -4.58076881e-01 -4.91820468e-01 -5.10783171e-01 -5.17130492e-01 -5.09842503e-01 -4.88029071e-01 -4.59279396e-01 -4.31097324e-01 -3.89442135e-01 -3.33165241e-01 -2.79958814e-01 -2.06925215e-01 -1.14113355e-01 -3.95169388e-03 9.79446033e-02 1.62107987e-01 1.92834571e-01 1.69974195e-01 1.23499279e-01 5.53460109e-02 -1.06340115e-02 -5.55434239e-02 -6.11565488e-02 -3.45901429e-02 -3.58532859e-02 -3.10695478e-02 -3.60625069e-02 -1.06694856e-01 -1.12140004e-01 -1.86572157e-01 -6.41676117e-01
1.21000000e+01 -4.65442651e-01 -1.37384803e-01 -6.65038780e-02 -1.52155455e-02 9.48030523e-02 1.87158031e-01 2.76164531e-01 3.59620001e-01 4.06713719e-01 4.42339256e-01 4.78928245e-01 5.01128573e-01 5.04643343e-01 4.93327267e-01 4.69482828e-01 4.31314867e-01 3.76919297e-01 3.07368690e-01 2.26606505e-01 1.40678781e-01 5.59242978e-02 -2.06157540e-02 -8.14142678e-02 -1.19876993e-01 -1.31515831e-01 -1.14019064e-01 -6.75723016e-02 4.37431210e-03 9.33729519e-02 1.85937643e-01 2.69582236e-01 3.36320046e-01 3.84039369e-01 4.14667585e-01 4.29976463e-01 4.31824014e-01 4.20659528e-01 3.95238831e-01 3.54033955e-01 2.95209777e-01 2.18967036e-01 1.28313174e-01 3.02139041e-02 -6.63645998e-02 -1.52838384e-01 -2.24015245e-01 -2.77338365e-01 -3.13410812e-01 -3.32923232e-01 -3.37770780e-01 -3.28041074e-01 -3.04137202e-01 -2.65124628e-01 -2.10555064e-01 -1.40026352e-01 -5.78255462e-02 2.77048565e-02 1.04154671e-01 1.61009411e-01 1.92179747e-01 1.95374094e-01 1.70188836e-01 1.17646805e-01 4.14083350e-02 -5.19551758e-02 -1.52820158e-01 -2.51892532e-01 -3.39978692e-01 -4.11280308e-01 -4.62475527e-01 -4.95881947e-01 -5.14544378e-01 -5.20642226e-01 -5.13160321e-01 -4.91644763e-01 -4.64294605e-01 -4.37058376e-01 -3.94114389e-01 -3.36888670e-01 -2.81291633e-01 -2.03415051e-01 -1.07654277e-01 5.47828639e-03 1.05300248e-01 1.70672313e-01 1.99109276e-01 1.79135551e-01 1.31735019e-01 6.50895503e-02 -4.12634573e-03 -5.02034404e-02 -5.74203246e-02 -3.36345480e-02 -3.81822120e-02 -3.45830571e-02 -4.38241488e-02 -1.15886678e-01 -1.19684952e-01 -2.00117588e-01 -6.52059880e-01
1.22000000e+01 -4.70941559e-01 -1.44881727e-01 -7.03579476e-02 -1.93890467e-02 9.24915630e-02 1.88754810e-01 2.78007272e-01 3.63505804e-01 4.12179088e-01 4.46188331e-01 4.81651519e-01 5.04136248e-01 5.08275110e-01 4.97332678e-01 4.73828621e-01 4.35986339e-01 3.81584539e-01 3.11288410e-01 2.28800614e-01 1.40562274e-01 5.36149852e-02 -2.44275269e-02 -8.59033345e-02 -1.24515817e-01 -1.36154400e-01 -1.18728064e-01 -7.24916582e-02 -6.64523037e-04 8.87719443e-02 1.82516788e-01 2.67863380e-01 3.36269470e-01 3.85170163e-01 4.16472132e-01 4.31943017e-01 4.33590226e-01 4.21999602e-01 3.95968664e-01 3.54093750e-01 2.94636942e-01 2.18002011e-01 1.27273270e-01 2.94136857e-02 -6.68577227e-02 -1.53163027e-01 -2.24506016e-01 -2.78212962e-01 -3.14834330e-01 -3.34857075e-01 -3.40137593e-01 -3.30511449e-01 -3.06244342e-01 -2.66255117e-01 -2.10064249e-01 -1.37481503e-01 -5.34685858e-02 3.31368154e-02 1.09785130e-01 1.66363598e-01 1.97234002e-01 2.00278156e-01 1.75031968e-01 1.22258485e-01 4.52281940e-02 -4.98219318e-02 -1.53004764e-01 -2.54344417e-01 -3.43880564e-01 -4.15666796e-01 -4.66700772e-01 -4.99807784e-01 -5.18191518e-01 -5.24036747e-01 -5.16367492e-01 -4.95203249e-01 -4.69274275e-01 -4.42825119e-01 -3.98565973e-01 -3.40565957e-01 -2.82420110e-01 -1.99867253e-01 -1.01224476e-01 1.46313057e-02 1.12339167e-01 1.79020666e-01 2.05109629e-01 1.88135721e-01 1.39750445e-01 7.46453088e-02 2.44242828e-03 -4.45995729e-02 -5.34274845e-02 -3.29521106e-02 -4.04118140e-02 -3.80856879e-02 -5.20581675e-02 -1.24986636e-01 -1.27221589e-01 -2.13446923e-01 -6.62020301e-01
1.23000000e+01 -4.76085629e-01 -1.52163915e-01 -7.40575051e-02 -2.32820708e-02 9.00477935e-02 1.90318431e-01 2.79809396e-01 3.67014283e-01 4.17481052e-01 4.50061311e-01 4.84301082e-01 5.06987286e-01 5.11776411e-01 5.01222449e-01 4.78038289e-01 4.40496733e-01 3.86089320e-01 3.15098074e-01 2.30957620e-01 1.40491787e-01 5.14251290e-02 -2.80681711e-02 -9.01965556e-02 -1.28954871e-01 -1.40595051e-01 -1.23233465e-01 -7.72080047e-02 -5.53660841e-03 8.42550389e-02 1.79072641e-01 2.66035922e-01 3.36070458e-01 3.86147479e-01 4.18139401e-01 4.33790968e-01 4.35244202e-01 4.23222635e-01 3.96567261e-01 3.54010227e-01 2.93920019e-01 2.16921439e-01 1.26174299e-01 2.86314769e-02 -6.72652446e-02 -1.53356214e-01 -2.24853092e-01 -2.78945053e-01 -3.16127252e-01 -3.36666901e-01 -3.42384807e-01 -3.32854240e-01 -3.08207357e-01 -2.67247020e-01 -2.09455747e-01 -1.34872969e-01 -4.91405518e-02 3.84448710e-02 1.15231863e-01 1.71518426e-01 2.02094208e-01 2.04986281e-01 1.79667068e-01 1.26657430e-01 4.88653093e-02 -4.78019326e-02 -1.53201964e-01 -2.56704770e-01 -3.47616315e-01 -4.19854536e-01 -4.70752576e-01 -5.03599129e-01 -5.21725632e-01 -5.27315741e-01 -5.19470065e-01 -4.98712533e-01 -4.74211847e-01 -4.48380957e-01 -4.02801886e-01 -3.44184087e-01 -2.83329977e-01 -1.96301181e-01 -9.48216859e-02 2.34679246e-02 1.19099044e-01 1.87116439e-01 2.10885594e-01 1.96935967e-01 1.47575985e-01 8.39771267e-02 9.09389399e-03 -3.87437417e-02 -4.92015565e-02 -3.25386210e-02 -4.25254390e-02 -4.16031562e-02 -6.07360767e-02 -1.33979676e-01 -1.34761450e-01 -2.26539616e-01 -6.71574103e-01
1.24000000e+01 -4.80878953e-01 -1.59223162e-01 -7.76077192e-02 -2.68840296e-02 8.74916366e-02 1.91815515e-01 2.81587842e-01 3.70149739e-01 4.22588307e-01 4.53957700e-01 4.86891838e-01 5.09686329e-01 5.15146734e-01 5.04996877e-01 4.82112602e-01 4.44844212e-01 3.90428141e-01 3.18790579e-01 2.33072729e-01 1.40468017e-01 4.93592498e-02 -3.15325673e-02 -9.42911602e-02 -1.33193463e-01 -1.44838667e-01 -1.27536656e-01 -8.17215667e-02 -1.02392888e-02 7.98273082e-02 1.75609661e-01 2.64100702e-01 3.35720607e-01 3.86967737e-01 4.19665521e-01 4.35517872e-01 4.36785107e-01 4.24328341e-01 3.97035166e-01 3.53785270e-01 2.93062065e-01 2.15729103e-01 1.25019120e-01 2.78679759e-02 -6.75891411e-02 -1.53421132e-01 -2.25059831e-01 -2.79536920e-01 -3.17290869e-01 -3.38352992e-01 -3.44510887e-01 -3.35066808e-01 -3.10020602e-01 -2.68096517e-01 -2.08727527e-01 -1.32203249e-01 -4.48473055e-02 4.36232739e-02 1.20492689e-01 1.76474473e-01 2.06761823e-01 2.09499377e-01 1.84093505e-01 1.30840522e-01 5.23144516e-02 -4.58993930e-02 -1.53410901e-01 -2.58967222e-01 -3.51179361e-01 -4.23838868e-01 -4.74631014e-01 -5.07256966e-01 -5.25147602e-01 -5.30481088e-01 -5.22474408e-01 -5.02179945e-01 -4.79099376e-01 -4.53711001e-01 -4.06828341e-01 -3.47727349e-01 -2.84010323e-01 -1.92734339e-01 -8.84459332e-02 3.19518810e-02 1.25617052e-01 1.94923188e-01 2.16486984e-01 2.05497568e-01 1.55241306e-01 9.30522704e-02 1.58480614e-02 -3.26493447e-02 -4.47702883e-02 -3.23814399e-02 -4.45113540e-02 -4.51639663e-02 -6.98214894e-02 -1.42855109e-01 -1.42313785e-01 -2.39377641e-01 -6.80737555e-01
1.25000000e+01 -4.85325200e-01 -1.66052492e-01 -8.10118545e-02 -3.01888695e-02 8.48468099e-02 1.93212792e-01 2.83355539e-01 3.72921614e-01 4.27470046e-01 4.57874443e-01 4.89438245e-01 5.12238899e-01 5.18385668e-01 5.08655993e-01 4.86052322e-01 4.49027039e-01 3.94596065e-01 3.22359039e-01 2.35141162e-01 1.40491515e-01 4.74215660e-02 -3.48158105e-02 -9.81845991e-02 -1.37230900e-01 -1.48886062e-01 -1.31639052e-01 -8.60327951e-02 -1.47702912e-02 7.54935441e-02 1.72132432e-01 2.62058913e-01 3.35217862e-01 3.87627571e-01 4.21046626e-01 4.37121099e-01 4.38212051e-01 4.25316434e-01 3.97372915e-01 3.53420920e-01 2.92066422e-01 2.14429068e-01 1.23810745e-01 2.71238333e-02 -6.78315901e-02 -1.53361220e-01 -2.25129782e-01 -2.79990951e-01 -3.18326514e-01 -3.39915669e-01 -3.46514091e-01 -3.37146522e-01 -3.11678487e-01 -2.68800015e-01 -2.07877848e-01 -1.29475125e-01 -4.05946484e-02 4.86666196e-02 1.25565776e-01 1.81232434e-01 2.11238211e-01 2.13818245e-01 1.88310683e-01 1.34804931e-01 5.55707565e-02 -4.41181837e-02 -1.53630576e-01 -2.61125672e-01 -3.54563546e-01 -4.27615678e-01 -4.78336217e-01 -5.10782149e-01 -5.28458146e-01 -5.33534904e-01 -5.25387146e-01 -5.05611990e-01 -4.83927636e-01 -4.58802222e-01 -4.10652429e-01 -3.51177601e-01 -2.84453771e-01 -1.89181971e-01 -8.21000543e-02 4.00511154e-02 1.31928448e-01 2.02406173e-01 2.21961770e-01 2.13783339e-01 1.62774059e-01 1.01842512e-01 2.27225321e-02 -2.63310420e-02 -4.01650825e-02 -3.24599716e-02 -4.63630721e-02 -4.87984306e-02 -7.92709942e-02 -1.51606451e-01 -1.49885326e-01 -2.51945785e-01 -6.89526311e-01
1.26000000e+01 -4.89427554e-01 -1.72646281e-01 -8.42711430e-02 -3.31949575e-02 8.21401371e-02 1.94478086e-01 2.85120943e-01 3.75344114e-01 4.32096533e-01 4.61805917e-01 4.91953996e-01 5.14651397e-01 5.21492948e-01 5.12199585e-01 4.89858138e-01 4.53043604e-01 3.98588744e-01 3.25796816e-01 2.37158180e-01 1.40562682e-01 4.56159727e-02 -3.79132408e-02 -1.01874515e-01 -1.41066488e-01 -1.52737977e-01 -1.35542089e-01 -9.01423533e-02 -1.91277172e-02 7.12582466e-02 1.68645648e-01 2.59912106e-01 3.34560508e-01 3.88123851e-01 4.22278872e-01 4.38597789e-01 4.39524047e-01 4.26186661e-01 3.97581040e-01 3.52919381e-01 2.90936724e-01 2.13025688e-01 1.22552351e-01 2.63996634e-02 -6.79949545e-02 -1.53180174e-01 -2.25066681e-01 -2.80309647e-01 -3.19235580e-01 -3.41355252e-01 -3.48392486e-01 -3.39090695e-01 -3.13175522e-01 -2.69354149e-01 -2.06905265e-01 -1.26691635e-01 -3.63883122e-02 5.35698728e-02 1.30449630e-01 1.85793104e-01 2.15524635e-01 2.17943585e-01 1.92318032e-01 1.38548113e-01 5.86297406e-02 -4.24617904e-02 -1.53859841e-01 -2.63174322e-01 -3.57763144e-01 -4.31181423e-01 -4.81868316e-01 -5.14175411e-01 -5.31657775e-01 -5.36479577e-01 -5.28215103e-01 -5.09014225e-01 -4.88686275e-01 -4.63643528e-01 -4.14281824e-01 -3.54514620e-01 -2.84656531e-01 -1.85656763e-01 -7.57900914e-02 4.77386659e-02 1.38065268e-01 2.09533822e-01 2.27354493e-01 2.21759075e-01 1.70198711e-01 1.10325066e-01 2.97317486e-02 -1.98045773e-02 -3.54203060e-02 -3.27463686e-02 -4.80795189e-02 -5.25376513e-02 -8.90352031e-02 -1.60231119e-01 -1.57480152e-01 -2.64231866e-01 -6.97955263e-01
1.27000000e+01 -4.93188680e-01 -1.79000351e-01 -8.73847350e-02 -3.59048446e-02 7.94007482e-02 1.95581245e-01 2.86887708e-01 3.77435688e-01 4.36439674e-01 4.65743927e-01 4.94451754e-01 5.16931108e-01 5.24468477e-01 5.15627247e-01 4.93530579e-01 4.56892467e-01 4.02402412e-01 3.29097557e-01 2.39119124e-01 1.40681752e-01 4.39460367e-02 -4.08204819e-02 -1.05358717e-01 -1.44699535e-01 -1.56395076e-01 -1.39247225e-01 -9.40511076e-02 -2.33100327e-02 6.71256203e-02 1.65154106e-01 2.57662179e-01 3.33747165e-01 3.88453704e-01 4.23358468e-01 4.39944819e-01 4.40719969e-01 4.26938826e-01 3.97660053e-01 3.52282995e-01 2.89676884e-01 2.11523585e-01 1.21247271e-01 2.56960539e-02 -6.80817666e-02 -1.52881935e-01 -2.24874441e-01 -2.80495629e-01 -3.20019523e-01 -3.42672007e-01 -3.50143992e-01 -3.40896505e-01 -3.14506377e-01 -2.69755786e-01 -2.05808627e-01 -1.23856044e-01 -3.22339413e-02 5.83283785e-02 1.35143079e-01 1.90157385e-01 2.19622256e-01 2.21875999e-01 1.96115004e-01 1.42067798e-01 6.14873207e-02 -4.09332912e-02 -1.54097413e-01 -2.65107700e-01 -3.60772867e-01 -4.34533143e-01 -4.85227421e-01 -5.17437340e-01 -5.34746796e-01 -5.39317797e-01 -5.30965227e-01 -5.12391151e-01 -4.93364000e-01 -4.68225821e-01 -4.17724469e-01 -3.57716524e-01 -2.84618359e-01 -1.82168674e-01 -6.95255496e-02 5.49934031e-02 1.44055187e-01 2.16279044e-01 2.32704785e-01 2.29394860e-01 1.77535540e-01 1.18483363e-01 3.68863536e-02 -1.30866407e-02 -3.05724896e-02 -3.32064490e-02 -4.96650331e-02 -5.64124943e-02 -9.90599417e-02 -1.68729981e-01 -1.65099661e-01 -2.76226886e-01 -7.06038442e-01
1.28000000e+01 -4.96610648e-01 -1.85112021e-01 -9.03497226e-02 -3.83249095e-02 7.66592301e-02 1.96494987e-01 2.88654509e-01 3.79218406e-01 4.40473594e-01 4.69677751e-01 4.96942982e-01 5.19086215e-01 5.27312354e-01 5.18938432e-01 4.97069945e-01 4.60572385e-01 4.06033859e-01 3.32255232e-01 2.41019467e-01 1.40848777e-01 4.24149875e-02 -4.35334784e-02 -1.08635173e-01 -1.48129374e-01 -1.59857931e-01 -1.42755932e-01 -9.77601198e-02 -2.73160599e-02 6.30995669e-02 1.61662675e-01 2.55311350e-01 3.32776784e-01 3.88614520e-01 4.24281719e-01 4.41158799e-01 4.41798515e-01 4.27572805e-01 3.97610456e-01 3.51514236e-01 2.88291074e-01 2.09927638e-01 1.19898976e-01 2.50135572e-02 -6.80947286e-02 -1.52470698e-01 -2.24557136e-01 -2.80551670e-01 -3.20679845e-01 -3.43866135e-01 -3.51766438e-01 -3.42560913e-01 -3.15665962e-01 -2.70002030e-01 -2.04587083e-01 -1.20971830e-01 -2.81370724e-02 6.29378671e-02 1.39645268e-01 1.94326289e-01 2.23532139e-01 2.25615982e-01 1.99701076e-01 1.45361985e-01 6.41398305e-02 -3.95353433e-02 -1.54341897e-01 -2.66920687e-01 -3.63587868e-01 -4.37668489e-01 -4.88413602e-01 -5.20568352e-01 -5.37725344e-01 -5.42052590e-01 -5.33644487e-01 -5.15746135e-01 -4.97948744e-01 -4.72542088e-01 -4.20988198e-01 -3.60760234e-01 -2.84342409e-01 -1.78724872e-01 -6.33194996e-02 6.18005696e-02 1.49920561e-01 2.22620370e-01 2.38046094e-01 2.36666207e-01 1.84799813e-01 1.26307607e-01 4.41926791e-02 -6.19477651e-03 -2.56594406e-02 -3.38007931e-02 -5.11292011e-02 -6.04525857e-02 -1.09287540e-01 -1.77106784e-01 -1.72742632e-01 -2.87925094e-01 -7.13788919e-01
1.29000000e+01 -4.99694868e-01 -1.90980097e-01 -9.31612431e-02 -4.04649004e-02 7.39467510e-02 1.97195658e-01 2.90415069e-01 3.80717286e-01 4.44175237e-01 4.73594229e-01 4.99437798e-01 5.21125783e-01 5.30024866e-01 5.22132498e-01 5.00476283e-01 4.64082317e-01 4.09480385e-01 3.35264175e-01 2.42854854e-01 1.41063590e-01 4.10257028e-02 -4.60485224e-02 -1.11701996e-01 -1.51355367e-01 -1.63127020e-01 -1.46069683e-01 -1.01270643e-01 -3.11449698e-02 5.91836738e-02 1.58176256e-01 2.52862130e-01 3.31648662e-01 3.88603946e-01 4.25045062e-01 4.42236069e-01 4.42758177e-01 4.28088547e-01 3.97432750e-01 3.50615715e-01 2.86783736e-01 2.08242965e-01 1.18511057e-01 2.43526743e-02 -6.80367199e-02 -1.51950912e-01 -2.24119001e-01 -2.80480724e-01 -3.21218057e-01 -3.44937788e-01 -3.53257625e-01 -3.44080600e-01 -3.16649535e-01 -2.70090228e-01 -2.03240094e-01 -1.18042669e-01 -2.41031170e-02 6.73944670e-02 1.43955653e-01 1.98300940e-01 2.27255248e-01 2.29163904e-01 2.03075741e-01 1.48428944e-01 6.65840408e-02 -3.82701647e-02 -1.54591820e-01 -2.68608563e-01 -3.66203767e-01 -4.40585761e-01 -4.91426877e-01 -5.23568686e-01 -5.40593427e-01 -5.44687303e-01 -5.36259774e-01 -5.19081351e-01 -5.02427838e-01 -4.76587492e-01 -4.24080300e-01 -3.63621971e-01 -2.83834986e-01 -1.75329799e-01 -5.71885202e-02 6.81521050e-02 1.55677705e-01 2.28542867e-01 2.43404635e-01 2.43554973e-01 1.92001190e-01 1.33795128e-01 5.16523852e-02 8.52663468e-04 -2.07192977e-02 -3.44859883e-02 -5.24865285e-02 -6.46853586e-02 -1.19658184e-01 -1.85367496e-01 -1.80405384e-01 -2.99323979e-01 -7.21218743e-01
1.30000000e+01 -5.02442071e-01 -1.96604841e-01 -9.58126872e-02 -4.23373969e-02 7.12941810e-02 1.97663896e-01 2.92158353e-01 3.81959551e-01 4.47524902e-01 4.77477915e-01 5.01944790e-01 5.23059687e-01 5.32606495e-01 5.25208730e-01 5.03749380e-01 4.67421437e-01 4.12739777e-01 3.38119123e-01 2.44621137e-01 1.41325784e-01 3.97806979e-02 -4.83622708e-02 -1.14557438e-01 -1.54376902e-01 -1.66202735e-01 -1.49189943e-01 -1.04584118e-01 -3.47962741e-02 5.53812079e-02 1.54699746e-01 2.50317314e-01 3.30362460e-01 3.88419868e-01 4.25645109e-01 4.43172691e-01 4.43597237e-01 4.28486043e-01 3.97127466e-01 3.49590180e-01 2.85159590e-01 2.06474928e-01 1.17087222e-01 2.37138513e-02 -6.79107926e-02 -1.51327289e-01 -2.23564424e-01 -2.80285974e-01 -3.21635598e-01 -3.45887108e-01 -3.54615350e-01 -3.45451919e-01 -3.17452763e-01 -2.70017962e-01 -2.01767442e-01 -1.15072406e-01 -2.01373443e-02 7.16947235e-02 1.48073990e-01 2.02082563e-01 2.30792439e-01 2.32519992e-01 2.06238504e-01 1.51267230e-01 6.88171831e-02 -3.71395050e-02 -1.54845651e-01 -2.70167042e-01 -3.68616667e-01 -4.43283942e-01 -4.94267184e-01 -5.26438423e-01 -5.43350968e-01 -5.47225591e-01 -5.38817833e-01 -5.22397736e-01 -5.06788195e-01 -4.80359430e-01 -4.27007103e-01 -3.66277785e-01 -2.83105219e-01 -1.71985327e-01 -5.11524786e-02 7.40467456e-02 1.61336414e-01 2.34038798e-01 2.48798611e-01 2.50050029e-01 1.99143378e-01 1.40950485e-01 5.92622576e-02 8.03652673e-03 -1.57895582e-02 -3.52159825e-02 -5.37559603e-02 -6.91351762e-02 -1.30111291e-01 -1.93519573e-01 -1.88082009e-01 -3.10424179e-01 -7.28338911e-01
1.31000000e+01 -5.04852383e-01 -2.01987885e-01 -9.82959885e-02 -4.39572127e-02 6.87312430e-02 1.97885143e-01 2.93868903e-01 3.82973794e-01 4.50506687e-01 4.81311263e-01 5.04470830e-01 5.24898488e-01 5.35057950e-01 5.28166352e-01 5.06888762e-01 4.70589130e-01 4.15810292e-01 3.40815239e-01 2.46314414e-01 1.41634703e-01 3.86821172e-02 -5.04717613e-02 -1.17199874e-01 -1.57193393e-01 -1.69085383e-01 -1.52118167e-01 -1.07702163e-01 -3.82698144e-02 5.16951157e-02 1.51238013e-01 2.47679975e-01 3.28918216e-01 3.88060413e-01 4.26078679e-01 4.43964469e-01 4.44313756e-01 4.28765283e-01 3.96695197e-01 3.48440516e-01 2.83423634e-01 2.04629130e-01 1.15631294e-01 2.30974915e-02 -6.77201545e-02 -1.50604806e-01 -2.22897951e-01 -2.79970876e-01 -3.21933771e-01 -3.46714277e-01 -3.55837385e-01 -3.46670864e-01 -3.18071755e-01 -2.69783033e-01 -2.00169234e-01 -1.12065050e-01 -1.62448691e-02 7.58356139e-02 1.52000315e-01 2.05672464e-01 2.34144450e-01 2.35684336e-01 2.09188883e-01 1.53875691e-01 7.08369752e-02 -3.61446120e-02 -1.55101817e-01 -2.71592300e-01 -3.70823165e-01 -4.45762701e-01 -4.96934359e-01 -5.29177512e-01 -5.45997812e-01 -5.49671395e-01 -5.41325185e-01 -5.25694976e-01 -5.11016520e-01 -4.83857507e-01 -4.29773641e-01 -3.68704102e-01 -2.82164656e-01 -1.68691029e-01 -4.52341577e-02 7.94898983e-02 1.66899753e-01 2.39107992e-01 2.54237737e-01 2.56147643e-01 2.06224036e-01 1.47785323e-01 6.70141711e-02 1.53368376e-02 -1.09061136e-02 -3.59435136e-02 -5.49602690e-02 -7.38225576e-02 -1.40586864e-01 -2.01571204e-01 -1.95764675e-01 -3.21229324e-01 -7.35159391e-01
1.32000000e+01 -5.06925367e-01 -2.07132103e-01 -1.00601949e-01 -4.53407690e-02 6.62857216e-02 1.97849994e-01 2.95527307e-01 3.83789086e-01 4.53108850e-01 4.85074867e-01 5.07020912e-01 5.26653297e-01 5.37380225e-01 5.31004525e-01 5.09893690e-01 4.73584978e-01 4.18690650e-01 3.43348122e-01 2.47931051e-01 1.41989447e-01 3.77317241e-02 -5.23744305e-02 -1.19627792e-01 -1.59804273e-01 -1.71775196e-01 -1.54855788e-01 -1.10626561e-01 -4.15657464e-02 4.81280222e-02 1.47795884e-01 2.44953462e-01 3.27316346e-01 3.87523967e-01 4.26342787e-01 4.44607032e-01 4.44905550e-01 4.28926224e-01 3.96136656e-01 3.47169704e-01 2.81581153e-01 2.02711412e-01 1.14147210e-01 2.25039634e-02 -6.74681565e-02 -1.49788710e-01 -2.22124273e-01 -2.79539172e-01 -3.22113701e-01 -3.47419568e-01 -3.56921421e-01 -3.47733087e-01 -3.18503059e-01 -2.69383446e-01 -1.98445909e-01 -1.09024762e-01 -1.24306388e-02 7.98145602e-02 1.55734923e-01 2.09072019e-01 2.37311911e-01 2.38656894e-01 2.11926401e-01 1.56253469e-01 7.26416418e-02 -3.52862030e-02 -1.55358709e-01 -2.72880997e-01 -3.72820360e-01 -4.48022366e-01 -4.99428116e-01 -5.31785788e-01 -5.48533715e-01 -5.52028938e-01 -5.43788057e-01 -5.28971492e-01 -5.15099545e-01 -4.87083442e-01 -4.32383407e-01 -3.70878267e-01 -2.81026823e-01 -1.65444530e-01 -3.94587423e-02 8.44932920e-02 1.72364102e-01 2.43757925e-01 2.59723075e-01 2.61851578e-01 2.13234939e-01 1.54317987e-01 7.48952150e-02 2.27327583e-02 -6.10233020e-03 -3.66215735e-02 -5.61253315e-02 -7.87635284e-02 -1.51026790e-01 -2.09530541e-01 -2.03443985e-01 -3.31745818e-01 -7.41689171e-01
1.33000000e+01 -5.08660033e-01 -2.12041449e-01 -1.02720593e-01 -4.65054517e-02 6.39827328e-02 1.97554409e-01 2.97110775e-01 3.84434099e-01 4.55324141e-01 4.88747732e-01 5.09598042e-01 5.28335660e-01 5.39574636e-01 5.33722347e-01 5.12763204e-01 4.76408741e-01 4.21380022e-01 3.45713812e-01 2.49467700e-01 1.42388888e-01 3.69308893e-02 -5.40681313e-02 -1.21839783e-01 -1.62208993e-01 -1.74272335e-01 -1.57404220e-01 -1.13359251e-01 -4.46845212e-02 4.46822232e-02 1.44378125e-01 2.42141392e-01 3.25557631e-01 3.86809186e-01 4.26434590e-01 4.45095963e-01 4.45370118e-01 4.28968770e-01 3.95452723e-01 3.45780768e-01 2.79637716e-01 2.00727845e-01 1.12639006e-01 2.19335992e-02 -6.71582905e-02 -1.48884531e-01 -2.21248238e-01 -2.78994861e-01 -3.22176349e-01 -3.48003353e-01 -3.57864985e-01 -3.48633935e-01 -3.18743679e-01 -2.68817402e-01 -1.96598263e-01 -1.05955856e-01 -8.69941284e-03 8.36294373e-02 1.59278348e-01 2.12282652e-01 2.40295352e-01 2.41437510e-01 2.14450581e-01 1.58399996e-01 7.42299244e-02 -3.45644514e-02 -1.55614681e-01 -2.74030305e-01 -3.74605846e-01 -4.50063883e-01 -5.01748071e-01 -5.34262981e-01 -5.50958336e-01 -5.54302705e-01 -5.46212316e-01 -5.32224432e-01 -5.19024247e-01 -4.90040917e-01 -4.34838182e-01 -3.72779075e-01 -2.79706745e-01 -1.62241937e-01 -3.38531815e-02 8.90744257e-02 1.77719473e-01 2.48003495e-01 2.65247181e-01 2.67172896e-01 2.20162387e-01 1.60572910e-01 8.28879729e-02 3.02025439e-02 -1.40820123e-03 -3.72048611e-02 -5.72793142e-02 -8.39691100e-02 -1.61376041e-01 -2.17404964e-01 -2.11109368e-01 -3.41982570e-01 -7.47936326e-01
1.34000000e+01 -5.10054871e-01 -2.16720762e-01 -1.04641548e-01 -4.74689568e-02 6.18440726e-02 1.96999779e-01 2.98593851e-01 3.84936258e-01 4.57150060e-01 4.92307550e-01 5.12203154e-01 5.29957425e-01 5.41642824e-01 5.36318872e-01 5.15496170e-01 4.79060336e-01 4.23878031e-01 3.47908810e-01 2.50921303e-01 1.42831694e-01 3.62805783e-02 -5.55511461e-02 -1.23834522e-01 -1.64406996e-01 -1.76576889e-01 -1.59764856e-01 -1.15902318e-01 -4.76268705e-02 4.13596674e-02 1.40989414e-01 2.39247644e-01 3.23643226e-01 3.85915004e-01 4.26351319e-01 4.45426919e-01 4.45704584e-01 4.28892771e-01 3.94644482e-01 3.44276727e-01 2.77599181e-01 1.98684710e-01 1.11110804e-01 2.13866897e-02 -6.67941862e-02 -1.47898094e-01 -2.20274861e-01 -2.78342130e-01 -3.22122567e-01 -3.48466072e-01 -3.58665387e-01 -3.49368513e-01 -3.18791069e-01 -2.68083296e-01 -1.94627453e-01 -1.02862783e-01 -5.05573235e-03 8.72785752e-02 1.62631350e-01 2.15305815e-01 2.43095206e-01 2.44025931e-01 2.16760950e-01 1.60314989e-01 7.56010799e-02 -3.39789860e-02 -1.55868045e-01 -2.75037931e-01 -3.76177713e-01 -4.51888755e-01 -5.03893776e-01 -5.36608715e-01 -5.53271268e-01 -5.56497425e-01 -5.48603411e-01 -5.35449668e-01 -5.22778040e-01 -4.92735385e-01 -4.37137911e-01 -3.74387251e-01 -2.78220453e-01 -1.59078326e-01 -2.84454552e-02 9.32558334e-02 1.82950070e-01 2.51866513e-01 2.70794565e-01 2.72129492e-01 2.26987838e-01 1.66579789e-01 9.09709424e-02 3.77235047e-02 3.15040935e-03 -3.76511753e-02 -5.84517907e-02 -8.94449576e-02 -1.71583753e-01 -2.25200384e-01 -2.18749491e-01 -3.51950663e-01 -7.53908096e-01
1.35000000e+01 -5.11107913e-01 -2.21175563e-01 -1.06354473e-01 -4.82486518e-02 5.98876850e-02 1.96192816e-01 2.99949193e-01 3.85320915e-01 4.58588999e-01 4.95731002e-01 5.14835067e-01 5.31530608e-01 5.43586761e-01 5.38793134e-01 5.18091331e-01 4.81539816e-01 4.26184730e-01 3.49930091e-01 2.52289087e-01 1.43316348e-01 3.57813423e-02 -5.68221939e-02 -1.25610774e-01 -1.66397709e-01 -1.78688884e-01 -1.61939066e-01 -1.18257986e-01 -5.03937974e-02 3.81619395e-02 1.37634317e-01 2.36276347e-01 3.21574662e-01 3.84840648e-01 4.26090241e-01 4.45595689e-01 4.45905703e-01 4.28697997e-01 3.93713252e-01 3.42660573e-01 2.75471686e-01 1.96588499e-01 1.09566813e-01 2.08634862e-02 -6.63795999e-02 -1.46835532e-01 -2.19209349e-01 -2.77585266e-01 -3.21953208e-01 -3.48808149e-01 -3.59319711e-01 -3.49931740e-01 -3.18643128e-01 -2.67179702e-01 -1.92535017e-01 -9.97501188e-02 -1.50388536e-03 9.07607501e-02 1.65794904e-01 2.18142972e-01 2.45711828e-01 2.46421837e-01 2.18857051e-01 1.61998436e-01 7.67548754e-02 -3.35288953e-02 -1.56117077e-01 -2.75902137e-01 -3.77534543e-01 -4.53498989e-01 -5.05864776e-01 -5.38822479e-01 -5.55472122e-01 -5.58618027e-01 -5.50966310e-01 -5.38641801e-01 -5.26348965e-01 -4.95173842e-01 -4.39280644e-01 -3.75685880e-01 -2.76584489e-01 -1.55948257e-01 -2.32637704e-02 9.70641913e-02 1.88035083e-01 2.55374932e-01 2.76342431e-01 2.76745375e-01 2.33688755e-01 1.72372578e-01 9.91190786e-02 4.52719786e-02 7.55240330e-03 -3.79227021e-02 -5.96728177e-02 -9.51911521e-02 -1.81604137e-01 -2.32920623e-01 -2.26352671e-01 -3.61662987e-01 -7.59610988e-01
1.36000000e+01 -5.11816814e-01 -2.25411841e-01 -1.07849463e-01 -4.88609983e-02 5.81272761e-02 1.95145284e-01 3.01148438e-01 3.85610572e-01 4.59648279e-01 4.98994084e-01 5.17490500e-01 5.33067211e-01 5.45408780e-01 5.41144155e-01 5.20547314e-01 4.83847356e-01 4.28300577e-01 3.51775120e-01 2.53568570e-01 1.43841167e-01 3.54333136e-02 -5.78804346e-02 -1.27167400e-01 -1.68180542e-01 -1.80608296e-01 -1.63928203e-01 -1.20428599e-01 -5.29865687e-02 3.50902503e-02 1.34317254e-01 2.33231874e-01 3.19353835e-01 3.83585648e-01 4.25648660e-01 4.45598217e-01 4.45969889e-01 4.28384076e-01 3.92660603e-01 3.40935279e-01 2.73261621e-01 1.94445915e-01 1.08011325e-01 2.03642029e-02 -6.59183973e-02 -1.45703282e-01 -2.18057112e-01 -2.76728582e-01 -3.21669242e-01 -3.49029862e-01 -3.59824840e-01 -3.50318400e-01 -3.18298183e-01 -2.66105356e-01 -1.90322878e-01 -9.66225276e-02 1.95212770e-03 9.40751660e-02 1.68770192e-01 2.20795570e-01 2.48145495e-01 2.48624855e-01 2.20738442e-01 1.63450600e-01 7.76915905e-02 -3.32127350e-02 -1.56360023e-01 -2.76621769e-01 -3.78675447e-01 -4.54897047e-01 -5.07660659e-01 -5.40903565e-01 -5.57560608e-01 -5.60669591e-01 -5.53305405e-01 -5.41794214e-01 -5.29725844e-01 -4.97364586e-01 -4.41262564e-01 -3.76660782e-01 -2.74815416e-01 -1.52846305e-01 -1.83357185e-02 1.00529296e-01 1.92949655e-01 2.58561843e-01 2.81861670e-01 2.81049728e-01 2.40239618e-01 1.77988334e-01 1.07304438e-01 5.28233208e-02 1.17819368e-02 -3.79871656e-02 -6.09720030e-02 -1.01202150e-01 -1.91397216e-01 -2.40566901e-01 -2.33907273e-01 -3.71133840e-01 -7.65050891e-01
1.37000000e+01 -5.12178901e-01 -2.29435831e-01 -1.09117444e-01 -4.93210601e-02 5.65720767e-02 1.93873560e-01 3.02163118e-01 3.85824188e-01 4.60340076e-01 5.02072470e-01 5.20164117e-01 5.34579012e-01 5.47111603e-01 5.43370971e-01 5.22862618e-01 4.85983248e-01 4.30226409e-01 3.53441880e-01 2.54757570e-01 1.44404309e-01 3.52361994e-02 -5.87254746e-02 -1.28503380e-01 -1.69754901e-01 -1.82335070e-01 -1.65733607e-01 -1.22416615e-01 -5.54067037e-02 3.21454345e-02 1.31042491e-01 2.30118828e-01 3.16982995e-01 3.82149850e-01 4.25023919e-01 4.45430612e-01 4.45893280e-01 4.27950430e-01 3.91488362e-01 3.39103842e-01 2.70975567e-01 1.92263866e-01 1.06448730e-01 1.98890115e-02 -6.54145368e-02 -1.44508087e-01 -2.16823767e-01 -2.75776389e-01 -3.21271860e-01 -3.49131220e-01 -3.60177526e-01 -3.50523191e-01 -3.17754996e-01 -2.64859134e-01 -1.87993367e-01 -9.34847333e-02 5.30862751e-03 9.72214361e-02 1.71558587e-01 2.23265014e-01 2.50396423e-01 2.50634580e-01 2.22404706e-01 1.64672006e-01 7.84120249e-02 -3.30285366e-02 -1.56595116e-01 -2.77196277e-01 -3.79600097e-01 -4.56085789e-01 -5.09281105e-01 -5.42851016e-01 -5.59536608e-01 -5.62657270e-01 -5.55624412e-01 -5.44899161e-01 -5.32898412e-01 -4.99316969e-01 -4.43078087e-01 -3.77300818e-01 -2.72929369e-01 -1.49767572e-01 -1.36874188e-02 1.03682959e-01 1.97666015e-01 2.61464278e-01 2.87318077e-01 2.85075775e-01 2.46613081e-01 1.83465954e-01 1.15496900e-01 6.03519245e-02 1.58287457e-02 -3.78188097e-02 -6.23775916e-02 -1.07466891e-01 -2.00929367e-01 -2.48137436e-01 -2.41402083e-01 -3.80378518e-01 -7.70233213e-01
1.38000000e+01 -5.12191244e-01 -2.33253810e-01 -1.10150532e-01 -4.96421040e-02 5.52267520e-02 1.92398082e-01 3.02965610e-01 3.85976616e-01 4.60681236e-01 5.04941913e-01 5.22848599e-01 5.36077332e-01 5.48698353e-01 5.45472653e-01 5.25035602e-01 4.87947919e-01 4.31963421e-01 3.54928917e-01 2.55854223e-01 1.45003774e-01 3.51892738e-02 -5.93573788e-02 -1.29617823e-01 -1.71120204e-01 -1.83869128e-01 -1.67356599e-01 -1.24224590e-01 -5.76559695e-02 2.93279536e-02 1.27814101e-01 2.26942029e-01 3.14464740e-01 3.80533402e-01 4.24213419e-01 4.45089132e-01 4.45671781e-01 4.27396232e-01 3.90198581e-01 3.37169352e-01 2.68620248e-01 1.90049457e-01 1.04883525e-01 1.94380266e-02 -6.48720595e-02 -1.43256973e-01 -2.15515117e-01 -2.74732996e-01 -3.20762528e-01 -3.49111852e-01 -3.60374448e-01 -3.50540771e-01 -3.17012773e-01 -2.63440046e-01 -1.85549259e-01 -9.03414833e-02 8.56228237e-03 1.00199563e-01 1.74161643e-01 2.25552662e-01 2.52464777e-01 2.52450580e-01 2.23855453e-01 1.65663429e-01 7.89175038e-02 -3.29738171e-02 -1.56820592e-01 -2.77625726e-01 -3.80308768e-01 -4.57068412e-01 -5.10725922e-01 -5.44663606e-01 -5.61400240e-01 -5.64586205e-01 -5.57926275e-01 -5.47947881e-01 -5.35857410e-01 -5.01041144e-01 -4.44720010e-01 -3.77598143e-01 -2.70941635e-01 -1.46708168e-01 -9.34267793e-03 1.06557855e-01 2.02154712e-01 2.64121870e-01 2.92673733e-01 2.88859509e-01 2.52781207e-01 1.88844837e-01 1.23664934e-01 6.78312864e-02 1.96882958e-02 -3.73991825e-02 -6.39155991e-02 -1.13969049e-01 -2.10173654e-01 -2.55627186e-01 -2.48826636e-01 -3.89412893e-01 -7.75163029e-01
1.39000000e+01 -5.11850732e-01 -2.36871919e-01 -1.10942343e-01 -4.98352965e-02 5.40914566e-02 1.90742674e-01 3.03530042e-01 3.86078151e-01 4.60692960e-01 5.07578669e-01 5.25534755e-01 5.37572793e-01 5.50172561e-01 5.47448353e-01 5.27064496e-01 4.89741936e-01 4.33513132e-01 3.56235368e-01 2.56856994e-01 1.45637418e-01 3.52913724e-02 -5.97766796e-02 -1.30509989e-01 -1.72275893e-01 -1.85210380e-01 -1.68798478e-01 -1.25855186e-01 -5.97363844e-02 2.66379045e-02 1.24635944e-01 2.23706495e-01 3.11802029e-01 3.78736745e-01 4.23214651e-01 4.44570166e-01 4.45301119e-01 4.26720351e-01 3.88793473e-01 3.35135078e-01 2.66202488e-01 1.87809960e-01 1.03320327e-01 1.90112837e-02 -6.42950843e-02 -1.41957232e-01 -2.14137119e-01 -2.73602740e-01 -3.20142969e-01 -3.48970935e-01 -3.60412260e-01 -3.50365801e-01 -3.16071174e-01 -2.61847240e-01 -1.82993795e-01 -8.71975170e-02 1.17101260e-02 1.03009919e-01 1.76581078e-01 2.27659818e-01 2.54350682e-01 2.54072391e-01 2.25090332e-01 1.66425882e-01 7.92098790e-02 -3.30455944e-02 -1.57034709e-01 -2.77910770e-01 -3.80802362e-01 -4.57848373e-01 -5.11995066e-01 -5.46339856e-01 -5.63151910e-01 -5.66461427e-01 -5.60213081e-01 -5.50930749e-01 -5.38594681e-01 -5.02547782e-01 -4.46179706e-01 -3.77548361e-01 -2.68866287e-01 -1.43665633e-01 -5.32219683e-03 1.09186377e-01 2.06385900e-01 2.66575424e-01 2.97888506e-01 2.92438347e-01 2.58716764e-01 1.94163534e-01 1.31776389e-01 7.52341254e-02 2.33617454e-02 -3.67176977e-02 -6.56090173e-02 -1.20687425e-01 -2.19109954e-01 -2.63027733e-01 -2.56171495e-01 -3.98253005e-01 -7.79845227e-01
1.40000000e+01 -5.11154169e-01 -2.40295998e-01 -1.11488253e-01 -4.99094968e-02 5.31620328e-02 1.88933794e-01 3.03833148e-01 3.86134243e-01 4.60400376e-01 5.09959935e-01 5.28211644e-01 5.39075069e-01 5.51538150e-01 5.49297322e-01 5.28947432e-01 4.91365989e-01 4.34877349e-01 3.57361001e-01 2.57764698e-01 1.46302953e-01 3.55408952e-02 -5.99843770e-02 -1.31179302e-01 -1.73221453e-01 -1.86358720e-01 -1.70060519e-01 -1.27311161e-01 -6.16502210e-02 2.40750276e-02 1.21511642e-01 2.20417418e-01 3.08998190e-01 3.76760584e-01 4.22025259e-01 4.43870203e-01 4.44776914e-01 4.25921300e-01 3.87275361e-01 3.33004554e-01 2.63729187e-01 1.85552754e-01 1.01763892e-01 1.86087174e-02 -6.36878094e-02 -1.40616385e-01 -2.12695838e-01 -2.72390035e-01 -3.19415110e-01 -3.48707159e-01 -3.60287623e-01 -3.49993019e-01 -3.14930313e-01 -2.60080021e-01 -1.80330692e-01 -8.40575237e-02 1.47495731e-02 1.05653226e-01 1.78818759e-01 2.29587741e-01 2.56054226e-01 2.55499518e-01 2.26109042e-01 1.66960601e-01 7.92915281e-02 -3.32404087e-02 -1.57235755e-01 -2.78052630e-01 -3.81082444e-01 -4.58429322e-01 -5.13088660e-01 -5.47878067e-01 -5.64792360e-01 -5.68287750e-01 -5.62485985e-01 -5.53837433e-01 -5.41103263e-01 -5.03847776e-01 -4.47447338e-01 -3.77150614e-01 -2.66715879e-01 -1.40639282e-01 -1.64286002e-03 1.11599524e-01 2.10330641e-01 2.68865455e-01 3.02921599e-01 2.95849741e-01 2.64394482e-01 1.99458424e-01 1.39799276e-01 8.25325651e-02 2.68557123e-02 -3.57719616e-02 -6.74771193e-02 -1.27596449e-01 -2.27724870e-01 -2.70327304e-01 -2.63428463e-01 -4.06914657e-01 -7.84284659e-01
1.41000000e+01 -5.10098345e-01 -2.43531432e-01 -1.11785583e-01 -4.98711495e-02 5.24303376e-02 1.86999720e-01 3.03855034e-01 3.86145361e-01 4.59831984e-01 5.12064300e-01 5.30866742e-01 5.40592647e-01 5.52799435e-01 5.51018921e-01 5.30682507e-01 4.92820873e-01 4.36058126e-01 3.58306243e-01 2.58576501e-01 1.46997957e-01 3.59358189e-02 -5.99819271e-02 -1.31625369e-01 -1.73956412e-01 -1.87314027e-01 -1.71143968e-01 -1.28595359e-01 -6.34000028e-02 2.16387152e-02 1.18444555e-01 2.17080145e-01 3.06056934e-01 3.74605851e-01 4.20643107e-01 4.42985814e-01 4.44094752e-01 4.24997167e-01 3.85646657e-01 3.30781636e-01 2.61207305e-01 1.83285245e-01 1.00219136e-01 1.82301443e-02 -6.30545173e-02 -1.39242125e-01 -2.11197419e-01 -2.71099396e-01 -3.18580999e-01 -3.48318723e-01 -3.59997216e-01 -3.49417297e-01 -3.13590740e-01 -2.58137874e-01 -1.77564123e-01 -8.09260935e-02 1.76784331e-02 1.08130530e-01 1.80876673e-01 2.31337646e-01 2.57575459e-01 2.56731423e-01 2.26911355e-01 1.67269040e-01 7.91653563e-02 -3.35543467e-02 -1.57422074e-01 -2.78053056e-01 -3.81151265e-01 -4.58815035e-01 -5.14006993e-01 -5.49276364e-01 -5.66322693e-01 -5.70069664e-01 -5.64745143e-01 -5.56657066e-01 -5.43377468e-01 -5.04951947e-01 -4.48512123e-01 -3.76407590e-01 -2.64501226e-01 -1.37630481e-01 1.68286366e-03 1.13825882e-01 2.13962146e-01 2.71030735e-01 3.07733103e-01 2.99129810e-01 2.69792252e-01 2.04762463e-01 1.47702503e-01 8.96983916e-02 3.01818567e-02 -3.45678527e-02 -6.95348808e-02 -1.34666794e-01 -2.36011452e-01 -2.77510951e-01 -2.70590736e-01 -4.15413045e-01 -7.88486282e-01
1.42000000e+01 -5.08680105e-01 -2.46583014e-01 -1.11833719e-01 -4.97242717e-02 5.18846752e-02 1.84969710e-01 3.03579835e-01 3.86107032e-01 4.59018997e-01 5.13872191e-01 5.33486117e-01 5.42132581e-01 5.53961117e-01 5.52612612e-01 5.32267852e-01 4.94107468e-01 4.37057715e-01 3.59072218e-01 2.59291920e-01 1.47719888e-01 3.64737123e-02 -5.97712216e-02 -1.31847997e-01 -1.74480360e-01 -1.88076167e-01 -1.72050049e-01 -1.29710693e-01 -6.49884902e-02 1.93280227e-02 1.15437772e-01 2.13700158e-01 3.02982357e-01 3.72273675e-01 4.19066363e-01 4.41913635e-01 4.43250279e-01 4.23945563e-01 3.83909847e-01 3.28470542e-01 2.58643828e-01 1.81014786e-01 9.86911487e-02 1.78752546e-02 -6.23995855e-02 -1.37842260e-01 -2.09648076e-01 -2.69735445e-01 -3.17642711e-01 -3.47803352e-01 -3.59537739e-01 -3.48633723e-01 -3.12053393e-01 -2.56020494e-01 -1.74698697e-01 -7.78076688e-02 2.04949173e-02 1.10443189e-01 1.82756911e-01 2.32910711e-01 2.58914390e-01 2.57767530e-01 2.27497129e-01 1.67352865e-01 7.88348009e-02 -3.39830678e-02 -1.57592082e-01 -2.77914310e-01 -3.81011787e-01 -4.59009374e-01 -5.14750545e-01 -5.50532744e-01 -5.67744385e-01 -5.71811223e-01 -5.66989660e-01 -5.59378433e-01 -5.45412938e-01 -5.05870753e-01 -4.49362617e-01 -3.75325451e-01 -2.62231257e-01 -1.34642812e-01 4.64738809e-03 1.15890700e-01 2.17256941e-01 2.73106918e-01 3.12285486e-01 3.02312037e-01 2.74892188e-01 2.10104065e-01 1.55456552e-01 9.67033793e-02 3.33562955e-02 -3.31193482e-02 -7.17925323e-02 -1.41866063e-01 -2.43968734e-01 -2.84560860e-01 -2.77652984e-01 -4.23762404e-01 -7.92455301e-01
1.43000000e+01 -5.06896406e-01 -2.49454834e-01 -1.11634163e-01 -4.94705272e-02 5.15103127e-02 1.82873148e-01 3.02996248e-01 3.86010056e-01 4.57994586e-01 5.15366316e-01 5.36054633e-01 5.43700280e-01 5.55028280e-01 5.54077951e-01 5.33701703e-01 4.95226729e-01 4.37878513e-01 3.59660774e-01 2.59910821e-01 1.48466102e-01 3.71517462e-02 -5.93545587e-02 -1.31847205e-01 -1.74792946e-01 -1.88644998e-01 -1.72779962e-01 -1.30660125e-01 -6.64186572e-02 1.71416910e-02 1.12494093e-01 2.10283050e-01 2.99778943e-01 3.69765351e-01 4.17293555e-01 4.40650366e-01 4.42239274e-01 4.22763605e-01 3.82067460e-01 3.26075878e-01 2.56045737e-01 1.78748599e-01 9.71852078e-02 1.75436122e-02 -6.17275072e-02 -1.36424640e-01 -2.08054110e-01 -2.68302878e-01 -3.16602262e-01 -3.47158313e-01 -3.58905909e-01 -3.47637676e-01 -3.10319554e-01 -2.53727824e-01 -1.71739425e-01 -7.47065031e-02 2.31976372e-02 1.12592845e-01 1.84461654e-01 2.34308088e-01 2.60070988e-01 2.58607226e-01 2.27866321e-01 1.67213951e-01 7.83038335e-02 -3.45218293e-02 -1.57744293e-01 -2.77639141e-01 -3.80667696e-01 -4.59016255e-01 -5.15320003e-01 -5.51645124e-01 -5.69059276e-01 -5.73515947e-01 -5.69217562e-01 -5.61990164e-01 -5.47206663e-01 -5.06614017e-01 -4.49987035e-01 -3.73913684e-01 -2.59912959e-01 -1.31682148e-01 7.24833077e-03 1.17815134e-01 2.20195879e-01 2.75125297e-01 3.16544966e-01 3.05426101e-01 2.79681539e-01 2.15506126e-01 1.63034054e-01 1.03519671e-01 3.63988606e-02 -3.14481068e-02 -7.42552555e-02 -1.49159531e-01 -2.51601103e-01 -2.91456790e-01 -2.84611356e-01 -4.31975713e-01 -7.96197293e-01
1.44000000e+01 -5.04744361e-01 -2.52150210e-01 -1.11190523e-01 -4.91093856e-02 5.12900648e-02 1.80738720e-01 3.02097929e-01 3.85840885e-01 4.56793041e-01 5.16532089e-01 5.38556163e-01 5.45299304e-01 5.56006377e-01 5.55414581e-01 5.34982441e-01 4.96179701e-01 4.38523006e-01 3.60074494e-01 2.60433406e-01 1.49233882e-01 3.79666961e-02 -5.87346070e-02 -1.31623243e-01 -1.74893891e-01 -1.89020376e-01 -1.73334893e-01 -1.31446634e-01 -6.76936639e-02 1.50781805e-02 1.09616032e-01 2.06834504e-01 2.96451545e-01 3.67082326e-01 4.15323622e-01 4.39192770e-01 4.41057712e-01 4.21447929e-01 3.80121994e-01 3.23602646e-01 2.53419959e-01 1.76493746e-01 9.57067625e-02 1.72346647e-02 -6.10429209e-02 -1.34997097e-01 -2.06421943e-01 -2.66806402e-01 -3.15461512e-01 -3.46380449e-01 -3.58098456e-01 -3.46424910e-01 -3.08390788e-01 -2.51260098e-01 -1.68691677e-01 -7.16266286e-02 2.57855988e-02 1.14581410e-01 1.85993161e-01 2.35530905e-01 2.61045183e-01 2.59249869e-01 2.28019006e-01 1.66854390e-01 7.75769570e-02 -3.51655123e-02 -1.57877344e-01 -2.77230771e-01 -3.80123398e-01 -4.58839631e-01 -5.15716296e-01 -5.52611390e-01 -5.70269547e-01 -5.75186738e-01 -5.71425783e-01 -5.64480918e-01 -5.48756986e-01 -5.07190678e-01 -4.50373594e-01 -3.72184871e-01 -2.57551400e-01 -1.28756618e-01 9.48867600e-03 1.19615655e-01 2.22764989e-01 2.77111727e-01 3.20482725e-01 3.08496871e-01 2.84153402e-01 2.20985243e-01 1.70410267e-01 1.10120198e-01 3.93322237e-02 -2.95828276e-02 -7.69230365e-02 -1.56510924e-01 -2.58917542e-01 -2.98176617e-01 -2.91463428e-01 -4.40064426e-01 -7.99718309e-01
1.45000000e+01 -5.02221273e-01 -2.54671650e-01 -1.10508434e-01 -4.86383641e-02 5.12049331e-02 1.78593636e-01 3.00883727e-01 3.85582180e-01 4.55448884e-01 5.17358021e-01 5.40973812e-01 5.46931208e-01 5.56901193e-01 5.56622244e-01 5.36108632e-01 4.96967524e-01 4.38993733e-01 3.60316706e-01 2.60860197e-01 1.50020470e-01 3.89149385e-02 -5.79143687e-02 -1.31176611e-01 -1.74782990e-01 -1.89202157e-01 -1.73716017e-01 -1.32073202e-01 -6.88168312e-02 1.31357099e-02 1.06805816e-01 2.03360270e-01 2.93005366e-01 3.64226192e-01 4.13155930e-01 4.37537688e-01 4.39701811e-01 4.19994737e-01 3.78075815e-01 3.21056234e-01 2.50773336e-01 1.74257117e-01 9.42614043e-02 1.69477616e-02 -6.03506453e-02 -1.33567385e-01 -2.04758162e-01 -2.65250662e-01 -3.14222078e-01 -3.45466219e-01 -3.57112125e-01 -3.44991633e-01 -3.06268891e-01 -2.48617887e-01 -1.65561134e-01 -6.85718365e-02 2.82581979e-02 1.16411045e-01 1.87353776e-01 2.36580268e-01 2.61836864e-01 2.59694792e-01 2.27955380e-01 1.66276490e-01 7.66591965e-02 -3.59086488e-02 -1.57990025e-01 -2.76692870e-01 -3.79384005e-01 -4.58483483e-01 -5.15940612e-01 -5.53429451e-01 -5.71377672e-01 -5.76825802e-01 -5.73610176e-01 -5.66839557e-01 -5.50063597e-01 -5.07608557e-01 -4.50510878e-01 -3.70154389e-01 -2.55149835e-01 -1.25876460e-01 1.13767718e-02 1.21303659e-01 2.24956106e-01 2.79085764e-01 3.24075909e-01 3.11543601e-01 2.88307214e-01 2.26551145e-01 1.77563446e-01 1.16479128e-01 4.21809166e-02 -2.75584051e-02 -7.97906780e-02 -1.63883196e-01 -2.65930750e-01 -3.04696973e-01 -2.98208079e-01 -4.48038255e-01 -8.03024972e-01
1.46000000e+01 -4.99324648e-01 -2.57020863e-01 -1.09595427e-01 -4.80533460e-02 5.12347816e-02 1.76462922e-01 2.99357765e-01 3.85213500e-01 4.53995937e-01 5.17836076e-01 5.43290147e-01 5.48595406e-01 5.57718791e-01 5.57700794e-01 5.37079054e-01 4.97591432e-01 4.39293262e-01 3.60391477e-01 2.61192023e-01 1.50823114e-01 3.99924439e-02 -5.68971476e-02 -1.30508092e-01 -1.74460120e-01 -1.89190207e-01 -1.73924503e-01 -1.32542789e-01 -6.97916207e-02 1.13122941e-02 1.04065396e-01 1.99866129e-01 2.89445921e-01 3.61198698e-01 4.10790267e-01 4.35682054e-01 4.38168060e-01 4.18399850e-01 3.75931061e-01 3.18442353e-01 2.48112591e-01 1.72045457e-01 9.28548124e-02 1.66821800e-02 -5.96557048e-02 -1.32143128e-01 -2.03069547e-01 -2.63640150e-01 -3.12885247e-01 -3.44411764e-01 -3.55943680e-01 -3.43334597e-01 -3.03955852e-01 -2.45802155e-01 -1.62353723e-01 -6.55456704e-02 3.06152151e-02 1.18084148e-01 1.88545922e-01 2.37457252e-01 2.62445875e-01 2.59941315e-01 2.27675777e-01 1.65482797e-01 7.55560871e-02 -3.67454531e-02 -1.58081301e-01 -2.76029530e-01 -3.78455313e-01 -4.57951805e-01 -5.15994415e-01 -5.54097302e-01 -5.72386360e-01 -5.78434586e-01 -5.75765549e-01 -5.69055290e-01 -5.51127495e-01 -5.07874157e-01 -4.50388217e-01 -3.67840064e-01 -2.52709881e-01 -1.23053780e-01 1.29261578e-02 1.22885298e-01 2.26767283e-01 2.81060050e-01 3.27308391e-01 3.14579366e-01 2.92149000e-01 2.32206353e-01 1.84475092e-01 1.22572329e-01 4.49702796e-02 -2.54149076e-02 -8.28479700e-02 -1.71239299e-01 -2.72656201e-01 -3.10993943e-01 -3.04845313e-01 -4.55905000e-01 -8.06124543e-01
1.47000000e+01 -4.96052216e-01 -2.59198794e-01 -1.08460732e-01 -4.73489611e-02 5.13590240e-02 1.74368811e-01 2.97529346e-01 3.84712123e-01 4.52466389e-01 5.17961963e-01 5.45487435e-01 5.50289076e-01 5.58465441e-01 5.58650208e-01 5.37892727e-01 4.98052748e-01 4.39424187e-01 3.60303594e-01 2.61429997e-01 1.51639116e-01 4.11947705e-02 -5.56865267e-02 -1.29618778e-01 -1.73925242e-01 -1.88984406e-01 -1.73961519e-01 -1.32858319e-01 -7.06216214e-02 9.60577494e-03 1.01396441e-01 1.96357860e-01 2.85778997e-01 3.58001766e-01 4.08226818e-01 4.33622922e-01 4.36453238e-01 4.16658794e-01 3.73689554e-01 3.15766924e-01 2.45444320e-01 1.69865397e-01 9.14926801e-02 1.64371551e-02 -5.89633332e-02 -1.30731784e-01 -2.01363084e-01 -2.61979108e-01 -3.11451899e-01 -3.43212995e-01 -3.54589901e-01 -3.41451158e-01 -3.01453795e-01 -2.42814313e-01 -1.59075534e-01 -6.25514388e-02 3.28568102e-02 1.19603330e-01 1.89572104e-01 2.38162894e-01 2.62872013e-01 2.59988754e-01 2.27180669e-01 1.64476119e-01 7.42736554e-02 -3.76698577e-02 -1.58150346e-01 -2.75245230e-01 -3.77343777e-01 -4.57248583e-01 -5.15879447e-01 -5.54613079e-01 -5.73298485e-01 -5.80013722e-01 -5.77885723e-01 -5.71117804e-01 -5.51950933e-01 -5.07992505e-01 -4.49996062e-01 -3.65261758e-01 -2.50231760e-01 -1.20302204e-01 1.41552288e-02 1.24361517e-01 2.28202957e-01 2.83039960e-01 3.30171267e-01 3.17610745e-01 2.95691357e-01 2.37946076e-01 1.91130073e-01 1.28377845e-01 4.77253701e-02 -2.31964085e-02 -8.60800082e-02 -1.78542907e-01 -2.79111155e-01 -3.17043808e-01 -3.11376036e-01 -4.63670433e-01 -8.09024974e-01
1.48000000e+01 -4.92401937e-01 -2.61205703e-01 -1.07115040e-01 -4.65190094e-02 5.15572966e-02 1.72330234e-01 2.95412703e-01 3.84053953e-01 4.50889876e-01 5.17735377e-01 5.47547885e-01 5.52007102e-01 5.59147524e-01 5.59470602e-01 5.38548934e-01 4.98352875e-01 4.39389132e-01 3.60058542e-01 2.61575502e-01 1.52465887e-01 4.25170636e-02 -5.42863519e-02 -1.28510103e-01 -1.73178403e-01 -1.88584667e-01 -1.73828234e-01 -1.33022664e-01 -7.13105403e-02 8.01384506e-03 9.88003375e-02 1.92841194e-01 2.82010632e-01 3.54637517e-01 4.05466132e-01 4.31357504e-01 4.34554424e-01 4.14766888e-01 3.71352745e-01 3.13035929e-01 2.42774993e-01 1.67723487e-01 9.01806277e-02 1.62119140e-02 -5.82789435e-02 -1.29340617e-01 -1.99645959e-01 -2.60271428e-01 -3.09922445e-01 -3.41865697e-01 -3.53047593e-01 -3.39339344e-01 -2.98764941e-01 -2.39656278e-01 -1.55732737e-01 -5.95922436e-02 3.49835148e-02 1.20971403e-01 1.90434913e-01 2.38698185e-01 2.63115028e-01 2.59836435e-01 2.26470685e-01 1.63259549e-01 7.28183964e-02 -3.86755570e-02 -1.58196564e-01 -2.74344801e-01 -3.76056475e-01 -4.56377768e-01 -5.15597718e-01 -5.54975125e-01 -5.74117010e-01 -5.81562976e-01 -5.79963614e-01 -5.73017372e-01 -5.52537328e-01 -5.07967044e-01 -4.49326339e-01 -3.62440944e-01 -2.47714601e-01 -1.17636459e-01 1.50867427e-02 1.25728312e-01 2.29273872e-01 2.85023534e-01 3.32663067e-01 3.20637776e-01 2.98953185e-01 2.43758363e-01 1.97516620e-01 1.33876361e-01 5.04698668e-02 -2.09497109e-02 -8.94676507e-02 -1.85759093e-01 -2.85313665e-01 -3.22823805e-01 -3.17801800e-01 -4.71338235e-01 -8.11734937e-01
1.49000000e+01 -4.88372013e-01 -2.63041266e-01 -1.05570221e-01 -4.55569075e-02 5.18100944e-02 1.70362443e-01 2.93026588e-01 3.83214506e-01 4.49292612e-01 5.17160157e-01 5.49453897e-01 5.53742063e-01 5.59771428e-01 5.60162235e-01 5.39047252e-01 4.98493288e-01 4.39190761e-01 3.59662468e-01 2.61630182e-01 1.53300991e-01 4.39540645e-02 -5.27007218e-02 -1.27183862e-01 -1.72219743e-01 -1.87990949e-01 -1.73525819e-01 -1.33038634e-01 -7.18621953e-02 6.53406689e-03 9.62781836e-02 1.89321764e-01 2.78147082e-01 3.51108298e-01 4.02509079e-01 4.28883213e-01 4.32468988e-01 4.12719351e-01 3.68921687e-01 3.10255250e-01 2.40110959e-01 1.65626208e-01 8.89241086e-02 1.60057059e-02 -5.76080668e-02 -1.27976668e-01 -1.97925512e-01 -2.58520557e-01 -3.08296791e-01 -3.40365651e-01 -3.51313583e-01 -3.36997902e-01 -2.95891544e-01 -2.36330542e-01 -1.52331484e-01 -5.66710200e-02 3.69962230e-02 1.22191362e-01 1.91137018e-01 2.39064065e-01 2.63174630e-01 2.59483716e-01 2.25546615e-01 1.61836500e-01 7.11972450e-02 -3.97560587e-02 -1.58219613e-01 -2.73333396e-01 -3.74601078e-01 -4.55343254e-01 -5.15151499e-01 -5.55182057e-01 -5.74844900e-01 -5.83081225e-01 -5.81991326e-01 -5.74744936e-01 -5.52891163e-01 -5.07799571e-01 -4.48372775e-01 -3.59400241e-01 -2.45156780e-01 -1.15071880e-01 1.57471897e-02 1.26977188e-01 2.29996756e-01 2.87001686e-01 3.34789679e-01 3.23654166e-01 3.01959162e-01 2.49624483e-01 2.03626201e-01 1.39051629e-01 5.32250095e-02 -1.87230022e-02 -9.29880946e-02 -1.92854926e-01 -2.91281605e-01 -3.28312867e-01 -3.24124523e-01 -4.78909989e-01 -8.14263825e-01
1.50000000e+01 -4.83960890e-01 -2.64704693e-01 -1.03839015e-01 -4.44561390e-02 5.20993485e-02 1.68476768e-01 2.90393742e-01 3.82169909e-01 4.47696601e-01 5.16244360e-01 5.51188303e-01 5.55484259e-01 5.60343424e-01 5.60725510e-01 5.39387584e-01 4.98475535e-01 4.38831791e-01 3.59122124e-01 2.61595937e-01 1.54142180e-01 4.55001321e-02 -5.09339782e-02 -1.25642234e-01 -1.71049501e-01 -1.87203273e-01 -1.73055447e-01 -1.32908975e-01 -7.22805096e-02 5.16388888e-03 9.38307778e-02 1.85805055e-01 2.74194813e-01 3.47416709e-01 3.99356810e-01 4.26197720e-01 4.30194579e-01 4.10511432e-01 3.66397025e-01 3.07430500e-01 2.37458449e-01 1.63579962e-01 8.77283165e-02 1.58178249e-02 -5.69562685e-02 -1.26646748e-01 -1.96209172e-01 -2.56729415e-01 -3.06574317e-01 -3.38708746e-01 -3.49384731e-01 -3.34426334e-01 -2.92835835e-01 -2.32840226e-01 -1.48877813e-01 -5.37905800e-02 3.88961829e-02 1.23266371e-01 1.91681164e-01 2.39261428e-01 2.63050489e-01 2.58930002e-01 2.24409433e-01 1.60210731e-01 6.94175451e-02 -4.09047426e-02 -1.58219411e-01 -2.72216457e-01 -3.72985811e-01 -4.54148863e-01 -5.14543307e-01 -5.55232832e-01 -5.75485029e-01 -5.84566436e-01 -5.83960254e-01 -5.76292180e-01 -5.53017861e-01 -5.07490233e-01 -4.47131168e-01 -3.56162955e-01 -2.42556291e-01 -1.12623874e-01 1.61660454e-02 1.28095789e-01 2.30393776e-01 2.88958677e-01 3.36563994e-01 3.26647761e-01 3.04738977e-01 2.55519538e-01 2.09453297e-01 1.43890851e-01 5.60086076e-02 -1.65644842e-02 -9.66155536e-02 -1.99799971e-01 -2.97031761e-01 -3.33492334e-01 -3.30346202e-01 -4.86385221e-01 -8.16621738e-01
1.51000000e+01 -4.79167264e-01 -2.66194856e-01 -1.01934714e-01 -4.32106937e-02 5.24089284e-02 1.66680510e-01 2.87540240e-01 3.80897915e-01 4.46118953e-01 5.15000234e-01 5.52734615e-01 5.57221791e-01 5.60869531e-01 5.61160973e-01 5.39570194e-01 4.98301225e-01 4.38315005e-01 3.58444807e-01 2.61474929e-01 1.54987407e-01 4.71492781e-02 -4.89907008e-02 -1.23887798e-01 -1.69668031e-01 -1.86221737e-01 -1.72418280e-01 -1.32636364e-01 -7.25695054e-02 3.90066073e-03 9.14586123e-02 1.82296368e-01 2.70160473e-01 3.43565632e-01 3.96010707e-01 4.23299014e-01 4.27729096e-01 4.08138534e-01 3.63779022e-01 3.04566890e-01 2.34823572e-01 1.61591049e-01 8.65981015e-02 1.56476201e-02 -5.63290630e-02 -1.25357417e-01 -1.94504346e-01 -2.54900323e-01 -3.04753903e-01 -3.36891102e-01 -3.47257940e-01 -3.31624924e-01 -2.89599968e-01 -2.29189139e-01 -1.45377563e-01 -5.09536518e-02 4.06849903e-02 1.24199752e-01 1.92070155e-01 2.39291118e-01 2.62742244e-01 2.58174767e-01 2.23060302e-01 1.58386377e-01 6.74870159e-02 -4.21149215e-02 -1.58196143e-01 -2.70999690e-01 -3.71219405e-01 -4.52798340e-01 -5.13775894e-01 -5.55126822e-01 -5.76040091e-01 -5.86015669e-01 -5.85861192e-01 -5.77651578e-01 -5.52923652e-01 -5.07037576e-01 -4.45599605e-01 -3.52752635e-01 -2.39911125e-01 -1.10307358e-01 1.63749355e-02 1.29068698e-01 2.30491779e-01 2.90872841e-01 3.38005292e-01 3.29601237e-01 3.07326365e-01 2.61413265e-01 2.14995096e-01 1.48384981e-01 5.88341546e-02 -1.45210175e-02 -1.00322015e-01 -2.06566699e-01 -3.02578999e-01 -3.38346588e-01 -3.36468628e-01 -4.93761475e-01 -8.18819430e-01
1.52000000e+01 -4.73990083e-01 -2.67510430e-01 -9.98708301e-02 -4.18154788e-02 5.27250537e-02 1.64976966e-01 2.84494758e-01 3.79378866e-01 4.44571338e-01 5.13444081e-01 5.54077258e-01 5.58940686e-01 5.61355370e-01 5.61469303e-01 5.39595753e-01 4.97972028e-01 4.37643281e-01 3.57638274e-01 2.61269605e-01 1.55834821e-01 4.88952151e-02 -4.68757030e-02 -1.21923545e-01 -1.68075816e-01 -1.85046518e-01 -1.71615473e-01 -1.32223420e-01 -7.27332979e-02 2.74164889e-03 8.91618676e-02 1.78800779e-01 2.66050868e-01 3.39558267e-01 3.92472345e-01 4.20185460e-01 4.25070667e-01 4.05596351e-01 3.61067594e-01 3.01669117e-01 2.32212289e-01 1.59665628e-01 8.55379021e-02 1.54944905e-02 -5.57318456e-02 -1.24114962e-01 -1.92818273e-01 -2.53034965e-01 -3.02833968e-01 -3.34909158e-01 -3.44930183e-01 -3.28594736e-01 -2.86185974e-01 -2.25381812e-01 -1.41836292e-01 -4.81629072e-02 4.23645834e-02 1.24994974e-01 1.92306842e-01 2.39153934e-01 2.62249518e-01 2.57217564e-01 2.21500598e-01 1.56367962e-01 6.54137173e-02 -4.33799043e-02 -1.58150252e-01 -2.69689044e-01 -3.69311058e-01 -4.51295374e-01 -5.12852214e-01 -5.54863888e-01 -5.76512493e-01 -5.87425086e-01 -5.87684435e-01 -5.78816435e-01 -5.52615416e-01 -5.06438647e-01 -4.43778620e-01 -3.49192642e-01 -2.37219648e-01 -1.08136194e-01 1.64067444e-02 1.29878343e-01 2.30321368e-01 2.92717531e-01 3.39138398e-01 3.32493006e-01 3.09757968e-01 2.67271014e-01 2.20251100e-01 1.52528961e-01 6.17100758e-02 -1.26368235e-02 -1.04078048e-01 -2.13130782e-01 -3.07935557e-01 -3.42863614e-01 -3.42493115e-01 -5.01034448e-01 -8.20868246e-01
1.53000000e+01 -4.68428545e-01 -2.68650031e-01 -9.76607741e-02 -4.02666886e-02 5.30366070e-02 1.63365596e-01 2.81287775e-01 3.77596588e-01 4.43059603e-01 5.11596003e-01 5.55201808e-01 5.60625062e-01 5.61806015e-01 5.61651301e-01 5.39465377e-01 4.97489670e-01 4.36819624e-01 3.56710642e-01 2.60982710e-01 1.56682754e-01 5.07314184e-02 -4.45940300e-02 -1.19752882e-01 -1.66273487e-01 -1.83677881e-01 -1.70648156e-01 -1.31672710e-01 -7.27760867e-02 1.68405236e-03 8.69404130e-02 1.75323126e-01 2.61872917e-01 3.35398161e-01 3.88743435e-01 4.16855851e-01 4.22217609e-01 4.02881000e-01 3.58262363e-01 2.98741294e-01 2.29630362e-01 1.57809665e-01 8.45516994e-02 1.53578723e-02 -5.51698574e-02 -1.22925378e-01 -1.91157853e-01 -2.51134373e-01 -3.00812553e-01 -3.32759770e-01 -3.42398536e-01 -3.25337606e-01 -2.82595725e-01 -2.21423529e-01 -1.38259214e-01 -4.54209756e-02 4.39372390e-02 1.25655642e-01 1.92394102e-01 2.38850626e-01 2.61571927e-01 2.56058031e-01 2.19731924e-01 1.54160414e-01 6.32060134e-02 -4.46930558e-02 -1.58082416e-01 -2.68290692e-01 -3.67270372e-01 -4.49643624e-01 -5.11775403e-01 -5.54444452e-01 -5.76904270e-01 -5.88789977e-01 -5.89419888e-01 -5.79780902e-01 -5.52100526e-01 -5.05689150e-01 -4.41671279e-01 -3.45505775e-01 -2.34480952e-01 -1.06122649e-01 1.62947001e-02 1.30506009e-01 2.29915839e-01 2.94462231e-01 3.39992638e-01 3.35298264e-01 3.12072062e-01 2.73054848e-01 2.25222693e-01 1.56321852e-01 6.46391392e-02 -1.09522813e-02 -1.07853643e-01 -2.19471282e-01 -3.13110457e-01 -3.47035444e-01 -3.48420263e-01 -5.08198139e-01 -8.22780032e-01
1.54000000e+01 -4.62482098e-01 -2.69612359e-01 -9.53175512e-02 -3.85621195e-02 5.33353450e-02 1.61842298e-01 2.77950746e-01 3.75539172e-01 4.41583571e-01 5.09479539e-01 5.56095208e-01 5.62257345e-01 5.62225834e-01 5.61707871e-01 5.39180660e-01 4.96855931e-01 4.35847205e-01 3.55670276e-01 2.60617329e-01 1.57529684e-01 5.26511993e-02 -4.21509611e-02 -1.17379631e-01 -1.64261840e-01 -1.82116178e-01 -1.69517437e-01 -1.30986755e-01 -7.27021445e-02 7.25017571e-04 8.47938103e-02 1.71867987e-01 2.57633605e-01 3.31089247e-01 3.84825780e-01 4.13309451e-01 4.19168408e-01 3.99989140e-01 3.55362725e-01 2.95786906e-01 2.27083286e-01 1.56028888e-01 8.36429936e-02 1.52372237e-02 -5.46481873e-02 -1.21794325e-01 -1.89529445e-01 -2.49198943e-01 -2.98687417e-01 -3.30440277e-01 -3.39660222e-01 -3.21856106e-01 -2.78830934e-01 -2.17320321e-01 -1.34651159e-01 -4.27304402e-02 4.54055673e-02 1.26185489e-01 1.92334823e-01 2.38381894e-01 2.60709102e-01 2.54695897e-01 2.17756121e-01 1.51769066e-01 6.08725327e-02 -4.60478548e-02 -1.57993523e-01 -2.66811015e-01 -3.65107289e-01 -4.47846762e-01 -5.10548733e-01 -5.53869563e-01 -5.77216988e-01 -5.90104783e-01 -5.91057168e-01 -5.80539997e-01 -5.51386677e-01 -5.04783648e-01 -4.39283202e-01 -3.41713926e-01 -2.31695169e-01 -1.04276900e-01 1.60714689e-02 1.30932883e-01 2.29310034e-01 2.96073808e-01 3.40600653e-01 3.37990183e-01 3.14307199e-01 2.78724731e-01 2.29912659e-01 1.59766872e-01 6.76180508e-02 -9.50285845e-03 -1.11619046e-01 -2.25570722e-01 -3.18109070e-01 -3.50858478e-01 -3.54249757e-01 -5.15245037e-01 -8.24567029e-01
1.55000000e+01 -4.56150439e-01 -2.70396334e-01 -9.28534803e-02 -3.67014206e-02 5.36160021e-02 1.60399792e-01 2.74515268e-01 3.73199623e-01 4.40137027e-01 5.07121191e-01 5.56745980e-01 5.63818516e-01 5.62618331e-01 5.61640015e-01 5.38743685e-01 4.96072655e-01 4.34729400e-01 3.54525663e-01 2.60176914e-01 1.58374210e-01 5.46477846e-02 -3.95520147e-02 -1.14808017e-01 -1.62041854e-01 -1.80361852e-01 -1.68224393e-01 -1.30168031e-01 -7.25158019e-02 -1.38348617e-04 8.27213231e-02 1.68439675e-01 2.53339927e-01 3.26635871e-01 3.80721228e-01 4.09546034e-01 4.15921682e-01 3.96918078e-01 3.52367918e-01 2.92808815e-01 2.24576191e-01 1.54328732e-01 8.28148031e-02 1.51320150e-02 -5.41718032e-02 -1.20727087e-01 -1.87938665e-01 -2.47228474e-01 -2.96456148e-01 -3.27948564e-01 -3.36712660e-01 -3.18153489e-01 -2.74893167e-01 -2.13078949e-01 -1.31016545e-01 -4.00938202e-02 4.67725025e-02 1.26588367e-01 1.92131890e-01 2.37748384e-01 2.59660706e-01 2.53130984e-01 2.15575290e-01 1.49199644e-01 5.84221269e-02 -4.74379491e-02 -1.57884636e-01 -2.65256588e-01 -3.62832013e-01 -4.45908528e-01 -5.09175583e-01 -5.53140945e-01 -5.77451674e-01 -5.91363134e-01 -5.92585705e-01 -5.81089599e-01 -5.50481720e-01 -5.03715813e-01 -4.36622516e-01 -3.37837806e-01 -2.28863736e-01 -1.02606603e-01 1.57682930e-02 1.31141111e-01 2.28539144e-01 2.97517844e-01 3.40997105e-01 3.40541153e-01 3.16500809e-01 2.84239782e-01 2.34324697e-01 1.62871312e-01 7.06372527e-02 -8.31820603e-03 -1.15345568e-01 -2.31415052e-01 -3.22932842e-01 -3.54333675e-01 -3.59980204e-01 -5.22166327e-01 -8.26241754e-01
1.56000000e+01 -4.49433512e-01 -2.71001224e-01 -9.02799502e-02 -3.46862699e-02 5.38762890e-02 1.59028093e-01 2.71012268e-01 3.70576342e-01 4.38707911e-01 5.04549857e-01 5.57144419e-01 5.65288397e-01 5.62985978e-01 5.61448821e-01 5.38157020e-01 4.95141773e-01 4.33469836e-01 3.53285291e-01 2.59665322e-01 1.59215019e-01 5.67143982e-02 -3.68029580e-02 -1.12042654e-01 -1.59614720e-01 -1.78415451e-01 -1.66770074e-01 -1.29218974e-01 -7.22214272e-02 -9.08968683e-04 8.07219302e-02 1.65042233e-01 2.48998826e-01 3.22042816e-01 3.76431633e-01 4.05565907e-01 4.12476164e-01 3.93665852e-01 3.49277104e-01 2.89809289e-01 2.22113733e-01 1.52714270e-01 8.20696815e-02 1.50417246e-02 -5.37455952e-02 -1.19728518e-01 -1.86390183e-01 -2.45222245e-01 -2.94116280e-01 -3.25283101e-01 -3.33553522e-01 -3.14233625e-01 -2.70783890e-01 -2.08706858e-01 -1.27359382e-01 -3.75135391e-02 4.80412875e-02 1.26868235e-01 1.91788178e-01 2.36950684e-01 2.58426446e-01 2.51363210e-01 2.13191808e-01 1.46458261e-01 5.58638268e-02 -4.88572066e-02 -1.57756949e-01 -2.63634163e-01 -3.60454918e-01 -4.43832781e-01 -5.07659397e-01 -5.52261036e-01 -5.77608751e-01 -5.92557899e-01 -5.93994835e-01 -5.81426440e-01 -5.49393494e-01 -5.02478695e-01 -4.33699747e-01 -3.33896720e-01 -2.25989599e-01 -1.01116557e-01 1.54142010e-02 1.31114817e-01 2.27637526e-01 2.98759985e-01 3.41217336e-01 3.42924065e-01 3.18687810e-01 2.89559525e-01 2.38462944e-01 1.65646348e-01 7.36809324e-02 -7.42144616e-03 -1.19006346e-01 -2.36993526e-01 -3.27579177e-01 -3.57466596e-01 -3.65609038e-01 -5.28952109e-01 -8.27816861e-01
1.57000000e+01 -4.42331513e-01 -2.71426754e-01 -8.76072171e-02 -3.25204721e-02 5.41167879e-02 1.57715043e-01 2.67471248e-01 3.67673431e-01 4.37278693e-01 5.01796177e-01 5.57282765e-01 5.66645972e-01 5.63330051e-01 5.61135468e-01 5.37423683e-01 4.94065331e-01 4.32072416e-01 3.51957530e-01 2.59086848e-01 1.60050860e-01 5.88443405e-02 -3.39098216e-02 -1.09088513e-01 -1.56981857e-01 -1.76277633e-01 -1.65155502e-01 -1.28141967e-01 -7.18234013e-02 -1.58978741e-03 7.87943421e-02 1.61679437e-01 2.44617138e-01 3.17315314e-01 3.71958833e-01 4.01369928e-01 4.08830682e-01 3.90231292e-01 3.46089447e-01 2.86790067e-01 2.19699982e-01 1.51190140e-01 8.14097442e-02 1.49658371e-02 -5.33744078e-02 -1.18802977e-01 -1.84887539e-01 -2.43179115e-01 -2.91665422e-01 -3.22442967e-01 -3.30180782e-01 -3.10100920e-01 -2.66504521e-01 -2.04212107e-01 -1.23683281e-01 -3.49918839e-02 4.92154495e-02 1.27029148e-01 1.91306546e-01 2.35989317e-01 2.57006090e-01 2.49392603e-01 2.10608335e-01 1.43551399e-01 5.32067976e-02 -5.02997614e-02 -1.57611757e-01 -2.61950662e-01 -3.57986452e-01 -4.41623566e-01 -5.06003655e-01 -5.51233000e-01 -5.77687988e-01 -5.93681229e-01 -5.95273883e-01 -5.81548088e-01 -5.48129666e-01 -5.01065027e-01 -4.30527645e-01 -3.29908407e-01 -2.23077343e-01 -9.98084484e-02 1.50353165e-02 1.30841040e-01 2.26637563e-01 2.99767275e-01 3.41296032e-01 3.45113552e-01 3.20899280e-01 2.94645116e-01 2.42331527e-01 1.68106726e-01 7.67272496e-02 -6.82867195e-03 -1.22577020e-01 -2.42298481e-01 -3.32041494e-01 -3.60267308e-01 -3.71132465e-01 -5.35591630e-01 -8.29304995e-01
1.58000000e+01 -4.34844896e-01 -2.71673206e-01 -8.48442508e-02 -3.02099748e-02 5.43407517e-02 1.56446899e-01 2.63919597e-01 3.64500798e-01 4.35826940e-01 4.98891819e-01 5.57155352e-01 5.67869727e-01 5.63650472e-01 5.60701235e-01 5.36547093e-01 4.92845537e-01 4.30541354e-01 3.50550526e-01 2.58446246e-01 1.60880529e-01 6.10310584e-02 -3.08789164e-02 -1.05950897e-01 -1.54144946e-01 -1.73949184e-01 -1.63381682e-01 -1.26939343e-01 -7.13260876e-02 -2.18376855e-03 7.69370222e-02 1.58354791e-01 2.40201536e-01 3.12459043e-01 3.67304635e-01 3.96959508e-01 4.04984146e-01 3.86614050e-01 3.42804192e-01 2.83752455e-01 2.17338312e-01 1.49760442e-01 8.08367014e-02 1.49038377e-02 -5.30630441e-02 -1.17954263e-01 -1.83432992e-01 -2.41097648e-01 -2.89101372e-01 -3.19427852e-01 -3.26592778e-01 -3.05760222e-01 -2.62056512e-01 -1.99603281e-01 -1.19991492e-01 -3.25309578e-02 5.02987688e-02 1.27075237e-01 1.90689833e-01 2.34864751e-01 2.55399475e-01 2.47219317e-01 2.07827831e-01 1.40485888e-01 5.04602919e-02 -5.17600532e-02 -1.57450424e-01 -2.60213170e-01 -3.55437035e-01 -4.39285161e-01 -5.04211854e-01 -5.50060715e-01 -5.77688461e-01 -5.94724620e-01 -5.96412249e-01 -5.81452927e-01 -5.46697579e-01 -4.99467542e-01 -4.27120965e-01 -3.25888945e-01 -2.20133257e-01 -9.86807191e-02 1.46542892e-02 1.30310563e-01 2.25568625e-01 3.00509420e-01 3.41265926e-01 3.47087161e-01 3.23161235e-01 2.99460487e-01 2.45934167e-01 1.70270342e-01 7.97487741e-02 -6.54867254e-03 -1.26036325e-01 -2.47325053e-01 -3.36309435e-01 -3.62750139e-01 -3.76545475e-01 -5.42073520e-01 -8.30718639e-01
1.59000000e+01 -4.26974383e-01 -2.71741485e-01 -8.19986318e-02 -2.77628048e-02 5.45538184e-02 1.55208942e-01 2.60382004e-01 3.61074077e-01 4.34326052e-01 4.95868707e-01 5.56758719e-01 5.68938011e-01 5.63945650e-01 5.60147518e-01 5.35530994e-01 4.91484815e-01 4.28881182e-01 3.49072108e-01 2.57748747e-01 1.61702863e-01 6.32682046e-02 -2.77168520e-02 -1.02635399e-01 -1.51105948e-01 -1.71431031e-01 -1.61449603e-01 -1.25613372e-01 -7.07337979e-02 -2.69389557e-03 7.51482092e-02 1.55071533e-01 2.35758485e-01 3.07480108e-01 3.62470829e-01 3.92336605e-01 4.00935549e-01 3.82814592e-01 3.39420748e-01 2.80697432e-01 2.15031316e-01 1.48428627e-01 8.03518843e-02 1.48551988e-02 -5.28162301e-02 -1.17185527e-01 -1.82027410e-01 -2.38976246e-01 -2.86422238e-01 -3.16238035e-01 -3.22788256e-01 -3.01216727e-01 -2.57441424e-01 -1.94889391e-01 -1.16286948e-01 -3.01326284e-02 5.12952399e-02 1.27010696e-01 1.89940853e-01 2.33577399e-01 2.53606516e-01 2.44843656e-01 2.04853556e-01 1.37268886e-01 4.76336031e-02 -5.32328572e-02 -1.57274366e-01 -2.58428928e-01 -3.52816950e-01 -4.36822137e-01 -5.02287482e-01 -5.48748740e-01 -5.77608537e-01 -5.95678977e-01 -5.97399472e-01 -5.81140123e-01 -5.45104113e-01 -4.97679291e-01 -4.23496198e-01 -3.21852718e-01 -2.17165310e-01 -9.77285271e-02 1.42898626e-02 1.29518594e-01 2.24456146e-01 3.00959944e-01 3.41156602e-01 3.48826394e-01 3.25493569e-01 3.03973376e-01 2.49273852e-01 1.72157705e-01 8.27131290e-02 -6.58288897e-03 -1.29366557e-01 -2.52070830e-01 -3.40369224e-01 -3.64933310e-01 -3.81841909e-01 -5.48386032e-01 -8.32069954e-01
1.60000000e+01 -4.18720983e-01 -2.71633166e-01 -7.90765031e-02 -2.51889269e-02 5.47636528e-02 1.53986086e-01 2.56879980e-01 3.57414343e-01 4.32746144e-01 4.92758236e-01 5.56091695e-01 5.69829407e-01 5.64212349e-01 5.59475848e-01 5.34379371e-01 4.89985861e-01 4.27096759e-01 3.47529718e-01 2.57000052e-01 1.62516746e-01 6.55496832e-02 -2.44305523e-02 -9.91478613e-02 -1.47867127e-01 -1.68724254e-01 -1.59360252e-01 -1.24166264e-01 -7.00507546e-02 -3.12317596e-03 7.34259413e-02 1.51832631e-01 2.31294197e-01 3.02385002e-01 3.57459216e-01 3.87503701e-01 3.96683965e-01 3.78834168e-01 3.35938767e-01 2.77625777e-01 2.12780748e-01 1.47197364e-01 7.99562581e-02 1.48193576e-02 -5.26385353e-02 -1.16499183e-01 -1.80670207e-01 -2.36813301e-01 -2.83626548e-01 -3.12874338e-01 -3.18766426e-01 -2.96475884e-01 -2.52661017e-01 -1.90079758e-01 -1.12572323e-01 -2.77984747e-02 5.22090293e-02 1.26839757e-01 1.89062390e-01 2.32127633e-01 2.51627213e-01 2.42266103e-01 2.01689073e-01 1.33907854e-01 4.47360180e-02 -5.47133044e-02 -1.57085032e-01 -2.56605330e-01 -3.50136254e-01 -4.34239402e-01 -5.00234020e-01 -5.47302263e-01 -5.77445863e-01 -5.96534688e-01 -5.98225300e-01 -5.80609592e-01 -5.43355561e-01 -4.95693961e-01 -4.19671263e-01 -3.17812440e-01 -2.14183069e-01 -9.69438223e-02 1.39565903e-02 1.28465285e-01 2.23320865e-01 3.01097207e-01 3.40993435e-01 3.50317591e-01 3.27909186e-01 3.08156186e-01 2.52352585e-01 1.73791315e-01 8.55838176e-02 -6.92559885e-03 -1.32553921e-01 -2.56535466e-01 -3.44204161e-01 -3.66838433e-01 -3.87014573e-01 -5.54517274e-01 -8.33370608e-01
1.61000000e+01 -4.10086013e-01 -2.71350515e-01 -7.60825736e-02 -2.25000321e-02 5.49795290e-02 1.52763484e-01 2.53431518e-01 3.53547639e-01 4.31055064e-01 4.89590473e-01 5.55155429e-01 5.70523101e-01 5.64445567e-01 5.58687909e-01 5.33096357e-01 4.88351704e-01 4.25193262e-01 3.45930361e-01 2.56206317e-01 1.63321120e-01 6.78696813e-02 -2.10272642e-02 -9.54943307e-02 -1.44431076e-01 -1.65830100e-01 -1.57114620e-01 -1.22600167e-01 -6.92810516e-02 -3.47464817e-03 7.17680794e-02 1.48640786e-01 2.26814601e-01 2.97180559e-01 3.52271652e-01 3.82463772e-01 3.92228568e-01 3.74674748e-01 3.32358214e-01 2.74538205e-01 2.10587487e-01 1.46068399e-01 7.96504136e-02 1.47956882e-02 -5.25342513e-02 -1.15896796e-01 -1.79359351e-01 -2.34607339e-01 -2.80713345e-01 -3.09338054e-01 -3.14527006e-01 -2.91543299e-01 -2.47717335e-01 -1.85183892e-01 -1.08850089e-01 -2.55297325e-02 5.30444313e-02 1.26566674e-01 1.88057186e-01 2.30515800e-01 2.49461658e-01 2.39487352e-01 1.98338250e-01 1.30410521e-01 4.17767663e-02 -5.61968921e-02 -1.56883907e-01 -2.54749908e-01 -3.47404690e-01 -4.31542241e-01 -4.98054936e-01 -5.45727019e-01 -5.77197381e-01 -5.97281702e-01 -5.98879745e-01 -5.79861956e-01 -5.41457528e-01 -4.93506178e-01 -4.15665177e-01 -3.13779236e-01 -2.11197535e-01 -9.63155223e-02 1.36647042e-02 1.27156074e-01 2.22178232e-01 3.00905256e-01 3.40796696e-01 3.51552606e-01 3.30413371e-01 3.11986674e-01 2.55171229e-01 1.75194949e-01 8.83212130e-02 -7.56432098e-03 -1.35588744e-01 -2.60720277e-01 -3.47795220e-01 -3.68489912e-01 -3.92055412e-01 -5.60455445e-01 -8.34631621e-01
1.62000000e+01 -4.01071125e-01 -2.70896477e-01 -7.30201738e-02 -1.97092618e-02 5.52118723e-02 1.51527088e-01 2.50050870e-01 3.49504336e-01 4.29219490e-01 4.86393377e-01 5.53953388e-01 5.70999238e-01 5.64638454e-01 5.57785553e-01 5.31686142e-01 4.86585756e-01 4.23176169e-01 3.44280566e-01 2.55374115e-01 1.64115014e-01 7.02226879e-02 -1.75145576e-02 -9.16810149e-02 -1.40800727e-01 -1.62749989e-01 -1.54713718e-01 -1.20917180e-01 -6.84286134e-02 -3.75138923e-03 7.01723306e-02 1.45498427e-01 2.22325311e-01 2.91873891e-01 3.46910116e-01 3.77220242e-01 3.87568654e-01 3.70338940e-01 3.28679415e-01 2.71435493e-01 2.08451556e-01 1.45042421e-01 7.94345293e-02 1.47834707e-02 -5.25072359e-02 -1.15378965e-01 -1.78091429e-01 -2.32357156e-01 -2.77682268e-01 -3.05630865e-01 -3.10070270e-01 -2.86424651e-01 -2.42612795e-01 -1.80211366e-01 -1.05122582e-01 -2.33272431e-02 5.38058232e-02 1.26195697e-01 1.86927929e-01 2.28742238e-01 2.47110038e-01 2.36508337e-01 1.94805254e-01 1.26784855e-01 3.87649704e-02 -5.76794857e-02 -1.56672515e-01 -2.52870319e-01 -3.44631611e-01 -4.28736342e-01 -4.95753697e-01 -5.44029195e-01 -5.76859350e-01 -5.97909614e-01 -5.99353135e-01 -5.78898491e-01 -5.39414852e-01 -4.91111786e-01 -4.11497711e-01 -3.09762770e-01 -2.08220930e-01 -9.58297841e-02 1.34201332e-02 1.25601827e-01 2.21038007e-01 3.00374504e-01 3.40580867e-01 3.52529267e-01 3.33003414e-01 3.15448420e-01 2.57729440e-01 1.76392896e-01 9.08836792e-02 -8.48042375e-03 -1.38465536e-01 -2.64627824e-01 -3.51121738e-01 -3.69914256e-01 -3.96955708e-01 -5.66189061e-01 -8.35863192e-01
1.63000000e+01 -3.91678346e-01 -2.70274638e-01 -6.98913589e-02 -1.68308799e-02 5.54717734e-02 1.50264162e-01 2.46748477e-01 3.45318339e-01 4.27206100e-01 4.83192063e-01 5.52491308e-01 5.71239272e-01 5.64782263e-01 5.56770800e-01 5.30152878e-01 4.84691861e-01 4.21051236e-01 3.42586380e-01 2.54510392e-01 1.64897574e-01 7.26035017e-02 -1.39003134e-02 -8.77142394e-02 -1.36979372e-01 -1.59485526e-01 -1.52158581e-01 -1.19119367e-01 -6.74971540e-02 -3.95652117e-03 6.86362691e-02 1.42407715e-01 2.17831617e-01 2.86472317e-01 3.41376777e-01 3.71776940e-01 3.82703666e-01 3.65829883e-01 3.24903102e-01 2.68318609e-01 2.06372160e-01 1.44118932e-01 7.93083031e-02 1.47818639e-02 -5.25607285e-02 -1.14945195e-01 -1.76861785e-01 -2.30061940e-01 -2.74533612e-01 -3.01754730e-01 -3.05397080e-01 -2.81125623e-01 -2.37350267e-01 -1.75171690e-01 -1.01392065e-01 -2.11914034e-02 5.44976238e-02 1.25731056e-01 1.85677234e-01 2.26807309e-01 2.44572634e-01 2.33330262e-01 1.91094558e-01 1.23039019e-01 3.57095911e-02 -5.91573144e-02 -1.56452428e-01 -2.50974316e-01 -3.41825932e-01 -4.25827817e-01 -4.93333784e-01 -5.42215309e-01 -5.76427393e-01 -5.98407755e-01 -5.99636162e-01 -5.77721067e-01 -5.37231558e-01 -4.88508086e-01 -4.07189032e-01 -3.05771412e-01 -2.05266424e-01 -9.54703603e-02 1.32246642e-02 1.23818788e-01 2.19904062e-01 2.99502197e-01 3.40354174e-01 3.53251566e-01 3.35668506e-01 3.18531077e-01 2.60025700e-01 1.77409149e-01 9.32287877e-02 -9.64991455e-03 -1.41182929e-01 -2.68261500e-01 -3.54162171e-01 -3.71139328e-01 -4.01706320e-01 -5.71707166e-01 -8.37074545e-01
1.64000000e+01 -3.81910114e-01 -2.69489166e-01 -6.66970535e-02 -1.38799037e-02 5.57704955e-02 1.48963729e-01 2.43531032e-01 3.41026163e-01 4.24982756e-01 4.80008126e-01 5.50777098e-01 5.71226270e-01 5.64866346e-01 5.55645833e-01 5.28500601e-01 4.82674324e-01 4.18824463e-01 3.40853363e-01 2.53622393e-01 1.65668111e-01 7.50072307e-02 -1.01926988e-02 -8.36004103e-02 -1.32970675e-01 -1.56038506e-01 -1.49450279e-01 -1.17208772e-01 -6.64901366e-02 -4.09321460e-03 6.71573567e-02 1.39370532e-01 2.13338471e-01 2.80983290e-01 3.35674083e-01 3.66138045e-01 3.77633242e-01 3.61151130e-01 3.21030423e-01 2.65188818e-01 2.04347770e-01 1.43296142e-01 7.92708514e-02 1.47898840e-02 -5.26971476e-02 -1.14593781e-01 -1.75664707e-01 -2.27721369e-01 -2.71268358e-01 -2.97711783e-01 -3.00508925e-01 -2.75651840e-01 -2.31933154e-01 -1.70074195e-01 -9.76607852e-02 -1.91221218e-02 5.51242529e-02 1.25176937e-01 1.84307622e-01 2.24711420e-01 2.41849825e-01 2.29954630e-01 1.87210944e-01 1.19181333e-01 3.26193739e-02 -6.06269620e-02 -1.56225282e-01 -2.49069713e-01 -3.38996091e-01 -4.22823206e-01 -4.90798717e-01 -5.40292077e-01 -5.75896559e-01 -5.98765280e-01 -5.99719915e-01 -5.76332072e-01 -5.34910837e-01 -4.85694039e-01 -4.02759371e-01 -3.01812425e-01 -2.02347823e-01 -9.52190265e-02 1.30762329e-02 1.21828324e-01 2.18774405e-01 2.98292666e-01 3.40118369e-01 3.53729605e-01 3.38389916e-01 3.21230396e-01 2.62057445e-01 1.78266593e-01 9.53145912e-02 -1.10443814e-02 -1.43743465e-01 -2.71625157e-01 -3.56894885e-01 -3.72193558e-01 -4.06297936e-01 -5.76999545e-01 -8.38273775e-01
1.65000000e+01 -3.71769320e-01 -2.68544721e-01 -6.34372326e-02 -1.08717091e-02 5.61189895e-02 1.47616943e-01 2.40401665e-01 3.36665924e-01 4.22519667e-01 4.76859057e-01 5.48820696e-01 5.70945199e-01 5.64878202e-01 5.54412969e-01 5.26733157e-01 4.80537924e-01 4.16502066e-01 3.39086607e-01 2.52717592e-01 1.66426136e-01 7.74292850e-02 -6.40013128e-03 -7.93459839e-02 -1.28778687e-01 -1.52410928e-01 -1.46589917e-01 -1.15187445e-01 -6.54107363e-02 -4.16468806e-03 6.57329612e-02 1.36388481e-01 2.08850485e-01 2.75414315e-01 3.29804837e-01 3.60308040e-01 3.72357262e-01 3.56306523e-01 3.17062947e-01 2.62047769e-01 2.02376227e-01 1.42570901e-01 7.93205782e-02 1.48063941e-02 -5.29178790e-02 -1.14321703e-01 -1.74493675e-01 -2.25335679e-01 -2.67888174e-01 -2.93504216e-01 -2.95407943e-01 -2.70008834e-01 -2.26365459e-01 -1.64927917e-01 -9.39310271e-02 -1.71187805e-02 5.56900951e-02 1.24537461e-01 1.82821495e-01 2.22455065e-01 2.38942086e-01 2.26383253e-01 1.83159516e-01 1.15220222e-01 2.95027940e-02 -6.20853572e-02 -1.55992795e-01 -2.47164334e-01 -3.36150037e-01 -4.19729464e-01 -4.88152083e-01 -5.38266264e-01 -5.75261397e-01 -5.98971268e-01 -5.99595916e-01 -5.74734338e-01 -5.32455057e-01 -4.82670411e-01 -3.98228699e-01 -2.97892172e-01 -1.99479235e-01 -9.50560653e-02 1.29693290e-02 1.19656483e-01 2.17641428e-01 2.96757347e-01 3.39868756e-01 3.53979260e-01 3.41141452e-01 3.23548035e-01 2.63821276e-01 1.78986209e-01 9.71009123e-02 -1.26320535e-02 -1.46153270e-01 -2.74722754e-01 -3.59298955e-01 -3.73105140e-01 -4.10721343e-01 -5.82056913e-01 -8.39467708e-01
1.66000000e+01 -3.61259355e-01 -2.67446348e-01 -6.01111320e-02 -7.82162140e-03 5.65274358e-02 1.46217365e-01 2.37360262e-01 3.32276264e-01 4.19790499e-01 4.73757768e-01 5.46633883e-01 5.70383165e-01 5.64803572e-01 5.53074620e-01 5.24854144e-01 4.78287919e-01 4.14090447e-01 3.37290769e-01 2.51803599e-01 1.67171418e-01 7.98653677e-02 -2.53123080e-03 -7.49574443e-02 -1.24407849e-01 -1.48605002e-01 -1.43578639e-01 -1.13057457e-01 -6.42618076e-02 -4.17420233e-03 6.43603742e-02 1.33462876e-01 2.04371938e-01 2.69772882e-01 3.23772281e-01 3.54291664e-01 3.66875903e-01 3.51300061e-01 3.13002643e-01 2.58897546e-01 2.00454867e-01 1.41938679e-01 7.94550191e-02 1.48301059e-02 -5.32230664e-02 -1.14124560e-01 -1.73341631e-01 -2.22905697e-01 -2.64395382e-01 -2.89134183e-01 -2.90096938e-01 -2.64202020e-01 -2.20651836e-01 -1.59741503e-01 -9.02051579e-02 -1.51802051e-02 5.61994668e-02 1.23816666e-01 1.81221115e-01 2.20038852e-01 2.35849995e-01 2.22618278e-01 1.78945713e-01 1.11164180e-01 2.63680018e-02 -6.35297636e-02 -1.55756778e-01 -2.45265952e-01 -3.33295233e-01 -4.16553940e-01 -4.85397573e-01 -5.36144527e-01 -5.74516045e-01 -5.99014806e-01 -5.99256142e-01 -5.72931049e-01 -5.29865805e-01 -4.79439873e-01 -3.93616439e-01 -2.94016320e-01 -1.96674706e-01 -9.49607877e-02 1.28954966e-02 1.17333360e-01 2.16492387e-01 2.94914541e-01 3.39594465e-01 3.54021607e-01 3.43890184e-01 3.25491154e-01 2.65313242e-01 1.79586315e-01 9.85506056e-02 -1.43789423e-02 -1.48421615e-01 -2.77558070e-01 -3.61354955e-01 -3.73901246e-01 -4.14967681e-01 -5.86871095e-01 -8.40661769e-01
1.67000000e+01 -3.50384159e-01 -2.66199363e-01 -5.67174781e-02 -4.74451012e-03 5.70048279e-02 1.44761152e-01 2.34403879e-01 3.27895256e-01 4.16773395e-01 4.70712243e-01 5.44230042e-01 5.69529612e-01 5.64626595e-01 5.51633226e-01 5.22866859e-01 4.75930022e-01 4.11596159e-01 3.35470112e-01 2.50888068e-01 1.67904018e-01 8.23114650e-02 1.40523643e-03 -7.04412905e-02 -1.19863009e-01 -1.44623162e-01 -1.40417624e-01 -1.10820923e-01 -6.30458596e-02 -4.12504873e-03 6.30368285e-02 1.30594731e-01 1.99906775e-01 2.64066387e-01 3.17580160e-01 3.48093870e-01 3.61189705e-01 3.46135782e-01 3.08851846e-01 2.55740682e-01 1.98580665e-01 1.41393598e-01 7.96706703e-02 1.48595954e-02 -5.36114144e-02 -1.13996552e-01 -1.72201269e-01 -2.20432846e-01 -2.60792904e-01 -2.84603715e-01 -2.84579392e-01 -2.58236694e-01 -2.14797636e-01 -1.54523117e-01 -8.64856618e-02 -1.33046424e-02 5.66565855e-02 1.23018478e-01 1.79508581e-01 2.17463543e-01 2.32574232e-01 2.18662189e-01 1.74575318e-01 1.07021720e-01 2.32227716e-02 -6.49577737e-02 -1.55519158e-01 -2.43382221e-01 -3.30438677e-01 -4.13304335e-01 -4.82539017e-01 -5.33933266e-01 -5.73654328e-01 -5.98885088e-01 -5.98693050e-01 -5.70925657e-01 -5.27143947e-01 -4.76007036e-01 -3.88941227e-01 -2.90190030e-01 -1.93947863e-01 -9.49120763e-02 1.28439066e-02 1.14892305e-01 2.15310108e-01 2.92788929e-01 3.39278970e-01 3.53882117e-01 3.46597408e-01 3.27071824e-01 2.66529177e-01 1.80081892e-01 9.96307497e-02 -1.62500260e-02 -1.50560383e-01 -2.80134469e-01 -3.63045697e-01 -3.74607274e-01 -4.19028697e-01 -5.91435190e-01 -8.41859865e-01
1.68000000e+01 -3.39148263e-01 -2.64809217e-01 -5.32547307e-02 -1.65439735e-03 5.75586111e-02 1.43247158e-01 2.31527244e-01 3.23559319e-01 4.13451863e-01 4.67725329e-01 5.41623874e-01 5.68376473e-01 5.64330004e-01 5.50091182e-01 5.20774266e-01 4.73470369e-01 4.09025884e-01 3.33628555e-01 2.49978594e-01 1.68624338e-01 8.47638383e-02 5.40042197e-03 -6.58040316e-02 -1.15149418e-01 -1.40468085e-01 -1.37108083e-01 -1.08480002e-01 -6.17650411e-02 -4.02053130e-03 6.17595153e-02 1.27784741e-01 1.95458629e-01 2.58302077e-01 3.11232788e-01 3.41719783e-01 3.55299637e-01 3.40817652e-01 3.04613205e-01 2.52580136e-01 1.96750377e-01 1.40928528e-01 7.99628166e-02 1.48933320e-02 -5.40800178e-02 -1.13930515e-01 -1.71065324e-01 -2.17919100e-01 -2.57084169e-01 -2.79914651e-01 -2.78859465e-01 -2.52118049e-01 -2.08808920e-01 -1.49280381e-01 -8.27751636e-02 -1.14897490e-02 5.70655437e-02 1.22146686e-01 1.77685810e-01 2.14730089e-01 2.29115592e-01 2.14517817e-01 1.70054477e-01 1.02801339e-01 2.00744513e-02 -6.63673069e-02 -1.55281983e-01 -2.41520595e-01 -3.27586942e-01 -4.09988652e-01 -4.79580420e-01 -5.31638475e-01 -5.72669849e-01 -5.98571499e-01 -5.97899587e-01 -5.68721795e-01 -5.24289720e-01 -4.72378434e-01 -3.84220713e-01 -2.86418135e-01 -1.91311560e-01 -9.48889309e-02 1.28019804e-02 1.12369014e-01 2.14073881e-01 2.90410833e-01 3.38900822e-01 3.53589662e-01 3.49219815e-01 3.28306276e-01 2.67465064e-01 1.80483996e-01 1.00313731e-01 -1.82104340e-02 -1.52583463e-01 -2.82454732e-01 -3.64356912e-01 -3.75246156e-01 -4.22896960e-01 -5.95743723e-01 -8.43064285e-01
1.69000000e+01 -3.27556844e-01 -2.63281360e-01 -4.97213282e-02 1.43590475e-03 5.81943869e-02 1.41676929e-01 2.28723326e-01 3.19302189e-01 4.09815518e-01 4.64794687e-01 5.38831069e-01 5.66918273e-01 5.63895378e-01 5.48450741e-01 5.18578969e-01 4.70915471e-01 4.06386408e-01 3.31769735e-01 2.49082607e-01 1.69333146e-01 8.72190218e-02 9.44546418e-03 -6.10521911e-02 -1.10272733e-01 -1.36142701e-01 -1.33651265e-01 -1.06036902e-01 -6.04211384e-02 -3.86394253e-03 6.05256023e-02 1.25033270e-01 1.91030820e-01 2.52486990e-01 3.04735089e-01 3.35174673e-01 3.49207169e-01 3.35349483e-01 3.00289611e-01 2.49419223e-01 1.94960681e-01 1.40535225e-01 8.03253763e-02 1.49297194e-02 -5.46242267e-02 -1.13918022e-01 -1.69926837e-01 -2.15366919e-01 -2.53272999e-01 -2.75068604e-01 -2.72941989e-01 -2.45851205e-01 -2.02692461e-01 -1.44020312e-01 -7.90764400e-02 -9.73258948e-03 5.74302839e-02 1.21204917e-01 1.75754526e-01 2.11839655e-01 2.25474995e-01 2.10188350e-01 1.65389697e-01 9.85114813e-02 1.69299176e-02 -6.77566132e-02 -1.55047437e-01 -2.39688249e-01 -3.24746216e-01 -4.06615133e-01 -4.76525995e-01 -5.29265613e-01 -5.71556100e-01 -5.98063700e-01 -5.96869206e-01 -5.66323190e-01 -5.21302842e-01 -4.68562454e-01 -3.79471422e-01 -2.82705277e-01 -1.88777538e-01 -9.48709987e-02 1.27560389e-02 1.09800522e-01 2.12760513e-01 2.87815260e-01 3.38434579e-01 3.53175380e-01 3.51710823e-01 3.29214022e-01 2.68117421e-01 1.80799294e-01 1.00578184e-01 -2.02265947e-02 -1.54506095e-01 -2.84520967e-01 -3.65277832e-01 -3.75837752e-01 -4.26566054e-01 -5.99792774e-01 -8.44275615e-01
1.70000000e+01 -3.15615767e-01 -2.61621103e-01 -4.61159260e-02 4.51511680e-03 5.89156931e-02 1.40054618e-01 2.25983938e-01 3.15153970e-01 4.05860629e-01 4.61912899e-01 5.35867933e-01 5.65152186e-01 5.63303427e-01 5.46713903e-01 5.16283198e-01 4.68272148e-01 4.03684601e-01 3.29897072e-01 2.48207268e-01 1.70031607e-01 8.96738244e-02 1.35315604e-02 -5.61923175e-02 -1.05239014e-01 -1.31650214e-01 -1.30048458e-01 -1.03493864e-01 -5.90155866e-02 -3.65853271e-03 5.93322518e-02 1.22340322e-01 1.86626379e-01 2.46627913e-01 2.98092624e-01 3.28463922e-01 3.42914333e-01 3.29734878e-01 2.95884113e-01 2.46261524e-01 1.93208309e-01 1.40204529e-01 8.07507823e-02 1.49671399e-02 -5.52375573e-02 -1.13949544e-01 -1.68779386e-01 -2.12779146e-01 -2.49363482e-01 -2.70066940e-01 -2.66832462e-01 -2.39441256e-01 -1.96455724e-01 -1.38749298e-01 -7.53924164e-02 -8.02964675e-03 5.77545781e-02 1.20196600e-01 1.73716262e-01 2.08793649e-01 2.21653504e-01 2.05677335e-01 1.60587847e-01 9.41605027e-02 1.37955350e-02 -6.91242830e-02 -1.54817837e-01 -2.37892001e-01 -3.21922361e-01 -4.03192182e-01 -4.73380193e-01 -5.26819493e-01 -5.70306552e-01 -5.97351703e-01 -5.95595880e-01 -5.63733595e-01 -5.18182635e-01 -4.64569212e-01 -3.74708661e-01 -2.79056029e-01 -1.86356115e-01 -9.48390743e-02 1.26919541e-02 1.07224153e-01 2.11345478e-01 2.85040763e-01 3.37851890e-01 3.52671427e-01 3.54022014e-01 3.29816880e-01 2.68483663e-01 1.81029750e-01 1.00409748e-01 -2.22673069e-02 -1.56344186e-01 -2.86334577e-01 -3.65801668e-01 -3.76398348e-01 -4.30030722e-01 -6.03580096e-01 -8.45492666e-01
1.71000000e+01 -3.03331637e-01 -2.59833476e-01 -4.24376204e-02 7.57376502e-03 5.97238626e-02 1.38386814e-01 2.23300361e-01 3.11140305e-01 4.01590478e-01 4.59067729e-01 5.32750987e-01 5.63078043e-01 5.62534319e-01 5.44882302e-01 5.13888808e-01 4.65547465e-01 4.00927398e-01 3.28013835e-01 2.47359365e-01 1.70721289e-01 9.21253395e-02 1.76500399e-02 -5.12310010e-02 -1.00054710e-01 -1.26994115e-01 -1.26301001e-01 -1.00853139e-01 -5.75494943e-02 -3.40747366e-03 5.81766405e-02 1.19705524e-01 1.82248053e-01 2.40731352e-01 2.91311597e-01 3.21593000e-01 3.36423791e-01 3.23977209e-01 2.91399821e-01 2.43110753e-01 1.91490160e-01 1.39926579e-01 8.12299196e-02 1.50039969e-02 -5.59116552e-02 -1.14014659e-01 -1.67617272e-01 -2.10158887e-01 -2.45359825e-01 -2.64910797e-01 -2.60537023e-01 -2.32893320e-01 -1.90106815e-01 -1.33473080e-01 -7.17261508e-02 -6.37684351e-03 5.80420078e-02 1.19124938e-01 1.71572361e-01 2.05593736e-01 2.17652349e-01 2.00988691e-01 1.55656150e-01 8.97566495e-02 1.06771197e-02 -7.04692632e-02 -1.54595630e-01 -2.36138232e-01 -3.19120958e-01 -3.99728291e-01 -4.70147717e-01 -5.24304196e-01 -5.68914753e-01 -5.96425932e-01 -5.94074103e-01 -5.60956713e-01 -5.14928166e-01 -4.60410385e-01 -3.69946483e-01 -2.75474973e-01 -1.84055916e-01 -9.47755535e-02 1.25957805e-02 1.04676467e-01 2.09804135e-01 2.82128180e-01 3.37122700e-01 3.52109677e-01 3.56104636e-01 3.30137958e-01 2.68562433e-01 1.81172456e-01 9.98016269e-02 -2.43047019e-02 -1.58113629e-01 -2.87896305e-01 -3.65925971e-01 -3.76940273e-01 -4.33286962e-01 -6.07105211e-01 -8.46712431e-01
1.72000000e+01 -2.90711835e-01 -2.57923099e-01 -3.86861495e-02 1.06043954e-02 6.06179653e-02 1.36682305e-01 2.20663946e-01 3.07281690e-01 3.97015496e-01 4.56242537e-01 5.29496547e-01 5.60698283e-01 5.61568036e-01 5.42957074e-01 5.11397289e-01 4.62748645e-01 3.98121784e-01 3.26123213e-01 2.46545216e-01 1.71404172e-01 9.45709598e-02 2.17924365e-02 -4.61748942e-02 -9.47266445e-02 -1.22178204e-01 -1.22410306e-01 -9.81169505e-02 -5.60236809e-02 -3.11381773e-03 5.70559800e-02 1.17128100e-01 1.77898317e-01 2.34803512e-01 2.84398852e-01 3.14567454e-01 3.29738882e-01 3.18079625e-01 2.86839796e-01 2.39970618e-01 1.89803400e-01 1.39691046e-01 8.17521295e-02 1.50387418e-02 -5.66363128e-02 -1.14102304e-01 -1.66435649e-01 -2.07509363e-01 -2.41266209e-01 -2.59601122e-01 -2.54062440e-01 -2.26212610e-01 -1.83654419e-01 -1.28196756e-01 -6.80808024e-02 -4.76957646e-03 5.82959469e-02 1.17992878e-01 1.69324000e-01 2.02241848e-01 2.13472947e-01 1.96126714e-01 1.50602160e-01 8.53080346e-02 7.57990957e-03 -7.17908769e-02 -1.54383384e-01 -2.34432822e-01 -3.16347362e-01 -3.96231954e-01 -4.66833540e-01 -5.21723003e-01 -5.67374419e-01 -5.95277282e-01 -5.92298902e-01 -5.57996151e-01 -5.11538394e-01 -4.56099011e-01 -3.65197689e-01 -2.71966747e-01 -1.81883627e-01 -9.46648270e-02 1.24543447e-02 1.02192224e-01 2.08112945e-01 2.79119295e-01 3.36216500e-01 3.51520404e-01 3.57911104e-01 3.30200616e-01 2.68353886e-01 1.81219649e-01 9.87549201e-02 -2.63150655e-02 -1.59829634e-01 -2.89206335e-01 -3.65652848e-01 -3.77471639e-01 -4.36332070e-01 -6.10369492e-01 -8.47930059e-01
1.73000000e+01 -2.77764560e-01 -2.55894061e-01 -3.48620628e-02 1.36017234e-02 6.15948317e-02 1.34951776e-01 2.18066693e-01 3.03592958e-01 3.92153181e-01 4.53416828e-01 5.26120285e-01 5.58017866e-01 5.60384743e-01 5.40938738e-01 5.08809785e-01 4.59882988e-01 3.95274774e-01 3.24228377e-01 2.45770576e-01 1.72082638e-01 9.70083974e-02 2.59505587e-02 -4.10307350e-02 -8.92619959e-02 -1.17206598e-01 -1.18377885e-01 -9.52874517e-02 -5.44387236e-02 -2.78045420e-03 5.59675410e-02 1.14606841e-01 1.73579384e-01 2.28850286e-01 2.77361835e-01 3.07392887e-01 3.22863670e-01 3.12045097e-01 2.82206952e-01 2.36844646e-01 1.88145527e-01 1.39487379e-01 8.23052895e-02 1.50698801e-02 -5.73995404e-02 -1.14201046e-01 -1.65230601e-01 -2.04833755e-01 -2.37086649e-01 -2.54138739e-01 -2.47416071e-01 -2.19404495e-01 -1.77107717e-01 -1.22924807e-01 -6.44595867e-02 -3.20276250e-03 5.85195444e-02 1.16803081e-01 1.66972218e-01 1.98740179e-01 2.09116935e-01 1.91096088e-01 1.45433738e-01 8.08226205e-02 4.50853726e-03 -7.30888477e-02 -1.54183772e-01 -2.32781089e-01 -3.13606739e-01 -3.92711594e-01 -4.63442906e-01 -5.19078353e-01 -5.65679509e-01 -5.93897157e-01 -5.90265840e-01 -5.54855370e-01 -5.08012313e-01 -4.51649254e-01 -3.60473880e-01 -2.68536060e-01 -1.79843818e-01 -9.44936044e-02 1.22557748e-02 9.98034206e-02 2.06250663e-01 2.76055494e-01 3.35103604e-01 3.50930998e-01 3.59396458e-01 3.30027468e-01 2.67859898e-01 1.81158892e-01 9.72787105e-02 -2.82794940e-02 -1.61506110e-01 -2.90264459e-01 -3.64989050e-01 -3.77996230e-01 -4.39164628e-01 -6.13376222e-01 -8.49138843e-01
1.74000000e+01 -2.64498854e-01 -2.53749814e-01 -3.09668548e-02 1.65627140e-02 6.26491553e-02 1.33207459e-01 2.15501766e-01 3.00082948e-01 3.87027793e-01 4.50566924e-01 5.22636811e-01 5.55044129e-01 5.58965184e-01 5.38827068e-01 5.06127129e-01 4.56957782e-01 3.92393396e-01 3.22332547e-01 2.45040553e-01 1.72759458e-01 9.94357074e-02 3.01165562e-02 -3.58053707e-02 -8.36682701e-02 -1.12083757e-01 -1.14205384e-01 -9.23666791e-02 -5.27950124e-02 -2.41006540e-03 5.49086789e-02 1.12140084e-01 1.69293212e-01 2.22877261e-01 2.70208558e-01 3.00074965e-01 3.15802971e-01 3.05876477e-01 2.77503965e-01 2.33736011e-01 1.86514408e-01 1.39305030e-01 8.28759644e-02 1.50959518e-02 -5.81876903e-02 -1.14299354e-01 -1.63999171e-01 -2.02135030e-01 -2.32824863e-01 -2.48524438e-01 -2.40605831e-01 -2.12474573e-01 -1.70476284e-01 -1.17661136e-01 -6.08657172e-02 -1.67089693e-03 5.87157070e-02 1.15557906e-01 1.64517955e-01 1.95091177e-01 2.04586202e-01 1.85901898e-01 1.40159015e-01 7.63082061e-02 1.46700877e-03 -7.43633230e-02 -1.53999547e-01 -2.31187752e-01 -3.10904097e-01 -3.89175480e-01 -4.59981329e-01 -5.16371819e-01 -5.63824305e-01 -5.92277505e-01 -5.87971023e-01 -5.51537655e-01 -5.04349105e-01 -4.47076150e-01 -3.55785534e-01 -2.65187676e-01 -1.77938802e-01 -9.42511563e-02 1.19899529e-02 9.75384222e-02 2.04199434e-01 2.72976457e-01 3.33756367e-01 3.50364763e-01 3.60519719e-01 3.29639434e-01 2.67084200e-01 1.80973444e-01 9.53899121e-02 -3.01843658e-02 -1.63155106e-01 -2.91070278e-01 -3.63945911e-01 -3.78513521e-01 -4.41784440e-01 -6.16130627e-01 -8.50330243e-01
1.75000000e+01 -2.50924622e-01 -2.51493093e-01 -2.70030576e-02 1.94865937e-02 6.37736695e-02 1.31462762e-01 2.12963927e-01 2.96754369e-01 3.81669839e-01 4.47666737e-01 5.19059254e-01 5.51786599e-01 5.57291072e-01 5.36620976e-01 5.03349881e-01 4.53980214e-01 3.89484674e-01 3.20439043e-01 2.44359542e-01 1.73437768e-01 1.01851314e-01 3.42829835e-02 -3.05057821e-02 -7.79532721e-02 -1.06814488e-01 -1.09894624e-01 -8.93565010e-02 -5.10928069e-02 -2.00508516e-03 5.38768638e-02 1.09725687e-01 1.65041507e-01 2.16889731e-01 2.62947533e-01 2.92619413e-01 3.08562373e-01 2.99576585e-01 2.72733197e-01 2.30647355e-01 1.84908283e-01 1.39133676e-01 8.34496235e-02 1.51154913e-02 -5.89856320e-02 -1.14385851e-01 -1.62739341e-01 -1.99415761e-01 -2.28484175e-01 -2.42759082e-01 -2.33640150e-01 -2.05428741e-01 -1.63769986e-01 -1.12409127e-01 -5.73023345e-02 -1.68123351e-04 5.88870790e-02 1.14259386e-01 1.61962094e-01 1.91297528e-01 1.99882923e-01 1.80549634e-01 1.34786360e-01 7.17724157e-02 -1.54131508e-03 -7.56148981e-02 -1.53833514e-01 -2.29656900e-01 -3.08244307e-01 -3.85631668e-01 -4.56454586e-01 -5.13604104e-01 -5.61803476e-01 -5.90410840e-01 -5.85411112e-01 -5.48046089e-01 -5.00548274e-01 -4.42395349e-01 -3.51142117e-01 -2.61926374e-01 -1.76168571e-01 -9.39294715e-02 1.16488786e-02 9.54212306e-02 2.01945768e-01 2.69918948e-01 3.32150328e-01 3.49839829e-01 3.61245109e-01 3.29054905e-01 2.66032428e-01 1.80642787e-01 9.31128729e-02 -3.20216157e-02 -1.64786342e-01 -2.91623450e-01 -3.62539164e-01 -3.79018842e-01 -4.44192414e-01 -6.18639893e-01 -8.51493924e-01
1.76000000e+01 -2.37052643e-01 -2.49125853e-01 -2.29742890e-02 2.23747913e-02 6.49593900e-02 1.29731868e-01 2.10449889e-01 2.93603874e-01 3.76115353e-01 4.44688631e-01 5.15398890e-01 5.48256757e-01 5.55345485e-01 5.34318415e-01 5.00478380e-01 4.50957279e-01 3.86555607e-01 3.18551338e-01 2.43731163e-01 1.74121035e-01 1.04254035e-01 3.84428588e-02 -2.51391052e-02 -7.21250748e-02 -1.01403966e-01 -1.05447648e-01 -8.62585688e-02 -4.93322949e-02 -1.56766224e-03 5.28697138e-02 1.07361003e-01 1.60825728e-01 2.10892716e-01 2.55587712e-01 2.85032027e-01 3.01148238e-01 2.93148298e-01 2.67896653e-01 2.27580607e-01 1.83325724e-01 1.38963409e-01 8.40109094e-02 1.51269774e-02 -5.97769802e-02 -1.14449545e-01 -1.61449972e-01 -1.96677950e-01 -2.24067434e-01 -2.36843730e-01 -2.26527918e-01 -1.98273255e-01 -1.56998863e-01 -1.07171710e-01 -5.37724247e-02 1.31168538e-03 5.90360211e-02 1.12909231e-01 1.59305513e-01 1.87362126e-01 1.95009597e-01 1.75045202e-01 1.29324333e-01 6.72226897e-02 -4.51373391e-03 -7.68446362e-02 -1.53688503e-01 -2.28191981e-01 -3.05632110e-01 -3.82087943e-01 -4.52868696e-01 -5.10775045e-01 -5.59612127e-01 -5.88290261e-01 -5.82583332e-01 -5.44383536e-01 -4.96609776e-01 -4.37622846e-01 -3.46552208e-01 -2.58756866e-01 -1.74530789e-01 -9.35233234e-02 1.12269361e-02 9.34709092e-02 1.99481340e-01 2.66915719e-01 3.30265219e-01 3.49368245e-01 3.61543080e-01 3.28289016e-01 2.64712078e-01 1.80143318e-01 9.04787453e-02 -3.37888039e-02 -1.66406833e-01 -2.91923957e-01 -3.60788624e-01 -3.79503661e-01 -4.46390407e-01 -6.20913146e-01 -8.52617819e-01
1.77000000e+01 -2.22894570e-01 -2.46649231e-01 -1.88852566e-02 2.52308158e-02 6.61959132e-02 1.28029349e-01 2.07958550e-01 2.90622322e-01 3.70405000e-01 4.41604338e-01 5.11664796e-01 5.44467769e-01 5.53113232e-01 5.31916289e-01 4.97512796e-01 4.47895703e-01 3.83613146e-01 3.16673093e-01 2.43158224e-01 1.74813023e-01 1.06643109e-01 4.25897185e-02 -1.97126501e-02 -6.61919870e-02 -9.58577390e-02 -1.00866769e-01 -8.30742721e-02 -4.75136464e-02 -1.09963005e-03 5.18850303e-02 1.05042869e-01 1.56647087e-01 2.04890980e-01 2.48138406e-01 2.77318695e-01 2.93567697e-01 2.86594655e-01 2.62995963e-01 2.24536832e-01 1.81765560e-01 1.38784902e-01 8.45439458e-02 1.51287888e-02 -6.05443755e-02 -1.14480004e-01 -1.60130715e-01 -1.93922848e-01 -2.19576977e-01 -2.30779761e-01 -2.19278428e-01 -1.91014788e-01 -1.50173022e-01 -1.01951444e-01 -5.02787296e-02 2.77483588e-03 5.91645854e-02 1.11508831e-01 1.56549134e-01 1.83288047e-01 1.89969087e-01 1.69394924e-01 1.23781649e-01 6.26662745e-02 -7.44821979e-03 -7.80540856e-02 -1.53567326e-01 -2.26795807e-01 -3.03072108e-01 -3.78551773e-01 -4.49229907e-01 -5.07883646e-01 -5.57245845e-01 -5.85909456e-01 -5.79485493e-01 -5.40552633e-01 -4.92534132e-01 -4.32774728e-01 -3.42023640e-01 -2.55683713e-01 -1.73020861e-01 -9.30302467e-02 1.07210619e-02 9.17011904e-02 1.96803596e-01 2.63994578e-01 3.28085829e-01 3.48955257e-01 3.61391149e-01 3.27353078e-01 2.63132375e-01 1.79449175e-01 8.75246436e-02 -3.54889822e-02 -1.68020622e-01 -2.91972387e-01 -3.58717758e-01 -3.79955997e-01 -4.48381024e-01 -6.22961412e-01 -8.53688211e-01
1.78000000e+01 -2.08462918e-01 -2.44063538e-01 -1.47417169e-02 2.80600723e-02 6.74717604e-02 1.26369774e-01 2.05491128e-01 2.87795242e-01 3.64583021e-01 4.38385908e-01 5.07863572e-01 5.40434171e-01 5.50581210e-01 5.29410402e-01 4.94453182e-01 4.44801862e-01 3.80664164e-01 3.14808189e-01 2.42642690e-01 1.75517752e-01 1.09018211e-01 4.67176684e-02 -1.42339146e-02 -6.01625233e-02 -9.01817330e-02 -9.61546117e-02 -7.98047014e-02 -4.56370634e-02 -6.02484017e-04 5.09208353e-02 1.02767593e-01 1.52506554e-01 1.98889066e-01 2.40609213e-01 2.69485417e-01 2.85828620e-01 2.79918943e-01 2.58032390e-01 2.21516094e-01 1.80226766e-01 1.38589529e-01 8.50326699e-02 1.51191789e-02 -6.12698147e-02 -1.14467496e-01 -1.58781883e-01 -1.91150802e-01 -2.15014620e-01 -2.24569001e-01 -2.11901309e-01 -1.83660475e-01 -1.43302522e-01 -9.67505955e-02 -4.68236494e-02 4.22771367e-03 5.92744909e-02 1.10059271e-01 1.53693974e-01 1.79078510e-01 1.84764663e-01 1.63605537e-01 1.18167139e-01 5.81102111e-02 -1.03434252e-02 -7.92452906e-02 -1.53472750e-01 -2.25470567e-01 -3.00568749e-01 -3.75030285e-01 -4.45544663e-01 -5.04928119e-01 -5.54700726e-01 -5.83262709e-01 -5.76116006e-01 -5.36555794e-01 -4.88322512e-01 -4.27866936e-01 -3.37563641e-01 -2.52711205e-01 -1.71632073e-01 -9.24504295e-02 1.01308130e-02 9.01202752e-02 1.93916125e-01 2.61177625e-01 3.25602680e-01 3.48598823e-01 3.60774483e-01 3.26254164e-01 2.61304051e-01 1.78533175e-01 8.42926125e-02 -3.71303627e-02 -1.69628642e-01 -2.91770213e-01 -3.56353166e-01 -3.80360924e-01 -4.50167405e-01 -6.24797539e-01 -8.54689846e-01
1.79000000e+01 -1.93771043e-01 -2.41368273e-01 -1.05503928e-02 3.08696264e-02 6.87747533e-02 1.24767363e-01 2.03051168e-01 2.85103461e-01 3.58696055e-01 4.35006665e-01 5.03999124e-01 5.36171540e-01 5.47738712e-01 5.26795427e-01 4.91299530e-01 4.41681710e-01 3.77715429e-01 3.12960751e-01 2.42185686e-01 1.76239448e-01 1.11379472e-01 5.08214284e-02 -8.71059284e-03 -5.40453758e-02 -8.43822504e-02 -9.13141674e-02 -7.64506183e-02 -4.37028223e-02 -7.73665952e-05 4.99754069e-02 1.00530958e-01 1.48404849e-01 1.92891306e-01 2.33009936e-01 2.61538339e-01 2.77939588e-01 2.73124795e-01 2.53006863e-01 2.18517364e-01 1.78708329e-01 1.38369448e-01 8.54611760e-02 1.50962787e-02 -6.19350248e-02 -1.14403082e-01 -1.57404304e-01 -1.88361124e-01 -2.10381679e-01 -2.18213844e-01 -2.04406463e-01 -1.76217946e-01 -1.36397282e-01 -9.15712266e-02 -4.34091434e-02 5.67667469e-03 5.93670988e-02 1.08561355e-01 1.50741183e-01 1.74736844e-01 1.79400041e-01 1.57684181e-01 1.12489705e-01 5.35613194e-02 -1.31986853e-02 -8.04207954e-02 -1.53407454e-01 -2.24217859e-01 -2.98126302e-01 -3.71530239e-01 -4.41819573e-01 -5.01905938e-01 -5.51973393e-01 -5.80344898e-01 -5.72473902e-01 -5.32395221e-01 -4.83976810e-01 -4.22915042e-01 -3.33178961e-01 -2.49843238e-01 -1.70355797e-01 -9.17865292e-02 9.45834262e-03 8.87308258e-02 1.90828801e-01 2.58480702e-01 3.22812500e-01 3.48289382e-01 3.59686238e-01 3.24994878e-01 2.59239035e-01 1.77367837e-01 8.08284413e-02 -3.87258043e-02 -1.71228690e-01 -2.91320058e-01 -3.53723976e-01 -3.80701168e-01 -4.51752981e-01 -6.26436093e-01 -8.55606061e-01
1.80000000e+01 -1.78833120e-01 -2.38562158e-01 -6.31885393e-03 3.36679245e-02 7.00924097e-02 1.23235659e-01 2.00644447e-01 2.82523900e-01 3.52791882e-01 4.31442140e-01 5.00072518e-01 5.31696132e-01 5.44577693e-01 5.24064921e-01 4.88051815e-01 4.38540731e-01 3.74773566e-01 3.11135158e-01 2.41787499e-01 1.76982499e-01 1.13727480e-01 5.48963737e-02 -3.15057452e-03 -4.78493896e-02 -7.84659626e-02 -8.63488305e-02 -7.30124377e-02 -4.17113092e-02 4.74940288e-04 4.90473134e-02 9.83282347e-02 1.44342443e-01 1.86901849e-01 2.25350513e-01 2.53483785e-01 2.69909831e-01 2.66216255e-01 2.47920027e-01 2.15538464e-01 1.77209103e-01 1.38117635e-01 8.58140597e-02 1.50581313e-02 -6.25218659e-02 -1.14278667e-01 -1.55999138e-01 -1.85551994e-01 -2.05679022e-01 -2.11717351e-01 -1.96803995e-01 -1.68695338e-01 -1.29466997e-01 -8.64152707e-02 -4.00366319e-02 7.12793057e-03 5.94433923e-02 1.07015643e-01 1.47692084e-01 1.70266449e-01 1.73879423e-01 1.51638388e-01 1.06758292e-01 4.90261773e-02 -1.60140124e-02 -8.15836396e-02 -1.53374001e-01 -2.23038720e-01 -2.95748820e-01 -3.68058028e-01 -4.38061363e-01 -4.98813913e-01 -5.49060987e-01 -5.77151499e-01 -5.68558844e-01 -5.28072930e-01 -4.79499678e-01 -4.17934062e-01 -3.28876005e-01 -2.47083182e-01 -1.69181747e-01 -9.10434239e-02 8.70829160e-03 8.75301436e-02 1.87557677e-01 2.55913054e-01 3.19718472e-01 3.48009876e-01 3.58127645e-01 3.23573297e-01 2.56950071e-01 1.75926453e-01 7.71803598e-02 -4.02921370e-02 -1.72815528e-01 -2.90625937e-01 -3.50861184e-01 -3.80957763e-01 -4.53141233e-01 -6.27893213e-01 -8.56418937e-01
1.81000000e+01 -1.63664101e-01 -2.35643199e-01 -2.05536391e-03 3.64644790e-02 7.14123457e-02 1.21787258e-01 1.98278760e-01 2.80030480e-01 3.46918108e-01 4.27670942e-01 4.96081916e-01 5.27024512e-01 5.41092983e-01 5.21211367e-01 4.84710032e-01 4.35383881e-01 3.71845016e-01 3.09336041e-01 2.41447618e-01 1.77751400e-01 1.16063282e-01 5.89385689e-02 2.43806290e-03 -4.15835430e-02 -7.24398951e-02 -8.12624383e-02 -6.94902219e-02 -3.96630480e-02 1.05401597e-03 4.81354408e-02 9.61542144e-02 1.40319549e-01 1.80924662e-01 2.17640939e-01 2.45328297e-01 2.61749179e-01 2.59197848e-01 2.42772309e-01 2.12576059e-01 1.75727662e-01 1.37827872e-01 8.60767538e-02 1.50027531e-02 -6.30127486e-02 -1.14087027e-01 -1.54567697e-01 -1.82720423e-01 -2.00907134e-01 -2.05083338e-01 -1.89104144e-01 -1.61101301e-01 -1.22521066e-01 -8.12846027e-02 -3.67069045e-02 8.58742973e-03 5.95039625e-02 1.05422489e-01 1.44548199e-01 1.65670769e-01 1.68207542e-01 1.45476057e-01 1.00981845e-01 4.45110928e-02 -1.87900807e-02 -8.27373453e-02 -1.53374810e-01 -2.21933670e-01 -2.93440104e-01 -3.64619670e-01 -4.34276823e-01 -4.95648284e-01 -5.45961160e-01 -5.73678583e-01 -5.64371149e-01 -5.23590788e-01 -4.74894540e-01 -4.12938291e-01 -3.24660924e-01 -2.44433756e-01 -1.68098282e-01 -9.02279147e-02 7.88760947e-03 8.65105165e-02 1.84124631e-01 2.53477248e-01 3.16330238e-01 3.47736056e-01 3.56107816e-01 3.21983107e-01 2.54450274e-01 1.74184171e-01 7.33976593e-02 -4.18493514e-02 -1.74381106e-01 -2.89693455e-01 -3.47796965e-01 -3.81110745e-01 -4.54335453e-01 -6.29186440e-01 -8.57109462e-01
1.82000000e+01 -1.48279666e-01 -2.32608764e-01 2.23129718e-03 3.92695312e-02 7.27226716e-02 1.20433584e-01 1.95963619e-01 2.77595133e-01 3.41120855e-01 4.23675558e-01 4.92022601e-01 5.22173179e-01 5.37282436e-01 5.18226269e-01 4.81274225e-01 4.32215564e-01 3.68935995e-01 3.07568278e-01 2.41164777e-01 1.78550704e-01 1.18388364e-01 6.29447967e-02 8.04707263e-03 -3.52569311e-02 -6.63114072e-02 -7.60593018e-02 -6.58836881e-02 -3.75587191e-02 1.65979599e-03 4.72390140e-02 9.40032557e-02 1.36336109e-01 1.74963539e-01 2.09891207e-01 2.37078675e-01 2.53467977e-01 2.52074614e-01 2.37563981e-01 2.09625688e-01 1.74262169e-01 1.37494692e-01 8.62358480e-02 1.49282172e-02 -6.33910512e-02 -1.13821795e-01 -1.53111235e-01 -1.79862256e-01 -1.96066187e-01 -1.98316439e-01 -1.81317223e-01 -1.53444976e-01 -1.15568549e-01 -7.61810936e-02 -3.34200406e-02 1.00607365e-02 5.95490047e-02 1.03782086e-01 1.41311260e-01 1.60953259e-01 1.62389695e-01 1.39205430e-01 9.51692823e-02 4.00220691e-02 -2.15281995e-02 -8.38858944e-02 -1.53412133e-01 -2.20902748e-01 -2.91203658e-01 -3.61220821e-01 -4.30472746e-01 -4.92404816e-01 -5.42672030e-01 -5.69922828e-01 -5.59911785e-01 -5.18950571e-01 -4.70165575e-01 -4.07941164e-01 -3.20539705e-01 -2.41896900e-01 -1.67092736e-01 -8.93483954e-02 7.00531908e-03 8.56597117e-02 1.80556787e-01 2.51169331e-01 3.12663665e-01 3.47437036e-01 3.53643313e-01 3.20213905e-01 2.51752634e-01 1.72119059e-01 6.95292845e-02 -4.34196840e-02 -1.75914885e-01 -2.88529953e-01 -3.44563960e-01 -3.81139876e-01 -4.55338514e-01 -6.30334512e-01 -8.57657725e-01
1.83000000e+01 -1.32696173e-01 -2.29455678e-01 6.53202944e-03 4.20937009e-02 7.40123693e-02 1.19184727e-01 1.93709860e-01 2.75188870e-01 3.35443479e-01 4.19443034e-01 4.87887088e-01 5.17158195e-01 5.33147016e-01 5.15100273e-01 4.77744498e-01 4.29039602e-01 3.66052444e-01 3.05836969e-01 2.40937032e-01 1.79384962e-01 1.20704634e-01 6.69125787e-02 1.36680667e-02 -2.88787535e-02 -6.00881649e-02 -7.07442279e-02 -6.21922311e-02 -3.53991711e-02 2.29256212e-03 4.63576071e-02 9.18693522e-02 1.32391782e-01 1.69022091e-01 2.02111247e-01 2.28742022e-01 2.45077021e-01 2.44852132e-01 2.32295235e-01 2.06681836e-01 1.72810263e-01 1.37113297e-01 8.62793851e-02 1.48327521e-02 -6.36415240e-02 -1.13477439e-01 -1.51630755e-01 -1.76972226e-01 -1.91156117e-01 -1.91422145e-01 -1.73453562e-01 -1.45735963e-01 -1.08618139e-01 -7.11066475e-02 -3.01753457e-02 1.15529110e-02 5.95783276e-02 1.02094511e-01 1.37983212e-01 1.56117372e-01 1.56431772e-01 1.32835063e-01 8.93294563e-02 3.55647624e-02 -2.42302743e-02 -8.50336978e-02 -1.53488043e-01 -2.19945562e-01 -2.89042651e-01 -3.57866782e-01 -4.26655853e-01 -4.89078920e-01 -5.39192134e-01 -5.65881529e-01 -5.55182386e-01 -5.14154025e-01 -4.65317673e-01 -4.02955158e-01 -3.16518231e-01 -2.39473669e-01 -1.66151759e-01 -8.84145052e-02 6.07223963e-03 8.49615892e-02 1.76885716e-01 2.48979253e-01 3.08740369e-01 3.47076102e-01 3.50757465e-01 3.18251665e-01 2.48869512e-01 1.69713101e-01 6.56224403e-02 -4.50266320e-02 -1.77404260e-01 -2.87144608e-01 -3.41194585e-01 -3.81025351e-01 -4.56152673e-01 -6.31357119e-01 -8.58043112e-01
1.84000000e+01 -1.16930596e-01 -2.26180332e-01 1.08376213e-02 4.49476364e-02 7.52716417e-02 1.18049325e-01 1.91529195e-01 2.72782875e-01 3.29925377e-01 4.14965524e-01 4.83665321e-01 5.11994828e-01 5.28690810e-01 5.11823337e-01 4.74121010e-01 4.25859232e-01 3.63199985e-01 3.04147402e-01 2.40761840e-01 1.80258675e-01 1.23014379e-01 7.08401882e-02 1.92925545e-02 -2.24583046e-02 -5.37781100e-02 -6.53225309e-02 -5.84149623e-02 -3.31854207e-02 2.95292844e-03 4.54911430e-02 8.97462176e-02 1.28485923e-01 1.63103734e-01 1.94310868e-01 2.20325784e-01 2.36587463e-01 2.37536518e-01 2.26966249e-01 2.03738037e-01 1.71368962e-01 1.36679442e-01 8.61971278e-02 1.47148500e-02 -6.37506738e-02 -1.13049213e-01 -1.50126810e-01 -1.74044060e-01 -1.86176686e-01 -1.84406826e-01 -1.65523451e-01 -1.37984277e-01 -1.01678148e-01 -6.60632178e-02 -2.69713101e-02 1.30683922e-02 5.95913769e-02 1.00359768e-01 1.34566202e-01 1.51166549e-01 1.50340281e-01 1.26373791e-01 8.34711207e-02 3.11444325e-02 -2.68987555e-02 -8.61855541e-02 -1.53604429e-01 -2.19061326e-01 -2.86959877e-01 -3.54562509e-01 -4.22832720e-01 -4.85665772e-01 -5.35520357e-01 -5.61552626e-01 -5.50185245e-01 -5.09202938e-01 -4.60356365e-01 -3.97991700e-01 -3.12602313e-01 -2.37164131e-01 -1.65261673e-01 -8.74367795e-02 5.10067776e-03 8.43968073e-02 1.73146468e-01 2.46891513e-01 3.04587019e-01 3.46611732e-01 3.47479474e-01 3.16079336e-01 2.45812128e-01 1.66953087e-01 6.17212613e-02 -4.66939366e-02 -1.78835059e-01 -2.85548458e-01 -3.37720356e-01 -3.80748487e-01 -4.56779408e-01 -6.32274638e-01 -8.58244521e-01
1.85000000e+01 -1.01000449e-01 -2.22778800e-01 1.51389619e-02 4.78416734e-02 7.64922228e-02 1.17034519e-01 1.89433707e-01 2.70349571e-01 3.24600898e-01 4.10240690e-01 4.79344960e-01 5.06697220e-01 5.23920973e-01 5.08384930e-01 4.70403962e-01 4.22677104e-01 3.60383867e-01 3.02505005e-01 2.40636163e-01 1.81176229e-01 1.25320226e-01 7.47266547e-02 2.49119901e-02 -1.60049643e-02 -4.73894256e-02 -5.98000313e-02 -5.45507636e-02 -3.09186441e-02 3.64182373e-03 4.46398809e-02 8.76273876e-02 1.24617561e-01 1.57211665e-01 1.86499720e-01 2.11837791e-01 2.28010742e-01 2.30134404e-01 2.21577252e-01 2.00786995e-01 1.69934593e-01 1.36189317e-01 8.59807857e-02 1.45733805e-02 -6.37071182e-02 -1.12533092e-01 -1.48599326e-01 -1.71070618e-01 -1.81127533e-01 -1.77277727e-01 -1.57537101e-01 -1.30200285e-01 -9.47565218e-02 -6.10528034e-02 -2.38055900e-02 1.46108867e-02 5.95872758e-02 9.85778284e-02 1.31062558e-01 1.46104221e-01 1.44122361e-01 1.19830695e-01 7.76028924e-02 2.67658903e-02 -2.95365785e-02 -8.73466003e-02 -1.53762996e-01 -2.18248898e-01 -2.84957715e-01 -3.51312621e-01 -4.19009702e-01 -4.82160442e-01 -5.31655859e-01 -5.56934728e-01 -5.44923316e-01 -5.04099220e-01 -4.55287734e-01 -3.93061122e-01 -3.08797709e-01 -2.34967288e-01 -1.64408804e-01 -8.64263119e-02 4.10409002e-03 8.39435992e-02 1.69376471e-01 2.44886011e-01 3.00234446e-01 3.45998799e-01 3.43843345e-01 3.13677555e-01 2.42590090e-01 1.63831379e-01 5.78655857e-02 -4.84445683e-02 -1.80192103e-01 -2.83754373e-01 -3.34171280e-01 -3.80292357e-01 -4.57219291e-01 -6.33107831e-01 -8.58240584e-01
1.86000000e+01 -8.49237194e-02 -2.19246959e-01 1.94272503e-02 5.07855164e-02 7.76676421e-02 1.16145950e-01 1.87435325e-01 2.67863648e-01 3.19498418e-01 4.05271924e-01 4.74911741e-01 5.01278094e-01 5.18847594e-01 5.04774267e-01 4.66593570e-01 4.19495301e-01 3.57608926e-01 3.00915283e-01 2.40556587e-01 1.82141836e-01 1.27625095e-01 7.85717575e-02 3.05178292e-02 -9.52818827e-03 -4.09305004e-02 -5.41830419e-02 -5.05983583e-02 -2.86001539e-02 4.36046991e-03 4.38043900e-02 8.55063347e-02 1.20785375e-01 1.51348843e-01 1.78687245e-01 2.03286292e-01 2.19358495e-01 2.22652894e-01 2.16128577e-01 1.97820725e-01 1.68502741e-01 1.35639428e-01 8.56241951e-02 1.44077024e-02 -6.35018990e-02 -1.11925693e-01 -1.47047441e-01 -1.68044064e-01 -1.76008216e-01 -1.70042949e-01 -1.49504603e-01 -1.22394637e-01 -8.78608547e-02 -5.60774240e-02 -2.06750131e-02 1.61832669e-02 5.95648809e-02 9.67486671e-02 1.27474757e-01 1.40933825e-01 1.37785778e-01 1.13215070e-01 7.17332102e-02 2.24334413e-02 -3.21470966e-02 -8.85222514e-02 -1.53965278e-01 -2.17506822e-01 -2.83038108e-01 -3.48121400e-01 -4.15192858e-01 -4.78558024e-01 -5.27597981e-01 -5.52027148e-01 -5.39400211e-01 -4.98844976e-01 -4.50118308e-01 -3.88172617e-01 -3.05110114e-01 -2.32881014e-01 -1.63579802e-01 -8.53944333e-02 3.09671250e-03 8.35786031e-02 1.65614349e-01 2.42939051e-01 2.95716605e-01 3.45189916e-01 3.39886663e-01 3.11025432e-01 2.39210971e-01 1.60346495e-01 5.40898746e-02 -5.02997528e-02 -1.81459802e-01 -2.81776956e-01 -3.30575299e-01 -3.79642365e-01 -4.57471917e-01 -6.33877521e-01 -8.58009904e-01
1.87000000e+01 -6.87187874e-02 -2.15580616e-01 2.36941936e-02 5.37879495e-02 7.87934352e-02 1.15387809e-01 1.85545301e-01 2.65302996e-01 3.14639594e-01 4.00068392e-01 4.70349913e-01 4.95748499e-01 5.13483500e-01 5.00980558e-01 4.62690021e-01 4.16315359e-01 3.54879538e-01 2.99383749e-01 2.40519446e-01 1.83159471e-01 1.29932140e-01 8.23760096e-02 3.61015922e-02 -3.03749330e-03 -3.44098933e-02 -4.84783396e-02 -4.65563957e-02 -2.62313634e-02 5.11035590e-03 4.29855127e-02 8.33765931e-02 1.16987675e-01 1.45517958e-01 1.70882646e-01 1.94679990e-01 2.10642489e-01 2.15099507e-01 2.10620706e-01 1.94830703e-01 1.67068205e-01 1.35026489e-01 8.51234444e-02 1.42177656e-02 -6.31287409e-02 -1.11224193e-01 -1.45469360e-01 -1.64956057e-01 -1.70818236e-01 -1.62711410e-01 -1.41435901e-01 -1.14578191e-01 -8.09984247e-02 -5.11390788e-02 -1.75756097e-02 1.77874809e-02 5.95228535e-02 9.48722858e-02 1.23805384e-01 1.35658829e-01 1.31338921e-01 1.06536387e-01 6.58702901e-02 1.81508308e-02 -3.47340125e-02 -8.97181295e-02 -1.54212652e-01 -2.16833359e-01 -2.81202527e-01 -3.44992797e-01 -4.11387886e-01 -4.74853755e-01 -5.23346165e-01 -5.46829946e-01 -5.33620198e-01 -4.93442577e-01 -4.44854940e-01 -3.83334237e-01 -3.01545118e-01 -2.30902018e-01 -1.62761929e-01 -8.43524180e-02 2.09315151e-03 8.32777333e-02 1.61898712e-01 2.41024427e-01 2.91069428e-01 3.44136870e-01 3.35649270e-01 3.08101398e-01 2.35679969e-01 1.56503518e-01 5.04223128e-02 -5.22780699e-02 -1.82622763e-01 -2.79632384e-01 -3.26957827e-01 -3.78786728e-01 -4.57535890e-01 -6.34604249e-01 -8.57531283e-01
1.88000000e+01 -5.24043425e-02 -2.11775631e-01 2.79321874e-02 5.68565873e-02 7.98672982e-02 1.14762923e-01 1.83773696e-01 2.62649507e-01 3.10038825e-01 3.94644896e-01 4.65642722e-01 4.90117616e-01 5.07843983e-01 4.96993282e-01 4.58693437e-01 4.13138300e-01 3.52199582e-01 2.97915842e-01 2.40520956e-01 1.84232804e-01 1.32244701e-01 8.61406303e-02 4.16549342e-02 3.45756221e-03 -2.78362994e-02 -4.26931257e-02 -4.24235476e-02 -2.38137369e-02 5.89320573e-03 4.21843160e-02 8.12318866e-02 1.13222379e-01 1.39721404e-01 1.63094848e-01 1.86028070e-01 2.01874551e-01 2.07482100e-01 2.05054309e-01 1.91808009e-01 1.65624976e-01 1.34347333e-01 8.44769404e-02 1.40041923e-02 -6.25842410e-02 -1.10426231e-01 -1.43862245e-01 -1.61797949e-01 -1.65557054e-01 -1.55292795e-01 -1.33340772e-01 -1.06761927e-01 -7.41762279e-02 -4.62396916e-02 -1.45026670e-02 1.94244778e-02 5.94597428e-02 9.29487338e-02 1.20057093e-01 1.30282769e-01 1.24790770e-01 9.98042672e-02 6.00220769e-02 1.39211917e-02 -3.73013117e-02 -9.09399831e-02 -1.54506357e-01 -2.16226520e-01 -2.79451963e-01 -3.41930418e-01 -4.07600055e-01 -4.71043131e-01 -5.18899874e-01 -5.41343962e-01 -5.27588196e-01 -4.87894716e-01 -4.39504693e-01 -3.78552895e-01 -2.98108151e-01 -2.29025836e-01 -1.61943294e-01 -8.33112179e-02 1.10793388e-03 8.30170722e-02 1.58266967e-01 2.39114551e-01 2.86329628e-01 3.42792107e-01 3.31171885e-01 3.04884056e-01 2.31999653e-01 1.52314283e-01 4.68841193e-02 -5.43946585e-02 -1.83666396e-01 -2.77338196e-01 -3.23341372e-01 -3.77716866e-01 -4.57408859e-01 -6.35307907e-01 -8.56783962e-01
1.89000000e+01 -3.59993022e-02 -2.07828034e-01 3.21344718e-02 5.99976704e-02 8.08891819e-02 1.14272886e-01 1.82128918e-01 2.59889749e-01 3.05702942e-01 3.89021547e-01 4.60772954e-01 4.84392612e-01 5.01946479e-01 4.92802464e-01 4.54603829e-01 4.09964677e-01 3.49572398e-01 2.96516839e-01 2.40557354e-01 1.85365138e-01 1.34566251e-01 8.98675062e-02 4.71697189e-02 9.94740593e-03 -2.12185196e-02 -3.68349753e-02 -3.81986144e-02 -2.13487252e-02 6.71094000e-03 4.14020361e-02 7.90662574e-02 1.09487003e-01 1.33961254e-01 1.55332468e-01 1.77340212e-01 1.93066513e-01 1.99808788e-01 1.99430263e-01 1.88743476e-01 1.64166232e-01 1.33598834e-01 8.36854203e-02 1.37683283e-02 -6.18679797e-02 -1.09529829e-01 -1.42222129e-01 -1.58560984e-01 -1.60224103e-01 -1.47797485e-01 -1.25228820e-01 -9.89568660e-02 -6.74010179e-02 -4.13810482e-02 -1.14508069e-02 2.10941538e-02 5.93740780e-02 9.09781164e-02 1.16232562e-01 1.24809294e-01 1.18150869e-01 9.30284444e-02 5.41961911e-02 9.74699739e-03 -3.98532029e-02 -9.21935972e-02 -1.54847517e-01 -2.15684105e-01 -2.77786904e-01 -3.38937515e-01 -4.03834163e-01 -4.67122005e-01 -5.14258521e-01 -5.35570858e-01 -5.21309770e-01 -4.82204454e-01 -4.34074722e-01 -3.73834397e-01 -2.94804390e-01 -2.27246858e-01 -1.61113049e-01 -8.22812290e-02 1.55028594e-04 8.27737558e-02 1.54754206e-01 2.37181560e-01 2.81533493e-01 3.41110205e-01 3.26494702e-01 3.01353044e-01 2.28169826e-01 1.47797351e-01 4.34890918e-02 -5.66605541e-02 -1.84577486e-01 -2.74913029e-01 -3.19745264e-01 -3.76427685e-01 -4.57087623e-01 -6.36007380e-01 -8.55747847e-01
1.90000000e+01 -1.95227270e-02 -2.03734133e-01 3.62952575e-02 6.32159131e-02 8.18613247e-02 1.13918196e-01 1.80617316e-01 2.57015441e-01 3.01631128e-01 3.83223272e-01 4.55723500e-01 4.78578560e-01 4.95810191e-01 4.88398950e-01 4.50421064e-01 4.06794616e-01 3.47000759e-01 2.95191765e-01 2.40625032e-01 1.86559337e-01 1.36900350e-01 9.35591421e-02 5.26380957e-02 1.64224874e-02 -1.45654326e-02 -3.09117809e-02 -3.38806353e-02 -1.88376902e-02 7.56563005e-03 4.06400180e-02 7.68741880e-02 1.05778654e-01 1.28239240e-01 1.47603788e-01 1.68626610e-01 1.84230156e-01 1.92087858e-01 1.93749661e-01 1.85627824e-01 1.62684342e-01 1.32777854e-01 8.27519118e-02 1.35122587e-02 -6.09825473e-02 -1.08533302e-01 -1.40543857e-01 -1.55236484e-01 -1.54818801e-01 -1.40236472e-01 -1.17109469e-01 -9.11739766e-02 -6.06793422e-02 -3.65647290e-02 -8.41408517e-03 2.27953217e-02 5.92644627e-02 8.89605973e-02 1.12334448e-01 1.19242220e-01 1.11429271e-01 8.62187407e-02 4.83998738e-02 5.63002395e-03 -4.23940673e-02 -9.34846969e-02 -1.55237158e-01 -2.15203735e-01 -2.76207338e-01 -3.36016974e-01 -4.00094480e-01 -4.63086669e-01 -5.09421426e-01 -5.29513150e-01 -5.14791128e-01 -4.76375245e-01 -4.28572162e-01 -3.69183487e-01 -2.91638651e-01 -2.25558386e-01 -1.60261530e-01 -8.12720910e-02 -7.52635137e-04 8.25268071e-02 1.51392191e-01 2.35198357e-01 2.76715725e-01 3.39049309e-01 3.21656013e-01 2.97489853e-01 2.24187496e-01 1.42977758e-01 4.02433989e-02 -5.90821824e-02 -1.85344729e-01 -2.72376308e-01 -3.16185489e-01 -3.74917736e-01 -4.56568282e-01 -6.36720173e-01 -8.54403733e-01
1.91000000e+01 -2.99373784e-03 -1.99490611e-01 4.04098181e-02 6.65144054e-02 8.27882270e-02 1.13698429e-01 1.79242855e-01 2.54023764e-01 2.97815073e-01 3.77279155e-01 4.50477947e-01 4.72678416e-01 4.89455678e-01 4.83774668e-01 4.46144839e-01 4.03627863e-01 3.44486840e-01 2.93945303e-01 2.40720660e-01 1.87817768e-01 1.39250604e-01 9.72186002e-02 5.80525792e-02 2.28733219e-02 -7.88596994e-03 -2.49316911e-02 -2.94690002e-02 -1.62818197e-02 8.45944497e-03 3.98996548e-02 7.46507141e-02 1.02094030e-01 1.22556730e-01 1.39916724e-01 1.59897964e-01 1.75377172e-01 1.84327683e-01 1.88013810e-01 1.82451787e-01 1.61170902e-01 1.31881207e-01 8.16816510e-02 1.32387811e-02 -5.99334868e-02 -1.07435192e-01 -1.38821067e-01 -1.51816018e-01 -1.49340569e-01 -1.32621262e-01 -1.08991981e-01 -8.34240936e-02 -5.40175770e-02 -3.17920440e-02 -5.38611210e-03 2.45257094e-02 5.91296670e-02 8.68963937e-02 1.08365349e-01 1.13585581e-01 1.04636488e-01 7.93850357e-02 4.26399297e-02 1.57132037e-03 -4.49284176e-02 -9.48188470e-02 -1.55676221e-01 -2.14782889e-01 -2.74712742e-01 -3.33171304e-01 -3.96384719e-01 -4.58933917e-01 -5.04387779e-01 -5.23174233e-01 -5.08039114e-01 -4.70410957e-01 -4.23004039e-01 -3.64603907e-01 -2.88615245e-01 -2.23952733e-01 -1.59380350e-01 -8.02925171e-02 -1.60362034e-03 8.22578719e-02 1.48208485e-01 2.33139567e-01 2.71908353e-01 3.36572462e-01 3.16690901e-01 2.93278584e-01 2.20046984e-01 1.37886531e-01 3.71456268e-02 -6.16610251e-02 -1.85959199e-01 -2.69747912e-01 -3.12674629e-01 -3.73189269e-01 -4.55846455e-01 -6.37462055e-01 -8.52733513e-01
1.92000000e+01 1.35685655e-02 -1.95094606e-01 4.44745454e-02 6.98945727e-02 8.36765667e-02 1.13612400e-01 1.78006883e-01 2.50917454e-01 2.94239368e-01 3.71221639e-01 4.45021164e-01 4.66693054e-01 4.82904422e-01 4.78922873e-01 4.41774666e-01 4.00463836e-01 3.42032189e-01 2.92781705e-01 2.40841301e-01 1.89142245e-01 1.41620630e-01 1.00849430e-01 6.34061292e-02 2.92905400e-02 -1.18909264e-03 -1.89030507e-02 -2.49635578e-02 -1.36820381e-02 9.39459263e-03 3.91823282e-02 7.23915251e-02 9.84294356e-02 1.16914720e-01 1.32278800e-01 1.51165473e-01 1.66519132e-01 1.76536643e-01 1.82224205e-01 1.79206224e-01 1.59616778e-01 1.30905636e-01 8.04819608e-02 1.29513397e-02 -5.87291560e-02 -1.06234199e-01 -1.37046203e-01 -1.48291533e-01 -1.43788856e-01 -1.24963758e-01 -1.00885475e-01 -7.57178301e-02 -4.74219535e-02 -2.70639713e-02 -2.36019148e-03 2.62819896e-02 5.89687099e-02 8.47857685e-02 1.04327771e-01 1.07843686e-01 9.77834239e-02 7.25372398e-02 3.69226702e-02 -2.42881044e-03 -4.74608654e-02 -9.62013518e-02 -1.56165575e-01 -2.14418950e-01 -2.73302085e-01 -3.30402624e-01 -3.92707999e-01 -4.54661090e-01 -4.99156636e-01 -5.16558411e-01 -5.01061194e-01 -4.64315866e-01 -4.17377183e-01 -3.60098470e-01 -2.85737831e-01 -2.22421361e-01 -1.58462464e-01 -7.93501488e-02 -2.38837470e-03 8.19518154e-02 1.45225747e-01 2.30982378e-01 2.67139772e-01 3.33648807e-01 3.11630041e-01 2.88706628e-01 2.15740163e-01 1.32559998e-01 3.41870765e-02 -6.43934702e-02 -1.86414733e-01 -2.67047813e-01 -3.09221906e-01 -3.71248154e-01 -4.54917533e-01 -6.38246718e-01 -8.50720360e-01
1.93000000e+01 3.01451820e-02 -1.90543781e-01 4.84869657e-02 7.33561924e-02 8.45350635e-02 1.13658337e-01 1.76908008e-01 2.47704707e-01 2.90882105e-01 3.65085613e-01 4.39339877e-01 4.60621363e-01 4.76178378e-01 4.73838359e-01 4.37309888e-01 3.97301672e-01 3.39637712e-01 2.91704714e-01 2.40984499e-01 1.90533987e-01 1.44014019e-01 1.04455590e-01 6.86922311e-02 3.56649433e-02 5.51623044e-03 -1.28343408e-02 -2.03647183e-02 -1.10389179e-02 1.03732564e-02 3.84893555e-02 7.00930477e-02 9.47808025e-02 1.11313821e-01 1.24697124e-01 1.42440810e-01 1.57667453e-01 1.68723055e-01 1.76382499e-01 1.75882222e-01 1.58012172e-01 1.29847815e-01 7.91620927e-02 1.26539205e-02 -5.73805109e-02 -1.04929139e-01 -1.35210569e-01 -1.44655464e-01 -1.38163176e-01 -1.17276137e-01 -9.27989525e-02 -6.80654960e-02 -4.08985780e-02 -2.23811046e-02 6.70523254e-04 2.80598442e-02 5.87809234e-02 8.26290207e-02 1.00224102e-01 1.02021167e-01 9.08813035e-02 6.56852678e-02 3.12538610e-02 -6.37082149e-03 -4.99960940e-02 -9.76371580e-02 -1.56706021e-01 -2.14109246e-01 -2.71973830e-01 -3.27712660e-01 -3.89066818e-01 -4.50266101e-01 -4.93726929e-01 -5.09670908e-01 -4.93865452e-01 -4.58094643e-01 -4.11698174e-01 -3.55669150e-01 -2.83009236e-01 -2.20955038e-01 -1.57502208e-01 -7.84514263e-02 -3.09954152e-03 8.15971588e-02 1.42461185e-01 2.28707263e-01 2.62433907e-01 3.30254615e-01 3.06498645e-01 2.83765225e-01 2.11256808e-01 1.27038898e-01 3.13523014e-02 -6.72708489e-02 -1.86708232e-01 -2.64295712e-01 -3.05833327e-01 -3.69103705e-01 -4.53776977e-01 -6.39085465e-01 -8.48348907e-01
1.94000000e+01 4.67172830e-02 -1.85836367e-01 5.24457184e-02 7.68974663e-02 8.53742947e-02 1.13834038e-01 1.75942079e-01 2.44398883e-01 2.87715672e-01 3.58907415e-01 4.33423212e-01 4.54460392e-01 4.69299527e-01 4.68517644e-01 4.32749690e-01 3.94140274e-01 3.37303653e-01 2.90717488e-01 2.41148350e-01 1.91993588e-01 1.46434311e-01 1.08041357e-01 7.39049760e-02 4.19875596e-02 1.22210449e-02 -6.73412368e-03 -1.56735451e-02 -8.35259751e-03 1.13975306e-02 3.78219424e-02 6.77525136e-02 9.11437223e-02 1.05754262e-01 1.17178365e-01 1.33736083e-01 1.48833384e-01 1.60895111e-01 1.70490460e-01 1.72471185e-01 1.56346707e-01 1.28704378e-01 7.77330310e-02 1.23509142e-02 -5.59008155e-02 -1.03518908e-01 -1.33304415e-01 -1.40900796e-01 -1.32463155e-01 -1.09570715e-01 -8.47413381e-02 -6.04770221e-02 -3.44534401e-02 -1.77436118e-02 3.71285972e-03 2.98540613e-02 5.85659949e-02 8.04264784e-02 9.60566010e-02 9.61230280e-02 8.39415985e-02 5.88390117e-02 2.56386743e-02 -1.02559229e-02 -5.25388322e-02 -9.91307651e-02 -1.57298287e-01 -2.13851098e-01 -2.70725941e-01 -3.25102745e-01 -3.85463032e-01 -4.45747440e-01 -4.88097498e-01 -5.02517884e-01 -4.86460566e-01 -4.51752330e-01 -4.05973285e-01 -3.51317170e-01 -2.80431275e-01 -2.19544041e-01 -1.56495329e-01 -7.76014720e-02 -3.73217705e-03 8.11863490e-02 1.39926185e-01 2.26298564e-01 2.57809549e-01 3.26374109e-01 3.01315596e-01 2.78449900e-01 2.06585078e-01 1.21367316e-01 2.86198631e-02 -7.02796597e-02 -1.86839856e-01 -2.61510677e-01 -3.02511916e-01 -3.66768394e-01 -4.52420642e-01 -6.39986928e-01 -8.45605388e-01
1.95000000e+01 6.32662814e-02 -1.80971194e-01 5.63504970e-02 8.05151456e-02 8.62064697e-02 1.14137008e-01 1.75102285e-01 2.41018024e-01 2.84707730e-01 3.52723769e-01 4.27263183e-01 4.48205556e-01 4.62289439e-01 4.62959116e-01 4.28093149e-01 3.90978350e-01 3.35029594e-01 2.89822528e-01 2.41331543e-01 1.93521008e-01 1.48884960e-01 1.11611237e-01 7.90391392e-02 4.82497003e-02 1.89164340e-02 -6.10989918e-04 -1.08918356e-02 -5.62271142e-03 1.24693570e-02 3.71811436e-02 6.53680075e-02 8.75134922e-02 1.00235893e-01 1.09728739e-01 1.25063782e-01 1.40027991e-01 1.53060832e-01 1.64549915e-01 1.68964903e-01 1.54609517e-01 1.27471961e-01 7.62072609e-02 1.20469542e-02 -5.43052819e-02 -1.02002470e-01 -1.31317062e-01 -1.37021114e-01 -1.26688577e-01 -1.01859800e-01 -7.67215158e-02 -5.29618892e-02 -2.80924114e-02 -1.31512056e-02 6.77344824e-03 3.16586650e-02 5.83239825e-02 7.81784953e-02 9.18273877e-02 9.01546763e-02 7.69759494e-02 5.20083132e-02 2.00816507e-02 -1.40860768e-02 -5.50938239e-02 -1.00686146e-01 -1.57943025e-01 -2.13641871e-01 -2.69555889e-01 -3.22573826e-01 -3.81897832e-01 -4.41104170e-01 -4.82267142e-01 -4.95106440e-01 -4.78855792e-01 -4.45294296e-01 -4.00208463e-01 -3.47043098e-01 -2.78004566e-01 -2.18178364e-01 -1.55439002e-01 -7.68039866e-02 -4.28386722e-03 8.07158642e-02 1.37626100e-01 2.23744934e-01 2.53279858e-01 3.22000058e-01 2.96092800e-01 2.72760745e-01 2.01712077e-01 1.15591489e-01 2.59632791e-02 -7.34019682e-02 -1.86813104e-01 -2.58710799e-01 -2.99258027e-01 -3.64257479e-01 -4.50845120e-01 -6.40956834e-01 -8.42477757e-01
1.96000000e+01 7.97738948e-02 -1.75947702e-01 6.02019563e-02 8.42047024e-02 8.70451716e-02 1.14564584e-01 1.74379357e-01 2.37584209e-01 2.81822315e-01 3.46570713e-01 4.20855121e-01 4.41850885e-01 4.55168851e-01 4.57163138e-01 4.23339289e-01 3.87814447e-01 3.32814457e-01 2.89021620e-01 2.41533377e-01 1.95115578e-01 1.51369304e-01 1.15169864e-01 8.40902558e-02 5.44430134e-02 2.55935429e-02 5.52649029e-03 -6.02218626e-03 -2.84833839e-03 1.35904665e-02 3.65678311e-02 6.29384968e-02 8.38851717e-02 9.47581955e-02 1.02353992e-01 1.16436713e-01 1.31262140e-01 1.45228021e-01 1.58562693e-01 1.65355620e-01 1.52789347e-01 1.26147277e-01 7.45984997e-02 1.17467392e-02 -5.26106465e-02 -1.00378858e-01 -1.29237053e-01 -1.33010616e-01 -1.20839437e-01 -9.41555542e-02 -6.87483710e-02 -4.55290659e-02 -2.18212299e-02 -8.60312892e-03 9.85853944e-03 3.34670719e-02 5.80553012e-02 7.58854536e-02 8.75384502e-02 8.41219590e-02 6.99960866e-02 4.52029332e-02 1.45866734e-02 -1.78639870e-02 -5.76657887e-02 -1.02306686e-01 -1.58640796e-01 -2.13479026e-01 -2.68460673e-01 -3.20126472e-01 -3.78371727e-01 -4.36335901e-01 -4.76234684e-01 -4.87444610e-01 -4.71060936e-01 -4.38726192e-01 -3.94409312e-01 -3.42846945e-01 -2.75728339e-01 -2.16847950e-01 -1.54331829e-01 -7.60611725e-02 -4.75473803e-03 8.01861601e-02 1.35560210e-01 2.21039633e-01 2.48852052e-01 3.17134120e-01 2.90834787e-01 2.66702540e-01 1.96624505e-01 1.09758516e-01 2.33521280e-02 -7.66159665e-02 -1.86634788e-01 -2.55912874e-01 -2.96069721e-01 -3.61588555e-01 -4.49048074e-01 -6.41997821e-01 -8.38955784e-01
1.97000000e+01 9.62222047e-02 -1.70765939e-01 6.40015877e-02 8.79605420e-02 8.79050726e-02 1.15114018e-01 1.73761880e-01 2.34122761e-01 2.79021052e-01 3.40482527e-01 4.14198015e-01 4.35389319e-01 4.47957280e-01 4.51132120e-01 4.18487149e-01 3.84646972e-01 3.30656529e-01 2.88315776e-01 2.41753753e-01 1.96776029e-01 1.53890524e-01 1.18721900e-01 8.90546921e-02 6.05595338e-02 3.22436041e-02 1.16698134e-02 -1.06804233e-03 -2.79714499e-05 1.47623270e-02 3.59826681e-02 6.04638430e-02 8.02536519e-02 8.93203028e-02 9.50593980e-02 1.07867921e-01 1.22546491e-01 1.37404241e-01 1.52530576e-01 1.61636073e-01 1.50874668e-01 1.24727197e-01 7.29213998e-02 1.14548485e-02 -5.08346978e-02 -9.86472046e-02 -1.27052320e-01 -1.28864121e-01 -1.14915980e-01 -8.64698499e-02 -6.08308271e-02 -3.81869551e-02 -1.56454733e-02 -4.09815423e-03 1.29738235e-02 3.52722682e-02 5.77606826e-02 7.35477725e-02 8.31916549e-02 7.80311852e-02 6.30137503e-02 3.84325199e-02 9.15695479e-03 -2.15930854e-02 -6.02593722e-02 -1.03995133e-01 -1.59392066e-01 -2.13360165e-01 -2.67436842e-01 -3.17760883e-01 -3.74884526e-01 -4.31442757e-01 -4.69999053e-01 -4.79541356e-01 -4.63086319e-01 -4.32053889e-01 -3.88581099e-01 -3.38728248e-01 -2.73600276e-01 -2.15542926e-01 -1.53173809e-01 -7.53736972e-02 -5.14735660e-03 7.96014592e-02 1.33721842e-01 2.18180649e-01 2.44527277e-01 3.11786926e-01 2.85538571e-01 2.60284711e-01 1.91309350e-01 1.03915021e-01 2.07532725e-02 -7.98966716e-02 -1.86314899e-01 -2.53132130e-01 -2.92943188e-01 -3.58781053e-01 -4.47028577e-01 -6.43109312e-01 -8.35031113e-01
1.98000000e+01 1.12593710e-01 -1.65426539e-01 6.77515708e-02 9.17762472e-02 8.88016313e-02 1.15782547e-01 1.73236689e-01 2.30661339e-01 2.76264435e-01 3.34490716e-01 4.07294765e-01 4.28813044e-01 4.40672659e-01 4.44870535e-01 4.13535875e-01 3.81474200e-01 3.28553502e-01 2.87705189e-01 2.41993148e-01 1.98500534e-01 1.56451610e-01 1.22271940e-01 9.39297094e-02 6.65917288e-02 3.88579636e-02 1.78105871e-02 3.96627085e-03 2.84048715e-03 1.59861009e-02 3.54260884e-02 5.79447962e-02 7.66137362e-02 8.39210216e-02 8.78497609e-02 9.93705910e-02 1.13891490e-01 1.29596782e-01 1.46455251e-01 1.57799530e-01 1.48853800e-01 1.23208834e-01 7.11912295e-02 1.11755640e-02 -4.89957725e-02 -9.68067848e-02 -1.24750364e-01 -1.24577074e-01 -1.08918749e-01 -7.88141409e-02 -5.29778746e-02 -3.09433507e-02 -9.57051887e-03 3.65402272e-04 1.61242564e-02 3.70670000e-02 5.74411104e-02 7.11659221e-02 7.87887640e-02 7.18891454e-02 5.60406105e-02 3.17065728e-02 3.79503764e-03 -2.52775136e-02 -6.28790826e-02 -1.05753575e-01 -1.60197177e-01 -2.13283078e-01 -2.66480526e-01 -3.15476901e-01 -3.71435327e-01 -4.26425330e-01 -4.63559377e-01 -4.71406542e-01 -4.54942743e-01 -4.25283416e-01 -3.82728768e-01 -3.34686159e-01 -2.71616356e-01 -2.14253837e-01 -1.51966262e-01 -7.47407112e-02 -5.46652457e-03 7.89693911e-02 1.32098661e-01 2.15170670e-01 2.40300682e-01 3.05977883e-01 2.80193794e-01 2.53521129e-01 1.85754605e-01 9.81058149e-02 1.81321570e-02 -8.32167368e-02 -1.85866355e-01 -2.50381984e-01 -2.89873206e-01 -3.55855691e-01 -4.44787409e-01 -6.44287453e-01 -8.30697293e-01
1.99000000e+01 1.28871379e-01 -1.59930697e-01 7.14546023e-02 9.56448462e-02 8.97507805e-02 1.16567418e-01 1.72789351e-01 2.27228946e-01 2.73513121e-01 3.28623064e-01 4.00152328e-01 4.22113857e-01 4.33331020e-01 4.38384907e-01 4.08484809e-01 3.78294274e-01 3.26502531e-01 2.87189187e-01 2.42252570e-01 2.00286766e-01 1.59055314e-01 1.25824414e-01 9.87135180e-02 7.25325396e-02 4.54281057e-02 2.39405732e-02 9.07553471e-03 5.75970473e-03 1.72626113e-02 3.48982796e-02 5.53829751e-02 7.29602323e-02 7.85588644e-02 8.07294263e-02 9.09579434e-02 1.05307349e-01 1.21812657e-01 1.40338273e-01 1.53839809e-01 1.46715049e-01 1.21589617e-01 6.94235436e-02 1.09127097e-02 -4.71122437e-02 -9.48570704e-02 -1.22318438e-01 -1.20145549e-01 -1.02848606e-01 -7.11993440e-02 -4.51985885e-02 -2.38054059e-02 -3.60149268e-03 4.78965210e-03 1.93138994e-02 3.88439673e-02 5.70977377e-02 6.87404427e-02 7.43314568e-02 6.57031255e-02 4.90881871e-02 2.50344052e-02 -1.49719159e-03 -2.89220988e-02 -6.55292194e-02 -1.07583435e-01 -1.61056341e-01 -2.13245777e-01 -2.65587489e-01 -3.13274014e-01 -3.68022509e-01 -4.21284631e-01 -4.56915080e-01 -4.63050909e-01 -4.46641440e-01 -4.18420892e-01 -3.76856967e-01 -3.30719509e-01 -2.69770745e-01 -2.12971866e-01 -1.50711707e-01 -7.41599257e-02 -5.71897374e-03 7.83004958e-02 1.30673118e-01 2.12016868e-01 2.36161681e-01 2.99734712e-01 2.74783130e-01 2.46429753e-01 1.79949987e-01 9.23726018e-02 1.54541357e-02 -8.65473463e-02 -1.85304672e-01 -2.47673870e-01 -2.86853606e-01 -3.52833915e-01 -4.42327323e-01 -6.45525123e-01 -8.25949771e-01
2.00000000e+01 1.45038689e-01 -1.54280124e-01 7.51137135e-02 9.95590945e-02 9.07686137e-02 1.17465889e-01 1.72404691e-01 2.23854885e-01 2.70729217e-01 3.22902805e-01 3.92781748e-01 4.15283558e-01 4.25946226e-01 4.31683739e-01 4.03333591e-01 3.75105185e-01 3.24500304e-01 2.86766202e-01 2.42533500e-01 2.02131963e-01 1.61704107e-01 1.29383495e-01 1.03405317e-01 7.83754180e-02 5.19456764e-02 3.00517309e-02 1.42536428e-02 8.73287094e-03 1.85923198e-02 3.43991694e-02 5.27808349e-02 6.92880515e-02 7.32320842e-02 7.37023000e-02 8.26431161e-02 9.68040403e-02 1.14058587e-01 1.34181042e-01 1.49751296e-01 1.44446864e-01 1.19867345e-01 6.76338537e-02 1.06695219e-02 -4.52020274e-02 -9.27977865e-02 -1.19743726e-01 -1.15566257e-01 -9.67067535e-02 -6.36357417e-02 -3.75021289e-02 -1.67796152e-02 2.25679086e-03 9.17709219e-03 2.25457743e-02 4.05960162e-02 5.67317929e-02 6.62719650e-02 6.98213565e-02 5.94809157e-02 4.21677721e-02 1.84251039e-02 -6.71847837e-03 -3.25323207e-02 -6.82137953e-02 -1.09485488e-01 -1.61969618e-01 -2.13246532e-01 -2.64753181e-01 -3.11151362e-01 -3.64643726e-01 -4.16022029e-01 -4.50065984e-01 -4.54486037e-01 -4.38194023e-01 -4.11472457e-01 -3.70970087e-01 -3.26826867e-01 -2.68055722e-01 -2.11689044e-01 -1.49413700e-01 -7.36277483e-02 -5.91298063e-03 7.76076121e-02 1.29423052e-01 2.08730542e-01 2.32094411e-01 2.93092718e-01 2.69282954e-01 2.39032137e-01 1.73887620e-01 8.67527615e-02 1.26857838e-02 -8.98591630e-02 -1.84647541e-01 -2.45017113e-01 -2.83877741e-01 -3.49737330e-01 -4.39653262e-01 -6.46812018e-01 -8.20785862e-01
2.01000000e+01 1.61079676e-01 -1.48477000e-01 7.87320785e-02 1.03511761e-01 9.18710772e-02 1.18475210e-01 1.72067371e-01 2.20567708e-01 2.67877501e-01 3.17347925e-01 3.85198079e-01 4.08314356e-01 4.18529753e-01 4.24777412e-01 3.98082267e-01 3.71904754e-01 3.22543136e-01 2.86433747e-01 2.42837832e-01 2.04033005e-01 1.64400136e-01 1.32953018e-01 1.08005315e-01 8.41143625e-02 5.84025039e-02 3.61362596e-02 1.94936238e-02 1.17636260e-02 1.99753143e-02 3.39284150e-02 5.01416248e-02 6.55923121e-02 6.79387146e-02 6.67718745e-02 7.44390366e-02 8.83912782e-02 1.06341011e-01 1.27984789e-01 1.45528957e-01 1.42038002e-01 1.18040198e-01 6.58373099e-02 1.04485582e-02 -4.32821286e-02 -9.06289604e-02 -1.17013521e-01 -1.10836570e-01 -9.04947523e-02 -5.61329053e-02 -2.98977225e-02 -9.87180958e-03 7.99989645e-03 1.35305497e-02 2.58217390e-02 4.23163204e-02 5.63444795e-02 6.37612309e-02 6.52600609e-02 5.32308135e-02 3.52903539e-02 1.18874889e-02 -1.18681680e-02 -3.61142638e-02 -7.09364615e-02 -1.11459887e-01 -1.62936898e-01 -2.13283895e-01 -2.63972803e-01 -3.09107729e-01 -3.61295914e-01 -4.10639197e-01 -4.43012417e-01 -4.45724301e-01 -4.29612427e-01 -4.04444213e-01 -3.65072300e-01 -3.23006577e-01 -2.66461646e-01 -2.10398429e-01 -1.48076633e-01 -7.31394698e-02 -6.05792178e-03 7.69051777e-02 1.28322419e-01 2.05326592e-01 2.28078379e-01 2.86093817e-01 2.63664241e-01 2.31352825e-01 1.67562670e-01 8.12782574e-02 9.79615014e-03 -9.31232959e-02 -1.83914343e-01 -2.42418871e-01 -2.80938919e-01 -3.46587149e-01 -4.36772510e-01 -6.48134804e-01 -8.15204671e-01
2.02000000e+01 1.76978968e-01 -1.42523923e-01 8.23128241e-02 1.07495906e-01 9.30736761e-02 1.19592573e-01 1.71762471e-01 2.17394180e-01 2.64926540e-01 3.11970627e-01 3.77420186e-01 4.01199270e-01 4.11090538e-01 4.17678036e-01 3.92731387e-01 3.68690601e-01 3.20627055e-01 2.86188407e-01 2.43167798e-01 2.05986488e-01 1.67145180e-01 1.36536402e-01 1.12514735e-01 8.97439520e-02 6.47906166e-02 4.21866419e-02 2.47876801e-02 1.48559667e-02 2.14113078e-02 3.34853959e-02 4.74693368e-02 6.18684426e-02 6.26766142e-02 5.99412614e-02 6.63582873e-02 8.00785024e-02 9.86660834e-02 1.21750576e-01 1.41168352e-01 1.39477704e-01 1.16106733e-01 6.40484021e-02 1.02516525e-02 -4.13682408e-02 -8.83509566e-02 -1.14115396e-01 -1.05954545e-01 -8.42145232e-02 -4.86996409e-02 -2.23946229e-02 -3.08716633e-03 1.36238398e-02 1.78531152e-02 2.91423849e-02 4.39985502e-02 5.59368770e-02 6.12091100e-02 6.06491806e-02 4.69616193e-02 2.84665468e-02 5.43007211e-03 -1.69461684e-02 -3.96745544e-02 -7.37004408e-02 -1.13506206e-01 -1.63957896e-01 -2.13356716e-01 -2.63241384e-01 -3.07141529e-01 -3.57975304e-01 -4.05138055e-01 -4.35755307e-01 -4.36778817e-01 -4.20908848e-01 -3.97342156e-01 -3.59167596e-01 -3.19256783e-01 -2.64976973e-01 -2.09094257e-01 -1.46705508e-01 -7.26894913e-02 -6.16379342e-03 7.62084723e-02 1.27342124e-01 2.01822874e-01 2.24089256e-01 2.78785344e-01 2.57893666e-01 2.23418658e-01 1.60973895e-01 7.59746979e-02 6.75790710e-03 -9.63122520e-02 -1.83125613e-01 -2.39884144e-01 -2.78030823e-01 -3.43403683e-01 -4.33694777e-01 -6.49477351e-01 -8.09207001e-01
2.03000000e+01 1.92721825e-01 -1.36423854e-01 8.58588450e-02 1.11505149e-01 9.43911988e-02 1.20815050e-01 1.71476068e-01 2.14358310e-01 2.61849678e-01 3.06776969e-01 3.69470431e-01 3.93932534e-01 4.03634888e-01 4.10399269e-01 3.87282106e-01 3.65460121e-01 3.18747904e-01 2.86025851e-01 2.43525896e-01 2.07988804e-01 1.69940620e-01 1.40136585e-01 1.16935786e-01 9.52593804e-02 7.11022576e-02 4.81956858e-02 3.01272403e-02 1.80141332e-02 2.28996501e-02 3.30692107e-02 4.47686471e-02 5.81122814e-02 5.74435139e-02 5.32132264e-02 5.84129693e-02 7.18748599e-02 9.10396960e-02 1.15479300e-01 1.36665659e-01 1.36755864e-01 1.14065837e-01 6.22806863e-02 1.00799135e-02 -3.94744088e-02 -8.59644956e-02 -1.11037386e-01 -1.00918966e-01 -7.78683509e-02 -4.13439567e-02 -1.50020473e-02 3.56976794e-03 1.91251609e-02 2.21480655e-02 3.25069562e-02 4.56370236e-02 5.55098471e-02 5.86166102e-02 5.59903860e-02 4.06826230e-02 2.17065271e-02 -9.38982790e-04 -2.19529099e-02 -4.32202780e-02 -7.65084769e-02 -1.15623490e-01 -1.65032139e-01 -2.13464162e-01 -2.62553853e-01 -3.05250792e-01 -3.54677439e-01 -3.99520715e-01 -4.28296279e-01 -4.27663388e-01 -4.12095682e-01 -3.90172131e-01 -3.53259822e-01 -3.15575434e-01 -2.63588326e-01 -2.07772064e-01 -1.45305705e-01 -7.22715793e-02 -6.24071965e-03 7.55328378e-02 1.26450936e-01 1.98239448e-01 2.20099829e-01 2.71218689e-01 2.51934870e-01 2.15258026e-01 1.54124090e-01 7.08605848e-02 3.54836059e-03 -9.94008409e-02 -1.82302477e-01 -2.37415852e-01 -2.75147862e-01 -3.40205877e-01 -4.30432215e-01 -6.50821033e-01 -8.02795214e-01
2.04000000e+01 2.08294167e-01 -1.30180064e-01 8.93726333e-02 1.15533907e-01 9.58374666e-02 1.22139527e-01 1.71195782e-01 2.11480481e-01 2.58625850e-01 3.01766701e-01 3.61374262e-01 3.86509965e-01 3.96166457e-01 4.02956102e-01 3.81736272e-01 3.62210459e-01 3.16901425e-01 2.85940856e-01 2.43914818e-01 2.10036216e-01 1.72787403e-01 1.43755968e-01 1.21271618e-01 1.00656493e-01 7.73298988e-02 5.41565652e-02 3.55030212e-02 2.12424796e-02 2.44393505e-02 3.26786768e-02 4.20448510e-02 5.43201689e-02 5.22370699e-02 4.65902255e-02 5.06145647e-02 6.37891842e-02 8.34674876e-02 1.09171721e-01 1.32017701e-01 1.33863200e-01 1.11916666e-01 6.05465414e-02 9.93376565e-03 -3.76127563e-02 -8.34706550e-02 -1.07768168e-01 -9.57293663e-02 -7.14588837e-02 -3.40730491e-02 -7.72909095e-03 1.00950419e-02 2.45009949e-02 2.64187785e-02 3.59132942e-02 4.72268387e-02 5.50639493e-02 5.59848797e-02 5.12854642e-02 3.44035792e-02 1.50199763e-02 -7.21190158e-03 -2.68893033e-02 -4.67588791e-02 -7.93628020e-02 -1.17810305e-01 -1.66158969e-01 -2.13605724e-01 -2.61905121e-01 -3.03433128e-01 -3.51397207e-01 -3.93789441e-01 -4.20637734e-01 -4.18392440e-01 -4.03185454e-01 -3.82939786e-01 -3.47352717e-01 -3.11960279e-01 -2.62280609e-01 -2.06428758e-01 -1.43882753e-01 -7.18791351e-02 -6.29847171e-03 7.48929083e-02 1.25616430e-01 1.94597751e-01 2.16081037e-01 2.63447783e-01 2.45749848e-01 2.06900078e-01 1.47020414e-01 6.59467763e-02 1.50284197e-04 -1.02367000e-01 -1.81466069e-01 -2.35014966e-01 -2.72285475e-01 -3.37010907e-01 -4.26999341e-01 -6.52145094e-01 -7.95973077e-01
2.05000000e+01 2.23682610e-01 -1.23796082e-01 9.28561277e-02 1.19577607e-01 9.74251112e-02 1.23562632e-01 1.70911267e-01 2.08776698e-01 2.55240204e-01 2.96933294e-01 3.53159697e-01 3.78929309e-01 3.88686294e-01 3.95364620e-01 3.76096509e-01 3.58938501e-01 3.15083339e-01 2.85927360e-01 2.44337371e-01 2.12124935e-01 1.75686022e-01 1.47396370e-01 1.25526251e-01 1.05931826e-01 8.34662547e-02 6.00628573e-02 4.09050994e-02 2.45453325e-02 2.60291138e-02 3.23123341e-02 3.93037930e-02 5.04890306e-02 4.70549211e-02 4.00744389e-02 4.29738050e-02 5.58299724e-02 7.59548621e-02 1.02828487e-01 1.27221973e-01 1.30791386e-01 1.09658583e-01 5.88569540e-02 9.81302438e-03 -3.57932776e-02 -8.08708523e-02 -1.04297255e-01 -9.03860618e-02 -6.49891321e-02 -2.68933056e-02 -5.84621252e-04 1.64852544e-02 2.97491375e-02 3.06686408e-02 3.93578061e-02 4.87639830e-02 5.45993678e-02 5.33151991e-02 4.65363877e-02 2.81346682e-02 8.41603380e-03 -1.33813422e-02 -3.17566976e-02 -5.02980439e-02 -8.22651247e-02 -1.20064794e-01 -1.67337547e-01 -2.13781225e-01 -2.61290156e-01 -3.01685686e-01 -3.48128881e-01 -3.87946606e-01 -4.12782924e-01 -4.08980958e-01 -3.94190762e-01 -3.75650536e-01 -3.41449929e-01 -3.08408838e-01 -2.61037174e-01 -2.05062644e-01 -1.42442113e-01 -7.15054642e-02 -6.34601943e-03 7.43018838e-02 1.24805939e-01 1.90919734e-01 2.12003088e-01 2.55527519e-01 2.39300404e-01 1.98373946e-01 1.39674574e-01 6.12361829e-02 -3.44745065e-03 -1.05192508e-01 -1.80636965e-01 -2.32680703e-01 -2.69440367e-01 -3.33833862e-01 -4.23412899e-01 -6.53427077e-01 -7.88745584e-01
2.06000000e+01 2.38874486e-01 -1.17275652e-01 9.63105879e-02 1.23632855e-01 9.91653843e-02 1.25080667e-01 1.70614627e-01 2.06258000e-01 2.51684501e-01 2.92264171e-01 3.44856728e-01 3.71190539e-01 3.81192957e-01 3.87641746e-01 3.70366272e-01 3.55640877e-01 3.13289408e-01 2.85978529e-01 2.44796403e-01 2.14251187e-01 1.78636499e-01 1.51058991e-01 1.29704472e-01 1.11082642e-01 8.95042990e-02 6.59085734e-02 4.63229876e-02 2.79268407e-02 2.76673875e-02 3.19684499e-02 3.65517913e-02 4.66164520e-02 4.18947528e-02 3.36678011e-02 3.55005466e-02 4.80053569e-02 6.85070033e-02 9.64501819e-02 1.22276668e-01 1.27533181e-01 1.07291101e-01 5.72213304e-02 9.71700311e-03 -3.40236978e-02 -7.81668055e-02 -1.00615200e-01 -8.48901617e-02 -5.84624681e-02 -1.98103199e-02 6.42284452e-03 2.27375020e-02 3.48681018e-02 3.49009497e-02 4.28354627e-02 5.02454192e-02 5.41158528e-02 5.06089648e-02 4.17453954e-02 2.18864415e-02 1.90325861e-03 -1.94404410e-02 -3.65568349e-02 -5.38455716e-02 -8.52166350e-02 -1.22384730e-01 -1.68566859e-01 -2.13990820e-01 -2.60704068e-01 -3.00005111e-01 -3.44866165e-01 -3.81994662e-01 -4.04736011e-01 -3.99444413e-01 -3.85124206e-01 -3.68309541e-01 -3.35555037e-01 -3.04918366e-01 -2.59840043e-01 -2.03673400e-01 -1.40989002e-01 -7.11440333e-02 -6.39113198e-03 7.37708794e-02 1.23987471e-01 1.87226980e-01 2.07836590e-01 2.47512122e-01 2.32549646e-01 1.89707984e-01 1.32102863e-01 5.67237086e-02 -7.24947044e-03 -1.07863575e-01 -1.79834632e-01 -2.30410766e-01 -2.66610677e-01 -3.30687504e-01 -4.19691627e-01 -6.54643301e-01 -7.81118754e-01
2.07000000e+01 2.53857874e-01 -1.10622695e-01 9.97364999e-02 1.27697572e-01 1.01068001e-01 1.26689555e-01 1.70300741e-01 2.03930041e-01 2.47957294e-01 2.87741133e-01 3.36496665e-01 3.63296095e-01 3.73682693e-01 3.79804962e-01 3.64549906e-01 3.52313968e-01 3.11515485e-01 2.86086850e-01 2.45294729e-01 2.16411287e-01 1.81638372e-01 1.54744397e-01 1.33811726e-01 1.16106972e-01 9.54372856e-02 7.16881814e-02 5.17457191e-02 3.13908187e-02 2.93524189e-02 3.16450264e-02 3.37955601e-02 4.27007443e-02 3.67543662e-02 2.73720241e-02 2.82036582e-02 4.03230733e-02 6.11288880e-02 9.00373845e-02 1.17180695e-01 1.24082522e-01 1.04813844e-01 5.56473271e-02 9.64464653e-03 -3.23094002e-02 -7.53604705e-02 -9.67138059e-02 -7.92435697e-02 -5.18826241e-02 -1.28289192e-02 1.32852728e-02 2.88493233e-02 3.98571617e-02 3.91188121e-02 4.63398236e-02 5.16691439e-02 5.36126763e-02 4.78676641e-02 3.69150848e-02 1.56697509e-02 -4.51039957e-03 -2.53828632e-02 -4.12918031e-02 -5.74092366e-02 -8.82180235e-02 -1.24767579e-01 -1.69845734e-01 -2.14234984e-01 -2.60142180e-01 -2.98387486e-01 -3.41602252e-01 -3.75936120e-01 -3.96502120e-01 -3.89798695e-01 -3.75998338e-01 -3.60921693e-01 -3.29671554e-01 -3.01485796e-01 -2.58670174e-01 -2.02261980e-01 -1.39528242e-01 -7.07887035e-02 -6.44004132e-03 7.33083732e-02 1.23130564e-01 1.83539851e-01 2.03553675e-01 2.39453545e-01 2.25463457e-01 1.80929056e-01 1.24326046e-01 5.23964422e-02 -1.12537347e-02 -1.10371268e-01 -1.79076933e-01 -2.28201620e-01 -2.63796066e-01 -3.27582109e-01 -4.15855964e-01 -6.55769382e-01 -7.73099426e-01
2.08000000e+01 2.68621614e-01 -1.03841279e-01 1.03133514e-01 1.31771073e-01 1.03141018e-01 1.28384808e-01 1.69967491e-01 2.01792864e-01 2.44063860e-01 2.83340965e-01 3.28111424e-01 3.55251069e-01 3.66149687e-01 3.71872026e-01 3.58652669e-01 3.48953938e-01 3.09757539e-01 2.86244239e-01 2.45835051e-01 2.18601697e-01 1.84690685e-01 1.58452505e-01 1.37853985e-01 1.21003648e-01 1.01258776e-01 7.73966155e-02 5.71619393e-02 3.49405896e-02 3.10823182e-02 3.13398084e-02 3.10421278e-02 3.87410028e-02 3.16317537e-02 2.11886144e-02 2.10909224e-02 3.27904209e-02 5.38252952e-02 8.35907360e-02 1.11933691e-01 1.20434586e-01 1.02226546e-01 5.41406976e-02 9.59468704e-03 -3.06534251e-02 -7.24539532e-02 -9.25863359e-02 -7.34489713e-02 -4.52536936e-02 -5.95319798e-03 1.99952524e-02 3.48186429e-02 4.47163817e-02 4.33250389e-02 4.98630956e-02 5.30342167e-02 5.30886040e-02 4.50928470e-02 3.20485151e-02 9.49565895e-03 -1.08176197e-02 -3.12028589e-02 -4.59639863e-02 -6.09966482e-02 -9.12695111e-02 -1.27210559e-01 -1.71172862e-01 -2.14514491e-01 -2.59600109e-01 -2.96828271e-01 -3.38329882e-01 -3.69773524e-01 -3.88087379e-01 -3.80060033e-01 -3.66825604e-01 -3.53491614e-01 -3.23802923e-01 -2.98107668e-01 -2.57507781e-01 -2.00830469e-01 -1.38064178e-01 -7.04339319e-02 -6.49717648e-03 7.29197695e-02 1.22207051e-01 1.79876678e-01 1.99129066e-01 2.31399940e-01 2.18011902e-01 1.72061902e-01 1.16369100e-01 4.82340928e-02 -1.54516147e-02 -1.12711779e-01 -1.78379686e-01 -2.26048795e-01 -2.60997736e-01 -3.24525412e-01 -4.11927682e-01 -6.56780782e-01 -7.64695039e-01
2.09000000e+01 2.83155325e-01 -9.69356052e-02 1.06500418e-01 1.35854106e-01 1.05390753e-01 1.30161506e-01 1.69615865e-01 1.99840880e-01 2.40015913e-01 2.79036206e-01 3.19732800e-01 3.47063310e-01 3.58586372e-01 3.63860689e-01 3.52680742e-01 3.45556774e-01 3.08011662e-01 2.86442169e-01 2.46419883e-01 2.20819091e-01 1.87791979e-01 1.62182594e-01 1.41837611e-01 1.25772328e-01 1.06962676e-01 8.30292712e-02 6.25600091e-02 3.85788260e-02 3.28551246e-02 3.10502935e-02 2.82987516e-02 3.47371587e-02 2.65251788e-02 1.51188832e-02 1.41689530e-02 2.54142164e-02 4.66008147e-02 7.71110186e-02 1.06536012e-01 1.16585842e-01 9.95290627e-02 5.27051503e-02 9.56581724e-03 -2.90565361e-02 -6.94494010e-02 -8.82277096e-02 -6.75098097e-02 -3.85801290e-02 8.13441483e-04 2.65461312e-02 4.06437187e-02 4.94466296e-02 4.75220375e-02 5.33962229e-02 5.43407567e-02 5.25418829e-02 4.22860957e-02 2.71493167e-02 3.37533258e-03 -1.70117191e-02 -3.68953238e-02 -5.05760098e-02 -6.46151103e-02 -9.43708849e-02 -1.29710702e-01 -1.72546818e-01 -2.14830374e-01 -2.59073840e-01 -2.95322250e-01 -3.35041406e-01 -3.63509441e-01 -3.79498953e-01 -3.70244912e-01 -3.57618304e-01 -3.46023667e-01 -3.17952498e-01 -2.94780051e-01 -2.56332681e-01 -1.99381867e-01 -1.36600635e-01 -7.00749360e-02 -6.56497207e-03 7.26070835e-02 1.21191728e-01 1.76253029e-01 1.94541044e-01 2.23394247e-01 2.10170523e-01 1.63128594e-01 1.08260799e-01 4.42096600e-02 -1.98282120e-02 -1.14886522e-01 -1.77756296e-01 -2.23947209e-01 -2.58218382e-01 -3.21522620e-01 -4.07929469e-01 -6.57653379e-01 -7.55913408e-01
2.10000000e+01 2.97449424e-01 -8.99099977e-02 1.09835150e-01 1.39948839e-01 1.07821732e-01 1.32014314e-01 1.69249948e-01 1.98063038e-01 2.35831094e-01 2.74796055e-01 3.11391725e-01 3.38743461e-01 3.50983789e-01 3.55788400e-01 3.46641223e-01 3.42118329e-01 3.06274064e-01 2.86671812e-01 2.47051473e-01 2.23060411e-01 1.90940286e-01 1.65933313e-01 1.45769218e-01 1.30413517e-01 1.12543278e-01 8.85819812e-02 6.79281227e-02 4.23073933e-02 3.46688717e-02 3.07737477e-02 2.55728278e-02 3.06900230e-02 2.14332578e-02 9.16395253e-03 7.44313017e-03 1.82007403e-02 3.94598537e-02 7.05992356e-02 1.00988726e-01 1.12534067e-01 9.67214294e-02 5.13422237e-02 9.55686679e-03 -2.75173444e-02 -6.63488829e-02 -8.36346763e-02 -6.14302560e-02 -3.18667371e-02 7.46824553e-03 3.29321445e-02 4.63230963e-02 5.40495731e-02 5.17117013e-02 5.69290115e-02 5.55899051e-02 5.19702442e-02 3.94489983e-02 2.22218044e-02 -2.68007892e-03 -2.30866542e-02 -4.24558631e-02 -5.51306842e-02 -6.82714853e-02 -9.75215414e-02 -1.32264918e-01 -1.73966095e-01 -2.15183873e-01 -2.58559794e-01 -2.93863478e-01 -3.31728854e-01 -3.57146445e-01 -3.70745076e-01 -3.60369985e-01 -3.48388552e-01 -3.38521977e-01 -3.12123528e-01 -2.91498451e-01 -2.55124683e-01 -1.97919825e-01 -1.35140942e-01 -6.97078167e-02 -6.64375040e-03 7.23687419e-02 1.20062910e-01 1.72681071e-01 1.89772286e-01 2.15472976e-01 2.01921462e-01 1.54148119e-01 1.00033167e-01 4.02903178e-02 -2.43629031e-02 -1.16902051e-01 -1.77217480e-01 -2.21891490e-01 -2.55462065e-01 -3.18576523e-01 -4.03884464e-01 -6.58364033e-01 -7.46762514e-01
2.11000000e+01 3.11495136e-01 -8.27689132e-02 1.13134844e-01 1.44058793e-01 1.10436684e-01 1.33937520e-01 1.68876795e-01 1.96443196e-01 2.31532254e-01 2.70587384e-01 3.03117558e-01 3.30304904e-01 3.43332008e-01 3.47672030e-01 3.40542092e-01 3.38634379e-01 3.04541053e-01 2.86924185e-01 2.47731734e-01 2.25322912e-01 1.94133116e-01 1.69702721e-01 1.49655536e-01 1.34928566e-01 1.17995313e-01 9.40509730e-02 7.32544423e-02 4.61271939e-02 3.65216476e-02 3.05072292e-02 2.28717962e-02 2.66013216e-02 1.63550418e-02 3.32475941e-03 9.17552892e-04 1.11556764e-02 3.24066434e-02 6.40566877e-02 9.52935954e-02 1.08278341e-01 9.38039280e-02 5.00511870e-02 9.56696700e-03 -2.60324767e-02 -6.31542709e-02 -7.88059469e-02 -5.52151764e-02 -2.51186701e-02 1.40090647e-02 3.91485272e-02 5.18555738e-02 5.85276600e-02 5.58952979e-02 6.04502880e-02 5.67837519e-02 5.13709230e-02 3.65831285e-02 1.72710879e-02 -8.65957836e-03 -2.90370117e-02 -4.78808563e-02 -5.96309464e-02 -7.19720645e-02 -1.00720534e-01 -1.34870048e-01 -1.75429140e-01 -2.15576366e-01 -2.58054888e-01 -2.92445242e-01 -3.28383992e-01 -3.50687111e-01 -3.61835065e-01 -3.50451982e-01 -3.39148247e-01 -3.30990464e-01 -3.06319112e-01 -2.88257715e-01 -2.53863979e-01 -1.96448346e-01 -1.33688004e-01 -6.93296375e-02 -6.73167458e-03 7.21994920e-02 1.18802873e-01 1.69169053e-01 1.84810525e-01 2.07665212e-01 1.93254391e-01 1.45136087e-01 9.17208015e-02 3.64384867e-02 -2.90300903e-02 -1.18769811e-01 -1.76771076e-01 -2.19876299e-01 -2.52734041e-01 -3.15687669e-01 -3.99815758e-01 -6.58891151e-01 -7.37250288e-01
2.12000000e+01 3.25284503e-01 -7.55169571e-02 1.16395910e-01 1.48188734e-01 1.13236556e-01 1.35925108e-01 1.68506177e-01 1.94960674e-01 2.27146579e-01 2.66375829e-01 2.94937405e-01 3.21763631e-01 3.35620585e-01 3.39527599e-01 3.34392159e-01 3.35100682e-01 3.02808993e-01 2.87190311e-01 2.48462167e-01 2.27604209e-01 1.97367456e-01 1.73488326e-01 1.53503284e-01 1.39319656e-01 1.23314006e-01 9.94328082e-02 7.85272512e-02 5.00380145e-02 3.84116482e-02 3.02476265e-02 2.02030382e-02 2.24737199e-02 1.12900948e-02 -2.39794079e-03 -5.40498938e-03 4.28404548e-03 2.54452469e-02 5.74850398e-02 8.94530626e-02 1.03819028e-01 9.07771678e-02 4.88289811e-02 9.59568504e-03 -2.45967679e-02 -5.98671353e-02 -7.37422772e-02 -4.88701017e-02 -1.83414093e-02 2.04343103e-02 4.51916049e-02 5.72401782e-02 6.28840838e-02 6.00733550e-02 6.39480904e-02 5.79252270e-02 5.07406920e-02 3.36900348e-02 1.23031733e-02 -1.45524632e-02 -3.48579903e-02 -5.31675197e-02 -6.40798021e-02 -7.57224496e-02 -1.03966631e-01 -1.37522913e-01 -1.76934390e-01 -2.16009289e-01 -2.57556582e-01 -2.91060035e-01 -3.24998392e-01 -3.44134004e-01 -3.52779344e-01 -3.40507612e-01 -3.29909056e-01 -3.23432876e-01 -3.00542168e-01 -2.85051943e-01 -2.52531536e-01 -1.94971457e-01 -1.32244415e-01 -6.89384577e-02 -6.82477054e-03 7.20904062e-02 1.17398177e-01 1.65720932e-01 1.79649006e-01 1.99991888e-01 1.84167188e-01 1.36104602e-01 8.33600803e-02 3.26130591e-02 -3.38001315e-02 -1.20505727e-01 -1.76421950e-01 -2.17896634e-01 -2.50040528e-01 -3.12854611e-01 -3.95745887e-01 -6.59215212e-01 -7.27384420e-01
2.13000000e+01 3.38810399e-01 -6.81589149e-02 1.19614144e-01 1.52344521e-01 1.16220567e-01 1.37970850e-01 1.68150227e-01 1.93590968e-01 2.22704560e-01 2.62126916e-01 2.86875505e-01 3.13138034e-01 3.27839048e-01 3.31370033e-01 3.28200987e-01 3.31513036e-01 3.01074278e-01 2.87461364e-01 2.49243807e-01 2.29902292e-01 2.00639770e-01 1.77287146e-01 1.57319049e-01 1.43589766e-01 1.28495142e-01 1.04724307e-01 8.37351235e-02 5.40383777e-02 4.03372188e-02 2.99917140e-02 1.75737699e-02 1.83108348e-02 6.23856443e-03 -8.00356931e-03 -1.15230267e-02 -2.40986477e-03 1.85795680e-02 5.08863727e-02 8.34702360e-02 9.91577327e-02 8.76421614e-02 4.76702171e-02 9.64311257e-03 -2.32034654e-02 -5.64886625e-02 -6.84464923e-02 -4.24011992e-02 -1.15407448e-02 2.67429146e-02 5.10588570e-02 6.24761578e-02 6.71227379e-02 6.42455467e-02 6.74098878e-02 5.90179587e-02 5.00759117e-02 3.07712400e-02 7.32504905e-03 -2.03484708e-02 -4.05453752e-02 -5.83139626e-02 -6.84802709e-02 -7.95274469e-02 -1.07258373e-01 -1.40220348e-01 -1.78480318e-01 -2.16484049e-01 -2.57062913e-01 -2.89699548e-01 -3.21563491e-01 -3.37489678e-01 -3.43589440e-01 -3.30553462e-01 -3.20682391e-01 -3.15852838e-01 -2.94795380e-01 -2.81874403e-01 -2.51109478e-01 -1.93492897e-01 -1.30812593e-01 -6.85333167e-02 -6.91702026e-03 7.20289777e-02 1.15839858e-01 1.62336153e-01 1.74286727e-01 1.92465355e-01 1.74666355e-01 1.27062276e-01 7.49882842e-02 2.87707408e-02 -3.86404153e-02 -1.22129656e-01 -1.76172005e-01 -2.15948110e-01 -2.47388441e-01 -3.10074201e-01 -3.91696314e-01 -6.59319268e-01 -7.17172185e-01
2.14000000e+01 3.52066532e-01 -6.06997908e-02 1.22784876e-01 1.56532911e-01 1.19386289e-01 1.40068437e-01 1.67822983e-01 1.92306604e-01 2.18238868e-01 2.57807194e-01 2.78952704e-01 3.04448615e-01 3.19977402e-01 3.23212931e-01 3.21978799e-01 3.27867350e-01 2.99333281e-01 2.87728819e-01 2.50077168e-01 2.32215540e-01 2.03946007e-01 1.81095774e-01 1.61109177e-01 1.47742627e-01 1.33535117e-01 1.09922468e-01 8.88671054e-02 5.81254024e-02 4.22968806e-02 2.97362283e-02 1.49909314e-02 1.41172327e-02 1.20124233e-03 -1.34917173e-02 -1.74363997e-02 -8.92257069e-03 1.18133588e-02 4.42632152e-02 7.73488857e-02 9.42972540e-02 8.44003783e-02 4.65672422e-02 9.70990159e-03 -2.18444348e-02 -5.30195984e-02 -6.29234536e-02 -3.58152502e-02 -4.72274892e-03 3.29342952e-02 5.67489493e-02 6.75629889e-02 7.12481596e-02 6.84105811e-02 7.08228222e-02 6.00661019e-02 4.93725965e-02 2.78282530e-02 2.34474829e-03 -2.60379196e-02 -4.60955044e-02 -6.33192331e-02 -7.28353372e-02 -8.33909779e-02 -1.10594144e-01 -1.42959217e-01 -1.80065464e-01 -2.17001941e-01 -2.56572503e-01 -2.88354677e-01 -3.18070655e-01 -3.30756678e-01 -3.34277979e-01 -3.20605896e-01 -3.11479400e-01 -3.08253904e-01 -2.89081149e-01 -2.78717470e-01 -2.49581418e-01 -1.92015810e-01 -1.29394924e-01 -6.81141674e-02 -7.00053368e-03 7.19993083e-02 1.14123498e-01 1.59009606e-01 1.68728446e-01 1.85089244e-01 1.64767158e-01 1.18014393e-01 6.66426516e-02 2.48674661e-02 -4.35165433e-02 -1.23664705e-01 -1.76020280e-01 -2.14027208e-01 -2.44785100e-01 -3.07341928e-01 -3.87686936e-01 -6.59189378e-01 -7.06620286e-01
2.15000000e+01 3.65047458e-01 -5.31448551e-02 1.25903124e-01 1.60761333e-01 1.22729747e-01 1.42211622e-01 1.67539853e-01 1.91078094e-01 2.13783154e-01 2.53385331e-01 2.71186013e-01 2.95717633e-01 3.12026644e-01 3.15068377e-01 3.15736356e-01 3.24159705e-01 2.97582326e-01 2.87984575e-01 2.50962201e-01 2.34542701e-01 2.07281636e-01 1.84910456e-01 1.64879676e-01 1.51782648e-01 1.38431004e-01 1.15024379e-01 9.39129026e-02 6.22946792e-02 4.42893377e-02 2.94779671e-02 1.24610774e-02 9.89841382e-03 -3.82038933e-03 -1.88621378e-02 -2.31462311e-02 -1.52514609e-02 5.15022649e-03 3.76185562e-02 7.10934460e-02 8.92415222e-02 8.10537644e-02 4.55102840e-02 9.79724822e-03 -2.05103674e-02 -4.94602145e-02 -5.71799706e-02 -2.91196322e-02 2.10625268e-03 3.90083244e-02 6.22617342e-02 7.25003979e-02 7.52654680e-02 7.25660947e-02 7.41739637e-02 6.10741448e-02 4.86264973e-02 2.48625898e-02 -2.62861794e-03 -3.16118409e-02 -5.15052311e-02 -6.81833509e-02 -7.71479098e-02 -8.73160058e-02 -1.13972235e-01 -1.45736430e-01 -1.81688474e-01 -2.17564060e-01 -2.56084545e-01 -2.87015562e-01 -3.14511245e-01 -3.23937544e-01 -3.24858669e-01 -3.10680956e-01 -3.02310950e-01 -3.00639607e-01 -2.83401539e-01 -2.75572578e-01 -2.47932758e-01 -1.90542501e-01 -1.27993891e-01 -6.76817586e-02 -7.06581039e-03 7.19823940e-02 1.12249153e-01 1.55731736e-01 1.62984470e-01 1.77858638e-01 1.54493489e-01 1.08963213e-01 5.83593986e-02 2.08598438e-02 -4.83935786e-02 -1.25136452e-01 -1.75963142e-01 -2.12131484e-01 -2.42237926e-01 -3.04652278e-01 -3.83735615e-01 -6.58814986e-01 -6.95734736e-01
2.16000000e+01 3.77748581e-01 -4.54996941e-02 1.28963784e-01 1.65037633e-01 1.26245551e-01 1.44394383e-01 1.67317018e-01 1.89874977e-01 2.09370830e-01 2.48833146e-01 2.63588292e-01 2.86968691e-01 3.03979248e-01 3.06946786e-01 3.09484821e-01 3.20386430e-01 2.95817659e-01 2.88221072e-01 2.51898278e-01 2.36882855e-01 2.10641685e-01 1.88727170e-01 1.68636125e-01 1.55714847e-01 1.43180593e-01 1.20027149e-01 9.88630626e-02 6.65401665e-02 4.63134599e-02 2.92139086e-02 9.99027138e-03 5.66078193e-03 -8.82412781e-03 -2.41147367e-02 -2.86548799e-02 -2.13948568e-02 -1.40636652e-03 3.09558385e-02 6.47090257e-02 8.39955398e-02 7.76047153e-02 4.44876701e-02 9.90683209e-03 -1.91909887e-02 -4.58102922e-02 -5.12246673e-02 -2.23223036e-02 8.93971253e-03 4.49653037e-02 6.75982189e-02 7.72883975e-02 7.91802955e-02 7.67085570e-02 7.74505676e-02 6.20467008e-02 4.78332000e-02 2.18758045e-02 -7.58486271e-03 -3.70620947e-02 -5.67718836e-02 -7.29073214e-02 -8.14207909e-02 -9.13044805e-02 -1.17390913e-01 -1.48548940e-01 -1.83348125e-01 -2.18171231e-01 -2.55598761e-01 -2.85671633e-01 -3.10876685e-01 -3.17034819e-01 -3.15346261e-01 -3.00794270e-01 -2.93187616e-01 -2.93013524e-01 -2.77758229e-01 -2.72430211e-01 -2.46150922e-01 -1.89074232e-01 -1.26612172e-01 -6.72374677e-02 -7.10210037e-03 7.19565205e-02 1.10221139e-01 1.52488833e-01 1.57070228e-01 1.70760519e-01 1.43877465e-01 9.99083861e-02 5.01727405e-02 1.67065873e-02 -5.32373183e-02 -1.26572098e-01 -1.75994572e-01 -2.10259726e-01 -2.39754133e-01 -3.01999100e-01 -3.79857765e-01 -6.58189218e-01 -6.84520764e-01
2.17000000e+01 3.90166155e-01 -3.77702598e-02 1.31961824e-01 1.69369803e-01 1.29927033e-01 1.46611096e-01 1.67170797e-01 1.88666886e-01 2.05033869e-01 2.44126550e-01 2.56168040e-01 2.78226273e-01 2.95829634e-01 2.98856790e-01 3.03235601e-01 3.16544171e-01 2.94035432e-01 2.88431367e-01 2.52884173e-01 2.39235351e-01 2.14020815e-01 1.92541702e-01 1.72383603e-01 1.59544757e-01 1.47782430e-01 1.24927846e-01 1.03709143e-01 7.08541172e-02 4.83682395e-02 2.89413498e-02 7.58398904e-03 1.41160184e-03 -1.38070369e-02 -2.92495635e-02 -3.39658779e-02 -2.73520617e-02 -7.85310887e-03 2.42789368e-02 5.82014215e-02 7.85653212e-02 7.40559997e-02 4.34861236e-02 1.00407215e-02 -1.78752723e-02 -4.20691193e-02 -4.50678129e-02 -1.54317921e-02 1.57708934e-02 5.08059413e-02 7.27605051e-02 8.19273344e-02 8.29987153e-02 8.08331953e-02 8.06403208e-02 6.29882957e-02 4.69882385e-02 1.88695282e-02 -1.25127640e-02 -4.23814642e-02 -6.18932254e-02 -7.74931332e-02 -8.56566562e-02 -9.53572977e-02 -1.20848477e-01 -1.51393743e-01 -1.85043350e-01 -2.18823936e-01 -2.55115343e-01 -2.84311694e-01 -3.07158537e-01 -3.10051064e-01 -3.05756496e-01 -2.90960957e-01 -2.84119659e-01 -2.85379333e-01 -2.72152455e-01 -2.69279921e-01 -2.44225535e-01 -1.87611089e-01 -1.25252699e-01 -6.67830930e-02 -7.09786521e-03 7.18977697e-02 1.08047679e-01 1.49263461e-01 1.51005657e-01 1.63774479e-01 1.32958774e-01 9.08474674e-02 4.21139452e-02 1.23698813e-02 -5.80155437e-02 -1.27999569e-01 -1.76106509e-01 -2.08412059e-01 -2.37340440e-01 -2.99375964e-01 -3.76066002e-01 -6.57309095e-01 -6.72982761e-01
2.18000000e+01 4.02297278e-01 -2.99629161e-02 1.34892483e-01 1.73765687e-01 1.33766415e-01 1.48856711e-01 1.67116993e-01 1.87424617e-01 2.00801657e-01 2.39246345e-01 2.48929323e-01 2.69515254e-01 2.87574577e-01 2.90805185e-01 2.97000186e-01 3.12629965e-01 2.92231702e-01 2.88609196e-01 2.53918071e-01 2.41599730e-01 2.17413400e-01 1.96349719e-01 1.76126620e-01 1.63278339e-01 1.52235840e-01 1.29723463e-01 1.08443857e-01 7.52270400e-02 5.04527225e-02 2.86580558e-02 5.24703261e-03 -2.84105462e-03 -1.87654509e-02 -3.42668031e-02 -3.90838523e-02 -3.31233922e-02 -1.41868575e-02 1.75921250e-02 5.15771342e-02 7.29578356e-02 7.04106336e-02 4.24911204e-02 1.02012555e-02 -1.65516569e-02 -3.82354986e-02 -3.87211285e-02 -8.45718187e-03 2.25929006e-02 5.65313311e-02 7.77517047e-02 8.64179446e-02 8.67271637e-02 8.49339431e-02 8.37315684e-02 6.39031603e-02 4.60872185e-02 1.58455139e-02 -1.74001457e-02 -4.75637247e-02 -6.68674190e-02 -8.19437360e-02 -8.98580445e-02 -9.94742720e-02 -1.24343304e-01 -1.54267887e-01 -1.86773255e-01 -2.19522267e-01 -2.54634859e-01 -2.82924020e-01 -3.03348573e-01 -3.02988872e-01 -2.96106037e-01 -2.81195552e-01 -2.75117002e-01 -2.77740884e-01 -2.66584966e-01 -2.66110378e-01 -2.42148522e-01 -1.86151918e-01 -1.23918666e-01 -6.63206151e-02 -7.04132827e-03 7.17806323e-02 1.05740424e-01 1.46035040e-01 1.44814418e-01 1.56873676e-01 1.21783799e-01 8.17765085e-02 3.42104576e-02 7.81664128e-03 -6.26992070e-02 -1.29446611e-01 -1.76289266e-01 -2.06589997e-01 -2.35002804e-01 -2.96776497e-01 -3.72369865e-01 -6.56175640e-01 -6.61124259e-01
2.19000000e+01 4.14139883e-01 -2.20844778e-02 1.37751478e-01 1.78232695e-01 1.37754975e-01 1.51126914e-01 1.67170253e-01 1.86121161e-01 1.96699953e-01 2.34178887e-01 2.41871830e-01 2.60860378e-01 2.79213555e-01 2.82796917e-01 2.90789970e-01 3.08641309e-01 2.90402445e-01 2.88748998e-01 2.54997584e-01 2.43975620e-01 2.20813642e-01 2.00146828e-01 1.79869066e-01 1.66921885e-01 1.56540934e-01 1.34410901e-01 1.13061182e-01 7.96477015e-02 5.25659184e-02 2.83624141e-02 2.98345844e-03 -7.08837132e-03 -2.36949944e-02 -3.91667668e-02 -4.40144362e-02 -3.87101904e-02 -2.04046653e-02 1.09000406e-02 4.48433794e-02 6.71809538e-02 6.66717180e-02 4.14872975e-02 1.03909115e-02 -1.52082632e-02 -3.43077680e-02 -3.21975817e-02 -1.40809875e-03 2.93987146e-02 6.21429336e-02 8.25758377e-02 9.07614137e-02 9.03723550e-02 8.90034223e-02 8.67135094e-02 6.47950361e-02 4.51259465e-02 1.28056871e-02 -2.22339991e-02 -5.26036840e-02 -7.16929959e-02 -8.62630029e-02 -9.40273540e-02 -1.03654121e-01 -1.27873879e-01 -1.57168487e-01 -1.88537122e-01 -2.20265881e-01 -2.54158143e-01 -2.81496487e-01 -2.99438851e-01 -2.95850884e-01 -2.86412379e-01 -2.71511938e-01 -2.66189202e-01 -2.70102256e-01 -2.61055978e-01 -2.62909465e-01 -2.39914148e-01 -1.84694320e-01 -1.22613498e-01 -6.58519457e-02 -6.92108865e-03 7.15787073e-02 1.03313857e-01 1.42780538e-01 1.38522968e-01 1.50025982e-01 1.10404546e-01 7.26907020e-02 2.64851237e-02 3.01961775e-03 -6.72635105e-02 -1.30939901e-01 -1.76531987e-01 -2.04796432e-01 -2.32746194e-01 -2.94194679e-01 -3.68775637e-01 -6.54793899e-01 -6.48947957e-01
2.20000000e+01 4.25692723e-01 -1.41422409e-02 1.40535200e-01 1.82777509e-01 1.41883233e-01 1.53418279e-01 1.67343458e-01 1.84732657e-01 1.92749975e-01 2.28916556e-01 2.34991047e-01 2.52285737e-01 2.70749023e-01 2.74835142e-01 2.84616078e-01 3.04576224e-01 2.88543584e-01 2.88845920e-01 2.56119779e-01 2.46362635e-01 2.24215682e-01 2.03928627e-01 1.83614165e-01 1.70481926e-01 1.60698606e-01 1.38986986e-01 1.17556427e-01 8.41031709e-02 5.47066967e-02 2.80535834e-02 7.96518488e-04 -1.13208575e-02 -2.85906148e-02 -4.39498859e-02 -4.87641716e-02 -4.41148125e-02 -2.65038204e-02 4.20764876e-03 3.80080910e-02 6.12433949e-02 6.28422522e-02 4.04588914e-02 1.06121675e-02 -1.38331043e-02 -3.02838371e-02 -2.55111773e-02 5.70531189e-03 3.61812225e-02 6.76425565e-02 8.72377195e-02 9.49594368e-02 9.39411878e-02 9.30329623e-02 8.95763570e-02 6.56670031e-02 4.41005591e-02 9.75220092e-03 -2.70006420e-02 -5.74971915e-02 -7.63688339e-02 -9.04556787e-02 -9.81668419e-02 -1.07894461e-01 -1.31438811e-01 -1.60092745e-01 -1.90334408e-01 -2.21053973e-01 -2.53686165e-01 -2.80016715e-01 -2.95421789e-01 -2.88639820e-01 -2.76693741e-01 -2.61923292e-01 -2.57345409e-01 -2.62467824e-01 -2.55565142e-01 -2.59664392e-01 -2.37518991e-01 -1.83234705e-01 -1.21340771e-01 -6.53786796e-02 -6.72676230e-03 7.12654579e-02 1.00784605e-01 1.39475275e-01 1.32159521e-01 1.43195306e-01 9.88774184e-02 6.35850542e-02 1.89555455e-02 -2.04168978e-03 -7.16888404e-02 -1.32504222e-01 -1.76823123e-01 -2.03035566e-01 -2.30574402e-01 -2.91625096e-01 -3.65286248e-01 -6.53172849e-01 -6.36455782e-01
2.21000000e+01 4.36955349e-01 -6.14400195e-03 1.43240891e-01 1.87405805e-01 1.46141132e-01 1.55728396e-01 1.67647169e-01 1.83239234e-01 1.88967666e-01 2.23458048e-01 2.28278570e-01 2.43814258e-01 2.62186606e-01 2.66921327e-01 2.78489191e-01 3.00433309e-01 2.86651030e-01 2.88895794e-01 2.57281208e-01 2.48760267e-01 2.27613736e-01 2.07690738e-01 1.87364446e-01 1.73965148e-01 1.64710516e-01 1.43448503e-01 1.21926260e-01 8.85789093e-02 5.68736776e-02 2.77316263e-02 -1.31138433e-03 -1.55284220e-02 -3.34466247e-02 -4.86167041e-02 -5.33404086e-02 -4.93405934e-02 -3.24818934e-02 -2.47978498e-03 3.10799132e-02 5.51546708e-02 5.89249464e-02 3.93901855e-02 1.08673651e-02 -1.24142810e-02 -2.61612433e-02 -1.86767562e-02 1.28724172e-02 4.29332488e-02 7.30323360e-02 9.17428449e-02 9.90142724e-02 9.74406391e-02 9.70126617e-02 9.23114595e-02 6.65213332e-02 4.30076450e-02 6.68749535e-03 -3.16859108e-02 -6.22411170e-02 -8.08941442e-02 -9.45273188e-02 -1.02278621e-01 -1.12191808e-01 -1.35036832e-01 -1.63037993e-01 -1.92164739e-01 -2.21885267e-01 -2.53219898e-01 -2.78472229e-01 -2.91290241e-01 -2.81358504e-01 -2.66968945e-01 -2.52442052e-01 -2.48594314e-01 -2.54842303e-01 -2.50111510e-01 -2.56361849e-01 -2.34961844e-01 -1.81768388e-01 -1.20104114e-01 -6.49018706e-02 -6.44960860e-03 7.08149877e-02 9.81706894e-02 1.36093782e-01 1.25752935e-01 1.36343035e-01 8.72618677e-02 5.44550614e-02 1.16335905e-02 -7.38034413e-03 -7.59615206e-02 -1.34161704e-01 -1.77150932e-01 -2.01312800e-01 -2.28489905e-01 -2.89063131e-01 -3.61901289e-01 -6.51325208e-01 -6.23648989e-01
2.22000000e+01 4.47928082e-01 1.90193456e-03 1.45866810e-01 1.92122003e-01 1.50518230e-01 1.58055963e-01 1.68089152e-01 1.81625714e-01 1.85363138e-01 2.17808459e-01 2.21722520e-01 2.35467205e-01 2.53535193e-01 2.59055409e-01 2.72419381e-01 2.96211783e-01 2.84720739e-01 2.88895089e-01 2.58477951e-01 2.51167774e-01 2.31002219e-01 2.11428832e-01 1.91121711e-01 1.77378305e-01 1.68579068e-01 1.47792248e-01 1.26168678e-01 9.30589041e-02 5.90651269e-02 2.73976174e-02 -3.33872611e-03 -1.97004522e-02 -3.82567506e-02 -5.31678717e-02 -5.77512045e-02 -5.43917875e-02 -3.83367926e-02 -9.15671308e-03 2.40681791e-02 4.89250218e-02 5.49220521e-02 3.82659425e-02 1.11585785e-02 -1.09401564e-02 -2.19372285e-02 -1.17098082e-02 2.00821427e-02 4.96475839e-02 7.83147195e-02 9.60972731e-02 1.02928789e-01 1.00877646e-01 1.00931493e-01 9.49113811e-02 6.73593721e-02 4.18443565e-02 3.61435978e-03 -3.62753810e-02 -6.68333007e-02 -8.52684673e-02 -9.84842196e-02 -1.06364649e-01 -1.16541604e-01 -1.38666781e-01 -1.66001725e-01 -1.94027886e-01 -2.22758015e-01 -2.52760164e-01 -2.76850630e-01 -2.87037554e-01 -2.74009908e-01 -2.57257271e-01 -2.43079893e-01 -2.39944101e-01 -2.47230792e-01 -2.44693521e-01 -2.52988186e-01 -2.32243574e-01 -1.80289725e-01 -1.18907083e-01 -6.44218473e-02 -6.08310122e-03 7.02027989e-02 9.54907472e-02 1.32610704e-01 1.19331578e-01 1.29429534e-01 7.56189665e-02 4.52973625e-02 4.52507465e-03 -1.30015297e-02 -8.00743591e-02 -1.35931182e-01 -1.77503952e-01 -1.99634564e-01 -2.26493786e-01 -2.86505096e-01 -3.58617116e-01 -6.49267148e-01 -6.10528304e-01
2.23000000e+01 4.58611979e-01 9.98676269e-03 1.48412358e-01 1.96929032e-01 1.55003880e-01 1.60400846e-01 1.68673996e-01 1.79882155e-01 1.81940340e-01 2.11979163e-01 2.15308064e-01 2.27263731e-01 2.44806955e-01 2.51236001e-01 2.66415952e-01 2.91911524e-01 2.82748775e-01 2.88840853e-01 2.59705651e-01 2.53584092e-01 2.34375868e-01 2.15138644e-01 1.94887022e-01 1.80728144e-01 1.72307386e-01 1.52015093e-01 1.30282933e-01 9.75258479e-02 6.12788580e-02 2.70537171e-02 -5.28487628e-03 -2.38258950e-02 -4.30141861e-02 -5.76041375e-02 -6.20052268e-02 -5.92734870e-02 -4.40668231e-02 -1.58173128e-02 1.69828767e-02 4.25653394e-02 5.08352305e-02 3.70717995e-02 1.14874960e-02 -9.39950489e-03 -1.76088366e-02 -4.62630531e-03 2.73230327e-02 5.63170100e-02 8.34924501e-02 1.00307522e-01 1.06706496e-01 1.04258969e-01 1.04777453e-01 9.73699439e-02 6.81814509e-02 4.06085055e-02 5.35998153e-04 -4.07546082e-02 -7.12724771e-02 -8.94916784e-02 -1.02333343e-01 -1.10426709e-01 -1.20938246e-01 -1.42327579e-01 -1.68981644e-01 -1.95923740e-01 -2.23670017e-01 -2.52307497e-01 -2.75139766e-01 -2.82657635e-01 -2.66597203e-01 -2.47578301e-01 -2.33847726e-01 -2.31402379e-01 -2.39638793e-01 -2.39308998e-01 -2.49529605e-01 -2.29366923e-01 -1.78792276e-01 -1.17753024e-01 -6.39380835e-02 -5.62340901e-03 6.94064992e-02 9.27632538e-02 1.29001691e-01 1.12922210e-01 1.22415675e-01 6.40099488e-02 3.61103438e-02 -2.37036785e-03 -1.89023740e-02 -8.40269670e-02 -1.37827682e-01 -1.77871469e-01 -1.98008117e-01 -2.24585699e-01 -2.83948307e-01 -3.55427058e-01 -6.47017906e-01 -5.97094088e-01
2.24000000e+01 4.69008796e-01 1.81011965e-02 1.50878184e-01 2.01828141e-01 1.59587418e-01 1.62764089e-01 1.69402842e-01 1.78004209e-01 1.78696941e-01 2.05987495e-01 2.09018019e-01 2.19220464e-01 2.36017258e-01 2.43460634e-01 2.60487291e-01 2.87533090e-01 2.80731386e-01 2.88730641e-01 2.60959546e-01 2.56007759e-01 2.37729850e-01 2.18815993e-01 1.98660687e-01 1.84021334e-01 1.75899277e-01 1.56114062e-01 1.34269411e-01 1.01961361e-01 6.35121450e-02 2.67032063e-02 -7.15009350e-03 -2.78933436e-02 -4.77116456e-02 -6.19263405e-02 -6.61116620e-02 -6.39915195e-02 -4.96707465e-02 -2.24554844e-02 9.83460181e-03 3.60870754e-02 4.66654716e-02 3.57946088e-02 1.18553148e-02 -7.78163580e-03 -1.31730253e-02 2.55744242e-03 3.45833254e-02 6.29343235e-02 8.85685530e-02 1.04380471e-01 1.10351563e-01 1.07591051e-01 1.08537752e-01 9.96822332e-02 6.89868268e-02 3.92986444e-02 -2.54390562e-03 -4.51093798e-02 -7.55581804e-02 -9.35640017e-02 -1.06082231e-01 -1.14466377e-01 -1.25375155e-01 -1.46018196e-01 -1.71975693e-01 -1.97852285e-01 -2.24618652e-01 -2.51862001e-01 -2.73327904e-01 -2.78144994e-01 -2.59123811e-01 -2.37951749e-01 -2.24755704e-01 -2.22976122e-01 -2.32072219e-01 -2.33955151e-01 -2.45972380e-01 -2.26336277e-01 -1.77268986e-01 -1.16644936e-01 -6.34491318e-02 -5.06976296e-03 6.84064280e-02 9.00057829e-02 1.25244232e-01 1.06548946e-01 1.15264313e-01 5.24947631e-02 2.68946732e-02 -9.05922338e-03 -2.50720365e-02 -8.78258400e-02 -1.39862046e-01 -1.78243929e-01 -1.96441313e-01 -2.22763896e-01 -2.81391077e-01 -3.52321721e-01 -6.44599323e-01 -5.83346544e-01
2.25000000e+01 4.79120937e-01 2.62355085e-02 1.53266240e-01 2.06818744e-01 1.64258332e-01 1.65147883e-01 1.70273233e-01 1.75993288e-01 1.75624441e-01 1.99856245e-01 2.02833520e-01 2.11351170e-01 2.27184503e-01 2.35726040e-01 2.54640733e-01 2.83077727e-01 2.78665081e-01 2.88562436e-01 2.62234503e-01 2.58436865e-01 2.41059832e-01 2.22456792e-01 2.02442257e-01 1.87264397e-01 1.79359202e-01 1.60086403e-01 1.38129477e-01 1.06346254e-01 6.57616481e-02 2.63504778e-02 -8.93549995e-03 -3.18911285e-02 -5.23414203e-02 -6.61353988e-02 -7.00801321e-02 -6.85523303e-02 -5.51478387e-02 -2.90648456e-02 2.63450066e-03 2.95021366e-02 4.24130716e-02 3.44227121e-02 1.22626527e-02 -6.07649373e-03 -8.62678628e-03 9.82491014e-03 4.18510387e-02 6.94923574e-02 9.35463225e-02 1.08323282e-01 1.13868816e-01 1.10879849e-01 1.12199046e-01 1.01844567e-01 6.97736498e-02 3.79141315e-02 -5.62112494e-03 -4.93259704e-02 -7.96906365e-02 -9.74860323e-02 -1.09738915e-01 -1.18484986e-01 -1.29844859e-01 -1.49737601e-01 -1.74982080e-01 -1.99813561e-01 -2.25600921e-01 -2.51423220e-01 -2.71403888e-01 -2.73494791e-01 -2.51593476e-01 -2.28397286e-01 -2.15813241e-01 -2.14671611e-01 -2.24537375e-01 -2.28628599e-01 -2.42303086e-01 -2.23157407e-01 -1.75712389e-01 -1.15585318e-01 -6.29526237e-02 -4.42469609e-03 6.71861819e-02 8.72343334e-02 1.21318399e-01 1.00232328e-01 1.07941685e-01 4.11306840e-02 1.76537395e-02 -1.55538442e-02 -3.14920594e-02 -9.14841970e-02 -1.42040716e-01 -1.78613304e-01 -1.94942346e-01 -2.21025298e-01 -2.78832670e-01 -3.49289368e-01 -6.42035299e-01 -5.69285934e-01
2.26000000e+01 4.88951409e-01 3.43795858e-02 1.55579811e-01 2.11898311e-01 1.69006427e-01 1.67555485e-01 1.71279089e-01 1.73856533e-01 1.72708498e-01 1.93612976e-01 1.96734742e-01 2.03666474e-01 2.18329867e-01 2.28028446e-01 2.48882442e-01 2.78547375e-01 2.76546711e-01 2.88334572e-01 2.63525034e-01 2.60869021e-01 2.44362036e-01 2.26057074e-01 2.06230534e-01 1.90463651e-01 1.82692233e-01 1.63929671e-01 1.41865283e-01 1.10660827e-01 6.80233498e-02 2.60009846e-02 -1.06430298e-02 -3.58074170e-02 -5.68954335e-02 -7.02322971e-02 -7.39206169e-02 -7.29628535e-02 -6.04979416e-02 -3.56387275e-02 -4.60579917e-03 2.28227725e-02 3.80776665e-02 3.29461442e-02 1.27094770e-02 -4.27474002e-03 -3.96726728e-03 1.71594648e-02 4.91140626e-02 7.59840037e-02 9.84293088e-02 1.12143324e-01 1.17263721e-01 1.14130682e-01 1.15747696e-01 1.03854439e-01 7.05389586e-02 3.64551813e-02 -8.69083546e-03 -5.33913875e-02 -8.36706497e-02 -1.01258764e-01 -1.13311806e-01 -1.22483578e-01 -1.34339107e-01 -1.53484719e-01 -1.77999296e-01 -2.01807629e-01 -2.26613514e-01 -2.50990022e-01 -2.69357292e-01 -2.68702863e-01 -2.44010328e-01 -2.18934360e-01 -2.07029033e-01 -2.06494377e-01 -2.17040920e-01 -2.23325409e-01 -2.38508824e-01 -2.19837199e-01 -1.74114818e-01 -1.14576020e-01 -6.24453343e-02 -3.69415381e-03 6.57330268e-02 8.44627461e-02 1.17207466e-01 9.39885654e-02 1.00418656e-01 2.99710291e-02 8.39397962e-03 -2.18720054e-02 -3.81369692e-02 -9.50215853e-02 -1.44365674e-01 -1.78973395e-01 -1.93519479e-01 -2.19365628e-01 -2.76273175e-01 -3.46316384e-01 -6.39351187e-01 -5.54912823e-01
2.27000000e+01 4.98503759e-01 4.25230052e-02 1.57823494e-01 2.17062305e-01 1.73821973e-01 1.69991087e-01 1.72410819e-01 1.71606584e-01 1.69929469e-01 1.87289200e-01 1.90701630e-01 1.96173667e-01 2.09476978e-01 2.20363892e-01 2.43217307e-01 2.73944657e-01 2.74373547e-01 2.88045662e-01 2.64825317e-01 2.63301367e-01 2.47633244e-01 2.29613018e-01 2.10023588e-01 1.93625149e-01 1.85904005e-01 1.67641797e-01 1.45479563e-01 1.14885190e-01 7.02925031e-02 2.56611446e-02 -1.22753483e-02 -3.96303206e-02 -6.13652984e-02 -7.42180732e-02 -7.76433793e-02 -7.72303790e-02 -6.57215035e-02 -4.21701799e-02 -1.18742670e-02 1.60614593e-02 3.36583172e-02 3.13567658e-02 1.31950504e-02 -2.36782057e-03 8.08111854e-04 2.45444610e-02 5.63602537e-02 8.24022411e-02 1.03221299e-01 1.15848120e-01 1.20542347e-01 1.17348055e-01 1.19170046e-01 1.05710431e-01 7.12786998e-02 3.49229035e-02 -1.17475735e-02 -5.72936002e-02 -8.74994912e-02 -1.04883625e-01 -1.16809571e-01 -1.26462874e-01 -1.38849012e-01 -1.57258373e-01 -1.81026112e-01 -2.03834532e-01 -2.27652869e-01 -2.50560500e-01 -2.67178551e-01 -2.63765755e-01 -2.36378959e-01 -2.09582021e-01 -1.98411084e-01 -1.98449155e-01 -2.09589814e-01 -2.18041137e-01 -2.34577457e-01 -2.16383374e-01 -1.72468620e-01 -1.13618087e-01 -6.19233051e-02 -2.88748078e-03 6.40381917e-02 8.17022286e-02 1.12898373e-01 8.78289452e-02 9.26718026e-02 1.90640186e-02 -8.74923886e-04 -2.80362836e-02 -4.49751068e-02 -9.84632621e-02 -1.46834544e-01 -1.79320056e-01 -1.92180776e-01 -2.17779566e-01 -2.73713343e-01 -3.43387795e-01 -6.36573147e-01 -5.40228336e-01
2.28000000e+01 5.07782015e-01 5.06551247e-02 1.60003143e-01 2.22304168e-01 1.78695839e-01 1.72459645e-01 1.73655550e-01 1.69261159e-01 1.67263140e-01 1.80919430e-01 1.84714647e-01 1.88876603e-01 2.00651510e-01 2.12728545e-01 2.37648862e-01 2.69272851e-01 2.72143345e-01 2.87694537e-01 2.66129203e-01 2.65730595e-01 2.50870773e-01 2.33120991e-01 2.13818783e-01 1.96754628e-01 1.89000659e-01 1.71221168e-01 1.48975407e-01 1.18999603e-01 7.25635945e-02 2.53382051e-02 -1.38357399e-02 -4.33480135e-02 -6.57423757e-02 -7.80938074e-02 -8.12588878e-02 -8.13624230e-02 -7.08196054e-02 -4.86519888e-02 -1.91585557e-02 9.23078842e-03 2.91536341e-02 2.96483322e-02 1.37178955e-02 -3.48023956e-04 5.70155063e-03 3.19633330e-02 6.35775254e-02 8.87401704e-02 1.07926293e-01 1.19445291e-01 1.23711316e-01 1.20535512e-01 1.22452719e-01 1.07412112e-01 7.19877753e-02 3.33193286e-02 -1.47852145e-02 -6.10217404e-02 -9.11787945e-02 -1.08362512e-01 -1.20240997e-01 -1.30423242e-01 -1.43365205e-01 -1.61057224e-01 -1.84061576e-01 -2.05894252e-01 -2.28715253e-01 -2.50131896e-01 -2.64859074e-01 -2.58680741e-01 -2.28704481e-01 -2.00358756e-01 -1.89966726e-01 -1.90539852e-01 -2.02191239e-01 -2.12770893e-01 -2.30497823e-01 -2.12804218e-01 -1.70766374e-01 -1.12711603e-01 -6.13820144e-02 -2.01729627e-03 6.20970455e-02 7.89609946e-02 1.08382036e-01 8.17594596e-02 8.46842740e-02 8.45180996e-03 -1.01399847e-02 -3.40732716e-02 -5.19696610e-02 -1.01839378e-01 -1.49440851e-01 -1.79651350e-01 -1.90933832e-01 -2.16260956e-01 -2.71154376e-01 -3.40487836e-01 -6.33727467e-01 -5.25234415e-01
2.29000000e+01 5.16790622e-01 5.87651910e-02 1.62125773e-01 2.27615356e-01 1.83619600e-01 1.74966659e-01 1.74997487e-01 1.66842464e-01 1.64681615e-01 1.74540140e-01 1.78755480e-01 1.81775685e-01 1.91880728e-01 2.05119015e-01 2.32179238e-01 2.64535863e-01 2.69854406e-01 2.87280200e-01 2.67430228e-01 2.68152986e-01 2.54072424e-01 2.36577584e-01 2.17612823e-01 1.99857452e-01 1.91988773e-01 1.74666689e-01 1.52356054e-01 1.22984817e-01 7.48303218e-02 2.50400703e-02 -1.53279642e-02 -4.69488605e-02 -7.00178324e-02 -8.18606161e-02 -8.47777304e-02 -8.53666102e-02 -7.57939687e-02 -5.50767116e-02 -2.64460935e-02 2.34336407e-03 2.45619294e-02 2.78165047e-02 1.42757820e-02 1.79146782e-03 1.07147674e-02 3.93996869e-02 7.07539311e-02 9.49910609e-02 1.12548467e-01 1.22942519e-01 1.26777736e-01 1.23695486e-01 1.25582898e-01 1.08959923e-01 7.26601111e-02 3.16474229e-02 -1.77969764e-02 -6.45662712e-02 -9.47104604e-02 -1.11697835e-01 -1.23614836e-01 -1.34364679e-01 -1.47878018e-01 -1.64879709e-01 -1.87104993e-01 -2.07986672e-01 -2.29796826e-01 -2.49700544e-01 -2.62391331e-01 -2.53445843e-01 -2.20992594e-01 -1.91282328e-01 -1.81702634e-01 -1.82769524e-01 -1.94852519e-01 -2.07509413e-01 -2.26259941e-01 -2.09108322e-01 -1.69001090e-01 -1.11855547e-01 -6.08165823e-02 -1.09927436e-03 5.99091615e-02 7.62440223e-02 1.03653498e-01 7.57806322e-02 7.64464220e-02 -1.83026799e-03 -1.93849991e-02 -4.00126515e-02 -5.90798689e-02 -1.05183986e-01 -1.52174411e-01 -1.79967613e-01 -1.89785521e-01 -2.14803028e-01 -2.68597684e-01 -3.37600543e-01 -6.30839870e-01 -5.09934083e-01
2.30000000e+01 5.25534367e-01 6.68424579e-02 1.64199432e-01 2.32985426e-01 1.88585629e-01 1.77517924e-01 1.76418374e-01 1.64376442e-01 1.62154348e-01 1.68188670e-01 1.72807712e-01 1.74867941e-01 1.83192974e-01 1.97532648e-01 2.26809137e-01 2.59738173e-01 2.67505617e-01 2.86801799e-01 2.68721626e-01 2.70564471e-01 2.57236399e-01 2.39979669e-01 2.21401799e-01 2.02938557e-01 1.94875290e-01 1.77977849e-01 1.55624680e-01 1.26822405e-01 7.70855906e-02 2.47750978e-02 -1.67560834e-02 -5.04215554e-02 -7.41827000e-02 -8.55196560e-02 -8.82105144e-02 -8.92505737e-02 -8.06469414e-02 -6.14367299e-02 -3.37241765e-02 -4.58828841e-03 1.98813841e-02 2.58588143e-02 1.48657395e-02 4.05653626e-03 1.58489024e-02 4.68373993e-02 7.78777368e-02 1.01148407e-01 1.17092124e-01 1.26347499e-01 1.29749132e-01 1.26829185e-01 1.28548603e-01 1.10355060e-01 7.32887500e-02 2.99110901e-02 -2.07754521e-02 -6.79191184e-02 -9.80965745e-02 -1.14892559e-01 -1.26939636e-01 -1.38286812e-01 -1.52377652e-01 -1.68723990e-01 -1.90155901e-01 -2.10111537e-01 -2.30893706e-01 -2.49261851e-01 -2.59768922e-01 -2.48059861e-01 -2.13249639e-01 -1.82369638e-01 -1.73624839e-01 -1.75140371e-01 -1.87581019e-01 -2.02251144e-01 -2.21855195e-01 -2.05304336e-01 -1.67166398e-01 -1.11047659e-01 -6.02219969e-02 -1.51845682e-04 5.74782792e-02 7.35529261e-02 9.87119300e-02 6.98875548e-02 6.79561825e-02 -1.17542667e-02 -2.85907732e-02 -4.58861542e-02 -6.62623453e-02 -1.08533915e-01 -1.55021860e-01 -1.80271447e-01 -1.88741771e-01 -2.13398637e-01 -2.66044618e-01 -3.34710351e-01 -6.27934836e-01 -4.94331699e-01
2.31000000e+01 5.34018317e-01 7.48763140e-02 1.66233029e-01 2.38402162e-01 1.93587164e-01 1.80119247e-01 1.77898048e-01 1.61891899e-01 1.59649268e-01 1.61902110e-01 1.66857422e-01 1.68147207e-01 1.74617125e-01 1.89967811e-01 2.21537844e-01 2.54884775e-01 2.65096472e-01 2.86258605e-01 2.69996349e-01 2.72960684e-01 2.60361209e-01 2.43324447e-01 2.25181255e-01 2.06002400e-01 1.97667430e-01 1.81154770e-01 1.58784213e-01 1.30495070e-01 7.93215295e-02 2.45518710e-02 -1.81242641e-02 -5.37552648e-02 -7.82279320e-02 -8.90721391e-02 -9.15677450e-02 -9.30218798e-02 -8.53814640e-02 -6.77243212e-02 -4.09800596e-02 -1.15518004e-02 1.51102185e-02 2.37745862e-02 1.54841001e-02 6.45209299e-03 2.11044180e-02 5.42607213e-02 8.49374814e-02 1.07205997e-01 1.21561637e-01 1.29667902e-01 1.32633371e-01 1.29936489e-01 1.31338933e-01 1.11599360e-01 7.38659620e-02 2.81151602e-02 -2.37126696e-02 -7.10737641e-02 -1.01339334e-01 -1.17950244e-01 -1.30223578e-01 -1.42188904e-01 -1.56854365e-01 -1.72587900e-01 -1.93214037e-01 -2.12268420e-01 -2.32002011e-01 -2.48810294e-01 -2.56986609e-01 -2.42522397e-01 -2.05482636e-01 -1.73636596e-01 -1.65738726e-01 -1.67653750e-01 -1.80384042e-01 -1.96990349e-01 -2.17276490e-01 -2.01400734e-01 -1.65256716e-01 -1.10284328e-01 -5.95933510e-02 8.04164141e-04 5.48121698e-02 7.08859371e-02 9.35604992e-02 6.40701216e-02 5.92192033e-02 -2.12999468e-02 -3.77354829e-02 -5.17264383e-02 -7.34724954e-02 -1.11927546e-01 -1.57967273e-01 -1.80567627e-01 -1.87807365e-01 -2.12040513e-01 -2.63496199e-01 -3.31802693e-01 -6.25034937e-01 -4.78433198e-01
2.32000000e+01 5.42247744e-01 8.28564169e-02 1.68236149e-01 2.43851749e-01 1.98618345e-01 1.82776154e-01 1.79415073e-01 1.59419530e-01 1.57133962e-01 1.55716202e-01 1.60893697e-01 1.61604385e-01 1.66182019e-01 1.82424140e-01 2.16363263e-01 2.49981113e-01 2.62627079e-01 2.85650016e-01 2.71247103e-01 2.75337011e-01 2.63445580e-01 2.46609501e-01 2.28946260e-01 2.09052904e-01 2.00372598e-01 1.84198253e-01 1.61837182e-01 1.33986924e-01 8.15295247e-02 2.43789546e-02 -1.94365614e-02 -5.69397754e-02 -8.21444609e-02 -9.25193621e-02 -9.48596838e-02 -9.66879788e-02 -9.00010136e-02 -7.39317461e-02 -4.82010398e-02 -1.85350239e-02 1.02468587e-02 2.15648324e-02 1.61265719e-02 8.98205867e-03 2.64809902e-02 6.16543903e-02 9.19220270e-02 1.13157987e-01 1.25961371e-01 1.32911336e-01 1.35438576e-01 1.33015890e-01 1.33944271e-01 1.12695188e-01 7.43833703e-02 2.62653632e-02 -2.66001778e-02 -7.40253050e-02 -1.04440986e-01 -1.20875085e-01 -1.33474299e-01 -1.46069876e-01 -1.61298632e-01 -1.76468906e-01 -1.96279299e-01 -2.14456699e-01 -2.33117888e-01 -2.48339448e-01 -2.54040334e-01 -2.36833892e-01 -1.97699325e-01 -1.65098004e-01 -1.58049030e-01 -1.60310198e-01 -1.73268720e-01 -1.91721213e-01 -2.12518387e-01 -1.97405595e-01 -1.63267391e-01 -1.09560513e-01 -5.89260806e-02 1.74594823e-03 5.19224141e-02 6.82379841e-02 8.82061064e-02 5.83134502e-02 5.02487244e-02 -3.04548841e-02 -4.67951507e-02 -5.75659272e-02 -8.06659630e-02 -1.15403524e-01 -1.60992877e-01 -1.80862930e-01 -1.86985785e-01 -2.10721496e-01 -2.60952854e-01 -3.28864554e-01 -6.22160227e-01 -4.62246313e-01
2.33000000e+01 5.50228059e-01 9.07728300e-02 1.70218827e-01 2.49318991e-01 2.03674228e-01 1.85493582e-01 1.80947417e-01 1.56990890e-01 1.54576877e-01 1.49664293e-01 1.54909045e-01 1.55227803e-01 1.57915871e-01 1.74902770e-01 2.11281990e-01 2.45032997e-01 2.60098150e-01 2.84975557e-01 2.72466392e-01 2.77688635e-01 2.66488348e-01 2.49832845e-01 2.32691483e-01 2.12093404e-01 2.02998286e-01 1.87109804e-01 1.64785586e-01 1.37283729e-01 8.37002736e-02 2.42646432e-02 -2.06966932e-02 -5.99656387e-02 -8.59232568e-02 -9.58627475e-02 -9.80961856e-02 -1.00256183e-01 -9.45095322e-02 -8.00513495e-02 -5.53745329e-02 -2.55260814e-02 5.29009324e-03 1.92321197e-02 1.67883398e-02 1.16493557e-02 3.19773874e-02 6.90037427e-02 9.88206007e-02 1.18998977e-01 1.30295613e-01 1.36085300e-01 1.38173047e-01 1.36064460e-01 1.36356461e-01 1.13645337e-01 7.48320907e-02 2.43682865e-02 -2.94291509e-02 -7.67704783e-02 -1.07403771e-01 -1.23671943e-01 -1.36698737e-01 -1.49928330e-01 -1.65701306e-01 -1.80364088e-01 -1.99351707e-01 -2.16675541e-01 -2.34237511e-01 -2.47842029e-01 -2.50927206e-01 -2.30995661e-01 -1.89908183e-01 -1.56767461e-01 -1.50559823e-01 -1.53109481e-01 -1.66241900e-01 -1.86437976e-01 -2.07577204e-01 -1.93326399e-01 -1.61194809e-01 -1.08869697e-01 -5.82162010e-02 2.64917809e-03 4.88240975e-02 6.56008699e-02 8.26590138e-02 5.25984723e-02 4.10652239e-02 -3.92143588e-02 -5.57442194e-02 -6.34356453e-02 -8.78000659e-02 -1.18999468e-01 -1.64079806e-01 -1.81165905e-01 -1.86279104e-01 -2.09434767e-01 -2.58414160e-01 -3.25884990e-01 -6.19327685e-01 -4.45780763e-01
2.34000000e+01 5.57964741e-01 9.86161600e-02 1.72191317e-01 2.54787551e-01 2.08750776e-01 1.88275583e-01 1.82473152e-01 1.54637338e-01 1.51948494e-01 1.43776384e-01 1.48899682e-01 1.49003641e-01 1.49845695e-01 1.67406515e-01 2.06289404e-01 2.40046523e-01 2.57510970e-01 2.84234896e-01 2.73646585e-01 2.80010565e-01 2.69488372e-01 2.52992972e-01 2.36411268e-01 2.15126611e-01 2.05551968e-01 1.89891645e-01 1.67630813e-01 1.40373095e-01 8.58238544e-02 2.42167138e-02 -2.19078143e-02 -6.28243065e-02 -8.95553907e-02 -9.91038939e-02 -1.01286521e-01 -1.03733666e-01 -9.89113418e-02 -8.60756712e-02 -6.24881412e-02 -3.25134028e-02 2.39222138e-04 1.67804194e-02 1.74641902e-02 1.44559130e-02 3.75913390e-02 7.62948246e-02 1.05622833e-01 1.24724088e-01 1.34568485e-01 1.39197140e-01 1.40845171e-01 1.39077854e-01 1.38568932e-01 1.14452925e-01 7.52028817e-02 2.24313146e-02 -3.21905046e-02 -7.93076582e-02 -1.10229880e-01 -1.26346368e-01 -1.39902983e-01 -1.53762570e-01 -1.70053755e-01 -1.84270131e-01 -2.02431356e-01 -2.18923891e-01 -2.35357069e-01 -2.47309954e-01 -2.47645480e-01 -2.25009942e-01 -1.82118437e-01 -1.48657267e-01 -1.43274495e-01 -1.46050655e-01 -1.59310026e-01 -1.81135067e-01 -2.02451094e-01 -1.89169854e-01 -1.59036456e-01 -1.08203895e-01 -5.74605413e-02 3.48850596e-03 4.55354245e-02 6.29635392e-02 7.69323720e-02 4.69026707e-02 3.16958487e-02 -4.75810401e-02 -6.45561978e-02 -6.93640937e-02 -9.48351685e-02 -1.22750700e-01 -1.67208886e-01 -1.81486572e-01 -1.85687918e-01 -2.08174045e-01 -2.55878633e-01 -3.22855582e-01 -6.16550723e-01 -4.29048412e-01
2.35000000e+01 5.65463281e-01 1.06377693e-01 1.74163839e-01 2.60240229e-01 2.13844812e-01 1.91125038e-01 1.83971163e-01 1.52388993e-01 1.49222429e-01 1.38078298e-01 1.42865702e-01 1.42916430e-01 1.41996728e-01 1.59940025e-01 2.01379784e-01 2.35027989e-01 2.54867364e-01 2.83427861e-01 2.74779989e-01 2.82297654e-01 2.72444457e-01 2.56088886e-01 2.40099711e-01 2.18154578e-01 2.08040992e-01 1.92546718e-01 1.70373589e-01 1.43244628e-01 8.78898100e-02 2.42421885e-02 -2.30723021e-02 -6.55082504e-02 -9.30321068e-02 -1.02244627e-01 -1.04439193e-01 -1.07127487e-01 -1.03211053e-01 -9.19975608e-02 -6.95297145e-02 -3.94857524e-02 -4.90580214e-03 1.42149434e-02 1.81486515e-02 1.74026794e-02 4.33193993e-02 8.35144919e-02 1.12318798e-01 1.30329028e-01 1.38783877e-01 1.42254011e-01 1.43463324e-01 1.42050362e-01 1.40576783e-01 1.15121297e-01 7.54863040e-02 2.04625513e-02 -3.48750166e-02 -8.16368267e-02 -1.12921419e-01 -1.28904602e-01 -1.43092152e-01 -1.57570637e-01 -1.74347983e-01 -1.88183331e-01 -2.05518383e-01 -2.21200469e-01 -2.36472731e-01 -2.46734419e-01 -2.44194513e-01 -2.18879940e-01 -1.74340051e-01 -1.40778354e-01 -1.36195738e-01 -1.39132146e-01 -1.52479022e-01 -1.75807243e-01 -1.97140090e-01 -1.84941745e-01 -1.56790943e-01 -1.07553696e-01 -5.66569742e-02 4.23810693e-03 4.20772558e-02 6.03124326e-02 7.10416597e-02 4.12009358e-02 2.21736542e-02 -5.55644836e-02 -7.32043528e-02 -7.53762045e-02 -1.01735947e-01 -1.26689064e-01 -1.70361411e-01 -1.81836088e-01 -1.85211335e-01 -2.06933760e-01 -2.53343546e-01 -3.19770812e-01 -6.13838797e-01 -4.12063393e-01
2.36000000e+01 5.72729120e-01 1.14049522e-01 1.76146329e-01 2.65659257e-01 2.18953957e-01 1.94043412e-01 1.85421817e-01 1.50273746e-01 1.46376435e-01 1.32590995e-01 1.36811105e-01 1.36949612e-01 1.34391890e-01 1.52509882e-01 1.96546448e-01 2.29983817e-01 2.52169640e-01 2.82554451e-01 2.75858937e-01 2.84544607e-01 2.75355283e-01 2.59120129e-01 2.43750729e-01 2.21178688e-01 2.10472466e-01 1.95078659e-01 1.73013960e-01 1.45890047e-01 8.98872448e-02 2.43471189e-02 -2.41915636e-02 -6.80110589e-02 -9.63449079e-02 -1.05287048e-01 -1.07561752e-01 -1.10444617e-01 -1.07413474e-01 -9.78102930e-02 -7.64874031e-02 -4.64322484e-02 -1.01442369e-02 1.15419738e-02 1.88361433e-02 2.04896378e-02 4.91568186e-02 9.06504958e-02 1.18899053e-01 1.35810146e-01 1.42945379e-01 1.45262828e-01 1.46035770e-01 1.44974995e-01 1.42376839e-01 1.15653923e-01 7.56728882e-02 1.84707234e-02 -3.74734467e-02 -8.37595197e-02 -1.15480388e-01 -1.31353567e-01 -1.46270283e-01 -1.61350329e-01 -1.78576727e-01 -1.92099618e-01 -2.08612921e-01 -2.23503775e-01 -2.37580597e-01 -2.46105975e-01 -2.40574712e-01 -2.12609883e-01 -1.66583707e-01 -1.33140211e-01 -1.29325514e-01 -1.32351844e-01 -1.45754176e-01 -1.70449729e-01 -1.91646122e-01 -1.80646828e-01 -1.54457962e-01 -1.06908370e-01 -5.58046376e-02 4.87225456e-03 3.84725691e-02 5.76319225e-02 6.50040590e-02 3.54665066e-02 1.25366843e-02 -6.31804637e-02 -8.16624208e-02 -8.14924098e-02 -1.08472503e-01 -1.30841849e-01 -1.73519891e-01 -1.82226368e-01 -1.84847007e-01 -2.05709185e-01 -2.50804815e-01 -3.16628351e-01 -6.11197099e-01 -3.94842180e-01
2.37000000e+01 5.79767601e-01 1.21624669e-01 1.78148186e-01 2.71026606e-01 2.24076527e-01 1.97030532e-01 1.86807590e-01 1.48316358e-01 1.43393256e-01 1.27330069e-01 1.30743691e-01 1.31086135e-01 1.27051280e-01 1.45124649e-01 1.91781909e-01 2.24920476e-01 2.49420533e-01 2.81614856e-01 2.76875877e-01 2.86745976e-01 2.78219359e-01 2.62086793e-01 2.47358124e-01 2.24199656e-01 2.12853145e-01 1.97491775e-01 1.75551309e-01 1.48303241e-01 9.18049310e-02 2.45363956e-02 -2.52658752e-02 -7.03275066e-02 -9.94856548e-02 -1.08233562e-01 -1.10660633e-01 -1.13691977e-01 -1.11523517e-01 -1.03507677e-01 -8.33497051e-02 -5.33423796e-02 -1.54744138e-02 8.76868649e-03 1.95211283e-02 2.37158139e-02 5.50974320e-02 9.76915470e-02 1.25354699e-01 1.41164475e-01 1.47056222e-01 1.48230228e-01 1.48570535e-01 1.47843625e-01 1.43967657e-01 1.16054293e-01 7.57533099e-02 1.64650698e-02 -3.99766541e-02 -8.56787502e-02 -1.17908686e-01 -1.33700818e-01 -1.49440261e-01 -1.65099230e-01 -1.82733547e-01 -1.96014583e-01 -2.11715064e-01 -2.25832083e-01 -2.38676651e-01 -2.45414618e-01 -2.36787476e-01 -2.06205084e-01 -1.58860759e-01 -1.25750834e-01 -1.22665039e-01 -1.25707199e-01 -1.39140042e-01 -1.65058352e-01 -1.85973007e-01 -1.76288763e-01 -1.52038201e-01 -1.06256017e-01 -5.49041393e-02 5.36591835e-03 3.47458541e-02 5.49048200e-02 5.88377883e-02 2.96719602e-02 2.82692428e-03 -7.04501679e-02 -8.99053125e-02 -8.77278539e-02 -1.15021292e-01 -1.35230870e-01 -1.76668734e-01 -1.82669701e-01 -1.84591200e-01 -2.04496520e-01 -2.48256925e-01 -3.13429256e-01 -6.08626359e-01 -3.77403627e-01
2.38000000e+01 5.86583921e-01 1.29097186e-01 1.80178033e-01 2.76324309e-01 2.29211420e-01 2.00084430e-01 1.88113616e-01 1.46537668e-01 1.40261312e-01 1.22305416e-01 1.24674834e-01 1.25309076e-01 1.19991732e-01 1.37794864e-01 1.87078053e-01 2.19844421e-01 2.46623143e-01 2.80609463e-01 2.77823460e-01 2.88896149e-01 2.81034985e-01 2.64989513e-01 2.50915650e-01 2.27217551e-01 2.15189319e-01 1.99790992e-01 1.77984384e-01 1.50480309e-01 9.36314264e-02 2.48135891e-02 -2.62942614e-02 -7.24535929e-02 -1.02446683e-01 -1.11086893e-01 -1.13741004e-01 -1.16876469e-01 -1.15546127e-01 -1.09084161e-01 -9.01055097e-02 -6.02060190e-02 -2.08936060e-02 5.90297500e-03 2.01982578e-02 2.70792752e-02 6.11335786e-02 1.04627357e-01 1.31677435e-01 1.46389761e-01 1.51119236e-01 1.51162539e-01 1.51075275e-01 1.50647161e-01 1.45349506e-01 1.16325809e-01 7.57185680e-02 1.44552196e-02 -4.23757134e-02 -8.73989117e-02 -1.20208116e-01 -1.35954479e-01 -1.52603780e-01 -1.68814732e-01 -1.86812884e-01 -1.99923520e-01 -2.14824825e-01 -2.28183445e-01 -2.39756701e-01 -2.44649886e-01 -2.32835117e-01 -1.99671995e-01 -1.51183175e-01 -1.18616671e-01 -1.16214748e-01 -1.19195329e-01 -1.32640347e-01 -1.59629651e-01 -1.80126410e-01 -1.71870093e-01 -1.49533195e-01 -1.05583778e-01 -5.39577265e-02 5.69536466e-03 3.09224537e-02 5.21129372e-02 5.25614215e-02 2.37902128e-02 -6.91083734e-03 -7.73992829e-02 -9.79097845e-02 -9.40917778e-02 -1.21365826e-01 -1.39871737e-01 -1.79794833e-01 -1.83178355e-01 -1.84438917e-01 -2.03292939e-01 -2.45692943e-01 -3.10178050e-01 -6.06122764e-01 -3.59768950e-01
2.39000000e+01 5.93183100e-01 1.36462239e-01 1.82243493e-01 2.81534777e-01 2.34357966e-01 2.03201230e-01 1.89328143e-01 1.44953956e-01 1.36975191e-01 1.17521111e-01 1.18619117e-01 1.19602270e-01 1.13226432e-01 1.30532964e-01 1.82426325e-01 2.14762042e-01 2.43780863e-01 2.79538864e-01 2.78694625e-01 2.90989347e-01 2.83800242e-01 2.67829437e-01 2.54417080e-01 2.30231835e-01 2.17486711e-01 2.01981804e-01 1.80311352e-01 1.52419545e-01 9.53552043e-02 2.51808236e-02 -2.72744196e-02 -7.43865497e-02 -1.05220931e-01 -1.13850072e-01 -1.16806660e-01 -1.20004987e-01 -1.19486218e-01 -1.14534918e-01 -9.67441391e-02 -6.70134342e-02 -2.63979017e-02 2.95327678e-03 2.08625035e-02 3.05771187e-02 6.72560550e-02 1.11448656e-01 1.37859632e-01 1.51484476e-01 1.55136805e-01 1.54065744e-01 1.53557132e-01 1.53375776e-01 1.46524315e-01 1.16471679e-01 7.55601644e-02 1.24510651e-02 -4.46620314e-02 -8.89256615e-02 -1.22380433e-01 -1.38123132e-01 -1.55761326e-01 -1.72494069e-01 -1.90810110e-01 -2.03821477e-01 -2.17942085e-01 -2.30555689e-01 -2.40816339e-01 -2.43800956e-01 -2.28720794e-01 -1.93018280e-01 -1.43563462e-01 -1.11742596e-01 -1.09974270e-01 -1.12813127e-01 -1.26257924e-01 -1.54160981e-01 -1.74113790e-01 -1.67392260e-01 -1.46945142e-01 -1.04878090e-01 -5.29694052e-02 5.83873882e-03 2.70278729e-02 4.92376842e-02 4.61932218e-02 1.77954974e-02 -1.66302003e-02 -8.40570085e-02 -1.05655056e-01 -1.00587096e-01 -1.27497145e-01 -1.44773328e-01 -1.82888059e-01 -1.83764199e-01 -1.84384044e-01 -2.02096577e-01 -2.43104577e-01 -3.06882705e-01 -6.03677981e-01 -3.41961671e-01
2.40000000e+01 5.99569953e-01 1.43716169e-01 1.84350988e-01 2.86641108e-01 2.39515766e-01 2.06375101e-01 1.90442880e-01 1.43576455e-01 1.33535936e-01 1.12975475e-01 1.12593875e-01 1.13950920e-01 1.06764631e-01 1.23353155e-01 1.77817946e-01 2.09679618e-01 2.40897306e-01 2.78403849e-01 2.79482679e-01 2.93019611e-01 2.86512982e-01 2.70608171e-01 2.57856279e-01 2.33241415e-01 2.19750377e-01 2.04070206e-01 1.82529849e-01 1.54121399e-01 9.69647982e-02 2.56386834e-02 -2.82026924e-02 -7.61248197e-02 -1.07802077e-01 -1.16526400e-01 -1.19859943e-01 -1.23084420e-01 -1.23348624e-01 -1.19855918e-01 -1.03255392e-01 -7.37552917e-02 -3.19820887e-02 -7.15935812e-05 2.15092687e-02 3.42054498e-02 7.34541067e-02 1.18147190e-01 1.43894411e-01 1.56447830e-01 1.59110832e-01 1.56945469e-01 1.56022579e-01 1.56019152e-01 1.47495587e-01 1.16494826e-01 7.52702810e-02 1.04626342e-02 -4.68274679e-02 -9.02657908e-02 -1.24427387e-01 -1.40215682e-01 -1.58912200e-01 -1.76134348e-01 -1.94721557e-01 -2.07703314e-01 -2.21066536e-01 -2.32946413e-01 -2.41850901e-01 -2.42856747e-01 -2.24448423e-01 -1.86252872e-01 -1.36014583e-01 -1.05131883e-01 -1.03942395e-01 -1.06557361e-01 -1.19994668e-01 -1.48650578e-01 -1.67944311e-01 -1.62855660e-01 -1.44276687e-01 -1.04124995e-01 -5.19449891e-02 5.77660422e-03 2.30870802e-02 4.62606729e-02 3.97505182e-02 1.16642884e-02 -2.62843626e-02 -9.04550315e-02 -1.13123346e-01 -1.07210183e-01 -1.33414013e-01 -1.49937491e-01 -1.85941613e-01 -1.84438350e-01 -1.84419529e-01 -2.00906481e-01 -2.40482317e-01 -3.03554509e-01 -6.01279302e-01 -3.24007501e-01
2.41000000e+01 6.05749074e-01 1.50856521e-01 1.86505571e-01 2.91627380e-01 2.44684514e-01 2.09598274e-01 1.91453217e-01 1.42411064e-01 1.29951105e-01 1.08661333e-01 1.06618630e-01 1.08342185e-01 1.00611437e-01 1.16271211e-01 1.73244128e-01 2.04603292e-01 2.37976229e-01 2.77205392e-01 2.80181356e-01 2.94980813e-01 2.89170844e-01 2.73327698e-01 2.61227288e-01 2.36244701e-01 2.21984635e-01 2.06062620e-01 1.84637038e-01 1.55588399e-01 9.84489652e-02 2.61861529e-02 -2.90740891e-02 -7.76680122e-02 -1.10184679e-01 -1.19119383e-01 -1.22901708e-01 -1.26121618e-01 -1.27138082e-01 -1.25043985e-01 -1.09629592e-01 -8.04226521e-02 -3.76395567e-02 -3.16259895e-03 2.21344715e-02 3.79593590e-02 7.97154547e-02 1.24715694e-01 1.49775725e-01 1.61279761e-01 1.63042706e-01 1.59806968e-01 1.58477272e-01 1.58566759e-01 1.48268291e-01 1.16397803e-01 7.48419528e-02 8.49996656e-03 -4.88644618e-02 -9.14270848e-02 -1.26350791e-01 -1.42241195e-01 -1.62054566e-01 -1.79732580e-01 -1.98544526e-01 -2.11563773e-01 -2.24197618e-01 -2.35352968e-01 -2.42855444e-01 -2.41806026e-01 -2.20022603e-01 -1.79386025e-01 -1.28549861e-01 -9.87862038e-02 -9.81170437e-02 -1.00424764e-01 -1.13851518e-01 -1.43097615e-01 -1.61628746e-01 -1.58259723e-01 -1.41530678e-01 -1.03310479e-01 -5.08920710e-02 5.49241674e-03 1.91238297e-02 4.31643003e-02 3.32491493e-02 5.37614804e-03 -3.58273139e-02 -9.66264945e-02 -1.20300321e-01 -1.13950874e-01 -1.39122856e-01 -1.55358979e-01 -1.88952248e-01 -1.85210855e-01 -1.84537585e-01 -1.99722511e-01 -2.37815630e-01 -3.00207828e-01 -5.98909902e-01 -3.05934191e-01
2.42000000e+01 6.11724826e-01 1.57882051e-01 1.88710787e-01 2.96478919e-01 2.49863804e-01 2.12861126e-01 1.92358323e-01 1.41458231e-01 1.26234620e-01 1.04566464e-01 1.00714461e-01 1.02765704e-01 9.47677236e-02 1.09304223e-01 1.68696313e-01 1.99539043e-01 2.35021456e-01 2.75944628e-01 2.80784868e-01 2.96866672e-01 2.91771258e-01 2.75990267e-01 2.64524423e-01 2.39239677e-01 2.24193001e-01 2.07965810e-01 1.86629673e-01 1.56825033e-01 9.97968716e-02 2.68205872e-02 -2.98823522e-02 -7.90168393e-02 -1.12364299e-01 -1.21632652e-01 -1.25931333e-01 -1.29123346e-01 -1.30859224e-01 -1.30096816e-01 -1.15857650e-01 -8.70069543e-02 -4.33622241e-02 -6.31061647e-03 2.27345974e-02 4.18329008e-02 8.60263533e-02 1.31147851e-01 1.55498437e-01 1.65980931e-01 1.66933273e-01 1.62655115e-01 1.60925911e-01 1.61008131e-01 1.48848724e-01 1.16182736e-01 7.42692323e-02 6.57299543e-03 -5.07661600e-02 -9.24181786e-02 -1.28152585e-01 -1.44208714e-01 -1.65185520e-01 -1.83285724e-01 -2.02277281e-01 -2.15397554e-01 -2.27334448e-01 -2.37772441e-01 -2.43824745e-01 -2.40637516e-01 -2.15448539e-01 -1.72429358e-01 -1.21182883e-01 -9.27056407e-02 -9.24952352e-02 -9.44121197e-02 -1.07828466e-01 -1.37502222e-01 -1.55179348e-01 -1.53603030e-01 -1.38709933e-01 -1.02420843e-01 -4.98199152e-02 4.97291765e-03 1.51600287e-02 3.99322838e-02 2.67029959e-02 -1.08552924e-03 -4.52149818e-02 -1.02604988e-01 -1.27175430e-01 -1.20792696e-01 -1.44637430e-01 -1.61025620e-01 -1.91920345e-01 -1.86090419e-01 -1.84729904e-01 -1.98545209e-01 -2.35093218e-01 -2.96859769e-01 -5.96549204e-01 -2.87771319e-01
2.43000000e+01 6.17501350e-01 1.64792698e-01 1.90968574e-01 3.01182541e-01 2.55052933e-01 2.16152336e-01 1.93161096e-01 1.40713042e-01 1.22406389e-01 1.00674210e-01 9.49033224e-02 9.72140538e-02 8.92301289e-02 1.02470287e-01 1.64166411e-01 1.94492667e-01 2.32036806e-01 2.74622815e-01 2.81287946e-01 2.98670801e-01 2.94311470e-01 2.78598266e-01 2.67742376e-01 2.42223964e-01 2.26378154e-01 2.09786788e-01 1.88504171e-01 1.57837596e-01 1.00998298e-01 2.75377137e-02 -3.06200690e-02 -8.01730404e-02 -1.14337621e-01 -1.24069857e-01 -1.28946774e-01 -1.32096197e-01 -1.34516589e-01 -1.35012984e-01 -1.21931128e-01 -9.34999880e-02 -4.91404931e-02 -9.50655103e-03 2.33067226e-02 4.58190787e-02 9.23716780e-02 1.37438238e-01 1.61058399e-01 1.70552704e-01 1.70782815e-01 1.65494394e-01 1.63372116e-01 1.63333129e-01 1.49244368e-01 1.15851281e-01 7.35473457e-02 4.69143344e-03 -5.25265436e-02 -9.32484148e-02 -1.29834907e-01 -1.46127062e-01 -1.68301181e-01 -1.86790728e-01 -2.05919024e-01 -2.19199407e-01 -2.30475748e-01 -2.40201616e-01 -2.44753297e-01 -2.39340019e-01 -2.10731968e-01 -1.65395867e-01 -1.13927404e-01 -8.68887153e-02 -8.70730594e-02 -8.85163281e-02 -1.01924599e-01 -1.31865498e-01 -1.48609705e-01 -1.48883439e-01 -1.35816998e-01 -1.01443075e-01 -4.87392828e-02 4.20843436e-03 1.12151760e-02 3.65501249e-02 2.01236188e-02 -7.73288859e-03 -5.44063017e-02 -1.08423590e-01 -1.33742132e-01 -1.27713306e-01 -1.49978216e-01 -1.66918716e-01 -1.94849849e-01 -1.87084185e-01 -1.84987888e-01 -1.97375633e-01 -2.32303318e-01 -2.93529749e-01 -5.94173337e-01 -2.69550047e-01
2.44000000e+01 6.23082572e-01 1.71589525e-01 1.93279207e-01 3.05726745e-01 2.60250705e-01 2.19459099e-01 1.93867988e-01 1.40165494e-01 1.18491737e-01 9.69642286e-02 8.92073330e-02 9.16831227e-02 8.39911743e-02 9.57881578e-02 1.59647042e-01 1.89469763e-01 2.29026022e-01 2.73241293e-01 2.81685857e-01 3.00386769e-01 2.96788548e-01 2.81154078e-01 2.70876331e-01 2.45194887e-01 2.28541931e-01 2.11532697e-01 1.90256697e-01 1.58633988e-01 1.02043867e-01 2.83316648e-02 -3.12788214e-02 -8.11392978e-02 -1.16102542e-01 -1.26434560e-01 -1.31944662e-01 -1.35046489e-01 -1.38114653e-01 -1.39791914e-01 -1.27842325e-01 -9.98938571e-02 -5.49632406e-02 -1.27414204e-02 2.38485106e-02 4.99098391e-02 9.87350409e-02 1.43582250e-01 1.66452513e-01 1.74997114e-01 1.74591050e-01 1.68328887e-01 1.65818343e-01 1.65532196e-01 1.49463714e-01 1.15404615e-01 7.26728362e-02 2.86466180e-03 -5.41405461e-02 -9.39277064e-02 -1.31400154e-01 -1.48004648e-01 -1.71396784e-01 -1.90244578e-01 -2.09469847e-01 -2.22964220e-01 -2.33619781e-01 -2.42636934e-01 -2.45635338e-01 -2.37902530e-01 -2.05879104e-01 -1.58299916e-01 -1.06797243e-01 -8.13324370e-02 -8.18456542e-02 -8.27344643e-02 -9.61381632e-02 -1.26189494e-01 -1.41934569e-01 -1.44098247e-01 -1.32853935e-01 -1.00365205e-01 -4.76622049e-02 3.19308360e-03 7.30588568e-03 3.30054845e-02 1.35200118e-02 -1.45731186e-02 -6.33641861e-02 -1.14113978e-01 -1.39997994e-01 -1.34685144e-01 -1.55171593e-01 -1.73013649e-01 -1.97748059e-01 -1.88197578e-01 -1.85302868e-01 -1.96215167e-01 -2.29434055e-01 -2.90238988e-01 -5.91755687e-01 -2.51302835e-01
2.45000000e+01 6.28472224e-01 1.78274641e-01 1.95641283e-01 3.10101878e-01 2.65455235e-01 2.22767399e-01 1.94488697e-01 1.39800941e-01 1.14520644e-01 9.34133696e-02 8.36480676e-02 8.61723811e-02 7.90394800e-02 8.92768616e-02 1.55131777e-01 1.84475708e-01 2.25992714e-01 2.71801435e-01 2.81974411e-01 3.02008193e-01 2.99199391e-01 2.83659921e-01 2.73922065e-01 2.48149525e-01 2.30685339e-01 2.13210694e-01 1.91883267e-01 1.59223488e-01 1.02925276e-01 2.91950427e-02 -3.18493740e-02 -8.19191481e-02 -1.17658236e-01 -1.28730110e-01 -1.34920434e-01 -1.37980142e-01 -1.41657859e-01 -1.44433828e-01 -1.33584362e-01 -1.06180935e-01 -6.08178446e-02 -1.60064096e-02 2.43581882e-02 5.40960717e-02 1.05098935e-01 1.49576016e-01 1.71678789e-01 1.79316830e-01 1.78357133e-01 1.71162251e-01 1.68265818e-01 1.67596559e-01 1.49516098e-01 1.14843443e-01 7.16436921e-02 1.10161984e-03 -5.56041522e-02 -9.44664091e-02 -1.32851031e-01 -1.49849287e-01 -1.74466787e-01 -1.93644341e-01 -2.12930670e-01 -2.26687114e-01 -2.36764289e-01 -2.45074441e-01 -2.46464870e-01 -2.36314381e-01 -2.00896587e-01 -1.51157196e-01 -9.98061882e-02 -7.60323683e-02 -7.68071933e-02 -7.70638201e-02 -9.04666550e-02 -1.20477194e-01 -1.35169661e-01 -1.39244359e-01 -1.29822121e-01 -9.91766361e-02 -4.66017224e-02 1.92487612e-03 3.44551262e-03 2.92884565e-02 6.89847697e-03 -2.16080979e-02 -7.20563688e-02 -1.19705625e-01 -1.45944683e-01 -1.41676254e-01 -1.60248784e-01 -1.79280680e-01 -2.00625295e-01 -1.89434202e-01 -1.85666325e-01 -1.95065321e-01 -2.26473817e-01 -2.87009934e-01 -5.89267517e-01 -2.33063125e-01
2.46000000e+01 6.33673873e-01 1.84851087e-01 1.98051744e-01 3.14300248e-01 2.70663771e-01 2.26062340e-01 1.95035740e-01 1.39600702e-01 1.10526844e-01 8.99966297e-02 7.82458688e-02 8.06850460e-02 7.43600825e-02 8.29552842e-02 1.50615362e-01 1.79515634e-01 2.22940317e-01 2.70304597e-01 2.82149961e-01 3.03528839e-01 3.01540734e-01 2.86117705e-01 2.76876052e-01 2.51084754e-01 2.32808611e-01 2.14827799e-01 1.93379873e-01 1.59616490e-01 1.03635537e-01 3.01190174e-02 -3.23218928e-02 -8.25168887e-02 -1.19005200e-01 -1.30959526e-01 -1.37868509e-01 -1.40902545e-01 -1.45150650e-01 -1.48939679e-01 -1.39151273e-01 -1.12353816e-01 -6.66902480e-02 -1.92928943e-02 2.48345096e-02 5.83676143e-02 1.11444908e-01 1.55416292e-01 1.76736378e-01 1.83515104e-01 1.82079697e-01 1.73997683e-01 1.70714517e-01 1.69518414e-01 1.49411516e-01 1.14168033e-01 7.04594555e-02 -5.89306077e-04 -5.69144730e-02 -9.48752064e-02 -1.34190597e-01 -1.51668032e-01 -1.77504981e-01 -1.96987215e-01 -2.16303156e-01 -2.30363535e-01 -2.39906451e-01 -2.47509740e-01 -2.47235689e-01 -2.34565382e-01 -1.95791456e-01 -1.43984640e-01 -9.29678921e-02 -7.09827057e-02 -7.19508870e-02 -7.15019339e-02 -8.49069373e-02 -1.14732465e-01 -1.28331458e-01 -1.34318482e-01 -1.26722096e-01 -9.78684199e-02 -4.55716046e-02 4.05723537e-04 -3.56113290e-04 2.53917368e-02 2.62622870e-04 -2.88341931e-02 -8.04561017e-02 -1.25225107e-01 -1.51587834e-01 -1.48651276e-01 -1.65244640e-01 -1.85685909e-01 -2.03494443e-01 -1.90795810e-01 -1.86070090e-01 -1.93927519e-01 -2.23411644e-01 -2.83865650e-01 -5.86678640e-01 -2.14865002e-01
2.47000000e+01 6.38690956e-01 1.91322706e-01 2.00505954e-01 3.18316189e-01 2.75872535e-01 2.29328512e-01 1.95523934e-01 1.39542804e-01 1.06546780e-01 8.66881617e-02 7.30192058e-02 7.52281304e-02 6.99348432e-02 7.68417478e-02 1.46093932e-01 1.74594401e-01 2.19872057e-01 2.68752067e-01 2.82209387e-01 3.04942735e-01 3.03809149e-01 2.88528894e-01 2.79735539e-01 2.53997264e-01 2.34911283e-01 2.16390746e-01 1.94742629e-01 1.59824219e-01 1.04169207e-01 3.10934569e-02 -3.26861937e-02 -8.29374803e-02 -1.20145267e-01 -1.33125372e-01 -1.40782479e-01 -1.43818416e-01 -1.48597488e-01 -1.53311074e-01 -1.44538104e-01 -1.18405263e-01 -7.25650545e-02 -2.25924389e-02 2.52767186e-02 6.27132593e-02 1.17753759e-01 1.61100352e-01 1.81625597e-01 1.87595705e-01 1.85756893e-01 1.76837880e-01 1.73163171e-01 1.71291056e-01 1.49160455e-01 1.13378268e-01 6.91213070e-02 -2.20039397e-03 -5.80697896e-02 -9.51650093e-02 -1.35422287e-01 -1.53467037e-01 -1.80504599e-01 -2.00270575e-01 -2.19589611e-01 -2.33989332e-01 -2.43042847e-01 -2.49937936e-01 -2.47941412e-01 -2.32645974e-01 -1.90571121e-01 -1.36800314e-01 -8.62957644e-02 -6.61763760e-02 -6.72689977e-02 -6.60466067e-02 -7.94553758e-02 -1.08960000e-01 -1.21436962e-01 -1.29317322e-01 -1.23553436e-01 -9.64334908e-02 -4.45860511e-02 -1.35865191e-03 -4.09283731e-03 2.13106880e-02 -6.38652047e-03 -3.62422181e-02 -8.85426835e-02 -1.30695536e-01 -1.56936812e-01 -1.55572534e-01 -1.70196293e-01 -1.92192363e-01 -2.06370406e-01 -1.92282324e-01 -1.86506522e-01 -1.92802893e-01 -2.20237627e-01 -2.80829163e-01 -5.83958137e-01 -1.96742838e-01
2.48000000e+01 6.43526814e-01 1.97693994e-01 2.02997805e-01 3.22146081e-01 2.81076578e-01 2.32550383e-01 1.95969785e-01 1.39602826e-01 1.02618500e-01 8.34622962e-02 6.79841016e-02 6.98123767e-02 6.57429383e-02 7.09535830e-02 1.41565188e-01 1.69716567e-01 2.16790949e-01 2.67145020e-01 2.82150081e-01 3.06244281e-01 3.06001045e-01 2.90894393e-01 2.82498609e-01 2.56883562e-01 2.36992288e-01 2.17905816e-01 1.95967925e-01 1.59858454e-01 1.04522588e-01 3.21070908e-02 -3.29320136e-02 -8.31864441e-02 -1.21081606e-01 -1.35229655e-01 -1.43655335e-01 -1.46731676e-01 -1.52002855e-01 -1.57550189e-01 -1.49741002e-01 -1.24328159e-01 -7.84256537e-02 -2.58967749e-02 2.56845166e-02 6.71207579e-02 1.24005762e-01 1.66625851e-01 1.86347930e-01 1.91562848e-01 1.89386462e-01 1.79684987e-01 1.75609305e-01 1.72908969e-01 1.48773728e-01 1.12473718e-01 6.76321230e-02 -3.72469588e-03 -5.90695652e-02 -9.53468732e-02 -1.36549928e-01 -1.55251445e-01 -1.83458440e-01 -2.03492011e-01 -2.22792871e-01 -2.37560830e-01 -2.46169450e-01 -2.52353587e-01 -2.48575499e-01 -2.30547389e-01 -1.85243361e-01 -1.29623276e-01 -7.98028606e-02 -6.16051453e-02 -6.27528728e-02 -6.06959048e-02 -7.41079942e-02 -1.03165240e-01 -1.14503454e-01 -1.24237800e-01 -1.20314675e-01 -9.48668443e-02 -4.36593793e-02 -3.35890478e-03 -7.76221101e-03 1.70433072e-02 -1.30502816e-02 -4.38175543e-02 -9.63018027e-02 -1.36136122e-01 -1.62004375e-01 -1.62401218e-01 -1.75141740e-01 -1.98761167e-01 -2.09269464e-01 -1.93891929e-01 -1.86968659e-01 -1.91692088e-01 -2.16943293e-01 -2.77922814e-01 -5.81075088e-01 -1.78730924e-01
2.49000000e+01 6.48184738e-01 2.03969932e-01 2.05519865e-01 3.25788321e-01 2.86269677e-01 2.35712714e-01 1.96390833e-01 1.39754828e-01 9.87804850e-02 8.02945433e-02 6.31536483e-02 6.44520742e-02 6.17614183e-02 6.53067094e-02 1.37028547e-01 1.64886359e-01 2.13699800e-01 2.65484466e-01 2.81969932e-01 3.07428340e-01 3.08112676e-01 2.93214467e-01 2.85164206e-01 2.59739957e-01 2.39050080e-01 2.19378670e-01 1.97052593e-01 1.59731243e-01 1.04693896e-01 3.31477015e-02 -3.30492983e-02 -8.32697532e-02 -1.21818693e-01 -1.37273717e-01 -1.46479696e-01 -1.49645337e-01 -1.55371223e-01 -1.61659687e-01 -1.54757295e-01 -1.30115459e-01 -8.42543668e-02 -2.91977712e-02 2.60580452e-02 7.15768247e-02 1.30180896e-01 1.71990702e-01 1.90906013e-01 1.95421117e-01 1.92965811e-01 1.82540543e-01 1.78049306e-01 1.74367889e-01 1.48262312e-01 1.11453731e-01 6.59965010e-02 -5.15614182e-03 -5.99144255e-02 -9.54319332e-02 -1.37577725e-01 -1.57025314e-01 -1.86358987e-01 -2.06649366e-01 -2.25916174e-01 -2.41074866e-01 -2.49281644e-01 -2.54750667e-01 -2.49131265e-01 -2.28261808e-01 -1.79816323e-01 -1.22473413e-01 -7.35017628e-02 -5.72597407e-02 -5.83929928e-02 -5.54481484e-02 -6.88606427e-02 -9.73542684e-02 -1.07548247e-01 -1.19077265e-01 -1.17003273e-01 -9.31656667e-02 -4.28056916e-02 -5.58235207e-03 -1.13654033e-02 1.25901083e-02 -1.97320402e-02 -5.15404340e-02 -1.03725685e-01 -1.41561899e-01 -1.66806251e-01 -1.69098584e-01 -1.80118403e-01 -2.05352771e-01 -2.12208591e-01 -1.95621200e-01 -1.87450341e-01 -1.90595086e-01 -2.13521967e-01 -2.75167616e-01 -5.77999311e-01 -1.60863108e-01
2.50000000e+01 6.52668012e-01 2.10155807e-01 2.08063561e-01 3.29243248e-01 2.91444264e-01 2.38800967e-01 1.96804947e-01 1.39972307e-01 9.50704901e-02 7.71625373e-02 5.85376275e-02 5.91647625e-02 5.79658239e-02 5.99152382e-02 1.32485234e-01 1.60107657e-01 2.10601232e-01 2.63771209e-01 2.81667316e-01 3.08490316e-01 3.10140152e-01 2.95488701e-01 2.87732131e-01 2.62562537e-01 2.41082751e-01 2.20814191e-01 1.97994073e-01 1.59454659e-01 1.04683389e-01 3.42023403e-02 -3.30285010e-02 -8.31937191e-02 -1.22362271e-01 -1.39258157e-01 -1.49248055e-01 -1.52561419e-01 -1.58706992e-01 -1.65642650e-01 -1.59585554e-01 -1.35760148e-01 -9.00326085e-02 -3.24874016e-02 2.63978827e-02 7.60671415e-02 1.36259093e-01 1.77192942e-01 1.95303597e-01 1.99175369e-01 1.96492094e-01 1.85405435e-01 1.80478503e-01 1.75664819e-01 1.47637211e-01 1.10317538e-01 6.42207514e-02 -6.48963339e-03 -6.06061140e-02 -9.54313581e-02 -1.38510234e-01 -1.58791573e-01 -1.89198547e-01 -2.09740766e-01 -2.28963034e-01 -2.44528814e-01 -2.52374269e-01 -2.57122515e-01 -2.49601892e-01 -2.25782512e-01 -1.74298534e-01 -1.15371259e-01 -6.74044535e-02 -5.31299810e-02 -5.41790356e-02 -5.03018889e-02 -6.37091752e-02 -9.15336893e-02 -1.00588445e-01 -1.13833698e-01 -1.13615638e-01 -9.13294168e-02 -4.20385217e-02 -8.01335691e-03 -1.49069925e-02 7.95393434e-03 -2.64368521e-02 -5.93863774e-02 -1.10813043e-01 -1.46983584e-01 -1.71360644e-01 -1.75627159e-01 -1.85161719e-01 -2.11928175e-01 -2.15204733e-01 -1.97465282e-01 -1.87946292e-01 -1.89511064e-01 -2.09969093e-01 -2.72582652e-01 -5.74702082e-01 -1.43172437e-01
2.51000000e+01 6.56979960e-01 2.16257033e-01 2.10619384e-01 3.32513020e-01 2.96591385e-01 2.41801707e-01 1.97229627e-01 1.40229179e-01 9.15244114e-02 7.40468942e-02 5.41422518e-02 5.39708272e-02 5.43308432e-02 5.47911065e-02 1.27938339e-01 1.55383991e-01 2.07497714e-01 2.62005808e-01 2.81241090e-01 3.09426196e-01 3.12079455e-01 2.97715986e-01 2.90203000e-01 2.65347142e-01 2.43088154e-01 2.22216342e-01 1.98790555e-01 1.59040580e-01 1.04493427e-01 3.52575626e-02 -3.28608819e-02 -8.29648745e-02 -1.22719286e-01 -1.41182765e-01 -1.51953015e-01 -1.55480894e-01 -1.62014398e-01 -1.69502520e-01 -1.64225643e-01 -1.41255213e-01 -9.57410606e-02 -3.57577172e-02 2.67050525e-02 8.05763670e-02 1.42220468e-01 1.82230628e-01 1.99545488e-01 2.02830655e-01 1.99962303e-01 1.88279860e-01 1.82891270e-01 1.76798024e-01 1.46909322e-01 1.09064369e-01 6.23128560e-02 -7.72112267e-03 -6.11474281e-02 -9.53563211e-02 -1.39352310e-01 -1.60552009e-01 -1.91969389e-01 -2.12764633e-01 -2.31937111e-01 -2.47920567e-01 -2.55441701e-01 -2.59461808e-01 -2.49980429e-01 -2.23104024e-01 -1.68698909e-01 -1.08337808e-01 -6.15221831e-02 -4.92049160e-02 -5.00999550e-02 -4.52558764e-02 -5.86496250e-02 -8.57104817e-02 -9.36407258e-02 -1.08505906e-01 -1.10147187e-01 -8.93598592e-02 -4.13704635e-02 -1.06338065e-02 -1.83946458e-02 3.13971046e-03 -3.31710227e-02 -6.73267722e-02 -1.17568828e-01 -1.52407595e-01 -1.75687685e-01 -1.81951893e-01 -1.90303809e-01 -2.18450121e-01 -2.18274086e-01 -1.99418107e-01 -1.88452170e-01 -1.88438286e-01 -2.06282507e-01 -2.70184518e-01 -5.71156815e-01 -1.25690808e-01
2.52000000e+01 6.61123988e-01 2.22278960e-01 2.13177119e-01 3.35601451e-01 3.01700711e-01 2.44702968e-01 1.97681312e-01 1.40500709e-01 8.81752326e-02 7.09319514e-02 4.99700374e-02 4.88929953e-02 5.08309928e-02 4.99437577e-02 1.23392808e-01 1.50718560e-01 2.04391596e-01 2.60188538e-01 2.80690600e-01 3.10232577e-01 3.13926451e-01 2.99894558e-01 2.92578172e-01 2.68089357e-01 2.45064007e-01 2.23588052e-01 1.99441110e-01 1.58500522e-01 1.04128490e-01 3.62996763e-02 -3.25388013e-02 -8.25898573e-02 -1.22897805e-01 -1.43046479e-01 -1.54587509e-01 -1.58403667e-01 -1.65297394e-01 -1.73243057e-01 -1.68678721e-01 -1.46593615e-01 -1.01359856e-01 -3.90008212e-02 2.69810338e-02 8.50881572e-02 1.48045546e-01 1.87101746e-01 2.03637452e-01 2.06392125e-01 2.03373338e-01 1.91163298e-01 1.85281138e-01 1.77767000e-01 1.46089318e-01 1.07693580e-01 6.02823941e-02 -8.84767294e-03 -6.15421443e-02 -9.52179847e-02 -1.40109021e-01 -1.62307285e-01 -1.94663893e-01 -2.15719700e-01 -2.34842098e-01 -2.51248489e-01 -2.58477948e-01 -2.61760530e-01 -2.50259789e-01 -2.20222245e-01 -1.63026773e-01 -1.01394331e-01 -5.58653328e-02 -4.54729703e-02 -4.61440730e-02 -4.03090218e-02 -5.36783706e-02 -7.98918368e-02 -8.67211444e-02 -1.03093679e-01 -1.06592471e-01 -8.72610463e-02 -4.08127925e-02 -1.34236731e-02 -2.18386983e-02 -1.84584692e-03 -3.99416439e-02 -7.53295781e-02 -1.24003814e-01 -1.57836195e-01 -1.79808846e-01 -1.88041232e-01 -1.95572261e-01 -2.24884202e-01 -2.21431398e-01 -2.01472627e-01 -1.88964577e-01 -1.87374036e-01 -2.02462644e-01 -2.67986842e-01 -5.67339698e-01 -1.08448646e-01
2.53000000e+01 6.65103626e-01 2.28226693e-01 2.15726090e-01 3.38513816e-01 3.06760587e-01 2.47494587e-01 1.98174734e-01 1.40764399e-01 8.50520796e-02 6.78063673e-02 4.60198148e-02 4.39557423e-02 4.74413034e-02 4.53798804e-02 1.18855382e-01 1.46114264e-01 2.01285135e-01 2.58319372e-01 2.80015687e-01 3.10906659e-01 3.15676912e-01 3.02022061e-01 2.94859638e-01 2.70784502e-01 2.47007980e-01 2.24931124e-01 1.99945782e-01 1.57845522e-01 1.03595126e-01 3.73149977e-02 -3.20559976e-02 -8.20753003e-02 -1.22906911e-01 -1.44847371e-01 -1.57145008e-01 -1.61328589e-01 -1.68559515e-01 -1.76868316e-01 -1.72947230e-01 -1.51768284e-01 -1.06868777e-01 -4.22088447e-02 2.72277634e-02 8.95852018e-02 1.53715462e-01 1.91804168e-01 2.07586102e-01 2.09864949e-01 2.06722087e-01 1.94054507e-01 1.87640912e-01 1.78572423e-01 1.45187536e-01 1.06204789e-01 5.81404419e-02 -9.86749971e-03 -6.17949393e-02 -9.50274945e-02 -1.40785557e-01 -1.64056986e-01 -1.97274701e-01 -2.18605006e-01 -2.37681607e-01 -2.54511342e-01 -2.61476775e-01 -2.64009953e-01 -2.50432735e-01 -2.17134570e-01 -1.57291869e-01 -9.45621834e-02 -5.04432779e-02 -4.19220900e-02 -4.22991836e-02 -3.54603582e-02 -4.87922803e-02 -7.40849860e-02 -7.98449827e-02 -9.75979144e-02 -1.02945348e-01 -8.50392430e-02 -4.03750956e-02 -1.63616393e-02 -2.52516507e-02 -6.99455715e-03 -4.67561035e-02 -8.33601345e-02 -1.30134012e-01 -1.63267755e-01 -1.83746339e-01 -1.93868087e-01 -2.00989077e-01 -2.31199850e-01 -2.24689327e-01 -2.03621063e-01 -1.89481038e-01 -1.86314601e-01 -1.98512681e-01 -2.65999882e-01 -5.63230255e-01 -9.14746038e-02
2.54000000e+01 6.68922572e-01 2.34104918e-01 2.18255410e-01 3.41256609e-01 3.11758128e-01 2.50168477e-01 1.98722337e-01 1.41000767e-01 8.21794156e-02 6.46635592e-02 4.22868800e-02 3.91846267e-02 4.41379884e-02 4.11032141e-02 1.14334481e-01 1.41573769e-01 1.98180518e-01 2.56397964e-01 2.79216701e-01 3.11446228e-01 3.17326528e-01 3.04095633e-01 2.97049894e-01 2.73427654e-01 2.48917763e-01 2.26246186e-01 2.00305651e-01 1.57086067e-01 1.02901848e-01 3.82901087e-02 -3.14078394e-02 -8.14277332e-02 -1.22756589e-01 -1.46582662e-01 -1.59619672e-01 -1.64253502e-01 -1.71803741e-01 -1.80382634e-01 -1.77034829e-01 -1.56772120e-01 -1.12247460e-01 -4.53739171e-02 2.74476181e-02 9.40492826e-02 1.59212143e-01 1.96335639e-01 2.11398750e-01 2.13254234e-01 2.10005481e-01 1.96951533e-01 1.89962795e-01 1.79216093e-01 1.44213874e-01 1.04598005e-01 5.58994478e-02 -1.07799923e-02 -6.19113136e-02 -9.47959746e-02 -1.41387110e-01 -1.65799683e-01 -1.99794865e-01 -2.21419890e-01 -2.40459090e-01 -2.57708191e-01 -2.64431828e-01 -2.66200643e-01 -2.50491859e-01 -2.13839999e-01 -1.51504370e-01 -8.78626195e-02 -4.52642550e-02 -3.85398886e-02 -3.85526703e-02 -3.07090070e-02 -4.39888240e-02 -6.82970284e-02 -7.30266339e-02 -9.20206961e-02 -9.91992087e-02 -8.27027892e-02 -4.00649293e-02 -1.94257576e-02 -2.86476122e-02 -1.22971289e-02 -5.36215744e-02 -9.13820494e-02 -1.35979963e-01 -1.68697128e-01 -1.87522524e-01 -1.99410661e-01 -2.06569815e-01 -2.37371165e-01 -2.28057868e-01 -2.05855166e-01 -1.89999931e-01 -1.85255305e-01 -1.94438597e-01 -2.64230225e-01 -5.58811827e-01 -7.47952981e-02
2.55000000e+01 6.72584716e-01 2.39917737e-01 2.20754237e-01 3.43837293e-01 3.16679354e-01 2.52718839e-01 1.99333780e-01 1.41194012e-01 7.95764032e-02 6.15019674e-02 3.87632812e-02 3.46055714e-02 4.08990759e-02 3.71144341e-02 1.09840039e-01 1.37099573e-01 1.95079869e-01 2.54423655e-01 2.78294499e-01 3.11849630e-01 3.18870928e-01 3.06112015e-01 2.99151802e-01 2.76013676e-01 2.50791114e-01 2.27532666e-01 2.00522862e-01 1.56232071e-01 1.02058983e-01 3.92121109e-02 -3.05915467e-02 -8.06535001e-02 -1.22457591e-01 -1.48248758e-01 -1.62006472e-01 -1.67175307e-01 -1.75032362e-01 -1.83790629e-01 -1.80946304e-01 -1.61598005e-01 -1.17475621e-01 -4.84881257e-02 2.76433716e-02 9.84613564e-02 1.64518453e-01 2.00693821e-01 2.15083232e-01 2.16564959e-01 2.13220543e-01 1.99851724e-01 1.92238508e-01 1.79700867e-01 1.43177687e-01 1.02873771e-01 5.35730896e-02 -1.15857179e-02 -6.18975205e-02 -9.45345185e-02 -1.41918762e-01 -1.67533008e-01 -2.02217989e-01 -2.24163972e-01 -2.43177756e-01 -2.60838292e-01 -2.67336751e-01 -2.68322474e-01 -2.50429560e-01 -2.10339237e-01 -1.45674889e-01 -8.13166055e-02 -4.03352401e-02 -3.53137873e-02 -3.48916353e-02 -2.60541517e-02 -3.92661438e-02 -6.25347676e-02 -6.62795283e-02 -8.63653149e-02 -9.53472566e-02 -8.02618973e-02 -3.98875272e-02 -2.25941135e-02 -3.20417132e-02 -1.77435320e-02 -6.05444931e-02 -9.93581405e-02 -1.41565916e-01 -1.74116093e-01 -1.91159329e-01 -2.04653109e-01 -2.12322945e-01 -2.43377564e-01 -2.31543886e-01 -2.08166459e-01 -1.90520401e-01 -1.84190584e-01 -1.90249166e-01 -2.62680584e-01 -5.54071966e-01 -5.84350792e-02
2.56000000e+01 6.76094173e-01 2.45668528e-01 2.23212015e-01 3.46264020e-01 3.21509377e-01 2.55142305e-01 2.00015551e-01 1.41332526e-01 7.72564526e-02 5.83251369e-02 3.54382320e-02 3.02441140e-02 3.77049832e-02 3.34111191e-02 1.05383293e-01 1.32694094e-01 1.91985239e-01 2.52395496e-01 2.77250444e-01 3.12115735e-01 3.20305697e-01 3.08067660e-01 3.01168442e-01 2.78537259e-01 2.52625884e-01 2.28788797e-01 2.00600621e-01 1.55292887e-01 1.01078471e-01 4.00688728e-02 -2.96063716e-02 -7.97586994e-02 -1.22021289e-01 -1.49841321e-01 -1.64301251e-01 -1.70090062e-01 -1.78246874e-01 -1.87097193e-01 -1.84687445e-01 -1.66238825e-01 -1.22533289e-01 -5.15434622e-02 2.78181231e-02 1.02801662e-01 1.69618303e-01 2.04876371e-01 2.18647720e-01 2.19801906e-01 2.16364437e-01 2.02751764e-01 1.94459413e-01 1.80030599e-01 1.42087685e-01 1.01033298e-01 5.11761162e-02 -1.22864104e-02 -6.17605039e-02 -9.42541659e-02 -1.42385374e-01 -1.69253740e-01 -2.04538362e-01 -2.26837128e-01 -2.45840522e-01 -2.63900987e-01 -2.70185295e-01 -2.70364678e-01 -2.50238007e-01 -2.06634778e-01 -1.39814486e-01 -7.49446278e-02 -3.56618432e-02 -3.22311452e-02 -3.13030416e-02 -2.14950237e-02 -3.46230778e-02 -5.68045675e-02 -5.96160930e-02 -8.06362412e-02 -9.13828408e-02 -7.77283859e-02 -3.98455764e-02 -2.58454554e-02 -3.54495166e-02 -2.33233768e-02 -6.75300392e-02 -1.07251402e-01 -1.46918934e-01 -1.79513875e-01 -1.94677733e-01 -2.09586018e-01 -2.18249461e-01 -2.49204213e-01 -2.35150755e-01 -2.10546475e-01 -1.91042233e-01 -1.83114110e-01 -1.85955858e-01 -2.61349709e-01 -5.49002722e-01 -4.24158437e-02
2.57000000e+01 6.79455293e-01 2.51359825e-01 2.25618706e-01 3.48545343e-01 3.26232617e-01 2.57437997e-01 2.00770688e-01 1.41409242e-01 7.52269703e-02 5.51416141e-02 3.22986369e-02 2.61246501e-02 3.45390183e-02 2.99878063e-02 1.00976530e-01 1.28359757e-01 1.88898583e-01 2.50312290e-01 2.76086389e-01 3.12243901e-01 3.21626406e-01 3.09958837e-01 3.03102975e-01 2.80992973e-01 2.54420033e-01 2.30011648e-01 2.00543171e-01 1.54277335e-01 9.99736440e-02 4.08492678e-02 -2.84537362e-02 -7.87491479e-02 -1.21459522e-01 -1.51355357e-01 -1.66500750e-01 -1.72993084e-01 -1.81447887e-01 -1.90307487e-01 -1.88264893e-01 -1.70687508e-01 -1.27401041e-01 -5.45317551e-02 2.79752007e-02 1.07049852e-01 1.74496736e-01 2.08881063e-01 2.22100505e-01 2.22969604e-01 2.19434510e-01 2.05647686e-01 1.96616633e-01 1.80210075e-01 1.40951822e-01 9.90786037e-02 4.87241779e-02 -1.28849462e-02 -6.15078479e-02 -9.39658587e-02 -1.42791499e-01 -1.70957887e-01 -2.06751081e-01 -2.29439460e-01 -2.48449962e-01 -2.66895601e-01 -2.72971403e-01 -2.72315904e-01 -2.49909111e-01 -2.02730972e-01 -1.33934678e-01 -6.87664987e-02 -3.12482256e-02 -2.92793750e-02 -2.77738685e-02 -1.70309016e-02 -3.00591359e-02 -5.11122352e-02 -5.30477396e-02 -7.48390457e-02 -8.72998271e-02 -7.51153568e-02 -3.99390801e-02 -2.91597598e-02 -3.88864483e-02 -2.90262886e-02 -7.45816321e-02 -1.15025965e-01 -1.52067954e-01 -1.84877709e-01 -1.98097294e-01 -2.14206687e-01 -2.24342738e-01 -2.54842246e-01 -2.38878128e-01 -2.12986955e-01 -1.91565710e-01 -1.82018957e-01 -1.81572676e-01 -2.60232415e-01 -5.43600825e-01 -2.67568903e-02
2.58000000e+01 6.82672670e-01 2.56993218e-01 2.27965003e-01 3.50689926e-01 3.30833054e-01 2.59607507e-01 2.01598651e-01 1.41421805e-01 7.34893156e-02 5.19646623e-02 2.93297078e-02 2.22696939e-02 3.13877939e-02 2.68361304e-02 9.66328178e-02 1.24099074e-01 1.85821735e-01 2.48172647e-01 2.74804642e-01 3.12233943e-01 3.22828643e-01 3.11781725e-01 3.04958513e-01 2.83375318e-01 2.56171627e-01 2.31197178e-01 2.00355738e-01 1.53193747e-01 9.87589653e-02 4.15434022e-02 -2.71373242e-02 -7.76303747e-02 -1.20784434e-01 -1.52785321e-01 -1.68602586e-01 -1.75879072e-01 -1.84635072e-01 -1.93426910e-01 -1.91685973e-01 -1.74937067e-01 -1.32060241e-01 -5.74445928e-02 2.81180473e-02 1.11185145e-01 1.79139967e-01 2.12705942e-01 2.25449790e-01 2.26072277e-01 2.22428339e-01 2.08534899e-01 1.98701166e-01 1.80244961e-01 1.39777185e-01 9.70126465e-02 4.62336445e-02 -1.33853088e-02 -6.11477379e-02 -9.36803681e-02 -1.43141317e-01 -1.72640766e-01 -2.08852158e-01 -2.31971249e-01 -2.51008280e-01 -2.69821363e-01 -2.75689268e-01 -2.74164298e-01 -2.49434510e-01 -1.98634069e-01 -1.28047450e-01 -6.28011571e-02 -2.70970424e-02 -2.64460380e-02 -2.42912794e-02 -1.26611212e-02 -2.55744299e-02 -4.54629341e-02 -4.65848715e-02 -6.89802785e-02 -8.30929945e-02 -7.24368276e-02 -4.01653182e-02 -3.25187055e-02 -4.23672664e-02 -3.48422604e-02 -8.17004644e-02 -1.22648028e-01 -1.57042830e-01 -1.90193422e-01 -2.01435771e-01 -2.18519195e-01 -2.30588662e-01 -2.60288751e-01 -2.42721833e-01 -2.15480025e-01 -1.92091453e-01 -1.80897787e-01 -1.77115909e-01 -2.59319713e-01 -5.37867758e-01 -1.14748209e-02
2.59000000e+01 6.85751138e-01 2.62569291e-01 2.30242507e-01 3.52706265e-01 3.35294518e-01 2.61654797e-01 2.02495306e-01 1.41372558e-01 7.20389632e-02 4.88118073e-02 2.65156503e-02 1.86991804e-02 2.82415457e-02 2.39450427e-02 9.23657036e-02 1.19914722e-01 1.82756364e-01 2.45975055e-01 2.73407926e-01 3.12086094e-01 3.23908075e-01 3.13532483e-01 3.06738008e-01 2.85678786e-01 2.57878827e-01 2.32340313e-01 2.00044468e-01 1.52050010e-01 9.74497659e-02 4.21428311e-02 -2.56631259e-02 -7.64076466e-02 -1.20008303e-01 -1.54125239e-01 -1.70605211e-01 -1.78742224e-01 -1.87807133e-01 -1.96461063e-01 -1.94958522e-01 -1.78980656e-01 -1.36493266e-01 -6.02732425e-02 2.82500984e-02 1.15186491e-01 1.83535413e-01 2.16349481e-01 2.28703471e-01 2.29113788e-01 2.25343787e-01 2.11408183e-01 2.00704006e-01 1.80141741e-01 1.38569890e-01 9.48394564e-02 4.37214121e-02 -1.37925394e-02 -6.06889348e-02 -9.34081888e-02 -1.43438608e-01 -1.74297067e-01 -2.10838621e-01 -2.34432909e-01 -2.53517283e-01 -2.72677339e-01 -2.78333367e-01 -2.75897595e-01 -2.48805558e-01 -1.94352230e-01 -1.22165276e-01 -5.70664699e-02 -2.32094126e-02 -2.37189164e-02 -2.08428004e-02 -8.38509675e-03 -2.11695670e-02 -3.98611298e-02 -4.02369048e-02 -6.30673171e-02 -7.87584382e-02 -6.97073359e-02 -4.05189139e-02 -3.59060371e-02 -4.59055846e-02 -4.07619705e-02 -8.88850912e-02 -1.30086724e-01 -1.61873394e-01 -1.95446035e-01 -2.04708822e-01 -2.22534253e-01 -2.36966006e-01 -2.65546544e-01 -2.46673908e-01 -2.18018322e-01 -1.92620256e-01 -1.79743081e-01 -1.72603827e-01 -2.58599059e-01 -5.31809716e-01 3.41651152e-03
2.60000000e+01 6.88695747e-01 2.68087587e-01 2.32443882e-01 3.54602411e-01 3.39600983e-01 2.63586016e-01 2.03453064e-01 1.41268341e-01 7.08658651e-02 4.57042308e-02 2.38403907e-02 1.54298296e-02 2.50943472e-02 2.13011010e-02 8.81889096e-02 1.15809608e-01 1.79703946e-01 2.43717954e-01 2.71899335e-01 3.11800961e-01 3.24860501e-01 3.15207306e-01 3.08444156e-01 2.87897923e-01 2.59539871e-01 2.33435043e-01 1.99616353e-01 1.50853606e-01 9.60619677e-02 4.26407618e-02 -2.40394389e-02 -7.50860284e-02 -1.19143369e-01 -1.55368831e-01 -1.72507848e-01 -1.81576356e-01 -1.90961802e-01 -1.99415682e-01 -1.98090705e-01 -1.82811640e-01 -1.40683713e-01 -6.30085747e-02 2.83746586e-02 1.19032752e-01 1.87671686e-01 2.19810749e-01 2.31868930e-01 2.32097592e-01 2.28179074e-01 2.14261687e-01 2.02616257e-01 1.79907664e-01 1.37334981e-01 9.25642544e-02 4.12046974e-02 -1.41126745e-02 -6.01407636e-02 -9.31593968e-02 -1.43686759e-01 -1.75920925e-01 -2.12708599e-01 -2.36824911e-01 -2.55978378e-01 -2.75462389e-01 -2.80898471e-01 -2.77503221e-01 -2.48013357e-01 -1.89895503e-01 -1.16301136e-01 -5.15790358e-02 -1.95849163e-02 -2.10860597e-02 -1.74165082e-02 -4.20235012e-03 -1.68455138e-02 -3.43105657e-02 -3.40122961e-02 -5.71081954e-02 -7.42939511e-02 -6.69415323e-02 -4.09920077e-02 -3.93078078e-02 -4.95134594e-02 -4.67770487e-02 -9.61310967e-02 -1.37314894e-01 -1.66588562e-01 -2.00620341e-01 -2.07929806e-01 -2.26268853e-01 -2.43447050e-01 -2.70623728e-01 -2.50722770e-01 -2.20595075e-01 -1.93152918e-01 -1.78547369e-01 -1.68056307e-01 -2.58054696e-01 -5.25437460e-01 1.79060072e-02
2.61000000e+01 6.91511744e-01 2.73546604e-01 2.34562967e-01 3.56385729e-01 3.43736889e-01 2.65409249e-01 2.04461138e-01 1.41120132e-01 6.99549947e-02 4.26660357e-02 2.12883181e-02 1.24745949e-02 2.19442164e-02 1.88888198e-02 8.41160260e-02 1.11786919e-01 1.76665729e-01 2.41399813e-01 2.70282282e-01 3.11379485e-01 3.25681935e-01 3.16802454e-01 3.10079320e-01 2.90027390e-01 2.61153035e-01 2.34474532e-01 1.99079136e-01 1.49611635e-01 9.46118099e-02 4.30322413e-02 -2.22768239e-02 -7.36704767e-02 -1.18201651e-01 -1.56509643e-01 -1.74310426e-01 -1.84375018e-01 -1.94095867e-01 -2.02296574e-01 -2.01090835e-01 -1.86423679e-01 -1.44616578e-01 -6.56409996e-02 2.84947863e-02 1.22702901e-01 1.91538589e-01 2.23089557e-01 2.34952850e-01 2.35026686e-01 2.30932845e-01 2.17088910e-01 2.04429253e-01 1.79550670e-01 1.36076364e-01 9.01935560e-02 3.87008201e-02 -1.43526651e-02 -5.95131121e-02 -9.29434731e-02 -1.43888802e-01 -1.77505973e-01 -2.14461396e-01 -2.39147711e-01 -2.58392572e-01 -2.78175145e-01 -2.83379627e-01 -2.78968395e-01 -2.47048804e-01 -1.85275755e-01 -1.10468546e-01 -4.63539984e-02 -1.62216164e-02 -1.85358049e-02 -1.40012221e-02 -1.12544333e-04 -1.26034428e-02 -2.88142652e-02 -2.79185742e-02 -5.11114307e-02 -6.96993631e-02 -6.41537787e-02 -4.15745323e-02 -4.27124989e-02 -5.32010511e-02 -5.28802824e-02 -1.03430854e-01 -1.44309756e-01 -1.71215527e-01 -2.05701460e-01 -2.11109674e-01 -2.29745721e-01 -2.49998413e-01 -2.75533074e-01 -2.54853501e-01 -2.23204142e-01 -1.93690089e-01 -1.77303483e-01 -1.63494419e-01 -2.57668100e-01 -5.18766073e-01 3.19852770e-02
2.62000000e+01 6.94204523e-01 2.78943824e-01 2.36594856e-01 3.58062665e-01 3.47687458e-01 2.67134194e-01 2.05505924e-01 1.40942515e-01 6.92870516e-02 3.97234132e-02 1.88450105e-02 9.84221182e-03 1.87931137e-02 1.66910697e-02 8.01602123e-02 1.07850156e-01 1.73642720e-01 2.39019195e-01 2.68560463e-01 3.10822879e-01 3.26368690e-01 3.18314265e-01 3.11645460e-01 2.92062035e-01 2.62716598e-01 2.35451256e-01 1.98441223e-01 1.48330847e-01 9.31155821e-02 4.33143230e-02 -2.03880206e-02 -7.21659647e-02 -1.17194767e-01 -1.57541174e-01 -1.76013504e-01 -1.87131603e-01 -1.97205211e-01 -2.05109520e-01 -2.03967196e-01 -1.89810814e-01 -1.48278414e-01 -6.81604256e-02 2.86131884e-02 1.26176216e-01 1.95127096e-01 2.26186569e-01 2.37961046e-01 2.37903566e-01 2.33604245e-01 2.19882681e-01 2.06134685e-01 1.79079300e-01 1.34796762e-01 8.77352482e-02 3.62269718e-02 -1.45202774e-02 -5.88164385e-02 -9.27691005e-02 -1.44047485e-01 -1.79045405e-01 -2.16097545e-01 -2.41401659e-01 -2.60760480e-01 -2.80814000e-01 -2.85772120e-01 -2.80280227e-01 -2.45902678e-01 -1.80506576e-01 -1.04681572e-01 -4.14048728e-02 -1.31160998e-02 -1.60567729e-02 -1.05866990e-02 3.88447896e-03 -8.44456671e-03 -2.33745577e-02 -2.19623722e-02 -4.50858610e-02 -6.49768114e-02 -6.13577676e-02 -4.22545771e-02 -4.61110214e-02 -5.69763623e-02 -5.90657544e-02 -1.10773396e-01 -1.51053421e-01 -1.75779044e-01 -2.10675339e-01 -2.14256957e-01 -2.32992595e-01 -2.56582074e-01 -2.80291231e-01 -2.59048258e-01 -2.25839989e-01 -1.94232126e-01 -1.76004807e-01 -1.58939966e-01 -2.57418495e-01 -5.11814613e-01 4.56485547e-02
2.63000000e+01 6.96779583e-01 2.84275773e-01 2.38535932e-01 3.59638564e-01 3.51439009e-01 2.68771795e-01 2.06571488e-01 1.40753027e-01 6.88393006e-02 3.69037454e-02 1.64979181e-02 7.53686244e-03 1.56468306e-02 1.46895145e-02 7.63339138e-02 1.04003138e-01 1.70635685e-01 2.36574817e-01 2.66737821e-01 3.10132571e-01 3.26917463e-01 3.19739151e-01 3.13144085e-01 2.93996968e-01 2.64228791e-01 2.36357154e-01 1.97711575e-01 1.47017657e-01 9.15893697e-02 4.34862078e-02 -1.83878248e-02 -7.05776285e-02 -1.16133755e-01 -1.58457000e-01 -1.77618203e-01 -1.89839452e-01 -2.00284875e-01 -2.07860192e-01 -2.06727866e-01 -1.92967578e-01 -1.51657436e-01 -7.05562420e-02 2.87321260e-02 1.29432499e-01 1.98429338e-01 2.29103366e-01 2.40898341e-01 2.40730185e-01 2.36192979e-01 2.22635147e-01 2.07724724e-01 1.78502590e-01 1.33497726e-01 8.51986340e-02 3.37999758e-02 -1.46239752e-02 -5.80617806e-02 -9.26439433e-02 -1.44165358e-01 -1.80532050e-01 -2.17618834e-01 -2.43586908e-01 -2.63082343e-01 -2.83377119e-01 -2.88071423e-01 -2.81425823e-01 -2.44565757e-01 -1.75603140e-01 -9.89548464e-02 -3.67433900e-02 -1.02635345e-02 -1.36378465e-02 -7.16382396e-03 7.78866073e-03 -4.36996652e-03 -1.79931275e-02 -1.61494604e-02 -3.90405077e-02 -6.01309248e-02 -5.85661754e-02 -4.30188226e-02 -4.94966096e-02 -6.08450600e-02 -6.53289070e-02 -1.18144404e-01 -1.57533267e-01 -1.80300849e-01 -2.15529187e-01 -2.17377831e-01 -2.36041368e-01 -2.63156542e-01 -2.84917814e-01 -2.63286771e-01 -2.28497634e-01 -1.94778962e-01 -1.74645523e-01 -1.54415013e-01 -2.57283433e-01 -5.04605694e-01 5.88925669e-02
2.64000000e+01 6.99242461e-01 2.89538112e-01 2.40383865e-01 3.61117512e-01 3.54979258e-01 2.70333825e-01 2.07640138e-01 1.40571383e-01 6.85865120e-02 3.42346751e-02 1.42369786e-02 5.55796751e-03 1.25147756e-02 1.28650714e-02 7.26486039e-02 1.00249992e-01 1.67645163e-01 2.34065592e-01 2.64818521e-01 3.09310137e-01 3.27325419e-01 3.21073579e-01 3.14576205e-01 2.95827631e-01 2.65687743e-01 2.37183804e-01 1.96899584e-01 1.45678176e-01 9.00488171e-02 4.35493510e-02 -1.62929303e-02 -6.89109229e-02 -1.15028903e-01 -1.59250898e-01 -1.79126124e-01 -1.92491954e-01 -2.03329137e-01 -2.10554045e-01 -2.09380563e-01 -1.95889109e-01 -1.54743609e-01 -7.28173301e-02 2.88533288e-02 1.32452303e-01 2.01438595e-01 2.31842459e-01 2.43768469e-01 2.43507925e-01 2.38699346e-01 2.25337774e-01 2.09192157e-01 1.77829929e-01 1.32179692e-01 8.25944376e-02 3.14360392e-02 -1.46727862e-02 -5.72607579e-02 -9.25744280e-02 -1.44244876e-01 -1.81958461e-01 -2.19028303e-01 -2.45703336e-01 -2.65358047e-01 -2.85862453e-01 -2.90273124e-01 -2.82392373e-01 -2.43028960e-01 -1.70582043e-01 -9.33035659e-02 -3.23793637e-02 -7.65773502e-03 -1.12681364e-02 -3.72479393e-03 1.15996863e-02 -3.80414037e-04 -1.26710860e-02 -1.04847750e-02 -3.29844739e-02 -5.51689103e-02 -5.57903620e-02 -4.38530206e-02 -5.28646234e-02 -6.48103813e-02 -7.16665296e-02 -1.25526333e-01 -1.63742116e-01 -1.84799221e-01 -2.20251832e-01 -2.20476279e-01 -2.38927105e-01 -2.69678137e-01 -2.89434394e-01 -2.67546928e-01 -2.31172540e-01 -1.95330009e-01 -1.73220837e-01 -1.49941401e-01 -2.57239430e-01 -4.97164988e-01 7.17163659e-02
2.65000000e+01 7.01598667e-01 2.94725756e-01 2.42137573e-01 3.62502228e-01 3.58297596e-01 2.71832456e-01 2.08693064e-01 1.40418627e-01 6.85019704e-02 3.17431800e-02 1.20551409e-02 3.90011382e-03 9.40966283e-03 1.11983825e-02 6.91145569e-02 9.65951058e-02 1.64671514e-01 2.31490676e-01 2.62806930e-01 3.08357238e-01 3.27590270e-01 3.22314049e-01 3.15942297e-01 2.97549868e-01 2.67091420e-01 2.37922612e-01 1.96014936e-01 1.44318244e-01 8.85089104e-02 4.35075255e-02 -1.41217391e-02 -6.71717745e-02 -1.13889598e-01 -1.59916954e-01 -1.80539270e-01 -1.95082646e-01 -2.06331610e-01 -2.13196210e-01 -2.11932482e-01 -1.98571270e-01 -1.57528681e-01 -7.49321023e-02 2.89779147e-02 1.35217163e-01 2.04149288e-01 2.34407248e-01 2.46574023e-01 2.46237579e-01 2.41124242e-01 2.27981369e-01 2.10530522e-01 1.77070892e-01 1.30842093e-01 7.99347664e-02 2.91505050e-02 -1.46761579e-02 -5.64255590e-02 -9.25655422e-02 -1.44288497e-01 -1.83317019e-01 -2.20330203e-01 -2.47750467e-01 -2.67587139e-01 -2.88267777e-01 -2.92372848e-01 -2.83167254e-01 -2.41283515e-01 -1.65461121e-01 -8.77434719e-02 -2.83205816e-02 -5.29123119e-03 -8.93694830e-03 -2.63287675e-04 1.53169505e-02 3.52380770e-03 -7.40906856e-03 -4.97244352e-03 -2.69268824e-02 -5.01005370e-02 -5.30401267e-02 -4.47424948e-02 -5.62122761e-02 -6.88731241e-02 -7.80766640e-02 -1.32898670e-01 -1.69678242e-01 -1.89288684e-01 -2.24833987e-01 -2.23554310e-01 -2.41686984e-01 -2.76102348e-01 -2.93863419e-01 -2.71805416e-01 -2.33860479e-01 -1.95884071e-01 -1.71727181e-01 -1.45540282e-01 -2.57262611e-01 -4.89520672e-01 8.41211310e-02
2.66000000e+01 7.03853609e-01 2.99833020e-01 2.43797133e-01 3.63793996e-01 3.61385337e-01 2.73279809e-01 2.09711018e-01 1.40316232e-01 6.85585147e-02 2.94546790e-02 9.94877879e-03 2.55312107e-03 6.34711841e-03 9.67028079e-03 6.57406580e-02 9.30430590e-02 1.61714967e-01 2.28849490e-01 2.60707594e-01 3.07275556e-01 3.27710321e-01 3.23457066e-01 3.17242281e-01 2.99159994e-01 2.68437570e-01 2.38565030e-01 1.95067451e-01 1.42943486e-01 8.69837874e-02 4.33668356e-02 -1.18941419e-02 -6.53667151e-02 -1.12724195e-01 -1.60449676e-01 -1.81859952e-01 -1.97605297e-01 -2.09285354e-01 -2.15791385e-01 -2.14390173e-01 -2.01010774e-01 -1.60006184e-01 -7.68885690e-02 2.91063160e-02 1.37709840e-01 2.06556987e-01 2.36801923e-01 2.49316438e-01 2.48919358e-01 2.43469120e-01 2.30556128e-01 2.11734235e-01 1.76235055e-01 1.29483521e-01 7.72330331e-02 2.69576109e-02 -1.46438108e-02 -5.55689030e-02 -9.26206723e-02 -1.44298761e-01 -1.84600071e-01 -2.21529907e-01 -2.49727431e-01 -2.69768839e-01 -2.90590723e-01 -2.94366166e-01 -2.83738119e-01 -2.39321151e-01 -1.60259242e-01 -8.22908075e-02 -2.45727252e-02 -3.15533291e-03 -6.63376170e-03 3.22538299e-03 1.89395303e-02 7.34308338e-03 -2.20735822e-03 3.84200163e-04 -2.08768542e-02 -4.49380238e-02 -5.03235291e-02 -4.56726338e-02 -5.95383084e-02 -7.30317203e-02 -8.45584266e-02 -1.40238330e-01 -1.75345182e-01 -1.93779873e-01 -2.29268419e-01 -2.26612264e-01 -2.44359189e-01 -2.82385213e-01 -2.98227121e-01 -2.76038388e-01 -2.36557365e-01 -1.96439303e-01 -1.70162375e-01 -1.41231678e-01 -2.57329379e-01 -4.81702832e-01 9.61099434e-02
2.67000000e+01 7.06012509e-01 3.04853783e-01 2.45363669e-01 3.64992644e-01 3.64235921e-01 2.74687518e-01 2.10675012e-01 1.40285174e-01 6.87295735e-02 2.73922042e-02 7.91797865e-03 1.50224832e-03 3.34521713e-03 8.26223803e-03 6.25342542e-02 8.95985220e-02 1.58775701e-01 2.26141764e-01 2.58525211e-01 3.06066757e-01 3.27684505e-01 3.24499118e-01 3.18475493e-01 3.00654853e-01 2.69723662e-01 2.39102775e-01 1.94066904e-01 1.41559368e-01 8.54865765e-02 4.31356685e-02 -9.63126966e-03 -6.35029861e-02 -1.11539924e-01 -1.60844094e-01 -1.83090685e-01 -2.00053999e-01 -2.12183015e-01 -2.18343702e-01 -2.16759416e-01 -2.03205302e-01 -1.62171403e-01 -7.86744343e-02 2.92382143e-02 1.39914561e-01 2.08658406e-01 2.39031327e-01 2.51996012e-01 2.51552901e-01 2.45735916e-01 2.33051713e-01 2.12798715e-01 1.75331788e-01 1.28101929e-01 7.45038378e-02 2.48702636e-02 -1.45855928e-02 -5.47039690e-02 -9.27414968e-02 -1.44278359e-01 -1.85800086e-01 -2.22633785e-01 -2.51632934e-01 -2.71902040e-01 -2.92828833e-01 -2.96248500e-01 -2.84092990e-01 -2.37134296e-01 -1.54996099e-01 -7.69622499e-02 -2.11393187e-02 -1.24018817e-03 -4.34823367e-03 6.74414640e-03 2.24661714e-02 1.10786361e-02 2.93396622e-03 5.58261168e-03 -1.48435217e-02 -3.96958442e-02 -4.76467779e-02 -4.66293520e-02 -6.28426315e-02 -7.72823862e-02 -9.11117465e-02 -1.47520179e-01 -1.80751375e-01 -1.98279547e-01 -2.33550017e-01 -2.29649169e-01 -2.46981792e-01 -2.88484681e-01 -3.02546434e-01 -2.80222147e-01 -2.39259071e-01 -1.96993184e-01 -1.68525753e-01 -1.37034081e-01 -2.57417060e-01 -4.73742841e-01 1.07687542e-01
2.68000000e+01 7.08080326e-01 3.09781674e-01 2.46839199e-01 3.66096570e-01 3.66845081e-01 2.76066313e-01 2.11567013e-01 1.40345032e-01 6.89901573e-02 2.55756628e-02 5.96668961e-03 7.28536390e-04 4.23964985e-04 6.95678028e-03 5.95010489e-02 8.62661380e-02 1.55853914e-01 2.23367579e-01 2.56264578e-01 3.04732457e-01 3.27512369e-01 3.25436671e-01 3.19640677e-01 3.02031860e-01 2.70946839e-01 2.39528064e-01 1.93022836e-01 1.40171270e-01 8.40292719e-02 4.28245811e-02 -7.35521702e-03 -6.15886043e-02 -1.10342828e-01 -1.61095861e-01 -1.84234079e-01 -2.02423235e-01 -2.15016966e-01 -2.20856611e-01 -2.19045139e-01 -2.05153610e-01 -1.64021305e-01 -8.02772237e-02 2.93724931e-02 1.41817242e-01 2.10451417e-01 2.41100786e-01 2.54611952e-01 2.54137316e-01 2.47926927e-01 2.35457363e-01 2.13720487e-01 1.74370054e-01 1.26694861e-01 7.17628187e-02 2.28998370e-02 -1.45113407e-02 -5.38442904e-02 -9.29279508e-02 -1.44230157e-01 -1.86909827e-01 -2.23649033e-01 -2.53465268e-01 -2.73985312e-01 -2.94979610e-01 -2.98015026e-01 -2.84220359e-01 -2.34716294e-01 -1.49691980e-01 -7.17748151e-02 -1.80217087e-02 4.65168889e-04 -2.07023704e-03 1.02940732e-02 2.58952943e-02 1.47326786e-02 8.01486287e-03 1.06210493e-02 -8.83606955e-03 -3.43904647e-02 -4.50141903e-02 -4.75994979e-02 -6.61259594e-02 -8.16193424e-02 -9.77370257e-02 -1.54717674e-01 -1.85909633e-01 -2.02790735e-01 -2.37675759e-01 -2.32663146e-01 -2.49591661e-01 -2.94361904e-01 -3.06839971e-01 -2.84333812e-01 -2.41961226e-01 -1.97542534e-01 -1.66818237e-01 -1.32964119e-01 -2.57504526e-01 -4.65672716e-01 1.18860065e-01
2.69000000e+01 7.10061661e-01 3.14610262e-01 2.48226456e-01 3.67102814e-01 3.69210953e-01 2.77425644e-01 2.12370597e-01 1.40513133e-01 6.93177734e-02 2.40212158e-02 4.10272802e-03 2.09278120e-04 -2.39525825e-03 5.73786318e-03 5.66450393e-02 8.30503909e-02 1.52949904e-01 2.20527426e-01 2.53930534e-01 3.03274231e-01 3.27194022e-01 3.26266187e-01 3.20735972e-01 3.03289034e-01 2.72103871e-01 2.39833836e-01 1.91944357e-01 1.38784548e-01 8.26226483e-02 4.24461168e-02 -5.08873793e-03 -5.96323873e-02 -1.09137741e-01 -1.61201339e-01 -1.85292715e-01 -2.04707943e-01 -2.17779478e-01 -2.23332738e-01 -2.21251351e-01 -2.06855612e-01 -1.65554453e-01 -8.16844433e-02 2.95072180e-02 1.43405692e-01 2.11935059e-01 2.43015916e-01 2.57162446e-01 2.56671217e-01 2.50044677e-01 2.37762026e-01 2.14497252e-01 1.73358220e-01 1.25259694e-01 6.90264779e-02 2.10560013e-02 -1.44307506e-02 -5.30036130e-02 -9.31782659e-02 -1.44157195e-01 -1.87922544e-01 -2.24583468e-01 -2.55222349e-01 -2.76016894e-01 -2.97040567e-01 -2.99660577e-01 -2.84109274e-01 -2.32061615e-01 -1.44367555e-01 -6.67457358e-02 -1.52190773e-02 1.97277867e-03 2.10061630e-04 1.38743112e-02 2.92250299e-02 1.83085322e-02 1.30351483e-02 1.54986063e-02 -2.86379680e-03 -2.90400363e-02 -4.24282185e-02 -4.85711973e-02 -6.93894490e-02 -8.60350898e-02 -1.04434734e-01 -1.61803589e-01 -1.90836486e-01 -2.07313023e-01 -2.41644592e-01 -2.35651838e-01 -2.52223442e-01 -2.99982413e-01 -3.11123093e-01 -2.88351933e-01 -2.44659024e-01 -1.98083558e-01 -1.65042354e-01 -1.29036273e-01 -2.57572760e-01 -4.57524494e-01 1.29634784e-01
2.70000000e+01 7.11960675e-01 3.19333264e-01 2.49528690e-01 3.68007169e-01 3.71334128e-01 2.78773354e-01 2.13071545e-01 1.40803785e-01 6.96932285e-02 2.27407955e-02 2.33763284e-03 -8.13948918e-05 -5.09028422e-03 4.59120037e-03 5.39684951e-02 7.99554689e-02 1.50064137e-01 2.17622275e-01 2.51527878e-01 3.01693626e-01 3.26730054e-01 3.26984160e-01 3.21758909e-01 3.04425017e-01 2.73191124e-01 2.40013970e-01 1.90839963e-01 1.37404593e-01 8.12762195e-02 4.20145536e-02 -2.85491466e-03 -5.76439399e-02 -1.07928304e-01 -1.61157696e-01 -1.86269022e-01 -2.06903563e-01 -2.20462882e-01 -2.25773761e-01 -2.23381098e-01 -2.08312435e-01 -1.66770891e-01 -8.28837761e-02 2.96396533e-02 1.44669772e-01 2.13109543e-01 2.44782422e-01 2.59644753e-01 2.59152775e-01 2.52091753e-01 2.39954521e-01 2.15127929e-01 1.72303897e-01 1.23793868e-01 6.63119887e-02 1.93465890e-02 -1.43532573e-02 -5.21957240e-02 -9.34890881e-02 -1.44062650e-01 -1.88832159e-01 -2.25445299e-01 -2.56901773e-01 -2.77994694e-01 -2.99009267e-01 -3.01179557e-01 -2.83749438e-01 -2.29166062e-01 -1.39043653e-01 -6.18923138e-02 -1.27284845e-02 3.29572242e-03 2.50208389e-03 1.74820548e-02 3.24532901e-02 2.18106989e-02 1.79943188e-02 2.02152642e-02 3.06380445e-03 -2.36640554e-02 -3.98895381e-02 -4.95341229e-02 -7.26343640e-02 -9.05207317e-02 -1.11204957e-01 -1.68750800e-01 -1.95551424e-01 -2.11842932e-01 -2.45457225e-01 -2.38612849e-01 -2.54908630e-01 -3.05317133e-01 -3.15407113e-01 -2.92257058e-01 -2.47347023e-01 -1.98611921e-01 -1.63202206e-01 -1.25262681e-01 -2.57605368e-01 -4.49329618e-01 1.40019835e-01
2.71000000e+01 7.13781005e-01 3.23944738e-01 2.50749453e-01 3.68804332e-01 3.73217645e-01 2.80115417e-01 2.13658359e-01 1.41227622e-01 7.01012908e-02 2.17417792e-02 6.86373319e-04 -1.71824856e-04 -7.63875752e-03 3.50454222e-03 5.14719747e-02 7.69851368e-02 1.47197299e-01 2.14653651e-01 2.49061270e-01 2.99992214e-01 3.26121414e-01 3.27587182e-01 3.22706411e-01 3.05439062e-01 2.74204535e-01 2.40063470e-01 1.89717369e-01 1.36036865e-01 7.99982385e-02 4.15455896e-02 -6.76803268e-04 -5.56336065e-02 -1.06717017e-01 -1.60962979e-01 -1.87165148e-01 -2.09006065e-01 -2.23059740e-01 -2.28180289e-01 -2.25436451e-01 -2.09526447e-01 -1.67672028e-01 -8.38633099e-02 2.97663231e-02 1.45601518e-01 2.13976273e-01 2.46405888e-01 2.62055297e-01 2.61579767e-01 2.54070644e-01 2.42023721e-01 2.15612648e-01 1.71213826e-01 1.22295108e-01 6.36369921e-02 1.77774994e-02 -1.42879214e-02 -5.14342563e-02 -9.38556631e-02 -1.43949769e-01 -1.89633465e-01 -2.26242877e-01 -2.58500909e-01 -2.79916289e-01 -3.00883357e-01 -3.02565859e-01 -2.83131297e-01 -2.26026972e-01 -1.33741058e-01 -5.72317486e-02 -1.05449411e-02 4.44808865e-03 4.81468577e-03 2.11125515e-02 3.55778799e-02 2.52448754e-02 2.28913831e-02 2.47719657e-02 8.93695944e-03 -1.82830103e-02 -3.73971908e-02 -5.04796894e-02 -7.58617708e-02 -9.50663228e-02 -1.18046920e-01 -1.75533095e-01 -2.00076075e-01 -2.16374390e-01 -2.49115868e-01 -2.41544158e-01 -2.57674776e-01 -3.10343223e-01 -3.19698655e-01 -2.96032203e-01 -2.50018973e-01 -1.99122845e-01 -1.61303377e-01 -1.21653006e-01 -2.57589008e-01 -4.41118360e-01 1.50023951e-01
2.72000000e+01 7.15525682e-01 3.28439280e-01 2.51892379e-01 3.69488094e-01 3.74866924e-01 2.81455750e-01 2.14122672e-01 1.41791089e-01 7.05311855e-02 2.10268326e-02 -8.33083385e-04 -9.20587646e-05 -1.00187420e-02 2.46790334e-03 4.91543745e-02 7.41426225e-02 1.44350333e-01 2.11623704e-01 2.46535145e-01 2.98171656e-01 3.25369277e-01 3.28072014e-01 3.23574812e-01 3.06331021e-01 2.75139599e-01 2.39978630e-01 1.88583369e-01 1.34686914e-01 7.87957372e-02 4.10559756e-02 1.42293868e-03 -5.36123960e-02 -1.05505322e-01 -1.60616195e-01 -1.87982854e-01 -2.11011961e-01 -2.25563004e-01 -2.30551756e-01 -2.27418501e-01 -2.10501250e-01 -1.68260514e-01 -8.46117958e-02 2.98831156e-02 1.46195219e-01 2.14537858e-01 2.47891574e-01 2.64389772e-01 2.63949620e-01 2.55983585e-01 2.43958752e-01 2.15952705e-01 1.70093803e-01 1.20761615e-01 6.10193871e-02 1.63526433e-02 -1.42433248e-02 -5.07324788e-02 -9.42720756e-02 -1.43821792e-01 -1.90322292e-01 -2.26984435e-01 -2.60016987e-01 -2.81778945e-01 -3.02660577e-01 -3.03812802e-01 -2.82246133e-01 -2.22643384e-01 -1.28480317e-01 -5.27809471e-02 -8.66150551e-03 5.44493273e-03 7.15597712e-03 2.47591443e-02 3.85966501e-02 2.86179014e-02 2.77247172e-02 2.91707029e-02 1.47455139e-02 -1.29180253e-02 -3.49487712e-02 -5.14011766e-02 -7.90722728e-02 -9.96612346e-02 -1.24958526e-01 -1.82125962e-01 -2.04433372e-01 -2.20899247e-01 -2.52623921e-01 -2.44444494e-01 -2.60544845e-01 -3.15044680e-01 -3.23999194e-01 -2.99663227e-01 -2.52667668e-01 -1.99611232e-01 -1.59352785e-01 -1.18214390e-01 -2.57513736e-01 -4.32919304e-01 1.59656210e-01
2.73000000e+01 7.17197061e-01 3.32812201e-01 2.52960965e-01 3.70051549e-01 3.76289634e-01 2.82796106e-01 2.14459548e-01 1.42496088e-01 7.09769084e-02 2.05939275e-02 -2.20033151e-03 1.26979859e-04 -1.22093184e-02 1.47373665e-03 4.70130069e-02 7.14305254e-02 1.41524461e-01 2.08535274e-01 2.43953616e-01 2.96233774e-01 3.24474903e-01 3.28435662e-01 3.24359871e-01 3.07101293e-01 2.75991372e-01 2.39757155e-01 1.87443743e-01 1.33360373e-01 7.76745997e-02 4.05631067e-02 3.42243480e-03 -5.15918854e-02 -1.04293722e-01 -1.60117366e-01 -1.88723411e-01 -2.12918299e-01 -2.27966156e-01 -2.32886338e-01 -2.29327371e-01 -2.11241644e-01 -1.68540117e-01 -8.51189275e-02 2.99854271e-02 1.46447459e-01 2.14798133e-01 2.49244219e-01 2.66643241e-01 2.66259458e-01 2.57832413e-01 2.45749205e-01 2.16150463e-01 1.68948659e-01 1.19192221e-01 5.84771188e-02 1.50739255e-02 -1.42274729e-02 -5.01030820e-02 -9.47315218e-02 -1.43681860e-01 -1.90895665e-01 -2.27677847e-01 -2.61447207e-01 -2.83579642e-01 -3.04338735e-01 -3.04913090e-01 -2.81086155e-01 -2.19016191e-01 -1.23281556e-01 -4.85563198e-02 -7.06939986e-03 6.30222281e-03 9.53312451e-03 2.84133537e-02 4.15076884e-02 3.19376404e-02 3.24919526e-02 3.34146120e-02 2.04788370e-02 -7.59051550e-03 -3.25406486e-02 -5.22937816e-02 -8.22657867e-02 -1.04294520e-01 -1.31935919e-01 -1.88507328e-01 -2.08646718e-01 -2.25407824e-01 -2.55985659e-01 -2.47313654e-01 -2.63536741e-01 -3.19412729e-01 -3.28304807e-01 -3.03139097e-01 -2.55284827e-01 -2.00071797e-01 -1.57358493e-01 -1.14951477e-01 -2.57373252e-01 -4.24758879e-01 1.68925786e-01
2.74000000e+01 7.18796761e-01 3.37059692e-01 2.53958363e-01 3.70487338e-01 3.77495501e-01 2.84136049e-01 2.14667646e-01 1.43339802e-01 7.14373445e-02 2.04365319e-02 -3.39319387e-03 4.54353579e-04 -1.41911583e-02 5.17050716e-04 4.50437061e-02 6.88507487e-02 1.38721181e-01 2.05391918e-01 2.41320418e-01 2.94180633e-01 3.23439520e-01 3.28675445e-01 3.25056825e-01 3.07750764e-01 2.76754478e-01 2.39398247e-01 1.86303185e-01 1.32062946e-01 7.66396573e-02 4.00845865e-02 5.30097373e-03 -4.95841050e-02 -1.03081911e-01 -1.59467580e-01 -1.89387530e-01 -2.14722632e-01 -2.30263332e-01 -2.35180902e-01 -2.31162234e-01 -2.11753557e-01 -1.68515610e-01 -8.53756310e-02 3.00683344e-02 1.46357134e-01 2.14762166e-01 2.50467851e-01 2.68810239e-01 2.68506136e-01 2.59618439e-01 2.47385354e-01 2.16209225e-01 1.67782273e-01 1.17586520e-01 5.60279654e-02 1.39412634e-02 -1.42477046e-02 -4.95579669e-02 -9.52265959e-02 -1.43532935e-01 -1.91351920e-01 -2.28330392e-01 -2.62788832e-01 -2.85315122e-01 -3.05915672e-01 -3.05858794e-01 -2.79644596e-01 -2.15148263e-01 -1.18164316e-01 -4.45735671e-02 -5.75814020e-03 7.03676582e-03 1.19521485e-02 3.20649993e-02 4.43095361e-02 3.52127952e-02 3.71899048e-02 3.75080619e-02 2.61257323e-02 -2.32185965e-03 -3.01682159e-02 -5.31546026e-02 -8.54413606e-02 -1.08955263e-01 -1.38973112e-01 -1.94658208e-01 -2.12739211e-01 -2.29889464e-01 -2.59205902e-01 -2.50152734e-01 -2.66663012e-01 -3.23445960e-01 -3.32606117e-01 -3.06452029e-01 -2.57861026e-01 -2.00499217e-01 -1.55329467e-01 -1.11866521e-01 -2.57165044e-01 -4.16660978e-01 1.77841731e-01
2.75000000e+01 7.20325613e-01 3.41178962e-01 2.54887184e-01 3.70787903e-01 3.78496067e-01 2.85473023e-01 2.14749259e-01 1.44314689e-01 7.19161907e-02 2.05439642e-02 -4.38847357e-03 8.59981420e-04 -1.59470554e-02 -4.04534291e-04 4.32409593e-02 6.64044563e-02 1.35942255e-01 2.02197927e-01 2.38638853e-01 2.92014612e-01 3.22264227e-01 3.28789026e-01 3.25660436e-01 3.08280727e-01 2.77423137e-01 2.38902651e-01 1.85165287e-01 1.30800368e-01 7.56948011e-02 3.96377790e-02 7.03938431e-03 -4.76014069e-02 -1.01868938e-01 -1.58669020e-01 -1.89975316e-01 -2.16422980e-01 -2.32449404e-01 -2.37430996e-01 -2.32921329e-01 -2.12043952e-01 -1.68192667e-01 -8.53743549e-02 3.01267829e-02 1.45925448e-01 2.14436275e-01 2.51565614e-01 2.70884864e-01 2.70686269e-01 2.61342344e-01 2.48858381e-01 2.16133068e-01 1.66597628e-01 1.15944964e-01 5.36893229e-02 1.29526396e-02 -1.43106121e-02 -4.91080445e-02 -9.57495685e-02 -1.43377734e-01 -1.91690793e-01 -2.28948556e-01 -2.64039283e-01 -2.86981945e-01 -3.07389182e-01 -3.06641364e-01 -2.77915799e-01 -2.11044534e-01 -1.13147405e-01 -4.08474647e-02 -4.71567358e-03 7.66610904e-03 1.44177254e-02 3.57023643e-02 4.70014179e-02 3.84526670e-02 4.18145491e-02 4.14567232e-02 3.16743693e-02 2.86689998e-03 -2.78261602e-02 -5.39825556e-02 -8.85970378e-02 -1.13632906e-01 -1.46061699e-01 -2.00563238e-01 -2.16732924e-01 -2.34333060e-01 -2.62289719e-01 -2.52964293e-01 -2.69930733e-01 -3.27150224e-01 -3.36888457e-01 -3.09597505e-01 -2.60385673e-01 -2.00888275e-01 -1.53275306e-01 -1.08959560e-01 -2.56890431e-01 -4.08646646e-01 1.86412770e-01
2.76000000e+01 7.21783622e-01 3.45168352e-01 2.55749328e-01 3.70945749e-01 3.79304402e-01 2.86802496e-01 2.14710215e-01 1.45408665e-01 7.24216863e-02 2.09018931e-02 -5.16276354e-03 1.31548927e-03 -1.74623972e-02 -1.29079693e-03 4.15980649e-02 6.40920489e-02 1.33189681e-01 1.98958302e-01 2.35911781e-01 2.89738473e-01 3.20949939e-01 3.28774429e-01 3.26165077e-01 3.08692788e-01 2.77991203e-01 2.38272655e-01 1.84032556e-01 1.29578362e-01 7.48431009e-02 3.92393617e-02 8.62039211e-03 -4.56563162e-02 -1.00653380e-01 -1.57724981e-01 -1.90486249e-01 -2.18017773e-01 -2.34520046e-01 -2.39630876e-01 -2.34601990e-01 -2.12120708e-01 -1.67577774e-01 -8.51093480e-02 3.01557766e-02 1.45155896e-01 2.13828020e-01 2.52539611e-01 2.72860879e-01 2.72796261e-01 2.63004090e-01 2.50160583e-01 2.15926659e-01 1.65396889e-01 1.14268939e-01 5.14779859e-02 1.21041859e-02 -1.44219714e-02 -4.87630526e-02 -9.62926437e-02 -1.43218690e-01 -1.91913464e-01 -2.29537864e-01 -2.65196215e-01 -2.88576558e-01 -3.08756917e-01 -3.07251668e-01 -2.75895305e-01 -2.06712075e-01 -1.08248755e-01 -3.73916503e-02 -3.92851849e-03 8.20841498e-03 1.69330029e-02 3.93124020e-02 4.95834650e-02 4.16668711e-02 4.63610448e-02 4.52676013e-02 3.71122454e-02 7.95532864e-03 -2.55087522e-02 -5.47782247e-02 -9.17297656e-02 -1.18317527e-01 -1.53190655e-01 -2.06211072e-01 -2.20648286e-01 -2.38727555e-01 -2.65242170e-01 -2.55752412e-01 -2.73341574e-01 -3.30538289e-01 -3.41132240e-01 -3.12574159e-01 -2.62847037e-01 -2.01234004e-01 -1.51205951e-01 -1.06228659e-01 -2.56554494e-01 -4.00733859e-01 1.94647128e-01
2.77000000e+01 7.23169943e-01 3.49027420e-01 2.56545844e-01 3.70953710e-01 3.79934773e-01 2.88118187e-01 2.14559653e-01 1.46605457e-01 7.29661632e-02 2.14929659e-02 -5.69328534e-03 1.79501230e-03 -1.87255577e-02 -2.13899448e-03 4.01073174e-02 6.19131564e-02 1.30465661e-01 1.95678709e-01 2.33141617e-01 2.87355417e-01 3.19497363e-01 3.28630013e-01 3.26564809e-01 3.08988758e-01 2.78452220e-01 2.37512063e-01 1.82906458e-01 1.28402585e-01 7.40869278e-02 3.89048916e-02 1.00289476e-02 -4.37613659e-02 -9.94335250e-02 -1.56639860e-01 -1.90919192e-01 -2.19505787e-01 -2.36471755e-01 -2.41773584e-01 -2.36200654e-01 -2.11992473e-01 -1.66678156e-01 -8.45769180e-02 3.01505601e-02 1.44054249e-01 2.12946198e-01 2.53390768e-01 2.74731800e-01 2.74832310e-01 2.64602857e-01 2.51285570e-01 2.15595060e-01 1.64181490e-01 1.12560825e-01 4.94099209e-02 1.13902984e-02 -1.45866887e-02 -4.85313944e-02 -9.68481819e-02 -1.43057939e-01 -1.92022562e-01 -2.30102755e-01 -2.66257586e-01 -2.90095355e-01 -3.10016268e-01 -3.07680062e-01 -2.73579935e-01 -2.02160126e-01 -1.03485302e-01 -3.42184188e-02 -3.38190522e-03 8.68230933e-03 1.94994364e-02 4.28809849e-02 5.20569160e-02 4.48650237e-02 5.08238073e-02 4.89490204e-02 4.24261910e-02 1.29238403e-02 -2.32101535e-02 -5.55436514e-02 -9.48353519e-02 -1.23000084e-01 -1.60346244e-01 -2.11594641e-01 -2.24503560e-01 -2.43062390e-01 -2.68068093e-01 -2.58522671e-01 -2.76892031e-01 -3.33629278e-01 -3.45313515e-01 -3.15383551e-01 -2.65232331e-01 -2.01531815e-01 -1.49131386e-01 -1.03670215e-01 -2.56165914e-01 -3.92937383e-01 2.02552381e-01
2.78000000e+01 7.24482868e-01 3.52756990e-01 2.57276816e-01 3.70805201e-01 3.80402293e-01 2.89412361e-01 2.14309671e-01 1.47885111e-01 7.35654363e-02 2.22975383e-02 -5.95872765e-03 2.27592193e-03 -1.97281967e-02 -2.94401286e-03 3.87602185e-02 5.98666407e-02 1.27772561e-01 1.92365413e-01 2.30330347e-01 2.84869135e-01 3.17907015e-01 3.28354429e-01 3.26853486e-01 3.09170550e-01 2.78799496e-01 2.36626120e-01 1.81787510e-01 1.27278550e-01 7.34280756e-02 3.86483988e-02 1.12525161e-02 -4.19289164e-02 -9.82075542e-02 -1.55419153e-01 -1.91272418e-01 -2.20886073e-01 -2.38301850e-01 -2.43851061e-01 -2.37712888e-01 -2.11668504e-01 -1.65501713e-01 -8.37756609e-02 3.01067860e-02 1.42628518e-01 2.11800811e-01 2.54118733e-01 2.76490995e-01 2.76790406e-01 2.66137000e-01 2.52228436e-01 2.15143542e-01 1.62952246e-01 1.10824037e-01 4.75000307e-02 1.08037836e-02 -1.48087636e-02 -4.84200028e-02 -9.74088841e-02 -1.42897325e-01 -1.92022144e-01 -2.30646501e-01 -2.67221709e-01 -2.91534745e-01 -3.11164244e-01 -3.07916484e-01 -2.70967850e-01 -1.97400120e-01 -9.88728698e-02 -3.13385270e-02 -3.05991473e-03 9.10670364e-03 2.21166551e-02 4.63931894e-02 5.44242777e-02 4.80564156e-02 5.51966218e-02 5.25105523e-02 4.76024225e-02 1.77539113e-02 -2.09247391e-02 -5.62820713e-02 -9.79084706e-02 -1.27672579e-01 -1.67512031e-01 -2.16711258e-01 -2.28314428e-01 -2.47327887e-01 -2.70771952e-01 -2.61282038e-01 -2.80573819e-01 -3.36447892e-01 -3.49404700e-01 -3.18029822e-01 -2.67527844e-01 -2.01777615e-01 -1.47061327e-01 -1.01279308e-01 -2.55736704e-01 -3.85268723e-01 2.10135336e-01
2.79000000e+01 7.25719831e-01 3.56359170e-01 2.57941294e-01 3.70494459e-01 3.80722548e-01 2.90676182e-01 2.13974881e-01 1.49224647e-01 7.42380568e-02 2.32944773e-02 -5.94005507e-03 2.73945215e-03 -2.04654552e-02 -3.69858293e-03 3.75477102e-02 5.79506029e-02 1.25112872e-01 1.89025190e-01 2.27479551e-01 2.82283840e-01 3.16179262e-01 3.27946549e-01 3.27024851e-01 3.09240073e-01 2.79026189e-01 2.35621420e-01 1.80675384e-01 1.26211553e-01 7.28678776e-02 3.84820199e-02 1.22813214e-02 -4.01709666e-02 -9.69737207e-02 -1.54069430e-01 -1.91543656e-01 -2.22157885e-01 -2.40008445e-01 -2.45854302e-01 -2.39133399e-01 -2.11158493e-01 -1.64056977e-01 -8.27066574e-02 3.00206642e-02 1.40888912e-01 2.10403035e-01 2.54721801e-01 2.78131779e-01 2.78666320e-01 2.67604033e-01 2.52985882e-01 2.14577410e-01 1.61709452e-01 1.09063057e-01 4.57619073e-02 1.03360370e-02 -1.50912745e-02 -4.84342333e-02 -9.79679364e-02 -1.42738437e-01 -1.91917636e-01 -2.31171164e-01 -2.68087303e-01 -2.92891190e-01 -3.12197340e-01 -3.07950564e-01 -2.68058599e-01 -1.92445676e-01 -9.44260704e-02 -2.87610115e-02 -2.94561537e-03 9.50059540e-03 2.47823647e-02 4.98336080e-02 5.66894380e-02 5.12496904e-02 5.94727950e-02 5.59628851e-02 5.26266439e-02 2.24282709e-02 -1.86474323e-02 -5.69976113e-02 -1.00942716e-01 -1.32328177e-01 -1.74668990e-01 -2.21562578e-01 -2.32093704e-01 -2.51515568e-01 -2.73357756e-01 -2.64038677e-01 -2.84374405e-01 -3.39023472e-01 -3.53375464e-01 -3.20519250e-01 -2.69719123e-01 -2.01967897e-01 -1.45004940e-01 -9.90500892e-02 -2.55281870e-01 -3.77736150e-01 2.17401945e-01
2.80000000e+01 7.26877427e-01 3.59837330e-01 2.58537260e-01 3.70016755e-01 3.80911218e-01 2.91900114e-01 2.13571857e-01 1.50598828e-01 7.50044603e-02 2.44620077e-02 -5.62125872e-03 3.17120302e-03 -2.09360396e-02 -4.39355548e-03 3.64604258e-02 5.61623954e-02 1.22489182e-01 1.85665237e-01 2.24590427e-01 2.79604295e-01 3.14314378e-01 3.27405395e-01 3.27072643e-01 3.09199121e-01 2.79125423e-01 2.34505782e-01 1.79569044e-01 1.25206572e-01 7.24073140e-02 3.84156822e-02 1.31085338e-02 -3.84989611e-02 -9.57305086e-02 -1.52598313e-01 -1.91730158e-01 -2.23320598e-01 -2.41590409e-01 -2.47773536e-01 -2.40456053e-01 -2.10472382e-01 -1.62353077e-01 -8.13736294e-02 2.98890944e-02 1.38847777e-01 2.08765166e-01 2.55196875e-01 2.79647507e-01 2.80455567e-01 2.69000649e-01 2.53556297e-01 2.13901856e-01 1.60452991e-01 1.07283453e-01 4.42075786e-02 9.97725357e-03 -1.54363887e-02 -4.85777858e-02 -9.85191175e-02 -1.42582642e-01 -1.91715752e-01 -2.31677592e-01 -2.68853525e-01 -2.94161232e-01 -3.13111424e-01 -3.07771760e-01 -2.64853151e-01 -1.87312574e-01 -9.01582212e-02 -2.64930195e-02 -3.02119764e-03 9.88284888e-03 2.74922913e-02 5.31866807e-02 5.88577187e-02 5.44525401e-02 6.36453338e-02 5.93176393e-02 5.74841926e-02 2.69310721e-02 -1.63740455e-02 -5.76949643e-02 -1.03930702e-01 -1.36961240e-01 -1.81795718e-01 -2.26154430e-01 -2.35851157e-01 -2.55618385e-01 -2.75829029e-01 -2.66801690e-01 -2.88277651e-01 -3.41388908e-01 -3.57193719e-01 -3.22859730e-01 -2.71791195e-01 -2.02099807e-01 -1.42970562e-01 -9.69761859e-02 -2.54818991e-01 -3.70344804e-01 2.24357251e-01
2.81000000e+01 7.27951441e-01 3.63196052e-01 2.59061632e-01 3.69368577e-01 3.80983701e-01 2.93074349e-01 2.13118534e-01 1.51981015e-01 7.58860410e-02 2.57785688e-02 -4.99002202e-03 3.56150456e-03 -2.11421936e-02 -5.01822552e-03 3.54889492e-02 5.44986353e-02 1.19904144e-01 1.82293069e-01 2.21663798e-01 2.76835830e-01 3.12312610e-01 3.26730067e-01 3.26990693e-01 3.09049276e-01 2.79090412e-01 2.33288095e-01 1.78466890e-01 1.24268173e-01 7.20471028e-02 3.84568540e-02 1.37303977e-02 -3.69236052e-02 -9.44767691e-02 -1.51014439e-01 -1.91828767e-01 -2.24373636e-01 -2.43047308e-01 -2.49598420e-01 -2.41673893e-01 -2.09620180e-01 -1.60399714e-01 -7.97830508e-02 2.97097801e-02 1.36519522e-01 2.06900546e-01 2.55539482e-01 2.81031663e-01 2.82153373e-01 2.70322764e-01 2.53939788e-01 2.13121853e-01 1.59182433e-01 1.05491875e-01 4.28472517e-02 9.71667084e-03 -1.58453973e-02 -4.88526549e-02 -9.90568748e-02 -1.42431142e-01 -1.91424393e-01 -2.32165451e-01 -2.69520009e-01 -2.95341492e-01 -3.13901640e-01 -3.07369493e-01 -2.61353909e-01 -1.82018714e-01 -8.60812761e-02 -2.45396559e-02 -3.26810687e-03 1.02719600e-02 3.02401737e-02 5.64370344e-02 6.09358686e-02 5.76714335e-02 6.77071446e-02 6.25871371e-02 6.21602196e-02 3.12480468e-02 -1.41016189e-02 -5.83790582e-02 -1.06864213e-01 -1.41567292e-01 -1.88868720e-01 -2.30496523e-01 -2.39593446e-01 -2.59630867e-01 -2.78188851e-01 -2.69580803e-01 -2.92264559e-01 -3.43579461e-01 -3.60826697e-01 -3.25060200e-01 -2.73728823e-01 -2.02171185e-01 -1.40965459e-01 -9.50511129e-02 -2.54367739e-01 -3.63096882e-01 2.31005355e-01
2.82000000e+01 7.28936894e-01 3.66441035e-01 2.59510307e-01 3.68547774e-01 3.80954751e-01 2.94189252e-01 2.12633552e-01 1.53344087e-01 7.69041868e-02 2.72236495e-02 -4.03827800e-03 3.90562943e-03 -2.10895593e-02 -5.56069540e-03 3.46240731e-02 5.29552233e-02 1.17360464e-01 1.78916424e-01 2.18700135e-01 2.73984337e-01 3.10174251e-01 3.25919672e-01 3.26773031e-01 3.08791801e-01 2.78914608e-01 2.31978145e-01 1.77366923e-01 1.23400411e-01 7.17877660e-02 3.86103685e-02 1.41462929e-02 -3.54546940e-02 -9.32118298e-02 -1.49327424e-01 -1.91836015e-01 -2.25316388e-01 -2.44379344e-01 -2.51318241e-01 -2.42779165e-01 -2.08611780e-01 -1.58207166e-01 -7.79442075e-02 2.94813236e-02 1.33920523e-01 2.04823483e-01 2.55743815e-01 2.82277935e-01 2.83754632e-01 2.71565599e-01 2.54138141e-01 2.12242083e-01 1.57897133e-01 1.03696032e-01 4.16890637e-02 9.54283871e-03 -1.63187751e-02 -4.92591064e-02 -9.95763773e-02 -1.42285018e-01 -1.91052518e-01 -2.32633286e-01 -2.70086882e-01 -2.96428650e-01 -3.14562335e-01 -3.06733287e-01 -2.57564714e-01 -1.76584043e-01 -8.22057760e-02 -2.29038469e-02 -3.66717431e-03 1.06858093e-02 3.30178042e-02 5.95698237e-02 6.29319932e-02 6.09113848e-02 7.16512418e-02 6.57841386e-02 6.66398955e-02 3.53666447e-02 -1.18287456e-02 -5.90547377e-02 -1.09734392e-01 -1.46142905e-01 -1.95862782e-01 -2.34602049e-01 -2.43324181e-01 -2.63549178e-01 -2.80439950e-01 -2.72386015e-01 -2.96314071e-01 -3.45631516e-01 -3.64242070e-01 -3.27130022e-01 -2.75516787e-01 -2.02180567e-01 -1.38995632e-01 -9.32686692e-02 -2.53949361e-01 -3.55991869e-01 2.37349423e-01
2.83000000e+01 7.29828106e-01 3.69578981e-01 2.59878253e-01 3.67553668e-01 3.80838143e-01 2.95235801e-01 2.12135585e-01 1.54661380e-01 7.80793095e-02 2.87785702e-02 -2.76263817e-03 4.20384920e-03 -2.07869299e-02 -6.00826720e-03 3.38570458e-02 5.15273707e-02 1.14860880e-01 1.75543165e-01 2.15699558e-01 2.71056249e-01 3.07899700e-01 3.24973279e-01 3.26413981e-01 3.08427544e-01 2.78591859e-01 2.30586421e-01 1.76266913e-01 1.22606751e-01 7.16296637e-02 3.88783326e-02 1.43587270e-02 -3.41009620e-02 -9.19355728e-02 -1.47547802e-01 -1.91748222e-01 -2.26148141e-01 -2.45587282e-01 -2.52922114e-01 -2.43763359e-01 -2.07456781e-01 -1.55786298e-01 -7.58691985e-02 2.92032986e-02 1.31069016e-01 2.02549130e-01 2.55802835e-01 2.83380275e-01 2.85253864e-01 2.72723789e-01 2.54154741e-01 2.11266907e-01 1.56596318e-01 1.01904638e-01 4.07388489e-02 9.44390836e-03 -1.68562604e-02 -4.97956752e-02 -1.00073552e-01 -1.42145280e-01 -1.90610006e-01 -2.33078608e-01 -2.70554786e-01 -2.97419407e-01 -3.15087015e-01 -3.05852910e-01 -2.53490849e-01 -1.71030446e-01 -7.85408201e-02 -2.15862227e-02 -4.19874698e-03 1.11414059e-02 3.58151211e-02 6.25710637e-02 6.48554263e-02 6.41757727e-02 7.54709595e-02 6.89215502e-02 7.09086356e-02 3.92761547e-02 -9.55587133e-03 -5.97264725e-02 -1.12531965e-01 -1.50685513e-01 -2.02751395e-01 -2.38487201e-01 -2.47044071e-01 -2.67371079e-01 -2.82584843e-01 -2.75227212e-01 -3.00403902e-01 -3.47581327e-01 -3.67409066e-01 -3.29078362e-01 -2.77140180e-01 -2.02127164e-01 -1.37065655e-01 -9.16233089e-02 -2.53586130e-01 -3.49026843e-01 2.43391718e-01
2.84000000e+01 7.30618760e-01 3.72617439e-01 2.60159624e-01 3.66387114e-01 3.80646366e-01 2.96206007e-01 2.11642679e-01 1.55907616e-01 7.94299051e-02 3.04271832e-02 -1.16467761e-03 4.46133506e-03 -2.02459025e-02 -6.34785492e-03 3.31797983e-02 5.02096367e-02 1.12408157e-01 1.72181190e-01 2.12661854e-01 2.68058502e-01 3.05489527e-01 3.23889878e-01 3.25908246e-01 3.07956838e-01 2.78116576e-01 2.29123888e-01 1.75164569e-01 1.21889999e-01 7.15729898e-02 3.92601214e-02 1.43732605e-02 -3.28699596e-02 -9.06484856e-02 -1.45686948e-01 -1.91561615e-01 -2.26868019e-01 -2.46672365e-01 -2.54399164e-01 -2.44617255e-01 -2.06164318e-01 -1.53148605e-01 -7.35728765e-02 2.88762964e-02 1.27984984e-01 2.00093357e-01 2.55708414e-01 2.84332933e-01 2.86645191e-01 2.73791507e-01 2.53994440e-01 2.10200380e-01 1.55279174e-01 1.00127327e-01 3.99999372e-02 9.40792755e-03 -1.74569476e-02 -5.04591842e-02 -1.00545111e-01 -1.42012910e-01 -1.90107493e-01 -2.33498003e-01 -2.70924879e-01 -2.98310440e-01 -3.15468329e-01 -3.04718498e-01 -2.49139050e-01 -1.65381610e-01 -7.50940542e-02 -2.05850223e-02 -4.84281707e-03 1.16546282e-02 3.86203493e-02 6.54279481e-02 6.67165495e-02 6.74662085e-02 7.91601557e-02 7.20121172e-02 7.49523396e-02 4.29678010e-02 -7.28555089e-03 -6.03981037e-02 -1.15247508e-01 -1.55193160e-01 -2.09507240e-01 -2.42170615e-01 -2.50751189e-01 -2.71095809e-01 -2.84626016e-01 -2.78113777e-01 -3.04511379e-01 -3.49463787e-01 -3.70299556e-01 -3.30913583e-01 -2.78584712e-01 -2.02010799e-01 -1.35178584e-01 -9.01104729e-02 -2.53300777e-01 -3.42196812e-01 2.49133646e-01
2.85000000e+01 7.31301986e-01 3.75564638e-01 2.60347918e-01 3.65050525e-01 3.80390367e-01 2.97093298e-01 2.11171625e-01 1.57059796e-01 8.09716764e-02 3.21564640e-02 7.48934136e-04 4.68790904e-03 -1.94804413e-02 -6.56640674e-03 3.25851425e-02 4.89959817e-02 1.10005075e-01 1.68838350e-01 2.09586507e-01 2.64998462e-01 3.02944525e-01 3.22668360e-01 3.25250991e-01 3.07379421e-01 2.77483903e-01 2.27601754e-01 1.74057716e-01 1.21252265e-01 7.16177298e-02 3.97524578e-02 1.41983645e-02 -3.17679555e-02 -8.93516877e-02 -1.43756977e-01 -1.91272452e-01 -2.27474937e-01 -2.47636211e-01 -2.55738697e-01 -2.45331005e-01 -2.04742904e-01 -1.50306273e-01 -7.10727234e-02 2.85019419e-02 1.24690035e-01 1.97472581e-01 2.55451526e-01 2.85130465e-01 2.87922323e-01 2.74762601e-01 2.53663385e-01 2.09046299e-01 1.53944922e-01 9.83745343e-02 3.94729928e-02 9.42312657e-03 -1.81193837e-02 -5.12447831e-02 -1.00988574e-01 -1.41888902e-01 -1.89556185e-01 -2.33887255e-01 -2.71198833e-01 -2.99098353e-01 -3.15698075e-01 -3.03320661e-01 -2.44517529e-01 -1.59662830e-01 -7.18716764e-02 -1.98960237e-02 -5.57915188e-03 1.22399635e-02 4.14201902e-02 6.81291453e-02 6.85265685e-02 7.07824559e-02 8.27134063e-02 7.50681037e-02 7.87576433e-02 4.64348073e-02 -5.02264575e-03 -6.10726352e-02 -1.17871721e-01 -1.59664194e-01 -2.16102706e-01 -2.45672763e-01 -2.54441315e-01 -2.74723888e-01 -2.86566124e-01 -2.81054196e-01 -3.08614250e-01 -3.51311267e-01 -3.72889060e-01 -3.32642668e-01 -2.79837006e-01 -2.01831814e-01 -1.33335920e-01 -8.87268690e-02 -2.53115930e-01 -3.35495091e-01 2.54575837e-01
2.86000000e+01 7.31870450e-01 3.78429288e-01 2.60436163e-01 3.63547848e-01 3.80079340e-01 2.97892850e-01 2.10737378e-01 1.58098010e-01 8.27167509e-02 3.39569733e-02 2.96646144e-03 4.89765669e-03 -1.85063682e-02 -6.65132666e-03 3.20669370e-02 4.78798360e-02 1.07654414e-01 1.65522362e-01 2.06472739e-01 2.61883828e-01 3.00265759e-01 3.21307507e-01 3.24437899e-01 3.06694366e-01 2.76689880e-01 2.26031219e-01 1.72944470e-01 1.20694943e-01 7.17635837e-02 4.03495689e-02 1.38452187e-02 -3.07998652e-02 -8.80469395e-02 -1.41770624e-01 -1.90877150e-01 -2.27967579e-01 -2.48480696e-01 -2.56930344e-01 -2.45894232e-01 -2.03200286e-01 -1.47272261e-01 -6.83886623e-02 2.80828782e-02 1.21207277e-01 1.94703580e-01 2.55022477e-01 2.85767710e-01 2.89078576e-01 2.75630729e-01 2.53168829e-01 2.07808272e-01 1.52592899e-01 9.66573499e-02 3.91559045e-02 9.47817883e-03 -1.88416588e-02 -5.21460093e-02 -1.01402279e-01 -1.41774295e-01 -1.88967667e-01 -2.34241489e-01 -2.71378812e-01 -2.99779633e-01 -3.15767235e-01 -3.01650583e-01 -2.39636011e-01 -1.53900781e-01 -6.88784556e-02 -1.95125012e-02 -6.38742487e-03 1.29102545e-02 4.42000521e-02 7.06650632e-02 7.02972622e-02 7.41223937e-02 8.61261827e-02 7.81009699e-02 8.23121755e-02 4.96724195e-02 -2.77444437e-03 -6.17520752e-02 -1.20395728e-01 -1.64096923e-01 -2.22510436e-01 -2.49015311e-01 -2.58108358e-01 -2.78256850e-01 -2.88408218e-01 -2.84055681e-01 -3.12691436e-01 -3.53152560e-01 -3.75157644e-01 -3.34270719e-01 -2.80884885e-01 -2.01590952e-01 -1.31537632e-01 -8.74706907e-02 -2.53053575e-01 -3.28913693e-01 2.59718230e-01
2.87000000e+01 7.32316444e-01 3.81220384e-01 2.60417124e-01 3.61884507e-01 3.79720577e-01 2.98601851e-01 2.10352569e-01 1.59006147e-01 8.46730236e-02 3.58231720e-02 5.47129037e-03 5.10841563e-03 -1.73407982e-02 -6.59088384e-03 3.16202148e-02 4.68541875e-02 1.05358935e-01 1.62240729e-01 2.03319595e-01 2.58722510e-01 2.97454611e-01 3.19805999e-01 3.23465211e-01 3.05900037e-01 2.75731593e-01 2.24423220e-01 1.71823414e-01 1.20218716e-01 7.20098635e-02 4.10434077e-02 1.33274558e-02 -2.99692035e-02 -8.67366369e-02 -1.39741107e-01 -1.90372417e-01 -2.28344391e-01 -2.49207816e-01 -2.57964193e-01 -2.46296152e-01 -2.01543310e-01 -1.44060392e-01 -6.55428115e-02 2.76227200e-02 1.17561195e-01 1.91803285e-01 2.54411176e-01 2.86239748e-01 2.90106906e-01 2.76389470e-01 2.52518923e-01 2.06489807e-01 1.51222634e-01 9.49873460e-02 3.90437358e-02 9.56242177e-03 -1.96214811e-02 -5.31548725e-02 -1.01785401e-01 -1.41670195e-01 -1.88353693e-01 -2.34555320e-01 -2.71467441e-01 -3.00350610e-01 -3.15666028e-01 -2.99700100e-01 -2.34505776e-01 -1.48123243e-01 -6.61177616e-02 -1.94252144e-02 -7.24734867e-03 1.36764566e-02 4.69443189e-02 7.30280766e-02 7.20407151e-02 7.74820178e-02 8.93950116e-02 8.11210538e-02 8.56048160e-02 5.26778815e-02 -5.50692207e-04 -6.24373268e-02 -1.22811371e-01 -1.68489261e-01 -2.28703883e-01 -2.52220463e-01 -2.61744824e-01 -2.81696935e-01 -2.90155962e-01 -2.87123834e-01 -3.16723698e-01 -3.55011962e-01 -3.77090674e-01 -3.35800522e-01 -2.81717630e-01 -2.01289206e-01 -1.29782250e-01 -8.63417671e-02 -2.53134544e-01 -3.22443738e-01 2.64560175e-01
2.88000000e+01 7.32631987e-01 3.83946986e-01 2.60283531e-01 3.60067301e-01 3.79319380e-01 2.99219692e-01 2.10027102e-01 1.59772472e-01 8.68436492e-02 3.77535790e-02 8.24227094e-03 5.34115722e-03 -1.60015434e-02 -6.37459702e-03 3.12412690e-02 4.59116873e-02 1.03121362e-01 1.59000657e-01 2.00126042e-01 2.55522485e-01 2.94512808e-01 3.18162424e-01 3.22329748e-01 3.04994065e-01 2.74607311e-01 2.22788185e-01 1.70693767e-01 1.19823571e-01 7.23553784e-02 4.18239262e-02 1.26608631e-02 -2.92780569e-02 -8.54237984e-02 -1.37681977e-01 -1.89755364e-01 -2.28603591e-01 -2.49819534e-01 -2.58830893e-01 -2.46525725e-01 -1.99777817e-01 -1.40685449e-01 -6.25591882e-02 2.71259780e-02 1.13777514e-01 1.88788549e-01 2.53607424e-01 2.86541823e-01 2.90999975e-01 2.77032424e-01 2.51722502e-01 2.05094410e-01 1.49833936e-01 9.33763847e-02 3.91287403e-02 9.66602821e-03 -2.04562303e-02 -5.42619694e-02 -1.02137948e-01 -1.41577785e-01 -1.87725972e-01 -2.34823014e-01 -2.71467760e-01 -3.00807426e-01 -3.15383977e-01 -2.97461777e-01 -2.29139707e-01 -1.42358794e-01 -6.35916025e-02 -1.96224298e-02 -8.13881006e-03 1.45474134e-02 4.96366457e-02 7.52127095e-02 7.37690496e-02 8.08554741e-02 9.25176167e-02 8.41372682e-02 8.86259403e-02 5.54503585e-02 1.63647718e-03 -6.31281286e-02 -1.25111489e-01 -1.72838371e-01 -2.34657868e-01 -2.55310309e-01 -2.65342332e-01 -2.85046741e-01 -2.91813850e-01 -2.90262359e-01 -3.20694192e-01 -3.56908521e-01 -3.78679406e-01 -3.37232220e-01 -2.82326210e-01 -2.00927664e-01 -1.28067018e-01 -8.53416355e-02 -2.53378062e-01 -3.16075857e-01 2.69100541e-01
2.89000000e+01 7.32808925e-01 3.86618007e-01 2.60028315e-01 3.58104268e-01 3.78879036e-01 2.99748071e-01 2.09767871e-01 1.60390047e-01 8.92267058e-02 3.97507660e-02 1.12542044e-02 5.61928028e-03 -1.45065055e-02 -5.99358095e-03 3.09276943e-02 4.50447731e-02 1.00944345e-01 1.55808968e-01 1.96891114e-01 2.52291632e-01 2.91442452e-01 3.16375307e-01 3.21028904e-01 3.03973355e-01 2.73316596e-01 2.21135798e-01 1.69555533e-01 1.19508825e-01 7.27983178e-02 4.26793867e-02 1.18630517e-02 -2.87270751e-02 -8.41120446e-02 -1.35606963e-01 -1.89023626e-01 -2.28743200e-01 -2.50317631e-01 -2.59521736e-01 -2.46571826e-01 -1.97908545e-01 -1.37163262e-01 -5.94633736e-02 2.65979612e-02 1.09883066e-01 1.85675919e-01 2.52601223e-01 2.86669265e-01 2.91750239e-01 2.77553272e-01 2.50788884e-01 2.03625674e-01 1.48426973e-01 9.18364107e-02 3.94004448e-02 9.78012432e-03 -2.13429848e-02 -5.54566272e-02 -1.02460762e-01 -1.41498330e-01 -1.87095964e-01 -2.35038662e-01 -2.71383164e-01 -3.01146012e-01 -3.14909999e-01 -2.94928981e-01 -2.23552320e-01 -1.36636472e-01 -6.13006688e-02 -2.00899776e-02 -9.04200680e-03 1.55296582e-02 5.22602719e-02 7.72157671e-02 7.54941682e-02 8.42351184e-02 9.54930409e-02 8.71568216e-02 9.13676441e-02 5.79908091e-02 3.77271138e-03 -6.38230442e-02 -1.27290181e-01 -1.77140333e-01 -2.40349105e-01 -2.58306210e-01 -2.68892122e-01 -2.88308875e-01 -2.93387395e-01 -2.93472847e-01 -3.24588898e-01 -3.58855488e-01 -3.79921378e-01 -3.38563092e-01 -2.82703464e-01 -2.00507333e-01 -1.26388100e-01 -8.44735376e-02 -2.53801339e-01 -3.09800582e-01 2.73337827e-01
2.90000000e+01 7.32839024e-01 3.89242007e-01 2.59644848e-01 3.56004519e-01 3.78400856e-01 3.00191015e-01 2.09578598e-01 1.60856995e-01 9.18150414e-02 4.18211910e-02 1.44784614e-02 5.96783786e-03 -1.28730796e-02 -5.44084194e-03 3.06783821e-02 4.42458080e-02 9.88304315e-02 1.52672014e-01 1.93614065e-01 2.49037570e-01 2.88246019e-01 3.14443145e-01 3.19560622e-01 3.02834120e-01 2.71860383e-01 2.19474801e-01 1.68409623e-01 1.19273159e-01 7.33361435e-02 4.35966988e-02 1.09531050e-02 -2.83154786e-02 -8.28055698e-02 -1.33529822e-01 -1.88175455e-01 -2.28761074e-01 -2.50703554e-01 -2.60028710e-01 -2.46423430e-01 -1.95939070e-01 -1.33510761e-01 -5.62821538e-02 2.60446602e-02 1.05905629e-01 1.82481413e-01 2.51383082e-01 2.86617404e-01 2.92350046e-01 2.77945823e-01 2.49727673e-01 2.02087358e-01 1.47002369e-01 9.03792325e-02 3.98458019e-02 9.89685586e-03 -2.22785242e-02 -5.67270777e-02 -1.02755491e-01 -1.41433161e-01 -1.86474676e-01 -2.35196348e-01 -2.71217338e-01 -3.01362065e-01 -3.14232500e-01 -2.92095961e-01 -2.17759780e-01 -1.30985418e-01 -5.92443805e-02 -2.08113418e-02 -9.93758619e-03 1.66272470e-02 5.47983429e-02 7.90364162e-02 7.72275136e-02 8.76116020e-02 9.83217503e-02 9.01849679e-02 9.38239349e-02 6.03018111e-02 5.84170284e-03 -6.45194986e-02 -1.29343014e-01 -1.81389860e-01 -2.45756700e-01 -2.61228214e-01 -2.72385562e-01 -2.91485602e-01 -2.94883290e-01 -2.96754625e-01 -3.28396898e-01 -3.60859968e-01 -3.80820606e-01 -3.39787465e-01 -2.82844241e-01 -2.00028962e-01 -1.24740838e-01 -8.37423358e-02 -2.54419245e-01 -3.03608720e-01 2.77270269e-01
2.91000000e+01 7.32714071e-01 3.91826995e-01 2.59127177e-01 3.53778044e-01 3.77884275e-01 3.00554800e-01 2.09459803e-01 1.61176568e-01 9.45963113e-02 4.39748754e-02 1.78837130e-02 6.41271965e-03 -1.11175883e-02 -4.71151079e-03 3.04934678e-02 4.35072317e-02 9.67820225e-02 1.49595596e-01 1.90294538e-01 2.45767493e-01 2.84926364e-01 3.12364452e-01 3.17923350e-01 3.01571931e-01 2.70241032e-01 2.17812837e-01 1.67257937e-01 1.19114656e-01 7.39654990e-02 4.45617716e-02 9.95121791e-03 -2.80410829e-02 -8.15091053e-02 -1.31464177e-01 -1.87209814e-01 -2.28654948e-01 -2.50978288e-01 -2.60344530e-01 -2.46069817e-01 -1.93871766e-01 -1.29745997e-01 -5.30431497e-02 2.54726189e-02 1.01873766e-01 1.79220305e-01 2.49944314e-01 2.86381486e-01 2.92791742e-01 2.78204026e-01 2.48548586e-01 2.00483450e-01 1.45561293e-01 8.90162940e-02 4.04494062e-02 1.00094096e-02 -2.32593093e-02 -5.80606595e-02 -1.03024567e-01 -1.41383645e-01 -1.85872483e-01 -2.35290327e-01 -2.70974169e-01 -3.01451034e-01 -3.13339489e-01 -2.88957941e-01 -2.11779882e-01 -1.25434518e-01 -5.74209369e-02 -2.17677846e-02 -1.08067846e-02 1.78416311e-02 5.72342273e-02 8.06762119e-02 7.89798506e-02 9.09739835e-02 1.01005720e-01 9.32247900e-02 9.59908873e-02 6.23873482e-02 7.82553505e-03 -6.52138615e-02 -1.31267191e-01 -1.85580054e-01 -2.50862587e-01 -2.64094543e-01 -2.75814615e-01 -2.94578532e-01 -2.96309521e-01 -3.00104702e-01 -3.32110508e-01 -3.62922808e-01 -3.81387560e-01 -3.40896738e-01 -2.82745476e-01 -1.99492871e-01 -1.23120059e-01 -8.31543561e-02 -2.55244046e-01 -2.97491689e-01 2.80895945e-01
2.92000000e+01 7.32425963e-01 3.94380243e-01 2.58470245e-01 3.51435506e-01 3.77327004e-01 3.00847797e-01 2.09408911e-01 1.61357054e-01 9.75532043e-02 4.62249366e-02 2.14367519e-02 6.97981411e-03 -9.25476450e-03 -3.80300378e-03 3.03742324e-02 4.28217207e-02 9.48013285e-02 1.46584887e-01 1.86932731e-01 2.42488022e-01 2.81486703e-01 3.10137815e-01 3.16115982e-01 3.00181806e-01 2.68462339e-01 2.16156338e-01 1.66103386e-01 1.19030839e-01 7.46821377e-02 4.55598715e-02 8.87833558e-03 -2.79003384e-02 -8.02278682e-02 -1.29423374e-01 -1.86126456e-01 -2.28422486e-01 -2.51142244e-01 -2.60462625e-01 -2.45500779e-01 -1.91707798e-01 -1.25888116e-01 -4.97744494e-02 2.48887991e-02 9.78166293e-02 1.75906947e-01 2.48277305e-01 2.85956617e-01 2.93067776e-01 2.78321976e-01 2.47261292e-01 1.98818221e-01 1.44105546e-01 8.77584410e-02 4.11937691e-02 1.01119993e-02 -2.42814479e-02 -5.94440426e-02 -1.03271150e-01 -1.41351164e-01 -1.85298966e-01 -2.35315196e-01 -2.70657667e-01 -3.01408103e-01 -3.12218695e-01 -2.85511225e-01 -2.05632010e-01 -1.20012031e-01 -5.58273660e-02 -2.29384992e-02 -1.16315680e-02 1.91715725e-02 5.95518232e-02 8.21390732e-02 8.07610692e-02 9.43098720e-02 1.03548496e-01 9.62770159e-02 9.78667581e-02 6.42525685e-02 9.70509422e-03 -6.59015757e-02 -1.33061655e-01 -1.89702244e-01 -2.55651893e-01 -2.66921141e-01 -2.79172251e-01 -2.97588344e-01 -2.97675436e-01 -3.03517787e-01 -3.35725260e-01 -3.65038701e-01 -3.81638933e-01 -3.41879545e-01 -2.82406218e-01 -1.98898788e-01 -1.21520401e-01 -8.27171619e-02 -2.56285222e-01 -2.91441814e-01 2.84212873e-01
2.93000000e+01 7.31966792e-01 3.96908129e-01 2.57670092e-01 3.48988024e-01 3.76725237e-01 3.01080228e-01 2.09420478e-01 1.61411494e-01 1.00663849e-01 4.85869902e-02 2.51033794e-02 7.69417591e-03 -7.29729881e-03 -2.71510595e-03 3.03229623e-02 4.21823548e-02 9.28903229e-02 1.43644365e-01 1.83529536e-01 2.39205082e-01 2.77930594e-01 3.07761942e-01 3.14137799e-01 2.98658300e-01 2.66529512e-01 2.14510472e-01 1.64949868e-01 1.19018720e-01 7.54808726e-02 4.65759761e-02 7.75580069e-03 -2.78883865e-02 -7.89674946e-02 -1.27420331e-01 -1.84925993e-01 -2.28061341e-01 -2.51195170e-01 -2.60377117e-01 -2.44706839e-01 -1.89447146e-01 -1.21957268e-01 -4.65042518e-02 2.43004426e-02 9.37637529e-02 1.72554617e-01 2.46375762e-01 2.85337709e-01 2.93170784e-01 2.78293910e-01 2.45875277e-01 1.97096246e-01 1.42637652e-01 8.66156850e-02 4.20596396e-02 1.01998275e-02 -2.53406517e-02 -6.08634718e-02 -1.03499072e-01 -1.41337068e-01 -1.84762767e-01 -2.35266064e-01 -2.70271864e-01 -3.01228176e-01 -3.10857695e-01 -2.81753329e-01 -1.99337049e-01 -1.14745244e-01 -5.44595732e-02 -2.43007890e-02 -1.23947724e-02 2.06131081e-02 6.17358440e-02 8.34312119e-02 8.25800076e-02 9.76056045e-02 1.05955238e-01 9.93398702e-02 9.94520646e-02 6.59035264e-02 1.14605272e-02 -6.65773274e-02 -1.34727130e-01 -1.93745888e-01 -2.60113221e-01 -2.69721314e-01 -2.82452785e-01 -3.00514576e-01 -2.98991756e-01 -3.06986393e-01 -3.39239732e-01 -3.67196517e-01 -3.81597195e-01 -3.42722042e-01 -2.81827593e-01 -1.98245704e-01 -1.19936665e-01 -8.24392690e-02 -2.57549368e-01 -2.85452583e-01 2.87219098e-01
2.94000000e+01 7.31328925e-01 3.99415997e-01 2.56724022e-01 3.46446944e-01 3.76073896e-01 3.01263847e-01 2.09486547e-01 1.61357240e-01 1.03902383e-01 5.10784418e-02 2.88493287e-02 8.57922455e-03 -5.25546639e-03 -1.44997458e-03 3.03427747e-02 4.15827837e-02 9.10506928e-02 1.40777771e-01 1.80086653e-01 2.35923800e-01 2.74261920e-01 3.05235708e-01 3.11988405e-01 2.96995630e-01 2.64449103e-01 2.12879150e-01 1.63802184e-01 1.19074844e-01 7.63555461e-02 4.75951153e-02 6.60501279e-03 -2.79991285e-02 -7.77339553e-02 -1.25467396e-01 -1.83609953e-01 -2.27569223e-01 -2.51136083e-01 -2.60082761e-01 -2.43679458e-01 -1.87088674e-01 -1.17974475e-01 -4.32605279e-02 2.37149335e-02 8.97448157e-02 1.69175402e-01 2.44234920e-01 2.84519469e-01 2.93093672e-01 2.78114212e-01 2.44399721e-01 1.95322428e-01 1.41160918e-01 8.55969678e-02 4.30263605e-02 1.02690322e-02 -2.64321928e-02 -6.23050193e-02 -1.03712758e-01 -1.41342644e-01 -1.84271472e-01 -2.35138707e-01 -2.69820713e-01 -3.00905866e-01 -3.09244042e-01 -2.77683113e-01 -1.92917274e-01 -1.09660136e-01 -5.33123883e-02 -2.58302662e-02 -1.30802457e-02 2.21595629e-02 6.37720786e-02 8.45610213e-02 8.44442888e-02 1.00846464e-01 1.08232723e-01 1.02408962e-01 1.00749628e-01 6.73469178e-02 1.30717261e-02 -6.72352544e-02 -1.36266098e-01 -1.97698577e-01 -2.64238835e-01 -2.72505446e-01 -2.85652131e-01 -3.03355493e-01 -3.00270521e-01 -3.10501027e-01 -3.42655255e-01 -3.69379830e-01 -3.81289961e-01 -3.43408299e-01 -2.81012714e-01 -1.97531758e-01 -1.18364167e-01 -8.23298112e-02 -2.59040169e-01 -2.79518836e-01 2.89912770e-01
2.95000000e+01 7.30505073e-01 4.01908059e-01 2.55630743e-01 3.43823629e-01 3.75366904e-01 3.01411565e-01 2.09597100e-01 1.61215361e-01 1.07239675e-01 5.37176915e-02 3.26411972e-02 9.65599939e-03 -3.13684435e-03 -1.20651211e-05 3.04374152e-02 4.10173931e-02 8.92837900e-02 1.37988063e-01 1.76606671e-01 2.32648433e-01 2.70484866e-01 3.02558181e-01 3.09667678e-01 2.95187799e-01 2.62228900e-01 2.11265071e-01 1.62665910e-01 1.19195350e-01 7.72990197e-02 4.86026920e-02 5.44710268e-03 -2.82253046e-02 -7.65334567e-02 -1.23576213e-01 -1.82180830e-01 -2.26943978e-01 -2.50963221e-01 -2.59574885e-01 -2.42411230e-01 -1.84630224e-01 -1.13961441e-01 -4.00707009e-02 2.31396635e-02 8.57893820e-02 1.65780119e-01 2.41851716e-01 2.83496400e-01 2.92829665e-01 2.77777418e-01 2.42843399e-01 1.93501995e-01 1.39679487e-01 8.47099350e-02 4.40722463e-02 1.03166248e-02 -2.75508661e-02 -6.37548402e-02 -1.03917137e-01 -1.41369085e-01 -1.83831513e-01 -2.34929717e-01 -2.69307989e-01 -3.00435474e-01 -3.07365401e-01 -2.73300933e-01 -1.86396210e-01 -1.04781075e-01 -5.23796109e-02 -2.75010651e-02 -1.36729901e-02 2.38016163e-02 6.56476208e-02 8.55389324e-02 8.63601694e-02 1.04016937e-01 1.10389303e-01 1.05477216e-01 1.01764583e-01 6.85898164e-02 1.45188212e-02 -6.78691847e-02 -1.37682710e-01 -2.01546114e-01 -2.68024729e-01 -2.75280820e-01 -2.88767954e-01 -3.06108033e-01 -3.01524977e-01 -3.14050442e-01 -3.45975496e-01 -3.71567625e-01 -3.80749184e-01 -3.43920807e-01 -2.79966530e-01 -1.96754143e-01 -1.16799083e-01 -8.23981697e-02 -2.60758452e-01 -2.73636914e-01 2.92292209e-01
2.96000000e+01 7.29488343e-01 4.04387313e-01 2.54390457e-01 3.41129254e-01 3.74597491e-01 3.01537024e-01 2.09740605e-01 1.61009918e-01 1.10644151e-01 5.65232791e-02 3.64473581e-02 1.09424951e-02 -9.46130413e-04 1.59201538e-03 3.06110383e-02 4.04814633e-02 8.75905839e-02 1.35277408e-01 1.73093101e-01 2.29382326e-01 2.66603911e-01 2.99728635e-01 3.07175744e-01 2.93228738e-01 2.59877778e-01 2.09669832e-01 1.61547229e-01 1.19376027e-01 7.83031837e-02 4.95847746e-02 4.30262105e-03 -2.85585761e-02 -7.53723328e-02 -1.21757586e-01 -1.80642122e-01 -2.26183668e-01 -2.50674016e-01 -2.58849313e-01 -2.40896054e-01 -1.82068755e-01 -1.09940319e-01 -3.69613413e-02 2.25818999e-02 8.19266196e-02 1.62378271e-01 2.39224928e-01 2.82262842e-01 2.92372336e-01 2.77278243e-01 2.41214592e-01 1.91640494e-01 1.38198364e-01 8.39607226e-02 4.51749724e-02 1.03404246e-02 -2.86909657e-02 -6.51994213e-02 -1.04117546e-01 -1.41417456e-01 -1.83448087e-01 -2.34636625e-01 -2.68737175e-01 -2.99810977e-01 -3.05209699e-01 -2.68608781e-01 -1.79798463e-01 -1.00130544e-01 -5.16540538e-02 -2.92860647e-02 -1.41593051e-02 2.55274199e-02 6.73510668e-02 8.63772457e-02 8.83323959e-02 1.07101011e-01 1.12434812e-01 1.08534864e-01 1.02504364e-01 6.96394214e-02 1.57826662e-02 -6.84728973e-02 -1.38982649e-01 -2.05272700e-01 -2.71470599e-01 -2.78051533e-01 -2.91799725e-01 -3.08767844e-01 -3.02769401e-01 -3.17621964e-01 -3.49205951e-01 -3.73735160e-01 -3.80010209e-01 -3.44241060e-01 -2.78695635e-01 -1.95909058e-01 -1.15238770e-01 -8.26535803e-02 -2.62702318e-01 -2.67804732e-01 2.94355952e-01
2.97000000e+01 7.28272294e-01 4.06855517e-01 2.53004918e-01 3.38374616e-01 3.73758500e-01 3.01654136e-01 2.09904635e-01 1.60767142e-01 1.14082730e-01 5.95129991e-02 4.02388213e-02 1.24530989e-02 1.31493057e-03 3.35371948e-03 3.08679794e-02 3.99713177e-02 8.59716183e-02 1.32647165e-01 1.69550384e-01 2.26127894e-01 2.62623814e-01 2.96746533e-01 3.04512958e-01 2.91112454e-01 2.57405518e-01 2.08094045e-01 1.60452735e-01 1.19612374e-01 7.93589866e-02 5.05283576e-02 3.19124043e-03 -2.89896042e-02 -7.42569389e-02 -1.20021354e-01 -1.78998354e-01 -2.25286659e-01 -2.50265076e-01 -2.57902304e-01 -2.39129264e-01 -1.79400514e-01 -1.05933464e-01 -3.39578761e-02 2.20486583e-02 7.81849988e-02 1.58978029e-01 2.36355259e-01 2.80813037e-01 2.91715615e-01 2.76611627e-01 2.39521020e-01 1.89743772e-01 1.36723405e-01 8.33537676e-02 4.63119674e-02 1.03389886e-02 -2.98462785e-02 -6.66258124e-02 -1.04319625e-01 -1.41488674e-01 -1.83125099e-01 -2.34258015e-01 -2.68111360e-01 -2.99026002e-01 -3.02765281e-01 -2.63610410e-01 -1.73149540e-01 -9.57289136e-02 -5.11275847e-02 -3.11571162e-02 -1.45269306e-02 2.73227646e-02 6.88726802e-02 8.70899439e-02 9.03640689e-02 1.10082506e-01 1.14380401e-01 1.11569502e-01 1.02978651e-01 7.05028202e-02 1.68453019e-02 -6.90403943e-02 -1.40172930e-01 -2.08861202e-01 -2.74579692e-01 -2.80818508e-01 -2.94748672e-01 -3.11329399e-01 -3.04018863e-01 -3.21201866e-01 -3.52353355e-01 -3.75854934e-01 -3.79110707e-01 -3.44350207e-01 -2.77208029e-01 -1.94991699e-01 -1.13682052e-01 -8.31047329e-02 -2.64867321e-01 -2.62021810e-01 2.96102796e-01
2.98000000e+01 7.26850962e-01 4.09313180e-01 2.51477432e-01 3.35569973e-01 3.72842703e-01 3.01776609e-01 2.10076518e-01 1.60514526e-01 1.17521805e-01 6.27030178e-02 4.39900185e-02 1.41981487e-02 3.64750882e-03 5.26282540e-03 3.12125271e-02 3.94844524e-02 8.44269777e-02 1.30097903e-01 1.65983855e-01 2.22886639e-01 2.58549607e-01 2.93611509e-01 3.01679908e-01 2.88833185e-01 2.54822592e-01 2.06537499e-01 1.59389228e-01 1.19899675e-01 8.04564865e-02 5.14215872e-02 2.13146948e-03 -2.95081204e-02 -7.31935579e-02 -1.18376265e-01 -1.77255080e-01 -2.24251702e-01 -2.49732181e-01 -2.56730502e-01 -2.37107719e-01 -1.76621244e-01 -1.01963154e-01 -3.10843045e-02 2.15465818e-02 7.45919757e-02 1.55586259e-01 2.33245388e-01 2.79141227e-01 2.90853766e-01 2.75772788e-01 2.37769777e-01 1.87817957e-01 1.35261273e-01 8.28916488e-02 4.74608009e-02 1.03115354e-02 -3.10101008e-02 -6.80218348e-02 -1.04529202e-01 -1.41583498e-01 -1.82865122e-01 -2.33793603e-01 -2.67433126e-01 -2.98073811e-01 -3.00021088e-01 -2.58311440e-01 -1.66475657e-01 -9.15942473e-02 -5.07911650e-02 -3.30852754e-02 -1.47651869e-02 2.91712958e-02 7.02045288e-02 8.76924887e-02 9.24565163e-02 1.12945432e-01 1.16238293e-01 1.14566229e-01 1.03199292e-01 7.11867744e-02 1.76903853e-02 -6.95661749e-02 -1.41261672e-01 -2.12293501e-01 -2.77358563e-01 -2.83579617e-01 -2.97617632e-01 -3.13786198e-01 -3.05288942e-01 -3.24775781e-01 -3.55425057e-01 -3.77897741e-01 -3.78089546e-01 -3.44229743e-01 -2.75512844e-01 -1.93996284e-01 -1.12129463e-01 -8.37593754e-02 -2.67246722e-01 -2.56289240e-01 2.97531812e-01
2.99000000e+01 7.25218888e-01 4.11759605e-01 2.49812827e-01 3.32724904e-01 3.71843104e-01 3.01917474e-01 2.10244020e-01 1.60279884e-01 1.20928253e-01 6.61070255e-02 4.76794832e-02 1.61836262e-02 6.05554162e-03 7.30774687e-03 3.16487055e-02 3.90196412e-02 8.29562656e-02 1.27629416e-01 1.62399681e-01 2.19659178e-01 2.54386594e-01 2.90323335e-01 2.98677428e-01 2.86385560e-01 2.52139933e-01 2.04999305e-01 1.58363497e-01 1.20233059e-01 8.15849240e-02 5.22539522e-02 1.14038173e-03 -3.01029871e-02 -7.21883277e-02 -1.16829851e-01 -1.75418876e-01 -2.23078007e-01 -2.49070300e-01 -2.55330902e-01 -2.34829840e-01 -1.73726412e-01 -9.80513144e-02 -2.83629230e-02 2.10818282e-02 7.11736659e-02 1.52208570e-01 2.29899961e-01 2.77241773e-01 2.89781342e-01 2.74757301e-01 2.35967285e-01 1.85869434e-01 1.33819359e-01 8.25749662e-02 4.85995647e-02 1.02578609e-02 -3.21752775e-02 -6.93762584e-02 -1.04752178e-01 -1.41702520e-01 -1.82669382e-01 -2.33244291e-01 -2.66704445e-01 -2.96947283e-01 -2.96966842e-01 -2.52719414e-01 -1.59803532e-01 -8.77421527e-02 -5.06348854e-02 -3.50410391e-02 -1.48651066e-02 3.10547673e-02 7.13405982e-02 8.82016012e-02 9.46091786e-02 1.15674354e-01 1.18021466e-01 1.17507874e-01 1.03180193e-01 7.16975337e-02 1.83035729e-02 -7.00455007e-02 -1.42257828e-01 -2.15550908e-01 -2.79816738e-01 -2.86329887e-01 -3.00410811e-01 -3.16131023e-01 -3.06595390e-01 -3.28329143e-01 -3.58428355e-01 -3.79833765e-01 -3.76985611e-01 -3.43862216e-01 -2.73620056e-01 -1.92916136e-01 -1.10583431e-01 -8.46239401e-02 -2.69831768e-01 -2.50609601e-01 2.98642353e-01
3.00000000e+01 7.23371123e-01 4.14192956e-01 2.48017371e-01 3.29848212e-01 3.70753225e-01 3.02088626e-01 2.10396009e-01 1.60090398e-01 1.24270442e-01 6.97354565e-02 5.12904050e-02 1.84109948e-02 8.54548099e-03 9.47587504e-03 3.21800751e-02 3.85770044e-02 8.15586018e-02 1.25240760e-01 1.58804777e-01 2.16445307e-01 2.50140332e-01 2.86881896e-01 2.95506600e-01 2.83764767e-01 2.49368686e-01 2.03478053e-01 1.57382125e-01 1.20607566e-01 8.27328195e-02 5.30164369e-02 2.33363422e-04 -3.07622510e-02 -7.12471930e-02 -1.15388321e-01 -1.73497295e-01 -2.21765309e-01 -2.48273615e-01 -2.53700847e-01 -2.32295592e-01 -1.70711463e-01 -9.42192507e-02 -2.58140603e-02 2.06599679e-02 6.79545155e-02 1.48849413e-01 2.26325537e-01 2.75109303e-01 2.88493126e-01 2.73561176e-01 2.34119265e-01 1.83904815e-01 1.32405661e-01 8.24022641e-02 4.97072434e-02 1.01782421e-02 -3.33342628e-02 -7.06789481e-02 -1.04994400e-01 -1.41846171e-01 -1.82537762e-01 -2.32612193e-01 -2.65926582e-01 -2.95638908e-01 -2.93593239e-01 -2.46843836e-01 -1.53160186e-01 -8.41856685e-02 -5.06479971e-02 -3.69945880e-02 -1.48195530e-02 3.29533283e-02 7.22768914e-02 8.86350201e-02 9.68195122e-02 1.18254775e-01 1.19743273e-01 1.20375313e-01 1.02937169e-01 7.20406808e-02 1.86728502e-02 -7.04746443e-02 -1.43170892e-01 -2.18614622e-01 -2.81966298e-01 -2.89061807e-01 -3.03133472e-01 -3.18356264e-01 -3.07953770e-01 -3.31847629e-01 -3.61369849e-01 -3.81633677e-01 -3.75836631e-01 -3.43231924e-01 -2.71540175e-01 -1.91743801e-01 -1.09048396e-01 -8.57032025e-02 -2.72612016e-01 -2.44986830e-01 2.99434043e-01
