# time site_0 site_1 site_2 site_3 site_4 site_5 site_6 site_7 site_8 site_9 site_10 site_11 site_12 site_13 site_14 site_15 site_16 site_17 site_18 site_19 site_20 site_21 site_22 site_23 site_24 site_25 site_26 site_27 site_28 site_29 site_30 site_31 site_32 site_33 site_34 site_35 site_36 site_37 site_38 site_39 site_40 site_41 site_42 site_43 site_44 site_45 site_46 site_47 site_48 site_49 site_50 site_51 site_52 site_53 site_54 site_55 site_56 site_57 site_58 site_59 site_60 site_61 site_62 site_63 site_64 site_65 site_66 site_67 site_68 site_69 site_70 site_71 site_72 site_73 site_74 site_75 site_76 site_77 site_78 site_79 site_80 site_81 site_82 site_83 site_84 site_85 site_86 site_87 site_88 site_89 site_90 site_91 site_92 site_93 site_94 site_95 site_96 site_97 site_98 site_99
0.00000000e+00 -6.03945905e-01 -4.53188328e-01 -3.15822986e-01 -2.01084067e-01 -1.14022068e-01 -5.47990531e-02 -1.91516141e-02 1.19426910e-06 1.03974939e-02 1.84757238e-02 2.82336464e-02 4.11165806e-02 5.66091007e-02 7.34131243e-02 9.03627258e-02 1.06958979e-01 1.23466752e-01 1.40468053e-01 1.58297138e-01 1.76750473e-01 1.94990919e-01 2.11407079e-01 2.24105133e-01 2.30872766e-01 2.29532990e-01 2.18263586e-01 1.96246685e-01 1.64026516e-01 1.23656996e-01 7.81038516e-02 3.03827147e-02 -1.74792973e-02 -6.51113984e-02 -1.13270459e-01 -1.63044179e-01 -2.14241681e-01 -2.64869516e-01 -3.11189546e-01 -3.48766033e-01 -3.74183593e-01 -3.86332616e-01 -3.86655095e-01 -3.78705706e-01 -3.66796705e-01 -3.54707082e-01 -3.44697479e-01 -3.37348916e-01 -3.31709111e-01 -3.25914698e-01 -3.17811773e-01 -3.05519543e-01 -2.88025394e-01 -2.65602569e-01 -2.40084171e-01 -2.14398729e-01 -1.92113396e-01 -1.76398731e-01 -1.69081752e-01 -1.70030874e-01 -1.77414746e-01 -1.88017512e-01 -1.98471602e-01 -2.05875731e-01 -2.08858870e-01 -2.07338503e-01 -2.02312754e-01 -1.95198044e-01 -1.86639130e-01 -1.76522991e-01 -1.63823640e-01 -1.47436969e-01 -1.27034607e-01 -1.03613481e-01 -7.93549351e-02 -5.68986348e-02 -3.80954398e-02 -2.34953961e-02 -1.22659489e-02 -2.68540191e-03 6.59016111e-03 1.57578363e-02 2.34812853e-02 2.73055282e-02 2.47922467e-02 1.49394202e-02 -9.62951778e-04 -1.91348847e-02 -3.44170508e-02 -4.21630155e-02 -4.04957036e-02 -3.21887372e-02 -2.50653295e-02 -3.06741120e-02 -6.19134912e-02 -1.29567049e-01 -2.39629341e-01 -3.91401237e-01 -5.77590183e-01 -7.85571186e-01 -1.00000000e+00
1.00000000e-01 -6.03997116e-01 -4.52710305e-01 -3.15855235e-01 -2.01163487e-01 -1.14117806e-01 -5.48852034e-02 -1.92130699e-02 -3.16112049e-05 1.03887919e-02 1.84819973e-02 2.82453176e-02 4.11262833e-02 5.66138945e-02 7.34135147e-02 9.03612169e-02 1.06958422e-01 1.23468309e-01 1.40470783e-01 1.58299056e-01 1.76749315e-01 1.94983959e-01 2.11393479e-01 2.24083838e-01 2.30843856e-01 2.29497426e-01 2.18224546e-01 1.96208767e-01 1.63995304e-01 1.23636357e-01 7.80946263e-02 3.03816895e-02 -1.74781370e-02 -6.51122000e-02 -1.13274345e-01 -1.63046328e-01 -2.14235830e-01 -2.64850383e-01 -3.11156171e-01 -3.48723081e-01 -3.74138997e-01 -3.86293964e-01 -3.86628378e-01 -3.78692880e-01 -3.66796078e-01 -3.54713872e-01 -3.44706278e-01 -3.37354583e-01 -3.31708520e-01 -3.25906759e-01 -3.17797226e-01 -3.05501155e-01 -2.88007457e-01 -2.65590669e-01 -2.40082505e-01 -2.14410080e-01 -1.92136647e-01 -1.76429055e-01 -1.69111824e-01 -1.70054294e-01 -1.77426357e-01 -1.88016843e-01 -1.98460447e-01 -2.05859731e-01 -2.08842636e-01 -2.07325876e-01 -2.02305226e-01 -1.95192781e-01 -1.86633400e-01 -1.76513417e-01 -1.63809884e-01 -1.47421842e-01 -1.27023034e-01 -1.03609978e-01 -7.93613472e-02 -5.69120974e-02 -3.81110777e-02 -2.35079843e-02 -1.22721179e-02 -2.68654550e-03 6.58974948e-03 1.57524135e-02 2.34666692e-02 2.72817781e-02 2.47647364e-02 1.49167410e-02 -9.71452270e-04 -1.91240305e-02 -3.43888050e-02 -4.21277628e-02 -4.04708406e-02 -3.21931774e-02 -2.51129994e-02 -3.07696648e-02 -6.20462818e-02 -1.29709153e-01 -2.39731681e-01 -3.91395802e-01 -5.77211452e-01 -7.85996957e-01 -9.99464602e-01
2.00000000e-01 -6.04146635e-01 -4.51284510e-01 -3.15948106e-01 -2.01401643e-01 -1.14404774e-01 -5.51435137e-02 -1.93973995e-02 -1.30064760e-04 1.03626100e-02 1.85007378e-02 2.82802697e-02 4.11553666e-02 5.66282804e-02 7.34147067e-02 9.03567141e-02 1.06956760e-01 1.23472973e-01 1.40478959e-01 1.58304791e-01 1.76745817e-01 1.94963070e-01 2.11352673e-01 2.24019952e-01 2.30757131e-01 2.29390757e-01 2.18107462e-01 1.96095060e-01 1.63901703e-01 1.23574450e-01 7.80669257e-02 3.03785644e-02 -1.74746903e-02 -6.51146138e-02 -1.13285961e-01 -1.63052723e-01 -2.14218235e-01 -2.64792985e-01 -3.11056090e-01 -3.48594288e-01 -3.74005265e-01 -3.86178051e-01 -3.86548238e-01 -3.78654390e-01 -3.66794160e-01 -3.54734199e-01 -3.44732635e-01 -3.37371558e-01 -3.31706737e-01 -3.25882948e-01 -3.17753606e-01 -3.05446024e-01 -2.87953691e-01 -2.65555006e-01 -2.40077533e-01 -2.14444126e-01 -1.92206357e-01 -1.76519967e-01 -1.69201986e-01 -1.70124510e-01 -1.77461189e-01 -1.88014849e-01 -1.98427030e-01 -2.05811771e-01 -2.08793964e-01 -2.07288006e-01 -2.02282618e-01 -1.95176969e-01 -1.86616182e-01 -1.76484692e-01 -1.63768639e-01 -1.47376502e-01 -1.26988354e-01 -1.03599485e-01 -7.93805600e-02 -5.69524446e-02 -3.81579478e-02 -2.35457205e-02 -1.22906364e-02 -2.69001197e-03 6.58846675e-03 1.57361104e-02 2.34228215e-02 2.72105725e-02 2.46822771e-02 1.48487811e-02 -9.96910590e-04 -1.90914845e-02 -3.43041539e-02 -4.20221495e-02 -4.03964090e-02 -3.22066140e-02 -2.52560465e-02 -3.10562270e-02 -6.24443915e-02 -1.30135005e-01 -2.40038310e-01 -3.91376384e-01 -5.76087411e-01 -7.87259160e-01 -9.97865290e-01
3.00000000e-01 -6.04382209e-01 -4.48935579e-01 -3.16090109e-01 -2.01798194e-01 -1.14882249e-01 -5.55735618e-02 -1.97044888e-02 -2.94277460e-04 1.03187209e-02 1.85317058e-02 2.83383187e-02 4.12037568e-02 5.66522710e-02 7.34167627e-02 9.03492885e-02 1.06954022e-01 1.23480720e-01 1.40492531e-01 1.58314287e-01 1.76739914e-01 1.94928237e-01 2.11284635e-01 2.23913476e-01 2.30612612e-01 2.29213055e-01 2.17912443e-01 1.95905701e-01 1.63745815e-01 1.23471304e-01 7.80206763e-02 3.03731910e-02 -1.74690597e-02 -6.51186671e-02 -1.13305187e-01 -1.63063216e-01 -2.14188781e-01 -2.64697315e-01 -3.10889428e-01 -3.48379843e-01 -3.73782561e-01 -3.85985003e-01 -3.86414717e-01 -3.78590197e-01 -3.66790843e-01 -3.54767940e-01 -3.44776427e-01 -3.37399767e-01 -3.31703736e-01 -3.25843279e-01 -3.17680977e-01 -3.05354251e-01 -2.87864234e-01 -2.65495685e-01 -2.40069328e-01 -2.14500843e-01 -1.92322411e-01 -1.76671283e-01 -1.69352077e-01 -1.70241395e-01 -1.77519230e-01 -1.88011577e-01 -1.98371491e-01 -2.05731963e-01 -2.08712947e-01 -2.07224931e-01 -2.02244862e-01 -1.95150541e-01 -1.86587393e-01 -1.76436807e-01 -1.63699974e-01 -1.47301071e-01 -1.26930680e-01 -1.03582050e-01 -7.94125036e-02 -5.70195543e-02 -3.82359192e-02 -2.36085202e-02 -1.23215392e-02 -2.69590833e-03 6.58616961e-03 1.57088228e-02 2.33497437e-02 2.70920453e-02 2.45450832e-02 1.47357743e-02 -1.03919750e-03 -1.90372965e-02 -3.41633573e-02 -4.18466093e-02 -4.02728804e-02 -3.22293952e-02 -2.54945828e-02 -3.15335095e-02 -6.31070330e-02 -1.30843233e-01 -2.40548028e-01 -3.91333821e-01 -5.74254124e-01 -7.89312863e-01 -9.95222551e-01
4.00000000e-01 -6.04683701e-01 -4.45703957e-01 -3.16262533e-01 -2.02352451e-01 -1.15549032e-01 -5.61746445e-02 -2.01341467e-02 -5.24433303e-04 1.02567467e-02 1.85745026e-02 2.84191586e-02 4.12713306e-02 5.66858872e-02 7.34197864e-02 9.03390581e-02 1.06950256e-01 1.23491511e-01 1.40511415e-01 1.58327454e-01 1.76731497e-01 1.94879426e-01 2.11189325e-01 2.23764415e-01 2.30410332e-01 2.28964439e-01 2.17639668e-01 1.95640920e-01 1.63527812e-01 1.23326969e-01 7.79557558e-02 3.03653233e-02 -1.74614160e-02 -6.51244046e-02 -1.13331822e-01 -1.63077555e-01 -2.14147272e-01 -2.64563369e-01 -3.10656395e-01 -3.48080059e-01 -3.73471160e-01 -3.85715033e-01 -3.86227882e-01 -3.78500240e-01 -3.66785945e-01 -3.54814883e-01 -3.44837452e-01 -3.37439084e-01 -3.31699472e-01 -3.25787778e-01 -3.17579444e-01 -3.05226004e-01 -2.87739310e-01 -2.65412882e-01 -2.40058013e-01 -2.14580193e-01 -1.92484611e-01 -1.76882700e-01 -1.69561832e-01 -1.70404735e-01 -1.77600461e-01 -1.88007104e-01 -1.98294060e-01 -2.05620493e-01 -2.08599741e-01 -2.07136710e-01 -2.02191842e-01 -1.95113385e-01 -1.86546894e-01 -1.76369747e-01 -1.63604004e-01 -1.47195751e-01 -1.26850201e-01 -1.03557751e-01 -7.94570615e-02 -5.71132237e-02 -3.83447745e-02 -2.36962429e-02 -1.23648833e-02 -2.70441253e-03 6.58261995e-03 1.56703778e-02 2.32474388e-02 2.69264191e-02 2.43535117e-02 1.45781083e-02 -1.09809831e-03 -1.89615498e-02 -3.39668475e-02 -4.16018638e-02 -4.01010396e-02 -3.22620998e-02 -2.58287933e-02 -3.22010292e-02 -6.40328936e-02 -1.31831563e-01 -2.41258726e-01 -3.91253417e-01 -5.71770432e-01 -7.92084507e-01 -9.91569994e-01
5.00000000e-01 -6.05023516e-01 -4.41644983e-01 -3.16440093e-01 -2.03063209e-01 -1.16403463e-01 -5.69457772e-02 -2.06861040e-02 -8.20787552e-04 1.01761607e-02 1.86285715e-02 2.85223621e-02 4.13579151e-02 5.67291577e-02 7.34239219e-02 9.03261872e-02 1.06945527e-01 1.23505293e-01 1.40535499e-01 1.58344162e-01 1.76720413e-01 1.94816594e-01 2.11066686e-01 2.23572770e-01 2.30150338e-01 2.28645077e-01 2.17289391e-01 1.95301037e-01 1.63247931e-01 1.23141510e-01 7.78719933e-02 3.03546194e-02 -1.74519973e-02 -6.51318877e-02 -1.13365589e-01 -1.63095393e-01 -2.14093437e-01 -2.64391136e-01 -3.10357283e-01 -3.47695375e-01 -3.73071448e-01 -3.85368435e-01 -3.85987825e-01 -3.78384433e-01 -3.66779215e-01 -3.54874738e-01 -3.44915427e-01 -3.37489335e-01 -3.31693881e-01 -3.25716481e-01 -3.17449156e-01 -3.05061517e-01 -2.87579235e-01 -2.65306845e-01 -2.40043760e-01 -2.14682120e-01 -1.92692683e-01 -1.77153794e-01 -1.69830875e-01 -1.70614235e-01 -1.77704857e-01 -1.88001536e-01 -1.98195058e-01 -2.05477625e-01 -2.08454561e-01 -2.07023426e-01 -2.02123398e-01 -1.95065345e-01 -1.86494495e-01 -1.76283489e-01 -1.63480889e-01 -1.47060827e-01 -1.26747182e-01 -1.03526698e-01 -7.95140726e-02 -5.72331697e-02 -3.84842103e-02 -2.38086938e-02 -1.24207481e-02 -2.71577301e-03 6.57748596e-03 1.56205347e-02 2.31159115e-02 2.67140045e-02 2.41080609e-02 1.43763240e-02 -1.17331401e-03 -1.88643616e-02 -3.37152290e-02 -4.12889204e-02 -3.98819818e-02 -3.23055360e-02 -2.62589332e-02 -3.30581074e-02 -6.52201344e-02 -1.33096835e-01 -2.42167247e-01 -3.91115784e-01 -5.68716079e-01 -7.95473859e-01 -9.86953569e-01
6.00000000e-01 -6.05367183e-01 -4.36827653e-01 -3.16591804e-01 -2.03928526e-01 -1.17443444e-01 -5.78856945e-02 -2.13600113e-02 -1.18366441e-03 1.00762893e-02 1.86931993e-02 2.86473813e-02 4.14632871e-02 5.67821179e-02 7.34293532e-02 9.03108851e-02 1.06939920e-01 1.23521998e-01 1.40564635e-01 1.58364245e-01 1.76706470e-01 1.94739682e-01 2.10916648e-01 2.23338547e-01 2.29832692e-01 2.28255183e-01 2.16861935e-01 1.94886460e-01 1.62906478e-01 1.22915014e-01 7.77691704e-02 3.03406438e-02 -1.74411090e-02 -6.51411924e-02 -1.13406135e-01 -1.63116285e-01 -2.14026932e-01 -2.64180605e-01 -3.09992464e-01 -3.47226350e-01 -3.72583919e-01 -3.84945589e-01 -3.85694669e-01 -3.78242663e-01 -3.66770330e-01 -3.54947130e-01 -3.45009990e-01 -3.37550296e-01 -3.31686882e-01 -3.25629435e-01 -3.17290302e-01 -3.04861092e-01 -2.87384413e-01 -2.65177892e-01 -2.40026786e-01 -2.14806555e-01 -1.92946276e-01 -1.77484023e-01 -1.70158728e-01 -1.70869515e-01 -1.77832379e-01 -1.87995016e-01 -1.98074896e-01 -2.05303696e-01 -2.08277685e-01 -2.06885184e-01 -2.02039331e-01 -1.95006217e-01 -1.86429950e-01 -1.76178008e-01 -1.63330834e-01 -1.46896659e-01 -1.26621959e-01 -1.03489029e-01 -7.95833317e-02 -5.73790297e-02 -3.86538386e-02 -2.39456247e-02 -1.24892337e-02 -2.73030787e-03 6.57034364e-03 1.55589862e-02 2.29551686e-02 2.64551992e-02 2.38093694e-02 1.41311122e-02 -1.26446278e-03 -1.87458836e-02 -3.34092776e-02 -4.09090697e-02 -3.96171094e-02 -3.23607388e-02 -2.67853247e-02 -3.41038673e-02 -6.66663885e-02 -1.34635026e-01 -2.43269189e-01 -3.90897961e-01 -5.65189184e-01 -7.99356666e-01 -9.81430493e-01
7.00000000e-01 -6.05674076e-01 -4.31333073e-01 -3.16682062e-01 -2.04945451e-01 -1.18666445e-01 -5.89928512e-02 -2.21554365e-02 -1.61345406e-03 9.95631450e-03 1.87675176e-02 2.87935499e-02 4.15871725e-02 5.68448090e-02 7.34363031e-02 9.02934052e-02 1.06933538e-01 1.23541543e-01 1.40598644e-01 1.58387501e-01 1.76689434e-01 1.94648615e-01 2.10739125e-01 2.23061750e-01 2.29457472e-01 2.27795018e-01 2.16357697e-01 1.94397686e-01 1.62503823e-01 1.22647584e-01 7.76470212e-02 3.03228707e-02 -1.74291223e-02 -6.51524083e-02 -1.13453034e-01 -1.63139689e-01 -2.13947336e-01 -2.63931761e-01 -3.09562392e-01 -3.46673665e-01 -3.72009177e-01 -3.84446954e-01 -3.85348562e-01 -3.78074795e-01 -3.66758897e-01 -3.55031602e-01 -3.45120700e-01 -3.37621691e-01 -3.31678376e-01 -3.25526697e-01 -3.17103113e-01 -3.04625099e-01 -2.87155334e-01 -2.65026410e-01 -2.40007354e-01 -2.14953413e-01 -1.93244960e-01 -1.77872729e-01 -1.70544803e-01 -1.71170118e-01 -1.77982982e-01 -1.87987714e-01 -1.97934066e-01 -2.05099120e-01 -2.08069450e-01 -2.06722110e-01 -2.01939401e-01 -1.94935754e-01 -1.86352969e-01 -1.76053269e-01 -1.63154089e-01 -1.46703687e-01 -1.26474941e-01 -1.03444912e-01 -7.96645912e-02 -5.75503632e-02 -3.88531880e-02 -2.41067360e-02 -1.25704603e-02 -2.74840396e-03 6.56067876e-03 1.54853604e-02 2.27652201e-02 2.61504864e-02 2.34582144e-02 1.38433108e-02 -1.37108198e-03 -1.86063030e-02 -3.30499400e-02 -4.04638819e-02 -3.93081280e-02 -3.24289669e-02 -2.74083527e-02 -3.53372306e-02 -6.83687609e-02 -1.36441272e-01 -2.44558694e-01 -3.90574784e-01 -5.61303122e-01 -8.03587951e-01 -9.75067925e-01
8.00000000e-01 -6.05898269e-01 -4.25252649e-01 -3.16671888e-01 -2.06109732e-01 -1.20069530e-01 -6.02654234e-02 -2.30718622e-02 -2.11060899e-03 9.81527790e-03 1.88505057e-02 2.89600843e-02 4.17292459e-02 5.69172770e-02 7.34450316e-02 9.02740428e-02 1.06926503e-01 1.23563833e-01 1.40637318e-01 1.58413689e-01 1.76669034e-01 1.94543300e-01 2.10534018e-01 2.22742383e-01 2.29024773e-01 2.27264889e-01 2.15777143e-01 1.93835296e-01 1.62040400e-01 1.22339338e-01 7.75052339e-02 3.03006876e-02 -1.74164734e-02 -6.51656364e-02 -1.13505794e-01 -1.63164971e-01 -2.13854163e-01 -2.63644590e-01 -3.09067595e-01 -3.46038116e-01 -3.71347935e-01 -3.83873070e-01 -3.84949679e-01 -3.77880667e-01 -3.66744460e-01 -3.55127615e-01 -3.45247041e-01 -3.37703197e-01 -3.31668244e-01 -3.25408334e-01 -3.16887862e-01 -3.04353972e-01 -2.86892571e-01 -2.64852858e-01 -2.39985768e-01 -2.15122591e-01 -1.93588233e-01 -1.78319142e-01 -1.70988411e-01 -1.71515509e-01 -1.78156603e-01 -1.87979839e-01 -1.97773144e-01 -2.04864386e-01 -2.07830249e-01 -2.06534349e-01 -2.01823332e-01 -1.94853661e-01 -1.86263211e-01 -1.75909234e-01 -1.62950946e-01 -1.46482423e-01 -1.26306607e-01 -1.03394539e-01 -7.97575634e-02 -5.77466526e-02 -3.90817058e-02 -2.42916789e-02 -1.26645665e-02 -2.77051558e-03 6.54788923e-03 1.53992225e-02 2.25460794e-02 2.58004335e-02 2.30555096e-02 1.35139009e-02 -1.49263053e-03 -1.84458429e-02 -3.26383316e-02 -3.99552026e-02 -3.89570413e-02 -3.25116991e-02 -2.81284586e-02 -3.67569138e-02 -7.03238275e-02 -1.38509892e-01 -2.46028212e-01 -3.90120436e-01 -5.57182917e-01 -8.08005844e-01 -9.67941404e-01
9.00000000e-01 -6.05989492e-01 -4.18686064e-01 -3.16520310e-01 -2.07415503e-01 -1.21649358e-01 -6.17013107e-02 -2.41086823e-02 -2.67563980e-03 9.65208404e-03 1.89409927e-02 2.91460854e-02 4.18891296e-02 5.69995714e-02 7.34558345e-02 9.02531339e-02 1.06918954e-01 1.23588762e-01 1.40680418e-01 1.58442534e-01 1.76644961e-01 1.94423627e-01 2.10301216e-01 2.22380453e-01 2.28534705e-01 2.26665151e-01 2.15120814e-01 1.93199956e-01 1.61516708e-01 1.21990410e-01 7.73434515e-02 3.02733991e-02 -1.74036621e-02 -6.51809865e-02 -1.13563854e-01 -1.63191405e-01 -2.13746854e-01 -2.63319074e-01 -3.08508675e-01 -3.45320617e-01 -3.70601015e-01 -3.83224559e-01 -3.84498224e-01 -3.77660094e-01 -3.66726491e-01 -3.55234550e-01 -3.45388419e-01 -3.37794439e-01 -3.31656349e-01 -3.25274426e-01 -3.16644864e-01 -3.04048216e-01 -2.86596780e-01 -2.64657762e-01 -2.39962375e-01 -2.15313974e-01 -1.93975515e-01 -1.78822381e-01 -1.71488753e-01 -1.71905079e-01 -1.78353167e-01 -1.87971630e-01 -1.97592782e-01 -2.04600056e-01 -2.07560535e-01 -2.06322065e-01 -2.01690815e-01 -1.94759596e-01 -1.86160293e-01 -1.75745860e-01 -1.62721741e-01 -1.46233457e-01 -1.26117504e-01 -1.03338129e-01 -7.98619224e-02 -5.79673056e-02 -3.93387597e-02 -2.45000580e-02 -1.27717080e-02 -2.79716308e-03 6.53128783e-03 1.53000779e-02 2.22977647e-02 2.54056903e-02 2.26023028e-02 1.31440023e-02 -1.62849180e-03 -1.82647641e-02 -3.21757362e-02 -3.93851479e-02 -3.85661447e-02 -3.26106294e-02 -2.89461348e-02 -3.83614239e-02 -7.25276353e-02 -1.40834403e-01 -2.47668289e-01 -3.89510112e-01 -5.52961254e-01 -8.12435864e-01 -9.60133120e-01
1.00000000e+00 -6.05894182e-01 -4.11739077e-01 -3.16185821e-01 -2.08854985e-01 -1.23402189e-01 -6.32981393e-02 -2.52651982e-02 -3.30911023e-03 9.46550517e-03 1.90376608e-02 2.93505414e-02 4.20663929e-02 5.70917431e-02 7.34690417e-02 9.02310526e-02 1.06911047e-01 1.23616211e-01 1.40727675e-01 1.58473720e-01 1.76616873e-01 1.94289463e-01 2.10040595e-01 2.21975964e-01 2.27987399e-01 2.25996204e-01 2.14389319e-01 1.92492412e-01 1.60933305e-01 1.21600949e-01 7.71612731e-02 3.02402326e-02 -1.73912496e-02 -6.51985753e-02 -1.13626598e-01 -1.63218180e-01 -2.13624789e-01 -2.62955195e-01 -3.07886308e-01 -3.44522190e-01 -3.69769349e-01 -3.82502116e-01 -3.83994430e-01 -3.77412866e-01 -3.66704405e-01 -3.55351708e-01 -3.45544167e-01 -3.37894995e-01 -3.31642537e-01 -3.25125062e-01 -3.16374471e-01 -3.03708399e-01 -2.86268698e-01 -2.64441722e-01 -2.39937558e-01 -2.15527428e-01 -1.94406156e-01 -1.79381459e-01 -1.72044931e-01 -1.72338147e-01 -1.78572582e-01 -1.87963364e-01 -1.97393706e-01 -2.04306772e-01 -2.07260816e-01 -2.06085437e-01 -2.01541514e-01 -1.94653174e-01 -1.86043791e-01 -1.75563096e-01 -1.62466851e-01 -1.45957444e-01 -1.25908242e-01 -1.03275922e-01 -7.99773064e-02 -5.82116566e-02 -3.96236404e-02 -2.47314338e-02 -1.28920559e-02 -2.82893109e-03 6.51010538e-03 1.51873743e-02 2.20202998e-02 2.49669867e-02 2.20997730e-02 1.27348687e-02 -1.77797687e-03 -1.80633657e-02 -3.16636034e-02 -3.87560985e-02 -3.81380192e-02 -3.27276621e-02 -2.98619169e-02 -4.01490529e-02 -7.49757038e-02 -1.43407532e-01 -2.49467377e-01 -3.88721744e-01 -5.48774240e-01 -8.16695514e-01 -9.51730029e-01
1.10000000e+00 -6.05556592e-01 -4.04521206e-01 -3.15627889e-01 -2.10418205e-01 -1.25323867e-01 -6.50532653e-02 -2.65406150e-02 -4.01163173e-03 9.25418625e-03 1.91390487e-02 2.95723296e-02 4.22605513e-02 5.71938433e-02 7.34850150e-02 9.02082094e-02 1.06902954e-01 1.23646052e-01 1.40778791e-01 1.58506897e-01 1.76584394e-01 1.94140655e-01 2.09752023e-01 2.21528921e-01 2.27383007e-01 2.25258492e-01 2.13583338e-01 1.91713488e-01 1.60290807e-01 1.21171116e-01 7.69582556e-02 3.02003423e-02 -1.73798572e-02 -6.52185236e-02 -1.13693351e-01 -1.63244396e-01 -2.13487286e-01 -2.62552933e-01 -3.07201235e-01 -3.43643967e-01 -3.68853974e-01 -3.81706516e-01 -3.83438557e-01 -3.77138751e-01 -3.66677549e-01 -3.55478313e-01 -3.45713549e-01 -3.38004391e-01 -3.31626631e-01 -3.24960343e-01 -3.16077080e-01 -3.03335156e-01 -2.85909138e-01 -2.64205401e-01 -2.39911736e-01 -2.15762807e-01 -1.94879434e-01 -1.79995286e-01 -1.72655943e-01 -1.72813963e-01 -1.78814738e-01 -1.87955353e-01 -1.97176708e-01 -2.03985246e-01 -2.06931653e-01 -2.05824661e-01 -2.01375067e-01 -1.94533960e-01 -1.85913244e-01 -1.75360891e-01 -1.62186693e-01 -1.45655111e-01 -1.25679496e-01 -1.03208183e-01 -8.01033206e-02 -5.84789695e-02 -3.99355646e-02 -2.49853257e-02 -1.30257953e-02 -2.86646652e-03 6.48349424e-03 1.50605050e-02 2.17137152e-02 2.44851310e-02 2.15492272e-02 1.22878819e-02 -1.94032824e-03 -1.78419869e-02 -3.11035472e-02 -3.80706936e-02 -3.76755231e-02 -3.28649050e-02 -3.08763759e-02 -4.21178725e-02 -7.76630261e-02 -1.46221217e-01 -2.51411699e-01 -3.87737687e-01 -5.44757037e-01 -8.20599085e-01 -9.42821881e-01
1.20000000e+00 -6.04919945e-01 -3.97143355e-01 -3.14808451e-01 -2.12092760e-01 -1.27409803e-01 -6.69637791e-02 -2.79340370e-02 -4.78385733e-03 9.01665064e-03 1.92435556e-02 2.98102193e-02 4.24710653e-02 5.73059210e-02 7.35041458e-02 9.01850480e-02 1.06894865e-01 1.23678147e-01 1.40833444e-01 1.58541678e-01 1.76547120e-01 1.93977022e-01 2.09435356e-01 2.21039331e-01 2.26721699e-01 2.24452507e-01 2.12703620e-01 1.90864083e-01 1.59589889e-01 1.20701081e-01 7.67339153e-02 3.01528156e-02 -1.73701629e-02 -6.52409539e-02 -1.13763390e-01 -1.63269077e-01 -2.13333606e-01 -2.62112269e-01 -3.06454264e-01 -3.42687181e-01 -3.67856034e-01 -3.80838604e-01 -3.82830892e-01 -3.76837492e-01 -3.66645217e-01 -3.55613508e-01 -3.45895754e-01 -3.38122107e-01 -3.31608438e-01 -3.24780382e-01 -3.15753124e-01 -3.02929189e-01 -2.85518987e-01 -2.63949533e-01 -2.39885360e-01 -2.16019947e-01 -1.95394556e-01 -1.80662671e-01 -1.73320683e-01 -1.73331713e-01 -1.79079503e-01 -1.87947947e-01 -1.96942646e-01 -2.03636268e-01 -2.06573660e-01 -2.05539943e-01 -2.01191091e-01 -1.94401474e-01 -1.85768158e-01 -1.75139186e-01 -1.61881723e-01 -1.45327247e-01 -1.25432000e-01 -1.03135190e-01 -8.02395396e-02 -5.87684400e-02 -4.02736778e-02 -2.52612156e-02 -1.31731227e-02 -2.91047624e-03 6.45053215e-03 1.49188128e-02 2.13780495e-02 2.39610068e-02 2.09520968e-02 1.18045455e-02 -2.11472402e-03 -1.76010084e-02 -3.04973434e-02 -3.73318239e-02 -3.71817838e-02 -3.30246628e-02 -3.19901089e-02 -4.42657278e-02 -8.05840727e-02 -1.49266596e-01 -2.53485186e-01 -3.86546323e-01 -5.41039513e-01 -8.23962527e-01 -9.33499206e-01
1.30000000e+00 -6.03927599e-01 -3.89715435e-01 -3.13693364e-01 -2.13863640e-01 -1.29654924e-01 -6.90265099e-02 -2.94444631e-02 -5.62647496e-03 8.75130625e-03 1.93494455e-02 3.00628745e-02 4.26973400e-02 5.74280210e-02 7.35268527e-02 9.01620433e-02 1.06886986e-01 1.23712351e-01 1.40891282e-01 1.58577638e-01 1.76504615e-01 1.93798361e-01 2.09090443e-01 2.20507198e-01 2.26003671e-01 2.23578783e-01 2.11750986e-01 1.89945168e-01 1.58831277e-01 1.20191028e-01 7.64877295e-02 3.00966786e-02 -1.73628992e-02 -6.52659879e-02 -1.13835947e-01 -1.63291168e-01 -2.13162955e-01 -2.61633184e-01 -3.05646263e-01 -3.41653166e-01 -3.66776777e-01 -3.79899301e-01 -3.82171753e-01 -3.76508810e-01 -3.66606642e-01 -3.55756364e-01 -3.46089907e-01 -3.38247571e-01 -3.31587743e-01 -3.24585304e-01 -3.15403078e-01 -3.02491266e-01 -2.85099205e-01 -2.63674919e-01 -2.39858912e-01 -2.16298667e-01 -1.95950662e-01 -1.81382331e-01 -1.74037950e-01 -1.73890523e-01 -1.79366724e-01 -1.87941529e-01 -1.96692436e-01 -2.03260698e-01 -2.06187501e-01 -2.05231505e-01 -2.00989188e-01 -1.94255192e-01 -1.85608011e-01 -1.74897922e-01 -1.61552433e-01 -1.44974704e-01 -1.25166540e-01 -1.03057242e-01 -8.03855105e-02 -5.90791985e-02 -4.06370577e-02 -2.55585503e-02 -1.33342453e-02 -2.96172454e-03 6.41022645e-03 1.47615932e-02 2.10133507e-02 2.33955710e-02 2.03099330e-02 1.12864788e-02 -2.30028244e-03 -1.73408539e-02 -2.98469278e-02 -3.65426238e-02 -3.66601885e-02 -3.32094290e-02 -3.32037299e-02 -4.65902307e-02 -8.37327942e-02 -1.52533983e-01 -2.55669502e-01 -3.85143483e-01 -5.37742036e-01 -8.26608265e-01 -9.23851299e-01
1.40000000e+00 -6.02524209e-01 -3.82344031e-01 -3.12253742e-01 -2.15713126e-01 -1.32053625e-01 -7.12380303e-02 -3.10707823e-02 -6.54020024e-03 8.45645228e-03 1.94548518e-02 3.03288570e-02 4.29387241e-02 5.75601817e-02 7.35535786e-02 9.01396980e-02 1.06879535e-01 1.23748514e-01 1.40951930e-01 1.58614319e-01 1.76456420e-01 1.93604440e-01 2.08717125e-01 2.19932528e-01 2.25229141e-01 2.22637899e-01 2.10726320e-01 1.88957783e-01 1.58015752e-01 1.19641146e-01 7.62191391e-02 3.00309022e-02 -1.73588496e-02 -6.52937444e-02 -1.13910213e-01 -1.63309543e-01 -2.12974492e-01 -2.61115660e-01 -3.04778155e-01 -3.40543351e-01 -3.65617558e-01 -3.78889596e-01 -3.81461485e-01 -3.76152403e-01 -3.66561004e-01 -3.55905878e-01 -3.46295066e-01 -3.38380166e-01 -3.31564315e-01 -3.24375245e-01 -3.15027455e-01 -3.02022216e-01 -2.84650820e-01 -2.63382423e-01 -2.39832899e-01 -2.16598771e-01 -1.96546828e-01 -1.82152893e-01 -1.74806444e-01 -1.74489458e-01 -1.79676224e-01 -1.87936521e-01 -1.96427047e-01 -2.02859472e-01 -2.05773888e-01 -2.04899575e-01 -2.00768948e-01 -1.94094544e-01 -1.85432253e-01 -1.74637035e-01 -1.61199354e-01 -1.44598390e-01 -1.24883959e-01 -1.02974651e-01 -8.05407553e-02 -5.94103136e-02 -4.10247180e-02 -2.58767459e-02 -1.35093785e-02 -3.02103022e-03 6.36151860e-03 1.45880986e-02 2.06196771e-02 2.27898507e-02 1.96244028e-02 1.07354095e-02 -2.49606688e-03 -1.70619921e-02 -2.91543924e-02 -3.57064632e-02 -3.61143742e-02 -3.34218774e-02 -3.45178590e-02 -4.90887532e-02 -8.71026261e-02 -1.56012833e-01 -2.57944171e-01 -3.83533639e-01 -5.34971544e-01 -8.28369825e-01 -9.13964277e-01
1.50000000e+00 -6.00656850e-01 -3.75130187e-01 -3.10467163e-01 -2.17620778e-01 -1.34599686e-01 -7.35946596e-02 -3.28117690e-02 -7.52576874e-03 8.13028653e-03 1.95577829e-02 3.06066294e-02 4.31945085e-02 5.77024324e-02 7.35847876e-02 9.01185399e-02 1.06872747e-01 1.23786478e-01 1.41014988e-01 1.58651227e-01 1.76402050e-01 1.93394997e-01 2.08315234e-01 2.19315329e-01 2.24398354e-01 2.21630478e-01 2.09630578e-01 1.87903033e-01 1.57144139e-01 1.19051631e-01 7.59275508e-02 2.99544084e-02 -1.73588446e-02 -6.53243368e-02 -1.13985346e-01 -1.63323013e-01 -2.12767330e-01 -2.60559679e-01 -3.03850919e-01 -3.39359253e-01 -3.64379830e-01 -3.77810545e-01 -3.80700462e-01 -3.75767949e-01 -3.66507432e-01 -3.56060974e-01 -3.46510225e-01 -3.38519226e-01 -3.31537899e-01 -3.24150353e-01 -3.14626807e-01 -3.01522934e-01 -2.84174923e-01 -2.63072973e-01 -2.39807850e-01 -2.16920048e-01 -1.97182066e-01 -1.82972896e-01 -1.75624770e-01 -1.75127530e-01 -1.80007799e-01 -1.87933381e-01 -1.96147496e-01 -2.02433593e-01 -2.05333579e-01 -2.04544391e-01 -2.00529949e-01 -1.93918919e-01 -1.85240314e-01 -1.74356462e-01 -1.60823048e-01 -1.44199268e-01 -1.24585144e-01 -1.02887739e-01 -8.07047744e-02 -5.97607953e-02 -4.14356124e-02 -2.62151906e-02 -1.36987445e-02 -3.08926337e-03 6.30328894e-03 1.43975430e-02 2.01970995e-02 2.21449408e-02 1.88972833e-02 1.01531661e-02 -2.70109123e-03 -1.67649384e-02 -2.84219834e-02 -3.48269389e-02 -3.55482168e-02 -3.36648516e-02 -3.59331115e-02 -5.17584203e-02 -9.06864920e-02 -1.59691696e-01 -2.60286823e-01 -3.81730799e-01 -5.32818014e-01 -8.29096150e-01 -9.03919221e-01
1.60000000e+00 -5.98276081e-01 -3.68167340e-01 -3.08318694e-01 -2.19563517e-01 -1.37286185e-01 -7.60924663e-02 -3.46660784e-02 -8.58392774e-03 7.77091315e-03 1.96561276e-02 3.08945583e-02 4.34639267e-02 5.78547909e-02 7.36209621e-02 9.00991190e-02 1.06866869e-01 1.23826084e-01 1.41080035e-01 1.58687833e-01 1.76340999e-01 1.93169741e-01 2.07884599e-01 2.18655607e-01 2.23511579e-01 2.20557188e-01 2.08464777e-01 1.86782082e-01 1.56217309e-01 1.18422683e-01 7.56123394e-02 2.98660770e-02 -1.73637580e-02 -6.53578710e-02 -1.14060477e-01 -1.63330325e-01 -2.12540544e-01 -2.59965225e-01 -3.02865580e-01 -3.38102475e-01 -3.63065146e-01 -3.76663271e-01 -3.79889086e-01 -3.75355105e-01 -3.66445007e-01 -3.56220507e-01 -3.46734319e-01 -3.38664038e-01 -3.31508224e-01 -3.23910786e-01 -3.14201724e-01 -3.00994378e-01 -2.83672673e-01 -2.62747559e-01 -2.39784316e-01 -2.17262267e-01 -1.97855326e-01 -1.83840800e-01 -1.76491444e-01 -1.75803699e-01 -1.80361222e-01 -1.87932600e-01 -1.95854843e-01 -2.01984134e-01 -2.04867375e-01 -2.04166201e-01 -2.00271771e-01 -1.93727665e-01 -1.85031608e-01 -1.74056139e-01 -1.60424109e-01 -1.43778349e-01 -1.24271026e-01 -1.02796840e-01 -8.08770488e-02 -6.01295991e-02 -4.18686387e-02 -2.65732481e-02 -1.39025706e-02 -3.16734193e-03 6.23436180e-03 1.41891057e-02 1.97457017e-02 2.14620005e-02 1.81304568e-02 9.54167043e-03 -2.91432568e-03 -1.64502569e-02 -2.76520972e-02 -3.39078652e-02 -3.49658201e-02 -3.39413550e-02 -3.74500860e-02 -5.45961028e-02 -9.44768074e-02 -1.63558163e-01 -2.62673553e-01 -3.79759065e-01 -5.31351442e-01 -8.28655499e-01 -8.93790485e-01
1.70000000e+00 -5.95336936e-01 -3.61539465e-01 -3.05801691e-01 -2.21515818e-01 -1.40105390e-01 -7.87272677e-02 -3.66322415e-02 -9.71542755e-03 7.37635089e-03 1.97476613e-02 3.11909177e-02 4.37461529e-02 5.80172603e-02 7.36625989e-02 9.00820036e-02 1.06862162e-01 1.23867168e-01 1.41146627e-01 1.58723576e-01 1.76272737e-01 1.92928352e-01 2.07425039e-01 2.17953373e-01 2.22569115e-01 2.19418738e-01 2.07230000e-01 1.85596154e-01 1.55236177e-01 1.17754509e-01 7.52728512e-02 2.97647516e-02 -1.73745016e-02 -6.53944443e-02 -1.14134712e-01 -1.63330175e-01 -2.12293172e-01 -2.59332285e-01 -3.01823208e-01 -3.36774698e-01 -3.61675156e-01 -3.75448962e-01 -3.79027788e-01 -3.74913509e-01 -3.66372762e-01 -3.56383266e-01 -3.46966221e-01 -3.38813842e-01 -3.31474995e-01 -3.23656718e-01 -3.13752834e-01 -3.00437566e-01 -2.83145282e-01 -2.62407228e-01 -2.39762865e-01 -2.17625182e-01 -1.98565505e-01 -1.84754988e-01 -1.77404892e-01 -1.76516877e-01 -1.80736237e-01 -1.87934703e-01 -1.95550190e-01 -2.01512233e-01 -2.04376118e-01 -2.03765256e-01 -1.99993988e-01 -1.93520092e-01 -1.84805534e-01 -1.73736002e-01 -1.60003162e-01 -1.43336692e-01 -1.23942577e-01 -1.02702296e-01 -8.10570433e-02 -6.05156299e-02 -4.23226438e-02 -2.69502617e-02 -1.41210879e-02 -3.25622786e-03 6.15351088e-03 1.39619371e-02 1.92655828e-02 2.07422506e-02 1.73259042e-02 8.90292941e-03 -3.13470285e-03 -1.61185624e-02 -2.68472769e-02 -3.29532641e-02 -3.43715029e-02 -3.42545388e-02 -3.90693523e-02 -5.75984102e-02 -9.84654818e-02 -1.67598803e-01 -2.65079399e-01 -3.77652801e-01 -5.30619422e-01 -8.26938818e-01 -8.83644188e-01
1.80000000e+00 -5.91799812e-01 -3.55319467e-01 -3.02918370e-01 -2.23450006e-01 -1.43048649e-01 -8.14946263e-02 -3.87086610e-02 -1.09210124e-02 6.94454194e-03 1.98300526e-02 3.14938928e-02 4.40403022e-02 5.81898264e-02 7.37102058e-02 9.00677779e-02 1.06858898e-01 1.23909565e-01 1.41214302e-01 1.58757863e-01 1.76196718e-01 1.92670475e-01 2.06936371e-01 2.17208640e-01 2.21571290e-01 2.18215883e-01 2.05927391e-01 1.84346526e-01 1.54201692e-01 1.17047314e-01 7.49084063e-02 2.96492466e-02 -1.73920209e-02 -6.54341435e-02 -1.14207139e-01 -1.63321210e-01 -2.12024222e-01 -2.58660849e-01 -3.00724913e-01 -3.35377680e-01 -3.60211603e-01 -3.74168867e-01 -3.78117027e-01 -3.74442782e-01 -3.66289689e-01 -3.56547976e-01 -3.47204750e-01 -3.38967835e-01 -3.31437901e-01 -3.23388331e-01 -3.13280800e-01 -2.99853574e-01 -2.82594023e-01 -2.62053083e-01 -2.39744077e-01 -2.18008528e-01 -1.99311441e-01 -1.85713772e-01 -1.78363456e-01 -1.77265931e-01 -1.81132559e-01 -1.87940247e-01 -1.95234671e-01 -2.01019094e-01 -2.03860691e-01 -2.03341816e-01 -1.99696181e-01 -1.93295475e-01 -1.84561480e-01 -1.73395990e-01 -1.59560859e-01 -1.42875394e-01 -1.23600801e-01 -1.02604451e-01 -8.12442089e-02 -6.09177466e-02 -4.27964283e-02 -2.73455568e-02 -1.43545298e-02 -3.35692305e-03 6.05946476e-03 1.37151628e-02 1.87568584e-02 1.99869706e-02 1.64856991e-02 8.23902661e-03 -3.36112431e-03 -1.57705225e-02 -2.60102085e-02 -3.19673552e-02 -3.37697869e-02 -3.46076890e-02 -4.07914382e-02 -6.07616832e-02 -1.02643918e-01 -1.71799108e-01 -2.67478934e-01 -3.75456412e-01 -5.30645399e-01 -8.23862506e-01 -8.73536928e-01
1.90000000e+00 -5.87631245e-01 -3.49567847e-01 -2.99680108e-01 -2.25336664e-01 -1.46106260e-01 -8.43898419e-02 -4.08936066e-02 -1.22014111e-02 6.47336112e-03 1.99008700e-02 3.18015832e-02 4.43454299e-02 5.83724546e-02 7.37642976e-02 9.00570377e-02 1.06857357e-01 1.23953112e-01 1.41282578e-01 1.58790074e-01 1.76112377e-01 1.92395727e-01 2.06418403e-01 2.16421425e-01 2.20518460e-01 2.16949421e-01 2.04558154e-01 1.83034526e-01 1.53114839e-01 1.16301307e-01 7.45183022e-02 2.95183535e-02 -1.74172889e-02 -6.54770441e-02 -1.14276833e-01 -1.63302038e-01 -2.11732680e-01 -2.57950909e-01 -2.99571840e-01 -3.33913245e-01 -3.58676320e-01 -3.72824294e-01 -3.77157287e-01 -3.73942528e-01 -3.66194739e-01 -3.56713300e-01 -3.47448671e-01 -3.39125168e-01 -3.31396609e-01 -3.23105821e-01 -3.12786326e-01 -2.99243539e-01 -2.82020219e-01 -2.61686283e-01 -2.39728545e-01 -2.18412021e-01 -2.00091925e-01 -1.86715399e-01 -1.79365402e-01 -1.78049683e-01 -1.81549880e-01 -1.87949816e-01 -1.94909448e-01 -2.00505976e-01 -2.03322011e-01 -2.02896144e-01 -1.99377933e-01 -1.93053058e-01 -1.84298831e-01 -1.73036047e-01 -1.59097878e-01 -1.42395590e-01 -1.23246732e-01 -1.02503656e-01 -8.14379855e-02 -6.13347668e-02 -4.32887515e-02 -2.77584448e-02 -1.46031308e-02 -3.47046495e-03 5.95091275e-03 1.34478892e-02 1.82196617e-02 1.91974949e-02 1.56120006e-02 7.55211364e-03 -3.59246737e-03 -1.54068598e-02 -2.51437163e-02 -3.09545447e-02 -3.31653828e-02 -3.50042133e-02 -4.26168165e-02 -6.40819872e-02 -1.07003012e-01 -1.76143441e-01 -2.69846955e-01 -3.73223697e-01 -5.31427657e-01 -8.19370497e-01 -8.63514764e-01
2.00000000e+00 -5.82804547e-01 -3.44331690e-01 -2.96107481e-01 -2.27145134e-01 -1.49267359e-01 -8.74079385e-02 -4.31852106e-02 -1.35573271e-02 5.96062561e-03 1.99575896e-02 3.21120065e-02 4.46605312e-02 5.85650865e-02 7.38253920e-02 9.00503880e-02 1.06857831e-01 1.23997645e-01 1.41350959e-01 1.58819556e-01 1.76019129e-01 1.92103691e-01 2.05870940e-01 2.15591748e-01 2.19411013e-01 2.15620190e-01 2.03123551e-01 1.81661526e-01 1.51976633e-01 1.15516692e-01 7.41018174e-02 2.93708475e-02 -1.74513007e-02 -6.55232092e-02 -1.14342862e-01 -1.63271233e-01 -2.11417508e-01 -2.57202463e-01 -2.98365164e-01 -3.32383280e-01 -3.57071226e-01 -3.71416611e-01 -3.76149081e-01 -3.73412339e-01 -3.66086824e-01 -3.56877845e-01 -3.47696696e-01 -3.39284950e-01 -3.31350766e-01 -3.22809394e-01 -3.12270149e-01 -2.98608652e-01 -2.81425247e-01 -2.61308031e-01 -2.39716870e-01 -2.18835358e-01 -2.00905696e-01 -1.87758052e-01 -1.80408918e-01 -1.78866918e-01 -1.81987860e-01 -1.87964024e-01 -1.94575714e-01 -1.99974198e-01 -2.02761029e-01 -2.02428512e-01 -1.99038840e-01 -1.92792060e-01 -1.84016967e-01 -1.72656120e-01 -1.58614920e-01 -1.41898446e-01 -1.22881428e-01 -1.02400260e-01 -8.16378043e-02 -6.17654715e-02 -4.37983370e-02 -2.81882262e-02 -1.48671258e-02 -3.59792193e-03 5.82651090e-03 1.31592087e-02 1.76541457e-02 1.83752100e-02 1.47070461e-02 6.84440128e-03 -3.82759225e-03 -1.50283541e-02 -2.42507587e-02 -2.99194147e-02 -3.25631767e-02 -3.54476261e-02 -4.45458911e-02 -6.75551049e-02 -1.11533141e-01 -1.80614998e-01 -2.72159260e-01 -3.71016813e-01 -5.32939070e-01 -8.13435628e-01 -8.53612463e-01
2.10000000e+00 -5.77300313e-01 -3.39643969e-01 -2.92230013e-01 -2.28844120e-01 -1.52519797e-01 -9.05436443e-02 -4.55814632e-02 -1.49894285e-02 5.40410505e-03 1.99976028e-02 3.24231026e-02 4.49845408e-02 5.87676372e-02 7.38940054e-02 9.00484383e-02 1.06860621e-01 1.24043002e-01 1.41418931e-01 1.58845632e-01 1.75916375e-01 1.91793921e-01 2.05293780e-01 2.14719637e-01 2.18249367e-01 2.14229076e-01 2.01624898e-01 1.80228940e-01 1.50788113e-01 1.14693674e-01 7.36582143e-02 2.92054936e-02 -1.74950673e-02 -6.55726897e-02 -1.14404288e-01 -1.63227347e-01 -2.11077658e-01 -2.56415512e-01 -2.97106087e-01 -3.30789732e-01 -3.55398321e-01 -3.69947239e-01 -3.75092948e-01 -3.72851790e-01 -3.65964824e-01 -3.57040162e-01 -3.47947490e-01 -3.39446246e-01 -3.31300001e-01 -3.22499269e-01 -3.11733042e-01 -2.97950157e-01 -2.80810528e-01 -2.60919578e-01 -2.39709658e-01 -2.19278219e-01 -2.01751451e-01 -1.88839860e-01 -1.81492125e-01 -1.79716382e-01 -1.82446135e-01 -1.87983502e-01 -1.94234679e-01 -1.99425128e-01 -2.02178727e-01 -2.01939194e-01 -1.98678505e-01 -1.92511676e-01 -1.83715271e-01 -1.72256165e-01 -1.58112706e-01 -1.41385154e-01 -1.22505966e-01 -1.02294614e-01 -8.18430896e-02 -6.22086108e-02 -4.43238780e-02 -2.86341935e-02 -1.51467490e-02 -3.74038843e-03 5.68488815e-03 1.28482051e-02 1.70604841e-02 1.75215514e-02 1.37731436e-02 6.11815043e-03 -4.06534946e-03 -1.46358444e-02 -2.33344231e-02 -2.88667115e-02 -3.19682150e-02 -3.59415326e-02 -4.65789830e-02 -7.11765300e-02 -1.16224162e-01 -1.85195793e-01 -2.74393472e-01 -3.68904839e-01 -5.35127617e-01 -8.06060236e-01 -8.43853049e-01
2.20000000e+00 -5.71106773e-01 -3.35523193e-01 -2.88085665e-01 -2.30402359e-01 -1.55850040e-01 -9.37913652e-02 -4.80802083e-02 -1.64983381e-02 4.80153209e-03 2.00182243e-02 3.27327372e-02 4.53163331e-02 5.89799912e-02 7.39706485e-02 9.00518005e-02 1.06866031e-01 1.24089024e-01 1.41485968e-01 1.58867603e-01 1.75803499e-01 1.91465939e-01 2.04686715e-01 2.13805129e-01 2.17033975e-01 2.12777004e-01 2.00063564e-01 1.78738222e-01 1.49550341e-01 1.13832455e-01 7.31867437e-02 2.90210534e-02 -1.75496086e-02 -6.56255237e-02 -1.14460176e-01 -1.63168911e-01 -2.10712069e-01 -2.55590064e-01 -2.95795834e-01 -3.29134597e-01 -3.53659680e-01 -3.68417655e-01 -3.73989452e-01 -3.72260449e-01 -3.65827585e-01 -3.57198753e-01 -3.48199669e-01 -3.39608084e-01 -3.31243922e-01 -3.22175675e-01 -3.11175814e-01 -2.97269349e-01 -2.80177528e-01 -2.60522217e-01 -2.39707517e-01 -2.19740261e-01 -2.02627847e-01 -1.89958898e-01 -1.82613079e-01 -1.80596785e-01 -1.82924315e-01 -1.88008903e-01 -1.93887575e-01 -1.98860182e-01 -2.01576115e-01 -2.01428473e-01 -1.98296548e-01 -1.92211084e-01 -1.83393128e-01 -1.71836146e-01 -1.57591974e-01 -1.40856929e-01 -1.22121436e-01 -1.02187066e-01 -8.20532616e-02 -6.26629089e-02 -4.48640432e-02 -2.90956340e-02 -1.54422333e-02 -3.89897982e-03 5.52465273e-03 1.25139590e-02 1.64388731e-02 1.66379996e-02 1.28126638e-02 5.37566286e-03 -4.30458744e-03 -1.42302313e-02 -2.23979207e-02 -2.78013338e-02 -3.13856891e-02 -3.64896128e-02 -4.87163161e-02 -7.49414598e-02 -1.21065389e-01 -1.89866675e-01 -2.76529905e-01 -3.66962010e-01 -5.37917661e-01 -7.97276001e-01 -8.34247646e-01
2.30000000e+00 -5.64219990e-01 -3.31973395e-01 -2.83720055e-01 -2.31789354e-01 -1.59243091e-01 -9.71451507e-02 -5.06791374e-02 -1.80846225e-02 4.15061334e-03 2.00167007e-02 3.30387058e-02 4.56547221e-02 5.92020000e-02 7.40558215e-02 9.00610840e-02 1.06874374e-01 1.24135556e-01 1.41551533e-01 1.58884745e-01 1.75679871e-01 1.91119240e-01 2.04049530e-01 2.12848266e-01 2.15765320e-01 2.11264944e-01 1.98440966e-01 1.77190858e-01 1.48264396e-01 1.12933231e-01 7.26866484e-02 2.88162906e-02 -1.76159473e-02 -6.56817369e-02 -1.14509592e-01 -1.63094450e-01 -2.10319679e-01 -2.54726131e-01 -2.94435647e-01 -3.27419919e-01 -3.51857453e-01 -3.66829387e-01 -3.72839183e-01 -3.71637875e-01 -3.65673926e-01 -3.57352073e-01 -3.48451807e-01 -3.39769450e-01 -3.31182118e-01 -3.21838852e-01 -3.10599308e-01 -2.96567573e-01 -2.79527757e-01 -2.60117275e-01 -2.39711058e-01 -2.20221121e-01 -2.03533502e-01 -1.91113197e-01 -1.83769778e-01 -1.81506804e-01 -1.83421987e-01 -1.88040895e-01 -1.93535647e-01 -1.98280816e-01 -2.00954229e-01 -2.00896636e-01 -1.97892601e-01 -1.91889453e-01 -1.83049933e-01 -1.71396037e-01 -1.57053481e-01 -1.40315000e-01 -1.21728935e-01 -1.02077959e-01 -8.22677377e-02 -6.31270699e-02 -4.54174826e-02 -2.95718329e-02 -1.57538100e-02 -4.07482713e-03 5.34439863e-03 1.21555534e-02 1.57895328e-02 1.57260774e-02 1.18280316e-02 4.61927187e-03 -4.54416044e-03 -1.38124792e-02 -2.14445812e-02 -2.67283210e-02 -3.08209204e-02 -3.70956034e-02 -5.09580021e-02 -7.88447887e-02 -1.26045585e-01 -1.94607378e-01 -2.78552427e-01 -3.65265644e-01 -5.41211944e-01 -7.87143031e-01 -8.24795626e-01
2.40000000e+00 -5.56643905e-01 -3.28984452e-01 -2.79185448e-01 -2.32976153e-01 -1.62682430e-01 -1.00598652e-01 -5.33757846e-02 -1.97487823e-02 3.44904064e-03 1.99902198e-02 3.33387378e-02 4.59984617e-02 5.94334778e-02 7.41500097e-02 9.00768934e-02 1.06885966e-01 1.24182447e-01 1.41615078e-01 1.58896316e-01 1.75544844e-01 1.90753290e-01 2.03382005e-01 2.11849104e-01 2.14443918e-01 2.09693909e-01 1.96758569e-01 1.75588365e-01 1.46931370e-01 1.11996195e-01 7.21571670e-02 2.85899775e-02 -1.76951019e-02 -6.57413434e-02 -1.14551613e-01 -1.63002488e-01 -2.09899426e-01 -2.53823733e-01 -2.93026782e-01 -3.25647781e-01 -3.49993853e-01 -3.65184011e-01 -3.71642754e-01 -3.70983619e-01 -3.65502639e-01 -3.57498533e-01 -3.48702435e-01 -3.39929294e-01 -3.31114162e-01 -3.21489050e-01 -3.10004399e-01 -2.95846219e-01 -2.78862760e-01 -2.59706112e-01 -2.39720888e-01 -2.20720415e-01 -2.04467001e-01 -1.92300744e-01 -1.84960172e-01 -1.82445084e-01 -1.83938713e-01 -1.88080154e-01 -1.93180156e-01 -1.97688525e-01 -2.00314127e-01 -2.00343980e-01 -1.97466314e-01 -1.91545945e-01 -1.82685088e-01 -1.70935827e-01 -1.56497994e-01 -1.39760610e-01 -1.21329566e-01 -1.01967632e-01 -8.24859343e-02 -6.35997836e-02 -4.59828337e-02 -3.00620759e-02 -1.60817082e-02 -4.26907162e-03 5.14271226e-03 1.17720793e-02 1.51127083e-02 1.47873459e-02 1.08217174e-02 3.85133280e-03 -4.78293649e-03 -1.33836183e-02 -2.04778468e-02 -2.56528403e-02 -3.02793428e-02 -3.77632800e-02 -5.33040264e-02 -8.28811009e-02 -1.31152931e-01 -1.99396622e-01 -2.80449283e-01 -3.63893837e-01 -5.44894234e-01 -7.75748229e-01 -8.15485045e-01
2.50000000e+00 -5.48390230e-01 -3.26532731e-01 -2.74539529e-01 -2.33936134e-01 -1.66150004e-01 -1.04145072e-01 -5.61675185e-02 -2.14912410e-02 2.69450268e-03 1.99359191e-02 3.36305008e-02 4.63462459e-02 5.96741990e-02 7.42536787e-02 9.00998241e-02 1.06901124e-01 1.24229551e-01 1.41676047e-01 1.58901556e-01 1.75397755e-01 1.90367531e-01 2.02683910e-01 2.10807710e-01 2.13070320e-01 2.08064954e-01 1.95017881e-01 1.73932285e-01 1.45552363e-01 1.11021533e-01 7.15975381e-02 2.83409005e-02 -1.77880794e-02 -6.58043460e-02 -1.14585327e-01 -1.62891556e-01 -2.09450258e-01 -2.52882898e-01 -2.91570506e-01 -3.23820300e-01 -3.48071154e-01 -3.63483152e-01 -3.70400803e-01 -3.70297230e-01 -3.65312493e-01 -3.57636508e-01 -3.48950045e-01 -3.40086532e-01 -3.31039606e-01 -3.21126529e-01 -3.09391998e-01 -2.95106719e-01 -2.78184121e-01 -2.59290114e-01 -2.39737612e-01 -2.21237738e-01 -2.05426899e-01 -1.93519490e-01 -1.86182162e-01 -1.83410240e-01 -1.84474035e-01 -1.88127362e-01 -1.92822369e-01 -1.97084831e-01 -1.99656889e-01 -1.99770809e-01 -1.97017354e-01 -1.91179724e-01 -1.82298011e-01 -1.70455515e-01 -1.55926291e-01 -1.39195005e-01 -1.20924425e-01 -1.01856417e-01 -8.27072685e-02 -6.40797313e-02 -4.65587270e-02 -3.05656514e-02 -1.64261546e-02 -4.48285918e-03 4.91817913e-03 1.13626413e-02 1.44086717e-02 1.38234015e-02 9.79622820e-03 3.07421345e-03 -5.01980557e-03 -1.29447468e-02 -1.95012663e-02 -2.45801744e-02 -2.97664870e-02 -3.84964374e-02 -5.57542327e-02 -8.70446631e-02 -1.36375012e-01 -2.04212258e-01 -2.82213852e-01 -3.62922992e-01 -5.48832557e-01 -7.63202992e-01 -8.06293361e-01
2.60000000e+00 -5.39478199e-01 -3.24582023e-01 -2.69844000e-01 -2.34645792e-01 -1.69626246e-01 -1.07777108e-01 -5.90515345e-02 -2.33123347e-02 1.88469698e-03 1.98508960e-02 3.39116048e-02 4.66967098e-02 5.99238940e-02 7.43672691e-02 9.01304594e-02 1.06920168e-01 1.24276727e-01 1.41733878e-01 1.58899694e-01 1.75237926e-01 1.89961381e-01 2.01955011e-01 2.09724165e-01 2.11645110e-01 2.06379177e-01 1.93220447e-01 1.72224182e-01 1.44128480e-01 1.10009426e-01 7.10070048e-02 2.80678660e-02 -1.78958690e-02 -6.58707373e-02 -1.14609834e-01 -1.62760203e-01 -2.08971131e-01 -2.51903659e-01 -2.90068091e-01 -3.21939624e-01 -3.46091681e-01 -3.61728480e-01 -3.69113989e-01 -3.69578254e-01 -3.65102237e-01 -3.57764338e-01 -3.49193094e-01 -3.40240044e-01 -3.30957986e-01 -3.20751560e-01 -3.08763045e-01 -2.94350546e-01 -2.77493455e-01 -2.58870689e-01 -2.39761827e-01 -2.21772661e-01 -2.06411727e-01 -1.94767353e-01 -1.87433614e-01 -1.84400861e-01 -1.85027476e-01 -1.88183201e-01 -1.92463560e-01 -1.96471282e-01 -1.98983610e-01 -1.99177439e-01 -1.96545406e-01 -1.90789962e-01 -1.81888133e-01 -1.69955119e-01 -1.55339157e-01 -1.38619434e-01 -1.20514604e-01 -1.01744639e-01 -8.29311598e-02 -6.45655918e-02 -4.71437931e-02 -3.10818532e-02 -1.67873737e-02 -4.71733472e-03 4.66939073e-03 1.09263632e-02 1.36777227e-02 1.28358719e-02 8.75409857e-03 2.29028442e-03 -5.25368786e-03 -1.24970330e-02 -1.85184889e-02 -2.35157085e-02 -2.92879621e-02 -3.92988699e-02 -5.83083083e-02 -9.13294163e-02 -1.41698786e-01 -2.09031475e-01 -2.83845305e-01 -3.62425273e-01 -5.52882905e-01 -7.49640310e-01 -7.97188397e-01
2.70000000e+00 -5.29934178e-01 -3.23084753e-01 -2.65163046e-01 -2.35085482e-01 -1.73090154e-01 -1.11486894e-01 -6.20248435e-02 -2.52123016e-02 1.01734202e-03 1.97322172e-02 3.41796069e-02 4.70484296e-02 6.01822465e-02 7.44911923e-02 9.01693665e-02 1.06943415e-01 1.24323841e-01 1.41788004e-01 1.58889943e-01 1.75064665e-01 1.89534234e-01 2.01195062e-01 2.08598564e-01 2.10168904e-01 2.04637719e-01 1.91367850e-01 1.70465638e-01 1.42660826e-01 1.08960049e-01 7.03848183e-02 2.77697058e-02 -1.80194345e-02 -6.59405010e-02 -1.14624254e-01 -1.62607001e-01 -2.08461023e-01 -2.50886060e-01 -2.88520813e-01 -3.20007923e-01 -3.44057810e-01 -3.59921706e-01 -3.67782992e-01 -3.68826238e-01 -3.64870602e-01 -3.57880332e-01 -3.49430002e-01 -3.40388680e-01 -3.30868821e-01 -3.20364421e-01 -3.08118510e-01 -2.93579208e-01 -2.76792408e-01 -2.58449261e-01 -2.39794124e-01 -2.22324736e-01 -2.07419990e-01 -1.96042225e-01 -1.88712362e-01 -1.85415508e-01 -1.85598543e-01 -1.88248348e-01 -1.92105009e-01 -1.95849444e-01 -1.98295400e-01 -1.98564194e-01 -1.96050176e-01 -1.90375845e-01 -1.81454907e-01 -1.69434673e-01 -1.54737385e-01 -1.38035139e-01 -1.20101178e-01 -1.01632610e-01 -8.31570305e-02 -6.50560474e-02 -4.77366678e-02 -3.16099826e-02 -1.71655873e-02 -4.97363647e-03 4.39495135e-03 1.04623935e-02 1.29201905e-02 1.18264128e-02 7.69788116e-03 1.50190938e-03 -5.48354197e-03 -1.20417170e-02 -1.75332577e-02 -2.24649174e-02 -2.88494386e-02 -4.01743505e-02 -6.09657693e-02 -9.57289663e-02 -1.47110567e-01 -2.13831061e-01 -2.85349109e-01 -3.62466052e-01 -5.56893314e-01 -7.35211357e-01 -7.88129534e-01
2.80000000e+00 -5.19791153e-01 -3.21983419e-01 -2.60561695e-01 -2.35240107e-01 -1.76519414e-01 -1.15265924e-01 -6.50842598e-02 -2.71912710e-02 9.01896975e-05 1.95769291e-02 3.44320156e-02 4.73999243e-02 6.04488901e-02 7.46258248e-02 9.02170934e-02 1.06971183e-01 1.24370764e-01 1.41837856e-01 1.58871510e-01 1.74877262e-01 1.89085469e-01 2.00403812e-01 2.07431021e-01 2.08642355e-01 2.02841760e-01 1.89461705e-01 1.68658249e-01 1.41150502e-01 1.07873568e-01 6.97302425e-02 2.74452821e-02 -1.81597085e-02 -6.60136127e-02 -1.14627729e-01 -1.62430555e-01 -2.07918934e-01 -2.49830156e-01 -2.86929948e-01 -3.18027383e-01 -3.41971953e-01 -3.58064583e-01 -3.66408516e-01 -3.68040734e-01 -3.64616307e-01 -3.57982774e-01 -3.49659160e-01 -3.40531261e-01 -3.30771615e-01 -3.19965400e-01 -3.07459396e-01 -2.92794247e-01 -2.76082653e-01 -2.58027264e-01 -2.39835081e-01 -2.22893489e-01 -2.08450178e-01 -1.97341974e-01 -1.90016215e-01 -1.86452718e-01 -1.86186726e-01 -1.88323472e-01 -1.91747997e-01 -1.95220893e-01 -1.97593382e-01 -1.97931416e-01 -1.95531387e-01 -1.89936582e-01 -1.80997803e-01 -1.68894231e-01 -1.54121768e-01 -1.37443354e-01 -1.19685206e-01 -1.01520637e-01 -8.33843080e-02 -6.55497900e-02 -4.83359993e-02 -3.21493505e-02 -1.75610150e-02 -5.25289027e-03 4.09348509e-03 9.96991057e-03 1.21364346e-02 1.07967040e-02 6.63013736e-03 7.11435317e-04 -5.70837324e-03 -1.15801129e-02 -1.65494025e-02 -2.14333517e-02 -2.84566292e-02 -4.11266100e-02 -6.37259449e-02 -1.00236575e-01 -1.52596004e-01 -2.18587722e-01 -2.86737376e-01 -3.63101449e-01 -5.60708192e-01 -7.20081652e-01 -7.79069101e-01
2.90000000e+00 -5.09088109e-01 -3.21212223e-01 -2.56104142e-01 -2.35099725e-01 -1.79890587e-01 -1.19104997e-01 -6.82263845e-02 -2.92492532e-02 -8.98962062e-04 1.93820677e-02 3.46662957e-02 4.77496557e-02 6.07234048e-02 7.47715038e-02 9.02741654e-02 1.07003780e-01 1.24417372e-01 1.41882864e-01 1.58843595e-01 1.74674994e-01 1.88614444e-01 1.99581000e-01 2.06221665e-01 2.07066146e-01 2.00992525e-01 1.87503656e-01 1.66803622e-01 1.39598602e-01 1.06750146e-01 6.90425582e-02 2.70934935e-02 -1.83175850e-02 -6.60900415e-02 -1.14619419e-01 -1.62229511e-01 -2.07343891e-01 -2.48736008e-01 -2.85296770e-01 -3.16000204e-01 -3.39836559e-01 -3.56158900e-01 -3.64991283e-01 -3.67221297e-01 -3.64338057e-01 -3.58069930e-01 -3.49878930e-01 -3.40666579e-01 -3.30665856e-01 -3.19554793e-01 -3.06786730e-01 -2.91997235e-01 -2.75365887e-01 -2.57606138e-01 -2.39885269e-01 -2.23478426e-01 -2.09500763e-01 -1.98664451e-01 -1.91342966e-01 -1.87511005e-01 -1.86791504e-01 -1.88409224e-01 -1.91393803e-01 -1.94587211e-01 -1.96878687e-01 -1.97279456e-01 -1.94988786e-01 -1.89471408e-01 -1.80516317e-01 -1.68333865e-01 -1.53493099e-01 -1.36845296e-01 -1.19267723e-01 -1.01409011e-01 -8.36124250e-02 -6.60455271e-02 -4.89404533e-02 -3.26992798e-02 -1.79738738e-02 -5.55620394e-03 3.76364270e-03 9.44812861e-03 1.13268463e-02 9.74844572e-03 5.55342781e-03 -7.88172989e-05 -5.92724196e-03 -1.11136103e-02 -1.55708336e-02 -2.04266249e-02 -2.81152706e-02 -4.21593148e-02 -6.65879633e-02 -1.04845146e-01 -1.58140068e-01 -2.23278461e-01 -2.88029008e-01 -3.64376048e-01 -5.64172755e-01 -7.04426932e-01 -7.69953906e-01
3.00000000e+00 -4.97869311e-01 -3.20698851e-01 -2.51852067e-01 -2.34660034e-01 -1.83179347e-01 -1.22994135e-01 -7.14475871e-02 -3.13861285e-02 -1.95225654e-03 1.91446695e-02 3.48798736e-02 4.80960303e-02 6.10053144e-02 7.49285223e-02 9.03410815e-02 1.07041514e-01 1.24463547e-01 1.41922458e-01 1.58805394e-01 1.74457119e-01 1.88120507e-01 1.98726356e-01 2.04970649e-01 2.05440996e-01 1.99091275e-01 1.85495370e-01 1.64903366e-01 1.38006207e-01 1.05589940e-01 6.83210669e-02 2.67132790e-02 -1.84939144e-02 -6.61697505e-02 -1.14598515e-01 -1.62002563e-01 -2.06734957e-01 -2.47603693e-01 -2.83622544e-01 -3.13928591e-01 -3.37654099e-01 -3.54206480e-01 -3.63532035e-01 -3.66367492e-01 -3.64034550e-01 -3.58140045e-01 -3.50087647e-01 -3.40793404e-01 -3.30551019e-01 -3.19132901e-01 -3.06101569e-01 -2.91189770e-01 -2.74643827e-01 -2.57187324e-01 -2.39945241e-01 -2.24079030e-01 -2.10570208e-01 -2.00007495e-01 -1.92690397e-01 -1.88588865e-01 -1.87412341e-01 -1.88506239e-01 -1.91043702e-01 -1.93949980e-01 -1.96152454e-01 -1.96608684e-01 -1.94422141e-01 -1.88979594e-01 -1.80009973e-01 -1.67753671e-01 -1.52852170e-01 -1.36242164e-01 -1.18849734e-01 -1.01298015e-01 -8.38408210e-02 -6.65419874e-02 -4.95487199e-02 -3.32591069e-02 -1.84043782e-02 -5.88466168e-03 3.40410860e-03 8.89630230e-03 1.04918496e-02 8.68335468e-03 4.47030284e-03 -8.66564298e-04 -6.13927152e-03 -1.06436759e-02 -1.46015338e-02 -1.94503992e-02 -2.78311041e-02 -4.32760451e-02 -6.95507360e-02 -1.09547217e-01 -1.63727055e-01 -2.27881005e-01 -2.89249623e-01 -3.66320865e-01 -5.67137457e-01 -6.88428808e-01 -7.60726889e-01
3.10000000e+00 -4.86183518e-01 -3.20366350e-01 -2.47863001e-01 -2.33922745e-01 -1.86360782e-01 -1.26922528e-01 -7.47439825e-02 -3.36016362e-02 -3.07176537e-03 1.88617820e-02 3.50701420e-02 4.84374003e-02 6.12940830e-02 7.50971238e-02 9.04183109e-02 1.07084680e-01 1.24509177e-01 1.41956075e-01 1.58756103e-01 1.74222881e-01 1.87602991e-01 1.97839604e-01 2.03678143e-01 2.03767657e-01 1.97139314e-01 1.83438537e-01 1.62959096e-01 1.36374383e-01 1.04393099e-01 6.75650953e-02 2.63036235e-02 -1.86894967e-02 -6.62526988e-02 -1.14564234e-01 -1.61748462e-01 -2.06091232e-01 -2.46433296e-01 -2.81908531e-01 -3.11814750e-01 -3.35427064e-01 -3.52209179e-01 -3.62031533e-01 -3.65478895e-01 -3.63704481e-01 -3.58191355e-01 -3.50283624e-01 -3.40910480e-01 -3.30426566e-01 -3.18700035e-01 -3.05404991e-01 -2.90373473e-01 -2.73918207e-01 -2.56772254e-01 -2.40015539e-01 -2.24694762e-01 -2.11656964e-01 -2.01368937e-01 -1.94056284e-01 -1.89684773e-01 -1.88048695e-01 -1.88615124e-01 -1.90698965e-01 -1.93310771e-01 -1.95415822e-01 -1.95919488e-01 -1.93831239e-01 -1.88460452e-01 -1.79478322e-01 -1.67153767e-01 -1.52199767e-01 -1.35635129e-01 -1.18432214e-01 -1.01187914e-01 -8.40689435e-02 -6.70379271e-02 -5.01595189e-02 -3.38281842e-02 -1.88527404e-02 -6.23931861e-03 3.01360772e-03 8.31373218e-03 9.63190231e-03 7.60316012e-03 3.38329301e-03 -1.64956764e-03 -6.34365642e-03 -1.01718549e-02 -1.36455519e-02 -1.85103717e-02 -2.76098555e-02 -4.44802719e-02 -7.26129429e-02 -1.14334941e-01 -1.69340596e-01 -2.32374272e-01 -2.90431257e-01 -3.68951659e-01 -5.69462264e-01 -6.72270364e-01 -7.51328838e-01
3.20000000e+00 -4.74083132e-01 -3.20135065e-01 -2.44188788e-01 -2.32895792e-01 -1.89409749e-01 -1.30878476e-01 -7.81114048e-02 -3.58953636e-02 -4.25947557e-03 1.85304746e-02 3.52344658e-02 4.87720649e-02 6.15891127e-02 7.52774981e-02 9.05062899e-02 1.07133564e-01 1.24554153e-01 1.41983151e-01 1.58694917e-01 1.73971510e-01 1.87061221e-01 1.96920459e-01 2.02344340e-01 2.02046915e-01 1.95137981e-01 1.81334863e-01 1.60972423e-01 1.34704179e-01 1.03159769e-01 6.67739990e-02 2.58635625e-02 -1.89050774e-02 -6.63388415e-02 -1.14515822e-01 -1.61466018e-01 -2.05411861e-01 -2.45224919e-01 -2.80155979e-01 -3.09660881e-01 -3.33157959e-01 -3.50168877e-01 -3.60490555e-01 -3.64555094e-01 -3.63346540e-01 -3.58222088e-01 -3.50465154e-01 -3.41016534e-01 -3.30291947e-01 -3.18256511e-01 -3.04698099e-01 -2.89549982e-01 -2.73190777e-01 -2.56362355e-01 -2.40096684e-01 -2.25325064e-01 -2.12759481e-01 -2.02746604e-01 -1.95438409e-01 -1.90797191e-01 -1.88700013e-01 -1.88736461e-01 -1.90360848e-01 -1.92671144e-01 -1.94669934e-01 -1.95212273e-01 -1.93215894e-01 -1.87913341e-01 -1.78920947e-01 -1.66534293e-01 -1.51536670e-01 -1.35025333e-01 -1.18016099e-01 -1.01078963e-01 -8.42962485e-02 -6.75321349e-02 -5.07716056e-02 -3.44058815e-02 -1.93191698e-02 -6.62119545e-03 2.59091234e-03 7.69976950e-03 8.74749693e-03 6.50959972e-03 2.29489963e-03 -2.42564521e-03 -6.53967007e-03 -9.69977234e-03 -1.27069948e-02 -1.76122607e-02 -2.74572155e-02 -4.57753349e-02 -7.57730169e-02 -1.19200076e-01 -1.74963687e-01 -2.36738880e-01 -2.91611817e-01 -3.72267628e-01 -5.71020660e-01 -6.56131786e-01 -7.41700127e-01
3.30000000e+00 -4.61623317e-01 -3.19924569e-01 -2.40874183e-01 -2.31593392e-01 -1.92301268e-01 -1.34849338e-01 -8.15453762e-02 -3.82667342e-02 -5.51727662e-03 1.81478493e-02 3.53701872e-02 4.90982719e-02 6.18897407e-02 7.54697762e-02 9.06054182e-02 1.07188441e-01 1.24598374e-01 1.42003134e-01 1.58621039e-01 1.73702220e-01 1.86494517e-01 1.95968628e-01 2.00969456e-01 2.00279587e-01 1.93088652e-01 1.79186068e-01 1.58944950e-01 1.32996623e-01 1.01890092e-01 6.59471663e-02 2.53921860e-02 -1.91413418e-02 -6.64281310e-02 -1.14452559e-01 -1.61154112e-01 -2.04696039e-01 -2.43978675e-01 -2.78366125e-01 -3.07469177e-01 -3.30849289e-01 -3.48087483e-01 -3.58909899e-01 -3.63595692e-01 -3.62959421e-01 -3.58230466e-01 -3.50630512e-01 -3.41110275e-01 -3.30146603e-01 -3.17802651e-01 -3.03982018e-01 -2.88720955e-01 -2.72463295e-01 -2.55959033e-01 -2.40189181e-01 -2.25969354e-01 -2.13876204e-01 -2.04138326e-01 -1.96834560e-01 -1.91924566e-01 -1.89365737e-01 -1.88870798e-01 -1.90030600e-01 -1.92032636e-01 -1.93915930e-01 -1.94487465e-01 -1.92575943e-01 -1.87337673e-01 -1.78337466e-01 -1.65895414e-01 -1.50863648e-01 -1.34413882e-01 -1.17602284e-01 -1.00971398e-01 -8.45222019e-02 -6.80234377e-02 -5.13837766e-02 -3.49915885e-02 -1.98038730e-02 -7.03127340e-03 2.13484883e-03 7.05382099e-03 7.83916160e-03 5.40441548e-03 1.20758553e-03 -3.19268057e-03 -6.72667242e-03 -9.22913402e-03 -1.17900199e-02 -1.67617909e-02 -2.73788190e-02 -4.71644189e-02 -7.90291291e-02 -1.24133963e-01 -1.80578746e-01 -2.40957665e-01 -2.92834306e-01 -3.76250579e-01 -5.71703254e-01 -6.40186151e-01 -7.31782440e-01
3.40000000e+00 -4.48861096e-01 -3.19655558e-01 -2.37955630e-01 -2.30035930e-01 -1.95010977e-01 -1.38821507e-01 -8.50410727e-02 -4.07149955e-02 -6.84694744e-03 1.77110522e-02 3.54746321e-02 4.94142196e-02 6.21952368e-02 7.56740263e-02 9.07160559e-02 1.07249570e-01 1.24641737e-01 1.42015477e-01 1.58533673e-01 1.73414211e-01 1.85902193e-01 1.94983815e-01 1.99553731e-01 1.98466526e-01 1.90992740e-01 1.76993880e-01 1.56878274e-01 1.31252716e-01 1.00584207e-01 6.50840223e-02 2.48886437e-02 -1.93989117e-02 -6.65205177e-02 -1.14373763e-01 -1.60811699e-01 -2.03943011e-01 -2.42694695e-01 -2.76540193e-01 -3.05241813e-01 -3.28503559e-01 -3.45966924e-01 -3.57290379e-01 -3.62600309e-01 -3.62541823e-01 -3.58214715e-01 -3.50777960e-01 -3.41190396e-01 -3.29989964e-01 -3.17338780e-01 -3.03257889e-01 -2.87888058e-01 -2.71737526e-01 -2.55563677e-01 -2.40293515e-01 -2.26627033e-01 -2.15005581e-01 -2.05541940e-01 -1.98242542e-01 -1.93065336e-01 -1.90045299e-01 -1.89018648e-01 -1.89709449e-01 -1.91396760e-01 -1.93154948e-01 -1.93745510e-01 -1.91911249e-01 -1.86732916e-01 -1.77727535e-01 -1.65237320e-01 -1.50181459e-01 -1.33801843e-01 -1.17191621e-01 -1.00865441e-01 -8.47462805e-02 -6.85107060e-02 -5.19948749e-02 -3.55847160e-02 -2.03070532e-02 -7.47048918e-03 1.64430425e-03 6.37535342e-03 6.90746077e-03 4.28934937e-03 1.23765835e-04 -3.94863261e-03 -6.90411737e-03 -8.76172732e-03 -1.08988275e-02 -1.59646795e-02 -2.73802242e-02 -4.86505315e-02 -8.23791727e-02 -1.29127520e-01 -1.86167688e-01 -2.45016208e-01 -2.94145812e-01 -3.80864572e-01 -5.71420898e-01 -6.24595482e-01 -7.21520418e-01
3.50000000e+00 -4.35854458e-01 -3.19251652e-01 -2.35460251e-01 -2.28249674e-01 -1.97515601e-01 -1.42780397e-01 -8.85932860e-02 -4.32392059e-02 -8.25014354e-03 1.72172839e-02 3.55451160e-02 4.97180581e-02 6.25048014e-02 7.58902493e-02 9.08385197e-02 1.07317193e-01 1.24684148e-01 1.42019646e-01 1.58432034e-01 1.73106671e-01 1.85283561e-01 1.93965717e-01 1.98097428e-01 1.96608613e-01 1.88851689e-01 1.74760036e-01 1.54773973e-01 1.29473436e-01 9.92422519e-02 6.41840319e-02 2.43521483e-02 -1.96783414e-02 -6.66159498e-02 -1.14278786e-01 -1.60437813e-01 -2.03152083e-01 -2.41373126e-01 -2.74679391e-01 -3.02980944e-01 -3.26123261e-01 -3.43809142e-01 -3.55632826e-01 -3.61568588e-01 -3.62092453e-01 -3.58173063e-01 -3.50905750e-01 -3.41255578e-01 -3.29821454e-01 -3.16865231e-01 -3.02526870e-01 -2.87052968e-01 -2.71015236e-01 -2.55177651e-01 -2.40410148e-01 -2.27297483e-01 -2.16146062e-01 -2.06955296e-01 -1.99660180e-01 -1.94217932e-01 -1.90738130e-01 -1.89180486e-01 -1.89398604e-01 -1.90764996e-01 -1.92388115e-01 -1.92986878e-01 -1.91221701e-01 -1.86098604e-01 -1.77090850e-01 -1.64560226e-01 -1.49490848e-01 -1.33190239e-01 -1.16784911e-01 -1.00761297e-01 -8.49679732e-02 -6.89928582e-02 -5.26037947e-02 -3.61846987e-02 -2.08289098e-02 -7.93973035e-03 1.11823278e-03 5.66389795e-03 5.95299585e-03 3.16613899e-03 -9.54200933e-04 -4.69154518e-03 -7.07155974e-03 -8.29942183e-03 -1.00376532e-02 -1.52266211e-02 -2.74668919e-02 -5.02364799e-02 -8.58207474e-02 -1.34171215e-01 -1.91712037e-01 -2.48903347e-01 -2.95596301e-01 -3.86056107e-01 -5.70107206e-01 -6.09507173e-01 -7.10863219e-01
3.60000000e+00 -4.22661483e-01 -3.18641066e-01 -2.33405074e-01 -2.26266315e-01 -1.99793455e-01 -1.46710455e-01 -9.21963811e-02 -4.58382210e-02 -9.72838409e-03 1.66638114e-02 3.55789504e-02 5.00078919e-02 6.28175631e-02 7.61183745e-02 9.09730799e-02 1.07391533e-01 1.24725510e-01 1.42015117e-01 1.58315345e-01 1.72778775e-01 1.84637934e-01 1.92914030e-01 1.96600835e-01 1.94706765e-01 1.86666972e-01 1.72486273e-01 1.52633613e-01 1.27659731e-01 9.78643638e-02 6.32467036e-02 2.37819801e-02 -1.99801152e-02 -6.67143739e-02 -1.14167021e-01 -1.60031573e-01 -2.02322623e-01 -2.40014133e-01 -2.72784912e-01 -3.00688702e-01 -3.23710871e-01 -3.41616094e-01 -3.53938086e-01 -3.60500188e-01 -3.61610030e-01 -3.58103750e-01 -3.51012125e-01 -3.41304494e-01 -3.29640492e-01 -3.16382339e-01 -3.01790134e-01 -2.86217366e-01 -2.70298191e-01 -2.54802290e-01 -2.40539519e-01 -2.27980069e-01 -2.17296104e-01 -2.08376259e-01 -2.01085323e-01 -1.95380783e-01 -1.91443652e-01 -1.89356744e-01 -1.89099251e-01 -1.90138789e-01 -1.91616551e-01 -1.92212060e-01 -1.90507220e-01 -1.85434336e-01 -1.76427152e-01 -1.63864369e-01 -1.48792542e-01 -1.32580043e-01 -1.16382906e-01 -1.00659150e-01 -8.51867820e-02 -6.94688656e-02 -5.32094868e-02 -3.67909963e-02 -2.13696377e-02 -8.43983091e-03 5.55661958e-04 4.91905424e-03 4.97640577e-03 2.03651310e-03 -2.02402161e-03 -5.41955655e-03 -7.22866212e-03 -7.84416962e-03 -9.21075951e-03 -1.45532734e-02 -2.76441635e-02 -5.19248481e-02 -8.93511433e-02 -1.39255064e-01 -1.97193057e-01 -2.52611657e-01 -2.97237212e-01 -3.91754819e-01 -5.67720421e-01 -5.95050856e-01 -6.99765922e-01
3.70000000e+00 -4.09339506e-01 -3.17758113e-01 -2.31796527e-01 -2.24122342e-01 -2.01824949e-01 -1.50595203e-01 -9.58442529e-02 -4.85106775e-02 -1.12830392e-02 1.60479786e-02 3.55734493e-02 5.02817814e-02 6.31325770e-02 7.63582562e-02 9.11199571e-02 1.07472792e-01 1.24765729e-01 1.42001379e-01 1.58182842e-01 1.72429690e-01 1.83964625e-01 1.91828446e-01 1.95064264e-01 1.92761929e-01 1.84440092e-01 1.70174327e-01 1.50458732e-01 1.25812521e-01 9.64506811e-02 6.22715928e-02 2.31774907e-02 -2.03046450e-02 -6.68157345e-02 -1.14037905e-01 -1.59592187e-01 -2.01454066e-01 -2.38617901e-01 -2.70857930e-01 -2.98367187e-01 -3.21268840e-01 -3.39389742e-01 -3.52207023e-01 -3.59394795e-01 -3.61093289e-01 -3.58005024e-01 -3.51095326e-01 -3.41335808e-01 -3.29446491e-01 -3.15890442e-01 -3.01048862e-01 -2.85382937e-01 -2.69588149e-01 -2.54438894e-01 -2.40682043e-01 -2.28674139e-01 -2.18454174e-01 -2.09802717e-01 -2.02515853e-01 -1.96552317e-01 -1.92161281e-01 -1.89547814e-01 -1.88812545e-01 -1.89519540e-01 -1.90841364e-01 -1.91421571e-01 -1.89767757e-01 -1.84739782e-01 -1.75736228e-01 -1.63150013e-01 -1.48087253e-01 -1.31972178e-01 -1.15986304e-01 -1.00559167e-01 -8.54022236e-02 -6.99377562e-02 -5.38109622e-02 -3.74030960e-02 -2.19294263e-02 -8.97156704e-03 -4.43012991e-05 4.14049433e-03 3.97836727e-03 9.02187013e-04 -3.08347685e-03 -6.13090871e-03 -7.37520117e-03 -7.39800531e-03 -8.42242844e-03 -1.39502421e-02 -2.79172402e-02 -5.37179746e-02 -9.29673245e-02 -1.44368611e-01 -2.02591935e-01 -2.56137872e-01 -2.99119925e-01 -3.97874717e-01 -5.64244565e-01 -5.81335805e-01 -6.88190766e-01
3.80000000e+00 -3.95944336e-01 -3.16544512e-01 -2.30630204e-01 -2.21858268e-01 -2.03593093e-01 -1.54417304e-01 -9.95302800e-02 -5.12549771e-02 -1.29153169e-02 1.53672176e-02 3.55259366e-02 5.05377455e-02 6.34488236e-02 7.66096696e-02 9.12793185e-02 1.07561148e-01 1.24804711e-01 1.41977938e-01 1.58033773e-01 1.72058574e-01 1.83262954e-01 1.90708662e-01 1.93488051e-01 1.90775081e-01 1.82172578e-01 1.67825929e-01 1.48250849e-01 1.23932691e-01 9.50013452e-02 6.12583043e-02 2.25381062e-02 -2.06522688e-02 -6.69199740e-02 -1.13890918e-01 -1.59118952e-01 -2.00545916e-01 -2.37184638e-01 -2.68899605e-01 -2.96018463e-01 -3.18799591e-01 -3.37132051e-01 -3.50440515e-01 -3.58252120e-01 -3.60540985e-01 -3.57875153e-01 -3.51153595e-01 -3.41348181e-01 -3.29238861e-01 -3.15389881e-01 -3.00304246e-01 -2.84551359e-01 -2.68886858e-01 -2.54088729e-01 -2.40838107e-01 -2.29379028e-01 -2.19618750e-01 -2.11232587e-01 -2.03949686e-01 -1.97730967e-01 -1.92890430e-01 -1.89754040e-01 -1.88539609e-01 -1.88908608e-01 -1.90063646e-01 -1.90615949e-01 -1.89003297e-01 -1.84014686e-01 -1.75017914e-01 -1.62417447e-01 -1.47375669e-01 -1.31367508e-01 -1.15595743e-01 -1.00461493e-01 -8.56138305e-02 -7.03986193e-02 -5.44072967e-02 -3.80205142e-02 -2.25084586e-02 -9.53565331e-03 -6.82464969e-04 3.32796632e-03 2.95959516e-03 -2.35142031e-04 -4.13042928e-03 -6.82395652e-03 -7.51107366e-03 -6.96304587e-03 -7.67695315e-03 -1.34230658e-02 -2.82911606e-02 -5.56179302e-02 -9.66659119e-02 -1.49500929e-01 -2.07889979e-01 -2.59483243e-01 -3.01294108e-01 -4.04315903e-01 -5.59689856e-01 -5.68448923e-01 -6.76108184e-01
3.90000000e+00 -3.82529552e-01 -3.14950465e-01 -2.29890914e-01 -2.19517709e-01 -2.05083974e-01 -1.58158671e-01 -1.03247279e-01 -5.40692678e-02 -1.46262510e-02 1.46190597e-02 3.54337526e-02 5.07737638e-02 6.37652069e-02 7.68723080e-02 9.14512753e-02 1.07656753e-01 1.24842360e-01 1.41944312e-01 1.57867398e-01 1.71664580e-01 1.82532246e-01 1.89554376e-01 1.91872559e-01 1.88747231e-01 1.79865980e-01 1.65442802e-01 1.46011449e-01 1.22021099e-01 9.35165020e-02 6.02064957e-02 2.18633308e-02 -2.10232498e-02 -6.70270319e-02 -1.13725589e-01 -1.58611261e-01 -1.99597754e-01 -2.35714574e-01 -2.66911077e-01 -2.93644558e-01 -3.16305506e-01 -3.34844986e-01 -3.48639457e-01 -3.57071899e-01 -3.59951895e-01 -3.57712423e-01 -3.51185174e-01 -3.41340273e-01 -3.29017012e-01 -3.14881000e-01 -2.99557481e-01 -2.83724311e-01 -2.68196047e-01 -2.53753020e-01 -2.41008070e-01 -2.30094058e-01 -2.20788323e-01 -2.12663813e-01 -2.05384780e-01 -1.98915175e-01 -1.93630503e-01 -1.89975722e-01 -1.88281528e-01 -1.88307297e-01 -1.89284474e-01 -1.89795754e-01 -1.88213862e-01 -1.83258869e-01 -1.74272099e-01 -1.61666980e-01 -1.46658459e-01 -1.30766842e-01 -1.15211807e-01 -1.00366253e-01 -8.58211526e-02 -7.08506079e-02 -5.49976347e-02 -3.86427984e-02 -2.31069098e-02 -1.01327390e-02 -1.35954649e-03 2.48129772e-03 1.92084236e-03 -1.37379958e-03 -5.16283140e-03 -7.49717660e-03 -7.63630204e-03 -6.54149001e-03 -6.97862993e-03 -1.29772005e-02 -2.87707796e-02 -5.76264960e-02 -1.00443166e-01 -1.54640616e-01 -2.13068863e-01 -2.62653793e-01 -3.03806015e-01 -4.10966755e-01 -5.54092357e-01 -5.56453346e-01 -6.63497621e-01
4.00000000e+00 -3.69145870e-01 -3.12935492e-01 -2.29553013e-01 -2.17146360e-01 -2.06287201e-01 -1.61800602e-01 -1.06987458e-01 -5.69514236e-02 -1.64166880e-02 1.38011466e-02 3.52942619e-02 5.09877795e-02 6.40805536e-02 7.71457793e-02 9.16358792e-02 1.07759728e-01 1.24878577e-01 1.41900040e-01 1.57682997e-01 1.71246858e-01 1.81771830e-01 1.88365291e-01 1.90218173e-01 1.86679415e-01 1.77521868e-01 1.63026659e-01 1.43741990e-01 1.20078566e-01 9.19963040e-02 5.91158798e-02 2.11527495e-02 -2.14177763e-02 -6.71368439e-02 -1.13541496e-01 -1.58068606e-01 -1.98609236e-01 -2.34207965e-01 -2.64893467e-01 -2.91247454e-01 -3.13788925e-01 -3.32530500e-01 -3.46804757e-01 -3.55853896e-01 -3.59324824e-01 -3.57515143e-01 -3.51188316e-01 -3.41310746e-01 -3.28780355e-01 -3.14364145e-01 -2.98809764e-01 -2.82903457e-01 -2.67517429e-01 -2.53432951e-01 -2.41192261e-01 -2.30818541e-01 -2.21961403e-01 -2.14094380e-01 -2.06819134e-01 -2.00103394e-01 -1.94380898e-01 -1.90213115e-01 -1.88039344e-01 -1.87716862e-01 -1.88504903e-01 -1.88961571e-01 -1.87399516e-01 -1.82472227e-01 -1.73498728e-01 -1.60898948e-01 -1.45936269e-01 -1.30170923e-01 -1.14835017e-01 -1.00273548e-01 -8.60237587e-02 -7.12929429e-02 -5.55811920e-02 -3.92695293e-02 -2.37249460e-02 -1.07634049e-02 -2.07616764e-03 1.60039854e-03 8.62899785e-04 -2.51213873e-03 -6.17873309e-03 -8.14917598e-03 -7.75103956e-03 -6.13561743e-03 -6.33175012e-03 -1.26180047e-02 -2.93607458e-02 -5.97451424e-02 -1.04294972e-01 -1.59775805e-01 -2.18110896e-01 -2.65660469e-01 -3.06696783e-01 -4.17706508e-01 -5.47512914e-01 -5.45387710e-01 -6.50348113e-01
4.10000000e+00 -3.55840608e-01 -3.10469010e-01 -2.29581003e-01 -2.14790876e-01 -2.07196298e-01 -1.65323957e-01 -1.10742379e-01 -5.98990216e-02 -1.82872742e-02 1.29112410e-02 3.51048609e-02 5.11777017e-02 6.43936127e-02 7.74296035e-02 9.18331189e-02 1.07870166e-01 1.24913260e-01 1.41844675e-01 1.57479862e-01 1.70804556e-01 1.80981047e-01 1.87141121e-01 1.88525302e-01 1.84572699e-01 1.75141827e-01 1.60579197e-01 1.41443891e-01 1.18105884e-01 9.04409120e-02 5.79862267e-02 2.04060314e-02 -2.18359618e-02 -6.72493411e-02 -1.13338268e-01 -1.57490573e-01 -1.97580102e-01 -2.32665093e-01 -2.62847879e-01 -2.88829087e-01 -3.11252141e-01 -3.30190537e-01 -3.44937337e-01 -3.54597908e-01 -3.58658607e-01 -3.57281649e-01 -3.51161285e-01 -3.41258265e-01 -3.28528301e-01 -3.13839661e-01 -2.98062290e-01 -2.82090452e-01 -2.66852688e-01 -2.53129657e-01 -2.41390978e-01 -2.31551779e-01 -2.23136515e-01 -2.15522312e-01 -2.08250795e-01 -2.01294096e-01 -1.95141004e-01 -1.90466425e-01 -1.87814050e-01 -1.87138497e-01 -1.87725970e-01 -1.88114005e-01 -1.86560363e-01 -1.81654740e-01 -1.72697807e-01 -1.60113707e-01 -1.45209718e-01 -1.29580431e-01 -1.14465832e-01 -1.00183457e-01 -8.62212381e-02 -7.17249150e-02 -5.61572595e-02 -3.99003228e-02 -2.43627226e-02 -1.14281600e-02 -2.83284986e-03 6.85264157e-04 -2.13404005e-04 -3.64854495e-03 -7.17628885e-03 -8.77870045e-03 -7.85557503e-03 -5.74778757e-03 -5.74059182e-03 -1.23507236e-02 -3.00654805e-02 -6.19750072e-02 -1.08216816e-01 -1.64894182e-01 -2.22999328e-01 -2.68519169e-01 -3.10000776e-01 -4.24408160e-01 -5.40035372e-01 -5.35266054e-01 -6.36658615e-01
4.20000000e+00 -3.42657243e-01 -3.07530654e-01 -2.29930385e-01 -2.12497694e-01 -2.07809027e-01 -1.68709367e-01 -1.14502917e-01 -6.29093183e-02 -2.02384435e-02 1.19472375e-02 3.48629855e-02 5.13414087e-02 6.47030550e-02 7.77232103e-02 9.20429177e-02 1.07988123e-01 1.24946302e-01 1.41777791e-01 1.57257304e-01 1.70336827e-01 1.80159249e-01 1.85881590e-01 1.86794380e-01 1.82428176e-01 1.72727456e-01 1.58102093e-01 1.39118534e-01 1.16103809e-01 8.88504973e-02 5.68173667e-02 1.96229315e-02 -2.22778458e-02 -6.73644489e-02 -1.13115588e-01 -1.56876849e-01 -1.96510174e-01 -2.31086272e-01 -2.60775400e-01 -2.86391342e-01 -3.08697390e-01 -3.27827023e-01 -3.43038134e-01 -3.53303758e-01 -3.57952112e-01 -3.57010308e-01 -3.51102358e-01 -3.41181504e-01 -3.28260267e-01 -3.13307895e-01 -2.97316253e-01 -2.81286936e-01 -2.66203478e-01 -2.52844229e-01 -2.41604487e-01 -2.32293067e-01 -2.24312207e-01 -2.16945679e-01 -2.09677860e-01 -2.02485774e-01 -1.95910202e-01 -1.90735811e-01 -1.87606586e-01 -1.86573340e-01 -1.86948685e-01 -1.87253685e-01 -1.85696556e-01 -1.80806466e-01 -1.71869399e-01 -1.59311635e-01 -1.44479399e-01 -1.28995981e-01 -1.14104649e-01 -1.00096033e-01 -8.64132023e-02 -7.21458872e-02 -5.67252049e-02 -4.05348314e-02 -2.50203828e-02 -1.21274393e-02 -3.63000989e-03 -2.64022170e-04 -1.30720330e-03 -4.78144087e-03 -8.15376463e-03 -9.38464253e-03 -7.95033694e-03 -5.38043820e-03 -5.20941167e-03 -1.21804733e-02 -3.08891554e-02 -6.43168763e-02 -1.12203775e-01 -1.69983020e-01 -2.27718669e-01 -2.71250620e-01 -3.13744029e-01 -4.30941632e-01 -5.31764170e-01 -5.26078375e-01 -6.22438095e-01
4.30000000e+00 -3.29635080e-01 -3.04110331e-01 -2.30548739e-01 -2.10311826e-01 -2.08127630e-01 -1.71937483e-01 -1.18259236e-01 -6.59792225e-02 -2.22704041e-02 1.09071733e-02 3.45661194e-02 5.14767510e-02 6.50074726e-02 7.80259370e-02 9.22651299e-02 1.08113621e-01 1.24977588e-01 1.41698979e-01 1.57014652e-01 1.69842829e-01 1.79305795e-01 1.84586437e-01 1.85025864e-01 1.80246965e-01 1.70280362e-01 1.55597007e-01 1.36767262e-01 1.14073068e-01 8.72252434e-02 5.56091918e-02 1.88032927e-02 -2.27433953e-02 -6.74820861e-02 -1.12873196e-01 -1.56227222e-01 -1.95399359e-01 -2.29471845e-01 -2.58677097e-01 -2.83936047e-01 -3.06126848e-01 -3.25441857e-01 -3.41108097e-01 -3.51971304e-01 -3.57204246e-01 -3.56699517e-01 -3.51009834e-01 -3.41079146e-01 -3.27975675e-01 -3.12769193e-01 -2.96572833e-01 -2.80494525e-01 -2.65571417e-01 -2.52577707e-01 -2.41833020e-01 -2.33041697e-01 -2.25487050e-01 -2.18362599e-01 -2.11098481e-01 -2.03676946e-01 -1.96687861e-01 -1.91021389e-01 -1.87417834e-01 -1.86022465e-01 -1.86174033e-01 -1.86381259e-01 -1.84808296e-01 -1.79927544e-01 -1.71013636e-01 -1.58493129e-01 -1.43745876e-01 -1.28418117e-01 -1.13751801e-01 -1.00011305e-01 -8.65992865e-02 -7.25552967e-02 -5.72844757e-02 -4.11727464e-02 -2.56980553e-02 -1.28616007e-02 -4.46795588e-03 -1.24728708e-03 -2.41759598e-03 -5.90929109e-03 -9.10954433e-03 -9.96604906e-03 -8.03589723e-03 -5.03608348e-03 -4.74243650e-03 -1.21122248e-02 -3.18356714e-02 -6.67711628e-02 -1.16250499e-01 -1.75029220e-01 -2.32255031e-01 -2.73880123e-01 -3.17942866e-01 -4.37177071e-01 -5.22821352e-01 -5.17791783e-01 -6.07705374e-01
4.40000000e+00 -3.16809008e-01 -3.00208030e-01 -2.31377006e-01 -2.08275662e-01 -2.08158981e-01 -1.74989246e-01 -1.22000766e-01 -6.91052670e-02 -2.43831252e-02 9.78923880e-03 3.42118020e-02 5.15815548e-02 6.53053798e-02 7.83370266e-02 9.24995382e-02 1.08246640e-01 1.25006998e-01 1.41607849e-01 1.56751254e-01 1.69321727e-01 1.78420060e-01 1.83255418e-01 1.83220231e-01 1.78030210e-01 1.67802157e-01 1.53065571e-01 1.34391372e-01 1.12014355e-01 8.55653486e-02 5.43616574e-02 1.79470481e-02 -2.32325065e-02 -6.76021633e-02 -1.12610888e-01 -1.55541578e-01 -1.94247655e-01 -2.27822190e-01 -2.56554020e-01 -2.81464975e-01 -3.03542630e-01 -3.23036913e-01 -3.39148187e-01 -3.50600438e-01 -3.56413957e-01 -3.56347711e-01 -3.50882033e-01 -3.40949889e-01 -3.27673953e-01 -3.12223902e-01 -2.95833205e-01 -2.79714816e-01 -2.64958084e-01 -2.52331078e-01 -2.42076773e-01 -2.33796953e-01 -2.26659640e-01 -2.19771247e-01 -2.12510863e-01 -2.04866161e-01 -1.97473340e-01 -1.91323226e-01 -1.87248615e-01 -1.85486882e-01 -1.85402972e-01 -1.85497394e-01 -1.83895838e-01 -1.79018193e-01 -1.70130713e-01 -1.57658608e-01 -1.43009682e-01 -1.27847314e-01 -1.13407555e-01 -9.99292748e-02 -8.67791515e-02 -7.29526567e-02 -5.78346004e-02 -4.18137992e-02 -2.63958531e-02 -1.36309235e-02 -5.34688400e-03 -2.26426517e-03 -3.54364448e-03 -7.03060696e-03 -1.00421360e-02 -1.05221284e-02 -8.11297450e-03 -4.71731184e-03 -4.34385489e-03 -1.21507886e-02 -3.29086373e-02 -6.93378879e-02 -1.20351189e-01 -1.80019380e-01 -2.36596484e-01 -2.76437130e-01 -3.22602720e-01 -4.42988225e-01 -5.13343117e-01 -5.10352217e-01 -5.92488741e-01
4.50000000e+00 -3.04209376e-01 -2.95833392e-01 -2.32350927e-01 -2.06427801e-01 -2.07914624e-01 -1.77846199e-01 -1.25716200e-01 -7.22835780e-02 -2.65763233e-02 8.59178800e-03 3.37976372e-02 5.16536257e-02 6.55952134e-02 7.86556267e-02 9.27458505e-02 1.08387121e-01 1.25034398e-01 1.41504029e-01 1.56466476e-01 1.68772702e-01 1.77501434e-01 1.81888311e-01 1.81377984e-01 1.75779077e-01 1.65294455e-01 1.50509394e-01 1.31992117e-01 1.09928336e-01 8.38710280e-02 5.30747845e-02 1.70542211e-02 -2.37450070e-02 -6.77245822e-02 -1.12328522e-01 -1.54819902e-01 -1.93055148e-01 -2.26137723e-01 -2.54407204e-01 -2.78979836e-01 -3.00946778e-01 -3.20614029e-01 -3.37159375e-01 -3.49191084e-01 -3.55580236e-01 -3.55953362e-01 -3.50717303e-01 -3.40792446e-01 -3.27354541e-01 -3.11672367e-01 -2.95098524e-01 -2.78949377e-01 -2.64365011e-01 -2.52105278e-01 -2.42335907e-01 -2.34558123e-01 -2.27828600e-01 -2.21169852e-01 -2.13913273e-01 -2.06052002e-01 -1.98265985e-01 -1.91641345e-01 -1.87099677e-01 -1.84967534e-01 -1.84636428e-01 -1.84602776e-01 -1.82959495e-01 -1.78078717e-01 -1.69220893e-01 -1.56808508e-01 -1.42271320e-01 -1.27283974e-01 -1.13072117e-01 -9.98499186e-02 -8.69524853e-02 -7.33375566e-02 -5.83751898e-02 -4.24577631e-02 -2.71138712e-02 -1.44356059e-02 -6.26687546e-03 -3.31459744e-03 -4.68437700e-03 -8.14395132e-03 -1.09501774e-02 -1.10522570e-02 -8.18243668e-03 -4.42678342e-03 -4.01780862e-03 -1.23007984e-02 -3.41113486e-02 -7.20166620e-02 -1.24499593e-01 -1.84939873e-01 -2.40733398e-01 -2.78954684e-01 -3.27717220e-01 -4.48255761e-01 -5.03475996e-01 -5.03686664e-01 -5.76825352e-01
4.60000000e+00 -2.91861952e-01 -2.91005064e-01 -2.33402608e-01 -2.04801970e-01 -2.07410711e-01 -1.80490813e-01 -1.29393503e-01 -7.55098440e-02 -2.88494487e-02 7.31334892e-03 3.33213015e-02 5.16907522e-02 6.58753336e-02 7.89807883e-02 9.30036977e-02 1.08534960e-01 1.25059649e-01 1.41387168e-01 1.56159704e-01 1.68194948e-01 1.76549321e-01 1.80484914e-01 1.79499645e-01 1.73494754e-01 1.62758867e-01 1.47930052e-01 1.29570704e-01 1.07815646e-01 8.21425152e-02 5.17486606e-02 1.61249273e-02 -2.42806582e-02 -6.78492344e-02 -1.12026012e-01 -1.54062278e-01 -1.91822016e-01 -2.24418897e-01 -2.52237666e-01 -2.76482278e-01 -2.98341264e-01 -3.18175003e-01 -3.35142644e-01 -3.47743201e-01 -3.54702125e-01 -3.55514987e-01 -3.50514026e-01 -3.40605549e-01 -3.27016887e-01 -3.11114928e-01 -2.94369931e-01 -2.78199745e-01 -2.63793680e-01 -2.51901187e-01 -2.42610546e-01 -2.35324490e-01 -2.28992581e-01 -2.22556707e-01 -2.15304035e-01 -2.07233088e-01 -1.99065130e-01 -1.91975725e-01 -1.86971699e-01 -1.84465299e-01 -1.83875298e-01 -1.83698110e-01 -1.81999637e-01 -1.77109494e-01 -1.68284513e-01 -1.55943281e-01 -1.41531260e-01 -1.26728431e-01 -1.12745625e-01 -9.97731849e-02 -8.71190048e-02 -7.37096636e-02 -5.89059382e-02 -4.31044542e-02 -2.78521847e-02 -1.52757636e-02 -7.22789408e-03 -4.39783002e-03 -5.83878888e-03 -9.24794311e-03 -1.18324419e-02 -1.15559857e-02 -8.24530323e-03 -4.16722709e-03 -3.76838408e-03 -1.25666947e-02 -3.54467674e-02 -7.48066663e-02 -1.28688989e-01 -1.89776948e-01 -2.44658789e-01 -2.81468695e-01 -3.33267573e-01 -4.52870453e-01 -4.93372773e-01 -4.97705802e-01 -5.60760433e-01
4.70000000e+00 -2.79787988e-01 -2.85749863e-01 -2.34462159e-01 -2.03426035e-01 -2.06667815e-01 -1.82906827e-01 -1.33019934e-01 -7.87792826e-02 -3.12016698e-02 5.95263381e-03 3.27805528e-02 5.16907104e-02 6.61440254e-02 7.93114652e-02 9.32726304e-02 1.08690004e-01 1.25082594e-01 1.41256929e-01 1.55830344e-01 1.67587681e-01 1.75563141e-01 1.79045055e-01 1.77585756e-01 1.71178447e-01 1.60196999e-01 1.45329091e-01 1.27128288e-01 1.05676896e-01 8.03800651e-02 5.03834410e-02 1.51593739e-02 -2.48391580e-02 -6.79760007e-02 -1.11703338e-01 -1.53268886e-01 -1.90548529e-01 -2.22666205e-01 -2.50046405e-01 -2.73973881e-01 -2.95727981e-01 -3.15721589e-01 -3.33098982e-01 -3.46256786e-01 -3.53778713e-01 -3.55031144e-01 -3.50270614e-01 -3.40387955e-01 -3.26660452e-01 -3.10551927e-01 -2.93648543e-01 -2.77467424e-01 -2.63245519e-01 -2.51719630e-01 -2.42900776e-01 -2.36095344e-01 -2.30150270e-01 -2.23930167e-01 -2.16681537e-01 -2.08408081e-01 -1.99870095e-01 -1.92326301e-01 -1.86865283e-01 -1.83980985e-01 -1.83120443e-01 -1.82784114e-01 -1.81016699e-01 -1.76110986e-01 -1.67321976e-01 -1.55063398e-01 -1.40789938e-01 -1.26180944e-01 -1.12428154e-01 -9.96989951e-02 -8.72784572e-02 -7.40687224e-02 -5.94266237e-02 -4.37537329e-02 -2.86108469e-02 -1.61514285e-02 -8.22978438e-03 -5.51341331e-03 -7.00584434e-03 -1.03412620e-02 -1.26878429e-02 -1.20330451e-02 -8.30274676e-03 -3.94143724e-03 -3.59960344e-03 -1.29527091e-02 -3.69175017e-02 -7.77066353e-02 -1.32912178e-01 -1.94516856e-01 -2.48368633e-01 -2.84017094e-01 -3.39222284e-01 -4.56736119e-01 -4.83188274e-01 -4.92306981e-01 -5.44346322e-01
4.80000000e+00 -2.68004362e-01 -2.80101783e-01 -2.35459373e-01 -2.02321150e-01 -2.05710625e-01 -1.85079600e-01 -1.36582102e-01 -8.20866089e-02 -3.36318586e-02 4.50854935e-03 3.21732391e-02 5.16512683e-02 6.63995005e-02 7.96465134e-02 9.35521172e-02 1.08852053e-01 1.25103065e-01 1.41112993e-01 1.55477824e-01 1.66950137e-01 1.74542335e-01 1.77568588e-01 1.75636884e-01 1.68831381e-01 1.57610444e-01 1.42708019e-01 1.24665978e-01 1.03512669e-01 7.85839557e-02 4.89793498e-02 1.41578600e-02 -2.54201439e-02 -6.81047502e-02 -1.11360538e-01 -1.52440002e-01 -1.89235049e-01 -2.20880186e-01 -2.47834410e-01 -2.71456160e-01 -2.93108743e-01 -3.13255492e-01 -3.31029385e-01 -3.44731871e-01 -3.52809144e-01 -3.54500440e-01 -3.49985523e-01 -3.40138443e-01 -3.26284711e-01 -3.09983699e-01 -2.92935454e-01 -2.76753878e-01 -2.62721894e-01 -2.51561377e-01 -2.43206645e-01 -2.36869975e-01 -2.31300384e-01 -2.25288654e-01 -2.18044231e-01 -2.09575689e-01 -2.00680186e-01 -1.92692962e-01 -1.86780949e-01 -1.83515328e-01 -1.82372690e-01 -1.81861521e-01 -1.80011181e-01 -1.75083730e-01 -1.66333762e-01 -1.54169345e-01 -1.40047753e-01 -1.25641703e-01 -1.12119716e-01 -9.96272429e-02 -8.74306214e-02 -7.44145553e-02 -5.99371083e-02 -4.44055046e-02 -2.93898876e-02 -1.70625473e-02 -9.27227018e-03 -6.66070140e-03 -8.18447833e-03 -1.14226527e-02 -1.35154391e-02 -1.24833509e-02 -8.35609410e-03 -3.75227002e-03 -3.51541576e-03 -1.34628480e-02 -3.85257862e-02 -8.07148396e-02 -1.37161484e-01 -1.99145996e-01 -2.51862149e-01 -2.86638854e-01 -3.45537232e-01 -4.59772233e-01 -4.73075152e-01 -4.87377462e-01 -5.27641365e-01
4.90000000e+00 -2.56523801e-01 -2.74100862e-01 -2.36325389e-01 -2.01501069e-01 -2.04567527e-01 -1.86996465e-01 -1.40066025e-01 -8.54260028e-02 -3.61385740e-02 2.98020684e-03 3.14973072e-02 5.15701903e-02 6.66398990e-02 7.99846915e-02 9.38415417e-02 1.09020853e-01 1.25120880e-01 1.40955058e-01 1.55101591e-01 1.66281581e-01 1.73486363e-01 1.76055400e-01 1.73653611e-01 1.66454793e-01 1.55000783e-01 1.40068310e-01 1.22184828e-01 1.01323529e-01 7.67544904e-02 4.75366809e-02 1.31207755e-02 -2.60231956e-02 -6.82353400e-02 -1.10997713e-01 -1.51575993e-01 -1.87882032e-01 -2.19061423e-01 -2.45602651e-01 -2.68930560e-01 -2.90485281e-01 -3.10778362e-01 -3.28934854e-01 -3.43168526e-01 -3.51792621e-01 -3.53921534e-01 -3.49657249e-01 -3.39855823e-01 -3.25889152e-01 -3.09410576e-01 -2.92231729e-01 -2.76060530e-01 -2.62224110e-01 -2.51427137e-01 -2.43528163e-01 -2.37647678e-01 -2.32441678e-01 -2.26630662e-01 -2.19390636e-01 -2.10734665e-01 -2.01494693e-01 -1.93075560e-01 -1.86719132e-01 -1.83068998e-01 -1.81632830e-01 -1.80931079e-01 -1.78983650e-01 -1.74028343e-01 -1.65320419e-01 -1.53261622e-01 -1.39305071e-01 -1.25110826e-01 -1.11820259e-01 -9.95577948e-02 -8.75753097e-02 -7.47470621e-02 -6.04373375e-02 -4.50597202e-02 -3.01893110e-02 -1.80089805e-02 -1.03549537e-02 -7.83895199e-03 -9.37359873e-03 -1.24909293e-02 -1.43144384e-02 -1.29070076e-02 -8.40682687e-03 -3.60263937e-03 -3.51968789e-03 -1.41008764e-02 -4.02734631e-02 -8.38290699e-02 -1.41428754e-01 -2.03651079e-01 -2.55142029e-01 -2.89372920e-01 -3.52156112e-01 -4.61916124e-01 -4.63179778e-01 -4.82797804e-01 -5.10708711e-01
5.00000000e+00 -2.45355165e-01 -2.67791970e-01 -2.36994300e-01 -2.00971633e-01 -2.03270073e-01 -1.88647065e-01 -1.43457224e-01 -8.87910796e-02 -3.87200444e-02 1.36693233e-03 3.07508114e-02 5.14452428e-02 6.68632918e-02 8.03246609e-02 9.41402008e-02 1.09196097e-01 1.25135836e-01 1.40782835e-01 1.54701115e-01 1.65581306e-01 1.72394708e-01 1.74505409e-01 1.71636543e-01 1.64049932e-01 1.52369578e-01 1.37411393e-01 1.19685843e-01 9.91100161e-02 7.48919998e-02 4.60557984e-02 1.20486003e-02 -2.66478386e-02 -6.83676151e-02 -1.10615026e-01 -1.50677319e-01 -1.86490026e-01 -2.17210548e-01 -2.43352087e-01 -2.66398454e-01 -2.87859241e-01 -3.08291789e-01 -3.26816391e-01 -3.41566858e-01 -3.50728402e-01 -3.53293136e-01 -3.49284336e-01 -3.39538936e-01 -3.25473285e-01 -3.08832886e-01 -2.91538405e-01 -2.75388755e-01 -2.61753403e-01 -2.51317564e-01 -2.43865304e-01 -2.38427758e-01 -2.33572946e-01 -2.27954753e-01 -2.20719338e-01 -2.11883814e-01 -2.02312896e-01 -1.93473900e-01 -1.86680184e-01 -1.82642590e-01 -1.80901615e-01 -1.79993547e-01 -1.77934742e-01 -1.72945515e-01 -1.64282569e-01 -1.52340742e-01 -1.38562217e-01 -1.24588360e-01 -1.11529668e-01 -9.94904901e-02 -8.77123685e-02 -7.50662187e-02 -6.09273397e-02 -4.57163762e-02 -3.10090943e-02 -1.89905020e-02 -1.14773155e-02 -9.04732662e-03 -1.05720887e-02 -1.35449797e-02 -1.50842024e-02 -1.33043129e-02 -8.45658143e-03 -3.49551253e-03 -3.61619519e-03 -1.48703019e-02 -4.21619636e-02 -8.70466218e-02 -1.45705369e-01 -2.08019316e-01 -2.58214620e-01 -2.92257056e-01 -3.59011251e-01 -4.63124690e-01 -4.53638370e-01 -4.78445318e-01 -4.93615036e-01
5.10000000e+00 -2.34503794e-01 -2.61223530e-01 -2.37404666e-01 -2.00730470e-01 -2.01852345e-01 -1.90023675e-01 -1.46740841e-01 -9.21748627e-02 -4.13741502e-02 -3.31723172e-04 2.99319223e-02 5.12741990e-02 6.70676840e-02 8.06649865e-02 9.44473028e-02 1.09377420e-01 1.25147713e-01 1.40596049e-01 1.54275887e-01 1.64848637e-01 1.71266878e-01 1.72918573e-01 1.69586303e-01 1.61618057e-01 1.49718370e-01 1.34738658e-01 1.17169979e-01 9.68726542e-02 7.29968443e-02 4.45371370e-02 1.09419022e-02 -2.72935471e-02 -6.85014084e-02 -1.10212701e-01 -1.49744528e-01 -1.85059669e-01 -2.15328240e-01 -2.41083664e-01 -2.63861144e-01 -2.85232177e-01 -3.05797301e-01 -3.24674998e-01 -3.39927013e-01 -3.49615808e-01 -3.52614012e-01 -3.48865378e-01 -3.39186657e-01 -3.25036631e-01 -3.08250949e-01 -2.90856481e-01 -2.74739879e-01 -2.61310939e-01 -2.51233253e-01 -2.44218001e-01 -2.39209523e-01 -2.34693023e-01 -2.29259564e-01 -2.22028990e-01 -2.13021990e-01 -2.03134060e-01 -1.93887747e-01 -1.86664363e-01 -1.82236629e-01 -1.80179758e-01 -1.79049693e-01 -1.76865166e-01 -1.71836012e-01 -1.63220908e-01 -1.51407234e-01 -1.37819481e-01 -1.24074285e-01 -1.11247772e-01 -9.94251421e-02 -8.78416798e-02 -7.53720767e-02 -6.14072252e-02 -4.63755151e-02 -3.18491860e-02 -2.00067983e-02 -1.26387142e-02 -1.02848913e-02 -1.17788095e-02 -1.45837689e-02 -1.58242494e-02 -1.36757600e-02 -8.50714834e-03 -3.43390523e-03 -3.80861201e-03 -1.57743591e-02 -4.41922905e-02 -9.03642815e-02 -1.49982263e-01 -2.12238630e-01 -2.61090022e-01 -2.95326649e-01 -3.66024781e-01 -4.63375576e-01 -4.44573462e-01 -4.74197474e-01 -4.76429226e-01
5.20000000e+00 -2.23971883e-01 -2.54446214e-01 -2.37500890e-01 -2.00766888e-01 -2.00350232e-01 -1.91121491e-01 -1.49901777e-01 -9.55697614e-02 -4.40984042e-02 -2.11597340e-03 2.90389356e-02 5.10548452e-02 6.72510173e-02 8.10041377e-02 9.47619653e-02 1.09564398e-01 1.25156271e-01 1.40394433e-01 1.53825422e-01 1.64082936e-01 1.70102407e-01 1.71294882e-01 1.67503536e-01 1.59160432e-01 1.47048675e-01 1.32051449e-01 1.14638136e-01 9.46119514e-02 7.10694155e-02 4.29812022e-02 9.80133518e-03 -2.79597472e-02 -6.86365410e-02 -1.09791022e-01 -1.48778251e-01 -1.83591694e-01 -2.13415233e-01 -2.38798315e-01 -2.61319862e-01 -2.82605557e-01 -3.03296360e-01 -3.22511674e-01 -3.38249175e-01 -3.48454224e-01 -3.51882989e-01 -3.48399024e-01 -3.38797900e-01 -3.24578737e-01 -3.07665081e-01 -2.90186924e-01 -2.74115172e-01 -2.60897809e-01 -2.51174738e-01 -2.44586153e-01 -2.39992294e-01 -2.35800787e-01 -2.30543809e-01 -2.23318319e-01 -2.14148104e-01 -2.03957437e-01 -1.94316824e-01 -1.86671839e-01 -1.81851566e-01 -1.79467933e-01 -1.78100299e-01 -1.75775700e-01 -1.70700672e-01 -1.62136198e-01 -1.50461638e-01 -1.37077115e-01 -1.23568514e-01 -1.10974335e-01 -9.93615381e-02 -8.79631614e-02 -7.56647618e-02 -6.18771844e-02 -4.70372246e-02 -3.27095047e-02 -2.10574681e-02 -1.38383879e-02 -1.15506177e-02 -1.29926030e-02 -1.56063434e-02 -1.65342582e-02 -1.40220403e-02 -8.56047118e-03 -3.42087644e-03 -4.10050202e-03 -1.68159931e-02 -4.63650007e-02 -9.37783137e-02 -1.54249951e-01 -2.16297875e-01 -2.63782110e-01 -2.98613508e-01 -3.73110149e-01 -4.62667776e-01 -4.36090812e-01 -4.69935187e-01 -4.59221061e-01
5.30000000e+00 -2.13758898e-01 -2.47511663e-01 -2.37234418e-01 -2.01061999e-01 -1.98800630e-01 -1.91938876e-01 -1.52924858e-01 -9.89675538e-02 -4.68899322e-02 -3.98578635e-03 2.80702808e-02 5.07849867e-02 6.74111741e-02 8.13404899e-02 9.50832144e-02 1.09756543e-01 1.25161248e-01 1.40177732e-01 1.53349257e-01 1.63283603e-01 1.68900857e-01 1.69634370e-01 1.65388905e-01 1.56678323e-01 1.44361978e-01 1.29351062e-01 1.12091167e-01 9.23284027e-02 6.91101384e-02 4.13885703e-02 8.62763626e-03 -2.86458198e-02 -6.87728233e-02 -1.09350331e-01 -1.47779205e-01 -1.82086917e-01 -2.11472312e-01 -2.36496966e-01 -2.58775767e-01 -2.79980755e-01 -3.00790356e-01 -3.20327414e-01 -3.36533569e-01 -3.47243098e-01 -3.51098954e-01 -3.47883978e-01 -3.38371619e-01 -3.24099165e-01 -3.07075587e-01 -2.89530658e-01 -2.73515846e-01 -2.60515026e-01 -2.51142493e-01 -2.44969618e-01 -2.40775400e-01 -2.36895160e-01 -2.31806276e-01 -2.24586121e-01 -2.15261120e-01 -2.04782270e-01 -1.94760811e-01 -1.86702689e-01 -1.81487783e-01 -1.78766773e-01 -1.77146151e-01 -1.74667196e-01 -1.69540406e-01 -1.61029273e-01 -1.49504505e-01 -1.36335331e-01 -1.23070894e-01 -1.10709068e-01 -9.92994415e-02 -8.80767678e-02 -7.59444722e-02 -6.23374862e-02 -4.77016368e-02 -3.35899376e-02 -2.21420225e-02 -1.50754550e-02 -1.28433846e-02 -1.42122952e-02 -1.66118345e-02 -1.72140706e-02 -1.43440445e-02 -8.61864482e-03 -3.45952277e-03 -4.49530825e-03 -1.79978447e-02 -4.86801895e-02 -9.72844500e-02 -1.58498567e-01 -2.20187075e-01 -2.66308465e-01 -3.02144673e-01 -3.80173935e-01 -4.61021637e-01 -4.28276832e-01 -4.65545878e-01 -4.42059925e-01
5.40000000e+00 -2.03862004e-01 -2.40471243e-01 -2.36564745e-01 -2.01589050e-01 -1.97240589e-01 -1.92477558e-01 -1.55795022e-01 -1.02359378e-01 -4.97454518e-02 -5.94087365e-03 2.70245297e-02 5.04624540e-02 6.75459815e-02 8.16723260e-02 9.54099829e-02 1.09953306e-01 1.25162355e-01 1.39945699e-01 1.52846952e-01 1.62450076e-01 1.67661825e-01 1.67937108e-01 1.63243091e-01 1.54172995e-01 1.41659734e-01 1.26638743e-01 1.09529876e-01 9.00224932e-02 6.71194736e-02 3.97598881e-02 7.42162266e-03 -2.93511042e-02 -6.89100560e-02 -1.08891025e-01 -1.46748185e-01 -1.80546247e-01 -2.09500319e-01 -2.34180529e-01 -2.56229945e-01 -2.77359053e-01 -2.98280607e-01 -3.18123203e-01 -3.34780454e-01 -3.45981947e-01 -3.50260861e-01 -3.47319009e-01 -3.37906812e-01 -3.23597503e-01 -3.06482767e-01 -2.88888566e-01 -2.72943051e-01 -2.60163521e-01 -2.51136933e-01 -2.45368222e-01 -2.41558180e-01 -2.37975116e-01 -2.33045830e-01 -2.25831265e-01 -2.16360056e-01 -2.05607791e-01 -1.95219348e-01 -1.86756900e-01 -1.81145585e-01 -1.78076867e-01 -1.76188047e-01 -1.73540576e-01 -1.68356195e-01 -1.59901031e-01 -1.48536399e-01 -1.35594303e-01 -1.22581210e-01 -1.10451624e-01 -9.92385923e-02 -8.81824906e-02 -7.62114766e-02 -6.27884759e-02 -4.83689271e-02 -3.44903397e-02 -2.32598847e-02 -1.63489161e-02 -1.41619799e-02 -1.54366991e-02 -1.75994618e-02 -1.78636943e-02 -1.46428635e-02 -8.68391315e-03 -3.55297243e-03 -4.99634285e-03 -1.93222345e-02 -5.11374752e-02 -1.00877881e-01 -1.62717919e-01 -2.23897671e-01 -2.68690204e-01 -3.05941298e-01 -3.87117920e-01 -4.58478257e-01 -4.21196609e-01 -4.60926253e-01 -4.25013579e-01
5.50000000e+00 -1.94276495e-01 -2.33374883e-01 -2.35460197e-01 -2.02313972e-01 -1.95706422e-01 -1.92742766e-01 -1.58497527e-01 -1.05735733e-01 -5.26612516e-02 -7.98067952e-03 2.59004054e-02 5.00851099e-02 6.76532153e-02 8.19978387e-02 9.57411096e-02 1.10154071e-01 1.25159279e-01 1.39698087e-01 1.52318091e-01 1.61581840e-01 1.66384941e-01 1.66203209e-01 1.61066797e-01 1.51645710e-01 1.38943360e-01 1.23915689e-01 1.06955018e-01 8.76947005e-02 6.50979183e-02 3.80958725e-02 6.18418822e-03 -3.00749002e-02 -6.90480310e-02 -1.08413557e-01 -1.45686064e-01 -1.78970675e-01 -2.07500148e-01 -2.31849910e-01 -2.53683412e-01 -2.74741636e-01 -2.95768354e-01 -3.15900013e-01 -3.32990133e-01 -3.44670353e-01 -3.49367729e-01 -3.46702946e-01 -3.37402522e-01 -3.23073359e-01 -3.05886909e-01 -2.88261486e-01 -2.72397867e-01 -2.59844146e-01 -2.51158412e-01 -2.45781755e-01 -2.42339988e-01 -2.39039675e-01 -2.34261415e-01 -2.27052695e-01 -2.17443989e-01 -2.06433226e-01 -1.95692029e-01 -1.86834362e-01 -1.80825208e-01 -1.77398766e-01 -1.75226790e-01 -1.72396835e-01 -1.67149087e-01 -1.58752438e-01 -1.47557895e-01 -1.34854165e-01 -1.22099187e-01 -1.10201604e-01 -9.91787095e-02 -8.82803583e-02 -7.64661126e-02 -6.32305725e-02 -4.90393126e-02 -3.54105327e-02 -2.44103909e-02 -1.76576566e-02 -1.55051028e-02 -1.66646186e-02 -1.85685362e-02 -1.84833048e-02 -1.49197884e-02 -8.75866619e-03 -3.70437878e-03 -5.60677669e-03 -2.07911484e-02 -5.37359843e-02 -1.04553249e-01 -1.66897550e-01 -2.27422766e-01 -2.70951710e-01 -3.10017623e-01 -3.93841376e-01 -4.55098304e-01 -4.14892566e-01 -4.55984711e-01 -4.08147026e-01
5.60000000e+00 -1.84996220e-01 -2.26270014e-01 -2.33898468e-01 -2.03196115e-01 -1.94232799e-01 -1.92743298e-01 -1.61018182e-01 -1.09086486e-01 -5.56331695e-02 -1.01043695e-02 2.46967906e-02 4.96508563e-02 6.77306052e-02 8.23151326e-02 9.60753388e-02 1.10358152e-01 1.25151678e-01 1.39434658e-01 1.51762284e-01 1.60678422e-01 1.65069873e-01 1.64432829e-01 1.58860742e-01 1.49097722e-01 1.36214235e-01 1.21183042e-01 1.04367302e-01 8.53454974e-02 6.30460088e-02 3.63973097e-02 4.91629952e-03 -3.08164718e-02 -6.91865336e-02 -1.07918430e-01 -1.44593786e-01 -1.77361275e-01 -2.05472753e-01 -2.29506007e-01 -2.51137113e-01 -2.72129598e-01 -2.93254757e-01 -3.13658803e-01 -3.31162944e-01 -3.43307969e-01 -3.48418648e-01 -3.46034688e-01 -3.36857844e-01 -3.22526366e-01 -3.05288292e-01 -2.87650211e-01 -2.71881306e-01 -2.59557667e-01 -2.51207221e-01 -2.46209973e-01 -2.43120187e-01 -2.40087910e-01 -2.35452051e-01 -2.28249427e-01 -2.18512048e-01 -2.07257796e-01 -1.96178408e-01 -1.86934879e-01 -1.80526812e-01 -1.76732974e-01 -1.74263193e-01 -1.71237035e-01 -1.65920201e-01 -1.57584517e-01 -1.46569577e-01 -1.34115016e-01 -1.21624493e-01 -1.09958558e-01 -9.91194923e-02 -8.83704364e-02 -7.67087837e-02 -6.36642659e-02 -4.97130504e-02 -3.63503047e-02 -2.55927904e-02 -1.90004492e-02 -1.68713674e-02 -1.78948518e-02 -1.95184627e-02 -1.90732471e-02 -1.51763094e-02 -8.84543656e-03 -3.91691351e-03 -6.32962858e-03 -2.24062225e-02 -5.64743388e-02 -1.08304646e-01 -1.71026824e-01 -2.30757372e-01 -2.73120251e-01 -3.14380080e-01 -4.00243480e-01 -4.50960272e-01 -4.09383783e-01 -4.50643347e-01 -3.91521486e-01
5.70000000e+00 -1.76013989e-01 -2.19200641e-01 -2.31866917e-01 -2.04189170e-01 -1.92851861e-01 -1.92491508e-01 -1.63343589e-01 -1.12400902e-01 -5.86565713e-02 -1.23108185e-02 2.34127363e-02 4.91576419e-02 6.77758394e-02 8.26222271e-02 9.64113196e-02 1.10564795e-01 1.25139179e-01 1.39155168e-01 1.51179164e-01 1.59739395e-01 1.63716328e-01 1.62626166e-01 1.56625667e-01 1.46530272e-01 1.33473698e-01 1.18441890e-01 1.01767393e-01 8.29753550e-02 6.09643213e-02 3.46650542e-02 3.61899157e-03 -3.15750497e-02 -6.93253444e-02 -1.07406195e-01 -1.43472367e-01 -1.75719203e-01 -2.03419144e-01 -2.27149711e-01 -2.48591927e-01 -2.69523936e-01 -2.90740901e-01 -3.11400513e-01 -3.29299264e-01 -3.41894516e-01 -3.47412783e-01 -3.45313201e-01 -3.36271925e-01 -3.21956181e-01 -3.04687182e-01 -2.87055483e-01 -2.71394303e-01 -2.59304761e-01 -2.51283591e-01 -2.46652603e-01 -2.43898156e-01 -2.41118949e-01 -2.36616838e-01 -2.29420556e-01 -2.19563418e-01 -2.08080718e-01 -1.96677990e-01 -1.87058163e-01 -1.80250487e-01 -1.76079956e-01 -1.73298071e-01 -1.70062306e-01 -1.64670721e-01 -1.56398350e-01 -1.45572043e-01 -1.33376914e-01 -1.21156741e-01 -1.09721987e-01 -9.90606228e-02 -8.84528267e-02 -7.69399576e-02 -6.40901138e-02 -5.03904346e-02 -3.73094095e-02 -2.68062464e-02 -2.03759572e-02 -1.82593054e-02 -1.91261953e-02 -2.04487436e-02 -1.96340373e-02 -1.54141144e-02 -8.94689546e-03 -4.19375933e-03 -7.16775432e-03 -2.41687292e-02 -5.93506432e-02 -1.12125614e-01 -1.75095016e-01 -2.33898641e-01 -2.75225504e-01 -3.19026576e-01 -4.06225820e-01 -4.46158241e-01 -4.04666006e-01 -4.44839497e-01 -3.75193505e-01
5.80000000e+00 -1.67321951e-01 -2.12206553e-01 -2.29362607e-01 -2.05242242e-01 -1.91592358e-01 -1.92003222e-01 -1.65461395e-01 -1.15667673e-01 -6.17263304e-02 -1.45985991e-02 2.20474702e-02 4.86034694e-02 6.77865709e-02 8.29170590e-02 9.67476064e-02 1.10773173e-01 1.25121376e-01 1.38859375e-01 1.50568392e-01 1.58764381e-01 1.62324060e-01 1.60783459e-01 1.54362328e-01 1.43944589e-01 1.30723040e-01 1.15693265e-01 9.91559143e-02 8.05847451e-02 5.88534739e-02 3.29000277e-02 2.29336334e-03 -3.23498337e-02 -6.94642409e-02 -1.06877449e-01 -1.42322889e-01 -1.74045690e-01 -2.01340387e-01 -2.24781907e-01 -2.46048661e-01 -2.66925550e-01 -2.88227783e-01 -3.09126059e-01 -3.27399508e-01 -3.40429787e-01 -3.46349374e-01 -3.44537527e-01 -3.35643964e-01 -3.21362487e-01 -3.04083833e-01 -2.86477991e-01 -2.70937717e-01 -2.59086021e-01 -2.51387690e-01 -2.47109338e-01 -2.44673287e-01 -2.42131976e-01 -2.37754951e-01 -2.30565250e-01 -2.20597338e-01 -2.08901210e-01 -1.97190241e-01 -1.87203837e-01 -1.79996248e-01 -1.75440131e-01 -1.72332249e-01 -1.68873842e-01 -1.63401894e-01 -1.55195074e-01 -1.44565896e-01 -1.32639883e-01 -1.20695494e-01 -1.09491346e-01 -9.90017677e-02 -8.85276671e-02 -7.71601628e-02 -6.45087381e-02 -5.10717942e-02 -3.82875663e-02 -2.80498374e-02 -2.17827383e-02 -1.96673700e-02 -2.03574476e-02 -2.13589803e-02 -2.01663633e-02 -1.56350866e-02 -9.06584794e-03 -4.53810230e-03 -8.12383548e-03 -2.60795631e-02 -6.23624739e-02 -1.16009151e-01 -1.79091429e-01 -2.36846086e-01 -2.77298972e-01 -3.23945961e-01 -4.11694901e-01 -4.40799188e-01 -4.00712302e-01 -4.38526797e-01 -3.59214222e-01
5.90000000e+00 -1.58911941e-01 -2.05322695e-01 -2.26392096e-01 -2.06301049e-01 -1.90478859e-01 -1.91297561e-01 -1.67360552e-01 -1.18874979e-01 -6.48368078e-02 -1.69659681e-02 2.06004056e-02 4.79864042e-02 6.77604227e-02 8.31974860e-02 9.70826587e-02 1.10982387e-01 1.25097830e-01 1.38547031e-01 1.49929654e-01 1.57753051e-01 1.60892868e-01 1.58904992e-01 1.52071502e-01 1.41341882e-01 1.27963507e-01 1.12938142e-01 9.65334503e-02 7.81741432e-02 5.67141276e-02 3.11032175e-02 9.40572968e-04 -3.31399959e-02 -6.96030001e-02 -1.06332830e-01 -1.41146498e-01 -1.72342042e-01 -1.99237606e-01 -2.22403479e-01 -2.43508060e-01 -2.64335249e-01 -2.85716321e-01 -3.06836335e-01 -3.25464125e-01 -3.38913644e-01 -3.45227739e-01 -3.43706781e-01 -3.34973222e-01 -3.20744993e-01 -3.03478487e-01 -2.85918372e-01 -2.70512320e-01 -2.58901949e-01 -2.51519624e-01 -2.47579844e-01 -2.45444988e-01 -2.43126230e-01 -2.38865645e-01 -2.31682754e-01 -2.21613101e-01 -2.09718491e-01 -1.97714577e-01 -1.87371442e-01 -1.79764038e-01 -1.74813878e-01 -1.71366558e-01 -1.67672899e-01 -1.62115033e-01 -1.53975874e-01 -1.43551751e-01 -1.31903912e-01 -1.20240265e-01 -1.09266049e-01 -9.89425813e-02 -8.85951302e-02 -7.73699861e-02 -6.49208216e-02 -5.17574899e-02 -3.92844598e-02 -2.93225583e-02 -2.32192487e-02 -2.10939407e-02 -2.15874140e-02 -2.22488761e-02 -2.06710853e-02 -1.58413015e-02 -9.20522763e-03 -4.95312372e-03 -9.20036785e-03 -2.81392279e-02 -6.55068689e-02 -1.19947722e-01 -1.83005516e-01 -2.39601764e-01 -2.79373313e-01 -3.29117736e-01 -4.16564576e-01 -4.34999950e-01 -3.97474365e-01 -4.31675762e-01 -3.43628793e-01
6.00000000e+00 -1.50775780e-01 -1.98578711e-01 -2.22971002e-01 -2.07309218e-01 -1.89531032e-01 -1.90396683e-01 -1.69031575e-01 -1.22010551e-01 -6.79818354e-02 -1.94108540e-02 1.90711496e-02 4.73045820e-02 6.76949946e-02 8.34612902e-02 9.74148420e-02 1.11191462e-01 1.25068062e-01 1.38217880e-01 1.49262660e-01 1.56705127e-01 1.59422601e-01 1.56991092e-01 1.49753983e-01 1.38723338e-01 1.25196294e-01 1.10177437e-01 9.39005483e-02 7.57440308e-02 5.45469873e-02 2.92756748e-02 -4.38167208e-04 -3.39446827e-02 -6.97414010e-02 -1.05773013e-01 -1.39944398e-01 -1.70609634e-01 -1.97111981e-01 -2.20015303e-01 -2.40970803e-01 -2.61753744e-01 -2.83207347e-01 -3.04532204e-01 -3.23493602e-01 -3.37346020e-01 -3.44047279e-01 -3.42820158e-01 -3.34259017e-01 -3.20103435e-01 -3.02871368e-01 -2.85377208e-01 -2.70118803e-01 -2.58752958e-01 -2.51679435e-01 -2.48063760e-01 -2.46212682e-01 -2.44101010e-01 -2.39948251e-01 -2.32772392e-01 -2.22610049e-01 -2.10531787e-01 -1.98250370e-01 -1.87560434e-01 -1.79553728e-01 -1.74201531e-01 -1.70401832e-01 -1.66460790e-01 -1.60811511e-01 -1.52741983e-01 -1.42530230e-01 -1.31168953e-01 -1.19790525e-01 -1.09045470e-01 -9.88827079e-02 -8.86554224e-02 -7.75700693e-02 -6.53271034e-02 -5.24479103e-02 -4.02997401e-02 -3.06233218e-02 -2.46838474e-02 -2.25373278e-02 -2.28149101e-02 -2.31182378e-02 -2.11492359e-02 -1.60350227e-02 -9.36809078e-03 -5.44199152e-03 -1.03996498e-02 -3.03478238e-02 -6.87803199e-02 -1.23933275e-01 -1.86827024e-01 -2.42170433e-01 -2.81481592e-01 -3.34511991e-01 -4.20758343e-01 -4.28883906e-01 -3.94884389e-01 -4.24273857e-01 -3.28475980e-01
6.10000000e+00 -1.42905531e-01 -1.91998656e-01 -2.19123343e-01 -2.08209639e-01 -1.88763039e-01 -1.89325442e-01 -1.70466794e-01 -1.25061761e-01 -7.11547007e-02 -2.19308427e-02 1.74595122e-02 4.65562179e-02 6.75878696e-02 8.37061820e-02 9.77424288e-02 1.11399345e-01 1.25031554e-01 1.37871660e-01 1.48567150e-01 1.55620380e-01 1.57913162e-01 1.55042127e-01 1.47410582e-01 1.36090121e-01 1.22422544e-01 1.07412008e-01 9.12577225e-02 7.32948984e-02 5.23528034e-02 2.74185129e-02 -1.84159575e-03 -3.47630180e-02 -6.98792265e-02 -1.05198707e-01 -1.38717852e-01 -1.68849908e-01 -1.94964745e-01 -2.17618258e-01 -2.38437509e-01 -2.59181657e-01 -2.80701609e-01 -3.02214496e-01 -3.21488458e-01 -3.35726920e-01 -3.42807478e-01 -3.41876933e-01 -3.33500729e-01 -3.19437576e-01 -3.02262687e-01 -2.84855021e-01 -2.69757765e-01 -2.58639372e-01 -2.51867106e-01 -2.48560701e-01 -2.46975807e-01 -2.45055676e-01 -2.41002174e-01 -2.33833560e-01 -2.23587575e-01 -2.11340328e-01 -1.98796945e-01 -1.87770191e-01 -1.79365120e-01 -1.73603385e-01 -1.69438914e-01 -1.65238882e-01 -1.59492762e-01 -1.51494672e-01 -1.41501967e-01 -1.30434929e-01 -1.19345703e-01 -1.08828946e-01 -9.88217844e-02 -8.87087827e-02 -7.77611064e-02 -6.57283751e-02 -5.31434688e-02 -4.13330227e-02 -3.19509608e-02 -2.61748014e-02 -2.39957775e-02 -2.40387667e-02 -2.39669781e-02 -2.16020198e-02 -1.62186975e-02 -9.55760979e-03 -6.00785134e-03 -1.17237704e-02 -3.27050351e-02 -7.21787657e-02 -1.27957265e-01 -1.90546152e-01 -2.44559664e-01 -2.83656460e-01 -3.40089617e-01 -4.24211420e-01 -4.22577493e-01 -3.92857466e-01 -4.16325109e-01 -3.13787923e-01
6.20000000e+00 -1.35293705e-01 -1.85600874e-01 -2.14880684e-01 -2.08945843e-01 -1.88183054e-01 -1.88110960e-01 -1.71660590e-01 -1.28015722e-01 -7.43481364e-02 -2.45231638e-02 1.57655149e-02 4.57396147e-02 6.74366210e-02 8.39298040e-02 9.80635998e-02 1.11604910e-01 1.24987746e-01 1.37508093e-01 1.47842888e-01 1.54498632e-01 1.56364509e-01 1.53058508e-01 1.45042128e-01 1.33443365e-01 1.19643345e-01 1.04642655e-01 8.86054564e-02 7.08272479e-02 5.01323715e-02 2.55329045e-02 -3.26840729e-03 -3.55941054e-02 -7.00162664e-02 -1.04610651e-01 -1.37468171e-01 -1.67064371e-01 -1.92797188e-01 -2.15213218e-01 -2.35908740e-01 -2.56619515e-01 -2.78199771e-01 -2.99884008e-01 -3.19449245e-01 -3.34056418e-01 -3.41507907e-01 -3.40876464e-01 -3.32697803e-01 -3.18747207e-01 -3.01652638e-01 -2.84352275e-01 -2.69429715e-01 -2.58561424e-01 -2.52082552e-01 -2.49070257e-01 -2.47733822e-01 -2.45989648e-01 -2.42026896e-01 -2.34865735e-01 -2.24545121e-01 -2.12143357e-01 -1.99353578e-01 -1.88000018e-01 -1.79197942e-01 -1.73019692e-01 -1.68478650e-01 -1.64008592e-01 -1.58160278e-01 -1.50235252e-01 -1.40467599e-01 -1.29701732e-01 -1.18905191e-01 -1.08615784e-01 -9.87594435e-02 -8.87554813e-02 -7.79438398e-02 -6.61254763e-02 -5.38445991e-02 -4.23838893e-02 -3.33042300e-02 -2.76902906e-02 -2.54674779e-02 -2.52578341e-02 -2.47951162e-02 -2.20308124e-02 -1.63949517e-02 -9.77706595e-03 -6.65381701e-03 -1.31745970e-02 -3.52101191e-02 -7.56975866e-02 -1.32010688e-01 -1.94153719e-01 -2.46779900e-01 -2.85929298e-01 -3.45802771e-01 -4.26872547e-01 -4.16206654e-01 -3.91294419e-01 -4.07849266e-01 -2.99590064e-01
6.30000000e+00 -1.27933416e-01 -1.79398049e-01 -2.10281124e-01 -2.09463365e-01 -1.87792918e-01 -1.86782137e-01 -1.72609610e-01 -1.30859416e-01 -7.75543142e-02 -2.71846756e-02 1.39893996e-02 4.48531722e-02 6.72388200e-02 8.41297357e-02 9.83764455e-02 1.11806950e-01 1.24936033e-01 1.37126891e-01 1.47089666e-01 1.53339760e-01 1.54776660e-01 1.51040689e-01 1.42649464e-01 1.30784173e-01 1.16859729e-01 1.01870116e-01 8.59442061e-02 6.83415950e-02 4.78865341e-02 2.36200797e-02 -4.71725774e-03 -3.64370308e-02 -7.01523194e-02 -1.04009613e-01 -1.36196718e-01 -1.65254587e-01 -1.90610649e-01 -2.12801059e-01 -2.33385001e-01 -2.54067756e-01 -2.75702414e-01 -2.97541498e-01 -3.17376543e-01 -3.32334659e-01 -3.40148223e-01 -3.39818192e-01 -3.31849752e-01 -3.18032149e-01 -3.01041395e-01 -2.83869372e-01 -2.69135066e-01 -2.58519256e-01 -2.52325630e-01 -2.49591999e-01 -2.48486199e-01 -2.46902405e-01 -2.43021974e-01 -2.35868467e-01 -2.25482175e-01 -2.12940127e-01 -1.99919503e-01 -1.88249144e-01 -1.79051854e-01 -1.72450663e-01 -1.67521894e-01 -1.62771379e-01 -1.56815604e-01 -1.48965065e-01 -1.39427772e-01 -1.28969227e-01 -1.18468349e-01 -1.08405259e-01 -9.86953162e-02 -8.87958175e-02 -7.81190571e-02 -6.65192896e-02 -5.45517516e-02 -4.34518876e-02 -3.46818089e-02 -2.92284134e-02 -2.69505650e-02 -2.64709866e-02 -2.56027803e-02 -2.24371590e-02 -1.65665838e-02 -1.00298417e-02 -7.38296073e-03 -1.47537637e-02 -3.78618952e-02 -7.93316031e-02 -1.36084122e-01 -1.97641338e-01 -2.48844456e-01 -2.88329322e-01 -3.51595614e-01 -4.28705447e-01 -4.09893313e-01 -3.90084979e-01 -3.98880559e-01 -2.85901245e-01
6.40000000e+00 -1.20818485e-01 -1.73397399e-01 -2.05368143e-01 -2.09711063e-01 -1.87587948e-01 -1.85369081e-01 -1.73312956e-01 -1.33579830e-01 -8.07648444e-02 -2.99118506e-02 1.21316379e-02 4.38953965e-02 6.69920430e-02 8.43034983e-02 9.86789686e-02 1.12004178e-01 1.24875763e-01 1.36727747e-01 1.46307303e-01 1.52143689e-01 1.53149694e-01 1.48989163e-01 1.40233447e-01 1.28113616e-01 1.14072671e-01 9.90950743e-02 8.32744037e-02 6.58384716e-02 4.56161805e-02 2.16813228e-02 -6.18676951e-03 -3.72908650e-02 -7.02871952e-02 -1.03396379e-01 -1.34904899e-01 -1.63422175e-01 -1.88406517e-01 -2.10382658e-01 -2.30866742e-01 -2.51526732e-01 -2.73210033e-01 -2.95187681e-01 -3.15270964e-01 -3.30561857e-01 -3.38728177e-01 -3.38701647e-01 -3.30956154e-01 -3.17292248e-01 -3.00429115e-01 -2.83406652e-01 -2.68874135e-01 -2.58512921e-01 -2.52596131e-01 -2.50125476e-01 -2.49232433e-01 -2.47793490e-01 -2.43987034e-01 -2.36841381e-01 -2.26398270e-01 -2.13729904e-01 -2.00493902e-01 -1.88516737e-01 -1.78926447e-01 -1.71896471e-01 -1.66569503e-01 -1.61528744e-01 -1.55460342e-01 -1.47685481e-01 -1.38383138e-01 -1.28237254e-01 -1.18034505e-01 -1.08196625e-01 -9.86290351e-02 -8.88301185e-02 -7.82875873e-02 -6.69107358e-02 -5.52653881e-02 -4.45365322e-02 -3.60823043e-02 -3.07871927e-02 -2.84431293e-02 -2.76771271e-02 -2.63902079e-02 -2.28227723e-02 -1.67365579e-02 -1.03194122e-02 -8.19830270e-03 -1.64626583e-02 -4.06587348e-02 -8.30750744e-02 -1.40167775e-01 -2.01001610e-01 -2.50769458e-01 -2.90882697e-01 -3.57405298e-01 -4.29689899e-01 -4.03752008e-01 -3.89111203e-01 -3.89466103e-01 -2.72733944e-01
6.50000000e+00 -1.13943492e-01 -1.67601015e-01 -2.00189357e-01 -2.09642340e-01 -1.87556913e-01 -1.83902498e-01 -1.73772334e-01 -1.36164110e-01 -8.39707829e-02 -3.27007606e-02 1.01929406e-02 4.28649092e-02 6.66938801e-02 8.44485594e-02 9.89690857e-02 1.12195232e-01 1.24806232e-01 1.36310338e-01 1.45495643e-01 1.50910400e-01 1.51483751e-01 1.46904466e-01 1.37794950e-01 1.25432727e-01 1.11283083e-01 9.63181511e-02 8.05964605e-02 6.33184280e-02 4.33222467e-02 1.97179696e-02 -7.67553659e-03 -3.81546669e-02 -7.04207170e-02 -1.02771758e-01 -1.33594161e-01 -1.61568806e-01 -1.86186227e-01 -2.07958895e-01 -2.28354367e-01 -2.48996708e-01 -2.70723043e-01 -2.92823230e-01 -3.13133141e-01 -3.28738295e-01 -3.37247610e-01 -3.37526448e-01 -3.30016658e-01 -3.16527383e-01 -2.99815934e-01 -2.82964390e-01 -2.68647142e-01 -2.58542381e-01 -2.52893785e-01 -2.50670220e-01 -2.49972036e-01 -2.48662509e-01 -2.44921780e-01 -2.37784176e-01 -2.27292980e-01 -2.14511973e-01 -2.01075914e-01 -1.88801898e-01 -1.78821246e-01 -1.71357249e-01 -1.65622340e-01 -1.60282222e-01 -1.54096139e-01 -1.46397892e-01 -1.37334354e-01 -1.27505630e-01 -1.17602966e-01 -1.07989115e-01 -9.85602368e-02 -8.88587373e-02 -7.84502970e-02 -6.73007691e-02 -5.59859783e-02 -4.56373049e-02 -3.75042534e-02 -3.23645818e-02 -2.99432227e-02 -2.88751918e-02 -2.71577471e-02 -2.31895300e-02 -1.69079969e-02 -1.06493363e-02 -9.10280031e-03 -1.83024101e-02 -4.35985529e-02 -8.69217025e-02 -1.44251548e-01 -2.04228307e-01 -2.52573708e-01 -2.93611663e-01 -3.63163196e-01 -4.29822385e-01 -3.97886744e-01 -3.88251037e-01 -3.79664021e-01 -2.60094650e-01
6.60000000e+00 -1.07303787e-01 -1.62006319e-01 -1.94795212e-01 -2.09216261e-01 -1.87682175e-01 -1.82413029e-01 -1.73992163e-01 -1.38599736e-01 -8.71626461e-02 -3.55470624e-02 8.17426742e-03 4.17604569e-02 6.63419432e-02 8.45623386e-02 9.92446308e-02 1.12378666e-01 1.24726686e-01 1.35874322e-01 1.44654557e-01 1.49639923e-01 1.49779040e-01 1.44787173e-01 1.35334856e-01 1.22742501e-01 1.08491819e-01 9.35399124e-02 7.79107700e-02 6.07820353e-02 4.10057160e-02 1.77314037e-02 -9.18212960e-03 -3.90274854e-02 -7.05527230e-02 -1.02136572e-01 -1.32265988e-01 -1.59696195e-01 -1.83951260e-01 -2.05530650e-01 -2.25848231e-01 -2.46477865e-01 -2.68241778e-01 -2.90448773e-01 -3.10963733e-01 -3.26864324e-01 -3.35706458e-01 -3.36292303e-01 -3.29030986e-01 -3.15737459e-01 -2.99201970e-01 -2.82542793e-01 -2.68454205e-01 -2.58607512e-01 -2.53218261e-01 -2.51225747e-01 -2.50704543e-01 -2.49509125e-01 -2.45825980e-01 -2.38696624e-01 -2.28165924e-01 -2.15285631e-01 -2.01664635e-01 -1.89103673e-01 -1.78735711e-01 -1.70833094e-01 -1.64681274e-01 -1.59033377e-01 -1.52724691e-01 -1.45103710e-01 -1.36282081e-01 -1.26774154e-01 -1.17173012e-01 -1.07781944e-01 -9.84885651e-02 -8.88820506e-02 -7.86080867e-02 -6.76903712e-02 -5.67139944e-02 -4.67536551e-02 -3.89461277e-02 -3.39584707e-02 -3.14488656e-02 -3.00641548e-02 -2.79058576e-02 -2.35394722e-02 -1.70841746e-02 -1.10232466e-02 -1.00993370e-02 -2.02738778e-02 -4.66787994e-02 -9.08646372e-02 -1.48325109e-01 -2.07316565e-01 -2.54278482e-01 -2.96533712e-01 -3.68796335e-01 -4.29116291e-01 -3.92388195e-01 -3.87381904e-01 -3.69541333e-01 -2.47984349e-01
6.70000000e+00 -1.00895456e-01 -1.56606621e-01 -1.89237647e-01 -2.08398510e-01 -1.87939994e-01 -1.80930565e-01 -1.73979637e-01 -1.40874703e-01 -9.03304345e-02 -3.84459833e-02 6.07683698e-03 4.05809214e-02 6.59338747e-02 8.46422132e-02 9.95033578e-02 1.12552957e-01 1.24636315e-01 1.35419333e-01 1.43783939e-01 1.48332342e-01 1.48035835e-01 1.42637899e-01 1.32854059e-01 1.20043893e-01 1.05699671e-01 9.07608678e-02 7.52177116e-02 5.82298870e-02 3.86676181e-02 1.57230536e-02 -1.07051007e-02 -3.99083630e-02 -7.06830679e-02 -1.01491657e-01 -1.30921895e-01 -1.57806103e-01 -1.81703135e-01 -2.03098811e-01 -2.23348648e-01 -2.43970307e-01 -2.65766491e-01 -2.88064887e-01 -3.08763418e-01 -3.24940361e-01 -3.34104751e-01 -3.34999013e-01 -3.27998929e-01 -3.14922413e-01 -2.98587315e-01 -2.82142003e-01 -2.68295342e-01 -2.58708097e-01 -2.53569167e-01 -2.51791559e-01 -2.51429509e-01 -2.50333066e-01 -2.46699478e-01 -2.39578567e-01 -2.29016757e-01 -2.16050197e-01 -2.02259115e-01 -1.89421050e-01 -1.78669238e-01 -1.70324065e-01 -1.63747173e-01 -1.57783798e-01 -1.51347738e-01 -1.43804364e-01 -1.35226985e-01 -1.26042608e-01 -1.16743910e-01 -1.07574318e-01 -9.84136739e-02 -8.89004573e-02 -7.87618863e-02 -6.80805466e-02 -5.74499067e-02 -4.78850005e-02 -4.04063362e-02 -3.55666929e-02 -3.29580548e-02 -3.12430330e-02 -2.86351108e-02 -2.38747971e-02 -1.72685074e-02 -1.14448394e-02 -1.11907103e-02 -2.23776369e-02 -4.98964523e-02 -9.48964865e-02 -1.52377977e-01 -2.10263065e-01 -2.55907243e-01 -2.99660845e-01 -3.74229015e-01 -4.27601636e-01 -3.87331307e-01 -3.86384226e-01 -3.59171692e-01 -2.36399107e-01
6.80000000e+00 -9.47152454e-02 -1.51391757e-01 -1.83568784e-01 -2.07162180e-01 -1.88300999e-01 -1.79483555e-01 -1.73744726e-01 -1.42977711e-01 -9.34636681e-02 -4.13923083e-02 3.90213742e-03 3.93253290e-02 6.54673564e-02 8.46855240e-02 9.97429439e-02 1.12716500e-01 1.24534251e-01 1.34944983e-01 1.42883711e-01 1.46987792e-01 1.46254478e-01 1.40457299e-01 1.30353458e-01 1.17337815e-01 1.02907366e-01 8.79814722e-02 7.25176532e-02 5.56626014e-02 3.63090293e-02 1.36943885e-02 -1.22429881e-02 -4.07963384e-02 -7.08116246e-02 -1.00837858e-01 -1.29563427e-01 -1.55900325e-01 -1.79443408e-01 -2.00664267e-01 -2.20855891e-01 -2.41474060e-01 -2.63297358e-01 -2.85672103e-01 -3.06532891e-01 -3.22966890e-01 -3.32442617e-01 -3.33646474e-01 -3.26920352e-01 -3.14082207e-01 -2.97972041e-01 -2.81762093e-01 -2.68170470e-01 -2.58843835e-01 -2.53946049e-01 -2.52367145e-01 -2.52146512e-01 -2.51134117e-01 -2.47542182e-01 -2.40429916e-01 -2.29845175e-01 -2.16805005e-01 -2.02858365e-01 -1.89752973e-01 -1.78621164e-01 -1.69830189e-01 -1.62820914e-01 -1.56535093e-01 -1.49967055e-01 -1.42501290e-01 -1.34169730e-01 -1.25310763e-01 -1.16314911e-01 -1.07365436e-01 -9.83352294e-02 -8.89143759e-02 -7.89126515e-02 -6.84723165e-02 -5.81941789e-02 -4.90307275e-02 -4.18832298e-02 -3.71870319e-02 -3.44687712e-02 -3.24108906e-02 -2.93461904e-02 -2.41978575e-02 -1.74645452e-02 -1.19178637e-02 -1.23796203e-02 -2.46139674e-02 -5.32480118e-02 -9.90093304e-02 -1.56399612e-01 -2.13066208e-01 -2.57485290e-01 -3.02998912e-01 -3.79384562e-01 -4.25324340e-01 -3.82773393e-01 -3.85144753e-01 -3.48633044e-01 -2.25330724e-01
6.90000000e+00 -8.87604642e-02 -1.46348779e-01 -1.77839657e-01 -2.05488369e-01 -1.88730815e-01 -1.78098316e-01 -1.73300125e-01 -1.44898373e-01 -9.65514310e-02 -4.43803685e-02 1.65193720e-03 3.79928612e-02 6.49401189e-02 8.46895818e-02 9.99609938e-02 1.12867612e-01 1.24419568e-01 1.34450860e-01 1.41953814e-01 1.45606459e-01 1.44435379e-01 1.38246065e-01 1.27833963e-01 1.14625134e-01 1.00115568e-01 8.52021280e-02 6.98109546e-02 5.30808230e-02 3.39310709e-02 1.16469147e-02 -1.37943211e-02 -4.16904498e-02 -7.09382848e-02 -1.00176027e-01 -1.28192152e-01 -1.53980691e-01 -1.77173669e-01 -1.98227914e-01 -2.18370196e-01 -2.38989078e-01 -2.60834480e-01 -2.83270897e-01 -3.04272863e-01 -3.20944459e-01 -3.30720280e-01 -3.32234676e-01 -3.25795195e-01 -3.13216837e-01 -2.97356197e-01 -2.81403065e-01 -2.68079405e-01 -2.59014335e-01 -2.54348395e-01 -2.52951981e-01 -2.52855154e-01 -2.51912125e-01 -2.48354069e-01 -2.41250648e-01 -2.30650909e-01 -2.17549410e-01 -2.03461357e-01 -1.90098336e-01 -1.78590768e-01 -1.69351458e-01 -1.61903370e-01 -1.55288881e-01 -1.48584454e-01 -1.41195932e-01 -1.33110985e-01 -1.24578379e-01 -1.15885259e-01 -1.07154493e-01 -9.82529130e-02 -8.89242431e-02 -7.90613591e-02 -6.88667133e-02 -5.89472630e-02 -5.01901918e-02 -4.33751059e-02 -3.88172286e-02 -3.59789881e-02 -3.35668439e-02 -3.00398924e-02 -2.45111556e-02 -1.76759622e-02 -1.24461095e-02 -1.36686565e-02 -2.69828418e-02 -5.67294956e-02 -1.03194740e-01 -1.60379529e-01 -2.15726273e-01 -2.59039327e-01 -3.06547096e-01 -3.84187174e-01 -4.22345050e-01 -3.78752751e-01 -3.83559643e-01 -3.38005267e-01 -2.14767439e-01
7.00000000e+00 -8.30288551e-02 -1.41462680e-01 -1.72099031e-01 -2.03366567e-01 -1.89190821e-01 -1.76798370e-01 -1.72661138e-01 -1.46627407e-01 -9.95824301e-02 -4.74040312e-02 -6.71703731e-04 3.65828644e-02 6.43499505e-02 8.46516738e-02 1.00155043e-01 1.13004533e-01 1.24291278e-01 1.33936525e-01 1.40994214e-01 1.44188582e-01 1.42579018e-01 1.36004928e-01 1.25296484e-01 1.11906674e-01 9.73248789e-02 8.24231870e-02 6.70979705e-02 5.04852244e-02 3.15349088e-02 9.58217147e-03 -1.53576235e-02 -4.25897377e-02 -7.10629600e-02 -9.95070201e-02 -1.26809658e-01 -1.52049060e-01 -1.74895537e-01 -1.95790653e-01 -2.15891767e-01 -2.36515247e-01 -2.58377883e-01 -2.80861697e-01 -3.01984051e-01 -3.18873679e-01 -3.28938062e-01 -3.30763704e-01 -3.24623472e-01 -3.12326324e-01 -2.96739805e-01 -2.81064850e-01 -2.68021859e-01 -2.59219123e-01 -2.54775635e-01 -2.53545534e-01 -2.53555063e-01 -2.52666991e-01 -2.49135181e-01 -2.42040805e-01 -2.31433728e-01 -2.18282782e-01 -2.04067028e-01 -1.90455995e-01 -1.78577275e-01 -1.68887832e-01 -1.60995419e-01 -1.54046795e-01 -1.47201772e-01 -1.39889741e-01 -1.32051417e-01 -1.23845213e-01 -1.15454191e-01 -1.06940690e-01 -9.81664236e-02 -8.89305112e-02 -7.92090027e-02 -6.92647747e-02 -5.97095952e-02 -5.13627184e-02 -4.48802128e-02 -4.04549882e-02 -3.74866791e-02 -3.47100659e-02 -3.07171254e-02 -2.48173380e-02 -1.79065467e-02 -1.30333955e-02 -1.50602849e-02 -2.94839134e-02 -6.03364359e-02 -1.07443802e-01 -1.64307415e-01 -2.18245549e-01 -2.60596970e-01 -3.10297524e-01 -3.88563812e-01 -4.18737537e-01 -3.75287871e-01 -3.81537168e-01 -3.27367882e-01 -2.04694658e-01
7.10000000e+00 -7.75184515e-02 -1.36717120e-01 -1.66392328e-01 -2.00794827e-01 -1.89639037e-01 -1.75603822e-01 -1.71845502e-01 -1.48156847e-01 -1.02545065e-01 -5.04566933e-02 -3.06642232e-03 3.50948604e-02 6.36947075e-02 8.45690707e-02 1.00322563e-01 1.13125423e-01 1.24148328e-01 1.33401513e-01 1.40004898e-01 1.42734448e-01 1.40685945e-01 1.33734656e-01 1.22741933e-01 1.09183212e-01 9.45358341e-02 7.96449530e-02 6.43790529e-02 4.78765076e-02 2.91217520e-02 7.50172704e-03 -1.69314187e-02 -4.34932482e-02 -7.11855816e-02 -9.88316969e-02 -1.25417547e-01 -1.50107315e-01 -1.72610652e-01 -1.93353392e-01 -2.13420779e-01 -2.34052388e-01 -2.55927524e-01 -2.78444876e-01 -2.99667183e-01 -3.16755222e-01 -3.27096382e-01 -3.29233743e-01 -3.23405271e-01 -3.11410720e-01 -2.96122864e-01 -2.80747307e-01 -2.67997446e-01 -2.59457638e-01 -2.55227142e-01 -2.54147259e-01 -2.54245890e-01 -2.53398676e-01 -2.49885622e-01 -2.42800488e-01 -2.32193432e-01 -2.19004513e-01 -2.04674283e-01 -1.90824768e-01 -1.78579858e-01 -1.68439244e-01 -1.60097935e-01 -1.52810467e-01 -1.45820872e-01 -1.38584163e-01 -1.30991690e-01 -1.23111017e-01 -1.15020944e-01 -1.06723232e-01 -9.80754796e-02 -8.89336468e-02 -7.93565884e-02 -6.96675381e-02 -6.04815909e-02 -5.25476025e-02 -4.63967548e-02 -4.20979878e-02 -3.89898268e-02 -3.58397913e-02 -3.13789100e-02 -2.51191900e-02 -1.81601911e-02 -1.36835569e-02 -1.65568353e-02 -3.21165045e-02 -6.40638777e-02 -1.11747149e-01 -1.68173254e-01 -2.20628449e-01 -2.62186186e-01 -3.14235053e-01 -3.92446078e-01 -4.14586728e-01 -3.72377215e-01 -3.79000004e-01 -3.16797881e-01 -1.95095688e-01
7.20000000e+00 -7.22274219e-02 -1.32095145e-01 -1.60760701e-01 -1.97779719e-01 -1.90031108e-01 -1.74530806e-01 -1.70873143e-01 -1.49480230e-01 -1.05427513e-01 -5.35312765e-02 -5.52954062e-03 3.35285572e-02 6.29723235e-02 8.44390340e-02 1.00460965e-01 1.13228366e-01 1.23989602e-01 1.32845330e-01 1.38985869e-01 1.41244397e-01 1.38756776e-01 1.31436055e-01 1.20171223e-01 1.06455478e-01 9.17489071e-02 7.68676847e-02 6.16545543e-02 4.52554051e-02 2.66928511e-02 5.40717416e-03 -1.85142326e-02 -4.44000367e-02 -7.13061013e-02 -9.81509170e-02 -1.24017435e-01 -1.48157358e-01 -1.70320679e-01 -1.90917042e-01 -2.10957381e-01 -2.31600261e-01 -2.53483290e-01 -2.76020756e-01 -2.97322990e-01 -3.14589822e-01 -3.25195756e-01 -3.27645074e-01 -3.22140756e-01 -3.10470104e-01 -2.95505347e-01 -2.80450224e-01 -2.68005680e-01 -2.59729236e-01 -2.55702236e-01 -2.54756607e-01 -2.54927317e-01 -2.54107193e-01 -2.50605563e-01 -2.43529858e-01 -2.32929857e-01 -2.19714008e-01 -2.05282001e-01 -1.91203443e-01 -1.78597644e-01 -1.68005595e-01 -1.59211792e-01 -1.51581533e-01 -1.44443634e-01 -1.37280643e-01 -1.29932468e-01 -1.22375547e-01 -1.14584759e-01 -1.06501339e-01 -9.79798215e-02 -8.89341285e-02 -7.95051301e-02 -7.00760346e-02 -6.12636404e-02 -5.37441093e-02 -4.79228974e-02 -4.37438837e-02 -4.04864317e-02 -3.69553209e-02 -3.20263785e-02 -2.54196288e-02 -1.84408808e-02 -1.44004313e-02 -1.81604867e-02 -3.48795955e-02 -6.79063787e-02 -1.16094996e-01 -1.71967470e-01 -2.22881580e-01 -2.63834694e-01 -3.18337232e-01 -3.95772032e-01 -4.09986405e-01 -3.69999606e-01 -3.75887038e-01 -3.06367734e-01 -1.85952451e-01
7.30000000e+00 -6.71539122e-02 -1.27579861e-01 -1.55240254e-01 -1.94336060e-01 -1.90321362e-01 -1.73591002e-01 -1.69765872e-01 -1.50592783e-01 -1.08217823e-01 -5.66202283e-02 -8.05805373e-03 3.18838592e-02 6.21808197e-02 8.42588234e-02 1.00567606e-01 1.13311371e-01 1.23813915e-01 1.32267452e-01 1.37937152e-01 1.39718816e-01 1.36792194e-01 1.29109966e-01 1.17585261e-01 1.03724155e-01 8.89645078e-02 7.40915982e-02 5.89248298e-02 4.26226813e-02 2.42494966e-02 3.30012587e-03 -2.01045980e-02 -4.53091704e-02 -7.14244906e-02 -9.74655396e-02 -1.22610943e-01 -1.46201106e-01 -1.68027295e-01 -1.88482523e-01 -2.08501698e-01 -2.29158572e-01 -2.51045002e-01 -2.73589605e-01 -2.94952202e-01 -3.12378266e-01 -3.23236801e-01 -3.25998077e-01 -3.20830165e-01 -3.09504585e-01 -2.94887200e-01 -2.80173314e-01 -2.68045974e-01 -2.60033193e-01 -2.56200180e-01 -2.55373016e-01 -2.55599049e-01 -2.54792607e-01 -2.51295232e-01 -2.44229129e-01 -2.33642871e-01 -2.20410690e-01 -2.05889034e-01 -1.91590776e-01 -1.78629717e-01 -1.67586764e-01 -1.58337857e-01 -1.50361620e-01 -1.43071948e-01 -1.35980621e-01 -1.28874409e-01 -1.21638564e-01 -1.14144885e-01 -1.06274248e-01 -9.78792130e-02 -8.89324452e-02 -7.96556447e-02 -7.04912829e-02 -6.20561046e-02 -5.49514747e-02 -4.94567729e-02 -4.53903194e-02 -4.19745203e-02 -3.80560261e-02 -3.26607741e-02 -2.57216969e-02 -1.87526830e-02 -1.51878454e-02 -1.98732540e-02 -3.77718141e-02 -7.18580124e-02 -1.20477185e-01 -1.75681070e-01 -2.25013780e-01 -2.65569311e-01 -3.22574458e-01 -3.98487885e-01 -4.05036657e-01 -3.68115179e-01 -3.72154649e-01 -2.96143645e-01 -1.77246165e-01
7.40000000e+00 -6.22958900e-02 -1.23155064e-01 -1.49861454e-01 -1.90486453e-01 -1.90463920e-01 -1.72791246e-01 -1.68547026e-01 -1.51491586e-01 -1.10904029e-01 -5.97155263e-02 -1.06486177e-02 3.01608781e-02 6.13183149e-02 8.40257049e-02 1.00639792e-01 1.13372372e-01 1.23620017e-01 1.31667326e-01 1.36858784e-01 1.38158141e-01 1.34792949e-01 1.26757264e-01 1.14984949e-01 1.00989879e-01 8.61829841e-02 7.13168706e-02 5.61902397e-02 3.99791335e-02 2.17930166e-02 1.18221113e-03 -2.17010574e-02 -4.62197323e-02 -7.15407404e-02 -9.67764223e-02 -1.21199693e-01 -1.44240487e-01 -1.65732188e-01 -1.86050761e-01 -2.06053838e-01 -2.26726977e-01 -2.48612422e-01 -2.71151640e-01 -2.92555547e-01 -3.10121403e-01 -3.21220225e-01 -3.24293233e-01 -3.19473809e-01 -3.08514299e-01 -2.94268343e-01 -2.79916216e-01 -2.68117649e-01 -2.60368699e-01 -2.56720187e-01 -2.55995923e-01 -2.56260823e-01 -2.55455036e-01 -2.51954919e-01 -2.44898570e-01 -2.34332374e-01 -2.21093996e-01 -2.06494218e-01 -1.91985499e-01 -1.78675122e-01 -1.67182601e-01 -1.57476992e-01 -1.49152348e-01 -1.41707709e-01 -1.34685528e-01 -1.27818168e-01 -1.20899836e-01 -1.13700583e-01 -1.06041216e-01 -9.77734434e-02 -8.89290944e-02 -7.98091475e-02 -7.09142839e-02 -6.28593109e-02 -5.61689052e-02 -5.09964860e-02 -4.70349335e-02 -4.34521539e-02 -3.91413540e-02 -3.32834499e-02 -2.60285549e-02 -1.90997351e-02 -1.60496003e-02 -2.16969732e-02 -4.07914254e-02 -7.59123717e-02 -1.24883235e-01 -1.79305796e-01 -2.27036108e-01 -2.67415288e-01 -3.26910317e-01 -4.00549528e-01 -3.99841139e-01 -3.66666887e-01 -3.67777440e-01 -2.86184062e-01 -1.68957960e-01
7.50000000e+00 -5.76509976e-02 -1.18805792e-01 -1.44648709e-01 -1.86260622e-01 -1.90413817e-01 -1.72133250e-01 -1.67241048e-01 -1.52175720e-01 -1.13474272e-01 -6.28086890e-02 -1.32975378e-02 2.83599442e-02 6.03830359e-02 8.37369588e-02 1.00674787e-01 1.13409233e-01 1.23406587e-01 1.31044365e-01 1.35750818e-01 1.36562858e-01 1.32759854e-01 1.24378861e-01 1.12371180e-01 9.82532396e-02 8.34046232e-02 6.85436429e-02 5.34511516e-02 3.73255921e-02 1.93247749e-02 -9.44929567e-04 -2.33021666e-02 -4.71308239e-02 -7.16548605e-02 -9.60844200e-02 -1.19785308e-01 -1.42277432e-01 -1.63437053e-01 -1.83622683e-01 -2.03613891e-01 -2.24305084e-01 -2.46185248e-01 -2.68707026e-01 -2.90133747e-01 -3.07820131e-01 -3.19146834e-01 -3.22531121e-01 -3.18072076e-01 -3.07499407e-01 -2.93648667e-01 -2.79678497e-01 -2.68219929e-01 -2.60734870e-01 -2.57261423e-01 -2.56624755e-01 -2.56912404e-01 -2.56094645e-01 -2.52584967e-01 -2.45538495e-01 -2.34998295e-01 -2.21763377e-01 -2.07096371e-01 -1.92386323e-01 -1.78732869e-01 -1.66792937e-01 -1.56630049e-01 -1.47955322e-01 -1.40352810e-01 -1.33396782e-01 -1.26764392e-01 -1.20159143e-01 -1.13251130e-01 -1.05801530e-01 -9.76623285e-02 -8.89245804e-02 -7.99666479e-02 -7.13460142e-02 -6.36735493e-02 -5.73955783e-02 -5.25401196e-02 -4.86753674e-02 -4.49174374e-02 -4.02108313e-02 -3.38958682e-02 -2.63434733e-02 -1.94862323e-02 -1.69894566e-02 -2.36332870e-02 -4.39363223e-02 -8.00625766e-02 -1.29302407e-01 -1.82834284e-01 -2.28961790e-01 -2.69395627e-01 -3.31302137e-01 -4.01923836e-01 -3.94504231e-01 -3.65582487e-01 -3.62748420e-01 -2.76538516e-01 -1.61069435e-01
7.60000000e+00 -5.32164198e-02 -1.14518790e-01 -1.39620153e-01 -1.81694585e-01 -1.90128121e-01 -1.71613438e-01 -1.65873032e-01 -1.52646380e-01 -1.15916932e-01 -6.58907921e-02 -1.60007565e-02 2.64816172e-02 5.93733279e-02 8.33898886e-02 1.00669815e-01 1.13419747e-01 1.23172236e-01 1.30397955e-01 1.34613318e-01 1.34933498e-01 1.30693784e-01 1.21975701e-01 1.09744835e-01 9.55147778e-02 8.06296529e-02 6.57720240e-02 5.07079422e-02 3.46629212e-02 1.68461681e-02 -3.07964855e-03 -2.49064974e-02 -4.80415687e-02 -7.17668782e-02 -9.53903841e-02 -1.18369405e-01 -1.40313876e-01 -1.61143588e-01 -1.81199227e-01 -2.01181935e-01 -2.21892463e-01 -2.43763125e-01 -2.66255879e-01 -2.87687513e-01 -3.05475401e-01 -3.17017530e-01 -3.20712418e-01 -3.16625425e-01 -3.06460098e-01 -2.93028037e-01 -2.79459649e-01 -2.68351945e-01 -2.61130741e-01 -2.57823003e-01 -2.57258935e-01 -2.57553588e-01 -2.56711645e-01 -2.53185778e-01 -2.46149266e-01 -2.35640595e-01 -2.22418294e-01 -2.07694306e-01 -1.92791944e-01 -1.78801941e-01 -1.66417581e-01 -1.55797869e-01 -1.46772129e-01 -1.39009135e-01 -1.32115788e-01 -1.25713723e-01 -1.19416283e-01 -1.12795827e-01 -1.05554505e-01 -9.75457121e-02 -8.89194129e-02 -8.01291436e-02 -7.17874208e-02 -6.44990686e-02 -5.86306424e-02 -5.40857409e-02 -5.03092737e-02 -4.63685277e-02 -4.12640691e-02 -3.44995985e-02 -2.66698242e-02 -1.99164156e-02 -1.80111189e-02 -2.56836298e-02 -4.72040169e-02 -8.43012845e-02 -1.33723768e-01 -1.86260211e-01 -2.30806106e-01 -2.71530406e-01 -3.35701717e-01 -4.02589709e-01 -3.89128170e-01 -3.64776955e-01 -3.57078640e-01 -2.67246773e-01 -1.53563126e-01
7.70000000e+00 -4.89887699e-02 -1.10282896e-01 -1.34787604e-01 -1.76829681e-01 -1.89567005e-01 -1.71222907e-01 -1.64468219e-01 -1.52906961e-01 -1.18220773e-01 -6.89524925e-02 -1.87538428e-02 2.45266974e-02 5.82876654e-02 8.29818296e-02 1.00622069e-01 1.13401642e-01 1.22915505e-01 1.29727443e-01 1.33446358e-01 1.33270636e-01 1.28595671e-01 1.19548761e-01 1.07106782e-01 9.27749890e-02 7.78582440e-02 6.30020938e-02 4.79609995e-02 3.19920194e-02 1.43586231e-02 -5.22029528e-03 -2.65126406e-02 -4.89511153e-02 -7.18768379e-02 -9.46951623e-02 -1.16953588e-01 -1.38351746e-01 -1.58853485e-01 -1.78781329e-01 -1.98758039e-01 -2.19488647e-01 -2.41345645e-01 -2.63798265e-01 -2.85217547e-01 -3.03088215e-01 -3.14833303e-01 -3.18837902e-01 -3.15134389e-01 -3.05396589e-01 -2.92406288e-01 -2.79259091e-01 -2.68512744e-01 -2.61555271e-01 -2.58403999e-01 -2.57897882e-01 -2.58184197e-01 -2.57306292e-01 -2.53757807e-01 -2.46731284e-01 -2.36259262e-01 -2.23058219e-01 -2.08286829e-01 -1.93201039e-01 -1.78881295e-01 -1.66056322e-01 -1.54981278e-01 -1.45604337e-01 -1.37678551e-01 -1.30843936e-01 -1.24666794e-01 -1.18671070e-01 -1.12333997e-01 -1.05299495e-01 -9.74234673e-02 -8.89141053e-02 -8.02976170e-02 -7.22394151e-02 -6.53360730e-02 -5.98732174e-02 -5.56314073e-02 -5.19343245e-02 -4.78036422e-02 -4.23007671e-02 -3.50963161e-02 -2.70110728e-02 -2.03945587e-02 -1.91182203e-02 -2.78492128e-02 -5.05916329e-02 -8.86207030e-02 -1.38136267e-01 -1.89578457e-01 -2.32586227e-01 -2.73836139e-01 -3.40056248e-01 -4.02538820e-01 -3.83810252e-01 -3.64155253e-01 -3.50796311e-01 -2.58338329e-01 -1.46422881e-01
7.80000000e+00 -4.49639975e-02 -1.06089310e-01 -1.30156713e-01 -1.71711481e-01 -1.88694754e-01 -1.70947518e-01 -1.63051476e-01 -1.52963106e-01 -1.20375096e-01 -7.19840607e-02 -2.15519825e-02 2.24962374e-02 5.71246621e-02 8.25101579e-02 1.00528714e-01 1.13352578e-01 1.22634866e-01 1.29032148e-01 1.32250020e-01 1.31574893e-01 1.26466503e-01 1.17099049e-01 1.04457874e-01 9.00343228e-02 7.50905123e-02 6.02339074e-02 4.52107244e-02 2.93138187e-02 1.18635941e-02 -7.36522057e-03 -2.81192084e-02 -4.98586398e-02 -7.19847995e-02 -9.39995984e-02 -1.15539452e-01 -1.36392962e-01 -1.56568430e-01 -1.76369932e-01 -1.96342265e-01 -2.17093142e-01 -2.38932351e-01 -2.61334204e-01 -2.82724531e-01 -3.00659618e-01 -3.12595235e-01 -3.16908450e-01 -3.13599571e-01 -3.04309118e-01 -2.91783227e-01 -2.79076169e-01 -2.68701281e-01 -2.62007349e-01 -2.59003440e-01 -2.58541009e-01 -2.58804089e-01 -2.57878884e-01 -2.54301555e-01 -2.47284990e-01 -2.36854314e-01 -2.23682634e-01 -2.08872746e-01 -1.93612278e-01 -1.78969871e-01 -1.65708934e-01 -1.54181086e-01 -1.44453484e-01 -1.36362903e-01 -1.29582596e-01 -1.23624232e-01 -1.17923337e-01 -1.11864997e-01 -1.05035892e-01 -9.72954971e-02 -8.89091734e-02 -8.04730296e-02 -7.27028676e-02 -6.61847192e-02 -6.11223945e-02 -5.71751728e-02 -5.35482196e-02 -4.92210671e-02 -4.33207179e-02 -3.56878003e-02 -2.73707679e-02 -2.09249546e-02 -2.03143059e-02 -3.01310093e-02 -5.40958988e-02 -9.30126076e-02 -1.42528826e-01 -1.92785245e-01 -2.34320996e-01 -2.76325164e-01 -3.44309383e-01 -4.01776023e-01 -3.78640172e-01 -3.63615355e-01 -3.43945442e-01 -2.49832246e-01 -1.39634152e-01
7.90000000e+00 -4.11373223e-02 -1.01931774e-01 -1.25727275e-01 -1.66388618e-01 -1.87480672e-01 -1.70768118e-01 -1.61646746e-01 -1.52822709e-01 -1.22369899e-01 -7.49754204e-02 -2.43899688e-02 2.03915534e-02 5.58830827e-02 8.19723004e-02 1.00386899e-01 1.13270157e-01 1.22328722e-01 1.28311351e-01 1.31024392e-01 1.29846932e-01 1.24307323e-01 1.14627602e-01 1.01798944e-01 8.72931838e-02 7.23265215e-02 5.74674984e-02 4.24575318e-02 2.66292852e-02 9.36255945e-03 -9.51278072e-03 -2.97248373e-02 -5.07633490e-02 -7.20908371e-02 -9.33045314e-02 -1.14128572e-01 -1.34439430e-01 -1.54290098e-01 -1.73965980e-01 -1.93934669e-01 -2.14705427e-01 -2.36522743e-01 -2.58863671e-01 -2.80209134e-01 -2.98190701e-01 -3.10304498e-01 -3.14925034e-01 -3.12021644e-01 -3.03197950e-01 -2.91158632e-01 -2.78910157e-01 -2.68916432e-01 -2.62485787e-01 -2.59620314e-01 -2.59187726e-01 -2.59413149e-01 -2.58429756e-01 -2.54817577e-01 -2.47810859e-01 -2.37425795e-01 -2.24291026e-01 -2.09450871e-01 -1.94024324e-01 -1.79066592e-01 -1.65375174e-01 -1.53398084e-01 -1.43321085e-01 -1.35064007e-01 -1.28333118e-01 -1.22586654e-01 -1.17172945e-01 -1.11388217e-01 -1.04763134e-01 -9.71617354e-02 -8.89051338e-02 -8.06563177e-02 -7.31786023e-02 -6.70451129e-02 -6.23772368e-02 -5.87150939e-02 -5.51486946e-02 -5.06191653e-02 -4.43238111e-02 -3.62759319e-02 -2.77525326e-02 -2.15119021e-02 -2.16028162e-02 -3.25297388e-02 -5.77131423e-02 -9.74683626e-02 -1.46890434e-01 -1.95878279e-01 -2.36030650e-01 -2.79005116e-01 -3.48402459e-01 -4.00319424e-01 -3.73697591e-01 -3.63051438e-01 -3.36584069e-01 -2.41737308e-01 -1.33184170e-01
8.00000000e+00 -3.75031928e-02 -9.78066408e-02 -1.21493692e-01 -1.60911561e-01 -1.85899867e-01 -1.70660898e-01 -1.60276510e-01 -1.52495877e-01 -1.24196038e-01 -7.79161985e-02 -2.72621962e-02 1.82142370e-02 5.45618529e-02 8.13657438e-02 1.00193756e-01 1.13151922e-01 1.21995409e-01 1.27564302e-01 1.29769564e-01 1.28087456e-01 1.22119218e-01 1.12135484e-01 9.91308062e-02 8.45519325e-02 6.95662860e-02 5.47028830e-02 3.97018526e-02 2.39394180e-02 6.85701823e-03 -1.16613414e-02 -3.13281901e-02 -5.16644826e-02 -7.21950383e-02 -9.26107960e-02 -1.12722501e-01 -1.32493038e-01 -1.52020147e-01 -1.71570414e-01 -1.91535308e-01 -2.12324961e-01 -2.34116278e-01 -2.56386597e-01 -2.77672004e-01 -2.95682595e-01 -3.07962345e-01 -3.12888724e-01 -3.10401353e-01 -3.02063373e-01 -2.90532252e-01 -2.78760259e-01 -2.69156992e-01 -2.62989330e-01 -2.60253571e-01 -2.59837442e-01 -2.60011291e-01 -2.58959284e-01 -2.55306468e-01 -2.48309398e-01 -2.37973776e-01 -2.24882891e-01 -2.10020025e-01 -1.94435837e-01 -1.79170375e-01 -1.65054788e-01 -1.52633038e-01 -1.42208618e-01 -1.33783639e-01 -1.27096829e-01 -1.21554670e-01 -1.16419777e-01 -1.10903086e-01 -1.04480704e-01 -9.70221475e-02 -8.89025026e-02 -8.08483875e-02 -7.36673912e-02 -6.79173064e-02 -6.36367792e-02 -6.02492362e-02 -5.67335303e-02 -5.19963848e-02 -4.53100372e-02 -3.68626910e-02 -2.81600543e-02 -2.21596921e-02 -2.29870700e-02 -3.50458528e-02 -6.14392862e-02 -1.01978947e-01 -1.51210244e-01 -1.98856865e-01 -2.37736491e-01 -2.81878460e-01 -3.52275821e-01 -3.98200086e-01 -3.69050001e-01 -3.62357142e-01 -3.28782115e-01 -2.34052493e-01 -1.27062042e-01
8.10000000e+00 -3.40552735e-02 -9.37128514e-02 -1.17445575e-01 -1.55331383e-01 -1.83933898e-01 -1.70597863e-01 -1.58961246e-01 -1.51994846e-01 -1.25845388e-01 -8.07957843e-02 -3.01626553e-02 1.59661664e-02 5.31600708e-02 8.06880452e-02 9.99464156e-02 1.12995361e-01 1.21633196e-01 1.26790211e-01 1.28485628e-01 1.26297207e-01 1.19903322e-01 1.09623787e-01 9.64542536e-02 8.18108869e-02 6.68097748e-02 5.19400635e-02 3.69441346e-02 2.12452484e-02 4.34848697e-03 -1.38092817e-02 -3.29279585e-02 -5.25613152e-02 -7.22975027e-02 -9.19192221e-02 -1.11322773e-01 -1.30555647e-01 -1.49760213e-01 -1.69184178e-01 -1.89144241e-01 -2.09951191e-01 -2.31712378e-01 -2.53902874e-01 -2.75113768e-01 -2.93136470e-01 -3.05570116e-01 -3.10800685e-01 -3.08739507e-01 -3.00905698e-01 -2.89903809e-01 -2.78625609e-01 -2.69421682e-01 -2.63516658e-01 -2.60902126e-01 -2.60489560e-01 -2.60598461e-01 -2.59467877e-01 -2.55768868e-01 -2.48781143e-01 -2.38498351e-01 -2.25457728e-01 -2.10579049e-01 -1.94845478e-01 -1.79280133e-01 -1.64747507e-01 -1.51886691e-01 -1.41117528e-01 -1.32523536e-01 -1.25875033e-01 -1.20528880e-01 -1.15663749e-01 -1.10409079e-01 -1.04188141e-01 -9.68767306e-02 -8.89017943e-02 -8.10501108e-02 -7.41699500e-02 -6.88012965e-02 -6.49000297e-02 -6.17756800e-02 -5.83005601e-02 -5.33512657e-02 -4.62794912e-02 -3.74501539e-02 -2.85970745e-02 -2.28725929e-02 -2.44702478e-02 -3.76795195e-02 -6.52698457e-02 -1.06534984e-01 -1.55477692e-01 -2.01722012e-01 -2.39460505e-01 -2.84942139e-01 -3.55870229e-01 -3.95461382e-01 -3.64750951e-01 -3.61428804e-01 -3.20618975e-01 -2.26767708e-01 -1.21258741e-01
8.20000000e+00 -3.07864577e-02 -8.96518158e-02 -1.13568441e-01 -1.49698537e-01 -1.81571255e-01 -1.70547434e-01 -1.57718918e-01 -1.51333845e-01 -1.27311008e-01 -8.36033988e-02 -3.30849312e-02 1.36495185e-02 5.16770180e-02 7.99368417e-02 9.96420080e-02 1.12797913e-01 1.21240288e-01 1.25988258e-01 1.27172677e-01 1.24476961e-01 1.17660811e-01 1.07093625e-01 9.37700555e-02 7.90703234e-02 6.40569144e-02 4.91790324e-02 3.41848433e-02 1.85478389e-02 1.83849594e-03 -1.59549974e-02 -3.45228650e-02 -5.34531583e-02 -7.23983408e-02 -9.12306348e-02 -1.09930889e-01 -1.28629093e-01 -1.47511912e-01 -1.66808211e-01 -1.86761526e-01 -2.07583554e-01 -2.29310432e-01 -2.51412357e-01 -2.72535031e-01 -2.90553529e-01 -3.03129227e-01 -3.08662175e-01 -3.07036983e-01 -2.99725256e-01 -2.89272992e-01 -2.78505274e-01 -2.69709148e-01 -2.64066385e-01 -2.61564860e-01 -2.61143483e-01 -2.61174632e-01 -2.59955978e-01 -2.56205456e-01 -2.49226654e-01 -2.38999639e-01 -2.26015042e-01 -2.11126799e-01 -1.95251910e-01 -1.79394781e-01 -1.64453055e-01 -1.51159759e-01 -1.40049220e-01 -1.31285382e-01 -1.24669004e-01 -1.19509877e-01 -1.14904802e-01 -1.09905717e-01 -1.03885035e-01 -9.67255142e-02 -8.89035201e-02 -8.12623206e-02 -7.46869324e-02 -6.96970220e-02 -6.61659691e-02 -6.32925272e-02 -5.98476792e-02 -5.46824479e-02 -4.72323768e-02 -3.80404903e-02 -2.90673785e-02 -2.36548355e-02 -2.60553736e-02 -4.04306091e-02 -6.91999277e-02 -1.11126780e-01 -1.59682610e-01 -2.04476512e-01 -2.41224933e-01 -2.88187330e-01 -3.59128309e-01 -3.92158004e-01 -3.60838688e-01 -3.60168561e-01 -3.12180914e-01 -2.19864776e-01 -1.15767020e-01
8.30000000e+00 -2.76889065e-02 -8.56272138e-02 -1.09844505e-01 -1.44061695e-01 -1.78807669e-01 -1.70475136e-01 -1.56564500e-01 -1.50528909e-01 -1.28587290e-01 -8.63281741e-02 -3.60222049e-02 1.12667803e-02 5.01121705e-02 7.91098615e-02 9.92776732e-02 1.12556970e-01 1.20814828e-01 1.25157582e-01 1.25830798e-01 1.22627530e-01 1.15392896e-01 1.04546133e-01 9.10789576e-02 7.63304784e-02 6.13075936e-02 4.64197759e-02 3.14244635e-02 1.58482816e-02 -6.71414508e-04 -1.80969049e-02 -3.61116652e-02 -5.43393620e-02 -7.24976731e-02 -9.05458539e-02 -1.08548324e-01 -1.26715178e-01 -1.45276828e-01 -1.64443449e-01 -1.84387232e-01 -2.05221483e-01 -2.26909804e-01 -2.48914864e-01 -2.69936372e-01 -2.87935008e-01 -3.00641172e-01 -3.06474542e-01 -3.05294722e-01 -2.98522401e-01 -2.88639466e-01 -2.78398256e-01 -2.70017970e-01 -2.64637062e-01 -2.62240626e-01 -2.61798611e-01 -2.61739806e-01 -2.60424061e-01 -2.56616946e-01 -2.49646517e-01 -2.39477782e-01 -2.26554344e-01 -2.11662157e-01 -1.95653808e-01 -1.79513240e-01 -1.64171146e-01 -1.50452924e-01 -1.39005055e-01 -1.30070807e-01 -1.23479990e-01 -1.18498248e-01 -1.14142915e-01 -1.09392575e-01 -1.03571037e-01 -9.65685606e-02 -8.89081868e-02 -8.14858063e-02 -7.52189265e-02 -7.06043618e-02 -6.74335525e-02 -6.47979064e-02 -6.13728530e-02 -5.59886786e-02 -4.81690089e-02 -3.86359597e-02 -2.95747842e-02 -2.45105992e-02 -2.77452979e-02 -4.32986796e-02 -7.32242312e-02 -1.15744364e-01 -1.63815351e-01 -2.07124990e-01 -2.43051809e-01 -2.91599327e-01 -3.61996005e-01 -3.88354639e-01 -3.57335248e-01 -3.58487230e-01 -3.03558334e-01 -2.13318616e-01 -1.10581245e-01
8.40000000e+00 -2.47541104e-02 -8.16447244e-02 -1.06253513e-01 -1.38466661e-01 -1.75646240e-01 -1.70344386e-01 -1.55509550e-01 -1.49597654e-01 -1.29670105e-01 -8.89592428e-02 -3.89672588e-02 8.82075939e-03 4.84652103e-02 7.82049343e-02 9.88505684e-02 1.12269886e-01 1.20354898e-01 1.24297289e-01 1.24460076e-01 1.20749755e-01 1.13100819e-01 1.01982464e-01 8.83816803e-02 7.35915502e-02 5.85616670e-02 4.36622771e-02 2.86634995e-02 1.31476967e-02 -3.17969776e-03 -2.02334440e-02 -3.76931497e-02 -5.52193160e-02 -7.25956293e-02 -8.98656940e-02 -1.07176519e-01 -1.24815665e-01 -1.43056517e-01 -1.62090818e-01 -1.82021433e-01 -2.02864413e-01 -2.24509834e-01 -2.46410182e-01 -2.67318351e-01 -2.85282171e-01 -2.98107518e-01 -3.04239224e-01 -3.03513727e-01 -2.97297504e-01 -2.88002863e-01 -2.78303493e-01 -2.70346663e-01 -2.65227187e-01 -2.62928247e-01 -2.62454344e-01 -2.62294011e-01 -2.60872630e-01 -2.57004087e-01 -2.50041334e-01 -2.39932939e-01 -2.27075149e-01 -2.12184033e-01 -1.96049858e-01 -1.79634446e-01 -1.63901490e-01 -1.49766838e-01 -1.37986349e-01 -1.28881379e-01 -1.22309203e-01 -1.17494570e-01 -1.13378097e-01 -1.08869284e-01 -1.03245858e-01 -9.64059647e-02 -8.89162956e-02 -8.17213105e-02 -7.57664499e-02 -7.15231336e-02 -6.87017100e-02 -6.62899799e-02 -6.28741252e-02 -5.72688185e-02 -4.90898178e-02 -3.92389077e-02 -3.01231318e-02 -2.54439954e-02 -2.95426797e-02 -4.62829630e-02 -7.73370510e-02 -1.20377536e-01 -1.67866918e-01 -2.09673928e-01 -2.44962458e-01 -2.95157566e-01 -3.64424002e-01 -3.84124367e-01 -3.54246039e-01 -3.56306893e-01 -2.94843033e-01 -2.07098574e-01 -1.05697168e-01
8.50000000e+00 -2.19729722e-02 -7.77116970e-02 -1.02773614e-01 -1.32955403e-01 -1.72097375e-01 -1.70117342e-01 -1.54561850e-01 -1.48558992e-01 -1.30556931e-01 -9.14858364e-02 -4.19124870e-02 6.31459563e-03 4.67360364e-02 7.72200020e-02 9.83578760e-02 1.11933975e-01 1.19858525e-01 1.23406447e-01 1.23060588e-01 1.18844503e-01 1.10785851e-01 9.94037878e-02 8.56789192e-02 7.08537005e-02 5.58189600e-02 4.09065203e-02 2.59024760e-02 1.04472300e-02 -5.68480485e-03 -2.23630820e-02 -3.92661462e-02 -5.60924510e-02 -7.26923477e-02 -8.91909638e-02 -1.05816880e-01 -1.22932277e-01 -1.40852496e-01 -1.59751238e-01 -1.79664212e-01 -2.00511782e-01 -2.22109842e-01 -2.43898069e-01 -2.64681501e-01 -2.82596307e-01 -2.95529899e-01 -3.01957742e-01 -3.01695062e-01 -2.96050956e-01 -2.87362793e-01 -2.78219865e-01 -2.70693681e-01 -2.65835199e-01 -2.63626519e-01 -2.63110082e-01 -2.62837301e-01 -2.61302214e-01 -2.57367655e-01 -2.50411727e-01 -2.40365291e-01 -2.27576977e-01 -2.12691368e-01 -1.96438765e-01 -1.79757347e-01 -1.63643790e-01 -1.49102117e-01 -1.36994370e-01 -1.27718600e-01 -1.21157827e-01 -1.16499417e-01 -1.12610394e-01 -1.08335538e-01 -1.02909272e-01 -9.62378542e-02 -8.89283405e-02 -8.19695243e-02 -7.63299462e-02 -7.24530925e-02 -6.99693479e-02 -6.77669486e-02 -6.43496264e-02 -5.85218484e-02 -4.99953510e-02 -3.98517622e-02 -3.07162721e-02 -2.64590529e-02 -3.14499687e-02 -4.93823518e-02 -8.15322827e-02 -1.25015920e-01 -1.71829091e-01 -2.12131642e-01 -2.46976983e-01 -2.98835794e-01 -3.66369061e-01 -3.79546802e-01 -3.51559907e-01 -3.53563094e-01 -2.86125515e-01 -2.01169851e-01 -1.01111643e-01
8.60000000e+00 -1.93359067e-02 -7.38367792e-02 -9.93822231e-02 -1.27565209e-01 -1.68178549e-01 -1.69755805e-01 -1.53725120e-01 -1.47432818e-01 -1.31246963e-01 -9.38973933e-02 -4.48499106e-02 3.75177061e-03 4.49247764e-02 7.61531297e-02 9.77968123e-02 1.11546526e-01 1.19323680e-01 1.22484087e-01 1.21632404e-01 1.16912666e-01 1.08449286e-01 9.68112837e-02 8.29713437e-02 6.81170563e-02 5.30792729e-02 3.81524935e-02 2.31419383e-02 7.74805123e-03 -8.18518823e-03 -2.44843156e-02 -4.08295211e-02 -5.69582389e-02 -7.27879745e-02 -8.85224655e-02 -1.04470778e-01 -1.21066690e-01 -1.38666248e-01 -1.57425619e-01 -1.77315663e-01 -1.98163042e-01 -2.19709139e-01 -2.41378259e-01 -2.62026332e-01 -2.79878727e-01 -2.92910016e-01 -2.99631703e-01 -2.99839851e-01 -2.94783167e-01 -2.86718833e-01 -2.78146194e-01 -2.71057423e-01 -2.66459490e-01 -2.64334219e-01 -2.63765225e-01 -2.63369753e-01 -2.61713370e-01 -2.57708452e-01 -2.50758333e-01 -2.40775035e-01 -2.28059357e-01 -2.13183136e-01 -1.96819253e-01 -1.79880918e-01 -1.63397745e-01 -1.48459338e-01 -1.36030331e-01 -1.26583903e-01 -1.20027004e-01 -1.15513355e-01 -1.11839890e-01 -1.07791092e-01 -1.02561120e-01 -9.60643902e-02 -8.89448073e-02 -8.22310841e-02 -7.69097815e-02 -7.33939295e-02 -7.12353503e-02 -6.92270581e-02 -6.57975819e-02 -5.97468757e-02 -5.08862765e-02 -4.04770287e-02 -3.13580554e-02 -2.75597011e-02 -3.34693874e-02 -5.25953867e-02 -8.58034319e-02 -1.29649029e-01 -1.75694561e-01 -2.14508236e-01 -2.49113732e-01 -3.02602385e-01 -3.67795249e-01 -3.74706034e-01 -3.49249704e-01 -3.50206613e-01 -2.77492436e-01 -1.95494988e-01 -9.68223046e-02
8.70000000e+00 -1.68329539e-02 -7.00295164e-02 -9.60568542e-02 -1.22328016e-01 -1.63913882e-01 -1.69222144e-01 -1.52998814e-01 -1.46239643e-01 -1.31741205e-01 -9.61836743e-02 -4.77711991e-02 1.13611745e-03 4.30317979e-02 7.50025173e-02 9.71646353e-02 1.11104799e-01 1.18748289e-01 1.21529206e-01 1.20175582e-01 1.14955155e-01 1.06092438e-01 9.42061406e-02 8.02595979e-02 6.53817122e-02 5.03423867e-02 3.54001921e-02 2.03824534e-02 5.05135136e-03 -1.06793055e-02 -2.65956746e-02 -4.23821815e-02 -5.78161933e-02 -7.28826640e-02 -8.78609944e-02 -1.03139541e-01 -1.19220530e-01 -1.36499213e-01 -1.55114856e-01 -1.74975895e-01 -1.95817659e-01 -2.17307025e-01 -2.38850462e-01 -2.59353332e-01 -2.77130762e-01 -2.90249630e-01 -2.97262791e-01 -2.97949272e-01 -2.93494562e-01 -2.86070538e-01 -2.78081250e-01 -2.71436234e-01 -2.67098404e-01 -2.65050101e-01 -2.64419174e-01 -2.63891466e-01 -2.62106678e-01 -2.58027304e-01 -2.51081803e-01 -2.41162383e-01 -2.28521824e-01 -2.13658350e-01 -1.97190074e-01 -1.80004155e-01 -1.63163054e-01 -1.47839043e-01 -1.35095390e-01 -1.25478644e-01 -1.18917843e-01 -1.14536949e-01 -1.11066707e-01 -1.07235772e-01 -1.02201308e-01 -9.58857667e-02 -8.89661721e-02 -8.25065685e-02 -7.75062408e-02 -7.43452716e-02 -7.24985805e-02 -7.06686042e-02 -6.72163201e-02 -6.09431396e-02 -5.17633846e-02 -4.11172860e-02 -3.20523199e-02 -2.87497545e-02 -3.56029139e-02 -5.59202447e-02 -9.01436243e-02 -1.34266328e-01 -1.79457057e-01 -2.16815501e-01 -2.51388779e-01 -3.06420810e-01 -3.68675007e-01 -3.69688431e-01 -3.47273320e-01 -3.46204738e-01 -2.69024275e-01 -1.90035344e-01 -9.28272319e-02
8.80000000e+00 -1.44539020e-02 -6.62999370e-02 -9.27759092e-02 -1.17269889e-01 -1.59333557e-01 -1.68480225e-01 -1.52378016e-01 -1.45000214e-01 -1.32042528e-01 -9.83348853e-02 -5.06676976e-02 -1.52817112e-03 4.10577199e-02 7.37665107e-02 9.64586545e-02 1.10606042e-01 1.18130231e-01 1.20540761e-01 1.18690169e-01 1.12972898e-01 1.03716632e-01 9.15895514e-02 7.75443000e-02 6.26477324e-02 4.76080671e-02 3.26496218e-02 1.76246099e-02 2.35833956e-03 -1.31656230e-02 -2.86957236e-02 -4.39230770e-02 -5.86658689e-02 -7.29765779e-02 -8.72073382e-02 -1.01824461e-01 -1.17395366e-01 -1.34352788e-01 -1.52819829e-01 -1.72645027e-01 -1.93475115e-01 -2.14902801e-01 -2.36314370e-01 -2.56662968e-01 -2.74353758e-01 -2.87550561e-01 -2.94852766e-01 -2.96024561e-01 -2.92185583e-01 -2.85417436e-01 -2.78023750e-01 -2.71828413e-01 -2.67750242e-01 -2.65772899e-01 -2.65071331e-01 -2.64402562e-01 -2.62482738e-01 -2.58325054e-01 -2.51382797e-01 -2.41527559e-01 -2.28963924e-01 -2.14116062e-01 -1.97550012e-01 -1.80126089e-01 -1.62939416e-01 -1.47241727e-01 -1.34190646e-01 -1.24404103e-01 -1.17831409e-01 -1.13570760e-01 -1.10291007e-01 -1.06669475e-01 -1.01829815e-01 -9.57022110e-02 -8.89928993e-02 -8.27964948e-02 -7.81195258e-02 -7.53066806e-02 -7.37578836e-02 -7.20899383e-02 -6.86042800e-02 -6.21100173e-02 -5.26275897e-02 -4.17751808e-02 -3.28028800e-02 -3.00328958e-02 -3.78522637e-02 -5.93547285e-02 -9.45456213e-02 -1.38857313e-01 -1.83111473e-01 -2.19066781e-01 -2.53815410e-01 -3.10250244e-01 -3.68990030e-01 -3.64580356e-01 -3.45575167e-01 -3.41542042e-01 -2.60793275e-01 -1.84752534e-01 -8.91245913e-02
8.90000000e+00 -1.21884150e-02 -6.26581401e-02 -8.95193847e-02 -1.12410695e-01 -1.54473086e-01 -1.67496318e-01 -1.51853431e-01 -1.43735091e-01 -1.32155706e-01 -1.00341806e-01 -5.35304606e-02 -4.23653627e-03 3.90034240e-02 7.24436137e-02 9.56762393e-02 1.10047488e-01 1.17467342e-01 1.19517677e-01 1.17176199e-01 1.10966833e-01 1.01323202e-01 8.89627093e-02 7.48260432e-02 5.99151534e-02 4.48760707e-02 2.99008010e-02 1.48690179e-02 -3.29759818e-04 -1.56426203e-02 -3.07830649e-02 -4.54512012e-02 -5.95068617e-02 -7.30698855e-02 -8.65622754e-02 -1.00526783e-01 -1.15592714e-01 -1.32228321e-01 -1.50541403e-01 -1.70323195e-01 -1.91134917e-01 -2.12495768e-01 -2.33769661e-01 -2.53955685e-01 -2.71549073e-01 -2.84814678e-01 -2.92403459e-01 -2.94067004e-01 -2.90856685e-01 -2.84759031e-01 -2.77972370e-01 -2.72232213e-01 -2.68413269e-01 -2.66501336e-01 -2.65721103e-01 -2.64903176e-01 -2.62842171e-01 -2.58602561e-01 -2.51661985e-01 -2.41870800e-01 -2.29385214e-01 -2.14555363e-01 -1.97897883e-01 -1.80245781e-01 -1.62726528e-01 -1.46667848e-01 -1.33317132e-01 -1.23361475e-01 -1.16768725e-01 -1.12615345e-01 -1.09512992e-01 -1.06092170e-01 -1.01446689e-01 -9.55139840e-02 -8.90254412e-02 -8.31013170e-02 -7.87497517e-02 -7.62776538e-02 -7.50120885e-02 -7.34894731e-02 -6.99600188e-02 -6.32470287e-02 -5.34799326e-02 -4.24534230e-02 -3.36135150e-02 -3.14126596e-02 -4.02188730e-02 -6.28962567e-02 -9.90018377e-02 -1.43411591e-01 -1.86653980e-01 -2.21276793e-01 -2.56403645e-01 -3.14046317e-01 -3.68731926e-01 -3.59465873e-01 -3.44088046e-01 -3.36220613e-01 -2.52861714e-01 -1.79609766e-01 -8.57122919e-02
9.00000000e+00 -1.00261622e-02 -5.91138979e-02 -8.62694892e-02 -1.07763948e-01 -1.49372447e-01 -1.66239955e-01 -1.51411482e-01 -1.42464223e-01 -1.32087409e-01 -1.02195923e-01 -5.63502944e-02 -6.98404809e-03 3.68700663e-02 7.10324997e-02 9.48148291e-02 1.09426370e-01 1.16757427e-01 1.18458840e-01 1.15633691e-01 1.08937904e-01 9.89134894e-02 8.63268043e-02 7.21053969e-02 5.71839863e-02 4.21461495e-02 2.71537640e-02 1.21163098e-02 -3.01171030e-03 -1.81087941e-02 -3.28563403e-02 -4.69655936e-02 -6.03388077e-02 -7.31627627e-02 -8.59265750e-02 -9.92477121e-02 -1.13814026e-01 -1.30127113e-01 -1.48280422e-01 -1.68010548e-01 -1.88796598e-01 -2.10085236e-01 -2.31216000e-01 -2.51231913e-01 -2.68718073e-01 -2.82043900e-01 -2.89916769e-01 -2.92077935e-01 -2.89508337e-01 -2.84094804e-01 -2.77925740e-01 -2.72645850e-01 -2.69085714e-01 -2.67234117e-01 -2.66367897e-01 -2.65393465e-01 -2.63185616e-01 -2.58860694e-01 -2.51920044e-01 -2.42192352e-01 -2.29785267e-01 -2.14975392e-01 -1.98232549e-01 -1.80362332e-01 -1.62524091e-01 -1.46117816e-01 -1.32475817e-01 -1.22351875e-01 -1.15730769e-01 -1.11671264e-01 -1.08732907e-01 -1.05503908e-01 -1.01052048e-01 -9.53213792e-02 -8.90642353e-02 -8.34214225e-02 -7.93969464e-02 -7.72576240e-02 -7.62600105e-02 -7.48656879e-02 -7.12822198e-02 -6.43538420e-02 -5.43215807e-02 -4.31547796e-02 -3.44879565e-02 -3.28924153e-02 -4.27038816e-02 -6.65418558e-02 -1.03504364e-01 -1.47918967e-01 -1.90082134e-01 -2.23461398e-01 -2.59159804e-01 -3.17761981e-01 -3.67902633e-01 -3.54424500e-01 -3.42735369e-01 -3.30259766e-01 -2.45280560e-01 -1.74573053e-01 -8.25876571e-02
9.10000000e+00 -7.95694385e-03 -5.56762870e-02 -8.30111509e-02 -1.03336848e-01 -1.44075127e-01 -1.64684726e-01 -1.51034510e-01 -1.41206507e-01 -1.31846174e-01 -1.03889564e-01 -5.91178057e-02 -9.76540281e-03 3.46590883e-02 6.95320231e-02 9.38719425e-02 1.08739924e-01 1.15998258e-01 1.17363104e-01 1.14062647e-01 1.06887061e-01 9.64888330e-02 8.36830193e-02 6.93829074e-02 5.44542203e-02 3.94180563e-02 2.44085640e-02 9.36713949e-03 -5.68626643e-03 -2.05626624e-02 -3.49142325e-02 -4.84653414e-02 -6.11613823e-02 -7.32553925e-02 -8.53009949e-02 -9.79884051e-02 -1.12060689e-01 -1.28050411e-01 -1.46037709e-01 -1.65707252e-01 -1.86459722e-01 -2.07670526e-01 -2.28653047e-01 -2.48492063e-01 -2.65862133e-01 -2.79240189e-01 -2.87394656e-01 -2.90058739e-01 -2.88141022e-01 -2.83424215e-01 -2.77882456e-01 -2.73067502e-01 -2.69765779e-01 -2.67969939e-01 -2.67011127e-01 -2.65873599e-01 -2.63513728e-01 -2.59100335e-01 -2.52157660e-01 -2.42492468e-01 -2.30163672e-01 -2.15375331e-01 -1.98552914e-01 -1.80474885e-01 -1.62331809e-01 -1.45592001e-01 -1.31667601e-01 -1.21376331e-01 -1.14718472e-01 -1.10739074e-01 -1.07951040e-01 -1.04904816e-01 -1.00646087e-01 -9.51247230e-02 -8.91097037e-02 -8.37571304e-02 -8.00610481e-02 -7.82459599e-02 -7.75004549e-02 -7.62171329e-02 -7.25696988e-02 -6.54302771e-02 -5.51538290e-02 -4.38820693e-02 -3.54298769e-02 -3.44753505e-02 -4.53081156e-02 -7.02881539e-02 -1.08044993e-01 -1.52369537e-01 -1.93394968e-01 -2.25637341e-01 -2.62086130e-01 -3.21348481e-01 -3.66514566e-01 -3.49529083e-01 -3.41433633e-01 -3.23695252e-01 -2.38088517e-01 -1.69612258e-01 -7.97471256e-02
9.20000000e+00 -5.97081045e-03 -5.23533587e-02 -7.97324068e-02 -9.91304848e-02 -1.38627070e-01 -1.62808981e-01 -1.50701085e-01 -1.39979360e-01 -1.31442326e-01 -1.05416028e-01 -6.18234595e-02 -1.25749223e-02 3.23722281e-02 6.79412313e-02 9.28451878e-02 1.07985400e-01 1.15187584e-01 1.16229291e-01 1.12463052e-01 1.04815248e-01 9.40505679e-02 8.10325254e-02 6.66590986e-02 5.17258250e-02 3.66915493e-02 2.16652754e-02 6.62218271e-03 -8.35217741e-03 -2.30027679e-02 -3.69554677e-02 -4.99495809e-02 -6.19742996e-02 -7.33479653e-02 -8.46862810e-02 -9.67499735e-02 -1.10334025e-01 -1.25999408e-01 -1.43814063e-01 -1.63413486e-01 -1.84123881e-01 -2.05250979e-01 -2.26080456e-01 -2.45736534e-01 -2.62982630e-01 -2.76405543e-01 -2.84839137e-01 -2.88010841e-01 -2.86755234e-01 -2.82746706e-01 -2.77841079e-01 -2.73495319e-01 -2.70451642e-01 -2.68707491e-01 -2.67650212e-01 -2.66343759e-01 -2.63827176e-01 -2.59322370e-01 -2.52375520e-01 -2.42771412e-01 -2.30520041e-01 -2.15754409e-01 -1.98857936e-01 -1.80582626e-01 -1.62149391e-01 -1.45090724e-01 -1.30893310e-01 -1.20435785e-01 -1.13732716e-01 -1.09819338e-01 -1.07167724e-01 -1.04295103e-01 -1.00229068e-01 -9.49243744e-02 -8.91622514e-02 -8.41086896e-02 -8.07419047e-02 -7.92419664e-02 -7.87322193e-02 -7.75424342e-02 -7.38214105e-02 -6.64763102e-02 -5.59781000e-02 -4.46381555e-02 -3.64428771e-02 -3.61644537e-02 -4.80320720e-02 -7.41313753e-02 -1.12615250e-01 -1.56753790e-01 -1.96593066e-01 -2.27821940e-01 -2.65180480e-01 -3.24756414e-01 -3.64590494e-01 -3.44843843e-01 -3.40095100e-01 -3.16577979e-01 -2.31311500e-01 -1.64701944e-01 -7.71859936e-02
9.30000000e+00 -4.05817207e-03 -4.91518586e-02 -7.64246654e-02 -9.51402116e-02 -1.33075597e-01 -1.60596420e-01 -1.50386407e-01 -1.38798294e-01 -1.30887864e-01 -1.06769718e-01 -6.44576442e-02 -1.54065570e-02 3.00115313e-02 6.62593763e-02 9.17322734e-02 1.07160069e-01 1.14323134e-01 1.15056189e-01 1.10834873e-01 1.02723403e-01 9.16000198e-02 7.83764777e-02 6.39344737e-02 4.89987540e-02 3.39663964e-02 1.89239967e-02 3.88213565e-03 -1.10081910e-02 -2.54276812e-02 -3.89788170e-02 -5.14174990e-02 -6.27773110e-02 -7.34406795e-02 -8.40831662e-02 -9.55334803e-02 -1.08635286e-01 -1.23975243e-01 -1.41610260e-01 -1.61129448e-01 -1.81788708e-01 -2.02825959e-01 -2.23497883e-01 -2.42965715e-01 -2.60080942e-01 -2.73541997e-01 -2.82252284e-01 -2.85935711e-01 -2.85351479e-01 -2.82061701e-01 -2.77800144e-01 -2.73927425e-01 -2.71141462e-01 -2.69445456e-01 -2.68284576e-01 -2.66804143e-01 -2.64126644e-01 -2.59527687e-01 -2.52574319e-01 -2.43029449e-01 -2.30854008e-01 -2.16111904e-01 -1.99146627e-01 -1.80684790e-01 -1.61976553e-01 -1.44614263e-01 -1.30153694e-01 -1.19531092e-01 -1.12774330e-01 -1.08912621e-01 -1.06383336e-01 -1.03675064e-01 -9.98013305e-02 -9.47207252e-02 -8.92222643e-02 -8.44762771e-02 -8.14392731e-02 -8.02448858e-02 -7.99540973e-02 -7.88402984e-02 -7.50364551e-02 -6.74920772e-02 -5.67959432e-02 -4.54259405e-02 -3.75304740e-02 -3.79624971e-02 -5.08759020e-02 -7.80673380e-02 -1.17206431e-01 -1.61062708e-01 -1.99678619e-01 -2.30032750e-01 -2.68436107e-01 -3.27936844e-01 -3.62163135e-01 -3.40422672e-01 -3.38630583e-01 -3.08972317e-01 -2.24962524e-01 -1.59822021e-01 -7.48982044e-02
9.40000000e+00 -2.20989474e-03 -4.60770022e-02 -7.30828409e-02 -9.13561598e-02 -1.27468294e-01 -1.58036558e-01 -1.50062807e-01 -1.37676525e-01 -1.30196315e-01 -1.07946261e-01 -6.70107452e-02 -1.82538918e-02 2.75793611e-02 6.44859270e-02 9.05310180e-02 1.06261232e-01 1.13402625e-01 1.13842559e-01 1.09178054e-01 1.00612452e-01 8.91384996e-02 7.57160107e-02 6.12095155e-02 4.62729482e-02 3.12423796e-02 1.61848522e-02 1.14771425e-03 -1.36530577e-02 -2.78360041e-02 -4.09830990e-02 -5.28683331e-02 -6.35702042e-02 -7.35337426e-02 -8.34923687e-02 -9.43399396e-02 -1.06965654e-01 -1.21978992e-01 -1.39427046e-01 -1.58855350e-01 -1.79453871e-01 -2.00394857e-01 -2.20904990e-01 -2.40179987e-01 -2.57158447e-01 -2.70651613e-01 -2.79636212e-01 -2.83834856e-01 -2.83930274e-01 -2.81368608e-01 -2.77758164e-01 -2.74361922e-01 -2.71833385e-01 -2.70182516e-01 -2.68913654e-01 -2.67254953e-01 -2.64412826e-01 -2.59717177e-01 -2.52754752e-01 -2.43266852e-01 -2.31165236e-01 -2.16447145e-01 -1.99418061e-01 -1.80780662e-01 -1.61813016e-01 -1.44162848e-01 -1.29449425e-01 -1.18663017e-01 -1.11844092e-01 -1.08019492e-01 -1.05598299e-01 -1.03045075e-01 -9.93632852e-02 -9.45141990e-02 -8.92901082e-02 -8.48599971e-02 -8.21528191e-02 -8.12538991e-02 -8.11648827e-02 -8.01095173e-02 -7.62140835e-02 -6.84778768e-02 -5.76090344e-02 -4.62483576e-02 -3.86960882e-02 -3.98720194e-02 -5.38393967e-02 -8.20914528e-02 -1.21809639e-01 -1.65287877e-01 -2.02655452e-01 -2.32287187e-01 -2.71841533e-01 -3.30842448e-01 -3.59274479e-01 -3.36307710e-01 -3.36952263e-01 -3.00954038e-01 -2.19041997e-01 -1.54958165e-01 -7.28761933e-02
9.50000000e+00 -4.17381707e-04 -4.31323118e-02 -6.97053609e-02 -8.77638860e-02 -1.21851920e-01 -1.55125058e-01 -1.49700327e-01 -1.36624608e-01 -1.29382541e-01 -1.08942623e-01 -6.94732261e-02 -2.11101565e-02 2.50784081e-02 6.26205809e-02 8.92393616e-02 1.05286232e-01 1.12423769e-01 1.12587133e-01 1.07492516e-01 9.84833008e-02 8.66672990e-02 7.30522343e-02 5.84846882e-02 4.35483392e-02 2.85192995e-02 1.34479944e-02 -1.58034676e-03 -1.62855347e-02 -3.02263732e-02 -4.29671821e-02 -5.43013731e-02 -6.43528024e-02 -7.36273720e-02 -8.29145905e-02 -9.31703156e-02 -1.05326237e-01 -1.20011676e-01 -1.37265141e-01 -1.56591419e-01 -1.77119081e-01 -1.97957102e-01 -2.18301447e-01 -2.37379726e-01 -2.54216523e-01 -2.67736476e-01 -2.76993084e-01 -2.81709822e-01 -2.82492146e-01 -2.80666827e-01 -2.77713632e-01 -2.74796899e-01 -2.72525552e-01 -2.70917353e-01 -2.69536884e-01 -2.67696403e-01 -2.64686425e-01 -2.59891728e-01 -2.52917513e-01 -2.43483893e-01 -2.31453417e-01 -2.16759508e-01 -1.99671376e-01 -1.80869578e-01 -1.61658509e-01 -1.43736666e-01 -1.28781091e-01 -1.17832240e-01 -1.10942720e-01 -1.07140528e-01 -1.04813083e-01 -1.02405598e-01 -9.89154149e-02 -9.43052512e-02 -8.93661263e-02 -8.52598800e-02 -8.28821177e-02 -8.22681280e-02 -8.23633729e-02 -8.13489720e-02 -7.73537024e-02 -6.94341734e-02 -5.84191736e-02 -4.71083645e-02 -3.99430318e-02 -4.18953087e-02 -5.69219728e-02 -8.61987253e-02 -1.26415836e-01 -1.69421588e-01 -2.05529027e-01 -2.34602138e-01 -2.75380524e-01 -3.33428665e-01 -3.55974845e-01 -3.32528268e-01 -3.34976444e-01 -2.92607949e-01 -2.13538406e-01 -1.50102012e-01 -7.11107907e-02
9.60000000e+00 1.32736227e-03 -4.03195168e-02 -6.62940528e-02 -8.43451183e-02 -1.16271349e-01 -1.51863897e-01 -1.49267376e-01 -1.35650126e-01 -1.28462512e-01 -1.09757209e-01 -7.18357170e-02 -2.39682402e-02 2.25116992e-02 6.06632759e-02 8.78553768e-02 1.04232461e-01 1.11384277e-01 1.11288616e-01 1.05778159e-01 9.63368344e-02 8.41876854e-02 7.03862295e-02 5.57604383e-02 4.08248530e-02 2.57969793e-02 1.07136053e-02 -4.30129480e-03 -1.89043901e-02 -3.25974629e-02 -4.49299866e-02 -5.57159607e-02 -6.51249623e-02 -7.37217963e-02 -8.23505148e-02 -9.20255222e-02 -1.03718073e-01 -1.18074251e-01 -1.35125235e-01 -1.54337898e-01 -1.74784089e-01 -1.95512157e-01 -2.15686943e-01 -2.34565309e-01 -2.51256540e-01 -2.64798695e-01 -2.74325095e-01 -2.79562188e-01 -2.81037632e-01 -2.79955746e-01 -2.77665031e-01 -2.75230431e-01 -2.73216099e-01 -2.71648653e-01 -2.70153719e-01 -2.68128710e-01 -2.64948148e-01 -2.60052220e-01 -2.53063298e-01 -2.43680850e-01 -2.31718273e-01 -2.17048423e-01 -1.99905778e-01 -1.80950929e-01 -1.61512769e-01 -1.43335854e-01 -1.28149197e-01 -1.17039353e-01 -1.10070879e-01 -1.06276312e-01 -1.04028202e-01 -1.01757181e-01 -9.84582742e-02 -9.40943681e-02 -8.94506384e-02 -8.56758822e-02 -8.36266539e-02 -8.32866366e-02 -8.35483734e-02 -8.25576375e-02 -7.84548789e-02 -7.03615994e-02 -5.92282832e-02 -4.80089355e-02 -4.12744951e-02 -4.40343856e-02 -6.01226588e-02 -9.03837600e-02 -1.31015892e-01 -1.73456955e-01 -2.08306421e-01 -2.36993544e-01 -2.79032182e-01 -3.35654819e-01 -3.52321699e-01 -3.29100110e-01 -3.32626165e-01 -2.84025325e-01 -2.08429344e-01 -1.45251133e-01 -6.95911859e-02
9.70000000e+00 3.03168462e-03 -3.76385191e-02 -6.28539186e-02 -8.10785816e-02 -1.10768597e-01 -1.48261399e-01 -1.48731437e-01 -1.34757427e-01 -1.27453041e-01 -1.10389951e-01 -7.40891092e-02 -2.68207112e-02 1.98826052e-02 5.86142022e-02 8.63772796e-02 1.03097369e-01 1.10281866e-01 1.09945693e-01 1.04034853e-01 9.41739076e-02 8.17008961e-02 6.77190441e-02 5.30371957e-02 3.81024136e-02 2.30752690e-02 7.98189788e-03 -7.01436059e-03 -2.15084076e-02 -3.49479885e-02 -4.68704870e-02 -5.71114904e-02 -6.58865737e-02 -7.38172561e-02 -8.18008044e-02 -9.09064221e-02 -1.02142121e-01 -1.16167612e-01 -1.33007988e-01 -1.52095047e-01 -1.72448695e-01 -1.93059532e-01 -2.13061183e-01 -2.31737115e-01 -2.48279866e-01 -2.61840388e-01 -2.71634472e-01 -2.77393560e-01 -2.79567279e-01 -2.79234748e-01 -2.77610839e-01 -2.75660590e-01 -2.73903165e-01 -2.72375107e-01 -2.70763616e-01 -2.68552095e-01 -2.65198708e-01 -2.60199528e-01 -2.53192798e-01 -2.43858001e-01 -2.31959564e-01 -2.17313373e-01 -2.00120545e-01 -1.81024161e-01 -1.61375543e-01 -1.42960508e-01 -1.27554160e-01 -1.16284859e-01 -1.09229173e-01 -1.05427432e-01 -1.03244222e-01 -1.01100456e-01 -9.79924875e-02 -9.38820661e-02 -8.95439384e-02 -8.61078855e-02 -8.43858237e-02 -8.43084336e-02 -8.47187018e-02 -8.37345865e-02 -7.95173443e-02 -7.12609566e-02 -6.00384048e-02 -4.89530531e-02 -4.26935343e-02 -4.62909861e-02 -6.34400835e-02 -9.46407680e-02 -1.35600640e-01 -1.77388015e-01 -2.10996261e-01 -2.39475983e-01 -2.82771143e-01 -3.37485177e-01 -3.48378259e-01 -3.26025134e-01 -3.29833599e-01 -2.75301194e-01 -2.03682838e-01 -1.40408797e-01 -6.83049510e-02
9.80000000e+00 4.70225698e-03 -3.50874203e-02 -5.93928101e-02 -7.79408718e-02 -1.05381924e-01 -1.44332089e-01 -1.48059820e-01 -1.33947432e-01 -1.26371498e-01 -1.10842375e-01 -7.62246554e-02 -2.96598418e-02 1.71948474e-02 5.64738142e-02 8.48034410e-02 1.01878481e-01 1.09114268e-01 1.08557025e-01 1.02262443e-01 9.19953415e-02 7.92081343e-02 6.50516890e-02 5.03153749e-02 3.53809475e-02 2.03540486e-02 5.25311775e-03 -9.71875951e-03 -2.40963904e-02 -3.72767089e-02 -4.87877141e-02 -5.84874089e-02 -6.66375577e-02 -7.39140043e-02 -8.12660995e-02 -8.98138269e-02 -1.00599269e-01 -1.14292587e-01 -1.30914028e-01 -1.49863135e-01 -1.70112742e-01 -1.90598782e-01 -2.10423895e-01 -2.28895528e-01 -2.45287859e-01 -2.58863684e-01 -2.68923468e-01 -2.75205575e-01 -2.78081643e-01 -2.78503214e-01 -2.77549530e-01 -2.76085446e-01 -2.74584898e-01 -2.73095414e-01 -2.71366045e-01 -2.68966783e-01 -2.65438817e-01 -2.60334517e-01 -2.53306703e-01 -2.44015627e-01 -2.32177087e-01 -2.17553891e-01 -2.00315033e-01 -1.81088779e-01 -1.61246585e-01 -1.42610675e-01 -1.26996308e-01 -1.15569179e-01 -1.08418144e-01 -1.04594487e-01 -1.02461751e-01 -1.00436137e-01 -9.75187481e-02 -9.36688906e-02 -8.96462930e-02 -8.65556973e-02 -8.51589355e-02 -8.53324751e-02 -8.58731924e-02 -8.48789931e-02 -8.05409975e-02 -7.21332175e-02 -6.08516957e-02 -4.99436997e-02 -4.42030580e-02 -4.86665452e-02 -6.68724638e-02 -9.89635778e-02 -1.40160944e-01 -1.81209833e-01 -2.13608640e-01 -2.42062250e-01 -2.86567902e-01 -3.38889925e-01 -3.44211919e-01 -3.23291460e-01 -3.26542150e-01 -2.66531586e-01 -1.99258927e-01 -1.35583543e-01 -6.72381221e-02
9.90000000e+00 6.34506535e-03 -3.26626083e-02 -5.59210212e-02 -7.49073514e-02 -1.00145075e-01 -1.40096409e-01 -1.47220431e-01 -1.33217507e-01 -1.25235486e-01 -1.11117647e-01 -7.82340748e-02 -3.24776393e-02 1.44525023e-02 5.42428417e-02 8.31323985e-02 1.00573398e-01 1.07879236e-01 1.07121260e-01 1.00460742e-01 8.98019186e-02 7.67105632e-02 6.23851347e-02 4.75953757e-02 3.26603870e-02 1.76332322e-02 2.52754372e-03 -1.24136932e-02 -2.66671657e-02 -3.95824291e-02 -5.06807573e-02 -5.98432151e-02 -6.73778665e-02 -7.40123074e-02 -8.07470155e-02 -8.87484960e-02 -9.90903276e-02 -1.12449941e-01 -1.28843947e-01 -1.47642447e-01 -1.67776119e-01 -1.88129513e-01 -2.07774838e-01 -2.26040939e-01 -2.42281872e-01 -2.55870713e-01 -2.66194350e-01 -2.72999888e-01 -2.76581285e-01 -2.77760524e-01 -2.77479582e-01 -2.76503073e-01 -2.75259457e-01 -2.73808286e-01 -2.71960485e-01 -2.69372999e-01 -2.65669187e-01 -2.60458037e-01 -2.53405692e-01 -2.44154008e-01 -2.32370679e-01 -2.17769569e-01 -2.00488676e-01 -1.81144342e-01 -1.61125662e-01 -1.42286359e-01 -1.26475880e-01 -1.14892646e-01 -1.07638277e-01 -1.03778081e-01 -1.01681448e-01 -9.97650231e-02 -9.70378160e-02 -9.34554153e-02 -8.97579397e-02 -8.70190510e-02 -8.59452121e-02 -8.63576671e-02 -8.70107003e-02 -8.59901368e-02 -8.15259070e-02 -7.29795259e-02 -6.16704250e-02 -5.09838489e-02 -4.58058149e-02 -5.11621802e-02 -7.04175958e-02 -1.03345649e-01 -1.44687765e-01 -1.84918604e-01 -2.16154983e-01 -2.44762953e-01 -2.90389243e-01 -3.39846014e-01 -3.39892538e-01 -3.20873915e-01 -3.22708204e-01 -2.57810816e-01 -1.95111430e-01 -1.30788579e-01 -6.63753346e-02
1.00000000e+01 7.96541758e-03 -3.03588967e-02 -5.24508125e-02 -7.19530394e-02 -9.50866493e-02 -1.35580279e-01 -1.46182557e-01 -1.32561415e-01 -1.24062503e-01 -1.11220599e-01 -8.01096604e-02 -3.52658836e-02 1.16600049e-02 5.19223015e-02 8.13628679e-02 9.91798174e-02 1.06574550e-01 1.05637029e-01 9.86295354e-02 8.75943770e-02 7.42093013e-02 5.97203075e-02 4.48775845e-02 2.99406743e-02 1.49127706e-02 -1.94511296e-04 -1.50983510e-02 -2.92195895e-02 -4.18640032e-02 -5.25487668e-02 -6.11784603e-02 -6.81074824e-02 -7.41124451e-02 -8.02441420e-02 -8.77111362e-02 -9.76160325e-02 -1.10640367e-01 -1.26798307e-01 -1.45433278e-01 -1.65438766e-01 -1.85651387e-01 -2.05113800e-01 -2.23173754e-01 -2.39263246e-01 -2.52863607e-01 -2.63449401e-01 -2.70778175e-01 -2.75066776e-01 -2.77006061e-01 -2.77399481e-01 -2.76911557e-01 -2.75925020e-01 -2.74512448e-01 -2.72546425e-01 -2.69770967e-01 -2.65890523e-01 -2.60570928e-01 -2.53490443e-01 -2.44273429e-01 -2.32540218e-01 -2.17960053e-01 -2.00640987e-01 -1.81190473e-01 -1.61012547e-01 -1.41987517e-01 -1.25993020e-01 -1.14255510e-01 -1.06889994e-01 -1.02978828e-01 -1.00904020e-01 -9.90879910e-02 -9.65505159e-02 -9.32422400e-02 -8.98790855e-02 -8.74976072e-02 -8.67437931e-02 -8.73828692e-02 -8.81301060e-02 -8.70674054e-02 -8.24723130e-02 -7.38011965e-02 -6.24969681e-02 -5.20764560e-02 -4.75043796e-02 -5.37786750e-02 -7.40728457e-02 -1.07780090e-01 -1.49172231e-01 -1.88511736e-01 -2.18647889e-01 -2.47586130e-01 -2.94198787e-01 -3.40337867e-01 -3.35490638e-01 -3.18734914e-01 -3.18302470e-01 -2.49228890e-01 -1.91189829e-01 -1.26041047e-01 -6.57000042e-02
1.01000000e+01 9.56796690e-03 -2.81697102e-02 -4.89958895e-02 -6.90534669e-02 -9.02296196e-02 -1.30814523e-01 -1.44917621e-01 -1.31969351e-01 -1.22869589e-01 -1.11157721e-01 -8.18443888e-02 -3.80161704e-02 8.82214899e-03 4.95135084e-02 7.94937551e-02 9.76955380e-02 1.05198027e-01 1.04102955e-01 9.67685712e-02 8.53734066e-02 7.17054173e-02 5.70580868e-02 4.21623748e-02 2.72217659e-02 1.21926543e-02 -2.91269975e-03 -1.77719121e-02 -3.17525502e-02 -4.41203366e-02 -5.43909553e-02 -6.24927473e-02 -6.88264175e-02 -7.42147110e-02 -7.97580408e-02 -8.67024013e-02 -9.61770449e-02 -1.08864493e-01 -1.24777633e-01 -1.43235933e-01 -1.63100669e-01 -1.83164122e-01 -2.02440609e-01 -2.20294390e-01 -2.36233314e-01 -2.49844487e-01 -2.60690907e-01 -2.68542126e-01 -2.73538694e-01 -2.76239216e-01 -2.77307729e-01 -2.77308997e-01 -2.76579788e-01 -2.75206641e-01 -2.73123365e-01 -2.70160910e-01 -2.66103523e-01 -2.60674011e-01 -2.53561618e-01 -2.44374177e-01 -2.32685625e-01 -2.18125047e-01 -2.00771566e-01 -1.81226850e-01 -1.60907027e-01 -1.41714063e-01 -1.25547784e-01 -1.13657941e-01 -1.06173656e-01 -1.02197346e-01 -1.00130220e-01 -9.84059973e-02 -9.60577350e-02 -9.30299900e-02 -9.00099051e-02 -8.79909540e-02 -8.75537374e-02 -8.84068975e-02 -8.92303200e-02 -8.81102984e-02 -8.33806282e-02 -7.45997143e-02 -6.33338013e-02 -5.32244484e-02 -4.93011402e-02 -5.65164644e-02 -7.78351434e-02 -1.12259681e-01 -1.53605720e-01 -1.91987935e-01 -2.21100936e-01 -2.50536892e-01 -2.97957633e-01 -3.40357911e-01 -3.31075562e-01 -3.16825714e-01 -3.13310890e-01 -2.40869112e-01 -1.87441221e-01 -1.21361173e-01 -6.51945492e-02
1.02000000e+01 1.11567496e-02 -2.60873077e-02 -4.55708518e-02 -6.61854746e-02 -8.55910225e-02 -1.25834172e-01 -1.43399915e-01 -1.31428058e-01 -1.21672969e-01 -1.10937131e-01 -8.34320292e-02 -4.07199623e-02 5.94408535e-03 4.70180864e-02 7.75241681e-02 9.61184747e-02 1.03747523e-01 1.02517656e-01 9.48775643e-02 8.31396436e-02 6.91999251e-02 5.43993019e-02 3.94501079e-02 2.45036363e-02 9.47291653e-03 -5.62663931e-03 -2.04335468e-02 -3.42649734e-02 -4.63503884e-02 -5.62066000e-02 -6.37857305e-02 -6.95347134e-02 -7.43194126e-02 -7.92892457e-02 -8.57228916e-02 -9.47739524e-02 -1.07122876e-01 -1.22782413e-01 -1.41050726e-01 -1.60761865e-01 -1.80667499e-01 -1.99755133e-01 -2.17403283e-01 -2.33193398e-01 -2.46815461e-01 -2.57921154e-01 -2.66293439e-01 -2.71997620e-01 -2.75459387e-01 -2.77202842e-01 -2.77693512e-01 -2.77221987e-01 -2.75889627e-01 -2.73690816e-01 -2.70543045e-01 -2.66308876e-01 -2.60768090e-01 -2.53619874e-01 -2.44456543e-01 -2.32806867e-01 -2.18264313e-01 -2.00880094e-01 -1.81253212e-01 -1.60808897e-01 -1.41465868e-01 -1.25140134e-01 -1.13100025e-01 -1.05489565e-01 -1.01434260e-01 -9.93608498e-02 -9.77200732e-02 -9.55604198e-02 -9.28193139e-02 -9.01505395e-02 -8.84986089e-02 -8.83740263e-02 -8.94285288e-02 -9.03102870e-02 -8.91184298e-02 -8.42514380e-02 -7.53767329e-02 -6.41834955e-02 -5.44307153e-02 -5.11982842e-02 -5.93756192e-02 -8.17009778e-02 -1.16776899e-01 -1.57979942e-01 -1.95347269e-01 -2.23528446e-01 -2.53617128e-01 -3.01625103e-01 -3.39906917e-01 -3.26713639e-01 -3.15087987e-01 -3.07735067e-01 -2.32805958e-01 -1.83812251e-01 -1.16771342e-01 -6.48406429e-02
1.03000000e+01 1.27352351e-02 -2.41030331e-02 -4.21906343e-02 -6.33279296e-02 -8.11818113e-02 -1.20677668e-01 -1.41607273e-01 -1.30921026e-01 -1.20487692e-01 -1.10568514e-01 -8.48672509e-02 -4.33686452e-02 3.03131644e-03 4.44379786e-02 7.54534286e-02 9.44466694e-02 1.02220949e-01 1.00879746e-01 9.29561930e-02 8.08936670e-02 6.66937789e-02 5.17447300e-02 3.67411345e-02 2.17862814e-02 6.75363551e-03 -8.33591282e-03 -2.30824191e-02 -3.67558252e-02 -4.85531742e-02 -5.79950442e-02 -6.50571156e-02 -7.02324409e-02 -7.44268708e-02 -7.88382616e-02 -8.47731529e-02 -9.34072710e-02 -1.05416002e-01 -1.20813101e-01 -1.38877977e-01 -1.58422436e-01 -1.78161363e-01 -1.97057287e-01 -2.14500890e-01 -2.30144811e-01 -2.43778622e-01 -2.55142419e-01 -2.64033818e-01 -2.70444145e-01 -2.74665989e-01 -2.77083361e-01 -2.78063249e-01 -2.77849876e-01 -2.76560190e-01 -2.74248296e-01 -2.70917587e-01 -2.66507254e-01 -2.60853950e-01 -2.53665852e-01 -2.44520821e-01 -2.32903954e-01 -2.18377672e-01 -2.00966339e-01 -1.81269354e-01 -1.60717961e-01 -1.41242754e-01 -1.24769938e-01 -1.12581768e-01 -1.04837962e-01 -1.00690199e-01 -9.85967573e-02 -9.70313221e-02 -9.50595731e-02 -9.26108816e-02 -9.03010951e-02 -8.90200199e-02 -8.92035670e-02 -9.04465045e-02 -9.13689901e-02 -9.00915301e-02 -8.50855002e-02 -7.61340720e-02 -6.50487090e-02 -5.56980973e-02 -5.31977851e-02 -6.23558320e-02 -8.56663934e-02 -1.21323948e-01 -1.62287019e-01 -1.98591213e-01 -2.25945229e-01 -2.56825244e-01 -3.05159550e-01 -3.38994135e-01 -3.22466416e-01 -3.13455687e-01 -3.01592233e-01 -2.25103280e-01 -1.80250981e-01 -1.12295139e-01 -6.46194881e-02
1.04000000e+01 1.43063850e-02 -2.22075854e-02 -3.88699601e-02 -6.04623421e-02 -7.70068806e-02 -1.15385985e-01 -1.39521670e-01 -1.30428774e-01 -1.19327286e-01 -1.10063027e-01 -8.61457263e-02 -4.59535925e-02 8.96876612e-05 4.17754575e-02 7.32810847e-02 9.26783031e-02 1.00616272e-01 9.91878418e-02 9.10040978e-02 7.86359937e-02 6.41878685e-02 4.90950940e-02 3.40357947e-02 1.90697227e-02 4.03493705e-03 -1.10400687e-02 -2.57176877e-02 -3.92241161e-02 -5.07277676e-02 -5.97556988e-02 -6.63066588e-02 -7.09197003e-02 -7.45374194e-02 -7.84055647e-02 -8.38536766e-02 -9.20774468e-02 -1.03744288e-01 -1.18870116e-01 -1.36718012e-01 -1.56082519e-01 -1.75645624e-01 -1.94347036e-01 -2.11587692e-01 -2.27088854e-01 -2.40736038e-01 -2.52356968e-01 -2.61764967e-01 -2.68878862e-01 -2.73858449e-01 -2.76947856e-01 -2.78416384e-01 -2.78461745e-01 -2.77217138e-01 -2.74795335e-01 -2.71284744e-01 -2.66699313e-01 -2.60932354e-01 -2.53700178e-01 -2.44567314e-01 -2.32976941e-01 -2.18465009e-01 -2.01030154e-01 -1.81275133e-01 -1.60634034e-01 -1.41044506e-01 -1.24436975e-01 -1.12103098e-01 -1.04219031e-01 -9.99657940e-02 -9.78388372e-02 -9.63409153e-02 -9.45562509e-02 -9.24053821e-02 -9.04616418e-02 -8.95545674e-02 -9.00411959e-02 -9.14595350e-02 -9.24054552e-02 -9.10294487e-02 -8.58837429e-02 -7.68737145e-02 -6.59321793e-02 -5.70293751e-02 -5.53013885e-02 -6.54564034e-02 -8.97269900e-02 -1.25892795e-01 -1.66519582e-01 -2.01722687e-01 -2.28366292e-01 -2.60155983e-01 -3.08519234e-01 -3.37637208e-01 -3.18389010e-01 -3.11857148e-01 -2.94914742e-01 -2.17812889e-01 -1.76708626e-01 -1.07956377e-01 -6.45121043e-02
1.05000000e+01 1.58727199e-02 -2.03912966e-02 -3.56228209e-02 -5.75733659e-02 -7.30652534e-02 -1.10001683e-01 -1.37129743e-01 -1.29929212e-01 -1.18203427e-01 -1.09433174e-01 -8.72642288e-02 -4.84662347e-02 -2.87462556e-03 3.90331342e-02 7.10069225e-02 9.08117081e-02 9.89315254e-02 9.74405697e-02 8.90208804e-02 7.63670753e-02 6.16830146e-02 4.64510605e-02 3.13344194e-02 1.63540108e-02 1.31699673e-03 -1.37386213e-02 -2.83385084e-02 -4.16689043e-02 -5.28733031e-02 -6.14880438e-02 -6.75341674e-02 -7.15966210e-02 -7.46514045e-02 -7.79916032e-02 -8.29648983e-02 -9.07848590e-02 -1.02108078e-01 -1.16953839e-01 -1.34571160e-01 -1.53742295e-01 -1.73120260e-01 -1.91624398e-01 -2.08664195e-01 -2.24026820e-01 -2.37689751e-01 -2.49567046e-01 -2.59488586e-01 -2.67302372e-01 -2.73036216e-01 -2.76794926e-01 -2.78751130e-01 -2.79055929e-01 -2.77859306e-01 -2.75331470e-01 -2.71644716e-01 -2.66885684e-01 -2.61004042e-01 -2.53723462e-01 -2.44596327e-01 -2.33025929e-01 -2.18526269e-01 -2.01071475e-01 -1.81270460e-01 -1.60556938e-01 -1.40870859e-01 -1.24140935e-01 -1.11663865e-01 -1.03632898e-01 -9.92616763e-02 -9.70880298e-02 -9.56500886e-02 -9.40515586e-02 -9.22035213e-02 -9.06322128e-02 -9.01015663e-02 -9.08856826e-02 -9.24663040e-02 -9.34187546e-02 -9.19321554e-02 -8.66472629e-02 -7.75978015e-02 -6.68367150e-02 -5.84272575e-02 -5.75105985e-02 -6.86762296e-02 -9.38779245e-02 -1.30475211e-01 -1.70670853e-01 -2.04746061e-01 -2.30806529e-01 -2.63600311e-01 -3.11663236e-01 -3.35861869e-01 -3.14528616e-01 -3.10217342e-01 -2.87749116e-01 -2.10973536e-01 -1.73141109e-01 -1.03778160e-01 -6.44996165e-02
1.06000000e+01 1.74363900e-02 -1.86444079e-02 -3.24620041e-02 -5.46491730e-02 -6.93504245e-02 -1.04567943e-01 -1.34423201e-01 -1.29398068e-01 -1.17125641e-01 -1.08692650e-01 -8.82207212e-02 -5.08981350e-02 -5.85513538e-03 3.62139667e-02 6.86309780e-02 8.88453802e-02 9.71648193e-02 9.56365663e-02 8.70061031e-02 7.40872940e-02 5.91799650e-02 4.38132395e-02 2.86373308e-02 1.36392283e-02 -1.39995795e-03 -1.64310519e-02 -3.09440361e-02 -4.40892984e-02 -5.49889775e-02 -6.31916292e-02 -6.87394986e-02 -7.22633625e-02 -7.47691835e-02 -7.75967979e-02 -8.21071977e-02 -8.95298223e-02 -1.00507647e-01 -1.15064618e-01 -1.32437752e-01 -1.51401996e-01 -1.70585322e-01 -1.88889452e-01 -2.05730934e-01 -2.20959992e-01 -2.34641768e-01 -2.46774870e-01 -2.57206362e-01 -2.65715277e-01 -2.72198761e-01 -2.76623208e-01 -2.79065741e-01 -2.79630801e-01 -2.78485560e-01 -2.75856249e-01 -2.71997696e-01 -2.67066978e-01 -2.61069731e-01 -2.53736297e-01 -2.44608179e-01 -2.33051065e-01 -2.18561464e-01 -2.01090323e-01 -1.81255304e-01 -1.60486504e-01 -1.40721512e-01 -1.23881417e-01 -1.11263843e-01 -1.03079637e-01 -9.85784756e-02 -9.63453196e-02 -9.49601370e-02 -9.35466476e-02 -9.20060193e-02 -9.08128032e-02 -9.06602675e-02 -9.17357339e-02 -9.34654733e-02 -9.44080111e-02 -9.27997414e-02 -8.73773220e-02 -7.83086278e-02 -6.77651855e-02 -5.98943699e-02 -5.98266639e-02 -7.20137905e-02 -9.81139150e-02 -1.35062812e-01 -1.74734740e-01 -2.07667146e-01 -2.33280388e-01 -2.67145383e-01 -3.14552387e-01 -3.33701413e-01 -3.10923235e-01 -3.08460247e-01 -2.80154674e-01 -2.04610342e-01 -1.69510389e-01 -9.97820051e-02 -6.45635377e-02
1.07000000e+01 1.89992470e-02 -1.69573357e-02 -2.93986789e-02 -5.16816941e-02 -6.58508442e-02 -9.91275822e-02 -1.31399120e-01 -1.28809383e-01 -1.16101037e-01 -1.07856152e-01 -8.90144359e-02 -5.32410697e-02 -8.84506434e-03 3.33212679e-02 6.61535489e-02 8.67779918e-02 9.53143472e-02 9.37744858e-02 8.49592888e-02 7.17969597e-02 5.66793902e-02 4.11821825e-02 2.59448441e-02 1.09254933e-02 -4.11564553e-03 -1.91168095e-02 -3.35334261e-02 -4.64844598e-02 -5.70740520e-02 -6.48660765e-02 -6.99225595e-02 -7.29201139e-02 -7.48911235e-02 -7.72215434e-02 -8.12808979e-02 -8.83125911e-02 -9.89431993e-02 -1.13202763e-01 -1.30318119e-01 -1.49061904e-01 -1.68040927e-01 -1.86142339e-01 -2.02788474e-01 -2.17889643e-01 -2.31594062e-01 -2.43982628e-01 -2.54919972e-01 -2.64118185e-01 -2.71345579e-01 -2.76431376e-01 -2.79358517e-01 -2.80184780e-01 -2.79094798e-01 -2.76369224e-01 -2.72343865e-01 -2.67243772e-01 -2.61130110e-01 -2.53739252e-01 -2.44603194e-01 -2.33052539e-01 -2.18570669e-01 -2.01086801e-01 -1.81229689e-01 -1.60422571e-01 -1.40596117e-01 -1.23657938e-01 -1.10902733e-01 -1.02559266e-01 -9.79168181e-02 -9.56117343e-02 -9.42724110e-02 -9.30427111e-02 -9.18136075e-02 -9.10033698e-02 -9.12298611e-02 -9.25899987e-02 -9.44556881e-02 -9.53724015e-02 -9.36324207e-02 -8.80753438e-02 -7.90086355e-02 -6.87205119e-02 -6.14332410e-02 -6.22505639e-02 -7.54671392e-02 -1.02429249e-01 -1.39647113e-01 -1.78705926e-01 -2.10493152e-01 -2.35801527e-01 -2.70774603e-01 -3.17150197e-01 -3.31195966e-01 -3.07600646e-01 -3.06511235e-01 -2.72201794e-01 -1.98734649e-01 -1.65785529e-01 -9.59870496e-02 -6.46860353e-02
1.08000000e+01 2.05629157e-02 -1.53209176e-02 -2.64420536e-02 -4.86667219e-02 -6.25505264e-02 -9.37220956e-02 -1.28060124e-01 -1.28136060e-01 -1.15134087e-01 -1.06939160e-01 -8.96459422e-02 -5.54871121e-02 -1.18373739e-02 3.03587120e-02 6.35752065e-02 8.46084034e-02 9.33783963e-02 9.18530047e-02 8.28799206e-02 6.94963072e-02 5.41818803e-02 3.85583830e-02 2.32572683e-02 8.21296226e-03 -6.82972874e-03 -2.17953119e-02 -3.61058363e-02 -4.88536049e-02 -5.91278541e-02 -6.65110795e-02 -7.10833068e-02 -7.35670948e-02 -7.50176006e-02 -7.68662096e-02 -8.04862653e-02 -8.71333619e-02 -9.74148698e-02 -1.11368551e-01 -1.28212594e-01 -1.46722346e-01 -1.65487266e-01 -1.83383265e-01 -1.99837415e-01 -2.14817041e-01 -2.28548560e-01 -2.41192467e-01 -2.52631069e-01 -2.62511707e-01 -2.70476195e-01 -2.76218151e-01 -2.79627810e-01 -2.80716336e-01 -2.79685950e-01 -2.76869957e-01 -2.72683394e-01 -2.67416613e-01 -2.61185842e-01 -2.53732876e-01 -2.44581710e-01 -2.33030586e-01 -2.18554027e-01 -2.01061089e-01 -1.81193692e-01 -1.60364985e-01 -1.40494289e-01 -1.23469930e-01 -1.10580162e-01 -1.02071755e-01 -9.72773236e-02 -9.48883429e-02 -9.35883107e-02 -9.25409800e-02 -9.16270256e-02 -9.12038304e-02 -9.18094783e-02 -9.34470719e-02 -9.54355819e-02 -9.63111600e-02 -9.44305300e-02 -8.87429086e-02 -7.97004068e-02 -6.97056552e-02 -6.30462901e-02 -6.47829948e-02 -7.90338930e-02 -1.06817793e-01 -1.44219579e-01 -1.82579952e-01 -2.13232625e-01 -2.38382468e-01 -2.74467767e-01 -3.19423747e-01 -3.28391546e-01 -3.04577668e-01 -3.04299424e-01 -2.63969870e-01 -1.93344317e-01 -1.61943472e-01 -9.24093767e-02 -6.48501736e-02
1.09000000e+01 2.21288612e-02 -1.37266317e-02 -2.35991124e-02 -4.56038817e-02 -5.94297585e-02 -8.83907384e-02 -1.24414422e-01 -1.27350447e-01 -1.14226459e-01 -1.05957691e-01 -9.01171998e-02 -5.76287198e-02 -1.48247995e-02 2.73303396e-02 6.08968063e-02 8.23356770e-02 9.13553567e-02 8.98708268e-02 8.07674427e-02 6.71854940e-02 5.16879418e-02 3.59422761e-02 2.05749078e-02 5.50183293e-03 -9.54181277e-03 -2.44659469e-02 -3.86604291e-02 -5.11960058e-02 -6.11497786e-02 -6.81264050e-02 -7.22217464e-02 -7.42045552e-02 -7.51489977e-02 -7.65311428e-02 -7.97235096e-02 -8.59922777e-02 -9.59227260e-02 -1.09562226e-01 -1.26121505e-01 -1.44383702e-01 -1.62924600e-01 -1.80612507e-01 -1.96878389e-01 -2.11743443e-01 -2.25507148e-01 -2.38406490e-01 -2.50341282e-01 -2.60896455e-01 -2.69590161e-01 -2.75982299e-01 -2.79872025e-01 -2.81223990e-01 -2.80257984e-01 -2.77358012e-01 -2.73016441e-01 -2.67586014e-01 -2.61237560e-01 -2.53717694e-01 -2.44544075e-01 -2.32985483e-01 -2.18511749e-01 -2.01013447e-01 -1.81147443e-01 -1.60313599e-01 -1.40415601e-01 -1.23316748e-01 -1.10295686e-01 -1.01617025e-01 -9.66606041e-02 -9.41762534e-02 -9.29092816e-02 -9.20427192e-02 -9.14470189e-02 -9.14140639e-02 -9.23981940e-02 -9.43054999e-02 -9.64037820e-02 -9.72235815e-02 -9.51945290e-02 -8.93817483e-02 -8.03866560e-02 -7.07236049e-02 -6.47358135e-02 -6.74243563e-02 -8.27112257e-02 -1.11273008e-01 -1.48771687e-01 -1.86353308e-01 -2.15895359e-01 -2.41034248e-01 -2.78201306e-01 -3.21344534e-01 -3.25338960e-01 -3.01859724e-01 -3.01759918e-01 -2.55545016e-01 -1.88424411e-01 -1.57969519e-01 -8.90614671e-02 -6.50401259e-02
1.10000000e+01 2.36984506e-02 -1.21667829e-02 -2.08744384e-02 -4.24964725e-02 -5.64658914e-02 -8.31696797e-02 -1.20475726e-01 -1.26424960e-01 -1.13376910e-01 -1.04928028e-01 -9.04315977e-02 -5.96588218e-02 -1.77998916e-02 2.42405617e-02 5.81194988e-02 7.99590881e-02 8.92437315e-02 8.78266891e-02 7.86212614e-02 6.48645984e-02 4.91979950e-02 3.33342387e-02 1.78980637e-02 2.79234673e-03 -1.22514437e-02 -2.71280735e-02 -4.11963731e-02 -5.35109920e-02 -6.31392893e-02 -6.97118935e-02 -7.33379329e-02 -7.48327757e-02 -7.52857038e-02 -7.62166667e-02 -7.89927848e-02 -8.48894309e-02 -9.44667698e-02 -1.07783995e-01 -1.24045177e-01 -1.42046395e-01 -1.60353260e-01 -1.77830416e-01 -1.93912068e-01 -2.08670100e-01 -2.22471658e-01 -2.35626753e-01 -2.48052208e-01 -2.59273042e-01 -2.68687062e-01 -2.75722637e-01 -2.80089626e-01 -2.81706315e-01 -2.80809903e-01 -2.77832960e-01 -2.73343148e-01 -2.67752445e-01 -2.61285865e-01 -2.53694205e-01 -2.44490652e-01 -2.32917550e-01 -2.18444113e-01 -2.00944206e-01 -1.81091123e-01 -1.60268269e-01 -1.40359589e-01 -1.23197669e-01 -1.10048795e-01 -1.01194955e-01 -9.60672611e-02 -9.34766106e-02 -9.22368089e-02 -9.15492232e-02 -9.12743347e-02 -9.16339101e-02 -9.29950306e-02 -9.51637856e-02 -9.73589150e-02 -9.81090247e-02 -9.59249994e-02 -8.99937406e-02 -8.10702200e-02 -7.17773672e-02 -6.65039705e-02 -7.01747378e-02 -8.64958609e-02 -1.15787966e-01 -1.53294989e-01 -1.90023499e-01 -2.18492267e-01 -2.43766084e-01 -2.81948614e-01 -3.22889231e-01 -3.22092545e-01 -2.99440736e-01 -2.98835857e-01 -2.47017605e-01 -1.83948284e-01 -1.53857498e-01 -8.59517995e-02 -6.52413499e-02
1.11000000e+01 2.52730077e-02 -1.06346508e-02 -1.82701247e-02 -3.93511904e-02 -5.36341819e-02 -7.80912478e-02 -1.16263027e-01 -1.25332709e-01 -1.12581235e-01 -1.03866427e-01 -9.05939758e-02 -6.15709056e-02 -2.07550653e-02 2.10941616e-02 5.52447401e-02 7.74781382e-02 8.70421464e-02 8.57193672e-02 7.64407464e-02 6.25336183e-02 4.67123724e-02 3.07345908e-02 1.52270358e-02 8.47912617e-05 -1.49581070e-02 -2.97810231e-02 -4.37128452e-02 -5.57979501e-02 -6.50959202e-02 -7.12674588e-02 -7.44319690e-02 -7.54520670e-02 -7.54281122e-02 -7.59230835e-02 -7.82941896e-02 -8.38248664e-02 -9.30469395e-02 -1.06034034e-01 -1.21983935e-01 -1.39710901e-01 -1.57773646e-01 -1.75037419e-01 -1.90939159e-01 -2.05598258e-01 -2.19443870e-01 -2.32855251e-01 -2.45765410e-01 -2.57642082e-01 -2.67766516e-01 -2.75438037e-01 -2.80279138e-01 -2.82161942e-01 -2.81340748e-01 -2.78294375e-01 -2.73663642e-01 -2.67916338e-01 -2.61331323e-01 -2.53662883e-01 -2.44421817e-01 -2.32827147e-01 -2.18351468e-01 -2.00853772e-01 -1.81024962e-01 -1.60228859e-01 -1.40325750e-01 -1.23111903e-01 -1.09838913e-01 -1.00805380e-01 -9.54978844e-02 -9.27905929e-02 -9.15724124e-02 -9.10618118e-02 -9.11097187e-02 -9.18631705e-02 -9.35989601e-02 -9.60203939e-02 -9.82996129e-02 -9.89669152e-02 -9.66226449e-02 -9.05809025e-02 -8.17540487e-02 -7.28699516e-02 -6.83527694e-02 -7.30339058e-02 -9.03840687e-02 -1.20355374e-01 -1.57781179e-01 -1.93589125e-01 -2.21035241e-01 -2.46585053e-01 -2.85680477e-01 -3.24040342e-01 -3.18708792e-01 -2.97303348e-01 -2.95480235e-01 -2.38479715e-01 -1.79878971e-01 -1.49609633e-01 -8.30846029e-02 -6.54407233e-02
1.12000000e+01 2.68538579e-02 -9.12459668e-03 -1.57857725e-02 -3.61777478e-02 -5.09086638e-02 -7.31832858e-02 -1.11800245e-01 -1.24048131e-01 -1.11832290e-01 -1.02788806e-01 -9.06106291e-02 -6.33591010e-02 -2.36826564e-02 1.78962946e-02 5.22743007e-02 7.48925671e-02 8.47493603e-02 8.35476806e-02 7.42252331e-02 6.01924700e-02 4.42313172e-02 2.81435963e-02 1.25621241e-02 -2.62049768e-03 -1.76612264e-02 -3.24241007e-02 -4.62090324e-02 -5.80563241e-02 -6.70192762e-02 -7.27930886e-02 -7.55040049e-02 -7.60627693e-02 -7.55766199e-02 -7.56506738e-02 -7.76277700e-02 -8.27985848e-02 -9.16631132e-02 -1.04312484e-01 -1.19938099e-01 -1.37377738e-01 -1.55186223e-01 -1.72234024e-01 -1.87960410e-01 -2.02529154e-01 -2.16425504e-01 -2.30093924e-01 -2.43482406e-01 -2.56004187e-01 -2.66828174e-01 -2.75127424e-01 -2.80439154e-01 -2.82589560e-01 -2.81849597e-01 -2.78741833e-01 -2.73978028e-01 -2.68078078e-01 -2.61374467e-01 -2.53624171e-01 -2.44337959e-01 -2.32714676e-01 -2.18234228e-01 -2.00742614e-01 -1.80949237e-01 -1.60195236e-01 -1.40313547e-01 -1.23058593e-01 -1.09665400e-01 -1.00448096e-01 -9.49530502e-02 -9.21194092e-02 -9.09176415e-02 -9.05818259e-02 -9.09539123e-02 -9.21016084e-02 -9.42089082e-02 -9.68737575e-02 -9.92245189e-02 -9.97967481e-02 -9.72882890e-02 -9.11453833e-02 -8.24411938e-02 -7.40043579e-02 -7.02840530e-02 -7.60012911e-02 -9.43716631e-02 -1.24967596e-01 -1.62222167e-01 -1.97049933e-01 -2.23536971e-01 -2.49495796e-01 -2.89365576e-01 -3.24786740e-01 -3.15244889e-01 -2.95419479e-01 -2.91657416e-01 -2.30022559e-01 -1.76170874e-01 -1.45236123e-01 -8.04597663e-02 -6.56266362e-02
1.13000000e+01 2.84423638e-02 -7.63212779e-03 -1.34185746e-02 -3.29884037e-02 -4.82630176e-02 -6.84686368e-02 -1.07115762e-01 -1.22547604e-01 -1.11120084e-01 -1.01710431e-01 -9.04892917e-02 -6.50182592e-02 -2.65749859e-02 1.46524855e-02 4.92102739e-02 7.22023648e-02 8.23642751e-02 8.13104994e-02 7.19740248e-02 5.78409884e-02 4.17549823e-02 2.55614645e-02 9.90363090e-03 -5.32313420e-03 -2.03601630e-02 -3.50565857e-02 -4.86841344e-02 -6.02856149e-02 -6.89090334e-02 -7.42888428e-02 -7.65542374e-02 -7.66652513e-02 -7.57316266e-02 -7.53996963e-02 -7.69935218e-02 -8.18105440e-02 -9.03151126e-02 -1.02619454e-01 -1.17907987e-01 -1.35047475e-01 -1.52591523e-01 -1.69420820e-01 -1.84976609e-01 -1.99464023e-01 -2.13418220e-01 -2.27344642e-01 -2.41204670e-01 -2.54359966e-01 -2.65871722e-01 -2.74789785e-01 -2.80568331e-01 -2.82987917e-01 -2.82335565e-01 -2.79174911e-01 -2.74286391e-01 -2.68238004e-01 -2.61415789e-01 -2.53578488e-01 -2.44239482e-01 -2.32580576e-01 -2.18092881e-01 -2.00611266e-01 -1.80864268e-01 -1.60167269e-01 -1.40322409e-01 -1.23036820e-01 -1.09527556e-01 -1.00122865e-01 -9.44333198e-02 -9.14642954e-02 -9.02740700e-02 -9.01106227e-02 -9.08076483e-02 -9.23489503e-02 -9.48237575e-02 -9.77222832e-02 -1.00132293e-01 -1.00598091e-01 -9.79228739e-02 -9.16894574e-02 -8.31347967e-02 -7.51835621e-02 -7.22994846e-02 -7.90759770e-02 -9.84540023e-02 -1.29616691e-01 -1.66610154e-01 -2.00406870e-01 -2.26010740e-01 -2.52500269e-01 -2.92971079e-01 -3.25124053e-01 -3.11757231e-01 -2.93751187e-01 -2.87344307e-01 -2.21733987e-01 -1.72771649e-01 -1.40754468e-01 -7.80729014e-02 -6.57890393e-02
1.14000000e+01 3.00399492e-02 -6.15391807e-03 -1.11634759e-02 -2.97974253e-02 -4.56714162e-02 -6.39647687e-02 -1.02241839e-01 -1.20810038e-01 -1.10431933e-01 -1.00645589e-01 -9.02391015e-02 -6.65440244e-02 -2.94244326e-02 1.13686237e-02 4.60550834e-02 6.94077832e-02 7.98859465e-02 7.90067497e-02 6.96863955e-02 5.54789263e-02 3.92834306e-02 2.29883520e-02 7.25186238e-03 -8.02268082e-03 -2.30542142e-02 -3.76777329e-02 -5.11373657e-02 -6.24853795e-02 -7.07649400e-02 -7.57548530e-02 -7.75829089e-02 -7.72599080e-02 -7.58935343e-02 -7.51703859e-02 -7.63913940e-02 -8.08606608e-02 -8.90027068e-02 -1.00955019e-01 -1.15893919e-01 -1.32720720e-01 -1.49990140e-01 -1.66598481e-01 -1.81988585e-01 -1.96404093e-01 -2.10423615e-01 -2.24609206e-01 -2.38933619e-01 -2.52710022e-01 -2.64896880e-01 -2.74424163e-01 -2.80665395e-01 -2.83355821e-01 -2.82797804e-01 -2.79593189e-01 -2.74588789e-01 -2.68396406e-01 -2.61455739e-01 -2.53526222e-01 -2.44126807e-01 -2.32425321e-01 -2.17927977e-01 -2.00460323e-01 -1.80770421e-01 -1.60144834e-01 -1.40351732e-01 -1.23045612e-01 -1.09424628e-01 -9.98294148e-02 -9.39392384e-02 -9.08265104e-02 -8.96432911e-02 -8.96495717e-02 -9.06716475e-02 -9.26048869e-02 -9.54423518e-02 -9.85643580e-02 -1.01021620e-01 -1.01370588e-01 -9.85274580e-02 -9.22155163e-02 -8.38380763e-02 -7.64105026e-02 -7.44005333e-02 -8.22566880e-02 -1.02625991e-01 -1.34294444e-01 -1.70937708e-01 -2.03662116e-01 -2.28470202e-01 -2.55597521e-01 -2.96463295e-01 -3.25054885e-01 -3.08299916e-01 -2.92251831e-01 -2.82531158e-01 -2.13696123e-01 -1.69624245e-01 -1.36188562e-01 -7.59155505e-02 -6.59194492e-02
1.15000000e+01 3.16481132e-02 -4.68778758e-03 -9.01340451e-03 -2.66205000e-02 -4.31093188e-02 -5.96835495e-02 -9.72139391e-02 -1.18817411e-01 -1.09752688e-01 -9.96072690e-02 -8.98705435e-02 -6.79328967e-02 -3.22235134e-02 8.05095566e-03 4.28114881e-02 6.65093476e-02 7.73135934e-02 7.66354194e-02 6.73615937e-02 5.31059558e-02 3.68166350e-02 2.04243651e-02 4.60713074e-03 -1.07186473e-02 -2.57426139e-02 -4.02867733e-02 -5.35679580e-02 -6.46552303e-02 -7.25868163e-02 -7.71913204e-02 -7.85903056e-02 -7.78471589e-02 -7.60627479e-02 -7.49629511e-02 -7.58212943e-02 -7.99488117e-02 -8.77256178e-02 -9.93192180e-02 -1.13896217e-01 -1.30398125e-01 -1.47382728e-01 -1.63767769e-01 -1.78997207e-01 -1.93350588e-01 -2.07443215e-01 -2.21889344e-01 -2.36670616e-01 -2.51054953e-01 -2.63903401e-01 -2.74029665e-01 -2.80729144e-01 -2.83692145e-01 -2.83235502e-01 -2.79996243e-01 -2.74885252e-01 -2.68553526e-01 -2.61494721e-01 -2.53467733e-01 -2.44000364e-01 -2.32249425e-01 -2.17740136e-01 -2.00290435e-01 -1.80668099e-01 -1.60127808e-01 -1.40400883e-01 -1.23083947e-01 -1.09355805e-01 -9.95674437e-02 -9.34713352e-02 -9.02073318e-02 -8.90269118e-02 -8.92000500e-02 -9.05466157e-02 -9.28690750e-02 -9.60634996e-02 -9.93983563e-02 -1.01891212e-01 -1.02113959e-01 -9.91032136e-02 -9.27260609e-02 -8.45543154e-02 -7.76880655e-02 -7.65884598e-02 -8.55417799e-02 -1.06882089e-01 -1.38992409e-01 -1.75197845e-01 -2.06819105e-01 -2.30929130e-01 -2.58783530e-01 -2.99808391e-01 -3.24588867e-01 -3.04923297e-01 -2.90867491e-01 -2.77221961e-01 -2.05983222e-01 -1.66669018e-01 -1.31567595e-01 -7.39755273e-02 -6.60109121e-02
1.16000000e+01 3.32684331e-02 -3.23264294e-03 -6.95956121e-03 -2.34741197e-02 -4.05541926e-02 -5.56311763e-02 -9.20699688e-02 -1.16555258e-01 -1.09065020e-01 -9.86068538e-02 -8.93953714e-02 -6.91822831e-02 -3.49649721e-02 4.70607334e-03 3.94825865e-02 6.35078673e-02 7.46466082e-02 7.41955650e-02 6.49988452e-02 5.07216686e-02 3.43544798e-02 1.78695617e-02 1.96975593e-03 -1.34104896e-02 -2.84245322e-02 -4.28829145e-02 -5.59751630e-02 -6.67948339e-02 -7.43745540e-02 -7.85985136e-02 -7.95767559e-02 -7.84274445e-02 -7.62396760e-02 -7.47775691e-02 -7.52830947e-02 -7.90748316e-02 -8.64835262e-02 -9.77120567e-02 -1.11915212e-01 -1.28080376e-01 -1.44770000e-01 -1.60929531e-01 -1.76003387e-01 -1.90304731e-01 -2.04478478e-01 -2.19186703e-01 -2.34416957e-01 -2.49395347e-01 -2.62891073e-01 -2.73605455e-01 -2.80758447e-01 -2.83995825e-01 -2.83647877e-01 -2.80383654e-01 -2.75175773e-01 -2.68709554e-01 -2.61533094e-01 -2.53403353e-01 -2.43860598e-01 -2.32053434e-01 -2.17530041e-01 -2.00102303e-01 -1.80557745e-01 -1.60116068e-01 -1.40469201e-01 -1.23150761e-01 -1.09320231e-01 -9.93366238e-02 -9.30301225e-02 -8.96080518e-02 -8.84265484e-02 -8.87634371e-02 -9.04332394e-02 -9.31411390e-02 -9.66859789e-02 -1.00222647e-01 -1.02739820e-01 -1.02828008e-01 -9.96514243e-02 -9.32236930e-02 -8.52868469e-02 -7.90190706e-02 -7.88643028e-02 -8.89292307e-02 -1.11216314e-01 -1.43701954e-01 -1.79384108e-01 -2.09882526e-01 -2.33401147e-01 -2.62051098e-01 -3.02973148e-01 -3.23742518e-01 -3.01672621e-01 -2.89538600e-01 -2.71434435e-01 -1.98659793e-01 -1.63845846e-01 -1.26924824e-01 -7.22373731e-02 -6.60579287e-02
1.17000000e+01 3.49025567e-02 -1.78838274e-03 -4.99175593e-03 -2.03749587e-02 -3.79861412e-02 -5.18082587e-02 -8.68494561e-02 -1.14013087e-01 -1.08349766e-01 -9.76538297e-02 -8.88265068e-02 -7.02905349e-02 -3.76418752e-02 1.34090080e-03 3.60718178e-02 6.04044462e-02 7.18845659e-02 7.16863168e-02 6.25973581e-02 4.83255774e-02 3.18967621e-02 1.53239541e-02 -6.59932520e-04 -1.60976098e-02 -3.10990768e-02 -4.54653415e-02 -5.83582547e-02 -6.89039098e-02 -7.61281165e-02 -7.99767661e-02 -8.05426278e-02 -7.90012224e-02 -7.64247332e-02 -7.46143798e-02 -7.47766397e-02 -7.82385128e-02 -8.52760779e-02 -9.61335032e-02 -1.09951245e-01 -1.25768192e-01 -1.42152728e-01 -1.58084706e-01 -1.73008079e-01 -1.87267737e-01 -2.01530791e-01 -2.16502848e-01 -2.32173871e-01 -2.47731777e-01 -2.61859717e-01 -2.73150760e-01 -2.80752244e-01 -2.84265864e-01 -2.84034176e-01 -2.80755001e-01 -2.75460304e-01 -2.68864630e-01 -2.61571162e-01 -2.53333386e-01 -2.43707967e-01 -2.31837925e-01 -2.17298439e-01 -1.99896677e-01 -1.80439833e-01 -1.60109499e-01 -1.40555999e-01 -1.23244950e-01 -1.09317005e-01 -9.91366036e-02 -9.26160964e-02 -8.90299726e-02 -8.78438208e-02 -8.83411106e-02 -9.03321834e-02 -9.34206735e-02 -9.73085415e-02 -1.01035600e-01 -1.03566236e-01 -1.03512621e-01 -1.00173482e-01 -9.37111069e-02 -8.60390392e-02 -8.04062563e-02 -8.12288655e-02 -9.24166329e-02 -1.15622262e-01 -1.48414319e-01 -1.83490644e-01 -2.12858314e-01 -2.35899448e-01 -2.65389802e-01 -3.05925754e-01 -3.22538914e-01 -2.98586792e-01 -2.88201759e-01 -2.65199609e-01 -1.91779065e-01 -1.61096187e-01 -1.22296228e-01 -7.06829081e-02 -6.60563465e-02
1.18000000e+01 3.65521865e-02 -3.55773060e-04 -3.09877776e-03 -1.73392661e-02 -3.53884247e-02 -4.82100512e-02 -8.15926880e-02 -1.11184713e-01 -1.07586325e-01 -9.67555260e-02 -8.81779159e-02 -7.12569707e-02 -4.02477144e-02 -2.03732336e-03 3.25829606e-02 5.72004918e-02 6.90272334e-02 6.91068851e-02 6.01563264e-02 4.59171184e-02 2.94431934e-02 1.27875116e-02 -3.28159395e-03 -1.87793558e-02 -3.37652935e-02 -4.80332174e-02 -6.07165327e-02 -7.09822298e-02 -7.78475379e-02 -8.13264727e-02 -8.14883258e-02 -7.95689633e-02 -7.66183423e-02 -7.44734767e-02 -7.43017554e-02 -7.74396016e-02 -8.41028922e-02 -9.45834880e-02 -1.08004676e-01 -1.23462316e-01 -1.39531740e-01 -1.55234318e-01 -1.70012279e-01 -1.84240822e-01 -1.98601465e-01 -2.13839259e-01 -2.29942513e-01 -2.46064801e-01 -2.60809185e-01 -2.72664861e-01 -2.80709548e-01 -2.84501339e-01 -2.84393671e-01 -2.81109869e-01 -2.75738751e-01 -2.69018846e-01 -2.61609174e-01 -2.53258107e-01 -2.43542935e-01 -2.31603510e-01 -2.17046135e-01 -1.99674352e-01 -1.80314872e-01 -1.60107984e-01 -1.40660568e-01 -1.23365384e-01 -1.09345184e-01 -9.89670114e-02 -9.22297372e-02 -8.84744010e-02 -8.72803474e-02 -8.79344413e-02 -9.02440871e-02 -9.37072458e-02 -9.79299182e-02 -1.01835596e-01 -1.04369302e-01 -1.04167772e-01 -1.00670882e-01 -9.41910810e-02 -8.68142820e-02 -8.18522655e-02 -8.36827022e-02 -9.60011876e-02 -1.20093115e-01 -1.53120669e-01 -1.87512282e-01 -2.15753610e-01 -2.38436506e-01 -2.68786017e-01 -3.08636606e-01 -3.21007170e-01 -2.95697314e-01 -2.86791662e-01 -2.58561004e-01 -1.85381807e-01 -1.58365000e-01 -1.17719137e-01 -6.92918554e-02 -6.60032233e-02
1.19000000e+01 3.82190551e-02 1.06370105e-03 -1.26878443e-03 -1.43822919e-02 -3.27478565e-02 -4.48268267e-02 -7.63398268e-02 -1.08068507e-01 -1.06753095e-01 -9.59168889e-02 -8.74644639e-02 -7.20818828e-02 -4.27765151e-02 -5.42106657e-03 2.90201284e-02 5.38977247e-02 6.60745780e-02 6.64565656e-02 5.76749349e-02 4.34956529e-02 2.69934027e-02 1.02601630e-02 -5.89487511e-03 -2.14550217e-02 -3.64221694e-02 -5.05856836e-02 -6.30493247e-02 -7.30296162e-02 -7.95329222e-02 -8.26480869e-02 -8.24142874e-02 -8.01311457e-02 -7.68209390e-02 -7.43548960e-02 -7.38582613e-02 -7.66777935e-02 -8.29635721e-02 -9.30619020e-02 -1.06075883e-01 -1.21163512e-01 -1.36907918e-01 -1.52379477e-01 -1.67017023e-01 -1.81225198e-01 -1.95691738e-01 -2.11197327e-01 -2.27723960e-01 -2.44394957e-01 -2.59739357e-01 -2.72147093e-01 -2.80629442e-01 -2.84701404e-01 -2.84725652e-01 -2.81447847e-01 -2.76010963e-01 -2.69172244e-01 -2.61647320e-01 -2.53177764e-01 -2.43365979e-01 -2.31350826e-01 -2.16773988e-01 -1.99436163e-01 -1.80183397e-01 -1.60111410e-01 -1.40782174e-01 -1.23510903e-01 -1.09403792e-01 -9.88274591e-02 -9.18715107e-02 -8.79426440e-02 -8.67377395e-02 -8.75447880e-02 -9.01695622e-02 -9.40003987e-02 -9.85488232e-02 -1.02621033e-01 -1.05147914e-01 -1.04793524e-01 -1.01145223e-01 -9.46664685e-02 -8.76159714e-02 -8.33596318e-02 -8.62261068e-02 -9.96797005e-02 -1.24621668e-01 -1.57812158e-01 -1.91444603e-01 -2.18576712e-01 -2.41023778e-01 -2.72223001e-01 -3.11079100e-01 -3.19181731e-01 -2.93027427e-01 -2.85243091e-01 -2.51573456e-01 -1.79495558e-01 -1.55602478e-01 -1.13230849e-01 -6.80425128e-02 -6.58966679e-02
1.20000000e+01 3.99048945e-02 2.46800186e-03 5.10302940e-04 -1.15177662e-02 -3.00550711e-02 -4.16443778e-02 -7.11300269e-02 -1.04667544e-01 -1.05827943e-01 -9.51403004e-02 -8.67017464e-02 -7.27665257e-02 -4.52229498e-02 -8.80252630e-03 2.53877622e-02 5.04981855e-02 6.30267753e-02 6.37347454e-02 5.51523636e-02 4.10604700e-02 2.45469385e-02 7.74179906e-03 -8.49940902e-03 -2.41238488e-02 -3.90686354e-02 -5.31218616e-02 -6.53559896e-02 -7.50459411e-02 -8.11844428e-02 -8.39421169e-02 -8.33209778e-02 -8.06882516e-02 -7.70329756e-02 -7.42586032e-02 -7.34459836e-02 -7.59527273e-02 -8.18577173e-02 -9.15685943e-02 -1.04165265e-01 -1.18872561e-01 -1.34282202e-01 -1.49521381e-01 -1.64023393e-01 -1.78222077e-01 -1.92802772e-01 -2.08578349e-01 -2.25519209e-01 -2.42722757e-01 -2.58650143e-01 -2.71596844e-01 -2.80511075e-01 -2.84865296e-01 -2.85029419e-01 -2.81768540e-01 -2.76276729e-01 -2.69324821e-01 -2.61685733e-01 -2.53092579e-01 -2.43177582e-01 -2.31080540e-01 -2.16482911e-01 -1.99182981e-01 -1.80045967e-01 -1.60119668e-01 -1.40920069e-01 -1.23680334e-01 -1.09491820e-01 -9.87175450e-02 -9.15418686e-02 -8.74360034e-02 -8.62175958e-02 -8.71734926e-02 -9.01091899e-02 -9.42996536e-02 -9.91639600e-02 -1.03390335e-01 -1.05901032e-01 -1.05390034e-01 -1.01598200e-01 -9.51401894e-02 -8.84474945e-02 -8.49307650e-02 -8.88591008e-02 -1.03448580e-01 -1.29200351e-01 -1.62480003e-01 -1.95284008e-01 -2.21336997e-01 -2.43671409e-01 -2.75681065e-01 -3.13230410e-01 -3.17101490e-01 -2.90591494e-01 -2.83492905e-01 -2.44301604e-01 -1.74134277e-01 -1.52765549e-01 -1.08867301e-01 -6.69124470e-02 -6.57356669e-02
1.21000000e+01 4.16114006e-02 3.85471601e-03 2.25041368e-03 -8.75744495e-03 -2.73046569e-02 -3.86446297e-02 -6.60005764e-02 -1.00989650e-01 -1.04788702e-01 -9.44254471e-02 -8.59058993e-02 -7.33130880e-02 -4.75824542e-02 -1.21736573e-02 2.16906181e-02 4.70042421e-02 5.98842166e-02 6.09409081e-02 5.25877925e-02 3.86107900e-02 2.21032725e-02 5.23227495e-03 -1.10948142e-02 -2.67850270e-02 -4.17035706e-02 -5.56408541e-02 -6.76359200e-02 -7.70311252e-02 -8.28023413e-02 -8.52091229e-02 -8.42088852e-02 -8.12407627e-02 -7.72549257e-02 -7.41844778e-02 -7.30647718e-02 -7.52639786e-02 -8.07849404e-02 -9.01033699e-02 -1.02273236e-01 -1.16590257e-01 -1.31655581e-01 -1.46661311e-01 -1.61032511e-01 -1.75232666e-01 -1.89935653e-01 -2.05983527e-01 -2.23329171e-01 -2.41048691e-01 -2.57541473e-01 -2.71013549e-01 -2.80353667e-01 -2.84992347e-01 -2.85304269e-01 -2.82071572e-01 -2.76535766e-01 -2.69476533e-01 -2.61724483e-01 -2.53002748e-01 -2.42978234e-01 -2.30793346e-01 -2.16173865e-01 -1.98915711e-01 -1.79903162e-01 -1.60132650e-01 -1.41073483e-01 -1.23872490e-01 -1.09608236e-01 -9.86368576e-02 -9.12412503e-02 -8.69557701e-02 -8.57214964e-02 -8.68218752e-02 -9.00635186e-02 -9.46045139e-02 -9.97740266e-02 -1.04141960e-01 -1.06627685e-01 -1.05957555e-01 -1.02031600e-01 -9.56152212e-02 -8.93122153e-02 -8.65679384e-02 -9.15814229e-02 -1.07303836e-01 -1.33821253e-01 -1.67115555e-01 -1.99027770e-01 -2.24044827e-01 -2.46387952e-01 -2.79137801e-01 -3.15072206e-01 -3.14808754e-01 -2.88394630e-01 -2.81481981e-01 -2.36818093e-01 -1.69298399e-01 -1.49819081e-01 -1.04661842e-01 -6.58791857e-02 -6.55199014e-02
1.22000000e+01 4.33401946e-02 5.22123557e-03 3.96296276e-03 -6.11073755e-03 -2.44951540e-02 -3.58063442e-02 -6.09860843e-02 -9.70473404e-02 -1.03613681e-01 -9.37692443e-02 -8.50933884e-02 -7.37246444e-02 -4.98513446e-02 -1.55262019e-02 1.79337520e-02 4.34185948e-02 5.66475159e-02 5.80746389e-02 4.99804066e-02 3.61457674e-02 1.96618029e-02 2.73141230e-03 -1.36806943e-02 -2.94376965e-02 -4.43258070e-02 -5.81417470e-02 -6.98885456e-02 -7.89851371e-02 -8.43869261e-02 -8.64497137e-02 -8.50785139e-02 -8.17891588e-02 -7.74872866e-02 -7.41322960e-02 -7.27145169e-02 -7.46110518e-02 -7.97448865e-02 -8.86659870e-02 -1.00400216e-01 -1.14317413e-01 -1.29029099e-01 -1.43800628e-01 -1.58045541e-01 -1.72258170e-01 -1.87091394e-01 -2.03413963e-01 -2.21154664e-01 -2.39373230e-01 -2.56413303e-01 -2.70396683e-01 -2.80156499e-01 -2.85081981e-01 -2.85549486e-01 -2.82356592e-01 -2.76787722e-01 -2.69627295e-01 -2.61763584e-01 -2.52908443e-01 -2.42768435e-01 -2.30489965e-01 -2.15847856e-01 -1.98635292e-01 -1.79755577e-01 -1.60150257e-01 -1.41241634e-01 -1.24086180e-01 -1.09751990e-01 -9.85849790e-02 -9.09700831e-02 -8.65032193e-02 -8.52509968e-02 -8.64912286e-02 -9.00330622e-02 -9.49144685e-02 -1.00377721e-01 -1.04874409e-01 -1.07326975e-01 -1.06496440e-01 -1.02447302e-01 -9.60945906e-02 -9.02134597e-02 -8.82732755e-02 -9.43925194e-02 -1.11241088e-01 -1.38476164e-01 -1.71710377e-01 -2.02674089e-01 -2.26711435e-01 -2.49180090e-01 -2.82568396e-01 -3.16591312e-01 -3.12348073e-01 -2.86432617e-01 -2.79157037e-01 -2.29201560e-01 -1.64975316e-01 -1.46736787e-01 -1.00644127e-01 -6.49208836e-02 -6.52495630e-02
1.23000000e+01 4.50927826e-02 6.56493620e-03 5.65851812e-03 -3.58442466e-03 -2.16289253e-02 -3.31058958e-02 -5.61177359e-02 -9.28576640e-02 -1.02282167e-01 -9.31658195e-02 -8.42807808e-02 -7.40050916e-02 -5.20269344e-02 -1.88517234e-02 1.41224988e-02 3.97442811e-02 5.33175160e-02 5.51356298e-02 4.73293998e-02 3.36644943e-02 1.72218575e-02 2.39000947e-04 -1.62566383e-02 -3.20809505e-02 -4.69341358e-02 -6.06236122e-02 -7.21133361e-02 -8.09079923e-02 -8.59385707e-02 -8.76645440e-02 -8.59303765e-02 -8.23339198e-02 -7.77305777e-02 -7.41017138e-02 -7.23951715e-02 -7.39933752e-02 -7.87372510e-02 -8.72561544e-02 -9.85466177e-02 -1.12054864e-01 -1.26403839e-01 -1.40940770e-01 -1.55063688e-01 -1.69299789e-01 -1.84270930e-01 -2.00870653e-01 -2.18996413e-01 -2.37696842e-01 -2.55265611e-01 -2.69745767e-01 -2.79918910e-01 -2.85133709e-01 -2.85764326e-01 -2.82623282e-01 -2.77032168e-01 -2.69776984e-01 -2.61802993e-01 -2.52809812e-01 -2.42548696e-01 -2.30171144e-01 -2.15505934e-01 -1.98342692e-01 -1.79603823e-01 -1.60172391e-01 -1.41423732e-01 -1.24320218e-01 -1.09922018e-01 -9.85614889e-02 -9.07287836e-02 -8.60796052e-02 -8.48076221e-02 -8.61828136e-02 -9.00182979e-02 -9.52289948e-02 -1.00973749e-01 -1.05586235e-01 -1.07998088e-01 -1.07007142e-01 -1.02847266e-01 -9.65813642e-02 -9.11545010e-02 -9.00487376e-02 -9.72915362e-02 -1.15255562e-01 -1.43156605e-01 -1.76256330e-01 -2.06222122e-01 -2.29348785e-01 -2.52052392e-01 -2.85946011e-01 -3.17780267e-01 -3.09764966e-01 -2.84692090e-01 -2.76472290e-01 -2.21534447e-01 -1.61140231e-01 -1.43501791e-01 -9.68391857e-02 -6.40169382e-02 -6.49251741e-02
1.24000000e+01 4.68705157e-02 7.88334578e-03 7.34650874e-03 -1.18247572e-03 -1.87119084e-02 -3.05180945e-02 -5.14226351e-02 -8.84419483e-02 -1.00774905e-01 -9.26065580e-02 -8.34845026e-02 -7.41590659e-02 -5.41076471e-02 -2.21416418e-02 1.02624475e-02 3.59846786e-02 4.98952947e-02 5.21236846e-02 4.46339804e-02 3.11660044e-02 1.47826983e-02 -2.24519936e-03 -1.88222205e-02 -3.47138381e-02 -4.95273136e-02 -6.30855098e-02 -7.43098036e-02 -8.27997521e-02 -8.74577105e-02 -8.88543117e-02 -8.67649855e-02 -8.28755329e-02 -7.79853310e-02 -7.40922513e-02 -7.21067697e-02 -7.34102997e-02 -7.77617855e-02 -8.58735320e-02 -9.67128275e-02 -1.09803476e-01 -1.23780923e-01 -1.38083246e-01 -1.52088192e-01 -1.66358716e-01 -1.81475131e-01 -1.98354487e-01 -2.16855032e-01 -2.36020004e-01 -2.54098406e-01 -2.69060365e-01 -2.79640300e-01 -2.85147117e-01 -2.85948019e-01 -2.82871350e-01 -2.77268600e-01 -2.69925431e-01 -2.61842619e-01 -2.52706974e-01 -2.42319539e-01 -2.29837656e-01 -2.15149187e-01 -1.98038909e-01 -1.79448516e-01 -1.60198969e-01 -1.41618976e-01 -1.24573428e-01 -1.10117253e-01 -9.85659686e-02 -9.05177588e-02 -8.56861575e-02 -8.43928620e-02 -8.58978540e-02 -9.00196640e-02 -9.55475627e-02 -1.01560827e-01 -1.06276054e-01 -1.08640295e-01 -1.07490220e-01 -1.03233536e-01 -9.70786405e-02 -9.21385460e-02 -9.18961122e-02 -1.00277311e-01 -1.19342110e-01 -1.47853873e-01 -1.80745656e-01 -2.09672007e-01 -2.31969424e-01 -2.55007083e-01 -2.89242234e-01 -3.18637764e-01 -3.07104593e-01 -2.83151009e-01 -2.73390902e-01 -2.13900718e-01 -1.57757374e-01 -1.40106849e-01 -9.32666876e-02 -6.31485395e-02 -6.45474198e-02
1.25000000e+01 4.86745502e-02 9.17429739e-03 9.03498202e-03 1.09403085e-03 -1.57532614e-02 -2.80170292e-02 -4.69232474e-02 -8.38254920e-02 -9.90745271e-02 -9.20802167e-02 -8.27205880e-02 -7.41918465e-02 -5.60931262e-02 -2.53872723e-02 6.35941009e-03 3.21435067e-02 4.63821704e-02 4.90387248e-02 4.18933754e-02 2.86492772e-02 1.23435248e-02 -4.72145728e-03 -2.13770016e-02 -3.73353668e-02 -5.21040690e-02 -6.55264914e-02 -7.64775051e-02 -8.46605217e-02 -8.89448367e-02 -9.00197544e-02 -8.75828416e-02 -8.34145052e-02 -7.82520692e-02 -7.41032792e-02 -7.18494417e-02 -7.28611049e-02 -7.68182787e-02 -8.45177380e-02 -9.48991889e-02 -1.07564150e-01 -1.21161500e-01 -1.35229626e-01 -1.49120324e-01 -1.63436133e-01 -1.78704805e-01 -1.95866246e-01 -2.14731021e-01 -2.34343206e-01 -2.52911730e-01 -2.68340104e-01 -2.79320129e-01 -2.85121850e-01 -2.86099783e-01 -2.83100523e-01 -2.77496440e-01 -2.70072408e-01 -2.61882315e-01 -2.52600012e-01 -2.42081490e-01 -2.29490291e-01 -2.14778738e-01 -1.97724963e-01 -1.79290278e-01 -1.60229911e-01 -1.41826564e-01 -1.24844659e-01 -1.10336628e-01 -9.85980040e-02 -9.03374067e-02 -8.53240781e-02 -8.40081661e-02 -8.56375333e-02 -9.00375589e-02 -9.58696375e-02 -1.02137693e-01 -1.06942548e-01 -1.09252964e-01 -1.07946339e-01 -1.03608229e-01 -9.75895407e-02 -9.31687209e-02 -9.38170013e-02 -1.03348366e-01 -1.23495211e-01 -1.52559089e-01 -1.85171068e-01 -2.13024868e-01 -2.34586304e-01 -2.58043861e-01 -2.92427592e-01 -3.19168955e-01 -3.04410391e-01 -2.81779382e-01 -2.69886160e-01 -2.06383553e-01 -1.54781516e-01 -1.36554239e-01 -8.99404114e-02 -6.22991327e-02 -6.41169960e-02
1.26000000e+01 5.05058146e-02 1.04360619e-02 1.07304233e-02 3.24688903e-03 -1.27649072e-02 -2.55769012e-02 -4.26369572e-02 -7.90371924e-02 -9.71659336e-02 -9.15731063e-02 -8.20044212e-02 -7.41092443e-02 -5.79843390e-02 -2.85798664e-02 2.41938275e-03 2.82248256e-02 4.27797054e-02 4.58807950e-02 3.91068365e-02 2.61132430e-02 9.90348007e-03 -7.19006756e-03 -2.39205281e-02 -3.99445057e-02 -5.46631091e-02 -6.79456026e-02 -7.86160426e-02 -8.64904458e-02 -9.04004866e-02 -9.11616448e-02 -8.83844196e-02 -8.39513823e-02 -7.85312676e-02 -7.41340088e-02 -7.16234191e-02 -7.23450109e-02 -7.59065072e-02 -8.31883697e-02 -9.31059883e-02 -1.05337828e-01 -1.18546739e-01 -1.32381535e-01 -1.46161386e-01 -1.60533214e-01 -1.75960720e-01 -1.93406603e-01 -2.12624759e-01 -2.32666938e-01 -2.51705655e-01 -2.67584687e-01 -2.78957926e-01 -2.85057595e-01 -2.86218855e-01 -2.83310536e-01 -2.77715030e-01 -2.70217628e-01 -2.61921891e-01 -2.52488959e-01 -2.41835075e-01 -2.29129847e-01 -2.14395724e-01 -1.97401885e-01 -1.79129716e-01 -1.60265139e-01 -1.42045685e-01 -1.25132778e-01 -1.10579083e-01 -9.86571856e-02 -9.01881156e-02 -8.49945370e-02 -8.36549406e-02 -8.54029905e-02 -9.00723398e-02 -9.61946830e-02 -1.02703109e-01 -1.07584480e-01 -1.09835559e-01 -1.08376271e-01 -1.03973533e-01 -9.81172000e-02 -9.42480579e-02 -9.58128111e-02 -1.06502909e-01 -1.27708995e-01 -1.57263246e-01 -1.89525836e-01 -2.16282809e-01 -2.37212604e-01 -2.61159744e-01 -2.95472143e-01 -3.19385570e-01 -3.01722754e-01 -2.80540237e-01 -2.65942376e-01 -1.99063072e-01 -1.52159741e-01 -1.32855317e-01 -8.68679442e-02 -6.14547842e-02 -6.36344788e-02
1.27000000e+01 5.23649840e-02 1.16674570e-02 1.24376442e-02 5.28065626e-03 -9.76099816e-03 -2.31728231e-02 -3.85757541e-02 -7.41090822e-02 -9.50366411e-02 -9.10693309e-02 -8.13504764e-02 -7.39174761e-02 -5.97836719e-02 -3.17106553e-02 -1.55149678e-03 2.42330338e-02 3.90897068e-02 4.26500667e-02 3.62736450e-02 2.35567901e-02 7.46165645e-03 -9.65134767e-03 -2.64523327e-02 -4.25401877e-02 -5.72031248e-02 -7.03418838e-02 -8.07250619e-02 -8.82897014e-02 -9.18252300e-02 -9.22807854e-02 -8.91701496e-02 -8.44867693e-02 -7.88233002e-02 -7.41834903e-02 -7.14290272e-02 -7.18611826e-02 -7.50261742e-02 -8.18850349e-02 -9.13334494e-02 -1.03125485e-01 -1.15937831e-01 -1.29540647e-01 -1.43212712e-01 -1.57651129e-01 -1.73243622e-01 -1.90976117e-01 -2.10536524e-01 -2.30991669e-01 -2.50480278e-01 -2.66793906e-01 -2.78553286e-01 -2.84954077e-01 -2.86304521e-01 -2.83501135e-01 -2.77923626e-01 -2.70360757e-01 -2.61961113e-01 -2.52373793e-01 -2.41580810e-01 -2.28757118e-01 -2.14001287e-01 -1.97070701e-01 -1.78967410e-01 -1.60304561e-01 -1.42275509e-01 -1.25436674e-01 -1.10843562e-01 -9.87431016e-02 -9.00702570e-02 -8.46986654e-02 -8.33345433e-02 -8.51953169e-02 -9.01243212e-02 -9.65221634e-02 -1.03255871e-01 -1.08200699e-01 -1.10387651e-01 -1.08780899e-01 -1.04331700e-01 -9.86647586e-02 -9.53794817e-02 -9.78847412e-02 -1.09738821e-01 -1.31977255e-01 -1.61957267e-01 -1.93803873e-01 -2.19448880e-01 -2.39861529e-01 -2.64348959e-01 -2.98346111e-01 -3.19305857e-01 -2.99077780e-01 -2.79390801e-01 -2.61555470e-01 -1.92014171e-01 -1.49833397e-01 -1.29029780e-01 -8.40506044e-02 -6.06044404e-02 -6.31002193e-02
1.28000000e+01 5.42524622e-02 1.28679297e-02 1.41597347e-02 7.20245684e-03 -6.75732727e-03 -2.07815663e-02 -3.47460653e-02 -6.90757665e-02 -9.26770959e-02 -9.05510772e-02 -8.07720640e-02 -7.36230260e-02 -6.14950090e-02 -3.47708928e-02 -5.54699461e-03 2.01728644e-02 3.53142246e-02 3.93468394e-02 3.33931165e-02 2.09787712e-02 5.01710389e-03 -1.21056336e-02 -2.89719328e-02 -4.51213111e-02 -5.97227961e-02 -7.27143691e-02 -8.28042475e-02 -9.00584883e-02 -9.32196545e-02 -9.33780044e-02 -8.99403955e-02 -8.50213544e-02 -7.91283782e-02 -7.42506202e-02 -7.12666721e-02 -7.14087051e-02 -7.41768694e-02 -8.06073868e-02 -8.95817404e-02 -1.00928117e-01 -1.13335996e-01 -1.26708673e-01 -1.40275680e-01 -1.54791037e-01 -1.70554247e-01 -1.88575221e-01 -2.08466509e-01 -2.29317830e-01 -2.49235713e-01 -2.65967642e-01 -2.78105862e-01 -2.84811061e-01 -2.86356103e-01 -2.83672079e-01 -2.78121361e-01 -2.70501460e-01 -2.61999702e-01 -2.52254428e-01 -2.41319203e-01 -2.28372903e-01 -2.13596558e-01 -1.96732427e-01 -1.78803902e-01 -1.60348066e-01 -1.42515173e-01 -1.25755247e-01 -1.11129006e-01 -9.88553267e-02 -8.99841728e-02 -8.44375421e-02 -8.30482744e-02 -8.50155486e-02 -9.01937725e-02 -9.68515423e-02 -1.03794813e-01 -1.08790147e-01 -1.10908921e-01 -1.09161216e-01 -1.04685045e-01 -9.92353524e-02 -9.65657970e-02 -1.00033775e-01 -1.13053664e-01 -1.36293470e-01 -1.66632060e-01 -1.97999823e-01 -2.22527032e-01 -2.42546108e-01 -2.67602881e-01 -3.01020574e-01 -3.18954310e-01 -2.96506158e-01 -2.78283841e-01 -2.56733214e-01 -1.85304536e-01 -1.47740185e-01 -1.25104664e-01 -8.14835864e-02 -5.97400738e-02 -6.25142657e-02
1.29000000e+01 5.61683676e-02 1.40376096e-02 1.58980716e-02 9.02170260e-03 -3.77070991e-03 -1.83822327e-02 -3.11487335e-02 -6.39737867e-02 -9.00809401e-02 -8.99989497e-02 -8.02810959e-02 -7.32324952e-02 -6.31237926e-02 -3.77519003e-02 -9.56082909e-03 1.60493808e-02 3.14555516e-02 3.59715426e-02 3.04646068e-02 1.83780126e-02 2.56883843e-03 -1.45532753e-02 -3.14788303e-02 -4.76867418e-02 -6.22207953e-02 -7.50620839e-02 -8.48533179e-02 -9.17970196e-02 -9.45843524e-02 -9.44541561e-02 -9.06954361e-02 -8.55559278e-02 -7.94464975e-02 -7.43341615e-02 -7.11368298e-02 -7.09865225e-02 -7.33580779e-02 -7.93551483e-02 -8.78509990e-02 -9.87467244e-02 -1.10742492e-01 -1.23887358e-01 -1.37351726e-01 -1.51954076e-01 -1.67893338e-01 -1.86204223e-01 -2.06414840e-01 -2.27645806e-01 -2.47972084e-01 -2.65105851e-01 -2.77615365e-01 -2.84628361e-01 -2.86372941e-01 -2.83823163e-01 -2.78307210e-01 -2.70639446e-01 -2.62037322e-01 -2.52130719e-01 -2.41050770e-01 -2.27978010e-01 -2.13182660e-01 -1.96388074e-01 -1.78639691e-01 -1.60395526e-01 -1.42763776e-01 -1.26087400e-01 -1.11434342e-01 -9.89934120e-02 -8.99301587e-02 -8.42121767e-02 -8.27973623e-02 -8.48646562e-02 -9.02809133e-02 -9.71822798e-02 -1.04318805e-01 -1.09351862e-01 -1.11399161e-01 -1.09518325e-01 -1.05035933e-01 -9.98321023e-02 -9.78096744e-02 -1.02260671e-01 -1.16444674e-01 -1.40650832e-01 -1.71278582e-01 -2.02109138e-01 -2.25522048e-01 -2.45278983e-01 -2.70910021e-01 -3.03468189e-01 -3.18361184e-01 -2.94032227e-01 -2.77169133e-01 -2.51495148e-01 -1.78992869e-01 -1.45816289e-01 -1.21113112e-01 -7.91563138e-02 -5.88567168e-02 -6.18763149e-02
1.30000000e+01 5.81125247e-02 1.51773317e-02 1.76523849e-02 1.07497440e-02 -8.18354747e-04 -1.59568323e-02 -2.77791414e-02 -5.88409476e-02 -8.72452037e-02 -8.93923491e-02 -7.98878744e-02 -7.27524419e-02 -6.46770673e-02 -4.06451109e-02 -1.35867250e-02 1.18679694e-02 2.75162239e-02 3.25247400e-02 2.74875233e-02 1.57533248e-02 1.15851417e-04 -1.69946321e-02 -3.39725103e-02 -5.02353148e-02 -6.46957909e-02 -7.73840426e-02 -8.68720225e-02 -9.35055175e-02 -9.59199133e-02 -9.55101256e-02 -9.14354555e-02 -8.60913885e-02 -7.97774162e-02 -7.44327808e-02 -7.10400351e-02 -7.05933669e-02 -7.25692297e-02 -7.81281243e-02 -8.61413749e-02 -9.65822828e-02 -1.08158625e-01 -1.21078466e-01 -1.34442362e-01 -1.49141348e-01 -1.65261629e-01 -1.83863309e-01 -2.04381579e-01 -2.25975931e-01 -2.46689522e-01 -2.64208553e-01 -2.77081567e-01 -2.84405858e-01 -2.86354369e-01 -2.83954232e-01 -2.78479964e-01 -2.70774502e-01 -2.62073536e-01 -2.52002461e-01 -2.40776054e-01 -2.27573262e-01 -2.12760713e-01 -1.96038656e-01 -1.78475248e-01 -1.60446808e-01 -1.43020380e-01 -1.26432054e-01 -1.11758488e-01 -9.91568844e-02 -8.99084541e-02 -8.40235000e-02 -8.25829471e-02 -8.47435328e-02 -9.03859068e-02 -9.75138280e-02 -1.04826758e-01 -1.09884976e-01 -1.11858279e-01 -1.09853432e-01 -1.05386776e-01 -1.00458104e-01 -9.91136377e-02 -1.04565948e-01 -1.19908764e-01 -1.45042266e-01 -1.75887897e-01 -2.06128148e-01 -2.28439457e-01 -2.48072202e-01 -2.74256065e-01 -3.05663903e-01 -3.17561825e-01 -2.91673251e-01 -2.75995004e-01 -2.45872156e-01 -1.73127416e-01 -1.43998495e-01 -1.17092974e-01 -7.70529820e-02 -5.79523855e-02 -6.11856936e-02
1.31000000e+01 6.00844645e-02 1.62886290e-02 1.94208802e-02 1.23994678e-02 2.08275687e-03 -1.34907457e-02 -2.46274774e-02 -5.37156284e-02 -8.41704045e-02 -8.87098899e-02 -7.96009074e-02 -7.21892116e-02 -6.61635015e-02 -4.34421142e-02 -1.76184732e-02 7.63433073e-03 2.34990224e-02 2.90071381e-02 2.44613385e-02 1.31035151e-02 -2.34288110e-03 -1.94300674e-02 -3.64524392e-02 -5.27658361e-02 -6.71464537e-02 -7.96792540e-02 -8.88601473e-02 -9.51842171e-02 -9.72269251e-02 -9.65468428e-02 -9.21605514e-02 -8.66287225e-02 -8.01206802e-02 -7.45451023e-02 -7.09768560e-02 -7.02277208e-02 -7.18097521e-02 -7.69262018e-02 -8.44530768e-02 -9.44357116e-02 -1.05585751e-01 -1.18283753e-01 -1.31549189e-01 -1.46353894e-01 -1.62659845e-01 -1.81552568e-01 -2.02366730e-01 -2.24308484e-01 -2.45388168e-01 -2.63275822e-01 -2.76504309e-01 -2.84143499e-01 -2.86299697e-01 -2.84065194e-01 -2.78638240e-01 -2.70906473e-01 -2.62107781e-01 -2.51869402e-01 -2.40495639e-01 -2.27159495e-01 -2.12331833e-01 -1.95685201e-01 -1.78311019e-01 -1.60501788e-01 -1.43284023e-01 -1.26788154e-01 -1.12100357e-01 -9.93452535e-02 -8.99192414e-02 -8.38723675e-02 -8.24060710e-02 -8.46529867e-02 -9.05088557e-02 -9.78456313e-02 -1.05317624e-01 -1.10388721e-01 -1.12286289e-01 -1.10167849e-01 -1.05740028e-01 -1.01116416e-01 -1.00480050e-01 -1.06949881e-01 -1.23442523e-01 -1.49460463e-01 -1.80451242e-01 -2.10054127e-01 -2.31285428e-01 -2.50937009e-01 -2.77623960e-01 -3.07585648e-01 -3.16595815e-01 -2.89438942e-01 -2.74709892e-01 -2.39905737e-01 -1.67744797e-01 -1.42226227e-01 -1.13085287e-01 -7.51532638e-02 -5.70279006e-02 -6.04413671e-02
1.32000000e+01 6.20834338e-02 1.73736980e-02 2.12004107e-02 1.39848581e-02 4.91646172e-03 -1.09730626e-02 -2.16791382e-02 -4.86360890e-02 -8.08605489e-02 -8.79298628e-02 -7.94267473e-02 -7.15487593e-02 -6.75933868e-02 -4.61346997e-02 -2.16499931e-02 3.35447039e-03 1.94069767e-02 2.54195958e-02 2.13856050e-02 1.04274000e-02 -4.80839034e-03 -2.18599443e-02 -3.89180674e-02 -5.52770872e-02 -6.95714686e-02 -8.19467356e-02 -9.08175265e-02 -9.68333767e-02 -9.85059846e-02 -9.75653023e-02 -9.28707599e-02 -8.71689467e-02 -8.04756860e-02 -7.46697764e-02 -7.09478380e-02 -6.98878250e-02 -7.10790924e-02 -7.57493377e-02 -8.27864078e-02 -9.23078379e-02 -1.03025279e-01 -1.15504947e-01 -1.28673914e-01 -1.43592682e-01 -1.60088680e-01 -1.79272007e-01 -2.00370238e-01 -2.22643696e-01 -2.44068182e-01 -2.62307792e-01 -2.75883500e-01 -2.83841292e-01 -2.86208210e-01 -2.84156015e-01 -2.78780523e-01 -2.71035216e-01 -2.62139378e-01 -2.51731238e-01 -2.40210163e-01 -2.26737551e-01 -2.11897115e-01 -1.95328756e-01 -1.78147426e-01 -1.60560362e-01 -1.43553723e-01 -1.27154685e-01 -1.12458866e-01 -9.95580211e-02 -8.99626518e-02 -8.37595740e-02 -8.22676796e-02 -8.45937419e-02 -9.06498017e-02 -9.81771310e-02 -1.05790401e-01 -1.10862426e-01 -1.12683318e-01 -1.10462981e-01 -1.06098175e-01 -1.01810054e-01 -1.01911102e-01 -1.09412485e-01 -1.27042221e-01 -1.53897909e-01 -1.84960090e-01 -2.13885348e-01 -2.34066651e-01 -2.53883648e-01 -2.80994065e-01 -3.09214988e-01 -3.15505951e-01 -2.87331243e-01 -2.73263884e-01 -2.33646984e-01 -1.62869214e-01 -1.40443437e-01 -1.09132686e-01 -7.34331498e-02 -5.60866175e-02 -5.96419744e-02
1.33000000e+01 6.41084138e-02 1.84353384e-02 2.29866917e-02 1.55205363e-02 7.66795597e-03 -8.39678477e-03 -1.89152585e-02 -4.36397836e-02 -7.73230356e-02 -8.70307477e-02 -7.93698447e-02 -7.08364736e-02 -6.89786102e-02 -4.87149000e-02 -2.56753965e-02 -9.65307128e-04 1.52433706e-02 2.17631348e-02 1.82599650e-02 7.72381400e-03 -7.28171038e-03 -2.42846258e-02 -4.13688350e-02 -5.77678365e-02 -7.19695519e-02 -8.41855349e-02 -9.27440550e-02 -9.84532878e-02 -9.97577124e-02 -9.85665823e-02 -9.35660836e-02 -8.77130234e-02 -8.08417557e-02 -7.48055476e-02 -7.09534279e-02 -6.95717153e-02 -7.03767065e-02 -7.45975402e-02 -8.11417809e-02 -9.01993721e-02 -1.00478683e-01 -1.12743727e-01 -1.25818358e-01 -1.40858610e-01 -1.57548788e-01 -1.77021565e-01 -1.98391999e-01 -2.20981738e-01 -2.42729748e-01 -2.61304650e-01 -2.75219121e-01 -2.83499290e-01 -2.86079192e-01 -2.84226701e-01 -2.78905235e-01 -2.71160530e-01 -2.62167575e-01 -2.51587617e-01 -2.39920315e-01 -2.26308259e-01 -2.11457636e-01 -1.94970392e-01 -1.77984864e-01 -1.60622448e-01 -1.43828476e-01 -1.27530681e-01 -1.12832946e-01 -9.97946865e-02 -9.00387641e-02 -8.36858669e-02 -8.21686267e-02 -8.45664414e-02 -9.08087280e-02 -9.85077716e-02 -1.06244146e-01 -1.11305529e-01 -1.13049600e-01 -1.10740329e-01 -1.06463728e-01 -1.02541982e-01 -1.03408805e-01 -1.11953512e-01 -1.30703808e-01 -1.58346920e-01 -1.89406211e-01 -2.17621120e-01 -2.36790200e-01 -2.56921172e-01 -2.84344352e-01 -3.10537748e-01 -3.14337066e-01 -2.85344398e-01 -2.71610175e-01 -2.27155318e-01 -1.58512022e-01 -1.38600289e-01 -1.05277815e-01 -7.18658872e-02 -5.51340778e-02 -5.87858868e-02
1.34000000e+01 6.61581476e-02 1.94768722e-02 2.47745481e-02 1.70212959e-02 1.03242720e-02 -5.75889156e-03 -1.63133590e-02 -3.87626882e-02 -7.35684775e-02 -8.59917787e-02 -7.94324125e-02 -7.00570127e-02 -7.03325991e-02 -5.11750367e-02 -2.96890512e-02 -5.31840295e-03 1.10117479e-02 1.80389467e-02 1.50841579e-02 4.99161712e-03 -9.76387806e-03 -2.67044795e-02 -4.38041827e-02 -6.02368561e-02 -7.43394711e-02 -8.63947508e-02 -9.46396933e-02 -1.00044278e-01 -1.00982766e-01 -9.95518488e-02 -9.42465127e-02 -8.82617719e-02 -8.12181965e-02 -7.49513121e-02 -7.09939020e-02 -6.92772662e-02 -6.97020363e-02 -7.34708501e-02 -7.95197108e-02 -8.81109058e-02 -9.79475070e-02 -1.10001703e-01 -1.22984462e-01 -1.38152503e-01 -1.55040774e-01 -1.74801118e-01 -1.96431867e-01 -2.19322715e-01 -2.41373081e-01 -2.60266632e-01 -2.74511216e-01 -2.83117563e-01 -2.85911967e-01 -2.84277259e-01 -2.79010808e-01 -2.71282094e-01 -2.62191616e-01 -2.51438136e-01 -2.39626832e-01 -2.25872428e-01 -2.11014456e-01 -1.94611198e-01 -1.77823697e-01 -1.60688000e-01 -1.44107268e-01 -1.27915228e-01 -1.13221543e-01 -1.00054750e-01 -9.01475975e-02 -8.36519507e-02 -8.21096729e-02 -8.45716466e-02 -9.09855600e-02 -9.88370019e-02 -1.06677979e-01 -1.11717578e-01 -1.13385479e-01 -1.11001481e-01 -1.06839222e-01 -1.03315106e-01 -1.04974985e-01 -1.14572450e-01 -1.34422931e-01 -1.62799673e-01 -1.93781737e-01 -2.21261831e-01 -2.39463385e-01 -2.60057265e-01 -2.87650656e-01 -3.11544605e-01 -3.13134694e-01 -2.83465297e-01 -2.69706387e-01 -2.20496992e-01 -1.54671683e-01 -1.36654597e-01 -1.01561777e-01 -7.04229801e-02 -5.41775997e-02 -5.78712856e-02
1.35000000e+01 6.82311729e-02 2.05020455e-02 2.65581838e-02 1.85016497e-02 1.28746807e-02 -3.06026420e-03 -1.38480990e-02 -3.40386502e-02 -6.96104639e-02 -8.47935424e-02 -7.96143026e-02 -6.92141639e-02 -7.16702345e-02 -5.35077688e-02 -3.36856475e-02 -9.69793224e-03 6.71591352e-03 1.42483953e-02 1.18580237e-02 2.22969933e-03 -1.22559351e-02 -2.91198855e-02 -4.62235634e-02 -6.26829404e-02 -7.66800594e-02 -8.85735469e-02 -9.65044642e-02 -1.01606704e-01 -1.02181853e-01 -1.00522339e-01 -9.49120349e-02 -8.88158105e-02 -8.16043398e-02 -7.51061572e-02 -7.10693202e-02 -6.90022255e-02 -6.90544921e-02 -7.23693237e-02 -7.79207817e-02 -8.60429305e-02 -9.54333640e-02 -1.07280409e-01 -1.20174277e-01 -1.35475130e-01 -1.52565180e-01 -1.72610484e-01 -1.94489653e-01 -2.17666649e-01 -2.39998436e-01 -2.59194015e-01 -2.73759902e-01 -2.82696172e-01 -2.85705946e-01 -2.84307653e-01 -2.79095755e-01 -2.71399409e-01 -2.62210814e-01 -2.51282331e-01 -2.39330492e-01 -2.25430836e-01 -2.10568630e-01 -1.94252284e-01 -1.77664277e-01 -1.60757008e-01 -1.44389082e-01 -1.28307464e-01 -1.13623625e-01 -1.00337715e-01 -9.02891013e-02 -8.36584871e-02 -8.20914770e-02 -8.46098335e-02 -9.11801625e-02 -9.91642710e-02 -1.07091083e-01 -1.12098235e-01 -1.13691407e-01 -1.11248103e-01 -1.07227199e-01 -1.04132263e-01 -1.06611276e-01 -1.17268516e-01 -1.38194942e-01 -1.67248254e-01 -1.98079230e-01 -2.24808964e-01 -2.42093588e-01 -2.63298090e-01 -2.90886974e-01 -3.12231631e-01 -3.11943641e-01 -2.81674102e-01 -2.67515732e-01 -2.13743420e-01 -1.51334092e-01 -1.34572954e-01 -9.80226857e-02 -6.90752130e-02 -5.32258230e-02 -5.68962547e-02
1.36000000e+01 7.03258589e-02 2.15149155e-02 2.83314602e-02 1.99754034e-02 1.53110107e-02 -3.05474194e-04 -1.14921146e-02 -2.94987628e-02 -6.54652766e-02 -8.34185772e-02 -7.99129090e-02 -6.83107291e-02 -7.30077277e-02 -5.57061433e-02 -3.76602640e-02 -1.40967401e-02 2.35992845e-03 1.03930136e-02 8.58150371e-03 -5.63015789e-04 -1.47589296e-02 -3.15312444e-02 -4.86264506e-02 -6.51049241e-02 -7.89902263e-02 -9.07211566e-02 -9.83384444e-02 -1.03140946e-01 -1.03355737e-01 -1.01479324e-01 -9.55626419e-02 -8.93755447e-02 -8.19995707e-02 -7.52693782e-02 -7.11795017e-02 -6.87442378e-02 -6.84334496e-02 -7.12930140e-02 -7.63455976e-02 -8.39958665e-02 -9.29379193e-02 -1.04581291e-01 -1.17389942e-01 -1.32827199e-01 -1.50122472e-01 -1.70449417e-01 -1.92565149e-01 -2.16013473e-01 -2.38606115e-01 -2.58087117e-01 -2.72965367e-01 -2.82235146e-01 -2.85460679e-01 -2.84317737e-01 -2.79158731e-01 -2.71511753e-01 -2.62224597e-01 -2.51119665e-01 -2.39032116e-01 -2.24984237e-01 -2.10121217e-01 -1.93894752e-01 -1.77506952e-01 -1.60829506e-01 -1.44672927e-01 -1.28706577e-01 -1.14038190e-01 -1.00643100e-01 -9.04631501e-02 -8.37060964e-02 -8.21145855e-02 -8.46813883e-02 -9.13923389e-02 -9.94890247e-02 -1.07482701e-01 -1.12447265e-01 -1.13967941e-01 -1.11481936e-01 -1.07630199e-01 -1.04996204e-01 -1.08319102e-01 -1.20040655e-01 -1.42014911e-01 -1.71684695e-01 -2.02291747e-01 -2.28265114e-01 -2.44688097e-01 -2.66648161e-01 -2.94025828e-01 -3.12600727e-01 -3.10806499e-01 -2.79945118e-01 -2.65007979e-01 -2.06969367e-01 -1.48473272e-01 -1.32331547e-01 -9.46943624e-02 -6.77936624e-02 -5.22882285e-02 -5.58588831e-02
1.37000000e+01 7.24404416e-02 2.25197282e-02 3.00881732e-02 2.14552694e-02 1.76278727e-02 2.49755224e-03 -9.21692324e-03 -2.51707674e-02 -6.11515664e-02 -8.18519414e-02 -8.03231116e-02 -6.73484389e-02 -7.43624532e-02 -5.77636453e-02 -4.16084295e-02 -1.85074233e-02 -2.05189922e-03 6.47449734e-03 5.25463985e-03 -3.38756825e-03 -1.72739149e-02 -3.39389853e-02 -5.10123463e-02 -6.75016999e-02 -8.12689644e-02 -9.28368814e-02 -1.00141753e-01 -1.04647397e-01 -1.04505245e-01 -1.02424047e-01 -9.61983389e-02 -8.99411932e-02 -8.24033622e-02 -7.54404670e-02 -7.13240000e-02 -6.85008701e-02 -6.78382613e-02 -7.02419534e-02 -7.47947289e-02 -8.19700947e-02 -9.04628821e-02 -1.01905713e-01 -1.14633664e-01 -1.30209368e-01 -1.47713034e-01 -1.68317614e-01 -1.90658135e-01 -2.14363033e-01 -2.37196482e-01 -2.56946305e-01 -2.72127877e-01 -2.81734465e-01 -2.85175890e-01 -2.84307216e-01 -2.79198599e-01 -2.71618145e-01 -2.62232543e-01 -2.50949511e-01 -2.38732576e-01 -2.24533358e-01 -2.09673284e-01 -1.93539673e-01 -1.77352081e-01 -1.60905558e-01 -1.44957866e-01 -1.29111782e-01 -1.14464268e-01 -1.00970432e-01 -9.06695436e-02 -8.37953591e-02 -8.21794270e-02 -8.47866071e-02 -9.16218315e-02 -9.98107071e-02 -1.07852137e-01 -1.12764543e-01 -1.14215737e-01 -1.11704784e-01 -1.08050742e-01 -1.05909573e-01 -1.10099662e-01 -1.22887527e-01 -1.45877639e-01 -1.76101016e-01 -2.06412915e-01 -2.31633978e-01 -2.47253929e-01 -2.70110240e-01 -2.97038682e-01 -3.12659936e-01 -3.09762152e-01 -2.78247925e-01 -2.62160204e-01 -2.00251054e-01 -1.46052402e-01 -1.29916618e-01 -9.16052239e-02 -6.65506651e-02 -5.13746484e-02 -5.47573755e-02
1.38000000e+01 7.45730609e-02 2.35207898e-02 3.18223177e-02 2.29525296e-02 1.98227802e-02 5.33797737e-03 -6.99386636e-03 -2.10784868e-02 -5.66899908e-02 -8.00817372e-02 -8.08372663e-02 -6.63278996e-02 -7.57527364e-02 -5.96742487e-02 -4.55261763e-02 -2.29223543e-02 -6.51502642e-03 2.49469858e-03 1.87757144e-03 -6.24495894e-03 -1.98019484e-02 -3.63435758e-02 -5.33807857e-02 -6.98722378e-02 -8.35153561e-02 -9.49200868e-02 -1.01914538e-01 -1.06126458e-01 -1.05631273e-01 -1.03357645e-01 -9.68191640e-02 -9.05128345e-02 -8.28153124e-02 -7.56190850e-02 -7.15020519e-02 -6.82696640e-02 -6.72682720e-02 -6.92161400e-02 -7.32686665e-02 -7.99659828e-02 -8.80100033e-02 -9.92549696e-02 -1.11907690e-01 -1.27622249e-01 -1.45337163e-01 -1.66214706e-01 -1.88768404e-01 -2.12715081e-01 -2.35769961e-01 -2.55772006e-01 -2.71247778e-01 -2.81194062e-01 -2.84851482e-01 -2.84275612e-01 -2.79214472e-01 -2.71717334e-01 -2.62234377e-01 -2.50771140e-01 -2.38432800e-01 -2.24078900e-01 -2.09225912e-01 -1.93188057e-01 -1.77200049e-01 -1.60985235e-01 -1.45243060e-01 -1.29522305e-01 -1.14900925e-01 -1.01319254e-01 -9.09080122e-02 -8.39268150e-02 -8.22863082e-02 -8.49256976e-02 -9.18683275e-02 -1.00128768e-01 -1.08198761e-01 -1.13050050e-01 -1.14435555e-01 -1.11918515e-01 -1.08491323e-01 -1.06874900e-01 -1.11953915e-01 -1.25807501e-01 -1.49777666e-01 -1.80489278e-01 -2.10436985e-01 -2.34920319e-01 -2.49797657e-01 -2.73685265e-01 -2.99896422e-01 -3.12423618e-01 -3.08844334e-01 -2.76548697e-01 -2.58957296e-01 -1.93664242e-01 -1.44025175e-01 -1.27324581e-01 -8.87773867e-02 -6.53207094e-02 -5.04947817e-02 -5.35901665e-02
1.39000000e+01 7.67217986e-02 2.45223401e-02 3.35283315e-02 2.44767582e-02 2.18961640e-02 8.20258465e-03 -4.79506732e-03 -1.72412977e-02 -5.21028262e-02 -7.80995811e-02 -8.14452345e-02 -6.52485881e-02 -7.71975950e-02 -6.14324711e-02 -4.94100854e-02 -2.73337090e-02 -1.10246890e-02 -1.54437662e-03 -1.54946802e-03 -9.13614621e-03 -2.23440882e-02 -3.87455328e-02 -5.57313411e-02 -7.22156049e-02 -8.57285781e-02 -9.69701921e-02 -1.03656967e-01 -1.07578523e-01 -1.06734786e-01 -1.04281072e-01 -9.74252155e-02 -9.10904610e-02 -8.32351665e-02 -7.58050402e-02 -7.17124897e-02 -6.80482318e-02 -6.67228216e-02 -6.82155294e-02 -7.17677906e-02 -7.79839039e-02 -8.55810826e-02 -9.66303066e-02 -1.09214292e-01 -1.25066417e-01 -1.42995078e-01 -1.64140261e-01 -1.86895768e-01 -2.11069280e-01 -2.34327031e-01 -2.54564709e-01 -2.70325486e-01 -2.80613820e-01 -2.84487536e-01 -2.84222251e-01 -2.79205750e-01 -2.71807808e-01 -2.62229956e-01 -2.50583724e-01 -2.38133781e-01 -2.23621538e-01 -2.08780204e-01 -1.92840827e-01 -1.77051260e-01 -1.61068578e-01 -1.45527807e-01 -1.29937347e-01 -1.15347259e-01 -1.01689113e-01 -9.11782249e-02 -8.41009543e-02 -8.24354158e-02 -8.50987816e-02 -9.21314660e-02 -1.00442670e-01 -1.08522020e-01 -1.13303884e-01 -1.14628257e-01 -1.12125065e-01 -1.08954401e-01 -1.07894594e-01 -1.13882569e-01 -1.28798638e-01 -1.53709284e-01 -1.84841616e-01 -2.14358889e-01 -2.38129916e-01 -2.52325246e-01 -2.77372305e-01 -3.02569885e-01 -3.11912456e-01 -3.08080296e-01 -2.74811669e-01 -2.55392242e-01 -1.87282324e-01 -1.42337415e-01 -1.24561775e-01 -8.62260089e-02 -6.40812160e-02 -4.96577329e-02 -5.23560327e-02
1.40000000e+01 7.88847171e-02 2.55284327e-02 3.52013140e-02 2.60356083e-02 2.38512852e-02 1.10763807e-02 -2.59437504e-03 -1.36736510e-02 -4.74135705e-02 -7.59010180e-02 -8.21344382e-02 -6.41089087e-02 -7.87164395e-02 -6.30334404e-02 -5.32573268e-02 -3.17334987e-02 -1.55759179e-02 -5.64056433e-03 -5.02615385e-03 -1.20620402e-02 -2.49013843e-02 -4.11454302e-02 -5.80636185e-02 -7.45309803e-02 -8.79079032e-02 -9.89866554e-02 -1.05369215e-01 -1.09003976e-01 -1.07816827e-01 -1.05195042e-01 -9.80166819e-02 -9.16740309e-02 -8.36628018e-02 -7.59982872e-02 -7.19536338e-02 -6.78343887e-02 -6.62012222e-02 -6.72400328e-02 -7.02923518e-02 -7.60242476e-02 -8.31779755e-02 -9.40329517e-02 -1.06555748e-01 -1.22542417e-01 -1.40686929e-01 -1.62093776e-01 -1.85040067e-01 -2.09425214e-01 -2.32868197e-01 -2.53324964e-01 -2.69361475e-01 -2.79993577e-01 -2.84084282e-01 -2.84146251e-01 -2.79172120e-01 -2.71887827e-01 -2.62219226e-01 -2.50386354e-01 -2.37836568e-01 -2.23161923e-01 -2.08337283e-01 -1.92498809e-01 -1.76906147e-01 -1.61155551e-01 -1.45811589e-01 -1.30356065e-01 -1.15802415e-01 -1.02079559e-01 -9.14798020e-02 -8.43182021e-02 -8.26268201e-02 -8.53059012e-02 -9.24108458e-02 -1.00751904e-01 -1.08821441e-01 -1.13526266e-01 -1.14794822e-01 -1.12326437e-01 -1.09442400e-01 -1.08970944e-01 -1.15886076e-01 -1.31858694e-01 -1.57666549e-01 -1.89150290e-01 -2.18174288e-01 -2.41269493e-01 -2.54841906e-01 -2.81168558e-01 -3.05030414e-01 -3.11153257e-01 -3.07489661e-01 -2.73000688e-01 -2.51466175e-01 -1.81174479e-01 -1.40928906e-01 -1.21643892e-01 -8.39588884e-02 -6.28131816e-02 -4.88715935e-02 -5.10541951e-02
1.41000000e+01 8.10598967e-02 2.65428239e-02 3.68372103e-02 2.76346682e-02 2.56940546e-02 1.39432424e-02 -3.68267659e-04 -1.03846561e-02 -4.26465536e-02 -7.34858692e-02 -8.28899251e-02 -6.29063233e-02 -8.03287351e-02 -6.44729744e-02 -5.70656909e-02 -3.61136065e-02 -2.01635580e-02 -9.79153043e-03 -8.55207114e-03 -1.50234930e-02 -2.74748642e-02 -4.35439040e-02 -6.03772499e-02 -7.68176655e-02 -9.00526999e-02 -1.00968956e-01 -1.07051447e-01 -1.10403177e-01 -1.08878532e-01 -1.06100007e-01 -9.85938722e-02 -9.22635058e-02 -8.40981689e-02 -7.61989521e-02 -7.22232000e-02 -6.76262993e-02 -6.57027050e-02 -6.62895234e-02 -6.88424595e-02 -7.40874251e-02 -8.08025965e-02 -9.14641400e-02 -1.03934311e-01 -1.20050776e-01 -1.38412818e-01 -1.60074671e-01 -1.83201173e-01 -2.07782405e-01 -2.31393971e-01 -2.52053371e-01 -2.68356265e-01 -2.79333125e-01 -2.83642080e-01 -2.84046513e-01 -2.79113540e-01 -2.71955487e-01 -2.62202185e-01 -2.50178071e-01 -2.37542260e-01 -2.22700689e-01 -2.07898285e-01 -1.92162714e-01 -1.76765157e-01 -1.61245998e-01 -1.46094101e-01 -1.30777548e-01 -1.16265583e-01 -1.02490136e-01 -9.18123280e-02 -8.45788960e-02 -8.28604836e-02 -8.55470248e-02 -9.27060316e-02 -1.01055987e-01 -1.09096648e-01 -1.13717540e-01 -1.14936339e-01 -1.12524700e-01 -1.09957701e-01 -1.10106121e-01 -1.17964637e-01 -1.34985113e-01 -1.61643305e-01 -1.93407730e-01 -2.21879614e-01 -2.44346629e-01 -2.57351971e-01 -2.85069359e-01 -3.07250450e-01 -3.10178486e-01 -3.07083521e-01 -2.71080765e-01 -2.47188217e-01 -1.75403950e-01 -1.39735383e-01 -1.18595091e-01 -8.19763319e-02 -6.15016701e-02 -4.81430860e-02 -4.96844088e-02
1.42000000e+01 8.32454693e-02 2.75688720e-02 3.84329582e-02 2.92773871e-02 2.74327689e-02 1.67865823e-02 1.90331355e-03 -7.37775262e-03 -3.78265701e-02 -7.08585055e-02 -8.36944344e-02 -6.16375543e-02 -8.20536314e-02 -6.57476774e-02 -6.08336107e-02 -4.04658263e-02 -2.47822892e-02 -1.39947496e-02 -1.21267129e-02 -1.80212859e-02 -3.00655157e-02 -4.59416529e-02 -6.26718820e-02 -7.90750909e-02 -9.21624315e-02 -1.02916581e-01 -1.08703811e-01 -1.11776463e-01 -1.09921141e-01 -1.06996179e-01 -9.91572417e-02 -9.28588578e-02 -8.45412093e-02 -7.64073667e-02 -7.25182630e-02 -6.74226062e-02 -6.52263527e-02 -6.53638507e-02 -6.74180743e-02 -7.21738680e-02 -7.84569107e-02 -8.89251386e-02 -1.01352180e-01 -1.17592014e-01 -1.36172828e-01 -1.58082283e-01 -1.81378992e-01 -2.06140340e-01 -2.29904849e-01 -2.50750561e-01 -2.67310410e-01 -2.78632210e-01 -2.83161412e-01 -2.83921711e-01 -2.79030203e-01 -2.72008784e-01 -2.62178816e-01 -2.49957909e-01 -2.37251968e-01 -2.22238464e-01 -2.07464343e-01 -1.91833125e-01 -1.76628756e-01 -1.61339619e-01 -1.46375260e-01 -1.31200808e-01 -1.16736010e-01 -1.02920380e-01 -9.21753640e-02 -8.48832632e-02 -8.31362724e-02 -8.58220530e-02 -9.30165564e-02 -1.01354469e-01 -1.09347361e-01 -1.13878180e-01 -1.15054017e-01 -1.12721986e-01 -1.10502635e-01 -1.11302170e-01 -1.20118196e-01 -1.38175026e-01 -1.65633217e-01 -1.97606587e-01 -2.25472115e-01 -2.47369654e-01 -2.59858798e-01 -2.89068214e-01 -3.09204161e-01 -3.09025553e-01 -3.06863853e-01 -2.69019593e-01 -2.42575140e-01 -1.70026473e-01 -1.38690606e-01 -1.15446848e-01 -8.02712919e-02 -6.01361447e-02 -4.74772794e-02 -4.82470397e-02
1.43000000e+01 8.54396465e-02 2.86094468e-02 3.99865923e-02 3.09650703e-02 2.90777809e-02 1.95900101e-02 4.23623203e-03 -4.65049346e-03 -3.29785410e-02 -6.80280310e-02 -8.45284667e-02 -6.02988439e-02 -8.39095663e-02 -6.68550513e-02 -6.45601701e-02 -4.47819036e-02 -2.94266489e-02 -1.82474781e-02 -1.57494767e-02 -2.10561149e-02 -3.26742715e-02 -4.83394375e-02 -6.49471664e-02 -8.13028202e-02 -9.42366552e-02 -1.04829023e-01 -1.10326418e-01 -1.13124163e-01 -1.10945997e-01 -1.07883581e-01 -9.97074200e-02 -9.34600325e-02 -8.49917831e-02 -7.66240832e-02 -7.28352973e-02 -6.72225128e-02 -6.47710332e-02 -6.44628565e-02 -6.60190056e-02 -7.02840209e-02 -7.61429127e-02 -8.64172610e-02 -9.88114577e-02 -1.15166650e-01 -1.33967057e-01 -1.56115859e-01 -1.79573458e-01 -2.04498509e-01 -2.28401293e-01 -2.49417184e-01 -2.66224489e-01 -2.77890531e-01 -2.82642871e-01 -2.83770264e-01 -2.78922495e-01 -2.72045681e-01 -2.62149041e-01 -2.49724958e-01 -2.36966761e-01 -2.21775908e-01 -2.07036562e-01 -1.91510489e-01 -1.76497407e-01 -1.61435963e-01 -1.46655191e-01 -1.31624791e-01 -1.17212998e-01 -1.03369816e-01 -9.25684530e-02 -8.52313999e-02 -8.34539659e-02 -8.61308206e-02 -9.33419202e-02 -1.01646931e-01 -1.09573403e-01 -1.14008783e-01 -1.15149188e-01 -1.12920483e-01 -1.11079480e-01 -1.12561010e-01 -1.22346442e-01 -1.41425253e-01 -1.69629799e-01 -2.01739791e-01 -2.28949887e-01 -2.50347527e-01 -2.62364699e-01 -2.93156821e-01 -3.10868119e-01 -3.07735841e-01 -3.06823244e-01 -2.66788941e-01 -2.37650838e-01 -1.65088902e-01 -1.37728458e-01 -1.12236579e-01 -7.88297592e-02 -5.87106361e-02 -4.68773799e-02 -4.67431260e-02
1.44000000e+01 8.76407439e-02 2.96668540e-02 4.14973101e-02 3.26969474e-02 3.06411214e-02 2.23379696e-02 6.64155701e-03 -2.19446530e-03 -2.81272013e-02 -6.50083693e-02 -8.53703704e-02 -5.88862484e-02 -8.59138502e-02 -6.77936168e-02 -6.82450994e-02 -4.90535785e-02 -3.40910547e-02 -2.25467255e-02 -1.94196636e-02 -2.41285793e-02 -3.53020003e-02 -5.07380783e-02 -6.72027541e-02 -8.35005516e-02 -9.62750223e-02 -1.06705796e-01 -1.11919326e-01 -1.14446632e-01 -1.11954525e-01 -1.08762104e-01 -1.00245241e-01 -9.40668765e-02 -8.54496303e-02 -7.68498572e-02 -7.31702876e-02 -6.70258103e-02 -6.43353527e-02 -6.35863926e-02 -6.46449189e-02 -6.84183306e-02 -7.38625953e-02 -8.39418744e-02 -9.63140980e-02 -1.12775212e-01 -1.31795646e-01 -1.54174554e-01 -1.77784525e-01 -2.02856434e-01 -2.26883729e-01 -2.48053897e-01 -2.65099107e-01 -2.77107753e-01 -2.82087174e-01 -2.83590329e-01 -2.78790961e-01 -2.72064169e-01 -2.62112664e-01 -2.49478430e-01 -2.36687604e-01 -2.21313751e-01 -2.06615992e-01 -1.91195103e-01 -1.76371568e-01 -1.61534440e-01 -1.46934191e-01 -1.32048386e-01 -1.17695907e-01 -1.03837948e-01 -9.29911229e-02 -8.56232565e-02 -8.38132640e-02 -8.64730946e-02 -9.36815882e-02 -1.01932982e-01 -1.09774708e-01 -1.14110063e-01 -1.15223303e-01 -1.13122431e-01 -1.11690442e-01 -1.13884425e-01 -1.24648804e-01 -1.44732292e-01 -1.73626445e-01 -2.05800605e-01 -2.32311907e-01 -2.53289723e-01 -2.64870898e-01 -2.97325072e-01 -3.12222022e-01 -3.06353527e-01 -3.06944967e-01 -2.64365881e-01 -2.32445681e-01 -1.60628070e-01 -1.36785018e-01 -1.09006092e-01 -7.76313850e-02 -5.72237453e-02 -4.63445958e-02 -4.51744208e-02
1.45000000e+01 8.98472072e-02 3.07427782e-02 4.29655012e-02 3.44703075e-02 3.21360892e-02 2.50163329e-02 9.12512385e-03 4.63416659e-06 -2.32968086e-02 -6.18182448e-02 -8.61964516e-02 -5.73959438e-02 -8.80822338e-02 -6.85630380e-02 -7.18887580e-02 -5.32726292e-02 -3.87698235e-02 -2.68892291e-02 -2.31364825e-02 -2.72391731e-02 -3.79495033e-02 -5.31384498e-02 -6.94382953e-02 -8.56681120e-02 -9.82772795e-02 -1.08546452e-01 -1.13482515e-01 -1.15744296e-01 -1.12948206e-01 -1.09631554e-01 -1.00771777e-01 -9.46790478e-02 -8.59143677e-02 -7.70856018e-02 -7.35188779e-02 -6.68328535e-02 -6.39176294e-02 -6.27343368e-02 -6.32953519e-02 -6.65772315e-02 -7.16179147e-02 -8.15004005e-02 -9.38618591e-02 -1.10418240e-01 -1.29658798e-01 -1.52257427e-01 -1.76012152e-01 -2.01213704e-01 -2.25352544e-01 -2.46661365e-01 -2.63934895e-01 -2.76283526e-01 -2.81495156e-01 -2.83379802e-01 -2.78636275e-01 -2.72062307e-01 -2.62069325e-01 -2.49217723e-01 -2.36415268e-01 -2.20852846e-01 -2.06203594e-01 -1.90887114e-01 -1.76251677e-01 -1.61634353e-01 -1.47212685e-01 -1.32470462e-01 -1.18184151e-01 -1.04324262e-01 -9.34428865e-02 -8.60586313e-02 -8.42137887e-02 -8.68485686e-02 -9.40349880e-02 -1.02212261e-01 -1.09951322e-01 -1.14182839e-01 -1.15277938e-01 -1.13330113e-01 -1.12337650e-01 -1.15274052e-01 -1.27024444e-01 -1.48092318e-01 -1.77616465e-01 -2.09782674e-01 -2.35558054e-01 -2.56206098e-01 -2.67377503e-01 -3.01561040e-01 -3.13249417e-01 -3.04924250e-01 -3.07203377e-01 -2.61733793e-01 -2.26995739e-01 -1.56669905e-01 -1.35800539e-01 -1.05799920e-01 -7.66503059e-02 -5.56784850e-02 -4.58780814e-02 -4.35434142e-02
1.46000000e+01 9.20576431e-02 3.18382520e-02 4.43927398e-02 3.62806948e-02 3.35768224e-02 2.76129289e-02 1.16872734e-02 1.96675458e-03 -1.85108595e-02 -5.84810595e-02 -8.69811130e-02 -5.58245361e-02 -9.04284691e-02 -6.91642468e-02 -7.54921083e-02 -5.74309168e-02 -4.34571859e-02 -3.12714364e-02 -2.68990602e-02 -3.03882767e-02 -4.06175152e-02 -5.55414746e-02 -7.16534447e-02 -8.78054455e-02 -1.00243274e-01 -1.10350616e-01 -1.15015871e-01 -1.17017707e-01 -1.13928530e-01 -1.10491674e-01 -1.01288364e-01 -9.52959307e-02 -8.63855120e-02 -7.73323312e-02 -7.38765241e-02 -6.66445038e-02 -6.35158852e-02 -6.19066044e-02 -6.19697354e-02 -6.47611286e-02 -6.94107576e-02 -7.90943149e-02 -9.14562645e-02 -1.08096300e-01 -1.27556789e-01 -1.50363461e-01 -1.74256287e-01 -1.99569990e-01 -2.23808095e-01 -2.45240263e-01 -2.62732512e-01 -2.75417507e-01 -2.80867770e-01 -2.83136348e-01 -2.78459215e-01 -2.72038265e-01 -2.62018467e-01 -2.48942475e-01 -2.36150268e-01 -2.20394209e-01 -2.05800211e-01 -1.90586519e-01 -1.76138153e-01 -1.61734941e-01 -1.47491162e-01 -1.32889903e-01 -1.18677209e-01 -1.04828218e-01 -9.39232454e-02 -8.65371713e-02 -8.46550812e-02 -8.72568542e-02 -9.44015088e-02 -1.02484431e-01 -1.10103403e-01 -1.14228009e-01 -1.15314785e-01 -1.13545845e-01 -1.13023135e-01 -1.16731371e-01 -1.29472252e-01 -1.51501174e-01 -1.81593104e-01 -2.13680084e-01 -2.38689126e-01 -2.59106775e-01 -2.69883502e-01 -3.05850981e-01 -3.13938393e-01 -3.03493688e-01 -3.07564607e-01 -2.58883115e-01 -2.21341941e-01 -1.53228820e-01 -1.34721266e-01 -1.02663596e-01 -7.58561362e-02 -5.40819708e-02 -4.54749602e-02 -4.18533324e-02
1.47000000e+01 9.42708517e-02 3.29536534e-02 4.57817356e-02 3.81221517e-02 3.49778633e-02 3.01179823e-02 1.43227831e-02 3.71709185e-03 -1.37918114e-02 -5.50246662e-02 -8.76970215e-02 -5.41693702e-02 -9.29638715e-02 -6.95995631e-02 -7.90566849e-02 -6.15204359e-02 -4.81473002e-02 -3.56894953e-02 -3.07064545e-02 -3.35761490e-02 -4.33067100e-02 -5.79481132e-02 -7.38478724e-02 -8.99125933e-02 -1.02172964e-01 -1.12117998e-01 -1.16519184e-01 -1.18267582e-01 -1.14896970e-01 -1.11342127e-01 -1.01796619e-01 -9.59165700e-02 -8.68625192e-02 -7.75911090e-02 -7.42386232e-02 -6.64620551e-02 -6.31278566e-02 -6.11031553e-02 -6.06674115e-02 -6.29703805e-02 -6.72429143e-02 -7.67251436e-02 -8.90985769e-02 -1.05809995e-01 -1.25489954e-01 -1.48491582e-01 -1.72516853e-01 -1.97925050e-01 -2.22250703e-01 -2.43791281e-01 -2.61492648e-01 -2.74509389e-01 -2.80206077e-01 -2.82857457e-01 -2.78260635e-01 -2.71990362e-01 -2.61959308e-01 -2.48652607e-01 -2.35892809e-01 -2.19939044e-01 -2.05406543e-01 -1.90293176e-01 -1.76031393e-01 -1.61835440e-01 -1.47770120e-01 -1.33305653e-01 -1.19174630e-01 -1.05349255e-01 -9.44316993e-02 -8.70583782e-02 -8.51365972e-02 -8.76974737e-02 -9.47805051e-02 -1.02749188e-01 -1.10231222e-01 -1.14246522e-01 -1.15335646e-01 -1.13771970e-01 -1.13748822e-01 -1.18257693e-01 -1.31990844e-01 -1.54954364e-01 -1.85549569e-01 -2.17487410e-01 -2.41706839e-01 -2.62002008e-01 -2.72386755e-01 -3.10179367e-01 -3.14282186e-01 -3.02106114e-01 -3.07987542e-01 -2.55811808e-01 -2.15529168e-01 -1.50307398e-01 -1.33501046e-01 -9.96419247e-02 -7.52150893e-02 -5.24449754e-02 -4.51304226e-02 -4.01081188e-02
1.48000000e+01 9.64858551e-02 3.40887335e-02 4.71362386e-02 3.99874976e-02 3.63537327e-02 3.25244394e-02 1.70209948e-02 5.28553990e-03 -9.16081038e-03 -5.14810342e-02 -8.83153164e-02 -5.24288327e-02 -9.56968965e-02 -6.98728048e-02 -8.25845627e-02 -6.55333721e-02 -5.28342684e-02 -4.01392548e-02 -3.45576654e-02 -3.68029179e-02 -4.60177123e-02 -6.03593518e-02 -7.60212778e-02 -9.19896696e-02 -1.04066436e-01 -1.13848413e-01 -1.17992155e-01 -1.19494813e-01 -1.15854966e-01 -1.12182467e-01 -1.02298436e-01 -9.65396270e-02 -8.73448320e-02 -7.78630081e-02 -7.46006063e-02 -6.62871510e-02 -6.27510330e-02 -6.03239905e-02 -5.93876463e-02 -6.12052872e-02 -6.51160567e-02 -7.43944598e-02 -8.67897872e-02 -1.03560000e-01 -1.23458673e-01 -1.46640703e-01 -1.70793741e-01 -1.96278729e-01 -2.20680653e-01 -2.42315130e-01 -2.60216023e-01 -2.73558909e-01 -2.79511222e-01 -2.82540518e-01 -2.78041425e-01 -2.71917099e-01 -2.61890824e-01 -2.48348354e-01 -2.35642780e-01 -2.19488729e-01 -2.05023134e-01 -1.90006821e-01 -1.75931775e-01 -1.61935143e-01 -1.48049986e-01 -1.33716757e-01 -1.19676040e-01 -1.05886793e-01 -9.49677613e-02 -8.76216186e-02 -8.56577031e-02 -8.81698521e-02 -9.51713055e-02 -1.03006258e-01 -1.10335160e-01 -1.14239348e-01 -1.15342427e-01 -1.14010847e-01 -1.14516526e-01 -1.19854142e-01 -1.34578559e-01 -1.58447049e-01 -1.89479050e-01 -2.21199769e-01 -2.44613818e-01 -2.64902067e-01 -2.74883988e-01 -3.14528959e-01 -3.14279661e-01 -3.00802989e-01 -3.08425029e-01 -2.52525534e-01 -2.09605313e-01 -1.47896367e-01 -1.32102672e-01 -9.67773200e-02 -7.46911860e-02 -5.07813677e-02 -4.48378914e-02 -3.83123957e-02
1.49000000e+01 9.87019118e-02 3.52426705e-02 4.84609016e-02 4.18686327e-02 3.77185259e-02 3.48281651e-02 1.97661365e-02 6.70600861e-03 -4.63744032e-03 -4.78858037e-02 -8.88058764e-02 -5.06026394e-02 -9.86327529e-02 -6.99893754e-02 -8.60783268e-02 -6.94621727e-02 -5.75121574e-02 -4.46162740e-02 -3.84516374e-02 -4.00685694e-02 -4.87511131e-02 -6.27761833e-02 -7.81734069e-02 -9.40368365e-02 -1.05923926e-01 -1.15541770e-01 -1.19434429e-01 -1.20700460e-01 -1.16803919e-01 -1.13012097e-01 -1.02795966e-01 -9.71633629e-02 -8.78319260e-02 -7.81490875e-02 -7.49579947e-02 -6.61216936e-02 -6.23827309e-02 -5.95691370e-02 -5.81296389e-02 -5.94660858e-02 -6.30317234e-02 -7.21038780e-02 -8.45306127e-02 -1.01347086e-01 -1.21463334e-01 -1.44809764e-01 -1.69086799e-01 -1.94630940e-01 -2.19098194e-01 -2.40812543e-01 -2.58903382e-01 -2.72565855e-01 -2.78784400e-01 -2.82182896e-01 -2.77802458e-01 -2.71817186e-01 -2.61811742e-01 -2.48030269e-01 -2.35399760e-01 -2.19044787e-01 -2.04650363e-01 -1.89727088e-01 -1.75839662e-01 -1.62033460e-01 -1.48331048e-01 -1.34122396e-01 -1.20181153e-01 -1.06440229e-01 -9.55309770e-02 -8.82261359e-02 -8.62176748e-02 -8.86733105e-02 -9.55732235e-02 -1.03255401e-01 -1.10415707e-01 -1.14207445e-01 -1.15337132e-01 -1.14264844e-01 -1.15327953e-01 -1.21521642e-01 -1.37233468e-01 -1.61974054e-01 -1.93374747e-01 -2.24812881e-01 -2.47413566e-01 -2.67817110e-01 -2.77370799e-01 -3.18880930e-01 -3.13935635e-01 -2.99621649e-01 -3.08825291e-01 -2.49037532e-01 -2.03620312e-01 -1.45974890e-01 -1.30498916e-01 -9.41082500e-02 -7.42475027e-02 -4.91074581e-02 -4.45892466e-02 -3.64714096e-02
1.50000000e+01 1.00918515e-01 3.64141423e-02 4.97611076e-02 4.37568587e-02 3.90855475e-02 3.70280059e-02 2.25378285e-02 8.01562225e-03 -2.39507320e-04 -4.42777170e-02 -8.91376665e-02 -4.86920912e-02 -1.01773070e-01 -6.99563106e-02 -8.95410422e-02 -7.32996287e-02 -6.21750247e-02 -4.91158410e-02 -4.23872503e-02 -4.33729349e-02 -5.15074896e-02 -6.51995841e-02 -8.03040736e-02 -9.60542813e-02 -1.07745824e-01 -1.17198070e-01 -1.20845646e-01 -1.21885710e-01 -1.17745201e-01 -1.13830248e-01 -1.03291571e-01 -9.77856571e-02 -8.83233439e-02 -7.84503809e-02 -7.53064321e-02 -6.59677417e-02 -6.20202061e-02 -5.88386163e-02 -5.68925288e-02 -5.77529579e-02 -6.09913109e-02 -6.98550430e-02 -8.23215042e-02 -9.91721474e-02 -1.19504294e-01 -1.42997781e-01 -1.67395833e-01 -1.92981647e-01 -2.17503529e-01 -2.39284280e-01 -2.57555488e-01 -2.71530065e-01 -2.78026810e-01 -2.81782009e-01 -2.77544530e-01 -2.71689543e-01 -2.61720556e-01 -2.47699220e-01 -2.35163056e-01 -2.18608828e-01 -2.04288450e-01 -1.89453545e-01 -1.75755409e-01 -1.62129954e-01 -1.48613378e-01 -1.34521919e-01 -1.20689775e-01 -1.07008938e-01 -9.61209455e-02 -8.88710619e-02 -8.68157020e-02 -8.92070609e-02 -9.59855693e-02 -1.03496410e-01 -1.10473457e-01 -1.14151732e-01 -1.15321859e-01 -1.14536333e-01 -1.16184711e-01 -1.23260887e-01 -1.39953374e-01 -1.65529874e-01 -1.97229896e-01 -2.28323135e-01 -2.50110424e-01 -2.70757041e-01 -2.79841696e-01 -3.23215009e-01 -3.13261041e-01 -2.98594133e-01 -3.09133499e-01 -2.45368216e-01 -1.97625195e-01 -1.44511147e-01 -1.28673234e-01 -9.16678558e-02 -7.38474159e-02 -4.74412765e-02 -4.43751017e-02 -3.45909559e-02
1.51000000e+01 1.03135370e-01 3.76014144e-02 5.10427717e-02 4.56432071e-02 4.04669946e-02 3.91257205e-02 2.53117612e-02 9.25381461e-03 4.01712383e-03 -4.06979244e-02 -8.92791808e-02 -4.67002844e-02 -1.05115639e-01 -6.97822674e-02 -9.29762232e-02 -7.70389683e-02 -6.68169467e-02 -5.36330001e-02 -4.63632970e-02 -4.67156767e-02 -5.42874270e-02 -6.76304861e-02 -8.24131888e-02 -9.80422013e-02 -1.09532676e-01 -1.18817397e-01 -1.22225501e-01 -1.23051819e-01 -1.18680152e-01 -1.14635973e-01 -1.03787761e-01 -9.84040670e-02 -8.88187031e-02 -7.87678934e-02 -7.56417053e-02 -6.58273996e-02 -6.16607923e-02 -5.81323977e-02 -5.56754060e-02 -5.60660456e-02 -5.89960707e-02 -6.76496129e-02 -8.01626588e-02 -9.70362312e-02 -1.17581836e-01 -1.41203884e-01 -1.65720605e-01 -1.91330840e-01 -2.15896826e-01 -2.37731141e-01 -2.56173119e-01 -2.70451430e-01 -2.77239616e-01 -2.81335403e-01 -2.77268303e-01 -2.71533288e-01 -2.61615553e-01 -2.47356355e-01 -2.34931730e-01 -2.18182480e-01 -2.03937479e-01 -1.89185727e-01 -1.75679370e-01 -1.62224366e-01 -1.48896784e-01 -1.34914852e-01 -1.21201808e-01 -1.07592279e-01 -9.67373390e-02 -8.95554288e-02 -8.74508960e-02 -8.97702056e-02 -9.64076570e-02 -1.03729120e-01 -1.10509104e-01 -1.14073076e-01 -1.15298793e-01 -1.14827681e-01 -1.17088322e-01 -1.25072311e-01 -1.42735823e-01 -1.69108695e-01 -2.01037807e-01 -2.31727655e-01 -2.52709521e-01 -2.73731351e-01 -2.82290169e-01 -3.27509654e-01 -3.12272915e-01 -2.97746189e-01 -3.09293454e-01 -2.41544521e-01 -1.91671147e-01 -1.43463208e-01 -1.26620113e-01 -8.94827806e-02 -7.34557974e-02 -4.58018116e-02 -4.41851200e-02 -3.26772850e-02
1.52000000e+01 1.05352371e-01 3.88024369e-02 5.23121297e-02 4.75187693e-02 4.18737024e-02 4.11257872e-02 2.80605254e-02 1.04613404e-02 8.11863145e-03 -3.71891635e-02 -8.91989810e-02 -4.46322723e-02 -1.08654236e-01 -6.94774493e-02 -9.63877978e-02 -8.06739532e-02 -7.14320434e-02 -5.81625881e-02 -5.03784484e-02 -5.00962745e-02 -5.70915415e-02 -7.00697485e-02 -8.45007988e-02 -1.00000797e-01 -1.11285149e-01 -1.20399924e-01 -1.23573805e-01 -1.24200045e-01 -1.19610070e-01 -1.15428166e-01 -1.04287126e-01 -9.90159305e-02 -8.93176742e-02 -7.91025972e-02 -7.59597723e-02 -6.57027005e-02 -6.13020468e-02 -5.74503420e-02 -5.44773253e-02 -5.44054736e-02 -5.70471132e-02 -6.54892341e-02 -7.80540416e-02 -9.49405451e-02 -1.15696125e-01 -1.39427352e-01 -1.64060833e-01 -1.89678514e-01 -2.14278215e-01 -2.36153966e-01 -2.54757062e-01 -2.69329897e-01 -2.76423898e-01 -2.80840820e-01 -2.76974254e-01 -2.71347706e-01 -2.61494869e-01 -2.47003061e-01 -2.34704635e-01 -2.17767325e-01 -2.03597415e-01 -1.88923181e-01 -1.75611895e-01 -1.62316621e-01 -1.49180767e-01 -1.35300902e-01 -1.21717248e-01 -1.08189587e-01 -9.73799212e-02 -9.02781776e-02 -8.81223015e-02 -9.03617440e-02 -9.68388060e-02 -1.03953416e-01 -1.10523430e-01 -1.13972297e-01 -1.15270208e-01 -1.15141252e-01 -1.18040232e-01 -1.26956058e-01 -1.45578115e-01 -1.72704423e-01 -2.04791904e-01 -2.35024372e-01 -2.55216721e-01 -2.76748913e-01 -2.84708812e-01 -3.31742246e-01 -3.10994216e-01 -2.97096492e-01 -3.09249326e-01 -2.37599016e-01 -1.85808608e-01 -1.42780178e-01 -1.24345057e-01 -8.75722491e-02 -7.30401212e-02 -4.42082411e-02 -4.40083612e-02 -3.07369906e-02
1.53000000e+01 1.07569563e-01 4.00149456e-02 5.35755253e-02 4.93750192e-02 4.33149550e-02 4.30350967e-02 3.07545719e-02 1.16792251e-02 1.20532749e-02 -3.37948312e-02 -8.88663156e-02 -4.24951784e-02 -1.12378522e-01 -6.90534717e-02 -9.97800654e-02 -8.41989718e-02 -7.60144984e-02 -6.26992793e-02 -5.44312114e-02 -5.35140166e-02 -5.99204988e-02 -7.25181309e-02 -8.65671325e-02 -1.01930278e-01 -1.13003973e-01 -1.21945932e-01 -1.24890558e-01 -1.25331580e-01 -1.20536184e-01 -1.16205606e-01 -1.04792242e-01 -9.96185043e-02 -8.98199282e-02 -7.94554185e-02 -7.62568081e-02 -6.55954928e-02 -6.09418804e-02 -5.67921421e-02 -5.32973246e-02 -5.27713717e-02 -5.51454145e-02 -6.33755100e-02 -7.59954143e-02 -9.28864636e-02 -1.13847166e-01 -1.37667639e-01 -1.62416190e-01 -1.88024655e-01 -2.12647799e-01 -2.34553645e-01 -2.53308118e-01 -2.68165472e-01 -2.75580618e-01 -2.80296264e-01 -2.76662633e-01 -2.71132212e-01 -2.61356558e-01 -2.46640906e-01 -2.34480448e-01 -2.17364845e-01 -2.03268138e-01 -1.88665501e-01 -1.75553328e-01 -1.62406811e-01 -1.49464524e-01 -1.35679942e-01 -1.22236176e-01 -1.08800174e-01 -9.80485669e-02 -9.10381652e-02 -8.88289078e-02 -9.09805891e-02 -9.72783313e-02 -1.04169251e-01 -1.10517299e-01 -1.13850187e-01 -1.15238458e-01 -1.15479401e-01 -1.19041816e-01 -1.28911943e-01 -1.48477309e-01 -1.76310718e-01 -2.08485778e-01 -2.38212080e-01 -2.57638572e-01 -2.79817765e-01 -2.87089490e-01 -3.35889314e-01 -3.09453463e-01 -2.96656084e-01 -3.08947382e-01 -2.33568837e-01 -1.80086428e-01 -1.42403592e-01 -1.21864208e-01 -8.59474232e-02 -7.25714446e-02 -4.26791799e-02 -4.38336440e-02 -2.87768845e-02
1.54000000e+01 1.09787127e-01 4.12365642e-02 5.48392054e-02 5.12041161e-02 4.47983672e-02 4.48625457e-02 3.33632683e-02 1.29476769e-02 1.58113835e-02 -3.05579824e-02 -8.82517906e-02 -4.02982703e-02 -1.16274015e-01 -6.85231842e-02 -1.03157645e-01 -8.76091234e-02 -8.05585728e-02 -6.72376381e-02 -5.85198838e-02 -5.69679981e-02 -6.27750232e-02 -7.49762698e-02 -8.86126530e-02 -1.03830873e-01 -1.14689868e-01 -1.23455822e-01 -1.26176007e-01 -1.26447486e-01 -1.21459600e-01 -1.16967011e-01 -1.05305594e-01 -1.00209123e-01 -9.03250669e-02 -7.98272097e-02 -7.65292751e-02 -6.55073350e-02 -6.05786558e-02 -5.61572694e-02 -5.21344499e-02 -5.11638962e-02 -5.32918265e-02 -6.13099664e-02 -7.39863720e-02 -9.08755180e-02 -1.12034773e-01 -1.35924390e-01 -1.60786305e-01 -1.86369230e-01 -2.11005656e-01 -2.32931114e-01 -2.51827102e-01 -2.66958223e-01 -2.74710591e-01 -2.79700050e-01 -2.76333436e-01 -2.70886311e-01 -2.61198661e-01 -2.46271582e-01 -2.34257694e-01 -2.16976375e-01 -2.02949471e-01 -1.88412362e-01 -1.75503988e-01 -1.62495170e-01 -1.49746968e-01 -1.36051988e-01 -1.22758729e-01 -1.09423323e-01 -9.87432806e-02 -9.18341698e-02 -8.95696585e-02 -9.16255923e-02 -9.77255257e-02 -1.04376677e-01 -1.10491631e-01 -1.13707541e-01 -1.15205987e-01 -1.15844480e-01 -1.20094363e-01 -1.30939432e-01 -1.51430229e-01 -1.79921031e-01 -2.12113243e-01 -2.41290490e-01 -2.59982270e-01 -2.82944865e-01 -2.89423524e-01 -3.39926800e-01 -3.07684215e-01 -2.96428054e-01 -3.08337671e-01 -2.29494489e-01 -1.74551061e-01 -1.42269016e-01 -1.19203624e-01 -8.46110547e-02 -7.20252313e-02 -4.12319752e-02 -4.36499127e-02 -2.68038646e-02
1.55000000e+01 1.12005353e-01 4.24649038e-02 5.61091297e-02 5.29991748e-02 4.63298320e-02 4.66185457e-02 3.58560202e-02 1.43049889e-02 1.93853320e-02 -2.75203140e-02 -8.73280535e-02 -3.80530014e-02 -1.20322125e-01 -6.79004658e-02 -1.06525416e-01 -9.09002879e-02 -8.50586134e-02 -7.17721757e-02 -6.26425136e-02 -6.04571288e-02 -6.56558918e-02 -7.74446617e-02 -9.06381068e-02 -1.05702854e-01 -1.16343456e-01 -1.24930137e-01 -1.27430705e-01 -1.27548644e-01 -1.22381236e-01 -1.17711115e-01 -1.05829486e-01 -1.00785361e-01 -9.08325452e-02 -8.02187083e-02 -7.67740131e-02 -6.54394065e-02 -6.02112503e-02 -5.55449288e-02 -5.09877830e-02 -4.95832477e-02 -5.14870845e-02 -5.92940167e-02 -7.20263854e-02 -8.89093728e-02 -1.10258554e-01 -1.34197446e-01 -1.59170762e-01 -1.84712187e-01 -2.09351846e-01 -2.31287344e-01 -2.50314849e-01 -2.65708282e-01 -2.73814455e-01 -2.79050856e-01 -2.75986377e-01 -2.70609565e-01 -2.61019282e-01 -2.45896845e-01 -2.34034782e-01 -2.16603069e-01 -2.02641221e-01 -1.88163546e-01 -1.75464146e-01 -1.62582050e-01 -1.50026787e-01 -1.36417182e-01 -1.23285079e-01 -1.10058272e-01 -9.94642117e-02 -9.26648945e-02 -9.03434579e-02 -9.22955739e-02 -9.81796339e-02 -1.04575869e-01 -1.10447382e-01 -1.13545206e-01 -1.15175324e-01 -1.16238835e-01 -1.21199058e-01 -1.33037634e-01 -1.54433469e-01 -1.83528645e-01 -2.15668400e-01 -2.44260259e-01 -2.62255614e-01 -2.86135846e-01 -2.91701894e-01 -3.43830369e-01 -3.05724377e-01 -2.96407455e-01 -3.07375596e-01 -2.25418552e-01 -1.69245830e-01 -1.42307810e-01 -1.16398225e-01 -8.35574444e-02 -7.13819887e-02 -3.98820729e-02 -4.34465938e-02 -2.48247848e-02
1.56000000e+01 1.14224629e-01 4.36976570e-02 5.73907967e-02 5.47544910e-02 4.79135301e-02 4.83144669e-02 3.82034172e-02 1.57864597e-02 2.27695498e-02 -2.47212009e-02 -8.60704482e-02 -3.57730207e-02 -1.24500241e-01 -6.72000095e-02 -1.09888449e-01 -9.40691786e-02 -8.95090608e-02 -7.62974046e-02 -6.67968661e-02 -6.39801529e-02 -6.85639114e-02 -7.99236535e-02 -9.26445617e-02 -1.07546559e-01 -1.17965188e-01 -1.26369560e-01 -1.28655539e-01 -1.28635728e-01 -1.23301747e-01 -1.18436742e-01 -1.06365965e-01 -1.01345189e-01 -9.13416002e-02 -8.06304884e-02 -7.69883365e-02 -6.53924380e-02 -5.98390832e-02 -5.49540260e-02 -4.98564750e-02 -4.80296882e-02 -4.97318136e-02 -5.73289302e-02 -7.01148450e-02 -8.69897894e-02 -1.08517912e-01 -1.32486836e-01 -1.57569096e-01 -1.83053469e-01 -2.07686412e-01 -2.29623335e-01 -2.48772217e-01 -2.64415850e-01 -2.72892648e-01 -2.78347758e-01 -2.75620868e-01 -2.70301570e-01 -2.60816646e-01 -2.45518461e-01 -2.33810032e-01 -2.16245891e-01 -2.02343207e-01 -1.87918963e-01 -1.75434003e-01 -1.62667888e-01 -1.50302519e-01 -1.36775764e-01 -1.23815386e-01 -1.10704206e-01 -1.00211663e-01 -9.35289712e-02 -9.11491735e-02 -9.29893511e-02 -9.86398277e-02 -1.04767156e-01 -1.10385512e-01 -1.13364111e-01 -1.15149087e-01 -1.16664807e-01 -1.22356952e-01 -1.35205307e-01 -1.57483389e-01 -1.87126709e-01 -2.19145708e-01 -2.47123009e-01 -2.64466967e-01 -2.89394782e-01 -2.93915442e-01 -3.47575783e-01 -3.03615365e-01 -2.96581453e-01 -3.06023335e-01 -2.21384360e-01 -1.64210234e-01 -1.42449025e-01 -1.13490455e-01 -8.27727071e-02 -7.06277016e-02 -3.86424777e-02 -4.32139261e-02 -2.28463362e-02
1.57000000e+01 1.16445410e-01 4.49326817e-02 5.86890815e-02 5.64657097e-02 4.95519921e-02 4.99620411e-02 4.03783630e-02 1.74233628e-02 2.59605757e-02 -2.21968243e-02 -8.44576091e-02 -3.34741482e-02 -1.28781876e-01 -6.64371082e-02 -1.13251928e-01 -9.71133813e-02 -9.39044631e-02 -8.08078858e-02 -7.09804031e-02 -6.75356781e-02 -7.14998759e-02 -8.24134446e-02 -9.46334250e-02 -1.09362416e-01 -1.19555290e-01 -1.27774913e-01 -1.29851750e-01 -1.29709195e-01 -1.24221451e-01 -1.19142896e-01 -1.06916732e-01 -1.01887103e-01 -9.18511986e-02 -8.10629117e-02 -7.71701226e-02 -6.53666654e-02 -5.94621157e-02 -5.43831462e-02 -4.87397817e-02 -4.65035571e-02 -4.80265290e-02 -5.54158086e-02 -6.82511062e-02 -8.51185762e-02 -1.06812054e-01 -1.30792763e-01 -1.55980789e-01 -1.81393024e-01 -2.06009383e-01 -2.27940091e-01 -2.47200093e-01 -2.63081198e-01 -2.71945387e-01 -2.77590253e-01 -2.75236011e-01 -2.69961940e-01 -2.60589142e-01 -2.45138164e-01 -2.33581716e-01 -2.15905604e-01 -2.02055298e-01 -1.87678656e-01 -1.75413661e-01 -1.62753184e-01 -1.50572637e-01 -1.37128058e-01 -1.24349776e-01 -1.11360240e-01 -1.00986080e-01 -9.44249652e-02 -9.19856369e-02 -9.37057608e-02 -9.91051887e-02 -1.04951036e-01 -1.10306973e-01 -1.13165315e-01 -1.15129973e-01 -1.17124723e-01 -1.23568945e-01 -1.37440877e-01 -1.60576121e-01 -1.90708286e-01 -2.22540040e-01 -2.49881325e-01 -2.66625201e-01 -2.92723970e-01 -2.96055070e-01 -3.51139320e-01 -3.01401149e-01 -2.96929688e-01 -3.04251085e-01 -2.17434685e-01 -1.59479339e-01 -1.42621361e-01 -1.10528682e-01 -8.22353287e-02 -6.97540535e-02 -3.75233245e-02 -4.29432523e-02 -2.08749476e-02
1.58000000e+01 1.18668185e-01 4.61680670e-02 6.00080844e-02 5.81299301e-02 5.12462014e-02 5.15727441e-02 4.23571378e-02 1.92420078e-02 2.89571024e-02 -1.99793834e-02 -8.24720056e-02 -3.11743046e-02 -1.33136857e-01 -6.56274513e-02 -1.16621059e-01 -1.00031382e-01 -9.82395002e-02 -8.52982632e-02 -7.51902737e-02 -7.11222153e-02 -7.44645086e-02 -8.49141030e-02 -9.66064364e-02 -1.11150970e-01 -1.21113746e-01 -1.29147138e-01 -1.31020903e-01 -1.30769300e-01 -1.25140267e-01 -1.19828843e-01 -1.07483069e-01 -1.02410227e-01 -9.23600080e-02 -8.15160874e-02 -7.73178796e-02 -6.53618071e-02 -5.90808291e-02 -5.38305451e-02 -4.76370992e-02 -4.50052859e-02 -4.63716321e-02 -5.35555703e-02 -6.64345299e-02 -8.32975284e-02 -1.05140027e-01 -1.29115577e-01 -1.54405263e-01 -1.79730823e-01 -2.04320776e-01 -2.26238614e-01 -2.45599397e-01 -2.61704676e-01 -2.70972643e-01 -2.76778286e-01 -2.74830588e-01 -2.69590314e-01 -2.60335354e-01 -2.44757613e-01 -2.33348089e-01 -2.15582782e-01 -2.01777438e-01 -1.87442803e-01 -1.75403105e-01 -1.62838469e-01 -1.50835643e-01 -1.37474456e-01 -1.24888319e-01 -1.12025417e-01 -1.01788030e-01 -9.53513825e-02 -9.28516430e-02 -9.44436699e-02 -9.95747073e-02 -1.05128173e-01 -1.10212702e-01 -1.12950027e-01 -1.15120742e-01 -1.17620892e-01 -1.24835770e-01 -1.39742462e-01 -1.63707556e-01 -1.94266380e-01 -2.25846729e-01 -2.52538742e-01 -2.68739617e-01 -2.96123740e-01 -2.98111930e-01 -3.54498243e-01 -2.99127202e-01 -2.97424829e-01 -3.02038074e-01 -2.13610482e-01 -1.55083239e-01 -1.42755142e-01 -1.07565429e-01 -8.19169930e-02 -6.87584367e-02 -3.65315721e-02 -4.26272597e-02 -1.89167048e-02
1.59000000e+01 1.20893451e-01 4.74021823e-02 6.13510003e-02 5.97457507e-02 5.29957306e-02 5.31571810e-02 4.41203538e-02 2.12629480e-02 3.17599249e-02 -1.80963531e-02 -8.01004783e-02 -2.88933720e-02 -1.37531586e-01 -6.47869392e-02 -1.20000949e-01 -1.02822588e-01 -1.02509021e-01 -8.97632804e-02 -7.94233157e-02 -7.47382210e-02 -7.74583932e-02 -8.74255936e-02 -9.85656334e-02 -1.12912911e-01 -1.22640309e-01 -1.30487278e-01 -1.32164847e-01 -1.31816125e-01 -1.26057664e-01 -1.20494191e-01 -1.08065761e-01 -1.02914379e-01 -9.28664015e-02 -8.19898421e-02 -7.74307868e-02 -6.53770655e-02 -5.86961873e-02 -5.32941514e-02 -4.65479964e-02 -4.35354106e-02 -4.47674015e-02 -5.17489442e-02 -6.46645185e-02 -8.15283619e-02 -1.03500760e-01 -1.27455746e-01 -1.52841871e-01 -1.78066884e-01 -2.02620600e-01 -2.24519887e-01 -2.43971091e-01 -2.60286735e-01 -2.69974129e-01 -2.75912247e-01 -2.74403060e-01 -2.69186366e-01 -2.60054074e-01 -2.44378358e-01 -2.33107434e-01 -2.15277817e-01 -2.01509665e-01 -1.87211717e-01 -1.75402178e-01 -1.62924290e-01 -1.51090159e-01 -1.37815401e-01 -1.25431027e-01 -1.12698707e-01 -1.02618147e-01 -9.63066785e-02 -9.37459508e-02 -9.52019721e-02 -1.00047301e-01 -1.05299378e-01 -1.10103640e-01 -1.12719635e-01 -1.15124187e-01 -1.18155592e-01 -1.26158008e-01 -1.42107891e-01 -1.66873346e-01 -1.97793990e-01 -2.29061602e-01 -2.55099718e-01 -2.70819857e-01 -2.99592294e-01 -3.00077610e-01 -3.57631285e-01 -2.96839380e-01 -2.98033297e-01 -2.99373334e-01 -2.09949710e-01 -1.51046609e-01 -1.42784258e-01 -1.04655452e-01 -8.17836403e-02 -6.76437598e-02 -3.56708226e-02 -4.22601656e-02 -1.69772885e-02
1.60000000e+01 1.23121681e-01 4.86337155e-02 6.27200268e-02 6.13132695e-02 5.47989050e-02 5.47245071e-02 4.56537787e-02 2.35003893e-02 3.43717732e-02 -1.65697712e-02 -7.73347852e-02 -2.66529602e-02 -1.41929358e-01 -6.39315170e-02 -1.23396463e-01 -1.05487355e-01 -1.06708092e-01 -9.41977822e-02 -8.36760644e-02 -7.83821395e-02 -8.04819016e-02 -8.99478186e-02 -1.00513292e-01 -1.14649087e-01 -1.24134550e-01 -1.31796456e-01 -1.33285639e-01 -1.32849621e-01 -1.26972639e-01 -1.21138960e-01 -1.08665036e-01 -1.03400091e-01 -9.33684937e-02 -8.24837019e-02 -7.75087073e-02 -6.54111480e-02 -5.83095880e-02 -5.27715831e-02 -4.54722410e-02 -4.20945798e-02 -4.32139831e-02 -4.99964717e-02 -6.29405444e-02 -7.98126420e-02 -1.01893112e-01 -1.25813823e-01 -1.51289889e-01 -1.76401285e-01 -2.00908863e-01 -2.22784865e-01 -2.42316182e-01 -2.58827942e-01 -2.68949284e-01 -2.74992974e-01 -2.73951579e-01 -2.68749814e-01 -2.59744308e-01 -2.44001815e-01 -2.32858095e-01 -2.14990934e-01 -2.01252120e-01 -1.86985834e-01 -1.75410568e-01 -1.63011184e-01 -1.51334997e-01 -1.38151376e-01 -1.25977873e-01 -1.13379027e-01 -1.03477071e-01 -9.72892703e-02 -9.46672856e-02 -9.59795712e-02 -1.00521855e-01 -1.05465569e-01 -1.09980763e-01 -1.12475727e-01 -1.15143097e-01 -1.18731050e-01 -1.27536106e-01 -1.44534716e-01 -1.70068892e-01 -2.01284144e-01 -2.32180995e-01 -2.57569598e-01 -2.72875788e-01 -3.03125575e-01 -3.01944319e-01 -3.60519150e-01 -2.94582776e-01 -2.98716141e-01 -2.96256211e-01 -2.06486283e-01 -1.47388358e-01 -1.42648009e-01 -1.01853768e-01 -8.17967141e-02 -6.64180673e-02 -3.49412681e-02 -4.18378447e-02 -1.50619259e-02
1.61000000e+01 1.25353294e-01 4.98617102e-02 6.41163137e-02 6.28340546e-02 5.66529904e-02 5.62819232e-02 4.69490011e-02 2.59618204e-02 3.67970490e-02 -1.54155753e-02 -7.41721494e-02 -2.44760696e-02 -1.46290749e-01 -6.30770339e-02 -1.26812046e-01 -1.08027018e-01 -1.10832052e-01 -9.85967025e-02 -8.79447631e-02 -8.20524407e-02 -8.35351252e-02 -9.24806636e-02 -1.02451854e-01 -1.16360530e-01 -1.25595928e-01 -1.33075848e-01 -1.34385459e-01 -1.33869650e-01 -1.27883712e-01 -1.21763620e-01 -1.09280529e-01 -1.03868592e-01 -9.38642096e-02 -8.29968794e-02 -7.75521802e-02 -6.54623046e-02 -5.79228078e-02 -5.22601778e-02 -4.44098158e-02 -4.06835559e-02 -4.17113822e-02 -4.82985162e-02 -6.12621706e-02 -7.81517132e-02 -1.00315930e-01 -1.24190420e-01 -1.49748512e-01 -1.74734178e-01 -1.99185583e-01 -2.21034473e-01 -2.40635723e-01 -2.57329001e-01 -2.67897271e-01 -2.74021739e-01 -2.73474003e-01 -2.68280442e-01 -2.59405269e-01 -2.43629235e-01 -2.32598524e-01 -2.14722196e-01 -2.01005054e-01 -1.86765710e-01 -1.75427793e-01 -1.63099667e-01 -1.51569227e-01 -1.38482881e-01 -1.26528816e-01 -1.14065260e-01 -1.04365376e-01 -9.82975492e-02 -9.56143441e-02 -9.67753536e-02 -1.00997274e-01 -1.05627711e-01 -1.09845127e-01 -1.12220105e-01 -1.15180214e-01 -1.19349427e-01 -1.28970415e-01 -1.47020208e-01 -1.73289341e-01 -2.04729954e-01 -2.35201769e-01 -2.59954568e-01 -2.74917382e-01 -3.06717159e-01 -3.03705064e-01 -3.63144984e-01 -2.92400575e-01 -2.99430042e-01 -2.92696598e-01 -2.03249159e-01 -1.44121398e-01 -1.42292790e-01 -9.92136766e-02 -8.19145468e-02 -6.50939895e-02 -3.43397612e-02 -4.13578959e-02 -1.31753544e-02
1.62000000e+01 1.27588629e-01 5.10855944e-02 6.55399534e-02 6.43110865e-02 5.85543909e-02 5.78342739e-02 4.80039061e-02 2.86478596e-02 3.90414869e-02 -1.46430041e-02 -7.06157899e-02 -2.23866501e-02 -1.50574091e-01 -6.22391339e-02 -1.30251499e-01 -1.10443936e-01 -1.14876566e-01 -1.02955051e-01 -9.22253701e-02 -8.57476472e-02 -8.66178193e-02 -9.50240465e-02 -1.04383839e-01 -1.18048463e-01 -1.27023872e-01 -1.34326672e-01 -1.35466522e-01 -1.34876016e-01 -1.28788948e-01 -1.22369113e-01 -1.09911273e-01 -1.04321737e-01 -9.43513768e-02 -8.35282631e-02 -7.75623978e-02 -6.55283744e-02 -5.75379418e-02 -5.17570398e-02 -4.33609217e-02 -3.93032081e-02 -4.02594622e-02 -4.66552776e-02 -5.96290639e-02 -7.65466326e-02 -9.87680981e-02 -1.22586176e-01 -1.48216849e-01 -1.73065808e-01 -1.97450796e-01 -2.19269599e-01 -2.38930817e-01 -2.55790769e-01 -2.66816974e-01 -2.73000217e-01 -2.72967922e-01 -2.67778107e-01 -2.59036375e-01 -2.43261681e-01 -2.32327322e-01 -2.14471505e-01 -2.00768818e-01 -1.86552013e-01 -1.75453191e-01 -1.63190221e-01 -1.51792219e-01 -1.38810425e-01 -1.27083832e-01 -1.14756291e-01 -1.05283498e-01 -9.93298933e-02 -9.65858011e-02 -9.75881551e-02 -1.01472552e-01 -1.05786752e-01 -1.09697921e-01 -1.11954804e-01 -1.15238195e-01 -1.20012788e-01 -1.30461235e-01 -1.49561344e-01 -1.76529580e-01 -2.08124667e-01 -2.38121331e-01 -2.62261608e-01 -2.76954583e-01 -3.10358180e-01 -3.05353832e-01 -3.65494813e-01 -2.90332933e-01 -3.00128421e-01 -2.88714889e-01 -2.00261586e-01 -1.41252523e-01 -1.41673589e-01 -9.67848513e-02 -8.20938316e-02 -6.36880483e-02 -3.38600016e-02 -4.08196518e-02 -1.13217970e-02
1.63000000e+01 1.29827927e-01 5.23051916e-02 6.69900046e-02 6.57486690e-02 6.04988438e-02 5.93837560e-02 4.88229357e-02 3.15523107e-02 4.11117409e-02 -1.42540744e-02 -6.66754185e-02 -2.04090624e-02 -1.54736008e-01 -6.14331772e-02 -1.33717730e-01 -1.12741543e-01 -1.18837678e-01 -1.07267907e-01 -9.65135607e-02 -8.94663501e-02 -8.97293645e-02 -9.75779619e-02 -1.06311774e-01 -1.19714296e-01 -1.28417869e-01 -1.35550161e-01 -1.36530992e-01 -1.35868499e-01 -1.29686004e-01 -1.22956841e-01 -1.10555722e-01 -1.04761915e-01 -9.48278334e-02 -8.40764012e-02 -7.75411738e-02 -6.56068366e-02 -5.71573394e-02 -5.12591019e-02 -4.23259661e-02 -3.79544963e-02 -3.88579519e-02 -4.50668099e-02 -5.80410021e-02 -7.49981114e-02 -9.72485884e-02 -1.21001735e-01 -1.46693928e-01 -1.71396514e-01 -1.95704567e-01 -2.17491106e-01 -2.37202609e-01 -2.54214267e-01 -2.65707015e-01 -2.71930460e-01 -2.72430695e-01 -2.67242746e-01 -2.58637241e-01 -2.42899999e-01 -2.32043289e-01 -2.14238605e-01 -2.00543855e-01 -1.86345526e-01 -1.75485916e-01 -1.63283277e-01 -1.52003673e-01 -1.39134504e-01 -1.27642936e-01 -1.15451047e-01 -1.06231671e-01 -1.00384678e-01 -9.75803182e-02 -9.84167277e-02 -1.01946832e-01 -1.05943548e-01 -1.09540507e-01 -1.11682100e-01 -1.15319584e-01 -1.20723077e-01 -1.32008856e-01 -1.52154783e-01 -1.79784240e-01 -2.11461721e-01 -2.40937664e-01 -2.64498416e-01 -2.78997170e-01 -3.14037302e-01 -3.06885768e-01 -3.67557911e-01 -2.88415925e-01 -3.00762639e-01 -2.84341667e-01 -1.97540525e-01 -1.38782414e-01 -1.40755225e-01 -9.46115552e-02 -8.22911255e-02 -6.22198453e-02 -3.34928309e-02 -4.02241300e-02 -9.50495133e-03
1.64000000e+01 1.32071328e-01 5.35207128e-02 6.84645523e-02 6.71523063e-02 6.24816014e-02 6.09297422e-02 4.94171292e-02 3.46624136e-02 4.30149165e-02 -1.42431529e-02 -6.23676748e-02 -1.85674572e-02 -1.58732033e-01 -6.06741853e-02 -1.37212465e-01 -1.14924407e-01 -1.22711848e-01 -1.11530428e-01 -1.00804724e-01 -9.32072106e-02 -9.28687462e-02 -1.00142515e-01 -1.08238121e-01 -1.21359609e-01 -1.29777557e-01 -1.36747557e-01 -1.37580907e-01 -1.36846872e-01 -1.30572195e-01 -1.23528628e-01 -1.11211813e-01 -1.05191919e-01 -9.52915424e-02 -8.46394832e-02 -7.74909092e-02 -6.56948634e-02 -5.67835362e-02 -5.07632001e-02 -4.13055360e-02 -3.66384453e-02 -3.75064630e-02 -4.35330368e-02 -5.64978747e-02 -7.35064688e-02 -9.57564964e-02 -1.19437726e-01 -1.45178697e-01 -1.69726739e-01 -1.93947003e-01 -2.15699830e-01 -2.35452277e-01 -2.52600678e-01 -2.64565770e-01 -2.70814855e-01 -2.71859492e-01 -2.66674373e-01 -2.58207670e-01 -2.42544792e-01 -2.31745472e-01 -2.14023066e-01 -2.00330674e-01 -1.86147150e-01 -1.75524937e-01 -1.63379209e-01 -1.52203627e-01 -1.39455597e-01 -1.28206195e-01 -1.16148540e-01 -1.07209878e-01 -1.01460284e-01 -9.85965526e-02 -9.92597128e-02 -1.02419467e-01 -1.06098795e-01 -1.09374457e-01 -1.11404528e-01 -1.15426790e-01 -1.21482093e-01 -1.33613584e-01 -1.54796843e-01 -1.83047697e-01 -2.14734807e-01 -2.43649379e-01 -2.66673328e-01 -2.81054622e-01 -3.17740723e-01 -3.08297343e-01 -3.69327085e-01 -2.86680581e-01 -3.01283246e-01 -2.79617124e-01 -1.95096257e-01 -1.36705773e-01 -1.39513315e-01 -9.27310463e-02 -8.24643316e-02 -6.07111655e-02 -3.32266210e-02 -3.95739314e-02 -7.72799275e-03
1.65000000e+01 1.34318885e-01 5.47327331e-02 6.99608007e-02 6.85285503e-02 6.44975906e-02 6.24687273e-02 4.98039464e-02 3.79592775e-02 4.47580733e-02 -1.45966526e-02 -5.77164571e-02 -1.68851009e-02 -1.62517295e-01 -5.99768008e-02 -1.40735955e-01 -1.16998286e-01 -1.26495966e-01 -1.15737876e-01 -1.05093960e-01 -9.69689503e-02 -9.60345570e-02 -1.02717944e-01 -1.10165227e-01 -1.22986115e-01 -1.31102804e-01 -1.37920092e-01 -1.38618118e-01 -1.37810902e-01 -1.31444584e-01 -1.24086656e-01 -1.11877060e-01 -1.05614811e-01 -9.57407047e-02 -8.52153222e-02 -7.74145591e-02 -6.57893770e-02 -5.64191838e-02 -5.02661624e-02 -4.03003599e-02 -3.53561130e-02 -3.62045146e-02 -4.20537654e-02 -5.49996805e-02 -7.20716004e-02 -9.42910697e-02 -1.17894741e-01 -1.43670041e-01 -1.68057030e-01 -1.92178263e-01 -2.13896588e-01 -2.33681021e-01 -2.50951339e-01 -2.63391397e-01 -2.69656074e-01 -2.71251340e-01 -2.66073078e-01 -2.57747659e-01 -2.42196379e-01 -2.31433218e-01 -2.13824274e-01 -2.00129827e-01 -1.85957907e-01 -1.75569051e-01 -1.63478327e-01 -1.52392450e-01 -1.39774163e-01 -1.28773729e-01 -1.16847903e-01 -1.08217817e-01 -1.02555103e-01 -9.96331666e-02 -1.00115625e-01 -1.02890061e-01 -1.06252981e-01 -1.09201569e-01 -1.11124880e-01 -1.15562079e-01 -1.22291466e-01 -1.35275764e-01 -1.57483479e-01 -1.86314080e-01 -2.17937923e-01 -2.46255772e-01 -2.68795207e-01 -2.83135977e-01 -3.21452247e-01 -3.09586509e-01 -3.70798853e-01 -2.85152057e-01 -3.01641265e-01 -2.74590234e-01 -1.92932174e-01 -1.35011577e-01 -1.37934925e-01 -9.11722203e-02 -8.25741062e-02 -5.91850304e-02 -3.30477397e-02 -3.88730890e-02 -5.99359295e-03
1.66000000e+01 1.36570570e-01 5.59421546e-02 7.14751959e-02 6.98848248e-02 6.65415468e-02 6.39943988e-02 5.00068823e-02 4.14184752e-02 4.63477320e-02 -1.52928905e-02 -5.27530928e-02 -1.53836949e-02 -1.66047269e-01 -5.93552467e-02 -1.44286678e-01 -1.18970184e-01 -1.30187363e-01 -1.19885658e-01 -1.09376072e-01 -1.00750330e-01 -9.92250177e-02 -1.05304620e-01 -1.12095297e-01 -1.24595614e-01 -1.32393786e-01 -1.39068977e-01 -1.39644241e-01 -1.38760352e-01 -1.32300081e-01 -1.24633377e-01 -1.12548671e-01 -1.06033778e-01 -9.61738583e-02 -8.58013400e-02 -7.73155994e-02 -6.58871100e-02 -5.60669786e-02 -4.97649065e-02 -3.93112637e-02 -3.41085570e-02 -3.49515649e-02 -4.06286957e-02 -5.35465209e-02 -7.06929636e-02 -9.28517224e-02 -1.16373316e-01 -1.42166795e-01 -1.66388029e-01 -1.90398566e-01 -2.12082188e-01 -2.31890041e-01 -2.49267721e-01 -2.62181884e-01 -2.68457029e-01 -2.70603178e-01 -2.65439015e-01 -2.57257391e-01 -2.41854770e-01 -2.31106217e-01 -2.13641416e-01 -1.99941882e-01 -1.85778948e-01 -1.75616895e-01 -1.63580866e-01 -1.52570837e-01 -1.40090633e-01 -1.29345698e-01 -1.17548433e-01 -1.09254889e-01 -1.03667541e-01 -1.00688834e-01 -1.00982848e-01 -1.03358495e-01 -1.06406346e-01 -1.09023874e-01 -1.10846204e-01 -1.15727575e-01 -1.23152648e-01 -1.36995773e-01 -1.60210270e-01 -1.89577275e-01 -2.21065445e-01 -2.48756897e-01 -2.70873305e-01 -2.85249691e-01 -3.25153422e-01 -3.10752839e-01 -3.71973514e-01 -2.83848958e-01 -3.01789472e-01 -2.69317701e-01 -1.91044774e-01 -1.33683458e-01 -1.36018902e-01 -8.99545384e-02 -8.25851438e-02 -5.76647372e-02 -3.29410738e-02 -3.81268745e-02 -4.30395413e-03
1.67000000e+01 1.38826292e-01 5.71501553e-02 7.30035717e-02 7.12292330e-02 6.86081153e-02 6.54978332e-02 5.00548884e-02 4.50107779e-02 4.77894168e-02 -1.63021489e-02 -4.75162832e-02 -1.40827390e-02 -1.69278576e-01 -5.88232753e-02 -1.47861074e-01 -1.20848377e-01 -1.33783788e-01 -1.23969380e-01 -1.13645571e-01 -1.04550121e-01 -1.02438017e-01 -1.07903037e-01 -1.14030380e-01 -1.26189935e-01 -1.33651050e-01 -1.40195394e-01 -1.40660620e-01 -1.39694956e-01 -1.33135560e-01 -1.25171420e-01 -1.13223668e-01 -1.06452001e-01 -9.65899547e-02 -8.63945568e-02 -7.71979843e-02 -6.59846695e-02 -5.57295878e-02 -4.92565402e-02 -3.83391270e-02 -3.28967991e-02 -3.37470442e-02 -3.92574274e-02 -5.21385928e-02 -6.93695819e-02 -9.14380392e-02 -1.14873916e-01 -1.40667765e-01 -1.64720459e-01 -1.88608208e-01 -2.10257426e-01 -2.30080527e-01 -2.47551409e-01 -2.60935086e-01 -2.67220810e-01 -2.69911910e-01 -2.64772389e-01 -2.56737245e-01 -2.41519621e-01 -2.30764538e-01 -2.13473466e-01 -1.99767389e-01 -1.85611554e-01 -1.75666980e-01 -1.63686983e-01 -1.52739773e-01 -1.40405418e-01 -1.29922283e-01 -1.18249620e-01 -1.10320181e-01 -1.04796020e-01 -1.01762245e-01 -1.01859650e-01 -1.03824934e-01 -1.06558873e-01 -1.08843621e-01 -1.10571803e-01 -1.15925265e-01 -1.24066898e-01 -1.38773999e-01 -1.62972419e-01 -1.92830941e-01 -2.24112188e-01 -2.51153648e-01 -2.72917115e-01 -2.87403498e-01 -3.28823747e-01 -3.11797633e-01 -3.72855084e-01 -2.82782831e-01 -3.01683653e-01 -2.63862686e-01 -1.89423838e-01 -1.32700183e-01 -1.33775865e-01 -8.90872742e-02 -8.24672954e-02 -5.61729197e-02 -3.28905881e-02 -3.73415698e-02 -2.66085709e-03
1.68000000e+01 1.41085918e-01 5.83581251e-02 7.45413134e-02 7.25703532e-02 7.06919188e-02 6.69678111e-02 4.99816176e-02 4.87030029e-02 4.90872629e-02 -1.75869749e-02 -4.20517655e-02 -1.29989967e-02 -1.72169814e-01 -5.83940922e-02 -1.51453309e-01 -1.22642431e-01 -1.37283394e-01 -1.27984907e-01 -1.17896684e-01 -1.08367064e-01 -1.05671165e-01 -1.10513790e-01 -1.15972371e-01 -1.27770871e-01 -1.34875569e-01 -1.41300486e-01 -1.41668314e-01 -1.40614398e-01 -1.33947973e-01 -1.25703481e-01 -1.13899018e-01 -1.06872528e-01 -9.69884090e-02 -8.69915911e-02 -7.70660890e-02 -6.60786054e-02 -5.54095728e-02 -4.87384573e-02 -3.73848418e-02 -3.17217924e-02 -3.25903861e-02 -3.79394622e-02 -5.07761782e-02 -6.81000651e-02 -9.00497685e-02 -1.13396922e-01 -1.39171759e-01 -1.63055104e-01 -1.86807563e-01 -2.08423092e-01 -2.28253643e-01 -2.45804069e-01 -2.59648788e-01 -2.65950616e-01 -2.69174460e-01 -2.64073446e-01 -2.56187801e-01 -2.41190215e-01 -2.30408663e-01 -2.13319177e-01 -1.99606853e-01 -1.85457129e-01 -1.75717728e-01 -1.63796752e-01 -1.52900518e-01 -1.40718910e-01 -1.30503665e-01 -1.18951171e-01 -1.11412479e-01 -1.05938982e-01 -1.02852103e-01 -1.02744202e-01 -1.04289815e-01 -1.06710297e-01 -1.08663257e-01 -1.10305217e-01 -1.16157011e-01 -1.25035294e-01 -1.40610809e-01 -1.65764768e-01 -1.96068525e-01 -2.27073469e-01 -2.53447828e-01 -2.74936191e-01 -2.89604266e-01 -3.32440952e-01 -3.12723992e-01 -3.73451116e-01 -2.81957854e-01 -3.01283815e-01 -2.58293361e-01 -1.88052809e-01 -1.32036231e-01 -1.31227868e-01 -8.85691061e-02 -8.21964850e-02 -5.47306670e-02 -3.28798979e-02 -3.65242099e-02 -1.06571982e-03
1.69000000e+01 1.43349291e-01 5.95675910e-02 7.60835320e-02 7.39170295e-02 7.27875885e-02 6.83912411e-02 4.98245173e-02 5.24589453e-02 5.02437145e-02 -1.91027432e-02 -3.64116594e-02 -1.21460990e-02 -1.74682406e-01 -5.80802511e-02 -1.55055107e-01 -1.24363181e-01 -1.40684714e-01 -1.31928431e-01 -1.22123370e-01 -1.12199829e-01 -1.08921852e-01 -1.13137528e-01 -1.17923030e-01 -1.29340123e-01 -1.36068780e-01 -1.42385354e-01 -1.42668088e-01 -1.41518280e-01 -1.34734479e-01 -1.26232218e-01 -1.14571754e-01 -1.07298177e-01 -9.73691242e-02 -8.75886767e-02 -7.69246326e-02 -6.61654824e-02 -5.51093085e-02 -4.82084203e-02 -3.64492824e-02 -3.05843915e-02 -3.14810510e-02 -3.66742046e-02 -4.94596326e-02 -6.68826428e-02 -8.86868080e-02 -1.11942616e-01 -1.37677617e-01 -1.61392779e-01 -1.84997105e-01 -2.06579951e-01 -2.26410516e-01 -2.44027421e-01 -2.58320757e-01 -2.64649680e-01 -2.68387835e-01 -2.63342453e-01 -2.55609843e-01 -2.40865433e-01 -2.30039493e-01 -2.13177072e-01 -1.99460712e-01 -1.85317186e-01 -1.75767512e-01 -1.63910160e-01 -1.53054566e-01 -1.41031477e-01 -1.31090009e-01 -1.19653032e-01 -1.12530271e-01 -1.07094893e-01 -1.03957118e-01 -1.03634620e-01 -1.04753816e-01 -1.06860143e-01 -1.08485390e-01 -1.10050212e-01 -1.16424557e-01 -1.26058731e-01 -1.42506494e-01 -1.68581831e-01 -1.99283276e-01 -2.29945175e-01 -2.55642227e-01 -2.76939961e-01 -2.91857863e-01 -3.35981344e-01 -3.13536845e-01 -3.73772401e-01 -2.81370711e-01 -3.00555330e-01 -2.52681294e-01 -1.86909338e-01 -1.31662440e-01 -1.28407734e-01 -8.83880694e-02 -8.17553935e-02 -5.33567297e-02 -3.28928342e-02 -3.56823101e-02 4.80337022e-04
1.70000000e+01 1.45616250e-01 6.07801370e-02 7.76252427e-02 7.52781630e-02 7.48897609e-02 6.97536774e-02 4.96237989e-02 5.62403646e-02 5.12593301e-02 -2.07984846e-02 -3.06535118e-02 -1.15342941e-02 -1.76781431e-01 -5.78935146e-02 -1.58655642e-01 -1.26022666e-01 -1.43986639e-01 -1.35796529e-01 -1.26319360e-01 -1.16046965e-01 -1.12187319e-01 -1.15774913e-01 -1.19884001e-01 -1.30899249e-01 -1.37232601e-01 -1.43451052e-01 -1.43660411e-01 -1.42406090e-01 -1.35492556e-01 -1.26760155e-01 -1.15239088e-01 -1.07731450e-01 -9.77324916e-02 -8.81816998e-02 -7.67785819e-02 -6.62419590e-02 -5.48309037e-02 -4.76646254e-02 -3.55332878e-02 -2.94853293e-02 -3.04185398e-02 -3.54609620e-02 -4.81893688e-02 -6.57152076e-02 -8.73491830e-02 -1.10511177e-01 -1.36184250e-01 -1.59734288e-01 -1.83177412e-01 -2.04728740e-01 -2.24552231e-01 -2.42223208e-01 -2.56948814e-01 -2.63321187e-01 -2.67549182e-01 -2.62579682e-01 -2.55004366e-01 -2.40543754e-01 -2.29658342e-01 -2.13045456e-01 -1.99329312e-01 -1.85193323e-01 -1.75814711e-01 -1.64027109e-01 -1.53203622e-01 -1.41343468e-01 -1.31681442e-01 -1.20355395e-01 -1.13671765e-01 -1.08262242e-01 -1.05075995e-01 -1.04529000e-01 -1.05217824e-01 -1.07007768e-01 -1.08312759e-01 -1.09810759e-01 -1.16729539e-01 -1.27137936e-01 -1.44461214e-01 -1.71417832e-01 -2.02468281e-01 -2.32723821e-01 -2.57740675e-01 -2.78937534e-01 -2.94169017e-01 -3.39420219e-01 -3.14242929e-01 -3.73832562e-01 -2.81010673e-01 -2.99469984e-01 -2.47099735e-01 -1.85965995e-01 -1.31546721e-01 -1.25358083e-01 -8.85218684e-02 -8.11338889e-02 -5.20668437e-02 -3.29139801e-02 -3.48235847e-02 1.97642204e-03
1.71000000e+01 1.47886646e-01 6.19973215e-02 7.91615412e-02 7.66625086e-02 7.69930439e-02 7.10399137e-02 4.94213148e-02 6.00079928e-02 5.21327058e-02 -2.26179629e-02 -2.48390938e-02 -1.11703159e-02 -1.78436436e-01 -5.78446835e-02 -1.62241506e-01 -1.27634038e-01 -1.47188398e-01 -1.39586227e-01 -1.30478198e-01 -1.19906851e-01 -1.15464721e-01 -1.18426562e-01 -1.21856846e-01 -1.32449621e-01 -1.38369436e-01 -1.44498582e-01 -1.44645474e-01 -1.43277169e-01 -1.36220112e-01 -1.27289589e-01 -1.15898500e-01 -1.08174478e-01 -9.80793691e-02 -8.87662594e-02 -7.66330375e-02 -6.63048732e-02 -5.45761251e-02 -4.71057457e-02 -3.46376593e-02 -2.84252017e-02 -2.94023953e-02 -3.42989508e-02 -4.69658397e-02 -6.45953657e-02 -8.60370207e-02 -1.09102675e-01 -1.34690684e-01 -1.58080394e-01 -1.81349188e-01 -2.02870137e-01 -2.22679835e-01 -2.40393164e-01 -2.55530893e-01 -2.61968185e-01 -2.66655855e-01 -2.61785392e-01 -2.54372574e-01 -2.40223254e-01 -2.29266910e-01 -2.12922427e-01 -1.99212899e-01 -1.85087181e-01 -1.75857759e-01 -1.64147412e-01 -1.53349560e-01 -1.41655209e-01 -1.32278054e-01 -1.21058700e-01 -1.14834901e-01 -1.09439550e-01 -1.06207413e-01 -1.05425468e-01 -1.05682882e-01 -1.07152432e-01 -1.08148196e-01 -1.09591015e-01 -1.17073494e-01 -1.28273480e-01 -1.46474928e-01 -1.74266763e-01 -2.05616492e-01 -2.35406602e-01 -2.59748089e-01 -2.80937505e-01 -2.96541193e-01 -3.42732322e-01 -3.14850703e-01 -3.73647565e-01 -2.80859871e-01 -2.98006907e-01 -2.41621829e-01 -1.85191103e-01 -1.31654803e-01 -1.22130083e-01 -8.89385414e-02 -8.03291898e-02 -5.08731925e-02 -3.29291595e-02 -3.39556709e-02 3.42180604e-03
1.72000000e+01 1.50160357e-01 6.32205986e-02 8.06877761e-02 7.80784814e-02 7.90919588e-02 7.22346311e-02 4.92593775e-02 6.37225348e-02 5.28605197e-02 -2.45009682e-02 -1.90330307e-02 -1.10573223e-02 -1.79622197e-01 -5.79434001e-02 -1.65796769e-01 -1.29211411e-01 -1.50289556e-01 -1.43295041e-01 -1.34593301e-01 -1.23777644e-01 -1.18751195e-01 -1.21092993e-01 -1.23843068e-01 -1.33992411e-01 -1.39482153e-01 -1.45528899e-01 -1.45623200e-01 -1.44130690e-01 -1.36915577e-01 -1.27822514e-01 -1.16547819e-01 -1.08628971e-01 -9.84110418e-02 -8.93377504e-02 -7.64931052e-02 -6.63513312e-02 -5.43463278e-02 -4.65309529e-02 -3.37631704e-02 -2.74044604e-02 -2.84321896e-02 -3.31873084e-02 -4.57895159e-02 -6.35204935e-02 -8.47505226e-02 -1.07717073e-01 -1.33196090e-01 -1.56431769e-01 -1.79513266e-01 -2.01004748e-01 -2.20794343e-01 -2.38538990e-01 -2.54065108e-01 -2.60593498e-01 -2.65705480e-01 -2.60959798e-01 -2.53715879e-01 -2.39901640e-01 -2.28867231e-01 -2.12805906e-01 -1.99111614e-01 -1.85000403e-01 -1.75895198e-01 -1.64270804e-01 -1.53494397e-01 -1.41967003e-01 -1.32879889e-01 -1.21763630e-01 -1.16017378e-01 -1.10625371e-01 -1.07350001e-01 -1.06322223e-01 -1.06150137e-01 -1.07293353e-01 -1.07994593e-01 -1.09395293e-01 -1.17457859e-01 -1.29465792e-01 -1.48547330e-01 -1.77122440e-01 -2.08720780e-01 -2.37991444e-01 -2.61670498e-01 -2.82947760e-01 -2.98976473e-01 -3.45892338e-01 -3.15370201e-01 -3.73235167e-01 -2.80893756e-01 -2.96153340e-01 -2.36318830e-01 -1.84549691e-01 -1.31951016e-01 -1.18781945e-01 -8.95974537e-02 -7.93457576e-02 -4.97840257e-02 -3.29258604e-02 -3.30858687e-02 4.81585913e-03
1.73000000e+01 1.52437299e-01 6.44512437e-02 8.21997149e-02 7.95339743e-02 8.11808648e-02 7.33230804e-02 4.91795560e-02 6.73456310e-02 5.34376957e-02 -2.63847804e-02 -1.33013484e-02 -1.11948634e-02 -1.80319412e-01 -5.81979317e-02 -1.69303120e-01 -1.30769677e-01 -1.53290001e-01 -1.46921023e-01 -1.38658022e-01 -1.27657239e-01 -1.22043921e-01 -1.23774574e-01 -1.25844142e-01 -1.35528575e-01 -1.40574047e-01 -1.46542911e-01 -1.46593261e-01 -1.44965643e-01 -1.37577977e-01 -1.28360556e-01 -1.17185278e-01 -1.09096192e-01 -9.87291696e-02 -8.98914661e-02 -7.63637570e-02 -6.63787985e-02 -5.41423951e-02 -4.59399195e-02 -3.29105845e-02 -2.64234163e-02 -2.75074982e-02 -3.21251144e-02 -4.46608595e-02 -6.24877989e-02 -8.34899366e-02 -1.06354225e-01 -1.31699824e-01 -1.54788965e-01 -1.77670624e-01 -1.99133076e-01 -2.18896743e-01 -2.36662331e-01 -2.52549816e-01 -2.59199630e-01 -2.64696026e-01 -2.60103053e-01 -2.53035883e-01 -2.39576284e-01 -2.28461611e-01 -2.12693672e-01 -1.99025498e-01 -1.84934580e-01 -1.75925729e-01 -1.64396943e-01 -1.53640249e-01 -1.42279124e-01 -1.33486950e-01 -1.22471102e-01 -1.17216675e-01 -1.11818295e-01 -1.08502316e-01 -1.07217578e-01 -1.06620794e-01 -1.07429781e-01 -1.07854874e-01 -1.09228039e-01 -1.17883985e-01 -1.30715166e-01 -1.50677783e-01 -1.79978564e-01 -2.11773986e-01 -2.40477036e-01 -2.63515047e-01 -2.84975297e-01 -3.01475472e-01 -3.48875415e-01 -3.15812819e-01 -3.72614336e-01 -2.81081735e-01 -2.93905227e-01 -2.31258371e-01 -1.84004505e-01 -1.32399068e-01 -1.15377230e-01 -9.04505900e-02 -7.81949258e-02 -4.88034444e-02 -3.28935794e-02 -3.22209072e-02 6.15799384e-03
1.74000000e+01 1.54717427e-01 6.56902877e-02 8.36937013e-02 8.10361868e-02 8.32538756e-02 7.42917694e-02 4.92214886e-02 7.08407578e-02 5.38576809e-02 -2.82057486e-02 -7.70999958e-03 -1.15788660e-02 -1.80515315e-01 -5.86149462e-02 -1.72740092e-01 -1.32324276e-01 -1.56189945e-01 -1.50462789e-01 -1.42665723e-01 -1.31543224e-01 -1.25340167e-01 -1.26471473e-01 -1.27861534e-01 -1.37058869e-01 -1.41648784e-01 -1.47541482e-01 -1.47555100e-01 -1.45780840e-01 -1.38206978e-01 -1.28904931e-01 -1.17809556e-01 -1.09576943e-01 -9.90357239e-02 -9.04227159e-02 -7.62496895e-02 -6.63851882e-02 -5.39646901e-02 -4.53328072e-02 -3.20806734e-02 -2.54822518e-02 -2.66278599e-02 -3.11114214e-02 -4.35802918e-02 -6.14943850e-02 -8.22555298e-02 -1.05013889e-01 -1.30201451e-01 -1.53152381e-01 -1.75822378e-01 -1.97255508e-01 -2.16988017e-01 -2.34764758e-01 -2.50983675e-01 -2.57788684e-01 -2.63625873e-01 -2.59215215e-01 -2.52334356e-01 -2.39244283e-01 -2.28052537e-01 -2.12583414e-01 -1.98954498e-01 -1.84891192e-01 -1.75948250e-01 -1.64525430e-01 -1.53789290e-01 -1.42591830e-01 -1.34099208e-01 -1.23182252e-01 -1.18430078e-01 -1.13016959e-01 -1.09662818e-01 -1.08109998e-01 -1.07096059e-01 -1.07561050e-01 -1.07731972e-01 -1.09093796e-01 -1.18353136e-01 -1.32021767e-01 -1.52865258e-01 -1.82828784e-01 -2.14768990e-01 -2.42862863e-01 -2.65289975e-01 -2.87026044e-01 -3.04037261e-01 -3.51657683e-01 -3.16191024e-01 -3.71804672e-01 -2.81387956e-01 -2.91267585e-01 -2.26502829e-01 -1.83517082e-01 -1.32962827e-01 -1.11982995e-01 -9.14441003e-02 -7.68942810e-02 -4.79313560e-02 -3.28240783e-02 -3.13667451e-02 7.44761570e-03
1.75000000e+01 1.57000751e-01 6.69384598e-02 8.51667997e-02 8.25914672e-02 8.53047747e-02 7.51291308e-02 4.94217473e-02 7.41740426e-02 5.41128270e-02 -2.99009296e-02 -2.32341405e-03 -1.22016466e-02 -1.80204170e-01 -5.91992914e-02 -1.76085381e-01 -1.33890928e-01 -1.58989920e-01 -1.53919537e-01 -1.46609851e-01 -1.35432843e-01 -1.28637340e-01 -1.29183624e-01 -1.29896712e-01 -1.38583876e-01 -1.42710332e-01 -1.48525441e-01 -1.48507952e-01 -1.46574929e-01 -1.38802909e-01 -1.29456404e-01 -1.18419804e-01 -1.10071556e-01 -9.93329193e-02 -9.09269523e-02 -7.61551828e-02 -6.63689432e-02 -5.38130202e-02 -4.47102436e-02 -3.12742312e-02 -2.45810428e-02 -2.57927278e-02 -3.01452929e-02 -4.25481564e-02 -6.05373166e-02 -8.10475636e-02 -1.03695731e-01 -1.28700755e-01 -1.51522244e-01 -1.73969787e-01 -1.95372305e-01 -2.15069142e-01 -2.32847757e-01 -2.49365692e-01 -2.56362279e-01 -2.62493885e-01 -2.58296222e-01 -2.51613203e-01 -2.38902530e-01 -2.27642591e-01 -2.12472786e-01 -1.98898491e-01 -1.84871552e-01 -1.75961895e-01 -1.64655818e-01 -1.53943700e-01 -1.42905366e-01 -1.34716601e-01 -1.23898415e-01 -1.19654716e-01 -1.14220044e-01 -1.10829850e-01 -1.08998128e-01 -1.07577097e-01 -1.07686635e-01 -1.07628811e-01 -1.08997164e-01 -1.18866502e-01 -1.33385628e-01 -1.55108285e-01 -1.85666751e-01 -2.17698792e-01 -2.45149219e-01 -2.67004567e-01 -2.89104706e-01 -3.06659331e-01 -3.54216767e-01 -3.16518019e-01 -3.70825857e-01 -2.81772230e-01 -2.88254643e-01 -2.22107852e-01 -1.83048835e-01 -1.33607052e-01 -1.08667840e-01 -9.25200489e-02 -7.54668230e-02 -4.71635960e-02 -3.27115455e-02 -3.05284103e-02 8.68408169e-03
1.76000000e+01 1.59287335e-01 6.81961407e-02 8.66169166e-02 8.42051708e-02 8.73269388e-02 7.58261412e-02 4.98127926e-02 7.73149728e-02 5.41948592e-02 -3.14097294e-02 2.79689742e-03 -1.30519801e-02 -1.79387625e-01 -5.99537911e-02 -1.79315234e-01 -1.35485338e-01 -1.61690773e-01 -1.57291063e-01 -1.50484009e-01 -1.39322977e-01 -1.31933006e-01 -1.31910706e-01 -1.31951148e-01 -1.40104044e-01 -1.43762873e-01 -1.49495586e-01 -1.49450858e-01 -1.47346429e-01 -1.39366751e-01 -1.30015281e-01 -1.19015651e-01 -1.10579900e-01 -9.96231426e-02 -9.13998989e-02 -7.60839689e-02 -6.63291078e-02 -5.36866157e-02 -4.40732954e-02 -3.04920791e-02 -2.37197890e-02 -2.50014146e-02 -2.92258480e-02 -4.15646761e-02 -5.96136851e-02 -7.98662697e-02 -1.02399340e-01 -1.27197745e-01 -1.49898607e-01 -1.72114230e-01 -1.93483602e-01 -2.13141100e-01 -2.30912717e-01 -2.47695268e-01 -2.54921482e-01 -2.61299470e-01 -2.57345872e-01 -2.50874418e-01 -2.38547794e-01 -2.27234347e-01 -2.12359467e-01 -1.98857294e-01 -1.84876752e-01 -1.75966060e-01 -1.64787642e-01 -1.54105609e-01 -1.43219982e-01 -1.35339037e-01 -1.24621108e-01 -1.20887585e-01 -1.15426287e-01 -1.12001625e-01 -1.09880810e-01 -1.08064993e-01 -1.07806199e-01 -1.07548291e-01 -1.08942760e-01 -1.19425209e-01 -1.34806641e-01 -1.57404911e-01 -1.88486174e-01 -2.20556602e-01 -2.47337222e-01 -2.68669075e-01 -2.91214617e-01 -3.09337588e-01 -3.56532276e-01 -3.16807338e-01 -3.69697164e-01 -2.82191039e-01 -2.84889740e-01 -2.18121066e-01 -1.82562124e-01 -1.34298098e-01 -1.05499926e-01 -9.36183082e-02 -7.39399371e-02 -4.64922061e-02 -3.25526614e-02 -2.97098851e-02 9.86666686e-03
1.77000000e+01 1.61577309e-01 6.94633301e-02 8.80428945e-02 8.58815383e-02 8.93132769e-02 7.63768672e-02 5.04220477e-02 8.02369848e-02 5.40954144e-02 -3.26754978e-02 7.59366389e-03 -1.41152485e-02 -1.78074902e-01 -6.08790680e-02 -1.82404918e-01 -1.37122865e-01 -1.64293655e-01 -1.60577772e-01 -1.54282032e-01 -1.43210115e-01 -1.35224913e-01 -1.34652141e-01 -1.34026304e-01 -1.41619742e-01 -1.44810716e-01 -1.50452691e-01 -1.50382698e-01 -1.48093777e-01 -1.39900102e-01 -1.30581408e-01 -1.19597197e-01 -1.11101400e-01 -9.99088800e-02 -9.18376727e-02 -7.60391137e-02 -6.62653830e-02 -5.35841259e-02 -4.34234373e-02 -2.97350600e-02 -2.28984498e-02 -2.42530396e-02 -2.83523074e-02 -4.06299096e-02 -5.87206722e-02 -7.87118287e-02 -1.01124239e-01 -1.25692643e-01 -1.48281350e-01 -1.70257184e-01 -1.91589428e-01 -2.11204869e-01 -2.28960933e-01 -2.45972228e-01 -2.53466748e-01 -2.60042642e-01 -2.56363810e-01 -2.50120018e-01 -2.38176808e-01 -2.26830277e-01 -2.12241234e-01 -1.98830688e-01 -1.84907612e-01 -1.75960418e-01 -1.64920441e-01 -1.54277030e-01 -1.43535963e-01 -1.35966391e-01 -1.25351993e-01 -1.22125591e-01 -1.16634483e-01 -1.13176223e-01 -1.10757097e-01 -1.08560722e-01 -1.07919628e-01 -1.07493271e-01 -1.08935169e-01 -1.20030340e-01 -1.36284539e-01 -1.59752673e-01 -1.91280866e-01 -2.23335941e-01 -2.49428807e-01 -2.70294612e-01 -2.93357625e-01 -3.12066374e-01 -3.58586256e-01 -3.17072414e-01 -3.68437050e-01 -2.82598619e-01 -2.81204963e-01 -2.14581018e-01 -1.82021294e-01 -1.35004534e-01 -1.02545008e-01 -9.46785326e-02 -7.23442199e-02 -4.59058537e-02 -3.23465695e-02 -2.89140353e-02 1.09945393e-02
1.78000000e+01 1.63870871e-01 7.07396279e-02 8.94445737e-02 8.76235950e-02 9.12561902e-02 7.67789157e-02 5.12711204e-02 8.29179181e-02 5.38066264e-02 -3.36470365e-02 1.20150786e-02 -1.53736872e-02 -1.76282811e-01 -6.19733982e-02 -1.85329250e-01 -1.38818184e-01 -1.66800012e-01 -1.63780673e-01 -1.57998049e-01 -1.47090361e-01 -1.38510992e-01 -1.37407100e-01 -1.36123606e-01 -1.43131319e-01 -1.45858200e-01 -1.51397514e-01 -1.51302208e-01 -1.48815386e-01 -1.40405112e-01 -1.31154182e-01 -1.20164988e-01 -1.11635064e-01 -1.00192645e-01 -9.22368933e-02 -7.60229195e-02 -6.61781631e-02 -5.35036316e-02 -4.27625197e-02 -2.90040246e-02 -2.21169812e-02 -2.35464853e-02 -2.75240382e-02 -3.97437069e-02 -5.78556092e-02 -7.75843509e-02 -9.98698963e-02 -1.24185868e-01 -1.46670199e-01 -1.68400195e-01 -1.89689731e-01 -2.09261417e-01 -2.26993603e-01 -2.44196845e-01 -2.51997882e-01 -2.58724064e-01 -2.55349521e-01 -2.49351981e-01 -2.37786364e-01 -2.26432657e-01 -2.12116024e-01 -1.98818426e-01 -1.84964643e-01 -1.75944933e-01 -1.65053782e-01 -1.54459792e-01 -1.43853658e-01 -1.36598494e-01 -1.26092853e-01 -1.23365584e-01 -1.17843484e-01 -1.14351594e-01 -1.11626252e-01 -1.09065124e-01 -1.08027068e-01 -1.07466565e-01 -1.08978891e-01 -1.20682957e-01 -1.37818869e-01 -1.62148579e-01 -1.94044786e-01 -2.26030750e-01 -2.51426723e-01 -2.71893005e-01 -2.95533994e-01 -3.14838532e-01 -3.60363588e-01 -3.17326128e-01 -3.67062827e-01 -2.82948086e-01 -2.77240541e-01 -2.11516352e-01 -1.81393647e-01 -1.35697699e-01 -9.98645434e-02 -9.56421469e-02 -7.07122052e-02 -4.53903741e-02 -3.20947572e-02 -2.81425856e-02 1.20667436e-02
1.79000000e+01 1.66168283e-01 7.20242323e-02 9.08228238e-02 8.94330739e-02 9.31475632e-02 7.70337699e-02 5.23751933e-02 8.53403291e-02 5.33217361e-02 -3.42799838e-02 1.60159079e-02 -1.68067408e-02 -1.74035569e-01 -6.32326021e-02 -1.88063167e-01 -1.40584925e-01 -1.69211568e-01 -1.66901382e-01 -1.61626550e-01 -1.50959431e-01 -1.41789348e-01 -1.40174533e-01 -1.38244402e-01 -1.44639173e-01 -1.46909596e-01 -1.52330798e-01 -1.52208016e-01 -1.49509703e-01 -1.40884410e-01 -1.31732588e-01 -1.20719975e-01 -1.12179523e-01 -1.00476909e-01 -9.25947736e-02 -7.60368527e-02 -6.60685467e-02 -5.34426758e-02 -4.20927347e-02 -2.82998119e-02 -2.13753698e-02 -2.28803687e-02 -2.67405902e-02 -3.89056707e-02 -5.70160297e-02 -7.64838593e-02 -9.86357393e-02 -1.22678012e-01 -1.45064750e-01 -1.66544836e-01 -1.87784422e-01 -2.07311680e-01 -2.25011836e-01 -2.42369846e-01 -2.50514010e-01 -2.57345072e-01 -2.54302341e-01 -2.48572159e-01 -2.37373411e-01 -2.26043482e-01 -2.11982003e-01 -1.98820244e-01 -1.85048006e-01 -1.75919865e-01 -1.65187290e-01 -1.54655467e-01 -1.44173523e-01 -1.37235120e-01 -1.26845550e-01 -1.24604400e-01 -1.19052204e-01 -1.15525577e-01 -1.12487739e-01 -1.09578886e-01 -1.08128957e-01 -1.07470920e-01 -1.09078292e-01 -1.21384125e-01 -1.39408959e-01 -1.64589102e-01 -1.96772081e-01 -2.28635503e-01 -2.53334518e-01 -2.73476631e-01 -2.97742349e-01 -3.17645483e-01 -3.61852335e-01 -3.17580353e-01 -3.65590423e-01 -2.83192578e-01 -2.73043992e-01 -2.08945266e-01 -1.80650320e-01 -1.36352155e-01 -9.75139401e-02 -9.64542830e-02 -6.90770379e-02 -4.49294078e-02 -3.18008563e-02 -2.73961374e-02 1.30821928e-02
1.80000000e+01 1.68469865e-01 7.33159543e-02 9.21795468e-02 9.13103589e-02 9.49787902e-02 7.71469963e-02 5.37425991e-02 8.74916586e-02 5.26357058e-02 -3.45380449e-02 1.95584628e-02 -1.83915281e-02 -1.71364432e-01 -6.46499714e-02 -1.90582342e-01 -1.42435315e-01 -1.71530308e-01 -1.69942111e-01 -1.65162433e-01 -1.54812675e-01 -1.45058244e-01 -1.42953211e-01 -1.40389910e-01 -1.46143816e-01 -1.47969019e-01 -1.53253271e-01 -1.53098670e-01 -1.50175278e-01 -1.41341003e-01 -1.32315238e-01 -1.21263461e-01 -1.12733088e-01 -1.00764029e-01 -9.29091889e-02 -7.60814989e-02 -6.59383233e-02 -5.33983118e-02 -4.14165789e-02 -2.76232276e-02 -2.06736575e-02 -2.22530350e-02 -2.60017204e-02 -3.81151243e-02 -5.61997148e-02 -7.54102751e-02 -9.74211640e-02 -1.21169815e-01 -1.43464491e-01 -1.64692668e-01 -1.85873429e-01 -2.05356531e-01 -2.23016664e-01 -2.40492416e-01 -2.49013585e-01 -2.55907685e-01 -2.53221481e-01 -2.47782199e-01 -2.36935149e-01 -2.25664387e-01 -2.11837626e-01 -1.98835860e-01 -1.85157494e-01 -1.75885774e-01 -1.65320668e-01 -1.54865316e-01 -1.44496159e-01 -1.37875967e-01 -1.27611978e-01 -1.25838906e-01 -1.20259609e-01 -1.16695923e-01 -1.13341206e-01 -1.10102531e-01 -1.08226049e-01 -1.07509012e-01 -1.09237542e-01 -1.22134942e-01 -1.41053886e-01 -1.67070186e-01 -1.99457118e-01 -2.31145318e-01 -2.55156510e-01 -2.75058210e-01 -2.99979653e-01 -3.20477345e-01 -3.63044019e-01 -3.17845518e-01 -3.64034222e-01 -2.83286397e-01 -2.68669059e-01 -2.06875240e-01 -1.79767054e-01 -1.36946048e-01 -9.55409854e-02 -9.70656005e-02 -6.74711469e-02 -4.45051099e-02 -3.14703727e-02 -2.66742271e-02 1.40396691e-02
1.81000000e+01 1.70775981e-01 7.46132469e-02 9.35176517e-02 9.32544500e-02 9.67408438e-02 7.71283114e-02 5.53745945e-02 8.93642550e-02 5.17458121e-02 -3.43940322e-02 2.26134135e-02 -2.01034090e-02 -1.68307147e-01 -6.62162322e-02 -1.92863807e-01 -1.44379833e-01 -1.73758445e-01 -1.72905649e-01 -1.68601058e-01 -1.58645110e-01 -1.48316073e-01 -1.45741772e-01 -1.42561156e-01 -1.47645934e-01 -1.49040341e-01 -1.54165655e-01 -1.53972682e-01 -1.50810823e-01 -1.41778172e-01 -1.32900423e-01 -1.21797043e-01 -1.13293813e-01 -1.01056179e-01 -9.31787222e-02 -7.61565485e-02 -6.57899321e-02 -5.33671669e-02 -4.07368122e-02 -2.69750256e-02 -2.00119528e-02 -2.16625765e-02 -2.53074004e-02 -3.73710911e-02 -5.54047275e-02 -7.43634046e-02 -9.62255474e-02 -1.19662142e-01 -1.41868834e-01 -1.62845198e-01 -1.83956753e-01 -2.03396747e-01 -2.21009054e-01 -2.38566182e-01 -2.47494410e-01 -2.54414578e-01 -2.52106057e-01 -2.46983456e-01 -2.36469129e-01 -2.25296579e-01 -2.11681699e-01 -1.98864961e-01 -1.85292509e-01 -1.75843520e-01 -1.65453714e-01 -1.55090230e-01 -1.44822360e-01 -1.38520642e-01 -1.28394013e-01 -1.27066053e-01 -1.21464706e-01 -1.17860330e-01 -1.14186465e-01 -1.10636412e-01 -1.08319440e-01 -1.07583425e-01 -1.09460567e-01 -1.22936567e-01 -1.42752435e-01 -1.69587251e-01 -2.02094526e-01 -2.33556071e-01 -2.56897768e-01 -2.76650576e-01 -3.02241228e-01 -3.23323056e-01 -3.63933817e-01 -3.18130206e-01 -3.62406969e-01 -2.83186139e-01 -2.64174432e-01 -2.05303056e-01 -1.78724831e-01 -1.37461354e-01 -9.39845054e-02 -9.74339304e-02 -6.59249657e-02 -4.40988989e-02 -3.11103590e-02 -2.59754199e-02 1.49378328e-02
1.82000000e+01 1.73087027e-01 7.59142491e-02 9.48410030e-02 9.52629454e-02 9.84243890e-02 7.69915046e-02 5.72653375e-02 9.09552585e-02 5.06521906e-02 -3.38306830e-02 2.51604224e-02 -2.19166361e-02 -1.64907254e-01 -6.79195432e-02 -1.94886572e-01 -1.46426876e-01 -1.75898384e-01 -1.75795347e-01 -1.71938277e-01 -1.62451456e-01 -1.51561328e-01 -1.48538781e-01 -1.44758906e-01 -1.49146442e-01 -1.50127116e-01 -1.55068661e-01 -1.54828562e-01 -1.51415268e-01 -1.42199367e-01 -1.33486175e-01 -1.22322544e-01 -1.13859566e-01 -1.01355292e-01 -9.34026871e-02 -7.62608098e-02 -6.56263978e-02 -5.33455203e-02 -4.00564128e-02 -2.63558955e-02 -1.93904279e-02 -2.11068775e-02 -2.46578054e-02 -3.66722882e-02 -5.46294374e-02 -7.33429288e-02 -9.50482585e-02 -1.18155963e-01 -1.40277135e-01 -1.61003835e-01 -1.82034523e-01 -2.01432969e-01 -2.18989923e-01 -2.36593187e-01 -2.45953690e-01 -2.52869035e-01 -2.50955142e-01 -2.46176914e-01 -2.35973338e-01 -2.24940774e-01 -2.11513423e-01 -1.98907193e-01 -1.85452057e-01 -1.75794271e-01 -1.65586328e-01 -1.55330701e-01 -1.45153141e-01 -1.39168647e-01 -1.29193452e-01 -1.28282926e-01 -1.22666527e-01 -1.19016488e-01 -1.15023461e-01 -1.11180710e-01 -1.08410600e-01 -1.07696642e-01 -1.09750999e-01 -1.23790240e-01 -1.44503071e-01 -1.72135213e-01 -2.04679225e-01 -2.35864498e-01 -2.58564061e-01 -2.78266432e-01 -3.04520819e-01 -3.26170526e-01 -3.64520691e-01 -3.18440803e-01 -3.60719719e-01 -2.82851791e-01 -2.59622311e-01 -2.04215092e-01 -1.77510363e-01 -1.37884015e-01 -9.28732913e-02 -9.75256891e-02 -6.44657477e-02 -4.36922162e-02 -3.07290434e-02 -2.52974371e-02 1.57752397e-02
1.83000000e+01 1.75403414e-01 7.72168435e-02 9.61543415e-02 9.73320431e-02 1.00019942e-01 7.67542148e-02 5.94020710e-02 9.22663591e-02 4.93583052e-02 -3.28412236e-02 2.71885741e-02 -2.38050615e-02 -1.61213246e-01 -6.97455294e-02 -1.96632228e-01 -1.48582466e-01 -1.77952679e-01 -1.78615086e-01 -1.75170473e-01 -1.66226197e-01 -1.54792574e-01 -1.51342776e-01 -1.46983603e-01 -1.50646519e-01 -1.51232520e-01 -1.55963002e-01 -1.55664863e-01 -1.51987812e-01 -1.42608097e-01 -1.34070331e-01 -1.22841943e-01 -1.14428105e-01 -1.01662995e-01 -9.35811303e-02 -7.63922475e-02 -6.54512455e-02 -5.33293901e-02 -3.93785276e-02 -2.57664555e-02 -1.88093018e-02 -2.05836819e-02 -2.40532834e-02 -3.60171353e-02 -5.38725321e-02 -7.23483936e-02 -9.38886679e-02 -1.16652335e-01 -1.38688717e-01 -1.59169863e-01 -1.80107058e-01 -1.99465665e-01 -2.16960158e-01 -2.34575859e-01 -2.44388107e-01 -2.51274870e-01 -2.49767820e-01 -2.45363118e-01 -2.35446287e-01 -2.24597152e-01 -2.11332437e-01 -1.98962142e-01 -1.85634744e-01 -1.75739497e-01 -1.65718514e-01 -1.55586808e-01 -1.45489765e-01 -1.39819373e-01 -1.30011952e-01 -1.29486809e-01 -1.23864104e-01 -1.20162121e-01 -1.15852245e-01 -1.11735433e-01 -1.08501384e-01 -1.07851022e-01 -1.10112126e-01 -1.24697302e-01 -1.46303911e-01 -1.74708502e-01 -2.07206466e-01 -2.38068288e-01 -2.60161823e-01 -2.79918078e-01 -3.06810703e-01 -3.29006797e-01 -3.64807428e-01 -3.18781197e-01 -3.58981832e-01 -2.82247772e-01 -2.55076841e-01 -2.03587899e-01 -1.76116437e-01 -1.38203953e-01 -9.22253250e-02 -9.73170137e-02 -6.31165178e-02 -4.32672657e-02 -3.03354311e-02 -2.46373089e-02 1.65503681e-02
1.84000000e+01 1.77725552e-01 7.85187244e-02 9.74631784e-02 9.94565599e-02 1.01518075e-01 7.64375654e-02 6.17655047e-02 9.33034425e-02 4.78713143e-02 -3.14296546e-02 2.86965835e-02 -2.57428618e-02 -1.57277628e-01 -7.16773559e-02 -1.98085495e-01 -1.50850002e-01 -1.79923970e-01 -1.81369242e-01 -1.78294582e-01 -1.69963636e-01 -1.58008411e-01 -1.54152324e-01 -1.49235306e-01 -1.52147638e-01 -1.52359302e-01 -1.56849395e-01 -1.56480220e-01 -1.52527959e-01 -1.43007827e-01 -1.34650600e-01 -1.23357310e-01 -1.14997151e-01 -1.01980562e-01 -9.37148182e-02 -7.65480427e-02 -6.52684012e-02 -5.33146262e-02 -3.87064189e-02 -2.52072530e-02 -1.82688136e-02 -2.00906781e-02 -2.34943071e-02 -3.54037829e-02 -5.31330176e-02 -7.13792033e-02 -9.27461568e-02 -1.15152391e-01 -1.37102884e-01 -1.57344410e-01 -1.78174909e-01 -1.97495095e-01 -2.14920635e-01 -2.32516966e-01 -2.42793925e-01 -2.49636317e-01 -2.48543255e-01 -2.44542118e-01 -2.34887070e-01 -2.24265313e-01 -2.11138847e-01 -1.99029307e-01 -1.85838783e-01 -1.75680978e-01 -1.65850371e-01 -1.55858226e-01 -1.45833748e-01 -1.40472107e-01 -1.30850963e-01 -1.30675235e-01 -1.25056440e-01 -1.21295033e-01 -1.16672941e-01 -1.12300421e-01 -1.08594063e-01 -1.08048792e-01 -1.10546856e-01 -1.25659202e-01 -1.48152720e-01 -1.77301085e-01 -2.09671872e-01 -2.40166163e-01 -2.61698087e-01 -2.81617145e-01 -3.09101831e-01 -3.31818212e-01 -3.64800601e-01 -3.19152555e-01 -3.57200997e-01 -2.81343912e-01 -2.50602462e-01 -2.03389012e-01 -1.74542091e-01 -1.38414977e-01 -9.20473219e-02 -9.67945815e-02 -6.18952006e-02 -4.28077039e-02 -2.99388934e-02 -2.39915486e-02 1.72616526e-02
1.85000000e+01 1.80053831e-01 7.98174757e-02 9.87736673e-02 1.01629971e-01 1.02909649e-01 7.60656667e-02 6.43303845e-02 9.40761431e-02 4.62023136e-02 -2.96107419e-02 2.96927665e-02 -2.77052413e-02 -1.53155912e-01 -7.36958452e-02 -1.99234717e-01 -1.53230073e-01 -1.81814912e-01 -1.84062644e-01 -1.81308111e-01 -1.73657968e-01 -1.61207452e-01 -1.56966051e-01 -1.51513640e-01 -1.53651567e-01 -1.53509745e-01 -1.57728575e-01 -1.57273390e-01 -1.53035550e-01 -1.43401882e-01 -1.35224628e-01 -1.23870741e-01 -1.15564455e-01 -1.02308876e-01 -9.38052106e-02 -7.67246700e-02 -6.50820844e-02 -5.32970024e-02 -3.80434084e-02 -2.46787682e-02 -1.77691894e-02 -1.96255926e-02 -2.29814125e-02 -3.48301549e-02 -5.24102064e-02 -7.04346169e-02 -9.16201230e-02 -1.13657330e-01 -1.35518937e-01 -1.55528436e-01 -1.76238896e-01 -1.95521282e-01 -2.12872231e-01 -2.30419555e-01 -2.41167111e-01 -2.47957907e-01 -2.47280758e-01 -2.43713431e-01 -2.34295422e-01 -2.23944265e-01 -2.10933237e-01 -1.99108088e-01 -1.86062015e-01 -1.75620785e-01 -1.65982078e-01 -1.56144261e-01 -1.46186852e-01 -1.41126043e-01 -1.31711664e-01 -1.31846044e-01 -1.26242481e-01 -1.22413157e-01 -1.17485718e-01 -1.12875352e-01 -1.08691326e-01 -1.08292025e-01 -1.11057692e-01 -1.26677484e-01 -1.50046906e-01 -1.79906499e-01 -2.12071473e-01 -2.42157946e-01 -2.63180414e-01 -2.83374317e-01 -3.11384017e-01 -3.34590596e-01 -3.64510445e-01 -3.19553158e-01 -3.55383284e-01 -2.80116319e-01 -2.46262233e-01 -2.03578003e-01 -1.72792632e-01 -1.38514582e-01 -9.23346045e-02 -9.59560864e-02 -6.08139545e-02 -4.22992557e-02 -2.95487611e-02 -2.33563404e-02 1.79075273e-02
1.86000000e+01 1.82388601e-01 8.11106568e-02 1.00092455e-01 1.03844467e-01 1.04186092e-01 7.56650001e-02 6.70662291e-02 9.45973228e-02 4.43664408e-02 -2.74097077e-02 3.01947651e-02 -2.96690681e-02 -1.48905569e-01 -7.57796499e-02 -2.00072264e-01 -1.55720338e-01 -1.83628092e-01 -1.86700525e-01 -1.84209158e-01 -1.77303356e-01 -1.64388296e-01 -1.59782672e-01 -1.53817764e-01 -1.55160359e-01 -1.54685647e-01 -1.58601302e-01 -1.58043288e-01 -1.53510784e-01 -1.43793363e-01 -1.35790064e-01 -1.24384296e-01 -1.16127849e-01 -1.02648402e-01 -9.38544267e-02 -7.69179873e-02 -6.48966970e-02 -5.32723058e-02 -3.73928210e-02 -2.41814203e-02 -1.73106101e-02 -1.91862837e-02 -2.25151291e-02 -3.42940069e-02 -5.17036950e-02 -6.95137491e-02 -9.05099844e-02 -1.12168405e-01 -1.33936190e-01 -1.53722723e-01 -1.74300122e-01 -1.93544006e-01 -2.10815837e-01 -2.28286900e-01 -2.39503466e-01 -2.46244320e-01 -2.45979856e-01 -2.42876022e-01 -2.33671738e-01 -2.23632407e-01 -2.10716672e-01 -1.99197771e-01 -1.86301931e-01 -1.75561274e-01 -1.66113881e-01 -1.56443891e-01 -1.46551057e-01 -1.41780313e-01 -1.32594902e-01 -1.32997429e-01 -1.27421083e-01 -1.23514591e-01 -1.18290759e-01 -1.13459760e-01 -1.08796295e-01 -1.08582623e-01 -1.11646710e-01 -1.27753776e-01 -1.51983538e-01 -1.82517876e-01 -2.14401753e-01 -2.44044604e-01 -2.64616813e-01 -2.85199073e-01 -3.13646139e-01 -3.37309452e-01 -3.63950660e-01 -3.19978320e-01 -3.53533217e-01 -2.78548130e-01 -2.42116163e-01 -2.04107711e-01 -1.70879486e-01 -1.38503648e-01 -9.30713060e-02 -9.48103564e-02 -5.98787379e-02 -4.17302303e-02 -2.91739376e-02 -2.27277320e-02 1.84864728e-02
1.87000000e+01 1.84730157e-01 8.23958936e-02 1.01426514e-01 1.06091035e-01 1.05339680e-01 7.52637021e-02 6.99382091e-02 9.48824962e-02 4.23828335e-02 -2.48616281e-02 3.02290267e-02 -3.16134063e-02 -1.44584979e-01 -7.79054856e-02 -2.00594832e-01 -1.58315491e-01 -1.85365941e-01 -1.89288457e-01 -1.86996420e-01 -1.80894014e-01 -1.67549507e-01 -1.62601001e-01 -1.56146352e-01 -1.56676328e-01 -1.55888316e-01 -1.59468379e-01 -1.58789030e-01 -1.53954223e-01 -1.44185067e-01 -1.36344617e-01 -1.24899947e-01 -1.16685292e-01 -1.02999167e-01 -9.38652064e-02 -7.71233381e-02 -6.47167146e-02 -5.32364164e-02 -3.67579300e-02 -2.37155720e-02 -1.68931838e-02 -1.87708285e-02 -2.20959064e-02 -3.37929938e-02 -5.10133321e-02 -6.86155756e-02 -8.94151784e-02 -1.10686915e-01 -1.32353984e-01 -1.51927879e-01 -1.72359977e-01 -1.91562798e-01 -2.08752363e-01 -2.26122424e-01 -2.37798778e-01 -2.44500231e-01 -2.44640361e-01 -2.42028309e-01 -2.33017085e-01 -2.23327554e-01 -2.10490679e-01 -1.99297512e-01 -1.86555714e-01 -1.75505048e-01 -1.66246076e-01 -1.56755839e-01 -1.46928514e-01 -1.42434024e-01 -1.33501139e-01 -1.34127973e-01 -1.28590989e-01 -1.24597638e-01 -1.19088245e-01 -1.14053049e-01 -1.08912514e-01 -1.08922307e-01 -1.12315558e-01 -1.28889752e-01 -1.53959379e-01 -1.85127983e-01 -2.16659685e-01 -2.45828286e-01 -2.66015637e-01 -2.87099441e-01 -3.15876371e-01 -3.39960156e-01 -3.63138135e-01 -3.20420372e-01 -3.51653881e-01 -2.76630106e-01 -2.38219626e-01 -2.04925652e-01 -1.68819881e-01 -1.38386059e-01 -9.42308939e-02 -9.33771075e-02 -5.90891224e-02 -4.10919213e-02 -2.88225460e-02 -2.21018247e-02 1.89970680e-02
1.88000000e+01 1.87078711e-01 8.36709734e-02 1.02782964e-01 1.08359561e-01 1.06363837e-01 7.48907742e-02 7.29081411e-02 9.49492217e-02 4.02744368e-02 -2.20105547e-02 2.98300466e-02 -3.35199174e-02 -1.40252399e-01 -8.00484334e-02 -2.00803633e-01 -1.61007303e-01 -1.87030633e-01 -1.91832289e-01 -1.89669199e-01 -1.84424284e-01 -1.70689602e-01 -1.65419946e-01 -1.58497609e-01 -1.58202000e-01 -1.57118570e-01 -1.60330649e-01 -1.59509955e-01 -1.54366800e-01 -1.44579430e-01 -1.36886113e-01 -1.25419527e-01 -1.17234887e-01 -1.03360761e-01 -9.38408679e-02 -7.73356636e-02 -6.45465816e-02 -5.31853781e-02 -3.61419088e-02 -2.32815312e-02 -1.65169270e-02 -1.83775955e-02 -2.17240432e-02 -3.33247433e-02 -5.03391813e-02 -6.77389452e-02 -8.83351584e-02 -1.09214189e-01 -1.30771708e-01 -1.50144343e-01 -1.70420113e-01 -1.89576971e-01 -2.06682734e-01 -2.23929641e-01 -2.36048969e-01 -2.42730155e-01 -2.43262422e-01 -2.41168187e-01 -2.32333172e-01 -2.23026966e-01 -2.10257219e-01 -1.99406340e-01 -1.86820290e-01 -1.75454912e-01 -1.66378991e-01 -1.57078639e-01 -1.47321491e-01 -1.43086302e-01 -1.34430405e-01 -1.35236669e-01 -1.29750801e-01 -1.25660832e-01 -1.19878328e-01 -1.14654522e-01 -1.09043940e-01 -1.09312593e-01 -1.13065463e-01 -1.30087090e-01 -1.55970918e-01 -1.87729265e-01 -2.18842777e-01 -2.47512321e-01 -2.67385471e-01 -2.89081783e-01 -3.18062415e-01 -3.42528179e-01 -3.62092606e-01 -3.20868731e-01 -3.49747048e-01 -2.74361053e-01 -2.34621881e-01 -2.05975531e-01 -1.66636377e-01 -1.38168257e-01 -9.57769953e-02 -9.16863449e-02 -5.84383605e-02 -4.03788743e-02 -2.85016221e-02 -2.14749528e-02 1.94380420e-02
1.89000000e+01 1.89434371e-01 8.49339408e-02 1.04168879e-01 1.10638945e-01 1.07253434e-01 7.45752438e-02 7.59355622e-02 9.48164818e-02 3.80676647e-02 -1.89083846e-02 2.90393927e-02 -3.53731160e-02 -1.35964981e-01 -8.21823129e-02 -2.00704449e-01 -1.63784742e-01 -1.88624001e-01 -1.94338061e-01 -1.92227413e-01 -1.87888722e-01 -1.73807033e-01 -1.68238492e-01 -1.60869299e-01 -1.59740054e-01 -1.58376758e-01 -1.61189010e-01 -1.60205662e-01 -1.54749799e-01 -1.44978481e-01 -1.37412545e-01 -1.25944683e-01 -1.17774899e-01 -1.03732337e-01 -9.37852616e-02 -7.75496270e-02 -6.43906113e-02 -5.31154582e-02 -3.55477885e-02 -2.28795482e-02 -1.61817557e-02 -1.80053005e-02 -2.13996235e-02 -3.28869286e-02 -4.96814793e-02 -6.68825966e-02 -8.72693872e-02 -1.07751569e-01 -1.29188821e-01 -1.48372401e-01 -1.68482405e-01 -1.87585647e-01 -2.04607888e-01 -2.21712071e-01 -2.34250243e-01 -2.40938297e-01 -2.41846573e-01 -2.40293071e-01 -2.31622307e-01 -2.22727408e-01 -2.10018640e-01 -1.99523156e-01 -1.87092393e-01 -1.75413815e-01 -1.66512983e-01 -1.57410714e-01 -1.47732303e-01 -1.43736342e-01 -1.35382269e-01 -1.36322923e-01 -1.30898969e-01 -1.26702958e-01 -1.20661118e-01 -1.15263413e-01 -1.09194905e-01 -1.09754788e-01 -1.13897249e-01 -1.31347418e-01 -1.58014421e-01 -1.90313894e-01 -2.20949106e-01 -2.49101214e-01 -2.68735005e-01 -2.91150606e-01 -3.20191745e-01 -3.44999304e-01 -3.60836250e-01 -3.21310047e-01 -3.47813325e-01 -2.71748052e-01 -2.31364757e-01 -2.07198845e-01 -1.64356238e-01 -1.37858749e-01 -9.76644941e-02 -8.97774298e-02 -5.79137034e-02 -3.95890174e-02 -2.82168648e-02 -2.08438457e-02 1.98083241e-02
1.90000000e+01 1.91797123e-01 8.61831919e-02 1.05591093e-01 1.12917249e-01 1.08005059e-01 7.43453053e-02 7.89788533e-02 9.45040697e-02 3.57919229e-02 -1.56135143e-02 2.79045420e-02 -3.71604837e-02 -1.31777835e-01 -8.42801282e-02 -2.00307560e-01 -1.66634179e-01 -1.90147442e-01 -1.96811918e-01 -1.94671592e-01 -1.91282175e-01 -1.76900181e-01 -1.71055669e-01 -1.63258810e-01 -1.61293259e-01 -1.59662787e-01 -1.62044408e-01 -1.60876022e-01 -1.55104847e-01 -1.45383804e-01 -1.37922116e-01 -1.26476838e-01 -1.18303752e-01 -1.04112629e-01 -9.37027180e-02 -7.77597479e-02 -6.42528889e-02 -5.30231982e-02 -3.49784246e-02 -2.25098077e-02 -1.58874886e-02 -1.76530427e-02 -2.11224630e-02 -3.24773379e-02 -4.90405939e-02 -6.60451809e-02 -8.62173296e-02 -1.06300388e-01 -1.27604880e-01 -1.46612204e-01 -1.66548890e-01 -1.85587821e-01 -2.02528753e-01 -2.19473178e-01 -2.32399230e-01 -2.39128422e-01 -2.40393761e-01 -2.39399961e-01 -2.30887322e-01 -2.22425219e-01 -2.09777624e-01 -1.99646734e-01 -1.87368637e-01 -1.75384775e-01 -1.66648435e-01 -1.57750452e-01 -1.48163247e-01 -1.44383462e-01 -1.36355825e-01 -1.37386540e-01 -1.32033778e-01 -1.27723071e-01 -1.21436669e-01 -1.15878922e-01 -1.09370074e-01 -1.10249978e-01 -1.14811374e-01 -1.32672262e-01 -1.60085976e-01 -1.92873831e-01 -2.22977348e-01 -2.50600608e-01 -2.70072898e-01 -2.93308414e-01 -3.22251839e-01 -3.47359859e-01 -3.59393226e-01 -3.21728417e-01 -3.45852323e-01 -2.68806488e-01 -2.28481536e-01 -2.08536514e-01 -1.62010676e-01 -1.37467575e-01 -9.98408639e-02 -8.76978454e-02 -5.74969578e-02 -3.87236502e-02 -2.79724491e-02 -2.02057677e-02 2.01070889e-02
1.91000000e+01 1.94166806e-01 8.74175616e-02 1.07055999e-01 1.15181855e-01 1.08617276e-01 7.42274707e-02 8.19963750e-02 9.40320040e-02 3.34790077e-02 -1.21893145e-02 2.64775659e-02 -3.88724516e-02 -1.27743172e-01 -8.63145826e-02 -1.99627530e-01 -1.69539651e-01 -1.91601856e-01 -1.99260002e-01 -1.97002876e-01 -1.94599857e-01 -1.79967341e-01 -1.73870518e-01 -1.65663228e-01 -1.62864387e-01 -1.60976154e-01 -1.62897840e-01 -1.61521191e-01 -1.55433879e-01 -1.45796521e-01 -1.38413280e-01 -1.27017146e-01 -1.18820025e-01 -1.04499974e-01 -9.35979874e-02 -7.79605485e-02 -6.41371780e-02 -5.29054575e-02 -3.44364712e-02 -2.21724171e-02 -1.56338584e-02 -1.73203208e-02 -2.08920686e-02 -3.20939349e-02 -4.84169836e-02 -6.52252877e-02 -8.51784446e-02 -1.04861945e-01 -1.26019562e-01 -1.44863782e-01 -1.64621697e-01 -1.83582422e-01 -2.00446235e-01 -2.17216289e-01 -2.30493118e-01 -2.37303741e-01 -2.38905347e-01 -2.38485520e-01 -2.30131482e-01 -2.22116410e-01 -2.09537116e-01 -1.99775731e-01 -1.87645606e-01 -1.75370790e-01 -1.66785761e-01 -1.58096274e-01 -1.48616529e-01 -1.45027146e-01 -1.37349696e-01 -1.38427699e-01 -1.33153348e-01 -1.28720496e-01 -1.22204968e-01 -1.16500265e-01 -1.09574385e-01 -1.10799028e-01 -1.15807961e-01 -1.34062982e-01 -1.62181531e-01 -1.95400897e-01 -2.24926810e-01 -2.52017218e-01 -2.71407641e-01 -2.95555603e-01 -3.24230405e-01 -3.49596957e-01 -3.57789158e-01 -3.22105696e-01 -3.43862843e-01 -2.65559869e-01 -2.25996064e-01 -2.09930496e-01 -1.59633985e-01 -1.37005777e-01 -1.02247694e-01 -8.55017006e-02 -5.71652586e-02 -3.77872960e-02 -2.77709081e-02 -1.95586305e-02 2.03337952e-02
1.92000000e+01 1.96543099e-01 8.86364020e-02 1.08569356e-01 1.17419652e-01 1.09090825e-01 7.42457574e-02 8.49475830e-02 9.34199852e-02 3.11624013e-02 -8.70247149e-03 2.48137063e-02 -4.05022746e-02 -1.23909508e-01 -8.82586558e-02 -1.98682882e-01 -1.72483180e-01 -1.92987594e-01 -2.01688342e-01 -1.99223015e-01 -1.97837413e-01 -1.83006714e-01 -1.76682041e-01 -1.68079434e-01 -1.64456147e-01 -1.62315996e-01 -1.63750343e-01 -1.62141608e-01 -1.55739115e-01 -1.46217287e-01 -1.38884782e-01 -1.27566458e-01 -1.19322440e-01 -1.04892338e-01 -9.34761682e-02 -7.81467087e-02 -6.40468261e-02 -5.27594533e-02 -3.39243613e-02 -2.18673914e-02 -1.54205313e-02 -1.70070305e-02 -2.07076135e-02 -3.17349082e-02 -4.78111601e-02 -6.44214735e-02 -8.41521796e-02 -1.03437481e-01 -1.24432691e-01 -1.43127069e-01 -1.62702959e-01 -1.81568390e-01 -1.98361195e-01 -2.14944534e-01 -2.28529763e-01 -2.35466826e-01 -2.37383100e-01 -2.37546174e-01 -2.29358371e-01 -2.21796763e-01 -2.09300247e-01 -1.99908697e-01 -1.87919941e-01 -1.75374750e-01 -1.66925416e-01 -1.58446693e-01 -1.49094198e-01 -1.45667093e-01 -1.38362055e-01 -1.39446897e-01 -1.34255646e-01 -1.29694840e-01 -1.22965935e-01 -1.17126712e-01 -1.09812967e-01 -1.11402587e-01 -1.16886838e-01 -1.35520726e-01 -1.64296941e-01 -1.97886857e-01 -2.26797446e-01 -2.53358746e-01 -2.72747410e-01 -2.97890393e-01 -3.26115598e-01 -3.51698719e-01 -3.56050592e-01 -3.22421874e-01 -3.41843061e-01 -2.62039435e-01 -2.23922118e-01 -2.11325330e-01 -1.57262591e-01 -1.36484857e-01 -1.04822358e-01 -8.32480221e-02 -5.68920284e-02 -3.67874273e-02 -2.76130845e-02 -1.89010759e-02 2.04882154e-02
1.93000000e+01 1.98925518e-01 8.98396452e-02 1.10136102e-01 1.19617229e-01 1.09428786e-01 7.44209394e-02 8.77940878e-02 9.26869098e-02 2.88764852e-02 -5.22124203e-03 2.29698884e-02 -4.20458211e-02 -1.20320938e-01 -9.00862323e-02 -1.97495648e-01 -1.75445142e-01 -1.94304431e-01 -2.04102723e-01 -2.01334354e-01 -2.00990982e-01 -1.86016397e-01 -1.79489150e-01 -1.70504213e-01 -1.66071105e-01 -1.63681130e-01 -1.64602993e-01 -1.62737978e-01 -1.56023019e-01 -1.46646296e-01 -1.39335693e-01 -1.28125280e-01 -1.19809856e-01 -1.05287358e-01 -9.33426213e-02 -7.83132265e-02 -6.39846715e-02 -5.25828015e-02 -3.34442910e-02 -2.15946383e-02 -1.52471275e-02 -1.67134463e-02 -2.05679261e-02 -3.13987083e-02 -4.72236565e-02 -6.36322899e-02 -8.31379671e-02 -1.02028153e-01 -1.22844261e-01 -1.41401925e-01 -1.60794724e-01 -1.79544756e-01 -1.96274428e-01 -2.12660776e-01 -2.26507788e-01 -2.33619564e-01 -2.35829143e-01 -2.36578221e-01 -2.28571764e-01 -2.21461953e-01 -2.09070253e-01 -2.00044087e-01 -1.88188430e-01 -1.75399343e-01 -1.67067917e-01 -1.58800373e-01 -1.49598087e-01 -1.46303251e-01 -1.39390665e-01 -1.40444901e-01 -1.35338500e-01 -1.30645974e-01 -1.23719418e-01 -1.17757633e-01 -1.10091058e-01 -1.12061112e-01 -1.18047582e-01 -1.37046382e-01 -1.66427985e-01 -2.00323518e-01 -2.28589872e-01 -2.54633770e-01 -2.74099931e-01 -3.00308819e-01 -3.27896221e-01 -3.53654502e-01 -3.54204405e-01 -3.22655532e-01 -3.39790726e-01 -2.58283579e-01 -2.22263051e-01 -2.12669565e-01 -1.54934061e-01 -1.35916271e-01 -1.07499780e-01 -8.09988906e-02 -5.66480856e-02 -3.57340771e-02 -2.74981517e-02 -1.82325256e-02 2.05704565e-02
1.94000000e+01 2.01313408e-01 9.10278498e-02 1.11760185e-01 1.21761091e-01 1.09636670e-01 7.47698878e-02 9.05006276e-02 9.18504531e-02 2.66556955e-02 -1.81367096e-03 2.10032172e-02 -4.35013058e-02 -1.17016481e-01 -9.17727684e-02 -1.96090823e-01 -1.78404666e-01 -1.95551569e-01 -2.06508551e-01 -2.03339815e-01 -2.04057250e-01 -1.88994372e-01 -1.82290623e-01 -1.72934356e-01 -1.67711623e-01 -1.65070108e-01 -1.65456894e-01 -1.63311250e-01 -1.56288263e-01 -1.47083296e-01 -1.39765447e-01 -1.28693735e-01 -1.20281267e-01 -1.05682384e-01 -9.32028732e-02 -7.84555781e-02 -6.39529513e-02 -5.23735591e-02 -3.29982041e-02 -2.13539457e-02 -1.51132411e-02 -1.64401906e-02 -2.04714956e-02 -3.10840714e-02 -4.66549982e-02 -6.28563120e-02 -8.21352248e-02 -1.00635015e-01 -1.21254450e-01 -1.39688151e-01 -1.58898869e-01 -1.77510712e-01 -1.94186643e-01 -2.10367559e-01 -2.24426646e-01 -2.31763134e-01 -2.34245900e-01 -2.35577954e-01 -2.27775491e-01 -2.21107668e-01 -2.08850368e-01 -2.00180276e-01 -1.88448103e-01 -1.75446966e-01 -1.67213855e-01 -1.59156163e-01 -1.50129766e-01 -1.46935851e-01 -1.40432937e-01 -1.41422675e-01 -1.36399629e-01 -1.31574031e-01 -1.24465198e-01 -1.18392539e-01 -1.10413905e-01 -1.12774891e-01 -1.19289542e-01 -1.38640539e-01 -1.68570397e-01 -2.02702839e-01 -2.30305367e-01 -2.55851603e-01 -2.75472346e-01 -3.02804758e-01 -3.29561901e-01 -3.55455094e-01 -3.52277207e-01 -3.22784367e-01 -3.37703343e-01 -2.54337069e-01 -2.21011721e-01 -2.13917026e-01 -1.52686105e-01 -1.35310943e-01 -1.10214230e-01 -7.88174810e-02 -5.64028619e-02 -3.46393563e-02 -2.74237002e-02 -1.75531987e-02 2.05809699e-02
1.95000000e+01 2.03705958e-01 9.22022277e-02 1.13444405e-01 1.23837883e-01 1.09722441e-01 7.53050214e-02 9.30359250e-02 9.09267319e-02 2.45336452e-02 1.45417730e-03 1.89695009e-02 -4.48689900e-02 -1.14029495e-01 -9.32959763e-02 -1.94495748e-01 -1.81340055e-01 -1.96727657e-01 -2.08910714e-01 -2.05242880e-01 -2.07033489e-01 -1.91938498e-01 -1.85085051e-01 -1.75366761e-01 -1.69379809e-01 -1.66481266e-01 -1.66313164e-01 -1.63862582e-01 -1.56537684e-01 -1.47527616e-01 -1.40173879e-01 -1.29271528e-01 -1.20735804e-01 -1.06074539e-01 -9.30625065e-02 -7.85698699e-02 -6.39532137e-02 -5.21302718e-02 -3.25877768e-02 -2.11449744e-02 -1.50184521e-02 -1.61881951e-02 -2.04164895e-02 -3.07900300e-02 -4.61056785e-02 -6.20921650e-02 -8.11433591e-02 -9.92589976e-02 -1.19663626e-01 -1.37985518e-01 -1.57017015e-01 -1.75465686e-01 -1.92098448e-01 -2.08067071e-01 -2.22286661e-01 -2.29898027e-01 -2.32635999e-01 -2.34541782e-01 -2.26973290e-01 -2.20729745e-01 -2.08643726e-01 -2.00315583e-01 -1.88696316e-01 -1.75519639e-01 -1.67363923e-01 -1.59513129e-01 -1.50690493e-01 -1.47565428e-01 -1.41485998e-01 -1.42381313e-01 -1.37436681e-01 -1.32479380e-01 -1.25203003e-01 -1.19031113e-01 -1.10786661e-01 -1.13544084e-01 -1.20611868e-01 -1.40303466e-01 -1.70719874e-01 -2.05017051e-01 -2.31945873e-01 -2.57022136e-01 -2.76871091e-01 -3.05370022e-01 -3.31103254e-01 -3.57092885e-01 -3.50294727e-01 -3.22785773e-01 -3.35578360e-01 -2.50250108e-01 -2.20150704e-01 -2.15027874e-01 -1.50555588e-01 -1.34678843e-01 -1.12901118e-01 -7.67660718e-02 -5.61256801e-02 -3.35168967e-02 -2.73858842e-02 -1.68640962e-02 2.05205531e-02
1.96000000e+01 2.06102207e-01 9.33646515e-02 1.15190288e-01 1.25834623e-01 1.09696463e-01 7.60338891e-02 9.53734039e-02 8.99300522e-02 2.25422434e-02 4.51992248e-03 1.69218471e-02 -4.61508758e-02 -1.11387165e-01 -9.46365047e-02 -1.92739421e-01 -1.84229221e-01 -1.97830837e-01 -2.11313440e-01 -2.07047546e-01 -2.09917593e-01 -1.94846511e-01 -1.87870795e-01 -1.77798519e-01 -1.71077486e-01 -1.67912768e-01 -1.67172927e-01 -1.64393303e-01 -1.56774246e-01 -1.47978201e-01 -1.40561248e-01 -1.29857906e-01 -1.21172746e-01 -1.06460775e-01 -9.29270438e-02 -7.86529740e-02 -6.39862411e-02 -5.18520255e-02 -3.22143997e-02 -2.09672595e-02 -1.49623298e-02 -1.59586568e-02 -2.04007852e-02 -3.05159127e-02 -4.55761347e-02 -6.13385507e-02 -8.01617728e-02 -9.79008982e-02 -1.18072353e-01 -1.36293776e-01 -1.55150454e-01 -1.73409395e-01 -1.90010333e-01 -2.05761113e-01 -2.20089035e-01 -2.28024097e-01 -2.31002175e-01 -2.33466365e-01 -2.26168664e-01 -2.20324297e-01 -2.08453240e-01 -2.00448294e-01 -1.88930819e-01 -1.75618937e-01 -1.67518927e-01 -1.59870577e-01 -1.51281181e-01 -1.48192840e-01 -1.42546769e-01 -1.43321970e-01 -1.38447279e-01 -1.33362603e-01 -1.25932526e-01 -1.19673232e-01 -1.11214282e-01 -1.14368777e-01 -1.22013519e-01 -1.42035085e-01 -1.72872088e-01 -2.07258789e-01 -2.33513982e-01 -2.58155649e-01 -2.78301784e-01 -3.07994487e-01 -3.32512023e-01 -3.58562004e-01 -3.48281215e-01 -3.22637462e-01 -3.33413333e-01 -2.46077237e-01 -2.19652809e-01 -2.15969441e-01 -1.48577607e-01 -1.34028609e-01 -1.15498701e-01 -7.49040866e-02 -5.57870476e-02 -3.23812452e-02 -2.73796199e-02 -1.61669569e-02 2.03903418e-02
1.97000000e+01 2.08501065e-01 9.45176415e-02 1.16997977e-01 1.27738938e-01 1.09571366e-01 7.69588978e-02 9.74917465e-02 8.88727479e-02 2.07108379e-02 7.32645794e-03 1.49093684e-02 -4.73504111e-02 -1.09110072e-01 -9.57785883e-02 -1.90851790e-01 -1.87050125e-01 -1.98858806e-01 -2.13720167e-01 -2.08758286e-01 -2.12708107e-01 -1.97716017e-01 -1.90645948e-01 -1.80226990e-01 -1.72806169e-01 -1.69362662e-01 -1.68037293e-01 -1.64904872e-01 -1.57000993e-01 -1.48433651e-01 -1.40928272e-01 -1.30451632e-01 -1.21591534e-01 -1.06837942e-01 -9.28018275e-02 -7.87026404e-02 -6.40519865e-02 -5.15384998e-02 -3.18791599e-02 -2.08202204e-02 -1.49444247e-02 -1.57529922e-02 -2.04220097e-02 -3.02613339e-02 -4.50667245e-02 -6.05942735e-02 -7.91898751e-02 -9.65613747e-02 -1.16481375e-01 -1.34612679e-01 -1.53300091e-01 -1.71341894e-01 -1.87922658e-01 -2.03451101e-01 -2.17835819e-01 -2.26140628e-01 -2.29347151e-01 -2.32348735e-01 -2.25364736e-01 -2.19887847e-01 -2.08281478e-01 -2.00576694e-01 -1.89149833e-01 -1.75745918e-01 -1.67679807e-01 -1.60228059e-01 -1.51902373e-01 -1.48819278e-01 -1.43612042e-01 -1.44245794e-01 -1.39429081e-01 -1.34224456e-01 -1.26653453e-01 -1.20318986e-01 -1.11701431e-01 -1.15249031e-01 -1.23493272e-01 -1.43834964e-01 -1.75022702e-01 -2.09421218e-01 -2.35012914e-01 -2.59262620e-01 -2.79769134e-01 -3.10666275e-01 -3.33781186e-01 -3.59858406e-01 -3.46258864e-01 -3.22318114e-01 -3.31206092e-01 -2.41876123e-01 -2.19481855e-01 -2.16716811e-01 -1.46784643e-01 -1.33367254e-01 -1.17949686e-01 -7.32862314e-02 -5.53599156e-02 -3.12472359e-02 -2.73988257e-02 -1.54641864e-02 2.01917937e-02
1.98000000e+01 2.10901332e-01 9.56643343e-02 1.18866155e-01 1.29539303e-01 1.09361835e-01 7.80771971e-02 9.93752786e-02 8.77651092e-02 1.90654128e-02 9.82338127e-03 1.29760350e-02 -4.84722207e-02 -1.07211850e-01 -9.67106407e-02 -1.88863021e-01 -1.89781217e-01 -1.99808885e-01 -2.16133420e-01 -2.10379978e-01 -2.15404242e-01 -2.00544509e-01 -1.93408306e-01 -1.82649854e-01 -1.74567064e-01 -1.70828918e-01 -1.68907339e-01 -1.65398844e-01 -1.57221011e-01 -1.48892270e-01 -1.41276132e-01 -1.31050964e-01 -1.21991794e-01 -1.07202860e-01 -9.26919003e-02 -7.87175778e-02 -6.41495308e-02 -5.11900188e-02 -3.15828229e-02 -2.07031809e-02 -1.49642502e-02 -1.55727912e-02 -2.04775889e-02 -3.00261764e-02 -4.45776992e-02 -5.98582689e-02 -7.82270949e-02 -9.52409431e-02 -1.14891606e-01 -1.32941996e-01 -1.51466402e-01 -1.69263612e-01 -1.85835642e-01 -2.01138072e-01 -2.15529864e-01 -2.24246436e-01 -2.27673530e-01 -2.31186409e-01 -2.24564120e-01 -2.19417457e-01 -2.08130533e-01 -2.00699097e-01 -1.89352091e-01 -1.75901076e-01 -1.67847646e-01 -1.60585384e-01 -1.52554217e-01 -1.49446259e-01 -1.44678558e-01 -1.45153876e-01 -1.40379845e-01 -1.35065830e-01 -1.27365492e-01 -1.20968680e-01 -1.12252381e-01 -1.16184946e-01 -1.25049708e-01 -1.45702302e-01 -1.77167384e-01 -2.11498163e-01 -2.36446493e-01 -2.60353520e-01 -2.81276853e-01 -3.13371979e-01 -3.34905049e-01 -3.60979914e-01 -3.44247283e-01 -3.21808031e-01 -3.28954883e-01 -2.37706241e-01 -2.19593714e-01 -2.17253146e-01 -1.45205796e-01 -1.32699950e-01 -1.20202660e-01 -7.19607879e-02 -5.48208581e-02 -3.01293655e-02 -2.74366920e-02 -1.47587653e-02 1.99266662e-02
1.99000000e+01 2.13301724e-01 9.68084312e-02 1.20792003e-01 1.31225276e-01 1.09084326e-01 7.93807265e-02 1.01014174e-01 8.66153972e-02 1.76278634e-02 1.19682293e-02 1.11597009e-02 -4.95218688e-02 -1.05698959e-01 -9.74257613e-02 -1.86802787e-01 -1.92401852e-01 -2.00678108e-01 -2.18554711e-01 -2.11917836e-01 -2.18005881e-01 -2.03329374e-01 -1.96155345e-01 -1.85065151e-01 -1.76361063e-01 -1.72309475e-01 -1.69784091e-01 -1.65876835e-01 -1.57437391e-01 -1.49352111e-01 -1.41606477e-01 -1.31653648e-01 -1.22373351e-01 -1.07552396e-01 -9.26018904e-02 -7.86974992e-02 -6.42770655e-02 -5.08075970e-02 -3.13258182e-02 -2.06153983e-02 -1.50212592e-02 -1.54197694e-02 -2.05648012e-02 -2.98105665e-02 -4.41091733e-02 -5.91296331e-02 -7.72728961e-02 -9.39399784e-02 -1.13304109e-01 -1.31281530e-01 -1.49649411e-01 -1.67175365e-01 -1.83749349e-01 -1.98822715e-01 -2.13174743e-01 -2.22339966e-01 -2.25983680e-01 -2.29977492e-01 -2.23768800e-01 -2.18910846e-01 -2.08001904e-01 -2.00813885e-01 -1.89536886e-01 -1.76084308e-01 -1.68023674e-01 -1.60942614e-01 -1.53236452e-01 -1.50075618e-01 -1.45743073e-01 -1.46047199e-01 -1.41297505e-01 -1.35887705e-01 -1.28068417e-01 -1.21622836e-01 -1.12870933e-01 -1.17176711e-01 -1.26681208e-01 -1.47635920e-01 -1.79301831e-01 -2.13484225e-01 -2.37819109e-01 -2.61438598e-01 -2.82827604e-01 -3.16096914e-01 -3.35879298e-01 -3.61926210e-01 -3.42263029e-01 -3.21089771e-01 -3.26658513e-01 -2.33627498e-01 -2.19937575e-01 -2.17569753e-01 -1.43866139e-01 -1.32029889e-01 -1.22213303e-01 -7.09681162e-02 -5.41511272e-02 -2.90412001e-02 -2.74859684e-02 -1.40541401e-02 1.95969869e-02
2.00000000e+01 2.15700904e-01 9.79541288e-02 1.22771186e-01 1.32787727e-01 1.08756704e-01 8.08564259e-02 1.02404475e-01 8.54299411e-02 1.64153688e-02 1.37274887e-02 9.49132680e-03 -5.05056554e-02 -1.04570569e-01 -9.79221315e-02 -1.84699588e-01 -1.94892699e-01 -2.01463310e-01 -2.20984464e-01 -2.13377316e-01 -2.20513574e-01 -2.06067922e-01 -1.98884210e-01 -1.87471312e-01 -1.78188744e-01 -1.73802280e-01 -1.70668500e-01 -1.66340501e-01 -1.57653191e-01 -1.49811033e-01 -1.41921405e-01 -1.32256930e-01 -1.22736250e-01 -1.07883535e-01 -9.25359037e-02 -7.86431322e-02 -6.44319007e-02 -5.03929731e-02 -3.11082299e-02 -2.05560981e-02 -1.51148176e-02 -1.52957199e-02 -2.06808355e-02 -2.96148458e-02 -4.36610916e-02 -5.84076551e-02 -7.63267938e-02 -9.26587160e-02 -1.11720065e-01 -1.29631127e-01 -1.47848687e-01 -1.65078370e-01 -1.81663680e-01 -1.96505418e-01 -2.10774650e-01 -2.20419408e-01 -2.24279640e-01 -2.28720753e-01 -2.22980028e-01 -2.18366495e-01 -2.07896376e-01 -2.00919538e-01 -1.89704081e-01 -1.76294888e-01 -1.68209270e-01 -1.61300062e-01 -1.53948395e-01 -1.50709480e-01 -1.46802421e-01 -1.46926605e-01 -1.42180244e-01 -1.36691098e-01 -1.28762101e-01 -1.22282184e-01 -1.13560351e-01 -1.18224655e-01 -1.28385934e-01 -1.49634248e-01 -1.81421811e-01 -2.15374885e-01 -2.39135667e-01 -2.62527685e-01 -2.84422951e-01 -3.18825403e-01 -3.36701031e-01 -3.62698770e-01 -3.40319226e-01 -3.20148742e-01 -3.24316472e-01 -2.29698839e-01 -2.20457393e-01 -2.17665904e-01 -1.42786190e-01 -1.31358253e-01 -1.23945374e-01 -7.03394164e-02 -5.33375446e-02 -2.79948363e-02 -2.75392557e-02 -1.33541018e-02 1.92050197e-02
2.01000000e+01 2.18097519e-01 9.91060309e-02 1.24797877e-01 1.34219049e-01 1.08397838e-01 8.24866013e-02 1.03547937e-01 8.42133094e-02 1.54398789e-02 1.50773605e-02 7.99441227e-03 -5.14304406e-02 -1.03818584e-01 -9.82032769e-02 -1.82580135e-01 -1.97236104e-01 -2.02161217e-01 -2.23421962e-01 -2.14764021e-01 -2.22928526e-01 -2.08757415e-01 -2.01591717e-01 -1.89867163e-01 -1.80050372e-01 -1.75305328e-01 -1.71561424e-01 -1.66791509e-01 -1.57871415e-01 -1.50266750e-01 -1.42223423e-01 -1.32857584e-01 -1.23080765e-01 -1.08193466e-01 -9.24974262e-02 -7.85561950e-02 -6.46105026e-02 -4.99486289e-02 -3.09297949e-02 -2.05245104e-02 -1.52441843e-02 -1.52024612e-02 -2.08228496e-02 -2.94395362e-02 -4.32331956e-02 -5.76918473e-02 -7.53883719e-02 -9.13972517e-02 -1.10140754e-01 -1.27990692e-01 -1.46063366e-01 -1.62974240e-01 -1.79578359e-01 -1.94186315e-01 -2.08334297e-01 -2.18482792e-01 -2.22563046e-01 -2.27415690e-01 -2.22198247e-01 -2.17783728e-01 -2.07813931e-01 -2.01014669e-01 -1.89854111e-01 -1.76531477e-01 -1.68405954e-01 -1.61658277e-01 -1.54688936e-01 -1.51350223e-01 -1.47853566e-01 -1.47792770e-01 -1.43026577e-01 -1.37477013e-01 -1.29446556e-01 -1.22947656e-01 -1.14323306e-01 -1.19329284e-01 -1.30161817e-01 -1.51695310e-01 -1.83523203e-01 -2.17166583e-01 -2.40401539e-01 -2.63630006e-01 -2.86063338e-01 -3.21541076e-01 -3.37368757e-01 -3.63300756e-01 -3.38425273e-01 -3.18973745e-01 -3.21929054e-01 -2.25976862e-01 -2.21093482e-01 -2.17548421e-01 -1.41981500e-01 -1.30684265e-01 -1.25371412e-01 -7.00957844e-02 -5.23731973e-02 -2.70004396e-02 -2.75892890e-02 -1.26626567e-02 1.87532283e-02
2.02000000e+01 2.20490238e-01 1.00269043e-01 1.26864814e-01 1.35513353e-01 1.08027130e-01 8.42494371e-02 1.04451703e-01 8.29685467e-02 1.47077306e-02 1.60042634e-02 6.68464227e-03 -5.23034935e-02 -1.03427811e-01 -9.82781775e-02 -1.80468809e-01 -1.99416419e-01 -2.02768540e-01 -2.25865326e-01 -2.16083605e-01 -2.25252557e-01 -2.11395102e-01 -2.04274372e-01 -1.92251937e-01 -1.81945881e-01 -1.76816698e-01 -1.72463611e-01 -1.67231523e-01 -1.58094985e-01 -1.50716891e-01 -1.42515385e-01 -1.33451967e-01 -1.23407396e-01 -1.08479648e-01 -9.24892376e-02 -7.84393436e-02 -6.48085567e-02 -4.94777905e-02 -3.07899096e-02 -2.05199051e-02 -1.54085009e-02 -1.51417812e-02 -2.09880293e-02 -2.92853005e-02 -4.28249944e-02 -5.69819756e-02 -7.44573006e-02 -9.01555384e-02 -1.08567521e-01 -1.26360196e-01 -1.44292184e-01 -1.60864964e-01 -1.77492922e-01 -1.91865346e-01 -2.05858796e-01 -2.16528092e-01 -2.20835069e-01 -2.26062559e-01 -2.21423035e-01 -2.17162771e-01 -2.07753672e-01 -2.01098058e-01 -1.89987960e-01 -1.76792152e-01 -1.68615379e-01 -1.62018033e-01 -1.55456541e-01 -1.52000419e-01 -1.48893635e-01 -1.48646197e-01 -1.43835416e-01 -1.38246389e-01 -1.30121964e-01 -1.23620372e-01 -1.15161842e-01 -1.20491297e-01 -1.32006545e-01 -1.53816707e-01 -1.85602062e-01 -2.18856781e-01 -2.41622491e-01 -2.64754010e-01 -2.87748081e-01 -3.24227178e-01 -3.37882359e-01 -3.63736866e-01 -3.36586665e-01 -3.17557418e-01 -3.19497456e-01 -2.22514484e-01 -2.21784184e-01 -2.17231050e-01 -1.41462377e-01 -1.30005339e-01 -1.26473158e-01 -7.02475936e-02 -5.12579080e-02 -2.60658770e-02 -2.76292013e-02 -1.19838943e-02 1.82442362e-02
2.03000000e+01 2.22877792e-01 1.01448251e-01 1.28963399e-01 1.36666635e-01 1.07664020e-01 8.61196357e-02 1.05127816e-01 8.16974622e-02 1.42194045e-02 1.65050636e-02 5.56975032e-03 -5.31323561e-02 -1.03376284e-01 -9.81612123e-02 -1.78387219e-01 -2.01420281e-01 -2.03282061e-01 -2.28311523e-01 -2.17341678e-01 -2.27488058e-01 -2.13978266e-01 -2.06928396e-01 -1.94625252e-01 -1.83874857e-01 -1.78334579e-01 -1.73375687e-01 -1.67662191e-01 -1.58326732e-01 -1.51159051e-01 -1.42800414e-01 -1.34036090e-01 -1.23716859e-01 -1.08739886e-01 -9.25133386e-02 -7.82960967e-02 -6.50210545e-02 -4.89844090e-02 -3.06876467e-02 -2.05416198e-02 -1.56067941e-02 -1.51153768e-02 -2.11736437e-02 -2.91528961e-02 -4.24357469e-02 -5.62780821e-02 -7.35333530e-02 -8.89333795e-02 -1.07001755e-01 -1.24739679e-01 -1.42533546e-01 -1.58752883e-01 -1.75406713e-01 -1.89542315e-01 -2.03353548e-01 -2.14553305e-01 -2.19096392e-01 -2.24662385e-01 -2.20653080e-01 -2.16504780e-01 -2.07713792e-01 -2.01168681e-01 -1.90107104e-01 -1.77074458e-01 -1.68839311e-01 -1.62380301e-01 -1.56249266e-01 -1.52662775e-01 -1.49919958e-01 -1.49487202e-01 -1.44606144e-01 -1.39000060e-01 -1.30788702e-01 -1.24301637e-01 -1.16077362e-01 -1.21711593e-01 -1.33917556e-01 -1.55995596e-01 -1.87654676e-01 -2.20444003e-01 -2.42804610e-01 -2.65907241e-01 -2.89475375e-01 -3.26866883e-01 -3.38243035e-01 -3.64013148e-01 -3.34804921e-01 -3.15896605e-01 -3.17023861e-01 -2.19359707e-01 -2.22467583e-01 -2.16733650e-01 -1.41233745e-01 -1.29317326e-01 -1.27241685e-01 -7.07942180e-02 -4.99984644e-02 -2.51964584e-02 -2.76527569e-02 -1.13218566e-02 1.76807867e-02
2.04000000e+01 2.25259014e-01 1.02648788e-01 1.31083820e-01 1.37676908e-01 1.07327462e-01 8.80691646e-02 1.05592606e-01 8.04009552e-02 1.39694334e-02 1.65870299e-02 4.64959470e-03 -5.39247184e-02 -1.03635737e-01 -9.78719320e-02 -1.76353866e-01 -2.03236829e-01 -2.03698716e-01 -2.30756400e-01 -2.18543718e-01 -2.29637927e-01 -2.16504267e-01 -2.09549779e-01 -1.96987093e-01 -1.85836515e-01 -1.79857297e-01 -1.74298151e-01 -1.68085134e-01 -1.58569382e-01 -1.51590847e-01 -1.43081794e-01 -1.34605716e-01 -1.24010052e-01 -1.08972400e-01 -9.25708934e-02 -7.81307453e-02 -6.52424006e-02 -4.84731207e-02 -3.06217812e-02 -2.05890782e-02 -1.58379940e-02 -1.51247920e-02 -2.13770963e-02 -2.90431208e-02 -4.20644594e-02 -5.55804998e-02 -7.26164202e-02 -8.77304168e-02 -1.05444862e-01 -1.23129245e-01 -1.40785590e-01 -1.56640650e-01 -1.73318880e-01 -1.87216942e-01 -2.00824128e-01 -2.12556524e-01 -2.17347195e-01 -2.23216946e-01 -2.19886192e-01 -2.15811835e-01 -2.07691562e-01 -2.01225743e-01 -1.90213442e-01 -1.77375489e-01 -1.69079610e-01 -1.62746222e-01 -1.57064773e-01 -1.53340052e-01 -1.50930093e-01 -1.50315915e-01 -1.45338664e-01 -1.39738720e-01 -1.31447353e-01 -1.24992929e-01 -1.17070631e-01 -1.22991254e-01 -1.35892040e-01 -1.58228674e-01 -1.89677640e-01 -2.21927856e-01 -2.43954221e-01 -2.67096221e-01 -2.91242319e-01 -3.29443591e-01 -3.38453195e-01 -3.64136799e-01 -3.33077622e-01 -3.13992604e-01 -3.14511502e-01 -2.16554496e-01 -2.23083193e-01 -2.16081234e-01 -1.41295123e-01 -1.28614829e-01 -1.27677225e-01 -7.17241042e-02 -4.86085947e-02 -2.43947985e-02 -2.76545469e-02 -1.06804127e-02 1.70657004e-02
2.05000000e+01 2.27632881e-01 1.03875690e-01 1.33215216e-01 1.38544291e-01 1.07035404e-01 9.00680850e-02 1.05865955e-01 7.90793601e-02 1.39464680e-02 1.62675112e-02 3.91644306e-03 -5.46882975e-02 -1.04172232e-01 -9.74346591e-02 -1.74383928e-01 -2.04857863e-01 -2.04015665e-01 -2.33194747e-01 -2.19694999e-01 -2.31705493e-01 -2.18970589e-01 -2.12134346e-01 -1.99337760e-01 -1.87829670e-01 -1.81383328e-01 -1.75231371e-01 -1.68501942e-01 -1.58825544e-01 -1.52009980e-01 -1.43362860e-01 -1.35156466e-01 -1.24288015e-01 -1.09175883e-01 -9.26621896e-02 -7.79482517e-02 -6.54665343e-02 -4.79491874e-02 -3.05908253e-02 -2.06617975e-02 -1.61009634e-02 -1.51713560e-02 -2.15959690e-02 -2.89567515e-02 -4.17099056e-02 -5.48898553e-02 -7.17065222e-02 -8.65461174e-02 -1.03898257e-01 -1.21529050e-01 -1.39046285e-01 -1.54531174e-01 -1.71228385e-01 -1.84888915e-01 -1.98276182e-01 -2.10535999e-01 -2.15587172e-01 -2.21728732e-01 -2.19119340e-01 -2.15086899e-01 -2.07683359e-01 -2.01268697e-01 -1.90309198e-01 -1.77691998e-01 -1.69338204e-01 -1.63117071e-01 -1.57900371e-01 -1.54034985e-01 -1.51921847e-01 -1.51132281e-01 -1.46033440e-01 -1.40462898e-01 -1.32098714e-01 -1.25695902e-01 -1.18141793e-01 -1.24331521e-01 -1.37926936e-01 -1.60512162e-01 -1.91667908e-01 -2.23309030e-01 -2.45077796e-01 -2.68326386e-01 -2.93044954e-01 -3.31941216e-01 -3.38516344e-01 -3.64115952e-01 -3.31398567e-01 -3.11851310e-01 -3.11964685e-01 -2.14133813e-01 -2.23573600e-01 -2.15302882e-01 -1.41640738e-01 -1.27891600e-01 -1.27788729e-01 -7.30151878e-02 -4.71086891e-02 -2.36608036e-02 -2.76301386e-02 -1.00631448e-02 1.64018329e-02
2.06000000e+01 2.29998551e-01 1.05133749e-01 1.35345861e-01 1.39271058e-01 1.06804272e-01 9.20854367e-02 1.05970491e-01 7.77327930e-02 1.41335027e-02 1.55733465e-02 3.35545683e-03 -5.54307196e-02 -1.04946931e-01 -9.68779230e-02 -1.72489166e-01 -2.06277935e-01 -2.04230362e-01 -2.35620373e-01 -2.20800533e-01 -2.33694431e-01 -2.21374885e-01 -2.14677839e-01 -2.01677819e-01 -1.89852716e-01 -1.82911307e-01 -1.76175590e-01 -1.68914179e-01 -1.59097705e-01 -1.52414290e-01 -1.43646868e-01 -1.35683952e-01 -1.24551863e-01 -1.09349556e-01 -9.27866186e-02 -7.77541422e-02 -6.56870632e-02 -4.74184160e-02 -3.05930718e-02 -2.07593851e-02 -1.63945338e-02 -1.52561290e-02 -2.18280569e-02 -2.88944756e-02 -4.13706701e-02 -5.42070573e-02 -7.08038139e-02 -8.53797589e-02 -1.02363349e-01 -1.19939275e-01 -1.37313526e-01 -1.52427556e-01 -1.69134023e-01 -1.82557935e-01 -1.95715330e-01 -2.08490180e-01 -2.13815565e-01 -2.20200872e-01 -2.18348733e-01 -2.14333752e-01 -2.07684723e-01 -2.01297272e-01 -1.90396810e-01 -1.78020510e-01 -1.69617056e-01 -1.63494218e-01 -1.58753065e-01 -1.54750191e-01 -1.52893303e-01 -1.51936048e-01 -1.46691519e-01 -1.41172945e-01 -1.32743788e-01 -1.26412380e-01 -1.19290416e-01 -1.25733747e-01 -1.40018946e-01 -1.62841798e-01 -1.93622853e-01 -2.24589292e-01 -2.46181857e-01 -2.69602041e-01 -2.94878309e-01 -3.34344445e-01 -3.38436927e-01 -3.63959453e-01 -3.29758022e-01 -3.09483234e-01 -3.09388791e-01 -2.12124818e-01 -2.23885984e-01 -2.14430585e-01 -1.42259744e-01 -1.27140981e-01 -1.27593160e-01 -7.46356367e-02 -4.55252749e-02 -2.29917850e-02 -2.75761767e-02 -9.47324730e-03 1.56920330e-02
2.07000000e+01 2.32355405e-01 1.06427357e-01 1.37463381e-01 1.39861632e-01 1.06648487e-01 9.40901487e-02 1.05930713e-01 7.63614830e-02 1.45082607e-02 1.45400183e-02 2.94536275e-03 -5.61594019e-02 -1.05916990e-01 -9.62337443e-02 -1.70677945e-01 -2.07494370e-01 -2.04340612e-01 -2.38026214e-01 -2.21865017e-01 -2.35608659e-01 -2.23715024e-01 -2.17176019e-01 -2.04008015e-01 -1.91903620e-01 -1.84440016e-01 -1.77130930e-01 -1.69323395e-01 -1.59388212e-01 -1.52801811e-01 -1.43936874e-01 -1.36183904e-01 -1.24802720e-01 -1.09493215e-01 -9.29426791e-02 -7.75543946e-02 -6.58974046e-02 -4.68870623e-02 -3.06266439e-02 -2.08815279e-02 -1.67175425e-02 -1.53798582e-02 -2.20713926e-02 -2.88568195e-02 -4.10452139e-02 -5.35332707e-02 -6.99085838e-02 -8.42304177e-02 -1.00841544e-01 -1.18360090e-01 -1.35585236e-01 -1.50333010e-01 -1.67034463e-01 -1.80223752e-01 -1.93147072e-01 -2.06417757e-01 -2.12031220e-01 -2.18637042e-01 -2.17569923e-01 -2.13556886e-01 -2.07690447e-01 -2.01311480e-01 -1.90478814e-01 -1.78357461e-01 -1.69918123e-01 -1.63879090e-01 -1.59619612e-01 -1.55488083e-01 -1.53842835e-01 -1.52726767e-01 -1.47314538e-01 -1.41869033e-01 -1.33383775e-01 -1.27144355e-01 -1.20515533e-01 -1.27199354e-01 -1.42164539e-01 -1.65212839e-01 -1.95540300e-01 -2.25771471e-01 -2.47272878e-01 -2.70926349e-01 -2.96736461e-01 -3.36638977e-01 -3.38220159e-01 -3.63676651e-01 -3.28143074e-01 -3.06903410e-01 -3.06790225e-01 -2.10546259e-01 -2.23973522e-01 -2.13498035e-01 -1.43136557e-01 -1.26356387e-01 -1.27114556e-01 -7.65448948e-02 -4.38902636e-02 -2.23826944e-02 -2.74904339e-02 -8.91344417e-03 1.49391037e-02
2.08000000e+01 2.34703075e-01 1.07760361e-01 1.39554985e-01 1.40322531e-01 1.06580027e-01 9.60519476e-02 1.05772105e-01 7.49660709e-02 1.50437310e-02 1.32105724e-02 2.65929250e-03 -5.68814332e-02 -1.07036578e-01 -9.55367885e-02 -1.68955375e-01 -2.08507232e-01 -2.04344626e-01 -2.40404438e-01 -2.22892798e-01 -2.37452245e-01 -2.25989131e-01 -2.19624770e-01 -2.06329186e-01 -1.93979919e-01 -1.85968380e-01 -1.78097398e-01 -1.69731136e-01 -1.59699252e-01 -1.53170833e-01 -1.44235615e-01 -1.36652300e-01 -1.25041635e-01 -1.09607262e-01 -9.31280072e-02 -7.73553173e-02 -6.60909315e-02 -4.63617191e-02 -3.06895501e-02 -2.10279764e-02 -1.70688625e-02 -1.55429522e-02 -2.23242579e-02 -2.88440792e-02 -4.07319579e-02 -5.28698774e-02 -6.90212440e-02 -8.30969639e-02 -9.93342507e-02 -1.16791608e-01 -1.33859469e-01 -1.48250770e-01 -1.64928293e-01 -1.77886196e-01 -1.90576716e-01 -2.04317679e-01 -2.10232656e-01 -2.17041352e-01 -2.16777942e-01 -2.12761375e-01 -2.07694688e-01 -2.01311621e-01 -1.90557724e-01 -1.78699334e-01 -1.70243308e-01 -1.64273129e-01 -1.60496600e-01 -1.56250782e-01 -1.54769131e-01 -1.53503775e-01 -1.47904711e-01 -1.42551160e-01 -1.34020059e-01 -1.27893986e-01 -1.21815708e-01 -1.28729777e-01 -1.44359968e-01 -1.67620075e-01 -1.97418547e-01 -2.26859427e-01 -2.48357195e-01 -2.72301343e-01 -2.98612611e-01 -3.38811722e-01 -3.37871844e-01 -3.63277188e-01 -3.26538059e-01 -3.04131188e-01 -3.04176341e-01 -2.09408065e-01 -2.23796607e-01 -2.12539412e-01 -1.44251277e-01 -1.25531802e-01 -1.26382910e-01 -7.86949883e-02 -4.22399948e-02 -2.18264712e-02 -2.73718127e-02 -8.38592578e-03 1.41457682e-02
2.09000000e+01 2.37041477e-01 1.09135925e-01 1.41607716e-01 1.40662261e-01 1.06608050e-01 9.79422340e-02 1.05520243e-01 7.35478617e-02 1.57088508e-02 1.16343305e-02 2.46576596e-03 -5.76034548e-02 -1.08257966e-01 -9.48234206e-02 -1.67323547e-01 -2.09319218e-01 -2.04241063e-01 -2.42746580e-01 -2.23887837e-01 -2.39229301e-01 -2.28195627e-01 -2.22020212e-01 -2.08642162e-01 -1.96078753e-01 -1.87495436e-01 -1.79074903e-01 -1.70138974e-01 -1.60032828e-01 -1.53519947e-01 -1.44545403e-01 -1.37085497e-01 -1.25269501e-01 -1.09692720e-01 -9.33394340e-02 -7.71634201e-02 -6.62611232e-02 -4.58491927e-02 -3.07797415e-02 -2.11985271e-02 -1.74474209e-02 -1.57454739e-02 -2.25851826e-02 -2.88562597e-02 -4.04293752e-02 -5.22184254e-02 -6.81423102e-02 -8.19780651e-02 -9.78428905e-02 -1.15233838e-01 -1.32134503e-01 -1.46183989e-01 -1.62814093e-01 -1.75545193e-01 -1.88009300e-01 -2.02189171e-01 -2.08418150e-01 -2.15418208e-01 -2.15967466e-01 -2.11952723e-01 -2.07691109e-01 -2.01298264e-01 -1.90635923e-01 -1.79042787e-01 -1.70594406e-01 -1.64677759e-01 -1.61380529e-01 -1.57040031e-01 -1.55671207e-01 -1.54266187e-01 -1.48464798e-01 -1.43219171e-01 -1.34654199e-01 -1.28663589e-01 -1.23189101e-01 -1.30326405e-01 -1.46601286e-01 -1.70057853e-01 -1.99256374e-01 -2.27858021e-01 -2.49440909e-01 -2.73727949e-01 -3.00499169e-01 -3.40850970e-01 -3.37398180e-01 -3.62770797e-01 -3.24925075e-01 -3.01189917e-01 -3.01555316e-01 -2.08711143e-01 -2.23323880e-01 -2.11588197e-01 -1.45580196e-01 -1.24662278e-01 -1.25432886e-01 -8.10320474e-02 -4.06141125e-02 -2.13144851e-02 -2.72203000e-02 -7.89230694e-03 1.33146417e-02
2.10000000e+01 2.39370828e-01 1.10556394e-01 1.43608714e-01 1.40891158e-01 1.06738597e-01 9.97348981e-02 1.05199949e-01 7.21090169e-02 1.64693152e-02 9.86543536e-03 2.32978897e-03 -5.83315429e-02 -1.09532689e-01 -9.41306925e-02 -1.65781856e-01 -2.09935517e-01 -2.04029081e-01 -2.45043662e-01 -2.24853684e-01 -2.40943876e-01 -2.30333268e-01 -2.24358804e-01 -2.10947651e-01 -1.98196905e-01 -1.89020304e-01 -1.80063263e-01 -1.70548529e-01 -1.60390726e-01 -1.53848102e-01 -1.44868039e-01 -1.37480339e-01 -1.25486977e-01 -1.09751233e-01 -9.35730724e-02 -7.69852731e-02 -6.64017180e-02 -4.53563703e-02 -3.08951714e-02 -2.13930064e-02 -1.78522021e-02 -1.59871564e-02 -2.28529316e-02 -2.88930293e-02 -4.01360829e-02 -5.15805723e-02 -6.72723733e-02 -8.08722027e-02 -9.63689122e-02 -1.13686637e-01 -1.30408936e-01 -1.44135635e-01 -1.60690513e-01 -1.73200779e-01 -1.85449539e-01 -2.00031738e-01 -2.06585824e-01 -2.13772171e-01 -2.15132990e-01 -2.11136688e-01 -2.07673041e-01 -2.01272221e-01 -1.90715578e-01 -1.79384775e-01 -1.70973041e-01 -1.65094362e-01 -1.62267897e-01 -1.57857115e-01 -1.56548428e-01 -1.55012888e-01 -1.48998056e-01 -1.43872775e-01 -1.35287915e-01 -1.29455616e-01 -1.24633542e-01 -1.31990526e-01 -1.48884370e-01 -1.72520113e-01 -2.01053027e-01 -2.28773077e-01 -2.50529813e-01 -2.75206029e-01 -3.02387857e-01 -3.42746514e-01 -3.36805569e-01 -3.62167115e-01 -3.23284545e-01 -2.98106525e-01 -2.98935999e-01 -2.08447396e-01 -2.22533027e-01 -2.10676047e-01 -1.47096363e-01 -1.23744405e-01 -1.24302444e-01 -8.34979923e-02 -3.90543121e-02 -2.08370562e-02 -2.70368815e-02 -7.43360570e-03 1.24482099e-02
2.11000000e+01 2.41691660e-01 1.12023190e-01 1.45545479e-01 1.41021181e-01 1.06974379e-01 1.01407049e-01 1.04834493e-01 7.06526809e-02 1.72884954e-02 7.96126823e-03 2.21403340e-03 -5.90710966e-02 -1.10812716e-01 -9.34953034e-02 -1.64327387e-01 -2.10363618e-01 -2.03708361e-01 -2.47286337e-01 -2.25793452e-01 -2.42599863e-01 -2.32401185e-01 -2.26637433e-01 -2.13246139e-01 -2.00330860e-01 -1.90542153e-01 -1.81062225e-01 -1.70961495e-01 -1.60774475e-01 -1.54154645e-01 -1.45204760e-01 -1.37834251e-01 -1.25694428e-01 -1.09785035e-01 -9.38244303e-02 -7.68273532e-02 -6.65068667e-02 -4.48900823e-02 -3.10338538e-02 -2.16112566e-02 -1.82822347e-02 -1.62674374e-02 -2.31264803e-02 -2.89536965e-02 -3.98509242e-02 -5.09580249e-02 -6.64120649e-02 -7.97777012e-02 -9.49138003e-02 -1.12149664e-01 -1.28681749e-01 -1.42108378e-01 -1.58556360e-01 -1.70853102e-01 -1.82901772e-01 -1.97845167e-01 -2.04733748e-01 -2.12107805e-01 -2.14269009e-01 -2.10319094e-01 -2.07633657e-01 -2.01234496e-01 -1.90798566e-01 -1.79722652e-01 -1.71380601e-01 -1.65524256e-01 -1.63155285e-01 -1.58702796e-01 -1.57400517e-01 -1.55742534e-01 -1.49508169e-01 -1.44511583e-01 -1.35923088e-01 -1.30272632e-01 -1.26146611e-01 -1.33723259e-01 -1.51204950e-01 -1.75000433e-01 -2.02808205e-01 -2.29611332e-01 -2.51629321e-01 -2.76734418e-01 -3.04269823e-01 -3.44489745e-01 -3.36100432e-01 -3.61475501e-01 -3.21595826e-01 -2.94911018e-01 -2.96327728e-01 -2.08599945e-01 -2.21411339e-01 -2.09831760e-01 -1.48770218e-01 -1.22776738e-01 -1.23031403e-01 -8.60323247e-02 -3.76030028e-02 -2.03840276e-02 -2.68234193e-02 -7.01024178e-03 1.15488138e-02
2.12000000e+01 2.44004824e-01 1.13536714e-01 1.47406134e-01 1.41065656e-01 1.07314665e-01 1.02939632e-01 1.04444894e-01 6.91830325e-02 1.81284410e-02 5.98078904e-03 2.08006572e-03 -5.98267391e-02 -1.12051623e-01 -9.29525704e-02 -1.62955347e-01 -2.10613087e-01 -2.03279143e-01 -2.49465020e-01 -2.26709793e-01 -2.44200898e-01 -2.34398924e-01 -2.28853483e-01 -2.15537788e-01 -2.02476880e-01 -1.92060162e-01 -1.82071487e-01 -1.71379663e-01 -1.61185299e-01 -1.54439363e-01 -1.45556196e-01 -1.38145310e-01 -1.25891870e-01 -1.09796899e-01 -9.40885484e-02 -7.66958813e-02 -6.65712863e-02 -4.44569619e-02 -3.11939184e-02 -2.18531244e-02 -1.87365670e-02 -1.65855098e-02 -2.34049836e-02 -2.90372106e-02 -3.95730292e-02 -5.03524811e-02 -6.55620184e-02 -7.86927700e-02 -9.34790773e-02 -1.10622353e-01 -1.26952373e-01 -1.40104492e-01 -1.56410701e-01 -1.68502415e-01 -1.80369918e-01 -1.95629515e-01 -2.02860026e-01 -2.10429531e-01 -2.13370207e-01 -2.09505642e-01 -2.07566156e-01 -2.01186224e-01 -1.90886439e-01 -1.80054247e-01 -1.71818174e-01 -1.65968690e-01 -1.64039441e-01 -1.59577245e-01 -1.58227563e-01 -1.56453578e-01 -1.49999155e-01 -1.45135137e-01 -1.36561750e-01 -1.31117272e-01 -1.27725714e-01 -1.35525493e-01 -1.53558648e-01 -1.77492084e-01 -2.04522026e-01 -2.30380381e-01 -2.52744416e-01 -2.78310967e-01 -3.06135774e-01 -3.46073695e-01 -3.35289041e-01 -3.60704872e-01 -3.19837854e-01 -2.91635898e-01 -2.93740134e-01 -2.09143557e-01 -2.19956004e-01 -2.09080359e-01 -1.50570250e-01 -1.21760161e-01 -1.21660002e-01 -8.85739654e-02 -3.63019313e-02 -1.99453664e-02 -2.65825034e-02 -6.62205250e-03 1.06186408e-02
2.13000000e+01 2.46311483e-01 1.15096277e-01 1.49179679e-01 1.41038978e-01 1.07755277e-01 1.04317917e-01 1.04049322e-01 6.77052627e-02 1.89509362e-02 3.98284588e-03 1.88958887e-03 -6.06022342e-02 -1.13205701e-01 -9.25354449e-02 -1.61659519e-01 -2.10695334e-01 -2.02742235e-01 -2.51570025e-01 -2.27604882e-01 -2.45750279e-01 -2.36326488e-01 -2.31004870e-01 -2.17822360e-01 -2.04631077e-01 -1.93573486e-01 -1.83090722e-01 -1.71804938e-01 -1.61624072e-01 -1.54702516e-01 -1.45922358e-01 -1.38412301e-01 -1.26078950e-01 -1.09790059e-01 -9.43601562e-02 -7.65966521e-02 -6.65904102e-02 -4.40633060e-02 -3.13736606e-02 -2.21184532e-02 -1.92142325e-02 -1.69403806e-02 -2.36877428e-02 -2.91421899e-02 -3.93018511e-02 -4.97655755e-02 -6.47228322e-02 -7.76155567e-02 -9.20662947e-02 -1.09103899e-01 -1.25220722e-01 -1.38125763e-01 -1.54252943e-01 -1.66149063e-01 -1.77857442e-01 -1.93385107e-01 -2.00962892e-01 -2.08741484e-01 -2.12431632e-01 -2.08701710e-01 -2.07463953e-01 -2.01128599e-01 -1.90980407e-01 -1.80377920e-01 -1.72286498e-01 -1.66428835e-01 -1.64917351e-01 -1.60480003e-01 -1.59030018e-01 -1.57144309e-01 -1.50475258e-01 -1.45742963e-01 -1.37206086e-01 -1.31992193e-01 -1.29368171e-01 -1.37397814e-01 -1.55941035e-01 -1.79988097e-01 -2.06194994e-01 -2.31088607e-01 -2.53879612e-01 -2.79932587e-01 -3.07976112e-01 -3.47493052e-01 -3.34377361e-01 -3.59863555e-01 -3.17989782e-01 -2.88315516e-01 -2.91182930e-01 -2.10045270e-01 -2.18174138e-01 -2.08442315e-01 -1.52463694e-01 -1.20698168e-01 -1.20227507e-01 -9.10630775e-02 -3.51908143e-02 -1.95117673e-02 -2.63172835e-02 -6.26832325e-03 9.65972182e-03
2.14000000e+01 2.48613097e-01 1.16700056e-01 1.50856223e-01 1.40956278e-01 1.08288694e-01 1.05531839e-01 1.03662632e-01 6.62254789e-02 1.97185784e-02 2.02450361e-03 1.60566243e-03 -6.14004252e-02 -1.14234992e-01 -9.22736064e-02 -1.60432720e-01 -2.10623351e-01 -2.02099019e-01 -2.53591696e-01 -2.28480394e-01 -2.47250884e-01 -2.38184376e-01 -2.33090057e-01 -2.20099152e-01 -2.06789489e-01 -1.95081227e-01 -1.84119611e-01 -1.72239354e-01 -1.62091270e-01 -1.54944864e-01 -1.46302648e-01 -1.38634746e-01 -1.26254941e-01 -1.09768108e-01 -9.46338403e-02 -7.65348646e-02 -6.65605305e-02 -4.37149420e-02 -3.15715808e-02 -2.24070768e-02 -1.97142145e-02 -1.73309318e-02 -2.39741741e-02 -2.92669712e-02 -3.90371717e-02 -4.91988326e-02 -6.38950386e-02 -7.65442077e-02 -9.06770101e-02 -1.07593266e-01 -1.23487208e-01 -1.36173413e-01 -1.52082925e-01 -1.63793471e-01 -1.75367329e-01 -1.91112527e-01 -1.99040792e-01 -2.07047390e-01 -2.11448855e-01 -2.07912176e-01 -2.07320856e-01 -2.01062790e-01 -1.91081355e-01 -1.80692591e-01 -1.72785913e-01 -1.66905799e-01 -1.65786295e-01 -1.61409945e-01 -1.59808685e-01 -1.57812916e-01 -1.50940813e-01 -1.46334623e-01 -1.37858427e-01 -1.32900023e-01 -1.31071284e-01 -1.39340427e-01 -1.58347690e-01 -1.82481337e-01 -2.07827957e-01 -2.31745099e-01 -2.55038924e-01 -2.81595299e-01 -3.09781082e-01 -3.48744140e-01 -3.33370919e-01 -3.58959165e-01 -3.16031630e-01 -2.84985387e-01 -2.88665706e-01 -2.11265200e-01 -2.16082536e-01 -2.07932943e-01 -1.54417225e-01 -1.19597048e-01 -1.18770905e-01 -9.34428166e-02 -3.43060270e-02 -1.90752325e-02 -2.60312932e-02 -5.94782988e-03 8.67393305e-03
2.15000000e+01 2.50911386e-01 1.18345081e-01 1.52427201e-01 1.40833050e-01 1.08904265e-01 1.06576184e-01 1.03296031e-01 6.47505416e-02 2.03958483e-02 1.59438234e-04 1.19386641e-03 -6.22231970e-02 -1.15104203e-01 -9.21926593e-02 -1.59267247e-01 -2.10411456e-01 -2.01351438e-01 -2.55520542e-01 -2.29337494e-01 -2.48705119e-01 -2.39973621e-01 -2.35108034e-01 -2.22366957e-01 -2.08948145e-01 -1.96582417e-01 -1.85157867e-01 -1.72685066e-01 -1.62586924e-01 -1.55167685e-01 -1.46695880e-01 -1.38812916e-01 -1.26418761e-01 -1.09734876e-01 -9.49042182e-02 -7.65149581e-02 -6.64789290e-02 -4.34171044e-02 -3.17864111e-02 -2.27188179e-02 -2.02354134e-02 -1.77559737e-02 -2.42637869e-02 -2.94096787e-02 -3.87790791e-02 -4.86536273e-02 -6.30790822e-02 -7.54769318e-02 -8.93127498e-02 -1.06089210e-01 -1.21752735e-01 -1.34248050e-01 -1.49900978e-01 -1.61436125e-01 -1.72902051e-01 -1.88812615e-01 -1.97092450e-01 -2.05350458e-01 -2.10418111e-01 -2.07141242e-01 -2.07131234e-01 -2.00989859e-01 -1.91189865e-01 -1.80997740e-01 -1.73316339e-01 -1.67400629e-01 -1.66643893e-01 -1.62365267e-01 -1.60564692e-01 -1.58457580e-01 -1.51400104e-01 -1.46909778e-01 -1.38521244e-01 -1.33843305e-01 -1.32832413e-01 -1.41353083e-01 -1.60774269e-01 -1.84964589e-01 -2.09422070e-01 -2.32359572e-01 -2.56225852e-01 -2.83294274e-01 -3.11540908e-01 -3.49824868e-01 -3.32274691e-01 -3.57998512e-01 -3.13944889e-01 -2.81681465e-01 -2.86197714e-01 -2.12757512e-01 -2.13707163e-01 -2.07561963e-01 -1.56397651e-01 -1.18465956e-01 -1.17323743e-01 -9.56609489e-02 -3.36793928e-02 -1.86296049e-02 -2.57282751e-02 -5.65889064e-03 7.66300291e-03
2.16000000e+01 2.53208299e-01 1.20027243e-01 1.53885559e-01 1.40684768e-01 1.09588520e-01 1.07450613e-01 1.02956890e-01 6.32878418e-02 2.09501354e-02 -1.56355762e-03 6.23376428e-04 -6.30714617e-02 -1.15783498e-01 -9.23134520e-02 -1.58155288e-01 -2.10075025e-01 -2.00501964e-01 -2.57347367e-01 -2.30176817e-01 -2.50114863e-01 -2.41695820e-01 -2.37058273e-01 -2.24624055e-01 -2.11103114e-01 -1.98076011e-01 -1.86205267e-01 -1.73144352e-01 -1.63110598e-01 -1.55372779e-01 -1.47100312e-01 -1.38947827e-01 -1.26569015e-01 -1.09694295e-01 -9.51661102e-02 -7.65404636e-02 -6.63439899e-02 -4.31743266e-02 -3.20171266e-02 -2.30534880e-02 -2.07766230e-02 -1.82142874e-02 -2.45561723e-02 -2.95683034e-02 -3.85279201e-02 -4.81311532e-02 -6.22753095e-02 -7.44120628e-02 -8.79749593e-02 -1.04590330e-01 -1.20018663e-01 -1.32349641e-01 -1.47707975e-01 -1.59077560e-01 -1.70463556e-01 -1.86486472e-01 -1.95116926e-01 -2.03653288e-01 -2.09336417e-01 -2.06392285e-01 -2.06890171e-01 -2.00910679e-01 -1.91306267e-01 -1.81293399e-01 -1.73877266e-01 -1.67914317e-01 -1.67488139e-01 -1.63343494e-01 -1.61299455e-01 -1.59076576e-01 -1.51857207e-01 -1.47468256e-01 -1.39197126e-01 -1.34824453e-01 -1.34649024e-01 -1.43435002e-01 -1.63216579e-01 -1.87430658e-01 -2.10978746e-01 -2.32942264e-01 -2.57443359e-01 -2.85023895e-01 -3.13245938e-01 -3.50734655e-01 -3.31093010e-01 -3.56987533e-01 -3.11713096e-01 -2.78439408e-01 -2.83787674e-01 -2.14471536e-01 -2.11082393e-01 -2.07333264e-01 -1.58372583e-01 -1.17316873e-01 -1.15915134e-01 -9.76712885e-02 -3.33371175e-02 -1.81710321e-02 -2.54120154e-02 -5.39942566e-03 6.62852178e-03
2.17000000e+01 2.55505955e-01 1.21741346e-01 1.55225908e-01 1.40526484e-01 1.10325585e-01 1.08159531e-01 1.02648702e-01 6.18450316e-02 2.13526901e-02 -3.10191645e-03 -1.32079198e-04 -6.39451671e-02 -1.16249127e-01 -9.26515341e-02 -1.57089302e-01 -2.09630240e-01 -1.99553562e-01 -2.59063405e-01 -2.30998459e-01 -2.51481448e-01 -2.43353150e-01 -2.38940671e-01 -2.26868219e-01 -2.13250541e-01 -1.99560893e-01 -1.87261678e-01 -1.73619585e-01 -1.63661373e-01 -1.55562462e-01 -1.47513688e-01 -1.39041215e-01 -1.26704058e-01 -1.09650259e-01 -9.54147020e-02 -7.66138755e-02 -6.61552906e-02 -4.29903503e-02 -3.22629389e-02 -2.34108933e-02 -2.13365191e-02 -1.87046493e-02 -2.48510059e-02 -2.97407854e-02 -3.82842344e-02 -4.76323996e-02 -6.14839708e-02 -7.33481164e-02 -8.66649453e-02 -1.03095123e-01 -1.18286757e-01 -1.30477512e-01 -1.45505348e-01 -1.56718348e-01 -1.68053245e-01 -1.84135466e-01 -1.93113659e-01 -2.01957812e-01 -2.08201655e-01 -2.05667731e-01 -2.06593595e-01 -2.00825857e-01 -1.91430674e-01 -1.81580122e-01 -1.74467760e-01 -1.68447813e-01 -1.68317414e-01 -1.64341508e-01 -1.62014631e-01 -1.59668390e-01 -1.52315831e-01 -1.48010129e-01 -1.39888759e-01 -1.35845727e-01 -1.36518717e-01 -1.45584812e-01 -1.65670631e-01 -1.89872477e-01 -2.12499617e-01 -2.33503843e-01 -2.58693849e-01 -2.86777807e-01 -3.14886769e-01 -3.51474339e-01 -3.29829492e-01 -3.55931261e-01 -3.09322352e-01 -2.75293846e-01 -2.81443582e-01 -2.16352996e-01 -2.08250010e-01 -2.07244849e-01 -1.60311067e-01 -1.16164438e-01 -1.14568970e-01 -9.94349071e-02 -3.32989027e-02 -1.76983418e-02 -2.50861961e-02 -5.16702253e-03 5.57195413e-03
2.18000000e+01 2.57806584e-01 1.23481179e-01 1.56444641e-01 1.40372428e-01 1.11097671e-01 1.08711795e-01 1.02371177e-01 6.04297211e-02 2.15794708e-02 -4.42044724e-03 -1.09340546e-03 -6.48433259e-02 -1.16483903e-01 -9.32167617e-02 -1.56062338e-01 -2.09093837e-01 -1.98509630e-01 -2.60660457e-01 -2.31801953e-01 -2.52805645e-01 -2.44948377e-01 -2.40755476e-01 -2.29096751e-01 -2.15386659e-01 -2.01035896e-01 -1.88327072e-01 -1.74113210e-01 -1.64237866e-01 -1.55739537e-01 -1.47933292e-01 -1.39095496e-01 -1.26822065e-01 -1.09606484e-01 -9.56456942e-02 -7.67365511e-02 -6.59136656e-02 -4.28680570e-02 -3.25232739e-02 -2.37908436e-02 -2.19136602e-02 -1.92258388e-02 -2.51480616e-02 -2.99250933e-02 -3.80486798e-02 -4.71581363e-02 -6.07052321e-02 -7.22838363e-02 -8.53838151e-02 -1.01602051e-01 -1.16559111e-01 -1.28630377e-01 -1.43295086e-01 -1.54359094e-01 -1.65671973e-01 -1.81761242e-01 -1.91082490e-01 -2.00265252e-01 -2.07012638e-01 -2.04968943e-01 -2.06238387e-01 -2.00735671e-01 -1.91563034e-01 -1.81858952e-01 -1.75086493e-01 -1.69002009e-01 -1.69130505e-01 -1.65355603e-01 -1.62712063e-01 -1.60231835e-01 -1.52779171e-01 -1.48535782e-01 -1.40598887e-01 -1.36909213e-01 -1.38439242e-01 -1.47800504e-01 -1.68132697e-01 -1.92283226e-01 -2.13986492e-01 -2.34055305e-01 -2.59979139e-01 -2.88548987e-01 -3.16454362e-01 -3.52046062e-01 -3.28486999e-01 -3.54833814e-01 -3.06761762e-01 -2.72277672e-01 -2.79172535e-01 -2.18345337e-01 -2.05258017e-01 -2.07288972e-01 -1.62184178e-01 -1.15025670e-01 -1.13303373e-01 -1.00921082e-01 -3.35772722e-02 -1.72133121e-02 -2.47542720e-02 -4.95900583e-03 4.49465249e-03
2.19000000e+01 2.60112460e-01 1.25239627e-01 1.57540011e-01 1.40235616e-01 1.11885637e-01 1.09120287e-01 1.02120467e-01 5.90491568e-02 2.16118570e-02 -5.49226427e-03 -2.27549099e-03 -6.57640641e-02 -1.16477511e-01 -9.40130566e-02 -1.55068299e-01 -2.08482872e-01 -1.97373933e-01 -2.62131029e-01 -2.32586260e-01 -2.54087672e-01 -2.46484832e-01 -2.42503213e-01 -2.31306544e-01 -2.17507780e-01 -2.02499831e-01 -1.89401538e-01 -1.74627703e-01 -1.64838263e-01 -1.55907260e-01 -1.48355995e-01 -1.39113706e-01 -1.26921115e-01 -1.09566373e-01 -9.58554315e-02 -7.69086428e-02 -6.56212392e-02 -4.28094231e-02 -3.27977346e-02 -2.41931667e-02 -2.25065018e-02 -1.97766287e-02 -2.54472355e-02 -3.01192950e-02 -3.78219548e-02 -4.67089066e-02 -5.99391938e-02 -7.12182286e-02 -8.41324209e-02 -1.00109616e-01 -1.14838064e-01 -1.26806387e-01 -1.41079693e-01 -1.52000440e-01 -1.63320045e-01 -1.79365743e-01 -1.89023673e-01 -1.98576098e-01 -2.05769147e-01 -2.04296155e-01 -2.05822467e-01 -2.00640023e-01 -1.91703157e-01 -1.82131376e-01 -1.75731770e-01 -1.69577735e-01 -1.69926601e-01 -1.66381555e-01 -1.63393716e-01 -1.60766162e-01 -1.53249770e-01 -1.49045987e-01 -1.41330268e-01 -1.38016825e-01 -1.40408477e-01 -1.50079411e-01 -1.70599329e-01 -1.94656450e-01 -2.15441326e-01 -2.34607872e-01 -2.61300426e-01 -2.90329809e-01 -3.17940147e-01 -3.52453143e-01 -3.27067617e-01 -3.53698413e-01 -3.04023816e-01 -2.69421369e-01 -2.76980573e-01 -2.20391093e-01 -2.02159261e-01 -2.07452453e-01 -1.63965557e-01 -1.13919569e-01 -1.12130375e-01 -1.02107954e-01 -3.41771311e-02 -1.67208238e-02 -2.44193779e-02 -4.77250875e-03 3.39787334e-03
2.20000000e+01 2.62425823e-01 1.27008807e-01 1.58512166e-01 1.40127491e-01 1.12669596e-01 1.09401361e-01 1.01889512e-01 5.77098958e-02 2.14372045e-02 -6.29946626e-03 -3.68674006e-03 -6.67046847e-02 -1.16226660e-01 -9.50383245e-02 -1.54102137e-01 -2.07814506e-01 -1.96150531e-01 -2.63468476e-01 -2.33349748e-01 -2.55327211e-01 -2.47966381e-01 -2.44184606e-01 -2.33494152e-01 -2.19610269e-01 -2.03951530e-01 -1.90485278e-01 -1.75165533e-01 -1.65460384e-01 -1.56069279e-01 -1.48778320e-01 -1.39099423e-01 -1.26999276e-01 -1.09532905e-01 -9.60410097e-02 -7.71290658e-02 -6.52814261e-02 -4.28155007e-02 -3.30860548e-02 -2.46177271e-02 -2.31134182e-02 -2.03557620e-02 -2.57485734e-02 -3.03216173e-02 -3.76047264e-02 -4.62850300e-02 -5.91859112e-02 -7.01505818e-02 -8.29113149e-02 -9.86164185e-02 -1.13126105e-01 -1.25003202e-01 -1.38862131e-01 -1.49643073e-01 -1.60997227e-01 -1.76951211e-01 -1.86937869e-01 -1.96890116e-01 -2.04471946e-01 -2.03648412e-01 -2.05344849e-01 -2.00538406e-01 -1.91850740e-01 -1.82399282e-01 -1.76401573e-01 -1.70175729e-01 -1.70705291e-01 -1.67414723e-01 -1.64061612e-01 -1.61271154e-01 -1.53729423e-01 -1.49541957e-01 -1.42085617e-01 -1.39170320e-01 -1.42424394e-01 -1.52418212e-01 -1.73067371e-01 -1.96986175e-01 -2.16866196e-01 -2.35172885e-01 -2.62658237e-01 -2.92112122e-01 -3.19336110e-01 -3.52699936e-01 -3.25572670e-01 -3.52527408e-01 -3.01104666e-01 -2.66752408e-01 -2.74872540e-01 -2.22433279e-01 -1.99009935e-01 -2.07717155e-01 -1.65631877e-01 -1.12866617e-01 -1.11055859e-01 -1.02982886e-01 -3.50955743e-02 -1.62288870e-02 -2.40842703e-02 -4.60454448e-03 2.28279472e-03
2.21000000e+01 2.64748801e-01 1.28780232e-01 1.59363128e-01 1.40057589e-01 1.13429564e-01 1.09574183e-01 1.01668493e-01 5.64174928e-02 2.10492203e-02 -6.83354454e-03 -5.32880012e-03 -6.76617437e-02 -1.15735053e-01 -9.62845332e-02 -1.53159982e-01 -2.07105806e-01 -1.94843708e-01 -2.64667133e-01 -2.34090184e-01 -2.56523445e-01 -2.49397362e-01 -2.45800526e-01 -2.35655884e-01 -2.21690504e-01 -2.05389892e-01 -1.91578588e-01 -1.75729121e-01 -1.66101765e-01 -1.56229573e-01 -1.49196508e-01 -1.39056666e-01 -1.27054692e-01 -1.09508537e-01 -9.62003558e-02 -7.73955026e-02 -6.48988973e-02 -4.28864231e-02 -3.33880458e-02 -2.50644469e-02 -2.37327321e-02 -2.09619188e-02 -2.60522989e-02 -3.05304905e-02 -3.73975692e-02 -4.58866132e-02 -5.84454131e-02 -6.90804731e-02 -8.17207205e-02 -9.71212174e-02 -1.11425785e-01 -1.23218086e-01 -1.36645729e-01 -1.47287742e-01 -1.58702775e-01 -1.74520196e-01 -1.84826128e-01 -1.95206376e-01 -2.03122773e-01 -2.03023551e-01 -2.04805672e-01 -2.00429897e-01 -1.92005377e-01 -1.82664910e-01 -1.77093599e-01 -1.70796617e-01 -1.71466551e-01 -1.68450157e-01 -1.64717756e-01 -1.61747192e-01 -1.54219107e-01 -1.50025394e-01 -1.42867556e-01 -1.40371311e-01 -1.44485012e-01 -1.54812969e-01 -1.75533950e-01 -1.99267007e-01 -2.18263301e-01 -2.35761691e-01 -2.64052399e-01 -2.93887341e-01 -3.20634867e-01 -3.52791676e-01 -3.24002780e-01 -3.51322321e-01 -2.98004331e-01 -2.64294711e-01 -2.72851969e-01 -2.24416761e-01 -1.95867989e-01 -2.08060601e-01 -1.67163244e-01 -1.11888203e-01 -1.10079737e-01 -1.03542503e-01 -3.63219478e-02 -1.57485368e-02 -2.37513069e-02 -4.45207495e-03 1.15053539e-03
2.22000000e+01 2.67083329e-01 1.30544991e-01 1.60096730e-01 1.40033259e-01 1.14146104e-01 1.09659986e-01 1.01445359e-01 5.51762149e-02 2.04481421e-02 -7.09550562e-03 -7.19649479e-03 -6.86311340e-02 -1.15013194e-01 -9.77379494e-02 -1.52239192e-01 -2.06373559e-01 -1.93457908e-01 -2.65722447e-01 -2.34804728e-01 -2.57675096e-01 -2.50782493e-01 -2.47351937e-01 -2.37787900e-01 -2.23744822e-01 -2.06813944e-01 -1.92681828e-01 -1.76320790e-01 -1.66759755e-01 -1.56392372e-01 -1.49606587e-01 -1.38989785e-01 -1.27085656e-01 -1.09495142e-01 -9.63322796e-02 -7.77044448e-02 -6.44795126e-02 -4.30214362e-02 -3.37035454e-02 -2.55333282e-02 -2.43627455e-02 -2.15936787e-02 -2.63588355e-02 -3.07445807e-02 -3.72009177e-02 -4.55135725e-02 -5.77177118e-02 -6.80077640e-02 -8.05605244e-02 -9.56229684e-02 -1.09739627e-01 -1.21448002e-01 -1.34434081e-01 -1.44935283e-01 -1.56435466e-01 -1.72075546e-01 -1.82689857e-01 -1.93523295e-01 -2.01724315e-01 -2.02418210e-01 -2.04206196e-01 -2.00313169e-01 -1.92166558e-01 -1.82930792e-01 -1.77805307e-01 -1.71440878e-01 -1.72210722e-01 -1.69482734e-01 -1.65364070e-01 -1.62195300e-01 -1.54718973e-01 -1.50498501e-01 -1.43678556e-01 -1.41621277e-01 -1.46588344e-01 -1.57259181e-01 -1.77996450e-01 -2.01494216e-01 -2.19634958e-01 -2.36385520e-01 -2.65481996e-01 -2.95646542e-01 -3.21829714e-01 -3.52734311e-01 -3.22357948e-01 -3.50083893e-01 -2.94726791e-01 -2.62068214e-01 -2.70920980e-01 -2.26289567e-01 -1.92791506e-01 -2.08456722e-01 -1.68543511e-01 -1.11005962e-01 -1.09196361e-01 -1.03792434e-01 -3.78381612e-02 -1.52936011e-02 -2.34224642e-02 -4.31207471e-03 2.17410618e-06
2.23000000e+01 2.69431063e-01 1.32293958e-01 1.60718501e-01 1.40059436e-01 1.14800970e-01 1.09681272e-01 1.01206425e-01 5.39887969e-02 1.96407146e-02 -7.09570177e-03 -9.27796671e-03 -6.96081737e-02 -1.14078030e-01 -9.93795302e-02 -1.51338331e-01 -2.05634111e-01 -1.91997684e-01 -2.66631085e-01 -2.35489948e-01 -2.58780481e-01 -2.52126766e-01 -2.48839879e-01 -2.39886312e-01 -2.25769470e-01 -2.08222895e-01 -1.93795371e-01 -1.76942737e-01 -1.67431617e-01 -1.56562076e-01 -1.50004460e-01 -1.38903332e-01 -1.27090691e-01 -1.09493973e-01 -9.64364963e-02 -7.80512682e-02 -6.40302223e-02 -4.32189516e-02 -3.40323713e-02 -2.60244733e-02 -2.50017706e-02 -2.22494827e-02 -2.66688207e-02 -3.09628052e-02 -3.70150344e-02 -4.51656666e-02 -5.70028028e-02 -6.69325866e-02 -7.94302888e-02 -9.41208549e-02 -1.08070045e-01 -1.19689724e-01 -1.32230926e-01 -1.42586640e-01 -1.54193647e-01 -1.69620386e-01 -1.80530779e-01 -1.91838712e-01 -2.00280155e-01 -2.01827862e-01 -2.03548771e-01 -2.00186524e-01 -1.92333668e-01 -1.83199685e-01 -1.78533959e-01 -1.72108820e-01 -1.72938473e-01 -1.70507292e-01 -1.66002326e-01 -1.62617150e-01 -1.55228384e-01 -1.50963992e-01 -1.44520880e-01 -1.42921574e-01 -1.48732345e-01 -1.59751860e-01 -1.80452485e-01 -2.03663802e-01 -2.20983631e-01 -2.37055350e-01 -2.66945344e-01 -2.97380574e-01 -3.22914671e-01 -3.52534335e-01 -3.20637685e-01 -3.48812144e-01 -2.91279999e-01 -2.60088532e-01 -2.69080207e-01 -2.28004102e-01 -1.89837085e-01 -2.08876697e-01 -1.69760497e-01 -1.10241083e-01 -1.08395147e-01 -1.03746769e-01 -3.96192370e-02 -1.48803459e-02 -2.30993919e-02 -4.18158834e-03 -1.16123196e-03
2.24000000e+01 2.71793303e-01 1.34017995e-01 1.61235505e-01 1.40138476e-01 1.15377707e-01 1.09660980e-01 1.00937006e-01 5.28562517e-02 1.86399622e-02 -6.85337378e-03 -1.15550279e-02 -7.05876987e-02 -1.12952418e-01 -1.01185460e-01 -1.50457078e-01 -2.04903214e-01 -1.90467663e-01 -2.67391013e-01 -2.36141838e-01 -2.59837574e-01 -2.53435306e-01 -2.50265460e-01 -2.41947268e-01 -2.27760556e-01 -2.09616191e-01 -1.94919543e-01 -1.77596989e-01 -1.68114631e-01 -1.56743164e-01 -1.50385993e-01 -1.38801925e-01 -1.27068603e-01 -1.09505650e-01 -9.65136164e-02 -7.84303409e-02 -6.35589405e-02 -4.34766182e-02 -3.43742885e-02 -2.65380985e-02 -2.56481582e-02 -2.29275981e-02 -2.69831081e-02 -3.11843354e-02 -3.68399919e-02 -4.48425370e-02 -5.63006522e-02 -6.58553247e-02 -7.83292823e-02 -9.26143061e-02 -1.06419278e-01 -1.17939952e-01 -1.30040017e-01 -1.40242901e-01 -1.51975292e-01 -1.67158081e-01 -1.78350894e-01 -1.90149965e-01 -1.98794702e-01 -2.01246894e-01 -2.02836775e-01 -2.00047944e-01 -1.92505978e-01 -1.83474487e-01 -1.79276668e-01 -1.72800557e-01 -1.73650756e-01 -1.71518768e-01 -1.66634087e-01 -1.63015033e-01 -1.55746004e-01 -1.51425056e-01 -1.45396544e-01 -1.44273429e-01 -1.50914873e-01 -1.62285610e-01 -1.82899860e-01 -2.05772533e-01 -2.22311952e-01 -2.37781765e-01 -2.68439986e-01 -2.99080187e-01 -3.23884494e-01 -3.52198612e-01 -3.18841154e-01 -3.47506438e-01 -2.87675785e-01 -2.58366728e-01 -2.67328742e-01 -2.29518239e-01 -1.87058283e-01 -2.09289874e-01 -1.70806111e-01 -1.09613591e-01 -1.07661374e-01 -1.03427238e-01 -4.16340793e-02 -1.45270107e-02 -2.27835007e-02 -4.05778028e-03 -2.33863084e-03
2.25000000e+01 2.74170915e-01 1.35708181e-01 1.61656131e-01 1.40270071e-01 1.15862208e-01 1.09621658e-01 1.00622060e-01 5.17777419e-02 1.74647661e-02 -6.39592040e-03 -1.40037073e-02 -7.15641601e-02 -1.11664442e-01 -1.03127820e-01 -1.49596082e-01 -2.04195877e-01 -1.88872543e-01 -2.68001551e-01 -2.36755865e-01 -2.60844082e-01 -2.54713213e-01 -2.51629888e-01 -2.43967030e-01 -2.29714029e-01 -2.10993568e-01 -1.96054557e-01 -1.78285375e-01 -1.68806191e-01 -1.56940104e-01 -1.50747112e-01 -1.38690112e-01 -1.27018540e-01 -1.09530182e-01 -9.65651054e-02 -7.88351573e-02 -6.30743947e-02 -4.37914054e-02 -3.47289933e-02 -2.70745397e-02 -2.63003246e-02 -2.36260908e-02 -2.73027573e-02 -3.14085855e-02 -3.66756699e-02 -4.45437563e-02 -5.56111720e-02 -6.47765918e-02 -7.72565252e-02 -9.11030087e-02 -1.04789320e-01 -1.16195431e-01 -1.27864988e-01 -1.37905319e-01 -1.49778068e-01 -1.64692184e-01 -1.76152418e-01 -1.88454000e-01 -1.97273086e-01 -2.00668709e-01 -2.02074516e-01 -1.99895152e-01 -1.92682645e-01 -1.83758149e-01 -1.80030447e-01 -1.73515997e-01 -1.74348751e-01 -1.72512327e-01 -1.67260660e-01 -1.63391806e-01 -1.56269938e-01 -1.51885317e-01 -1.46307273e-01 -1.45677932e-01 -1.53133658e-01 -1.64854717e-01 -1.85336543e-01 -2.07817971e-01 -2.23622749e-01 -2.38574800e-01 -2.69962690e-01 -3.00736164e-01 -3.24734682e-01 -3.51734209e-01 -3.16967336e-01 -3.46165569e-01 -2.83929670e-01 -2.56909194e-01 -2.65664104e-01 -2.30796253e-01 -1.84504172e-01 -2.09664728e-01 -1.71676376e-01 -1.09141637e-01 -1.06977137e-01 -1.02862173e-01 -4.38464333e-02 -1.42532498e-02 -2.24760793e-02 -3.93797692e-03 -3.52896161e-03
2.26000000e+01 2.76564257e-01 1.37356025e-01 1.61989858e-01 1.40451227e-01 1.16243190e-01 1.09584661e-01 1.00246826e-01 5.07505217e-02 1.61392590e-02 -5.75791950e-03 -1.65949779e-02 -7.25317264e-02 -1.10246588e-01 -1.05175365e-01 -1.48756762e-01 -2.03526232e-01 -1.87217098e-01 -2.68463385e-01 -2.37327028e-01 -2.61797517e-01 -2.55965393e-01 -2.52934505e-01 -2.45942017e-01 -2.31625681e-01 -2.12355082e-01 -1.97200443e-01 -1.79009499e-01 -1.69503885e-01 -1.57157255e-01 -1.51083920e-01 -1.38572237e-01 -1.26940038e-01 -1.09567008e-01 -9.65932127e-02 -7.92584972e-02 -6.25859570e-02 -4.41596925e-02 -3.50961190e-02 -2.76342447e-02 -2.69567755e-02 -2.43428073e-02 -2.76290116e-02 -3.16351905e-02 -3.65217625e-02 -4.42688757e-02 -5.49341896e-02 -6.36972093e-02 -7.62108418e-02 -8.95869160e-02 -1.03181864e-01 -1.14453064e-01 -1.25709228e-01 -1.35575345e-01 -1.47599408e-01 -1.62226376e-01 -1.73937742e-01 -1.86747473e-01 -1.95721041e-01 -2.00085873e-01 -2.01267123e-01 -1.99725677e-01 -1.92862719e-01 -1.84053570e-01 -1.80792259e-01 -1.74254825e-01 -1.75033810e-01 -1.73483477e-01 -1.67883059e-01 -1.63750808e-01 -1.56797903e-01 -1.52348756e-01 -1.47254469e-01 -1.47136023e-01 -1.55386286e-01 -1.67453242e-01 -1.87760626e-01 -2.09798491e-01 -2.24919070e-01 -2.39443786e-01 -2.71509479e-01 -3.02339464e-01 -3.25461465e-01 -3.51148244e-01 -3.15015193e-01 -3.44787855e-01 -2.80060593e-01 -2.55717630e-01 -2.64082240e-01 -2.31809571e-01 -1.82218025e-01 -2.09969845e-01 -1.72371344e-01 -1.08840818e-01 -1.06322396e-01 -1.02085274e-01 -4.62160025e-02 -1.40794996e-02 -2.21784320e-02 -3.81970114e-03 -4.73114255e-03
2.27000000e+01 2.78973120e-01 1.38953681e-01 1.62246973e-01 1.40676337e-01 1.16512584e-01 1.09569403e-01 9.97974273e-02 4.97699526e-02 1.46920598e-02 -4.97993516e-03 -1.92956392e-02 -7.34843910e-02 -1.08734794e-01 -1.07294397e-01 -1.47941083e-01 -2.02907397e-01 -1.85506214e-01 -2.68778545e-01 -2.37849943e-01 -2.62695284e-01 -2.57196379e-01 -2.54180852e-01 -2.47868837e-01 -2.33491177e-01 -2.13701124e-01 -1.98356992e-01 -1.79770703e-01 -1.70205572e-01 -1.57398761e-01 -1.51392804e-01 -1.38452315e-01 -1.26833050e-01 -1.09615050e-01 -9.66008722e-02 -7.96926053e-02 -6.21034603e-02 -4.45773557e-02 -3.54752642e-02 -2.82177500e-02 -2.76161295e-02 -2.50753692e-02 -2.79632626e-02 -3.18639777e-02 -3.63777961e-02 -4.40174688e-02 -5.42694145e-02 -6.26181872e-02 -7.51909114e-02 -8.80662589e-02 -1.01598241e-01 -1.12710030e-01 -1.23575751e-01 -1.33254646e-01 -1.45436588e-01 -1.59764391e-01 -1.71709373e-01 -1.85026875e-01 -1.94144748e-01 -1.99490289e-01 -2.00420398e-01 -1.99536927e-01 -1.93045148e-01 -1.84363497e-01 -1.81559081e-01 -1.75016505e-01 -1.75707400e-01 -1.74428153e-01 -1.68501989e-01 -1.64095759e-01 -1.57327417e-01 -1.52819630e-01 -1.48239201e-01 -1.48648465e-01 -1.57670189e-01 -1.70075106e-01 -1.90170286e-01 -2.11713288e-01 -2.26204189e-01 -2.40397197e-01 -2.73075669e-01 -3.03881363e-01 -3.26061777e-01 -3.50447743e-01 -3.12983816e-01 -3.43371268e-01 -2.76090549e-01 -2.54789127e-01 -2.62577567e-01 -2.32537331e-01 -1.80236198e-01 -2.10174886e-01 -1.72894917e-01 -1.08723553e-01 -1.05676100e-01 -1.01134243e-01 -4.86996840e-02 -1.40262942e-02 -2.18920325e-02 -3.70070016e-03 -5.94406108e-03
2.28000000e+01 2.81396666e-01 1.40494151e-01 1.62438276e-01 1.40937324e-01 1.16665824e-01 1.09592694e-01 9.92614209e-02 4.88295959e-02 1.31553699e-02 -4.10715179e-03 -2.20693261e-02 -7.44160806e-02 -1.07167420e-01 -1.09449694e-01 -1.47151318e-01 -2.02351343e-01 -1.83744927e-01 -2.68950345e-01 -2.38318939e-01 -2.63534757e-01 -2.58410159e-01 -2.55370723e-01 -2.49744281e-01 -2.35306121e-01 -2.15032412e-01 -1.99523716e-01 -1.80570046e-01 -1.70909436e-01 -1.57668452e-01 -1.51670565e-01 -1.38333919e-01 -1.26697983e-01 -1.09672788e-01 -9.65915771e-02 -8.01293878e-02 -6.16370064e-02 -4.50398499e-02 -3.58660419e-02 -2.88256414e-02 -2.82771410e-02 -2.58211839e-02 -2.83070046e-02 -3.20949356e-02 -3.62431529e-02 -4.37891652e-02 -5.36164100e-02 -6.15407086e-02 -7.41953105e-02 -8.65415585e-02 -1.00039375e-01 -1.10963895e-01 -1.21467090e-01 -1.30945118e-01 -1.43286807e-01 -1.57309944e-01 -1.69469885e-01 -1.83288655e-01 -1.92550664e-01 -1.98873409e-01 -1.99540665e-01 -1.99326260e-01 -1.93228793e-01 -1.84690425e-01 -1.82327960e-01 -1.75800263e-01 -1.76371051e-01 -1.75342785e-01 -1.69117838e-01 -1.64430648e-01 -1.57856002e-01 -1.53302363e-01 -1.49262195e-01 -1.50215835e-01 -1.59982640e-01 -1.72714185e-01 -1.92563749e-01 -2.13562393e-01 -2.27481601e-01 -2.41442505e-01 -2.74655935e-01 -3.05353590e-01 -3.26533234e-01 -3.49639519e-01 -3.10872550e-01 -3.41913573e-01 -2.72044157e-01 -2.54116340e-01 -2.61143044e-01 -2.32966725e-01 -1.78587211e-01 -2.10251515e-01 -1.73254581e-01 -1.08798550e-01 -1.05017325e-01 -1.00049315e-01 -5.12528808e-02 -1.41135537e-02 -2.16186825e-02 -3.57896773e-03 -7.16656572e-03
2.29000000e+01 2.83833390e-01 1.41971467e-01 1.62574761e-01 1.41223869e-01 1.16702019e-01 1.09668180e-01 9.86282718e-02 4.79213828e-02 1.15639604e-02 -3.18788174e-03 -2.48776105e-02 -7.53207616e-02 -1.05584163e-01 -1.11605470e-01 -1.46389803e-01 -2.01868777e-01 -1.81938480e-01 -2.68983292e-01 -2.38728174e-01 -2.64313353e-01 -2.59610026e-01 -2.56506225e-01 -2.51565299e-01 -2.37066156e-01 -2.16349955e-01 -2.00699836e-01 -1.81408263e-01 -1.71614028e-01 -1.57969732e-01 -1.51914528e-01 -1.38220086e-01 -1.26535711e-01 -1.09738334e-01 -9.65692354e-02 -8.05606222e-02 -6.11967675e-02 -4.55422832e-02 -3.62681443e-02 -2.94584989e-02 -2.89387219e-02 -2.65774715e-02 -2.86617783e-02 -3.23281850e-02 -3.61170993e-02 -4.35836684e-02 -5.29745762e-02 -6.04661207e-02 -7.32225396e-02 -8.50136411e-02 -9.85057329e-02 -1.09212702e-01 -1.19385203e-01 -1.28648883e-01 -1.41147275e-01 -1.54866656e-01 -1.67221863e-01 -1.81529344e-01 -1.90945324e-01 -1.98226459e-01 -1.98634598e-01 -1.99091049e-01 -1.93412442e-01 -1.85036509e-01 -1.83096071e-01 -1.76605091e-01 -1.77026322e-01 -1.76224338e-01 -1.69730690e-01 -1.64759618e-01 -1.58381377e-01 -1.53801438e-01 -1.50323855e-01 -1.51838496e-01 -1.62320760e-01 -1.75364388e-01 -1.94939241e-01 -2.15346679e-01 -2.28754997e-01 -2.42586034e-01 -2.76244389e-01 -3.06748448e-01 -3.26874106e-01 -3.48730069e-01 -3.08681095e-01 -3.40412488e-01 -2.67948180e-01 -2.53687736e-01 -2.59770304e-01 -2.33093133e-01 -1.77291054e-01 -2.10174249e-01 -1.73461049e-01 -1.09070360e-01 -1.04326385e-01 -9.88717684e-02 -5.38308429e-02 -1.43598711e-02 -2.13606686e-02 -3.45276155e-03 -8.39745986e-03
2.30000000e+01 2.86281075e-01 1.43380858e-01 1.62667289e-01 1.41523708e-01 1.16624005e-01 1.09805902e-01 9.78897392e-02 4.70358572e-02 9.95408196e-03 -2.27199575e-03 -2.76811591e-02 -7.61925398e-02 -1.04024952e-01 -1.13726345e-01 -1.45658710e-01 -2.01469025e-01 -1.80092365e-01 -2.68882972e-01 -2.39071759e-01 -2.65028596e-01 -2.60798454e-01 -2.57589813e-01 -2.53328958e-01 -2.38767075e-01 -2.17655002e-01 -2.01884287e-01 -1.82285743e-01 -1.72318304e-01 -1.58305481e-01 -1.52122659e-01 -1.38113240e-01 -1.26347585e-01 -1.09809514e-01 -9.65380119e-02 -8.09781752e-02 -6.07927880e-02 -4.60794857e-02 -3.66814156e-02 -3.01168283e-02 -2.95999600e-02 -2.73413100e-02 -2.90291069e-02 -3.25639565e-02 -3.59988165e-02 -4.34007553e-02 -5.23431481e-02 -5.93959308e-02 -7.22710304e-02 -8.34836525e-02 -9.69972991e-02 -1.07455060e-01 -1.17331409e-01 -1.26368266e-01 -1.39015299e-01 -1.52437993e-01 -1.64967857e-01 -1.79745684e-01 -1.89335130e-01 -1.97540698e-01 -1.97709045e-01 -1.98828757e-01 -1.93594820e-01 -1.85403497e-01 -1.83860778e-01 -1.77429730e-01 -1.77674766e-01 -1.77070322e-01 -1.70340353e-01 -1.65086849e-01 -1.58901633e-01 -1.54321270e-01 -1.51424288e-01 -1.53516586e-01 -1.64681517e-01 -1.78019741e-01 -1.97294951e-01 -2.17067885e-01 -2.30028218e-01 -2.43832842e-01 -2.77834683e-01 -3.08058914e-01 -3.27083293e-01 -3.47725492e-01 -3.06409582e-01 -3.38865856e-01 -2.63830985e-01 -2.53487919e-01 -2.58449821e-01 -2.32920037e-01 -1.76358733e-01 -2.09921229e-01 -1.73527847e-01 -1.09539056e-01 -1.03585877e-01 -9.76424463e-02 -5.63899926e-02 -1.47818249e-02 -2.11209065e-02 -3.32061706e-03 -9.63549795e-03
2.31000000e+01 2.88736783e-01 1.44718884e-01 1.62726259e-01 1.41822996e-01 1.16438271e-01 1.10011989e-01 9.70401614e-02 4.61624844e-02 8.36233147e-03 -1.40932685e-03 -3.04409068e-02 -7.70257523e-02 -1.02528859e-01 -1.15778288e-01 -1.44959831e-01 -2.01159937e-01 -1.78212379e-01 -2.68655909e-01 -2.39343887e-01 -2.65678154e-01 -2.61977016e-01 -2.58624299e-01 -2.55032398e-01 -2.40404954e-01 -2.18948968e-01 -2.03075758e-01 -1.83202492e-01 -1.73021642e-01 -1.58677954e-01 -1.52293656e-01 -1.38015143e-01 -1.26135439e-01 -1.09883949e-01 -9.65021632e-02 -8.13742215e-02 -6.04347871e-02 -4.66460778e-02 -3.71059230e-02 -3.08009844e-02 -3.02601327e-02 -2.81096994e-02 -2.94104269e-02 -3.28025756e-02 -3.58874333e-02 -4.32402555e-02 -5.17212124e-02 -5.83318079e-02 -7.13391364e-02 -8.19530657e-02 -9.55135570e-02 -1.05690196e-01 -1.15306360e-01 -1.24105755e-01 -1.36888370e-01 -1.50027204e-01 -1.62710327e-01 -1.77934745e-01 -1.87726139e-01 -1.96807663e-01 -1.96770838e-01 -1.98537006e-01 -1.93774593e-01 -1.85792687e-01 -1.84619668e-01 -1.78272668e-01 -1.78317910e-01 -1.77878792e-01 -1.70946399e-01 -1.65416447e-01 -1.59415389e-01 -1.54866090e-01 -1.52563353e-01 -1.55250001e-01 -1.67061727e-01 -1.80674450e-01 -1.99628987e-01 -2.18728620e-01 -2.31305207e-01 -2.45186606e-01 -2.79420112e-01 -3.09278723e-01 -3.27160310e-01 -3.46631424e-01 -3.04058618e-01 -3.37271823e-01 -2.59721986e-01 -2.53498012e-01 -2.57171127e-01 -2.32458731e-01 -1.75792058e-01 -2.09474864e-01 -1.73470832e-01 -1.10200044e-01 -1.02781620e-01 -9.64003485e-02 -5.88891875e-02 -1.53933412e-02 -2.09030641e-02 -3.18135868e-03 -1.08793845e-02
2.32000000e+01 2.91196833e-01 1.45983543e-01 1.62761296e-01 1.42106729e-01 1.16154768e-01 1.10288496e-01 9.60766318e-02 4.52900146e-02 6.82451154e-03 -6.48097182e-04 -3.31192048e-02 -7.78150525e-02 -1.01133065e-01 -1.17729516e-01 -1.44294392e-01 -2.00947804e-01 -1.76304662e-01 -2.68309424e-01 -2.39538967e-01 -2.66259874e-01 -2.63146345e-01 -2.59612836e-01 -2.56672778e-01 -2.41976277e-01 -2.20233348e-01 -2.04272749e-01 -1.84158111e-01 -1.73723851e-01 -1.59088695e-01 -1.52427030e-01 -1.37926864e-01 -1.25901571e-01 -1.09959137e-01 -9.64658748e-02 -8.17414572e-02 -6.01319679e-02 -4.72365436e-02 -3.75420172e-02 -3.15110926e-02 -3.09187108e-02 -2.88796405e-02 -2.98070149e-02 -3.30444548e-02 -3.57820620e-02 -4.31020099e-02 -5.11077441e-02 -5.72755866e-02 -7.04251096e-02 -8.04236772e-02 -9.40534963e-02 -1.03917984e-01 -1.13310051e-01 -1.21863927e-01 -1.34764259e-01 -1.47637280e-01 -1.60451601e-01 -1.76094038e-01 -1.86123848e-01 -1.96019433e-01 -1.95826604e-01 -1.98213662e-01 -1.93950362e-01 -1.86204906e-01 -1.85370596e-01 -1.79132128e-01 -1.78957244e-01 -1.78648325e-01 -1.71548216e-01 -1.65752332e-01 -1.59921905e-01 -1.55439831e-01 -1.53740719e-01 -1.57038387e-01 -1.69458064e-01 -1.83322958e-01 -2.01939355e-01 -2.20332366e-01 -2.32589939e-01 -2.46649539e-01 -2.80993736e-01 -3.10402427e-01 -3.27105274e-01 -3.45452986e-01 -3.01629320e-01 -3.35629009e-01 -2.55651066e-01 -2.53696090e-01 -2.55923064e-01 -2.31727838e-01 -1.75583679e-01 -2.08822359e-01 -1.73307671e-01 -1.11044018e-01 -1.01903447e-01 -9.51813473e-02 -6.12908789e-02 -1.62051326e-02 -2.07116540e-02 -3.03410933e-03 -1.21277767e-02
2.33000000e+01 2.93656819e-01 1.47174337e-01 1.62780949e-01 1.42359202e-01 1.15786587e-01 1.10633382e-01 9.49990633e-02 4.44068887e-02 5.37451761e-03 -3.34149491e-05 -3.56809032e-02 -7.85554931e-02 -9.98718859e-02 -1.19551318e-01 -1.43662886e-01 -2.00837297e-01 -1.74375732e-01 -2.67851472e-01 -2.39651743e-01 -2.66771788e-01 -2.64306145e-01 -2.60558866e-01 -2.58247236e-01 -2.43478055e-01 -2.21509644e-01 -2.05473638e-01 -1.85151782e-01 -1.74425169e-01 -1.59538470e-01 -1.52523145e-01 -1.37848786e-01 -1.25648722e-01 -1.10032533e-01 -9.64331058e-02 -8.20732996e-02 -5.98928339e-02 -4.78453142e-02 -3.79903729e-02 -3.22469779e-02 -3.15753536e-02 -2.96482257e-02 -3.02199150e-02 -3.32900904e-02 -3.56818407e-02 -4.29858102e-02 -5.05016620e-02 -5.62292692e-02 -6.95270738e-02 -7.88975863e-02 -9.26156422e-02 -1.02138945e-01 -1.11341859e-01 -1.19645369e-01 -1.32641095e-01 -1.45270916e-01 -1.58193840e-01 -1.74221620e-01 -1.84533003e-01 -1.95168862e-01 -1.94882575e-01 -1.97856908e-01 -1.94120650e-01 -1.86640514e-01 -1.86111690e-01 -1.80006063e-01 -1.79594214e-01 -1.79377985e-01 -1.72145071e-01 -1.66098147e-01 -1.60421167e-01 -1.56046032e-01 -1.54955930e-01 -1.58881135e-01 -1.71867060e-01 -1.85959987e-01 -2.04223951e-01 -2.21883465e-01 -2.33886361e-01 -2.48222330e-01 -2.82548495e-01 -3.11425428e-01 -3.26918887e-01 -3.44194759e-01 -2.99123329e-01 -3.33936672e-01 -2.51647986e-01 -2.54057654e-01 -2.54694079e-01 -2.30752631e-01 -1.75717352e-01 -2.07956081e-01 -1.73057289e-01 -1.12057060e-01 -1.00945815e-01 -9.40170653e-02 -6.35621276e-02 -1.72242327e-02 -2.05520894e-02 -2.87829948e-03 -1.33792908e-02
2.34000000e+01 2.96111632e-01 1.48292306e-01 1.62792425e-01 1.42564506e-01 1.15349544e-01 1.11040634e-01 9.38101412e-02 4.35016712e-02 4.04328532e-03 3.94114910e-04 -3.80943324e-02 -7.92426088e-02 -9.87759013e-02 -1.21218789e-01 -1.43064938e-01 -2.00831418e-01 -1.72432500e-01 -2.67290498e-01 -2.39677412e-01 -2.67212108e-01 -2.65455230e-01 -2.61466042e-01 -2.59752863e-01 -2.44907915e-01 -2.22779273e-01 -2.06676759e-01 -1.86182261e-01 -1.75126256e-01 -1.60027215e-01 -1.52583237e-01 -1.37780638e-01 -1.25380034e-01 -1.10101630e-01 -9.64074475e-02 -8.23640692e-02 -5.97250159e-02 -4.84668661e-02 -3.84520034e-02 -3.30081071e-02 -3.22298938e-02 -3.04127347e-02 -3.06498718e-02 -3.35400596e-02 -3.55859814e-02 -4.28913226e-02 -4.99018973e-02 -5.51950231e-02 -6.86430025e-02 -7.73771530e-02 -9.11981078e-02 -1.00354211e-01 -1.09400636e-01 -1.17452571e-01 -1.30517452e-01 -1.42930482e-01 -1.55939013e-01 -1.72316174e-01 -1.82957423e-01 -1.94249798e-01 -1.93944397e-01 -1.97465345e-01 -1.94283879e-01 -1.87099436e-01 -1.86841369e-01 -1.80892152e-01 -1.80230218e-01 -1.80067279e-01 -1.72736180e-01 -1.66457168e-01 -1.60913923e-01 -1.56687756e-01 -1.56208478e-01 -1.60777368e-01 -1.74285117e-01 -1.88580566e-01 -2.06480578e-01 -2.23387069e-01 -2.35198323e-01 -2.49904109e-01 -2.84077319e-01 -3.12344008e-01 -3.26602415e-01 -3.42860761e-01 -2.96542815e-01 -3.32194859e-01 -2.47741804e-01 -2.54556131e-01 -2.53472541e-01 -2.29564194e-01 -1.76168452e-01 -2.06873784e-01 -1.72739299e-01 -1.13220891e-01 -9.99082305e-02 -9.29339542e-02 -6.56754447e-02 -1.84536464e-02 -2.04306971e-02 -2.71367669e-03 -1.46325135e-02
2.35000000e+01 2.98555497e-01 1.49340009e-01 1.62801363e-01 1.42707038e-01 1.14861655e-01 1.11500529e-01 9.25151698e-02 4.25634959e-02 2.85782896e-03 5.99626421e-04 -4.03321541e-02 -7.98725015e-02 -9.78711871e-02 -1.22711461e-01 -1.42499197e-01 -2.00931480e-01 -1.70482281e-01 -2.66635285e-01 -2.39611732e-01 -2.67579215e-01 -2.66591602e-01 -2.62338134e-01 -2.61186695e-01 -2.46264172e-01 -2.24043508e-01 -2.07880467e-01 -1.87247883e-01 -1.75828165e-01 -1.60554014e-01 -1.52609393e-01 -1.37721553e-01 -1.25098996e-01 -1.10164042e-01 -9.63919999e-02 -8.26091464e-02 -5.96351125e-02 -4.90958334e-02 -3.89282461e-02 -3.37935526e-02 -3.28823150e-02 -3.11707269e-02 -3.10972697e-02 -3.37950152e-02 -3.54938269e-02 -4.28180023e-02 -4.93074705e-02 -5.41751676e-02 -6.77707120e-02 -7.58649350e-02 -8.97986672e-02 -9.85654647e-02 -1.07484805e-01 -1.15287824e-01 -1.28392412e-01 -1.40617998e-01 -1.53688878e-01 -1.70377083e-01 -1.81399866e-01 -1.93257274e-01 -1.93016948e-01 -1.97038078e-01 -1.94438335e-01 -1.87581197e-01 -1.87558336e-01 -1.81787808e-01 -1.80866602e-01 -1.80716111e-01 -1.73320783e-01 -1.66832232e-01 -1.61401685e-01 -1.57367538e-01 -1.57497874e-01 -1.62725936e-01 -1.76708519e-01 -1.91180054e-01 -2.08706984e-01 -2.24849074e-01 -2.36529534e-01 -2.51692454e-01 -2.85573227e-01 -3.13155333e-01 -3.26157662e-01 -3.41454454e-01 -2.93890477e-01 -3.30404540e-01 -2.43960302e-01 -2.55163399e-01 -2.52247082e-01 -2.28198436e-01 -1.76904706e-01 -2.05578658e-01 -1.72373437e-01 -1.14513275e-01 -9.87954459e-02 -9.19526015e-02 -6.76094324e-02 -1.98921299e-02 -2.03546854e-02 -2.54031641e-03 -1.58860164e-02
2.36000000e+01 3.00982043e-01 1.50321468e-01 1.62811648e-01 1.42772006e-01 1.14342546e-01 1.12000022e-01 9.11218213e-02 4.15825078e-02 1.84039972e-03 5.55039860e-04 -4.23720591e-02 -8.04419276e-02 -9.71786831e-02 -1.24013799e-01 -1.41963273e-01 -2.01137098e-01 -1.68532770e-01 -2.65894824e-01 -2.39451104e-01 -2.67871641e-01 -2.67712544e-01 -2.63178922e-01 -2.62545726e-01 -2.47545859e-01 -2.25303419e-01 -2.09083196e-01 -1.88346583e-01 -1.76532315e-01 -1.61117104e-01 -1.52604512e-01 -1.37670156e-01 -1.24809370e-01 -1.10217581e-01 -9.63892692e-02 -8.28051032e-02 -5.96285441e-02 -4.97271343e-02 -3.94207172e-02 -3.46019828e-02 -3.35327264e-02 -3.19201205e-02 -3.15620866e-02 -3.40556755e-02 -3.54049142e-02 -4.27650050e-02 -4.87175668e-02 -5.31721492e-02 -6.69078743e-02 -7.43636036e-02 -8.84148467e-02 -9.67748544e-02 -1.05592497e-01 -1.13153116e-01 -1.26265620e-01 -1.38335114e-01 -1.51444990e-01 -1.68404466e-01 -1.79861925e-01 -1.92187649e-01 -1.92104181e-01 -1.96574806e-01 -1.94582143e-01 -1.88084968e-01 -1.88261574e-01 -1.82690196e-01 -1.81504648e-01 -1.81324729e-01 -1.73898216e-01 -1.67225685e-01 -1.61886686e-01 -1.58087369e-01 -1.58823714e-01 -1.64725397e-01 -1.79133451e-01 -1.93754157e-01 -2.10900921e-01 -2.26276014e-01 -2.37883512e-01 -2.53583412e-01 -2.87029417e-01 -3.13857457e-01 -3.25586919e-01 -3.39978747e-01 -2.91169537e-01 -3.28567725e-01 -2.40329432e-01 -2.55850320e-01 -2.51006957e-01 -2.26694974e-01 -1.77887127e-01 -2.04079222e-01 -1.71978997e-01 -1.15908552e-01 -9.76174397e-02 -9.10872870e-02 -6.93492067e-02 -2.15341096e-02 -2.03320654e-02 -2.35863459e-03 -1.71383742e-02
2.37000000e+01 3.03384374e-01 1.51242069e-01 1.62825282e-01 1.42745929e-01 1.13812792e-01 1.12523248e-01 8.96397992e-02 4.05502859e-02 1.00779017e-03 2.39891473e-04 -4.41972967e-02 -8.09483817e-02 -9.67137019e-02 -1.25115554e-01 -1.41453703e-01 -2.01446224e-01 -1.66592003e-01 -2.65078204e-01 -2.39192654e-01 -2.68088050e-01 -2.68814719e-01 -2.63992077e-01 -2.63826939e-01 -2.48752738e-01 -2.26559834e-01 -2.10283496e-01 -1.89475924e-01 -1.77240442e-01 -1.61713909e-01 -1.52572223e-01 -1.37624658e-01 -1.24515110e-01 -1.10260338e-01 -9.64010877e-02 -8.29498037e-02 -5.97094241e-02 -5.03561072e-02 -3.99312381e-02 -3.54316787e-02 -3.41813389e-02 -3.26592501e-02 -3.20438621e-02 -3.43228078e-02 -3.53190407e-02 -4.27311058e-02 -4.81316006e-02 -5.21885034e-02 -6.60520532e-02 -7.28758463e-02 -8.70440283e-02 -9.49848924e-02 -1.03721668e-01 -1.11050051e-01 -1.24137317e-01 -1.36083090e-01 -1.49208706e-01 -1.66399211e-01 -1.78343965e-01 -1.91038719e-01 -1.91208984e-01 -1.96075902e-01 -1.94713247e-01 -1.88609606e-01 -1.88950342e-01 -1.83596264e-01 -1.82145550e-01 -1.81893692e-01 -1.74467984e-01 -1.67639346e-01 -1.62371805e-01 -1.58848696e-01 -1.60185739e-01 -1.66773990e-01 -1.81556033e-01 -1.96298938e-01 -2.13060221e-01 -2.27674938e-01 -2.39263563e-01 -2.55571559e-01 -2.88439334e-01 -3.14449313e-01 -3.24892910e-01 -3.38436027e-01 -2.88383727e-01 -3.26687555e-01 -2.36872795e-01 -2.56587273e-01 -2.49742397e-01 -2.25095928e-01 -1.79071137e-01 -2.02389057e-01 -1.71574302e-01 -1.17378306e-01 -9.63891723e-02 -9.03457965e-02 -7.08865918e-02 -2.33697439e-02 -2.03715254e-02 -2.16940170e-03 -1.83881852e-02
2.38000000e+01 3.05755161e-01 1.52108412e-01 1.62842312e-01 1.42617097e-01 1.13293231e-01 1.13052119e-01 8.80804324e-02 3.94602283e-02 3.70808104e-04 -3.58076880e-04 -4.57970282e-02 -8.13901727e-02 -9.64855936e-02 -1.26011979e-01 -1.40965962e-01 -2.01855194e-01 -1.64668288e-01 -2.64194517e-01 -2.38834291e-01 -2.68227231e-01 -2.69894273e-01 -2.64781050e-01 -2.65027363e-01 -2.49885276e-01 -2.27813312e-01 -2.11480053e-01 -1.90633137e-01 -1.77954551e-01 -1.62341113e-01 -1.52516794e-01 -1.37582976e-01 -1.24220265e-01 -1.10290754e-01 -9.64285581e-02 -8.30424751e-02 -5.98804484e-02 -5.09786504e-02 -4.04617368e-02 -3.62805780e-02 -3.48284473e-02 -3.33868956e-02 -3.25416872e-02 -3.45972070e-02 -3.52363274e-02 -4.27146347e-02 -4.75492612e-02 -5.12268051e-02 -6.52007611e-02 -7.14042628e-02 -8.56835577e-02 -9.31983485e-02 -1.01870221e-01 -1.08979788e-01 -1.22008344e-01 -1.33862786e-01 -1.46981211e-01 -1.64362965e-01 -1.76845100e-01 -1.89809779e-01 -1.90333087e-01 -1.95542466e-01 -1.94829407e-01 -1.89153688e-01 -1.89624164e-01 -1.84502799e-01 -1.82790368e-01 -1.82423840e-01 -1.75029812e-01 -1.68074502e-01 -1.62860467e-01 -1.59652466e-01 -1.61583880e-01 -1.68869606e-01 -1.83972370e-01 -1.98810831e-01 -2.15182868e-01 -2.29053267e-01 -2.40672754e-01 -2.57650073e-01 -2.89796744e-01 -3.14930702e-01 -3.24078715e-01 -3.36828196e-01 -2.85537273e-01 -3.24768371e-01 -2.33611161e-01 -2.57344690e-01 -2.48444965e-01 -2.23444647e-01 -1.80407843e-01 -2.00526394e-01 -1.71176197e-01 -1.18892131e-01 -9.51301262e-02 -8.97294944e-02 -7.22200837e-02 -2.53851267e-02 -2.04822641e-02 -1.97375754e-03 -1.96340922e-02
2.39000000e+01 3.08086749e-01 1.52928128e-01 1.62860822e-01 1.42375989e-01 1.12804259e-01 1.13566987e-01 8.64562191e-02 3.83078853e-02 -6.60614416e-05 -1.24258376e-03 -4.71665002e-02 -8.17664859e-02 -9.64975715e-02 -1.26703866e-01 -1.40494520e-01 -2.02358814e-01 -1.62770105e-01 -2.63252788e-01 -2.38374746e-01 -2.68288092e-01 -2.70946927e-01 -2.65548955e-01 -2.66144144e-01 -2.50944617e-01 -2.29064123e-01 -2.12671686e-01 -1.91815165e-01 -1.78676853e-01 -1.62994748e-01 -1.52443017e-01 -1.37542838e-01 -1.23928886e-01 -1.10307676e-01 -9.64720229e-02 -8.30837461e-02 -6.01428064e-02 -5.15913587e-02 -4.10141333e-02 -3.71463405e-02 -3.54744197e-02 -3.41022794e-02 -3.30542155e-02 -3.48796699e-02 -3.51572716e-02 -4.27134377e-02 -4.69705315e-02 -5.02896116e-02 -6.43515335e-02 -6.99512633e-02 -8.43308511e-02 -9.14181444e-02 -1.00036105e-01 -1.06943021e-01 -1.19880125e-01 -1.31674654e-01 -1.44763547e-01 -1.62298111e-01 -1.75363209e-01 -1.88501637e-01 -1.89477001e-01 -1.94976350e-01 -1.94928223e-01 -1.89715521e-01 -1.90282813e-01 -1.85406498e-01 -1.83439965e-01 -1.82916283e-01 -1.75583694e-01 -1.68531905e-01 -1.63356524e-01 -1.60499178e-01 -1.63018281e-01 -1.71009734e-01 -1.86378607e-01 -2.01286656e-01 -2.17267069e-01 -2.30418649e-01 -2.42113899e-01 -2.59810828e-01 -2.91095784e-01 -3.15302270e-01 -3.23147700e-01 -3.35156715e-01 -2.82634877e-01 -3.22815749e-01 -2.30562048e-01 -2.58093569e-01 -2.47107881e-01 -2.21784420e-01 -1.81845412e-01 -1.98513574e-01 -1.70799592e-01 -1.20418491e-01 -9.38636503e-02 -8.92336467e-02 -7.33545891e-02 -2.75626243e-02 -2.06737837e-02 -1.77322509e-03 -2.08748051e-02
2.40000000e+01 3.10371268e-01 1.53709656e-01 1.62876988e-01 1.42015634e-01 1.12365132e-01 1.14047363e-01 8.47803403e-02 3.70912246e-02 -3.04792483e-04 -2.40873823e-03 -4.83070410e-02 -8.20774257e-02 -9.67467038e-02 -1.27197448e-01 -1.40032944e-01 -2.02950474e-01 -1.60905982e-01 -2.62261934e-01 -2.37813598e-01 -2.68269668e-01 -2.71968063e-01 -2.66298460e-01 -2.67174631e-01 -2.51932529e-01 -2.30312229e-01 -2.13857335e-01 -1.93018720e-01 -1.79409694e-01 -1.63670318e-01 -1.52356091e-01 -1.37501899e-01 -1.23644931e-01 -1.10310398e-01 -9.65310608e-02 -8.30756510e-02 -6.04961172e-02 -5.21916476e-02 -4.15902170e-02 -3.80264297e-02 -3.61196923e-02 -3.48050346e-02 -3.35796992e-02 -3.51709675e-02 -3.50827813e-02 -4.27248704e-02 -4.63956780e-02 -4.93794052e-02 -6.35020125e-02 -6.85189783e-02 -8.29834906e-02 -8.96472589e-02 -9.82173835e-02 -1.04939990e-01 -1.17754612e-01 -1.29518739e-01 -1.42556647e-01 -1.60207727e-01 -1.73894984e-01 -1.87116589e-01 -1.88640014e-01 -1.94380144e-01 -1.95007186e-01 -1.90293152e-01 -1.90926293e-01 -1.86304067e-01 -1.84094929e-01 -1.83372406e-01 -1.76129913e-01 -1.69011806e-01 -1.63864133e-01 -1.61388964e-01 -1.64489322e-01 -1.73191417e-01 -1.88771014e-01 -2.03723632e-01 -2.19311321e-01 -2.31778816e-01 -2.43589543e-01 -2.62044497e-01 -2.92331020e-01 -3.15565477e-01 -3.22103429e-01 -3.33422661e-01 -2.79681705e-01 -3.20836493e-01 -2.27739369e-01 -2.58805978e-01 -2.45726308e-01 -2.20157201e-01 -1.83330529e-01 -1.96376404e-01 -1.70457062e-01 -1.21925629e-01 -9.26161322e-02 -8.88479736e-02 -7.43009536e-02 -2.98813355e-02 -2.09556519e-02 -1.56972158e-03 -2.21091231e-02
2.41000000e+01 3.12600756e-01 1.54461989e-01 1.62885195e-01 1.41531893e-01 1.11993302e-01 1.14472641e-01 8.30661635e-02 3.58108148e-02 -3.53745761e-04 -3.84323506e-03 -4.92258842e-02 -8.23240363e-02 -9.72240678e-02 -1.27504129e-01 -1.39574041e-01 -2.03622279e-01 -1.59084349e-01 -2.61230730e-01 -2.37151283e-01 -2.68171140e-01 -2.72952808e-01 -2.67031676e-01 -2.68116482e-01 -2.52851359e-01 -2.31557270e-01 -2.15036039e-01 -1.94240331e-01 -1.80155488e-01 -1.64362933e-01 -1.52261486e-01 -1.37457856e-01 -1.23372174e-01 -1.10298680e-01 -9.66045106e-02 -8.30216001e-02 -6.09383977e-02 -5.27778565e-02 -4.21915309e-02 -3.89182028e-02 -3.67647667e-02 -3.54951495e-02 -3.41160476e-02 -3.54718166e-02 -3.50141842e-02 -4.27458280e-02 -4.58252105e-02 -4.84985416e-02 -6.26500329e-02 -6.71091888e-02 -8.16393020e-02 -8.78886477e-02 -9.64122765e-02 -1.02970525e-01 -1.15634202e-01 -1.27394695e-01 -1.40361370e-01 -1.58095512e-01 -1.72436015e-01 -1.85658354e-01 -1.87820225e-01 -1.93757115e-01 -1.95063757e-01 -1.90884360e-01 -1.91554796e-01 -1.87192322e-01 -1.84755487e-01 -1.83793889e-01 -1.76669049e-01 -1.69513987e-01 -1.64387631e-01 -1.62321665e-01 -1.65997603e-01 -1.75411195e-01 -1.91146071e-01 -2.06119386e-01 -2.21314444e-01 -2.33141456e-01 -2.45101939e-01 -2.64340681e-01 -2.93497490e-01 -3.15722551e-01 -3.20949596e-01 -3.31626787e-01 -2.76683367e-01 -3.18838593e-01 -2.25153162e-01 -2.59455519e-01 -2.44297588e-01 -2.18602379e-01 -1.84809874e-01 -1.94143409e-01 -1.70158513e-01 -1.23382511e-01 -9.14160307e-02 -8.85574082e-02 -7.50752994e-02 -3.23176569e-02 -2.13372390e-02 -1.36556430e-03 -2.33359595e-02
2.42000000e+01 3.14767284e-01 1.55194393e-01 1.62878217e-01 1.40923668e-01 1.11703810e-01 1.14822826e-01 8.13267568e-02 3.44699176e-02 -2.27388459e-04 -5.52480836e-03 -4.99358273e-02 -8.25083003e-02 -9.79150601e-02 -1.27640081e-01 -1.39110050e-01 -2.04365194e-01 -1.57313370e-01 -2.60167799e-01 -2.36389082e-01 -2.67991855e-01 -2.73896100e-01 -2.67750051e-01 -2.68967765e-01 -2.53703975e-01 -2.32798532e-01 -2.16206920e-01 -1.95476392e-01 -1.80916643e-01 -1.65067458e-01 -1.52164812e-01 -1.37408550e-01 -1.23114125e-01 -1.10272740e-01 -9.66905240e-02 -8.29263132e-02 -6.14660651e-02 -5.33493204e-02 -4.28192730e-02 -3.98189996e-02 -3.74102039e-02 -3.61728992e-02 -3.46609047e-02 -3.57828545e-02 -3.49532060e-02 -4.27728114e-02 -4.52598177e-02 -4.76492119e-02 -6.17937004e-02 -6.57232789e-02 -8.02964056e-02 -8.61451858e-02 -9.46191788e-02 -1.01034119e-01 -1.13521641e-01 -1.25301811e-01 -1.38178535e-01 -1.55965709e-01 -1.70980900e-01 -1.84131968e-01 -1.87014636e-01 -1.93111113e-01 -1.95095466e-01 -1.91486650e-01 -1.92168652e-01 -1.88068308e-01 -1.85421426e-01 -1.84182717e-01 -1.77201962e-01 -1.70037814e-01 -1.64931432e-01 -1.63296911e-01 -1.67543930e-01 -1.77665059e-01 -1.93500570e-01 -2.08471967e-01 -2.23275608e-01 -2.34514090e-01 -2.46653025e-01 -2.66688034e-01 -2.94590752e-01 -3.15776424e-01 -3.19689954e-01 -3.29769584e-01 -2.73645914e-01 -3.16831126e-01 -2.22809413e-01 -2.60017769e-01 -2.42821402e-01 -2.17155653e-01 -1.86231581e-01 -1.91845040e-01 -1.69910928e-01 -1.24759763e-01 -9.02928073e-02 -8.83430245e-02 -7.56982014e-02 -3.48459347e-02 -2.18274401e-02 -1.16346894e-03 -2.45543684e-02
2.43000000e+01 3.16863080e-01 1.55916112e-01 1.62847457e-01 1.40193008e-01 1.11508754e-01 1.15079218e-01 7.95744323e-02 3.30744819e-02 5.41849116e-05 -7.42492909e-03 -5.04547380e-02 -8.26331149e-02 -9.87998511e-02 -1.27625704e-01 -1.38632874e-01 -2.05169212e-01 -1.55600768e-01 -2.59081609e-01 -2.35529108e-01 -2.67731360e-01 -2.74792760e-01 -2.68454276e-01 -2.69727071e-01 -2.54493712e-01 -2.34034930e-01 -2.17369169e-01 -1.96723208e-01 -1.81695497e-01 -1.65778660e-01 -1.52071684e-01 -1.37352077e-01 -1.22873957e-01 -1.10233227e-01 -9.67866455e-02 -8.27957188e-02 -6.20739801e-02 -5.39064043e-02 -4.34742265e-02 -4.07262234e-02 -3.80566112e-02 -3.68387728e-02 -3.52117408e-02 -3.61046171e-02 -3.49019178e-02 -4.28020250e-02 -4.47002839e-02 -4.68334192e-02 -6.09314579e-02 -6.43622166e-02 -7.89532389e-02 -8.44196308e-02 -9.28366498e-02 -9.91300285e-02 -1.11419892e-01 -1.23239051e-01 -1.36008952e-01 -1.53823008e-01 -1.69523397e-01 -1.82543641e-01 -1.86219272e-01 -1.92446435e-01 -1.95100015e-01 -1.92097251e-01 -1.92768268e-01 -1.88929405e-01 -1.86092031e-01 -1.84541205e-01 -1.77729767e-01 -1.70582291e-01 -1.65499924e-01 -1.64314189e-01 -1.69129278e-01 -1.79948426e-01 -1.95831699e-01 -2.10779848e-01 -2.25194333e-01 -2.35903962e-01 -2.48244389e-01 -2.69074426e-01 -2.95606921e-01 -3.15730656e-01 -3.18328265e-01 -3.27851341e-01 -2.70575844e-01 -3.14824118e-01 -2.20709971e-01 -2.60470676e-01 -2.41299863e-01 -2.15848010e-01 -1.87546649e-01 -1.89512817e-01 -1.69718200e-01 -1.26030570e-01 -8.92757971e-02 -8.81830978e-02 -7.61937339e-02 -3.74391810e-02 -2.24343904e-02 -9.66538643e-04 -2.57635755e-02
2.44000000e+01 3.18880657e-01 1.56636057e-01 1.62783229e-01 1.39345130e-01 1.11416850e-01 1.15225046e-01 7.78203345e-02 3.16330375e-02 4.65913250e-04 -9.50872339e-03 -5.08049207e-02 -8.27022499e-02 -9.98539689e-02 -1.27484977e-01 -1.38134340e-01 -2.06023515e-01 -1.53953646e-01 -2.57980461e-01 -2.34574284e-01 -2.67389433e-01 -2.75637548e-01 -2.69144194e-01 -2.70393605e-01 -2.55224316e-01 -2.35264972e-01 -2.18522043e-01 -1.97977029e-01 -1.82494257e-01 -1.66491355e-01 -1.51987594e-01 -1.37286881e-01 -1.22654443e-01 -1.10181164e-01 -9.68899170e-02 -8.26368198e-02 -6.27555321e-02 -5.44504942e-02 -4.41567245e-02 -4.16374047e-02 -3.87046188e-02 -3.74934076e-02 -3.57659521e-02 -3.64375215e-02 -3.48626559e-02 -4.28294991e-02 -4.41473976e-02 -4.60529716e-02 -6.00621323e-02 -6.30265591e-02 -7.76085474e-02 -8.27146051e-02 -9.10633923e-02 -9.72573744e-02 -1.09332009e-01 -1.21205108e-01 -1.33853439e-01 -1.51672436e-01 -1.68056595e-01 -1.80900591e-01 -1.85429338e-01 -1.91767671e-01 -1.95075390e-01 -1.92713122e-01 -1.93354046e-01 -1.89773422e-01 -1.86766050e-01 -1.84871998e-01 -1.78253783e-01 -1.71146134e-01 -1.66097392e-01 -1.65372906e-01 -1.70754745e-01 -1.82256132e-01 -1.98137129e-01 -2.13041932e-01 -2.27070472e-01 -2.37317934e-01 -2.49877242e-01 -2.71487105e-01 -2.96542699e-01 -3.15589337e-01 -3.16868269e-01 -3.25872206e-01 -2.67480104e-01 -3.12828349e-01 -2.18852565e-01 -2.60794908e-01 -2.39737521e-01 -2.14704862e-01 -1.88710251e-01 -1.87178470e-01 -1.69581058e-01 -1.27171509e-01 -8.83930651e-02 -8.80542513e-02 -7.65884263e-02 -4.00698281e-02 -2.31651871e-02 -7.78242094e-04 -2.69630127e-02
2.45000000e+01 3.20812932e-01 1.57362498e-01 1.62675098e-01 1.38388336e-01 1.11433103e-01 1.15246013e-01 7.60740900e-02 3.01564925e-02 9.78587316e-04 -1.17360814e-02 -5.10123632e-02 -8.27202887e-02 -1.01048994e-01 -1.27244715e-01 -1.37606484e-01 -2.06916658e-01 -1.52378313e-01 -2.56872484e-01 -2.33528321e-01 -2.66966109e-01 -2.76425220e-01 -2.69818743e-01 -2.70967278e-01 -2.55899885e-01 -2.36486748e-01 -2.19664871e-01 -1.99234085e-01 -1.83314944e-01 -1.67200542e-01 -1.51917789e-01 -1.37211847e-01 -1.22457917e-01 -1.10117888e-01 -9.69970014e-02 -8.24575306e-02 -6.35027655e-02 -5.49839439e-02 -4.48666511e-02 -4.25502465e-02 -3.93548480e-02 -3.81375342e-02 -3.63209623e-02 -3.67818527e-02 -3.48379217e-02 -4.28512252e-02 -4.36018625e-02 -4.53094858e-02 -5.91849617e-02 -6.17164831e-02 -7.62613484e-02 -8.10325936e-02 -8.92982243e-02 -9.54152451e-02 -1.07261007e-01 -1.19198464e-01 -1.31712845e-01 -1.49519243e-01 -1.66573116e-01 -1.79210838e-01 -1.84639406e-01 -1.91079535e-01 -1.95019954e-01 -1.93330965e-01 -1.93926319e-01 -1.90598662e-01 -1.87441693e-01 -1.85178065e-01 -1.78775483e-01 -1.71727850e-01 -1.66727945e-01 -1.66472434e-01 -1.72421483e-01 -1.84582472e-01 -2.00415059e-01 -2.15257549e-01 -2.28904192e-01 -2.38762391e-01 -2.51552380e-01 -2.73912887e-01 -2.97395400e-01 -3.15356972e-01 -3.15313669e-01 -3.23832235e-01 -2.64366111e-01 -3.10855133e-01 -2.17230905e-01 -2.60974148e-01 -2.38141286e-01 -2.13745346e-01 -1.89682912e-01 -1.84873079e-01 -1.69497087e-01 -1.28163283e-01 -8.76702906e-02 -8.79326453e-02 -7.69101672e-02 -4.27104959e-02 -2.40256266e-02 -6.02379294e-04 -2.81523571e-02
2.46000000e+01 3.22653330e-01 1.58102763e-01 1.62512237e-01 1.37333839e-01 1.11558601e-01 1.15130750e-01 7.43435297e-02 2.86578414e-02 1.55979749e-03 -1.40629202e-02 -5.11058826e-02 -8.26925566e-02 -1.02353343e-01 -1.26933748e-01 -1.37041831e-01 -2.07836752e-01 -1.50880124e-01 -2.55765608e-01 -2.32395706e-01 -2.66461714e-01 -2.77150584e-01 -2.70475923e-01 -2.71448756e-01 -2.56524802e-01 -2.37697918e-01 -2.20797059e-01 -2.00490614e-01 -1.84159348e-01 -1.67901508e-01 -1.51867159e-01 -1.37126376e-01 -1.22286234e-01 -1.10044969e-01 -9.71043201e-02 -8.22664908e-02 -6.43065463e-02 -5.55099817e-02 -4.56034743e-02 -4.34626485e-02 -4.00078691e-02 -3.87719377e-02 -3.68743220e-02 -3.71377520e-02 -3.48302716e-02 -4.28632951e-02 -4.30642228e-02 -4.46043943e-02 -5.82996019e-02 -6.04318328e-02 -7.49108739e-02 -7.93759453e-02 -8.75400548e-02 -9.36027893e-02 -1.05209743e-01 -1.17217456e-01 -1.29588056e-01 -1.47368781e-01 -1.65065345e-01 -1.77482980e-01 -1.83843609e-01 -1.90386693e-01 -1.94932525e-01 -1.93947245e-01 -1.94485290e-01 -1.91403951e-01 -1.88116666e-01 -1.85462674e-01 -1.79296425e-01 -1.72325826e-01 -1.67395450e-01 -1.67612157e-01 -1.74130625e-01 -1.86921265e-01 -2.02664243e-01 -2.17426448e-01 -2.30695939e-01 -2.40243150e-01 -2.53270152e-01 -2.76338352e-01 -2.98162968e-01 -3.15038364e-01 -3.13668138e-01 -3.21731453e-01 -2.61241764e-01 -3.08916048e-01 -2.15834875e-01 -2.60995334e-01 -2.36520280e-01 -2.12981817e-01 -1.90431531e-01 -1.82626245e-01 -1.69460842e-01 -1.28991331e-01 -8.71297253e-02 -8.77951586e-02 -7.71870979e-02 -4.53347459e-02 -2.50199701e-02 -4.43033972e-04 -2.93315706e-02
2.47000000e+01 3.24395887e-01 1.58862955e-01 1.62283818e-01 1.36195494e-01 1.11790435e-01 1.14871158e-01 7.26344940e-02 2.71517931e-02 2.17497994e-03 -1.64425606e-02 -5.11161947e-02 -8.26250386e-02 -1.03733125e-01 -1.26582068e-01 -1.36433681e-01 -2.08771667e-01 -1.49463344e-01 -2.54667520e-01 -2.31181690e-01 -2.65876877e-01 -2.77808536e-01 -2.71112791e-01 -2.71839497e-01 -2.57103665e-01 -2.38895733e-01 -2.21918098e-01 -2.01742895e-01 -1.85028980e-01 -1.68589925e-01 -1.51840148e-01 -1.37030447e-01 -1.22140754e-01 -1.09964139e-01 -9.72081953e-02 -8.20728626e-02 -6.51567641e-02 -5.60325802e-02 -4.63663021e-02 -4.43727143e-02 -4.06641546e-02 -3.93974322e-02 -3.74238030e-02 -3.75052049e-02 -3.48422080e-02 -4.28620310e-02 -4.25348113e-02 -4.39389473e-02 -5.74061160e-02 -5.91721835e-02 -7.35565014e-02 -7.77468731e-02 -8.57878706e-02 -9.18192864e-02 -1.03180818e-01 -1.15260352e-01 -1.27480004e-01 -1.45226374e-01 -1.63525656e-01 -1.75725956e-01 -1.83035855e-01 -1.89693607e-01 -1.94812426e-01 -1.94558217e-01 -1.95030985e-01 -1.92188634e-01 -1.88788237e-01 -1.85729354e-01 -1.79818179e-01 -1.72938435e-01 -1.68103477e-01 -1.68791506e-01 -1.75883196e-01 -1.89265965e-01 -2.04883964e-01 -2.19548792e-01 -2.32446416e-01 -2.41765379e-01 -2.55030426e-01 -2.78750042e-01 -2.98843980e-01 -3.14638476e-01 -3.11935332e-01 -3.19569902e-01 -2.58115463e-01 -3.07022660e-01 -2.14650799e-01 -2.60848841e-01 -2.34885594e-01 -2.12419550e-01 -1.90930196e-01 -1.80465320e-01 -1.69464051e-01 -1.29646290e-01 -8.67892644e-02 -8.76205184e-02 -7.74465376e-02 -4.79177956e-02 -2.61507469e-02 -3.04511985e-04 -3.05009423e-02
2.48000000e+01 3.26035330e-01 1.59647689e-01 1.61979403e-01 1.34989456e-01 1.12121746e-01 1.14462622e-01 7.09507262e-02 2.56543319e-02 2.78852903e-03 -1.88271751e-02 -5.10749328e-02 -8.25242890e-02 -1.05153038e-01 -1.26219936e-01 -1.35776365e-01 -2.09709232e-01 -1.48131033e-01 -2.53585607e-01 -2.29892282e-01 -2.65212553e-01 -2.78394105e-01 -2.71725505e-01 -2.72141742e-01 -2.57641213e-01 -2.40077072e-01 -2.23027555e-01 -2.02987291e-01 -1.85925035e-01 -1.69261909e-01 -1.51840677e-01 -1.36924647e-01 -1.22022340e-01 -1.09877221e-01 -9.73049906e-02 -8.18861168e-02 -6.60425642e-02 -5.65562981e-02 -4.71539527e-02 -4.52787466e-02 -4.13240306e-02 -4.00148511e-02 -3.79674831e-02 -3.78840259e-02 -3.48760798e-02 -4.28440985e-02 -4.20137291e-02 -4.33142035e-02 -5.65049510e-02 -5.79369136e-02 -7.21976835e-02 -7.61474435e-02 -8.40407404e-02 -9.00641908e-02 -1.01176497e-01 -1.13325411e-01 -1.25389669e-01 -1.43097195e-01 -1.61946664e-01 -1.73948789e-01 -1.82210026e-01 -1.89004388e-01 -1.94659516e-01 -1.95159953e-01 -1.95563245e-01 -1.92952526e-01 -1.89453333e-01 -1.85981840e-01 -1.80342259e-01 -1.73564138e-01 -1.68855237e-01 -1.70010003e-01 -1.77680011e-01 -1.91609795e-01 -2.07073982e-01 -2.21625143e-01 -2.34156573e-01 -2.43333527e-01 -2.56832556e-01 -2.81134662e-01 -2.99437653e-01 -3.14162310e-01 -3.10118926e-01 -3.17347701e-01 -2.54996104e-01 -3.05186227e-01 -2.13661770e-01 -2.60528591e-01 -2.33249987e-01 -2.12056658e-01 -1.91160789e-01 -1.78414707e-01 -1.69495906e-01 -1.30124290e-01 -8.66616675e-02 -8.73903320e-02 -7.77139758e-02 -5.04371692e-02 -2.74186032e-02 -1.91265777e-04 -3.16611275e-02
2.49000000e+01 3.27567145e-01 1.60459875e-01 1.61589338e-01 1.33733753e-01 1.12541908e-01 1.13904106e-01 6.92938575e-02 2.41822233e-02 3.36494269e-03 -2.11692629e-02 -5.10136444e-02 -8.23973345e-02 -1.06577291e-01 -1.25877008e-01 -1.35065477e-01 -2.10637448e-01 -1.46884962e-01 -2.52526884e-01 -2.28534237e-01 -2.64470025e-01 -2.78902483e-01 -2.72309399e-01 -2.72358482e-01 -2.58142236e-01 -2.41238503e-01 -2.24125063e-01 -2.04220295e-01 -1.86848344e-01 -1.69914061e-01 -1.51872092e-01 -1.36810192e-01 -1.21931363e-01 -1.09786065e-01 -9.73912431e-02 -8.17158138e-02 -6.69526050e-02 -5.70861015e-02 -4.79650281e-02 -4.61792368e-02 -4.19876310e-02 -4.06250457e-02 -3.85038186e-02 -3.82738400e-02 -3.49339990e-02 -4.28065967e-02 -4.15008587e-02 -4.27310025e-02 -5.55969043e-02 -5.67252798e-02 -7.08338842e-02 -7.45795509e-02 -8.22978388e-02 -8.83371477e-02 -9.91986630e-02 -1.11410951e-01 -1.23318084e-01 -1.40986137e-01 -1.60321458e-01 -1.72160347e-01 -1.81360183e-01 -1.88322683e-01 -1.94474191e-01 -1.95748368e-01 -1.96081730e-01 -1.93695830e-01 -1.90108652e-01 -1.86224012e-01 -1.80870056e-01 -1.74201594e-01 -1.69653538e-01 -1.71267305e-01 -1.79521570e-01 -1.93945913e-01 -2.09234439e-01 -2.23656447e-01 -2.35827611e-01 -2.44951271e-01 -2.58675339e-01 -2.83479263e-01 -2.99943830e-01 -3.13614777e-01 -3.08222651e-01 -3.15065112e-01 -2.51893072e-01 -3.03417398e-01 -2.12848039e-01 -2.60032103e-01 -2.31627513e-01 -2.11884239e-01 -1.91113351e-01 -1.76495265e-01 -1.69543429e-01 -1.30427082e-01 -8.67539588e-02 -8.70899819e-02 -7.80121708e-02 -5.28732630e-02 -2.88222053e-02 -1.07805618e-04 -3.28131861e-02
2.50000000e+01 3.28987630e-01 1.61300533e-01 1.61105129e-01 1.32447810e-01 1.13036830e-01 1.13198106e-01 6.76634837e-02 2.27524803e-02 3.86996615e-03 -2.34231079e-02 -5.09627971e-02 -8.22515694e-02 -1.07970522e-01 -1.25581476e-01 -1.34298079e-01 -2.11544693e-01 -1.45725568e-01 -2.51497900e-01 -2.27115039e-01 -2.63650909e-01 -2.79329059e-01 -2.72859092e-01 -2.72493391e-01 -2.58611488e-01 -2.42376370e-01 -2.25210287e-01 -2.05438591e-01 -1.87799325e-01 -1.70543494e-01 -1.51937136e-01 -1.36688921e-01 -1.21867720e-01 -1.09692511e-01 -9.74637813e-02 -8.15713808e-02 -6.78753335e-02 -5.76271721e-02 -4.87979814e-02 -4.70728537e-02 -4.26548630e-02 -4.12288922e-02 -3.90317005e-02 -3.86740600e-02 -3.50177766e-02 -4.27471233e-02 -4.09959102e-02 -4.21899202e-02 -5.46830866e-02 -5.55364907e-02 -6.94645322e-02 -7.30448774e-02 -8.05584907e-02 -8.66379795e-02 -9.72487978e-02 -1.09515398e-01 -1.21266336e-01 -1.38897688e-01 -1.58643831e-01 -1.70369101e-01 -1.80480741e-01 -1.87651569e-01 -1.94257367e-01 -1.96319252e-01 -1.96585962e-01 -1.94419028e-01 -1.90750793e-01 -1.86459820e-01 -1.81402789e-01 -1.74849748e-01 -1.70500738e-01 -1.72563250e-01 -1.81407957e-01 -1.96267578e-01 -2.11365735e-01 -2.25644012e-01 -2.37461007e-01 -2.46621471e-01 -2.60556982e-01 -2.85771416e-01 -3.00362969e-01 -3.13000583e-01 -3.06250331e-01 -3.12722610e-01 -2.48816203e-01 -3.01725933e-01 -2.12187455e-01 -2.59360471e-01 -2.30033089e-01 -2.11886737e-01 -1.90786192e-01 -1.74723821e-01 -1.69591912e-01 -1.30561973e-01 -8.70670315e-02 -8.67093495e-02 -7.83603829e-02 -5.52098068e-02 -3.03581996e-02 -5.85990343e-05 -3.39586166e-02
2.51000000e+01 3.30293922e-01 1.62168663e-01 1.60519786e-01 1.31151918e-01 1.13589377e-01 1.12350484e-01 6.60573288e-02 2.13818088e-02 4.27169817e-03 -2.55461752e-02 -5.09508246e-02 -8.20946442e-02 -1.09298694e-01 -1.25359267e-01 -1.33472859e-01 -2.12419915e-01 -1.44651936e-01 -2.50504646e-01 -2.25642866e-01 -2.62757161e-01 -2.79669443e-01 -2.73368619e-01 -2.72550734e-01 -2.59053594e-01 -2.43486881e-01 -2.26282888e-01 -2.06639116e-01 -1.88777926e-01 -1.71147839e-01 -1.52037932e-01 -1.36563271e-01 -1.21830850e-01 -1.09598360e-01 -9.75198275e-02 -8.14618906e-02 -6.87992725e-02 -5.81847103e-02 -4.96511747e-02 -4.79584363e-02 -4.33253857e-02 -4.18273012e-02 -3.95504904e-02 -3.90838631e-02 -3.51288782e-02 -4.26638147e-02 -4.04984927e-02 -4.16912078e-02 -5.37648813e-02 -5.43697730e-02 -6.80889941e-02 -7.15448386e-02 -7.88222342e-02 -8.49666480e-02 -9.53279818e-02 -1.07637324e-01 -1.19235567e-01 -1.36835806e-01 -1.56908499e-01 -1.68582905e-01 -1.79566640e-01 -1.86993486e-01 -1.94010433e-01 -1.96868299e-01 -1.97075368e-01 -1.95122752e-01 -1.91376390e-01 -1.86693213e-01 -1.81941463e-01 -1.75507911e-01 -1.71398714e-01 -1.73897910e-01 -1.83338735e-01 -1.98568328e-01 -2.13468390e-01 -2.27589488e-01 -2.39058562e-01 -2.48346141e-01 -2.62475055e-01 -2.87999359e-01 -3.00696119e-01 -3.12324117e-01 -3.04205938e-01 -3.10320963e-01 -2.45775733e-01 -3.00120426e-01 -2.11655946e-01 -2.58518268e-01 -2.28482022e-01 -2.12042512e-01 -1.90185764e-01 -1.73112796e-01 -1.69625405e-01 -1.30541582e-01 -8.75954741e-02 -8.62433392e-02 -7.87737708e-02 -5.74342056e-02 -3.20212340e-02 -4.79605341e-05 -3.50993864e-02
2.52000000e+01 3.31484017e-01 1.63061169e-01 1.59828128e-01 1.29866678e-01 1.14179893e-01 1.11370178e-01 6.44714890e-02 2.00860505e-02 4.54162400e-03 -2.75004024e-02 -5.10032482e-02 -8.19343422e-02 -1.10529946e-01 -1.25233309e-01 -1.32590258e-01 -2.13252796e-01 -1.43661826e-01 -2.49552463e-01 -2.24126544e-01 -2.61791071e-01 -2.79919495e-01 -2.73831587e-01 -2.72535268e-01 -2.59472960e-01 -2.44566211e-01 -2.27342476e-01 -2.07819131e-01 -1.89783566e-01 -1.71725264e-01 -1.52175994e-01 -1.36436239e-01 -1.21819767e-01 -1.09505363e-01 -9.75570827e-02 -8.13958420e-02 -6.97133107e-02 -5.87637411e-02 -5.05229231e-02 -4.88349897e-02 -4.39986092e-02 -4.24212270e-02 -4.00600330e-02 -3.95021691e-02 -3.52683972e-02 -4.25553663e-02 -4.00082019e-02 -4.12347219e-02 -5.28439051e-02 -5.32244274e-02 -6.67065706e-02 -7.00805223e-02 -7.70888967e-02 -8.33231970e-02 -9.34369199e-02 -1.05775478e-01 -1.17226987e-01 -1.34803810e-01 -1.55111293e-01 -1.66808809e-01 -1.78613473e-01 -1.86350175e-01 -1.93735194e-01 -1.97391157e-01 -1.97549346e-01 -1.95807651e-01 -1.91982247e-01 -1.86928064e-01 -1.82486860e-01 -1.76175805e-01 -1.72348846e-01 -1.75271627e-01 -1.85312872e-01 -2.00842138e-01 -2.15542907e-01 -2.29494835e-01 -2.40622461e-01 -2.50126422e-01 -2.64426466e-01 -2.90152123e-01 -3.00944891e-01 -3.11589355e-01 -3.02093631e-01 -3.07861316e-01 -2.42782207e-01 -2.98608058e-01 -2.11228032e-01 -2.57513386e-01 -2.26989512e-01 -2.12324594e-01 -1.89326284e-01 -1.71669975e-01 -1.69627260e-01 -1.30383423e-01 -8.83276260e-02 -8.56921856e-02 -7.92629684e-02 -5.95377514e-02 -3.38040407e-02 -7.99343222e-05 -3.62379572e-02
2.53000000e+01 3.32556758e-01 1.63972842e-01 1.59027043e-01 1.28612429e-01 1.14786809e-01 1.10268801e-01 6.29007448e-02 1.88796461e-02 4.65554030e-03 -2.92533443e-02 -5.11419024e-02 -8.17784470e-02 -1.11635385e-01 -1.25222893e-01 -1.31652550e-01 -2.14033897e-01 -1.42751733e-01 -2.48645945e-01 -2.22575475e-01 -2.60755263e-01 -2.80075351e-01 -2.74241335e-01 -2.72452117e-01 -2.59873682e-01 -2.45610594e-01 -2.28388566e-01 -2.08976287e-01 -1.90815073e-01 -1.72274484e-01 -1.52352237e-01 -1.36311333e-01 -1.21833076e-01 -1.09415222e-01 -9.75737944e-02 -8.13809481e-02 -7.06069872e-02 -5.93689313e-02 -5.14115267e-02 -4.97016844e-02 -4.46737120e-02 -4.30116733e-02 -4.05606443e-02 -3.99276247e-02 -3.54370396e-02 -4.24210404e-02 -3.95247102e-02 -4.08198538e-02 -5.19219681e-02 -5.20998688e-02 -6.53165162e-02 -6.86526249e-02 -7.53586780e-02 -8.17076835e-02 -9.15759801e-02 -1.03928799e-01 -1.15241871e-01 -1.32804275e-01 -1.53249329e-01 -1.65052883e-01 -1.77617610e-01 -1.85722647e-01 -1.93433797e-01 -1.97883476e-01 -1.98007313e-01 -1.96474265e-01 -1.92565455e-01 -1.87168096e-01 -1.83039527e-01 -1.76853594e-01 -1.73352009e-01 -1.76685048e-01 -1.87328673e-01 -2.03083568e-01 -2.17589641e-01 -2.31362284e-01 -2.42155341e-01 -2.51962561e-01 -2.66407431e-01 -2.92219645e-01 -3.01111420e-01 -3.10799769e-01 -2.99917807e-01 -3.05345286e-01 -2.39846382e-01 -2.97194382e-01 -2.10877373e-01 -2.56356799e-01 -2.25570139e-01 -2.12701599e-01 -1.88229135e-01 -1.70398393e-01 -1.69580692e-01 -1.30109322e-01 -8.92458645e-02 -8.50615302e-02 -7.98338545e-02 -6.15157002e-02 -3.56975787e-02 -1.58173203e-04 -3.73773044e-02
2.54000000e+01 3.33511805e-01 1.64896402e-01 1.58115672e-01 1.27408680e-01 1.15387322e-01 1.09060149e-01 6.13389280e-02 1.77751373e-02 4.59434078e-03 -3.07791345e-02 -5.13842937e-02 -8.16345974e-02 -1.12589791e-01 -1.25343134e-01 -1.30663881e-01 -2.14754762e-01 -1.41916979e-01 -2.47788871e-01 -2.20999548e-01 -2.59652693e-01 -2.80133450e-01 -2.74591090e-01 -2.72306653e-01 -2.60259469e-01 -2.46616414e-01 -2.29420544e-01 -2.10108685e-01 -1.91870615e-01 -1.72794787e-01 -1.52567010e-01 -1.36192507e-01 -1.21869015e-01 -1.09329608e-01 -9.75688087e-02 -8.14239361e-02 -7.14707577e-02 -6.00044268e-02 -5.23152943e-02 -5.05578564e-02 -4.53496784e-02 -4.35996946e-02 -4.10530752e-02 -4.03586007e-02 -3.56351155e-02 -4.22606687e-02 -3.90478481e-02 -4.04454700e-02 -5.10010314e-02 -5.09956533e-02 -6.39180786e-02 -6.72613920e-02 -7.36322305e-02 -8.01201055e-02 -8.97452405e-02 -1.02096433e-01 -1.13281566e-01 -1.30838946e-01 -1.51321159e-01 -1.63320086e-01 -1.76576276e-01 -1.85111159e-01 -1.93108644e-01 -1.98340983e-01 -1.98448749e-01 -1.97122916e-01 -1.93123505e-01 -1.87416831e-01 -1.83599789e-01 -1.77541888e-01 -1.74408582e-01 -1.78139131e-01 -1.89383752e-01 -2.05287875e-01 -2.19608697e-01 -2.33194291e-01 -2.43660361e-01 -2.53853904e-01 -2.68413466e-01 -2.94192843e-01 -3.01198327e-01 -3.09958251e-01 -2.97683141e-01 -3.02775051e-01 -2.36979084e-01 -2.95883140e-01 -2.10577325e-01 -2.55062276e-01 -2.24237367e-01 -2.13138769e-01 -1.86922070e-01 -1.69296371e-01 -1.69469360e-01 -1.29744683e-01 -9.03271137e-02 -8.43622666e-02 -8.04875204e-02 -6.33672130e-02 -3.76912328e-02 -2.85817170e-04 -3.85209280e-02
2.55000000e+01 3.34349582e-01 1.65822609e-01 1.57095542e-01 1.26273574e-01 1.15958111e-01 1.07759638e-01 5.97793266e-02 1.67827279e-02 4.34463511e-03 -3.20592312e-02 -5.17431120e-02 -8.15101333e-02 -1.13372230e-01 -1.25604562e-01 -1.29630246e-01 -2.15407980e-01 -1.41151840e-01 -2.46984143e-01 -2.19409019e-01 -2.58486641e-01 -2.80090562e-01 -2.74874133e-01 -2.72104367e-01 -2.60633565e-01 -2.47580285e-01 -2.30437637e-01 -2.11214921e-01 -1.92947651e-01 -1.73286061e-01 -1.52820124e-01 -1.36084086e-01 -1.21925489e-01 -1.09250166e-01 -9.75416071e-02 -8.15303700e-02 -7.22962343e-02 -6.06737184e-02 -5.32325610e-02 -5.14030024e-02 -4.60253493e-02 -4.41863910e-02 -4.15384539e-02 -4.07932037e-02 -3.58625290e-02 -4.20746547e-02 -3.85776673e-02 -4.01098726e-02 -5.00831618e-02 -4.99114873e-02 -6.25105570e-02 -6.59065671e-02 -7.19107287e-02 -7.85603347e-02 -8.79445401e-02 -1.00277739e-01 -1.11347484e-01 -1.28908684e-01 -1.49326870e-01 -1.61614153e-01 -1.75487624e-01 -1.84515203e-01 -1.92762295e-01 -1.98759551e-01 -1.98873215e-01 -1.97753635e-01 -1.93654372e-01 -1.87677534e-01 -1.84167749e-01 -1.78241736e-01 -1.75518468e-01 -1.79635126e-01 -1.91475024e-01 -2.07451105e-01 -2.21599861e-01 -2.34993487e-01 -2.45141249e-01 -2.55798881e-01 -2.70439402e-01 -2.96063687e-01 -3.01208659e-01 -3.09067057e-01 -2.95394615e-01 -3.00153446e-01 -2.34191057e-01 -2.94676116e-01 -2.10301519e-01 -2.53646024e-01 -2.23003055e-01 -2.13599105e-01 -1.85438228e-01 -1.68357679e-01 -1.69277934e-01 -1.29317638e-01 -9.15435583e-02 -8.36101623e-02 -8.12204314e-02 -6.50951665e-02 -3.97730599e-02 -4.65375392e-04 -3.96728549e-02
2.56000000e+01 3.35071199e-01 1.66740425e-01 1.55970606e-01 1.25223377e-01 1.16476070e-01 1.06383682e-01 5.82151095e-02 1.59099199e-02 3.89917869e-03 -3.30829237e-02 -5.22259099e-02 -8.14119352e-02 -1.13966550e-01 -1.26012844e-01 -1.28559423e-01 -2.15987239e-01 -1.40449696e-01 -2.46233760e-01 -2.17814389e-01 -2.57260701e-01 -2.79943819e-01 -2.75083940e-01 -2.71850737e-01 -2.60998696e-01 -2.48499120e-01 -2.31438906e-01 -2.12294110e-01 -1.94042878e-01 -1.73748827e-01 -1.53110887e-01 -1.35990681e-01 -1.22000129e-01 -1.09178527e-01 -9.74923272e-02 -8.17045006e-02 -7.30763859e-02 -6.13795410e-02 -5.41617034e-02 -5.22367683e-02 -4.66994849e-02 -4.47728982e-02 -4.20182100e-02 -4.12293092e-02 -3.61187633e-02 -4.18639806e-02 -3.81144814e-02 -3.98107888e-02 -4.91704785e-02 -4.88472234e-02 -6.10933752e-02 -6.45873512e-02 -7.01959170e-02 -7.70280616e-02 -8.61735274e-02 -9.84722956e-02 -1.09441082e-01 -1.27013433e-01 -1.47268154e-01 -1.59937523e-01 -1.74350784e-01 -1.83933518e-01 -1.92397374e-01 -1.99135299e-01 -1.99280350e-01 -1.98366112e-01 -1.94156580e-01 -1.87953187e-01 -1.84743300e-01 -1.78954613e-01 -1.76681122e-01 -1.81174527e-01 -1.93598733e-01 -2.09570156e-01 -2.23562567e-01 -2.36762619e-01 -2.46602331e-01 -2.57795014e-01 -2.72479407e-01 -2.97825234e-01 -3.01145832e-01 -3.08127771e-01 -2.93057535e-01 -2.97484052e-01 -2.31492784e-01 -2.93573043e-01 -2.10024429e-01 -2.52126298e-01 -2.21877011e-01 -2.14044559e-01 -1.83815022e-01 -1.67571831e-01 -1.68992634e-01 -1.28858099e-01 -9.28635365e-02 -8.28252734e-02 -8.20247725e-02 -6.67058428e-02 -4.19300780e-02 -6.98615571e-04 -4.08376322e-02
2.57000000e+01 3.35678357e-01 1.67637243e-01 1.54747222e-01 1.24272041e-01 1.16919038e-01 1.04949057e-01 5.66397526e-02 1.51612399e-02 3.25709674e-03 -3.38475823e-02 -5.28349542e-02 -8.13462631e-02 -1.14361747e-01 -1.26568641e-01 -1.27460837e-01 -2.16487338e-01 -1.39803201e-01 -2.45538805e-01 -2.16226244e-01 -2.55978767e-01 -2.79690744e-01 -2.75214318e-01 -2.71551101e-01 -2.61357018e-01 -2.49370203e-01 -2.32423242e-01 -2.13345891e-01 -1.95152215e-01 -1.74184264e-01 -1.53438143e-01 -1.35917093e-01 -1.22090358e-01 -1.09116307e-01 -9.74217680e-02 -8.19491546e-02 -7.38056961e-02 -6.21238102e-02 -5.51011558e-02 -5.30589276e-02 -4.73708325e-02 -4.53603714e-02 -4.24939850e-02 -4.16646123e-02 -3.64028605e-02 -4.16302132e-02 -3.76588835e-02 -3.95453910e-02 -4.82650946e-02 -4.78028431e-02 -5.96661672e-02 -6.33023750e-02 -6.84901292e-02 -7.55227573e-02 -8.44317058e-02 -9.66799162e-02 -1.07563831e-01 -1.25152235e-01 -1.45148321e-01 -1.58291298e-01 -1.73165884e-01 -1.83364114e-01 -1.92016463e-01 -1.99464673e-01 -1.99669841e-01 -1.98959680e-01 -1.94629241e-01 -1.88246469e-01 -1.85326126e-01 -1.79682396e-01 -1.77895589e-01 -1.82759001e-01 -1.95750500e-01 -2.11642812e-01 -2.25495897e-01 -2.38504491e-01 -2.48048518e-01 -2.59838937e-01 -2.74527044e-01 -2.99471668e-01 -3.01013549e-01 -3.07141307e-01 -2.90677530e-01 -2.94771278e-01 -2.28894303e-01 -2.92571546e-01 -2.09721933e-01 -2.50522966e-01 -2.20866591e-01 -2.14437244e-01 -1.82092903e-01 -1.66924506e-01 -1.68601726e-01 -1.28396746e-01 -9.42525806e-02 -8.20311753e-02 -8.28889593e-02 -6.82085104e-02 -4.41485832e-02 -9.86464931e-04 -4.20203107e-02
2.58000000e+01 3.36173232e-01 1.68499164e-01 1.53434035e-01 1.23430828e-01 1.17266498e-01 1.03472248e-01 5.50474485e-02 1.45380651e-02 2.42389400e-03 -3.43586447e-02 -5.35672505e-02 -8.13185986e-02 -1.14552191e-01 -1.27267614e-01 -1.26345370e-01 -2.16904200e-01 -1.39204466e-01 -2.44899460e-01 -2.14655110e-01 -2.54645011e-01 -2.79329271e-01 -2.75259532e-01 -2.71210529e-01 -2.61710084e-01 -2.50191240e-01 -2.33389384e-01 -2.14370410e-01 -1.96270806e-01 -1.74594226e-01 -1.53800315e-01 -1.35868207e-01 -1.22193471e-01 -1.09065104e-01 -9.73313792e-02 -8.22656646e-02 -7.44802722e-02 -6.29075919e-02 -5.60494257e-02 -5.38693485e-02 -4.80381968e-02 -4.59499673e-02 -4.29675345e-02 -4.20966980e-02 -3.67134000e-02 -4.13755049e-02 -3.72117443e-02 -3.93103491e-02 -4.73690536e-02 -4.67784297e-02 -5.82288684e-02 -6.20496852e-02 -6.67962740e-02 -7.40436532e-02 -8.27184749e-02 -9.49006582e-02 -1.05717163e-01 -1.23323279e-01 -1.42972266e-01 -1.56675242e-01 -1.71934061e-01 -1.82804312e-01 -1.91622008e-01 -1.99744545e-01 -2.00041375e-01 -1.99533334e-01 -1.95072070e-01 -1.88559748e-01 -1.85915710e-01 -1.80427345e-01 -1.79160544e-01 -1.84390283e-01 -1.97925388e-01 -2.13667758e-01 -2.27398625e-01 -2.40221910e-01 -2.49485264e-01 -2.61926424e-01 -2.76575335e-01 -3.00998308e-01 -3.00815706e-01 -3.06107938e-01 -2.88260529e-01 -2.92020433e-01 -2.26405011e-01 -2.91667132e-01 -2.09371842e-01 -2.48857048e-01 -2.19976347e-01 -2.14740633e-01 -1.80314068e-01 -1.66398087e-01 -1.68095949e-01 -1.27963981e-01 -9.56745687e-02 -8.12540438e-02 -8.37982938e-02 -6.96149161e-02 -4.64144866e-02 -1.32892748e-03 -4.32264195e-02
2.59000000e+01 3.36558343e-01 1.69311328e-01 1.52041795e-01 1.22708017e-01 1.17500214e-01 1.01968831e-01 5.34334820e-02 1.40385585e-02 1.41124897e-03 -3.46293409e-02 -5.44147366e-02 -8.13334966e-02 -1.14537711e-01 -1.28100568e-01 -1.25225117e-01 -2.17234873e-01 -1.38645246e-01 -2.44315039e-01 -2.13111285e-01 -2.53263853e-01 -2.78857775e-01 -2.75214411e-01 -2.70833716e-01 -2.62058823e-01 -2.50960420e-01 -2.34335937e-01 -2.15368272e-01 -1.97393061e-01 -1.74981233e-01 -1.54195444e-01 -1.35848876e-01 -1.22306723e-01 -1.09026489e-01 -9.72232340e-02 -8.26538407e-02 -7.50979103e-02 -6.37311017e-02 -5.70051130e-02 -5.46679530e-02 -4.87005064e-02 -4.65428240e-02 -4.34406267e-02 -4.25231234e-02 -3.70484811e-02 -4.11025796e-02 -3.67741953e-02 -3.91019062e-02 -4.64842682e-02 -4.57741339e-02 -5.67818099e-02 -6.08267448e-02 -6.51177852e-02 -7.25897397e-02 -8.10331667e-02 -9.31348396e-02 -1.03902403e-01 -1.21523992e-01 -1.40746364e-01 -1.55087819e-01 -1.70657443e-01 -1.82250808e-01 -1.91216236e-01 -1.99972293e-01 -2.00394580e-01 -2.00085761e-01 -1.95485380e-01 -1.88895086e-01 -1.86511348e-01 -1.81192065e-01 -1.80474344e-01 -1.86070069e-01 -2.00117984e-01 -2.15644573e-01 -2.29269267e-01 -2.41917644e-01 -2.50918475e-01 -2.64052444e-01 -2.78616845e-01 -3.02401620e-01 -3.00556292e-01 -3.05027360e-01 -2.85812714e-01 -2.89237774e-01 -2.24033475e-01 -2.90853235e-01 -2.08954392e-01 -2.47150231e-01 -2.19207748e-01 -2.14920708e-01 -1.78521118e-01 -1.65972283e-01 -1.67468872e-01 -1.27588898e-01 -9.70929452e-02 -8.05216206e-02 -8.47357326e-02 -7.09387070e-02 -4.87136571e-02 -1.72502228e-03 -4.44619297e-02
2.60000000e+01 3.36836415e-01 1.70058281e-01 1.50583095e-01 1.22108707e-01 1.17604797e-01 1.00452890e-01 5.17945560e-02 1.36577159e-02 2.36600554e-04 -3.46801679e-02 -5.53646353e-02 -8.13944507e-02 -1.14323522e-01 -1.29053736e-01 -1.24113077e-01 -2.17477530e-01 -1.38117140e-01 -2.43784028e-01 -2.11604695e-01 -2.51839929e-01 -2.78275084e-01 -2.75074439e-01 -2.70424879e-01 -2.62403533e-01 -2.51676444e-01 -2.35261401e-01 -2.16340491e-01 -1.98512738e-01 -1.75348442e-01 -1.54621253e-01 -1.35863797e-01 -1.22427427e-01 -1.09001995e-01 -9.70999858e-02 -8.31119823e-02 -7.56581180e-02 -6.45937244e-02 -5.79669281e-02 -5.54546721e-02 -4.93568724e-02 -4.71400413e-02 -4.39149432e-02 -4.29415075e-02 -3.74057176e-02 -4.08146982e-02 -3.63476026e-02 -3.89159723e-02 -4.56124651e-02 -4.47901354e-02 -5.53258054e-02 -5.96304518e-02 -6.34585401e-02 -7.11597771e-02 -7.93750792e-02 -9.13830515e-02 -1.02120695e-01 -1.19751174e-01 -1.38478325e-01 -1.53526278e-01 -1.69339100e-01 -1.81699752e-01 -1.90801075e-01 -2.00145874e-01 -2.00728967e-01 -2.00615393e-01 -1.95870061e-01 -1.89254240e-01 -1.87112186e-01 -1.81979468e-01 -1.81835080e-01 -1.87799889e-01 -2.02322482e-01 -2.17573707e-01 -2.31106172e-01 -2.43594380e-01 -2.52354393e-01 -2.66211215e-01 -2.80643787e-01 -3.03679212e-01 -3.00239266e-01 -3.03898792e-01 -2.83340464e-01 -2.86430537e-01 -2.21787252e-01 -2.90121297e-01 -2.08452667e-01 -2.45424377e-01 -2.18558994e-01 -2.14947025e-01 -1.76755740e-01 -1.65624840e-01 -1.66717151e-01 -1.27298277e-01 -9.84719681e-02 -7.98621071e-02 -8.56827384e-02 -7.21948064e-02 -5.10322589e-02 -2.17274738e-03 -4.57332068e-02
2.61000000e+01 3.37010226e-01 1.70724379e-01 1.49072039e-01 1.21634717e-01 1.17568182e-01 9.89365094e-02 5.01290547e-02 1.33875249e-02 -1.07745777e-03 -3.45381329e-02 -5.63999570e-02 -8.15037749e-02 -1.13920022e-01 -1.30109189e-01 -1.23022816e-01 -2.17631464e-01 -1.37611778e-01 -2.43304134e-01 -2.10144741e-01 -2.50378052e-01 -2.77580502e-01 -2.74835828e-01 -2.69987691e-01 -2.62743875e-01 -2.52338560e-01 -2.36164199e-01 -2.17288408e-01 -1.99623051e-01 -1.75699586e-01 -1.55075200e-01 -1.35917379e-01 -1.22553045e-01 -1.08993115e-01 -9.69648125e-02 -8.36369223e-02 -7.61621017e-02 -6.54940471e-02 -5.89337103e-02 -5.62294033e-02 -5.00066331e-02 -4.77426606e-02 -4.43919900e-02 -4.33496206e-02 -3.77822475e-02 -4.05155987e-02 -3.59335349e-02 -3.87482264e-02 -4.47551424e-02 -4.38266041e-02 -5.38622241e-02 -5.84571752e-02 -6.18227508e-02 -6.97523172e-02 -7.77435066e-02 -8.96461671e-02 -1.00372921e-01 -1.18001158e-01 -1.36176984e-01 -1.51986775e-01 -1.67982971e-01 -1.81146836e-01 -1.90378108e-01 -2.00263877e-01 -2.01043869e-01 -2.01120459e-01 -1.96227545e-01 -1.89638660e-01 -1.87717273e-01 -1.82792708e-01 -1.83240637e-01 -1.89580993e-01 -2.04532774e-01 -2.19456428e-01 -2.32907615e-01 -2.45254702e-01 -2.53799453e-01 -2.68396281e-01 -2.82648128e-01 -3.04829819e-01 -2.99868443e-01 -3.02721098e-01 -2.80850274e-01 -2.83606937e-01 -2.19672725e-01 -2.89460910e-01 -2.07852959e-01 -2.43701026e-01 -2.18024914e-01 -2.14793663e-01 -1.75057435e-01 -1.65332288e-01 -1.65840698e-01 -1.27115672e-01 -9.97779358e-02 -7.93030282e-02 -8.66201772e-02 -7.33987681e-02 -5.33570718e-02 -2.66907317e-03 -4.70469513e-02
2.62000000e+01 3.37082456e-01 1.71294202e-01 1.47523860e-01 1.21284587e-01 1.17381982e-01 9.74293415e-02 4.84372337e-02 1.32172304e-02 -2.50395466e-03 -3.42357929e-02 -5.75001360e-02 -8.16625061e-02 -1.13342442e-01 -1.31245371e-01 -1.21968080e-01 -2.17697083e-01 -1.37121016e-01 -2.42872332e-01 -2.08740176e-01 -2.48883166e-01 -2.76773822e-01 -2.74495573e-01 -2.69525234e-01 -2.63078882e-01 -2.52946564e-01 -2.37042716e-01 -2.18213615e-01 -2.00716816e-01 -1.76038884e-01 -1.55554565e-01 -1.36013609e-01 -1.22681281e-01 -1.09001302e-01 -9.68213481e-02 -8.42241014e-02 -7.66127239e-02 -6.64298987e-02 -5.99044408e-02 -5.69919812e-02 -5.06493833e-02 -4.83516445e-02 -4.48730241e-02 -4.37454660e-02 -3.81747625e-02 -4.02094130e-02 -3.55337271e-02 -3.85942198e-02 -4.39135415e-02 -4.28836647e-02 -5.23930423e-02 -5.73028139e-02 -6.02148367e-02 -6.83657312e-02 -7.61377688e-02 -8.79253405e-02 -9.86596236e-02 -1.16269997e-01 -1.33852059e-01 -1.50464536e-01 -1.66593751e-01 -1.80587394e-01 -1.89948535e-01 -2.00325551e-01 -2.01338404e-01 -2.01599050e-01 -1.96559758e-01 -1.90049485e-01 -1.88325645e-01 -1.83635106e-01 -1.84688746e-01 -1.91414236e-01 -2.06742550e-01 -2.21294759e-01 -2.34671912e-01 -2.46901075e-01 -2.55260121e-01 -2.70600588e-01 -2.84621703e-01 -3.05853280e-01 -2.99447377e-01 -3.01492926e-01 -2.78348670e-01 -2.80776140e-01 -2.17694952e-01 -2.88860002e-01 -2.07145030e-01 -2.42000897e-01 -2.17596987e-01 -2.14440017e-01 -1.73462333e-01 -1.65070719e-01 -1.64842742e-01 -1.27060588e-01 -1.00980350e-01 -7.88701134e-02 -8.75292261e-02 -7.45661353e-02 -5.56757835e-02 -3.20996844e-03 -4.84101242e-02
2.63000000e+01 3.37055534e-01 1.71752989e-01 1.45954473e-01 1.21053681e-01 1.17041739e-01 9.59382804e-02 4.67213296e-02 1.31336986e-02 -4.01246195e-03 -3.38101207e-02 -5.86417816e-02 -8.18703304e-02 -1.12610369e-01 -1.32437728e-01 -1.20962395e-01 -2.17675889e-01 -1.36637121e-01 -2.42484911e-01 -2.07398996e-01 -2.47360298e-01 -2.75855350e-01 -2.74051473e-01 -2.69039989e-01 -2.63406969e-01 -2.53500797e-01 -2.37895328e-01 -2.19117857e-01 -2.01786618e-01 -1.76370937e-01 -1.56056532e-01 -1.36155901e-01 -1.22810167e-01 -1.09027983e-01 -9.66736088e-02 -8.48676676e-02 -7.70144322e-02 -6.73983918e-02 -6.08782476e-02 -5.77421645e-02 -5.12849829e-02 -4.89678521e-02 -4.53590027e-02 -4.41273509e-02 -3.85795524e-02 -3.99005648e-02 -3.51500399e-02 -3.84494765e-02 -4.30886328e-02 -4.19613667e-02 -5.09208650e-02 -5.61628775e-02 -5.86392849e-02 -6.69982410e-02 -7.45572377e-02 -8.62219947e-02 -9.69809439e-02 -1.14553657e-01 -1.31513878e-01 -1.48954052e-01 -1.65176755e-01 -1.80016502e-01 -1.89513168e-01 -2.00330814e-01 -2.01611449e-01 -2.02049172e-01 -1.96869061e-01 -1.90487531e-01 -1.88936418e-01 -1.84510072e-01 -1.86177035e-01 -1.93299979e-01 -2.08945403e-01 -2.23091378e-01 -2.36397533e-01 -2.48535833e-01 -2.56742726e-01 -2.72816576e-01 -2.86556329e-01 -3.06750503e-01 -2.98979256e-01 -3.00212862e-01 -2.75842123e-01 -2.77948207e-01 -2.15857542e-01 -2.88305071e-01 -2.06322286e-01 -2.40343423e-01 -2.17263468e-01 -2.13871430e-01 -1.72002144e-01 -1.64816552e-01 -1.63729795e-01 -1.27147807e-01 -1.02052973e-01 -7.85862377e-02 -8.83922528e-02 -7.57118275e-02 -5.79772430e-02 -3.79046085e-03 -4.98298613e-02
2.64000000e+01 3.36931493e-01 1.72087056e-01 1.44380013e-01 1.20934392e-01 1.16547034e-01 9.44672445e-02 4.49855833e-02 1.31218664e-02 -5.57012949e-03 -3.33012352e-02 -5.97995210e-02 -8.21255363e-02 -1.11747160e-01 -1.33659438e-01 -1.20018652e-01 -2.17570455e-01 -1.36152941e-01 -2.42137522e-01 -2.06128351e-01 -2.45814504e-01 -2.74825932e-01 -2.73502138e-01 -2.68533852e-01 -2.63725949e-01 -2.54002119e-01 -2.38720438e-01 -2.20002938e-01 -2.02824986e-01 -1.76700601e-01 -1.56578292e-01 -1.36346964e-01 -1.22938134e-01 -1.09074565e-01 -9.65259176e-02 -8.55605998e-02 -7.73731623e-02 -6.83959668e-02 -6.18543983e-02 -5.84796473e-02 -5.19135501e-02 -4.95920080e-02 -4.58505565e-02 -4.44939429e-02 -3.89925654e-02 -3.95936565e-02 -3.47844141e-02 -3.83095872e-02 -4.22811141e-02 -4.10596629e-02 -4.94489149e-02 -5.50325904e-02 -5.71005056e-02 -6.56479564e-02 -7.30013616e-02 -8.45377941e-02 -9.53365752e-02 -1.12848209e-01 -1.29173100e-01 -1.47449289e-01 -1.63737760e-01 -1.79429076e-01 -1.89072439e-01 -2.00280224e-01 -2.01861630e-01 -2.02468811e-01 -1.97158179e-01 -1.90953279e-01 -1.89548888e-01 -1.85421016e-01 -1.87703060e-01 -1.95238010e-01 -2.11134946e-01 -2.24849503e-01 -2.38083229e-01 -2.50161171e-01 -2.58253295e-01 -2.75036280e-01 -2.88443910e-01 -3.07523405e-01 -2.98466812e-01 -2.98879584e-01 -2.73336959e-01 -2.75134010e-01 -2.14162541e-01 -2.87781471e-01 -2.05381848e-01 -2.38746303e-01 -2.17009630e-01 -2.13079619e-01 -1.70703254e-01 -1.64547271e-01 -1.62511518e-01 -1.27386864e-01 -1.02974733e-01 -7.84704645e-02 -8.91936326e-02 -7.68495798e-02 -6.02516652e-02 -4.40473245e-03 -5.13133755e-02
2.65000000e+01 3.36711838e-01 1.72284202e-01 1.42816329e-01 1.20916432e-01 1.15901470e-01 9.30170793e-02 4.32361778e-02 1.31652605e-02 -7.14279945e-03 -3.27510360e-02 -6.09469051e-02 -8.24250009e-02 -1.10779241e-01 -1.34882205e-01 -1.19148695e-01 -2.17384388e-01 -1.35662058e-01 -2.41825223e-01 -2.04934483e-01 -2.44250797e-01 -2.73686988e-01 -2.72846964e-01 -2.68008163e-01 -2.64033056e-01 -2.54451874e-01 -2.39516507e-01 -2.20870624e-01 -2.03824569e-01 -1.77032851e-01 -1.57117143e-01 -1.36588672e-01 -1.23064090e-01 -1.09142438e-01 -9.63828338e-02 -8.62948547e-02 -7.76962095e-02 -6.94184407e-02 -6.28322783e-02 -5.92040931e-02 -5.25354402e-02 -5.02246628e-02 -4.63479892e-02 -4.48443129e-02 -3.94094761e-02 -3.92933544e-02 -3.44388181e-02 -3.81702974e-02 -4.14914177e-02 -4.01783978e-02 -4.79809842e-02 -5.39070170e-02 -5.56026877e-02 -6.43129185e-02 -7.14696854e-02 -8.28746030e-02 -9.37257429e-02 -1.11149998e-01 -1.26840443e-01 -1.45943921e-01 -1.62282828e-01 -1.78819964e-01 -1.88626437e-01 -2.00174938e-01 -2.02087338e-01 -2.02855988e-01 -1.97430120e-01 -1.91446869e-01 -1.90162629e-01 -1.86371271e-01 -1.89264336e-01 -1.97227479e-01 -2.13304943e-01 -2.26572758e-01 -2.39728146e-01 -2.51779138e-01 -2.59797391e-01 -2.77251434e-01 -2.90276536e-01 -3.08174858e-01 -2.97912245e-01 -2.97492013e-01 -2.70839286e-01 -2.72345116e-01 -2.12610336e-01 -2.87273747e-01 -2.04324522e-01 -2.37225101e-01 -2.16818095e-01 -2.12062911e-01 -1.69586008e-01 -1.64242114e-01 -1.61200488e-01 -1.27781705e-01 -1.03730461e-01 -7.85372278e-02 -8.99204683e-02 -7.79914525e-02 -6.24907804e-02 -5.04624915e-03 -5.28678499e-02
2.66000000e+01 3.36397429e-01 1.72334087e-01 1.41278486e-01 1.20987206e-01 1.15112525e-01 9.15855841e-02 4.14810905e-02 1.32465671e-02 -8.69616351e-03 -3.22017884e-02 -6.20573443e-02 -8.27642120e-02 -1.09735339e-01 -1.36077112e-01 -1.18362925e-01 -2.17122280e-01 -1.35158913e-01 -2.41542529e-01 -2.03822690e-01 -2.42674077e-01 -2.72440557e-01 -2.72086097e-01 -2.67463765e-01 -2.64324979e-01 -2.54851844e-01 -2.40282083e-01 -2.21722537e-01 -2.04778319e-01 -1.77372652e-01 -1.57670589e-01 -1.36881956e-01 -1.23187482e-01 -1.09232965e-01 -9.62490924e-02 -8.70615366e-02 -7.79920693e-02 -7.04610642e-02 -6.38113520e-02 -5.99151904e-02 -5.31512184e-02 -5.08661451e-02 -4.68512981e-02 -4.51779657e-02 -3.98257601e-02 -3.90042801e-02 -3.41151872e-02 -3.80275899e-02 -4.07197238e-02 -3.93173070e-02 -4.65213508e-02 -5.27812055e-02 -5.41496587e-02 -6.29911521e-02 -6.99618640e-02 -8.12344295e-02 -9.21472116e-02 -1.09455793e-01 -1.24526427e-01 -1.44431554e-01 -1.60818135e-01 -1.78184036e-01 -1.88174946e-01 -2.00016636e-01 -2.02286755e-01 -2.03208821e-01 -1.97688088e-01 -1.91968099e-01 -1.90777566e-01 -1.87364021e-01 -1.90858344e-01 -1.99266865e-01 -2.15449442e-01 -2.28265020e-01 -2.41331928e-01 -2.53391626e-01 -2.61379965e-01 -2.79453596e-01 -2.92046569e-01 -3.08708602e-01 -2.97317171e-01 -2.96049466e-01 -2.68354922e-01 -2.69593652e-01 -2.11199591e-01 -2.86766000e-01 -2.03154665e-01 -2.35792909e-01 -2.16669266e-01 -2.10826272e-01 -1.68664190e-01 -1.63882684e-01 -1.59811888e-01 -1.28330529e-01 -1.04311415e-01 -7.87956848e-02 -9.05631855e-02 -7.91474303e-02 -6.46879220e-02 -5.70792145e-03 -5.45003260e-02
2.67000000e+01 3.35988380e-01 1.72228562e-01 1.39780271e-01 1.21132253e-01 1.14191275e-01 9.01676618e-02 3.97298675e-02 1.33482328e-02 -1.01969240e-02 -3.16947027e-02 -6.31050414e-02 -8.31373300e-02 -1.08645637e-01 -1.37215490e-01 -1.17669936e-01 -2.16789650e-01 -1.34638903e-01 -2.41283466e-01 -2.02797302e-01 -2.41089040e-01 -2.71089343e-01 -2.71220382e-01 -2.66901046e-01 -2.64597908e-01 -2.55204184e-01 -2.41015826e-01 -2.22560057e-01 -2.05679653e-01 -1.77724826e-01 -1.58236416e-01 -1.37226724e-01 -1.23308363e-01 -1.09347443e-01 -9.61295573e-02 -8.78510886e-02 -7.82702411e-02 -7.15185949e-02 -6.47911108e-02 -6.06127216e-02 -5.37616306e-02 -5.15165075e-02 -4.73602111e-02 -4.54948586e-02 -4.02367696e-02 -3.87309155e-02 -3.38153566e-02 -3.78777624e-02 -3.99659782e-02 -3.84760280e-02 -4.50746593e-02 -5.16503457e-02 -5.27447523e-02 -6.16807303e-02 -6.84776673e-02 -7.96193587e-02 -9.05993204e-02 -1.07762889e-01 -1.22241157e-01 -1.42905940e-01 -1.59349802e-01 -1.77516268e-01 -1.87717487e-01 -1.99807434e-01 -2.02457895e-01 -2.03525584e-01 -1.97935383e-01 -1.92516440e-01 -1.91394024e-01 -1.88402244e-01 -1.92482536e-01 -2.01353953e-01 -2.17562904e-01 -2.29930275e-01 -2.42894801e-01 -2.55000348e-01 -2.63005236e-01 -2.81634267e-01 -2.93746708e-01 -3.09129162e-01 -2.96682574e-01 -2.94551787e-01 -2.65889349e-01 -2.66892144e-01 -2.09927193e-01 -2.86242294e-01 -2.01879954e-01 -2.34460061e-01 -2.16541807e-01 -2.09381141e-01 -1.67944700e-01 -1.63453480e-01 -1.58363104e-01 -1.29025830e-01 -1.04715577e-01 -7.92492636e-02 -9.11159796e-02 -8.03251231e-02 -6.68380510e-02 -6.38229220e-03 -5.62175873e-02
2.68000000e+01 3.35483987e-01 1.71961953e-01 1.38333724e-01 1.21335738e-01 1.13152008e-01 8.87555874e-02 3.79933273e-02 1.34530731e-02 -1.16139201e-02 -3.12685592e-02 -6.40658858e-02 -8.35372923e-02 -1.07540900e-01 -1.38269787e-01 -1.17076189e-01 -2.16392873e-01 -1.34098439e-01 -2.41041636e-01 -2.01861689e-01 -2.39500086e-01 -2.69636760e-01 -2.70251317e-01 -2.66319995e-01 -2.64847597e-01 -2.55511353e-01 -2.41716526e-01 -2.23384228e-01 -2.06522613e-01 -1.78093942e-01 -1.58812762e-01 -1.37621830e-01 -1.23427458e-01 -1.09487046e-01 -9.60291888e-02 -8.86535027e-02 -7.85409943e-02 -7.25853897e-02 -6.57710071e-02 -6.12966398e-02 -5.43675801e-02 -5.21754714e-02 -4.78742343e-02 -4.57954073e-02 -4.06378100e-02 -3.84775243e-02 -3.35409882e-02 -3.77174994e-02 -3.92299109e-02 -3.76541233e-02 -4.36457716e-02 -5.05099378e-02 -5.13906871e-02 -6.03798499e-02 -6.70169755e-02 -7.80314769e-02 -8.90800436e-02 -1.06069182e-01 -1.19994137e-01 -1.41361185e-01 -1.57883740e-01 -1.76811822e-01 -1.87253359e-01 -1.99549777e-01 -2.02598664e-01 -2.03804759e-01 -1.98175315e-01 -1.93091058e-01 -1.92012759e-01 -1.89488673e-01 -1.94134337e-01 -2.03485840e-01 -2.19640326e-01 -2.31572469e-01 -2.44417631e-01 -2.56606830e-01 -2.64676574e-01 -2.83785028e-01 -2.95370058e-01 -3.09441735e-01 -2.96008789e-01 -2.92999472e-01 -2.63447683e-01 -2.64253337e-01 -2.08788236e-01 -2.85687061e-01 -2.00511061e-01 -2.33233941e-01 -2.16413192e-01 -2.07745078e-01 -1.67427449e-01 -1.62942327e-01 -1.56873265e-01 -1.29854633e-01 -1.04947720e-01 -7.98954257e-02 -9.15770987e-02 -8.15295774e-02 -6.89377173e-02 -7.06174640e-03 -5.80260433e-02
2.69000000e+01 3.34882677e-01 1.71531282e-01 1.36948717e-01 1.21580981e-01 1.12011721e-01 8.73393827e-02 3.62832051e-02 1.35448676e-02 -1.29191806e-02 -3.09584241e-02 -6.49182768e-02 -8.39559587e-02 -1.06451592e-01 -1.39214408e-01 -1.16585745e-01 -2.15939100e-01 -1.33534986e-01 -2.40810281e-01 -2.01018269e-01 -2.37911234e-01 -2.68086962e-01 -2.69181006e-01 -2.65720233e-01 -2.65069453e-01 -2.55776029e-01 -2.42383123e-01 -2.24195668e-01 -2.07302010e-01 -1.78484204e-01 -1.59398142e-01 -1.38065070e-01 -1.23546218e-01 -1.09652735e-01 -9.59530205e-02 -8.94585476e-02 -7.88150992e-02 -7.36555200e-02 -6.67503804e-02 -6.19671426e-02 -5.49701111e-02 -5.28423762e-02 -4.83927032e-02 -4.60804768e-02 -4.10242164e-02 -3.82480908e-02 -3.32934964e-02 -3.75439372e-02 -3.85110567e-02 -3.68511132e-02 -4.22395943e-02 -4.93559639e-02 -5.00894599e-02 -5.90869178e-02 -6.55797633e-02 -7.64727905e-02 -8.75870721e-02 -1.04373198e-01 -1.17794123e-01 -1.39791922e-01 -1.56425512e-01 -1.76066124e-01 -1.86781666e-01 -1.99246329e-01 -2.02706922e-01 -2.04045089e-01 -1.98411108e-01 -1.93690853e-01 -1.92634947e-01 -1.90625751e-01 -1.95811152e-01 -2.05658958e-01 -2.21677347e-01 -2.33195388e-01 -2.45901940e-01 -2.58212387e-01 -2.66396422e-01 -2.85897663e-01 -2.96910175e-01 -3.09652076e-01 -2.95295491e-01 -2.91393773e-01 -2.61034660e-01 -2.61689994e-01 -2.07776047e-01 -2.85085524e-01 -1.99061256e-01 -2.32118865e-01 -2.16260276e-01 -2.05941236e-01 -1.67105470e-01 -1.62340697e-01 -1.55362709e-01 -1.30798912e-01 -1.05019229e-01 -8.07256516e-02 -9.19489534e-02 -8.27632033e-02 -7.09849602e-02 -7.73873702e-03 -5.99316137e-02
2.70000000e+01 3.34181981e-01 1.70936422e-01 1.35632586e-01 1.21850999e-01 1.10789548e-01 8.59072855e-02 3.46117531e-02 1.36089195e-02 -1.40888671e-02 -3.07945023e-02 -6.56438451e-02 -8.43842983e-02 -1.05407007e-01 -1.40026488e-01 -1.16200057e-01 -2.15436148e-01 -1.32947073e-01 -2.40582361e-01 -2.00268532e-01 -2.36326042e-01 -2.66444859e-01 -2.68012136e-01 -2.65101041e-01 -2.65258631e-01 -2.56001011e-01 -2.43014714e-01 -2.24994491e-01 -2.08013557e-01 -1.78899358e-01 -1.59991464e-01 -1.38553243e-01 -1.23666858e-01 -1.09845173e-01 -9.59061398e-02 -9.02560104e-02 -7.91035263e-02 -7.47229095e-02 -6.77283805e-02 -6.26247360e-02 -5.55703992e-02 -5.35161396e-02 -4.89148334e-02 -4.63513557e-02 -4.13914327e-02 -3.80462731e-02 -3.30739761e-02 -3.73547192e-02 -3.78087766e-02 -3.60665176e-02 -4.08608912e-02 -4.81850585e-02 -4.88422566e-02 -5.78006402e-02 -6.41660774e-02 -7.49451442e-02 -8.61179099e-02 -1.02674094e-01 -1.15649017e-01 -1.38193472e-01 -1.54980223e-01 -1.75274946e-01 -1.86301333e-01 -1.98899858e-01 -2.02780556e-01 -2.04245616e-01 -1.98645824e-01 -1.94314499e-01 -1.93262162e-01 -1.91815606e-01 -1.97510386e-01 -2.07869113e-01 -2.23670332e-01 -2.34802551e-01 -2.47349902e-01 -2.59818118e-01 -2.68166222e-01 -2.87964296e-01 -2.98361120e-01 -3.09766354e-01 -2.94541712e-01 -2.89736779e-01 -2.58654654e-01 -2.59214684e-01 -2.06882241e-01 -2.84424085e-01 -1.97545929e-01 -2.31116041e-01 -2.16059891e-01 -2.03997672e-01 -1.66965225e-01 -1.61643914e-01 -1.53852420e-01 -1.31836197e-01 -1.04947678e-01 -8.17256539e-02 -9.22380521e-02 -8.40258163e-02 -7.29791546e-02 -8.40602034e-03 -6.19396161e-02
2.71000000e+01 3.33378540e-01 1.70180171e-01 1.34389837e-01 1.22129053e-01 1.09506111e-01 8.44462941e-02 3.29913090e-02 1.36325577e-02 -1.51040743e-02 -3.08011654e-02 -6.62280491e-02 -8.48126134e-02 -1.04434447e-01 -1.40686584e-01 -1.15917839e-01 -2.14892379e-01 -1.32334287e-01 -2.40350629e-01 -1.99613054e-01 -2.34747549e-01 -2.64716102e-01 -2.66747967e-01 -2.64461362e-01 -2.65410150e-01 -2.56189123e-01 -2.43610560e-01 -2.25780244e-01 -2.08653974e-01 -1.79342613e-01 -1.60592007e-01 -1.39082240e-01 -1.23792370e-01 -1.10064637e-01 -9.58936589e-02 -9.10359499e-02 -7.94171224e-02 -7.57814904e-02 -6.87038930e-02 -6.32702829e-02 -5.61697463e-02 -5.41952360e-02 -4.94397656e-02 -4.66097125e-02 -4.17350945e-02 -3.78753663e-02 -3.28831408e-02 -3.71480364e-02 -3.71222815e-02 -3.52999008e-02 -3.95140949e-02 -4.69946670e-02 -4.76493864e-02 -5.65201096e-02 -6.27760085e-02 -7.34501416e-02 -8.46699785e-02 -1.00971628e-01 -1.13565785e-01 -1.36561966e-01 -1.53552420e-01 -1.74434483e-01 -1.85811107e-01 -1.98513126e-01 -2.02817555e-01 -2.04405718e-01 -1.98882291e-01 -1.94960491e-01 -1.93896327e-01 -1.93060007e-01 -1.99229478e-01 -2.10111528e-01 -2.25616433e-01 -2.36397135e-01 -2.48764296e-01 -2.61424903e-01 -2.69986365e-01 -2.89977508e-01 -2.99717503e-01 -3.09791001e-01 -2.93745875e-01 -2.88031472e-01 -2.56311700e-01 -2.56839556e-01 -2.06096839e-01 -2.83690693e-01 -1.95982065e-01 -2.30223624e-01 -2.15789447e-01 -2.01946523e-01 -1.66987126e-01 -1.60851235e-01 -1.52363434e-01 -1.32940325e-01 -1.04756194e-01 -8.28758114e-02 -9.24547643e-02 -8.53147889e-02 -7.49208075e-02 -9.05689410e-03 -6.40546589e-02
2.72000000e+01 3.32468129e-01 1.69268254e-01 1.33221938e-01 1.22399168e-01 1.08182832e-01 8.29427684e-02 3.14338518e-02 1.36055635e-02 -1.59514609e-02 -3.09961841e-02 -6.66606279e-02 -8.52307953e-02 -1.03558465e-01 -1.41179256e-01 -1.15735008e-01 -2.14316544e-01 -1.31697270e-01 -2.40107719e-01 -1.99051516e-01 -2.33178243e-01 -2.62907034e-01 -2.65392339e-01 -2.63799800e-01 -2.65519015e-01 -2.56343117e-01 -2.44170080e-01 -2.26551865e-01 -2.09221080e-01 -1.79816568e-01 -1.61199395e-01 -1.39647178e-01 -1.23926486e-01 -1.10310955e-01 -9.59206691e-02 -9.17889572e-02 -7.97662787e-02 -7.68253729e-02 -6.96754748e-02 -6.39050324e-02 -5.67695719e-02 -5.48776990e-02 -4.99666036e-02 -4.68575352e-02 -4.20511192e-02 -3.77382681e-02 -3.27212747e-02 -3.69226521e-02 -3.64506598e-02 -3.45509151e-02 -3.82031291e-02 -4.57831824e-02 -4.65102413e-02 -5.52448791e-02 -6.14096631e-02 -7.19890725e-02 -8.32407231e-02 -9.92661082e-02 -1.11550410e-01 -1.34894455e-01 -1.52146013e-01 -1.73541426e-01 -1.85309546e-01 -1.98088795e-01 -2.02816085e-01 -2.04525123e-01 -1.99123043e-01 -1.95627201e-01 -1.94539655e-01 -1.94360331e-01 -2.00965960e-01 -2.12380901e-01 -2.27513624e-01 -2.37981938e-01 -2.50148433e-01 -2.63033413e-01 -2.71856145e-01 -2.91930451e-01 -3.00974535e-01 -3.09732549e-01 -2.92905856e-01 -2.86281757e-01 -2.54009548e-01 -2.54576103e-01 -2.05408418e-01 -2.82875168e-01 -1.94387678e-01 -2.29436834e-01 -2.15427525e-01 -1.99823055e-01 -1.67146222e-01 -1.59965812e-01 -1.50916236e-01 -1.34082334e-01 -1.04472605e-01 -8.41518093e-02 -9.26129251e-02 -8.66253026e-02 -7.68113159e-02 -9.68543085e-03 -6.62805424e-02
2.73000000e+01 3.31445720e-01 1.68209242e-01 1.32127197e-01 1.22646620e-01 1.06841233e-01 8.13830658e-02 2.99505615e-02 1.35205027e-02 -1.66236866e-02 -3.13901889e-02 -6.69358988e-02 -8.56286059e-02 -1.02800206e-01 -1.41493524e-01 -1.15644713e-01 -2.13717608e-01 -1.31037701e-01 -2.39846224e-01 -1.98582705e-01 -2.31620065e-01 -2.61024615e-01 -2.63949694e-01 -2.63114607e-01 -2.65580329e-01 -2.56465578e-01 -2.44692838e-01 -2.27307662e-01 -2.09713852e-01 -1.80323162e-01 -1.61813541e-01 -1.40242567e-01 -1.24073599e-01 -1.10583485e-01 -9.59921667e-02 -9.25064162e-02 -8.01606041e-02 -7.78490216e-02 -7.06413033e-02 -6.45306306e-02 -5.73713945e-02 -5.55611550e-02 -5.04944424e-02 -4.70970546e-02 -4.23358045e-02 -3.76374445e-02 -3.25882037e-02 -3.66779061e-02 -3.57929085e-02 -3.38193349e-02 -3.69312589e-02 -4.45500496e-02 -4.54232828e-02 -5.39750154e-02 -6.00671385e-02 -7.05628526e-02 -8.18277169e-02 -9.75583249e-02 -1.09607861e-01 -1.33188983e-01 -1.50764208e-01 -1.72593032e-01 -1.84795004e-01 -1.97629348e-01 -2.02774543e-01 -2.04603927e-01 -1.99370276e-01 -1.96312919e-01 -1.95194588e-01 -1.95717509e-01 -2.02717529e-01 -2.14671459e-01 -2.29360712e-01 -2.39559368e-01 -2.51506065e-01 -2.64644130e-01 -2.73773736e-01 -2.93816941e-01 -3.02128076e-01 -3.09597456e-01 -2.92019072e-01 -2.84492457e-01 -2.51751720e-01 -2.52434935e-01 -2.04804313e-01 -2.81969473e-01 -1.92781231e-01 -2.28748162e-01 -2.14954443e-01 -1.97664633e-01 -1.67413059e-01 -1.58994524e-01 -1.49530172e-01 -1.35231452e-01 -1.04128422e-01 -8.55254636e-02 -9.27292951e-02 -8.79506860e-02 -7.86526955e-02 -1.02866992e-02 -6.86201707e-02
2.74000000e+01 3.30305558e-01 1.67014383e-01 1.31100736e-01 1.22858367e-01 1.05502232e-01 7.97541890e-02 2.85514014e-02 1.33729522e-02 -1.71196414e-02 -3.19863691e-02 -6.70528959e-02 -8.59959748e-02 -1.02176845e-01 -1.41623183e-01 -1.15637442e-01 -2.13104555e-01 -1.30358284e-01 -2.39558788e-01 -1.98204517e-01 -2.30074436e-01 -2.59076317e-01 -2.62425104e-01 -2.62403676e-01 -2.65589402e-01 -2.56558853e-01 -2.45178520e-01 -2.28045320e-01 -2.10132455e-01 -1.80863636e-01 -1.62434594e-01 -1.40862494e-01 -1.24238629e-01 -1.10881143e-01 -9.61129493e-02 -9.31807566e-02 -8.06086215e-02 -7.88474304e-02 -7.15991434e-02 -6.51491148e-02 -5.79767967e-02 -5.62428892e-02 -5.10223858e-02 -4.73306550e-02 -4.25859342e-02 -3.75748906e-02 -3.24832881e-02 -3.64137015e-02 -3.51479694e-02 -3.31050758e-02 -3.57009793e-02 -4.32958278e-02 -4.43860578e-02 -5.27111272e-02 -5.87485026e-02 -6.91719809e-02 -8.04287559e-02 -9.58494687e-02 -1.07742087e-01 -1.31444651e-01 -1.49409450e-01 -1.71587200e-01 -1.84265602e-01 -1.97137040e-01 -2.02691614e-01 -2.04642595e-01 -1.99625816e-01 -1.97015902e-01 -1.95863735e-01 -1.97131968e-01 -2.04482137e-01 -2.16977012e-01 -2.31157321e-01 -2.41131458e-01 -2.52841279e-01 -2.66257365e-01 -2.75736169e-01 -2.95631541e-01 -3.03174691e-01 -3.09391935e-01 -2.91082598e-01 -2.82669275e-01 -2.49541578e-01 -2.50425538e-01 -2.04270848e-01 -2.80967928e-01 -1.91181046e-01 -2.28147627e-01 -2.14352780e-01 -1.95509619e-01 -1.67754658e-01 -1.57947695e-01 -1.48222901e-01 -1.36356161e-01 -1.03757681e-01 -8.69656995e-02 -9.28228993e-02 -8.92828218e-02 -8.04472924e-02 -1.08569649e-02 -7.10754773e-02
2.75000000e+01 3.29041278e-01 1.65697370e-01 1.30134570e-01 1.23023414e-01 1.04185468e-01 7.80444230e-02 2.72447381e-02 1.31616084e-02 -1.74444592e-02 -3.27804156e-02 -6.70153504e-02 -8.63233014e-02 -1.01701155e-01 -1.41566977e-01 -1.15701211e-01 -2.12486174e-01 -1.29662726e-01 -2.39238193e-01 -1.97913947e-01 -2.28542317e-01 -2.57070011e-01 -2.60824288e-01 -2.61664530e-01 -2.65541833e-01 -2.56624991e-01 -2.45626899e-01 -2.28761933e-01 -2.10478232e-01 -1.81438522e-01 -1.63062872e-01 -1.41500827e-01 -1.24426844e-01 -1.11202472e-01 -9.62874812e-02 -9.38056877e-02 -8.11175030e-02 -7.98162892e-02 -7.25463337e-02 -6.57628944e-02 -5.85873682e-02 -5.69199462e-02 -5.15495547e-02 -4.75607750e-02 -4.27988895e-02 -3.75520860e-02 -3.24054380e-02 -3.61304724e-02 -3.45147691e-02 -3.24081916e-02 -3.45139540e-02 -4.20222045e-02 -4.33952423e-02 -5.14543654e-02 -5.74537780e-02 -6.78165195e-02 -7.90419392e-02 -9.41410438e-02 -1.05956020e-01 -1.29661649e-01 -1.48083375e-01 -1.70522523e-01 -1.83719208e-01 -1.96613869e-01 -2.02566288e-01 -2.04641957e-01 -1.99891107e-01 -1.97734406e-01 -1.96549833e-01 -1.98603565e-01 -2.06258074e-01 -2.19291002e-01 -2.32903868e-01 -2.42699911e-01 -2.54158391e-01 -2.67873291e-01 -2.77739337e-01 -2.97369615e-01 -3.04111689e-01 -3.09121799e-01 -2.90093308e-01 -2.80818725e-01 -2.47382394e-01 -2.48556060e-01 -2.03793597e-01 -2.79867369e-01 -1.89604747e-01 -2.27623100e-01 -2.13607855e-01 -1.93396244e-01 -1.68135609e-01 -1.56838711e-01 -1.47009884e-01 -1.37425286e-01 -1.03395689e-01 -8.84396472e-02 -9.29142685e-02 -9.06126046e-02 -8.21974932e-02 -1.13938654e-02 -7.36473679e-02
2.76000000e+01 3.27646032e-01 1.64274017e-01 1.29217784e-01 1.23133092e-01 1.02908679e-01 7.62439368e-02 2.60370157e-02 1.28882758e-02 -1.76093145e-02 -3.37607052e-02 -6.68315184e-02 -8.66017501e-02 -1.01381197e-01 -1.41328626e-01 -1.15821832e-01 -2.11870850e-01 -1.28955705e-01 -2.38877441e-01 -1.97707087e-01 -2.27024286e-01 -2.55013841e-01 -2.59153606e-01 -2.60894339e-01 -2.65433574e-01 -2.56665708e-01 -2.46037799e-01 -2.29454064e-01 -2.10753673e-01 -1.82047642e-01 -1.63698790e-01 -1.42151420e-01 -1.24643650e-01 -1.11545764e-01 -9.65197342e-02 -9.43764021e-02 -8.16928568e-02 -8.07521314e-02 -7.34797946e-02 -6.63747190e-02 -5.92046293e-02 -5.75892590e-02 -5.20750865e-02 -4.77898024e-02 -4.29727620e-02 -3.75699482e-02 -3.23531486e-02 -3.58291388e-02 -3.38922608e-02 -3.17288459e-02 -3.33710098e-02 -4.07319581e-02 -4.24467115e-02 -5.02063980e-02 -5.61829283e-02 -6.64960998e-02 -7.76657289e-02 -9.24347824e-02 -1.04251591e-01 -1.27841280e-01 -1.46786761e-01 -1.69398356e-01 -1.83153405e-01 -1.96061574e-01 -2.02397863e-01 -2.04603203e-01 -2.00167209e-01 -1.98466710e-01 -1.97255717e-01 -2.00131509e-01 -2.08044058e-01 -2.21606548e-01 -2.34601515e-01 -2.44266149e-01 -2.55461848e-01 -2.69491956e-01 -2.79778016e-01 -2.99027360e-01 -3.04937166e-01 -3.08792315e-01 -2.89048043e-01 -2.78948033e-01 -2.45277411e-01 -2.46833103e-01 -2.03357662e-01 -2.78667237e-01 -1.88068728e-01 -2.27160667e-01 -2.12708126e-01 -1.91361493e-01 -1.68519226e-01 -1.55683532e-01 -1.45903951e-01 -1.38409082e-01 -1.03077722e-01 -8.99138142e-02 -9.30246163e-02 -9.19304254e-02 -8.39054469e-02 -1.18965494e-02 -7.63356794e-02
2.77000000e+01 3.26112651e-01 1.62761880e-01 1.28336806e-01 1.23181249e-01 1.01687145e-01 7.43453282e-02 2.49324955e-02 1.25577332e-02 -1.76310096e-02 -3.49087165e-02 -6.65138652e-02 -8.68235274e-02 -1.01220161e-01 -1.40916692e-01 -1.15983249e-01 -2.11266351e-01 -1.28242827e-01 -2.38469848e-01 -1.97579120e-01 -2.25520625e-01 -2.52916113e-01 -2.57420029e-01 -2.60089941e-01 -2.65260976e-01 -2.56682363e-01 -2.46411058e-01 -2.30117825e-01 -2.10962342e-01 -1.82690138e-01 -1.64342790e-01 -1.42808313e-01 -1.24894360e-01 -1.11909214e-01 -9.68130148e-02 -9.48897399e-02 -8.23385735e-02 -8.16524530e-02 -7.43960573e-02 -6.69876352e-02 -5.98299401e-02 -5.82477966e-02 -5.25981279e-02 -4.80199674e-02 -4.31064641e-02 -3.76287833e-02 -3.23245545e-02 -3.55110499e-02 -3.32794683e-02 -3.10672575e-02 -3.22721852e-02 -3.94288714e-02 -4.15356348e-02 -4.89693633e-02 -5.49358444e-02 -6.52099559e-02 -7.62989825e-02 -9.07325701e-02 -1.02629755e-01 -1.25985964e-01 -1.45519495e-01 -1.68214854e-01 -1.82565485e-01 -1.95481656e-01 -2.02185929e-01 -2.04527858e-01 -2.00454820e-01 -1.99211122e-01 -1.97984320e-01 -2.01714289e-01 -2.09839307e-01 -2.23916496e-01 -2.36252119e-01 -2.45831366e-01 -2.56756137e-01 -2.71113301e-01 -2.81845913e-01 -3.00601821e-01 -3.05650024e-01 -3.08408089e-01 -2.87943783e-01 -2.77065003e-01 -2.43229895e-01 -2.45261550e-01 -2.02947958e-01 -2.77369610e-01 -1.86587688e-01 -2.26745026e-01 -2.11645520e-01 -1.89440012e-01 -1.68868733e-01 -1.54500139e-01 -1.44914940e-01 -1.39280284e-01 -1.02837711e-01 -9.13552893e-02 -9.31749820e-02 -9.32266650e-02 -8.55728126e-02 -1.23657775e-02 -7.91391588e-02
2.78000000e+01 3.24433814e-01 1.61179819e-01 1.27475769e-01 1.23164341e-01 1.00533215e-01 7.23440923e-02 2.39330712e-02 1.21774849e-02 -1.75313668e-02 -3.61996646e-02 -6.60786202e-02 -8.69821297e-02 -1.01216335e-01 -1.40344310e-01 -1.16167954e-01 -2.10679628e-01 -1.27530547e-01 -2.38009128e-01 -1.97524334e-01 -2.24031408e-01 -2.50785202e-01 -2.55631070e-01 -2.59247894e-01 -2.65020807e-01 -2.56675951e-01 -2.46746482e-01 -2.30748980e-01 -2.11108784e-01 -1.83364512e-01 -1.64995268e-01 -1.43465921e-01 -1.25183970e-01 -1.12291095e-01 -9.71697884e-02 -9.53443047e-02 -8.30567385e-02 -8.25157927e-02 -7.52913173e-02 -6.76049303e-02 -6.04644041e-02 -5.88927182e-02 -5.31178230e-02 -4.82532409e-02 -4.31998293e-02 -3.77282371e-02 -3.23175015e-02 -3.51779205e-02 -3.26755274e-02 -3.04236249e-02 -3.12168264e-02 -3.81176007e-02 -4.06565955e-02 -4.77458072e-02 -5.37123295e-02 -6.39569800e-02 -7.49409569e-02 -8.90363912e-02 -1.01090511e-01 -1.24099231e-01 -1.44280540e-01 -1.66973016e-01 -1.81952433e-01 -1.94875410e-01 -2.01930326e-01 -2.04417767e-01 -2.00754309e-01 -1.99965975e-01 -1.98738685e-01 -2.03349602e-01 -2.11643580e-01 -2.26213465e-01 -2.37858176e-01 -2.47396573e-01 -2.58045712e-01 -2.72737157e-01 -2.83935738e-01 -3.02090871e-01 -3.06249981e-01 -3.07972974e-01 -2.86777835e-01 -2.75177872e-01 -2.41243163e-01 -2.43844425e-01 -2.02549501e-01 -2.75979163e-01 -1.85174220e-01 -2.26359898e-01 -2.10415673e-01 -1.87663099e-01 -1.69148452e-01 -1.53307912e-01 -1.44049426e-01 -1.40015072e-01 -1.02706983e-01 -9.27329336e-02 -9.33853746e-02 -9.44921715e-02 -8.72005455e-02 -1.28039771e-02 -8.20554613e-02
2.79000000e+01 3.22602236e-01 1.59547506e-01 1.26616963e-01 1.23081429e-01 9.94559452e-02 7.02389944e-02 2.30381673e-02 1.17574029e-02 -1.73364457e-02 -3.76033334e-02 -6.55452163e-02 -8.70725549e-02 -1.01363230e-01 -1.39628774e-01 -1.16357443e-01 -2.10116626e-01 -1.26826064e-01 -2.37489495e-01 -1.97536148e-01 -2.22556585e-01 -2.48629471e-01 -2.53794674e-01 -2.58364551e-01 -2.64710274e-01 -2.56647113e-01 -2.47043815e-01 -2.31343052e-01 -2.11198404e-01 -1.84068688e-01 -1.65656504e-01 -1.44119201e-01 -1.25516943e-01 -1.12689931e-01 -9.75915179e-02 -9.57405265e-02 -8.38476096e-02 -8.33417642e-02 -7.61615134e-02 -6.82300608e-02 -6.11087789e-02 -5.95215182e-02 -5.36332977e-02 -4.84912413e-02 -4.32536977e-02 -3.78672513e-02 -3.23296335e-02 -3.48317652e-02 -3.20797239e-02 -2.97980393e-02 -3.02037191e-02 -3.68035085e-02 -3.98037317e-02 -4.65386102e-02 -5.25120817e-02 -6.27357957e-02 -7.35912810e-02 -8.73483006e-02 -9.96329300e-02 -1.22185694e-01 -1.43067923e-01 -1.65674700e-01 -1.81310944e-01 -1.94243963e-01 -2.01631097e-01 -2.04275061e-01 -2.01065755e-01 -2.00729610e-01 -1.99521995e-01 -2.05034302e-01 -2.13457201e-01 -2.28489907e-01 -2.39422766e-01 -2.48962642e-01 -2.59334937e-01 -2.74363239e-01 -2.86039314e-01 -3.03493174e-01 -3.06737556e-01 -3.07490003e-01 -2.85548014e-01 -2.73295147e-01 -2.39320598e-01 -2.42582797e-01 -2.02147688e-01 -2.74503066e-01 -1.83838481e-01 -2.25988458e-01 -2.09018073e-01 -1.86057791e-01 -1.69324943e-01 -1.52126974e-01 -1.43310555e-01 -1.40593925e-01 -1.02713076e-01 -9.40185145e-02 -9.36739535e-02 -9.57187026e-02 -8.87887333e-02 -1.32152483e-02 -8.50811682e-02
2.80000000e+01 3.20610865e-01 1.57884908e-01 1.25741339e-01 1.22934068e-01 9.84608428e-02 6.80323362e-02 2.22447246e-02 1.13092742e-02 -1.70756130e-02 -3.90850787e-02 -6.49356340e-02 -8.70914698e-02 -1.01649824e-01 -1.38790992e-01 -1.16532745e-01 -2.09582117e-01 -1.26137180e-01 -2.36905761e-01 -1.97607150e-01 -2.21096046e-01 -2.46457218e-01 -2.51919087e-01 -2.57436145e-01 -2.64327027e-01 -2.56596138e-01 -2.47302697e-01 -2.31895451e-01 -2.11237327e-01 -1.84800073e-01 -1.66326599e-01 -1.44763793e-01 -1.25897036e-01 -1.13104656e-01 -9.80785296e-02 -9.60806680e-02 -8.47096576e-02 -8.41310356e-02 -7.70024327e-02 -6.88665640e-02 -6.17634072e-02 -6.01321503e-02 -5.41436436e-02 -4.87351563e-02 -4.32699794e-02 -3.80440253e-02 -3.23584891e-02 -3.44748335e-02 -3.14915244e-02 -2.91903980e-02 -2.92312375e-02 -3.54924708e-02 -3.89708965e-02 -4.53509065e-02 -5.13346772e-02 -6.15448380e-02 -7.22499031e-02 -8.56704283e-02 -9.82551638e-02 -1.20251010e-01 -1.41878728e-01 -1.64322630e-01 -1.80637451e-01 -1.93588314e-01 -2.01288436e-01 -2.04102120e-01 -2.01388999e-01 -2.01500350e-01 -2.00337602e-01 -2.06764370e-01 -2.15281039e-01 -2.30738178e-01 -2.40949497e-01 -2.50530321e-01 -2.60628035e-01 -2.75991128e-01 -2.88147706e-01 -3.04808126e-01 -3.07114052e-01 -3.06961352e-01 -2.84252815e-01 -2.71425440e-01 -2.37465633e-01 -2.41475735e-01 -2.01728570e-01 -2.72950821e-01 -1.82587944e-01 -2.25613755e-01 -2.07456099e-01 -1.84646085e-01 -1.69368075e-01 -1.50977515e-01 -1.42697977e-01 -1.41002336e-01 -1.02878699e-01 -9.51877383e-02 -9.40562783e-02 -9.68993151e-02 -9.03364888e-02 -1.36053189e-02 -8.82118254e-02
2.81000000e+01 3.18453083e-01 1.56211747e-01 1.24829080e-01 1.22726111e-01 9.75497418e-02 6.57301023e-02 2.15472773e-02 1.08462661e-02 -1.67804953e-02 -4.06069710e-02 -6.42736711e-02 -8.70373307e-02 -1.02060949e-01 -1.37854832e-01 -1.16674961e-01 -2.09079556e-01 -1.25472128e-01 -2.36253442e-01 -1.97729171e-01 -2.19649669e-01 -2.44276636e-01 -2.50012693e-01 -2.56458900e-01 -2.63869167e-01 -2.56522981e-01 -2.47522635e-01 -2.32401588e-01 -2.11232256e-01 -1.85555628e-01 -1.67005423e-01 -1.45396134e-01 -1.26327165e-01 -1.13534740e-01 -9.86299234e-02 -9.63687739e-02 -8.56396640e-02 -8.48852544e-02 -7.78098427e-02 -6.95179543e-02 -6.24281767e-02 -6.07231199e-02 -5.46479008e-02 -4.89856835e-02 -4.32516882e-02 -3.82559919e-02 -3.24016032e-02 -3.41095505e-02 -3.09105963e-02 -2.86003339e-02 -2.82974946e-02 -3.41906725e-02 -3.81518300e-02 -4.41859985e-02 -5.01795566e-02 -6.03824323e-02 -7.09170173e-02 -8.40050140e-02 -9.69544597e-02 -1.18301820e-01 -1.40709130e-01 -1.62920364e-01 -1.79928165e-01 -1.92909366e-01 -2.00902637e-01 -2.03901538e-01 -2.01723689e-01 -2.02276483e-01 -2.01189047e-01 -2.08534924e-01 -2.17116458e-01 -2.32950631e-01 -2.42442456e-01 -2.52100245e-01 -2.61929042e-01 -2.77620244e-01 -2.90251380e-01 -3.06035764e-01 -3.07381511e-01 -3.06388325e-01 -2.82891565e-01 -2.69577301e-01 -2.35681723e-01 -2.40520316e-01 -2.01279113e-01 -2.71334025e-01 -1.81427221e-01 -2.25219136e-01 -2.05736958e-01 -1.83444312e-01 -1.69251977e-01 -1.49879116e-01 -1.42207890e-01 -1.41231358e-01 -1.03220847e-01 -9.62211455e-02 -9.45446583e-02 -9.80286814e-02 -9.18419067e-02 -1.39814460e-02 -9.14420027e-02
2.82000000e+01 3.16122896e-01 1.54546963e-01 1.23860199e-01 1.22463424e-01 9.67207986e-02 6.33419839e-02 2.09381160e-02 1.03823295e-02 -1.64838520e-02 -4.21290410e-02 -6.35841618e-02 -8.69104524e-02 -1.02577777e-01 -1.36846380e-01 -1.16765846e-01 -2.08610962e-01 -1.24839359e-01 -2.35528867e-01 -1.97893366e-01 -2.18217356e-01 -2.42095784e-01 -2.48083851e-01 -2.55429145e-01 -2.63335253e-01 -2.56427268e-01 -2.47702966e-01 -2.32857014e-01 -2.11190313e-01 -1.86331934e-01 -1.67692563e-01 -1.46013543e-01 -1.26809328e-01 -1.13980266e-01 -9.92435371e-02 -9.66105652e-02 -8.66328673e-02 -8.56069231e-02 -7.85796472e-02 -7.01876018e-02 -6.31025175e-02 -6.12935410e-02 -5.51450428e-02 -4.92429900e-02 -4.32029400e-02 -3.84998111e-02 -3.24566027e-02 -3.37384665e-02 -3.03368154e-02 -2.80271702e-02 -2.74004762e-02 -3.29044031e-02 -3.73403381e-02 -4.30472658e-02 -4.90460176e-02 -5.92468659e-02 -6.95929776e-02 -8.23544695e-02 -9.57271649e-02 -1.16345659e-01 -1.39554445e-01 -1.61472258e-01 -1.79179144e-01 -1.92207941e-01 -2.00474050e-01 -2.03676087e-01 -2.02069329e-01 -2.03056245e-01 -2.02080061e-01 -2.10340261e-01 -2.18965231e-01 -2.35119727e-01 -2.43906156e-01 -2.53672932e-01 -2.63241762e-01 -2.79249826e-01 -2.92340381e-01 -3.07176666e-01 -3.07542678e-01 -3.05771353e-01 -2.81464559e-01 -2.67759062e-01 -2.33972293e-01 -2.39711679e-01 -2.00787438e-01 -2.69666088e-01 -1.80357987e-01 -2.24788656e-01 -2.03871512e-01 -1.82462686e-01 -1.68955851e-01 -1.48850103e-01 -1.41833189e-01 -1.41277960e-01 -1.03750133e-01 -9.71048330e-02 -9.51476292e-02 -9.91033223e-02 -9.33020878e-02 -1.43522670e-02 -9.47653725e-02
2.83000000e+01 3.13615119e-01 1.52908183e-01 1.22815160e-01 1.22153520e-01 9.59686139e-02 6.08812760e-02 2.04075347e-02 9.93155933e-03 -1.62184050e-02 -4.36105851e-02 -6.28921707e-02 -8.67130262e-02 -1.03178414e-01 -1.35793126e-01 -1.16788364e-01 -2.08176839e-01 -1.24247319e-01 -2.34729281e-01 -1.98090332e-01 -2.16799047e-01 -2.39922565e-01 -2.46140730e-01 -2.54343436e-01 -2.62724309e-01 -2.56308303e-01 -2.47842832e-01 -2.33257534e-01 -2.11118892e-01 -1.87125252e-01 -1.68387304e-01 -1.46614264e-01 -1.27344577e-01 -1.14441949e-01 -9.99159750e-02 -9.68132820e-02 -8.76831474e-02 -8.62992329e-02 -7.93080630e-02 -7.08786007e-02 -6.37854382e-02 -6.18431557e-02 -5.56339627e-02 -4.95066989e-02 -4.31289082e-02 -3.87713899e-02 -3.25212872e-02 -3.33642178e-02 -2.97702598e-02 -2.74699093e-02 -2.65381491e-02 -3.16398647e-02 -3.65304667e-02 -4.19380705e-02 -4.79332198e-02 -5.81364455e-02 -6.82782089e-02 -8.07214577e-02 -9.45687356e-02 -1.14390839e-01 -1.38409232e-01 -1.59983380e-01 -1.78386359e-01 -1.91484786e-01 -2.00003046e-01 -2.03428689e-01 -2.02425299e-01 -2.03837832e-01 -2.03014533e-01 -2.12173959e-01 -2.20829424e-01 -2.37238162e-01 -2.45345485e-01 -2.55248770e-01 -2.64569719e-01 -2.80878907e-01 -2.94404517e-01 -3.08231837e-01 -3.07600941e-01 -3.05110031e-01 -2.79973170e-01 -2.65978690e-01 -2.32340684e-01 -2.39043130e-01 -2.00243048e-01 -2.67961893e-01 -1.79378971e-01 -2.24307457e-01 -2.01874006e-01 -1.81705042e-01 -1.68464622e-01 -1.47906949e-01 -1.41563716e-01 -1.41145184e-01 -1.04470335e-01 -9.78309775e-02 -9.58695768e-02 -1.00121743e-01 -9.47132301e-02 -1.47276014e-02 -9.81748086e-02
2.84000000e+01 3.10925548e-01 1.51311228e-01 1.21675484e-01 1.21805139e-01 9.52844730e-02 5.83646529e-02 1.99441495e-02 9.50753683e-03 -1.60156663e-02 -4.50114912e-02 -6.22221879e-02 -8.64490835e-02 -1.03838562e-01 -1.34723114e-01 -1.16727240e-01 -2.07776124e-01 -1.23704200e-01 -2.33852932e-01 -1.98310231e-01 -2.15394712e-01 -2.37764697e-01 -2.44191164e-01 -2.53198672e-01 -2.62035832e-01 -2.56165062e-01 -2.47941158e-01 -2.33599334e-01 -2.11025515e-01 -1.87931570e-01 -1.69088604e-01 -1.47197491e-01 -1.27933050e-01 -1.14921094e-01 -1.00642702e-01 -9.69854839e-02 -8.87832330e-02 -8.69658696e-02 -7.99918082e-02 -7.15936281e-02 -6.44755958e-02 -6.23723193e-02 -5.61134611e-02 -4.97759024e-02 -4.30357307e-02 -3.90659334e-02 -3.25936855e-02 -3.29895012e-02 -2.92111885e-02 -2.69272564e-02 -2.57085357e-02 -3.04030022e-02 -3.57166655e-02 -4.08616569e-02 -4.68402034e-02 -5.70495413e-02 -6.69731219e-02 -7.91089763e-02 -9.34737577e-02 -1.12446289e-01 -1.37267426e-01 -1.58459416e-01 -1.77545786e-01 -1.90740569e-01 -1.99489988e-01 -2.03162403e-01 -2.02790867e-01 -2.04619430e-01 -2.03996441e-01 -2.14029008e-01 -2.22711252e-01 -2.39299006e-01 -2.46765657e-01 -2.56828009e-01 -2.65916101e-01 -2.82506300e-01 -2.96433550e-01 -3.09202581e-01 -3.07560273e-01 -3.04403160e-01 -2.78419916e-01 -2.64243648e-01 -2.30790087e-01 -2.38506283e-01 -1.99637024e-01 -2.66237407e-01 -1.78486049e-01 -2.23762137e-01 -1.99761691e-01 -1.81168766e-01 -1.67769399e-01 -1.47063739e-01 -1.41386604e-01 -1.40842093e-01 -1.05378193e-01 -9.83981396e-02 -9.67105223e-02 -1.01084470e-01 -9.60707868e-02 -1.51182092e-02 -1.01662501e-01
2.85000000e+01 3.08051105e-01 1.49769658e-01 1.20424351e-01 1.21427780e-01 9.46566922e-02 5.58118273e-02 1.95352792e-02 9.12267887e-03 -1.59048035e-02 -4.62935390e-02 -6.15973509e-02 -8.61244073e-02 -1.04532252e-01 -1.33664072e-01 -1.16569444e-01 -2.07406189e-01 -1.23217702e-01 -2.32899141e-01 -1.98542940e-01 -2.14004337e-01 -2.35629681e-01 -2.42242530e-01 -2.51992196e-01 -2.61269795e-01 -2.55996181e-01 -2.47996638e-01 -2.33879091e-01 -2.10917702e-01 -1.88746647e-01 -1.69795102e-01 -1.47763357e-01 -1.28574037e-01 -1.15419509e-01 -1.01418198e-01 -9.71368180e-02 -8.99249187e-02 -8.76108055e-02 -8.06282936e-02 -7.23348027e-02 -6.51713939e-02 -6.28819561e-02 -5.65822343e-02 -5.00492112e-02 -4.29303649e-02 -3.93780327e-02 -3.26720822e-02 -3.26170613e-02 -2.86600080e-02 -2.63976743e-02 -2.49097587e-02 -2.91993595e-02 -3.48939351e-02 -3.98210464e-02 -4.57659246e-02 -5.59846145e-02 -6.56780402e-02 -7.75204308e-02 -9.24359894e-02 -1.10521362e-01 -1.36122525e-01 -1.56906536e-01 -1.76653498e-01 -1.89975853e-01 -1.98935211e-01 -2.02880413e-01 -2.03165176e-01 -2.05399282e-01 -2.05029739e-01 -2.15897994e-01 -2.24612919e-01 -2.41295845e-01 -2.48172142e-01 -2.58410757e-01 -2.67283704e-01 -2.84130585e-01 -2.98417381e-01 -3.10090388e-01 -3.07425164e-01 -3.03648818e-01 -2.76808510e-01 -2.62560782e-01 -2.29323481e-01 -2.38091235e-01 -1.98962195e-01 -2.64509276e-01 -1.77672403e-01 -2.23141057e-01 -1.97554371e-01 -1.80844912e-01 -1.66867745e-01 -1.46331724e-01 -1.41286694e-01 -1.40383511e-01 -1.06463463e-01 -9.88113363e-02 -9.76660788e-02 -1.01993979e-01 -9.73696848e-02 -1.55355117e-02 -1.05220088e-01
2.86000000e+01 3.04989965e-01 1.48294379e-01 1.19047144e-01 1.21031203e-01 9.40710603e-02 5.32451033e-02 1.91673729e-02 8.78762027e-03 -1.59115818e-02 -4.74216340e-02 -6.10387191e-02 -8.57463906e-02 -1.05232609e-01 -1.32642572e-01 -1.16304627e-01 -2.07062883e-01 -1.22794803e-01 -2.31868353e-01 -1.98778201e-01 -2.12627896e-01 -2.33524754e-01 -2.40301657e-01 -2.50721895e-01 -2.60426650e-01 -2.55799933e-01 -2.48007733e-01 -2.34094073e-01 -2.10802849e-01 -1.89566048e-01 -1.70505135e-01 -1.48312894e-01 -1.29266082e-01 -1.15939367e-01 -1.02236171e-01 -9.72777660e-02 -9.10992786e-02 -8.82380948e-02 -8.12158035e-02 -7.31035489e-02 -6.58710980e-02 -6.33734896e-02 -5.70388637e-02 -5.03248387e-02 -4.28203901e-02 -3.97017885e-02 -3.27550150e-02 -3.22496877e-02 -2.81172256e-02 -2.58794615e-02 -2.41400607e-02 -2.80339630e-02 -3.40579539e-02 -3.88189302e-02 -4.47093067e-02 -5.49402330e-02 -6.43931465e-02 -7.59596817e-02 -9.14484362e-02 -1.08625607e-01 -1.34967806e-01 -1.55331238e-01 -1.75705769e-01 -1.89191071e-01 -1.98339017e-01 -2.02586026e-01 -2.03547201e-01 -2.06175782e-01 -2.06118209e-01 -2.17773306e-01 -2.26536452e-01 -2.43222919e-01 -2.49570582e-01 -2.59996994e-01 -2.68674869e-01 -2.85750108e-01 -3.00346225e-01 -3.10896823e-01 -3.07200539e-01 -3.02844459e-01 -2.75143860e-01 -2.60936212e-01 -2.27943570e-01 -2.37786771e-01 -1.98213266e-01 -2.62794384e-01 -1.76928759e-01 -2.22434622e-01 -1.95273864e-01 -1.80718518e-01 -1.65763744e-01 -1.45718963e-01 -1.41247037e-01 -1.39789562e-01 -1.07709218e-01 -9.90818799e-02 -9.87275786e-02 -1.02854530e-01 -9.86045976e-02 -1.59912831e-02 -1.08838793e-01
2.87000000e+01 3.01741647e-01 1.46893316e-01 1.17531942e-01 1.20624928e-01 9.35113571e-02 5.06888382e-02 1.88264695e-02 8.51065472e-03 -1.60574201e-02 -4.83649353e-02 -6.05646249e-02 -8.53238435e-02 -1.05912652e-01 -1.31683214e-01 -1.15925455e-01 -2.06740623e-01 -1.22441550e-01 -2.30762152e-01 -1.99005778e-01 -2.11265311e-01 -2.31456836e-01 -2.38374767e-01 -2.49386271e-01 -2.59507324e-01 -2.55574207e-01 -2.47972691e-01 -2.34242211e-01 -2.10688117e-01 -1.90385178e-01 -1.71216771e-01 -1.48847969e-01 -1.30007096e-01 -1.16483050e-01 -1.03089802e-01 -9.74193825e-02 -9.22968668e-02 -8.88516871e-02 -8.17536502e-02 -7.39004740e-02 -6.65729576e-02 -6.38487549e-02 -5.74818062e-02 -5.06007235e-02 -4.27137636e-02 -4.00309693e-02 -3.28412470e-02 -3.18902173e-02 -2.75833965e-02 -2.53708443e-02 -2.33978093e-02 -2.69112282e-02 -3.32051859e-02 -3.78575607e-02 -4.36693027e-02 -5.39150757e-02 -6.31184522e-02 -7.44310499e-02 -9.05034660e-02 -1.06768519e-01 -1.33796575e-01 -1.53740174e-01 -1.74699186e-01 -1.88386483e-01 -1.97701671e-01 -2.02282668e-01 -2.03935700e-01 -2.06947598e-01 -2.07265276e-01 -2.19647367e-01 -2.28483533e-01 -2.45075252e-01 -2.50966692e-01 -2.61586595e-01 -2.70091433e-01 -2.87362981e-01 -3.02210774e-01 -3.11623439e-01 -3.06891670e-01 -3.01987026e-01 -2.73432046e-01 -2.59375246e-01 -2.26652729e-01 -2.37580586e-01 -1.97386914e-01 -2.61109424e-01 -1.76243689e-01 -2.21635491e-01 -1.92943422e-01 -1.80769081e-01 -1.64467863e-01 -1.45230077e-01 -1.41249443e-01 -1.39085024e-01 -1.09092396e-01 -9.92269873e-02 -9.98823665e-02 -1.03671902e-01 -9.97702612e-02 -1.64973207e-02 -1.12509578e-01
2.88000000e+01 2.98307079e-01 1.45571172e-01 1.15869935e-01 1.20217743e-01 9.29599318e-02 4.81688278e-02 1.84986722e-02 8.29725743e-03 -1.63585926e-02 -4.90978403e-02 -6.01901222e-02 -8.48667513e-02 -1.06546073e-01 -1.30807885e-01 -1.15427872e-01 -2.06432535e-01 -1.22162877e-01 -2.29583251e-01 -1.99215603e-01 -2.09916409e-01 -2.29432469e-01 -2.36467440e-01 -2.47984513e-01 -2.58513210e-01 -2.55316480e-01 -2.47889575e-01 -2.34322153e-01 -2.10580331e-01 -1.91199318e-01 -1.71927860e-01 -1.49371195e-01 -1.30794476e-01 -1.17052978e-01 -1.03972019e-01 -9.75730329e-02 -9.35078997e-02 -8.94552715e-02 -8.22422919e-02 -7.47252677e-02 -6.72753251e-02 -6.43098989e-02 -5.79093899e-02 -5.08746781e-02 -4.26185427e-02 -4.03591939e-02 -3.29297209e-02 -3.15415353e-02 -2.70590679e-02 -2.48700743e-02 -2.26814973e-02 -2.58348871e-02 -3.23329678e-02 -3.69386477e-02 -4.26449625e-02 -5.29079301e-02 -6.18537964e-02 -7.29392711e-02 -8.95929649e-02 -1.04959274e-01 -1.32602428e-01 -1.52139957e-01 -1.73630774e-01 -1.87562142e-01 -1.97023423e-01 -2.01973867e-01 -2.04329153e-01 -2.07713811e-01 -2.08473815e-01 -2.21512863e-01 -2.30455347e-01 -2.46848772e-01 -2.52366132e-01 -2.63179370e-01 -2.71534676e-01 -2.88967079e-01 -3.04002344e-01 -3.12271702e-01 -3.06504069e-01 -3.01073081e-01 -2.71680268e-01 -2.57882309e-01 -2.25452947e-01 -2.37459523e-01 -1.96481829e-01 -2.59470470e-01 -1.75603961e-01 -2.20738742e-01 -1.90587105e-01 -1.80971211e-01 -1.62996623e-01 -1.44866107e-01 -1.41275068e-01 -1.38298512e-01 -1.10584574e-01 -9.92691746e-02 -1.01114247e-01 -1.04453053e-01 -1.00861820e-01 -1.70651047e-02 -1.16223297e-01
2.89000000e+01 2.94688632e-01 1.44329270e-01 1.14055749e-01 1.19817240e-01 9.23983220e-02 4.57116363e-02 1.81706222e-02 8.14970936e-03 -1.68256033e-02 -4.96007959e-02 -5.99265488e-02 -8.43859886e-02 -1.07108016e-01 -1.30035102e-01 -1.14811249e-01 -2.06130629e-01 -1.21962462e-01 -2.28335460e-01 -1.99397924e-01 -2.08580885e-01 -2.27457746e-01 -2.34584604e-01 -2.46516552e-01 -2.57446149e-01 -2.55023798e-01 -2.47756310e-01 -2.34333282e-01 -2.10485890e-01 -1.92003666e-01 -1.72636096e-01 -1.49885812e-01 -1.31625224e-01 -1.17651452e-01 -1.04875778e-01 -9.77501349e-02 -9.47224240e-02 -9.00521582e-02 -8.26833998e-02 -7.55766299e-02 -6.79767608e-02 -6.47592736e-02 -5.83198197e-02 -5.11445543e-02 -4.25425886e-02 -4.06801321e-02 -3.30195051e-02 -3.12065662e-02 -2.65447283e-02 -2.43755187e-02 -2.19897468e-02 -2.48079294e-02 -3.14395786e-02 -3.60632651e-02 -4.16354960e-02 -5.19176858e-02 -6.05988762e-02 -7.14893911e-02 -8.87085335e-02 -1.03206473e-01 -1.31379513e-01 -1.50536963e-01 -1.72498115e-01 -1.86717843e-01 -1.96304534e-01 -2.01663221e-01 -2.04725705e-01 -2.08474061e-01 -2.09745940e-01 -2.23362968e-01 -2.32452436e-01 -2.48540421e-01 -2.53774362e-01 -2.64775122e-01 -2.73005299e-01 -2.90560041e-01 -3.05713015e-01 -3.12842941e-01 -3.06043372e-01 -3.00098956e-01 -2.69896757e-01 -2.56460888e-01 -2.24345781e-01 -2.37409830e-01 -1.95498723e-01 -2.57892571e-01 -1.74994930e-01 -2.19741960e-01 -1.88229135e-01 -1.81295407e-01 -1.61372090e-01 -1.44624485e-01 -1.41305029e-01 -1.37461531e-01 -1.12152936e-01 -9.92354574e-02 -1.02404065e-01 -1.05205709e-01 -1.01875186e-01 -1.77054569e-02 -1.19970847e-01
2.90000000e+01 2.90890107e-01 1.43165495e-01 1.12087661e-01 1.19429407e-01 9.18078925e-02 4.33438914e-02 1.78299535e-02 8.06683894e-03 -1.74627566e-02 -4.98609079e-02 -5.97812171e-02 -8.38929961e-02 -1.07575790e-01 -1.29379464e-01 -1.14078438e-01 -2.05826018e-01 -1.21842603e-01 -2.27023620e-01 -1.99543427e-01 -2.07258265e-01 -2.25538246e-01 -2.32730538e-01 -2.44983113e-01 -2.56308401e-01 -2.54692769e-01 -2.47570747e-01 -2.34275702e-01 -2.10410680e-01 -1.92793377e-01 -1.73339100e-01 -1.50395559e-01 -1.32496045e-01 -1.18280516e-01 -1.05794325e-01 -9.79619060e-02 -9.59304743e-02 -9.06452006e-02 -8.30798711e-02 -7.64522383e-02 -6.86761160e-02 -6.51993293e-02 -5.87111987e-02 -5.14084055e-02 -4.24932734e-02 -4.09877075e-02 -3.31097396e-02 -3.08882484e-02 -2.60407684e-02 -2.38857392e-02 -2.13213225e-02 -2.38325584e-02 -3.05242874e-02 -3.52317739e-02 -4.06403242e-02 -5.09433267e-02 -5.93533083e-02 -7.00866051e-02 -8.78417117e-02 -1.01517900e-01 -1.30122769e-01 -1.48937135e-01 -1.71299475e-01 -1.85853079e-01 -1.95545329e-01 -2.01354354e-01 -2.05123140e-01 -2.09228672e-01 -2.11082809e-01 -2.25191549e-01 -2.34474582e-01 -2.50148249e-01 -2.55196480e-01 -2.66373696e-01 -2.74503401e-01 -2.92139268e-01 -3.07335748e-01 -3.13338319e-01 -3.05515227e-01 -2.99060905e-01 -2.68090685e-01 -2.55113492e-01 -2.23332303e-01 -2.37417415e-01 -1.94440282e-01 -2.56389380e-01 -1.74400970e-01 -2.18645272e-01 -1.85893264e-01 -1.81708960e-01 -1.59621200e-01 -1.44499114e-01 -1.41321020e-01 -1.36607416e-01 -1.13761413e-01 -9.91563876e-02 -1.03730405e-01 -1.05937908e-01 -1.02807406e-01 -1.84282110e-02 -1.23743325e-01
2.91000000e+01 2.86916704e-01 1.42074327e-01 1.09967708e-01 1.19058273e-01 9.11704742e-02 4.10915669e-02 1.74657125e-02 8.04389264e-03 -1.82679389e-02 -4.98723324e-02 -5.97572402e-02 -8.33994288e-02 -1.07929536e-01 -1.28851214e-01 -1.13235737e-01 -2.05509170e-01 -1.21804129e-01 -2.25653517e-01 -1.99643352e-01 -2.05947891e-01 -2.23678964e-01 -2.30908882e-01 -2.43385755e-01 -2.55102594e-01 -2.54319571e-01 -2.47330730e-01 -2.34150195e-01 -2.10359999e-01 -1.93563614e-01 -1.74034502e-01 -1.50904526e-01 -1.33403437e-01 -1.18941851e-01 -1.06721445e-01 -9.82191164e-02 -9.71222298e-02 -9.12367541e-02 -8.34357851e-02 -7.73487603e-02 -6.93725877e-02 -6.56325118e-02 -5.90815705e-02 -5.16646304e-02 -4.24772089e-02 -4.12762959e-02 -3.31995897e-02 -3.05894883e-02 -2.55474603e-02 -2.33995498e-02 -2.06751543e-02 -2.29101582e-02 -2.95873803e-02 -3.44437701e-02 -3.96591113e-02 -4.99839225e-02 -5.81167208e-02 -6.87360498e-02 -8.69842228e-02 -9.99003097e-02 -1.28828135e-01 -1.47345806e-01 -1.70033925e-01 -1.84967004e-01 -1.94746253e-01 -2.01050847e-01 -2.05518876e-01 -2.09978750e-01 -2.12484455e-01 -2.26993339e-01 -2.36520701e-01 -2.51671507e-01 -2.56637068e-01 -2.67975029e-01 -2.76028489e-01 -2.93701920e-01 -3.08864483e-01 -3.13758811e-01 -3.04925173e-01 -2.97955266e-01 -2.66272040e-01 -2.53841626e-01 -2.22413058e-01 -2.37468109e-01 -1.93311089e-01 -2.54972815e-01 -1.73805908e-01 -2.17451310e-01 -1.83602150e-01 -1.82176939e-01 -1.57774930e-01 -1.44480559e-01 -1.41305904e-01 -1.35770207e-01 -1.15371943e-01 -9.90649595e-02 -1.05070366e-01 -1.06657519e-01 -1.03657002e-01 -1.92419025e-02 -1.27532166e-01
2.92000000e+01 2.82774938e-01 1.41046981e-01 1.07701680e-01 1.18705637e-01 9.04689801e-02 3.89792755e-02 1.70687272e-02 8.07254142e-03 -1.92326203e-02 -4.96364344e-02 -5.98534983e-02 -8.29167876e-02 -1.08152800e-01 -1.28455942e-01 -1.12292739e-01 -2.05170179e-01 -1.21846342e-01 -2.24231781e-01 -1.99689595e-01 -2.04648912e-01 -2.21884252e-01 -2.29122654e-01 -2.41726913e-01 -2.53831666e-01 -2.53899985e-01 -2.47034177e-01 -2.33958151e-01 -2.10338491e-01 -1.94309600e-01 -1.74720034e-01 -1.51417004e-01 -1.34343762e-01 -1.19636707e-01 -1.07651669e-01 -9.85318459e-02 -9.82881756e-02 -9.18286655e-02 -8.37563059e-02 -7.82619161e-02 -7.00657407e-02 -6.60611656e-02 -5.94289831e-02 -5.19120840e-02 -4.25000137e-02 -4.15409044e-02 -3.32882116e-02 -3.03130919e-02 -2.50649573e-02 -2.29160533e-02 -2.00503679e-02 -2.20412773e-02 -2.86301625e-02 -3.36980603e-02 -3.86917753e-02 -4.90386187e-02 -5.68888675e-02 -6.74425630e-02 -8.61282197e-02 -9.83592552e-02 -1.27492711e-01 -1.45767541e-01 -1.68701438e-01 -1.84058397e-01 -1.93907941e-01 -2.00756152e-01 -2.05910002e-01 -2.10726238e-01 -2.13949647e-01 -2.28764077e-01 -2.38588759e-01 -2.53110722e-01 -2.58100032e-01 -2.69579194e-01 -2.77579483e-01 -2.95244929e-01 -3.10294214e-01 -3.14105199e-01 -3.04278539e-01 -2.96778617e-01 -2.64451492e-01 -2.52645786e-01 -2.21588018e-01 -2.37547921e-01 -1.92117506e-01 -2.53652766e-01 -1.73193490e-01 -2.16165114e-01 -1.81376785e-01 -1.82663242e-01 -1.55867368e-01 -1.44556335e-01 -1.41244270e-01 -1.34983487e-01 -1.16945807e-01 -9.89954276e-02 -1.06400398e-01 -1.07371764e-01 -1.04424285e-01 -2.01534913e-02 -1.31329279e-01
2.93000000e+01 2.78472534e-01 1.40071636e-01 1.05298983e-01 1.18370872e-01 8.96879801e-02 3.70295943e-02 1.66319123e-02 8.14102557e-03 -2.03420790e-02 -4.91617114e-02 -6.00647429e-02 -8.24560464e-02 -1.08233011e-01 -1.28194416e-01 -1.11262102e-01 -2.04799068e-01 -1.21966977e-01 -2.22765756e-01 -1.99674796e-01 -2.03360298e-01 -2.20157760e-01 -2.27374259e-01 -2.40009918e-01 -2.52498790e-01 -2.53429443e-01 -2.46679148e-01 -2.33701488e-01 -2.10350088e-01 -1.95026679e-01 -1.75393622e-01 -1.51937346e-01 -1.35313290e-01 -1.20365878e-01 -1.08580439e-01 -9.89092483e-02 -9.94192736e-02 -9.24222845e-02 -8.40475416e-02 -7.91865915e-02 -7.07554978e-02 -6.64874475e-02 -5.97515724e-02 -5.21501481e-02 -4.25661309e-02 -4.17773245e-02 -3.33747315e-02 -3.00616784e-02 -2.45933145e-02 -2.24346532e-02 -1.94463154e-02 -2.12256301e-02 -2.76549371e-02 -3.29926657e-02 -3.77384756e-02 -4.81066251e-02 -5.56697550e-02 -6.62104312e-02 -8.52665191e-02 -9.68989543e-02 -1.26114871e-01 -1.44206005e-01 -1.67302964e-01 -1.83125655e-01 -1.93031290e-01 -2.00473503e-01 -2.06293354e-01 -2.11473908e-01 -2.15475798e-01 -2.30500617e-01 -2.40675700e-01 -2.54467763e-01 -2.59588472e-01 -2.71186420e-01 -2.79154751e-01 -2.96765012e-01 -3.11621024e-01 -3.14378073e-01 -3.03580358e-01 -2.95527941e-01 -2.62640236e-01 -2.51525463e-01 -2.20856534e-01 -2.37643289e-01 -1.90867521e-01 -2.52436853e-01 -1.72547834e-01 -2.14793964e-01 -1.79235972e-01 -1.83131661e-01 -1.53934680e-01 -1.44711293e-01 -1.41122933e-01 -1.34279239e-01 -1.18445002e-01 -9.89820783e-02 -1.07697157e-01 -1.08086753e-01 -1.05111626e-01 -2.11681241e-02 -1.35127163e-01
2.94000000e+01 2.74018282e-01 1.39133759e-01 1.02772398e-01 1.18050837e-01 8.88142126e-02 3.52624428e-02 1.61504985e-02 8.23443622e-03 -2.15758403e-02 -4.84634861e-02 -6.03818363e-02 -8.20272878e-02 -1.08161843e-01 -1.28062565e-01 -1.10159227e-01 -2.04386088e-01 -1.22162193e-01 -2.21263359e-01 -1.99592414e-01 -2.02080870e-01 -2.18502396e-01 -2.25665492e-01 -2.38239013e-01 -2.51107288e-01 -2.52903106e-01 -2.46263920e-01 -2.33382565e-01 -2.10397949e-01 -1.95710371e-01 -1.76053463e-01 -1.52469836e-01 -1.36308236e-01 -1.21129701e-01 -1.09504224e-01 -9.93593245e-02 -1.00507142e-01 -9.30184880e-02 -8.43163685e-02 -8.01169954e-02 -7.14421014e-02 -6.69132514e-02 -6.00476566e-02 -5.23787607e-02 -4.26787033e-02 -4.19822509e-02 -3.34582394e-02 -2.98375822e-02 -2.41325273e-02 -2.19550479e-02 -1.88625974e-02 -2.04621199e-02 -2.66649618e-02 -3.23248549e-02 -3.67995836e-02 -4.71872018e-02 -5.44597709e-02 -6.50431483e-02 -8.43928110e-02 -9.55222056e-02 -1.24694325e-01 -1.42663878e-01 -1.65840474e-01 -1.82166795e-01 -1.92117530e-01 -2.00205809e-01 -2.06665624e-01 -2.12225303e-01 -2.17058933e-01 -2.32200994e-01 -2.42777400e-01 -2.55745888e-01 -2.61104588e-01 -2.72797096e-01 -2.80752135e-01 -2.98258709e-01 -3.12842092e-01 -3.14577839e-01 -3.02835307e-01 -2.94200781e-01 -2.60849820e-01 -2.50479176e-01 -2.20217294e-01 -2.37741313e-01 -1.89570574e-01 -2.51330229e-01 -1.71853881e-01 -2.13347166e-01 -1.77195878e-01 -1.83546948e-01 -1.52014028e-01 -1.44928087e-01 -1.40931355e-01 -1.33686737e-01 -1.19833601e-01 -9.90579993e-02 -1.08938347e-01 -1.08807069e-01 -1.05723655e-01 -2.22889454e-02 -1.38919001e-01
2.95000000e+01 2.69421868e-01 1.38216510e-01 1.00137711e-01 1.17739876e-01 8.78370174e-02 3.36945332e-02 1.56221796e-02 8.33512713e-03 -2.29083182e-02 -4.75633818e-02 -6.07921138e-02 -8.16393623e-02 -1.07935460e-01 -1.28051604e-01 -1.09001853e-01 -2.03922022e-01 -1.22426594e-01 -2.19732918e-01 -1.99436801e-01 -2.00809342e-01 -2.16920281e-01 -2.23997548e-01 -2.36419339e-01 -2.49660542e-01 -2.52315951e-01 -2.45787036e-01 -2.33004101e-01 -2.10484418e-01 -1.96356448e-01 -1.76698083e-01 -1.53018586e-01 -1.37324771e-01 -1.21928097e-01 -1.10420596e-01 -9.98887128e-02 -1.01544244e-01 -9.36177108e-02 -8.45702347e-02 -8.10468508e-02 -7.21260516e-02 -6.73401468e-02 -6.03158350e-02 -5.25984101e-02 -4.28395050e-02 -4.21533602e-02 -3.35377941e-02 -2.96427547e-02 -2.36825820e-02 -2.14772110e-02 -1.82990676e-02 -1.97488853e-02 -2.56643892e-02 -3.16911976e-02 -3.58756402e-02 -4.62796436e-02 -5.32597966e-02 -6.39432045e-02 -8.35018337e-02 -9.42303460e-02 -1.23232128e-01 -1.41142798e-01 -1.64316960e-01 -1.81179490e-01 -1.91168278e-01 -1.99955552e-01 -2.07023489e-01 -2.12984618e-01 -2.18693709e-01 -2.33864449e-01 -2.44888647e-01 -2.56949767e-01 -2.62649613e-01 -2.74411760e-01 -2.82368983e-01 -2.99722437e-01 -3.13955658e-01 -3.14704720e-01 -3.02047670e-01 -2.92795394e-01 -2.59091942e-01 -2.49504523e-01 -2.19668291e-01 -2.37829961e-01 -1.88237350e-01 -2.50335457e-01 -1.71097817e-01 -2.11835777e-01 -1.75269666e-01 -1.83875835e-01 -1.50142464e-01 -1.45187710e-01 -1.40661979e-01 -1.33231530e-01 -1.21079042e-01 -9.92538925e-02 -1.10103521e-01 -1.09535423e-01 -1.06267397e-01 -2.35169649e-02 -1.42698744e-01
2.96000000e+01 2.64693683e-01 1.37301225e-01 9.74132549e-02 1.17429923e-01 8.67486755e-02 3.23389093e-02 1.50471712e-02 8.42324602e-03 -2.43096375e-02 -4.64885994e-02 -6.12798573e-02 -8.12995807e-02 -1.07554613e-01 -1.28148305e-01 -1.07809589e-01 -2.03398474e-01 -1.22753279e-01 -2.18182998e-01 -1.99203266e-01 -1.99544379e-01 -2.15412730e-01 -2.22371014e-01 -2.34556903e-01 -2.48161911e-01 -2.51662880e-01 -2.45247336e-01 -2.32569110e-01 -2.10610967e-01 -1.96961009e-01 -1.77326367e-01 -1.53587455e-01 -1.38359038e-01 -1.22760621e-01 -1.11328245e-01 -1.00502505e-01 -1.02524070e-01 -9.42199764e-02 -8.48169557e-02 -8.19696021e-02 -7.28080274e-02 -6.77693355e-02 -6.05550805e-02 -5.28101004e-02 -4.30489263e-02 -4.22893500e-02 -3.36124372e-02 -2.94786738e-02 -2.32435107e-02 -2.10013661e-02 -1.77558135e-02 -1.90833704e-02 -2.46581931e-02 -3.10876369e-02 -3.49673070e-02 -4.53832647e-02 -5.20712932e-02 -6.29119243e-02 -8.25895068e-02 -9.30232517e-02 -1.21730639e-01 -1.39643358e-01 -1.62736390e-01 -1.80161124e-01 -1.90185585e-01 -1.99724684e-01 -2.07363767e-01 -2.13756532e-01 -2.20373498e-01 -2.35491422e-01 -2.47003143e-01 -2.58085477e-01 -2.64223795e-01 -2.76031063e-01 -2.84002189e-01 -3.01152549e-01 -3.14960962e-01 -3.14758769e-01 -3.01221329e-01 -2.91310903e-01 -2.57378235e-01 -2.48598253e-01 -2.19206783e-01 -2.37898267e-01 -1.86879548e-01 -2.49452441e-01 -1.70267465e-01 -2.10272295e-01 -1.73467214e-01 -1.84087981e-01 -1.48355830e-01 -1.45470080e-01 -1.40310463e-01 -1.32934541e-01 -1.22153314e-01 -9.95969723e-02 -1.11174797e-01 -1.10272377e-01 -1.06752316e-01 -2.48509864e-02 -1.46461158e-01
2.97000000e+01 2.59844604e-01 1.36367953e-01 9.46193529e-02 1.17110705e-01 8.55446443e-02 3.12045860e-02 1.44281802e-02 8.47736980e-03 -2.57466106e-02 -4.52710223e-02 -6.18268630e-02 -8.10134552e-02 -1.07024598e-01 -1.28335418e-01 -1.06603387e-01 -2.02808137e-01 -1.23133920e-01 -2.16622219e-01 -1.98888130e-01 -1.98284658e-01 -2.13980221e-01 -2.20785882e-01 -2.32658517e-01 -2.46614654e-01 -2.50938824e-01 -2.44643973e-01 -2.32080866e-01 -2.10778147e-01 -1.97520567e-01 -1.77937563e-01 -1.54179991e-01 -1.39407155e-01 -1.23626527e-01 -1.12226965e-01 -1.01204095e-01 -1.03441321e-01 -9.48249235e-02 -8.50645127e-02 -8.28786246e-02 -7.34887979e-02 -6.82016272e-02 -6.07648182e-02 -5.30152984e-02 -4.33060023e-02 -4.23899430e-02 -3.36812096e-02 -2.93462725e-02 -2.28154433e-02 -2.05279611e-02 -1.72331106e-02 -1.84624182e-02 -2.36520824e-02 -3.05095742e-02 -3.40753195e-02 -4.44973855e-02 -5.08963482e-02 -6.19493657e-02 -8.16530191e-02 -9.18993750e-02 -1.20193435e-01 -1.38165138e-01 -1.61103629e-01 -1.79108872e-01 -1.89171974e-01 -1.99514528e-01 -2.07683567e-01 -2.14546003e-01 -2.22090532e-01 -2.37083500e-01 -2.49113558e-01 -2.59160449e-01 -2.65826422e-01 -2.77655716e-01 -2.85648233e-01 -3.02545405e-01 -3.15858160e-01 -3.14739872e-01 -3.00359769e-01 -2.89747441e-01 -2.55720027e-01 -2.47756375e-01 -2.18829280e-01 -2.37936490e-01 -1.85509631e-01 -2.48678437e-01 -1.69352632e-01 -2.08670322e-01 -1.71794923e-01 -1.84156825e-01 -1.46687709e-01 -1.45754664e-01 -1.39875809e-01 -1.32811322e-01 -1.23033993e-01 -1.00109990e-01 -1.12137480e-01 -1.11016182e-01 -1.07190272e-01 -2.62876010e-02 -1.50201867e-01
2.98000000e+01 2.54885771e-01 1.35396042e-01 9.17776900e-02 1.16770037e-01 8.42236839e-02 3.02963010e-02 1.37702864e-02 8.47522403e-03 -2.71838352e-02 -4.39461813e-02 -6.24130821e-02 -8.07844969e-02 -1.06355066e-01 -1.28592212e-01 -1.05404977e-01 -2.02145023e-01 -1.23558883e-01 -2.15059059e-01 -1.98488778e-01 -1.97028935e-01 -2.12622394e-01 -2.19241563e-01 -2.30731713e-01 -2.45021876e-01 -2.50138868e-01 -2.43976392e-01 -2.31542871e-01 -2.10985538e-01 -1.98032145e-01 -1.78531245e-01 -1.54799395e-01 -1.40465232e-01 -1.24524830e-01 -1.13117601e-01 -1.01995077e-01 -1.04292063e-01 -9.54318288e-02 -8.53208628e-02 -8.37674195e-02 -7.41691297e-02 -6.86374359e-02 -6.09449878e-02 -5.32158691e-02 -4.36084771e-02 -4.24558612e-02 -3.37431698e-02 -2.92458895e-02 -2.23986518e-02 -2.00576451e-02 -1.67313533e-02 -1.78823840e-02 -2.26524008e-02 -2.99519648e-02 -3.32004464e-02 -4.36213229e-02 -4.97376785e-02 -6.10542856e-02 -8.06908703e-02 -9.08558123e-02 -1.18625194e-01 -1.36706787e-01 -1.59424316e-01 -1.78019788e-01 -1.88130440e-01 -1.99325698e-01 -2.07980447e-01 -2.15358032e-01 -2.23836087e-01 -2.38643331e-01 -2.51211626e-01 -2.60183386e-01 -2.67455881e-01 -2.79286432e-01 -2.87303218e-01 -3.03897436e-01 -3.16648222e-01 -3.14647759e-01 -2.99466090e-01 -2.88106285e-01 -2.54128094e-01 -2.46974270e-01 -2.18531529e-01 -2.37936252e-01 -1.84140546e-01 -2.48008131e-01 -1.68345393e-01 -2.07044198e-01 -1.70255625e-01 -1.84060307e-01 -1.45168444e-01 -1.46021108e-01 -1.39360376e-01 -1.32871478e-01 -1.23705086e-01 -1.00810418e-01 -1.12980542e-01 -1.11762715e-01 -1.07595389e-01 -2.78212476e-02 -1.53917355e-01
2.99000000e+01 2.49828357e-01 1.34364746e-01 8.89106336e-02 1.16394201e-01 8.27878708e-02 2.96143832e-02 1.30807405e-02 8.39446273e-03 -2.85848794e-02 -4.25521134e-02 -6.30173125e-02 -8.06140796e-02 -1.05559691e-01 -1.28895146e-01 -1.04236263e-01 -2.01404652e-01 -1.24017375e-01 -2.13501671e-01 -1.98003710e-01 -1.95776112e-01 -2.11338032e-01 -2.17736923e-01 -2.28784619e-01 -2.43386485e-01 -2.49258354e-01 -2.43244298e-01 -2.30958850e-01 -2.11231698e-01 -1.98493377e-01 -1.79107267e-01 -1.55448500e-01 -1.41529399e-01 -1.25454359e-01 -1.14001961e-01 -1.02875182e-01 -1.05073864e-01 -9.60396263e-02 -8.55937653e-02 -8.46297877e-02 -7.48496984e-02 -6.90767941e-02 -6.10960849e-02 -5.34140063e-02 -4.39528917e-02 -4.24887806e-02 -3.37974086e-02 -2.91772446e-02 -2.19935806e-02 -1.95912504e-02 -1.62509735e-02 -1.73392656e-02 -2.16660080e-02 -2.94094223e-02 -3.23434579e-02 -4.27543877e-02 -4.85985874e-02 -6.02241720e-02 -7.97028681e-02 -8.98883979e-02 -1.17031537e-01 -1.35266140e-01 -1.57704719e-01 -1.76890921e-01 -1.87064445e-01 -1.99158027e-01 -2.08252553e-01 -2.16197413e-01 -2.25600715e-01 -2.40174501e-01 -2.53288287e-01 -2.61164117e-01 -2.69109745e-01 -2.80923848e-01 -2.88962917e-01 -3.05205209e-01 -3.17332840e-01 -3.14482008e-01 -2.98543018e-01 -2.86389972e-01 -2.52612412e-01 -2.46246841e-01 -2.18308533e-01 -2.37890638e-01 -1.82785445e-01 -2.47433789e-01 -1.67240328e-01 -2.05408630e-01 -1.68848581e-01 -1.83781458e-01 -1.43824260e-01 -1.46249870e-01 -1.38769789e-01 -1.33118305e-01 -1.24157655e-01 -1.01709830e-01 -1.13696965e-01 -1.12505532e-01 -1.07983821e-01 -2.94443379e-02 -1.57604960e-01
3.00000000e+01 2.44683327e-01 1.33253852e-01 8.60405219e-02 1.15968394e-01 8.12425007e-02 2.91547405e-02 1.23686859e-02 8.21348174e-03 -2.99135116e-02 -4.11281538e-02 -6.36179184e-02 -8.05013744e-02 -1.04655697e-01 -1.29218622e-01 -1.03118720e-01 -2.00584200e-01 -1.24497620e-01 -2.11957693e-01 -1.97432570e-01 -1.94525296e-01 -2.10125066e-01 -2.16270334e-01 -2.26825818e-01 -2.41711178e-01 -2.48292999e-01 -2.42447607e-01 -2.30332745e-01 -2.11514125e-01 -1.98902601e-01 -1.79665694e-01 -1.56129757e-01 -1.42595851e-01 -1.26413793e-01 -1.14882719e-01 -1.03842281e-01 -1.05785887e-01 -9.66469271e-02 -8.58906249e-02 -8.54599774e-02 -7.55310086e-02 -6.95193809e-02 -6.12191832e-02 -5.36121603e-02 -4.43346917e-02 -4.24912710e-02 -3.38430642e-02 -2.91394368e-02 -2.16008629e-02 -1.91297757e-02 -1.57923559e-02 -1.68288445e-02 -2.07001363e-02 -2.88763337e-02 -3.15051048e-02 -4.18958864e-02 -4.74828813e-02 -5.94553354e-02 -7.86900846e-02 -8.89918155e-02 -1.15418856e-01 -1.33840367e-01 -1.55951573e-01 -1.75719427e-01 -1.85977874e-01 -1.99010530e-01 -2.08498750e-01 -2.17068492e-01 -2.27374500e-01 -2.41681377e-01 -2.55333877e-01 -2.62113420e-01 -2.70784890e-01 -2.82568458e-01 -2.90622830e-01 -3.06465463e-01 -3.17914332e-01 -3.14242063e-01 -2.97592916e-01 -2.84602398e-01 -2.51181914e-01 -2.45568664e-01 -2.18154576e-01 -2.37794264e-01 -1.81457380e-01 -2.46945467e-01 -1.66034680e-01 -2.03778318e-01 -1.67569581e-01 -1.83308823e-01 -1.42676524e-01 -1.46422820e-01 -1.38112734e-01 -1.33548628e-01 -1.24390202e-01 -1.02813489e-01 -1.14283909e-01 -1.13236049e-01 -1.08373430e-01 -3.11474443e-02 -1.61262838e-01
