# time site_0 site_1 site_2 site_3 site_4 site_5 site_6 site_7 site_8 site_9 site_10 site_11 site_12 site_13 site_14 site_15 site_16 site_17 site_18 site_19 site_20 site_21 site_22 site_23 site_24 site_25 site_26 site_27 site_28 site_29 site_30 site_31 site_32 site_33 site_34 site_35 site_36 site_37 site_38 site_39 site_40 site_41 site_42 site_43 site_44 site_45 site_46 site_47 site_48 site_49 site_50 site_51 site_52 site_53 site_54 site_55 site_56 site_57 site_58 site_59 site_60 site_61 site_62 site_63 site_64 site_65 site_66 site_67 site_68 site_69 site_70 site_71 site_72 site_73 site_74 site_75 site_76 site_77 site_78 site_79 site_80 site_81 site_82 site_83 site_84 site_85 site_86 site_87 site_88 site_89 site_90 site_91 site_92 site_93 site_94 site_95 site_96 site_97 site_98 site_99
0.00000000e+00 7.19380607e-01 7.82389903e-01 8.32706766e-01 8.68770245e-01 8.89390518e-01 8.93777054e-01 8.81554601e-01 8.52766648e-01 8.07866479e-01 7.47696269e-01 6.73455128e-01 5.86657288e-01 4.89081971e-01 3.82716719e-01 2.69696129e-01 1.52238101e-01 3.25796987e-02 -8.70852516e-02 -2.04664853e-01 -3.18222269e-01 -4.26021697e-01 -5.26565870e-01 -6.18624082e-01 -7.01250089e-01 -7.73789629e-01 -8.35877641e-01 -8.87425673e-01 -9.28600276e-01 -9.59793517e-01 -9.81586980e-01 -9.94710881e-01 -1.00000000e+00 -9.98348295e-01 -9.90664010e-01 -9.77827076e-01 -9.60650456e-01 -9.39846924e-01 -9.16002509e-01 -8.89557572e-01 -8.60796155e-01 -8.29843910e-01 -7.96674564e-01 -7.61124523e-01 -7.22914917e-01 -6.81680045e-01 -6.37000960e-01 -5.88442693e-01 -5.35593485e-01 -4.78104274e-01 -4.15726705e-01 -3.48347922e-01 -2.76020566e-01 -1.98986524e-01 -1.17693246e-01 -3.28016931e-02 5.48146782e-02 1.44080181e-01 2.33736310e-01 3.22369855e-01 4.08448938e-01 4.90365852e-01 5.66485313e-01 6.35196503e-01 6.94967085e-01 7.44397288e-01 7.82272070e-01 8.07609442e-01 8.19703078e-01 8.18157544e-01 8.02914678e-01 7.74269935e-01 7.32877855e-01 6.79746150e-01 6.16218310e-01 5.43945003e-01 4.64844956e-01 3.81056337e-01 2.94880035e-01 2.08716517e-01 1.24998156e-01 4.61191486e-02 -2.56347820e-02 -8.81546636e-02 -1.39572324e-01 -1.78318132e-01 -2.03170524e-01 -2.13295677e-01 -2.08275965e-01 -1.88126232e-01 -1.53297262e-01 -1.04666260e-01 -4.35145767e-02 2.85066974e-02 1.09422227e-01 1.96987636e-01 2.88752721e-01 3.82130708e-01 4.74471416e-01 5.63136053e-01 6.45571330e-01
1.00000000e-01 7.19913722e-01 7.81927777e-01 8.32679749e-01 8.68749883e-01 8.89372052e-01 8.93758365e-01 8.81534634e-01 8.52741517e-01 8.07831676e-01 7.47649570e-01 6.73398437e-01 5.86594734e-01 4.89019897e-01 3.82661668e-01 2.69654383e-01 1.52214221e-01 3.25761504e-02 -8.70685748e-02 -2.04630330e-01 -3.18174192e-01 -4.25965296e-01 -5.26506830e-01 -6.18567238e-01 -7.01199621e-01 -7.73747726e-01 -8.35845686e-01 -8.87403009e-01 -9.28586017e-01 -9.59785416e-01 -9.81579690e-01 -9.94733946e-01 -9.99967972e-01 -9.98355442e-01 -9.90667614e-01 -9.77824503e-01 -9.60646726e-01 -9.39842138e-01 -9.15996537e-01 -8.89550726e-01 -8.60788188e-01 -8.29834936e-01 -7.96664134e-01 -7.61112535e-01 -7.22900815e-01 -6.81663652e-01 -6.36981824e-01 -5.88420817e-01 -5.35568824e-01 -4.78077333e-01 -4.15698174e-01 -3.48319070e-01 -2.75992950e-01 -1.98962115e-01 -1.17674122e-01 -3.27899051e-02 5.48174627e-02 1.44072913e-01 2.33718872e-01 3.22343100e-01 4.08414842e-01 4.90327052e-01 5.66445104e-01 6.35157813e-01 6.94932514e-01 7.44367848e-01 7.82247652e-01 8.07588381e-01 8.19683503e-01 8.18137587e-01 8.02892415e-01 7.74243512e-01 7.32845820e-01 6.79708920e-01 6.16177691e-01 5.43904588e-01 4.64808739e-01 3.81028516e-01 2.94863809e-01 2.08713891e-01 1.25009479e-01 4.61433636e-02 -2.55998361e-02 -8.81116416e-02 -1.39523842e-01 -1.78266321e-01 -2.03116874e-01 -2.13241107e-01 -2.08221137e-01 -1.88071956e-01 -1.53244877e-01 -1.04617879e-01 -4.34730415e-02 2.85381239e-02 1.09440484e-01 1.96990525e-01 2.88739643e-01 3.82102923e-01 4.74431956e-01 5.62627600e-01 6.45838057e-01
2.00000000e-01 7.21506248e-01 7.80552752e-01 8.32593680e-01 8.68689308e-01 8.89316633e-01 8.93702279e-01 8.81474700e-01 8.52666089e-01 8.07727245e-01 7.47509474e-01 6.73228382e-01 5.86407122e-01 4.88833744e-01 3.82496595e-01 2.69529208e-01 1.52142622e-01 3.25655078e-02 -8.70185765e-02 -2.04526819e-01 -3.18030029e-01 -4.25796160e-01 -5.26329755e-01 -6.18396739e-01 -7.01048224e-01 -7.73622012e-01 -8.35749804e-01 -8.87335002e-01 -9.28543232e-01 -9.59760889e-01 -9.81558483e-01 -9.94802121e-01 -9.99872806e-01 -9.98376278e-01 -9.90678660e-01 -9.77816783e-01 -9.60635511e-01 -9.39827778e-01 -9.15978623e-01 -8.89530185e-01 -8.60764288e-01 -8.29808011e-01 -7.96632841e-01 -7.61076566e-01 -7.22858504e-01 -6.81614468e-01 -6.36924415e-01 -5.88355185e-01 -5.35494847e-01 -4.77996516e-01 -4.15612595e-01 -3.48232528e-01 -2.75910125e-01 -1.98888911e-01 -1.17616777e-01 -3.27545590e-02 5.48258070e-02 1.44051111e-01 2.33666573e-01 3.22262865e-01 4.08312586e-01 4.90210685e-01 5.66324500e-01 6.35041760e-01 6.94828802e-01 7.44279525e-01 7.82174384e-01 8.07525183e-01 8.19624760e-01 8.18077697e-01 8.02825610e-01 7.74164225e-01 7.32749713e-01 6.79597237e-01 6.16055859e-01 5.43783379e-01 4.64700131e-01 3.80945093e-01 2.94815159e-01 2.08706023e-01 1.25043438e-01 4.62159851e-02 -2.54950278e-02 -8.79826042e-02 -1.39378418e-01 -1.78110904e-01 -2.02955929e-01 -2.13077398e-01 -2.08056654e-01 -1.87909135e-01 -1.53087740e-01 -1.04472763e-01 -4.33484719e-02 2.86323701e-02 1.09495235e-01 1.96999190e-01 2.88700431e-01 3.82019951e-01 4.74309269e-01 5.61111714e-01 6.46632817e-01
3.00000000e-01 7.24137855e-01 7.78298613e-01 8.32433713e-01 8.68589978e-01 8.89224204e-01 8.93608737e-01 8.81374694e-01 8.52540263e-01 8.07553114e-01 7.47275980e-01 6.72945020e-01 5.86094604e-01 4.88523716e-01 3.82221734e-01 2.69320804e-01 1.52023424e-01 3.25477778e-02 -8.69353536e-02 -2.04354500e-01 -3.17789988e-01 -4.25514489e-01 -5.26034791e-01 -6.18112678e-01 -7.00795911e-01 -7.73412478e-01 -8.35589936e-01 -8.87221609e-01 -9.28471903e-01 -9.59719282e-01 -9.81525329e-01 -9.94912385e-01 -9.99717222e-01 -9.98409008e-01 -9.90697837e-01 -9.77803920e-01 -9.60616734e-01 -9.39803838e-01 -9.15948773e-01 -8.89495939e-01 -8.60724458e-01 -8.29763120e-01 -7.96580684e-01 -7.61016598e-01 -7.22787979e-01 -6.81532477e-01 -6.36828730e-01 -5.88245793e-01 -5.35371562e-01 -4.77861839e-01 -4.15470006e-01 -3.48088348e-01 -2.75772157e-01 -1.98766985e-01 -1.17521280e-01 -3.26957084e-02 5.48396839e-02 1.44014789e-01 2.33579463e-01 3.22129234e-01 4.08142266e-01 4.90016855e-01 5.66123575e-01 6.34848397e-01 6.94655955e-01 7.44132301e-01 7.82052215e-01 8.07419793e-01 8.19526791e-01 8.17977814e-01 8.02714207e-01 7.74032030e-01 7.32589527e-01 6.79411127e-01 6.15852897e-01 5.43581484e-01 4.64519267e-01 3.80806184e-01 2.94734170e-01 2.08692938e-01 1.25100007e-01 4.63369423e-02 -2.53204449e-02 -8.77676363e-02 -1.39136113e-01 -1.77851916e-01 -2.02687702e-01 -2.12804554e-01 -2.07782528e-01 -1.87637800e-01 -1.52825912e-01 -1.04231004e-01 -4.31409760e-02 2.87893369e-02 1.09586414e-01 1.97013632e-01 2.88635162e-01 3.81882892e-01 4.74090593e-01 5.58616590e-01 6.47939447e-01
4.00000000e-01 7.27775084e-01 7.75220773e-01 8.32175773e-01 8.68454090e-01 8.89094708e-01 8.93477638e-01 8.81234441e-01 8.52363875e-01 8.07309170e-01 7.46949091e-01 6.72548447e-01 5.85657435e-01 4.88090155e-01 3.81837481e-01 2.69029498e-01 1.51856829e-01 3.25229721e-02 -8.68190672e-02 -2.04113670e-01 -3.17454412e-01 -4.25120617e-01 -5.25622174e-01 -6.17715208e-01 -7.00442712e-01 -7.73119103e-01 -8.35365985e-01 -8.87062760e-01 -9.28371976e-01 -9.59659558e-01 -9.81483399e-01 -9.95059829e-01 -9.99505638e-01 -9.98450730e-01 -9.90726236e-01 -9.77785941e-01 -9.60590269e-01 -9.39770307e-01 -9.15906995e-01 -8.89447974e-01 -8.60668700e-01 -8.29700242e-01 -7.96507657e-01 -7.60932605e-01 -7.22689227e-01 -6.81417653e-01 -6.36694759e-01 -5.88092628e-01 -5.35198986e-01 -4.77673331e-01 -4.15270467e-01 -3.47886611e-01 -2.75579159e-01 -1.98596457e-01 -1.17387752e-01 -3.26134425e-02 5.48590477e-02 1.43963968e-01 2.33457622e-01 3.21942350e-01 4.07904045e-01 4.89745729e-01 5.65842453e-01 6.34577811e-01 6.94413986e-01 7.43926152e-01 7.81881067e-01 8.07272122e-01 8.19389501e-01 8.17837842e-01 8.02558117e-01 7.73846848e-01 7.32365252e-01 6.79150630e-01 6.15568936e-01 5.43299083e-01 4.64266370e-01 3.80611984e-01 2.94620981e-01 2.08674679e-01 1.25179141e-01 4.65061178e-02 -2.50762336e-02 -8.74668797e-02 -1.38797035e-01 -1.77489420e-01 -2.02312219e-01 -2.12422583e-01 -2.07398774e-01 -1.87257999e-01 -1.52459495e-01 -1.03892748e-01 -4.28507333e-02 2.90088593e-02 1.09713915e-01 1.97033852e-01 2.88543976e-01 3.81693420e-01 4.73755186e-01 5.55188501e-01 6.49731354e-01
5.00000000e-01 7.32371964e-01 7.71394943e-01 8.31787557e-01 8.68284243e-01 8.88928142e-01 8.93308833e-01 8.81053699e-01 8.52136689e-01 8.06995249e-01 7.46528808e-01 6.72038798e-01 5.85095967e-01 4.87533537e-01 3.81344382e-01 2.68655748e-01 1.51643115e-01 3.24911073e-02 -8.66699419e-02 -2.03804747e-01 -3.17023781e-01 -4.24615011e-01 -5.25092239e-01 -6.17204545e-01 -6.99988663e-01 -7.72741862e-01 -8.35077816e-01 -8.86858361e-01 -9.28243341e-01 -9.59580388e-01 -9.81436923e-01 -9.95237836e-01 -9.99244011e-01 -9.98497556e-01 -9.90765278e-01 -9.77762928e-01 -9.60555931e-01 -9.39727168e-01 -9.15853305e-01 -8.89386268e-01 -8.60597018e-01 -8.29619348e-01 -7.96413750e-01 -7.60824550e-01 -7.22562231e-01 -6.81269959e-01 -6.36522493e-01 -5.87895678e-01 -5.34977141e-01 -4.77431031e-01 -4.15014067e-01 -3.47627434e-01 -2.75331287e-01 -1.98377493e-01 -1.17216359e-01 -3.25078857e-02 5.48838352e-02 1.43898678e-01 2.33301165e-01 3.21702408e-01 4.07598147e-01 4.89397546e-01 5.65481306e-01 6.34230122e-01 6.94102910e-01 7.43661042e-01 7.81660826e-01 8.07082048e-01 8.19212757e-01 8.17657643e-01 8.02357215e-01 7.73608572e-01 7.32076871e-01 6.78815805e-01 6.15204163e-01 5.42936429e-01 4.63941750e-01 3.80362766e-01 2.94475789e-01 2.08651308e-01 1.25280780e-01 4.67233476e-02 -2.47625978e-02 -8.70805320e-02 -1.38361329e-01 -1.77023504e-01 -2.01829514e-01 -2.11931496e-01 -2.06905415e-01 -1.86769802e-01 -1.51988627e-01 -1.03458203e-01 -4.24779945e-02 2.92907072e-02 1.09877588e-01 1.97059850e-01 2.88427102e-01 3.81453540e-01 4.73275101e-01 5.50890725e-01 6.51972014e-01
6.00000000e-01 7.37870874e-01 7.66915329e-01 8.31229862e-01 8.68082989e-01 8.88724620e-01 8.93102125e-01 8.80832157e-01 8.51858407e-01 8.06611148e-01 7.46015134e-01 6.71416250e-01 5.84410656e-01 4.86854476e-01 3.80743140e-01 2.68200142e-01 1.51382639e-01 3.24522049e-02 -8.64882652e-02 -2.03428260e-01 -3.16498711e-01 -4.23998268e-01 -5.24445416e-01 -6.16580967e-01 -6.99433819e-01 -7.72280719e-01 -8.34725258e-01 -8.86608300e-01 -9.28085794e-01 -9.59480259e-01 -9.81390974e-01 -9.95438327e-01 -9.98939615e-01 -9.98544782e-01 -9.90816607e-01 -9.77735053e-01 -9.60513474e-01 -9.39674398e-01 -9.15787719e-01 -8.89310796e-01 -8.60509416e-01 -8.29520402e-01 -7.96298952e-01 -7.60692384e-01 -7.22406970e-01 -6.81089349e-01 -6.36311916e-01 -5.87654923e-01 -5.34706056e-01 -4.77134990e-01 -4.14700918e-01 -3.47310967e-01 -2.75028742e-01 -1.98110310e-01 -1.17007315e-01 -3.23791979e-02 5.49139653e-02 1.43818956e-01 2.33110236e-01 3.21409662e-01 4.07224862e-01 4.88972608e-01 5.65040356e-01 6.33805486e-01 6.93722749e-01 7.43336922e-01 7.81391349e-01 8.06849410e-01 8.18996388e-01 8.17437042e-01 8.02111338e-01 7.73317066e-01 7.31724366e-01 6.78406728e-01 6.14758818e-01 5.42493848e-01 4.63545806e-01 3.80058879e-01 2.94298844e-01 2.08622903e-01 1.25404842e-01 4.69884223e-02 -2.43797990e-02 -8.66088469e-02 -1.37829185e-01 -1.76454280e-01 -2.01239629e-01 -2.11331305e-01 -2.06302481e-01 -1.86173297e-01 -1.51413490e-01 -1.02927635e-01 -4.20230807e-02 2.96345856e-02 1.10077242e-01 1.97091628e-01 2.88284881e-01 3.81165281e-01 4.72616240e-01 5.45802093e-01 6.54615666e-01
7.00000000e-01 7.44203597e-01 7.61892394e-01 8.30458236e-01 8.67852300e-01 8.88484448e-01 8.92857261e-01 8.80569435e-01 8.51528662e-01 8.06156615e-01 7.45408072e-01 6.70681019e-01 5.83602056e-01 4.86053719e-01 3.80034608e-01 2.67663392e-01 1.51075835e-01 3.24062914e-02 -8.62743869e-02 -2.02984856e-01 -3.15879952e-01 -4.23271115e-01 -5.23682230e-01 -6.15844811e-01 -6.98778244e-01 -7.71735632e-01 -8.34308107e-01 -8.86312448e-01 -9.27899002e-01 -9.59357609e-01 -9.81351228e-01 -9.95652061e-01 -9.98600772e-01 -9.98587090e-01 -9.90881968e-01 -9.77702628e-01 -9.60462590e-01 -9.39611959e-01 -9.15710258e-01 -8.89221528e-01 -8.60405897e-01 -8.29403358e-01 -7.96163249e-01 -7.60536052e-01 -7.22223415e-01 -6.80875768e-01 -6.36063011e-01 -5.87370344e-01 -5.34385766e-01 -4.76785272e-01 -4.14331155e-01 -3.46937392e-01 -2.74671770e-01 -1.97795170e-01 -1.16760879e-01 -3.22275737e-02 5.49493400e-02 1.43724848e-01 2.32885014e-01 3.21064420e-01 4.06784544e-01 4.88471283e-01 5.64519876e-01 6.33304091e-01 6.93273532e-01 7.42953735e-01 7.81072464e-01 8.06574014e-01 8.18740184e-01 8.17175824e-01 8.01820290e-01 7.72972163e-01 7.31307712e-01 6.77923494e-01 6.14233191e-01 5.41971736e-01 4.63079022e-01 3.79700747e-01 2.94090450e-01 2.08589559e-01 1.25551233e-01 4.73010875e-02 -2.39281554e-02 -8.60521327e-02 -1.37200833e-01 -1.75781885e-01 -2.00542622e-01 -2.10622031e-01 -2.05590010e-01 -1.85468595e-01 -1.50734304e-01 -1.02301369e-01 -4.14863827e-02 3.00401361e-02 1.10312645e-01 1.97129187e-01 2.88117794e-01 3.80830314e-01 4.71739648e-01 5.40015181e-01 6.57608172e-01
8.00000000e-01 7.51292577e-01 7.56450234e-01 8.29424866e-01 8.67592971e-01 8.88208192e-01 8.92573934e-01 8.80265085e-01 8.51147021e-01 8.05631360e-01 7.44707625e-01 6.69833368e-01 5.82670820e-01 4.85132149e-01 3.79219788e-01 2.67046339e-01 1.50723212e-01 3.23533987e-02 -8.60287172e-02 -2.02475292e-01 -3.15168387e-01 -4.22434406e-01 -5.22803306e-01 -6.14996477e-01 -6.98022024e-01 -7.71106546e-01 -8.33826126e-01 -8.85970666e-01 -9.27682456e-01 -9.59210972e-01 -9.81323676e-01 -9.95868976e-01 -9.98236547e-01 -9.98618782e-01 -9.90963066e-01 -9.77666150e-01 -9.60402906e-01 -9.39539800e-01 -9.15620948e-01 -8.89118430e-01 -8.60286463e-01 -8.29268166e-01 -7.96006620e-01 -7.60355488e-01 -7.22011532e-01 -6.80629152e-01 -6.35775756e-01 -5.87041917e-01 -5.34016310e-01 -4.76381952e-01 -4.13904939e-01 -3.46506927e-01 -2.74260658e-01 -1.97432383e-01 -1.16477357e-01 -3.20532423e-02 5.49898446e-02 1.43616408e-01 2.32625707e-01 3.20667040e-01 4.06277609e-01 4.87894007e-01 5.63920189e-01 6.32726160e-01 6.92755294e-01 7.42511411e-01 7.80703965e-01 8.06255628e-01 8.18443898e-01 8.16873736e-01 8.01483835e-01 7.72573670e-01 7.30826880e-01 6.77366217e-01 6.13627625e-01 5.41370562e-01 4.62541968e-01 3.79288872e-01 2.93850963e-01 2.08551390e-01 1.25719838e-01 4.76610452e-02 -2.34080411e-02 -8.54107525e-02 -1.36476547e-01 -1.75006484e-01 -1.99738558e-01 -2.09803694e-01 -2.04768048e-01 -1.84655824e-01 -1.49951331e-01 -1.01579789e-01 -4.08683596e-02 3.05069374e-02 1.10583527e-01 1.97172531e-01 2.87926486e-01 3.80449539e-01 4.70603000e-01 5.33634196e-01 6.60888029e-01
9.00000000e-01 7.59052325e-01 7.50723651e-01 8.28080662e-01 8.67304003e-01 8.87896738e-01 8.92251788e-01 8.79918590e-01 8.50712989e-01 8.05035049e-01 7.43913800e-01 6.68873603e-01 5.81617697e-01 4.84090781e-01 3.78299827e-01 2.66349943e-01 1.50325349e-01 3.22935645e-02 -8.57517258e-02 -2.01900433e-01 -3.14365026e-01 -4.21489122e-01 -5.21809362e-01 -6.14036423e-01 -6.97165261e-01 -7.70393402e-01 -8.33279048e-01 -8.85582799e-01 -9.27435441e-01 -9.59039138e-01 -9.81314321e-01 -9.96078561e-01 -9.97856414e-01 -9.98634029e-01 -9.91061421e-01 -9.77626349e-01 -9.60333987e-01 -9.39457851e-01 -9.15519817e-01 -8.89001467e-01 -8.60151115e-01 -8.29114772e-01 -7.95829039e-01 -7.60150617e-01 -7.21771279e-01 -6.80349429e-01 -6.35450123e-01 -5.86669617e-01 -5.33597734e-01 -4.75925121e-01 -4.13422456e-01 -3.46019821e-01 -2.73795737e-01 -1.97022305e-01 -1.16157099e-01 -3.18564666e-02 5.50353480e-02 1.43493697e-01 2.32332559e-01 3.20217938e-01 4.05704536e-01 4.87241274e-01 5.63241667e-01 6.32071948e-01 6.92168079e-01 7.42009871e-01 7.80285621e-01 8.05893987e-01 8.18107245e-01 8.16530488e-01 8.01101706e-01 7.72121366e-01 7.30281835e-01 6.76735032e-01 6.12942513e-01 5.40690868e-01 4.61935296e-01 3.78823829e-01 2.93580792e-01 2.08508527e-01 1.25910529e-01 4.80679547e-02 -2.28198850e-02 -8.46851227e-02 -1.35656639e-01 -1.74128265e-01 -1.98827514e-01 -2.08876325e-01 -2.03836650e-01 -1.83735139e-01 -1.49064870e-01 -1.00763333e-01 -4.01695375e-02 3.10345070e-02 1.10889578e-01 1.97221671e-01 2.87711780e-01 3.80022636e-01 4.69162256e-01 5.26772601e-01 6.64387515e-01
1.00000000e+00 7.67390954e-01 7.44854989e-01 8.26377451e-01 8.66981987e-01 8.87551329e-01 8.91890425e-01 8.79529360e-01 8.50226002e-01 8.04367310e-01 7.43026602e-01 6.67802080e-01 5.80443537e-01 4.82930764e-01 3.77276016e-01 2.65575285e-01 1.49882897e-01 3.22268319e-02 -8.54439403e-02 -2.01261250e-01 -3.13471011e-01 -4.20436369e-01 -5.20701216e-01 -6.12965168e-01 -6.96208077e-01 -7.69596126e-01 -8.32666583e-01 -8.85148678e-01 -9.27156994e-01 -9.58841301e-01 -9.81328863e-01 -9.96270241e-01 -9.97469911e-01 -9.98627127e-01 -9.91178219e-01 -9.77584232e-01 -9.60255338e-01 -9.39366013e-01 -9.15406899e-01 -8.88870602e-01 -8.59999848e-01 -8.28943114e-01 -7.95630478e-01 -7.59921360e-01 -7.21502607e-01 -6.80036519e-01 -6.35086080e-01 -5.86253419e-01 -5.33130091e-01 -4.75414882e-01 -4.12883912e-01 -3.45476359e-01 -2.73277380e-01 -1.96565340e-01 -1.15800497e-01 -3.16375434e-02 5.50857040e-02 1.43356783e-01 2.32005840e-01 3.19717575e-01 4.05065866e-01 4.86513646e-01 5.62484735e-01 6.31341740e-01 6.91511939e-01 7.41449021e-01 7.79817171e-01 8.05488787e-01 8.17729902e-01 8.16145748e-01 8.00673595e-01 7.71615005e-01 7.29672538e-01 6.76030096e-01 6.12178300e-01 5.39933266e-01 4.61259738e-01 3.78306266e-01 2.93280397e-01 2.08461118e-01 1.26123161e-01 4.85214342e-02 -2.21641699e-02 -8.38757122e-02 -1.34741465e-01 -1.73147441e-01 -1.97809582e-01 -2.07839958e-01 -2.02795880e-01 -1.82706711e-01 -1.48075263e-01 -9.98525001e-02 -3.93905086e-02 3.16223027e-02 1.11230452e-01 1.97276626e-01 2.87474680e-01 3.79547634e-01 4.67373407e-01 5.19550553e-01 6.68033931e-01
1.10000000e+00 7.76211815e-01 7.38990807e-01 8.24270217e-01 8.66620535e-01 8.87173567e-01 8.91489427e-01 8.79096736e-01 8.49685434e-01 8.03627734e-01 7.42046039e-01 6.66619202e-01 5.79149282e-01 4.81653377e-01 3.76149781e-01 2.64723562e-01 1.49396574e-01 3.21532501e-02 -8.51059441e-02 -2.00558816e-01 -3.12487607e-01 -4.19277371e-01 -5.19479783e-01 -6.11783290e-01 -6.95150619e-01 -7.68714637e-01 -8.31988421e-01 -8.84668110e-01 -9.26845887e-01 -9.58617209e-01 -9.81372394e-01 -9.96433765e-01 -9.97086293e-01 -9.98592752e-01 -9.91314173e-01 -9.77541118e-01 -9.60166422e-01 -9.39264153e-01 -9.15282230e-01 -8.88725797e-01 -8.59832656e-01 -8.28753129e-01 -7.95410896e-01 -7.59667629e-01 -7.21205458e-01 -6.79690337e-01 -6.34683590e-01 -5.85793294e-01 -5.32613436e-01 -4.74851350e-01 -4.12289542e-01 -3.44876859e-01 -2.72706003e-01 -1.96061936e-01 -1.15407988e-01 -3.13968020e-02 5.51407511e-02 1.43205743e-01 2.31645854e-01 3.19166467e-01 4.04362203e-01 4.85711741e-01 5.61649865e-01 6.30535856e-01 6.90786937e-01 7.40828759e-01 7.79298327e-01 8.05039693e-01 8.17311509e-01 8.15719150e-01 8.00199163e-01 7.71054314e-01 7.28998947e-01 6.75251587e-01 6.11335478e-01 5.39098442e-01 4.60516109e-01 3.77736904e-01 2.92950282e-01 2.08409328e-01 1.26357573e-01 4.90210619e-02 -2.14414309e-02 -8.29830414e-02 -1.33731421e-01 -1.72064254e-01 -1.96684864e-01 -2.06694633e-01 -2.01645813e-01 -1.81570739e-01 -1.46982890e-01 -9.88478433e-02 -3.85319289e-02 3.22697236e-02 1.11605768e-01 1.97337434e-01 2.87216358e-01 3.79020489e-01 4.65194264e-01 5.12092205e-01 6.71750931e-01
1.20000000e+00 7.85415180e-01 7.33278491e-01 8.21719304e-01 8.66209786e-01 8.86765392e-01 8.91048375e-01 8.78619982e-01 8.49090595e-01 8.02815874e-01 7.40972122e-01 6.65325427e-01 5.77735971e-01 4.80260028e-01 3.74922684e-01 2.63796086e-01 1.48867163e-01 3.20728744e-02 -8.47383748e-02 -1.99794302e-01 -3.11416202e-01 -4.18013473e-01 -5.18146075e-01 -6.10491428e-01 -6.93993060e-01 -7.67748841e-01 -8.31244240e-01 -8.84140867e-01 -9.26500610e-01 -9.58367286e-01 -9.81449098e-01 -9.96559583e-01 -9.96714198e-01 -9.98526203e-01 -9.91469392e-01 -9.77498659e-01 -9.60066669e-01 -9.39152094e-01 -9.15145849e-01 -8.88567017e-01 -8.59649526e-01 -8.28544749e-01 -7.95170251e-01 -7.59389330e-01 -7.20879767e-01 -6.79310790e-01 -6.34242610e-01 -5.85289218e-01 -5.32047831e-01 -4.74234659e-01 -4.11639599e-01 -3.44221676e-01 -2.72082062e-01 -1.95512587e-01 -1.14980051e-01 -3.11346038e-02 5.52003139e-02 1.43040657e-01 2.31252935e-01 3.18565175e-01 4.03594210e-01 4.84836239e-01 5.60737586e-01 6.29654644e-01 6.89993148e-01 7.40148968e-01 7.78728776e-01 8.04546330e-01 8.16851668e-01 8.15250288e-01 7.99678033e-01 7.70438999e-01 7.28261011e-01 6.74399708e-01 6.10414589e-01 5.38187152e-01 4.59705297e-01 3.77116535e-01 2.92591004e-01 2.08353340e-01 1.26613590e-01 4.95663783e-02 -2.06522544e-02 -8.20076811e-02 -1.32626943e-01 -1.70878970e-01 -1.95453479e-01 -2.05440402e-01 -2.00386535e-01 -1.80327442e-01 -1.45788170e-01 -9.77499721e-02 -3.75945169e-02 3.29761129e-02 1.12015110e-01 1.97404155e-01 2.86938118e-01 3.78434729e-01 4.62586238e-01 5.04522933e-01 6.75459893e-01
1.30000000e+00 7.94899960e-01 7.27862867e-01 8.18692517e-01 8.65736034e-01 8.86328995e-01 8.90566884e-01 8.78098285e-01 8.48440732e-01 8.01931253e-01 7.39804865e-01 6.63921266e-01 5.76204737e-01 4.78752254e-01 3.73596415e-01 2.62794274e-01 1.48295508e-01 3.19857666e-02 -8.43419216e-02 -1.98968971e-01 -3.10258303e-01 -4.16646133e-01 -5.16701203e-01 -6.09090280e-01 -6.92735601e-01 -7.66698639e-01 -8.30433710e-01 -8.83566672e-01 -9.26119379e-01 -9.58092734e-01 -9.81561994e-01 -9.96639190e-01 -9.96361341e-01 -9.98423616e-01 -9.91643278e-01 -9.77458852e-01 -9.59955508e-01 -9.39029605e-01 -9.14997797e-01 -8.88394229e-01 -8.59450441e-01 -8.28317904e-01 -7.94908488e-01 -7.59086365e-01 -7.20525458e-01 -6.78897783e-01 -6.33763093e-01 -5.84741164e-01 -5.31433343e-01 -4.73564955e-01 -4.10934364e-01 -3.43511194e-01 -2.71406053e-01 -1.94917832e-01 -1.14517204e-01 -3.08513417e-02 5.52642034e-02 1.42861616e-01 2.30827447e-01 3.17914307e-01 4.02762610e-01 4.83887878e-01 5.59748472e-01 6.28698484e-01 6.89130658e-01 7.39409522e-01 7.78108179e-01 8.04008290e-01 8.16349942e-01 8.14738718e-01 7.99109792e-01 7.69768745e-01 7.27458678e-01 6.73474688e-01 6.09416225e-01 5.37200222e-01 4.58828267e-01 3.76446017e-01 2.92203161e-01 2.08293354e-01 1.26891023e-01 5.01568871e-02 -1.97972760e-02 -8.09502509e-02 -1.31428510e-01 -1.69591881e-01 -1.94115558e-01 -2.04077322e-01 -1.99018145e-01 -1.78977064e-01 -1.44491564e-01 -9.65595505e-02 -3.65790515e-02 3.37407592e-02 1.12458035e-01 1.97476883e-01 2.86641334e-01 3.77781157e-01 4.59516048e-01 4.96966580e-01 6.79081315e-01
1.40000000e+00 8.04565402e-01 7.22882919e-01 8.15167034e-01 8.65181481e-01 8.85866696e-01 8.90044642e-01 8.77530751e-01 8.47735029e-01 8.00973357e-01 7.38544286e-01 6.62407286e-01 5.74556805e-01 4.77131715e-01 3.72172789e-01 2.61719651e-01 1.47682512e-01 3.18919948e-02 -8.39173229e-02 -1.98084178e-01 -3.09015531e-01 -4.15176924e-01 -5.15146374e-01 -6.07580603e-01 -6.91378472e-01 -7.65563916e-01 -8.29556501e-01 -8.82945173e-01 -9.25700155e-01 -9.57795597e-01 -9.81712710e-01 -9.96665431e-01 -9.96034237e-01 -9.98282155e-01 -9.91834446e-01 -9.77424023e-01 -9.59832393e-01 -9.38896390e-01 -9.14838116e-01 -8.88207403e-01 -8.59235375e-01 -8.28072523e-01 -7.94625546e-01 -7.58758630e-01 -7.20142448e-01 -6.78451212e-01 -6.33244982e-01 -5.84149108e-01 -5.30770043e-01 -4.72842402e-01 -4.10174137e-01 -3.42745837e-01 -2.70678513e-01 -1.94278253e-01 -1.14020003e-01 -3.05474388e-02 5.53322180e-02 1.42668714e-01 2.30369782e-01 3.17214518e-01 4.01868184e-01 4.82867452e-01 5.58683153e-01 6.27667786e-01 6.88199568e-01 7.38610281e-01 7.77436173e-01 8.03425130e-01 8.15805859e-01 8.14183961e-01 7.98493994e-01 7.69043212e-01 7.26591891e-01 6.72476782e-01 6.08341022e-01 5.36138548e-01 4.57886057e-01 3.75726278e-01 2.91787396e-01 2.08229589e-01 1.27189670e-01 5.07920579e-02 -1.88771792e-02 -7.98114179e-02 -1.30136637e-01 -1.68203307e-01 -1.92671250e-01 -2.02605464e-01 -1.97540754e-01 -1.77519875e-01 -1.43093571e-01 -9.52772964e-02 -3.54863699e-02 3.45628991e-02 1.12934065e-01 1.97555753e-01 2.86327366e-01 3.77047658e-01 4.55957304e-01 4.89542754e-01 6.82536200e-01
1.50000000e+00 8.14312736e-01 7.18468680e-01 8.11131077e-01 8.64524170e-01 8.85380765e-01 8.89481451e-01 8.76916406e-01 8.46972608e-01 7.99941648e-01 7.37190408e-01 6.60784114e-01 5.72793491e-01 4.75400196e-01 3.70653740e-01 2.60573842e-01 1.47029135e-01 3.17916337e-02 -8.34653640e-02 -1.97141360e-01 -3.07689619e-01 -4.13607527e-01 -5.13482895e-01 -6.05963213e-01 -6.89921937e-01 -7.64344556e-01 -8.28612289e-01 -8.82275921e-01 -9.25240684e-01 -9.57478795e-01 -9.81901312e-01 -9.96632757e-01 -9.95737982e-01 -9.98100153e-01 -9.92040672e-01 -9.77396805e-01 -9.59696842e-01 -9.38752080e-01 -9.14666845e-01 -8.88006516e-01 -8.59004299e-01 -8.27808532e-01 -7.94321355e-01 -7.58406019e-01 -7.19730640e-01 -6.77970973e-01 -6.32688217e-01 -5.83513028e-01 -5.30058008e-01 -4.72067180e-01 -4.09359245e-01 -3.41926059e-01 -2.69900015e-01 -1.93594477e-01 -1.13489045e-01 -3.02233475e-02 5.54041443e-02 1.42462052e-01 2.29880361e-01 3.16466504e-01 4.00911771e-01 4.81775807e-01 5.57542306e-01 6.26562989e-01 6.87199990e-01 7.37751095e-01 7.76712374e-01 8.02796370e-01 8.15218909e-01 8.13585499e-01 7.97830158e-01 7.68262045e-01 7.25660588e-01 6.71406271e-01 6.07189665e-01 5.35003098e-01 4.56879773e-01 3.74958310e-01 2.91344394e-01 2.08162276e-01 1.27509316e-01 5.14713275e-02 -1.78926933e-02 -7.85918957e-02 -1.28751881e-01 -1.66713595e-01 -1.91120719e-01 -2.01024908e-01 -1.95954490e-01 -1.75956168e-01 -1.41594731e-01 -9.39039804e-02 -3.43173657e-02 3.54417192e-02 1.13442704e-01 1.97640952e-01 2.85997446e-01 3.76219112e-01 4.51891903e-01 4.82364260e-01 6.85747401e-01
1.60000000e+00 8.24046742e-01 7.14738372e-01 8.06585269e-01 8.63738101e-01 8.84873190e-01 8.88877282e-01 8.76254194e-01 8.46152528e-01 7.98835557e-01 7.35743263e-01 6.59052438e-01 5.70916204e-01 4.73559601e-01 3.69041317e-01 2.59358565e-01 1.46336386e-01 3.16847645e-02 -8.29868741e-02 -1.96142036e-01 -3.06282407e-01 -4.11939727e-01 -5.11712166e-01 -6.04238989e-01 -6.88366296e-01 -7.63040431e-01 -8.27600763e-01 -8.81558337e-01 -9.24738559e-01 -9.57146106e-01 -9.82126191e-01 -9.96537417e-01 -9.95476080e-01 -9.97877209e-01 -9.92258887e-01 -9.77380084e-01 -9.59548484e-01 -9.38596217e-01 -9.14484019e-01 -8.87791553e-01 -8.58757172e-01 -8.27525859e-01 -7.93995834e-01 -7.58028420e-01 -7.19289932e-01 -6.77456955e-01 -6.32092730e-01 -5.82832906e-01 -5.29297320e-01 -4.71239485e-01 -4.08490035e-01 -3.41052351e-01 -2.69071174e-01 -1.92867169e-01 -1.12924962e-01 -2.98795487e-02 5.54797575e-02 1.42241739e-01 2.29359634e-01 3.15671004e-01 3.99894263e-01 4.80613847e-01 5.56326661e-01 6.25384562e-01 6.86132056e-01 7.36831804e-01 7.75936374e-01 8.02121497e-01 8.14588543e-01 8.12942777e-01 7.97117768e-01 7.67424868e-01 7.24664707e-01 6.70263466e-01 6.05962886e-01 5.33794904e-01 4.55810591e-01 3.74143166e-01 2.90874879e-01 2.08091668e-01 1.27849737e-01 5.21941023e-02 -1.68445916e-02 -7.72924421e-02 -1.27274837e-01 -1.65123118e-01 -1.89464147e-01 -1.99335748e-01 -1.94259495e-01 -1.74286265e-01 -1.39995620e-01 -9.24404248e-02 -3.30729862e-02 3.63763592e-02 1.13983427e-01 1.97732724e-01 2.85652534e-01 3.75277434e-01 4.47311212e-01 4.75534734e-01 6.88640906e-01
1.70000000e+00 8.33677204e-01 7.11795876e-01 8.01543637e-01 8.62793537e-01 8.84345400e-01 8.88232315e-01 8.75542982e-01 8.45273786e-01 7.97654491e-01 7.34202890e-01 6.57213010e-01 5.68926442e-01 4.71611952e-01 3.67337674e-01 2.58075630e-01 1.45605324e-01 3.15714750e-02 -8.24827233e-02 -1.95087799e-01 -3.04795837e-01 -4.10175414e-01 -5.09835688e-01 -6.02408867e-01 -6.86711885e-01 -7.61651415e-01 -8.26521633e-01 -8.80791677e-01 -9.24191297e-01 -9.56802115e-01 -9.82384014e-01 -9.96377581e-01 -9.95250341e-01 -9.97614241e-01 -9.92485193e-01 -9.77376930e-01 -9.59387104e-01 -9.38428251e-01 -9.14289664e-01 -8.87562506e-01 -8.58493949e-01 -8.27224429e-01 -7.93648893e-01 -7.57625720e-01 -7.18820206e-01 -6.76909047e-01 -6.31458449e-01 -5.82108725e-01 -5.28488066e-01 -4.70359532e-01 -4.07566878e-01 -3.40125236e-01 -2.68192640e-01 -1.92097041e-01 -1.12328420e-01 -2.95165503e-02 5.55588229e-02 1.42007886e-01 2.28808076e-01 3.14828796e-01 3.98816609e-01 4.79382523e-01 5.55036999e-01 6.24133003e-01 6.84995911e-01 7.35852235e-01 7.75107746e-01 8.01399962e-01 8.13914177e-01 8.12255205e-01 7.96356275e-01 7.66531290e-01 7.23604180e-01 6.69048708e-01 6.04661461e-01 5.32515069e-01 4.54679749e-01 3.73281961e-01 2.90379612e-01 2.08018031e-01 1.28210695e-01 5.29597602e-02 -1.57336888e-02 -7.59138581e-02 -1.25706140e-01 -1.63432279e-01 -1.87701736e-01 -1.97538092e-01 -1.92455929e-01 -1.72510514e-01 -1.38296858e-01 -9.08875022e-02 -3.17542305e-02 3.73659140e-02 1.14555696e-01 1.97831379e-01 2.85293161e-01 3.74201750e-01 4.42216976e-01 4.69146509e-01 6.91147030e-01
1.80000000e+00 8.43120220e-01 7.09728565e-01 7.96034220e-01 8.61657526e-01 8.83797946e-01 8.87546987e-01 8.74781561e-01 8.44335315e-01 7.96397834e-01 7.32569339e-01 6.55266645e-01 5.66825790e-01 4.69559385e-01 3.65545072e-01 2.56726930e-01 1.44837054e-01 3.14518598e-02 -8.19538196e-02 -1.93980312e-01 -3.03231948e-01 -4.08316575e-01 -5.07855051e-01 -6.00473848e-01 -6.84959080e-01 -7.60177378e-01 -8.25374627e-01 -8.79975004e-01 -9.23596434e-01 -9.56452107e-01 -9.82669739e-01 -9.96153388e-01 -9.95060833e-01 -9.97313475e-01 -9.92714931e-01 -9.77390511e-01 -9.59212698e-01 -9.38247529e-01 -9.14083788e-01 -8.87319378e-01 -8.58214576e-01 -8.26904167e-01 -7.93280432e-01 -7.57197800e-01 -7.18321339e-01 -6.76327134e-01 -6.30785294e-01 -5.81340474e-01 -5.27630339e-01 -4.69427551e-01 -4.06590167e-01 -3.39145274e-01 -2.67265099e-01 -1.91284839e-01 -1.11700120e-01 -2.91348861e-02 5.56410959e-02 1.41760613e-01 2.28226189e-01 3.13940696e-01 3.97679808e-01 4.78082839e-01 5.53674147e-01 6.22808839e-01 6.83791718e-01 7.34812207e-01 7.74226042e-01 8.00631186e-01 8.13195190e-01 8.11522156e-01 7.95545098e-01 7.65580905e-01 7.22478940e-01 6.67762366e-01 6.03286213e-01 5.31164758e-01 4.53488551e-01 3.72375868e-01 2.89859391e-01 2.07941649e-01 1.28591945e-01 5.37676531e-02 -1.45608394e-02 -7.44569858e-02 -1.24046461e-01 -1.61641506e-01 -1.85833707e-01 -1.95632064e-01 -1.90543971e-01 -1.70629293e-01 -1.36499101e-01 -8.92461341e-02 -3.03621462e-02 3.84094371e-02 1.15158959e-01 1.97937289e-01 2.84919237e-01 3.72968707e-01 4.36621933e-01 4.63278793e-01 6.93201487e-01
1.90000000e+00 8.52299344e-01 7.08605578e-01 7.90099246e-01 8.60294608e-01 8.83230148e-01 8.86822032e-01 8.73968663e-01 8.43335982e-01 7.95064952e-01 7.30842674e-01 6.53214227e-01 5.64615925e-01 4.67404142e-01 3.63665866e-01 2.55314439e-01 1.44032721e-01 3.13260196e-02 -8.14011056e-02 -1.92821301e-01 -3.01592869e-01 -4.06365292e-01 -5.05771945e-01 -5.98434992e-01 -6.83108298e-01 -7.58618199e-01 -8.24159500e-01 -8.79107146e-01 -9.22951634e-01 -9.56101928e-01 -9.82976704e-01 -9.95866928e-01 -9.94905910e-01 -9.96978389e-01 -9.92942780e-01 -9.77423988e-01 -9.59025525e-01 -9.38053295e-01 -9.13866381e-01 -8.87062187e-01 -8.57918991e-01 -8.26564996e-01 -7.92890343e-01 -7.56744540e-01 -7.17793195e-01 -6.75711097e-01 -6.30073180e-01 -5.80528144e-01 -5.26724238e-01 -4.68443795e-01 -4.05560321e-01 -3.38113054e-01 -2.66289275e-01 -1.90431351e-01 -1.11040794e-01 -2.87351142e-02 5.57263234e-02 1.41500043e-01 2.27614500e-01 3.13007557e-01 3.96484910e-01 4.76715844e-01 5.52238984e-01 6.21412627e-01 6.82519658e-01 7.33711529e-01 7.73290797e-01 7.99814552e-01 8.12430923e-01 8.10742966e-01 7.94683624e-01 7.64573292e-01 7.21288920e-01 6.66404842e-01 6.01838008e-01 5.29745203e-01 4.52238356e-01 3.71426112e-01 2.89315049e-01 2.07862818e-01 1.28993236e-01 5.46171088e-02 -1.33269345e-02 -7.29227067e-02 -1.22296509e-01 -1.59751258e-01 -1.83860303e-01 -1.93617807e-01 -1.88523821e-01 -1.68643008e-01 -1.34603044e-01 -8.75172897e-02 -2.88978278e-02 3.95059437e-02 1.15792653e-01 1.98050886e-01 2.84529862e-01 3.71552927e-01 4.30550105e-01 4.57996169e-01 6.94746341e-01
2.00000000e+00 8.61146546e-01 7.08476546e-01 7.83794883e-01 8.58667722e-01 8.82639732e-01 8.86058496e-01 8.73102967e-01 8.42274587e-01 7.93655191e-01 7.29022974e-01 6.51056706e-01 5.62298607e-01 4.65148576e-01 3.61702503e-01 2.53840202e-01 1.43193508e-01 3.11940614e-02 -8.08255551e-02 -1.91612553e-01 -2.99880818e-01 -4.04323740e-01 -5.03588148e-01 -5.96293423e-01 -6.81159997e-01 -7.56973766e-01 -8.22876026e-01 -8.78186673e-01 -9.22254813e-01 -9.55757804e-01 -9.83296777e-01 -9.95522139e-01 -9.94782303e-01 -9.96613599e-01 -9.93162887e-01 -9.77480393e-01 -9.58826162e-01 -9.37844686e-01 -9.13637398e-01 -8.86790959e-01 -8.57607126e-01 -8.26206840e-01 -7.92478504e-01 -7.56265818e-01 -7.17235629e-01 -6.75060816e-01 -6.29322017e-01 -5.79671734e-01 -5.25769868e-01 -4.67408530e-01 -4.04477779e-01 -3.37029203e-01 -2.65265924e-01 -1.89537402e-01 -1.10351206e-01 -2.83178158e-02 5.58142443e-02 1.41226305e-01 2.26973557e-01 3.12030266e-01 3.95233013e-01 4.75282636e-01 5.50732436e-01 6.19944952e-01 6.81179929e-01 7.32550003e-01 7.72301524e-01 7.98949413e-01 8.11620682e-01 8.09916937e-01 7.93771209e-01 7.63508017e-01 7.20034053e-01 6.64976570e-01 6.00317760e-01 5.28257697e-01 4.50930583e-01 3.70433971e-01 2.88747447e-01 2.07781854e-01 1.29414305e-01 5.55074332e-02 -1.20329002e-02 -7.13119403e-02 -1.20457028e-01 -1.57762021e-01 -1.81781790e-01 -1.91495482e-01 -1.86395700e-01 -1.66552096e-01 -1.32609422e-01 -8.57019840e-02 -2.73624132e-02 4.06544137e-02 1.16456218e-01 1.98172647e-01 2.84123113e-01 3.69927587e-01 4.24036759e-01 4.53347470e-01 6.95730794e-01
2.10000000e+00 8.69602973e-01 7.09370812e-01 7.77190537e-01 8.56739269e-01 8.82022454e-01 8.85257753e-01 8.72183128e-01 8.41149860e-01 7.92167880e-01 7.27110336e-01 6.48795104e-01 5.59875685e-01 4.62795136e-01 3.59657514e-01 2.52306331e-01 1.42320633e-01 3.10560982e-02 -8.02281698e-02 -1.90355909e-01 -2.98098092e-01 -4.02194178e-01 -5.01305529e-01 -5.94050331e-01 -6.79114682e-01 -7.55243984e-01 -8.21523997e-01 -8.77211864e-01 -9.21504259e-01 -9.55426119e-01 -9.83620564e-01 -9.95124646e-01 -9.94685268e-01 -9.96224703e-01 -9.93369031e-01 -9.77562502e-01 -9.58615552e-01 -9.37620745e-01 -9.13396755e-01 -8.86505740e-01 -8.57278907e-01 -8.25829619e-01 -7.92044789e-01 -7.55761505e-01 -7.16648485e-01 -6.74376168e-01 -6.28531710e-01 -5.78771245e-01 -5.24767342e-01 -4.66322045e-01 -4.03343005e-01 -3.35894377e-01 -2.64195839e-01 -1.88603852e-01 -1.09632149e-01 -2.78835940e-02 5.59045904e-02 1.40939534e-01 2.26303934e-01 3.11009742e-01 3.93925260e-01 4.73784358e-01 5.49155476e-01 6.18406429e-01 6.79772749e-01 7.31327424e-01 7.71257725e-01 7.98035090e-01 8.10763735e-01 8.09043335e-01 7.92807179e-01 7.62384635e-01 7.18714275e-01 6.63478016e-01 5.98726426e-01 5.26703593e-01 4.49566705e-01 3.69400773e-01 2.88157480e-01 2.07699083e-01 1.29854889e-01 5.64379131e-02 -1.06796943e-02 -6.96256415e-02 -1.18528798e-01 -1.55674313e-01 -1.79598457e-01 -1.89265269e-01 -1.84159852e-01 -1.64357024e-01 -1.30519010e-01 -8.38012767e-02 -2.57570815e-02 4.18537956e-02 1.17149095e-01 1.98303073e-01 2.83695847e-01 3.68065124e-01 4.17128025e-01 4.49365036e-01 6.96111822e-01
2.20000000e+00 8.77619489e-01 7.11297141e-01 7.70367743e-01 8.54472322e-01 8.81371747e-01 8.84421482e-01 8.71207796e-01 8.39960460e-01 7.90602336e-01 7.25104881e-01 6.46430511e-01 5.57349093e-01 4.60346371e-01 3.57533512e-01 2.50714997e-01 1.41415345e-01 3.09122488e-02 -7.96099755e-02 -1.89053256e-01 -2.96247062e-01 -3.99978951e-01 -4.98926047e-01 -5.91706968e-01 -6.76972900e-01 -7.53428787e-01 -8.20103214e-01 -8.76180692e-01 -9.20698765e-01 -9.55113181e-01 -9.83937679e-01 -9.94681524e-01 -9.94608797e-01 -9.95818082e-01 -9.93554813e-01 -9.77672706e-01 -9.58395046e-01 -9.37380425e-01 -9.13144316e-01 -8.86206587e-01 -8.56934255e-01 -8.25433254e-01 -7.91589059e-01 -7.55231471e-01 -7.16031600e-01 -6.73657030e-01 -6.27702159e-01 -5.77826683e-01 -5.23716781e-01 -4.65184646e-01 -4.02156486e-01 -3.34709268e-01 -2.63079845e-01 -1.87631596e-01 -1.08884441e-01 -2.74330713e-02 5.59970868e-02 1.40639871e-01 2.25606224e-01 3.09946937e-01 3.92562837e-01 4.72222195e-01 5.47509121e-01 6.16797702e-01 6.78298355e-01 7.30043581e-01 7.70158881e-01 7.97070872e-01 8.09859316e-01 8.08121391e-01 7.91790832e-01 7.61202691e-01 7.17329527e-01 6.61909677e-01 5.97065005e-01 5.25084302e-01 4.48148244e-01 3.68327890e-01 2.87546067e-01 2.07614847e-01 1.30314716e-01 5.74078177e-02 -9.26830377e-03 -6.78647992e-02 -1.16512636e-01 -1.53488678e-01 -1.77310617e-01 -1.86927375e-01 -1.81816547e-01 -1.62058292e-01 -1.28332618e-01 -8.18162696e-02 -2.40830496e-02 4.31030100e-02 1.17870735e-01 1.98442655e-01 2.83243509e-01 3.65938033e-01 4.09880190e-01 4.46064381e-01 6.95854632e-01
2.30000000e+00 8.85157013e-01 7.14243934e-01 7.63418647e-01 8.51831940e-01 8.80678395e-01 8.83551628e-01 8.70175654e-01 8.38704971e-01 7.88957862e-01 7.23006752e-01 6.43964092e-01 5.54720850e-01 4.57804919e-01 3.55333178e-01 2.49068427e-01 1.40478918e-01 3.07626372e-02 -7.89720189e-02 -1.87706528e-01 -2.94330167e-01 -3.97680483e-01 -4.96451745e-01 -5.89264654e-01 -6.74735247e-01 -7.51528137e-01 -8.18613469e-01 -8.75090813e-01 -9.19837746e-01 -9.54824962e-01 -9.84237047e-01 -9.94201020e-01 -9.94545867e-01 -9.95400660e-01 -9.93713857e-01 -9.77812869e-01 -9.58166438e-01 -9.37122614e-01 -9.12879877e-01 -8.85893576e-01 -8.56573088e-01 -8.25017660e-01 -7.91111170e-01 -7.54675581e-01 -7.15384803e-01 -6.72903272e-01 -6.26833264e-01 -5.76838062e-01 -5.22618314e-01 -4.63996659e-01 -4.00918733e-01 -3.33474596e-01 -2.61918800e-01 -1.86621563e-01 -1.08108930e-01 -2.69668889e-02 5.60914530e-02 1.40327461e-01 2.24881039e-01 3.08842828e-01 3.91146972e-01 4.70597373e-01 5.45794433e-01 6.15119445e-01 6.76757001e-01 7.28698258e-01 7.69004460e-01 7.96056019e-01 8.08906622e-01 8.07150302e-01 7.90721438e-01 7.59961720e-01 7.15879756e-01 6.60272085e-01 5.95334544e-01 5.23401292e-01 4.46676774e-01 3.67216734e-01 2.86914156e-01 2.07529500e-01 1.30793516e-01 5.84164020e-02 -7.79974225e-03 -6.60304342e-02 -1.14409389e-01 -1.51205692e-01 -1.74918611e-01 -1.84482029e-01 -1.79366084e-01 -1.59656433e-01 -1.26051098e-01 -7.97481057e-02 -2.23415700e-02 4.44009540e-02 1.18620606e-01 1.98591833e-01 2.82759959e-01 3.63519757e-01 4.02358668e-01 4.43444243e-01 6.94932944e-01
2.40000000e+00 8.92186631e-01 7.18179911e-01 7.56444136e-01 8.48786545e-01 8.79930266e-01 8.82650325e-01 8.69085449e-01 8.37381897e-01 7.87233752e-01 7.20816122e-01 6.41397080e-01 5.51993058e-01 4.55173505e-01 3.53059263e-01 2.47368894e-01 1.39512653e-01 3.06073926e-02 -7.83153634e-02 -1.86317693e-01 -2.92349910e-01 -3.95301273e-01 -4.93884749e-01 -5.86724776e-01 -6.72402366e-01 -7.49542046e-01 -8.17054533e-01 -8.73939573e-01 -9.18921351e-01 -9.54566829e-01 -9.84507249e-01 -9.93692226e-01 -9.94488733e-01 -9.94979656e-01 -9.93840026e-01 -9.77984210e-01 -9.57931983e-01 -9.36846158e-01 -9.12603155e-01 -8.85566794e-01 -8.56195322e-01 -8.24582749e-01 -7.90610967e-01 -7.54093697e-01 -7.14707913e-01 -6.72114765e-01 -6.25924919e-01 -5.75805398e-01 -5.21472080e-01 -4.62758428e-01 -3.99630282e-01 -3.32191115e-01 -2.60713592e-01 -1.85574710e-01 -1.07306485e-01 -2.64857046e-02 5.61874038e-02 1.40002454e-01 2.24129011e-01 3.07698423e-01 3.89678929e-01 4.68911162e-01 5.44012518e-01 6.13372364e-01 6.75148965e-01 7.27291238e-01 7.67793914e-01 7.94989761e-01 8.07904814e-01 8.06129231e-01 7.89598241e-01 7.58661250e-01 7.14364916e-01 6.58565805e-01 5.93536133e-01 5.21656082e-01 4.45153912e-01 3.66068760e-01 2.86262718e-01 2.07443411e-01 1.31291015e-01 5.94629079e-02 -6.27504689e-03 -6.41235969e-02 -1.12219939e-01 -1.48825963e-01 -1.72422809e-01 -1.81929486e-01 -1.76808788e-01 -1.57152015e-01 -1.23675337e-01 -7.75979664e-02 -2.05339271e-02 4.57465052e-02 1.19398199e-01 1.98750930e-01 2.82237340e-01 3.60785622e-01 3.94636694e-01 4.41487045e-01 6.93329099e-01
2.50000000e+00 8.98689507e-01 7.23055259e-01 7.49551659e-01 8.45309326e-01 8.79112111e-01 8.81719790e-01 8.67936043e-01 8.35989667e-01 7.85429287e-01 7.18533198e-01 6.38730784e-01 5.49167902e-01 4.52454933e-01 3.50714576e-01 2.45618712e-01 1.38517869e-01 3.04466484e-02 -7.76410860e-02 -1.84888754e-01 -2.90308846e-01 -3.92843890e-01 -4.91227269e-01 -5.84088789e-01 -6.69974952e-01 -7.47470572e-01 -8.15426131e-01 -8.72724019e-01 -9.17950558e-01 -9.54343283e-01 -9.84736882e-01 -9.93164720e-01 -9.94429245e-01 -9.94562299e-01 -9.93927639e-01 -9.78187182e-01 -9.57694406e-01 -9.36549893e-01 -9.12313771e-01 -8.85226343e-01 -8.55800876e-01 -8.24128430e-01 -7.90088290e-01 -7.53485674e-01 -7.14000745e-01 -6.71291377e-01 -6.24977018e-01 -5.74728716e-01 -5.20278228e-01 -4.61470316e-01 -3.98291692e-01 -3.30859607e-01 -2.59465143e-01 -1.84492026e-01 -1.06477999e-01 -2.59901911e-02 5.62846492e-02 1.39665007e-01 2.23350788e-01 3.06514754e-01 3.88160009e-01 4.67164865e-01 5.42164520e-01 6.11557193e-01 6.73474539e-01 7.25822302e-01 7.66526682e-01 7.93871301e-01 8.06853021e-01 8.05057305e-01 7.88420462e-01 7.57300801e-01 7.12784972e-01 6.56791434e-01 5.91670904e-01 5.19850244e-01 4.43581319e-01 3.64885453e-01 2.85592745e-01 2.07356958e-01 1.31806938e-01 6.05465677e-02 -4.69527562e-03 -6.21453656e-02 -1.09945200e-01 -1.46350128e-01 -1.69823607e-01 -1.79270032e-01 -1.74145015e-01 -1.54545640e-01 -1.21206262e-01 -7.53670702e-02 -1.86614350e-02 4.71385267e-02 1.20203028e-01 1.98920091e-01 2.81665978e-01 3.57713804e-01 3.86793754e-01 4.40159711e-01 6.91033990e-01
2.60000000e+00 9.04656582e-01 7.28803181e-01 7.42852803e-01 8.41379607e-01 8.78205453e-01 8.80762183e-01 8.66726449e-01 8.34526633e-01 7.83543740e-01 7.16158221e-01 6.35966582e-01 5.46247648e-01 4.49652082e-01 3.48301982e-01 2.43820228e-01 1.37495903e-01 3.02805426e-02 -7.69502735e-02 -1.83421739e-01 -2.88209582e-01 -3.90310972e-01 -4.88481587e-01 -5.81358218e-01 -6.67453750e-01 -7.45313839e-01 -8.13727912e-01 -8.71440939e-01 -9.16927243e-01 -9.54157708e-01 -9.84914927e-01 -9.92628195e-01 -9.94359171e-01 -9.94155560e-01 -9.93971676e-01 -9.78421375e-01 -9.57456889e-01 -9.36232692e-01 -9.12011236e-01 -8.84872335e-01 -8.55389671e-01 -8.23654605e-01 -7.89542974e-01 -7.52851363e-01 -7.13263106e-01 -6.70432970e-01 -6.23989454e-01 -5.73608044e-01 -5.19036918e-01 -4.60132708e-01 -3.96903547e-01 -3.29480887e-01 -2.58174402e-01 -1.83374527e-01 -1.05624387e-01 -2.54810343e-02 5.63828959e-02 1.39315282e-01 2.22547031e-01 3.05292875e-01 3.86591545e-01 4.65359828e-01 5.40251626e-01 6.09674700e-01 6.71734038e-01 7.24291234e-01 7.65202190e-01 7.92699814e-01 8.05750334e-01 8.03933621e-01 7.87187296e-01 7.55879888e-01 7.11139900e-01 6.54949602e-01 5.89740035e-01 5.17985395e-01 4.41960698e-01 3.63668333e-01 2.84905250e-01 2.07270532e-01 1.32341014e-01 6.16666057e-02 -3.06150416e-03 -6.00968443e-02 -1.07586114e-01 -1.43778854e-01 -1.67121435e-01 -1.76503980e-01 -1.71375155e-01 -1.51837945e-01 -1.18644836e-01 -7.30566702e-02 -1.67254335e-02 4.85758715e-02 1.21034639e-01 1.99099192e-01 2.81034343e-01 3.54286283e-01 3.78913812e-01 4.39414837e-01 6.88046829e-01
2.70000000e+00 9.10088102e-01 7.35341822e-01 7.36460692e-01 8.36984148e-01 8.77188591e-01 8.79779421e-01 8.65455890e-01 8.32991067e-01 7.81576373e-01 7.13691473e-01 6.33105928e-01 5.43234642e-01 4.46767901e-01 3.45824391e-01 2.41975818e-01 1.36448103e-01 3.01092166e-02 -7.62440188e-02 -1.81918698e-01 -2.86054762e-01 -3.87705216e-01 -4.85650063e-01 -5.78534655e-01 -6.64839561e-01 -7.43072039e-01 -8.11959425e-01 -8.70086905e-01 -9.15854223e-01 -9.54012146e-01 -9.85031107e-01 -9.92092083e-01 -9.94270527e-01 -9.93765875e-01 -9.93967974e-01 -9.78685444e-01 -9.57223043e-01 -9.35893507e-01 -9.11694936e-01 -8.84504890e-01 -8.54961635e-01 -8.23161169e-01 -7.88974845e-01 -7.52190607e-01 -7.12494798e-01 -6.69539405e-01 -6.22962121e-01 -5.72443417e-01 -5.17748323e-01 -4.58746006e-01 -3.95466458e-01 -3.28055796e-01 -2.56842348e-01 -1.82223254e-01 -1.04746582e-01 -2.49589314e-02 5.64818478e-02 1.38953445e-01 2.21718419e-01 3.04033865e-01 3.84974900e-01 4.63497427e-01 5.38275055e-01 6.07725683e-01 6.69927796e-01 7.22697816e-01 7.63819850e-01 7.91474448e-01 8.04595811e-01 8.02757243e-01 7.85897920e-01 7.54398022e-01 7.09429690e-01 6.53040973e-01 5.87744747e-01 5.16063198e-01 4.40293786e-01 3.62418944e-01 2.84201263e-01 2.07184532e-01 1.32892974e-01 6.28222406e-02 -1.37482311e-03 -5.79791604e-02 -1.05143654e-01 -1.41112844e-01 -1.64316753e-01 -1.73631680e-01 -1.68499633e-01 -1.49029608e-01 -1.15992059e-01 -7.06680521e-02 -1.47272857e-02 5.00573878e-02 1.21892601e-01 1.99287747e-01 2.80329070e-01 3.50489765e-01 3.71083374e-01 4.39192169e-01 6.84374761e-01
2.80000000e+00 9.14992969e-01 7.42576494e-01 7.30487277e-01 8.32118311e-01 8.76036714e-01 8.78772975e-01 8.64123839e-01 8.31381173e-01 7.79526435e-01 7.11133280e-01 6.30150345e-01 5.40131310e-01 4.43805399e-01 3.43284758e-01 2.40087877e-01 1.35375831e-01 2.99328151e-02 -7.55234178e-02 -1.80381700e-01 -2.83847071e-01 -3.85029380e-01 -4.82735126e-01 -5.75619767e-01 -6.62133241e-01 -7.40745442e-01 -8.10120080e-01 -8.68658339e-01 -9.14735266e-01 -9.53907105e-01 -9.85076228e-01 -9.91565193e-01 -9.94155896e-01 -9.93398899e-01 -9.93913392e-01 -9.78977053e-01 -9.56996859e-01 -9.35531425e-01 -9.11364121e-01 -8.84124125e-01 -8.54516705e-01 -8.22648012e-01 -7.88383727e-01 -7.51503244e-01 -7.11695620e-01 -6.68610540e-01 -6.21894914e-01 -5.71234877e-01 -5.16412629e-01 -4.57310631e-01 -3.93981059e-01 -3.26585202e-01 -2.55469989e-01 -1.81039273e-01 -1.03845535e-01 -2.44245895e-02 5.65812061e-02 1.38579670e-01 2.20865640e-01 3.02738821e-01 3.83311463e-01 4.61579074e-01 5.36236066e-01 6.05710971e-01 6.68056166e-01 7.21041839e-01 7.62379065e-01 7.90194330e-01 8.03388478e-01 8.01527202e-01 7.84551489e-01 7.52854709e-01 7.07654349e-01 6.51066243e-01 5.85686303e-01 5.14085357e-01 4.38582359e-01 3.61138858e-01 2.83481833e-01 2.07099370e-01 1.33462553e-01 6.40126880e-02 3.63665051e-04 -5.57934626e-02 -1.02618822e-01 -1.38352829e-01 -1.61410056e-01 -1.70653513e-01 -1.65518907e-01 -1.46121339e-01 -1.13248969e-01 -6.82025319e-02 -1.26683742e-02 5.15819246e-02 1.22776510e-01 1.99484801e-01 2.79535043e-01 3.46316524e-01 3.63389444e-01 4.39420337e-01 6.80032328e-01
2.90000000e+00 9.19387949e-01 7.50402154e-01 7.25040606e-01 8.26787068e-01 8.74722153e-01 8.77743621e-01 8.62730070e-01 8.29695092e-01 7.77393164e-01 7.08484017e-01 6.27101432e-01 5.36940153e-01 4.40767641e-01 3.40686068e-01 2.38158817e-01 1.34280452e-01 2.97514855e-02 -7.47895655e-02 -1.78812822e-01 -2.81589220e-01 -3.82286273e-01 -4.79739272e-01 -5.72615289e-01 -6.59335711e-01 -7.38334404e-01 -8.08209116e-01 -8.67151601e-01 -9.13575064e-01 -9.53841408e-01 -9.85042488e-01 -9.91055368e-01 -9.94008712e-01 -9.93059275e-01 -9.93805952e-01 -9.79292867e-01 -9.56782635e-01 -9.35145731e-01 -9.11017888e-01 -8.83730155e-01 -8.54054832e-01 -8.22115015e-01 -7.87769438e-01 -7.50789105e-01 -7.10865367e-01 -6.67646229e-01 -6.20787730e-01 -5.69982469e-01 -5.15030035e-01 -4.55827024e-01 -3.92448011e-01 -3.25070004e-01 -2.54058358e-01 -1.79823671e-01 -1.02922215e-01 -2.38787234e-02 5.66806709e-02 1.38194135e-01 2.19989392e-01 3.01408857e-01 3.81602646e-01 4.59606215e-01 5.34135949e-01 6.03631427e-01 6.66119519e-01 7.19323097e-01 7.60879225e-01 7.88858559e-01 8.02127328e-01 8.00242498e-01 7.83147140e-01 7.51249453e-01 7.05813902e-01 6.49026142e-01 5.83566011e-01 5.12053617e-01 4.36828220e-01 3.59829665e-01 2.82748021e-01 2.07015465e-01 1.34049493e-01 6.52371629e-02 2.15284893e-03 -5.35409186e-02 -1.00012646e-01 -1.35499575e-01 -1.58401871e-01 -1.67569898e-01 -1.62433477e-01 -1.43113892e-01 -1.10416639e-01 -6.56614537e-02 -1.05500980e-02 5.31483365e-02 1.23685978e-01 1.99688821e-01 2.78635558e-01 3.41765150e-01 3.55917433e-01 4.40018819e-01 6.75040821e-01
3.00000000e+00 9.23296759e-01 7.58706052e-01 7.20222141e-01 8.21005779e-01 8.73214762e-01 8.76691173e-01 8.61274690e-01 8.27930917e-01 7.75175781e-01 7.05744108e-01 6.23960856e-01 5.33663748e-01 4.37657744e-01 3.38031338e-01 2.36191054e-01 1.33163338e-01 2.95653778e-02 -7.40435530e-02 -1.77214150e-01 -2.79283940e-01 -3.79478753e-01 -4.76665060e-01 -5.69523026e-01 -6.56447952e-01 -7.35839367e-01 -8.06225567e-01 -8.65563080e-01 -9.12379171e-01 -9.53812092e-01 -9.84923727e-01 -9.90569194e-01 -9.93823513e-01 -9.92750452e-01 -9.93644935e-01 -9.79628560e-01 -9.56584896e-01 -9.34735966e-01 -9.10655180e-01 -8.83323077e-01 -8.53575981e-01 -8.21562051e-01 -7.87131794e-01 -7.50048011e-01 -7.10003831e-01 -6.66646320e-01 -6.19640471e-01 -5.68686248e-01 -5.13600757e-01 -4.54295647e-01 -3.90868001e-01 -3.23511125e-01 -2.52608517e-01 -1.78577556e-01 -1.01977603e-01 -2.33220543e-02 5.67799411e-02 1.37797024e-01 2.19090386e-01 3.00045105e-01 3.79849883e-01 4.57580321e-01 5.31976025e-01 6.01487945e-01 6.64118248e-01 7.17541394e-01 7.59319710e-01 7.87466216e-01 8.00811319e-01 7.98902101e-01 7.81683995e-01 7.49581759e-01 7.03908394e-01 6.46921429e-01 5.81385218e-01 5.09969755e-01 4.35033204e-01 3.58492971e-01 2.82000901e-01 2.06933244e-01 1.34653542e-01 6.64948812e-02 3.99161114e-03 -5.12227130e-02 -9.73261787e-02 -1.32553880e-01 -1.55292766e-01 -1.64381292e-01 -1.59243881e-01 -1.40008057e-01 -1.07496177e-01 -6.30461874e-02 -8.37386929e-03 5.47554892e-02 1.24620618e-01 1.99897571e-01 2.77612564e-01 3.36841151e-01 3.48749072e-01 4.40900053e-01 6.69427519e-01
3.10000000e+00 9.26749061e-01 7.67370478e-01 7.16124209e-01 8.14800729e-01 8.71482446e-01 8.75614200e-01 8.59758179e-01 8.26086704e-01 7.72873486e-01 7.02914035e-01 6.20730357e-01 5.30304743e-01 4.34478867e-01 3.35323607e-01 2.34187011e-01 1.32025860e-01 2.93746438e-02 -7.32864643e-02 -1.75587769e-01 -2.76933981e-01 -3.76609721e-01 -4.73515108e-01 -5.66344857e-01 -6.53471020e-01 -7.33260862e-01 -8.04168224e-01 -8.63889308e-01 -9.11153900e-01 -9.53814373e-01 -9.84715640e-01 -9.90111746e-01 -9.93596154e-01 -9.92474536e-01 -9.93430941e-01 -9.79978870e-01 -9.56408276e-01 -9.34301994e-01 -9.10274776e-01 -8.82902961e-01 -8.53080139e-01 -8.20988986e-01 -7.86470604e-01 -7.49279779e-01 -7.09110802e-01 -6.65610660e-01 -6.18453040e-01 -5.67346273e-01 -5.12125025e-01 -4.52716978e-01 -3.89241740e-01 -3.21909512e-01 -2.51121550e-01 -1.77302053e-01 -1.01012695e-01 -2.27553076e-02 5.68787155e-02 1.37388528e-01 2.18169336e-01 2.98648713e-01 3.78054627e-01 4.55502896e-01 5.29757645e-01 5.99281452e-01 6.62052763e-01 7.15696540e-01 7.57699892e-01 7.86016359e-01 7.99439381e-01 7.97504953e-01 7.80161160e-01 7.47851131e-01 7.01937892e-01 6.44752900e-01 5.79145317e-01 5.07835583e-01 4.33199170e-01 3.57130397e-01 2.81241559e-01 2.06853143e-01 1.35274457e-01 6.77850628e-02 5.87883125e-03 -4.88400451e-02 -9.45604994e-02 -1.29516574e-01 -1.52083342e-01 -1.61088194e-01 -1.55950699e-01 -1.36804666e-01 -1.04488728e-01 -6.03581263e-02 -6.14110942e-03 5.64022651e-02 1.25580029e-01 2.00107998e-01 2.76446977e-01 3.31557404e-01 3.41960398e-01 4.41971667e-01 6.63224852e-01
3.20000000e+00 9.29779385e-01 7.76275555e-01 7.12827651e-01 8.08209371e-01 8.69491816e-01 8.74509729e-01 8.58181396e-01 8.24160502e-01 7.70485460e-01 6.99994336e-01 6.17411745e-01 5.26865858e-01 4.31234206e-01 3.32565928e-01 2.32149103e-01 1.30869387e-01 2.91794368e-02 -7.25193736e-02 -1.73935762e-01 -2.74542100e-01 -3.73682115e-01 -4.70292090e-01 -5.63082727e-01 -6.50406043e-01 -7.30599508e-01 -8.02035610e-01 -8.62127078e-01 -9.09906182e-01 -9.53841654e-01 -9.84415909e-01 -9.89686397e-01 -9.93323950e-01 -9.92232203e-01 -9.93165899e-01 -9.80337684e-01 -9.56257404e-01 -9.33844066e-01 -9.09875298e-01 -8.82469840e-01 -8.52567313e-01 -8.20395677e-01 -7.85785678e-01 -7.48484214e-01 -7.08186071e-01 -6.64539092e-01 -6.17225350e-01 -5.65962610e-01 -5.10603087e-01 -4.51091517e-01 -3.87569967e-01 -3.20266138e-01 -2.49598567e-01 -1.75998305e-01 -1.00028496e-01 -2.21792116e-02 5.69766932e-02 1.36968842e-01 2.17226966e-01 2.97220838e-01 3.76218345e-01 4.53375468e-01 5.27482187e-01 5.97012906e-01 6.59923494e-01 7.13788362e-01 7.56019134e-01 7.84508026e-01 7.98010413e-01 7.96049966e-01 7.78577728e-01 7.46057075e-01 6.99902488e-01 6.42521378e-01 5.76847737e-01 5.05652942e-01 4.31328002e-01 3.55743573e-01 2.80471089e-01 2.06775603e-01 1.35912005e-01 6.91069334e-02 7.81338862e-03 -4.63941265e-02 -9.17167090e-02 -1.26388521e-01 -1.48774243e-01 -1.57691146e-01 -1.52554558e-01 -1.33504592e-01 -1.01395470e-01 -5.75986849e-02 -3.85324566e-03 5.80875672e-02 1.26563767e-01 2.00316116e-01 2.75119071e-01 3.25934415e-01 3.35619864e-01 4.43138744e-01 6.56469491e-01
3.30000000e+00 9.32426020e-01 7.85301976e-01 7.10399747e-01 8.01280275e-01 8.67208976e-01 8.73372950e-01 8.56545587e-01 8.22150379e-01 7.68010853e-01 6.96985611e-01 6.14006900e-01 5.23349876e-01 4.27926990e-01 3.29761365e-01 2.30079738e-01 1.29695282e-01 2.89799115e-02 -7.17433419e-02 -1.72260204e-01 -2.72111058e-01 -3.70698908e-01 -4.66998730e-01 -5.59738656e-01 -6.47254232e-01 -7.27856003e-01 -7.99825948e-01 -8.60273576e-01 -9.08643390e-01 -9.53885611e-01 -9.84024276e-01 -9.89294697e-01 -9.93005775e-01 -9.92022658e-01 -9.92853030e-01 -9.80698161e-01 -9.56136764e-01 -9.33362880e-01 -9.09455213e-01 -8.82023689e-01 -8.52037536e-01 -8.19781974e-01 -7.85076821e-01 -7.47661114e-01 -7.07229424e-01 -6.63431453e-01 -6.15957316e-01 -5.64535333e-01 -5.09035208e-01 -4.49419782e-01 -3.85853447e-01 -3.18582000e-01 -2.48040698e-01 -1.74667467e-01 -9.90260221e-02 -2.15944957e-02 5.70735746e-02 1.36538166e-01 2.16264002e-01 2.95762651e-01 3.74342515e-01 4.51199588e-01 5.25151054e-01 5.94683299e-01 6.57730890e-01 7.11816693e-01 7.54276793e-01 7.82940237e-01 7.96523284e-01 7.94536025e-01 7.76932782e-01 7.44199100e-01 6.97802299e-01 6.40227720e-01 5.74493949e-01 5.03423696e-01 4.29421599e-01 3.54334137e-01 2.79690592e-01 2.06701073e-01 1.36565964e-01 7.04597264e-02 9.79416522e-03 -4.38861786e-02 -8.87959303e-02 -1.23170620e-01 -1.45366151e-01 -1.54190734e-01 -1.49056127e-01 -1.30108749e-01 -9.82176130e-02 -5.47692959e-02 -1.51170731e-03 5.98103239e-02 1.27571317e-01 2.00516901e-01 2.73608936e-01 3.20000381e-01 3.29786627e-01 4.44306089e-01 6.49201412e-01
3.40000000e+00 9.34729882e-01 7.94333636e-01 7.08892469e-01 7.94072740e-01 8.64600412e-01 8.72196944e-01 8.54852365e-01 8.20054452e-01 7.65448786e-01 6.93888521e-01 6.10517771e-01 5.19759647e-01 4.24560469e-01 3.26912984e-01 2.27981309e-01 1.28504901e-01 2.87762234e-02 -7.09594148e-02 -1.70563157e-01 -2.69643613e-01 -3.67663099e-01 -4.63637799e-01 -5.56314728e-01 -6.44016889e-01 -7.25031118e-01 -7.97537151e-01 -8.58326511e-01 -9.07373134e-01 -9.53936332e-01 -9.83542535e-01 -9.88936316e-01 -9.92642088e-01 -9.91843655e-01 -9.92496765e-01 -9.81052878e-01 -9.56050549e-01 -9.32859634e-01 -9.09012849e-01 -8.81564415e-01 -8.51490870e-01 -8.19147723e-01 -7.84343834e-01 -7.46810269e-01 -7.06240652e-01 -6.62287581e-01 -6.14648862e-01 -5.63064523e-01 -5.07421672e-01 -4.47702312e-01 -3.84092970e-01 -3.16858116e-01 -2.46449096e-01 -1.73310708e-01 -9.80062951e-02 -2.10018889e-02 5.71690618e-02 1.36096707e-01 2.15281175e-01 2.94275328e-01 3.72428629e-01 4.48976832e-01 5.22765672e-01 5.92293652e-01 6.55475420e-01 7.09781386e-01 7.52472219e-01 7.81311997e-01 7.94976835e-01 7.92961989e-01 7.75225394e-01 7.42276721e-01 6.95637470e-01 6.37872814e-01 5.72085462e-01 5.01149737e-01 4.27481881e-01 3.52903729e-01 2.78901175e-01 2.06630008e-01 1.37236123e-01 7.18426856e-02 1.18200484e-02 -4.13174307e-02 -8.57993069e-02 -1.19863801e-01 -1.41859792e-01 -1.50587590e-01 -1.45456124e-01 -1.26618094e-01 -9.49564025e-02 -5.18714086e-02 8.82078092e-04 6.15694914e-02 1.28602048e-01 2.00704201e-01 2.71897006e-01 3.13791042e-01 3.24509058e-01 4.45380422e-01 6.41462942e-01
3.50000000e+00 9.36733409e-01 8.03260096e-01 7.08341121e-01 7.86656101e-01 8.61633984e-01 8.70972422e-01 8.53103660e-01 8.17870931e-01 7.62798344e-01 6.90703790e-01 6.06946376e-01 5.16098078e-01 4.21137914e-01 3.24023848e-01 2.25856186e-01 1.27299589e-01 2.85685288e-02 -7.01686200e-02 -1.68846664e-01 -2.67142513e-01 -3.64577711e-01 -4.60212112e-01 -5.52813100e-01 -6.40695407e-01 -7.22125676e-01 -7.95166807e-01 -8.56284242e-01 -9.06103024e-01 -9.53982516e-01 -9.82974457e-01 -9.88609062e-01 -9.92234898e-01 -9.91691566e-01 -9.92102616e-01 -9.81394017e-01 -9.56002514e-01 -9.32336076e-01 -9.08546419e-01 -8.81091832e-01 -8.50927402e-01 -8.18492762e-01 -7.83586517e-01 -7.45931461e-01 -7.05219543e-01 -6.61107307e-01 -6.13299919e-01 -5.61550271e-01 -5.05762781e-01 -4.45939666e-01 -3.82289351e-01 -3.15095525e-01 -2.44824934e-01 -1.71929207e-01 -9.69703437e-02 -2.04021184e-02 5.72628595e-02 1.35644677e-01 2.14279217e-01 2.92760056e-01 3.70478182e-01 4.46708792e-01 5.20327491e-01 5.89845020e-01 6.53157571e-01 7.07682307e-01 7.50604758e-01 7.79622292e-01 7.93369881e-01 7.91326694e-01 7.73454630e-01 7.40289460e-01 6.93408176e-01 6.35457580e-01 5.69623822e-01 4.98832973e-01 4.25510779e-01 3.51453989e-01 2.78103948e-01 2.06562866e-01 1.37922287e-01 7.32550671e-02 1.38899336e-02 -3.86891175e-02 -8.27280011e-02 -1.16469030e-01 -1.38255933e-01 -1.46882398e-01 -1.41755318e-01 -1.23033627e-01 -9.16131141e-02 -4.89064857e-02 3.32668870e-03 6.33640559e-02 1.29655166e-01 2.00870665e-01 2.69964622e-01 3.07349304e-01 3.19823531e-01 4.46272454e-01 6.33297807e-01
3.60000000e+00 9.38479493e-01 8.11978810e-01 7.08763392e-01 7.79108701e-01 8.58279976e-01 8.69687522e-01 8.51301659e-01 8.15598161e-01 7.60058575e-01 6.87432205e-01 6.03294800e-01 5.12368133e-01 4.17662609e-01 3.21097013e-01 2.23706719e-01 1.26080677e-01 2.83569845e-02 -6.93719648e-02 -1.67112748e-01 -2.64610493e-01 -3.61445780e-01 -4.56724519e-01 -5.49235994e-01 -6.37291287e-01 -7.19140539e-01 -7.92712186e-01 -8.54145905e-01 -9.04840419e-01 -9.54011728e-01 -9.82325641e-01 -9.88308973e-01 -9.91787663e-01 -9.91561514e-01 -9.91677005e-01 -9.81713559e-01 -9.55995822e-01 -9.31794530e-01 -9.08054046e-01 -8.80605648e-01 -8.50347252e-01 -8.17816931e-01 -7.82804663e-01 -7.45024462e-01 -7.04165888e-01 -6.59890462e-01 -6.11910426e-01 -5.59992675e-01 -5.04058858e-01 -4.44132420e-01 -3.80443433e-01 -3.13295290e-01 -2.43169402e-01 -1.70524152e-01 -9.59192003e-02 -1.97959078e-02 5.73546756e-02 1.35182293e-01 2.13258863e-01 2.91218024e-01 3.68492675e-01 4.44397079e-01 5.17837975e-01 5.87338484e-01 6.50777853e-01 7.05519338e-01 7.48673752e-01 7.77870097e-01 7.91701210e-01 7.89628951e-01 7.71619549e-01 7.38236845e-01 6.91114620e-01 6.32982967e-01 5.67110609e-01 4.96475332e-01 4.23510232e-01 3.49986556e-01 2.77300024e-01 2.06500113e-01 1.38624271e-01 7.46961409e-02 1.60027267e-02 -3.60024769e-02 -7.95831930e-02 -1.12987304e-01 -1.34555388e-01 -1.43075891e-01 -1.37954526e-01 -1.19356392e-01 -8.81890547e-02 -4.58760013e-02 5.82071228e-03 6.51930330e-02 1.30729665e-01 2.01007703e-01 2.67794644e-01 3.00724657e-01 3.15753501e-01 4.46898802e-01 6.24750212e-01
3.70000000e+00 9.40010476e-01 8.20397072e-01 7.10158862e-01 7.71516567e-01 8.54512189e-01 8.68327646e-01 8.49448705e-01 8.13234673e-01 7.57228483e-01 6.84074616e-01 5.99565197e-01 5.08572826e-01 4.14137844e-01 3.18135516e-01 2.21535223e-01 1.24849479e-01 2.81417476e-02 -6.85704346e-02 -1.65363406e-01 -2.62050266e-01 -3.58270356e-01 -4.53177906e-01 -5.45585698e-01 -6.33806138e-01 -7.16076581e-01 -7.90170251e-01 -8.51911522e-01 -9.03592161e-01 -9.54010693e-01 -9.81603298e-01 -9.88030468e-01 -9.91305139e-01 -9.91447545e-01 -9.91227060e-01 -9.82003509e-01 -9.56032901e-01 -9.31237925e-01 -9.07533806e-01 -8.80105440e-01 -8.49750562e-01 -8.17120068e-01 -7.81998065e-01 -7.44089040e-01 -7.03079476e-01 -6.58636876e-01 -6.10480332e-01 -5.58391844e-01 -5.02310244e-01 -4.42281174e-01 -3.78556081e-01 -3.11458489e-01 -2.41483707e-01 -1.69096738e-01 -9.48538992e-02 -1.91839760e-02 5.74442219e-02 1.34709777e-01 2.12220847e-01 2.89650425e-01 3.66473614e-01 4.42043320e-01 5.15298611e-01 5.84775159e-01 6.48336792e-01 7.03292380e-01 7.46678541e-01 7.76054370e-01 7.89969585e-01 7.87867550e-01 7.69719205e-01 7.36118418e-01 6.88757038e-01 6.30449956e-01 5.64547438e-01 4.94078754e-01 4.21482190e-01 3.48503062e-01 2.76490514e-01 2.06442218e-01 1.39341910e-01 7.61651936e-02 1.81573468e-02 -3.32587474e-02 -7.63660791e-02 -1.09419657e-01 -1.30759015e-01 -1.39168854e-01 -1.34054620e-01 -1.15587477e-01 -8.46855612e-02 -4.27814382e-02 8.36275018e-03 6.70554658e-02 1.31824255e-01 2.01105472e-01 2.65372077e-01 2.93972378e-01 3.12308917e-01 4.47183681e-01 6.15863974e-01
3.80000000e+00 9.41367230e-01 8.28433641e-01 7.12508967e-01 7.63971822e-01 8.50309040e-01 8.66875377e-01 8.47547171e-01 8.10779236e-01 7.54307033e-01 6.80631931e-01 5.95759784e-01 5.04715217e-01 4.10566910e-01 3.15142375e-01 2.19343985e-01 1.23607292e-01 2.79229754e-02 -6.77649904e-02 -1.63600605e-01 -2.59464523e-01 -3.55054492e-01 -4.49575189e-01 -5.41864568e-01 -6.30241687e-01 -7.12934662e-01 -7.87537693e-01 -8.49582095e-01 -9.02364309e-01 -9.53965639e-01 -9.80815977e-01 -9.87766566e-01 -9.90793161e-01 -9.91342845e-01 -9.90760377e-01 -9.82256119e-01 -9.56115310e-01 -9.30669791e-01 -9.06983770e-01 -8.79590635e-01 -8.49137506e-01 -8.16402015e-01 -7.81166509e-01 -7.43124950e-01 -7.01960100e-01 -6.57346376e-01 -6.09009592e-01 -5.56747897e-01 -5.00517302e-01 -4.40386547e-01 -3.76628189e-01 -3.09586223e-01 -2.39769074e-01 -1.67648164e-01 -9.37754751e-02 -1.85670361e-02 5.75312148e-02 1.34227354e-01 2.11165901e-01 2.88058452e-01 3.64422501e-01 4.39649151e-01 5.12710900e-01 5.82156183e-01 6.45834939e-01 7.01001352e-01 7.44618468e-01 7.74174062e-01 7.88173749e-01 7.86041261e-01 7.67752650e-01 7.33933731e-01 6.86335699e-01 6.27859559e-01 5.61935952e-01 4.91645193e-01 4.19428601e-01 3.47005134e-01 2.75676528e-01 2.06389654e-01 1.40075050e-01 7.76615297e-02 2.03527285e-02 -3.04591662e-02 -7.30778707e-02 -1.05767155e-01 -1.26867719e-01 -1.35162129e-01 -1.30056525e-01 -1.11728015e-01 -8.11039989e-02 -3.96242851e-02 1.09514212e-02 6.89504192e-02 1.32937304e-01 2.01152905e-01 2.62684701e-01 2.87152536e-01 3.09485982e-01 4.47060364e-01 6.06681712e-01
3.90000000e+00 9.42588343e-01 8.36020022e-01 7.15777429e-01 7.56570839e-01 8.45654635e-01 8.65310465e-01 8.45599309e-01 8.08230906e-01 7.51293151e-01 6.77105115e-01 5.91880845e-01 5.00798410e-01 4.06953092e-01 3.12120580e-01 2.17135250e-01 1.22355391e-01 2.77008254e-02 -6.69565678e-02 -1.61826277e-01 -2.56855922e-01 -3.51801242e-01 -4.45919305e-01 -5.38075024e-01 -6.26599782e-01 -7.09715593e-01 -7.84810973e-01 -8.47159679e-01 -9.01161874e-01 -9.53862652e-01 -9.79973242e-01 -9.87509152e-01 -9.90258400e-01 -9.91239995e-01 -9.90284768e-01 -9.82464119e-01 -9.56243622e-01 -9.30094247e-01 -9.06402063e-01 -8.79060490e-01 -8.48508273e-01 -8.15662621e-01 -7.80309777e-01 -7.42131946e-01 -7.00807552e-01 -6.56018791e-01 -6.07498175e-01 -5.55060963e-01 -4.98680414e-01 -4.38449178e-01 -3.74660671e-01 -3.07679608e-01 -2.38026737e-01 -1.66179634e-01 -9.26849612e-02 -1.79457936e-02 5.76153762e-02 1.33735255e-01 2.10094756e-01 2.86443297e-01 3.62340839e-01 4.37216220e-01 5.10076355e-01 5.79482723e-01 6.43272861e-01 6.98646195e-01 7.42492872e-01 7.72228108e-01 7.86312421e-01 7.84148835e-01 7.65718936e-01 7.31682350e-01 6.83850905e-01 6.25212818e-01 5.59277827e-01 4.89176609e-01 4.17351415e-01 3.45494385e-01 2.74859173e-01 2.06342898e-01 1.40823556e-01 7.91844736e-02 2.25878239e-02 -2.76049671e-02 -6.97197929e-02 -1.02030898e-01 -1.22882455e-01 -1.31056613e-01 -1.25961224e-01 -1.07779183e-01 -7.74457609e-02 -3.64060348e-02 1.35853654e-02 7.08769727e-02 1.34066760e-01 2.01137778e-01 2.59723678e-01 2.80328830e-01 3.07267250e-01 4.46472358e-01 5.97244128e-01
4.00000000e+00 9.43709419e-01 8.43101361e-01 7.19911128e-01 7.49412218e-01 8.40539771e-01 8.63609917e-01 8.43607064e-01 8.05589089e-01 7.48185727e-01 6.73495183e-01 5.87930728e-01 4.96825543e-01 4.03299667e-01 3.09073089e-01 2.14911224e-01 1.21095028e-01 2.74754553e-02 -6.61460751e-02 -1.60042318e-01 -2.54227088e-01 -3.48513652e-01 -4.42213216e-01 -5.34219552e-01 -6.22882400e-01 -7.06420105e-01 -7.81986383e-01 -8.44647428e-01 -8.99988574e-01 -9.53688058e-01 -9.79085315e-01 -9.87249284e-01 -9.89708070e-01 -9.91131238e-01 -9.89807991e-01 -9.82620939e-01 -9.56417322e-01 -9.29515966e-01 -9.05786919e-01 -8.78514076e-01 -8.47863070e-01 -8.14901748e-01 -7.79427645e-01 -7.41109771e-01 -6.99621626e-01 -6.54653950e-01 -6.05946057e-01 -5.53331187e-01 -4.96799985e-01 -4.36469728e-01 -3.72654466e-01 -3.05739780e-01 -2.36257946e-01 -1.64692354e-01 -9.15833873e-02 -1.73209457e-02 5.76964339e-02 1.33233715e-01 2.09008140e-01 2.84806150e-01 3.60230127e-01 4.34746181e-01 5.07396505e-01 5.76755972e-01 6.40651150e-01 6.96226867e-01 7.40301099e-01 7.70215440e-01 7.84384302e-01 7.82189009e-01 7.63617114e-01 7.29363860e-01 6.81302990e-01 6.22510804e-01 5.56574762e-01 4.86674970e-01 4.15252580e-01 3.43972418e-01 2.74039550e-01 2.06302432e-01 1.41587312e-01 8.07333718e-02 2.48616051e-02 -2.46973775e-02 -6.62930830e-02 -9.82120175e-02 -1.18804225e-01 -1.26853260e-01 -1.21769754e-01 -1.03742205e-01 -7.37122667e-02 -3.31281807e-02 1.62632474e-02 7.28342075e-02 1.35210076e-01 2.01046825e-01 2.56484128e-01 2.73567279e-01 3.05622080e-01 4.45374292e-01 5.87589379e-01
4.10000000e+00 9.44762503e-01 8.49636972e-01 7.24841403e-01 7.42594612e-01 8.34962851e-01 8.61748174e-01 8.41571871e-01 8.02853582e-01 7.44983626e-01 6.69803195e-01 5.83911842e-01 4.92799784e-01 3.99609897e-01 3.06002820e-01 2.12674068e-01 1.19827429e-01 2.72470228e-02 -6.53343923e-02 -1.58250583e-01 -2.51580609e-01 -3.45194756e-01 -4.38459897e-01 -5.30300701e-01 -6.19091647e-01 -7.03048808e-01 -7.79060125e-01 -8.42049610e-01 -8.98846616e-01 -9.53428794e-01 -9.78162691e-01 -9.86977537e-01 -9.89149619e-01 -9.91008777e-01 -9.89337486e-01 -9.82720917e-01 -9.56634744e-01 -9.28940113e-01 -9.05136757e-01 -8.77950261e-01 -8.47202109e-01 -8.14119274e-01 -7.78519885e-01 -7.40058164e-01 -6.98402116e-01 -6.53251685e-01 -6.04353225e-01 -5.51558724e-01 -4.94876440e-01 -4.34448879e-01 -3.70610536e-01 -3.03767887e-01 -2.34463959e-01 -1.63187528e-01 -9.04717782e-02 -1.66931802e-02 5.77741224e-02 1.32722971e-01 2.07906776e-01 2.83148194e-01 3.58091855e-01 4.32240691e-01 5.04672888e-01 5.73977145e-01 6.37970419e-01 6.93743348e-01 7.38042498e-01 7.68134977e-01 7.82388077e-01 7.80160505e-01 7.61446239e-01 7.26977860e-01 6.78692325e-01 6.19754622e-01 5.53828480e-01 4.84142247e-01 4.13134034e-01 3.42440823e-01 2.73218755e-01 2.06268740e-01 1.42366215e-01 8.23075940e-02 2.71730661e-02 -2.17376173e-02 -6.27989894e-02 -9.43116814e-02 -1.14634084e-01 -1.22553087e-01 -1.17483212e-01 -9.96183494e-02 -6.99049606e-02 -2.97922149e-02 1.89837595e-02 7.48211914e-02 1.36364136e-01 2.00865900e-01 2.52965640e-01 2.66934798e-01 3.04507419e-01 4.43732493e-01 5.77752549e-01
4.20000000e+00 9.45775645e-01 8.55600474e-01 7.30485736e-01 7.36214474e-01 8.28930645e-01 8.59697402e-01 8.39494422e-01 8.00024626e-01 7.41685700e-01 6.66030246e-01 5.79826659e-01 4.88724328e-01 3.95887020e-01 3.02912648e-01 2.10425896e-01 1.18553793e-01 2.70156861e-02 -6.45223701e-02 -1.56452883e-01 -2.48919028e-01 -3.41847569e-01 -4.34662333e-01 -5.26321087e-01 -6.15229758e-01 -6.99602161e-01 -7.76028398e-01 -8.39371588e-01 -8.97736507e-01 -9.53072780e-01 -9.77215746e-01 -9.86684347e-01 -9.88590414e-01 -9.90865056e-01 -9.88880109e-01 -9.82759483e-01 -9.56893025e-01 -9.28372272e-01 -9.04450246e-01 -8.77367694e-01 -8.46525596e-01 -8.13315096e-01 -7.77586260e-01 -7.38976861e-01 -6.97148818e-01 -6.51811830e-01 -6.02719677e-01 -5.49743745e-01 -4.92910224e-01 -4.32387336e-01 -3.68529865e-01 -3.01765095e-01 -2.32646043e-01 -1.61666361e-01 -8.93511518e-02 -1.60631744e-02 5.78481838e-02 1.32203265e-01 2.06791385e-01 2.81470606e-01 3.55927508e-01 4.29701411e-01 5.01907052e-01 5.71147478e-01 6.35231302e-01 6.91195640e-01 7.35716426e-01 7.65985634e-01 7.80322411e-01 7.78062031e-01 7.59205370e-01 7.24523975e-01 6.76019314e-01 6.16945403e-01 5.51040726e-01 4.81580411e-01 4.10997707e-01 3.40901169e-01 2.72397873e-01 2.06242311e-01 1.43160186e-01 8.39065348e-02 2.95212245e-02 -1.87268961e-02 -5.92387701e-02 -9.03310885e-02 -1.10373134e-01 -1.18157170e-01 -1.13102755e-01 -9.54089301e-02 -6.60253108e-02 -2.63996256e-02 2.17456243e-02 7.68369577e-02 1.37525182e-01 2.00580187e-01 2.49172710e-01 2.60497698e-01 3.03868888e-01 4.41525250e-01 5.67765239e-01
4.30000000e+00 9.46772591e-01 8.60979561e-01 7.36749768e-01 7.30363777e-01 8.22458901e-01 8.57427892e-01 8.37374429e-01 7.97102942e-01 7.38290803e-01 6.62177462e-01 5.75677708e-01 4.84602389e-01 3.92134252e-01 2.99805400e-01 2.08168771e-01 1.17275291e-01 2.67816033e-02 -6.37108289e-02 -1.54650981e-01 -2.46244843e-01 -3.38475083e-01 -4.30823518e-01 -5.22283392e-01 -6.11299095e-01 -6.96080429e-01 -7.72887513e-01 -8.36619764e-01 -8.96656910e-01 -9.52609254e-01 -9.76254344e-01 -9.86360374e-01 -9.88037422e-01 -9.90693046e-01 -9.88441894e-01 -9.82733318e-01 -9.57188102e-01 -9.27818347e-01 -9.03726387e-01 -8.76764804e-01 -8.45833721e-01 -8.12489138e-01 -7.76626532e-01 -7.37865590e-01 -6.95861529e-01 -6.50334224e-01 -6.01045419e-01 -5.47886436e-01 -4.90901805e-01 -4.30285825e-01 -3.66413459e-01 -2.99732585e-01 -2.30805472e-01 -1.60130054e-01 -8.82225175e-02 -1.54315940e-02 5.79183681e-02 1.31674839e-01 2.05662680e-01 2.79774555e-01 3.53738562e-01 4.27129997e-01 4.99100552e-01 5.68268227e-01 6.32434456e-01 6.88583766e-01 7.33322247e-01 7.63766321e-01 7.78185960e-01 7.75892288e-01 7.56893569e-01 7.22001848e-01 6.73284395e-01 6.14084309e-01 5.48213263e-01 4.78991432e-01 4.08845512e-01 3.39355010e-01 2.71577982e-01 2.06223635e-01 1.43969159e-01 8.55296157e-02 3.19051237e-02 -1.56664114e-02 -5.56136916e-02 -8.62714707e-02 -1.06022534e-01 -1.13666648e-01 -1.08629599e-01 -9.11153074e-02 -6.20748076e-02 -2.29518941e-02 2.45475962e-02 7.88804808e-02 1.38688741e-01 2.00174458e-01 2.45115074e-01 2.54320148e-01 3.03642155e-01 4.38742779e-01 5.57655270e-01
4.40000000e+00 9.47772622e-01 8.65775430e-01 7.43529598e-01 7.25127780e-01 8.15572742e-01 8.54908561e-01 8.35210364e-01 7.94089756e-01 7.34797817e-01 6.58245982e-01 5.71467572e-01 4.80437194e-01 3.88354778e-01 2.96683848e-01 2.05904706e-01 1.15993061e-01 2.65449328e-02 -6.29005584e-02 -1.52846592e-01 -2.43560500e-01 -3.35080258e-01 -4.26946449e-01 -5.18190366e-01 -6.07302141e-01 -6.92483652e-01 -7.69633998e-01 -8.33801492e-01 -8.95604548e-01 -9.52029079e-01 -9.75287473e-01 -9.85996836e-01 -9.87496910e-01 -9.90486502e-01 -9.88027835e-01 -9.82640472e-01 -9.57514739e-01 -9.27284440e-01 -9.02964584e-01 -8.76139793e-01 -8.45126638e-01 -8.11641353e-01 -7.75640452e-01 -7.36724076e-01 -6.94540043e-01 -6.48818713e-01 -5.99330473e-01 -5.45987001e-01 -4.88851672e-01 -4.28145095e-01 -3.64262341e-01 -2.97671549e-01 -2.28943524e-01 -1.58579804e-01 -8.70868746e-02 -1.47990928e-02 5.79844339e-02 1.31137940e-01 2.04521369e-01 2.78061196e-01 3.51526478e-01 4.24528102e-01 4.96254950e-01 5.65340665e-01 6.29580562e-01 6.85907769e-01 7.30859336e-01 7.61475945e-01 7.75977367e-01 7.73649969e-01 7.54509910e-01 7.19411151e-01 6.70488042e-01 6.11172533e-01 5.45347867e-01 4.76377278e-01 4.06679349e-01 3.37803880e-01 2.70760146e-01 2.06213208e-01 1.44793091e-01 8.71762857e-02 3.43238339e-02 -1.25573465e-02 -5.19250276e-02 -8.21340922e-02 -1.01583492e-01 -1.09082723e-01 -1.04065025e-01 -8.67388872e-02 -5.80549623e-02 -1.94504927e-02 2.73884623e-02 8.09506460e-02 1.39849570e-01 1.99633381e-01 2.40807931e-01 2.48462647e-01 3.03754544e-01 4.35386890e-01 5.47446495e-01
4.50000000e+00 9.48790507e-01 8.70001881e-01 7.50714294e-01 7.20582895e-01 8.08306849e-01 8.52107566e-01 8.32999210e-01 7.90986816e-01 7.31205679e-01 6.54236955e-01 5.67198889e-01 4.76231978e-01 3.84551747e-01 2.93550707e-01 2.03635656e-01 1.14708211e-01 2.63058337e-02 -6.20923163e-02 -1.51041378e-01 -2.40868395e-01 -3.31666020e-01 -4.23034119e-01 -5.14044825e-01 -6.03241490e-01 -6.88811612e-01 -7.66264737e-01 -8.30924946e-01 -8.94574167e-01 -9.51324999e-01 -9.74322900e-01 -9.85585833e-01 -9.86974172e-01 -9.90240195e-01 -9.87641708e-01 -9.82480445e-01 -9.57866591e-01 -9.26776716e-01 -9.02164719e-01 -8.75490639e-01 -8.44404449e-01 -8.10771731e-01 -7.74627772e-01 -7.35552041e-01 -6.93184159e-01 -6.47265147e-01 -5.97574867e-01 -5.44045661e-01 -4.86760335e-01 -4.25965916e-01 -3.62077557e-01 -2.95583192e-01 -2.27061482e-01 -1.57016801e-01 -8.59452102e-02 -1.41663110e-02 5.80461493e-02 1.30592815e-01 2.03368155e-01 2.76331675e-01 3.49292708e-01 4.21897373e-01 4.93371811e-01 5.62366083e-01 6.26670324e-01 6.83167716e-01 7.28327080e-01 7.59113409e-01 7.73695264e-01 7.71333760e-01 7.52053473e-01 7.16751580e-01 6.67630763e-01 6.08211295e-01 5.42446327e-01 4.73739908e-01 4.04501096e-01 3.36249291e-01 2.69945418e-01 2.06211527e-01 1.45631956e-01 8.88460231e-02 3.67764543e-02 -9.40086915e-03 -4.81740577e-02 -7.79202487e-02 -9.70572715e-02 -1.04406664e-01 -9.94103719e-02 -8.22811209e-02 -5.39673053e-02 -1.58968820e-02 3.02670415e-02 8.30462145e-02 1.41001601e-01 1.98941861e-01 2.36272039e-01 2.42980535e-01 3.04126830e-01 4.31470378e-01 5.37158737e-01
4.60000000e+00 9.49836596e-01 8.73684146e-01 7.58188543e-01 7.16794728e-01 8.00705390e-01 8.48993005e-01 8.30736213e-01 7.87796387e-01 7.27513414e-01 6.50151523e-01 5.62874342e-01 4.71989980e-01 3.80728270e-01 2.90408628e-01 2.01363521e-01 1.13421812e-01 2.60644650e-02 -6.12868290e-02 -1.49236947e-01 -2.38170864e-01 -3.28235253e-01 -4.19089517e-01 -5.09849659e-01 -5.99119830e-01 -6.85063814e-01 -7.62777093e-01 -8.27998959e-01 -8.93558553e-01 -9.50491834e-01 -9.73366886e-01 -9.85120624e-01 -9.86473293e-01 -9.89950101e-01 -9.87285932e-01 -9.82254219e-01 -9.58236311e-01 -9.26301256e-01 -9.01327225e-01 -8.74815112e-01 -8.43667184e-01 -8.09880297e-01 -7.73588237e-01 -7.34349204e-01 -6.91793673e-01 -6.45673386e-01 -5.95778643e-01 -5.42062655e-01 -4.84628325e-01 -4.23749082e-01 -3.59860169e-01 -2.93468731e-01 -2.25160627e-01 -1.55442228e-01 -8.47984985e-02 -1.35338754e-02 5.81032920e-02 1.30039713e-01 2.02203731e-01 2.74587121e-01 3.47038687e-01 4.19239446e-01 4.90452705e-01 5.59345781e-01 6.23704468e-01 6.80363695e-01 7.25724880e-01 7.56677618e-01 7.71338279e-01 7.68942348e-01 7.49523352e-01 7.14022860e-01 6.64713100e-01 6.05201843e-01 5.39510441e-01 4.71081273e-01 4.02312610e-01 3.34692731e-01 2.69134836e-01 2.06219095e-01 1.46485748e-01 9.05383368e-02 3.92621140e-02 -6.19812903e-03 -4.43620665e-02 -7.36312677e-02 -9.24451899e-02 -9.96398058e-02 -9.46670449e-02 -7.77435053e-02 -4.98133847e-02 -1.22925085e-02 3.31821829e-02 8.51657842e-02 1.42137915e-01 1.98085430e-01 2.31533666e-01 2.37922607e-01 3.04675192e-01 4.27016169e-01 5.26807818e-01
4.70000000e+00 9.50917012e-01 8.76857478e-01 7.65835368e-01 7.13816342e-01 7.92821705e-01 8.45533710e-01 8.28414657e-01 7.84521231e-01 7.23720174e-01 6.45990809e-01 5.58496657e-01 4.67714434e-01 3.76887414e-01 2.87260197e-01 1.99090144e-01 1.12134903e-01 2.58209863e-02 -6.04847904e-02 -1.47434850e-01 -2.35470188e-01 -3.24790797e-01 -4.15115622e-01 -5.05607827e-01 -5.94939930e-01 -6.81239466e-01 -7.59169050e-01 -8.25032825e-01 -8.92548611e-01 -9.49526616e-01 -9.72423940e-01 -9.84595855e-01 -9.85996964e-01 -9.89613545e-01 -9.86961481e-01 -9.81964246e-01 -9.58615685e-01 -9.25863889e-01 -9.00453148e-01 -8.74110788e-01 -8.42914775e-01 -8.08967122e-01 -7.72521591e-01 -7.33115281e-01 -6.90368382e-01 -6.44043299e-01 -5.93941855e-01 -5.40038243e-01 -4.82456194e-01 -4.21495411e-01 -3.57611257e-01 -2.91329393e-01 -2.23242243e-01 -1.53857261e-01 -8.36476986e-02 -1.29023981e-02 5.81556500e-02 1.29478884e-01 2.01028785e-01 2.72828648e-01 3.44765836e-01 4.16555944e-01 4.87499201e-01 5.56281073e-01 6.20683745e-01 6.77495816e-01 7.23052153e-01 7.54167477e-01 7.68905035e-01 7.66474416e-01 7.46918651e-01 7.11224750e-01 6.61735628e-01 6.02145453e-01 5.36542012e-01 4.68403313e-01 4.00115719e-01 3.33135665e-01 2.68329425e-01 2.06236414e-01 1.47354483e-01 9.22527668e-02 4.17799735e-02 -2.95025670e-03 -4.04903422e-02 -6.92685072e-02 -8.77486189e-02 -9.47835482e-02 -8.98365115e-02 -7.31275821e-02 -4.55947647e-02 -8.63880259e-03 3.61327615e-02 8.73077458e-02 1.43250719e-01 1.97050649e-01 2.26624391e-01 2.33329849e-01 3.05313239e-01 4.22056256e-01 5.16405704e-01
4.80000000e+00 9.52033947e-01 8.79565549e-01 7.73538847e-01 7.11686800e-01 7.84717715e-01 8.41700095e-01 8.26025659e-01 7.81164556e-01 7.19825284e-01 6.41755909e-01 5.54068597e-01 4.63408564e-01 3.73032198e-01 2.84107930e-01 1.96817308e-01 1.10848486e-01 2.55755578e-02 -5.96868620e-02 -1.45636580e-01 -2.32768584e-01 -3.21335437e-01 -4.11115401e-01 -5.01322362e-01 -5.90704614e-01 -6.77337471e-01 -7.55439342e-01 -8.22036078e-01 -8.91533505e-01 -9.48428647e-01 -9.71496651e-01 -9.84007735e-01 -9.85546342e-01 -9.89229289e-01 -9.86667844e-01 -9.81614386e-01 -9.58995801e-01 -9.25470029e-01 -8.99544197e-01 -8.73375083e-01 -8.42147039e-01 -8.08032317e-01 -7.71427581e-01 -7.31849985e-01 -6.88908084e-01 -6.42374765e-01 -5.92064569e-01 -5.37972705e-01 -4.80244515e-01 -4.19205742e-01 -3.55331917e-01 -2.89166414e-01 -2.21307610e-01 -1.52263065e-01 -8.24937533e-02 -1.22724761e-02 5.82030218e-02 1.28910578e-01 1.99843996e-01 2.71057353e-01 3.42475558e-01 4.13848477e-01 4.84512869e-01 5.53173281e-01 6.17608929e-01 6.74564211e-01 7.20308332e-01 7.51581895e-01 7.66394151e-01 7.63928655e-01 7.44238491e-01 7.08357037e-01 6.58698956e-01 5.99043427e-01 5.33542846e-01 4.65707954e-01 3.97912225e-01 3.31579533e-01 2.67530191e-01 2.06263993e-01 1.48238192e-01 9.39888854e-02 4.43292257e-02 3.41638212e-04 -3.65601754e-02 -6.48333556e-02 -8.29689850e-02 -8.98393605e-02 -8.49203035e-02 -6.84349378e-02 -4.13130242e-02 -4.93717621e-03 3.91176725e-02 8.94702351e-02 1.44331362e-01 1.95825546e-01 2.21580767e-01 2.29234345e-01 3.05954089e-01 4.16630447e-01 5.05960732e-01
4.90000000e+00 9.53186045e-01 8.81858721e-01 7.81186734e-01 7.10430037e-01 7.76463078e-01 8.37465063e-01 8.23558017e-01 7.77729956e-01 7.15828289e-01 6.37447878e-01 5.49592951e-01 4.59075583e-01 3.69165587e-01 2.80954270e-01 1.94546733e-01 1.09563525e-01 2.53283398e-02 -5.88936731e-02 -1.43843573e-01 -2.30068204e-01 -3.17871904e-01 -4.07091805e-01 -4.96996374e-01 -5.86416734e-01 -6.73356434e-01 -7.51587581e-01 -8.19018248e-01 -8.90500858e-01 -9.47199490e-01 -9.70585582e-01 -9.83354147e-01 -9.85120987e-01 -9.88797566e-01 -9.86403043e-01 -9.81209799e-01 -9.59367249e-01 -9.25124505e-01 -8.98602789e-01 -8.72605284e-01 -8.41363644e-01 -8.07076037e-01 -7.70305956e-01 -7.30553029e-01 -6.87412576e-01 -6.40667672e-01 -5.90146862e-01 -5.35866342e-01 -4.77993884e-01 -4.16880938e-01 -3.53023260e-01 -2.86981038e-01 -2.19358003e-01 -1.50660791e-01 -8.13375880e-02 -1.16446905e-02 5.82452174e-02 1.28335046e-01 1.98650033e-01 2.69274313e-01 3.40169235e-01 4.11118634e-01 4.81495276e-01 5.50023734e-01 6.14480816e-01 6.71569034e-01 7.17492872e-01 7.48919786e-01 7.63804250e-01 7.61303757e-01 7.41482011e-01 7.05419546e-01 6.55603727e-01 5.95897093e-01 5.30514746e-01 4.62997107e-01 3.95703900e-01 3.30025748e-01 2.66738125e-01 2.06302343e-01 1.49136929e-01 9.57462980e-02 4.69090967e-02 3.67646837e-03 -3.25728585e-02 -6.03272311e-02 -7.81077703e-02 -8.48087797e-02 -7.99200166e-02 -6.36672027e-02 -3.69697545e-02 -1.18902122e-03 4.21358224e-02 9.16510827e-02 1.45370363e-01 1.94400046e-01 2.16443815e-01 2.25658388e-01 3.06512407e-01 4.10784987e-01 4.95477912e-01
5.00000000e+00 9.54368846e-01 8.83792228e-01 7.88672947e-01 7.10054089e-01 7.68134098e-01 8.32804927e-01 8.20998098e-01 7.74221315e-01 7.11729009e-01 6.33067721e-01 5.45072528e-01 4.54718682e-01 3.65290494e-01 2.77801584e-01 1.92280080e-01 1.08280950e-01 2.50794930e-02 -5.81058206e-02 -1.42057202e-01 -2.27371136e-01 -3.14402866e-01 -4.03047767e-01 -4.92633047e-01 -5.82079139e-01 -6.69294677e-01 -7.47614373e-01 -8.15988593e-01 -8.89437003e-01 -9.45842877e-01 -9.69689243e-01 -9.82634688e-01 -9.84718842e-01 -9.88320058e-01 -9.86163699e-01 -9.80756793e-01 -9.59720344e-01 -9.24831388e-01 -8.97632071e-01 -8.71798603e-01 -8.40564089e-01 -8.06098484e-01 -7.69156472e-01 -7.29224122e-01 -6.85881656e-01 -6.38921925e-01 -5.88188825e-01 -5.33719478e-01 -4.75704916e-01 -4.14521883e-01 -3.50686411e-01 -2.84774516e-01 -2.17394693e-01 -1.49051581e-01 -8.01801090e-02 -1.10196063e-02 5.82820578e-02 1.27752537e-01 1.97447557e-01 2.67480586e-01 3.37848233e-01 4.08367989e-01 4.78447983e-01 5.46833765e-01 6.11300227e-01 6.68510460e-01 7.14605246e-01 7.46180069e-01 7.61133957e-01 7.58598425e-01 7.38648368e-01 7.02412135e-01 6.52450615e-01 5.92707802e-01 5.27459516e-01 4.60272663e-01 3.93492482e-01 3.28475696e-01 2.65954201e-01 2.06351976e-01 1.50050768e-01 9.75246438e-02 4.95188473e-02 7.05317001e-03 -2.85296842e-02 -5.57515810e-02 -7.31665120e-02 -7.96934112e-02 -7.48373111e-02 -5.88260507e-02 -3.25665582e-02 2.60429207e-03 4.51861186e-02 9.38477622e-02 1.46357476e-01 1.92766414e-01 2.11258393e-01 2.22613821e-01 3.06906383e-01 4.04571074e-01 4.84959307e-01
5.10000000e+00 9.55575287e-01 8.85424337e-01 7.95899824e-01 7.10550716e-01 7.59812389e-01 8.27700337e-01 8.18329786e-01 7.70642688e-01 7.07527592e-01 6.28616386e-01 5.40510144e-01 4.50341028e-01 3.61409770e-01 2.74652160e-01 1.90018947e-01 1.07001649e-01 2.48291783e-02 -5.73238688e-02 -1.40278780e-01 -2.24679400e-01 -3.10930928e-01 -3.98986199e-01 -4.88235640e-01 -5.77694641e-01 -6.65150268e-01 -7.43521419e-01 -8.12955834e-01 -8.88327283e-01 -9.44364560e-01 -9.68804134e-01 -9.81850640e-01 -9.84336292e-01 -9.87799808e-01 -9.85945152e-01 -9.80262630e-01 -9.60045362e-01 -9.24593840e-01 -8.96635925e-01 -8.70952224e-01 -8.39747677e-01 -8.05099896e-01 -7.67978898e-01 -7.27862972e-01 -6.84315122e-01 -6.37137437e-01 -5.86190565e-01 -5.31532462e-01 -4.73378247e-01 -4.12129486e-01 -3.48322508e-01 -2.82548105e-01 -2.15418943e-01 -1.47436560e-01 -7.90222030e-02 -1.03977716e-02 5.83133758e-02 1.27163301e-01 1.96237219e-01 2.65677208e-01 3.35513893e-01 4.05598091e-01 4.75372549e-01 5.43604709e-01 6.08068002e-01 6.65388688e-01 7.11644951e-01 7.43361676e-01 7.58381902e-01 7.55811374e-01 7.35736739e-01 6.99334702e-01 6.49240325e-01 5.89476929e-01 5.24378948e-01 4.57536495e-01 3.91279672e-01 3.26930732e-01 2.65179373e-01 2.06413408e-01 1.50979801e-01 9.93235959e-02 5.21577730e-02 1.04707041e-02 -2.44319446e-02 -5.11078812e-02 -6.81468024e-02 -7.44949296e-02 -6.96739111e-02 -5.39131981e-02 -2.81050472e-02 6.44141581e-03 4.82674546e-02 9.60573376e-02 1.47281780e-01 1.90919667e-01 2.06072412e-01 2.20101624e-01 3.07059572e-01 3.98043330e-01 4.74404451e-01
5.20000000e+00 9.56796232e-01 8.86814528e-01 8.02780115e-01 7.11895421e-01 7.51583347e-01 8.22137175e-01 8.15534508e-01 7.66998159e-01 7.03224571e-01 6.24094759e-01 5.35908613e-01 4.45945760e-01 3.57526204e-01 2.71508207e-01 1.87764867e-01 1.05726474e-01 2.45775567e-02 -5.65483503e-02 -1.38509560e-01 -2.21994944e-01 -3.07458625e-01 -3.94909992e-01 -4.83807486e-01 -5.73265975e-01 -6.60921066e-01 -7.39311590e-01 -8.09927881e-01 -8.87156391e-01 -9.42772074e-01 -9.67924865e-01 -9.81004879e-01 -9.83968276e-01 -9.87241091e-01 -9.85741631e-01 -9.79735301e-01 -9.60332790e-01 -9.24413966e-01 -8.95618962e-01 -8.70063377e-01 -8.38913493e-01 -8.04080546e-01 -7.66773020e-01 -7.26469286e-01 -6.82712774e-01 -6.35314139e-01 -5.84152198e-01 -5.29305662e-01 -4.71014537e-01 -4.09704676e-01 -3.45932700e-01 -2.80303065e-01 -2.13432008e-01 -1.45816840e-01 -7.78647355e-02 -9.77971696e-03 5.83390159e-02 1.26567587e-01 1.95019659e-01 2.63865192e-01 3.33167534e-01 4.02810465e-01 4.72270519e-01 5.40337903e-01 6.04785004e-01 6.62203937e-01 7.08611506e-01 7.40463547e-01 7.55546727e-01 7.52941330e-01 7.32746326e-01 6.96187180e-01 6.45973594e-01 5.86205867e-01 5.21274827e-01 4.54790450e-01 3.89067137e-01 3.25392185e-01 2.64414576e-01 2.06487161e-01 1.51924141e-01 1.01142862e-01 5.48252050e-02 1.39280573e-02 -2.02809306e-02 -4.63976352e-02 -6.30502894e-02 -6.92150781e-02 -6.44316049e-02 -4.89304028e-02 -2.35868411e-02 1.03210249e-02 5.13786932e-02 9.82764119e-02 1.48131807e-01 1.88857964e-01 2.00935947e-01 2.18111777e-01 3.06902567e-01 3.91258260e-01 4.63810810e-01
5.30000000e+00 9.58021017e-01 8.88021754e-01 8.09238642e-01 7.14047888e-01 7.43534442e-01 8.16107389e-01 8.12591332e-01 7.63291678e-01 6.98820916e-01 6.19503658e-01 5.31270732e-01 4.41535981e-01 3.53642518e-01 2.68371851e-01 1.85519310e-01 1.04456239e-01 2.43247889e-02 -5.57797655e-02 -1.36750729e-01 -2.19319645e-01 -3.03988419e-01 -3.90822015e-01 -4.79351989e-01 -5.68795761e-01 -6.56604780e-01 -7.34988987e-01 -8.06911574e-01 -8.85908739e-01 -9.41074460e-01 -9.67044342e-01 -9.80101716e-01 -9.83608461e-01 -9.86649223e-01 -9.85546455e-01 -9.79183272e-01 -9.60573579e-01 -9.24292690e-01 -8.94586478e-01 -8.69129401e-01 -8.38060379e-01 -8.03040737e-01 -7.65538643e-01 -7.25042772e-01 -6.81074412e-01 -6.33451973e-01 -5.82073861e-01 -5.27039475e-01 -4.68614463e-01 -4.07248405e-01 -3.43518147e-01 -2.78040660e-01 -2.11435131e-01 -1.44193515e-01 -7.67085500e-02 -9.16595552e-03 5.83588347e-02 1.25965642e-01 1.93795508e-01 2.62045529e-01 3.30810452e-01 4.00006611e-01 4.69143432e-01 5.37034681e-01 6.01452117e-01 6.58956448e-01 7.05504456e-01 7.37484637e-01 7.52627084e-01 7.49987041e-01 7.29676359e-01 6.92969544e-01 6.42651189e-01 5.82896029e-01 5.18148927e-01 4.52036350e-01 3.86856503e-01 3.23861351e-01 2.63660727e-01 2.06573754e-01 1.52883920e-01 1.02982185e-01 5.75205108e-02 1.74242428e-02 -1.60779308e-02 -4.16223738e-02 -5.78786754e-02 -6.38556687e-02 -5.91122438e-02 -4.38794635e-02 -1.90135656e-02 1.42418168e-02 5.45186462e-02 1.00501080e-01 1.48895695e-01 1.86582947e-01 1.95900242e-01 2.16623389e-01 3.06374450e-01 3.84272748e-01 4.53174267e-01
5.40000000e+00 9.59237992e-01 8.89102820e-01 8.15213608e-01 7.16952810e-01 7.35753379e-01 8.09609742e-01 8.09477151e-01 7.59526872e-01 6.94318092e-01 6.14843843e-01 5.26599263e-01 4.37114755e-01 3.49761366e-01 2.65245135e-01 1.83283682e-01 1.03191718e-01 2.40710355e-02 -5.50185835e-02 -1.35003417e-01 -2.16655308e-01 -3.00522695e-01 -3.86725112e-01 -4.74872618e-01 -5.64286463e-01 -6.52199043e-01 -7.30558965e-01 -8.03912432e-01 -8.84568847e-01 -9.39281925e-01 -9.66154014e-01 -9.79146679e-01 -9.83249456e-01 -9.86030339e-01 -9.85352278e-01 -9.78615210e-01 -9.60759386e-01 -9.24229656e-01 -8.93544408e-01 -8.68147828e-01 -8.37186914e-01 -8.01980785e-01 -7.64275603e-01 -7.23583133e-01 -6.79399838e-01 -6.31550899e-01 -5.79955703e-01 -5.24734319e-01 -4.66178726e-01 -4.04761645e-01 -3.41080021e-01 -2.75762154e-01 -2.09429544e-01 -1.42567661e-01 -7.55544676e-02 -8.55698204e-03 5.83727005e-02 1.25357712e-01 1.92565384e-01 2.60219186e-01 3.28443916e-01 3.97188002e-01 4.65992811e-01 5.33696374e-01 5.98070242e-01 6.55646485e-01 7.02323371e-01 7.34423916e-01 7.49621640e-01 7.46947271e-01 7.26526092e-01 6.89681808e-01 6.39273906e-01 5.79548845e-01 5.15003005e-01 4.49275990e-01 3.84649357e-01 3.22339497e-01 2.62918721e-01 2.06673713e-01 1.53859292e-01 1.04841343e-01 6.02430943e-02 2.09583013e-02 -1.18242306e-02 -3.67836545e-02 -5.26337173e-02 -5.84185816e-02 -5.37177424e-02 -3.87622184e-02 -1.43868506e-02 1.82025098e-02 5.76860500e-02 1.02726885e-01 1.49561385e-01 1.84100034e-01 1.91016635e-01 2.15605102e-01 3.05423993e-01 3.77142620e-01 4.42489603e-01
5.50000000e+00 9.60435047e-01 8.90110922e-01 8.20657503e-01 7.20541102e-01 7.28326172e-01 8.02650450e-01 8.06166952e-01 7.55706840e-01 6.89718100e-01 6.10116014e-01 5.21896923e-01 4.32685104e-01 3.45885330e-01 2.62130016e-01 1.81059326e-01 1.01933649e-01 2.38164563e-02 -5.42652418e-02 -1.33268688e-01 -2.14003662e-01 -2.97063762e-01 -3.82622106e-01 -4.70372898e-01 -5.59740347e-01 -6.47701495e-01 -7.26028128e-01 -8.00934439e-01 -8.83121735e-01 -9.37405468e-01 -9.65244175e-01 -9.78146250e-01 -9.82883081e-01 -9.85391127e-01 -9.85151353e-01 -9.78039709e-01 -9.60882812e-01 -9.24223160e-01 -8.92499236e-01 -8.67116463e-01 -8.36291405e-01 -8.00901009e-01 -7.62983767e-01 -7.22090078e-01 -6.77688855e-01 -6.29610891e-01 -5.77797892e-01 -5.22390639e-01 -4.63708048e-01 -4.02245389e-01 -3.38619500e-01 -2.73468814e-01 -2.07416465e-01 -1.40940336e-01 -7.44032853e-02 -7.95327276e-03 5.83804937e-02 1.24744041e-01 1.91329894e-01 2.58387103e-01 3.26069167e-01 3.94356080e-01 4.62820167e-01 5.30324307e-01 5.94640298e-01 6.52274333e-01 6.99067850e-01 7.31280373e-01 7.46529083e-01 7.43820811e-01 7.23294812e-01 6.86324027e-01 6.35842570e-01 5.76165758e-01 5.11838801e-01 4.46511133e-01 3.82447243e-01 3.20827856e-01 2.62189437e-01 2.06787563e-01 1.54850426e-01 1.06720147e-01 6.29923960e-02 2.45293012e-02 -7.52111156e-03 -3.18830600e-02 -4.73172262e-02 -5.29057651e-02 -4.82500767e-02 -3.35805438e-02 -9.70832907e-03 2.22018411e-02 6.08795390e-02 1.04948783e-01 1.50116834e-01 1.81418631e-01 1.86335433e-01 2.15015763e-01 3.04010587e-01 3.69921320e-01 4.31750985e-01
5.60000000e+00 9.61600107e-01 8.91094377e-01 8.25537616e-01 7.24731467e-01 7.21335180e-01 7.95243671e-01 8.02634179e-01 7.51833942e-01 6.85023514e-01 6.05320829e-01 5.17166361e-01 4.28249998e-01 3.42016915e-01 2.59028369e-01 1.78847516e-01 1.00682731e-01 2.35612101e-02 -5.35201472e-02 -1.31547548e-01 -2.11366360e-01 -2.93613846e-01 -3.78515798e-01 -4.65856403e-01 -5.55159437e-01 -6.43109889e-01 -7.21404292e-01 -7.97979858e-01 -8.81553316e-01 -9.35456481e-01 -9.64304297e-01 -9.77107562e-01 -9.82500653e-01 -9.84738552e-01 -9.84935806e-01 -9.77465001e-01 -9.60937605e-01 -9.24270107e-01 -8.91457902e-01 -8.66033474e-01 -8.35371872e-01 -7.99801717e-01 -7.61663041e-01 -7.20563315e-01 -6.75941270e-01 -6.27631938e-01 -5.75600611e-01 -5.20008903e-01 -4.61203172e-01 -3.99700649e-01 -3.36137770e-01 -2.71161902e-01 -2.05397099e-01 -1.39312576e-01 -7.32557766e-02 -7.35528502e-03 5.83821066e-02 1.24124873e-01 1.90089631e-01 2.56550197e-01 3.23687421e-01 3.91512259e-01 4.59626991e-01 5.26919801e-01 5.91163221e-01 6.48840298e-01 6.95737519e-01 7.28053019e-01 7.43348119e-01 7.40606475e-01 7.19981840e-01 6.82896295e-01 6.32358035e-01 5.72748223e-01 5.08658036e-01 4.43743510e-01 3.80251665e-01 3.19327630e-01 2.61473731e-01 2.06915835e-01 1.55857515e-01 1.08618444e-01 6.57678934e-02 2.81363389e-02 -3.16985073e-03 -2.69221985e-02 -4.19310660e-02 -4.73192343e-02 -4.27112842e-02 -2.83363531e-02 -4.97963552e-03 2.62385628e-02 6.40976151e-02 1.07161120e-01 1.50550271e-01 1.78552266e-01 1.81904764e-01 2.14805340e-01 3.02104867e-01 3.62658721e-01 4.20952423e-01
5.70000000e+00 9.62721576e-01 8.92095578e-01 8.29836136e-01 7.29432263e-01 7.14857161e-01 7.87411830e-01 7.98851182e-01 7.47909572e-01 6.80237518e-01 6.00458918e-01 5.12410143e-01 4.23812354e-01 3.38158553e-01 2.55941981e-01 1.76649467e-01 9.94396253e-02 2.33054546e-02 -5.27836763e-02 -1.29840940e-01 -2.08744978e-01 -2.90175092e-01 -3.74408968e-01 -4.61326739e-01 -5.50545485e-01 -6.38422194e-01 -7.16696406e-01 -7.95049083e-01 -8.79850764e-01 -9.33446332e-01 -9.63323404e-01 -9.76038075e-01 -9.82093304e-01 -9.84079554e-01 -9.84697927e-01 -9.76898692e-01 -9.60918847e-01 -9.24366019e-01 -8.90427674e-01 -8.64897475e-01 -8.34426049e-01 -7.98683182e-01 -7.60313379e-01 -7.19002553e-01 -6.74156891e-01 -6.25614048e-01 -5.73364065e-01 -5.17589605e-01 -4.58664863e-01 -3.97128456e-01 -3.33636025e-01 -2.68842680e-01 -2.03372635e-01 -1.37685397e-01 -7.21126899e-02 -6.76345692e-03 5.83774432e-02 1.23500448e-01 1.88845178e-01 2.54709358e-01 3.21299862e-01 3.88657918e-01 4.56414756e-01 5.23484165e-01 5.87639959e-01 6.45344711e-01 6.92332031e-01 7.24740886e-01 7.40077480e-01 7.37303111e-01 7.16586530e-01 6.79398752e-01 6.28821181e-01 5.69297702e-01 5.05462408e-01 4.40974817e-01 3.78064081e-01 3.17839987e-01 2.60772440e-01 2.07059058e-01 1.56880769e-01 1.10536116e-01 6.85691009e-02 3.17785398e-02 1.22828003e-03 -2.19027022e-02 -3.64771531e-02 -4.16610706e-02 -3.71034620e-02 -2.30315950e-02 -2.02404588e-04 3.03114370e-02 6.73386145e-02 1.09357615e-01 1.50850469e-01 1.75518637e-01 1.77769436e-01 2.14916071e-01 2.99689033e-01 3.55400101e-01 4.10088199e-01
5.80000000e+00 9.63788731e-01 8.93150181e-01 8.33549845e-01 7.34543635e-01 7.08961393e-01 7.79185761e-01 7.94789752e-01 7.43933937e-01 6.75363909e-01 5.95530906e-01 5.07630732e-01 4.19375028e-01 3.34312594e-01 2.52872555e-01 1.74466325e-01 9.82049573e-02 2.30493458e-02 -5.20561754e-02 -1.28149749e-01 -2.06141016e-01 -2.86749561e-01 -3.70304377e-01 -4.56787527e-01 -5.45899935e-01 -6.33636718e-01 -7.11914449e-01 -7.92140548e-01 -8.78002853e-01 -9.31385958e-01 -9.62290442e-01 -9.74945228e-01 -9.81652293e-01 -9.83420757e-01 -9.84430439e-01 -9.76347508e-01 -9.60823098e-01 -9.24505063e-01 -8.89416006e-01 -8.63707611e-01 -8.33451386e-01 -7.97545625e-01 -7.58934784e-01 -7.17407509e-01 -6.72335531e-01 -6.23557244e-01 -5.71088478e-01 -5.15133263e-01 -4.56093908e-01 -3.94529859e-01 -3.31115464e-01 -2.66512403e-01 -2.01344243e-01 -1.36059793e-01 -7.09747484e-02 -6.17820705e-03 5.83664190e-02 1.22871005e-01 1.87597103e-01 2.52865451e-01 3.18907645e-01 3.85794405e-01 4.53184912e-01 5.20018699e-01 5.84071474e-01 6.41787921e-01 6.88851070e-01 7.21343035e-01 7.36715927e-01 7.33909597e-01 7.13108276e-01 6.75831574e-01 6.25232914e-01 5.65815666e-01 5.02253591e-01 4.38206711e-01 3.75885906e-01 3.16366062e-01 2.60086382e-01 2.07217765e-01 1.57920417e-01 1.12473077e-01 7.13955695e-02 3.54550573e-02 5.67201457e-03 -1.68262267e-02 -3.09574554e-02 -3.59334204e-02 -3.14287656e-02 -1.76682519e-02 4.62172981e-03 3.44192287e-02 7.06006723e-02 1.11531365e-01 1.51007038e-01 1.72339555e-01 1.73969830e-01 2.15283800e-01 2.96756865e-01 3.48185308e-01 3.99153250e-01
5.90000000e+00 9.64792053e-01 8.94286554e-01 8.36689441e-01 7.39959847e-01 7.03707917e-01 7.70604636e-01 7.90421728e-01 7.39905844e-01 6.70407109e-01 5.90537440e-01 5.02830467e-01 4.14940812e-01 3.30481310e-01 2.49821709e-01 1.72299174e-01 9.69793157e-02 2.27930377e-02 -5.13379616e-02 -1.26474799e-01 -2.03555892e-01 -2.83339233e-01 -3.66204769e-01 -4.52242387e-01 -5.41223895e-01 -6.28752228e-01 -7.07069283e-01 -7.89250681e-01 -8.76000260e-01 -9.29285469e-01 -9.61194665e-01 -9.73836106e-01 -9.81169322e-01 -9.82768184e-01 -9.84126763e-01 -9.75817072e-01 -9.60648500e-01 -9.24680133e-01 -8.88430381e-01 -8.62463642e-01 -8.32445061e-01 -7.96389185e-01 -7.57527315e-01 -7.15777905e-01 -6.70477006e-01 -6.21461565e-01 -5.68774094e-01 -5.12640421e-01 -4.53491113e-01 -3.91905922e-01 -3.28577289e-01 -2.64172322e-01 -1.99313077e-01 -1.34436733e-01 -6.98426502e-02 -5.59993426e-03 5.83489608e-02 1.22236782e-01 1.86345959e-01 2.51019314e-01 3.16511891e-01 3.82923034e-01 4.49938884e-01 5.16524691e-01 5.80458737e-01 6.38170301e-01 6.85294352e-01 7.17858555e-01 7.33262248e-01 7.30424847e-01 7.09546513e-01 6.72194982e-01 6.21594165e-01 5.62303584e-01 4.99033234e-01 4.35440809e-01 3.73718510e-01 3.14906955e-01 2.59416355e-01 2.07392489e-01 1.58976709e-01 1.14429276e-01 7.42468867e-02 3.91650738e-02 1.01600930e-02 -1.16944506e-02 -2.53739907e-02 -3.01384937e-02 -2.56894074e-02 -1.22483384e-02 9.49113521e-03 3.85606978e-02 7.38816854e-02 1.13674861e-01 1.51010738e-01 1.69040779e-01 1.70540868e-01 2.15839483e-01 2.93313435e-01 3.41048117e-01 3.88143510e-01
6.00000000e+00 9.65723483e-01 8.95525460e-01 8.39278504e-01 7.45571744e-01 6.99145958e-01 7.61715691e-01 7.85719678e-01 7.35822498e-01 6.65372137e-01 5.85479228e-01 4.98011547e-01 4.10512422e-01 3.26666890e-01 2.46790977e-01 1.70149034e-01 9.57632538e-02 2.25366820e-02 -5.06293231e-02 -1.24816858e-01 -2.00990947e-01 -2.79946000e-01 -3.62112872e-01 -4.47694908e-01 -5.36518117e-01 -6.23768082e-01 -7.02172476e-01 -7.86373921e-01 -8.73835806e-01 -9.27153783e-01 -9.60025995e-01 -9.72717109e-01 -9.80636831e-01 -9.82126991e-01 -9.83781244e-01 -9.75311722e-01 -9.60394836e-01 -9.24882963e-01 -8.87478137e-01 -8.61166012e-01 -8.31404006e-01 -7.95213899e-01 -7.56091090e-01 -7.14113476e-01 -6.68581138e-01 -6.19327067e-01 -5.66421179e-01 -5.10111648e-01 -4.50857309e-01 -3.89257726e-01 -3.26022708e-01 -2.61823678e-01 -1.97280271e-01 -1.32817163e-01 -6.87170672e-02 -5.02901746e-03 5.83250065e-02 1.21598012e-01 1.85092286e-01 2.49171757e-01 3.14113691e-01 3.80045084e-01 4.46678072e-01 5.13003417e-01 5.76802728e-01 6.34492247e-01 6.81661621e-01 7.14286566e-01 7.29715271e-01 7.26847815e-01 7.05900717e-01 6.68489239e-01 6.17905889e-01 5.58762930e-01 4.95802956e-01 4.32678687e-01 3.71563218e-01 3.13463732e-01 2.58763138e-01 2.07583765e-01 1.60049911e-01 1.16404694e-01 7.71226760e-02 4.29077996e-02 1.46912619e-02 -6.50907395e-03 -1.97288260e-02 -2.42785624e-02 -1.98876552e-02 -6.77389953e-03 1.44041810e-02 4.27345877e-02 7.71792735e-02 1.15780025e-01 1.50853794e-01 1.65651750e-01 1.67511074e-01 2.16510810e-01 2.89374539e-01 3.34015802e-01 3.77056180e-01
6.10000000e+00 9.66576610e-01 8.96880007e-01 8.41352153e-01 7.51269295e-01 6.95312566e-01 7.52573722e-01 7.80657625e-01 7.31679329e-01 6.60264580e-01 5.80357073e-01 4.93176010e-01 4.06092495e-01 3.22871440e-01 2.43781809e-01 1.68016862e-01 9.45572906e-02 2.22804276e-02 -4.99305200e-02 -1.23176637e-01 -1.98447441e-01 -2.76571676e-01 -3.58031402e-01 -4.43148625e-01 -5.31782993e-01 -6.18684345e-01 -6.97236100e-01 -7.83502788e-01 -8.71504643e-01 -9.24998307e-01 -9.58775357e-01 -9.71593655e-01 -9.80048257e-01 -9.81501244e-01 -9.83389353e-01 -9.74834366e-01 -9.60063538e-01 -9.25104278e-01 -8.86566286e-01 -8.59815916e-01 -8.30324933e-01 -7.94019667e-01 -7.54626291e-01 -7.12413966e-01 -6.66647752e-01 -6.17153822e-01 -5.64030023e-01 -5.07547535e-01 -4.48193347e-01 -3.86586367e-01 -3.23452931e-01 -2.59467704e-01 -1.95246939e-01 -1.31202002e-01 -6.75986455e-02 -4.46581545e-03 5.82945046e-02 1.20954928e-01 1.83836610e-01 2.47323566e-01 3.11714099e-01 3.77161795e-01 4.43403844e-01 5.09456137e-01 5.73104430e-01 6.30754175e-01 6.77952654e-01 7.10626225e-01 7.26073859e-01 7.23177499e-01 7.02170411e-01 6.64714645e-01 6.14169066e-01 5.55195171e-01 4.92564347e-01 4.29921877e-01 3.69421309e-01 3.12037423e-01 2.58127490e-01 2.07792128e-01 1.61140309e-01 1.18399343e-01 8.00225967e-02 4.66824731e-02 1.92642750e-02 -1.27181821e-03 -1.40240758e-02 -1.83559588e-02 -1.40258298e-02 -1.24700864e-03 1.93592384e-02 4.69396134e-02 8.04907412e-02 1.17838271e-01 1.50530209e-01 1.62205213e-01 1.64901766e-01 2.17223905e-01 2.84965861e-01 3.27108909e-01 3.65889952e-01
6.20000000e+00 9.67346788e-01 8.98355822e-01 8.42955438e-01 7.56944123e-01 6.92231521e-01 7.43240368e-01 7.75211819e-01 7.27469849e-01 6.55090528e-01 5.75171921e-01 4.88325718e-01 4.01683577e-01 3.19096984e-01 2.40795573e-01 1.65903551e-01 9.33619108e-02 2.20244202e-02 -4.92417846e-02 -1.21554791e-01 -1.95926556e-01 -2.73217993e-01 -3.53963063e-01 -4.38606986e-01 -5.27018547e-01 -6.13501916e-01 -6.92272497e-01 -7.80628018e-01 -8.69004369e-01 -9.22824669e-01 -9.57434969e-01 -9.70469918e-01 -9.79398267e-01 -9.80893724e-01 -9.82947836e-01 -9.74386386e-01 -9.59657653e-01 -9.25333979e-01 -8.85701327e-01 -8.58415347e-01 -8.29204379e-01 -7.92806227e-01 -7.53133162e-01 -7.10679140e-01 -6.64676682e-01 -6.14941921e-01 -5.61600941e-01 -5.04948701e-01 -4.45500100e-01 -3.83892952e-01 -3.20869169e-01 -2.57105624e-01 -1.93214175e-01 -1.29592145e-01 -6.64880049e-02 -3.91066684e-03 5.82574142e-02 1.20307762e-01 1.82579440e-01 2.45475498e-01 3.09314137e-01 3.74274375e-01 4.40117538e-01 5.05884095e-01 5.69364831e-01 6.26956521e-01 6.74167258e-01 7.06876724e-01 7.22336916e-01 7.19412941e-01 6.98355166e-01 6.60871543e-01 6.10384694e-01 5.51601767e-01 4.89318964e-01 4.27171862e-01 3.67294019e-01 3.10629024e-01 2.57510154e-01 2.08018114e-01 1.62248207e-01 1.20413269e-01 8.29463427e-02 5.04883602e-02 2.38778929e-02 4.01557509e-03 -8.26190042e-03 -1.23730737e-02 -8.10630326e-03 4.33023424e-03 2.43546796e-02 5.11744456e-02 8.38130403e-02 1.19840581e-01 1.50036072e-01 1.58736734e-01 1.62726399e-01 2.17905060e-01 2.80121910e-01 3.20341236e-01 3.54645155e-01
6.30000000e+00 9.68031173e-01 8.99951443e-01 8.44141529e-01 7.62491976e-01 6.89912547e-01 7.33783178e-01 7.69361513e-01 7.23185556e-01 6.49856501e-01 5.69924907e-01 4.83462339e-01 3.97288116e-01 3.15345460e-01 2.37833556e-01 1.63809934e-01 9.21775664e-02 2.17688021e-02 -4.85633226e-02 -1.19951921e-01 -1.93429390e-01 -2.69886606e-01 -3.49910545e-01 -4.34073320e-01 -5.22224454e-01 -6.08222630e-01 -6.87294027e-01 -7.77738748e-01 -8.66335075e-01 -9.20636514e-01 -9.55998586e-01 -9.69348616e-01 -9.78682924e-01 -9.80305792e-01 -9.82454819e-01 -9.73967601e-01 -9.59181745e-01 -9.25561359e-01 -8.84889062e-01 -8.56967130e-01 -8.28038756e-01 -7.91573125e-01 -7.51612011e-01 -7.08908785e-01 -6.62667766e-01 -6.12691469e-01 -5.59134270e-01 -5.02315785e-01 -4.42778463e-01 -3.81178602e-01 -3.18272633e-01 -2.54738645e-01 -1.91183049e-01 -1.27988456e-01 -6.53857392e-02 -3.36388995e-03 5.82137043e-02 1.19656741e-01 1.81321270e-01 2.43628284e-01 3.06914789e-01 3.71383992e-01 4.36820460e-01 5.02288518e-01 5.65584920e-01 6.23099746e-01 6.70305274e-01 7.03037297e-01 7.18503392e-01 7.15553232e-01 6.94454602e-01 6.56960316e-01 6.06553795e-01 5.47984170e-01 4.86068331e-01 4.24430081e-01 3.65182534e-01 3.09239495e-01 2.56911854e-01 2.08262259e-01 1.63373926e-01 1.22446545e-01 8.58936424e-02 5.43247536e-02 2.85308840e-02 9.35134499e-03 -2.44450459e-03 -6.33235384e-03 -2.13149643e-03 9.95570444e-03 2.93888768e-02 5.54376943e-02 8.71427346e-02 1.21777609e-01 1.49369846e-01 1.55284117e-01 1.60990087e-01 2.18482449e-01 2.74884767e-01 3.13720008e-01 3.43323847e-01
6.40000000e+00 9.68628699e-01 9.01658914e-01 8.44969748e-01 7.67815053e-01 6.88350849e-01 7.24274483e-01 7.63089754e-01 7.18815875e-01 6.44569341e-01 5.64617408e-01 4.78587339e-01 3.92908453e-01 3.11618722e-01 2.34896968e-01 1.61736781e-01 9.10046774e-02 2.15137119e-02 -4.78953137e-02 -1.18368575e-01 -1.90956966e-01 -2.66579092e-01 -3.45876531e-01 -4.29550797e-01 -5.17400061e-01 -6.02849360e-01 -6.82312813e-01 -7.74822759e-01 -8.63499314e-01 -9.18435376e-01 -9.54461680e-01 -9.68230858e-01 -9.77899810e-01 -9.79737304e-01 -9.81909858e-01 -9.73576275e-01 -9.58641765e-01 -9.25775341e-01 -8.84134415e-01 -8.55474939e-01 -8.26824411e-01 -7.90319684e-01 -7.50063205e-01 -7.07102714e-01 -6.60620851e-01 -6.10402588e-01 -5.56630375e-01 -4.99649452e-01 -4.40029350e-01 -3.78444446e-01 -3.15664535e-01 -2.52367966e-01 -1.89154610e-01 -1.26391777e-01 -6.42924157e-02 -2.82578284e-03 5.81633535e-02 1.19002091e-01 1.80062580e-01 2.41782629e-01 3.04517004e-01 3.68491775e-01 4.33513877e-01 4.98670611e-01 5.61765683e-01 6.19184327e-01 6.66366574e-01 6.99107221e-01 7.14572284e-01 7.11597518e-01 6.90468393e-01 6.52981385e-01 6.02677405e-01 5.44343817e-01 4.82813938e-01 4.21697920e-01 3.63087998e-01 3.07869759e-01 2.56333295e-01 2.08525100e-01 1.64517806e-01 1.24499274e-01 8.88642572e-02 5.81909717e-02 3.32220235e-02 1.47337120e-02 3.42586457e-03 -2.36299662e-04 3.89612339e-03 1.56272546e-02 3.44601997e-02 5.97278882e-02 9.04759685e-02 1.23639806e-01 1.48532627e-01 1.51886737e-01 1.59689307e-01 2.18887790e-01 2.69302670e-01 3.07246229e-01 3.31929841e-01
6.50000000e+00 9.69139990e-01 9.03464532e-01 8.45503522e-01 7.72824133e-01 6.87527000e-01 7.14790090e-01 7.56384132e-01 7.14348176e-01 6.39236093e-01 5.59251093e-01 4.73701968e-01 3.88546804e-01 3.07918539e-01 2.31986937e-01 1.59684803e-01 8.98436323e-02 2.12592839e-02 -4.72379120e-02 -1.16805250e-01 -1.88510224e-01 -2.63296961e-01 -3.41863687e-01 -4.25042397e-01 -5.12544422e-01 -5.97386088e-01 -6.77340462e-01 -7.71866765e-01 -8.60501996e-01 -9.16220618e-01 -9.52821548e-01 -9.67116052e-01 -9.77048087e-01 -9.79186585e-01 -9.81313933e-01 -9.73209182e-01 -9.58044863e-01 -9.25964738e-01 -8.83441266e-01 -8.53943291e-01 -8.25557698e-01 -7.89044976e-01 -7.48487165e-01 -7.05260774e-01 -6.58535793e-01 -6.08075418e-01 -5.54089647e-01 -4.96950392e-01 -4.37253698e-01 -3.75691623e-01 -3.13046083e-01 -2.49994764e-01 -1.87129883e-01 -1.24802915e-01 -6.32085758e-02 -2.29662334e-03 5.81063499e-02 1.18344036e-01 1.78803831e-01 2.39939211e-01 3.02121691e-01 3.65598817e-01 4.30199020e-01 4.95031563e-01 5.57908104e-01 6.15210765e-01 6.62351066e-01 6.95085818e-01 7.10542644e-01 7.07544998e-01 6.86396267e-01 6.48935209e-01 5.98756582e-01 5.40682131e-01 4.79557235e-01 4.18976715e-01 3.61011509e-01 3.06520707e-01 2.55775167e-01 2.08807171e-01 1.65680202e-01 1.26571588e-01 9.18579811e-02 6.20863586e-02 3.79500944e-02 2.01608791e-02 9.34691946e-03 5.91253710e-03 9.97404519e-03 2.13427167e-02 3.95670131e-02 6.40434534e-02 9.38084403e-02 1.25417571e-01 1.47528368e-01 1.48584790e-01 1.58811820e-01 2.19057890e-01 2.63428496e-01 3.00915192e-01 3.20468666e-01
6.60000000e+00 9.69567215e-01 9.05349735e-01 8.45808299e-01 7.77440448e-01 6.87407194e-01 7.05407820e-01 7.49237491e-01 7.09767832e-01 6.33863858e-01 5.53827977e-01 4.68807259e-01 3.84205255e-01 3.04246595e-01 2.29104521e-01 1.57654654e-01 8.86947895e-02 2.10056480e-02 -4.65912475e-02 -1.15262393e-01 -1.86090028e-01 -2.60041655e-01 -3.37874664e-01 -4.20550865e-01 -5.07656356e-01 -5.91837969e-01 -6.72387803e-01 -7.68856739e-01 -8.57350214e-01 -9.13989455e-01 -9.51077359e-01 -9.66001877e-01 -9.76128484e-01 -9.78650457e-01 -9.80669390e-01 -9.72861728e-01 -9.57399171e-01 -9.26118516e-01 -8.82812296e-01 -8.52377522e-01 -8.24235054e-01 -7.87747797e-01 -7.46884356e-01 -7.03382855e-01 -6.56412455e-01 -6.05710112e-01 -5.51512505e-01 -4.94219314e-01 -4.34452463e-01 -3.72921283e-01 -3.10418485e-01 -2.47620206e-01 -1.85109869e-01 -1.23222654e-01 -6.21347346e-02 -1.77666918e-03 5.80426904e-02 1.17682797e-01 1.77545468e-01 2.38098680e-01 2.99729726e-01 3.62706170e-01 4.26877081e-01 4.91372535e-01 5.54013159e-01 6.11179579e-01 6.58258688e-01 6.90972461e-01 7.06413578e-01 7.03394931e-01 6.82238008e-01 6.44822288e-01 5.94792395e-01 5.37000512e-01 4.76299636e-01 4.16267750e-01 3.58954119e-01 3.05193191e-01 2.55238142e-01 2.09109009e-01 1.66861485e-01 1.28663644e-01 9.48746390e-02 6.60102821e-02 4.27138870e-02 2.56310324e-02 1.53163341e-02 1.21115564e-02 1.60997170e-02 2.70999036e-02 4.47076727e-02 6.83826894e-02 9.71353832e-02 1.27101418e-01 1.46364051e-01 1.45418489e-01 1.58336793e-01 2.18936055e-01 2.57318173e-01 2.94717130e-01 3.08947482e-01
6.70000000e+00 9.69913898e-01 9.07292083e-01 8.45949513e-01 7.81597244e-01 6.87943854e-01 6.96205938e-01 7.41648563e-01 7.05058368e-01 6.28459633e-01 5.48350471e-01 4.63904023e-01 3.79885745e-01 3.00604490e-01 2.26250702e-01 1.55646927e-01 8.75584778e-02 2.07529296e-02 -4.59554265e-02 -1.13740402e-01 -1.83697164e-01 -2.56814554e-01 -3.33912092e-01 -4.16078675e-01 -5.02734502e-01 -5.86211354e-01 -6.67464626e-01 -7.65778278e-01 -8.54052998e-01 -9.11737052e-01 -9.49230119e-01 -9.64884329e-01 -9.75143236e-01 -9.78124336e-01 -9.79979827e-01 -9.72528111e-01 -9.56713551e-01 -9.26226072e-01 -8.82248862e-01 -8.50783734e-01 -8.22853084e-01 -7.86426646e-01 -7.45255280e-01 -7.01468889e-01 -6.54250715e-01 -6.03306842e-01 -5.48899395e-01 -4.91456953e-01 -4.31626624e-01 -3.70134578e-01 -3.07782943e-01 -2.45245437e-01 -1.83095543e-01 -1.21651744e-01 -6.10713811e-02 -1.26615811e-03 5.79723804e-02 1.17018592e-01 1.76287920e-01 2.36261661e-01 2.97341942e-01 3.59814846e-01 4.23549209e-01 4.87694670e-01 5.50081815e-01 6.07091306e-01 6.54089413e-01 6.86766573e-01 7.02184249e-01 6.99146638e-01 6.77993458e-01 6.40643155e-01 5.90785929e-01 5.33300342e-01 4.73042515e-01 4.13572256e-01 3.56916835e-01 3.03888031e-01 2.54722877e-01 2.09431147e-01 1.68062045e-01 1.30775628e-01 9.79140857e-02 6.99621332e-02 4.75121985e-02 3.11423422e-02 2.13317463e-02 1.83581126e-02 2.22705489e-02 3.28966112e-02 4.98805197e-02 7.27437423e-02 1.00451554e-01 1.28682169e-01 1.45049811e-01 1.42427209e-01 1.58235144e-01 2.18473305e-01 2.51029083e-01 2.88637965e-01 2.97374943e-01
6.80000000e+00 9.70184686e-01 9.09266300e-01 8.45990633e-01 7.85241006e-01 6.89076588e-01 6.87261487e-01 7.33622511e-01 7.00201663e-01 6.23030130e-01 5.42821430e-01 4.58992857e-01 3.75590049e-01 2.96993735e-01 2.23426392e-01 1.53662163e-01 8.64349975e-02 2.05012491e-02 -4.53305329e-02 -1.12239628e-01 -1.81332343e-01 -2.53616984e-01 -3.29978573e-01 -4.11627992e-01 -4.97777402e-01 -5.80513797e-01 -6.62579442e-01 -7.62616978e-01 -8.50621019e-01 -9.09456690e-01 -9.47282574e-01 -9.63757826e-01 -9.74095951e-01 -9.77602373e-01 -9.79249927e-01 -9.72201525e-01 -9.55997311e-01 -9.26277494e-01 -8.81750894e-01 -8.49168725e-01 -8.21408655e-01 -7.85079706e-01 -7.43600458e-01 -6.99518864e-01 -6.52050462e-01 -6.00865795e-01 -5.46250792e-01 -4.88664066e-01 -4.28777174e-01 -3.67332668e-01 -3.05140653e-01 -2.42871583e-01 -1.81087855e-01 -1.20090908e-01 -6.00189785e-02 -7.65308154e-04 5.78954335e-02 1.16351638e-01 1.75031601e-01 2.34428753e-01 2.94959135e-01 3.56925816e-01 4.20216512e-01 4.83999079e-01 5.46115029e-01 6.02946502e-01 6.49843249e-01 6.82467632e-01 6.97853885e-01 6.94799506e-01 6.73662522e-01 6.36398379e-01 5.86738279e-01 5.29582974e-01 4.69787202e-01 4.10891407e-01 3.54900620e-01 3.02606009e-01 2.54230010e-01 2.09774119e-01 1.69282284e-01 1.32907746e-01 1.00976205e-01 7.39413248e-02 5.23438329e-02 3.66929640e-02 2.73907599e-02 2.46495181e-02 2.84839160e-02 3.87306199e-02 5.50838750e-02 7.71245785e-02 1.03751231e-01 1.30151158e-01 1.43598989e-01 1.39648619e-01 1.58470081e-01 2.17629388e-01 2.44618485e-01 2.82660151e-01 2.85761015e-01
6.90000000e+00 9.70385100e-01 9.11245341e-01 8.45991365e-01 7.88332297e-01 6.90733475e-01 6.78648596e-01 7.25171346e-01 6.95178236e-01 6.17581592e-01 5.37244189e-01 4.54074153e-01 3.71319767e-01 2.93415757e-01 2.20632433e-01 1.51700844e-01 8.53246210e-02 2.02507219e-02 -4.47166287e-02 -1.10760375e-01 -1.78996202e-01 -2.50450221e-01 -3.26076670e-01 -4.07200635e-01 -4.92783586e-01 -5.74754026e-01 -6.57739265e-01 -7.59358831e-01 -8.47066238e-01 -9.07140008e-01 -9.45239036e-01 -9.62615381e-01 -9.72991425e-01 -9.77077649e-01 -9.78485264e-01 -9.71874407e-01 -9.55259921e-01 -9.26263821e-01 -8.81316826e-01 -8.47539889e-01 -8.19898985e-01 -7.83704833e-01 -7.41920412e-01 -6.97532830e-01 -6.49811600e-01 -5.98387173e-01 -5.43567198e-01 -4.85841433e-01 -4.25905130e-01 -3.64516717e-01 -3.02492807e-01 -2.40499750e-01 -1.79087728e-01 -1.18540838e-01 -5.89779645e-02 -2.74317876e-04 5.78118712e-02 1.15682148e-01 1.73776904e-01 2.32600526e-01 2.92582064e-01 3.54040014e-01 4.16880053e-01 4.80286852e-01 5.42113745e-01 5.98745738e-01 6.45520238e-01 6.78075171e-01 6.93421782e-01 6.90352991e-01 6.69245164e-01 6.32088568e-01 5.82650549e-01 5.25849735e-01 4.66534985e-01 4.08226325e-01 3.52906392e-01 3.01347877e-01 2.53760168e-01 2.10138458e-01 1.70522619e-01 1.35060231e-01 1.04060906e-01 7.79472902e-02 5.72076009e-02 4.22810392e-02 3.34909476e-02 3.09830459e-02 3.47371618e-02 4.45996958e-02 6.03160310e-02 8.15229551e-02 1.07028229e-01 1.31500456e-01 1.42028121e-01 1.37117803e-01 1.58997855e-01 2.16373542e-01 2.38142013e-01 2.76763559e-01 2.74116768e-01
7.00000000e+00 9.70521259e-01 9.13201449e-01 8.46006052e-01 7.90846211e-01 6.92832654e-01 6.70436779e-01 7.16314215e-01 6.89967598e-01 6.12119593e-01 5.31622601e-01 4.49148114e-01 3.67076308e-01 2.89871893e-01 2.17869605e-01 1.49763402e-01 8.42275937e-02 2.00014583e-02 -4.41137553e-02 -1.09302901e-01 -1.76689307e-01 -2.47315496e-01 -3.22208897e-01 -4.02798049e-01 -4.87751668e-01 -5.68941887e-01 -6.52949432e-01 -7.55990606e-01 -8.43401516e-01 -9.04777294e-01 -9.43105160e-01 -9.61448823e-01 -9.71835416e-01 -9.76542409e-01 -9.77692052e-01 -9.71538698e-01 -9.54510705e-01 -9.26177271e-01 -8.80943561e-01 -8.45905098e-01 -8.18321743e-01 -7.82299551e-01 -7.40215646e-01 -6.95510902e-01 -6.47534051e-01 -5.95871193e-01 -5.40849144e-01 -4.82989854e-01 -4.23011522e-01 -3.61687890e-01 -2.99840587e-01 -2.38131024e-01 -1.77096061e-01 -1.17002195e-01 -5.79487510e-02 2.06633302e-04 5.77217224e-02 1.15010331e-01 1.72524209e-01 2.30777526e-01 2.90211446e-01 3.51158327e-01 4.13540851e-01 4.76559045e-01 5.38078891e-01 5.94489603e-01 6.41120457e-01 6.73588783e-01 6.88887303e-01 6.85806621e-01 6.64741412e-01 6.27714360e-01 5.78523849e-01 5.22101923e-01 4.63287106e-01 4.05578074e-01 3.50935025e-01 3.00114350e-01 2.53313961e-01 2.10524695e-01 1.71783482e-01 1.37233335e-01 1.07168127e-01 8.19794817e-02 6.21023191e-02 4.79046966e-02 3.96298530e-02 3.73559338e-02 4.10276017e-02 5.05015921e-02 6.55752428e-02 8.59363912e-02 1.10275915e-01 1.32723098e-01 1.40356853e-01 1.34866409e-01 1.59768679e-01 2.14685005e-01 2.31652293e-01 2.70926389e-01 2.62454136e-01
7.10000000e+00 9.70599600e-01 9.15107165e-01 8.46082303e-01 7.92772424e-01 6.95284158e-01 6.62689290e-01 7.07077534e-01 6.84548674e-01 6.06648839e-01 5.25961053e-01 4.44214778e-01 3.62860871e-01 2.86363391e-01 2.15138620e-01 1.47850219e-01 8.31441344e-02 1.97535632e-02 -4.35219346e-02 -1.07867423e-01 -1.74412157e-01 -2.44214006e-01 -3.18377699e-01 -3.98421276e-01 -4.82680451e-01 -5.63088249e-01 -6.48213454e-01 -7.52500234e-01 -8.39640203e-01 -9.02357829e-01 -9.40887666e-01 -9.60249070e-01 -9.70634366e-01 -9.75988332e-01 -9.76876889e-01 -9.71186123e-01 -9.53758550e-01 -9.26011443e-01 -8.80626475e-01 -8.44272562e-01 -8.16675136e-01 -7.80861054e-01 -7.38486624e-01 -6.93453270e-01 -6.45217756e-01 -5.93318091e-01 -5.38097190e-01 -4.80110154e-01 -4.20097401e-01 -3.58847357e-01 -2.97185166e-01 -2.35766466e-01 -1.75113720e-01 -1.15475611e-01 -5.69317249e-02 6.77384705e-04 5.76250230e-02 1.14336396e-01 1.71273877e-01 2.28960271e-01 2.87847961e-01 3.48281603e-01 4.10199877e-01 4.72816686e-01 5.34011380e-01 5.90178696e-01 6.36644020e-01 6.69008124e-01 6.84249885e-01 6.81159998e-01 6.60151358e-01 6.23276428e-01 5.74359294e-01 5.18340799e-01 4.60044764e-01 4.02947663e-01 3.48987348e-01 2.98906110e-01 2.52891983e-01 2.10933360e-01 1.73065316e-01 1.39427332e-01 1.10297826e-01 8.60373697e-02 6.70268098e-02 5.35620528e-02 4.58049934e-02 4.37653876e-02 4.73525260e-02 5.64340496e-02 7.08597168e-02 9.03621388e-02 1.13487258e-01 1.33813321e-01 1.38607765e-01 1.32921841e-01 1.60727815e-01 2.12553256e-01 2.25197693e-01 2.65126072e-01 2.50785672e-01
7.20000000e+00 9.70626608e-01 9.16936266e-01 8.46259898e-01 7.94114851e-01 6.97991974e-01 6.55461574e-01 6.97494945e-01 6.78900288e-01 6.01172979e-01 5.20264480e-01 4.39274046e-01 3.58674430e-01 2.82891409e-01 2.12440134e-01 1.45961625e-01 8.20744366e-02 1.95071363e-02 -4.29411694e-02 -1.06454113e-01 -1.72165187e-01 -2.41146917e-01 -3.14585443e-01 -3.94070931e-01 -4.77569042e-01 -5.57204882e-01 -6.43532926e-01 -7.48877150e-01 -8.35795714e-01 -8.99870260e-01 -9.38594023e-01 -9.59006433e-01 -9.69395105e-01 -9.75406815e-01 -9.76046472e-01 -9.70808485e-01 -9.53011622e-01 -9.25761490e-01 -8.80359461e-01 -8.42650669e-01 -8.14958004e-01 -7.79386221e-01 -7.36733739e-01 -6.91360203e-01 -6.42862681e-01 -5.90728114e-01 -5.35311924e-01 -4.77203177e-01 -4.17163830e-01 -3.55996285e-01 -2.94527708e-01 -2.33407115e-01 -1.73141549e-01 -1.13961686e-01 -5.59272480e-02 1.13779398e-03 5.75218160e-02 1.13660544e-01 1.70026253e-01 2.27149256e-01 2.85492250e-01 3.45410648e-01 4.06858056e-01 4.69060767e-01 5.29912104e-01 5.85813634e-01 6.32091075e-01 6.64332912e-01 6.79509043e-01 6.76412802e-01 6.55475161e-01 6.18775477e-01 5.70157999e-01 5.14567594e-01 4.56809105e-01 4.00336047e-01 3.47064147e-01 2.97723808e-01 2.52494816e-01 2.11364981e-01 1.74368578e-01 1.41642514e-01 1.13449984e-01 9.01204401e-02 7.19799000e-02 5.92512134e-02 5.20138627e-02 5.02085851e-02 5.37092038e-02 6.23947973e-02 7.61675990e-02 9.47971549e-02 1.16654871e-01 1.34766801e-01 1.36806133e-01 1.31306520e-01 1.61816789e-01 2.09977986e-01 2.18821266e-01 2.59340142e-01 2.39124283e-01
7.30000000e+00 9.70608549e-01 9.18664600e-01 8.46569977e-01 7.94890923e-01 7.00856252e-01 6.48799847e-01 6.87607102e-01 6.73001702e-01 5.95694421e-01 5.14538357e-01 4.34325716e-01 3.54517724e-01 2.79457006e-01 2.09774742e-01 1.44097905e-01 8.10186687e-02 1.92622720e-02 -4.23714450e-02 -1.05063103e-01 -1.69948769e-01 -2.38115370e-01 -3.10834388e-01 -3.89747197e-01 -4.72416957e-01 -5.51304304e-01 -6.38907468e-01 -7.45112609e-01 -8.31881106e-01 -8.97302997e-01 -9.36232104e-01 -9.57710943e-01 -9.68124530e-01 -9.74789280e-01 -9.75207312e-01 -9.70397942e-01 -9.52277104e-01 -9.25424243e-01 -8.80135012e-01 -8.41047811e-01 -8.13169902e-01 -7.77871631e-01 -7.34957288e-01 -6.89232055e-01 -6.40468820e-01 -5.88101528e-01 -5.32493961e-01 -4.74269792e-01 -4.14211889e-01 -3.53135843e-01 -2.91869364e-01 -2.31053986e-01 -1.71180358e-01 -1.12460990e-01 -5.49356575e-02 1.58773660e-03 5.74121507e-02 1.12982978e-01 1.68781664e-01 2.25344945e-01 2.83144914e-01 3.42546222e-01 4.03516266e-01 4.65292249e-01 5.25781936e-01 5.81395040e-01 6.27461808e-01 6.59562932e-01 6.74664373e-01 6.71564797e-01 6.50713045e-01 6.14212244e-01 5.65921079e-01 5.10783500e-01 4.53581230e-01 3.97744123e-01 3.45166166e-01 2.96568064e-01 2.52123025e-01 2.11820085e-01 1.75693735e-01 1.43879192e-01 1.16624605e-01 9.42281937e-02 7.69604214e-02 6.49702745e-02 5.82539341e-02 5.66826797e-02 6.00948863e-02 6.83815518e-02 8.14969604e-02 9.92380746e-02 1.19771092e-01 1.35580873e-01 1.34979599e-01 1.30037231e-01 1.62974711e-01 2.06968799e-01 2.12559885e-01 2.53547045e-01 2.27482978e-01
7.40000000e+00 9.70551232e-01 9.20270800e-01 8.47034536e-01 7.95130519e-01 7.03775612e-01 6.42739870e-01 6.77461272e-01 6.66833194e-01 5.90214164e-01 5.08788681e-01 4.29369529e-01 3.50391235e-01 2.76061145e-01 2.07142987e-01 1.42259299e-01 7.99769747e-02 1.90190593e-02 -4.18127300e-02 -1.03694482e-01 -1.67763222e-01 -2.35120487e-01 -3.07126669e-01 -3.85449812e-01 -4.67224238e-01 -5.45399601e-01 -6.34334739e-01 -7.41199953e-01 -8.27908679e-01 -8.94644622e-01 -9.33809831e-01 -9.56352693e-01 -9.66829294e-01 -9.74127466e-01 -9.74365456e-01 -9.69947279e-01 -9.51560969e-01 -9.24998288e-01 -8.79944344e-01 -8.39472197e-01 -8.11311169e-01 -7.76313600e-01 -7.33157440e-01 -6.87069264e-01 -6.38036198e-01 -5.85438614e-01 -5.29643942e-01 -4.71310886e-01 -4.11242669e-01 -3.50267195e-01 -2.89211272e-01 -2.28708066e-01 -1.69230932e-01 -1.10974064e-01 -5.39572660e-02 2.02710538e-03 5.72960827e-02 1.12303892e-01 1.67540423e-01 2.23547779e-01 2.80806518e-01 3.39689044e-01 4.00175336e-01 4.61512054e-01 5.21621726e-01 5.76923549e-01 6.22756444e-01 6.54698035e-01 6.69715554e-01 6.66615827e-01 6.45865301e-01 6.09587497e-01 5.61649644e-01 5.06989668e-01 4.50362187e-01 3.95172733e-01 3.43294104e-01 2.95439466e-01 2.51777165e-01 2.12299196e-01 1.77041265e-01 1.46137689e-01 1.19821707e-01 9.83601438e-02 8.19672092e-02 7.07173231e-02 6.45226630e-02 6.31848048e-02 6.65068107e-02 7.43920169e-02 8.68457818e-02 1.03681188e-01 1.22828065e-01 1.36254756e-01 1.33157764e-01 1.29124581e-01 1.64139661e-01 2.03544664e-01 2.06443598e-01 2.47726874e-01 2.15874622e-01
7.50000000e+00 9.70459793e-01 9.21736860e-01 8.47666226e-01 7.94874579e-01 7.06649493e-01 6.37305935e-01 6.67110748e-01 6.60376679e-01 5.84731664e-01 5.03021930e-01 4.24405214e-01 3.46295183e-01 2.72704682e-01 2.04545357e-01 1.40446004e-01 7.89494749e-02 1.87775818e-02 -4.12649770e-02 -1.02348303e-01 -1.65608813e-01 -2.32163376e-01 -3.03464265e-01 -3.81178081e-01 -4.61991559e-01 -5.39504215e-01 -6.29810487e-01 -7.37134823e-01 -8.23889593e-01 -8.91884278e-01 -9.31334817e-01 -9.54922171e-01 -9.65515485e-01 -9.73413718e-01 -9.73526227e-01 -9.69450148e-01 -9.50867793e-01 -9.24484000e-01 -8.79777558e-01 -8.37931660e-01 -8.09382991e-01 -7.74708218e-01 -7.31334206e-01 -6.84872359e-01 -6.35564877e-01 -5.82739667e-01 -5.26762537e-01 -4.68327368e-01 -4.08257276e-01 -3.47391506e-01 -2.86554555e-01 -2.26370321e-01 -1.67294024e-01 -1.09501418e-01 -5.29923621e-02 2.45580989e-03 5.71736734e-02 1.11623479e-01 1.66302825e-01 2.21758172e-01 2.78477587e-01 3.36839787e-01 3.96836045e-01 4.57721067e-01 5.17432302e-01 5.72399805e-01 6.17975243e-01 6.49738146e-01 6.64662350e-01 6.61565826e-01 6.40932289e-01 6.04902031e-01 5.57344798e-01 5.03187212e-01 4.47152972e-01 3.92622664e-01 3.41448617e-01 2.94338572e-01 2.51457773e-01 2.12802839e-01 1.78411654e-01 1.48418348e-01 1.23041327e-01 1.02515815e-01 8.69991014e-02 7.64904388e-02 7.08174900e-02 6.97120776e-02 7.29422033e-02 8.04238818e-02 9.22119360e-02 1.08122422e-01 1.25817846e-01 1.36789737e-01 1.31371718e-01 1.28572591e-01 1.65250105e-01 1.99733128e-01 2.00495219e-01 2.41861999e-01 2.04311707e-01
7.60000000e+00 9.70338520e-01 9.23048557e-01 8.48468455e-01 7.94173461e-01 7.09380473e-01 6.32510108e-01 6.56614093e-01 6.53616330e-01 5.79244716e-01 4.97245008e-01 4.19432537e-01 3.42229511e-01 2.69388362e-01 2.01982291e-01 1.38658176e-01 7.79362665e-02 1.85379179e-02 -4.07281236e-02 -1.01024578e-01 -1.63485763e-01 -2.29245135e-01 -2.99848977e-01 -3.76930888e-01 -4.56720327e-01 -5.33631724e-01 -6.25328670e-01 -7.32915303e-01 -8.19833545e-01 -8.89012044e-01 -9.28814027e-01 -9.53410582e-01 -9.64188338e-01 -9.72641247e-01 -9.72693985e-01 -9.68901280e-01 -9.50200607e-01 -9.23883519e-01 -8.79623835e-01 -8.36433462e-01 -8.07387445e-01 -7.73051404e-01 -7.29487405e-01 -6.82641957e-01 -6.33054962e-01 -5.80005000e-01 -5.23850438e-01 -4.65320170e-01 -4.05256824e-01 -3.44509934e-01 -2.83900321e-01 -2.24041686e-01 -1.65370358e-01 -1.08043532e-01 -5.20412106e-02 2.87377589e-03 5.70449899e-02 1.10941926e-01 1.65069148e-01 2.19976512e-01 2.76158608e-01 3.33999082e-01 3.93499127e-01 4.53920130e-01 5.13214467e-01 5.67824455e-01 6.13118506e-01 6.44683257e-01 6.59504619e-01 6.56414816e-01 6.35914437e-01 6.00156673e-01 5.53007634e-01 4.99377203e-01 4.43954528e-01 3.90094649e-01 3.39630321e-01 2.93265911e-01 2.51165375e-01 2.13331534e-01 1.79805395e-01 1.50721519e-01 1.26283515e-01 1.06694741e-01 9.20549386e-02 8.22876944e-02 7.71358441e-02 7.62616035e-02 7.93982835e-02 8.64748191e-02 9.75931700e-02 1.12557322e-01 1.28732528e-01 1.37189346e-01 1.29653495e-01 1.28378420e-01 1.66246308e-01 1.95569328e-01 1.94730142e-01 2.35937586e-01 1.92806144e-01
7.70000000e+00 9.70190705e-01 9.24195720e-01 8.49435770e-01 7.93085077e-01 7.11876493e-01 6.28351752e-01 6.46034203e-01 6.46539214e-01 5.73749394e-01 4.91465170e-01 4.14451362e-01 3.38193881e-01 2.66112814e-01 1.99454180e-01 1.36895935e-01 7.69374242e-02 1.83001408e-02 -4.02020934e-02 -9.97232856e-02 -1.61394255e-01 -2.26366853e-01 -2.96282398e-01 -3.72706726e-01 -4.51412769e-01 -5.27795596e-01 -6.20881618e-01 -7.28542002e-01 -8.15748485e-01 -8.86019276e-01 -9.26253464e-01 -9.51810138e-01 -9.62851978e-01 -9.71804356e-01 -9.71871933e-01 -9.68296652e-01 -9.49560806e-01 -9.23200677e-01 -8.79471661e-01 -8.34984096e-01 -8.05327529e-01 -7.71338964e-01 -7.27616632e-01 -6.80378760e-01 -6.30506608e-01 -5.77234943e-01 -5.20908363e-01 -4.62290242e-01 -4.02242436e-01 -3.41623632e-01 -2.81249659e-01 -2.21723072e-01 -1.63460628e-01 -1.06600857e-01 -5.11040530e-02 3.28094468e-03 5.69101048e-02 1.10259417e-01 1.63839656e-01 2.18203159e-01 2.73850033e-01 3.31167512e-01 3.90165263e-01 4.50110048e-01 5.08968995e-01 5.63198152e-01 6.08186570e-01 6.39533438e-01 6.54242310e-01 6.51162911e-01 6.30812239e-01 5.95352274e-01 5.48639235e-01 4.95560668e-01 4.40767743e-01 3.87589367e-01 3.37839789e-01 2.92221986e-01 2.50900484e-01 2.13885801e-01 1.81222992e-01 1.53047568e-01 1.29548332e-01 1.10896463e-01 9.71335624e-02 8.81071575e-02 8.34751453e-02 8.28304802e-02 8.58722667e-02 9.25424810e-02 1.02987084e-01 1.16981048e-01 1.31564368e-01 1.37459485e-01 1.28035482e-01 1.28532256e-01 1.67071707e-01 1.91094817e-01 1.89156392e-01 2.29941998e-01 1.81369090e-01
7.80000000e+00 9.70018547e-01 9.25172339e-01 8.50554501e-01 7.91672879e-01 7.14052939e-01 6.24817350e-01 6.35437230e-01 6.39135899e-01 5.68240016e-01 4.85689931e-01 4.09461707e-01 3.34187670e-01 2.62878537e-01 1.96961368e-01 1.35159366e-01 7.59530008e-02 1.80643185e-02 -3.96867967e-02 -9.84443662e-02 -1.59334440e-01 -2.23529611e-01 -2.92765879e-01 -3.68503734e-01 -4.46072010e-01 -5.22008939e-01 -6.16460248e-01 -7.24018062e-01 -8.11640408e-01 -8.82898894e-01 -9.23657892e-01 -9.50114310e-01 -9.61509203e-01 -9.70898626e-01 -9.71061956e-01 -9.67633611e-01 -9.48948115e-01 -9.22440872e-01 -8.79309081e-01 -8.33589107e-01 -8.03207162e-01 -7.69566666e-01 -7.25721230e-01 -6.78083548e-01 -6.27920024e-01 -5.74429842e-01 -5.17937053e-01 -4.59238554e-01 -3.99215246e-01 -3.38733750e-01 -2.78603642e-01 -2.19415362e-01 -1.61565498e-01 -1.05173816e-01 -5.01811078e-02 3.67727251e-03 5.67690958e-02 1.09576128e-01 1.62614597e-01 2.16438448e-01 2.71552275e-01 3.28345615e-01 3.86835087e-01 4.46291577e-01 5.04696637e-01 5.58521551e-01 6.03179815e-01 6.34288830e-01 6.48875468e-01 6.45810319e-01 6.25626261e-01 5.90489715e-01 5.44240667e-01 4.91738590e-01 4.37593450e-01 3.85107445e-01 3.36077552e-01 2.91207272e-01 2.50663599e-01 2.14466157e-01 1.82664952e-01 1.55396868e-01 1.32835850e-01 1.15120529e-01 1.02233815e-01 9.39468915e-02 8.98328083e-02 8.94158022e-02 9.23613676e-02 9.86244957e-02 1.08391113e-01 1.21388370e-01 1.34305949e-01 1.37608520e-01 1.26549779e-01 1.29017356e-01 1.67674195e-01 1.86356260e-01 1.83774882e-01 2.23867060e-01 1.70010800e-01
7.90000000e+00 9.69823094e-01 9.25976526e-01 8.51803634e-01 7.90003754e-01 7.15834509e-01 6.21880640e-01 6.24891364e-01 6.31401033e-01 5.62709168e-01 4.79926951e-01 4.04463802e-01 3.30209968e-01 2.59685895e-01 1.94504156e-01 1.33448519e-01 7.49830278e-02 1.78305139e-02 -3.91821309e-02 -9.71877283e-02 -1.57306440e-01 -2.20734483e-01 -2.89300505e-01 -3.64319749e-01 -4.40702124e-01 -5.16284245e-01 -6.12054330e-01 -7.19349092e-01 -8.07513208e-01 -8.79645618e-01 -9.21030616e-01 -9.48318028e-01 -9.60161320e-01 -9.69921045e-01 -9.70264524e-01 -9.66910935e-01 -9.48360597e-01 -9.21610903e-01 -8.79123963e-01 -8.32252914e-01 -8.01031177e-01 -7.67730319e-01 -7.23800261e-01 -6.75757174e-01 -6.25295482e-01 -5.71590064e-01 -5.14937270e-01 -4.56166099e-01 -3.96176391e-01 -3.35841426e-01 -2.75963321e-01 -2.17119410e-01 -1.59685599e-01 -1.03762801e-01 -4.92725708e-02 4.06272994e-03 5.66220452e-02 1.08892234e-01 1.61394203e-01 2.14682690e-01 2.69265714e-01 3.25533886e-01 3.83509185e-01 4.42465431e-01 5.00398114e-01 5.53795308e-01 5.98098659e-01 6.28949654e-01 6.43404239e-01 6.40357347e-01 6.20357134e-01 5.85569900e-01 5.39812978e-01 4.87911907e-01 4.34432425e-01 3.82649457e-01 3.34344099e-01 2.90222218e-01 2.50455205e-01 2.15073117e-01 1.84131785e-01 1.57769800e-01 1.36146148e-01 1.19366488e-01 1.07354539e-01 9.98049568e-02 9.62062457e-02 9.60146651e-02 9.88628036e-02 1.04718462e-01 1.13802503e-01 1.25773679e-01 1.36950332e-01 1.37647332e-01 1.25227534e-01 1.29810268e-01 1.68007298e-01 1.81404021e-01 1.78579886e-01 2.17708200e-01 1.58740521e-01
8.00000000e+00 9.69604219e-01 9.26610330e-01 8.53155876e-01 7.88145891e-01 7.17156826e-01 6.19503074e-01 6.14465516e-01 6.23333861e-01 5.57147779e-01 4.74183915e-01 3.99458152e-01 3.26259588e-01 2.56535103e-01 1.92082800e-01 1.31763418e-01 7.40275160e-02 1.75987850e-02 -3.86879820e-02 -9.59532480e-02 -1.55310362e-01 -2.17982528e-01 -2.85887061e-01 -3.60152368e-01 -4.35308174e-01 -5.10633145e-01 -6.07652777e-01 -7.14543032e-01 -8.03368606e-01 -8.76256130e-01 -9.18373316e-01 -9.46417828e-01 -9.58808032e-01 -9.68870088e-01 -9.69478634e-01 -9.66128858e-01 -9.47794733e-01 -9.20718745e-01 -8.78904280e-01 -8.30978664e-01 -7.98805279e-01 -7.65825856e-01 -7.21852481e-01 -6.73400548e-01 -6.22633324e-01 -5.68715993e-01 -5.11909796e-01 -4.53073885e-01 -3.93127015e-01 -3.32947794e-01 -2.73329727e-01 -2.14836042e-01 -1.57821533e-01 -1.02368177e-01 -4.83786156e-02 4.43730119e-03 5.64690402e-02 1.08207900e-01 1.60178691e-01 2.12936166e-01 2.66990691e-01 3.22732771e-01 3.80188092e-01 4.38632275e-01 4.96074117e-01 5.49020079e-01 5.92943560e-01 6.23516208e-01 6.37828868e-01 6.34804397e-01 6.15005561e-01 5.80593758e-01 5.35357196e-01 4.84081510e-01 4.31285388e-01 3.80215926e-01 3.32639882e-01 2.89267247e-01 2.50275776e-01 2.15707194e-01 1.85624009e-01 1.60166752e-01 1.39479309e-01 1.23633894e-01 1.12494575e-01 1.05679412e-01 1.02592871e-01 1.02624170e-01 1.05373797e-01 1.10821943e-01 1.19218289e-01 1.30131002e-01 1.39491236e-01 1.37589309e-01 1.24098257e-01 1.30881201e-01 1.68031206e-01 1.76290698e-01 1.73559678e-01 2.11464456e-01 1.47566414e-01
8.10000000e+00 9.69360647e-01 9.27079424e-01 8.54578866e-01 7.86166684e-01 7.17967748e-01 6.17634574e-01 6.04227924e-01 6.14938671e-01 5.51545253e-01 4.68468385e-01 3.94445592e-01 3.22335072e-01 2.53426217e-01 1.89697514e-01 1.30104056e-01 7.30864564e-02 1.73691848e-02 -3.82042243e-02 -9.47407722e-02 -1.53346299e-01 -2.15274789e-01 -2.82526006e-01 -3.55999020e-01 -4.29896222e-01 -5.05066164e-01 -6.03243981e-01 -7.09609951e-01 -7.99206165e-01 -8.72729175e-01 -9.15685945e-01 -9.44411930e-01 -9.57447404e-01 -9.67745733e-01 -9.68701819e-01 -9.65289018e-01 -9.47245541e-01 -9.19773310e-01 -8.78638396e-01 -8.29768097e-01 -7.96535983e-01 -7.63849434e-01 -7.19876320e-01 -6.71014629e-01 -6.19933967e-01 -5.65808037e-01 -5.08855432e-01 -4.49962939e-01 -3.90068264e-01 -3.30053976e-01 -2.70703869e-01 -2.12566057e-01 -1.55973872e-01 -1.00990284e-01 -4.74993945e-02 4.80098347e-03 5.63101720e-02 1.07523289e-01 1.58968264e-01 2.11199135e-01 2.64727513e-01 3.19942671e-01 3.76872294e-01 4.34792728e-01 4.91725308e-01 5.44196516e-01 5.87715020e-01 6.17988868e-01 6.32149707e-01 6.29151975e-01 6.09572309e-01 5.75562242e-01 5.30874328e-01 4.80248243e-01 4.28152998e-01 3.77807325e-01 3.30965310e-01 2.88342760e-01 2.50125773e-01 2.16368897e-01 1.87142140e-01 1.62588115e-01 1.42835420e-01 1.27922299e-01 1.17652762e-01 1.11568315e-01 1.08990101e-01 1.09241427e-01 1.11891576e-01 1.16932458e-01 1.24635278e-01 1.34454030e-01 1.41923211e-01 1.37450284e-01 1.23189142e-01 1.32194573e-01 1.67713625e-01 1.71069639e-01 1.68697325e-01 2.05138371e-01 1.36495525e-01
8.20000000e+00 9.69090011e-01 9.27392685e-01 8.56036497e-01 7.84130736e-01 7.18228340e-01 6.16214599e-01 5.94244710e-01 6.06225151e-01 5.45889655e-01 4.62787655e-01 3.89427341e-01 3.18434710e-01 2.50359122e-01 1.87348468e-01 1.28470405e-01 7.21598207e-02 1.71417613e-02 -3.77307214e-02 -9.35501205e-02 -1.51414341e-01 -2.12612282e-01 -2.79217452e-01 -3.51857049e-01 -4.24473315e-01 -4.99592506e-01 -5.98816158e-01 -7.04561779e-01 -7.95023373e-01 -8.69065577e-01 -9.12966705e-01 -9.42300255e-01 -9.56075871e-01 -9.66549418e-01 -9.67930205e-01 -9.64394374e-01 -9.46706753e-01 -9.18784156e-01 -8.78315344e-01 -8.28621452e-01 -7.94230532e-01 -7.61797525e-01 -7.17869869e-01 -6.68600401e-01 -6.17197913e-01 -5.62866626e-01 -5.05774995e-01 -4.46834309e-01 -3.87001286e-01 -3.27161084e-01 -2.68086731e-01 -2.10310225e-01 -1.54143154e-01 -9.96294325e-02 -4.66350382e-02 5.15378634e-03 5.61455361e-02 1.06838556e-01 1.57763109e-01 2.09471826e-01 2.62476455e-01 3.17163943e-01 3.73562232e-01 4.30947358e-01 4.87352318e-01 5.39325268e-01 5.82413579e-01 6.12368094e-01 6.26367211e-01 6.23400685e-01 6.04058217e-01 5.70476326e-01 5.26365353e-01 4.76412902e-01 4.25035859e-01 3.75424080e-01 3.29320754e-01 2.87449134e-01 2.50005642e-01 2.17058733e-01 1.88686698e-01 1.65034285e-01 1.46214569e-01 1.32231254e-01 1.22827937e-01 1.17469726e-01 1.15395361e-01 1.15863560e-01 1.18413382e-01 1.23047474e-01 1.30050024e-01 1.38736161e-01 1.44241820e-01 1.37248419e-01 1.22524407e-01 1.33709693e-01 1.67030440e-01 1.65793489e-01 1.63971606e-01 1.98735767e-01 1.25533777e-01
8.30000000e+00 9.68788940e-01 9.27561675e-01 8.57490291e-01 7.82098010e-01 7.17913486e-01 6.15173476e-01 5.84578444e-01 5.97208637e-01 5.40167952e-01 4.57148591e-01 3.84405048e-01 3.14556560e-01 2.47333516e-01 1.85035785e-01 1.26862413e-01 7.12475627e-02 1.69165580e-02 -3.72673269e-02 -9.23810878e-02 -1.49514579e-01 -2.09995987e-01 -2.75961136e-01 -3.47723805e-01 -4.19047442e-01 -4.94219854e-01 -5.94357709e-01 -6.99411992e-01 -7.90815798e-01 -8.65268192e-01 -9.10212076e-01 -9.40084374e-01 -9.54688326e-01 -9.65283942e-01 -9.67158632e-01 -9.63449055e-01 -9.46171026e-01 -9.17761195e-01 -8.77925088e-01 -8.27537397e-01 -7.91896786e-01 -7.59667019e-01 -7.15830872e-01 -6.66158853e-01 -6.14425756e-01 -5.59892216e-01 -5.02669318e-01 -4.43689054e-01 -3.83927231e-01 -3.24270218e-01 -2.65479276e-01 -2.08069284e-01 -1.52329889e-01 -9.82859063e-02 -4.57856571e-02 5.49573100e-03 5.59752315e-02 1.06153851e-01 1.56563400e-01 2.07754446e-01 2.60237754e-01 3.14396894e-01 3.70258294e-01 4.27096683e-01 4.82955745e-01 5.34406978e-01 5.77039819e-01 6.06654424e-01 6.20481946e-01 6.17551239e-01 5.98464188e-01 5.65337007e-01 5.21831225e-01 4.72576234e-01 4.21934514e-01 3.73066566e-01 3.27706548e-01 2.86586723e-01 2.49915819e-01 2.17777205e-01 1.90258201e-01 1.67505657e-01 1.49616839e-01 1.36560306e-01 1.28018932e-01 1.23381705e-01 1.21806088e-01 1.22487714e-01 1.24936463e-01 1.29164397e-01 1.35458812e-01 1.42970548e-01 1.46443818e-01 1.37004023e-01 1.22124665e-01 1.35381588e-01 1.65966159e-01 1.60512795e-01 1.59358017e-01 1.92265430e-01 1.14686008e-01
8.40000000e+00 9.68453181e-01 9.27600062e-01 8.58900782e-01 7.80122191e-01 7.17012126e-01 6.14433978e-01 5.75286724e-01 5.87910239e-01 5.34366319e-01 4.51557465e-01 3.79380835e-01 3.10698480e-01 2.44348900e-01 1.82759544e-01 1.25280010e-01 7.03496183e-02 1.66936137e-02 -3.68138846e-02 -9.12334479e-02 -1.47647116e-01 -2.07426833e-01 -2.72756411e-01 -3.43596740e-01 -4.13627473e-01 -4.88954209e-01 -5.89857579e-01 -6.94175246e-01 -7.86577319e-01 -8.61341780e-01 -9.07416933e-01 -9.37767392e-01 -9.53278262e-01 -9.63953308e-01 -9.66380809e-01 -9.62458177e-01 -9.45630191e-01 -9.16714377e-01 -8.77458776e-01 -8.26513002e-01 -7.89543091e-01 -7.57455318e-01 -7.13756726e-01 -6.63690959e-01 -6.11618186e-01 -5.56885292e-01 -4.99539249e-01 -4.40528252e-01 -3.80847247e-01 -3.21382468e-01 -2.62882439e-01 -2.05843947e-01 -1.50534554e-01 -9.69599651e-02 -4.49513414e-02 5.82684971e-03 5.57993607e-02 1.05469316e-01 1.55369296e-01 2.06047175e-01 2.58011617e-01 3.11641789e-01 3.66960824e-01 4.23241171e-01 4.78536156e-01 5.29442284e-01 5.71594366e-01 6.00848482e-01 6.14494587e-01 6.11604450e-01 5.92791193e-01 5.60145299e-01 5.17272868e-01 4.68738938e-01 4.18849451e-01 3.70735113e-01 3.26122985e-01 2.85755861e-01 2.49856727e-01 2.18524814e-01 1.91857167e-01 1.70002626e-01 1.53042313e-01 1.40908997e-01 1.33224577e-01 1.29302318e-01 1.28219730e-01 1.29111051e-01 1.31458081e-01 1.35280559e-01 1.40857641e-01 1.47150164e-01 1.48527328e-01 1.36739315e-01 1.22006360e-01 1.37161947e-01 1.64514133e-01 1.55274731e-01 1.54829820e-01 1.85738708e-01 1.03956030e-01
8.50000000e+00 9.68077734e-01 9.27522995e-01 8.60228875e-01 7.78249296e-01 7.15527111e-01 6.13913108e-01 5.66420837e-01 5.78356830e-01 5.28470480e-01 4.46019796e-01 3.74357321e-01 3.06858159e-01 2.41404564e-01 1.80519772e-01 1.23723108e-01 6.94659075e-02 1.64729629e-02 -3.63702292e-02 -9.01069562e-02 -1.45812069e-01 -2.04905684e-01 -2.69602231e-01 -3.39473512e-01 -4.08223053e-01 -4.83799765e-01 -5.85305610e-01 -6.88866983e-01 -7.82300410e-01 -8.57292812e-01 -9.04574712e-01 -9.35353772e-01 -9.51837968e-01 -9.62562521e-01 -9.65589524e-01 -9.61427612e-01 -9.45075536e-01 -9.15653375e-01 -8.76908952e-01 -8.25543746e-01 -7.87178131e-01 -7.55160436e-01 -7.11644489e-01 -6.61197648e-01 -6.08775993e-01 -5.53846371e-01 -4.96385645e-01 -4.37352994e-01 -3.77762481e-01 -3.18498908e-01 -2.60297129e-01 -2.03634896e-01 -1.48757598e-01 -9.56518426e-02 -4.41321619e-02 6.14718523e-03 5.56180295e-02 1.04785089e-01 1.54180942e-01 2.04350168e-01 2.55798216e-01 3.08898845e-01 3.63670114e-01 4.19381237e-01 4.74094083e-01 5.24431815e-01 5.66077886e-01 5.94950975e-01 6.08405921e-01 6.05561239e-01 5.87040270e-01 5.54902235e-01 5.12691177e-01 4.64901661e-01 4.15781095e-01 3.68430005e-01 3.24570325e-01 2.84956860e-01 2.49828775e-01 2.19302056e-01 1.93484108e-01 1.72525584e-01 1.56491066e-01 1.45276861e-01 1.38443696e-01 1.35229634e-01 1.34633756e-01 1.35730765e-01 1.37975508e-01 1.41393206e-01 1.46242212e-01 1.51267883e-01 1.50491995e-01 1.36478117e-01 1.22181255e-01 1.39000156e-01 1.62676550e-01 1.50121955e-01 1.50359128e-01 1.79169046e-01 9.33467230e-02
8.60000000e+00 9.67657007e-01 9.27346450e-01 8.61437115e-01 7.76516567e-01 7.13474693e-01 6.13524033e-01 5.58024524e-01 5.68580906e-01 5.22466104e-01 4.40540194e-01 3.69337649e-01 3.03033159e-01 2.38499573e-01 1.78316443e-01 1.22191606e-01 6.85963345e-02 1.62546358e-02 -3.59361870e-02 -8.90013541e-02 -1.44009578e-01 -2.02433321e-01 -2.66497148e-01 -3.35352084e-01 -4.02844488e-01 -4.78758817e-01 -5.80692868e-01 -6.83503015e-01 -7.77976470e-01 -8.53129224e-01 -9.01677642e-01 -9.32849108e-01 -9.50358775e-01 -9.61117344e-01 -9.64776888e-01 -9.60363742e-01 -9.44498089e-01 -9.14587283e-01 -8.76269738e-01 -8.24623566e-01 -7.84810760e-01 -7.52781083e-01 -7.09490902e-01 -6.58679773e-01 -6.05900076e-01 -5.50776007e-01 -4.93209376e-01 -4.34164383e-01 -3.74674075e-01 -3.15620597e-01 -2.57724231e-01 -2.01442781e-01 -1.46999438e-01 -9.43617487e-02 -4.33281706e-02 6.45679024e-03 5.54313463e-02 1.04101299e-01 1.52998469e-01 2.02663556e-01 2.53597692e-01 3.06168234e-01 3.60386411e-01 4.15517243e-01 4.69630025e-01 5.19376193e-01 5.60491085e-01 5.88962694e-01 6.02216848e-01 5.99422631e-01 5.81212521e-01 5.49608867e-01 5.08087013e-01 4.61065004e-01 4.12729817e-01 3.66151479e-01 3.23048790e-01 2.84190011e-01 2.49832363e-01 2.20109422e-01 1.95139537e-01 1.75074918e-01 1.59963162e-01 1.49663424e-01 1.43675109e-01 1.41161730e-01 1.41045653e-01 1.42344075e-01 1.44486029e-01 1.47499487e-01 1.51607916e-01 1.55316568e-01 1.52339143e-01 1.36245504e-01 1.22656028e-01 1.40844404e-01 1.60464194e-01 1.45091633e-01 1.45917955e-01 1.72571475e-01 8.28601396e-02
8.70000000e+00 9.67184982e-01 9.27086593e-01 8.62490853e-01 7.74951668e-01 7.10883654e-01 6.13178143e-01 5.50132888e-01 5.58620284e-01 5.16339236e-01 4.35122217e-01 3.64325482e-01 2.99220967e-01 2.35632761e-01 1.76149470e-01 1.20685392e-01 6.77407898e-02 1.60386586e-02 -3.55115763e-02 -8.79163731e-02 -1.42239809e-01 -2.00010421e-01 -2.63439321e-01 -3.31230831e-01 -3.97502593e-01 -4.73831731e-01 -5.76011941e-01 -6.78099105e-01 -7.73596198e-01 -8.48860118e-01 -8.98717018e-01 -9.30259854e-01 -9.48831336e-01 -9.59624019e-01 -9.63934593e-01 -9.59273181e-01 -9.43888922e-01 -9.13524326e-01 -8.75536975e-01 -8.23744949e-01 -7.82449818e-01 -7.50316747e-01 -7.07292414e-01 -6.56138085e-01 -6.02991443e-01 -5.47674793e-01 -4.90011320e-01 -4.30963532e-01 -3.71583168e-01 -3.12748579e-01 -2.55164601e-01 -1.99268228e-01 -1.45260460e-01 -9.30898695e-02 -4.25394018e-02 6.75572685e-03 5.52394223e-02 1.03418069e-01 1.51821996e-01 2.00987443e-01 2.51410152e-01 3.03450085e-01 3.57109914e-01 4.11649500e-01 4.65144445e-01 5.14276030e-01 5.54834716e-01 5.82884515e-01 5.95928380e-01 5.93189759e-01 5.75309114e-01 5.44266259e-01 5.03461206e-01 4.57229514e-01 4.09695928e-01 3.63899732e-01 3.21558567e-01 2.83455589e-01 2.49867874e-01 2.20947398e-01 1.96823959e-01 1.77651009e-01 1.63458660e-01 1.54068200e-01 1.48917627e-01 1.47096689e-01 1.47452935e-01 1.48948236e-01 1.50986939e-01 1.53596437e-01 1.56949833e-01 1.59289172e-01 1.54071887e-01 1.36067395e-01 1.23431951e-01 1.42642839e-01 1.57895992e-01 1.40214665e-01 1.41479233e-01 1.65962075e-01 7.24976377e-02
8.80000000e+00 9.66655379e-01 9.26759157e-01 8.63359252e-01 7.73572218e-01 7.07794118e-01 6.12787146e-01 5.42771479e-01 5.48517664e-01 5.10076754e-01 4.29768239e-01 3.59325001e-01 2.95419038e-01 2.32802715e-01 1.74018699e-01 1.19204341e-01 6.68991513e-02 1.58250538e-02 -3.50962077e-02 -8.68517392e-02 -1.40502956e-01 -1.97637532e-01 -2.60426522e-01 -3.27108635e-01 -3.92208522e-01 -4.69016946e-01 -5.71257195e-01 -6.72670544e-01 -7.69149990e-01 -8.44495420e-01 -8.95683519e-01 -9.27593017e-01 -9.47245937e-01 -9.58088977e-01 -9.63054203e-01 -9.58162496e-01 -9.43239446e-01 -9.12471602e-01 -8.74708315e-01 -8.22899056e-01 -7.80103944e-01 -7.47767764e-01 -7.05045219e-01 -6.53573198e-01 -6.00051211e-01 -5.44543368e-01 -4.86792364e-01 -4.27751564e-01 -3.68490893e-01 -3.09883880e-01 -2.52619067e-01 -1.97111828e-01 -1.43541023e-01 -9.18363685e-02 -4.17658720e-02 7.04406604e-03 5.50423708e-02 1.02735518e-01 1.50651627e-01 1.99321912e-01 2.49235673e-01 3.00744481e-01 3.53840773e-01 4.07778266e-01 4.60637773e-01 5.09131929e-01 5.49109568e-01 5.76717402e-01 5.89541647e-01 5.86863864e-01 5.69331280e-01 5.38875491e-01 4.98814550e-01 4.53395689e-01 4.06679683e-01 3.61674914e-01 3.20099812e-01 2.82753847e-01 2.49935685e-01 2.21816466e-01 1.98537872e-01 1.80254229e-01 1.66977600e-01 1.58490691e-01 1.54170058e-01 1.53032605e-01 1.53853139e-01 1.55540538e-01 1.57475537e-01 1.59680966e-01 1.62262732e-01 1.63178854e-01 1.55695242e-01 1.35970096e-01 1.24504691e-01 1.44344728e-01 1.54998351e-01 1.35515114e-01 1.37017743e-01 1.59357427e-01 6.22600168e-02
8.90000000e+00 9.66061820e-01 9.26378869e-01 8.64016124e-01 7.72385640e-01 7.04256075e-01 6.12265177e-01 5.35955587e-01 5.38320042e-01 5.03666842e-01 4.24479345e-01 3.54340881e-01 2.91624862e-01 2.30007773e-01 1.71923903e-01 1.17748321e-01 6.60712854e-02 1.56138400e-02 -3.46898854e-02 -8.58071783e-02 -1.38799247e-01 -1.95315057e-01 -2.57456162e-01 -3.22984981e-01 -3.86973583e-01 -4.64311035e-01 -5.66424985e-01 -6.67231761e-01 -7.64628336e-01 -8.40045525e-01 -8.92567546e-01 -9.24855838e-01 -9.45592820e-01 -9.56518529e-01 -9.62127431e-01 -9.57037924e-01 -9.42541686e-01 -9.11434853e-01 -8.73783267e-01 -8.22075892e-01 -7.77781376e-01 -7.45135371e-01 -7.02745310e-01 -6.50985555e-01 -5.97080605e-01 -5.41382423e-01 -4.83553401e-01 -4.24529609e-01 -3.65398377e-01 -3.07027510e-01 -2.50088429e-01 -1.94974147e-01 -1.41841454e-01 -9.06013877e-02 -4.10075808e-02 7.32188708e-03 5.48403071e-02 1.02053754e-01 1.49487453e-01 1.97667020e-01 2.47074300e-01 2.98051462e-01 3.50579091e-01 4.03903746e-01 4.56110400e-01 5.03944485e-01 5.43316475e-01 5.70462405e-01 5.83057894e-01 5.80446291e-01 5.63280314e-01 5.33437657e-01 4.94147807e-01 4.49563978e-01 4.03681282e-01 3.59477135e-01 3.18672645e-01 2.82085021e-01 2.50036156e-01 2.22717100e-01 2.00281769e-01 1.82884939e-01 1.70520011e-01 1.62930384e-01 1.59431202e-01 1.58967580e-01 1.60243838e-01 1.62118313e-01 1.63949130e-01 1.65749839e-01 1.67541079e-01 1.66979104e-01 1.57216186e-01 1.35979812e-01 1.25864225e-01 1.45901604e-01 1.51804306e-01 1.31009860e-01 1.32510942e-01 1.52774085e-01 5.21476630e-02
9.00000000e+00 9.65397978e-01 9.25958943e-01 8.64440572e-01 7.71389344e-01 7.00327663e-01 6.11530842e-01 5.29689768e-01 5.28077990e-01 4.97099466e-01 4.19255252e-01 3.49378244e-01 2.87836020e-01 2.27246017e-01 1.69864770e-01 1.16317192e-01 6.52570493e-02 1.54050324e-02 -3.42924073e-02 -8.47824210e-02 -1.37128940e-01 -1.93043220e-01 -2.54525325e-01 -3.18860038e-01 -3.81809029e-01 -4.59708813e-01 -5.61513803e-01 -6.61795956e-01 -7.60022228e-01 -8.35520924e-01 -8.89359577e-01 -9.22055453e-01 -9.43862508e-01 -9.54918567e-01 -9.61146424e-01 -9.55905109e-01 -9.41788540e-01 -9.10418293e-01 -8.72763186e-01 -8.21264504e-01 -7.75489758e-01 -7.42421745e-01 -7.00388530e-01 -6.48375398e-01 -5.94080958e-01 -5.38192702e-01 -4.80295329e-01 -4.21298800e-01 -3.62306736e-01 -3.04180458e-01 -2.47573459e-01 -1.92855719e-01 -1.40162053e-01 -8.93850486e-02 -4.02645115e-02 7.58927669e-03 5.46333484e-02 1.01372881e-01 1.48329552e-01 1.96022802e-01 2.44926046e-01 2.95371025e-01 3.47324927e-01 4.00026094e-01 4.51562684e-01 4.98714281e-01 5.37456311e-01 5.64120661e-01 5.76478479e-01 5.73938493e-01 5.57157573e-01 5.27953861e-01 4.89461701e-01 4.45734777e-01 4.00700870e-01 3.57306464e-01 3.17277157e-01 2.81449327e-01 2.50169638e-01 2.23649767e-01 2.02056134e-01 1.85543489e-01 1.74085903e-01 1.67386754e-01 1.64699851e-01 1.64899732e-01 1.66622633e-01 1.68678930e-01 1.70405024e-01 1.71799665e-01 1.72779051e-01 1.70683871e-01 1.58643690e-01 1.36122127e-01 1.27494890e-01 1.47268370e-01 1.48352517e-01 1.26708478e-01 1.27939667e-01 1.46228062e-01 4.21606943e-02
9.10000000e+00 9.64657723e-01 9.25510648e-01 8.64617416e-01 7.70571210e-01 6.96073267e-01 6.10509149e-01 5.23967615e-01 5.17844804e-01 4.90366846e-01 4.14094259e-01 3.44442615e-01 2.84050250e-01 2.24515276e-01 1.67840894e-01 1.14910806e-01 6.44562925e-02 1.51986429e-02 -3.39035663e-02 -8.37772088e-02 -1.35492328e-01 -1.90822051e-01 -2.51630803e-01 -3.14734727e-01 -3.76725852e-01 -4.55203489e-01 -5.56524368e-01 -6.56374779e-01 -7.55323538e-01 -8.30931832e-01 -8.86050514e-01 -9.19198573e-01 -9.42046121e-01 -9.53294277e-01 -9.60104020e-01 -9.54768852e-01 -9.40973998e-01 -9.09424465e-01 -8.71651211e-01 -8.20453212e-01 -7.73235941e-01 -7.39630021e-01 -6.97970649e-01 -6.45742735e-01 -5.91053699e-01 -5.34975015e-01 -4.77019052e-01 -4.18060273e-01 -3.59217081e-01 -3.01343694e-01 -2.45074898e-01 -1.90757051e-01 -1.38503091e-01 -8.81874527e-02 -3.95366307e-02 7.84632826e-03 5.44216139e-02 1.00692995e-01 1.47177991e-01 1.94389271e-01 2.42790897e-01 2.92703126e-01 3.44078289e-01 3.96145413e-01 4.46994942e-01 4.93441891e-01 5.31529992e-01 5.57693393e-01 5.69804879e-01 5.67342028e-01 5.50964475e-01 5.22425216e-01 4.84756925e-01 4.41908433e-01 3.97738538e-01 3.55162928e-01 3.15913405e-01 2.80846966e-01 2.50336471e-01 2.24614926e-01 2.03861443e-01 1.88230211e-01 1.77675268e-01 1.71859256e-01 1.69974791e-01 1.70827191e-01 1.72987165e-01 1.75219808e-01 1.76840522e-01 1.77826881e-01 1.77970565e-01 1.74287705e-01 1.59988714e-01 1.36421469e-01 1.29375558e-01 1.48404322e-01 1.44686123e-01 1.22613336e-01 1.23288696e-01 1.39734378e-01 3.22991013e-02
9.20000000e+00 9.63835236e-01 9.25042967e-01 8.64537415e-01 7.69910362e-01 6.91561488e-01 6.09133275e-01 5.18771805e-01 5.07675554e-01 4.83463900e-01 4.08993234e-01 3.39539837e-01 2.80265512e-01 2.21813123e-01 1.65851762e-01 1.13529010e-01 6.36688589e-02 1.49946800e-02 -3.35231509e-02 -8.27912997e-02 -1.33889727e-01 -1.88651353e-01 -2.48769149e-01 -3.10610779e-01 -3.71734560e-01 -4.50786868e-01 -5.51459658e-01 -6.50978067e-01 -7.50525366e-01 -8.26287839e-01 -8.82632021e-01 -9.16291169e-01 -9.40135668e-01 -9.51649882e-01 -9.58993984e-01 -9.53632901e-01 -9.40093325e-01 -9.08454173e-01 -8.70452156e-01 -8.19629861e-01 -7.71025811e-01 -7.36764290e-01 -6.95487433e-01 -6.43087313e-01 -5.88000349e-01 -5.31730240e-01 -4.73725481e-01 -4.14815165e-01 -3.56130511e-01 -2.98518166e-01 -2.42593462e-01 -1.88678622e-01 -1.36864813e-01 -8.70086825e-02 -3.88238903e-02 8.09314143e-03 5.42052242e-02 1.00014185e-01 1.46032820e-01 1.92766416e-01 2.40668804e-01 2.90047678e-01 3.40839142e-01 3.92261752e-01 4.42407459e-01 4.88127882e-01 5.25538474e-01 5.51181916e-01 5.63038684e-01 5.60658560e-01 5.44702500e-01 5.16852846e-01 4.80034132e-01 4.38085241e-01 3.94794325e-01 3.53046517e-01 3.14581420e-01 2.80278120e-01 2.50536980e-01 2.25613028e-01 2.05698158e-01 1.90945426e-01 1.81288077e-01 1.76347330e-01 1.75254801e-01 1.76748105e-01 1.79335110e-01 1.81738405e-01 1.83252915e-01 1.83827741e-01 1.83109304e-01 1.77785901e-01 1.61264155e-01 1.36900567e-01 1.31479949e-01 1.49274073e-01 1.40851514e-01 1.18719912e-01 1.18547149e-01 1.33306646e-01 2.25628788e-02
9.30000000e+00 9.62925115e-01 9.24562356e-01 8.64197263e-01 7.69378187e-01 6.86863041e-01 6.07346111e-01 5.14074395e-01 4.97626033e-01 4.76388650e-01 4.03947638e-01 3.34675999e-01 2.76480057e-01 2.19136888e-01 1.63896745e-01 1.12171640e-01 6.28945889e-02 1.47931494e-02 -3.31509467e-02 -8.18244738e-02 -1.32321480e-01 -1.86530685e-01 -2.45936740e-01 -3.06490770e-01 -3.66844959e-01 -4.46449583e-01 -5.46324859e-01 -6.45613638e-01 -7.45622347e-01 -8.21597589e-01 -8.79096834e-01 -9.13338194e-01 -9.38124307e-01 -9.49988411e-01 -9.57811201e-01 -9.52499777e-01 -9.39143191e-01 -9.07506450e-01 -8.69172344e-01 -8.18782096e-01 -7.68864110e-01 -7.33829580e-01 -6.92934734e-01 -6.40408588e-01 -5.84922506e-01 -5.28459328e-01 -4.70415528e-01 -4.11564608e-01 -3.53048115e-01 -2.95704801e-01 -2.40129835e-01 -1.86620880e-01 -1.35247435e-01 -8.58488013e-02 -3.81262286e-02 8.32982177e-03 5.39843016e-02 9.93365356e-02 1.44894081e-01 1.91154206e-01 2.38559693e-01 2.87404556e-01 3.37607401e-01 3.88375116e-01 4.37800480e-01 4.82772809e-01 5.19482752e-01 5.44587627e-01 5.56181599e-01 5.53889856e-01 5.38373184e-01 5.11237881e-01 4.75293946e-01 4.34265449e-01 3.91868220e-01 3.50957181e-01 3.13281204e-01 2.79742955e-01 2.50771483e-01 2.26644513e-01 2.07566731e-01 1.93689434e-01 1.84924279e-01 1.80850395e-01 1.80538654e-01 1.82660635e-01 1.85664188e-01 1.88232228e-01 1.89639475e-01 1.89798299e-01 1.88188762e-01 1.81174639e-01 1.62484746e-01 1.37579920e-01 1.33777064e-01 1.49848343e-01 1.36897025e-01 1.15017296e-01 1.13708738e-01 1.26956744e-01 1.29521450e-02
9.40000000e+00 9.61922440e-01 9.24072602e-01 8.63599398e-01 7.68939564e-01 6.82048653e-01 6.05101560e-01 5.09837410e-01 4.87751649e-01 4.69142579e-01 3.98951597e-01 3.29857323e-01 2.72692489e-01 2.16483671e-01 1.61975080e-01 1.10838523e-01 6.21333212e-02 1.45940544e-02 -3.27867382e-02 -8.08765396e-02 -1.30787942e-01 -1.84459339e-01 -2.43129842e-01 -3.02378142e-01 -3.62065949e-01 -4.42181374e-01 -5.41127268e-01 -6.40287154e-01 -7.40610901e-01 -8.16868500e-01 -8.75439029e-01 -9.10343354e-01 -9.36006555e-01 -9.48311532e-01 -9.56551829e-01 -9.51370645e-01 -9.38121753e-01 -9.06578602e-01 -8.67819403e-01 -8.17897639e-01 -7.66754301e-01 -7.30831801e-01 -6.90308576e-01 -6.37705708e-01 -5.81821832e-01 -5.25163313e-01 -4.67090116e-01 -4.08309729e-01 -3.49970971e-01 -2.92904503e-01 -2.37684674e-01 -1.84584248e-01 -1.33651150e-01 -8.47078544e-02 -3.74435715e-02 8.55648055e-03 5.37589698e-02 9.86601249e-02 1.43761798e-01 1.89552591e-01 2.36463455e-01 2.84773595e-01 3.34382939e-01 3.84485457e-01 4.33174213e-01 4.77377222e-01 5.13363863e-01 5.37912014e-01 5.49235445e-01 5.47037784e-01 5.31978125e-01 5.05581456e-01 4.70536951e-01 4.30449253e-01 3.88960163e-01 3.48894832e-01 3.12012731e-01 2.79241619e-01 2.51040283e-01 2.27709815e-01 2.09467600e-01 1.96462519e-01 1.88583799e-01 1.85367852e-01 1.85825116e-01 1.88562965e-01 1.91972161e-01 1.94698828e-01 1.95997447e-01 1.95734401e-01 1.93202297e-01 1.84451129e-01 1.63666920e-01 1.38477281e-01 1.36231750e-01 1.50104608e-01 1.32871618e-01 1.11488878e-01 1.08771840e-01 1.20694546e-01 3.46724263e-03
9.50000000e+00 9.60822831e-01 9.23574785e-01 8.62751606e-01 7.68554265e-01 6.77187013e-01 6.02365525e-01 5.06013666e-01 4.78106275e-01 4.61730926e-01 3.93998003e-01 3.25090063e-01 2.68901829e-01 2.13850356e-01 1.60085860e-01 1.09529477e-01 6.13848954e-02 1.43973965e-02 -3.24303107e-02 -7.99473390e-02 -1.29289477e-01 -1.82436322e-01 -2.40344684e-01 -2.98277193e-01 -3.57405322e-01 -4.37971378e-01 -5.35876117e-01 -6.35002065e-01 -7.35489420e-01 -8.12106536e-01 -8.71654241e-01 -9.07308911e-01 -9.33778454e-01 -9.46619418e-01 -9.55213401e-01 -9.50245235e-01 -9.37028683e-01 -9.05666290e-01 -8.66402019e-01 -8.16964578e-01 -7.64698440e-01 -7.27777686e-01 -6.87605253e-01 -6.34977493e-01 -5.78700033e-01 -5.21843318e-01 -4.63750171e-01 -4.05051650e-01 -3.46900143e-01 -2.90118152e-01 -2.35258607e-01 -1.82569117e-01 -1.32076128e-01 -8.35858693e-02 -3.67758337e-02 8.77323453e-03 5.35293535e-02 9.79850267e-02 1.42635987e-01 1.87961500e-01 2.34379957e-01 2.82154594e-01 3.31165582e-01 3.80592681e-01 4.28528832e-01 4.71941662e-01 5.07182882e-01 5.31156651e-01 5.42202151e-01 5.40104314e-01 5.25518974e-01 4.99884714e-01 4.65763703e-01 4.26636801e-01 3.86070047e-01 3.46859349e-01 3.10775949e-01 2.78774247e-01 2.51343673e-01 2.28809355e-01 2.11401189e-01 1.99264944e-01 1.92266534e-01 1.89899079e-01 1.91112944e-01 1.94453295e-01 1.98256834e-01 2.01135800e-01 2.02324039e-01 2.01631677e-01 1.98143185e-01 1.87613751e-01 1.64828610e-01 1.39607183e-01 1.38805363e-01 1.50027570e-01 1.28823573e-01 1.08113182e-01 1.03739430e-01 1.14527749e-01 -5.89117768e-03
9.60000000e+00 9.59622465e-01 9.23067339e-01 8.61666469e-01 7.68178462e-01 6.72342842e-01 5.99116593e-01 5.02547848e-01 4.68741082e-01 4.54162890e-01 3.89078673e-01 3.20380379e-01 2.65107574e-01 2.11233640e-01 1.58228019e-01 1.08244302e-01 6.06491535e-02 1.42031761e-02 -3.20814530e-02 -7.90367529e-02 -1.27826440e-01 -1.80460341e-01 -2.37577543e-01 -2.94193053e-01 -3.52869587e-01 -4.33808447e-01 -5.30582349e-01 -6.29759615e-01 -7.30258384e-01 -8.07316041e-01 -8.67739828e-01 -9.04235565e-01 -9.31437669e-01 -9.44910683e-01 -9.53794870e-01 -9.49121824e-01 -9.35865134e-01 -9.04763678e-01 -8.64929661e-01 -8.15971649e-01 -7.62697084e-01 -7.24674687e-01 -6.84821427e-01 -6.32222427e-01 -5.75558838e-01 -5.18500556e-01 -4.60396629e-01 -4.01791479e-01 -3.43836683e-01 -2.87346606e-01 -2.32852235e-01 -1.80575855e-01 -1.30522515e-01 -8.24828565e-02 -3.61229200e-02 8.98020567e-03 5.32955789e-02 9.73113105e-02 1.41516649e-01 1.86380842e-01 2.32309034e-01 2.79547314e-01 3.27955110e-01 3.76696650e-01 4.23864471e-01 4.66466666e-01 5.00940924e-01 5.24323202e-01 5.35083763e-01 5.33091515e-01 5.18997442e-01 4.94148799e-01 4.60974722e-01 4.22828194e-01 3.83197719e-01 3.44850574e-01 3.09570783e-01 2.78340956e-01 2.51681934e-01 2.29943546e-01 2.13367905e-01 2.02096953e-01 1.95972356e-01 1.94443434e-01 1.96400891e-01 2.00329851e-01 2.04516061e-01 2.07540784e-01 2.08616413e-01 2.07485536e-01 2.03004699e-01 1.90662177e-01 1.65989016e-01 1.40980506e-01 1.41456537e-01 1.49609453e-01 1.24799224e-01 1.04864810e-01 9.86188457e-02 1.08461772e-01 -1.51220954e-02
9.70000000e+00 9.58318073e-01 9.22546200e-01 8.60360670e-01 7.67766301e-01 6.67575125e-01 5.95346366e-01 4.99377802e-01 4.59703396e-01 4.46451762e-01 3.84184538e-01 3.15734212e-01 2.61309744e-01 2.08630060e-01 1.56400316e-01 1.06982778e-01 5.99259423e-02 1.40113932e-02 -3.17399592e-02 -7.81447061e-02 -1.26399167e-01 -1.78529793e-01 -2.34824830e-01 -2.90131634e-01 -3.48463815e-01 -4.29681474e-01 -5.25258338e-01 -6.24558931e-01 -7.24920405e-01 -8.02499639e-01 -8.63694968e-01 -9.01122386e-01 -9.28983531e-01 -9.43182374e-01 -9.52296599e-01 -9.47997265e-01 -9.34633658e-01 -9.03863624e-01 -8.63412278e-01 -8.14908497e-01 -7.60749237e-01 -7.21530872e-01 -6.81954220e-01 -6.29438655e-01 -5.72399976e-01 -5.15136341e-01 -4.57030436e-01 -3.98530312e-01 -3.40781626e-01 -2.84590694e-01 -2.30466131e-01 -1.78604800e-01 -1.28990437e-01 -8.13988107e-02 -3.54847263e-02 9.17752094e-03 5.30577739e-02 9.66390419e-02 1.40403774e-01 1.84810510e-01 2.30250492e-01 2.76951481e-01 3.24751260e-01 3.72797178e-01 4.19181233e-01 4.60952765e-01 4.94639143e-01 5.17413413e-01 5.27882433e-01 5.26001551e-01 5.12415289e-01 4.88374859e-01 4.56170499e-01 4.19023484e-01 3.80342984e-01 3.42868313e-01 3.08397132e-01 2.77941849e-01 2.52055334e-01 2.31112792e-01 2.15368139e-01 2.04958768e-01 1.99701108e-01 1.99000254e-01 2.01687703e-01 2.06190877e-01 2.10747742e-01 2.13911458e-01 2.14871672e-01 2.13291167e-01 2.07780186e-01 1.93597489e-01 1.67168322e-01 1.42604108e-01 1.44142029e-01 1.48850107e-01 1.20841790e-01 1.01715488e-01 9.34214332e-02 1.02499746e-01 -2.42240799e-02
9.80000000e+00 9.56906915e-01 9.22005046e-01 8.58854182e-01 7.67271490e-01 6.62935579e-01 5.91059446e-01 4.96436014e-01 4.51035608e-01 4.38614947e-01 3.79305875e-01 3.11157156e-01 2.57508931e-01 2.06036032e-01 1.54601326e-01 1.05744663e-01 5.92151144e-02 1.38220478e-02 -3.14056326e-02 -7.72711705e-02 -1.25007958e-01 -1.76642761e-01 -2.32083176e-01 -2.86099552e-01 -3.44191518e-01 -4.25579719e-01 -5.19917567e-01 -6.19397175e-01 -7.19480196e-01 -7.97658203e-01 -8.59520691e-01 -8.97966817e-01 -9.26417008e-01 -9.41430026e-01 -9.50720293e-01 -9.46867067e-01 -9.33338072e-01 -9.02957907e-01 -8.61859987e-01 -8.13765931e-01 -7.58852324e-01 -7.18354782e-01 -6.79001317e-01 -6.26623987e-01 -5.69225146e-01 -5.11752086e-01 -4.53652552e-01 -3.95269230e-01 -3.37735994e-01 -2.81851224e-01 -2.28100841e-01 -1.76656266e-01 -1.27480000e-01 -8.03337115e-02 -3.48611408e-02 9.36531213e-03 5.28160682e-02 9.59682830e-02 1.39297339e-01 1.83250378e-01 2.28204112e-01 2.74366789e-01 3.21553724e-01 3.68894041e-01 4.14479183e-01 4.55400485e-01 4.88278732e-01 5.10429118e-01 5.20600419e-01 5.18836680e-01 5.05774331e-01 4.82564045e-01 4.51351494e-01 4.15222680e-01 3.77505604e-01 3.40912342e-01 3.07254874e-01 2.77577015e-01 2.52464130e-01 2.32317485e-01 2.17402266e-01 2.07850586e-01 2.03452602e-01 2.03568854e-01 2.06972121e-01 2.12034643e-01 2.16949825e-01 2.20245536e-01 2.21086850e-01 2.19043539e-01 2.12463153e-01 1.96422275e-01 1.68387371e-01 1.44480526e-01 1.46817629e-01 1.47756919e-01 1.16990314e-01 9.86351451e-02 8.81620650e-02 9.66425709e-02 -3.31952720e-02
9.90000000e+00 9.55386731e-01 9.21435598e-01 8.57169385e-01 7.66648839e-01 6.58467363e-01 5.86273080e-01 4.93651236e-01 4.42774154e-01 4.30673886e-01 3.74432577e-01 3.06654327e-01 2.53706329e-01 2.03447890e-01 1.52829423e-01 1.04529681e-01 5.85165296e-02 1.36351411e-02 -3.10782875e-02 -7.64161689e-02 -1.23653062e-01 -1.74797018e-01 -2.29349524e-01 -2.82104037e-01 -3.40054555e-01 -4.21493121e-01 -5.14574269e-01 -6.14269768e-01 -7.13944470e-01 -7.92790895e-01 -8.55219842e-01 -8.94764741e-01 -9.23740621e-01 -9.39647772e-01 -9.49068886e-01 -9.45725538e-01 -9.31983276e-01 -9.02037502e-01 -8.60282748e-01 -8.12536139e-01 -7.57002208e-01 -7.15155282e-01 -6.75961048e-01 -6.23775913e-01 -5.66035990e-01 -5.08349311e-01 -4.50263952e-01 -3.92009297e-01 -3.34700789e-01 -2.79128977e-01 -2.25756884e-01 -1.74730542e-01 -1.25991290e-01 -7.92875240e-02 -3.42520455e-02 9.54371580e-03 5.25705940e-02 9.52990926e-02 1.38197313e-01 1.81700307e-01 2.26169646e-01 2.71792899e-01 3.18362153e-01 3.64986969e-01 4.09758356e-01 4.49810353e-01 4.81860925e-01 5.03372236e-01 5.13240085e-01 5.11599251e-01 4.99076435e-01 4.76717508e-01 4.46518140e-01 4.11425746e-01 3.74685303e-01 3.38982404e-01 3.06143865e-01 2.77246529e-01 2.52908566e-01 2.33558009e-01 2.19470640e-01 2.10772583e-01 2.07226620e-01 2.08148526e-01 2.12252877e-01 2.17859444e-01 2.23120306e-01 2.26540764e-01 2.27258897e-01 2.24737412e-01 2.17047370e-01 1.99140705e-01 1.69667306e-01 1.46607757e-01 1.49439104e-01 1.46344531e-01 1.13278754e-01 9.55930244e-02 8.28585643e-02 9.08890614e-02 -4.20333875e-02
1.00000000e+01 9.53755670e-01 9.20827979e-01 8.55330130e-01 7.65855720e-01 6.54204096e-01 5.81016458e-01 4.90950226e-01 4.34948612e-01 4.22653864e-01 3.69554446e-01 3.02230235e-01 2.49903757e-01 2.00861937e-01 1.51082773e-01 1.03337519e-01 5.78300556e-02 1.34506753e-02 -3.07577530e-02 -7.55797770e-02 -1.22334652e-01 -1.72990031e-01 -2.26621217e-01 -2.78152809e-01 -3.36053083e-01 -4.17412596e-01 -5.09243054e-01 -6.09170661e-01 -7.08321762e-01 -7.87895273e-01 -8.50796976e-01 -8.91510615e-01 -9.20958295e-01 -9.37828515e-01 -9.47346363e-01 -9.44565958e-01 -9.30575032e-01 -9.01092862e-01 -8.58690056e-01 -8.11212869e-01 -7.55193245e-01 -7.11941392e-01 -6.72832477e-01 -6.20891627e-01 -5.62834064e-01 -5.04929642e-01 -4.46865632e-01 -3.88751554e-01 -3.31676996e-01 -2.76424710e-01 -2.23434756e-01 -1.72827895e-01 -1.24524375e-01 -7.82602002e-02 -3.36573179e-02 9.71287345e-03 5.23214864e-02 9.46315266e-02 1.37103656e-01 1.80160138e-01 2.24146817e-01 2.69229442e-01 3.15176154e-01 3.61075657e-01 4.05018754e-01 4.44182891e-01 4.75386992e-01 4.96244765e-01 5.05803898e-01 5.04291700e-01 4.92323514e-01 4.70836400e-01 4.41670839e-01 4.07632604e-01 3.71881766e-01 3.37078213e-01 3.05063940e-01 2.76950454e-01 2.53388873e-01 2.34834735e-01 2.21573600e-01 2.13724907e-01 2.11022914e-01 2.12738541e-01 2.17528702e-01 2.23663600e-01 2.29257226e-01 2.32794914e-01 2.33384670e-01 2.30367354e-01 2.21526970e-01 2.01758578e-01 1.71029180e-01 1.48979133e-01 1.51963164e-01 1.44634378e-01 1.09735236e-01 9.25587644e-02 7.75310545e-02 8.52361422e-02 -5.07357402e-02
1.01000000e+01 9.52012211e-01 9.20171122e-01 8.53360802e-01 7.64853383e-01 6.50169192e-01 5.75329708e-01 4.88259548e-01 4.27580935e-01 4.14583716e-01 3.64661513e-01 2.97888677e-01 2.46103671e-01 1.98274496e-01 1.49359322e-01 1.02167820e-01 5.71555680e-02 1.32686552e-02 -3.04438752e-02 -7.47621236e-02 -1.21052813e-01 -1.71218980e-01 -2.23896080e-01 -2.74253942e-01 -3.32185545e-01 -4.13330310e-01 -5.03938514e-01 -6.04092657e-01 -7.02622199e-01 -7.82967461e-01 -8.46258197e-01 -8.88197661e-01 -9.18075155e-01 -9.35964139e-01 -9.45557558e-01 -9.43380794e-01 -9.29119716e-01 -9.00114227e-01 -8.57090629e-01 -8.09791578e-01 -7.53418378e-01 -7.08722109e-01 -6.69615473e-01 -6.17968057e-01 -5.59620800e-01 -5.01494807e-01 -4.43458612e-01 -3.85497025e-01 -3.28665581e-01 -2.73739154e-01 -2.21134925e-01 -1.70948568e-01 -1.23079309e-01 -7.72516796e-02 -3.30768314e-02 9.87293157e-03 5.20688845e-02 9.39656383e-02 1.36016319e-01 1.78629700e-01 2.22135327e-01 2.66676020e-01 3.11995294e-01 3.57159760e-01 4.00260348e-01 4.38518626e-01 4.68858241e-01 4.89048788e-01 4.98294421e-01 4.96916549e-01 4.85517529e-01 4.64921875e-01 4.36809970e-01 4.03843134e-01 3.69094644e-01 3.35199451e-01 3.04014916e-01 2.76688843e-01 2.53905269e-01 2.36148028e-01 2.23711464e-01 2.16707682e-01 2.14841203e-01 2.17338147e-01 2.22798319e-01 2.29445458e-01 2.35358675e-01 2.39005774e-01 2.39460918e-01 2.35927756e-01 2.25896560e-01 2.04283351e-01 1.72493545e-01 1.51583295e-01 1.54348416e-01 1.42654051e-01 1.06381499e-01 8.95034330e-02 7.22012580e-02 7.96791070e-02 -5.92992832e-02
1.02000000e+01 9.50155063e-01 9.19453188e-01 8.51285398e-01 7.63608108e-01 6.46375518e-01 5.69262598e-01 4.85507394e-01 4.20684842e-01 4.06495411e-01 3.59744377e-01 2.93632623e-01 2.42309159e-01 1.95681974e-01 1.47656792e-01 1.01020169e-01 5.64929486e-02 1.30890882e-02 -3.01365212e-02 -7.39633899e-02 -1.19807515e-01 -1.69480780e-01 -2.21172499e-01 -2.70415714e-01 -3.28448696e-01 -4.09239907e-01 -4.98674842e-01 -5.99027769e-01 -6.96857211e-01 -7.78002381e-01 -8.41610933e-01 -8.84818106e-01 -9.15097277e-01 -9.34045766e-01 -9.43707903e-01 -9.42161953e-01 -9.27624040e-01 -8.99091935e-01 -8.55492144e-01 -8.08269527e-01 -7.51669267e-01 -7.05506220e-01 -6.66310768e-01 -6.15001912e-01 -5.56397479e-01 -4.98046639e-01 -4.40043939e-01 -3.82246709e-01 -3.25667486e-01 -2.71073015e-01 -2.18857837e-01 -1.69092788e-01 -1.21656126e-01 -7.62618904e-02 -3.25104575e-02 1.00240418e-02 5.18129315e-02 9.33014787e-02 1.34935248e-01 1.77108807e-01 2.20134847e-01 2.64132207e-01 3.08819103e-01 3.53238897e-01 3.95483083e-01 4.32818083e-01 4.62276021e-01 4.81786465e-01 4.90714313e-01 4.89476399e-01 4.78660488e-01 4.58975087e-01 4.31935890e-01 4.00057179e-01 3.66323551e-01 3.33345776e-01 3.02996592e-01 2.76461736e-01 2.54457958e-01 2.37498242e-01 2.25884535e-01 2.19721006e-01 2.18681175e-01 2.21946574e-01 2.28060451e-01 2.35203391e-01 2.41422783e-01 2.45171143e-01 2.45484273e-01 2.41412865e-01 2.30151333e-01 2.06724120e-01 1.74080025e-01 1.54404262e-01 1.56556296e-01 1.40436511e-01 1.03232539e-01 8.64004781e-02 6.68917715e-02 7.42119170e-02 -6.77206665e-02
1.03000000e+01 9.48183069e-01 9.18662005e-01 8.49126662e-01 7.62092147e-01 6.42825397e-01 5.62872997e-01 4.82625362e-01 4.14265401e-01 3.98423546e-01 3.54794539e-01 2.89464132e-01 2.38523926e-01 1.93080917e-01 1.45972674e-01 9.98940900e-02 5.58420840e-02 1.29119863e-02 -2.98355834e-02 -7.31838069e-02 -1.18598599e-01 -1.67772110e-01 -2.18449491e-01 -2.66646436e-01 -3.24837683e-01 -4.05136706e-01 -4.93465449e-01 -5.93967596e-01 -6.91039199e-01 -7.72994024e-01 -8.36863671e-01 -8.81363465e-01 -9.12031410e-01 -9.32064047e-01 -9.41803166e-01 -9.40901043e-01 -9.26094774e-01 -8.98016722e-01 -8.53900983e-01 -8.06645831e-01 -7.49936455e-01 -7.02302110e-01 -6.62920004e-01 -6.11989730e-01 -5.53165196e-01 -4.94587064e-01 -4.36622697e-01 -3.79001581e-01 -3.22683632e-01 -2.68426977e-01 -2.16603914e-01 -1.67260760e-01 -1.20254850e-01 -7.52907502e-02 -3.19580657e-02 1.01663609e-02 5.15537748e-02 9.26390969e-02 1.33860382e-01 1.75597260e-01 2.18145027e-01 2.61597548e-01 3.05647073e-01 3.49312650e-01 3.90686875e-01 4.27081794e-01 4.55641718e-01 4.74460033e-01 4.83066325e-01 4.81973931e-01 4.71754438e-01 4.52997192e-01 4.27048929e-01 3.96274545e-01 3.63568074e-01 3.31516818e-01 3.02008749e-01 2.76269165e-01 2.55047131e-01 2.38885724e-01 2.28093095e-01 2.22764947e-01 2.22542486e-01 2.26563028e-01 2.33313814e-01 2.40935801e-01 2.47447724e-01 2.51288819e-01 2.51451237e-01 2.46816818e-01 2.34287182e-01 2.09091584e-01 1.75806881e-01 1.57421606e-01 1.58551930e-01 1.38019166e-01 1.00296455e-01 8.32265673e-02 6.16253405e-02 6.88275314e-02 -7.59963061e-02
1.04000000e+01 9.46095098e-01 9.17785491e-01 8.46905299e-01 7.60284442e-01 6.39510930e-01 5.56225136e-01 4.79550167e-01 4.08318803e-01 3.90404732e-01 3.49804751e-01 2.85384287e-01 2.34752258e-01 1.90468086e-01 1.44304228e-01 9.87890319e-02 5.52028630e-02 1.27373665e-02 -2.95409845e-02 -7.24236501e-02 -1.17425753e-01 -1.66089455e-01 -2.15726760e-01 -2.62954279e-01 -3.21346147e-01 -4.01017833e-01 -4.88322621e-01 -5.88903711e-01 -6.85181174e-01 -7.67935765e-01 -8.32025653e-01 -8.77824859e-01 -9.08884658e-01 -9.30009460e-01 -9.39849158e-01 -9.39589645e-01 -9.24538453e-01 -8.96880009e-01 -8.52322034e-01 -8.04921453e-01 -7.48209572e-01 -6.99117576e-01 -6.59445761e-01 -6.08927939e-01 -5.49924828e-01 -4.91118100e-01 -4.33196006e-01 -3.75762595e-01 -3.19714912e-01 -2.65801698e-01 -2.14373553e-01 -1.65452678e-01 -1.18875489e-01 -7.43381673e-02 -3.14195248e-02 1.03000508e-02 5.12915659e-02 9.19785401e-02 1.32791662e-01 1.74094849e-01 2.16165490e-01 2.59071566e-01 3.02478666e-01 3.45380567e-01 3.85871619e-01 4.21310294e-01 4.48956754e-01 4.67071806e-01 4.75353297e-01 4.74411897e-01 4.64801470e-01 4.46989343e-01 4.22149399e-01 3.92495004e-01 3.60827767e-01 3.29712181e-01 3.01051156e-01 2.76111153e-01 2.55672964e-01 2.40310810e-01 2.30337406e-01 2.25839548e-01 2.26424764e-01 2.31186696e-01 2.38557124e-01 2.46641113e-01 2.53431706e-01 2.57356590e-01 2.57358178e-01 2.52133683e-01 2.38300815e-01 2.11397959e-01 1.77690585e-01 1.60610735e-01 1.60304935e-01 1.35442847e-01 9.75745046e-02 7.99622960e-02 5.64241590e-02 6.35182554e-02 -8.41224633e-02
1.05000000e+01 9.43889940e-01 9.16812056e-01 8.44639304e-01 7.58171092e-01 6.36414627e-01 5.49387717e-01 4.76225213e-01 4.02832354e-01 3.82476904e-01 3.44769335e-01 2.81393152e-01 2.30998976e-01 1.87840522e-01 1.42648484e-01 9.77043604e-02 5.45751733e-02 1.25652526e-02 -2.92526834e-02 -7.16832333e-02 -1.16288497e-01 -1.64429149e-01 -2.13004743e-01 -2.59347091e-01 -3.17966384e-01 -3.96882320e-01 -4.83257204e-01 -5.83828044e-01 -6.79296383e-01 -7.62820700e-01 -8.27106549e-01 -8.74193345e-01 -9.05664164e-01 -9.27872631e-01 -9.37851455e-01 -9.38219597e-01 -9.22961108e-01 -8.95674164e-01 -8.50758535e-01 -8.03099154e-01 -7.46477555e-01 -6.95959644e-01 -6.55891567e-01 -6.05812930e-01 -5.46677004e-01 -4.87641844e-01 -4.29765027e-01 -3.72530682e-01 -3.16762195e-01 -2.63197815e-01 -2.12167133e-01 -1.63668719e-01 -1.17518042e-01 -7.34040425e-02 -3.08947019e-02 1.04252785e-02 5.10264598e-02 9.13198551e-02 1.31729022e-01 1.72601351e-01 2.14195838e-01 2.56553755e-01 2.99313312e-01 3.41442164e-01 3.81037190e-01 4.15504127e-01 4.42222593e-01 4.59624167e-01 4.67578150e-01 4.66793119e-01 4.57803710e-01 4.40952698e-01 4.17237593e-01 3.88718297e-01 3.58102157e-01 3.27931448e-01 3.00123566e-01 2.75987716e-01 2.56335619e-01 2.41773831e-01 2.32617715e-01 2.28944819e-01 2.30327600e-01 2.35816744e-01 2.43789095e-01 2.52317783e-01 2.59372973e-01 2.63372222e-01 2.63201317e-01 2.57357510e-01 2.42189866e-01 2.13656862e-01 1.79745409e-01 1.63943272e-01 1.61790105e-01 1.32750702e-01 9.50613591e-02 7.65927441e-02 5.13092158e-02 5.82760934e-02 -9.20953298e-02
1.06000000e+01 9.41566212e-01 9.15730970e-01 8.42343402e-01 7.55745571e-01 6.33510328e-01 5.42431936e-01 4.72601998e-01 3.97784682e-01 3.74678553e-01 3.39684488e-01 2.77489749e-01 2.27269376e-01 1.85195611e-01 1.41002253e-01 9.66393474e-02 5.39588995e-02 1.23956764e-02 -2.89706806e-02 -7.09629009e-02 -1.15186164e-01 -1.62787427e-01 -2.10284641e-01 -2.55832217e-01 -3.14689532e-01 -3.92731126e-01 -4.78278336e-01 -5.78733246e-01 -6.73397921e-01 -7.57641990e-01 -8.22116117e-01 -8.70460257e-01 -9.02376785e-01 -9.25644635e-01 -9.35815118e-01 -9.36783249e-01 -9.21368002e-01 -8.94392728e-01 -8.49211969e-01 -8.01183386e-01 -7.44728900e-01 -6.92834397e-01 -6.52261886e-01 -6.02641132e-01 -5.43422082e-01 -4.84160460e-01 -4.26330972e-01 -3.69306751e-01 -3.13826320e-01 -2.60615942e-01 -2.09985009e-01 -1.61909056e-01 -1.16182498e-01 -7.24882688e-02 -3.03834614e-02 1.05422159e-02 5.07586142e-02 9.06630889e-02 1.30672401e-01 1.71116537e-01 2.12235650e-01 2.54043585e-01 2.96150419e-01 3.37496925e-01 3.76183443e-01 4.09663847e-01 4.35440732e-01 4.52119570e-01 4.59743886e-01 4.59120482e-01 4.50763321e-01 4.34888412e-01 4.12313788e-01 3.84944135e-01 3.55390741e-01 3.26174180e-01 2.99225720e-01 2.75898863e-01 2.57035244e-01 2.43275108e-01 2.34934249e-01 2.32080747e-01 2.34250561e-01 2.40452321e-01 2.49008441e-01 2.57964289e-01 2.65269792e-01 2.69333445e-01 2.68976730e-01 2.62482387e-01 2.45952996e-01 2.15883148e-01 1.81983035e-01 1.67387525e-01 1.62987988e-01 1.29987044e-01 9.27455432e-02 7.31078688e-02 4.62997073e-02 5.30930943e-02 -9.99111151e-02
1.07000000e+01 9.39122263e-01 9.14532679e-01 8.40028647e-01 7.53008697e-01 6.30764367e-01 5.35429465e-01 4.68641303e-01 3.93146162e-01 3.67047915e-01 3.34548551e-01 2.73672075e-01 2.23569151e-01 1.82531158e-01 1.39362126e-01 9.55931596e-02 5.33539213e-02 1.22286785e-02 -2.86950213e-02 -7.02630226e-02 -1.14117877e-01 -1.61160488e-01 -2.07568432e-01 -2.52416319e-01 -3.11505787e-01 -3.88567113e-01 -4.73393237e-01 -5.73613024e-01 -6.67498365e-01 -7.52393213e-01 -8.17063869e-01 -8.66617538e-01 -8.99028783e-01 -9.23317292e-01 -9.33744431e-01 -9.35273705e-01 -9.19763408e-01 -8.93030591e-01 -8.47682013e-01 -7.99180140e-01 -7.42951927e-01 -6.89746823e-01 -6.48562085e-01 -5.99409093e-01 -5.40160120e-01 -4.80676162e-01 -4.22895101e-01 -3.66091694e-01 -3.10908097e-01 -2.58056669e-01 -2.07827512e-01 -1.60173850e-01 -1.14868839e-01 -7.15907325e-02 -2.98856627e-02 1.06510394e-02 5.04881881e-02 9.00082899e-02 1.29621739e-01 1.69640168e-01 2.10284484e-01 2.51540499e-01 2.92989367e-01 3.33544306e-01 3.71310222e-01 4.03790014e-01 4.28612709e-01 4.44560533e-01 4.51853578e-01 4.51396932e-01 4.43682498e-01 4.28797644e-01 4.07378244e-01 3.81172209e-01 3.52692991e-01 3.24439922e-01 2.98357347e-01 2.75844593e-01 2.57771972e-01 2.44814957e-01 2.37287215e-01 2.35247284e-01 2.38193177e-01 2.45092556e-01 2.54213876e-01 2.63579135e-01 2.71120456e-01 2.75237942e-01 2.74680347e-01 2.67502503e-01 2.49589993e-01 2.18092722e-01 1.84412206e-01 1.70909046e-01 1.63885321e-01 1.27196191e-01 9.06100488e-02 6.95027272e-02 4.14125343e-02 4.79616785e-02 -1.07566133e-01
1.08000000e+01 9.36556103e-01 9.13209069e-01 8.37702155e-01 7.49968353e-01 6.28136937e-01 5.28450456e-01 4.64314140e-01 3.88879560e-01 3.59622113e-01 3.29362233e-01 2.69937135e-01 2.19904306e-01 1.79845447e-01 1.37724498e-01 9.45648429e-02 5.27601169e-02 1.20643081e-02 -2.84257967e-02 -6.95839940e-02 -1.13082530e-01 -1.59544558e-01 -2.04858864e-01 -2.49105208e-01 -3.08404652e-01 -3.84394961e-01 -4.68607053e-01 -5.68462430e-01 -6.61609420e-01 -7.47068690e-01 -8.11958746e-01 -8.62658050e-01 -8.95625541e-01 -9.20883432e-01 -9.31642678e-01 -9.33685039e-01 -9.18150413e-01 -8.91584133e-01 -8.46166552e-01 -7.97096746e-01 -7.41135049e-01 -6.86700682e-01 -6.44798383e-01 -5.96113569e-01 -5.36890860e-01 -4.77191199e-01 -4.19458736e-01 -3.62886379e-01 -3.08008305e-01 -2.55520567e-01 -2.05694953e-01 -1.58463266e-01 -1.13577046e-01 -7.07113127e-02 -2.94011573e-02 1.07519286e-02 5.02153407e-02 8.93555090e-02 1.28576979e-01 1.68172001e-01 2.08341876e-01 2.49043913e-01 2.89829517e-01 3.29583732e-01 3.66417360e-01 3.97883206e-01 4.21740096e-01 4.36949636e-01 4.43910371e-01 4.43625471e-01 4.36563468e-01 4.22681559e-01 4.02431209e-01 3.77402190e-01 3.50008349e-01 3.22728207e-01 2.97518165e-01 2.75824898e-01 2.58545925e-01 2.46393682e-01 2.39676799e-01 2.38444357e-01 2.42154951e-01 2.49736564e-01 2.59404118e-01 2.69160851e-01 2.76923269e-01 2.81083335e-01 2.80307957e-01 2.72412221e-01 2.53101858e-01 2.20302300e-01 1.87038423e-01 1.74471265e-01 1.64475325e-01 1.24421311e-01 8.86330945e-02 6.57775262e-02 3.66618954e-02 4.28749340e-02 -1.15056886e-01
1.09000000e+01 9.33865336e-01 9.11753654e-01 8.35367001e-01 7.46638990e-01 6.25583619e-01 5.21561635e-01 4.59602417e-01 3.84940864e-01 3.52436298e-01 3.24128790e-01 2.66281015e-01 2.16281065e-01 1.77137310e-01 1.36085591e-01 9.35532925e-02 5.21773770e-02 1.19026143e-02 -2.81631454e-02 -6.89262348e-02 -1.12078767e-01 -1.57935971e-01 -2.02159429e-01 -2.45903692e-01 -3.05375203e-01 -3.80221028e-01 -4.63922775e-01 -5.63278106e-01 -6.55741614e-01 -7.41663788e-01 -8.06808824e-01 -8.58575858e-01 -8.92171311e-01 -9.18337113e-01 -9.29511945e-01 -9.32012461e-01 -9.16530777e-01 -8.90051300e-01 -8.44661737e-01 -7.94941640e-01 -7.39267055e-01 -6.83698396e-01 -6.40977772e-01 -5.92751615e-01 -5.33613713e-01 -4.73707829e-01 -4.16023259e-01 -3.59691654e-01 -3.05127696e-01 -2.53008186e-01 -2.03587612e-01 -1.56777470e-01 -1.12307098e-01 -6.98498801e-02 -2.89297846e-02 1.08450642e-02 4.99402300e-02 8.87047998e-02 1.27538068e-01 1.66711793e-01 2.06407341e-01 2.46553217e-01 2.86670203e-01 3.25614605e-01 3.61504677e-01 3.91944010e-01 4.14824499e-01 4.29289513e-01 4.35917471e-01 4.35809150e-01 4.29408482e-01 4.16541325e-01 3.97472921e-01 3.73633733e-01 3.47336240e-01 3.21038558e-01 2.96707879e-01 2.75839759e-01 2.59357212e-01 2.48011577e-01 2.42103169e-01 2.41671861e-01 2.46135350e-01 2.54383438e-01 2.64577887e-01 2.74707984e-01 2.82676544e-01 2.86867173e-01 2.85855213e-01 2.77206147e-01 2.56490870e-01 2.22529145e-01 1.89863693e-01 1.78036186e-01 1.64757836e-01 1.21703327e-01 8.67890077e-02 6.19375039e-02 3.20589879e-02 3.78268745e-02 -1.22380136e-01
1.10000000e+01 9.31047116e-01 9.10161713e-01 8.33022260e-01 7.43040920e-01 6.23057010e-01 5.14824521e-01 4.54499326e-01 3.81280314e-01 3.45522798e-01 3.18854138e-01 2.62698989e-01 2.12705765e-01 1.74406171e-01 1.34441517e-01 9.25572237e-02 5.16056056e-02 1.17436378e-02 -2.79072564e-02 -6.82901657e-02 -1.11104987e-01 -1.56331238e-01 -1.99474314e-01 -2.42815446e-01 -3.02406367e-01 -3.76053153e-01 -4.59341212e-01 -5.58058462e-01 -6.49904027e-01 -7.36175188e-01 -8.01621061e-01 -8.54366462e-01 -8.88669018e-01 -9.15673811e-01 -9.27352982e-01 -9.30252447e-01 -9.14904829e-01 -8.88431627e-01 -8.43162111e-01 -7.92724093e-01 -7.37337371e-01 -6.80740972e-01 -6.37107922e-01 -5.89320675e-01 -5.30327754e-01 -4.70228301e-01 -4.12590119e-01 -3.56508344e-01 -3.02266993e-01 -2.50520055e-01 -2.01505737e-01 -1.55116641e-01 -1.11058979e-01 -6.90062928e-02 -2.84713654e-02 1.09306249e-02 4.96630141e-02 8.80562165e-02 1.26504953e-01 1.65259303e-01 2.04480368e-01 2.44067779e-01 2.83510739e-01 3.21636305e-01 3.56571980e-01 3.85973033e-01 4.07867558e-01 4.21582855e-01 4.27878143e-01 4.27951069e-01 4.22219819e-01 4.10378120e-01 3.92503611e-01 3.69866479e-01 3.44676070e-01 3.19370490e-01 2.95926186e-01 2.75889145e-01 2.60205939e-01 2.49668927e-01 2.44566468e-01 2.44929666e-01 2.50133812e-01 2.59032259e-01 2.69733910e-01 2.80219107e-01 2.88378592e-01 2.92586914e-01 2.91317654e-01 2.81879211e-01 2.59760646e-01 2.24790769e-01 1.92886343e-01 1.81565123e-01 1.64739275e-01 1.19079899e-01 8.50491989e-02 5.79926527e-02 2.76118207e-02 3.28126513e-02 -1.29532976e-01
1.11000000e+01 9.28098114e-01 9.08430332e-01 8.30663197e-01 7.39199443e-01 6.20508404e-01 5.08293845e-01 4.49009410e-01 3.77843585e-01 3.38910300e-01 3.13546901e-01 2.59185640e-01 2.09184746e-01 1.71652087e-01 1.32788312e-01 9.15751757e-02 5.10446801e-02 1.15874204e-02 -2.76583692e-02 -6.76761678e-02 -1.10159363e-01 -1.54727116e-01 -1.96808338e-01 -2.39842906e-01 -2.99487209e-01 -3.71900426e-01 -4.54861056e-01 -5.52803791e-01 -6.44104080e-01 -7.30601091e-01 -7.96401084e-01 -8.50026988e-01 -8.85120107e-01 -9.12890531e-01 -9.25165103e-01 -9.28402813e-01 -9.13271424e-01 -8.86726209e-01 -8.41660776e-01 -7.90453919e-01 -7.35336322e-01 -6.77827953e-01 -6.33197066e-01 -5.85818671e-01 -5.27031716e-01 -4.66754823e-01 -4.09160837e-01 -3.53337250e-01 -2.99426899e-01 -2.48056683e-01 -1.99449540e-01 -1.53480971e-01 -1.09832687e-01 -6.81803901e-02 -2.80256967e-02 1.10087821e-02 4.93838554e-02 8.74098086e-02 1.25477579e-01 1.63814305e-01 2.02560414e-01 2.41586943e-01 2.80350410e-01 3.17648196e-01 3.51619063e-01 3.79970900e-01 4.00870944e-01 4.13832399e-01 4.19795701e-01 4.20054364e-01 4.14999776e-01 4.04193127e-01 3.87523507e-01 3.66100050e-01 3.42027231e-01 3.17723503e-01 2.95172771e-01 2.75973005e-01 2.61092206e-01 2.51365998e-01 2.47066816e-01 2.48217616e-01 2.54149740e-01 2.63682091e-01 2.74870920e-01 2.85692809e-01 2.94027715e-01 2.98239917e-01 2.96690722e-01 2.86426746e-01 2.62916170e-01 2.27104610e-01 1.96100909e-01 1.85019477e-01 1.64432460e-01 1.16584514e-01 8.33831951e-02 5.39572971e-02 2.33251418e-02 2.78287136e-02 -1.36512879e-01
1.12000000e+01 9.25014505e-01 9.06558396e-01 8.28281586e-01 7.35143832e-01 6.17889472e-01 5.02016187e-01 4.43148344e-01 3.74573096e-01 3.32623086e-01 3.08218374e-01 2.55735013e-01 2.05724232e-01 1.68875785e-01 1.31121974e-01 9.06055262e-02 5.04944081e-02 1.14340180e-02 -2.74167805e-02 -6.70845501e-02 -1.09239864e-01 -1.53120672e-01 -1.94166865e-01 -2.36987186e-01 -2.96607207e-01 -3.67772906e-01 -4.50478987e-01 -5.47516314e-01 -6.38347393e-01 -7.24941380e-01 -7.91153042e-01 -8.45556304e-01 -8.81524456e-01 -9.09985886e-01 -9.22946155e-01 -9.26462739e-01 -9.11627955e-01 -8.84937612e-01 -8.40149611e-01 -7.88141166e-01 -7.33255368e-01 -6.74957408e-01 -6.29253863e-01 -5.82244091e-01 -5.23724007e-01 -4.63289534e-01 -4.05737007e-01 -3.50179148e-01 -2.96608097e-01 -2.45618552e-01 -1.97419195e-01 -1.51870673e-01 -1.08628234e-01 -6.73719811e-02 -2.75925517e-02 1.10796941e-02 4.91029282e-02 8.67656105e-02 1.24455884e-01 1.62376590e-01 2.00646914e-01 2.39110036e-01 2.77188477e-01 3.13649639e-01 3.46645706e-01 3.73938261e-01 3.93836360e-01 4.06040926e-01 4.11673509e-01 4.12122210e-01 4.07750667e-01 3.97987539e-01 3.82532836e-01 3.62334050e-01 3.39389115e-01 3.16097086e-01 2.94447314e-01 2.76091266e-01 2.62016119e-01 2.53103037e-01 2.49604307e-01 2.51535532e-01 2.58182508e-01 2.68331985e-01 2.79987660e-01 2.91127696e-01 2.99622197e-01 3.03823434e-01 3.01969793e-01 2.90844568e-01 2.65963808e-01 2.29487692e-01 1.99498092e-01 1.88361517e-01 1.63856249e-01 1.14245706e-01 8.17597016e-02 4.98495459e-02 1.92004774e-02 2.28729138e-02 -1.43317742e-01
1.13000000e+01 9.21791978e-01 9.04546513e-01 8.25866149e-01 7.30906234e-01 6.15153889e-01 4.96028890e-01 4.36942390e-01 3.71409424e-01 3.26680343e-01 3.02882419e-01 2.52340797e-01 2.02330220e-01 1.66078711e-01 1.29438494e-01 8.96464945e-02 4.99545156e-02 1.12834882e-02 -2.71828377e-02 -6.65155350e-02 -1.08344260e-01 -1.51509352e-01 -1.91555711e-01 -2.34248026e-01 -2.93756524e-01 -3.63681314e-01 -4.46189856e-01 -5.42200158e-01 -6.32637704e-01 -7.19197712e-01 -7.85879512e-01 -8.40955088e-01 -8.77880347e-01 -9.06960089e-01 -9.20692533e-01 -9.24432738e-01 -9.09970409e-01 -8.83069733e-01 -8.38619520e-01 -7.85795800e-01 -7.31087307e-01 -6.72125956e-01 -6.25287251e-01 -5.78596065e-01 -5.20402717e-01 -4.59834468e-01 -4.02320300e-01 -3.47034798e-01 -2.93811246e-01 -2.43206115e-01 -1.95414851e-01 -1.50285978e-01 -1.07445666e-01 -6.65808249e-02 -2.71716949e-02 1.11435035e-02 4.88204297e-02 8.61236346e-02 1.23439807e-01 1.60945948e-01 1.98739289e-01 2.36636379e-01 2.74024177e-01 3.09639995e-01 3.41651680e-01 3.67875790e-01 3.86765545e-01 3.98211252e-01 4.03514965e-01 4.04157804e-01 4.00474817e-01 3.91762555e-01 3.77531825e-01 3.58568061e-01 3.36761116e-01 3.14490708e-01 2.93749488e-01 2.76243820e-01 2.62977795e-01 2.54880255e-01 2.52179003e-01 2.54883214e-01 2.62231452e-01 2.72980977e-01 2.85082887e-01 2.96522396e-01 3.05160299e-01 3.09334594e-01 3.07150209e-01 2.95129058e-01 2.68911294e-01 2.31956270e-01 2.03064794e-01 1.91555161e-01 1.63035043e-01 1.12086432e-01 8.01476574e-02 4.56906387e-02 1.52362777e-02 1.79445571e-02 -1.49945911e-01
1.14000000e+01 9.18425774e-01 9.02396876e-01 8.23403090e-01 7.26520510e-01 6.12258834e-01 4.90359257e-01 4.30427587e-01 3.68292773e-01 3.21095590e-01 2.97555282e-01 2.48996525e-01 1.99008362e-01 1.63263049e-01 1.27733893e-01 8.86961277e-02 4.94246604e-02 1.11358511e-02 -2.69569061e-02 -6.59692497e-02 -1.07470141e-01 -1.49891039e-01 -1.88981029e-01 -2.31623770e-01 -2.90926254e-01 -3.59636707e-01 -4.41986916e-01 -5.36861258e-01 -6.26976854e-01 -7.13373544e-01 -7.80581479e-01 -8.36225822e-01 -8.74184517e-01 -9.03814905e-01 -9.18399259e-01 -9.22314574e-01 -9.08293486e-01 -8.81127614e-01 -8.37060722e-01 -7.83427395e-01 -7.28826452e-01 -6.69328825e-01 -6.21306280e-01 -5.74874443e-01 -5.17065655e-01 -4.56391521e-01 -3.98912462e-01 -3.43904938e-01 -2.91036981e-01 -2.40819784e-01 -1.93436646e-01 -1.48727119e-01 -1.06285068e-01 -6.58065972e-02 -2.67629168e-02 1.12003459e-02 4.85365897e-02 8.54838696e-02 1.22429297e-01 1.59522136e-01 1.96836949e-01 2.34165292e-01 2.70856716e-01 3.05618626e-01 3.36636740e-01 3.61784184e-01 3.79660267e-01 3.90346225e-01 3.95323495e-01 3.96164365e-01 3.93174559e-01 3.85519386e-01 3.72520706e-01 3.54801644e-01 3.34142639e-01 3.12903821e-01 2.93078964e-01 2.76430514e-01 2.63977379e-01 2.56697823e-01 2.54790935e-01 2.58260441e-01 2.66295876e-01 2.77628088e-01 2.90155370e-01 3.01875547e-01 3.10640250e-01 3.14770409e-01 3.12227328e-01 2.99277234e-01 2.71767696e-01 2.34525473e-01 2.06784243e-01 1.94566728e-01 1.61998137e-01 1.10123620e-01 7.85172516e-02 4.15042145e-02 1.14281590e-02 1.30443959e-02 -1.56396193e-01
1.15000000e+01 9.14910712e-01 9.00113067e-01 8.20876702e-01 7.22021049e-01 6.09166357e-01 4.85024076e-01 4.23648659e-01 3.65164475e-01 3.15876217e-01 2.92255325e-01 2.45695788e-01 1.95763848e-01 1.60431725e-01 1.26004270e-01 8.77522806e-02 4.89044413e-02 1.09910605e-02 -2.67393501e-02 -6.54457044e-02 -1.06614931e-01 -1.48264106e-01 -1.86449182e-01 -2.29111371e-01 -2.88108647e-01 -3.55650145e-01 -4.37862108e-01 -5.31507201e-01 -6.21364850e-01 -7.07474094e-01 -7.75258373e-01 -8.31372720e-01 -8.70432254e-01 -9.00553531e-01 -9.16060111e-01 -9.20111128e-01 -9.06590758e-01 -8.79117218e-01 -8.35463051e-01 -7.81044835e-01 -7.26468769e-01 -6.66559949e-01 -6.17319947e-01 -5.71079848e-01 -5.13710375e-01 -4.52962414e-01 -3.95515310e-01 -3.40790291e-01 -2.88285915e-01 -2.38459927e-01 -1.91484722e-01 -1.47194321e-01 -1.05146578e-01 -6.50488647e-02 -2.63660766e-02 1.12503738e-02 4.82516667e-02 8.48462977e-02 1.21424325e-01 1.58104839e-01 1.94939302e-01 2.31696111e-01 2.67685275e-01 3.01584886e-01 3.31600634e-01 3.55664161e-01 3.72522327e-01 3.82448723e-01 3.87102547e-01 3.88145128e-01 3.85852238e-01 3.79259246e-01 3.67499716e-01 3.51034346e-01 3.31533094e-01 3.11335864e-01 2.92435409e-01 2.76651150e-01 2.65015049e-01 2.58555850e-01 2.57440095e-01 2.61666972e-01 2.70375049e-01 2.82272322e-01 2.95203890e-01 3.07185802e-01 3.16060238e-01 3.20127763e-01 3.17196568e-01 3.03286824e-01 2.74543339e-01 2.37208952e-01 2.10636185e-01 1.97365659e-01 1.60778954e-01 1.08367891e-01 7.68408721e-02 3.73155260e-02 7.76923065e-03 8.17457103e-03 -1.62667851e-01
1.16000000e+01 9.11241248e-01 8.97699821e-01 8.18270013e-01 7.17441615e-01 6.05844540e-01 4.80029459e-01 4.16657708e-01 3.61968462e-01 3.11023164e-01 2.87002687e-01 2.42432454e-01 1.92601303e-01 1.57588406e-01 1.24245875e-01 8.68126004e-02 4.83933842e-02 1.08490244e-02 -2.65305614e-02 -6.49447509e-02 -1.05775921e-01 -1.46627461e-01 -1.83966609e-01 -2.26706447e-01 -2.85297298e-01 -3.51732348e-01 -4.33806378e-01 -5.26147003e-01 -6.15799989e-01 -7.01506234e-01 -7.69908179e-01 -8.26401595e-01 -8.66617566e-01 -8.97180426e-01 -9.13667804e-01 -9.17826228e-01 -9.04854867e-01 -8.77045173e-01 -8.33816271e-01 -7.78656032e-01 -7.24011960e-01 -6.63812100e-01 -6.13337011e-01 -5.67213722e-01 -5.10334222e-01 -4.49548666e-01 -3.92130730e-01 -3.37691560e-01 -2.85558631e-01 -2.36126884e-01 -1.89559223e-01 -1.45687777e-01 -1.04030369e-01 -6.43071147e-02 -2.59811123e-02 1.12937822e-02 4.79659263e-02 8.42109319e-02 1.20424840e-01 1.56693688e-01 1.93045745e-01 2.29228172e-01 2.64509025e-01 2.97538118e-01 3.26543096e-01 3.49516457e-01 3.65353543e-01 3.74521645e-01 3.78855582e-01 3.80103338e-01 3.78510206e-01 3.72983359e-01 3.62469099e-01 3.47265707e-01 3.28931895e-01 3.09786253e-01 2.91818496e-01 2.76905492e-01 2.66090998e-01 2.60454381e-01 2.60126439e-01 2.65102553e-01 2.74468207e-01 2.86912663e-01 3.00227249e-01 3.12451821e-01 3.21418403e-01 3.25403417e-01 3.22053466e-01 3.07156327e-01 2.77249717e-01 2.40018542e-01 2.14597162e-01 1.99925163e-01 1.59414175e-01 1.06823471e-01 7.50939565e-02 3.31506282e-02 4.25049211e-03 3.33850590e-03 -1.68760591e-01
1.17000000e+01 9.07411541e-01 8.95162760e-01 8.15565476e-01 7.12814265e-01 6.02268437e-01 4.75371012e-01 4.09512705e-01 3.58652696e-01 3.06530748e-01 2.81818874e-01 2.39200910e-01 1.89524699e-01 1.54737490e-01 1.22455204e-01 8.58745124e-02 4.78909280e-02 1.07096628e-02 -2.63310142e-02 -6.44660663e-02 -1.04950306e-01 -1.44980614e-01 -1.81539685e-01 -2.24403368e-01 -2.82487305e-01 -3.47893368e-01 -4.29810023e-01 -5.20790841e-01 -6.10279042e-01 -6.95478325e-01 -7.64527601e-01 -8.21319667e-01 -8.62733400e-01 -8.93701091e-01 -9.11214205e-01 -9.15464433e-01 -9.03077760e-01 -8.74918489e-01 -8.32110390e-01 -7.76267678e-01 -7.21455513e-01 -6.61077053e-01 -6.09365823e-01 -5.63278358e-01 -5.06934392e-01 -4.46151565e-01 -3.88760666e-01 -3.34609446e-01 -2.82855656e-01 -2.33820999e-01 -1.87660270e-01 -1.44207643e-01 -1.02936614e-01 -6.35808600e-02 -2.56079833e-02 1.13308271e-02 4.76796193e-02 8.35778214e-02 1.19430748e-01 1.55288305e-01 1.91155640e-01 2.26760790e-01 2.61327133e-01 2.93477650e-01 3.21463864e-01 3.43341831e-01 3.58155759e-01 3.66567917e-01 3.70586068e-01 3.72042249e-01 3.71150830e-01 3.66692959e-01 3.57429108e-01 3.43495272e-01 3.26338459e-01 3.08254377e-01 2.91227904e-01 2.77193266e-01 2.67205400e-01 2.62393398e-01 2.62849884e-01 2.68566923e-01 2.78574553e-01 2.91548074e-01 3.05224266e-01 3.17672275e-01 3.26712832e-01 3.30594017e-01 3.26793738e-01 3.10885068e-01 2.79899360e-01 2.42963947e-01 2.18640860e-01 2.02222798e-01 1.57942785e-01 1.05488291e-01 7.32557236e-02 2.90355690e-02 8.61282705e-04 -1.45924226e-03 -1.74674528e-01
1.18000000e+01 9.03415540e-01 8.92508106e-01 8.12745642e-01 7.08168355e-01 5.98420760e-01 4.71034314e-01 4.02275835e-01 3.55170489e-01 3.02386670e-01 2.76726304e-01 2.35996287e-01 1.86537286e-01 1.51884073e-01 1.20629095e-01 8.49352053e-02 4.73964216e-02 1.05729253e-02 -2.61412637e-02 -6.40091857e-02 -1.04135194e-01 -1.43323716e-01 -1.79174573e-01 -2.22195385e-01 -2.79675386e-01 -3.44142293e-01 -4.25863058e-01 -5.15449747e-01 -6.04797490e-01 -6.89399992e-01 -7.59112278e-01 -8.16135323e-01 -8.58771900e-01 -8.90121811e-01 -9.08690598e-01 -9.13030789e-01 -9.01250943e-01 -8.72744268e-01 -8.30335963e-01 -7.73885036e-01 -7.18800694e-01 -6.58345770e-01 -6.05414146e-01 -5.59276917e-01 -5.03507988e-01 -4.42772138e-01 -3.85407112e-01 -3.31544678e-01 -2.80177427e-01 -2.31542645e-01 -1.85787971e-01 -1.42754027e-01 -1.01865470e-01 -6.28697516e-02 -2.52465815e-02 1.13618350e-02 4.73929678e-02 8.29469830e-02 1.18441974e-01 1.53888323e-01 1.89268331e-01 2.24293243e-01 2.58138748e-01 2.89402792e-01 3.16362686e-01 3.37141059e-01 3.50930839e-01 3.58590483e-01 3.62297480e-01 3.63965119e-01 3.63776479e-01 3.60389293e-01 3.52380008e-01 3.39722589e-01 3.23752205e-01 3.06739603e-01 2.90663319e-01 2.77514179e-01 2.68358379e-01 2.64372836e-01 2.65610305e-01 2.72059825e-01 2.82693259e-01 2.96177490e-01 3.10193781e-01 3.22845841e-01 3.31941558e-01 3.35696103e-01 3.31413352e-01 3.14473237e-01 2.82505678e-01 2.46052456e-01 2.22738523e-01 2.04240963e-01 1.56405056e-01 1.04354265e-01 7.13097634e-02 2.49956065e-02 -2.41023259e-03 -6.21316568e-03 -1.80410148e-01
1.19000000e+01 8.99247051e-01 8.89742378e-01 8.09793801e-01 7.03529670e-01 5.94292290e-01 4.66995694e-01 3.95011733e-01 3.51481707e-01 2.98572171e-01 2.71747779e-01 2.32814670e-01 1.83641509e-01 1.49033885e-01 1.18764765e-01 8.39916486e-02 4.69091167e-02 1.04387527e-02 -2.59618980e-02 -6.35735051e-02 -1.03327642e-01 -1.41657552e-01 -1.76877068e-01 -2.20074766e-01 -2.76859939e-01 -3.40486969e-01 -4.21955586e-01 -5.10135262e-01 -5.99349806e-01 -6.83281851e-01 -7.53657037e-01 -8.10857823e-01 -8.54724704e-01 -8.86449369e-01 -9.06087950e-01 -9.10530571e-01 -8.99365744e-01 -8.70529411e-01 -8.28484374e-01 -7.71511770e-01 -7.16050493e-01 -6.55608624e-01 -6.01488999e-01 -5.55213424e-01 -5.00052099e-01 -4.39411129e-01 -3.82072094e-01 -3.28498040e-01 -2.77524276e-01 -2.29292213e-01 -1.83942430e-01 -1.41326973e-01 -1.00817095e-01 -6.21736210e-02 -2.48966580e-02 1.13871808e-02 4.71061394e-02 8.23183336e-02 1.17458516e-01 1.52493353e-01 1.87383207e-01 2.21824740e-01 2.54943006e-01 2.85312856e-01 3.11239321e-01 3.30914947e-01 3.43680681e-01 3.50592308e-01 3.53993293e-01 3.55875198e-01 3.56389519e-01 3.54073623e-01 3.47322081e-01 3.35947211e-01 3.21172560e-01 3.05241284e-01 2.90124427e-01 2.77867925e-01 2.69550002e-01 2.66392597e-01 2.68407540e-01 2.75581013e-01 2.86823468e-01 3.00799797e-01 3.15134643e-01 3.27971203e-01 3.37102558e-01 3.40706133e-01 3.35908594e-01 3.17921928e-01 2.85082771e-01 2.49288703e-01 2.26859423e-01 2.05967272e-01 1.54841509e-01 1.03407740e-01 6.92444744e-02 2.10544799e-02 -5.57655976e-03 -1.09170162e-02 -1.85968257e-01
1.20000000e+01 8.94899795e-01 8.86872096e-01 8.06694591e-01 6.98919727e-01 5.89882026e-01 4.63223269e-01 3.87785674e-01 3.47553778e-01 2.95062349e-01 2.66905914e-01 2.29653279e-01 1.80838962e-01 1.46193247e-01 1.16859857e-01 8.30406196e-02 4.64281572e-02 1.03070468e-02 -2.57935219e-02 -6.31582427e-02 -1.02524716e-01 -1.39983535e-01 -1.74652439e-01 -2.18032961e-01 -2.74041043e-01 -3.36933759e-01 -4.18078141e-01 -5.04859081e-01 -5.93929765e-01 -6.77135202e-01 -7.48156189e-01 -8.05496987e-01 -8.50583254e-01 -8.82690728e-01 -9.03397205e-01 -9.07969002e-01 -8.97413592e-01 -8.68280333e-01 -8.26548082e-01 -7.69149824e-01 -7.13209520e-01 -6.52855618e-01 -5.97596501e-01 -5.51092755e-01 -4.96563870e-01 -4.36068976e-01 -3.78757657e-01 -3.25470375e-01 -2.74896430e-01 -2.27070062e-01 -1.82123783e-01 -1.39926472e-01 -9.97916015e-02 -6.14924944e-02 -2.45577614e-02 1.14072274e-02 4.68192191e-02 8.16917075e-02 1.16480437e-01 1.51102933e-01 1.85499749e-01 2.19354407e-01 2.51739030e-01 2.81207174e-01 3.06093550e-01 3.24664322e-01 3.36407211e-01 3.42576356e-01 3.45676963e-01 3.47775725e-01 3.48992312e-01 3.47747239e-01 3.42255629e-01 3.32168705e-01 3.18598966e-01 3.03758775e-01 2.89610915e-01 2.78254191e-01 2.70780272e-01 2.68452540e-01 2.71241395e-01 2.79130233e-01 2.90964304e-01 3.05413831e-01 3.20045705e-01 3.33047037e-01 3.42193743e-01 3.45620500e-01 3.40276141e-01 3.21233148e-01 2.87645216e-01 2.52674473e-01 2.30971374e-01 2.07394842e-01 1.53291870e-01 1.02630102e-01 6.70533360e-02 1.72337556e-02 -8.65037051e-03 -1.55640327e-02 -1.91349928e-01
1.21000000e+01 8.90367513e-01 8.83903511e-01 8.03434534e-01 6.94355251e-01 5.85197056e-01 4.59678215e-01 3.80661762e-01 3.43362515e-01 2.91826654e-01 2.62222538e-01 2.26510658e-01 1.78130358e-01 1.43369006e-01 1.14912507e-01 8.20787128e-02 4.59525599e-02 1.01776617e-02 -2.56367560e-02 -6.27624075e-02 -1.01723553e-01 -1.38303699e-01 -1.72505299e-01 -2.16060801e-01 -2.71220421e-01 -3.33487348e-01 -4.14222027e-01 -4.99632690e-01 -5.88530784e-01 -6.70971711e-01 -7.42603842e-01 -8.00062865e-01 -8.46339141e-01 -8.78852725e-01 -9.00609572e-01 -9.05350985e-01 -8.95386277e-01 -8.66002692e-01 -8.24520831e-01 -7.66799361e-01 -7.10283854e-01 -6.50076637e-01 -5.93741735e-01 -5.46920587e-01 -4.93040580e-01 -4.32745789e-01 -3.75465840e-01 -3.22462576e-01 -2.72294061e-01 -2.24876463e-01 -1.80332238e-01 -1.38552486e-01 -9.87889940e-02 -6.08265958e-02 -2.42292151e-02 1.14222345e-02 4.65322362e-02 8.10669468e-02 1.15507798e-01 1.49716508e-01 1.83617515e-01 2.16881305e-01 2.48525935e-01 2.77085099e-01 3.00925178e-01 3.18390026e-01 3.29112376e-01 3.34545577e-01 3.37351919e-01 3.39669906e-01 3.41587201e-01 3.41411462e-01 3.37180966e-01 3.28386650e-01 3.16030867e-01 3.02291427e-01 2.89122444e-01 2.78672657e-01 2.72049115e-01 2.70552477e-01 2.74111647e-01 2.82707189e-01 2.95114902e-01 3.10018370e-01 3.24925817e-01 3.38072016e-01 3.47212970e-01 3.50435561e-01 3.44513131e-01 3.24409824e-01 2.90207817e-01 2.56208551e-01 2.35041265e-01 2.08522455e-01 1.51794053e-01 1.01998514e-01 6.47350160e-02 1.35522682e-02 -1.16440092e-02 -2.01471762e-02 -1.96556435e-01
1.22000000e+01 8.85644079e-01 8.80842350e-01 8.00002493e-01 6.89847837e-01 5.80252158e-01 4.56316210e-01 3.73701175e-01 3.38892715e-01 2.88829538e-01 2.57718097e-01 2.23386822e-01 1.75515523e-01 1.40568457e-01 1.12921424e-01 8.11023768e-02 4.54811666e-02 1.00503918e-02 -2.54922063e-02 -6.23847973e-02 -1.00921398e-01 -1.36620690e-01 -1.70439498e-01 -2.14148717e-01 -2.68401361e-01 -3.30150610e-01 -4.10379621e-01 -4.94467015e-01 -5.83146261e-01 -6.64803065e-01 -7.36994238e-01 -7.94565403e-01 -8.41984440e-01 -8.74941770e-01 -8.97716816e-01 -9.02680852e-01 -8.93276216e-01 -8.63701158e-01 -8.22397820e-01 -7.64458771e-01 -7.07280868e-01 -6.47261708e-01 -5.89928640e-01 -5.42703338e-01 -4.89479721e-01 -4.29441329e-01 -3.72198662e-01 -3.19475590e-01 -2.69717341e-01 -2.22711579e-01 -1.78568109e-01 -1.37204910e-01 -9.78091801e-02 -6.01762361e-02 -2.39102007e-02 1.14322610e-02 4.62452423e-02 8.04439947e-02 1.14540589e-01 1.48333456e-01 1.81736071e-01 2.14404449e-01 2.45302817e-01 2.72945980e-01 2.95734028e-01 3.12092910e-01 3.21798148e-01 3.26502910e-01 3.29021563e-01 3.31560917e-01 3.34176519e-01 3.35067637e-01 3.32098421e-01 3.24600642e-01 3.13467691e-01 3.00838594e-01 2.88658609e-01 2.79123012e-01 2.73356374e-01 2.72692152e-01 2.77018024e-01 2.86311510e-01 2.99274428e-01 3.14612148e-01 3.29773834e-01 3.43044809e-01 3.52158045e-01 3.55147684e-01 3.48617243e-01 3.27455800e-01 2.92785361e-01 2.59886641e-01 2.39035602e-01 2.09354619e-01 1.50383187e-01 1.01486774e-01 6.22933121e-02 1.00256706e-02 -1.45690278e-02 -2.46593647e-02 -2.01589185e-01
1.23000000e+01 8.80723567e-01 8.77693586e-01 7.96390009e-01 6.85403804e-01 5.75069166e-01 4.53089021e-01 3.66960504e-01 3.34138518e-01 2.86031251e-01 2.53411047e-01 2.20283375e-01 1.72993414e-01 1.37799240e-01 1.10885954e-01 8.01079731e-02 4.50125936e-02 9.92495393e-03 -2.53604192e-02 -6.20240084e-02 -1.00115653e-01 -1.34937741e-01 -1.68458005e-01 -2.12286966e-01 -2.65588593e-01 -3.26924536e-01 -4.06544639e-01 -4.89372088e-01 -5.77769912e-01 -6.58640639e-01 -7.31322068e-01 -7.89014116e-01 -8.37512020e-01 -8.70963567e-01 -8.94711523e-01 -8.99962150e-01 -8.91076682e-01 -8.61379225e-01 -8.20175837e-01 -7.62124726e-01 -7.04209000e-01 -6.44401253e-01 -5.86159911e-01 -5.38448072e-01 -4.85879076e-01 -4.26155009e-01 -3.68958124e-01 -3.16510404e-01 -2.67166448e-01 -2.20575475e-01 -1.76831793e-01 -1.35883510e-01 -9.68520867e-02 -5.95415906e-02 -2.35999579e-02 1.14371343e-02 4.59583898e-02 7.98229248e-02 1.13578682e-01 1.46953138e-01 1.79854934e-01 2.11922860e-01 2.42068764e-01 2.68789171e-01 2.90519949e-01 3.05773844e-01 3.14466524e-01 3.18451291e-01 3.20689280e-01 3.23451923e-01 3.26762607e-01 3.28717142e-01 3.27008342e-01 3.20810307e-01 3.10908853e-01 2.99399651e-01 2.88218912e-01 2.79604964e-01 2.74701819e-01 2.74871227e-01 2.79960169e-01 2.89942724e-01 3.03442093e-01 3.19193857e-01 3.34588603e-01 3.47964084e-01 3.57026742e-01 3.59753297e-01 3.52586778e-01 3.30375828e-01 2.95392350e-01 2.63701340e-01 2.42921079e-01 2.09901511e-01 1.49090724e-01 1.01066237e-01 5.97369308e-02 6.66610108e-03 -1.74357709e-02 -2.90937039e-02 -2.06449644e-01
1.24000000e+01 8.75600302e-01 8.74461246e-01 7.92591547e-01 6.81024231e-01 5.69676117e-01 4.49946170e-01 3.60490247e-01 3.29103512e-01 2.83388763e-01 2.49317279e-01 2.17203570e-01 1.70562168e-01 1.35069248e-01 1.08806141e-01 7.90918139e-02 4.45452219e-02 9.80097686e-03 -2.52418579e-02 -6.16784507e-02 -9.93039319e-02 -1.33258631e-01 -1.66562823e-01 -2.10465868e-01 -2.62788111e-01 -3.23808210e-01 -4.02712349e-01 -4.84356749e-01 -5.72396081e-01 -6.52495168e-01 -7.25582784e-01 -7.83417783e-01 -8.32915839e-01 -8.66922850e-01 -8.91587339e-01 -8.97197432e-01 -8.88781999e-01 -8.59039044e-01 -8.17853318e-01 -7.59792270e-01 -7.01077482e-01 -6.41486328e-01 -5.82436934e-01 -5.34162414e-01 -4.82236809e-01 -4.22885894e-01 -3.65746182e-01 -3.13568047e-01 -2.64641556e-01 -2.18468159e-01 -1.75123739e-01 -1.34587926e-01 -9.59177838e-02 -5.89225613e-02 -2.32979298e-02 1.14365215e-02 4.56719832e-02 7.92038811e-02 1.12621860e-01 1.45574907e-01 1.77973533e-01 2.09435600e-01 2.38822861e-01 2.64614043e-01 2.85282830e-01 2.99433729e-01 3.07119544e-01 3.10393649e-01 3.12358427e-01 3.15346061e-01 3.19347808e-01 3.22361380e-01 3.21911094e-01 3.17015321e-01 3.08353760e-01 2.97974017e-01 2.87802784e-01 2.80118226e-01 2.76085177e-01 2.77089268e-01 2.82937612e-01 2.93600266e-01 3.07617167e-01 3.23762152e-01 3.39368960e-01 3.52828502e-01 3.61816795e-01 3.64248942e-01 3.56420725e-01 3.33175550e-01 2.98042732e-01 2.67642170e-01 2.46665159e-01 2.10178788e-01 1.47943653e-01 1.00706802e-01 5.70791132e-02 3.48197468e-03 -2.02530339e-02 -3.34437057e-02 -2.11139277e-01
1.25000000e+01 8.70268918e-01 8.71148273e-01 7.88604618e-01 6.76705201e-01 5.64106217e-01 4.46836635e-01 3.54333495e-01 3.23800580e-01 2.80856790e-01 2.45449581e-01 2.14152340e-01 1.68219159e-01 1.32386518e-01 1.06682769e-01 7.80501728e-02 4.40772234e-02 9.67799078e-03 -2.51368825e-02 -6.13463803e-02 -9.84840952e-02 -1.31587616e-01 -1.64754910e-01 -2.08676036e-01 -2.60006971e-01 -3.20798847e-01 -3.98879713e-01 -4.79428384e-01 -5.67020020e-01 -6.46376441e-01 -7.19772874e-01 -7.77784171e-01 -8.28191189e-01 -8.62823162e-01 -8.88339149e-01 -8.94388081e-01 -8.86387670e-01 -8.56681303e-01 -8.15430338e-01 -7.57454969e-01 -6.97896064e-01 -6.38508859e-01 -5.78759759e-01 -5.29854444e-01 -4.78551534e-01 -4.19632727e-01 -3.62564739e-01 -3.10649592e-01 -2.62142831e-01 -2.16389612e-01 -1.73444382e-01 -1.33317746e-01 -9.50064528e-02 -5.83188635e-02 -2.30037132e-02 1.14300212e-02 4.53864895e-02 7.85869890e-02 1.11669868e-01 1.44198089e-01 1.76091215e-01 2.06941777e-01 2.35564193e-01 2.60419992e-01 2.80022592e-01 2.93073496e-01 2.99759283e-01 3.02332902e-01 3.04032320e-01 3.07246430e-01 3.11934454e-01 3.16001760e-01 3.16807040e-01 3.13215401e-01 3.05801805e-01 2.96561144e-01 2.87409624e-01 2.80662478e-01 2.77506135e-01 2.79345771e-01 2.85949751e-01 2.97283516e-01 3.11798974e-01 3.28315668e-01 3.44113725e-01 3.57636706e-01 3.66525897e-01 3.68631313e-01 3.60118798e-01 3.35861453e-01 3.00749621e-01 2.71695650e-01 2.50236660e-01 2.10207255e-01 1.46963845e-01 1.00377907e-01 5.43371284e-02 4.77901263e-04 -2.30277949e-02 -3.77034816e-02 -2.15659496e-01
1.26000000e+01 8.64724397e-01 8.67756442e-01 7.84429799e-01 6.72438195e-01 5.58396660e-01 4.43710520e-01 3.48524865e-01 3.18251491e-01 2.78388895e-01 2.41817148e-01 2.11136245e-01 1.65961070e-01 1.29759120e-01 1.04517378e-01 7.69792927e-02 4.36065940e-02 9.55542139e-03 -2.50457354e-02 -6.10259312e-02 -9.76542802e-02 -1.29929352e-01 -1.63034124e-01 -2.06908601e-01 -2.57253045e-01 -3.17891887e-01 -3.95045481e-01 -4.74592727e-01 -5.61638150e-01 -6.40293037e-01 -7.13890092e-01 -7.72119806e-01 -8.23334909e-01 -8.58666689e-01 -8.84963222e-01 -8.91534187e-01 -8.83890484e-01 -8.54305179e-01 -8.12908571e-01 -7.55105102e-01 -6.94674713e-01 -6.35461849e-01 -5.75127113e-01 -5.25532579e-01 -4.74822388e-01 -4.16393946e-01 -3.59415611e-01 -3.07756144e-01 -2.59670424e-01 -2.14339798e-01 -1.71794062e-01 -1.32072611e-01 -9.41182548e-02 -5.77302260e-02 -2.27169050e-02 1.14172180e-02 4.51024934e-02 7.79723243e-02 1.10722417e-01 1.42821955e-01 1.74207280e-01 2.04440513e-01 2.32291859e-01 2.56206424e-01 2.74739194e-01 2.86694092e-01 2.92387842e-01 2.94271955e-01 2.95714231e-01 2.99156077e-01 3.04524866e-01 3.09639700e-01 3.11696536e-01 3.09410299e-01 3.03252373e-01 2.95160495e-01 2.87038807e-01 2.81237333e-01 2.78964339e-01 2.81640185e-01 2.88995834e-01 3.00991858e-01 3.15986872e-01 3.32853046e-01 3.48821703e-01 3.62387306e-01 3.71151693e-01 3.72897302e-01 3.63681462e-01 3.38440812e-01 3.03525007e-01 2.75845436e-01 2.53606330e-01 2.10012375e-01 1.46167542e-01 1.00049526e-01 5.15316553e-02 -2.34526884e-03 -2.57650172e-02 -4.18679027e-02 -2.20011615e-01
1.27000000e+01 8.58962093e-01 8.64286320e-01 7.80070638e-01 6.68210643e-01 5.52587349e-01 4.40520667e-01 3.43089685e-01 3.12486245e-01 2.75938626e-01 2.38425175e-01 2.08163364e-01 1.63783993e-01 1.27195051e-01 1.02312308e-01 7.58754091e-02 4.31311690e-02 9.43258945e-03 -2.49685367e-02 -6.07151360e-02 -9.68129375e-02 -1.28288795e-01 -1.61399204e-01 -2.05155414e-01 -2.54534743e-01 -3.15081146e-01 -3.91210209e-01 -4.69853715e-01 -5.56248257e-01 -6.34252113e-01 -7.07933646e-01 -7.66429792e-01 -8.18345533e-01 -8.54454155e-01 -8.81457310e-01 -8.88634480e-01 -8.81288564e-01 -8.51908334e-01 -8.10291173e-01 -7.52733904e-01 -6.91423321e-01 -6.32339571e-01 -5.71536427e-01 -5.21205425e-01 -4.71049073e-01 -4.13167698e-01 -3.56300493e-01 -3.04888841e-01 -2.57224456e-01 -2.12318665e-01 -1.70172950e-01 -1.30852280e-01 -9.32532619e-02 -5.71565137e-02 -2.24369987e-02 1.13977013e-02 4.48206319e-02 7.73599358e-02 1.09779146e-01 1.41445725e-01 1.72320997e-01 2.01930897e-01 2.29004987e-01 2.51972753e-01 2.69432634e-01 2.80296486e-01 2.85007340e-01 2.86213691e-01 2.87407385e-01 2.91077999e-01 2.97121358e-01 3.03276639e-01 3.06579928e-01 3.05599819e-01 3.00704849e-01 2.93771549e-01 2.86689692e-01 2.81842341e-01 2.80459368e-01 2.83971962e-01 2.92074941e-01 3.04724699e-01 3.20180185e-01 3.37372975e-01 3.53491698e-01 3.67078878e-01 3.75691782e-01 3.77044050e-01 3.67109951e-01 3.40921631e-01 3.06379456e-01 2.80072529e-01 2.56747392e-01 2.09623667e-01 1.45564998e-01 9.96931056e-02 4.86860727e-02 -4.99027969e-03 -2.84675248e-02 -4.59327279e-02 -2.24196804e-01
1.28000000e+01 8.52977780e-01 8.60737288e-01 7.75533456e-01 6.64006605e-01 5.46719567e-01 4.37224131e-01 3.38043458e-01 3.06542186e-01 2.73460700e-01 2.35274541e-01 2.05243138e-01 1.61683571e-01 1.24702117e-01 1.00070731e-01 7.47348061e-02 4.26486071e-02 9.30870320e-03 -2.49052710e-02 -6.04119502e-02 -9.59588670e-02 -1.26671121e-01 -1.59847785e-01 -2.03409253e-01 -2.51860721e-01 -3.12359016e-01 -3.87376223e-01 -4.65213397e-01 -5.50849641e-01 -6.28259250e-01 -7.01904341e-01 -7.60717700e-01 -8.13223389e-01 -8.50184774e-01 -8.77820678e-01 -8.85686317e-01 -8.78581373e-01 -8.49486972e-01 -8.07582633e-01 -7.50331851e-01 -6.88151420e-01 -6.29137722e-01 -5.67983909e-01 -5.16881627e-01 -4.67231905e-01 -4.09951865e-01 -3.53220923e-01 -3.02048853e-01 -2.54805014e-01 -2.10326158e-01 -1.68581034e-01 -1.29656621e-01 -9.24114954e-02 -5.65977248e-02 -2.21633573e-02 1.13710545e-02 4.45415644e-02 7.67498599e-02 1.08839579e-01 1.40068598e-01 1.70431617e-01 1.99411961e-01 2.25702742e-01 2.47718380e-01 2.64102960e-01 2.73881653e-01 2.77619903e-01 2.78160964e-01 2.79114970e-01 2.83015143e-01 2.89726240e-01 2.96914054e-01 3.01457571e-01 3.01783823e-01 2.98158631e-01 2.92393814e-01 2.86361598e-01 2.82477015e-01 2.81990717e-01 2.86340572e-01 2.95185964e-01 3.08481460e-01 3.24378139e-01 3.41874207e-01 3.58122527e-01 3.71709954e-01 3.80143710e-01 3.81069005e-01 3.70406266e-01 3.43312582e-01 3.09321800e-01 2.84355585e-01 2.59636054e-01 2.09073997e-01 1.45160296e-01 9.92824405e-02 4.58256846e-02 -7.46319327e-03 -3.11359564e-02 -4.98947036e-02 -2.28216039e-01
1.29000000e+01 8.46767690e-01 8.57107603e-01 7.70827053e-01 6.59807553e-01 5.40834622e-01 4.33783486e-01 3.33391625e-01 3.00462921e-01 2.70912160e-01 2.32361611e-01 2.02386161e-01 1.59655151e-01 1.22287782e-01 9.77966843e-02 7.35538904e-02 4.21563577e-02 9.18283898e-03 -2.48557617e-02 -6.01142875e-02 -9.50912364e-02 -1.25081627e-01 -1.58376445e-01 -2.01663999e-01 -2.49239603e-01 -3.09716721e-01 -3.83547518e-01 -4.60671925e-01 -5.45443187e-01 -6.22318352e-01 -6.95804645e-01 -7.54985503e-01 -8.07970615e-01 -8.45856256e-01 -8.74054093e-01 -8.82685730e-01 -8.75769682e-01 -8.47035953e-01 -8.04788580e-01 -7.47888975e-01 -6.84867901e-01 -6.25853550e-01 -5.64464639e-01 -5.12569712e-01 -4.63371866e-01 -4.06744101e-01 -3.50178263e-01 -2.99237401e-01 -2.52412146e-01 -2.08362238e-01 -1.67018126e-01 -1.28485550e-01 -9.15929993e-02 -5.60539345e-02 -2.18952334e-02 1.13368328e-02 4.42659864e-02 7.61421053e-02 1.07903093e-01 1.38689792e-01 1.68538380e-01 1.96882651e-01 2.22384322e-01 2.43442679e-01 2.58750267e-01 2.67450572e-01 2.70227659e-01 2.70116581e-01 2.70840144e-01 2.74970424e-01 2.82341811e-01 2.90553473e-01 2.96329821e-01 2.97962245e-01 2.95613120e-01 2.91026838e-01 2.86053778e-01 2.83140881e-01 2.83557772e-01 2.88745501e-01 2.98327602e-01 3.12261523e-01 3.28579848e-01 3.46355562e-01 3.62713040e-01 3.76279023e-01 3.84504981e-01 3.84969982e-01 3.73573160e-01 3.45622948e-01 3.12358798e-01 2.88671300e-01 2.62251965e-01 2.08398808e-01 1.44951351e-01 9.87944599e-02 4.29769132e-02 -9.77300738e-03 -3.37687975e-02 -5.37516321e-02 -2.32070054e-01
1.30000000e+01 8.40328488e-01 8.53394488e-01 7.65962323e-01 6.55593213e-01 5.34972535e-01 4.30167917e-01 3.29129618e-01 2.94297062e-01 2.68253486e-01 2.29678143e-01 1.99603918e-01 1.57693930e-01 1.19959013e-01 9.54951007e-02 7.23292551e-02 4.16516559e-02 9.05391595e-03 -2.48196521e-02 -5.98200552e-02 -9.42095927e-02 -1.23525623e-01 -1.56980757e-01 -1.99914780e-01 -2.46679687e-01 -3.07144594e-01 -3.79729594e-01 -4.56227595e-01 -5.40031377e-01 -6.16431605e-01 -6.89638699e-01 -7.49233589e-01 -8.02591114e-01 -8.41464884e-01 -8.70159747e-01 -8.79627529e-01 -8.72855470e-01 -8.44548949e-01 -8.01915559e-01 -7.45395163e-01 -6.81580745e-01 -6.22485925e-01 -5.60972692e-01 -5.08277930e-01 -4.59470641e-01 -4.03541857e-01 -3.47173681e-01 -2.96455762e-01 -2.50045862e-01 -2.06426899e-01 -1.65483898e-01 -1.27338982e-01 -9.07978606e-02 -5.55252557e-02 -2.16318172e-02 1.12945676e-02 4.39946341e-02 7.55366119e-02 1.06968942e-01 1.37308531e-01 1.66640543e-01 1.94341816e-01 2.19048949e-01 2.39144990e-01 2.53374691e-01 2.61004233e-01 2.62832744e-01 2.62083313e-01 2.62586047e-01 2.66946722e-01 2.74970352e-01 2.84196483e-01 2.91197030e-01 2.94135115e-01 2.93067711e-01 2.89670208e-01 2.85765395e-01 2.83833511e-01 2.85159783e-01 2.91186225e-01 3.01498405e-01 3.16064145e-01 3.32784352e-01 3.50815902e-01 3.67262162e-01 3.80784545e-01 3.88773058e-01 3.88745226e-01 3.76614117e-01 3.47862572e-01 3.15494828e-01 2.92994825e-01 2.64578625e-01 2.07635286e-01 1.44930094e-01 9.82099067e-02 4.01664859e-02 -1.19311859e-02 -3.63624923e-02 -5.75023938e-02 -2.35759300e-01
1.31000000e+01 8.33657244e-01 8.49594273e-01 7.60951827e-01 6.51342444e-01 5.29170812e-01 4.26354085e-01 3.25243212e-01 2.88096821e-01 2.65449632e-01 2.27211291e-01 1.96908505e-01 1.55795074e-01 1.17722167e-01 9.31717988e-02 7.10577448e-02 4.11315449e-02 8.92068075e-03 -2.47964046e-02 -5.95271754e-02 -9.33138926e-02 -1.22008292e-01 -1.55655376e-01 -1.98158069e-01 -2.44188661e-01 -3.04632389e-01 -3.75929241e-01 -4.51876957e-01 -5.34618236e-01 -6.10599503e-01 -6.83412259e-01 -7.43460826e-01 -7.97090442e-01 -8.37005643e-01 -8.66141126e-01 -8.76505433e-01 -8.69841776e-01 -8.42018639e-01 -7.98970759e-01 -7.42840459e-01 -6.78296774e-01 -6.19035365e-01 -5.57501294e-01 -5.04014102e-01 -4.55530647e-01 -4.00342425e-01 -3.44208127e-01 -2.93705279e-01 -2.47706133e-01 -2.04520181e-01 -1.63977931e-01 -1.26216802e-01 -9.00261447e-02 -5.50118539e-02 -2.13722979e-02 1.12438252e-02 4.37282333e-02 7.49332116e-02 1.06036349e-01 1.35923998e-01 1.64737429e-01 1.91788194e-01 2.15695865e-01 2.34824634e-01 2.47976421e-01 2.54543641e-01 2.55437301e-01 2.54063897e-01 2.54355799e-01 2.58946885e-01 2.67614124e-01 2.77844732e-01 2.86059528e-01 2.90302582e-01 2.90521784e-01 2.88323556e-01 2.85495510e-01 2.84554523e-01 2.86795840e-01 2.93662159e-01 3.04696843e-01 3.19888366e-01 3.36990690e-01 3.55254094e-01 3.71768912e-01 3.85224970e-01 3.92945375e-01 3.92393476e-01 3.79533302e-01 3.50041783e-01 3.18731632e-01 2.97300192e-01 2.66603724e-01 2.06821478e-01 1.45082832e-01 9.75138816e-02 3.74206326e-02 -1.39511318e-02 -3.89116333e-02 -6.11469209e-02 -2.39283943e-01
1.32000000e+01 8.26751425e-01 8.45702566e-01 7.55809319e-01 6.47034130e-01 5.23463333e-01 4.22326723e-01 3.21709156e-01 2.81916519e-01 2.62470949e-01 2.24943743e-01 1.94312305e-01 1.53953840e-01 1.15582941e-01 9.08334082e-02 6.97365498e-02 4.05928956e-02 8.78170308e-03 -2.47853109e-02 -5.92335937e-02 -9.24045553e-02 -1.20534559e-01 -1.54394149e-01 -1.96391764e-01 -2.41773340e-01 -3.02169604e-01 -3.72154282e-01 -4.47614984e-01 -5.29209228e-01 -6.04820931e-01 -6.77132578e-01 -7.37664696e-01 -7.91475637e-01 -8.32472409e-01 -8.62002831e-01 -8.73312241e-01 -8.66732493e-01 -8.39436921e-01 -7.95961713e-01 -7.40215365e-01 -6.75021458e-01 -6.15504023e-01 -5.54042996e-01 -4.99785462e-01 -4.51555038e-01 -3.97142997e-01 -3.41282306e-01 -2.90987378e-01 -2.45392901e-01 -2.02642179e-01 -1.62499756e-01 -1.25118889e-01 -8.92777788e-02 -5.45140011e-02 -2.11159190e-02 1.11843040e-02 4.34673945e-02 7.43316399e-02 1.05104570e-01 1.34535279e-01 1.62828478e-01 1.89220426e-01 2.12324356e-01 2.30480951e-01 2.42555709e-01 2.48069808e-01 2.48043494e-01 2.46061037e-01 2.46152488e-01 2.50973718e-01 2.60275365e-01 2.71499922e-01 2.80917637e-01 2.86464926e-01 2.87974691e-01 2.86986552e-01 2.85243102e-01 2.85303548e-01 2.88464906e-01 2.96172619e-01 3.07921376e-01 3.23732958e-01 3.41197947e-01 3.59668983e-01 3.76232395e-01 3.89598759e-01 3.97019330e-01 3.95914019e-01 3.82335481e-01 3.52171324e-01 3.22068135e-01 3.01560728e-01 2.68319416e-01 2.05995357e-01 1.45390767e-01 9.66962278e-02 3.47643193e-02 -1.58476197e-02 -4.14092152e-02 -6.46861276e-02 -2.42643898e-01
1.33000000e+01 8.19608883e-01 8.41714458e-01 7.50549251e-01 6.42648033e-01 5.17879382e-01 4.18078961e-01 3.18496069e-01 2.75811045e-01 2.59293989e-01 2.22853990e-01 1.91827637e-01 1.52165689e-01 1.13546360e-01 8.84872335e-02 6.83633118e-02 4.00324302e-02 8.63537327e-03 -2.47855094e-02 -5.89372821e-02 -9.14825103e-02 -1.19108952e-01 -1.53190253e-01 -1.94615227e-01 -2.39439436e-01 -2.99745814e-01 -3.68413283e-01 -4.43435303e-01 -5.23811083e-01 -5.99093317e-01 -6.70808217e-01 -7.31841484e-01 -7.85755005e-01 -8.27858188e-01 -8.57750362e-01 -8.70040049e-01 -8.63532152e-01 -8.36795161e-01 -7.92895998e-01 -7.37511133e-01 -6.71758753e-01 -6.11895626e-01 -5.50589883e-01 -4.95598515e-01 -4.47547692e-01 -3.93940736e-01 -3.38396651e-01 -2.88303582e-01 -2.43106088e-01 -2.00793032e-01 -1.61048875e-01 -1.24045122e-01 -8.85524604e-02 -5.40321054e-02 -2.08620371e-02 1.11159235e-02 4.32125166e-02 7.37315986e-02 1.04172908e-01 1.33141345e-01 1.60913231e-01 1.86637048e-01 2.08933756e-01 2.26113315e-01 2.37112887e-01 2.41583762e-01 2.40653514e-01 2.38077385e-01 2.37979154e-01 2.43029976e-01 2.52956280e-01 2.65163795e-01 2.75771699e-01 2.82622555e-01 2.85425753e-01 2.85658918e-01 2.85007098e-01 2.86080183e-01 2.90165863e-01 2.98716788e-01 3.11170512e-01 3.27596389e-01 3.45405261e-01 3.64059395e-01 3.80651746e-01 3.93904413e-01 4.00992287e-01 3.99306740e-01 3.85025924e-01 3.54262262e-01 3.25500344e-01 3.05749458e-01 2.69722516e-01 2.05193880e-01 1.45830652e-01 9.57517491e-02 3.22205427e-02 -1.76362037e-02 -4.38469387e-02 -6.81218049e-02 -2.45838861e-01
1.34000000e+01 8.12227818e-01 8.37624725e-01 7.45186255e-01 6.38165595e-01 5.12442859e-01 4.13612373e-01 3.15565555e-01 2.69834302e-01 2.55902146e-01 2.20916719e-01 1.89466368e-01 1.50426410e-01 1.11616757e-01 8.61411278e-02 6.69361991e-02 3.94467598e-02 8.47990115e-03 -2.47959960e-02 -5.86362553e-02 -9.05492072e-02 -1.17735484e-01 -1.52036351e-01 -1.92829275e-01 -2.37191359e-01 -2.97350995e-01 -3.64715239e-01 -4.39330461e-01 -5.18431587e-01 -5.93412826e-01 -6.64448819e-01 -7.25986521e-01 -7.79937845e-01 -8.23155388e-01 -8.53389860e-01 -8.66680504e-01 -8.60245679e-01 -8.34084465e-01 -7.89780944e-01 -7.34720039e-01 -6.68511000e-01 -6.08215372e-01 -5.47133778e-01 -4.91458890e-01 -4.43513191e-01 -3.90732847e-01 -3.35551288e-01 -2.85655499e-01 -2.40845590e-01 -1.98972915e-01 -1.59624762e-01 -1.22995383e-01 -8.78496434e-02 -5.35666608e-02 -2.06101990e-02 1.10388670e-02 4.29637490e-02 7.31328159e-02 1.03240668e-01 1.31741089e-01 1.58991278e-01 1.84036494e-01 2.05523458e-01 2.21721132e-01 2.31648369e-01 2.35086550e-01 2.33269586e-01 2.30115545e-01 2.29838783e-01 2.35118352e-01 2.45659047e-01 2.58838121e-01 2.70622108e-01 2.78775973e-01 2.82874266e-01 2.84340437e-01 2.84786402e-01 2.86883948e-01 2.91897576e-01 3.01293690e-01 3.14442835e-01 3.31476831e-01 3.49611811e-01 3.68424190e-01 3.85026041e-01 3.98140528e-01 4.04861583e-01 4.02572160e-01 3.87610282e-01 3.56325882e-01 3.29021318e-01 3.09839496e-01 2.70814620e-01 2.04452043e-01 1.46375588e-01 9.46802574e-02 2.98097106e-02 -1.93326180e-02 -4.62155488e-02 -7.14564906e-02 -2.48868332e-01
1.35000000e+01 8.04606736e-01 8.33428045e-01 7.39734635e-01 6.33570651e-01 5.07171697e-01 4.08936741e-01 3.12873520e-01 2.64037689e-01 2.52286111e-01 2.19103322e-01 1.87239494e-01 1.48732240e-01 1.09797739e-01 8.38033996e-02 6.54539635e-02 3.88324172e-02 8.31331579e-03 -2.48156114e-02 -5.83286208e-02 -8.96065908e-02 -1.16417556e-01 -1.50924773e-01 -1.91036122e-01 -2.35032072e-01 -2.94975831e-01 -3.61069239e-01 -4.35292230e-01 -5.13079321e-01 -5.87774609e-01 -6.58064840e-01 -7.20094457e-01 -7.74034149e-01 -8.18356111e-01 -8.48927827e-01 -8.63225064e-01 -8.56878138e-01 -8.31295960e-01 -7.86623353e-01 -7.31835600e-01 -6.65278853e-01 -6.04469790e-01 -5.43666466e-01 -4.87371230e-01 -4.39456769e-01 -3.87516650e-01 -3.32746006e-01 -2.83044792e-01 -2.38611281e-01 -1.97182033e-01 -1.58226849e-01 -1.21969558e-01 -8.71685948e-02 -5.31181392e-02 -2.03602143e-02 1.09535792e-02 4.27210062e-02 7.25350690e-02 1.02307098e-01 1.30333405e-01 1.57062208e-01 1.81417105e-01 2.02092918e-01 2.17303830e-01 2.26162649e-01 2.28579239e-01 2.25893960e-01 2.22178085e-01 2.21734304e-01 2.27241466e-01 2.38385819e-01 2.52524680e-01 2.65469312e-01 2.74925732e-01 2.80319516e-01 2.83030946e-01 2.84579921e-01 2.87714263e-01 2.93658945e-01 3.03902159e-01 3.17737008e-01 3.35372182e-01 3.53816771e-01 3.72762329e-01 3.89354198e-01 4.02305844e-01 4.08624537e-01 4.05711476e-01 3.90094464e-01 3.58373559e-01 3.32621215e-01 3.13804433e-01 2.71602161e-01 2.03801964e-01 1.46995922e-01 9.34864564e-02 2.75491246e-02 -2.09521944e-02 -4.85051930e-02 -7.46933214e-02 -2.51731627e-01
1.36000000e+01 7.96744397e-01 8.29119219e-01 7.34207906e-01 6.28850040e-01 5.02077500e-01 4.04069563e-01 3.10371625e-01 2.58468669e-01 2.48444144e-01 2.17382523e-01 1.85156715e-01 1.47079976e-01 1.08092146e-01 8.14827274e-02 6.39159988e-02 3.81858692e-02 8.13346544e-03 -2.48430123e-02 -5.80126598e-02 -8.86570500e-02 -1.15157863e-01 -1.49847707e-01 -1.89239273e-01 -2.32962977e-01 -2.92611985e-01 -3.57484138e-01 -4.31311923e-01 -5.07763378e-01 -5.82173083e-01 -6.51667252e-01 -7.14159576e-01 -7.68054275e-01 -8.13452469e-01 -8.44370825e-01 -8.59665268e-01 -8.53434470e-01 -8.28421076e-01 -7.83429239e-01 -7.28852768e-01 -6.62061282e-01 -6.00666554e-01 -5.40179917e-01 -4.83339102e-01 -4.35384253e-01 -3.84289646e-01 -3.29980244e-01 -2.80473137e-01 -2.36403025e-01 -1.95420639e-01 -1.56854516e-01 -1.20967561e-01 -8.65084639e-02 -5.26868802e-02 -2.01121840e-02 1.08607460e-02 4.24839840e-02 7.19381787e-02 1.01371366e-01 1.28917252e-01 1.55125561e-01 1.78777159e-01 1.98641638e-01 2.12860832e-01 2.20656325e-01 2.22062916e-01 2.18528909e-01 2.14267556e-01 2.13668589e-01 2.19401863e-01 2.31138732e-01 2.46225259e-01 2.60313830e-01 2.71072417e-01 2.77760811e-01 2.81730298e-01 2.84386584e-01 2.88570439e-01 2.95448947e-01 3.06540824e-01 3.21051758e-01 3.39280111e-01 3.58019245e-01 3.77072941e-01 3.93634908e-01 4.06399299e-01 4.12278468e-01 4.08726610e-01 3.92484500e-01 3.60416619e-01 3.36287413e-01 3.17618683e-01 2.72096384e-01 2.03272013e-01 1.47660224e-01 9.21796670e-02 2.54525803e-02 -2.25093172e-02 -5.07057870e-02 -7.78358699e-02 -2.54427903e-01
1.37000000e+01 7.88639788e-01 8.24693388e-01 7.28618367e-01 6.23994080e-01 4.97165401e-01 3.99035319e-01 3.08008855e-01 2.53169455e-01 2.44382122e-01 2.15721093e-01 1.83226030e-01 1.45467060e-01 1.06502028e-01 7.91880522e-02 6.23223993e-02 3.75035414e-02 7.93802441e-03 -2.48766643e-02 -5.76869053e-02 -8.77033460e-02 -1.13958313e-01 -1.48797407e-01 -1.87443382e-01 -2.30983857e-01 -2.90252347e-01 -3.53968239e-01 -4.27380729e-01 -5.02493053e-01 -5.76602238e-01 -6.45267231e-01 -7.08176120e-01 -7.62008604e-01 -8.08436902e-01 -8.39725194e-01 -8.55993010e-01 -8.49919244e-01 -8.25451816e-01 -7.80203603e-01 -7.25768068e-01 -6.58855610e-01 -5.96814264e-01 -5.36666514e-01 -4.79364935e-01 -4.31301981e-01 -3.81049590e-01 -3.27253096e-01 -2.77942179e-01 -2.34220714e-01 -1.93689050e-01 -1.55507065e-01 -1.19989389e-01 -8.58683231e-02 -5.22730031e-02 -1.98664981e-02 1.07612894e-02 4.22521336e-02 7.13419962e-02 1.00432569e-01 1.27491691e-01 1.53180809e-01 1.76114919e-01 1.95169147e-01 2.08391545e-01 2.15130124e-01 2.15538677e-01 2.11176725e-01 2.06386491e-01 2.05644444e-01 2.11602017e-01 2.23919900e-01 2.39941656e-01 2.55156268e-01 2.67216644e-01 2.75197517e-01 2.80438323e-01 2.84205365e-01 2.89451669e-01 2.97266661e-01 3.09208092e-01 3.24385865e-01 3.43198121e-01 3.62218199e-01 3.81355350e-01 3.97866599e-01 4.10420037e-01 4.15820707e-01 4.11620250e-01 3.94786425e-01 3.62466161e-01 3.40004704e-01 3.21257819e-01 2.72313251e-01 2.02886001e-01 1.48336308e-01 9.07734071e-02 2.35300974e-02 -2.40169336e-02 -5.28073719e-02 -8.08879749e-02 -2.56956190e-01
1.38000000e+01 7.80292072e-01 8.20146217e-01 7.22976753e-01 6.18996904e-01 4.92434140e-01 3.93864523e-01 3.05733129e-01 2.48175865e-01 2.40113388e-01 2.14084646e-01 1.81453360e-01 1.43891636e-01 1.05028649e-01 7.69284546e-02 6.06740174e-02 3.67818705e-02 7.72451170e-03 -2.49148849e-02 -5.73501942e-02 -8.67485390e-02 -1.12819963e-01 -1.47766385e-01 -1.85654074e-01 -2.29092869e-01 -2.87891223e-01 -3.50528994e-01 -4.23490040e-01 -4.97277526e-01 -5.71055952e-01 -6.38875827e-01 -7.02138616e-01 -7.55907212e-01 -8.03302496e-01 -8.34996783e-01 -8.52200801e-01 -8.46336428e-01 -8.22381001e-01 -7.76950239e-01 -7.22579682e-01 -6.55657614e-01 -5.92922191e-01 -5.33119266e-01 -4.75449974e-01 -4.27216714e-01 -3.77794546e-01 -3.24563330e-01 -2.75453498e-01 -2.32064304e-01 -1.91987656e-01 -1.54183693e-01 -1.19035175e-01 -8.52471856e-02 -5.18763464e-02 -1.96238275e-02 1.06563796e-02 4.20246064e-02 7.07463938e-02 9.94897533e-02 1.26055901e-01 1.51227328e-01 1.73428682e-01 1.91674985e-01 2.03895330e-01 2.09584921e-01 2.09007633e-01 2.03839700e-01 1.98537394e-01 1.97664592e-01 2.03844342e-01 2.16731413e-01 2.33675669e-01 2.49997342e-01 2.63359069e-01 2.72629090e-01 2.79154805e-01 2.84035306e-01 2.90357036e-01 2.99111291e-01 3.11902149e-01 3.27738143e-01 3.47123589e-01 3.66412393e-01 3.85609084e-01 4.02047469e-01 4.14367394e-01 4.19248616e-01 4.14395916e-01 3.97006179e-01 3.64532872e-01 3.43755553e-01 3.24698863e-01 2.72273276e-01 2.02662461e-01 1.48992276e-01 8.92848416e-02 2.17877849e-02 -2.54861351e-02 -5.48004535e-02 -8.38535731e-02 -2.59315425e-01
1.39000000e+01 7.71700557e-01 8.15474062e-01 7.17291941e-01 6.13856656e-01 4.87876361e-01 3.88592600e-01 3.03492904e-01 2.43516354e-01 2.35658375e-01 2.12438486e-01 1.79842208e-01 1.42352578e-01 1.03672481e-01 7.47130443e-02 5.89725109e-02 3.60173728e-02 7.49031307e-03 -2.49559136e-02 -5.70016962e-02 -8.57959210e-02 -1.11742976e-01 -1.46747607e-01 -1.83877744e-01 -2.27286585e-01 -2.85524478e-01 -3.47172732e-01 -4.19631767e-01 -4.92125549e-01 -5.65528301e-01 -6.32503640e-01 -6.96042192e-01 -7.49759547e-01 -7.98043276e-01 -8.30190696e-01 -8.48282015e-01 -8.42689180e-01 -8.19202467e-01 -7.73671578e-01 -7.19287480e-01 -6.52461654e-01 -5.89000018e-01 -5.29532018e-01 -4.71594268e-01 -4.23135523e-01 -3.74522957e-01 -3.21909412e-01 -2.73008576e-01 -2.29933847e-01 -1.90316894e-01 -1.52883490e-01 -1.18105219e-01 -8.46440260e-02 -5.14964412e-02 -1.93851102e-02 1.05474404e-02 4.18002199e-02 7.01512641e-02 9.85419226e-02 1.24609178e-01 1.49264376e-01 1.70716826e-01 1.88158695e-01 1.99371513e-01 2.04021732e-01 2.02470912e-01 1.96520110e-01 1.90722725e-01 1.89731670e-01 1.96131194e-01 2.09575331e-01 2.27429083e-01 2.44837894e-01 2.59500377e-01 2.70055087e-01 2.77879461e-01 2.83875536e-01 2.91285508e-01 3.00982160e-01 3.14620977e-01 3.31107417e-01 3.51053806e-01 3.70600324e-01 3.89833850e-01 4.06175542e-01 4.18240869e-01 4.22559601e-01 4.17058019e-01 3.99149541e-01 3.66626792e-01 3.47520414e-01 3.27920543e-01 2.72001272e-01 2.02614037e-01 1.49597540e-01 8.77341232e-02 2.02278323e-02 -2.69258178e-02 -5.66763103e-02 -8.67365420e-02 -2.61504494e-01
1.40000000e+01 7.62864668e-01 8.10674107e-01 7.11570756e-01 6.08575524e-01 4.83479103e-01 3.83258614e-01 3.01238727e-01 2.39211282e-01 2.31044027e-01 2.10748486e-01 1.78393372e-01 1.40849514e-01 1.02433199e-01 7.25508793e-02 5.72203592e-02 3.52067160e-02 7.23270165e-03 -2.49979769e-02 -5.66409356e-02 -8.48489467e-02 -1.10726616e-01 -1.45734663e-01 -1.82121338e-01 -2.25560093e-01 -2.83149636e-01 -3.43904443e-01 -4.15798629e-01 -4.87045146e-01 -5.60013852e-01 -6.26160505e-01 -6.89882871e-01 -7.43574148e-01 -7.92654463e-01 -8.25311066e-01 -8.44231089e-01 -8.38979662e-01 -8.15911232e-01 -7.70368587e-01 -7.15892988e-01 -6.49260862e-01 -5.85057559e-01 -5.25899629e-01 -4.67796681e-01 -4.19065672e-01 -3.71233694e-01 -3.19289534e-01 -2.70608759e-01 -2.27829518e-01 -1.88677203e-01 -1.51605465e-01 -1.17199963e-01 -8.40578120e-02 -5.11325272e-02 -1.91515074e-02 1.04361116e-02 4.15774752e-02 6.95565211e-02 9.75880399e-02 1.23150938e-01 1.47291073e-01 1.67977855e-01 1.84619814e-01 1.94819394e-01 1.98441678e-01 1.95929676e-01 1.89220193e-01 1.82944902e-01 1.81848226e-01 1.88464873e-01 2.02453690e-01 2.21203657e-01 2.39678898e-01 2.55641258e-01 2.67475190e-01 2.76611921e-01 2.83725282e-01 2.92235956e-01 3.02878685e-01 3.17362377e-01 3.34492512e-01 3.54985993e-01 3.74780203e-01 3.94029500e-01 4.10248742e-01 4.22040124e-01 4.25751102e-01 4.19611932e-01 4.01222084e-01 3.68757051e-01 3.51278082e-01 3.30903515e-01 2.71526021e-01 2.02747018e-01 1.50123799e-01 8.61436496e-02 1.88486200e-02 -2.83424314e-02 -5.84272662e-02 -8.95405540e-02 -2.63522262e-01
1.41000000e+01 7.53783937e-01 8.05744475e-01 7.05817849e-01 6.03159630e-01 4.79224468e-01 3.77903911e-01 2.98924697e-01 2.35272424e-01 2.26303041e-01 2.08981998e-01 1.77104705e-01 1.39382824e-01 1.01309663e-01 7.04509040e-02 5.54208512e-02 3.43467879e-02 6.94886143e-03 -2.50393366e-02 -5.62678136e-02 -8.39111618e-02 -1.09769246e-01 -1.44721926e-01 -1.80392127e-01 -2.23907131e-01 -2.80765907e-01 -3.40727594e-01 -4.11984407e-01 -4.82043339e-01 -5.54507935e-01 -6.19855209e-01 -6.83657828e-01 -7.37358391e-01 -7.87132700e-01 -8.20360876e-01 -8.40043695e-01 -8.35208912e-01 -8.12503623e-01 -7.67040714e-01 -7.12399302e-01 -6.46047368e-01 -5.81104497e-01 -5.22218132e-01 -4.64054936e-01 -4.15014498e-01 -3.67926113e-01 -3.16701654e-01 -2.68255227e-01 -2.25751649e-01 -1.87068971e-01 -1.50348624e-01 -1.16319923e-01 -8.34875319e-02 -5.07836140e-02 -1.89243217e-02 1.03241688e-02 4.13546147e-02 6.89620948e-02 9.66270175e-02 1.21680715e-01 1.45306367e-01 1.65210430e-01 1.81057857e-01 1.90238290e-01 1.92845948e-01 1.89385140e-01 1.81942133e-01 1.75206301e-01 1.74016720e-01 1.80847625e-01 1.95368495e-01 2.15001108e-01 2.34521461e-01 2.51782383e-01 2.64889223e-01 2.75351709e-01 2.83583877e-01 2.93207175e-01 3.04800319e-01 3.20124021e-01 3.37892238e-01 3.58917316e-01 3.78949952e-01 3.98195972e-01 4.14264967e-01 4.25765009e-01 4.28820560e-01 4.22064040e-01 4.03229134e-01 3.70931599e-01 3.55006093e-01 3.33630576e-01 2.70879885e-01 2.03061058e-01 1.50545937e-01 8.45372712e-02 1.76449444e-02 -2.97398216e-02 -6.00469210e-02 -9.22689433e-02 -2.65367606e-01
1.42000000e+01 7.44457995e-01 8.00684293e-01 7.00035656e-01 5.97618765e-01 4.75090437e-01 3.72570708e-01 2.96509791e-01 2.31702745e-01 2.21472935e-01 2.07108746e-01 1.75970933e-01 1.37953619e-01 1.00299920e-01 6.84218826e-02 5.35780639e-02 3.34347534e-02 6.63591830e-03 -2.50783328e-02 -5.58826254e-02 -8.29861269e-02 -1.08868363e-01 -1.43704684e-01 -1.78697465e-01 -2.22320274e-01 -2.78374175e-01 -3.37644014e-01 -4.08184147e-01 -4.77125921e-01 -5.49006881e-01 -6.13595252e-01 -6.77365606e-01 -7.31118282e-01 -7.81476216e-01 -8.15341825e-01 -8.35716859e-01 -8.31376746e-01 -8.08977348e-01 -7.63685893e-01 -7.08810958e-01 -6.42812565e-01 -5.77150111e-01 -5.18484861e-01 -4.60365697e-01 -4.10989279e-01 -3.64600103e-01 -3.14143536e-01 -2.65948960e-01 -2.23700753e-01 -1.85492466e-01 -1.49112037e-01 -1.15465595e-01 -8.29322065e-02 -5.04485702e-02 -1.87049120e-02 1.02134360e-02 4.11296906e-02 6.83679169e-02 9.56577234e-02 1.20198162e-01 1.43308990e-01 1.62413418e-01 1.77472304e-01 1.85627570e-01 1.87235753e-01 1.82838600e-01 1.74688045e-01 1.67509260e-01 1.66239520e-01 1.73281655e-01 1.88321717e-01 2.08823105e-01 2.29366823e-01 2.47924383e-01 2.62297172e-01 2.74098224e-01 2.83450753e-01 2.94197912e-01 3.06746483e-01 3.22903524e-01 3.41305377e-01 3.62844916e-01 3.83107237e-01 4.02333219e-01 4.18222170e-01 4.29415598e-01 4.31765374e-01 4.24421758e-01 4.05175697e-01 3.73156957e-01 3.58681142e-01 3.36086852e-01 2.70098322e-01 2.03549084e-01 1.50842824e-01 8.29394834e-02 1.66083501e-02 -3.11191659e-02 -6.15303401e-02 -9.49245850e-02 -2.67039449e-01
1.43000000e+01 7.34886562e-01 7.95493713e-01 6.94224456e-01 5.91966006e-01 4.71051804e-01 3.67300702e-01 2.93959007e-01 2.28496435e-01 2.16594971e-01 2.05101695e-01 1.74983554e-01 1.36563687e-01 9.94012246e-02 6.64723175e-02 5.16968387e-02 3.24681053e-02 6.29097990e-03 -2.51134344e-02 -5.54860629e-02 -8.20773412e-02 -1.08020647e-01 -1.42679251e-01 -1.77044555e-01 -2.20791153e-01 -2.75976915e-01 -3.34653832e-01 -4.04394324e-01 -4.72297261e-01 -5.43508218e-01 -6.07386654e-01 -6.71006275e-01 -7.24858314e-01 -7.75684945e-01 -8.10254247e-01 -8.31249025e-01 -8.27481717e-01 -8.05331518e-01 -7.60300595e-01 -7.05133747e-01 -6.39547381e-01 -5.73203012e-01 -5.14698540e-01 -4.56724671e-01 -4.06997101e-01 -3.61256126e-01 -3.11612781e-01 -2.63690690e-01 -2.21677538e-01 -1.83947790e-01 -1.47894908e-01 -1.14637381e-01 -8.23908894e-02 -5.01262091e-02 -1.84946371e-02 1.01057277e-02 4.09006224e-02 6.77739005e-02 9.46790065e-02 1.18703046e-01 1.41297433e-01 1.59585911e-01 1.73862587e-01 1.80986699e-01 1.81612288e-01 1.76291447e-01 1.67459954e-01 1.59856080e-01 1.58518904e-01 1.65769148e-01 1.81315299e-01 2.02671257e-01 2.24216362e-01 2.44067854e-01 2.59699179e-01 2.72850740e-01 2.83325422e-01 2.95206890e-01 3.08716495e-01 3.25698526e-01 3.44730669e-01 3.66765937e-01 3.87249505e-01 4.06441101e-01 4.22118427e-01 4.32992194e-01 4.34582889e-01 4.26693515e-01 4.07066396e-01 3.75438015e-01 3.62279508e-01 3.38259960e-01 2.69219327e-01 2.04197432e-01 1.50997972e-01 8.13746341e-02 1.57275545e-02 -3.24790019e-02 -6.28741969e-02 -9.75097902e-02 -2.68536806e-01
1.44000000e+01 7.25069446e-01 7.90173897e-01 6.88382495e-01 5.86217219e-01 4.67081199e-01 3.62133707e-01 2.91244302e-01 2.25639204e-01 2.11712961e-01 2.02937861e-01 1.74130813e-01 1.35215404e-01 9.86100788e-02 6.46103557e-02 4.97827478e-02 3.14447215e-02 5.91118221e-03 -2.51433069e-02 -5.50792003e-02 -8.11881651e-02 -1.07222028e-01 -1.41643044e-01 -1.75440216e-01 -2.19310698e-01 -2.73578064e-01 -3.31755479e-01 -4.00612939e-01 -4.67560176e-01 -5.38010820e-01 -6.01233822e-01 -6.64581539e-01 -7.18581373e-01 -7.69760568e-01 -8.05097088e-01 -8.26640070e-01 -8.23521113e-01 -8.01566606e-01 -7.56879940e-01 -7.01374499e-01 -6.36242574e-01 -5.69270910e-01 -5.10859330e-01 -4.53126730e-01 -4.03044717e-01 -3.57895238e-01 -3.09106854e-01 -2.61480882e-01 -2.19682911e-01 -1.82434844e-01 -1.46696617e-01 -1.13835527e-01 -8.18626666e-02 -4.98153551e-02 -1.82948226e-02 1.00028113e-02 4.06652470e-02 6.71799188e-02 9.36897398e-02 1.17195233e-01 1.39269939e-01 1.56727244e-01 1.70228059e-01 1.76315279e-01 1.75976686e-01 1.69745177e-01 1.60259783e-01 1.52249023e-01 1.50857061e-01 1.58312282e-01 1.74351157e-01 1.96547109e-01 2.19071587e-01 2.40213348e-01 2.57095537e-01 2.71608412e-01 2.83207456e-01 2.96232812e-01 3.10709517e-01 3.28506767e-01 3.48166795e-01 3.70677556e-01 3.91374038e-01 4.10519280e-01 4.25952006e-01 4.36495314e-01 4.37270431e-01 4.28888698e-01 4.08905411e-01 3.77777868e-01 3.65777462e-01 3.40140140e-01 2.68282741e-01 2.04986174e-01 1.51000023e-01 7.98661603e-02 1.49889449e-02 -3.38153441e-02 -6.40768598e-02 -1.00026220e-01 -2.69858844e-01
1.45000000e+01 7.15006556e-01 7.84726969e-01 6.82506197e-01 5.80390469e-01 4.63150148e-01 3.57106394e-01 2.88345283e-01 2.23108837e-01 2.06872000e-01 2.00599039e-01 1.73397763e-01 1.33911623e-01 9.79222868e-02 6.28436943e-02 4.78420477e-02 3.03629300e-02 5.49373999e-03 -2.51668916e-02 -5.46634629e-02 -8.03217473e-02 -1.06467779e-01 -1.40594628e-01 -1.73890667e-01 -2.17869406e-01 -2.71182839e-01 -3.28945746e-01 -3.96839563e-01 -4.62915845e-01 -5.32514990e-01 -5.95139477e-01 -6.58094769e-01 -7.12288718e-01 -7.63706496e-01 -7.99867938e-01 -8.21891265e-01 -8.19491007e-01 -7.97684365e-01 -7.53417841e-01 -6.97540827e-01 -6.32889036e-01 -5.65360391e-01 -5.06968836e-01 -4.49566057e-01 -3.99138404e-01 -3.54519101e-01 -3.06623114e-01 -2.59319707e-01 -2.17717980e-01 -1.80953319e-01 -1.45516751e-01 -1.13060095e-01 -8.13466596e-02 -4.95148888e-02 -1.81067306e-02 9.90636444e-03 4.04213663e-02 6.65857831e-02 9.26888671e-02 1.15674660e-01 1.37224525e-01 1.53836982e-01 1.66567963e-01 1.71613089e-01 1.70329983e-01 1.63201394e-01 1.53089342e-01 1.44690312e-01 1.43256089e-01 1.50913236e-01 1.67431193e-01 1.90452129e-01 2.13934137e-01 2.36361382e-01 2.54486666e-01 2.70370300e-01 2.83096478e-01 2.97274369e-01 3.12724526e-01 3.31326129e-01 3.51612356e-01 3.74577011e-01 3.95477986e-01 4.14567104e-01 4.29721387e-01 4.39925634e-01 4.39825389e-01 4.31017573e-01 4.10696460e-01 3.80177678e-01 3.69151669e-01 3.41720345e-01 2.67329452e-01 2.05889655e-01 1.50843036e-01 7.84358695e-02 1.43771245e-02 -3.51218829e-02 -6.51384109e-02 -1.02474826e-01 -2.71004932e-01
1.46000000e+01 7.04697924e-01 7.79155932e-01 6.76590433e-01 5.74505373e-01 4.59230141e-01 3.52251153e-01 2.85249639e-01 2.20875961e-01 2.02117145e-01 1.98072418e-01 1.72766419e-01 1.32655526e-01 9.73330177e-02 6.11794934e-02 4.58816191e-02 2.92215768e-02 5.03599693e-03 -2.51834880e-02 -5.42405845e-02 -7.94809566e-02 -1.05752630e-01 -1.39533735e-01 -1.72401324e-01 -2.16457621e-01 -2.68797514e-01 -3.26219903e-01 -3.93075320e-01 -4.58363796e-01 -5.27022489e-01 -5.89104633e-01 -6.51550978e-01 -7.05980022e-01 -7.57527798e-01 -7.94563125e-01 -8.17005189e-01 -8.15386363e-01 -7.93687703e-01 -7.49907216e-01 -6.93640862e-01 -6.29478082e-01 -5.61476737e-01 -5.03030070e-01 -4.46036300e-01 -3.95283835e-01 -3.51130000e-01 -3.04158844e-01 -2.57207044e-01 -2.15784046e-01 -1.79502704e-01 -1.44355118e-01 -1.12310944e-01 -8.08420273e-02 -4.92237822e-02 -1.79315273e-02 9.81791747e-03 4.01668038e-02 6.59912196e-02 9.16754433e-02 1.14141313e-01 1.35159026e-01 1.50914900e-01 1.62881399e-01 1.66880122e-01 1.64673097e-01 1.56661816e-01 1.45950338e-01 1.37182137e-01 1.35717986e-01 1.43574175e-01 1.60557291e-01 1.84387702e-01 2.08805776e-01 2.32512433e-01 2.51873095e-01 2.69135383e-01 2.82992165e-01 2.98330237e-01 3.14760298e-01 3.34154656e-01 3.55065860e-01 3.78461610e-01 3.99558409e-01 4.18583525e-01 4.33425280e-01 4.43283945e-01 4.42245306e-01 4.33091189e-01 4.12442781e-01 3.82636550e-01 3.72379580e-01 3.42996315e-01 2.66400502e-01 2.06877238e-01 1.50526563e-01 7.71032888e-02 1.38754912e-02 -3.63902631e-02 -6.60605911e-02 -1.04855837e-01 -2.71974653e-01
1.47000000e+01 6.94143742e-01 7.73464557e-01 6.70628839e-01 5.68582398e-01 4.55293668e-01 3.47595121e-01 2.81953320e-01 2.18905034e-01 1.97492095e-01 1.95351073e-01 1.72215996e-01 1.31450457e-01 9.68368736e-02 5.96243018e-02 4.39088928e-02 2.80200908e-02 4.53547100e-03 -2.51928311e-02 -5.38125564e-02 -7.86683200e-02 -1.05070889e-01 -1.38461240e-01 -1.70976633e-01 -2.15065818e-01 -2.66429163e-01 -3.23571866e-01 -3.89322809e-01 -4.53901943e-01 -5.21536499e-01 -5.83128651e-01 -6.44956727e-01 -6.99653478e-01 -7.51231062e-01 -7.89177865e-01 -8.11985592e-01 -8.11201188e-01 -7.89580514e-01 -7.46340221e-01 -6.89682965e-01 -6.26001732e-01 -5.57623780e-01 -4.99047380e-01 -4.42530760e-01 -3.91485953e-01 -3.47730835e-01 -3.01711293e-01 -2.55142483e-01 -2.13882580e-01 -1.78082302e-01 -1.43211744e-01 -1.11587727e-01 -8.03479634e-02 -4.89411281e-02 -1.77702536e-02 9.73878847e-03 3.98994688e-02 6.53958500e-02 9.06486555e-02 1.12595203e-01 1.33071145e-01 1.47960948e-01 1.59167315e-01 1.62116617e-01 1.59006830e-01 1.50128280e-01 1.38844394e-01 1.29726660e-01 1.28244648e-01 1.36297235e-01 1.53731336e-01 1.78355130e-01 2.03688391e-01 2.28666934e-01 2.49255447e-01 2.67902572e-01 2.82894255e-01 2.99399074e-01 3.16815401e-01 3.36990561e-01 3.58525713e-01 3.82328761e-01 4.03612328e-01 4.22567047e-01 4.37062610e-01 4.46571101e-01 4.44527981e-01 4.35121272e-01 4.14147114e-01 3.85151426e-01 3.75439823e-01 3.43966656e-01 2.65536115e-01 2.07914250e-01 1.50055543e-01 7.58851108e-02 1.34668323e-02 -3.76104320e-02 -6.68466792e-02 -1.07168779e-01 -2.72767789e-01
1.48000000e+01 6.83344401e-01 7.67657246e-01 6.64614176e-01 5.62642145e-01 4.51315197e-01 3.43159405e-01 2.78460435e-01 2.17155494e-01 1.93037908e-01 1.92434296e-01 1.71723239e-01 1.30299748e-01 9.64279588e-02 5.81840005e-02 4.19317644e-02 2.67585407e-02 3.98989469e-03 -2.51951589e-02 -5.33815740e-02 -7.78859676e-02 -1.04416590e-01 -1.37379110e-01 -1.69619926e-01 -2.13684880e-01 -2.64085376e-01 -3.20994415e-01 -3.85585972e-01 -4.49526692e-01 -5.16061533e-01 -5.77209346e-01 -6.38319980e-01 -6.93305976e-01 -7.44824208e-01 -7.83706462e-01 -8.06837226e-01 -8.06928720e-01 -7.85367482e-01 -7.42708511e-01 -6.85675424e-01 -6.22452959e-01 -5.53803805e-01 -4.95026343e-01 -4.39042574e-01 -3.87748877e-01 -3.44325115e-01 -2.99277721e-01 -2.53125325e-01 -2.12015204e-01 -1.76691255e-01 -1.42086861e-01 -1.10889900e-01 -7.98636971e-02 -4.86661570e-02 -1.76238050e-02 9.67002235e-03 3.96174208e-02 6.47991815e-02 8.96078267e-02 1.11036345e-01 1.30958516e-01 1.44975223e-01 1.55424497e-01 1.57323075e-01 1.53331864e-01 1.43602725e-01 1.31773065e-01 1.22326019e-01 1.20837863e-01 1.29084502e-01 1.46955216e-01 1.72355642e-01 1.98583984e-01 2.24825277e-01 2.46634432e-01 2.66670716e-01 2.82802545e-01 3.00479516e-01 3.18888196e-01 3.39832225e-01 3.61990218e-01 3.86175981e-01 4.07636785e-01 4.26515704e-01 4.40632512e-01 4.49787986e-01 4.46671561e-01 4.37120101e-01 4.15811663e-01 3.87716993e-01 3.78312596e-01 3.44632918e-01 2.64774684e-01 2.08963110e-01 1.49440005e-01 7.47947615e-02 1.31339237e-02 -3.87710410e-02 -6.75013138e-02 -1.09412535e-01 -2.73384290e-01
1.49000000e+01 6.72300538e-01 7.61738875e-01 6.58538707e-01 5.56704655e-01 4.47272038e-01 3.38958516e-01 2.74782907e-01 2.15583048e-01 1.88791793e-01 1.89327768e-01 1.71262840e-01 1.29206526e-01 9.60999473e-02 5.68637609e-02 3.99584983e-02 2.54376830e-02 3.39725456e-03 -2.51912678e-02 -5.29499834e-02 -7.71355864e-02 -1.03783640e-01 -1.36290320e-01 -1.68333314e-01 -2.12306366e-01 -2.61773959e-01 -3.18479442e-01 -3.81869913e-01 -4.45233092e-01 -5.10603289e-01 -5.71343155e-01 -6.31649887e-01 -6.86933319e-01 -7.38316250e-01 -7.78142540e-01 -8.01565623e-01 -8.02561642e-01 -7.81053846e-01 -7.39003512e-01 -6.81626162e-01 -6.18825915e-01 -5.50017502e-01 -4.90973629e-01 -4.35564911e-01 -3.84075804e-01 -3.40916920e-01 -2.96855446e-01 -2.51154601e-01 -2.10183647e-01 -1.75328574e-01 -1.40980893e-01 -1.10216726e-01 -7.93885058e-02 -4.83982355e-02 -1.74929223e-02 9.61234291e-03 3.93189220e-02 6.42006105e-02 8.85524070e-02 1.09464733e-01 1.28818767e-01 1.41957934e-01 1.51651575e-01 1.52500267e-01 1.47648774e-01 1.37087173e-01 1.24737855e-01 1.14982332e-01 1.13499302e-01 1.21937995e-01 1.40230832e-01 1.66390403e-01 1.93494672e-01 2.20987807e-01 2.44010838e-01 2.65438606e-01 2.82716900e-01 3.01570180e-01 3.20976842e-01 3.42678194e-01 3.65457587e-01 3.90000929e-01 4.11628902e-01 4.30427062e-01 4.44134313e-01 4.52935479e-01 4.48674632e-01 4.39100345e-01 4.17438076e-01 3.90325639e-01 3.80980030e-01 3.44999673e-01 2.64151725e-01 2.09984589e-01 1.48694613e-01 7.38421040e-02 1.28601131e-02 -3.98598808e-02 -6.80302737e-02 -1.11585413e-01 -2.73824250e-01
1.50000000e+01 6.61013084e-01 7.55714631e-01 6.52394588e-01 5.50788732e-01 4.43145101e-01 3.35000037e-01 2.70939872e-01 2.14141054e-01 1.84786017e-01 1.86043541e-01 1.70807944e-01 1.28173523e-01 9.58461471e-02 5.56680146e-02 3.79976255e-02 2.40589982e-02 2.75583379e-03 -2.51825550e-02 -5.25202323e-02 -7.64183810e-02 -1.03165975e-01 -1.35198738e-01 -1.67117619e-01 -2.10922751e-01 -2.59502629e-01 -3.16018233e-01 -3.78180667e-01 -4.41015034e-01 -5.05168456e-01 -5.65525349e-01 -6.24956534e-01 -6.80530484e-01 -7.31717005e-01 -7.72479316e-01 -7.96176858e-01 -7.98092323e-01 -7.76645152e-01 -7.35216699e-01 -6.77542464e-01 -6.15116107e-01 -5.46263961e-01 -4.86896828e-01 -4.32091170e-01 -3.80468952e-01 -3.37510862e-01 -2.94441904e-01 -2.49229082e-01 -2.08389703e-01 -1.73993178e-01 -1.39894439e-01 -1.09567263e-01 -7.89217455e-02 -4.81368477e-02 -1.73781867e-02 9.56612232e-03 3.90024720e-02 6.35994338e-02 8.74819637e-02 1.07880304e-01 1.26649593e-01 1.38909370e-01 1.47847026e-01 1.47649219e-01 1.41958028e-01 1.30583711e-01 1.17740232e-01 1.07697685e-01 1.06230521e-01 1.14859663e-01 1.33560109e-01 1.60460525e-01 1.88422677e-01 2.17154826e-01 2.41385538e-01 2.64204975e-01 2.82637252e-01 3.02669670e-01 3.23079311e-01 3.45527175e-01 3.68925941e-01 3.93801419e-01 4.15585939e-01 4.34298241e-01 4.47567514e-01 4.56014418e-01 4.50536318e-01 4.41074874e-01 4.19027434e-01 3.92967433e-01 3.83426539e-01 3.45074572e-01 2.63698831e-01 2.10939164e-01 1.47838032e-01 7.30332812e-02 1.26298571e-02 -4.08643285e-02 -6.84402281e-02 -1.13685224e-01 -2.74087890e-01
1.51000000e+01 6.49483303e-01 7.49589827e-01 6.46174242e-01 5.44911341e-01 4.38919486e-01 3.31284520e-01 2.66956876e-01 2.12781949e-01 1.81046965e-01 1.82599840e-01 1.70330724e-01 1.27202878e-01 9.56595614e-02 5.46004300e-02 3.60578362e-02 2.26247200e-02 2.06425858e-03 -2.51710486e-02 -5.20948283e-02 -7.57350432e-02 -1.02557714e-01 -1.34108987e-01 -1.65972347e-01 -2.09527642e-01 -2.57278718e-01 -3.13601764e-01 -3.74524946e-01 -4.36865490e-01 -4.99764475e-01 -5.59750294e-01 -6.18250642e-01 -6.74091918e-01 -7.25036796e-01 -7.66709880e-01 -7.90677284e-01 -7.93513068e-01 -7.72146996e-01 -7.31339872e-01 -6.73430712e-01 -6.11320538e-01 -5.42540720e-01 -4.82804249e-01 -4.28615160e-01 -3.76929509e-01 -3.34112017e-01 -2.92034701e-01 -2.47347294e-01 -2.06635184e-01 -1.72683921e-01 -1.38828250e-01 -1.08940358e-01 -7.84628891e-02 -4.78815734e-02 -1.72800164e-02 9.53136794e-03 3.86668325e-02 6.29948532e-02 8.63961773e-02 1.06282891e-01 1.24448814e-01 1.35829868e-01 1.44009194e-01 1.42771191e-01 1.36260006e-01 1.24094461e-01 1.10781643e-01 1.00474125e-01 9.90329612e-02 1.07851380e-01 1.26944991e-01 1.54567073e-01 1.83370325e-01 2.13326593e-01 2.38759494e-01 2.62968504e-01 2.82563590e-01 3.03776575e-01 3.25193396e-01 3.48378021e-01 3.72393301e-01 3.97575445e-01 4.19505336e-01 4.38125945e-01 4.50931772e-01 4.59025546e-01 4.52256375e-01 4.43056540e-01 4.20580270e-01 3.95630161e-01 3.85639117e-01 3.44868380e-01 2.63442631e-01 2.11788428e-01 1.46892147e-01 7.23706938e-02 1.24291840e-02 -4.17717920e-02 -6.87384671e-02 -1.15709356e-01 -2.74175552e-01
1.52000000e+01 6.37712844e-01 7.43369736e-01 6.39870723e-01 5.39087075e-01 4.34584921e-01 3.27805621e-01 2.62864874e-01 2.11458684e-01 1.77594374e-01 1.79020676e-01 1.69803029e-01 1.26295946e-01 9.55329485e-02 5.36638925e-02 3.41478670e-02 2.11378584e-02 1.32154666e-03 -2.51594239e-02 -5.16763067e-02 -7.50857265e-02 -1.01953317e-01 -1.33026278e-01 -1.64895697e-01 -2.08115948e-01 -2.55108885e-01 -3.11221004e-01 -3.70909850e-01 -4.32776781e-01 -4.94399277e-01 -5.54011736e-01 -6.11543246e-01 -6.67611851e-01 -7.18286115e-01 -7.60827499e-01 -7.85073264e-01 -7.88816371e-01 -7.67564765e-01 -7.27365418e-01 -6.69296178e-01 -6.07437794e-01 -5.38843863e-01 -4.78704702e-01 -4.25131283e-01 -3.73457617e-01 -3.30725850e-01 -2.89631669e-01 -2.45507539e-01 -2.04921865e-01 -1.71399641e-01 -1.37783215e-01 -1.08334626e-01 -7.80115614e-02 -4.76320757e-02 -1.71986587e-02 9.50772211e-03 3.83110514e-02 6.23859637e-02 8.52948460e-02 1.04672170e-01 1.22214433e-01 1.32719790e-01 1.40136313e-01 1.37867641e-01 1.30555022e-01 1.17621567e-01 1.03863519e-01 9.33136453e-02 9.19079689e-02 1.00914947e-01 1.20387442e-01 1.48711074e-01 1.78340031e-01 2.09503332e-01 2.36133755e-01 2.61727834e-01 2.82495945e-01 3.04889484e-01 3.27316722e-01 3.51229708e-01 3.75857574e-01 4.01321191e-01 4.23384745e-01 4.41906510e-01 4.54226885e-01 4.61969464e-01 4.53835293e-01 4.45057937e-01 4.22096604e-01 3.98299395e-01 3.87607587e-01 3.44394974e-01 2.63403815e-01 2.12496488e-01 1.45881166e-01 7.18531073e-02 1.22460677e-02 -4.25701402e-02 -6.89326243e-02 -1.17654868e-01 -2.74087691e-01
1.53000000e+01 6.25703782e-01 7.37059414e-01 6.33478042e-01 5.33327726e-01 4.30136015e-01 3.24550457e-01 2.58699081e-01 2.10126121e-01 1.74440776e-01 1.75335273e-01 1.69197080e-01 1.25453115e-01 9.54588813e-02 5.28604889e-02 3.22763800e-02 1.96022229e-02 5.27155015e-04 -2.51510067e-02 -5.12672075e-02 -7.44700286e-02 -1.01347724e-01 -1.31956234e-01 -1.63884620e-01 -2.06684013e-01 -2.52998862e-01 -3.08867219e-01 -3.67342580e-01 -4.28740864e-01 -4.89080991e-01 -5.48303105e-01 -6.04845364e-01 -6.61084624e-01 -7.11475300e-01 -7.54825903e-01 -7.79370911e-01 -7.83995167e-01 -7.62903396e-01 -7.23286546e-01 -6.65142836e-01 -6.03468083e-01 -5.35168150e-01 -4.74607255e-01 -4.21634690e-01 -3.70052384e-01 -3.27358115e-01 -2.87230917e-01 -2.43707920e-01 -2.03251439e-01 -1.70139184e-01 -1.36760336e-01 -1.07748459e-01 -7.75675590e-02 -4.73881026e-02 -1.71341812e-02 9.49446929e-03 3.79344910e-02 6.17717217e-02 8.41778947e-02 1.03047614e-01 1.19944683e-01 1.29579483e-01 1.36226554e-01 1.32940186e-01 1.24843345e-01 1.11167178e-01 9.69872902e-02 8.62181733e-02 8.48568080e-02 9.40520907e-02 1.13889442e-01 1.42893525e-01 1.73334298e-01 2.05685237e-01 2.33509453e-01 2.60481579e-01 2.82434359e-01 3.06006991e-01 3.29446760e-01 3.54081308e-01 3.79316530e-01 4.05037045e-01 4.27222043e-01 4.45635953e-01 4.57452786e-01 4.64846572e-01 4.55274396e-01 4.47091149e-01 4.23576002e-01 4.00958626e-01 3.89324801e-01 3.43671303e-01 2.63596245e-01 2.13031330e-01 1.44830631e-01 7.14758770e-02 1.20707099e-02 -4.32481074e-02 -6.90303996e-02 -1.19518607e-01 -2.73824851e-01
1.54000000e+01 6.13458659e-01 7.30663556e-01 6.26991441e-01 5.27641954e-01 4.25572331e-01 3.21500171e-01 2.54497715e-01 2.08742338e-01 1.71591161e-01 1.71577326e-01 1.68486201e-01 1.24673629e-01 9.54298039e-02 5.21915000e-02 3.04518296e-02 1.80224452e-02 -3.18977598e-04 -2.51497612e-02 -5.08700577e-02 -7.38869856e-02 -1.00736495e-01 -1.30904693e-01 -1.62934909e-01 -2.05229703e-01 -2.50953229e-01 -3.06532260e-01 -3.63830139e-01 -4.24749631e-01 -4.83817645e-01 -5.42617832e-01 -5.98167653e-01 -6.54505009e-01 -7.04614211e-01 -7.48699572e-01 -7.73575833e-01 -7.79043070e-01 -7.58167154e-01 -7.19097503e-01 -6.60973236e-01 -5.99413216e-01 -5.31507198e-01 -4.70520992e-01 -4.18121421e-01 -3.66711916e-01 -3.24014751e-01 -2.84830876e-01 -2.41946370e-01 -2.01625472e-01 -1.68901445e-01 -1.35760704e-01 -1.07180039e-01 -7.71308469e-02 -4.71494944e-02 -1.70864669e-02 9.49054867e-03 3.75368556e-02 6.11509029e-02 8.30453826e-02 1.01408460e-01 1.17638060e-01 1.26409261e-01 1.32278074e-01 1.27990562e-01 1.19125239e-01 1.04733435e-01 9.01543918e-02 7.91895581e-02 7.78806793e-02 8.72644588e-02 1.07452975e-01 1.37115409e-01 1.68355697e-01 2.01872483e-01 2.30887779e-01 2.59228352e-01 2.82378855e-01 3.07127710e-01 3.31580840e-01 3.56931956e-01 3.82767781e-01 4.08721589e-01 4.31015350e-01 4.49310030e-01 4.60609552e-01 4.67657005e-01 4.56575950e-01 4.49167493e-01 4.25017628e-01 4.03589438e-01 3.90786767e-01 3.42717313e-01 2.64026201e-01 2.13366080e-01 1.43766409e-01 7.12312765e-02 1.18957332e-02 -4.37956618e-02 -6.90392917e-02 -1.21297330e-01 -2.73387643e-01
1.55000000e+01 6.00980522e-01 7.24186356e-01 6.20407614e-01 5.22035091e-01 4.20898281e-01 3.18630682e-01 2.50300667e-01 2.07269817e-01 1.69042875e-01 1.67784115e-01 1.67645568e-01 1.23955435e-01 9.54380845e-02 5.16573996e-02 2.86823250e-02 1.64039967e-02 -1.21639829e-03 -2.51602579e-02 -5.04873516e-02 -7.33350833e-02 -1.00115923e-01 -1.29877508e-01 -1.62041326e-01 -2.03752440e-01 -2.48975240e-01 -3.04208820e-01 -3.60379054e-01 -4.20795198e-01 -4.78616874e-01 -5.36949654e-01 -5.91520091e-01 -6.47868519e-01 -6.97711930e-01 -7.42443996e-01 -7.67692917e-01 -7.73954582e-01 -7.53359442e-01 -7.14793742e-01 -6.56788423e-01 -5.95276544e-01 -5.27853693e-01 -4.66454758e-01 -4.14588523e-01 -3.63433372e-01 -3.20701763e-01 -2.82430347e-01 -2.40220684e-01 -2.00045366e-01 -1.67685381e-01 -1.34785477e-01 -1.06627377e-01 -7.67015346e-02 -4.69161924e-02 -1.70552132e-02 9.49457366e-03 3.71182061e-02 6.05220646e-02 8.18975002e-02 9.97536932e-02 1.15293337e-01 1.23209371e-01 1.28289078e-01 1.23020571e-01 1.13400996e-01 9.83224490e-02 8.33662725e-02 7.22295571e-02 7.09807345e-02 8.05536110e-02 1.01080032e-01 1.31377703e-01 1.63406851e-01 1.98065243e-01 2.28269969e-01 2.57966787e-01 2.82329410e-01 3.08250276e-01 3.33716164e-01 3.59780821e-01 3.86208768e-01 4.12373594e-01 4.34763039e-01 4.52924297e-01 4.63697428e-01 4.70400580e-01 4.57743261e-01 4.51297272e-01 4.26420309e-01 4.06171731e-01 3.91992709e-01 3.41555799e-01 2.64691822e-01 2.13480121e-01 1.42713689e-01 7.11089121e-02 1.17162869e-02 -4.42043259e-02 -6.89663462e-02 -1.22987841e-01 -2.72776709e-01
1.56000000e+01 5.88272947e-01 7.17631404e-01 6.13724871e-01 5.16509055e-01 4.16122847e-01 3.15913584e-01 2.46148151e-01 2.05676467e-01 1.66785748e-01 1.63995481e-01 1.66652945e-01 1.23295061e-01 9.54760589e-02 5.12578581e-02 2.69755061e-02 1.47531882e-02 -2.16412059e-03 -2.51876200e-02 -5.01215266e-02 -7.28122879e-02 -9.94831333e-02 -1.28880353e-01 -1.61197763e-01 -2.02253184e-01 -2.47066683e-01 -3.01890665e-01 -3.56995110e-01 -4.16870193e-01 -4.73485640e-01 -5.31292911e-01 -5.84911673e-01 -6.41171683e-01 -6.90776499e-01 -7.36055893e-01 -7.61726131e-01 -7.68725279e-01 -7.48482644e-01 -7.10372052e-01 -6.52587910e-01 -5.91062829e-01 -5.24199631e-01 -4.62416925e-01 -4.11034133e-01 -3.60213056e-01 -3.17425104e-01 -2.80028538e-01 -2.38528552e-01 -1.98512330e-01 -1.66490023e-01 -1.33835859e-01 -1.06088352e-01 -7.62798411e-02 -4.66882424e-02 -1.70399338e-02 9.50485956e-03 3.66789504e-02 5.98835257e-02 8.07345525e-02 9.80820536e-02 1.12909567e-01 1.19979983e-01 1.24257883e-01 1.18032034e-01 1.07670973e-01 9.19362900e-02 7.66244015e-02 6.53398227e-02 6.41580865e-02 7.39210092e-02 9.47725919e-02 1.25681391e-01 1.58490417e-01 1.94263707e-01 2.25657273e-01 2.56695570e-01 2.82285929e-01 3.09373357e-01 3.35849836e-01 3.62627067e-01 3.89636752e-01 4.15991986e-01 4.38463742e-01 4.56474166e-01 4.66716853e-01 4.73076736e-01 4.58780781e-01 4.53489538e-01 4.27782594e-01 4.08683987e-01 3.92945071e-01 3.40212199e-01 2.65582765e-01 2.13360017e-01 1.41696029e-01 7.10962058e-02 1.15300687e-02 -4.44674382e-02 -6.88179262e-02 -1.24587117e-01 -2.71992689e-01
1.57000000e+01 5.75340057e-01 7.11001602e-01 6.06943225e-01 5.11062397e-01 4.11259143e-01 3.13317169e-01 2.42079371e-01 2.03936459e-01 1.64802467e-01 1.60252712e-01 1.65489391e-01 1.22687524e-01 9.55360681e-02 5.09917438e-02 2.53384488e-02 1.30771413e-02 -3.16061801e-03 -2.52374521e-02 -4.97749352e-02 -7.23160967e-02 -9.88361558e-02 -1.27918527e-01 -1.60397419e-01 -2.00734374e-01 -2.45227812e-01 -2.99572817e-01 -3.53683126e-01 -4.12968006e-01 -4.68429970e-01 -5.25642810e-01 -5.78350153e-01 -6.34412291e-01 -6.83814690e-01 -7.29533396e-01 -7.55678380e-01 -7.63351952e-01 -7.43538011e-01 -7.05830636e-01 -6.48369706e-01 -5.86778085e-01 -5.20536582e-01 -4.58415152e-01 -4.07457536e-01 -3.57046514e-01 -3.14190549e-01 -2.77625092e-01 -2.36867595e-01 -1.97027352e-01 -1.65314479e-01 -1.32913086e-01 -1.05560765e-01 -7.58660568e-02 -4.64657927e-02 -1.70399619e-02 9.51945775e-03 3.62198096e-02 5.92333727e-02 7.95569258e-02 9.63920651e-02 1.10486070e-01 1.16721171e-01 1.20182973e-01 1.13026745e-01 1.01935627e-01 8.55769618e-02 6.99302748e-02 5.85218885e-02 5.74138181e-02 6.73680096e-02 8.85326172e-02 1.20027474e-01 1.53609063e-01 1.90468107e-01 2.23050932e-01 2.55413467e-01 2.82248238e-01 3.10495650e-01 3.37978887e-01 3.65469822e-01 3.93048815e-01 4.19575809e-01 4.42116348e-01 4.59954966e-01 4.69668504e-01 4.75684485e-01 4.59694193e-01 4.55751864e-01 4.29102812e-01 4.11103574e-01 3.93649444e-01 3.38714278e-01 2.66680143e-01 2.13000206e-01 1.40734505e-01 7.11789214e-02 1.13372651e-02 -4.45803462e-02 -6.85995118e-02 -1.26092424e-01 -2.71036192e-01
1.58000000e+01 5.62186536e-01 7.04299114e-01 6.00064421e-01 5.05690458e-01 4.06323840e-01 3.10807533e-01 2.38131254e-01 2.02030842e-01 1.63069154e-01 1.56597355e-01 1.64139909e-01 1.22126287e-01 9.56104888e-02 5.08571226e-02 2.37776031e-02 1.13837336e-02 -4.20383074e-03 -2.53157509e-02 -4.94498180e-02 -7.18436057e-02 -9.81739746e-02 -1.26996774e-01 -1.59633005e-01 -1.99199814e-01 -2.43457311e-01 -2.97251689e-01 -3.50446757e-01 -4.09083015e-01 -4.63454744e-01 -5.19995650e-01 -5.71841820e-01 -6.27589577e-01 -6.76831836e-01 -7.22876179e-01 -7.49551396e-01 -7.57832700e-01 -7.38525599e-01 -7.01169138e-01 -6.44130390e-01 -5.82429371e-01 -5.16855966e-01 -4.54456179e-01 -4.03859183e-01 -3.53928663e-01 -3.11003581e-01 -2.75220109e-01 -2.35235398e-01 -1.95591173e-01 -1.64157930e-01 -1.32018414e-01 -1.05042380e-01 -7.54605141e-02 -4.62490840e-02 -1.70544556e-02 9.53619292e-03 3.57417637e-02 5.85694896e-02 7.83650412e-02 9.46820788e-02 1.08022411e-01 1.13432912e-01 1.16063056e-01 1.08006421e-01 9.61955578e-02 7.92463787e-02 6.32854220e-02 5.17771583e-02 5.07489893e-02 6.08958599e-02 8.23620391e-02 1.14416978e-01 1.48765450e-01 1.86678748e-01 2.20452147e-01 2.54119347e-01 2.82216075e-01 3.11615867e-01 3.40100316e-01 3.68308146e-01 3.96441870e-01 4.23124172e-01 4.45719995e-01 4.63362004e-01 4.72553323e-01 4.78222368e-01 4.60490494e-01 4.58090146e-01 4.30379118e-01 4.13407082e-01 3.94114443e-01 3.37091730e-01 2.67956735e-01 2.12403410e-01 1.39846987e-01 7.13417157e-02 1.11404141e-02 -4.45405287e-02 -6.83155354e-02 -1.27501418e-01 -2.69907769e-01
1.59000000e+01 5.48817635e-01 6.97525350e-01 5.93091884e-01 5.00385642e-01 4.01336474e-01 3.08349726e-01 2.34337286e-01 1.99947927e-01 1.61556158e-01 1.53069999e-01 1.62594016e-01 1.21603263e-01 9.56917574e-02 5.08512580e-02 2.22987540e-02 9.68152662e-03 -5.29118795e-03 -2.54287993e-02 -4.91482803e-02 -7.13915959e-02 -9.74965529e-02 -1.26119113e-01 -1.58896956e-01 -1.97654518e-01 -2.41752332e-01 -2.94925162e-01 -3.47288350e-01 -4.05210760e-01 -4.58563508e-01 -5.14349001e-01 -5.65391334e-01 -6.20704356e-01 -6.69831711e-01 -7.16085536e-01 -7.43345685e-01 -7.52166989e-01 -7.33444242e-01 -6.96388618e-01 -6.39865239e-01 -5.78024544e-01 -5.13149331e-01 -4.50545641e-01 -4.00240684e-01 -3.50853934e-01 -3.07869266e-01 -2.72814147e-01 -2.33629549e-01 -1.94204268e-01 -1.63019629e-01 -1.31153103e-01 -1.04530958e-01 -7.50635708e-02 -4.60384307e-02 -1.70824081e-02 9.55269987e-03 3.52459891e-02 5.78896074e-02 7.71592988e-02 9.29503293e-02 1.05518361e-01 1.10115070e-01 1.11897110e-01 1.02972667e-01 9.04515392e-02 7.29463389e-02 5.66914137e-02 4.51068959e-02 4.41646444e-02 5.45056995e-02 7.62627458e-02 1.08850965e-01 1.43962202e-01 1.82896041e-01 2.17862062e-01 2.52812204e-01 2.82189096e-01 3.12732718e-01 3.42211138e-01 3.71140993e-01 3.99812679e-01 4.26636200e-01 4.49274044e-01 4.66690635e-01 4.75372563e-01 4.80688411e-01 4.61178057e-01 4.60508421e-01 4.31609537e-01 4.15570695e-01 3.94351530e-01 3.35375701e-01 2.69377492e-01 2.11580747e-01 1.39047557e-01 7.15686905e-02 1.09441987e-02 -4.43476424e-02 -6.79692565e-02 -1.28812228e-01 -2.68607886e-01
1.60000000e+01 5.35239164e-01 6.90680979e-01 5.86030620e-01 4.95137776e-01 3.96318666e-01 3.05908912e-01 2.30726483e-01 1.97683441e-01 1.60229016e-01 1.49709063e-01 1.60846211e-01 1.21108878e-01 9.57723862e-02 5.09706190e-02 2.09069938e-02 7.97968565e-03 -6.41964254e-03 -2.55830424e-02 -4.88722746e-02 -7.09566326e-02 -9.68048305e-02 -1.25288691e-01 -1.58181665e-01 -1.96104519e-01 -2.40108576e-01 -2.92592614e-01 -3.44208849e-01 -4.01348076e-01 -4.53758350e-01 -5.08701831e-01 -5.59001619e-01 -6.13759093e-01 -6.62816479e-01 -7.09164398e-01 -7.37060530e-01 -7.46355643e-01 -7.28291590e-01 -6.91491483e-01 -6.35568400e-01 -5.73571995e-01 -5.09408630e-01 -4.46687909e-01 -3.96604761e-01 -3.47816423e-01 -3.04792150e-01 -2.70408229e-01 -2.32047676e-01 -1.92866827e-01 -1.61898909e-01 -1.30318398e-01 -1.04024294e-01 -7.46756038e-02 -4.58341930e-02 -1.71226669e-02 9.56645906e-03 3.47337963e-02 5.71913656e-02 7.59400159e-02 9.11949943e-02 1.02973876e-01 1.06767397e-01 1.07684428e-01 9.79269360e-02 8.47045535e-02 6.66784974e-02 5.01498685e-02 3.85122207e-02 3.76618172e-02 4.81985639e-02 7.02365712e-02 1.03330538e-01 1.39201884e-01 1.79120527e-01 2.15281726e-01 2.51491188e-01 2.82166872e-01 3.13844879e-01 3.44308434e-01 3.73967185e-01 4.03157875e-01 4.30110975e-01 4.52778035e-01 4.69936332e-01 4.78127803e-01 4.83080104e-01 4.61766672e-01 4.63008704e-01 4.32791991e-01 4.17570585e-01 3.94374791e-01 3.33598240e-01 2.70900310e-01 2.10551518e-01 1.38346121e-01 7.18439262e-02 1.07551798e-02 -4.40034978e-02 -6.75626824e-02 -1.30023515e-01 -2.67136914e-01
1.61000000e+01 5.21457485e-01 6.83765966e-01 5.78887035e-01 4.89934560e-01 3.91293284e-01 3.03451488e-01 2.27322539e-01 1.95240427e-01 1.59049560e-01 1.46549623e-01 1.58896329e-01 1.20632167e-01 9.58449745e-02 5.12108974e-02 1.96066975e-02 6.28788900e-03 -7.58570660e-03 -2.57849578e-02 -4.86235873e-02 -7.05351728e-02 -9.61006941e-02 -1.24507656e-01 -1.57479698e-01 -1.94556650e-01 -2.38520430e-01 -2.90254885e-01 -3.41207756e-01 -3.97493174e-01 -4.49039827e-01 -5.03054571e-01 -5.52673817e-01 -6.06757904e-01 -6.55786705e-01 -7.02117290e-01 -7.30694041e-01 -7.40400803e-01 -7.23064184e-01 -6.86481358e-01 -6.31233094e-01 -5.69080364e-01 -5.05626477e-01 -4.42885976e-01 -3.92955183e-01 -3.44810057e-01 -3.01776161e-01 -2.68003826e-01 -2.30487487e-01 -1.91578732e-01 -1.60795193e-01 -1.29515496e-01 -1.03520257e-01 -7.42970129e-02 -4.56367415e-02 -1.71739616e-02 9.57483092e-03 3.42065742e-02 5.64723759e-02 7.47073672e-02 8.94142479e-02 1.00389062e-01 1.03389517e-01 1.03424656e-01 9.28704994e-02 7.89558152e-02 6.04443415e-02 4.36624566e-02 3.19941053e-02 3.12415358e-02 4.19753906e-02 6.42852867e-02 9.78568534e-02 1.34486971e-01 1.75352919e-01 2.12712076e-01 2.50155631e-01 2.82148892e-01 3.14950967e-01 3.46389410e-01 3.76785383e-01 4.06474002e-01 4.33547496e-01 4.56231627e-01 4.73094767e-01 4.80820969e-01 4.85394388e-01 4.62267560e-01 4.65590868e-01 4.33924321e-01 4.19383348e-01 3.94200674e-01 3.31791709e-01 2.72477044e-01 2.09342686e-01 1.37748196e-01 7.21519789e-02 1.05814824e-02 -4.35119664e-02 -6.70965339e-02 -1.31134515e-01 -2.65495117e-01
1.62000000e+01 5.07479488e-01 6.76779636e-01 5.71668724e-01 4.84762071e-01 3.86283582e-01 3.00946139e-01 2.24143160e-01 1.92628926e-01 1.57977128e-01 1.43622323e-01 1.56749756e-01 1.20160947e-01 9.59022180e-02 5.15670344e-02 1.84015065e-02 4.61622300e-03 -8.78547750e-03 -2.60409283e-02 -4.84038327e-02 -7.01236786e-02 -9.53869206e-02 -1.23777071e-01 -1.56784021e-01 -1.93018295e-01 -2.36981147e-01 -2.87914196e-01 -3.38283144e-01 -3.93645658e-01 -4.44406941e-01 -4.97409117e-01 -5.46407311e-01 -5.99706497e-01 -6.48741429e-01 -6.94950236e-01 -7.24243258e-01 -7.34305829e-01 -7.17757577e-01 -6.81362932e-01 -6.26851861e-01 -5.64558247e-01 -5.01796392e-01 -4.39141375e-01 -3.89296659e-01 -3.41828762e-01 -2.98824522e-01 -2.65602838e-01 -2.28946811e-01 -1.90339551e-01 -1.59708019e-01 -1.28745492e-01 -1.03016831e-01 -7.39282235e-02 -4.54464224e-02 -1.72349392e-02 9.57508879e-03 3.36657416e-02 5.57302842e-02 7.34613327e-02 8.76062977e-02 9.77641649e-02 9.99809127e-02 9.91178206e-02 8.78044219e-02 7.32067859e-02 5.42451706e-02 3.72308995e-02 2.55533797e-02 2.49048255e-02 3.58370253e-02 5.84105946e-02 9.24311302e-02 1.29819818e-01 1.71594120e-01 2.10153901e-01 2.48805079e-01 2.82134550e-01 3.16049505e-01 3.48451448e-01 3.79594060e-01 4.09757550e-01 4.36944635e-01 4.59634520e-01 4.76161887e-01 4.83454331e-01 4.87627650e-01 4.62693357e-01 4.68252551e-01 4.35004287e-01 4.20986443e-01 3.93847681e-01 3.29988135e-01 2.74054765e-01 2.07988046e-01 1.37254896e-01 7.24783225e-02 1.04324438e-02 -4.28788280e-02 -6.65702595e-02 -1.32145050e-01 -2.63682650e-01
1.63000000e+01 4.93312560e-01 6.69720771e-01 5.64384207e-01 4.79605322e-01 3.81312332e-01 2.98364785e-01 2.21199614e-01 1.89865429e-01 1.56969848e-01 1.40952398e-01 1.54417499e-01 1.19682010e-01 9.59369216e-02 5.20332471e-02 1.72943261e-02 2.97505747e-03 -1.00146549e-02 -2.63571166e-02 -4.82144518e-02 -6.97187314e-02 -9.46670928e-02 -1.23096850e-01 -1.56088202e-01 -1.91497132e-01 -2.35483069e-01 -2.85574011e-01 -3.35431729e-01 -3.89806498e-01 -4.39857188e-01 -4.91768783e-01 -5.40199811e-01 -5.92612047e-01 -6.41678306e-01 -6.87670599e-01 -7.17704305e-01 -7.28075161e-01 -7.12366499e-01 -6.76141752e-01 -6.22416816e-01 -5.60013911e-01 -4.97913007e-01 -4.35454147e-01 -3.85634711e-01 -3.38866628e-01 -2.95939692e-01 -2.63207566e-01 -2.27423633e-01 -1.89148523e-01 -1.58637069e-01 -1.28009316e-01 -1.02512171e-01 -7.35696833e-02 -4.52635306e-02 -1.73042009e-02 9.56444921e-03 3.31127094e-02 5.49628238e-02 7.22016605e-02 8.57694012e-02 9.50995609e-02 9.65409069e-02 9.47643612e-02 8.27295399e-02 6.74591743e-02 4.80820848e-02 3.08569634e-02 1.91907405e-02 1.86527088e-02 2.97842279e-02 5.26141247e-02 8.70546655e-02 1.25202627e-01 1.67845255e-01 2.07607815e-01 2.47439331e-01 2.82123135e-01 3.17138901e-01 3.50492153e-01 3.82391483e-01 4.13005006e-01 4.40301116e-01 4.62986370e-01 4.79134001e-01 4.86030492e-01 4.89775758e-01 4.63058054e-01 4.70989097e-01 4.36029550e-01 4.22358672e-01 3.93336031e-01 3.28218528e-01 2.75577199e-01 2.06527129e-01 1.36863107e-01 7.28097236e-02 1.03182372e-02 -4.21115633e-02 -6.59820959e-02 -1.33055530e-01 -2.61699566e-01
1.64000000e+01 4.78964554e-01 6.62587710e-01 5.57042642e-01 4.74448828e-01 3.76400996e-01 2.95683392e-01 2.18496499e-01 1.86972143e-01 1.55985946e-01 1.38558850e-01 1.51916097e-01 1.19181389e-01 9.59420212e-02 5.26030470e-02 1.62873447e-02 1.37490140e-03 -1.12685559e-02 -2.67393360e-02 -4.80567234e-02 -6.93171460e-02 -9.39454909e-02 -1.22465744e-01 -1.55386588e-01 -1.90000861e-01 -2.34017872e-01 -2.83238850e-01 -3.32648990e-01 -3.85977943e-01 -4.35386645e-01 -4.86138180e-01 -5.34047498e-01 -5.85483011e-01 -6.34593791e-01 -6.80286881e-01 -7.11072575e-01 -7.21714144e-01 -7.06885047e-01 -6.70823993e-01 -6.17919923e-01 -5.55455013e-01 -4.93972244e-01 -4.31822849e-01 -3.81975531e-01 -3.35918078e-01 -2.93123310e-01 -2.60820670e-01 -2.25916122e-01 -1.88004560e-01 -1.57582202e-01 -1.27307650e-01 -1.02004671e-01 -7.32218458e-02 -4.50882972e-02 -1.73803382e-02 9.54009959e-03 3.25488485e-02 5.41678585e-02 7.09278483e-02 8.39018673e-02 9.23957489e-02 9.30686584e-02 9.03651459e-02 7.76464486e-02 6.17149212e-02 4.19559838e-02 2.45424479e-02 1.29067639e-02 1.24861997e-02 2.38176772e-02 4.68974338e-02 8.17288482e-02 1.20637411e-01 1.64107681e-01 2.05074231e-01 2.46058473e-01 2.82113799e-01 3.18217430e-01 3.52509391e-01 3.85175693e-01 4.16212900e-01 4.43615498e-01 4.66286695e-01 4.82007851e-01 4.88552360e-01 4.91834099e-01 4.63376897e-01 4.73793558e-01 4.36997651e-01 4.23480645e-01 3.92687276e-01 3.26512168e-01 2.76986335e-01 2.05003873e-01 1.36565845e-01 7.31345393e-02 1.02494830e-02 -4.12191029e-02 -6.53291720e-02 -1.33866927e-01 -2.59545819e-01
1.65000000e+01 4.64443742e-01 6.55378475e-01 5.49653516e-01 4.69277187e-01 3.71568966e-01 2.92882633e-01 2.16031736e-01 1.83976076e-01 1.54985039e-01 1.36453805e-01 1.49267368e-01 1.18644651e-01 9.59106157e-02 5.32692485e-02 1.53820751e-02 -1.73758218e-04 -1.25421340e-02 -2.71929132e-02 -4.79317843e-02 -6.89160775e-02 -9.32269607e-02 -1.21881361e-01 -1.54674467e-01 -1.88536941e-01 -2.32576850e-01 -2.80914069e-01 -3.29929331e-01 -3.82163388e-01 -4.30990119e-01 -4.80523050e-01 -5.27945226e-01 -5.78328894e-01 -6.27483375e-01 -6.72808476e-01 -7.04342957e-01 -7.15228819e-01 -7.01306903e-01 -6.65416211e-01 -6.13353274e-01 -5.50888356e-01 -4.89971450e-01 -4.28244605e-01 -3.78325800e-01 -3.32978014e-01 -2.90376168e-01 -2.58445118e-01 -2.24422654e-01 -1.86906253e-01 -1.56543483e-01 -1.26640856e-01 -1.01493026e-01 -7.28851421e-02 -4.49208924e-02 -1.74619672e-02 9.49922757e-03 3.19754636e-02 5.33434130e-02 6.96391459e-02 8.20020478e-02 8.96533404e-02 8.95631683e-02 8.59214813e-02 7.25554991e-02 5.59761706e-02 3.58675803e-02 1.82891707e-02 6.70192495e-03 6.40629212e-03 1.79379750e-02 4.12620053e-02 7.64551741e-02 1.16125964e-01 1.60383002e-01 2.02553344e-01 2.44662912e-01 2.82105534e-01 3.19283230e-01 3.54501317e-01 3.87944489e-01 4.19377861e-01 4.46886179e-01 4.69534785e-01 4.84780686e-01 4.91023106e-01 4.93797652e-01 4.63666237e-01 4.76656729e-01 4.37905957e-01 4.24335263e-01 3.91923893e-01 3.24895882e-01 2.78224144e-01 2.03465109e-01 1.36352774e-01 7.34429321e-02 1.02368600e-02 -4.02115393e-02 -6.46076520e-02 -1.34580726e-01 -2.57221281e-01
1.66000000e+01 4.49758781e-01 6.48090903e-01 5.42226332e-01 4.64075627e-01 3.66832874e-01 2.89948365e-01 2.13796782e-01 1.80907995e-01 1.53929371e-01 1.34642071e-01 1.46497993e-01 1.18057232e-01 9.58360058e-02 5.40239694e-02 1.45794142e-02 -1.66062849e-03 -1.38300029e-02 -2.77225451e-02 -4.78406621e-02 -6.85131192e-02 -9.25167644e-02 -1.21340224e-01 -1.53948180e-01 -1.87112332e-01 -2.31151192e-01 -2.78605607e-01 -3.27266288e-01 -3.78367189e-01 -4.26661341e-01 -4.74930052e-01 -5.21886771e-01 -5.71159966e-01 -6.20341864e-01 -6.65245392e-01 -6.97510087e-01 -7.08625697e-01 -6.95625576e-01 -6.59925081e-01 -6.08709359e-01 -5.46319663e-01 -4.85909489e-01 -4.24715200e-01 -3.74692507e-01 -3.30041963e-01 -2.87698194e-01 -2.56084127e-01 -2.22941837e-01 -1.85851880e-01 -1.55521202e-01 -1.26008902e-01 -1.00976284e-01 -7.25599461e-02 -4.47614369e-02 -1.75477685e-02 9.43905905e-03 3.13937666e-02 5.24876930e-02 6.83345722e-02 8.00683289e-02 8.68730357e-02 8.60233075e-02 8.14351038e-02 6.74568090e-02 5.02452290e-02 2.98174267e-02 1.20989459e-02 5.76619382e-04 4.13941683e-04 1.21456519e-02 3.57092497e-02 7.12352592e-02 1.11669824e-01 1.56673078e-01 2.00045122e-01 2.43253404e-01 2.82097151e-01 3.20334306e-01 3.56466378e-01 3.90695422e-01 4.22496666e-01 4.50111404e-01 4.72729615e-01 4.87450326e-01 4.93446106e-01 4.95661083e-01 4.63943338e-01 4.79567246e-01 4.38751619e-01 4.24908164e-01 3.91068861e-01 3.23393344e-01 2.79234346e-01 2.01958917e-01 1.36210873e-01 7.37270019e-02 1.02907279e-02 -3.90998125e-02 -6.38129110e-02 -1.35198868e-01 -2.54725750e-01
1.67000000e+01 4.34918658e-01 6.40722784e-01 5.34770300e-01 4.58830520e-01 3.62206037e-01 2.86871927e-01 2.11777050e-01 1.77801278e-01 1.52784957e-01 1.33120916e-01 1.43638932e-01 1.17404823e-01 9.57117367e-02 5.48586286e-02 1.38797152e-02 -3.07578738e-03 -1.51264684e-02 -2.83321520e-02 -4.77843155e-02 -6.81063889e-02 -9.18204187e-02 -1.20837881e-01 -1.53205209e-01 -1.85733269e-01 -2.29732279e-01 -2.76319718e-01 -3.24652762e-01 -3.74594458e-01 -4.22393192e-01 -4.69366509e-01 -5.15865115e-01 -5.63986955e-01 -6.13163675e-01 -6.57607951e-01 -6.90568604e-01 -7.01911512e-01 -6.89834642e-01 -6.54357143e-01 -6.03981328e-01 -5.41753399e-01 -4.81786772e-01 -4.21229211e-01 -3.71082744e-01 -3.27106191e-01 -2.85088462e-01 -2.53741099e-01 -2.21472513e-01 -1.84839432e-01 -1.54515886e-01 -1.25411315e-01 -1.00453903e-01 -7.22465406e-02 -4.46100096e-02 -1.76365351e-02 9.35690960e-03 3.08048450e-02 5.15990975e-02 6.70129428e-02 7.80991303e-02 8.40555860e-02 8.24478629e-02 7.69081500e-02 6.23502889e-02 4.45245175e-02 2.38059516e-02 5.97355706e-03 -5.46880880e-03 -5.48995751e-03 6.44117263e-03 3.02405029e-02 6.60708509e-02 1.07270249e-01 1.52980021e-01 1.97549322e-01 2.41831066e-01 2.82087249e-01 3.21368546e-01 3.58403312e-01 3.93425784e-01 4.25566287e-01 4.53289288e-01 4.75869771e-01 4.90015215e-01 4.95824866e-01 4.97418867e-01 4.64226128e-01 4.82511731e-01 4.39531506e-01 4.25188152e-01 3.90145219e-01 3.22024406e-01 2.79964187e-01 2.00532911e-01 1.36125209e-01 7.39808335e-02 1.04207729e-02 -3.78953807e-02 -6.29397343e-02 -1.35723663e-01 -2.52058971e-01
1.68000000e+01 4.19932648e-01 6.33271988e-01 5.27294047e-01 4.53529835e-01 3.57698005e-01 2.83650232e-01 2.09952509e-01 1.74690705e-01 1.51522590e-01 1.31880072e-01 1.40724704e-01 1.16673769e-01 9.55316381e-02 5.57639486e-02 1.32828657e-02 -4.40985926e-03 -1.64255673e-02 -2.90247323e-02 -4.77636793e-02 -6.76946050e-02 -9.11435229e-02 -1.20369029e-01 -1.52444213e-01 -1.84405048e-01 -2.28311965e-01 -2.74062682e-01 -3.22081277e-01 -3.70850814e-01 -4.18177967e-01 -4.63840128e-01 -5.09872758e-01 -5.56820710e-01 -6.05943156e-01 -6.49906480e-01 -6.83513430e-01 -6.95092980e-01 -6.83927993e-01 -6.48718553e-01 -5.99163227e-01 -5.37192623e-01 -4.77605250e-01 -4.17780169e-01 -3.67503503e-01 -3.24167799e-01 -2.82545215e-01 -2.51419550e-01 -2.20013773e-01 -1.83866637e-01 -1.53528299e-01 -1.24847146e-01 -9.99257807e-02 -7.19450870e-02 -4.44666504e-02 -1.77272292e-02 9.25024730e-03 3.02096247e-02 5.06762250e-02 6.56729008e-02 7.60929150e-02 8.12017436e-02 7.88355974e-02 7.23431055e-02 5.72356811e-02 3.88165194e-02 1.78335056e-02 -8.52762268e-05 -1.14340366e-02 -1.13045990e-02 8.24945661e-04 2.48570209e-02 6.09638369e-02 1.02928200e-01 1.49306192e-01 1.95065507e-01 2.40397377e-01 2.82074212e-01 3.22383749e-01 3.60311123e-01 3.96132618e-01 4.28583937e-01 4.56417853e-01 4.78953387e-01 4.92474470e-01 4.98162943e-01 4.99065434e-01 4.64532919e-01 4.85474987e-01 4.40242149e-01 4.25167569e-01 3.89175645e-01 3.20804513e-01 2.80366141e-01 1.99232502e-01 1.36079794e-01 7.42004689e-02 1.06356855e-02 -3.66098866e-02 -6.19825359e-02 -1.36157705e-01 -2.49220656e-01
1.69000000e+01 4.04810262e-01 6.25736599e-01 5.19805357e-01 4.48163513e-01 3.53314271e-01 2.80285685e-01 2.08298459e-01 1.71611234e-01 1.50118687e-01 1.30901980e-01 1.37792520e-01 1.15851512e-01 9.52898587e-02 5.67299662e-02 1.27883655e-02 -5.65418502e-03 -1.77211137e-02 -2.98022252e-02 -4.77797057e-02 -6.72771513e-02 -9.04915851e-02 -1.19927690e-01 -1.51665026e-01 -1.83131867e-01 -2.26882839e-01 -2.71840534e-01 -3.19544246e-01 -3.67142129e-01 -4.14007652e-01 -4.58358705e-01 -5.03902046e-01 -5.49671866e-01 -5.98674906e-01 -6.42151010e-01 -6.76340025e-01 -6.88176554e-01 -6.77900076e-01 -6.43014853e-01 -5.94250188e-01 -5.32638898e-01 -4.73368342e-01 -4.14360753e-01 -3.63961472e-01 -3.21224808e-01 -2.80065916e-01 -2.49123049e-01 -2.18564957e-01 -1.82930993e-01 -1.52559429e-01 -1.24314952e-01 -9.93922885e-02 -7.16556013e-02 -4.43313577e-02 -1.78190421e-02 9.11675855e-03 2.96088298e-02 4.97178792e-02 6.43129447e-02 7.40482121e-02 7.83122040e-02 7.51853184e-02 6.77427370e-02 5.21126130e-02 3.31237280e-02 1.19004084e-02 -6.07593639e-03 -1.73187286e-02 -1.70292914e-02 -4.70266635e-03 1.95599733e-02 5.59162512e-02 9.86443230e-02 1.45654183e-01 1.92593091e-01 2.38954156e-01 2.82056198e-01 3.23377652e-01 3.62189043e-01 3.98812721e-01 4.31547099e-01 4.59495057e-01 4.81978102e-01 4.94827924e-01 5.00463839e-01 5.00595331e-01 4.64882078e-01 4.88440245e-01 4.40879689e-01 4.24842606e-01 3.88182032e-01 3.19744198e-01 2.80399495e-01 1.98099216e-01 1.36058484e-01 7.43838095e-02 1.09428787e-02 -3.52548282e-02 -6.09355858e-02 -1.36503763e-01 -2.46210501e-01
1.70000000e+01 3.89561197e-01 6.18115025e-01 5.12310945e-01 4.42723768e-01 3.49056118e-01 2.76785904e-01 2.06786428e-01 1.68596789e-01 1.48555940e-01 1.30162244e-01 1.34881314e-01 1.14927031e-01 9.49808949e-02 5.77460545e-02 1.23954028e-02 -6.80098317e-03 -1.90067495e-02 -3.06653899e-02 -4.78333990e-02 -6.68541323e-02 -8.98698499e-02 -1.19507395e-01 -1.50868615e-01 -1.81916693e-01 -2.25438461e-01 -2.69658786e-01 -3.17034242e-01 -3.63474261e-01 -4.09874209e-01 -4.52929829e-01 -4.97945499e-01 -5.42550509e-01 -5.91354084e-01 -6.34350980e-01 -6.69044642e-01 -6.81168210e-01 -6.71746108e-01 -6.37250777e-01 -5.89238598e-01 -5.28092239e-01 -4.69080825e-01 -4.10963009e-01 -3.60462837e-01 -3.18276200e-01 -2.77647312e-01 -2.46855150e-01 -2.17125648e-01 -1.82029801e-01 -1.51610471e-01 -1.23812806e-01 -9.88542817e-02 -7.13779341e-02 -4.42040881e-02 -1.79114432e-02 8.95440615e-03 2.90029459e-02 4.87230735e-02 6.29314517e-02 7.19636508e-02 7.53875473e-02 7.14959422e-02 6.31100170e-02 4.69806568e-02 2.74485965e-02 6.00699691e-03 -1.19969469e-02 -2.31225048e-02 -2.26634842e-02 -1.01413330e-02 1.43504336e-02 5.09302766e-02 9.44189595e-02 1.42026789e-01 1.90131385e-01 2.37503527e-01 2.82031146e-01 3.24347967e-01 3.64036483e-01 4.01462663e-01 4.34453556e-01 4.62518838e-01 4.84941033e-01 4.97076159e-01 5.02730899e-01 5.02003412e-01 4.65291674e-01 4.91389455e-01 4.41439824e-01 4.24213543e-01 3.87185106e-01 3.18848703e-01 2.80031757e-01 1.97169116e-01 1.36045883e-01 7.45304623e-02 1.13482523e-02 -3.38412458e-02 -5.97932415e-02 -1.36764680e-01 -2.43028216e-01
1.71000000e+01 3.74195292e-01 6.10406099e-01 5.04816282e-01 4.37205279e-01 3.44920613e-01 2.73163275e-01 2.05385176e-01 1.65679118e-01 1.46823762e-01 1.29630318e-01 1.32030691e-01 1.13891289e-01 9.45996141e-02 5.88009576e-02 1.21029220e-02 -7.84349829e-03 -2.02759951e-02 -3.16137097e-02 -4.79258353e-02 -6.64264160e-02 -8.92831364e-02 -1.19101384e-01 -1.50056996e-01 -1.80761186e-01 -2.23973566e-01 -2.67522189e-01 -3.14544257e-01 -3.59852793e-01 -4.05769863e-01 -4.47560582e-01 -4.91996129e-01 -5.35465859e-01 -5.83976706e-01 -6.26514970e-01 -6.61624545e-01 -6.74073242e-01 -6.65462271e-01 -6.31430073e-01 -5.84126201e-01 -5.23551129e-01 -4.64748673e-01 -4.07578587e-01 -3.57013101e-01 -3.15321952e-01 -2.75285519e-01 -2.44619328e-01 -2.15695671e-01 -1.81160201e-01 -1.50682802e-01 -1.23338315e-01 -9.83130967e-02 -7.11117577e-02 -4.40847654e-02 -1.80042129e-02 8.76147187e-03 2.83921905e-02 4.76910358e-02 6.15266938e-02 6.98380004e-02 7.24281841e-02 6.77665507e-02 5.84480477e-02 4.18393929e-02 2.17934943e-02 1.53669601e-04 -1.78470081e-02 -2.88449120e-02 -2.82067911e-02 -1.54907420e-02 9.22937021e-03 4.60082430e-02 9.02521523e-02 1.38426980e-01 1.87679654e-01 2.36047865e-01 2.81996792e-01 3.25292414e-01 3.65852974e-01 4.04078807e-01 4.37301402e-01 4.65487151e-01 4.87838768e-01 4.99220532e-01 5.04967185e-01 5.03285026e-01 4.65779108e-01 4.94303608e-01 4.41917773e-01 4.23284890e-01 3.86204051e-01 3.18117741e-01 2.79239833e-01 1.96471391e-01 1.36028206e-01 7.46415429e-02 1.18560098e-02 -3.23794314e-02 -5.85501752e-02 -1.36943259e-01 -2.39673548e-01
1.72000000e+01 3.58722480e-01 6.02609163e-01 4.97325472e-01 4.31605295e-01 3.40900761e-01 2.69434358e-01 2.04061758e-01 1.62886741e-01 1.44918502e-01 1.29270371e-01 1.29279818e-01 1.12737651e-01 9.41412801e-02 5.98828381e-02 1.19096826e-02 -8.77613276e-03 -2.15222992e-02 -3.26453276e-02 -4.80581664e-02 -6.59956657e-02 -8.87356901e-02 -1.18702823e-01 -1.49233108e-01 -1.79665665e-01 -2.22484211e-01 -2.65434507e-01 -3.12067941e-01 -3.56282781e-01 -4.01687365e-01 -4.42257272e-01 -4.86047734e-01 -5.28425983e-01 -5.76539893e-01 -6.18650469e-01 -6.54078197e-01 -6.66896099e-01 -6.59045870e-01 -6.25555382e-01 -5.78912167e-01 -5.19012569e-01 -4.60378865e-01 -4.04198990e-01 -3.53616924e-01 -3.12363034e-01 -2.72976123e-01 -2.42418916e-01 -2.14275082e-01 -1.80319210e-01 -1.49777947e-01 -1.22888667e-01 -9.77705249e-02 -7.08565634e-02 -4.39732955e-02 -1.80974526e-02 8.53658134e-03 2.77764913e-02 4.66212146e-02 6.00968481e-02 6.76702097e-02 6.94343123e-02 6.39964320e-02 5.37599917e-02 3.66884718e-02 1.61606704e-02 -5.65907528e-03 -2.36250265e-02 -3.44854041e-02 -3.36590071e-02 -2.07505847e-02 4.19763638e-03 4.11526200e-02 8.61436717e-02 1.34857855e-01 1.85237180e-01 2.34589735e-01 2.81950695e-01 3.26208755e-01 3.67638103e-01 4.06657332e-01 4.40089050e-01 4.68397997e-01 4.90667380e-01 5.01263195e-01 5.07175353e-01 5.04436229e-01 4.66360715e-01 4.97163093e-01 4.42308253e-01 4.22065451e-01 3.85256168e-01 3.17545427e-01 2.78010932e-01 1.96027156e-01 1.35994073e-01 7.47194501e-02 1.24685286e-02 -3.08786708e-02 -5.72015888e-02 -1.37042164e-01 -2.36146303e-01
1.73000000e+01 3.43152755e-01 5.94724122e-01 4.89841178e-01 4.25923629e-01 3.36985782e-01 2.65619168e-01 2.02782615e-01 1.60244032e-01 1.42843443e-01 1.29042330e-01 1.26666307e-01 1.11462248e-01 9.36015822e-02 6.09793416e-02 1.18143014e-02 -9.59455668e-03 -2.27390858e-02 -3.37570145e-02 -4.82316077e-02 -6.55643563e-02 -8.82310546e-02 -1.18305009e-01 -1.48400670e-01 -1.78629122e-01 -2.20967892e-01 -2.63398345e-01 -3.09599815e-01 -3.52768538e-01 -3.97620238e-01 -4.37025178e-01 -4.80095153e-01 -5.21437550e-01 -5.69042083e-01 -6.10763684e-01 -6.46405405e-01 -6.59640262e-01 -6.52495445e-01 -6.19628153e-01 -5.73597104e-01 -5.14472200e-01 -4.55979153e-01 -4.00815822e-01 -3.50277982e-01 -3.09401378e-01 -2.70714292e-01 -2.40257041e-01 -2.12864163e-01 -1.79503760e-01 -1.48897539e-01 -1.22460691e-01 -9.72287640e-02 -7.06116710e-02 -4.38695841e-02 -1.81915787e-02 8.27871462e-03 2.71554683e-02 4.55132857e-02 5.86400018e-02 6.54594410e-02 6.64058905e-02 6.01851049e-02 4.90490124e-02 3.15276693e-02 1.05522279e-02 -1.14306094e-02 -2.93301354e-02 -4.00433326e-02 -3.90201184e-02 -2.59205444e-02 -7.44037299e-04 3.63660048e-02 8.20930470e-02 1.31322599e-01 1.82803322e-01 2.33131822e-01 2.81890270e-01 3.27094822e-01 3.69391445e-01 4.09194262e-01 4.42815219e-01 4.71249452e-01 4.93422465e-01 5.03207112e-01 5.09357522e-01 5.05453978e-01 4.67051387e-01 4.99948077e-01 4.42605472e-01 4.20568280e-01 3.84356545e-01 3.17120394e-01 2.76343153e-01 1.95848529e-01 1.35935187e-01 7.47676266e-02 1.31862861e-02 -2.93470236e-02 -5.57434091e-02 -1.37063823e-01 -2.32446374e-01
1.74000000e+01 3.27496129e-01 5.86751484e-01 4.82364613e-01 4.20162567e-01 3.33161526e-01 2.61740354e-01 2.01514658e-01 1.57770463e-01 1.40608561e-01 1.28903055e-01 1.24225111e-01 1.10064288e-01 9.29766711e-02 6.20776791e-02 1.18152762e-02 -1.02957909e-02 -2.39198010e-02 -3.49441657e-02 -4.84474163e-02 -6.51357735e-02 -8.77719626e-02 -1.17901578e-01 -1.47563995e-01 -1.77649283e-01 -2.19423595e-01 -2.61415013e-01 -3.07135444e-01 -3.49313432e-01 -3.93562984e-01 -4.31868346e-01 -4.74134478e-01 -5.14505629e-01 -5.61483197e-01 -6.02859402e-01 -6.38607420e-01 -6.52308157e-01 -6.45810852e-01 -6.13648606e-01 -5.68183019e-01 -5.09924452e-01 -4.51557812e-01 -3.97421040e-01 -3.46998866e-01 -3.06439825e-01 -2.68494897e-01 -2.38136552e-01 -2.11463406e-01 -1.78710737e-01 -1.48043278e-01 -1.22050933e-01 -9.66903507e-02 -7.03762524e-02 -4.37735502e-02 -1.82873056e-02 7.98720720e-03 2.65284148e-02 4.43671604e-02 5.71541562e-02 6.32050912e-02 6.33426302e-02 5.63323295e-02 4.43182245e-02 2.63569325e-02 4.97010736e-03 -1.71601537e-02 -3.49617052e-02 -4.55179489e-02 -4.42903037e-02 -3.10002885e-02 -5.59504901e-03 3.16511059e-02 7.80996057e-02 1.27824435e-01 1.80377577e-01 2.31676852e-01 2.81812836e-01 3.27948547e-01 3.71112509e-01 4.11685496e-01 4.45478928e-01 4.74039683e-01 4.96099191e-01 5.05056054e-01 5.11515150e-01 5.06336332e-01 4.67864183e-01 5.02638892e-01 4.42803142e-01 4.18810561e-01 3.83517752e-01 3.16826097e-01 2.74245741e-01 1.95937996e-01 1.35846877e-01 7.47903217e-02 1.40078418e-02 -2.77911492e-02 -5.41724559e-02 -1.37010347e-01 -2.28573762e-01
1.75000000e+01 3.11762606e-01 5.78692370e-01 4.74895585e-01 4.14326669e-01 3.29410988e-01 2.57822316e-01 2.00226301e-01 1.55480022e-01 1.38230072e-01 1.28807621e-01 1.21987479e-01 1.08546278e-01 9.22632029e-02 6.31647306e-02 1.19109852e-02 -1.08782588e-02 -2.50579634e-02 -3.62008175e-02 -4.87068671e-02 -6.47139930e-02 -8.73602501e-02 -1.17486699e-01 -1.46727799e-01 -1.76722708e-01 -2.17851803e-01 -2.59484438e-01 -3.04671567e-01 -3.45919741e-01 -3.89511252e-01 -4.26789426e-01 -4.68163220e-01 -5.07633552e-01 -5.53864734e-01 -5.94940908e-01 -6.30686974e-01 -6.44901122e-01 -6.38993280e-01 -6.07615745e-01 -5.62673236e-01 -5.05362749e-01 -4.47123364e-01 -3.94007179e-01 -3.43781001e-01 -3.03482037e-01 -2.66312641e-01 -2.36059963e-01 -2.10073501e-01 -1.77937027e-01 -1.47216880e-01 -1.21655736e-01 -9.61580794e-02 -7.01493671e-02 -4.36851329e-02 -1.83856222e-02 7.66174444e-03 2.58942761e-02 4.31829952e-02 5.56372304e-02 6.09067958e-02 6.02440112e-02 5.24381064e-02 3.95706536e-02 2.11764158e-02 -5.83917453e-04 -2.28467680e-02 -4.05193454e-02 -5.09084195e-02 -4.94699265e-02 -3.59894658e-02 -1.03549289e-02 2.70107238e-02 7.41625161e-02 1.24366576e-01 1.77959634e-01 2.30227519e-01 2.81715660e-01 3.28767981e-01 3.72800679e-01 4.14126836e-01 4.48079462e-01 4.76766955e-01 4.98692375e-01 5.06814599e-01 5.13648912e-01 5.07082632e-01 4.68809979e-01 5.05216423e-01 4.42894524e-01 4.16813393e-01 3.82749536e-01 3.16641311e-01 2.71738988e-01 1.96288118e-01 1.35728467e-01 7.47923672e-02 1.49298708e-02 -2.62161827e-02 -5.24865766e-02 -1.36883459e-01 -2.24528595e-01
1.76000000e+01 2.95962156e-01 5.70548502e-01 4.67432595e-01 4.08422498e-01 3.25714919e-01 2.53890282e-01 1.98888411e-01 1.53380838e-01 1.35729781e-01 1.28710649e-01 1.19979996e-01 1.06914153e-01 9.14583913e-02 6.42271710e-02 1.20996620e-02 -1.13418038e-02 -2.61472187e-02 -3.75196801e-02 -4.90112325e-02 -6.43038344e-02 -8.69967973e-02 -1.17055262e-01 -1.45896991e-01 -1.75844925e-01 -2.16254449e-01 -2.57605135e-01 -3.02206182e-01 -3.42588540e-01 -3.85461958e-01 -4.21789559e-01 -4.62180409e-01 -5.00822833e-01 -5.46189813e-01 -5.87009957e-01 -6.22648281e-01 -6.37419419e-01 -6.32045238e-01 -6.01527425e-01 -5.57072257e-01 -5.00779733e-01 -4.42684302e-01 -3.90567572e-01 -3.40624610e-01 -3.00532393e-01 -2.64162184e-01 -2.34029386e-01 -2.08695316e-01 -1.77179564e-01 -1.46420024e-01 -1.21271337e-01 -9.56349135e-02 -6.99300053e-02 -4.36042908e-02 -1.84877642e-02 7.30234890e-03 2.52516284e-02 4.19612000e-02 5.40870672e-02 5.85644163e-02 5.71093155e-02 4.85026670e-02 3.48092039e-02 1.59865073e-02 -6.10823531e-03 -2.84893500e-02 -4.60028969e-02 -5.62138500e-02 -5.45595190e-02 -4.08877117e-02 -1.50233394e-02 2.24477292e-02 7.02808328e-02 1.20952177e-01 1.75549427e-01 2.28786404e-01 2.81596013e-01 3.29551314e-01 3.74455176e-01 4.16514023e-01 4.50616342e-01 4.79429631e-01 5.01196571e-01 5.08488105e-01 5.15758591e-01 5.07693650e-01 4.69897142e-01 5.07662488e-01 4.42872489e-01 4.14601502e-01 3.82058560e-01 3.16540802e-01 2.68853776e-01 1.96881570e-01 1.35583471e-01 7.47789809e-02 1.59472481e-02 -2.46256661e-02 -5.06847441e-02 -1.36684437e-01 -2.20311147e-01
1.77000000e+01 2.80104693e-01 5.62322163e-01 4.59972984e-01 4.02458276e-01 3.22052492e-01 2.49969388e-01 1.97475147e-01 1.51475001e-01 1.33134249e-01 1.28567672e-01 1.18223738e-01 1.05177305e-01 9.05600690e-02 6.52516151e-02 1.23793473e-02 -1.16876725e-02 -2.71813983e-02 -3.88921857e-02 -4.93617661e-02 -6.39107898e-02 -8.66814996e-02 -1.16603045e-01 -1.45076466e-01 -1.75010598e-01 -2.14634831e-01 -2.55774228e-01 -2.99738570e-01 -3.39319645e-01 -3.81413349e-01 -4.16868326e-01 -4.56186639e-01 -4.94073159e-01 -5.38463150e-01 -5.79066822e-01 -6.14496966e-01 -6.29862293e-01 -6.24970486e-01 -5.95380456e-01 -5.51385596e-01 -4.96167526e-01 -4.38248817e-01 -3.87096529e-01 -3.37528702e-01 -2.97595858e-01 -2.62038275e-01 -2.32046485e-01 -2.07329864e-01 -1.76435383e-01 -1.45654308e-01 -1.20893946e-01 -9.51238957e-02 -6.97171369e-02 -4.35309969e-02 -1.85951812e-02 6.90935757e-03 2.45986663e-02 4.07024431e-02 5.25014409e-02 5.61780107e-02 5.39376790e-02 4.45264601e-02 3.00366308e-02 1.07878453e-02 -1.16013862e-02 -3.40866410e-02 -5.14124192e-02 -6.14333186e-02 -5.95597592e-02 -4.56946595e-02 -1.96000712e-02 1.79650398e-02 6.64535430e-02 1.17584290e-01 1.73147174e-01 2.27355900e-01 2.81451222e-01 3.30296886e-01 3.76075019e-01 4.18842766e-01 4.53089288e-01 4.82026163e-01 5.03606173e-01 5.10082677e-01 5.17843003e-01 5.08171723e-01 4.71131250e-01 5.09960189e-01 4.42729629e-01 4.12202871e-01 3.81448161e-01 3.16496153e-01 2.65630790e-01 1.97691531e-01 1.35419594e-01 7.47556052e-02 1.70531761e-02 -2.30215352e-02 -4.87671147e-02 -1.36414080e-01 -2.15921849e-01
1.78000000e+01 2.64200066e-01 5.54016147e-01 4.52513127e-01 3.96443477e-01 3.18402020e-01 2.46083781e-01 1.95964666e-01 1.49758601e-01 1.30473810e-01 1.28336466e-01 1.16733585e-01 1.03348496e-01 8.95667631e-02 6.62247795e-02 1.27478221e-02 -1.19184664e-02 -2.81545809e-02 -4.03085571e-02 -4.97596857e-02 -6.35409268e-02 -8.64132759e-02 -1.16126849e-01 -1.44270898e-01 -1.74213709e-01 -2.12997473e-01 -2.53987521e-01 -2.97269277e-01 -3.36111604e-01 -3.77365019e-01 -4.12023751e-01 -4.50184047e-01 -4.87382444e-01 -5.30690963e-01 -5.71110378e-01 -6.06239953e-01 -6.22228075e-01 -6.17773927e-01 -5.89170753e-01 -5.45619564e-01 -4.91518001e-01 -4.33824523e-01 -3.83589497e-01 -3.34491104e-01 -2.94677842e-01 -2.59935873e-01 -2.30112434e-01 -2.05978271e-01 -1.75701671e-01 -1.44921191e-01 -1.20519841e-01 -9.46280580e-02 -6.95097607e-02 -4.34652318e-02 -1.87094970e-02 6.48338677e-03 2.39332056e-02 3.94076473e-02 5.08780667e-02 5.37477945e-02 5.07281504e-02 4.05101361e-02 2.52555177e-02 5.58133009e-03 -1.70620459e-02 -3.96372381e-02 -5.67481710e-02 -6.65659140e-02 -6.44714418e-02 -5.04099582e-02 -2.40850369e-02 1.35655936e-02 6.26796145e-02 1.14265826e-01 1.70753414e-01 2.25938137e-01 2.81278729e-01 3.31003207e-01 3.77659010e-01 4.21108779e-01 4.55498171e-01 4.84555068e-01 5.05915531e-01 5.11605111e-01 5.19899929e-01 5.08520825e-01 4.72514869e-01 5.12094229e-01 4.42458386e-01 4.09648297e-01 3.80918171e-01 3.16476706e-01 2.62119415e-01 1.98682403e-01 1.35248529e-01 7.47277897e-02 1.82393514e-02 -2.14041643e-02 -4.67350477e-02 -1.36072685e-01 -2.11361297e-01
1.79000000e+01 2.48258050e-01 5.45633675e-01 4.45048649e-01 3.90388389e-01 3.14741680e-01 2.42255786e-01 1.94339664e-01 1.48221962e-01 1.27781472e-01 1.27978319e-01 1.15517691e-01 1.01443658e-01 8.84777838e-02 6.71336530e-02 1.32025290e-02 -1.20380666e-02 -2.90611528e-02 -4.17579003e-02 -5.02061510e-02 -6.32007693e-02 -8.61901122e-02 -1.15624607e-01 -1.43484549e-01 -1.73447760e-01 -2.11347960e-01 -2.52239620e-01 -2.94800044e-01 -3.32961743e-01 -3.73317866e-01 -4.07252364e-01 -4.44176234e-01 -4.80746943e-01 -5.22880827e-01 -5.63138261e-01 -5.97885300e-01 -6.14514331e-01 -6.10461463e-01 -5.82893521e-01 -5.39781038e-01 -4.86823060e-01 -4.29418221e-01 -3.80043176e-01 -3.31508514e-01 -2.91784037e-01 -2.57850264e-01 -2.28227896e-01 -2.04641727e-01 -1.74975825e-01 -1.44221948e-01 -1.20145450e-01 -9.41503353e-02 -6.93069551e-02 -4.34069759e-02 -1.88324665e-02 6.02528475e-03 2.32527087e-02 3.80779748e-02 4.92146122e-02 5.12740947e-02 4.74797537e-02 3.64545322e-02 2.04682561e-02 3.68128769e-04 -2.24890094e-02 -4.51396080e-02 -6.20105873e-02 -7.16107777e-02 -6.92954462e-02 -5.50332960e-02 -2.84782585e-02 9.25231922e-03 5.89580447e-02 1.10999522e-01 1.68369027e-01 2.24534917e-01 2.81076144e-01 3.31668958e-01 3.79205712e-01 4.23307816e-01 4.57842969e-01 4.87014904e-01 5.08119077e-01 5.13062820e-01 5.21926100e-01 5.08746610e-01 4.74047392e-01 5.14051186e-01 4.42051229e-01 4.06970875e-01 3.80464806e-01 3.16450597e-01 2.58376352e-01 1.99810842e-01 1.35085567e-01 7.47011210e-02 1.94961631e-02 -1.97724620e-02 -4.45910866e-02 -1.35660043e-01 -2.06630256e-01
1.80000000e+01 2.32288341e-01 5.37178314e-01 4.37574679e-01 3.84303648e-01 3.11050230e-01 2.38505161e-01 1.92587747e-01 1.46850075e-01 1.25091739e-01 1.27459201e-01 1.14577159e-01 9.94815729e-02 8.72933318e-02 6.79656703e-02 1.37404890e-02 -1.20515376e-02 -2.98958662e-02 -4.32283244e-02 -5.07022305e-02 -6.28971611e-02 -8.60091392e-02 -1.15095453e-01 -1.42721101e-01 -1.72705980e-01 -2.09692733e-01 -2.50524102e-01 -2.92333680e-01 -3.29866253e-01 -3.69273996e-01 -4.02549314e-01 -4.38168129e-01 -4.74161431e-01 -5.15041465e-01 -5.55147060e-01 -5.89441995e-01 -6.06718043e-01 -6.03039814e-01 -5.76543465e-01 -5.33877213e-01 -4.82074916e-01 -4.25035671e-01 -3.76455597e-01 -3.28576598e-01 -2.88920259e-01 -2.55777168e-01 -2.26393009e-01 -2.03321450e-01 -1.74255497e-01 -1.43557624e-01 -1.19767428e-01 -9.36934833e-02 -6.91079250e-02 -4.33562025e-02 -1.89659296e-02 5.53607429e-03 2.25543351e-02 3.67147949e-02 4.75087132e-02 4.87573048e-02 4.41915451e-02 3.23606618e-02 1.56770279e-02 -4.85032281e-03 -2.78811751e-02 -5.05921033e-02 -6.72002523e-02 -7.65671470e-02 -7.40327008e-02 -5.95644258e-02 -3.27798532e-02 5.02809982e-03 5.52879128e-02 1.07787911e-01 1.65995252e-01 2.23147651e-01 2.80841308e-01 3.32292995e-01 3.80713451e-01 4.25435705e-01 4.60123716e-01 4.89404236e-01 5.10211451e-01 5.14463736e-01 5.23917207e-01 5.08856387e-01 4.75724958e-01 5.15819720e-01 4.41500858e-01 4.04205424e-01 3.80080641e-01 3.16385833e-01 2.54464018e-01 2.01027057e-01 1.34949026e-01 7.46812021e-02 2.08129189e-02 -1.81240162e-02 -4.23389057e-02 -1.35175460e-01 -2.01729657e-01
1.81000000e+01 2.16300557e-01 5.28653870e-01 4.30086113e-01 3.78199766e-01 3.07307687e-01 2.34848454e-01 1.90701625e-01 1.45623194e-01 1.22439388e-01 1.26750787e-01 1.13905913e-01 9.74834430e-02 8.60146171e-02 6.87088827e-02 1.43582220e-02 -1.19650163e-02 -3.06538946e-02 -4.47070843e-02 -5.12488575e-02 -6.26371193e-02 -8.58667384e-02 -1.14539752e-01 -1.41983515e-01 -1.71981538e-01 -2.08038869e-01 -2.48833715e-01 -2.89873908e-01 -3.26820334e-01 -3.65236583e-01 -3.97908545e-01 -4.32165798e-01 -4.67619430e-01 -5.07182498e-01 -5.47132560e-01 -5.80919719e-01 -5.98835817e-01 -5.95516314e-01 -5.70115018e-01 -5.27915341e-01 -4.77266358e-01 -4.20681416e-01 -3.72826155e-01 -3.25690109e-01 -2.86092272e-01 -2.53712829e-01 -2.24607388e-01 -2.02018633e-01 -1.73538629e-01 -1.42928996e-01 -1.19382744e-01 -9.32600010e-02 -6.89120446e-02 -4.33128746e-02 -1.91117644e-02 5.01688921e-03 2.18350134e-02 3.53196356e-02 4.57579951e-02 4.61978405e-02 4.08626621e-02 2.82297074e-02 1.08837918e-02 -1.00723230e-02 -3.32375309e-02 -5.59929798e-02 -7.23178691e-02 -8.14343988e-02 -7.86841468e-02 -6.40031924e-02 -3.69900142e-02 8.95731400e-04 5.16684341e-02 1.04633301e-01 1.63633693e-01 2.21777311e-01 2.80572340e-01 3.32874349e-01 3.82180308e-01 4.27488394e-01 4.62340459e-01 4.91721593e-01 5.12187636e-01 5.15816188e-01 5.25867951e-01 5.08859049e-01 4.77540442e-01 5.17390725e-01 4.40800443e-01 4.01387846e-01 3.79754669e-01 3.16251375e-01 2.50448757e-01 2.02276355e-01 1.34859522e-01 7.46736774e-02 2.21780928e-02 -1.64552790e-02 -3.99832228e-02 -1.34617792e-01 -1.96660596e-01
1.82000000e+01 2.00304237e-01 5.20064285e-01 4.22577879e-01 3.72086675e-01 3.03495949e-01 2.31298501e-01 1.88679113e-01 1.44517590e-01 1.19858247e-01 1.25831316e-01 1.13490775e-01 9.54723667e-02 8.46439859e-02 6.93521218e-02 1.50516761e-02 -1.17855902e-02 -3.13308859e-02 -4.61807453e-02 -5.18467752e-02 -6.24276812e-02 -8.57586704e-02 -1.13959094e-01 -1.41273914e-01 -1.71267738e-01 -2.06393834e-01 -2.47160620e-01 -2.87425161e-01 -3.23818369e-01 -3.61209682e-01 -3.93323002e-01 -4.26176208e-01 -4.61113483e-01 -4.99314152e-01 -5.39090007e-01 -5.72328588e-01 -5.90864113e-01 -5.87898689e-01 -5.63602588e-01 -5.21902476e-01 -4.72390996e-01 -4.16358634e-01 -3.69155597e-01 -3.22843028e-01 -2.83305625e-01 -2.51654098e-01 -2.22870135e-01 -2.00734416e-01 -1.72823483e-01 -1.42336532e-01 -1.18988752e-01 -9.28520616e-02 -6.87188922e-02 -4.32769455e-02 -1.92718441e-02 4.46890888e-03 2.10915319e-02 3.38941165e-02 4.39601052e-02 4.35960996e-02 3.74923612e-02 2.40630181e-02 6.09027491e-03 -1.52959115e-02 -3.85571431e-02 -6.13404142e-02 -7.73642265e-02 -8.62120926e-02 -8.32507028e-02 -6.83495598e-02 -4.11089887e-02 -3.14212611e-03 4.80990171e-02 1.01537759e-01 1.61286309e-01 2.20424387e-01 2.80267687e-01 3.33412218e-01 3.83604126e-01 4.29461986e-01 4.64493212e-01 4.93965431e-01 5.14043093e-01 5.17128764e-01 5.27772137e-01 5.08764945e-01 4.79483523e-01 5.18757412e-01 4.39943876e-01 3.98554448e-01 3.79472472e-01 3.16018202e-01 2.46398931e-01 2.03500860e-01 1.34839101e-01 7.46842987e-02 2.35795888e-02 -1.47617868e-02 -3.75296818e-02 -1.33985497e-01 -1.91424318e-01
1.83000000e+01 1.84308844e-01 5.11413527e-01 4.15045209e-01 3.65973301e-01 2.99599330e-01 2.27864058e-01 1.86522966e-01 1.43506422e-01 1.17380015e-01 1.24686242e-01 1.13311759e-01 9.34727323e-02 8.31850396e-02 6.98851550e-02 1.58161700e-02 -1.15211690e-02 -3.19230130e-02 -4.76353639e-02 -5.24964725e-02 -6.22757524e-02 -8.56802214e-02 -1.13356249e-01 -1.40593509e-01 -1.70558223e-01 -2.04765229e-01 -2.45496644e-01 -2.84992358e-01 -3.20854129e-01 -3.57198009e-01 -3.88784885e-01 -4.20206955e-01 -4.54635462e-01 -4.91446951e-01 -5.31014403e-01 -5.63678878e-01 -5.82799487e-01 -5.80194826e-01 -5.57000797e-01 -5.15845230e-01 -4.67443474e-01 -4.12069041e-01 -3.65445965e-01 -3.20028738e-01 -2.80565480e-01 -2.49598488e-01 -2.21179869e-01 -1.99469841e-01 -1.72108658e-01 -1.41780362e-01 -1.18583255e-01 -9.24714512e-02 -6.85282754e-02 -4.32483663e-02 -1.94479961e-02 3.89329468e-03 2.03206385e-02 3.24398671e-02 4.21127587e-02 4.09524235e-02 3.40800463e-02 1.98621088e-02 1.29796995e-03 -2.05188822e-02 -4.38391480e-02 -6.66325246e-02 -8.23401617e-02 -9.09000107e-02 -8.77332329e-02 -7.26036356e-02 -4.51370533e-02 -7.08300304e-03 4.45793219e-02 9.85030948e-02 1.58955404e-01 2.19088863e-01 2.79926172e-01 3.33905953e-01 3.84982514e-01 4.31352788e-01 4.66581915e-01 4.96134080e-01 5.15773890e-01 5.18410148e-01 5.29622802e-01 5.08585697e-01 4.81540841e-01 5.19915325e-01 4.38926046e-01 3.95741231e-01 3.79216485e-01 3.15660297e-01 2.42382952e-01 2.04641371e-01 1.34910277e-01 7.47190238e-02 2.50050167e-02 -1.30384065e-02 -3.49847092e-02 -1.33276708e-01 -1.86022213e-01
1.84000000e+01 1.68323768e-01 5.02705483e-01 4.07483879e-01 3.59867182e-01 2.95605013e-01 2.24549591e-01 1.84240540e-01 1.42560694e-01 1.15033159e-01 1.23308670e-01 1.13342565e-01 9.15095597e-02 8.16427328e-02 7.02988341e-02 1.66463495e-02 -1.11803494e-02 -3.24270218e-02 -4.90566839e-02 -5.31981117e-02 -6.21879564e-02 -8.56263636e-02 -1.12735095e-01 -1.39942544e-01 -1.69847148e-01 -2.03160539e-01 -2.43833550e-01 -2.82580656e-01 -3.17921013e-01 -3.53206698e-01 -3.84285925e-01 -4.14265958e-01 -4.48176895e-01 -4.83591380e-01 -5.22900800e-01 -5.54980752e-01 -5.74638830e-01 -5.72412539e-01 -5.50304719e-01 -5.09749553e-01 -4.62419654e-01 -4.07812836e-01 -3.61700500e-01 -3.17240206e-01 -2.77876463e-01 -2.47544218e-01 -2.19534757e-01 -1.98225823e-01 -1.71393097e-01 -1.41260247e-01 -1.18164572e-01 -9.21195193e-02 -6.83402435e-02 -4.32270997e-02 -1.96419689e-02 3.29113217e-03 1.95191419e-02 3.09584316e-02 4.02137981e-02 3.82670619e-02 3.06252896e-02 1.56286583e-02 -3.49185800e-03 -2.57388009e-02 -4.90827458e-02 -7.18673927e-02 -8.72465222e-02 -9.54981945e-02 -9.21325185e-02 -7.67656929e-02 -4.90744878e-02 -1.09246774e-02 4.11093174e-02 9.55308554e-02 1.56643602e-01 2.17770201e-01 2.79547020e-01 3.34355042e-01 3.86312850e-01 4.33157354e-01 4.68606405e-01 4.98225703e-01 5.17376825e-01 5.19668941e-01 5.31412376e-01 5.08333967e-01 4.83696224e-01 5.20862294e-01 4.37743110e-01 3.92983159e-01 3.78966358e-01 3.15155550e-01 2.38467315e-01 2.05639284e-01 1.35095003e-01 7.47841358e-02 2.64419731e-02 -1.12796014e-02 -3.23553474e-02 -1.32489317e-01 -1.80455791e-01
1.85000000e+01 1.52358321e-01 4.93943866e-01 3.99890439e-01 3.53774144e-01 2.91503373e-01 2.21355213e-01 1.81843297e-01 1.41650270e-01 1.12841933e-01 1.21699543e-01 1.13551257e-01 8.96078094e-02 8.00234368e-02 7.05852392e-02 1.75361566e-02 -1.07722739e-02 -3.28402763e-02 -5.04303425e-02 -5.39514488e-02 -6.21704905e-02 -8.55919277e-02 -1.12100500e-01 -1.39320285e-01 -1.69129341e-01 -2.01586881e-01 -2.42163317e-01 -2.80195193e-01 -3.15012287e-01 -3.49241039e-01 -3.79817675e-01 -4.08361144e-01 -4.41729312e-01 -4.75757561e-01 -5.14744599e-01 -5.46243987e-01 -5.66379601e-01 -5.64559345e-01 -5.43510102e-01 -5.03620533e-01 -4.57316748e-01 -4.03588692e-01 -3.57923503e-01 -3.14470185e-01 -2.75242518e-01 -2.45490240e-01 -2.17932566e-01 -1.97003114e-01 -1.70676100e-01 -1.40775553e-01 -1.17731578e-01 -9.17971415e-02 -6.81550866e-02 -4.32131381e-02 -1.98554060e-02 2.66338280e-03 1.86840075e-02 2.94511674e-02 3.82612643e-02 3.55401385e-02 2.71278470e-02 1.13645042e-02 -8.27815615e-03 -3.09530296e-02 -5.42871953e-02 -7.70430895e-02 -9.20841259e-02 -1.00006974e-01 -9.64492365e-02 -8.08361862e-02 -5.29215493e-02 -1.46652322e-02 3.76893333e-02 9.26223161e-02 1.54353813e-01 2.16467346e-01 2.79129880e-01 3.34759089e-01 3.87592291e-01 4.34872530e-01 4.70566379e-01 5.00238256e-01 5.18849543e-01 5.20913470e-01 5.33132868e-01 5.08023186e-01 4.85930997e-01 5.21598321e-01 4.36392755e-01 3.90313427e-01 3.78699422e-01 3.14486519e-01 2.34714692e-01 2.06438522e-01 1.35413620e-01 7.48863739e-02 2.78783244e-02 -9.47970773e-03 -2.96490730e-02 -1.31621067e-01 -1.74726669e-01
1.86000000e+01 1.36421747e-01 4.85132121e-01 3.92262401e-01 3.47698052e-01 2.87288200e-01 2.18276787e-01 1.79346195e-01 1.40744898e-01 1.10825551e-01 1.19867598e-01 1.13901123e-01 8.77916823e-02 7.83349595e-02 7.07378178e-02 1.84788099e-02 -1.03064818e-02 -3.31608000e-02 -5.17420875e-02 -5.47557483e-02 -6.22289889e-02 -8.55717822e-02 -1.11458196e-01 -1.38725038e-01 -1.68400432e-01 -2.00050769e-01 -2.40478405e-01 -2.77840829e-01 -3.12121343e-01 -3.45306211e-01 -3.75371807e-01 -4.02500132e-01 -4.35284577e-01 -4.67954933e-01 -5.06541823e-01 -5.37477726e-01 -5.58020036e-01 -5.56642263e-01 -5.36613564e-01 -4.97462244e-01 -4.52133409e-01 -3.99393801e-01 -3.54120169e-01 -3.11711416e-01 -2.72666778e-01 -2.43436242e-01 -2.16370717e-01 -1.95802263e-01 -1.69957321e-01 -1.40325236e-01 -1.17283742e-01 -9.15046969e-02 -6.79733217e-02 -4.32065266e-02 -2.00898307e-02 2.01084799e-03 1.78124402e-02 2.79191443e-02 3.62534731e-02 3.27716195e-02 2.35876712e-02 7.07163158e-03 -1.30600590e-02 -3.61587564e-02 -5.94518098e-02 -8.21577023e-02 -9.68537227e-02 -1.04426986e-01 -1.00683944e-01 -8.48157621e-02 -5.66784488e-02 -1.83031085e-02 3.43201038e-02 8.97784769e-02 1.52089198e-01 2.15178752e-01 2.78674835e-01 3.35117791e-01 3.88817777e-01 4.36495502e-01 4.72461374e-01 5.02169449e-01 5.20190641e-01 5.22151598e-01 5.34776079e-01 5.07667241e-01 4.88224351e-01 5.22125424e-01 4.34874445e-01 3.87762751e-01 3.78391233e-01 3.13641045e-01 2.31182161e-01 2.06987405e-01 1.35883829e-01 7.50330594e-02 2.93024857e-02 -7.63321373e-03 -2.68736044e-02 -1.30669658e-01 -1.68836548e-01
1.87000000e+01 1.20523207e-01 4.76273361e-01 3.84598388e-01 3.41640635e-01 2.82956785e-01 2.15306159e-01 1.76766960e-01 1.39815222e-01 1.08997532e-01 1.17829058e-01 1.14351675e-01 8.60839265e-02 7.65865205e-02 7.07515187e-02 1.94667954e-02 -9.79275382e-03 -3.33873150e-02 -5.29779981e-02 -5.56096958e-02 -6.23683956e-02 -8.55610169e-02 -1.10814606e-01 -1.38154196e-01 -1.67656963e-01 -1.98557903e-01 -2.38772005e-01 -2.75521892e-01 -3.09241943e-01 -3.41407023e-01 -3.70940406e-01 -3.96689919e-01 -4.28835208e-01 -4.60191955e-01 -4.98289377e-01 -5.28690246e-01 -5.49559339e-01 -5.48667628e-01 -5.29612765e-01 -4.91277620e-01 -4.46869768e-01 -3.95223955e-01 -3.50296395e-01 -3.08956832e-01 -2.70151456e-01 -2.41382640e-01 -2.14846356e-01 -1.94623586e-01 -1.69236775e-01 -1.39907827e-01 -1.16821141e-01 -9.12420598e-02 -6.77956659e-02 -4.32073866e-02 -2.03466378e-02 1.33414701e-03 1.69019518e-02 2.63630520e-02 3.41890866e-02 2.99612884e-02 2.00049243e-02 2.75215309e-03 -1.78368549e-02 -4.13530309e-02 -6.45759517e-02 -8.72093640e-02 -1.01555961e-01 -1.08759184e-01 -1.04837072e-01 -8.87052625e-02 -6.03453320e-02 -2.18371498e-02 3.10027979e-02 8.70000619e-02 1.49853121e-01 2.13902417e-01 2.78182391e-01 3.35430918e-01 3.89986043e-01 4.38023835e-01 4.74290751e-01 5.04016727e-01 5.21399754e-01 5.23390524e-01 5.36333816e-01 5.07280134e-01 4.90553777e-01 5.22447429e-01 4.33189630e-01 3.85358683e-01 3.78016199e-01 3.12612684e-01 2.27919617e-01 2.07240390e-01 1.36519724e-01 7.52322060e-02 3.07036916e-02 -5.73503259e-03 -2.40367059e-02 -1.29632848e-01 -1.62787192e-01
1.88000000e+01 1.04671786e-01 4.67370306e-01 3.76898239e-01 3.35601403e-01 2.78509891e-01 2.12431534e-01 1.74125289e-01 1.38833732e-01 1.07365258e-01 1.15607096e-01 1.14859765e-01 8.45051686e-02 7.47886827e-02 7.06229156e-02 2.04918696e-02 -9.24095083e-03 -3.35192776e-02 -5.41247075e-02 -5.65113105e-02 -6.25928468e-02 -8.55551231e-02 -1.10176664e-01 -1.37604326e-01 -1.66896452e-01 -1.97112986e-01 -2.37038270e-01 -2.73241955e-01 -3.06368453e-01 -3.37547671e-01 -3.66516235e-01 -3.90936607e-01 -4.22374663e-01 -4.52475850e-01 -4.89985266e-01 -5.19888776e-01 -5.40997835e-01 -5.40640952e-01 -5.22506531e-01 -4.85068385e-01 -4.41527420e-01 -3.91073674e-01 -3.46458565e-01 -3.06199759e-01 -2.67697757e-01 -2.39330545e-01 -2.13356417e-01 -1.93467129e-01 -1.68514830e-01 -1.39521444e-01 -1.16344461e-01 -9.10086072e-02 -6.76229994e-02 -4.32159426e-02 -2.06270916e-02 6.33707564e-04 1.59504093e-02 2.47831242e-02 3.20671704e-02 2.71087293e-02 1.63799923e-02 -1.59171834e-03 -2.26079458e-02 -4.65328041e-02 -6.96590255e-02 -9.21962816e-02 -1.06191363e-01 -1.13004833e-01 -1.08908921e-01 -9.25057208e-02 -6.39222684e-02 -2.52666348e-02 2.77390340e-02 8.42875231e-02 1.47649092e-01 2.12635944e-01 2.77653457e-01 3.35698286e-01 3.91093633e-01 4.39455510e-01 4.76053675e-01 5.05777253e-01 5.22477624e-01 5.24636599e-01 5.37798123e-01 5.06875628e-01 4.92895550e-01 5.22569731e-01 4.31341921e-01 3.83124988e-01 3.77548263e-01 3.11400946e-01 2.24968418e-01 2.07159633e-01 1.37330930e-01 7.54926011e-02 3.20722551e-02 -3.78076033e-03 -2.11459969e-02 -1.28508562e-01 -1.56580414e-01
1.89000000e+01 8.88764734e-02 4.58425255e-01 3.69163066e-01 3.29577635e-01 2.73951603e-01 2.09637963e-01 1.71442005e-01 1.37775631e-01 1.05929737e-01 1.13231074e-01 1.15380804e-01 8.30732847e-02 7.29532447e-02 7.03503161e-02 2.15450762e-02 -8.66085315e-03 -3.35569107e-02 -5.51696189e-02 -5.74578651e-02 -6.29055674e-02 -8.55501656e-02 -1.09551613e-01 -1.37071288e-01 -1.66117427e-01 -1.95719584e-01 -2.35272500e-01 -2.71003620e-01 -3.03496045e-01 -3.33731526e-01 -3.62092977e-01 -3.85245149e-01 -4.15897585e-01 -4.44812388e-01 -4.81628767e-01 -5.11079338e-01 -5.32337081e-01 -5.32566805e-01 -5.15294951e-01 -4.78835021e-01 -4.36109360e-01 -3.86936372e-01 -3.42613324e-01 -3.03434097e-01 -2.65305813e-01 -2.37281723e-01 -2.11897700e-01 -1.92332642e-01 -1.67792193e-01 -1.39163808e-01 -1.15854977e-01 -9.08032420e-02 -6.74563235e-02 -4.32325488e-02 -2.09323236e-02 -9.02340906e-05 1.49560650e-02 2.31790859e-02 2.98872288e-02 2.42133222e-02 1.27134995e-02 -5.95770508e-03 -2.73728037e-02 -5.16949711e-02 -7.47004691e-02 -9.71167641e-02 -1.10760303e-01 -1.17165489e-01 -1.12899665e-01 -9.62183508e-02 -6.74092491e-02 -2.85912937e-02 2.45308762e-02 8.16410490e-02 1.45480711e-01 2.11376620e-01 2.77089301e-01 3.35919737e-01 3.92136922e-01 4.40788948e-01 4.77749113e-01 5.07447907e-01 5.23426151e-01 5.25895148e-01 5.39161494e-01 5.06466875e-01 4.95225239e-01 5.22499046e-01 4.29337206e-01 3.81081085e-01 3.76961630e-01 3.10011336e-01 2.22360317e-01 2.06716316e-01 1.38321878e-01 7.58238451e-02 3.33998120e-02 -1.76691051e-03 -1.82087705e-02 -1.27294985e-01 -1.50218056e-01
1.90000000e+01 7.31461555e-02 4.49440065e-01 3.61395259e-01 3.23564473e-01 2.69289063e-01 2.06907925e-01 1.68738200e-01 1.36619582e-01 1.04685590e-01 1.10735588e-01 1.15870016e-01 8.18028303e-02 7.10930986e-02 6.99338486e-02 2.26167819e-02 -8.06200454e-03 -3.35012302e-02 -5.61011126e-02 -5.84458132e-02 -6.33087818e-02 -8.55429395e-02 -1.08946792e-01 -1.36550383e-01 -1.65319418e-01 -1.94380016e-01 -2.33471296e-01 -2.68808360e-01 -3.00620876e-01 -3.29960947e-01 -3.57665435e-01 -3.79619153e-01 -4.09400003e-01 -4.37205726e-01 -4.73220557e-01 -5.02266654e-01 -5.23579941e-01 -5.24448754e-01 -5.07979416e-01 -4.72576794e-01 -4.30619875e-01 -3.82804564e-01 -3.38767345e-01 -3.00654492e-01 -2.62974642e-01 -2.35238532e-01 -2.10466940e-01 -1.91219568e-01 -1.67069881e-01 -1.38832294e-01 -1.15354507e-01 -9.06244294e-02 -6.72967158e-02 -4.32577163e-02 -2.12633281e-02 -8.37627121e-04 1.39175678e-02 2.15501296e-02 2.76492117e-02 2.12742528e-02 9.00632565e-03 -1.03435063e-02 -3.21309263e-02 -5.68364156e-02 -7.96997416e-02 -1.01969246e-01 -1.15263006e-01 -1.21242970e-01 -1.16809364e-01 -9.98445287e-02 -7.08061955e-02 -3.18113079e-02 2.13808121e-02 7.90605788e-02 1.43351601e-01 2.10121503e-01 2.76491506e-01 3.36095127e-01 3.93112141e-01 4.42023029e-01 4.79375819e-01 5.09025304e-01 5.24248415e-01 5.27170316e-01 5.40417089e-01 5.06066059e-01 4.97518247e-01 5.22243136e-01 4.27183719e-01 3.79241573e-01 3.76231519e-01 3.08455179e-01 2.20116692e-01 2.05891686e-01 1.39491258e-01 7.62363388e-02 3.46795441e-02 3.08881974e-04 -1.52318308e-02 -1.25990654e-01 -1.43701975e-01
1.91000000e+01 5.74895942e-02 4.40416158e-01 3.53598445e-01 3.17555075e-01 2.64532111e-01 2.04221984e-01 1.66034392e-01 1.35348316e-01 1.03621258e-01 1.08159344e-01 1.16283715e-01 8.07045450e-02 6.92220564e-02 6.93755219e-02 2.36967345e-02 -7.45356886e-03 -3.33540610e-02 -5.69087391e-02 -5.94707312e-02 -6.38036432e-02 -8.55311063e-02 -1.08369422e-01 -1.36036530e-01 -1.64502907e-01 -1.93095306e-01 -2.31632662e-01 -2.66656383e-01 -2.97740211e-01 -3.26237159e-01 -3.53229680e-01 -3.74060728e-01 -4.02879467e-01 -4.29658305e-01 -4.64762780e-01 -4.93454090e-01 -5.14730610e-01 -5.16289338e-01 -5.00562623e-01 -4.66291820e-01 -4.25064381e-01 -3.78670095e-01 -3.34927089e-01 -2.97856475e-01 -2.60702139e-01 -2.33203848e-01 -2.09060873e-01 -1.90127036e-01 -1.66349183e-01 -1.38523988e-01 -1.14845357e-01 -9.04702448e-02 -6.71452905e-02 -4.32921373e-02 -2.16209510e-02 -1.60859800e-03 1.28339578e-02 1.98949230e-02 2.53534915e-02 1.82905359e-02 5.25962193e-03 -1.47468431e-02 -3.68817946e-02 -6.19540519e-02 -8.46563093e-02 -1.06752309e-01 -1.19699551e-01 -1.25239323e-01 -1.20637971e-01 -1.03385768e-01 -7.41129790e-02 -3.49272909e-02 1.82917144e-02 7.65458228e-02 1.41265335e-01 2.08867536e-01 2.75861899e-01 3.36224314e-01 3.94015412e-01 4.43157098e-01 4.80932341e-01 5.10505821e-01 5.24948685e-01 5.28464936e-01 5.41558922e-01 5.05684039e-01 4.99750343e-01 5.21810561e-01 4.24892044e-01 3.77615853e-01 3.75334919e-01 3.06749253e-01 2.18248121e-01 2.04677782e-01 1.40831665e-01 7.67412110e-02 3.59063816e-02 2.44769434e-03 -1.22213535e-02 -1.24594536e-01 -1.37034035e-01
1.92000000e+01 4.19154047e-02 4.31354549e-01 3.45777403e-01 3.11540859e-01 2.59692841e-01 2.01559486e-01 1.63349728e-01 1.33949085e-01 1.02719417e-01 1.05543900e-01 1.16580563e-01 7.97849513e-02 6.73546480e-02 6.86792498e-02 2.47741464e-02 -6.84420514e-03 -3.31180407e-02 -5.75833967e-02 -6.05272737e-02 -6.43901826e-02 -8.55133040e-02 -1.07826394e-01 -1.35524470e-01 -1.63669243e-01 -1.91865170e-01 -2.29756062e-01 -2.64546560e-01 -2.94852511e-01 -3.22560158e-01 -3.48783154e-01 -3.68570394e-01 -3.96335130e-01 -4.22170809e-01 -4.56259056e-01 -4.84643663e-01 -5.05794585e-01 -5.08090083e-01 -4.93048522e-01 -4.59977174e-01 -4.19449237e-01 -3.74524397e-01 -3.31098584e-01 -2.95036583e-01 -2.58485094e-01 -2.31180975e-01 -2.07676305e-01 -1.89053870e-01 -1.65631600e-01 -1.38235766e-01 -1.14330239e-01 -9.03384289e-02 -6.70031663e-02 -4.33367036e-02 -2.20058762e-02 -2.40344270e-03 1.17046441e-02 1.82116495e-02 2.30008151e-02 1.52610512e-02 1.47482536e-03 -1.91655036e-02 -4.16248350e-02 -6.70448644e-02 -8.95696291e-02 -1.11464701e-01 -1.24069885e-01 -1.29156772e-01 -1.24385346e-01 -1.06843691e-01 -7.73294516e-02 -3.79402517e-02 1.52667867e-02 7.40962890e-02 1.39225365e-01 2.07611653e-01 2.75202481e-01 3.36307147e-01 3.94842792e-01 4.44190960e-01 4.82417005e-01 5.11885645e-01 5.25532388e-01 5.29780422e-01 5.42582030e-01 5.05330023e-01 5.01898187e-01 5.21210421e-01 4.22475042e-01 3.76207870e-01 3.74251330e-01 3.04915234e-01 2.16754286e-01 2.03077818e-01 1.42329469e-01 7.73501814e-02 3.70771779e-02 4.64919210e-03 -9.18277491e-03 -1.23106087e-01 -1.30216094e-01
1.93000000e+01 2.64320297e-02 4.22255893e-01 3.37937926e-01 3.05511804e-01 2.54785090e-01 1.98899288e-01 1.60701261e-01 1.32413940e-01 1.01957587e-01 1.02932317e-01 1.16722756e-01 7.90460627e-02 6.55058918e-02 6.78508402e-02 2.58378061e-02 -6.24196580e-03 -3.27966054e-02 -5.81174910e-02 -6.16091450e-02 -6.50672792e-02 -8.54892277e-02 -1.07324066e-01 -1.35008973e-01 -1.62820513e-01 -1.90688062e-01 -2.27842425e-01 -2.62476398e-01 -2.91957461e-01 -3.18928687e-01 -3.44324703e-01 -3.63147052e-01 -3.89767761e-01 -4.14742189e-01 -4.47714432e-01 -4.75836096e-01 -4.96778597e-01 -4.99851567e-01 -4.85442227e-01 -4.53629047e-01 -4.13781519e-01 -3.70358751e-01 -3.27287203e-01 -2.92192436e-01 -2.56319244e-01 -2.29173538e-01 -2.06310169e-01 -1.87998622e-01 -1.64918784e-01 -1.37964386e-01 -1.13812192e-01 -9.02264470e-02 -6.68714460e-02 -4.33925177e-02 -2.24186093e-02 -3.22262028e-03 1.05293687e-02 1.64980803e-02 2.05922346e-02 1.21845872e-02 -2.34633310e-03 -2.35973851e-02 -4.63593869e-02 -7.21059424e-02 -9.44391316e-02 -1.16105348e-01 -1.28373843e-01 -1.32997680e-01 -1.28051270e-01 -1.10219990e-01 -8.04554862e-02 -4.08515419e-02 1.23094993e-02 7.17113147e-02 1.37234941e-01 2.06350900e-01 2.74515342e-01 3.36343474e-01 3.95590320e-01 4.45124862e-01 4.83827921e-01 5.13160836e-01 5.26006062e-01 5.31116698e-01 5.43482618e-01 5.05011280e-01 5.03939831e-01 5.20452132e-01 4.19947729e-01 3.75015958e-01 3.72963470e-01 3.02978968e-01 2.15624227e-01 2.01106208e-01 1.43964911e-01 7.80753552e-02 3.81908560e-02 6.91155189e-03 -6.12071229e-03 -1.21525300e-01 -1.23250005e-01
1.94000000e+01 1.10477095e-02 4.13120541e-01 3.30086658e-01 2.99456798e-01 2.49823887e-01 1.96220468e-01 1.58103324e-01 1.30739832e-01 1.01308916e-01 1.00367760e-01 1.16677123e-01 7.84852146e-02 6.36910391e-02 6.68979442e-02 2.68762165e-02 -5.65421967e-03 -3.23939588e-02 -5.85050746e-02 -6.27090885e-02 -6.58326522e-02 -8.54596772e-02 -1.06868073e-01 -1.34485062e-01 -1.61959390e-01 -1.89561256e-01 -2.25894096e-01 -2.60442058e-01 -2.89055954e-01 -3.15340257e-01 -3.39854564e-01 -3.57788015e-01 -3.83179699e-01 -4.07369746e-01 -4.39135272e-01 -4.67030931e-01 -4.87690488e-01 -4.91573523e-01 -4.77749887e-01 -4.47242925e-01 -4.08068775e-01 -3.66164560e-01 -3.23497477e-01 -2.89322789e-01 -2.54199358e-01 -2.27185366e-01 -2.04959580e-01 -1.86959597e-01 -1.64212470e-01 -1.37706572e-01 -1.13294486e-01 -9.01315506e-02 -6.67512080e-02 -4.34608920e-02 -2.28594650e-02 -4.06674739e-03 9.30815653e-03 1.47516705e-02 1.81290254e-02 9.05989094e-03 -6.20183140e-03 -2.80405274e-02 -5.10846764e-02 -7.71345076e-02 -9.92642047e-02 -1.20673371e-01 -1.32611180e-01 -1.36764494e-01 -1.31635464e-01 -1.13516387e-01 -8.34910250e-02 -4.36627906e-02 9.42351644e-03 6.93901044e-02 1.35297036e-01 2.05082557e-01 2.73802582e-01 3.36333132e-01 3.96254070e-01 4.45959466e-01 4.85162976e-01 5.14327399e-01 5.26377280e-01 5.32472161e-01 5.44258154e-01 5.04732886e-01 5.05855166e-01 5.19545215e-01 4.17327071e-01 3.74032826e-01 3.71457926e-01 3.00969599e-01 2.14836916e-01 1.98788222e-01 1.45712439e-01 7.89289516e-02 3.92485207e-02 9.23143427e-03 -3.03891824e-03 -1.19852730e-01 -1.16137613e-01
1.95000000e+01 -4.22954793e-03 4.03948620e-01 3.22230892e-01 2.93364038e-01 2.44824868e-01 1.93503015e-01 1.55567018e-01 1.28928538e-01 1.00743104e-01 9.78920860e-02 1.16416090e-01 7.80950272e-02 6.19252947e-02 6.58299690e-02 2.78777572e-02 -5.08759861e-03 -3.19150255e-02 -5.87419627e-02 -6.38188966e-02 -6.66828752e-02 -8.54265703e-02 -1.06463163e-01 -1.33948241e-01 -1.61088948e-01 -1.88480978e-01 -2.23914749e-01 -2.58438438e-01 -2.86150019e-01 -3.11791217e-01 -3.35374284e-01 -3.52489100e-01 -3.76574738e-01 -4.00049278e-01 -4.30529099e-01 -4.58226676e-01 -4.78539056e-01 -4.83254975e-01 -4.69978514e-01 -4.40813808e-01 -4.02318771e-01 -3.61933602e-01 -3.19732929e-01 -2.86427537e-01 -2.52119356e-01 -2.25220352e-01 -2.03621886e-01 -1.85934901e-01 -1.63514400e-01 -1.37459108e-01 -1.12780529e-01 -9.00508412e-02 -6.66435074e-02 -4.35433378e-02 -2.33285608e-02 -4.93659186e-03 8.04125511e-03 1.29696741e-02 1.56126007e-02 5.88572127e-03 -1.00893755e-02 -3.24931326e-02 -5.57997968e-02 -8.21279362e-02 -1.04044181e-01 -1.25168092e-01 -1.36781598e-01 -1.40459705e-01 -1.35137605e-01 -1.16734588e-01 -8.64361328e-02 -4.63758299e-02 6.61261854e-03 6.71317699e-02 1.33414273e-01 2.03804242e-01 2.73066228e-01 3.36275959e-01 3.96830206e-01 4.46695814e-01 4.86419829e-01 5.15381373e-01 5.26654549e-01 5.33843678e-01 5.44907440e-01 5.04497537e-01 5.07626332e-01 5.18499115e-01 4.14631728e-01 3.73245657e-01 3.69725730e-01 2.98918582e-01 2.14362147e-01 1.96159295e-01 1.47541270e-01 7.99229697e-02 4.02535357e-02 1.16040082e-02 5.97306555e-05 -1.18089507e-01 -1.08880756e-01
1.96000000e+01 -1.93919989e-02 3.94740120e-01 3.14378351e-01 2.87221442e-01 2.39803697e-01 1.90728459e-01 1.53099835e-01 1.26986416e-01 1.00227441e-01 9.55444794e-02 1.15918486e-01 7.78635045e-02 6.02235165e-02 6.46579534e-02 2.88308663e-02 -4.54796406e-03 -3.13653938e-02 -5.88258194e-02 -6.49294436e-02 -6.76134083e-02 -8.53929189e-02 -1.06113048e-01 -1.33394699e-01 -1.60212467e-01 -1.87442560e-01 -2.21909247e-01 -2.56459294e-01 -2.83242705e-01 -3.08276875e-01 -3.30886598e-01 -3.47244775e-01 -3.69957965e-01 -3.92775277e-01 -4.21904389e-01 -4.49421011e-01 -4.69333859e-01 -4.74894408e-01 -4.62135797e-01 -4.34336433e-01 -3.96539222e-01 -3.57658274e-01 -3.15995944e-01 -2.83507679e-01 -2.50072457e-01 -2.23282310e-01 -2.02294715e-01 -1.84922486e-01 -1.62826261e-01 -1.37218909e-01 -1.12273775e-01 -8.99813367e-02 -6.65493829e-02 -4.36415429e-02 -2.38258201e-02 -5.83306272e-03 6.72906514e-03 1.11492643e-02 1.30444275e-02 2.66090460e-03 -1.40064389e-02 -3.69535677e-02 -6.05036967e-02 -8.70837742e-02 -1.08778332e-01 -1.29589049e-01 -1.40884775e-01 -1.44085795e-01 -1.38557348e-01 -1.19876232e-01 -8.92910536e-02 -4.89926164e-02 3.88062333e-03 6.49353748e-02 1.31588844e-01 2.02514016e-01 2.72308158e-01 3.36171795e-01 3.97315046e-01 4.47335285e-01 4.87595911e-01 5.16318923e-01 5.26847179e-01 5.35226625e-01 5.45430629e-01 5.04305417e-01 5.09238055e-01 5.17323033e-01 4.11881740e-01 3.72636343e-01 3.67762846e-01 2.96858601e-01 2.14161706e-01 1.93264003e-01 1.49416167e-01 8.10688008e-02 4.12115602e-02 1.40230284e-02 3.17320995e-03 -1.16237324e-01 -1.01481275e-01
1.97000000e+01 -3.44321954e-02 3.85494986e-01 3.06536947e-01 2.81017079e-01 2.34775500e-01 1.87880426e-01 1.50705421e-01 1.24923997e-01 9.97279208e-02 9.33601603e-02 1.15170158e-01 7.77742706e-02 5.85999017e-02 6.33944104e-02 2.97242351e-02 -4.04038859e-03 -3.07512518e-02 -5.87562096e-02 -6.60307458e-02 -6.86186488e-02 -8.53627695e-02 -1.05820302e-01 -1.32821514e-01 -1.59333240e-01 -1.86440625e-01 -2.19883464e-01 -2.54497415e-01 -2.80337917e-01 -3.04791658e-01 -3.26395255e-01 -3.42048365e-01 -3.63335539e-01 -3.85541174e-01 -4.13270325e-01 -4.40611008e-01 -4.60084989e-01 -4.66489958e-01 -4.54229882e-01 -4.27805523e-01 -3.90737543e-01 -3.53331806e-01 -3.12287693e-01 -2.80565239e-01 -2.48051353e-01 -2.21374824e-01 -2.00976016e-01 -1.83920203e-01 -1.62149616e-01 -1.36983096e-01 -1.11777638e-01 -8.99200406e-02 -6.64698640e-02 -4.37573415e-02 -2.43509855e-02 -6.75719466e-03 5.37206739e-03 9.28764910e-03 1.04259522e-02 -6.15606134e-04 -1.79503234e-02 -4.14203455e-02 -6.51951741e-02 -9.19997475e-02 -1.13465865e-01 -1.33935990e-01 -1.44920395e-01 -1.47645196e-01 -1.41894355e-01 -1.22942837e-01 -9.20562650e-02 -5.15151528e-02 1.23130617e-03 6.27999798e-02 1.29822454e-01 2.01210465e-01 2.71530043e-01 3.36020480e-01 3.97705122e-01 4.47879545e-01 4.88688420e-01 5.17136437e-01 5.26965140e-01 5.36614963e-01 5.45829193e-01 5.04154145e-01 5.10677917e-01 5.16025803e-01 4.09098161e-01 3.72181846e-01 3.65570532e-01 2.94822445e-01 2.14190785e-01 1.90154732e-01 1.51298413e-01 8.23767979e-02 4.21305433e-02 1.64809643e-02 6.30028926e-03 -1.14298418e-01 -9.39410209e-02
1.98000000e+01 -4.93430154e-02 3.76213217e-01 2.98714545e-01 2.74739583e-01 2.29754331e-01 1.84945104e-01 1.48383486e-01 1.22755444e-01 9.92103870e-02 9.13692256e-02 1.14164386e-01 7.78069388e-02 5.70676675e-02 6.20531364e-02 3.05470100e-02 -3.56914768e-03 -3.00793228e-02 -5.85346134e-02 -6.71120508e-02 -6.96919963e-02 -8.53411057e-02 -1.05586279e-01 -1.32226817e-01 -1.58454375e-01 -1.85469281e-01 -2.17844087e-01 -2.52544830e-01 -2.77440224e-01 -3.01329298e-01 -3.21904812e-01 -3.36892290e-01 -3.56714433e-01 -3.78339622e-01 -4.04636525e-01 -4.31793389e-01 -4.50802843e-01 -4.58039621e-01 -4.46269153e-01 -4.21216019e-01 -3.84920599e-01 -3.48948445e-01 -3.08608084e-01 -2.77603153e-01 -2.46048407e-01 -2.19501095e-01 -1.99664086e-01 -1.82925849e-01 -1.61485852e-01 -1.36749051e-01 -1.11295400e-01 -8.98640135e-02 -6.64059762e-02 -4.38926774e-02 -2.49036441e-02 -7.71012551e-03 3.97075020e-03 7.38217002e-03 7.75853905e-03 -3.94467004e-03 -2.19182383e-02 -4.58920854e-02 -6.98728784e-02 -9.68737698e-02 -1.18105934e-01 -1.38208881e-01 -1.48888174e-01 -1.51140244e-01 -1.45148324e-01 -1.25935748e-01 -9.47325288e-02 -5.39454132e-02 -1.33167802e-03 6.07246879e-02 1.28116256e-01 1.99892767e-01 2.70733289e-01 3.35821859e-01 3.97997241e-01 4.48330487e-01 4.89694333e-01 5.17830624e-01 5.27018889e-01 5.38001354e-01 5.46105849e-01 5.04038795e-01 5.11936551e-01 5.14615781e-01 4.06302658e-01 3.71854682e-01 3.63155584e-01 2.92841858e-01 2.14399588e-01 1.86890102e-01 1.53146938e-01 8.38558168e-02 4.30206731e-02 1.89691789e-02 9.44044180e-03 -1.12275526e-01 -8.62618699e-02
1.99000000e+01 -6.41176930e-02 3.66894965e-01 2.90918723e-01 2.68378559e-01 2.24752702e-01 1.81911598e-01 1.46129861e-01 1.20497883e-01 9.86416772e-02 8.95956510e-02 1.12902071e-01 7.79376071e-02 5.56387354e-02 6.06489929e-02 3.12889936e-02 -3.13771880e-03 -2.93568025e-02 -5.81643986e-02 -6.81619572e-02 -7.08259284e-02 -8.53337179e-02 -1.05411089e-01 -1.31609925e-01 -1.57578630e-01 -1.84522322e-01 -2.15798375e-01 -2.50593054e-01 -2.74554637e-01 -2.97883045e-01 -3.17420400e-01 -3.31768340e-01 -3.50102146e-01 -3.71162797e-01 -3.96012754e-01 -4.22964782e-01 -4.41497866e-01 -4.49541462e-01 -4.38262001e-01 -4.14563321e-01 -3.79094489e-01 -3.44503601e-01 -3.04955773e-01 -2.74625109e-01 -2.44055857e-01 -2.17663807e-01 -1.98357597e-01 -1.81937225e-01 -1.60836122e-01 -1.36514469e-01 -1.10830140e-01 -8.98104415e-02 -6.63587408e-02 -4.40495624e-02 -2.54832626e-02 -8.69306756e-03 2.52554359e-03 5.43037514e-03 5.04342659e-03 -7.32689607e-03 -2.59073909e-02 -5.03674582e-02 -7.45353180e-02 -1.01703948e-01 -1.22697653e-01 -1.42407897e-01 -1.52787874e-01 -1.54573134e-01 -1.48319023e-01 -1.28856079e-01 -9.73209326e-02 -5.62852769e-02 -3.80487082e-03 5.87086886e-02 1.26470810e-01 1.98560741e-01 2.69919014e-01 3.35575768e-01 3.98188553e-01 4.48690180e-01 4.90610404e-01 5.18398607e-01 5.27019194e-01 5.39377305e-01 5.46264422e-01 5.03952001e-01 5.13007752e-01 5.13100778e-01 4.03517073e-01 3.71623521e-01 3.60530421e-01 2.90946416e-01 2.14735085e-01 1.83533182e-01 1.54919577e-01 8.55127478e-02 4.38942773e-02 2.14781523e-02 1.25937249e-02 -1.10171832e-01 -7.84457388e-02
2.00000000e+01 -7.87498455e-02 3.57540624e-01 2.83156552e-01 2.61924941e-01 2.19781171e-01 1.78772168e-01 1.43936695e-01 1.18170649e-01 9.79907220e-02 8.80564921e-02 1.11391689e-01 7.81394682e-02 5.43234265e-02 5.91976649e-02 3.19408406e-02 -2.74878697e-03 -2.85912978e-02 -5.76507566e-02 -6.91685614e-02 -7.20120870e-02 -8.53470439e-02 -1.05293604e-01 -1.30971429e-01 -1.56708259e-01 -1.83593433e-01 -2.13753920e-01 -2.48633354e-01 -2.71686359e-01 -2.94445898e-01 -3.12947469e-01 -3.26667977e-01 -3.43506398e-01 -3.64002718e-01 -3.87408624e-01 -4.14121992e-01 -4.32180308e-01 -4.40993830e-01 -4.30216605e-01 -4.07843507e-01 -3.73264347e-01 -3.39993958e-01 -3.01328213e-01 -2.71635367e-01 -2.42066036e-01 -2.15864996e-01 -1.97055596e-01 -1.80952198e-01 -1.60201287e-01 -1.36277393e-01 -1.10384673e-01 -8.97566994e-02 -6.63291731e-02 -4.42300317e-02 -2.60892313e-02 -9.70727436e-03 1.03676449e-03 3.43006409e-03 2.28170099e-03 -1.07625835e-02 -2.99150779e-02 -5.48451218e-02 -7.91808735e-02 -1.06488585e-01 -1.27240117e-01 -1.46533409e-01 -1.56619328e-01 -1.57945882e-01 -1.51406331e-01 -1.31704671e-01 -9.98229194e-02 -5.85364710e-02 -6.18508325e-03 5.67512984e-02 1.24886047e-01 1.97214866e-01 2.69088022e-01 3.35282028e-01 3.98276614e-01 4.48960794e-01 4.91433189e-01 5.18838010e-01 5.26976930e-01 5.40733355e-01 5.46309678e-01 5.03884142e-01 5.13888493e-01 5.11488013e-01 4.00762960e-01 3.71453904e-01 3.57713018e-01 2.89162473e-01 2.15142845e-01 1.80149564e-01 1.56574407e-01 8.73520558e-02 4.47656743e-02 2.39977456e-02 1.57606355e-02 -1.07990897e-01 -7.04946062e-02
2.01000000e+01 -9.32334996e-02 3.48150921e-01 2.75434390e-01 2.55371318e-01 2.14848017e-01 1.75522356e-01 1.41792780e-01 1.15794462e-01 9.72295621e-02 8.67613095e-02 1.09649018e-01 7.83835226e-02 5.31301748e-02 5.77154034e-02 3.24942443e-02 -2.40425745e-03 -2.77907690e-02 -5.70006004e-02 -7.01196287e-02 -7.32413707e-02 -8.53879874e-02 -1.05231519e-01 -1.30313230e-01 -1.55844903e-01 -1.82676382e-01 -2.11718392e-01 -2.46657024e-01 -2.68840536e-01 -2.91010841e-01 -3.08491528e-01 -3.21582630e-01 -3.36934818e-01 -3.56851563e-01 -3.78833305e-01 -4.05262253e-01 -4.22859988e-01 -4.32395553e-01 -4.22140724e-01 -4.01053527e-01 -3.67434188e-01 -3.35417539e-01 -2.97721737e-01 -2.68638551e-01 -2.40071580e-01 -2.14105952e-01 -1.95757502e-01 -1.79968753e-01 -1.59581876e-01 -1.36036249e-01 -1.09961492e-01 -8.97004014e-02 -6.63182788e-02 -4.44360967e-02 -2.67209159e-02 -1.07540051e-02 -4.95424114e-04 1.37930725e-03 -5.25714113e-04 -1.42516695e-02 -3.39387703e-02 -5.93236557e-02 -8.38078168e-02 -1.11226189e-01 -1.31732422e-01 -1.50585968e-01 -1.60382444e-01 -1.61260284e-01 -1.54410268e-01 -1.34482049e-01 -1.02240302e-01 -6.07005271e-02 -8.46946483e-03 5.48519941e-02 1.23361261e-01 1.95856287e-01 2.68240809e-01 3.34940426e-01 3.98259448e-01 4.49144540e-01 4.92159067e-01 5.19147036e-01 5.26902883e-01 5.42059282e-01 5.46247096e-01 5.03823603e-01 5.14578869e-01 5.09784113e-01 3.98061106e-01 3.71309058e-01 3.54726678e-01 2.87512206e-01 2.15568900e-01 1.76805356e-01 1.58071118e-01 8.93753514e-02 4.56509724e-02 2.65174974e-02 1.89419468e-02 -1.05736577e-01 -6.24105370e-02
2.02000000e+01 -1.07563112e-01 3.38726980e-01 2.67757706e-01 2.48712190e-01 2.09959007e-01 1.72160977e-01 1.39683994e-01 1.13390577e-01 9.63342477e-02 8.57118379e-02 1.07696633e-01 7.86393748e-02 5.20652634e-02 5.62187592e-02 3.29421088e-02 -2.10527677e-03 -2.69634718e-02 -5.62224318e-02 -7.10027844e-02 -7.45040323e-02 -8.54637195e-02 -1.05221436e-01 -1.29638532e-01 -1.54989507e-01 -1.81765200e-01 -2.09699285e-01 -2.44655671e-01 -2.66021997e-01 -2.87571081e-01 -3.04057881e-01 -3.16504002e-01 -3.30394638e-01 -3.49701979e-01 -3.70295248e-01 -3.96383462e-01 -4.13546073e-01 -4.23746124e-01 -4.14041507e-01 -3.94191371e-01 -3.61606788e-01 -3.30773727e-01 -2.94131686e-01 -2.65639429e-01 -2.38065639e-01 -2.12387136e-01 -1.94463080e-01 -1.78985059e-01 -1.58978036e-01 -1.35789858e-01 -1.09562746e-01 -8.96394392e-02 -6.63270531e-02 -4.46696980e-02 -2.73777137e-02 -1.18344883e-02 -2.07104012e-03 -7.23553565e-04 -3.37805571e-03 -1.77936871e-02 -3.79761830e-02 -6.38015028e-02 -8.84143336e-02 -1.15915465e-01 -1.36173693e-01 -1.54566284e-01 -1.64077220e-01 -1.64517887e-01 -1.57331028e-01 -1.37188399e-01 -1.04575261e-01 -6.27787500e-02 -1.06555674e-02 5.30104395e-02 1.21895109e-01 1.94486791e-01 2.67377577e-01 3.34550695e-01 3.98135600e-01 4.49243600e-01 4.92784271e-01 5.19324536e-01 5.26807536e-01 5.43344332e-01 5.46082621e-01 5.03757113e-01 5.15081939e-01 5.07995134e-01 3.95431046e-01 3.71150786e-01 3.51599627e-01 2.86012804e-01 2.15961555e-01 1.73565165e-01 1.59372377e-01 9.15810136e-02 4.65678191e-02 2.90269453e-02 2.21385307e-02 -1.03412937e-01 -5.41957103e-02
2.03000000e+01 -1.21733588e-01 3.29270389e-01 2.60130947e-01 2.41944164e-01 2.05117257e-01 1.68690006e-01 1.37593839e-01 1.10979922e-01 9.52855907e-02 8.49019097e-02 1.05563182e-01 7.88760920e-02 5.11325921e-02 5.47243109e-02 3.32787062e-02 -1.85226239e-03 -2.61179000e-02 -5.53261814e-02 -7.18057189e-02 -7.57897818e-02 -8.55814695e-02 -1.05259000e-01 -1.28951768e-01 -1.54142286e-01 -1.80854341e-01 -2.07703679e-01 -2.42621476e-01 -2.63235009e-01 -2.84120284e-01 -2.99651368e-01 -3.11424346e-01 -3.23892408e-01 -3.42547366e-01 -3.61801935e-01 -3.87484386e-01 -4.04246891e-01 -4.15045848e-01 -4.05925338e-01 -3.87256199e-01 -3.55783610e-01 -3.26063249e-01 -2.90552552e-01 -2.62642699e-01 -2.36042065e-01 -2.10708124e-01 -1.93172408e-01 -1.77999521e-01 -1.58389501e-01 -1.35537448e-01 -1.09190207e-01 -8.95720054e-02 -6.63564805e-02 -4.49326623e-02 -2.80591100e-02 -1.29498866e-02 -3.69029694e-03 -2.87991380e-03 -6.27471208e-03 -2.13877385e-02 -4.20253252e-02 -6.82769240e-02 -9.29985509e-02 -1.20555319e-01 -1.40563103e-01 -1.58475208e-01 -1.67703747e-01 -1.67719962e-01 -1.60169000e-01 -1.39823562e-01 -1.06830315e-01 -6.47722031e-02 -1.27414020e-02 5.12264999e-02 1.20485634e-01 1.93108770e-01 2.66498257e-01 3.34112494e-01 3.97904191e-01 4.49260057e-01 4.93304930e-01 5.19370068e-01 5.26700858e-01 5.44577465e-01 5.45822384e-01 5.03670140e-01 5.15403498e-01 5.06126616e-01 3.92890585e-01 3.70940439e-01 3.48364462e-01 2.84675831e-01 2.16273108e-01 1.70490130e-01 1.60445123e-01 9.39638827e-02 4.75351002e-02 3.15159649e-02 2.53511760e-02 -1.01024157e-01 -4.58524484e-02
2.04000000e+01 -1.35740293e-01 3.19783235e-01 2.52557428e-01 2.35066085e-01 2.00323196e-01 1.65114343e-01 1.35504055e-01 1.08582276e-01 9.40697440e-02 8.43176338e-02 1.03282483e-01 7.90630977e-02 5.03334834e-02 5.32483901e-02 3.34998154e-02 -1.64494090e-03 -2.52627263e-02 -5.43230255e-02 -7.25164049e-02 -7.70878904e-02 -8.57483102e-02 -1.05339049e-01 -1.28258496e-01 -1.53302729e-01 -1.79938813e-01 -2.05738015e-01 -2.40547451e-01 -2.60483044e-01 -2.80652797e-01 -2.95276138e-01 -3.06336723e-01 -3.17433734e-01 -3.35382139e-01 -3.53359665e-01 -3.78564828e-01 -3.94969772e-01 -4.06295973e-01 -3.97797715e-01 -3.80248429e-01 -3.49964781e-01 -3.21288111e-01 -2.86978150e-01 -2.59652772e-01 -2.33995564e-01 -2.09067584e-01 -1.91885828e-01 -1.77010829e-01 -1.57815574e-01 -1.35278652e-01 -1.08845267e-01 -8.94966082e-02 -6.64075363e-02 -4.52266643e-02 -2.87647338e-02 -1.41012640e-02 -5.35360863e-03 -5.09091640e-03 -9.21520986e-03 -2.50324835e-02 -4.60845309e-02 -7.27479689e-02 -9.75585669e-02 -1.25144841e-01 -1.44899894e-01 -1.62313698e-01 -1.71262213e-01 -1.70867485e-01 -1.62924785e-01 -1.42387040e-01 -1.09008280e-01 -6.66817083e-02 -1.47254871e-02 4.95002469e-02 1.19130310e-01 1.91725163e-01 2.65602551e-01 3.33625386e-01 3.97564954e-01 4.49195832e-01 4.93717115e-01 5.19283943e-01 5.26592094e-01 5.45747605e-01 5.45472403e-01 5.03547335e-01 5.15551774e-01 5.04183673e-01 3.90455326e-01 3.70639909e-01 3.45057441e-01 2.83506786e-01 2.16461401e-01 1.67636076e-01 1.61261758e-01 9.65150433e-02 4.85725933e-02 3.39751170e-02 2.85804067e-02 -9.85744367e-02 -3.73832473e-02
2.05000000e+01 -1.49579056e-01 3.10268128e-01 2.45039282e-01 2.28079084e-01 1.95574623e-01 1.61441489e-01 1.33395284e-01 1.06215506e-01 9.26785879e-02 8.39378242e-02 1.00892450e-01 7.91710718e-02 4.96665417e-02 5.18068026e-02 3.36028433e-02 -1.48239401e-03 -2.44067382e-02 -5.32251845e-02 -7.31233220e-02 -7.83872954e-02 -8.59709403e-02 -1.05455804e-01 -1.27565233e-01 -1.52469640e-01 -1.79014284e-01 -2.03807904e-01 -2.38427648e-01 -2.57768589e-01 -2.77163833e-01 -2.90935433e-01 -3.01235223e-01 -3.11023067e-01 -3.28201935e-01 -3.44973382e-01 -3.69625758e-01 -3.85720928e-01 -3.97498772e-01 -3.89663161e-01 -3.73169786e-01 -3.44149107e-01 -3.16451492e-01 -2.83401804e-01 -2.56673591e-01 -2.31921822e-01 -2.07463281e-01 -1.90603881e-01 -1.76017998e-01 -1.57255127e-01 -1.35013493e-01 -1.08528926e-01 -8.94120813e-02 -6.64811849e-02 -4.55531979e-02 -2.94944056e-02 -1.52895576e-02 -7.06158787e-03 -7.35745821e-03 -1.21992006e-02 -2.87261425e-02 -5.01524696e-02 -7.72124635e-02 -1.02092483e-01 -1.29683284e-01 -1.49183397e-01 -1.66082809e-01 -1.74752906e-01 -1.73961133e-01 -1.65599191e-01 -1.44878031e-01 -1.11112201e-01 -6.85078621e-02 -1.66068864e-02 4.78319518e-02 1.17826095e-01 1.90339380e-01 2.64689977e-01 3.33088827e-01 3.97118267e-01 4.49052624e-01 4.94016895e-01 5.19067262e-01 5.26489566e-01 5.46843890e-01 5.45038290e-01 5.03373008e-01 5.15537061e-01 5.02171101e-01 3.88138235e-01 3.70212654e-01 3.41717641e-01 2.82504885e-01 2.16491164e-01 1.65051853e-01 1.61801188e-01 9.92217112e-02 4.97005799e-02 3.63959948e-02 3.18263105e-02 -9.60679069e-02 -2.87908055e-02
2.06000000e+01 -1.63246174e-01 3.00728199e-01 2.37577445e-01 2.20986557e-01 1.90866858e-01 1.57681132e-01 1.31247759e-01 1.03894880e-01 9.11099130e-02 8.37346603e-02 9.84338992e-02 7.91728246e-02 4.91275727e-02 5.04145470e-02 3.35869232e-02 -1.36311205e-03 -2.35587685e-02 -5.20457090e-02 -7.36156858e-02 -7.96767054e-02 -8.62554685e-02 -1.05603068e-01 -1.26879259e-01 -1.51641228e-01 -1.78077141e-01 -2.01917964e-01 -2.36257335e-01 -2.55092978e-01 -2.73649642e-01 -2.86631424e-01 -2.96115136e-01 -3.04663528e-01 -3.21003788e-01 -3.36646562e-01 -3.60669383e-01 -3.76505382e-01 -3.88657594e-01 -3.81525182e-01 -3.66023295e-01 -3.38334147e-01 -3.11557611e-01 -2.79816543e-01 -2.53708461e-01 -2.29817575e-01 -2.05892112e-01 -1.89327249e-01 -1.75020391e-01 -1.56706605e-01 -1.34742374e-01 -1.08241789e-01 -8.93175954e-02 -6.65783713e-02 -4.59135562e-02 -3.02481754e-02 -1.65155575e-02 -8.81503923e-03 -9.68019053e-03 -1.52264484e-02 -3.24665127e-02 -5.42281399e-02 -8.16680161e-02 -1.06598438e-01 -1.34170041e-01 -1.53413043e-01 -1.69783659e-01 -1.78176216e-01 -1.77001282e-01 -1.68193223e-01 -1.47295473e-01 -1.13145258e-01 -7.02510677e-02 -1.83852343e-02 4.62220699e-02 1.16569504e-01 1.88955221e-01 2.63759910e-01 3.32502154e-01 3.96565157e-01 4.48831861e-01 4.94200392e-01 5.18721935e-01 5.26400482e-01 5.47855905e-01 5.44524957e-01 5.03131619e-01 5.15371319e-01 5.00093505e-01 3.85949241e-01 3.69624700e-01 3.38386010e-01 2.81663059e-01 2.16335098e-01 1.62777912e-01 1.62049663e-01 1.02067238e-01 5.09394217e-02 3.87715605e-02 3.50883835e-02 -9.35085497e-02 -2.00780509e-02
2.07000000e+01 -1.76738400e-01 2.91167088e-01 2.30171686e-01 2.13794070e-01 1.86192983e-01 1.53844672e-01 1.29041993e-01 1.01632507e-01 8.93673927e-02 8.36745610e-02 9.59492654e-02 7.90441148e-02 4.87095770e-02 4.90855331e-02 3.34529896e-02 -1.28505433e-03 -2.27276150e-02 -5.07982581e-02 -7.39836769e-02 -8.09447027e-02 -8.66072030e-02 -1.05774446e-01 -1.26208390e-01 -1.50815221e-01 -1.77124517e-01 -2.00071710e-01 -2.34033125e-01 -2.52456291e-01 -2.70107622e-01 -2.82365080e-01 -2.90973085e-01 -2.98356793e-01 -3.13786238e-01 -3.28381141e-01 -3.51699177e-01 -3.67326932e-01 -3.79776867e-01 -3.73386270e-01 -3.58813238e-01 -3.32516323e-01 -3.06611550e-01 -2.76215304e-01 -2.50759911e-01 -2.27680639e-01 -2.04350170e-01 -1.88056680e-01 -1.74017731e-01 -1.56168070e-01 -1.34466042e-01 -1.07984063e-01 -8.92126752e-02 -6.67000058e-02 -4.63088214e-02 -3.10263477e-02 -1.77798965e-02 -1.06149484e-02 -1.20595145e-02 -1.82968212e-02 -3.62509928e-02 -5.83108497e-02 -8.61120364e-02 -1.11074631e-01 -1.38604600e-01 -1.57588376e-01 -1.73417416e-01 -1.81532638e-01 -1.79988013e-01 -1.70708069e-01 -1.49638112e-01 -1.15110670e-01 -7.19115802e-02 -2.00607475e-02 4.46712157e-02 1.15356694e-01 1.87576779e-01 2.62811636e-01 3.31864591e-01 3.95907309e-01 4.48534657e-01 4.94263840e-01 5.18250692e-01 5.26330765e-01 5.48773911e-01 5.43936349e-01 5.02808272e-01 5.15067731e-01 4.97955435e-01 3.83894887e-01 3.68845602e-01 3.35104325e-01 2.80968181e-01 2.15974669e-01 1.60845169e-01 1.62001402e-01 1.05031243e-01 5.23091098e-02 4.10964609e-02 3.83653973e-02 -9.09001252e-02 -1.12481652e-02
2.08000000e+01 -1.90052934e-01 2.81588896e-01 2.22820685e-01 2.06509200e-01 1.81544145e-01 1.49944700e-01 1.26759444e-01 9.94368899e-02 8.74603500e-02 8.37192390e-02 9.34812773e-02 7.87643838e-02 4.84028227e-02 4.78323040e-02 3.32038233e-02 -1.24571526e-03 -2.19219526e-02 -4.94968750e-02 -7.42186632e-02 -8.21798440e-02 -8.70304522e-02 -1.05963568e-01 -1.25560724e-01 -1.49989014e-01 -1.76154287e-01 -1.98271474e-01 -2.31753043e-01 -2.49857295e-01 -2.66536397e-01 -2.78136091e-01 -2.85807097e-01 -2.92103040e-01 -3.06549384e-01 -3.20177517e-01 -3.42719852e-01 -3.58188172e-01 -3.70862068e-01 -3.65247943e-01 -3.51545066e-01 -3.26691071e-01 -3.01619055e-01 -2.72591133e-01 -2.47829584e-01 -2.25509894e-01 -2.02832840e-01 -1.86792916e-01 -1.73010097e-01 -1.55637238e-01 -1.34185557e-01 -1.07755561e-01 -8.90972221e-02 -6.68469380e-02 -4.67398625e-02 -3.18294916e-02 -1.90830512e-02 -1.24624676e-02 -1.44955748e-02 -2.14102839e-02 -4.00766124e-02 -6.24001865e-02 -9.05417674e-02 -1.15519354e-01 -1.42986518e-01 -1.61709062e-01 -1.76985279e-01 -1.84822770e-01 -1.82921133e-01 -1.73145067e-01 -1.51904578e-01 -1.17011579e-01 -7.34895651e-02 -2.16342235e-02 4.31801333e-02 1.14183548e-01 1.86208342e-01 2.61844399e-01 3.31175259e-01 3.95147038e-01 4.48161781e-01 4.94203650e-01 5.17657075e-01 5.26284906e-01 5.49589033e-01 5.43275204e-01 5.02389175e-01 5.14640264e-01 4.95761520e-01 3.81978050e-01 3.67849342e-01 3.31914101e-01 2.80401526e-01 2.15400582e-01 1.59274194e-01 1.61658957e-01 1.08089870e-01 5.38287945e-02 4.33673125e-02 4.16552950e-02 -8.82461132e-02 -2.30460495e-03
2.09000000e+01 -2.03187404e-01 2.71998137e-01 2.15522143e-01 1.99141309e-01 1.76909931e-01 1.45994447e-01 1.24383127e-01 9.73126324e-02 8.54033273e-02 8.38269042e-02 9.10716225e-02 7.83173816e-02 4.81950026e-02 4.66657683e-02 3.28440634e-02 -1.24219466e-03 -2.11502355e-02 -4.81557665e-02 -7.43134114e-02 -8.33707576e-02 -8.75283416e-02 -1.06164303e-01 -1.24944381e-01 -1.49159846e-01 -1.75165020e-01 -1.96518385e-01 -2.29416545e-01 -2.47293442e-01 -2.62935839e-01 -2.73942842e-01 -2.80616628e-01 -2.85900949e-01 -2.99294877e-01 -3.12034598e-01 -3.33737280e-01 -3.49090549e-01 -3.61919652e-01 -3.57110827e-01 -3.44225264e-01 -3.20853035e-01 -2.96586319e-01 -2.68937390e-01 -2.44918155e-01 -2.23305243e-01 -2.01334911e-01 -1.85536628e-01 -1.71997903e-01 -1.55111552e-01 -1.33902240e-01 -1.07555714e-01 -8.89715407e-02 -6.70199257e-02 -4.72073388e-02 -3.26584378e-02 -2.04253560e-02 -1.43588949e-02 -1.69882562e-02 -2.45668949e-02 -4.39400645e-02 -6.64959810e-02 -9.49543236e-02 -1.19931007e-01 -1.47315377e-01 -1.65774883e-01 -1.80488466e-01 -1.88047312e-01 -1.85800184e-01 -1.75505680e-01 -1.54093463e-01 -1.18850927e-01 -7.49851627e-02 -2.31070247e-02 4.17496608e-02 1.13045781e-01 1.84854283e-01 2.60857444e-01 3.30433191e-01 3.94287264e-01 4.47713644e-01 4.94016464e-01 5.16945412e-01 5.26265846e-01 5.50293429e-01 5.42542853e-01 5.01862081e-01 5.14103224e-01 4.93516582e-01 3.80197751e-01 3.66615112e-01 3.28855464e-01 2.79939419e-01 2.14612919e-01 1.58074746e-01 1.61033311e-01 1.11216185e-01 5.55163061e-02 4.55829447e-02 4.49551201e-02 -8.55496690e-02 6.74888109e-03
2.10000000e+01 -2.16139844e-01 2.62399662e-01 2.08272931e-01 1.91701275e-01 1.72278775e-01 1.42007239e-01 1.21898157e-01 9.52602889e-02 8.32154765e-02 8.39535745e-02 8.87596502e-02 7.76916658e-02 4.80714731e-02 4.55949512e-02 3.23801807e-02 -1.27127004e-03 -2.04205937e-02 -4.67890886e-02 -7.42622776e-02 -8.45062377e-02 -8.81026535e-02 -1.06370967e-01 -1.24367236e-01 -1.48324970e-01 -1.74155920e-01 -1.94812382e-01 -2.27024482e-01 -2.44760916e-01 -2.59307044e-01 -2.69782440e-01 -2.75402519e-01 -2.79747766e-01 -2.92025843e-01 -3.03949912e-01 -3.24758368e-01 -3.40034467e-01 -3.52956936e-01 -3.48974771e-01 -3.36861193e-01 -3.14996272e-01 -2.91519745e-01 -2.65247933e-01 -2.42025278e-01 -2.21067520e-01 -1.99850706e-01 -1.84288349e-01 -1.70981865e-01 -1.54588259e-01 -1.33617612e-01 -1.07383590e-01 -8.88363645e-02 -6.72195996e-02 -4.77117086e-02 -3.35142645e-02 -2.18070265e-02 -1.63056447e-02 -1.95371891e-02 -2.77668021e-02 -4.78377404e-02 -7.05982670e-02 -9.93467350e-02 -1.24308103e-01 -1.51590757e-01 -1.69785742e-01 -1.83928207e-01 -1.91207062e-01 -1.88624466e-01 -1.77791465e-01 -1.56203413e-01 -1.20631346e-01 -7.63985566e-02 -2.44810502e-02 4.03806912e-02 1.11939033e-01 1.83518953e-01 2.59850065e-01 3.29637370e-01 3.93331463e-01 4.47190295e-01 4.93699216e-01 5.16120780e-01 5.26274887e-01 5.50880421e-01 5.41739076e-01 5.01216664e-01 5.13470839e-01 4.91225730e-01 3.78549051e-01 3.65127992e-01 3.25966037e-01 2.79554095e-01 2.13620944e-01 1.57245681e-01 1.60143703e-01 1.14380692e-01 5.73876767e-02 4.77445938e-02 4.82609821e-02 -8.28135941e-02 1.59082384e-02
2.11000000e+01 -2.28908671e-01 2.52798576e-01 2.01069268e-01 1.84201172e-01 1.67638404e-01 1.37995958e-01 1.19292207e-01 9.32763714e-02 8.09197919e-02 8.40544524e-02 8.65811466e-02 7.68809606e-02 4.80155704e-02 4.46267721e-02 3.18204099e-02 -1.32946914e-03 -1.97407256e-02 -4.54107442e-02 -7.40613742e-02 -8.55753359e-02 -8.87536937e-02 -1.06578501e-01 -1.23836674e-01 -1.47481845e-01 -1.73126736e-01 -1.93152275e-01 -2.24579015e-01 -2.42254726e-01 -2.55652260e-01 -2.65650790e-01 -2.70166913e-01 -2.73639417e-01 -2.84746758e-01 -2.95919774e-01 -3.15790894e-01 -3.31019425e-01 -3.43981968e-01 -3.40838994e-01 -3.29460896e-01 -3.09114497e-01 -2.86425714e-01 -2.61517291e-01 -2.39149571e-01 -2.18798391e-01 -1.98374232e-01 -1.83048426e-01 -1.69962947e-01 -1.54064498e-01 -1.33333323e-01 -1.07237931e-01 -8.86928768e-02 -6.74464289e-02 -4.82532391e-02 -3.43982746e-02 -2.32281938e-02 -1.83042055e-02 -2.21417686e-02 -3.10102337e-02 -5.17657704e-02 -7.47072373e-02 -1.03715993e-01 -1.28649277e-01 -1.55812214e-01 -1.73741644e-01 -1.87305746e-01 -1.94302902e-01 -1.91393053e-01 -1.80004051e-01 -1.58233207e-01 -1.22355055e-01 -7.77300390e-02 -2.57586974e-02 3.90741299e-02 1.10858976e-01 1.82206578e-01 2.58821638e-01 3.28786751e-01 3.92283610e-01 4.46591425e-01 4.93249178e-01 5.15188946e-01 5.26311648e-01 5.51344576e-01 5.40862005e-01 5.00444847e-01 5.12756875e-01 4.88894421e-01 3.77023062e-01 3.63379462e-01 3.23279863e-01 2.79214704e-01 2.12442585e-01 1.56775216e-01 1.59017170e-01 1.17551967e-01 5.94566763e-02 4.98560381e-02 5.15680626e-02 -8.00403227e-02 2.51690971e-02
2.12000000e+01 -2.41492649e-01 2.43200138e-01 1.93906919e-01 1.76653929e-01 1.62976290e-01 1.33972550e-01 1.16555852e-01 9.13535069e-02 7.85422133e-02 8.40853231e-02 8.45672207e-02 7.58843647e-02 4.80089943e-02 4.37658581e-02 3.11746392e-02 -1.41314191e-03 -1.91177895e-02 -4.40341928e-02 -7.37087057e-02 -8.65674503e-02 -8.94801884e-02 -1.06782619e-01 -1.23359349e-01 -1.46628308e-01 -1.72077672e-01 -1.91535826e-01 -2.22083490e-01 -2.39768843e-01 -2.51974772e-01 -2.61542726e-01 -2.64913103e-01 -2.67570686e-01 -2.77463260e-01 -2.87939484e-01 -3.06843301e-01 -3.22044192e-01 -3.35003352e-01 -3.32702261e-01 -3.22032885e-01 -3.03201322e-01 -2.81310349e-01 -2.57740803e-01 -2.36288632e-01 -2.16500212e-01 -1.96899324e-01 -1.81816966e-01 -1.68942309e-01 -1.53537401e-01 -1.33051064e-01 -1.07117193e-01 -8.85427223e-02 -6.77006926e-02 -4.88320187e-02 -3.53119688e-02 -2.46889437e-02 -2.03560813e-02 -2.48011914e-02 -3.42974802e-02 -5.57200736e-02 -7.88231942e-02 -1.08059097e-01 -1.32953268e-01 -1.59979269e-01 -1.77642685e-01 -1.90622347e-01 -1.97335784e-01 -1.94104819e-01 -1.82145111e-01 -1.60181833e-01 -1.24023766e-01 -7.89800678e-02 -2.69428143e-02 3.78308483e-02 1.09801412e-01 1.80921151e-01 2.57771663e-01 3.27880306e-01 3.91148119e-01 4.45916391e-01 4.92664013e-01 5.14156293e-01 5.26374046e-01 5.51681756e-01 5.39908095e-01 4.99541043e-01 5.11974286e-01 4.86528471e-01 3.75607077e-01 3.61367759e-01 3.20826398e-01 2.78888453e-01 2.11103613e-01 1.56641549e-01 1.57687832e-01 1.20697395e-01 6.17343736e-02 5.19236708e-02 5.48706618e-02 -7.72319257e-02 3.45267663e-02
2.13000000e+01 -2.53890861e-01 2.33609666e-01 1.86781404e-01 1.69072969e-01 1.58280098e-01 1.29947577e-01 1.13682814e-01 8.94807376e-02 7.61106296e-02 8.40039289e-02 8.27433352e-02 7.47064038e-02 4.80322463e-02 4.30144005e-02 3.04542592e-02 -1.51853136e-03 -1.85582975e-02 -4.26722765e-02 -7.32042711e-02 -8.74724145e-02 -9.02792139e-02 -1.06979934e-01 -1.22940980e-01 -1.45762737e-01 -1.71009281e-01 -1.89959876e-01 -2.19542284e-01 -2.37296364e-01 -2.48278742e-01 -2.57452183e-01 -2.59645344e-01 -2.61535419e-01 -2.70181913e-01 -2.80003580e-01 -2.97924471e-01 -3.13107003e-01 -3.26030062e-01 -3.24563070e-01 -3.14585916e-01 -2.97250509e-01 -2.76179294e-01 -2.53914737e-01 -2.33439086e-01 -2.14175880e-01 -1.95419802e-01 -1.80593808e-01 -1.67921234e-01 -1.53004191e-01 -1.32772483e-01 -1.07019610e-01 -8.83880057e-02 -6.79824609e-02 -4.94479699e-02 -3.62570175e-02 -2.61893613e-02 -2.24627167e-02 -2.75145102e-02 -3.76288616e-02 -5.96964229e-02 -8.29464935e-02 -1.12373106e-01 -1.37218903e-01 -1.64091407e-01 -1.81489030e-01 -1.93879316e-01 -2.00306703e-01 -1.96758450e-01 -1.84216349e-01 -1.62048554e-01 -1.25638628e-01 -8.01493132e-02 -2.80366458e-02 3.66516349e-02 1.08762372e-01 1.79666336e-01 2.56699795e-01 3.26917058e-01 3.89929765e-01 4.45164244e-01 4.91941806e-01 5.13029741e-01 5.26458324e-01 5.51889116e-01 5.38872156e-01 4.98502332e-01 5.11134925e-01 4.84134044e-01 3.74284814e-01 3.59098046e-01 3.18629614e-01 2.78541829e-01 2.09636550e-01 1.56813809e-01 1.56195936e-01 1.23783993e-01 6.42287359e-02 5.39565035e-02 5.81622861e-02 -7.43901291e-02 4.39762338e-02
2.14000000e+01 -2.66102672e-01 2.24032422e-01 1.79688218e-01 1.61471848e-01 1.53538114e-01 1.25929839e-01 1.10670076e-01 8.76439507e-02 7.36538191e-02 8.37712754e-02 8.11285125e-02 7.33569265e-02 4.80651082e-02 4.23720611e-02 2.96719739e-02 -1.64184343e-03 -1.80680126e-02 -4.13370616e-02 -7.25501301e-02 -8.82805844e-02 -9.11461595e-02 -1.07168041e-01 -1.22586166e-01 -1.44884198e-01 -1.69922361e-01 -1.88420472e-01 -2.16960621e-01 -2.34829711e-01 -2.44569022e-01 -2.53372400e-01 -2.54368623e-01 -2.55526780e-01 -2.62909946e-01 -2.72106103e-01 -2.89043476e-01 -3.04205777e-01 -3.17071240e-01 -3.16419853e-01 -3.07128747e-01 -2.91256213e-01 -2.71037520e-01 -2.50036363e-01 -2.30596665e-01 -2.11828666e-01 -1.93929611e-01 -1.79378496e-01 -1.66901062e-01 -1.52462277e-01 -1.32499095e-01 -1.06943248e-01 -8.82312752e-02 -6.82915911e-02 -5.01008631e-02 -3.72352311e-02 -2.77295752e-02 -2.46254090e-02 -3.02807038e-02 -4.10046786e-02 -6.36905251e-02 -8.70774812e-02 -1.16655192e-01 -1.41445073e-01 -1.68148082e-01 -1.85280878e-01 -1.97078027e-01 -2.03216657e-01 -1.99352479e-01 -1.86219480e-01 -1.63832961e-01 -1.27200184e-01 -8.12386889e-02 -2.90437758e-02 3.55371441e-02 1.07738209e-01 1.78445375e-01 2.55605878e-01 3.25896118e-01 3.88633621e-01 4.44333761e-01 4.91081101e-01 5.11816647e-01 5.26559112e-01 5.51965054e-01 5.37747453e-01 4.97328546e-01 5.10249298e-01 4.81717576e-01 3.73036786e-01 3.56582392e-01 3.16707243e-01 2.78141869e-01 2.08079354e-01 1.57253295e-01 1.54586685e-01 1.26779280e-01 6.69442809e-02 5.59661004e-02 6.14357756e-02 -7.15163488e-02 5.35121692e-02
2.15000000e+01 -2.78127695e-01 2.14473514e-01 1.72623048e-01 1.53863898e-01 1.48739635e-01 1.21926086e-01 1.07517884e-01 8.58264203e-02 7.12003633e-02 8.33528283e-02 7.97347416e-02 7.18508460e-02 4.80871439e-02 4.18359338e-02 2.88415791e-02 -1.77931545e-03 -1.76518522e-02 -4.00396979e-02 -7.17504322e-02 -8.89829271e-02 -9.20747268e-02 -1.07345571e-01 -1.22298232e-01 -1.43992577e-01 -1.68817843e-01 -1.86913028e-01 -2.14344370e-01 -2.32360842e-01 -2.40850933e-01 -2.49296160e-01 -2.49088404e-01 -2.49537516e-01 -2.55654952e-01 -2.64240893e-01 -2.80209317e-01 -2.95338339e-01 -3.08135985e-01 -3.08271177e-01 -2.99669912e-01 -2.85213211e-01 -2.65889150e-01 -2.46104006e-01 -2.27756309e-01 -2.09462049e-01 -1.92422955e-01 -1.78170264e-01 -1.65883112e-01 -1.51909340e-01 -1.32232202e-01 -1.06886072e-01 -8.80754894e-02 -6.86277385e-02 -5.07903321e-02 -3.82485330e-02 -2.93098016e-02 -2.68452124e-02 -3.30987560e-02 -4.44251497e-02 -6.76981158e-02 -9.12164237e-02 -1.20902686e-01 -1.45630702e-01 -1.72148732e-01 -1.89018436e-01 -2.00219951e-01 -2.06066616e-01 -2.01885314e-01 -1.88156217e-01 -1.65535009e-01 -1.28708362e-01 -8.22493692e-02 -2.99680656e-02 3.44878435e-02 1.06725680e-01 1.77261015e-01 2.54489969e-01 3.24816722e-01 3.87264975e-01 4.43423491e-01 4.90080922e-01 5.10524704e-01 5.26669526e-01 5.51909117e-01 5.36525870e-01 4.96022274e-01 5.09326375e-01 4.79285681e-01 3.71840774e-01 3.53839559e-01 3.15070175e-01 2.77657424e-01 2.06473923e-01 1.57914966e-01 1.52908899e-01 1.29652195e-01 6.98817925e-02 5.79664389e-02 6.46834692e-02 -6.86117392e-02 6.31289326e-02
2.16000000e+01 -2.89965755e-01 2.04937788e-01 1.65581981e-01 1.46261894e-01 1.43875312e-01 1.17940803e-01 1.04229626e-01 8.40094378e-02 6.87775713e-02 8.27195603e-02 7.85666055e-02 7.02077342e-02 4.80782105e-02 4.14005646e-02 2.79777119e-02 -1.92728210e-03 -1.73138001e-02 -3.87902971e-02 -7.08114080e-02 -8.95711078e-02 -9.30569644e-02 -1.07512210e-01 -1.22079111e-01 -1.43088681e-01 -1.67696691e-01 -1.85432485e-01 -2.11699832e-01 -2.29881479e-01 -2.37130030e-01 -2.45216046e-01 -2.43810360e-01 -2.43560239e-01 -2.48424593e-01 -2.56401888e-01 -2.71430663e-01 -2.86502648e-01 -2.99233145e-01 -3.00115942e-01 -2.92217494e-01 -2.79117112e-01 -2.60737326e-01 -2.42117056e-01 -2.24912279e-01 -2.07079540e-01 -1.90894420e-01 -1.76968036e-01 -1.64868617e-01 -1.51343414e-01 -1.31972828e-01 -1.06846009e-01 -8.79239681e-02 -6.89903836e-02 -5.15158898e-02 -3.92989322e-02 -3.09303821e-02 -2.91228452e-02 -3.59677360e-02 -4.78903368e-02 -7.17150630e-02 -9.53634372e-02 -1.25113135e-01 -1.49774722e-01 -1.76092795e-01 -1.92701875e-01 -2.03306689e-01 -2.08857472e-01 -2.04355277e-01 -1.90028259e-01 -1.67155035e-01 -1.30162487e-01 -8.31827920e-02 -3.08135903e-02 3.35039623e-02 1.05722018e-01 1.76115446e-01 2.53352363e-01 3.23678265e-01 3.85829260e-01 4.42431793e-01 4.88940794e-01 5.09161826e-01 5.26781292e-01 5.51721865e-01 5.35198137e-01 4.94588777e-01 5.08373465e-01 4.76845001e-01 3.70672420e-01 3.50894583e-01 3.13722053e-01 2.77060378e-01 2.04864482e-01 1.58749122e-01 1.51213536e-01 1.32374003e-01 7.30381136e-02 5.99736993e-02 6.78974035e-02 -6.56772540e-02 7.28205878e-02
2.17000000e+01 -3.01616858e-01 1.95429743e-01 1.58561693e-01 1.38677756e-01 1.38937432e-01 1.13976101e-01 1.00811612e-01 8.21730069e-02 6.64104542e-02 8.18488151e-02 7.76211404e-02 6.84512772e-02 4.80189611e-02 4.10580336e-02 2.70955765e-02 -2.08223641e-03 -1.70568266e-02 -3.75978323e-02 -6.97413206e-02 -9.00375787e-02 -9.40833400e-02 -1.07668670e-01 -1.21929264e-01 -1.42174319e-01 -1.66559806e-01 -1.83973482e-01 -2.09033529e-01 -2.27383346e-01 -2.33411851e-01 -2.41124704e-01 -2.38540096e-01 -2.37587709e-01 -2.41226292e-01 -2.48583423e-01 -2.62715598e-01 -2.77697014e-01 -2.90371120e-01 -2.91953564e-01 -2.84778918e-01 -2.72964540e-01 -2.55584103e-01 -2.38075958e-01 -2.22058293e-01 -2.04684525e-01 -1.89339073e-01 -1.75770424e-01 -1.63858658e-01 -1.50762939e-01 -1.31721668e-01 -1.06821005e-01 -8.77803291e-02 -6.93788704e-02 -5.22769464e-02 -4.03884969e-02 -3.25918149e-02 -3.14586084e-02 -3.88868709e-02 -5.14000696e-02 -7.57374694e-02 -9.95184187e-02 -1.29284345e-01 -1.53876056e-01 -1.79979729e-01 -1.96331302e-01 -2.06339999e-01 -2.11590003e-01 -2.06760651e-01 -1.91837271e-01 -1.68693770e-01 -1.31561330e-01 -8.40406506e-02 -3.15845738e-02 3.25854414e-02 1.04724989e-01 1.75010247e-01 2.52193605e-01 3.22480332e-01 3.84331976e-01 4.41356883e-01 4.87660756e-01 5.07736035e-01 5.26884909e-01 5.51404697e-01 5.33754118e-01 4.93035821e-01 5.07396142e-01 4.74402045e-01 3.69505886e-01 3.47778190e-01 3.12659068e-01 2.76326768e-01 2.03295901e-01 1.59703225e-01 1.49552148e-01 1.34919179e-01 7.64060266e-02 6.20059840e-02 7.10695404e-02 -6.27137174e-02 8.25809181e-02
2.18000000e+01 -3.13081157e-01 1.85953438e-01 1.51559619e-01 1.31122285e-01 1.33920130e-01 1.10031701e-01 9.72727472e-02 8.02965763e-02 6.41207861e-02 8.07249603e-02 7.68879320e-02 6.66086066e-02 4.78913288e-02 4.07981004e-02 2.62106465e-02 -2.24088229e-03 -1.68828188e-02 -3.64700623e-02 -6.85503760e-02 -9.03756682e-02 -9.51428474e-02 -1.07816628e-01 -1.21847642e-01 -1.41252344e-01 -1.65407935e-01 -1.82530522e-01 -2.06351987e-01 -2.24858389e-01 -2.29701673e-01 -2.37015103e-01 -2.33282889e-01 -2.31613093e-01 -2.34066946e-01 -2.40780512e-01 -2.54071389e-01 -2.68920300e-01 -2.81557680e-01 -2.83784134e-01 -2.77360774e-01 -2.66753280e-01 -2.50430389e-01 -2.33982163e-01 -2.19187669e-01 -2.02280104e-01 -1.87752547e-01 -1.74575747e-01 -1.62854098e-01 -1.50166811e-01 -1.31479054e-01 -1.06809078e-01 -8.76484164e-02 -6.97924517e-02 -5.30728276e-02 -4.15193284e-02 -3.42947762e-02 -3.38523279e-02 -4.18556006e-02 -5.49538737e-02 -7.97617645e-02 -1.03680986e-01 -1.33414417e-01 -1.57933604e-01 -1.83809027e-01 -1.99906711e-01 -2.09321814e-01 -2.14264834e-01 -2.09099733e-01 -1.93584874e-01 -1.70152326e-01 -1.32903161e-01 -8.48248774e-02 -3.22853222e-02 3.17318872e-02 1.03732932e-01 1.73946370e-01 2.51014505e-01 3.21222729e-01 3.82778621e-01 4.40196880e-01 4.86241365e-01 5.06255334e-01 5.26969830e-01 5.50959643e-01 5.32183142e-01 4.91373432e-01 5.06398235e-01 4.71962981e-01 3.68314600e-01 3.44526018e-01 3.11869965e-01 2.75437776e-01 2.01812014e-01 1.60723784e-01 1.47975293e-01 1.37266233e-01 7.99742295e-02 6.40829714e-02 7.41920185e-02 -5.97219025e-02 9.24034464e-02
2.19000000e+01 -3.24358932e-01 1.76512435e-01 1.44574085e-01 1.23604950e-01 1.28819531e-01 1.06105008e-01 9.36241246e-02 7.83597807e-02 6.19262829e-02 7.93398080e-02 7.63494464e-02 6.47095211e-02 4.76789788e-02 4.06084118e-02 2.53383486e-02 -2.40017509e-03 -1.67925216e-02 -3.54134862e-02 -6.72505883e-02 -9.05796705e-02 -9.62231495e-02 -1.07958623e-01 -1.21831695e-01 -1.40326657e-01 -1.64241610e-01 -1.81098136e-01 -2.03661530e-01 -2.22299005e-01 -2.26004270e-01 -2.32880784e-01 -2.28043448e-01 -2.25630214e-01 -2.26952660e-01 -2.32989104e-01 -2.45504278e-01 -2.60172088e-01 -2.72799809e-01 -2.75608553e-01 -2.69968672e-01 -2.60482384e-01 -2.45275926e-01 -2.29838059e-01 -2.16293483e-01 -1.99868943e-01 -1.86131117e-01 -1.73382039e-01 -1.61855545e-01 -1.49554399e-01 -1.31244945e-01 -1.06808364e-01 -8.75322234e-02 -7.02303343e-02 -5.39027949e-02 -4.26935338e-02 -3.60401306e-02 -3.63033276e-02 -4.48736087e-02 -5.85509140e-02 -8.37847779e-02 -1.07850431e-01 -1.37501779e-01 -1.61946243e-01 -1.87580237e-01 -2.03427963e-01 -2.12254238e-01 -2.16882419e-01 -2.11370883e-01 -1.95272631e-01 -1.71532170e-01 -1.34185841e-01 -8.55376235e-02 -3.29201571e-02 3.09425307e-02 1.02744785e-01 1.72924123e-01 2.49816136e-01 3.19905519e-01 3.81174620e-01 4.38949854e-01 4.84683708e-01 5.04727582e-01 5.27024670e-01 5.50389131e-01 5.30474380e-01 4.89613583e-01 5.05381870e-01 4.69533431e-01 3.67072044e-01 3.41177705e-01 3.11336275e-01 2.74380550e-01 2.00453992e-01 1.61758251e-01 1.46530986e-01 1.39398442e-01 8.37274140e-02 6.62255109e-02 7.72574201e-02 -5.67026136e-02 1.02281456e-01
2.20000000e+01 -3.35450559e-01 1.67109738e-01 1.37604419e-01 1.16133733e-01 1.23633810e-01 1.02191283e-01 8.98785559e-02 7.63431635e-02 5.98399297e-02 7.76927915e-02 7.59815823e-02 6.27856205e-02 4.73677203e-02 4.04747694e-02 2.44937301e-02 -2.55734794e-03 -1.67854885e-02 -3.44333311e-02 -6.58556008e-02 -9.06449363e-02 -9.73107545e-02 -1.08097914e-01 -1.21877425e-01 -1.39402167e-01 -1.63061098e-01 -1.79671038e-01 -2.00968090e-01 -2.19698235e-01 -2.22323701e-01 -2.28716076e-01 -2.22825698e-01 -2.19633766e-01 -2.19888517e-01 -2.25206305e-01 -2.37019327e-01 -2.51452826e-01 -2.64103574e-01 -2.67428629e-01 -2.62607133e-01 -2.54152237e-01 -2.40119316e-01 -2.25646858e-01 -2.13368743e-01 -1.97453141e-01 -1.84471742e-01 -1.72187079e-01 -1.60863307e-01 -1.48925557e-01 -1.31018924e-01 -1.06817158e-01 -8.74358193e-02 -7.06917193e-02 -5.47660657e-02 -4.39131977e-02 -3.78289302e-02 -3.88104387e-02 -4.79408220e-02 -6.21899560e-02 -8.78037888e-02 -1.12025683e-01 -1.41545196e-01 -1.65912843e-01 -1.91292973e-01 -2.06894753e-01 -2.15139536e-01 -2.19443023e-01 -2.13572583e-01 -1.96902026e-01 -1.72835095e-01 -1.35406911e-01 -8.61812364e-02 -3.34933483e-02 3.02161933e-02 1.01760089e-01 1.71943182e-01 2.48599829e-01 3.18529046e-01 3.79525253e-01 4.37613869e-01 4.82989396e-01 5.03160356e-01 5.27037426e-01 5.49695743e-01 5.28617242e-01 4.87769812e-01 5.04347569e-01 4.67118233e-01 3.65752570e-01 3.37775835e-01 3.11032772e-01 2.73148817e-01 1.99258834e-01 1.62756852e-01 1.45263217e-01 1.41304467e-01 8.76464492e-02 6.84551675e-02 8.02590461e-02 -5.36567686e-02 1.12208012e-01
2.21000000e+01 -3.46356496e-01 1.57747766e-01 1.30651010e-01 1.08715025e-01 1.18363182e-01 9.82838819e-02 8.60500510e-02 7.42288538e-02 5.78694796e-02 7.57908930e-02 7.57544286e-02 6.08693751e-02 4.69458669e-02 4.03814504e-02 2.36911179e-02 -2.70992385e-03 -1.68600439e-02 -3.35335760e-02 -6.43804610e-02 -9.05679619e-02 -9.83912231e-02 -1.08238308e-01 -1.21979488e-01 -1.38484710e-01 -1.61866380e-01 -1.78244254e-01 -1.98277038e-01 -2.17049949e-01 -2.18663114e-01 -2.24516278e-01 -2.17632608e-01 -2.13619501e-01 -2.12878380e-01 -2.17430541e-01 -2.28620293e-01 -2.42763920e-01 -2.55474027e-01 -2.59247145e-01 -2.55279526e-01 -2.47764567e-01 -2.34958087e-01 -2.21412454e-01 -2.10406577e-01 -1.95034101e-01 -1.82772108e-01 -1.70988405e-01 -1.59877372e-01 -1.48280607e-01 -1.30800216e-01 -1.06833938e-01 -8.73632810e-02 -7.11758335e-02 -5.56618371e-02 -4.51803518e-02 -3.96624024e-02 -4.13720463e-02 -5.10573776e-02 -6.58693515e-02 -9.18165495e-02 -1.16205295e-01 -1.45543780e-01 -1.69832284e-01 -1.94946924e-01 -2.10306601e-01 -2.17980095e-01 -2.21946720e-01 -2.15703492e-01 -1.98474461e-01 -1.74063173e-01 -1.36563700e-01 -8.67582402e-02 -3.40090491e-02 2.95512592e-02 1.00778984e-01 1.71002618e-01 2.47367158e-01 3.17093971e-01 3.77835594e-01 4.36187038e-01 4.81160572e-01 5.01560814e-01 5.26995710e-01 5.48881963e-01 5.26601795e-01 4.85856803e-01 5.03294404e-01 4.64721220e-01 3.64332220e-01 3.34364795e-01 3.10928129e-01 2.71743272e-01 1.98258023e-01 1.63674292e-01 1.44210613e-01 1.42978828e-01 9.17086724e-02 7.07937270e-02 8.31911903e-02 -5.05854767e-02 1.22175985e-01
2.22000000e+01 -3.57077274e-01 1.48428336e-01 1.23715335e-01 1.01353588e-01 1.13009813e-01 9.43745772e-02 8.21532739e-02 7.20011732e-02 5.60171397e-02 7.36483255e-02 7.56332000e-02 5.89931597e-02 4.64045369e-02 4.03115739e-02 2.29437781e-02 -2.85571591e-03 -1.70132571e-02 -3.27170110e-02 -6.28413550e-02 -9.03464726e-02 -9.94494034e-02 -1.08383962e-01 -1.22131332e-01 -1.37580922e-01 -1.60657151e-01 -1.76813233e-01 -1.95593037e-01 -2.14348996e-01 -2.15024593e-01 -2.20277803e-01 -2.12466049e-01 -2.07584370e-01 -2.05924752e-01 -2.09661682e-01 -2.20309566e-01 -2.34107790e-01 -2.46915144e-01 -2.51067883e-01 -2.47988044e-01 -2.41322417e-01 -2.29788803e-01 -2.17139253e-01 -2.07400431e-01 -1.92612428e-01 -1.81030634e-01 -1.69783352e-01 -1.58897394e-01 -1.47620321e-01 -1.30587709e-01 -1.06857389e-01 -8.73186366e-02 -7.16819508e-02 -5.65893115e-02 -4.64969428e-02 -4.15419276e-02 -4.39861702e-02 -5.42235580e-02 -6.95870485e-02 -9.58212855e-02 -1.20387438e-01 -1.49496981e-01 -1.73703490e-01 -1.98541859e-01 -2.13662844e-01 -2.20778378e-01 -2.24393398e-01 -2.17762489e-01 -1.99991239e-01 -1.75218698e-01 -1.37653432e-01 -8.72713171e-02 -3.44712338e-02 2.89456565e-02 9.98021825e-02 1.70100933e-01 2.46119919e-01 3.15601290e-01 3.76110453e-01 4.34667570e-01 4.79199904e-01 4.99935550e-01 5.26886989e-01 5.47949931e-01 5.24419172e-01 4.83889929e-01 5.02220179e-01 4.62344990e-01 3.62789519e-01 3.30989553e-01 3.10985784e-01 2.70171724e-01 1.97476403e-01 1.64471277e-01 1.43405266e-01 1.44422209e-01 9.58882828e-02 7.32626723e-02 8.60494029e-02 -4.74901084e-02 1.32178070e-01
2.23000000e+01 -3.67613483e-01 1.39152672e-01 1.16799951e-01 9.40525751e-02 1.07577670e-01 9.04539243e-02 7.82029936e-02 6.96471499e-02 5.42794568e-02 7.12859831e-02 7.55793215e-02 5.71882786e-02 4.57378846e-02 4.02475024e-02 2.22635875e-02 -2.99281915e-03 -1.72409307e-02 -3.19853263e-02 -6.12553097e-02 -8.99794984e-02 -1.00469688e-01 -1.08539163e-01 -1.22325371e-01 -1.36698082e-01 -1.59432843e-01 -1.75373937e-01 -1.92919935e-01 -2.11591324e-01 -2.11409041e-01 -2.15998270e-01 -2.07326714e-01 -2.01526624e-01 -1.99028682e-01 -2.01901091e-01 -2.12088155e-01 -2.25487882e-01 -2.38429804e-01 -2.42895620e-01 -2.40733732e-01 -2.34830063e-01 -2.24607210e-01 -2.12831973e-01 -2.04344255e-01 -1.90187836e-01 -1.79246481e-01 -1.68569075e-01 -1.57922689e-01 -1.46945883e-01 -1.30379980e-01 -1.06886414e-01 -8.73058183e-02 -7.22094027e-02 -5.75477301e-02 -4.78647957e-02 -4.34690077e-02 -4.66505715e-02 -5.74396998e-02 -7.33406248e-02 -9.98166729e-02 -1.24569921e-01 -1.53404563e-01 -1.77525461e-01 -2.02077621e-01 -2.16962654e-01 -2.23536865e-01 -2.26782771e-01 -2.19748721e-01 -2.01453561e-01 -1.76304136e-01 -1.38673332e-01 -8.77232927e-02 -3.48836424e-02 2.83968460e-02 9.88309443e-02 1.69236116e-01 2.44860098e-01 3.14052365e-01 3.74354320e-01 4.33053821e-01 4.77110586e-01 4.98290455e-01 5.26698819e-01 5.46901218e-01 5.22061970e-01 4.81884785e-01 5.01121661e-01 4.59990699e-01 3.61106233e-01 3.27694403e-01 3.11164973e-01 2.68448986e-01 1.96931310e-01 1.65115806e-01 1.42871782e-01 1.45641594e-01 1.00156835e-01 7.58826464e-02 8.88307337e-02 -4.43723517e-02 1.42206805e-01
2.24000000e+01 -3.77965776e-01 1.29921431e-01 1.09908438e-01 8.68136052e-02 1.02072304e-01 8.65116726e-02 7.42135509e-02 6.71569233e-02 5.26474055e-02 6.87306767e-02 7.55516268e-02 5.54840140e-02 4.49432542e-02 4.01712684e-02 2.16607276e-02 -3.11959766e-03 -1.75376055e-02 -3.13392242e-02 -5.96398727e-02 -8.94674346e-02 -1.01436284e-01 -1.08708098e-01 -1.22553187e-01 -1.35843922e-01 -1.58192664e-01 -1.73922899e-01 -1.90260685e-01 -2.08774070e-01 -2.07816107e-01 -2.11676546e-01 -2.02214067e-01 -1.95445875e-01 -1.92189739e-01 -1.94151628e-01 -2.03955724e-01 -2.16908624e-01 -2.30019799e-01 -2.34736074e-01 -2.33516544e-01 -2.28292896e-01 -2.19408416e-01 -2.08495444e-01 -2.01232687e-01 -1.87759093e-01 -1.77419524e-01 -1.67342592e-01 -1.56952237e-01 -1.46258848e-01 -1.30175341e-01 -1.06920130e-01 -8.73286237e-02 -7.27575826e-02 -5.85364132e-02 -4.92855741e-02 -4.54452284e-02 -4.93628746e-02 -6.07060838e-02 -7.71273433e-02 -1.03801800e-01 -1.28750217e-01 -1.57266582e-01 -1.81297314e-01 -2.05554114e-01 -2.20205048e-01 -2.26257992e-01 -2.29114396e-01 -2.21661638e-01 -2.02862511e-01 -1.77322070e-01 -1.39620728e-01 -8.81171218e-02 -3.52497329e-02 2.79018205e-02 9.78670293e-02 1.68405702e-01 2.43589832e-01 3.12448935e-01 3.72571324e-01 4.31344348e-01 4.74896332e-01 4.96630573e-01 5.26419077e-01 5.45736617e-01 5.19524607e-01 4.79856712e-01 4.99994813e-01 4.57657890e-01 3.59268036e-01 3.24521711e-01 3.11421908e-01 2.66596513e-01 1.96631989e-01 1.65584182e-01 1.42626584e-01 1.46650204e-01 1.04483820e-01 7.86729130e-02 9.15339465e-02 -4.12342528e-02 1.52254592e-01
2.25000000e+01 -3.88134870e-01 1.20734750e-01 1.03045316e-01 7.96368902e-02 9.65005896e-02 8.25371985e-02 7.01983617e-02 6.45240237e-02 5.11066741e-02 6.60141818e-02 7.55076330e-02 5.39067234e-02 4.40212519e-02 4.00650125e-02 2.11434129e-02 -3.23466959e-03 -1.78965892e-02 -3.07785410e-02 -5.80127826e-02 -8.88120885e-02 -1.02333495e-01 -1.08894618e-01 -1.22805746e-01 -1.35026414e-01 -1.56935660e-01 -1.72457265e-01 -1.87617296e-01 -2.05895608e-01 -2.04244158e-01 -2.07312747e-01 -1.97126359e-01 -1.89343090e-01 -1.85406036e-01 -1.86417577e-01 -1.95910679e-01 -2.08375348e-01 -2.21685892e-01 -2.26595835e-01 -2.26335451e-01 -2.21717264e-01 -2.14187088e-01 -2.04134402e-01 -1.98061198e-01 -1.85323983e-01 -1.75550325e-01 -1.66100817e-01 -1.55984697e-01 -1.45561087e-01 -1.29971877e-01 -1.06957870e-01 -8.73906811e-02 -7.33259453e-02 -5.95548070e-02 -5.07607375e-02 -4.74722189e-02 -5.21206938e-02 -6.40228164e-02 -8.09442229e-02 -1.07776111e-01 -1.32925506e-01 -1.61083350e-01 -1.85018315e-01 -2.08971292e-01 -2.23388923e-01 -2.28944081e-01 -2.31387685e-01 -2.23501020e-01 -2.04219051e-01 -1.78275145e-01 -1.40493130e-01 -8.84558756e-02 -3.55726439e-02 2.74571142e-02 9.69126509e-02 1.67606841e-01 2.42311371e-01 3.10793132e-01 3.70765193e-01 4.29537954e-01 4.72561368e-01 4.94959974e-01 5.26036169e-01 5.44455982e-01 5.16803641e-01 4.77820355e-01 4.98835045e-01 4.55344353e-01 3.57265094e-01 3.21510701e-01 3.11711064e-01 2.64641801e-01 1.96579320e-01 1.65861713e-01 1.42677484e-01 1.47467248e-01 1.08837325e-01 8.16508313e-02 9.41596952e-02 -3.80782373e-02 1.62313713e-01
2.26000000e+01 -3.98121555e-01 1.11592314e-01 9.62159244e-02 7.25214069e-02 9.08704242e-02 7.85199438e-02 6.61694728e-02 6.17455208e-02 4.96381394e-02 6.31721308e-02 7.54048539e-02 5.24790142e-02 4.29757345e-02 3.99114209e-02 2.07176615e-02 -3.33689167e-03 -1.83100106e-02 -3.03023696e-02 -5.63916417e-02 -8.80167062e-02 -1.03145997e-01 -1.09102008e-01 -1.23073640e-01 -1.34253536e-01 -1.55660782e-01 -1.70974813e-01 -1.84990816e-01 -2.02955563e-01 -2.00690306e-01 -2.02908180e-01 -1.92060683e-01 -1.83220550e-01 -1.78674321e-01 -1.78704529e-01 -1.87950302e-01 -1.99894161e-01 -2.13427904e-01 -2.18482253e-01 -2.19188575e-01 -2.15110291e-01 -2.08937664e-01 -1.99753301e-01 -1.94826195e-01 -1.82879322e-01 -1.73640079e-01 -1.64840606e-01 -1.55018415e-01 -1.44854727e-01 -1.29767504e-01 -1.06999168e-01 -8.74954151e-02 -7.39140080e-02 -6.06025352e-02 -5.22914966e-02 -4.95516098e-02 -5.49217533e-02 -6.73897120e-02 -8.47881220e-02 -1.11739347e-01 -1.37092729e-01 -1.64855390e-01 -1.88687916e-01 -2.12329140e-01 -2.26513084e-01 -2.31597283e-01 -2.33601934e-01 -2.25266999e-01 -2.05524003e-01 -1.79166034e-01 -1.41288312e-01 -8.87427272e-02 -3.58551704e-02 2.70588245e-02 9.59704189e-02 1.66836373e-01 2.41027026e-01 3.09087484e-01 3.68939224e-01 4.27633737e-01 4.70110428e-01 4.93281635e-01 5.25539224e-01 5.43058093e-01 5.13898022e-01 4.75789244e-01 4.97637459e-01 4.53046046e-01 3.55092522e-01 3.18696311e-01 3.11986538e-01 2.62617553e-01 1.96765858e-01 1.65943091e-01 1.43023553e-01 1.48117472e-01 1.13184757e-01 8.48313588e-02 9.67106540e-02 -3.49071103e-02 1.72376342e-01
2.27000000e+01 -4.07926707e-01 1.02493433e-01 8.94262704e-02 6.54651053e-02 8.51903989e-02 7.44498444e-02 6.21371862e-02 5.88220346e-02 4.82185104e-02 6.02427837e-02 7.52021115e-02 5.12190186e-02 4.18137147e-02 3.96941514e-02 2.03871142e-02 -3.42534374e-03 -1.87689043e-02 -2.99091726e-02 -5.47936016e-02 -8.70859812e-02 -1.03859113e-01 -1.09332763e-01 -1.23347327e-01 -1.33533033e-01 -1.54366979e-01 -1.69473947e-01 -1.82381341e-01 -1.99954781e-01 -1.97150478e-01 -1.98465252e-01 -1.87013081e-01 -1.77081751e-01 -1.71990124e-01 -1.71019203e-01 -1.80070914e-01 -1.91471782e-01 -2.05244841e-01 -2.10403300e-01 -2.12073348e-01 -2.08479667e-01 -2.03654564e-01 -1.95356159e-01 -1.91525085e-01 -1.80420997e-01 -1.71690552e-01 -1.63558791e-01 -1.54051457e-01 -1.44142082e-01 -1.29560028e-01 -1.07043755e-01 -8.76460082e-02 -7.45213559e-02 -6.16794466e-02 -5.38787729e-02 -5.16849926e-02 -5.77639933e-02 -7.08061847e-02 -8.86558272e-02 -1.15691467e-01 -1.41248641e-01 -1.68583406e-01 -1.92305777e-01 -2.15627662e-01 -2.29576273e-01 -2.34219511e-01 -2.35756345e-01 -2.26960071e-01 -2.06778035e-01 -1.79997396e-01 -1.42004365e-01 -8.89809360e-02 -3.60997507e-02 2.67026463e-02 9.50432756e-02 1.66090909e-01 2.39739115e-01 3.07334920e-01 3.67096261e-01 4.25631131e-01 4.67548735e-01 4.91597342e-01 5.24918257e-01 5.41540584e-01 5.10809279e-01 4.73775425e-01 4.96397067e-01 4.50757080e-01 3.52750702e-01 3.16108169e-01 3.12203430e-01 2.60560656e-01 1.97176179e-01 1.65832421e-01 1.43655277e-01 1.48630543e-01 1.17493607e-01 8.82265972e-02 9.91915965e-02 -3.17240357e-02 1.82434556e-01
2.28000000e+01 -4.17551300e-01 9.34371341e-02 8.26828600e-02 5.84651431e-02 7.94694626e-02 7.03177323e-02 5.81097652e-02 5.57576135e-02 4.68211198e-02 5.72657207e-02 7.48608052e-02 5.01397920e-02 4.05451843e-02 3.93982348e-02 2.01529087e-02 -3.49931357e-03 -1.92633277e-02 -2.95968785e-02 -5.32350698e-02 -8.60260414e-02 -1.04459064e-01 -1.09588388e-01 -1.23617382e-01 -1.32872160e-01 -1.53053301e-01 -1.67953670e-01 -1.79788051e-01 -1.96895269e-01 -1.93619533e-01 -1.93987328e-01 -1.81978687e-01 -1.70931260e-01 -1.65347942e-01 -1.63369228e-01 -1.72268080e-01 -1.83115352e-01 -1.97135051e-01 -2.02367417e-01 -2.04986695e-01 -2.01833425e-01 -1.98332404e-01 -1.90946423e-01 -1.88156284e-01 -1.77944053e-01 -1.69704000e-01 -1.62252227e-01 -1.53081640e-01 -1.43425574e-01 -1.29347215e-01 -1.07091548e-01 -8.78453561e-02 -7.51476577e-02 -6.27856540e-02 -5.55231684e-02 -5.38738800e-02 -6.06456580e-02 -7.42711583e-02 -9.25441423e-02 -1.19632574e-01 -1.45389875e-01 -1.72268239e-01 -1.95871778e-01 -2.18866877e-01 -2.32577200e-01 -2.36812388e-01 -2.37850059e-01 -2.28581102e-01 -2.07981646e-01 -1.80771859e-01 -1.42639744e-01 -8.91738288e-02 -3.63084664e-02 2.63839205e-02 9.41344256e-02 1.65366903e-01 2.38449915e-01 3.05538764e-01 3.65238678e-01 4.23529950e-01 4.64881982e-01 4.89907611e-01 5.24164301e-01 5.39899911e-01 5.07541624e-01 4.71789156e-01 4.95108993e-01 4.48469773e-01 3.50245448e-01 3.13769709e-01 3.12319218e-01 2.58510982e-01 1.97787532e-01 1.65542918e-01 1.44555012e-01 1.49040252e-01 1.21732242e-01 9.18453951e-02 1.01609417e-01 -2.85324926e-02 1.92480350e-01
2.29000000e+01 -4.26996421e-01 8.44222597e-02 7.59925085e-02 5.15181375e-02 7.37165842e-02 6.61156957e-02 5.40932286e-02 5.25594837e-02 4.54168318e-02 5.42804969e-02 7.43461008e-02 4.92488536e-02 3.91828583e-02 3.90104446e-02 2.00136130e-02 -3.55828109e-03 -1.97825129e-02 -2.93629586e-02 -5.17314437e-02 -8.48444139e-02 -1.04933215e-01 -1.09869210e-01 -1.23874726e-01 -1.32277433e-01 -1.51719016e-01 -1.66413533e-01 -1.77209267e-01 -1.93780091e-01 -1.90091421e-01 -1.89478561e-01 -1.76951918e-01 -1.64774537e-01 -1.58741484e-01 -1.55762884e-01 -1.64536840e-01 -1.74832222e-01 -1.89096399e-01 -1.94383334e-01 -1.97925231e-01 -1.95179718e-01 -1.92966197e-01 -1.86526872e-01 -1.84719189e-01 -1.75442806e-01 -1.67683071e-01 -1.60917829e-01 -1.52106576e-01 -1.42707640e-01 -1.29126862e-01 -1.07142649e-01 -8.80960186e-02 -7.57926904e-02 -6.39215547e-02 -5.72249497e-02 -5.61196674e-02 -6.35653620e-02 -7.77829992e-02 -9.64499719e-02 -1.23562840e-01 -1.49512989e-01 -1.75910846e-01 -1.99386022e-01 -2.22046828e-01 -2.35514567e-01 -2.39377196e-01 -2.39882196e-01 -2.30131317e-01 -2.09135144e-01 -1.81491991e-01 -1.43193305e-01 -8.93247813e-02 -3.64830514e-02 2.60976954e-02 9.32472589e-02 1.64660734e-01 2.37161602e-01 3.03702731e-01 3.63368361e-01 4.21330418e-01 4.62116305e-01 4.88211647e-01 5.23269496e-01 5.38131378e-01 5.04101977e-01 4.69838658e-01 4.93768636e-01 4.46174786e-01 3.47587994e-01 3.11697473e-01 3.12295068e-01 2.56510074e-01 1.98570756e-01 1.65096275e-01 1.45697703e-01 1.49383581e-01 1.25870702e-01 9.56930206e-02 1.03973090e-01 -2.53362123e-02 2.02505643e-01
2.30000000e+01 -4.36263290e-01 7.54475704e-02 6.93621430e-02 4.46204235e-02 6.79404308e-02 6.18373867e-02 5.00912413e-02 4.92376824e-02 4.39750367e-02 5.13253061e-02 7.36279985e-02 4.85478871e-02 3.77418418e-02 3.85196269e-02 1.99652199e-02 -3.60190161e-03 -2.03150505e-02 -2.92044817e-02 -5.02968756e-02 -8.35499666e-02 -1.05270290e-01 -1.10174235e-01 -1.24110854e-01 -1.31754393e-01 -1.50363735e-01 -1.64853566e-01 -1.74642533e-01 -1.90613229e-01 -1.86559387e-01 -1.84943692e-01 -1.71926679e-01 -1.58617718e-01 -1.52163926e-01 -1.48208814e-01 -1.56871943e-01 -1.66629729e-01 -1.81126464e-01 -1.86459882e-01 -1.90885451e-01 -1.88526587e-01 -1.87551533e-01 -1.82099554e-01 -1.81214106e-01 -1.72910991e-01 -1.65630692e-01 -1.59552616e-01 -1.51123721e-01 -1.41990641e-01 -1.28896868e-01 -1.07197348e-01 -8.84001646e-02 -7.64563744e-02 -6.50878314e-02 -5.89840530e-02 -5.84235935e-02 -6.65221335e-02 -8.13394787e-02 -1.00370395e-01 -1.27482431e-01 -1.53614522e-01 -1.79512267e-01 -2.02848818e-01 -2.25167601e-01 -2.38387095e-01 -2.41914828e-01 -2.41851899e-01 -2.31612287e-01 -2.10238643e-01 -1.82160286e-01 -1.43664323e-01 -8.94371995e-02 -3.66249104e-02 2.58388018e-02 9.23852675e-02 1.63968780e-01 2.35876206e-01 3.01830914e-01 3.61486697e-01 4.19033203e-01 4.59258247e-01 4.86507317e-01 5.22227154e-01 5.36229220e-01 5.00499903e-01 4.67929951e-01 4.92371796e-01 4.43861331e-01 3.44794818e-01 3.09900611e-01 3.12097047e-01 2.54599740e-01 1.99491437e-01 1.64521730e-01 1.47051868e-01 1.49699651e-01 1.29881476e-01 9.97709158e-02 1.06293568e-01 -2.21390933e-02 2.12502285e-01
2.31000000e+01 -4.45353276e-01 6.65118475e-02 6.27986021e-02 3.77683089e-02 6.21490725e-02 5.74782644e-02 4.61050997e-02 4.58045903e-02 4.24646949e-02 4.84356958e-02 7.26822473e-02 4.80326134e-02 3.62392241e-02 3.79169866e-02 2.00012018e-02 -3.62998728e-03 -2.08491053e-02 -2.91181499e-02 -4.89440709e-02 -8.21528266e-02 -1.05460561e-01 -1.10501028e-01 -1.24318026e-01 -1.31307393e-01 -1.48987524e-01 -1.63274198e-01 -1.72084724e-01 -1.87399415e-01 -1.83016190e-01 -1.80387826e-01 -1.66896603e-01 -1.52467382e-01 -1.45608204e-01 -1.40715728e-01 -1.49268109e-01 -1.58514970e-01 -1.73222737e-01 -1.78605796e-01 -1.83863937e-01 -1.81881748e-01 -1.82084754e-01 -1.77665747e-01 -1.77642154e-01 -1.70341932e-01 -1.63549938e-01 -1.58153761e-01 -1.50130429e-01 -1.41276764e-01 -1.28655302e-01 -1.07256124e-01 -8.87595181e-02 -7.71388137e-02 -6.62854309e-02 -6.08001077e-02 -6.07867041e-02 -6.95154332e-02 -8.49377674e-02 -1.04302722e-01 -1.31391452e-01 -1.57691024e-01 -1.83073608e-01 -2.06260656e-01 -2.28229343e-01 -2.41193539e-01 -2.44425754e-01 -2.43758379e-01 -2.33025899e-01 -2.11292054e-01 -1.82779136e-01 -1.44052515e-01 -8.95145037e-02 -3.67351439e-02 2.56019377e-02 9.15519584e-02 1.63287483e-01 2.34595559e-01 2.99927777e-01 3.59594564e-01 4.16639442e-01 4.56314704e-01 4.84791175e-01 5.21031770e-01 5.34186735e-01 4.96747466e-01 4.66066748e-01 4.90914754e-01 4.41517464e-01 3.41887290e-01 3.08380595e-01 3.11697196e-01 2.52820630e-01 2.00511260e-01 1.63854869e-01 1.48580781e-01 1.50028590e-01 1.33740230e-01 1.04076543e-01 1.08583620e-01 -1.89451001e-02 2.22462068e-01
2.32000000e+01 -4.54267910e-01 5.76139931e-02 5.63084423e-02 3.09583167e-02 5.63497223e-02 5.30357666e-02 4.21338121e-02 4.22743815e-02 4.08553949e-02 4.56433770e-02 7.14910737e-02 4.76928439e-02 3.46936061e-02 3.71963239e-02 2.01126251e-02 -3.64248717e-03 -2.13726562e-02 -2.91003160e-02 -4.76841190e-02 -8.06642776e-02 -1.05496021e-01 -1.10845641e-01 -1.24489426e-01 -1.30939412e-01 -1.47591009e-01 -1.61676159e-01 -1.69532175e-01 -1.84143940e-01 -1.79454348e-01 -1.75816203e-01 -1.61855299e-01 -1.46330297e-01 -1.39067302e-01 -1.33292094e-01 -1.41720267e-01 -1.50494586e-01 -1.65382825e-01 -1.70829513e-01 -1.76857537e-01 -1.75252393e-01 -1.76563095e-01 -1.73225944e-01 -1.74005151e-01 -1.67728733e-01 -1.61443878e-01 -1.56718636e-01 -1.49123999e-01 -1.40567938e-01 -1.28400473e-01 -1.07319649e-01 -8.91753062e-02 -7.78403362e-02 -6.75155272e-02 -6.26724789e-02 -6.32098175e-02 -7.25451498e-02 -8.85744629e-02 -1.08244536e-01 -1.35289901e-01 -1.61739087e-01 -1.86596025e-01 -2.09622181e-01 -2.31232301e-01 -2.43932713e-01 -2.46909993e-01 -2.45600967e-01 -2.34374323e-01 -2.12295092e-01 -1.83350803e-01 -1.44358050e-01 -8.95601170e-02 -3.68145773e-02 2.53817623e-02 9.07507624e-02 1.62613414e-01 2.33321263e-01 2.97998133e-01 3.57692318e-01 4.14150763e-01 4.53292870e-01 4.83058506e-01 5.19679005e-01 5.31996472e-01 4.92859004e-01 4.64250431e-01 4.89394310e-01 4.39130442e-01 3.38891156e-01 3.07131170e-01 3.11074432e-01 2.51210814e-01 2.01589501e-01 1.63136209e-01 1.50243844e-01 1.50410344e-01 1.37426484e-01 1.08603332e-01 1.10857599e-01 -1.57581453e-02 2.32376728e-01
2.33000000e+01 -4.63008901e-01 4.87531238e-02 4.98977545e-02 2.41874062e-02 5.05485230e-02 4.85094058e-02 3.81742670e-02 3.86624137e-02 3.91183881e-02 4.29751682e-02 7.00437002e-02 4.75127140e-02 3.31245731e-02 3.63542179e-02 2.02883206e-02 -3.63946816e-03 -2.18737545e-02 -2.91469875e-02 -4.65263582e-02 -7.90966371e-02 -1.05370505e-01 -1.11202587e-01 -1.24619284e-01 -1.30651913e-01 -1.46175463e-01 -1.60060385e-01 -1.66980825e-01 -1.80852440e-01 -1.75866388e-01 -1.71233963e-01 -1.56796604e-01 -1.40213163e-01 -1.32534546e-01 -1.25945844e-01 -1.34223801e-01 -1.42574558e-01 -1.57604630e-01 -1.63138982e-01 -1.69863543e-01 -1.68645020e-01 -1.70984805e-01 -1.68779865e-01 -1.70305480e-01 -1.65064481e-01 -1.59315416e-01 -1.55244878e-01 -1.48101720e-01 -1.39865744e-01 -1.28130982e-01 -1.07388788e-01 -8.96482175e-02 -7.85615292e-02 -6.87794734e-02 -6.46003202e-02 -6.56934963e-02 -7.56115721e-02 -9.22456493e-02 -1.12193708e-01 -1.39177646e-01 -1.65755362e-01 -1.90080701e-01 -2.12934154e-01 -2.34176837e-01 -2.46603515e-01 -2.49367092e-01 -2.47379158e-01 -2.35659955e-01 -2.13247298e-01 -1.83877387e-01 -1.44581553e-01 -8.95774580e-02 -3.68637955e-02 2.51729941e-02 8.99849428e-02 1.61943329e-01 2.32054649e-01 2.96047133e-01 3.55779790e-01 4.11569304e-01 4.50200156e-01 4.81303414e-01 5.18165635e-01 5.29650462e-01 4.88850825e-01 4.62480093e-01 4.87807784e-01 4.36687140e-01 3.35835871e-01 3.06138537e-01 3.10215244e-01 2.49804448e-01 2.02684606e-01 1.62409620e-01 1.51998081e-01 1.50883484e-01 1.40924183e-01 1.13340728e-01 1.13131166e-01 -1.25819596e-02 2.42237958e-01
2.34000000e+01 -4.71578147e-01 3.99286548e-02 4.35719994e-02 1.74531648e-02 4.47503849e-02 4.39007863e-02 3.42214810e-02 3.49845822e-02 3.72275646e-02 4.04521071e-02 6.83366372e-02 4.74710915e-02 3.15521281e-02 3.53901497e-02 2.05151067e-02 -3.62109988e-03 -2.23407892e-02 -2.92538203e-02 -4.54782735e-02 -7.74631171e-02 -1.05079800e-01 -1.11564859e-01 -1.24702960e-01 -1.30444731e-01 -1.44742872e-01 -1.58427907e-01 -1.64426392e-01 -1.77530670e-01 -1.72245098e-01 -1.66645910e-01 -1.51714836e-01 -1.34122344e-01 -1.26003883e-01 -1.18684110e-01 -1.26774759e-01 -1.34760033e-01 -1.49886530e-01 -1.55541479e-01 -1.62879844e-01 -1.62065293e-01 -1.65349236e-01 -1.64326480e-01 -1.66545963e-01 -1.62342449e-01 -1.57167119e-01 -1.53730435e-01 -1.47060912e-01 -1.39171358e-01 -1.27845770e-01 -1.07464598e-01 -9.01783715e-02 -7.93032645e-02 -7.00787528e-02 -6.65826307e-02 -6.82380243e-02 -7.87153429e-02 -9.59469848e-02 -1.16148388e-01 -1.43054421e-01 -1.69736564e-01 -1.93528827e-01 -2.16197422e-01 -2.37063448e-01 -2.49204953e-01 -2.51796123e-01 -2.49092651e-01 -2.36885359e-01 -2.14148066e-01 -1.84360784e-01 -1.44724114e-01 -8.95699385e-02 -3.68831805e-02 2.49705115e-02 8.92575061e-02 1.61274217e-01 2.30796756e-01 2.94080235e-01 3.53856281e-01 4.08897719e-01 4.47044105e-01 4.79518937e-01 5.16489460e-01 5.27140488e-01 4.84740854e-01 4.60752638e-01 4.86152967e-01 4.34174516e-01 3.32753802e-01 3.05381766e-01 3.09114158e-01 2.48630543e-01 2.03755791e-01 1.61720634e-01 1.53799705e-01 1.51484037e-01 1.44222176e-01 1.18274347e-01 1.15420947e-01 -9.41995442e-03 2.52037415e-01
2.35000000e+01 -4.79977737e-01 3.11403717e-02 3.73358654e-02 1.07539644e-02 3.89588814e-02 3.92135448e-02 3.02689138e-02 3.12566638e-02 3.51603358e-02 3.80887603e-02 6.63737381e-02 4.75421470e-02 2.99961054e-02 3.43065577e-02 2.07780653e-02 -3.58764828e-03 -2.27627500e-02 -2.94161068e-02 -4.45454279e-02 -7.57776701e-02 -1.04621703e-01 -1.11924001e-01 -1.24736979e-01 -1.30316001e-01 -1.43295977e-01 -1.56779748e-01 -1.61864549e-01 -1.74184277e-01 -1.68583763e-01 -1.62056308e-01 -1.46605023e-01 -1.28063620e-01 -1.19470138e-01 -1.11512983e-01 -1.19370041e-01 -1.27055167e-01 -1.42227520e-01 -1.48043445e-01 -1.55905048e-01 -1.55517938e-01 -1.59656903e-01 -1.59864057e-01 -1.62729732e-01 -1.59556292e-01 -1.55001056e-01 -1.52173625e-01 -1.45998954e-01 -1.38485494e-01 -1.27544155e-01 -1.07548308e-01 -9.07653042e-02 -8.00667131e-02 -7.14149345e-02 -6.86183099e-02 -7.08433910e-02 -8.18573999e-02 -9.96738108e-02 -1.20106977e-01 -1.46919836e-01 -1.73679483e-01 -1.96941571e-01 -2.19412890e-01 -2.39892760e-01 -2.51736181e-01 -2.54195684e-01 -2.50741393e-01 -2.38053193e-01 -2.14996687e-01 -1.84802640e-01 -1.44787280e-01 -8.95409607e-02 -3.68729538e-02 2.47694503e-02 8.85711166e-02 1.60603349e-01 2.29548310e-01 2.92103172e-01 3.51920574e-01 4.06139184e-01 4.43832287e-01 4.77697194e-01 5.14649194e-01 5.24458387e-01 4.80548211e-01 4.59062949e-01 4.84428047e-01 4.31580098e-01 3.29679323e-01 3.04833423e-01 3.07773960e-01 2.47711913e-01 2.04764619e-01 1.61114725e-01 1.55605709e-01 1.52244382e-01 1.47314564e-01 1.23386243e-01 1.17744162e-01 -6.27507922e-03 2.61766731e-01
2.36000000e+01 -4.88209958e-01 2.23884882e-02 3.11931539e-02 4.08907857e-03 3.31762025e-02 3.44532183e-02 2.63088371e-02 2.74936753e-02 3.28983938e-02 3.58927519e-02 6.41660180e-02 4.76960668e-02 2.84755820e-02 3.31088189e-02 2.10608675e-02 -3.53948157e-03 -2.31294772e-02 -2.96287615e-02 -4.37314270e-02 -7.40548202e-02 -1.03996062e-01 -1.12270219e-01 -1.24719032e-01 -1.30262119e-01 -1.41838306e-01 -1.55116811e-01 -1.59291119e-01 -1.70818566e-01 -1.64876391e-01 -1.57468683e-01 -1.41463125e-01 -1.22041946e-01 -1.12929236e-01 -1.04437320e-01 -1.12007546e-01 -1.19463016e-01 -1.34627330e-01 -1.40650336e-01 -1.48938595e-01 -1.49006682e-01 -1.53909505e-01 -1.55390222e-01 -1.58860105e-01 -1.56700220e-01 -1.52818656e-01 -1.50573174e-01 -1.44913319e-01 -1.37808372e-01 -1.27225860e-01 -1.07641301e-01 -9.14079698e-02 -8.08533484e-02 -7.27896421e-02 -7.07062019e-02 -7.35092803e-02 -8.50389090e-02 -1.03421274e-01 -1.24068078e-01 -1.50773392e-01 -1.77580988e-01 -2.00320053e-01 -2.22581499e-01 -2.42665520e-01 -2.54196537e-01 -2.56563913e-01 -2.52325604e-01 -2.39166130e-01 -2.15792399e-01 -1.85204311e-01 -1.44773064e-01 -8.94939137e-02 -3.68332231e-02 2.45652971e-02 8.79280195e-02 1.59928313e-01 2.28309715e-01 2.90121912e-01 3.49970950e-01 4.03297390e-01 4.40572194e-01 4.75829559e-01 5.12644332e-01 5.21596364e-01 4.76292763e-01 4.57404099e-01 4.82631515e-01 4.28892487e-01 3.26647823e-01 3.04460412e-01 3.06205652e-01 2.47064315e-01 2.05676468e-01 1.60635594e-01 1.57375415e-01 1.53192252e-01 1.50200914e-01 1.28655261e-01 1.20118204e-01 -3.14968085e-03 2.71417529e-01
2.37000000e+01 -4.96277289e-01 1.36736860e-02 2.51466942e-02 -2.54124427e-03 2.74031684e-02 2.96270469e-02 2.23327396e-02 2.37092727e-02 3.04283217e-02 3.38645266e-02 6.17312409e-02 4.78998861e-02 2.70083103e-02 3.18051502e-02 2.13461466e-02 -3.47709038e-03 -2.34318907e-02 -2.98863098e-02 -4.30379168e-02 -7.23094824e-02 -1.03204771e-01 -1.12592540e-01 -1.24647933e-01 -1.30277741e-01 -1.40374166e-01 -1.53439777e-01 -1.56702263e-01 -1.67438286e-01 -1.61117912e-01 -1.52885666e-01 -1.36286204e-01 -1.16061246e-01 -1.06378385e-01 -9.74606019e-02 -1.04686289e-01 -1.11985450e-01 -1.27086515e-01 -1.33366514e-01 -1.41980824e-01 -1.42534225e-01 -1.48109916e-01 -1.50902030e-01 -1.54940472e-01 -1.53769143e-01 -1.50620590e-01 -1.48928251e-01 -1.43801602e-01 -1.37139689e-01 -1.26891028e-01 -1.07745085e-01 -9.21047566e-02 -8.16649395e-02 -7.42045357e-02 -7.28451267e-02 -7.62350645e-02 -8.82611973e-02 -1.07184453e-01 -1.28030427e-01 -1.54614505e-01 -1.81438050e-01 -2.03665313e-01 -2.25704212e-01 -2.45382558e-01 -2.56585589e-01 -2.58898502e-01 -2.53845818e-01 -2.40226762e-01 -2.16534452e-01 -1.85566810e-01 -1.44683942e-01 -8.94321616e-02 -3.67640360e-02 2.43539741e-02 8.73299731e-02 1.59247055e-01 2.27081045e-01 2.88142601e-01 3.48005219e-01 4.00376533e-01 4.37271114e-01 4.73906861e-01 5.10474999e-01 5.18547324e-01 4.71994651e-01 4.55767609e-01 4.80762038e-01 4.26101851e-01 3.23694673e-01 3.04224986e-01 3.04428154e-01 2.46695838e-01 2.06461863e-01 1.60323548e-01 1.59071930e-01 1.54349871e-01 1.52886319e-01 1.34057500e-01 1.22560199e-01 -4.53678800e-05 2.80981438e-01
2.38000000e+01 -5.04182399e-01 4.99713677e-03 1.91982925e-02 -9.13575179e-03 2.16392987e-02 2.47437192e-02 1.83317532e-02 1.99152130e-02 2.77420324e-02 3.19973543e-02 5.90932920e-02 4.81184189e-02 2.56101863e-02 3.04064275e-02 2.16159109e-02 -3.40112058e-03 -2.36621900e-02 -3.01828824e-02 -4.24646140e-02 -7.05567688e-02 -1.02251751e-01 -1.12879006e-01 -1.24523540e-01 -1.30355822e-01 -1.38908624e-01 -1.51749020e-01 -1.54094654e-01 -1.64047431e-01 -1.57304334e-01 -1.48308870e-01 -1.31072564e-01 -1.10124241e-01 -9.98162117e-02 -9.05848333e-02 -9.74064641e-02 -1.04623115e-01 -1.19606498e-01 -1.26195156e-01 -1.35033021e-01 -1.36102254e-01 -1.42262135e-01 -1.46396057e-01 -1.50974185e-01 -1.50758794e-01 -1.48406693e-01 -1.47238479e-01 -1.42661553e-01 -1.36478613e-01 -1.26540234e-01 -1.07861261e-01 -9.28535179e-02 -8.25035353e-02 -7.56613088e-02 -7.50338968e-02 -7.90198004e-02 -9.15256893e-02 -1.10958486e-01 -1.31992833e-01 -1.58442520e-01 -1.85247757e-01 -2.06978279e-01 -2.28782002e-01 -2.48044754e-01 -2.58903172e-01 -2.61196725e-01 -2.55302903e-01 -2.41237516e-01 -2.17222166e-01 -1.85890774e-01 -1.44522855e-01 -8.93590228e-02 -3.66654396e-02 2.41319157e-02 8.67781963e-02 1.58557898e-01 2.25862054e-01 2.86171490e-01 3.46020776e-01 3.97381279e-01 4.33936003e-01 4.71919593e-01 5.08141789e-01 5.15305184e-01 4.67673798e-01 4.54143736e-01 4.78818348e-01 4.23200384e-01 3.20854155e-01 3.04085921e-01 3.02467747e-01 2.46606541e-01 2.07097611e-01 1.60214016e-01 1.60663468e-01 1.55733260e-01 1.55381313e-01 1.39566843e-01 1.25086560e-01 3.03711371e-03 2.90450116e-01
2.39000000e+01 -5.11928136e-01 -3.63949566e-03 1.33487132e-02 -1.56922040e-02 1.58829346e-02 1.98130728e-02 1.42970808e-02 1.61209006e-02 2.48370230e-02 3.02775743e-02 5.62813541e-02 4.83152556e-02 2.42947720e-02 2.89259224e-02 2.18519867e-02 -3.31241488e-03 -2.38140221e-02 -3.05122185e-02 -4.20093666e-02 -6.88117855e-02 -1.01142889e-01 -1.13116906e-01 -1.24346635e-01 -1.30487706e-01 -1.37447447e-01 -1.50044539e-01 -1.51465630e-01 -1.60649083e-01 -1.53432870e-01 -1.43738815e-01 -1.25821839e-01 -1.04232333e-01 -9.32428452e-02 -8.38105009e-02 -9.01694745e-02 -9.73754293e-02 -1.12189593e-01 -1.19138210e-01 -1.28097428e-01 -1.29711488e-01 -1.36371199e-01 -1.41868500e-01 -1.46964463e-01 -1.47665811e-01 -1.46175908e-01 -1.45503927e-01 -1.41491116e-01 -1.35823771e-01 -1.26174476e-01 -1.07991487e-01 -9.36516167e-02 -8.33714405e-02 -7.71616923e-02 -7.72713228e-02 -8.18622277e-02 -9.48338506e-02 -1.14738676e-01 -1.35954114e-01 -1.62256713e-01 -1.89007352e-01 -2.10259740e-01 -2.31815840e-01 -2.50652986e-01 -2.61149433e-01 -2.63455456e-01 -2.56698088e-01 -2.42200556e-01 -2.17855002e-01 -1.86176429e-01 -1.44293209e-01 -8.92777361e-02 -3.65375476e-02 2.38961336e-02 8.62733305e-02 1.57859570e-01 2.24652191e-01 2.84214848e-01 3.44014665e-01 3.94316737e-01 4.30573365e-01 4.69858140e-01 5.05645606e-01 5.11865176e-01 4.63349441e-01 4.52521786e-01 4.76799117e-01 4.20182729e-01 3.18158422e-01 3.03999800e-01 3.00357273e-01 2.46788372e-01 2.07567692e-01 1.60336263e-01 1.62124470e-01 1.57351742e-01 1.57701625e-01 1.45155567e-01 1.27712529e-01 6.09798795e-03 2.99815274e-01
2.40000000e+01 -5.19517514e-01 -1.22340724e-02 7.59769432e-03 -2.22074323e-02 1.01314065e-02 1.48457610e-02 1.02204094e-02 1.23330342e-02 2.17164344e-02 2.86850711e-02 5.33289147e-02 4.84538007e-02 2.30728849e-02 2.73789620e-02 2.20364786e-02 -3.21205728e-03 -2.38826131e-02 -3.08676814e-02 -4.16682448e-02 -6.70894207e-02 -9.98859538e-02 -1.13293035e-01 -1.24118770e-01 -1.30663254e-01 -1.35997006e-01 -1.48325915e-01 -1.48813317e-01 -1.57245282e-01 -1.49502013e-01 -1.39174892e-01 -1.20535028e-01 -9.83855412e-02 -8.66599385e-02 -7.71365790e-02 -8.29779139e-02 -9.02406247e-02 -1.04838974e-01 -1.12196379e-01 -1.21177227e-01 -1.23361754e-01 -1.30443077e-01 -1.37315286e-01 -1.42914299e-01 -1.44487806e-01 -1.43926274e-01 -1.43725080e-01 -1.40288476e-01 -1.35173257e-01 -1.25795156e-01 -1.08137459e-01 -9.44959834e-02 -8.42711835e-02 -7.87074609e-02 -7.95562124e-02 -8.47607694e-02 -9.81871373e-02 -1.18520601e-01 -1.39913043e-01 -1.66056289e-01 -1.92714272e-01 -2.13510332e-01 -2.34806689e-01 -2.53208095e-01 -2.63324865e-01 -2.65671193e-01 -2.58032992e-01 -2.43117700e-01 -2.18432619e-01 -1.86423570e-01 -1.43998872e-01 -8.91914140e-02 -3.63806130e-02 2.36442716e-02 8.58154190e-02 1.57151205e-01 2.23450629e-01 2.82278862e-01 3.41983675e-01 3.91188400e-01 4.27189118e-01 4.67713008e-01 5.02987510e-01 5.08224110e-01 4.59039669e-01 4.50890437e-01 4.74702855e-01 4.17046330e-01 3.15636483e-01 3.03922380e-01 2.98135125e-01 2.47225364e-01 2.07863893e-01 1.60712333e-01 1.63436506e-01 1.59207643e-01 1.59867786e-01 1.50795004e-01 1.30451741e-01 9.13853367e-03 3.09068712e-01
2.41000000e+01 -5.26953698e-01 -2.07840145e-02 1.94399509e-03 -2.86774381e-02 4.38124109e-03 9.85289908e-03 6.09429289e-03 8.55536855e-03 1.83889154e-02 2.71939645e-02 5.02726374e-02 4.84983202e-02 2.19522671e-02 2.57825192e-02 2.21522327e-02 -3.10141536e-03 -2.38648645e-02 -3.12422850e-02 -4.14356602e-02 -6.54041284e-02 -9.84904822e-02 -1.13393982e-01 -1.23842079e-01 -1.30871042e-01 -1.34564153e-01 -1.46592296e-01 -1.46136717e-01 -1.53836960e-01 -1.45511555e-01 -1.34615377e-01 -1.15214476e-01 -9.25825023e-02 -8.00706355e-02 -7.05605866e-02 -7.58355051e-02 -8.32158206e-02 -9.75586255e-02 -1.05369151e-01 -1.14276481e-01 -1.17052089e-01 -1.24484531e-01 -1.32732188e-01 -1.38826382e-01 -1.41223403e-01 -1.41654942e-01 -1.41902787e-01 -1.39052106e-01 -1.34524646e-01 -1.25404049e-01 -1.08300878e-01 -9.53831861e-02 -8.52054770e-02 -8.03004309e-02 -8.18873709e-02 -8.77135350e-02 -1.01586949e-01 -1.22300187e-01 -1.43868314e-01 -1.69840365e-01 -1.96366192e-01 -2.16730518e-01 -2.37755494e-01 -2.55710842e-01 -2.65430329e-01 -2.67840089e-01 -2.59309633e-01 -2.43990352e-01 -2.18954929e-01 -1.86631560e-01 -1.43644168e-01 -8.91029857e-02 -3.61951056e-02 2.33746491e-02 8.54039048e-02 1.56432340e-01 2.22256309e-01 2.80369514e-01 3.39924443e-01 3.88002085e-01 4.23788477e-01 4.65475046e-01 5.00168571e-01 5.04380601e-01 4.54761003e-01 4.49238072e-01 4.72527822e-01 4.13791711e-01 3.13313282e-01 3.03809993e-01 2.95844035e-01 2.47894111e-01 2.07986139e-01 1.61356285e-01 1.64588917e-01 1.61296239e-01 1.61904587e-01 1.56456238e-01 1.33315817e-01 1.21611415e-02 3.18202354e-01
2.42000000e+01 -5.34239977e-01 -2.92863542e-02 -3.61452702e-03 -3.50975256e-02 -1.37160259e-03 4.84570318e-03 1.91248830e-03 4.78859959e-03 1.48682975e-02 2.57734904e-02 4.71511327e-02 4.84149653e-02 2.09373440e-02 2.41547464e-02 2.21832893e-02 -2.98217638e-03 -2.37594144e-02 -3.16287320e-02 -4.13045103e-02 -6.37697118e-02 -9.69676293e-02 -1.13406437e-01 -1.23519080e-01 -1.31098583e-01 -1.33156049e-01 -1.44842399e-01 -1.43435756e-01 -1.50423915e-01 -1.41462572e-01 -1.30057487e-01 -1.09863799e-01 -8.68205374e-02 -7.34794784e-02 -6.40786932e-02 -6.87469965e-02 -7.62971375e-02 -9.03532539e-02 -9.86548561e-02 -1.07400050e-01 -1.10780863e-01 -1.18502964e-01 -1.28114949e-01 -1.34703025e-01 -1.37872259e-01 -1.39358223e-01 -1.40038184e-01 -1.37780814e-01 -1.33875021e-01 -1.25003251e-01 -1.08483441e-01 -9.63095123e-02 -8.61771733e-02 -8.19424469e-02 -8.42636081e-02 -9.07183292e-02 -1.05034583e-01 -1.26073780e-01 -1.47818515e-01 -1.73607943e-01 -1.99961078e-01 -2.19920586e-01 -2.40663162e-01 -2.58161886e-01 -2.67467068e-01 -2.69957971e-01 -2.60530440e-01 -2.44819447e-01 -2.19422130e-01 -1.86799347e-01 -1.43233858e-01 -8.90151327e-02 -3.59817896e-02 2.30862932e-02 8.50376443e-02 1.55702901e-01 2.21067999e-01 2.78492451e-01 3.37833581e-01 3.84763857e-01 4.20375853e-01 4.63135669e-01 4.97189750e-01 5.00335235e-01 4.50528020e-01 4.47553090e-01 4.70271970e-01 4.10422660e-01 3.11208873e-01 3.03620939e-01 2.93529727e-01 2.48764504e-01 2.07942523e-01 1.62273714e-01 1.65579172e-01 1.63605910e-01 1.63840415e-01 1.62110823e-01 1.36313985e-01 1.51693384e-02 3.27208297e-01
2.43000000e+01 -5.41379744e-01 -3.77378005e-02 -9.08081273e-03 -4.14624613e-02 -7.13147610e-03 -1.64864746e-04 -2.32976507e-03 1.03037585e-03 1.11730896e-02 2.43890423e-02 4.40036685e-02 4.81727413e-02 2.00290806e-02 2.25144659e-02 2.21153136e-02 -2.85637481e-03 -2.35666651e-02 -3.20194642e-02 -4.12663472e-02 -6.21991119e-02 -9.53299947e-02 -1.13317503e-01 -1.23152449e-01 -1.31332596e-01 -1.31779980e-01 -1.43074540e-01 -1.40711288e-01 -1.47004846e-01 -1.37357350e-01 -1.25497472e-01 -1.04487762e-01 -8.10957735e-02 -6.68922640e-02 -5.76858697e-02 -6.17180201e-02 -6.94798428e-02 -8.32281682e-02 -9.20507704e-02 -1.00553464e-01 -1.04545912e-01 -1.12506250e-01 -1.23459405e-01 -1.30546109e-01 -1.34435071e-01 -1.37031653e-01 -1.38132604e-01 -1.36473784e-01 -1.33221019e-01 -1.24595116e-01 -1.08686817e-01 -9.72710557e-02 -8.71892168e-02 -8.36353530e-02 -8.66837558e-02 -9.37726707e-02 -1.08531177e-01 -1.29838197e-01 -1.51762119e-01 -1.77357891e-01 -2.03497233e-01 -2.23080650e-01 -2.43530549e-01 -2.60561777e-01 -2.69436710e-01 -2.72020377e-01 -2.61698238e-01 -2.45605427e-01 -2.19834728e-01 -1.86925504e-01 -1.42773109e-01 -8.89302195e-02 -3.57418006e-02 2.27789606e-02 8.47149356e-02 1.54963170e-01 2.19884363e-01 2.76652847e-01 3.35707819e-01 3.81479942e-01 4.16954763e-01 4.60687047e-01 4.94051801e-01 4.96090691e-01 4.46353034e-01 4.45824222e-01 4.67932918e-01 4.06946312e-01 3.09337737e-01 3.03316833e-01 2.91239445e-01 2.49800709e-01 2.07749034e-01 1.63461600e-01 1.66412938e-01 1.66118534e-01 1.65706469e-01 1.67731503e-01 1.39452769e-01 1.81677774e-02 3.36078872e-01
2.44000000e+01 -5.48376460e-01 -4.61348162e-02 -1.44584761e-02 -4.77666546e-02 -1.29027752e-02 -5.16843280e-03 -6.63553466e-03 -2.72456357e-03 7.32581393e-03 2.30033372e-02 4.08688647e-02 4.77443896e-02 1.92249378e-02 2.08806356e-02 2.19359908e-02 -2.72640984e-03 -2.32887790e-02 -3.24067223e-02 -4.13115652e-02 -6.07042053e-02 -9.35914193e-02 -1.13115022e-01 -1.22744805e-01 -1.31559299e-01 -1.30443139e-01 -1.41286687e-01 -1.37965060e-01 -1.43577432e-01 -1.33199286e-01 -1.20930744e-01 -9.90921097e-02 -7.54033178e-02 -6.03158573e-02 -5.13760779e-02 -5.47549152e-02 -6.27585253e-02 -7.61891374e-02 -8.55532416e-02 -9.37427854e-02 -9.83446897e-02 -1.06502570e-01 -1.18761608e-01 -1.26357026e-01 -1.30913565e-01 -1.34670090e-01 -1.36187469e-01 -1.35130606e-01 -1.32558899e-01 -1.24182181e-01 -1.08912639e-01 -9.82638048e-02 -8.82445958e-02 -8.53809534e-02 -8.91466955e-02 -9.68738226e-02 -1.12077642e-01 -1.33590756e-01 -1.55697476e-01 -1.81088922e-01 -2.06973342e-01 -2.26210660e-01 -2.46358425e-01 -2.62910950e-01 -2.71341260e-01 -2.74022585e-01 -2.62816225e-01 -2.46348233e-01 -2.20193537e-01 -1.87008293e-01 -1.42267454e-01 -8.88502268e-02 -3.54767143e-02 2.24531477e-02 8.44335579e-02 1.54213744e-01 2.18704044e-01 2.74855261e-01 3.33544141e-01 3.78156630e-01 4.13527767e-01 4.58122281e-01 4.90755199e-01 4.91651785e-01 4.42245830e-01 4.44040802e-01 4.65507954e-01 4.03373119e-01 3.07708265e-01 3.02863851e-01 2.89020438e-01 2.50962355e-01 2.07428982e-01 1.64908474e-01 1.67103852e-01 1.68810084e-01 1.67535884e-01 1.73292912e-01 1.42735721e-01 2.11621899e-02 3.44806702e-01
2.45000000e+01 -5.55233624e-01 -5.44737039e-02 -1.97516636e-02 -5.40043495e-02 -1.86896743e-02 -1.01555239e-02 -1.10060580e-02 -6.48413117e-03 3.35220313e-03 2.15776664e-02 3.77834133e-02 4.71071555e-02 1.85189320e-02 1.92718055e-02 2.16353752e-02 -2.59505168e-03 -2.29296439e-02 -3.27826177e-02 -4.14296022e-02 -5.92956186e-02 -9.17667586e-02 -1.12787875e-01 -1.22298497e-01 -1.31764707e-01 -1.29152399e-01 -1.39476526e-01 -1.35199629e-01 -1.40138469e-01 -1.28992750e-01 -1.16352031e-01 -9.36833593e-02 -6.97374727e-02 -5.37579754e-02 -4.51424921e-02 -4.78645241e-02 -5.61272932e-02 -6.92422237e-02 -7.91578442e-02 -8.69744389e-02 -9.21744179e-02 -1.00500229e-01 -1.14017945e-01 -1.22136651e-01 -1.27310469e-01 -1.32267826e-01 -1.34204190e-01 -1.33751280e-01 -1.31884624e-01 -1.23767088e-01 -1.09162480e-01 -9.92837276e-02 -8.93462971e-02 -8.71809653e-02 -9.16513927e-02 -1.00018840e-01 -1.15674574e-01 -1.37329311e-01 -1.59622818e-01 -1.84799591e-01 -2.10388507e-01 -2.29310425e-01 -2.49147435e-01 -2.65209747e-01 -2.73183076e-01 -2.75959668e-01 -2.63887917e-01 -2.47047338e-01 -2.20499655e-01 -1.87045749e-01 -1.41722736e-01 -8.87766879e-02 -3.51886052e-02 2.21100900e-02 8.41908194e-02 1.53455488e-01 2.17525750e-01 2.73103497e-01 3.31339932e-01 3.74800176e-01 4.10096430e-01 4.55435546e-01 4.87300111e-01 4.87025460e-01 4.38213480e-01 4.42193021e-01 4.62994085e-01 3.99716706e-01 3.06322413e-01 3.02233835e-01 2.86918417e-01 2.52205887e-01 2.07012159e-01 1.66594893e-01 1.67673012e-01 1.71651429e-01 1.69362800e-01 1.78772227e-01 1.46163241e-01 2.41593007e-02 3.53384779e-01
2.46000000e+01 -5.61954738e-01 -6.27506971e-02 -2.49649017e-02 -6.01698221e-02 -2.44958725e-02 -1.51178189e-02 -1.54406843e-02 -1.02585231e-02 -7.19710054e-04 2.00731887e-02 3.47808680e-02 4.62434155e-02 1.79017926e-02 1.77055839e-02 2.12061818e-02 -2.46543466e-03 -2.24948054e-02 -3.31392153e-02 -4.16091497e-02 -5.79825621e-02 -8.98716375e-02 -1.12326278e-01 -1.21815408e-01 -1.31934935e-01 -1.27914083e-01 -1.37641564e-01 -1.32418237e-01 -1.36684036e-01 -1.24742927e-01 -1.11755563e-01 -8.82685580e-02 -6.40919777e-02 -4.72269513e-02 -3.89777446e-02 -4.10539663e-02 -4.95799910e-02 -6.23935967e-02 -7.28595518e-02 -8.02550361e-02 -8.60322393e-02 -9.45074886e-02 -1.09225254e-01 -1.17885315e-01 -1.23629470e-01 -1.29818720e-01 -1.32184060e-01 -1.32336204e-01 -1.31193967e-01 -1.23352507e-01 -1.09437836e-01 -1.00326850e-01 -9.04972617e-02 -8.90369719e-02 -9.41969324e-02 -1.03204630e-01 -1.19322157e-01 -1.41052262e-01 -1.63536256e-01 -1.88488296e-01 -2.13742265e-01 -2.32379645e-01 -2.51898060e-01 -2.67458429e-01 -2.74964848e-01 -2.77826545e-01 -2.64917079e-01 -2.47701789e-01 -2.20754433e-01 -1.87035787e-01 -1.41145038e-01 -8.87106350e-02 -3.48800897e-02 2.17517486e-02 8.39836100e-02 1.52689473e-01 2.16348338e-01 2.71400476e-01 3.29093106e-01 3.71416695e-01 4.06661325e-01 4.52622189e-01 4.83686391e-01 4.82220704e-01 4.34260214e-01 4.40272139e-01 4.60388108e-01 3.95993616e-01 3.05175562e-01 3.01405233e-01 2.84976064e-01 2.53486045e-01 2.06533748e-01 1.68494212e-01 1.68148192e-01 1.74609300e-01 1.71221380e-01 1.84149774e-01 1.49732461e-01 2.71667062e-02 3.61806539e-01
2.47000000e+01 -5.68543268e-01 -7.09620547e-02 -3.01029411e-02 -6.62575736e-02 -3.03243615e-02 -2.00483688e-02 -1.99368942e-02 -1.40597562e-02 -4.86058013e-03 1.84522203e-02 3.18905430e-02 4.51411450e-02 1.73612158e-02 1.61981285e-02 2.06440070e-02 -2.34103570e-03 -2.19913676e-02 -3.34686290e-02 -4.18383648e-02 -5.67726891e-02 -8.79221922e-02 -1.11722047e-01 -1.21296781e-01 -1.32056480e-01 -1.26733731e-01 -1.35779240e-01 -1.29624648e-01 -1.33209702e-01 -1.20455625e-01 -1.07135286e-01 -8.28550180e-02 -5.84602665e-02 -4.07314902e-02 -3.28741841e-02 -3.43303981e-02 -4.31104278e-02 -5.56493350e-02 -6.66529219e-02 -7.35911965e-02 -7.99153682e-02 -8.85323972e-02 -1.04380925e-01 -1.13602805e-01 -1.19875141e-01 -1.27316347e-01 -1.30128153e-01 -1.30886140e-01 -1.30482620e-01 -1.22941057e-01 -1.09740101e-01 -1.01389328e-01 -9.17003440e-02 -9.09503812e-02 -9.67825485e-02 -1.06428034e-01 -1.23020049e-01 -1.44758572e-01 -1.67435779e-01 -1.92153304e-01 -2.17034600e-01 -2.35417953e-01 -2.54610560e-01 -2.69657204e-01 -2.76689555e-01 -2.79618058e-01 -2.65907634e-01 -2.48310283e-01 -2.20959416e-01 -1.86976324e-01 -1.40540604e-01 -8.86525577e-02 -3.45543501e-02 2.13807835e-02 8.38084578e-02 1.51916922e-01 2.15170903e-01 2.69748123e-01 3.26802231e-01 3.68012060e-01 4.03222051e-01 4.49678802e-01 4.79913614e-01 4.77248416e-01 4.30387371e-01 4.38270650e-01 4.57686724e-01 3.92222939e-01 3.04256570e-01 3.00363826e-01 2.83231637e-01 2.54757410e-01 2.06033032e-01 1.70573616e-01 1.68562831e-01 1.77647395e-01 1.73144827e-01 1.89409544e-01 1.53437221e-01 3.01927162e-02 3.70065947e-01
2.48000000e+01 -5.75002610e-01 -7.91041529e-02 -3.51706004e-02 -7.22625137e-02 -3.61772242e-02 -2.49417512e-02 -2.44903960e-02 -1.79011268e-02 -9.04077714e-03 1.66794796e-02 2.91365559e-02 4.37942118e-02 1.68822047e-02 1.47636787e-02 1.99474717e-02 -2.22563682e-03 -2.14278583e-02 -3.37631302e-02 -4.21050802e-02 -5.56719821e-02 -8.59348060e-02 -1.10968835e-01 -1.20743078e-01 -1.32116496e-01 -1.25615881e-01 -1.33887063e-01 -1.26822963e-01 -1.29710749e-01 -1.16137081e-01 -1.02485097e-01 -7.74500364e-02 -5.28357307e-02 -3.42804245e-02 -2.68241394e-02 -2.77007661e-02 -3.67126113e-02 -4.90152212e-02 -6.05322829e-02 -6.69893737e-02 -7.38212326e-02 -8.25826300e-02 -9.94829892e-02 -1.09288372e-01 -1.16052851e-01 -1.24754165e-01 -1.28037240e-01 -1.29402164e-01 -1.29746312e-01 -1.22535244e-01 -1.10070535e-01 -1.02467513e-01 -9.29582713e-02 -9.29223936e-02 -9.94076409e-02 -1.09685904e-01 -1.26767276e-01 -1.48447779e-01 -1.71319245e-01 -1.95792781e-01 -2.20265933e-01 -2.38424959e-01 -2.57284923e-01 -2.71806248e-01 -2.78360412e-01 -2.81329064e-01 -2.66863541e-01 -2.48871239e-01 -2.21116287e-01 -1.86865418e-01 -1.39915751e-01 -8.86023762e-02 -3.42151367e-02 2.10005106e-02 8.36615891e-02 1.51139144e-01 2.13992845e-01 2.68147274e-01 3.24466613e-01 3.64591799e-01 3.99777299e-01 4.46603247e-01 4.75981143e-01 4.72121202e-01 4.26593428e-01 4.36182404e-01 4.54886680e-01 3.88425852e-01 3.03548035e-01 2.99103226e-01 2.81717703e-01 2.55975970e-01 2.05551949e-01 1.72795373e-01 1.68954812e-01 1.80727588e-01 1.75164418e-01 1.94539620e-01 1.57268128e-01 3.32461634e-02 3.78157579e-01
2.49000000e+01 -5.81336056e-01 -8.71735754e-02 -4.01726166e-02 -7.81801260e-02 -4.20554708e-02 -2.97941655e-02 -2.90952920e-02 -2.17966147e-02 -1.32314197e-02 1.47232437e-02 2.65370448e-02 4.22024870e-02 1.64474887e-02 1.34141424e-02 1.91182762e-02 -2.12327204e-03 -2.08140599e-02 -3.40152689e-02 -4.23970072e-02 -5.46846674e-02 -8.39258472e-02 -1.10062315e-01 -1.20153873e-01 -1.32103018e-01 -1.24563856e-01 -1.31962759e-01 -1.24017421e-01 -1.26182404e-01 -1.11793729e-01 -9.77990913e-02 -7.20606111e-02 -4.72119829e-02 -2.78824723e-02 -2.08201773e-02 -2.11715633e-02 -3.03809792e-02 -4.24965372e-02 -5.44919185e-02 -6.04556953e-02 -6.77476070e-02 -7.66653454e-02 -9.45301876e-02 -1.04940779e-01 -1.12168632e-01 -1.22125685e-01 -1.25911710e-01 -1.27885602e-01 -1.28980923e-01 -1.22137404e-01 -1.10430239e-01 -1.03558015e-01 -9.42736039e-02 -9.49539798e-02 -1.02071777e-01 -1.12975195e-01 -1.30562131e-01 -1.52120007e-01 -1.75184375e-01 -1.99404835e-01 -2.23437110e-01 -2.41400296e-01 -2.59920829e-01 -2.73905731e-01 -2.79980805e-01 -2.82954545e-01 -2.67788678e-01 -2.49382896e-01 -2.21226795e-01 -1.86701407e-01 -1.39276771e-01 -8.85594332e-02 -3.38667451e-02 2.06148415e-02 8.35389918e-02 1.50357483e-01 2.12813930e-01 2.66597609e-01 3.22086373e-01 3.61161012e-01 3.96324939e-01 4.43394640e-01 4.71888223e-01 4.66853123e-01 4.22874091e-01 4.34002680e-01 4.51984930e-01 3.84625062e-01 3.03026744e-01 2.97625130e-01 2.80460070e-01 2.57100636e-01 2.05133546e-01 1.75118263e-01 1.69365090e-01 1.83811203e-01 1.77308596e-01 1.99532497e-01 1.61212700e-01 3.63361821e-02 3.86076709e-01
2.50000000e+01 -5.87546765e-01 -9.51671962e-02 -4.51135071e-02 -8.40066099e-02 -4.79589194e-02 -3.46034673e-02 -3.37443072e-02 -2.57602524e-02 -1.74053761e-02 1.25563804e-02 2.41035844e-02 4.03717699e-02 1.60380089e-02 1.21587495e-02 1.81611673e-02 -2.03816108e-03 -2.01608062e-02 -3.42180066e-02 -4.27019296e-02 -5.38131590e-02 -8.19114151e-02 -1.09000332e-01 -1.19527785e-01 -1.32005170e-01 -1.23579585e-01 -1.30004427e-01 -1.21212204e-01 -1.22620068e-01 -1.07431976e-01 -9.30718250e-02 -6.66931644e-02 -4.15831147e-02 -2.15460028e-02 -1.48553470e-02 -1.47485967e-02 -2.41106210e-02 -3.60978676e-02 -4.85262418e-02 -5.39958197e-02 -6.16927328e-02 -7.07870590e-02 -8.95220169e-02 -1.00558366e-01 -1.08229035e-01 -1.19424650e-01 -1.23751506e-01 -1.26337963e-01 -1.28182588e-01 -1.21749657e-01 -1.10820116e-01 -1.04657768e-01 -9.56486951e-02 -9.70458667e-02 -1.04774678e-01 -1.16293052e-01 -1.34402095e-01 -1.55775971e-01 -1.79028734e-01 -2.02987550e-01 -2.26549381e-01 -2.44343649e-01 -2.62517619e-01 -2.75955833e-01 -2.81554210e-01 -2.84489733e-01 -2.68686693e-01 -2.49843400e-01 -2.21292685e-01 -1.86483060e-01 -1.38629832e-01 -8.85225041e-02 -3.35139687e-02 2.02282021e-02 8.34364854e-02 1.49573257e-01 2.11634327e-01 2.65097616e-01 3.19662479e-01 3.57724293e-01 3.92862133e-01 4.40053302e-01 4.67634106e-01 4.61459407e-01 4.19222469e-01 4.31728200e-01 4.48978818e-01 3.80844184e-01 3.02664316e-01 2.95939307e-01 2.79476933e-01 2.58094675e-01 2.04820385e-01 1.77499137e-01 1.69836206e-01 1.86860305e-01 1.79602133e-01 2.04385272e-01 1.65255599e-01 3.94719642e-02 3.93819392e-01
2.51000000e+01 -5.93637730e-01 -1.03082256e-01 -4.99974469e-02 -8.97389929e-02 -5.38861222e-02 -3.93691410e-02 -3.84290693e-02 -2.98054875e-02 -2.15381991e-02 1.01572205e-02 2.18408159e-02 3.83135325e-02 1.56334565e-02 1.10037816e-02 1.70838173e-02 -1.97463330e-03 -1.94797512e-02 -3.43648574e-02 -4.30078860e-02 -5.30580297e-02 -7.99071005e-02 -1.07782988e-01 -1.18862464e-01 -1.31813312e-01 -1.22663441e-01 -1.28010691e-01 -1.18411248e-01 -1.19019523e-01 -1.03057975e-01 -8.82985594e-02 -6.13532872e-02 -3.59439467e-02 -1.52788095e-02 -8.92340246e-03 -8.43677515e-03 -1.78974817e-02 -2.98229169e-02 -4.26299534e-02 -4.76148131e-02 -5.56554260e-02 -6.49535405e-02 -8.44587474e-02 -9.61391394e-02 -1.04240956e-01 -1.16645203e-01 -1.21556086e-01 -1.24760870e-01 -1.27347784e-01 -1.21373879e-01 -1.11240843e-01 -1.05764096e-01 -9.70856515e-02 -9.91985303e-02 -1.07516185e-01 -1.19636878e-01 -1.38283793e-01 -1.59416979e-01 -1.82849733e-01 -2.06539029e-01 -2.29604374e-01 -2.47254771e-01 -2.65074290e-01 -2.77956760e-01 -2.83084095e-01 -2.85930249e-01 -2.69560865e-01 -2.50250904e-01 -2.21315634e-01 -1.86209707e-01 -1.37980882e-01 -8.84898277e-02 -3.31620270e-02 1.98454297e-02 8.33497963e-02 1.48787716e-01 2.10454632e-01 2.63644575e-01 3.17196754e-01 3.54285665e-01 3.89385481e-01 4.36580676e-01 4.63218196e-01 4.55956107e-01 4.15629313e-01 4.29357101e-01 4.45866275e-01 3.77107066e-01 3.02428012e-01 2.94063331e-01 2.78778268e-01 2.58926988e-01 2.04652973e-01 1.79894528e-01 1.70410758e-01 1.89838965e-01 1.82065409e-01 2.09099712e-01 1.69378940e-01 4.26624956e-02 4.01382543e-01
2.52000000e+01 -5.99611761e-01 -1.10916426e-01 -5.48281663e-02 -9.53752104e-02 -5.98343430e-02 -4.40922155e-02 -4.31404277e-02 -3.39445607e-02 -2.56089601e-02 7.51024402e-03 1.97463036e-02 3.60444920e-02 1.52128475e-02 9.95238477e-03 1.58966225e-02 -1.93704542e-03 -1.87831143e-02 -3.44500332e-02 -4.33033400e-02 -5.24180097e-02 -7.79277646e-02 -1.06412682e-01 -1.18154611e-01 -1.31519157e-01 -1.21814121e-01 -1.25980835e-01 -1.15618086e-01 -1.15377112e-01 -9.86774077e-02 -8.34754868e-02 -5.60455146e-02 -3.02902638e-02 -9.08789414e-03 -3.01899779e-03 -2.23992763e-03 -1.17385385e-02 -2.36743479e-02 -3.67981793e-02 -4.13170486e-02 -4.96351704e-02 -5.91697341e-02 -7.93414152e-02 -9.16808893e-02 -1.00211442e-01 -1.13782051e-01 -1.19324388e-01 -1.23155985e-01 -1.26473401e-01 -1.21011677e-01 -1.11692836e-01 -1.06874775e-01 -9.85862922e-02 -1.01412193e-01 -1.10296222e-01 -1.23004413e-01 -1.42202973e-01 -1.63044920e-01 -1.86644622e-01 -2.10057415e-01 -2.32604078e-01 -2.50133477e-01 -2.67589516e-01 -2.79908755e-01 -2.84573816e-01 -2.87272245e-01 -2.70413952e-01 -2.50603661e-01 -2.21297181e-01 -1.85881358e-01 -1.37335556e-01 -8.84591552e-02 -3.28164713e-02 1.94716504e-02 8.32746416e-02 1.48001999e-01 2.09275869e-01 2.62234586e-01 3.14691847e-01 3.50848544e-01 3.85891162e-01 4.32979211e-01 4.58640209e-01 4.50359750e-01 4.12083313e-01 4.26888854e-01 4.42646021e-01 3.73437083e-01 3.02281683e-01 2.92022057e-01 2.78365509e-01 2.59573203e-01 2.04668255e-01 1.82262276e-01 1.71129867e-01 1.92714466e-01 1.84713816e-01 2.13682188e-01 1.73562674e-01 4.59162841e-02 4.08764012e-01
2.53000000e+01 -6.05471460e-01 -1.18667863e-01 -5.96088717e-02 -1.00914148e-01 -6.57995824e-02 -4.87751273e-02 -4.78687970e-02 -3.81879248e-02 -2.96009554e-02 4.60655761e-03 1.78106189e-02 3.35860263e-02 1.47551180e-02 9.00446925e-03 1.46124290e-02 -1.92969523e-03 -1.80834134e-02 -3.44685867e-02 -4.35773375e-02 -5.18900111e-02 -7.59873367e-02 -1.04894091e-01 -1.17400046e-01 -1.31115835e-01 -1.21028565e-01 -1.23914918e-01 -1.12835708e-01 -1.11689881e-01 -9.42953068e-02 -7.85999167e-02 -5.07731444e-02 -2.46190304e-02 -2.97926533e-03 2.86215156e-03 3.83934195e-03 -5.63194336e-03 -1.76536445e-02 -3.10265862e-02 -3.51061285e-02 -4.36321952e-02 -5.34397024e-02 -7.41717885e-02 -8.71813187e-02 -9.61475083e-02 -1.10830609e-01 -1.17054824e-01 -1.21524948e-01 -1.25556798e-01 -1.20664379e-01 -1.12176222e-01 -1.07988104e-01 -1.00152110e-01 -1.03686824e-01 -1.13114743e-01 -1.26393778e-01 -1.46154525e-01 -1.66662230e-01 -1.90410507e-01 -2.13540912e-01 -2.35550824e-01 -2.52979618e-01 -2.70061684e-01 -2.81812109e-01 -2.86026509e-01 -2.88512545e-01 -2.71248055e-01 -2.50900121e-01 -2.21238671e-01 -1.85498802e-01 -1.36699100e-01 -8.84278176e-02 -3.24830707e-02 1.91121385e-02 8.32068174e-02 1.47217091e-01 2.08099479e-01 2.60862615e-01 3.12151178e-01 3.47415711e-01 3.82375109e-01 4.29252222e-01 4.53900346e-01 4.44686955e-01 4.08571462e-01 4.24324140e-01 4.39317768e-01 3.69856410e-01 3.02186852e-01 2.89846855e-01 2.78231498e-01 2.60016532e-01 2.04898242e-01 1.84563095e-01 1.72031693e-01 1.95458394e-01 1.87557316e-01 2.18143468e-01 1.77785033e-01 4.92410836e-02 4.15962645e-01
2.54000000e+01 -6.11219213e-01 -1.26335250e-01 -6.43421916e-02 -1.06355649e-01 -7.17766525e-02 -5.34215369e-02 -5.26045109e-02 -4.25437277e-02 -3.35022588e-02 1.44414791e-03 1.60176509e-02 3.09634512e-02 1.42397207e-02 8.15669499e-03 1.32461942e-02 -1.95673130e-03 -1.73931933e-02 -3.44165468e-02 -4.38196503e-02 -5.14691810e-02 -7.40986333e-02 -1.03234103e-01 -1.16593815e-01 -1.30597918e-01 -1.20301928e-01 -1.21813853e-01 -1.10066461e-01 -1.07955678e-01 -8.99159097e-02 -7.36704124e-02 -4.55381064e-02 -1.89285744e-02 3.04224212e-03 8.72314316e-03 9.79975609e-03 4.22876703e-04 -1.17610056e-02 -2.53114704e-02 -2.89848327e-02 -3.76475325e-02 -4.77665912e-02 -6.89523154e-02 -8.26381805e-02 -9.20559431e-02 -1.07787127e-01 -1.14745290e-01 -1.19869309e-01 -1.24595832e-01 -1.20333029e-01 -1.12690806e-01 -1.09102965e-01 -1.01784236e-01 -1.06022142e-01 -1.15971683e-01 -1.29803520e-01 -1.50132534e-01 -1.70271843e-01 -1.94144379e-01 -2.16987786e-01 -2.38447277e-01 -2.55793041e-01 -2.72488956e-01 -2.83667162e-01 -2.87444987e-01 -2.89648762e-01 -2.72064494e-01 -2.51139031e-01 -2.21141201e-01 -1.85063664e-01 -1.36076302e-01 -8.83928093e-02 -3.21676849e-02 1.87721649e-02 8.31422894e-02 1.46433797e-01 2.06927291e-01 2.59522576e-01 3.09578849e-01 3.43989311e-01 3.78833158e-01 4.25403744e-01 4.48999464e-01 4.38954055e-01 4.05079459e-01 4.21664691e-01 4.35882415e-01 3.66385318e-01 3.02103869e-01 2.87574622e-01 2.78360737e-01 2.60248377e-01 2.05368811e-01 1.86762029e-01 1.73150074e-01 1.98047585e-01 1.90600165e-01 2.22498388e-01 1.82023034e-01 5.26436267e-02 4.22978335e-01
2.55000000e+01 -6.16857179e-01 -1.33917815e-01 -6.90301495e-02 -1.11700482e-01 -7.77592955e-02 -5.80361088e-02 -5.73381701e-02 -4.70173787e-02 -3.73061012e-02 -1.97209609e-03 1.43451306e-02 2.82051822e-02 1.36472073e-02 7.40254200e-03 1.18145944e-02 -2.02205711e-03 -1.67247599e-02 -3.42910388e-02 -4.40209050e-02 -5.11489804e-02 -7.22731974e-02 -1.01441704e-01 -1.15730319e-01 -1.29961401e-01 -1.19627606e-01 -1.19679433e-01 -1.07311978e-01 -1.04173216e-01 -8.55425614e-02 -6.86868727e-02 -4.03408881e-02 -1.32187330e-02 8.97312046e-03 1.45658014e-02 1.56414179e-02 6.42516641e-03 -5.99527317e-03 -1.96498211e-02 -2.29550934e-02 -3.16830522e-02 -4.21526132e-02 -6.36860574e-02 -7.80494132e-02 -8.79431367e-02 -1.04648792e-01 -1.12393200e-01 -1.18190480e-01 -1.23588871e-01 -1.20018394e-01 -1.13236053e-01 -1.10218876e-01 -1.03483406e-01 -1.08417616e-01 -1.18866912e-01 -1.33232634e-01 -1.54130358e-01 -1.73877114e-01 -1.97843161e-01 -2.20396361e-01 -2.41296419e-01 -2.58573536e-01 -2.74869336e-01 -2.85474309e-01 -2.88831647e-01 -2.90679405e-01 -2.72863713e-01 -2.51319527e-01 -2.21005571e-01 -1.84578438e-01 -1.35471451e-01 -8.83508867e-02 -3.18761267e-02 1.84568442e-02 8.30772799e-02 1.45652706e-01 2.05761486e-01 2.58207439e-01 3.06979531e-01 3.40570874e-01 3.75261214e-01 4.21438359e-01 4.43939247e-01 4.33176714e-01 4.01592142e-01 4.18913099e-01 4.32342218e-01 3.63041491e-01 3.01993124e-01 2.85246607e-01 2.78729909e-01 2.60268650e-01 2.06098728e-01 1.88829740e-01 1.74513310e-01 2.00464897e-01 1.93840814e-01 2.26765397e-01 1.86253011e-01 5.61293720e-02 4.29812065e-01
2.56000000e+01 -6.22387290e-01 -1.41415343e-01 -7.36741639e-02 -1.16950275e-01 -8.37403430e-02 -6.26242635e-02 -6.20609719e-02 -5.16112161e-02 -4.10110641e-02 -5.63059213e-03 1.27653543e-02 2.53418063e-02 1.29597781e-02 6.73246105e-03 1.03355846e-02 -2.12922800e-03 -1.60899266e-02 -3.40903870e-02 -4.41726955e-02 -5.09212917e-02 -7.05211587e-02 -9.95278157e-02 -1.14803480e-01 -1.29203650e-01 -1.18997318e-01 -1.17514317e-01 -1.04573142e-01 -1.00342089e-01 -8.11776634e-02 -6.36505575e-02 -3.51805179e-02 -7.49095019e-03 1.48113059e-02 2.03906322e-02 2.13658162e-02 1.23728405e-02 -3.53898856e-04 -1.40393562e-02 -1.70180017e-02 -2.57414678e-02 -3.65990505e-02 -5.83766167e-02 -7.34132666e-02 -8.38149223e-02 -1.01413800e-01 -1.09995537e-01 -1.16489676e-01 -1.22534800e-01 -1.19720963e-01 -1.13811064e-01 -1.11336027e-01 -1.05249942e-01 -1.10872469e-01 -1.21800195e-01 -1.36680558e-01 -1.58140743e-01 -1.77481720e-01 -2.01503771e-01 -2.23765011e-01 -2.44101538e-01 -2.61320774e-01 -2.77200749e-01 -2.87233996e-01 -2.90188399e-01 -2.91603942e-01 -2.73645209e-01 -2.51441224e-01 -2.20832253e-01 -1.84046476e-01 -1.34888295e-01 -8.82986789e-02 -3.16140215e-02 1.81709867e-02 8.30083453e-02 1.44874173e-01 2.04604548e-01 2.56909364e-01 3.04358328e-01 3.37161344e-01 3.71655385e-01 4.17361039e-01 4.38722350e-01 4.27369569e-01 3.98093954e-01 4.16072614e-01 4.28700940e-01 3.59839411e-01 3.01816268e-01 2.82907087e-01 2.79308665e-01 2.60085807e-01 2.07098922e-01 1.90743582e-01 1.76143149e-01 2.02699774e-01 1.97271994e-01 2.30965992e-01 1.90451175e-01 5.97022762e-02 4.36465925e-01
2.57000000e+01 -6.27811252e-01 -1.48828165e-01 -7.82750741e-02 -1.22107420e-01 -8.97119080e-02 -6.71919135e-02 -6.67650050e-02 -5.63242889e-02 -4.46210812e-02 -9.51349698e-03 1.12460820e-02 2.24050924e-02 1.21617829e-02 6.13410077e-03 8.82792261e-03 -2.28134144e-03 -1.54997785e-02 -3.38141951e-02 -4.42676761e-02 -5.07765508e-02 -6.88511174e-02 -9.75051096e-02 -1.13806919e-01 -1.28323317e-01 -1.18401241e-01 -1.15321958e-01 -1.01850077e-01 -9.64627674e-02 -7.68226660e-02 -5.85640607e-02 -3.00546063e-02 -1.74831871e-03 2.05562507e-02 2.61968209e-02 2.69757829e-02 1.82625335e-02 5.16704556e-03 -8.47852924e-03 -1.11738446e-02 -1.98263107e-02 -3.11062757e-02 -5.30280611e-02 -6.87284120e-02 -7.96764412e-02 -9.80814023e-02 -1.07548926e-01 -1.14767877e-01 -1.21433003e-01 -1.19440963e-01 -1.14414571e-01 -1.12455300e-01 -1.07083742e-01 -1.13385673e-01 -1.24771173e-01 -1.40147161e-01 -1.62155950e-01 -1.81089531e-01 -2.05123190e-01 -2.27092150e-01 -2.46866205e-01 -2.64034260e-01 -2.79481111e-01 -2.88946713e-01 -2.91516616e-01 -2.92422845e-01 -2.74407502e-01 -2.51504282e-01 -2.20621370e-01 -1.83471939e-01 -1.34330030e-01 -8.82328100e-02 -3.13866677e-02 1.79189673e-02 8.29324357e-02 1.44098304e-01 2.03459201e-01 2.55619872e-01 3.01720625e-01 3.33761142e-01 3.68012106e-01 4.13176983e-01 4.33352539e-01 4.21545894e-01 3.94569400e-01 4.13146927e-01 4.24963951e-01 3.56789811e-01 3.01537414e-01 2.80601934e-01 2.80060646e-01 2.59716584e-01 2.08372047e-01 1.92488431e-01 1.78054010e-01 2.04748586e-01 2.00880982e-01 2.35124056e-01 1.94594186e-01 6.33645997e-02 4.42943116e-01
2.58000000e+01 -6.33130553e-01 -1.56157132e-01 -8.28331895e-02 -1.27174948e-01 -9.56656025e-02 -7.17451925e-02 -7.14435012e-02 -6.11522617e-02 -4.81452477e-02 -1.35973465e-02 9.75158089e-03 1.94269722e-02 1.12401572e-02 5.59260720e-03 7.31066477e-03 -2.48092411e-03 -1.49644583e-02 -3.34634030e-02 -4.42996334e-02 -5.07039029e-02 -6.72700539e-02 -9.53877718e-02 -1.12734155e-01 -1.27320217e-01 -1.17828186e-01 -1.13106485e-01 -9.91421757e-02 -9.25365600e-02 -7.24780993e-02 -5.34312351e-02 -2.49594406e-02 4.00443823e-03 2.62089421e-02 3.19822727e-02 3.24754059e-02 2.40896991e-02 1.05728118e-02 -2.96650912e-03 -5.42217329e-03 -1.39418684e-02 -2.56737949e-02 -4.76448515e-02 -6.39940319e-02 -7.55320304e-02 -9.46519250e-02 -1.05049728e-01 -1.13025779e-01 -1.20283356e-01 -1.19178355e-01 -1.15044939e-01 -1.13578260e-01 -1.08984288e-01 -1.15955945e-01 -1.27779352e-01 -1.43632701e-01 -1.66167914e-01 -1.84704474e-01 -2.08698545e-01 -2.30376231e-01 -2.49594226e-01 -2.66713285e-01 -2.81708408e-01 -2.90612990e-01 -2.92817107e-01 -2.93137592e-01 -2.75148145e-01 -2.51509463e-01 -2.20372704e-01 -1.82859715e-01 -1.33799290e-01 -8.81500276e-02 -3.11989026e-02 1.77046140e-02 8.28469338e-02 1.43324958e-01 2.02328330e-01 2.54330028e-01 2.99071919e-01 3.30370224e-01 3.64328236e-01 4.08891479e-01 4.27834777e-01 4.15717302e-01 3.91003500e-01 4.10139967e-01 4.21138277e-01 3.53899247e-01 3.01124256e-01 2.78377121e-01 2.80944706e-01 2.59185453e-01 2.09912338e-01 1.94057226e-01 1.80252468e-01 2.06614736e-01 2.04650040e-01 2.39265120e-01 1.98659704e-01 6.71167524e-02 4.49247935e-01
2.59000000e+01 -6.38346482e-01 -1.63403571e-01 -8.73483616e-02 -1.32156384e-01 -1.01592772e-01 -7.62901907e-02 -7.60910319e-02 -6.60874461e-02 -5.15974456e-02 -1.78538806e-02 8.24378204e-03 1.64385229e-02 1.01847788e-02 5.09099144e-03 5.80264695e-03 -2.72982240e-03 -1.44929757e-02 -3.30403173e-02 -4.42635350e-02 -5.06913759e-02 -6.57832678e-02 -9.31912475e-02 -1.11578816e-01 -1.26195196e-01 -1.17265816e-01 -1.10872545e-01 -9.64481520e-02 -8.85655647e-02 -6.81436357e-02 -4.82570781e-02 -1.98901297e-02 9.76104959e-03 3.17718623e-02 3.77436964e-02 3.78699026e-02 2.98487558e-02 1.58698705e-02 2.49686966e-03 2.38102206e-04 -8.09308811e-03 -2.03003132e-02 -4.22317715e-02 -5.92098889e-02 -7.13851362e-02 -9.11267622e-02 -1.02494143e-01 -1.11263751e-01 -1.19086207e-01 -1.18932834e-01 -1.15700184e-01 -1.14707123e-01 -1.10950661e-01 -1.18581738e-01 -1.30824109e-01 -1.47137764e-01 -1.70168402e-01 -1.88330372e-01 -2.12227181e-01 -2.33615762e-01 -2.52289590e-01 -2.69356895e-01 -2.83880753e-01 -2.92233381e-01 -2.94090110e-01 -2.93750642e-01 -2.75863768e-01 -2.51458149e-01 -2.20085716e-01 -1.82215306e-01 -1.33298152e-01 -8.80473342e-02 -3.10549746e-02 1.75311216e-02 8.27496699e-02 1.42553765e-01 2.01214888e-01 2.53030657e-01 2.96417640e-01 3.26988162e-01 3.60601126e-01 4.04509778e-01 4.22175290e-01 4.09893501e-01 3.87382217e-01 4.07055708e-01 4.17232587e-01 3.51169778e-01 3.00549093e-01 2.76277225e-01 2.81916293e-01 2.58523811e-01 2.11705769e-01 1.95451211e-01 1.82737018e-01 2.08308526e-01 2.08557014e-01 2.43415569e-01 2.02626933e-01 7.09571878e-02 4.55385736e-01
2.60000000e+01 -6.43460148e-01 -1.70569232e-01 -9.18200730e-02 -1.37055591e-01 -1.07484739e-01 -8.08327037e-02 -8.07036430e-02 -7.11189591e-02 -5.49957989e-02 -2.22510240e-02 6.68351058e-03 1.34689839e-02 8.98873051e-03 4.61055987e-03 4.32196389e-03 -3.02910459e-03 -1.40930421e-02 -3.25486145e-02 -4.41555543e-02 -5.07260688e-02 -6.43943475e-02 -9.09319593e-02 -1.10334853e-01 -1.24949979e-01 -1.16700886e-01 -1.08625128e-01 -9.37661115e-02 -8.45525996e-02 -6.38181780e-02 -4.30475824e-02 -1.48407951e-02 1.55138449e-02 3.72488873e-02 4.34767273e-02 4.31654609e-02 3.55332726e-02 2.10657594e-02 7.91118365e-03 5.80859889e-03 -2.28544790e-03 -1.49838263e-02 -3.67938617e-02 -5.43763722e-02 -6.72382549e-02 -8.75083449e-02 -9.98783191e-02 -1.09481804e-01 -1.17842369e-01 -1.18703824e-01 -1.16378011e-01 -1.15844703e-01 -1.12981574e-01 -1.21261239e-01 -1.33904716e-01 -1.50663187e-01 -1.74149194e-01 -1.91970789e-01 -2.15706732e-01 -2.36809331e-01 -2.54956376e-01 -2.71963879e-01 -2.85996447e-01 -2.93808448e-01 -2.95335313e-01 -2.94265395e-01 -2.76550151e-01 -2.51352340e-01 -2.19759612e-01 -1.81544691e-01 -1.32828143e-01 -8.79221148e-02 -3.09584265e-02 1.74009866e-02 8.26389117e-02 1.41784173e-01 2.00121777e-01 2.51712579e-01 2.93762967e-01 3.23614230e-01 3.56828663e-01 4.00037005e-01 4.16381585e-01 4.04082096e-01 3.83692837e-01 4.03897999e-01 4.13257112e-01 3.48598801e-01 2.99789711e-01 2.74343962e-01 2.82928936e-01 2.57768931e-01 2.13730515e-01 1.96679874e-01 1.85498127e-01 2.09846790e-01 2.12576082e-01 2.47601810e-01 2.06477104e-01 7.48823493e-02 4.61362873e-01
2.61000000e+01 -6.48472502e-01 -1.77656220e-01 -9.62475416e-02 -1.41876599e-01 -1.13333041e-01 -8.53780062e-02 -8.52789229e-02 -7.62330013e-02 -5.83619783e-02 -2.67539884e-02 5.03174858e-03 1.05448409e-02 7.64846073e-03 4.13139852e-03 2.88546146e-03 -3.37898230e-03 -1.37709345e-02 -3.19933136e-02 -4.39730749e-02 -5.07943506e-02 -6.31051702e-02 -8.86270053e-02 -1.08996753e-01 -1.23587015e-01 -1.16119500e-01 -1.06369361e-01 -9.10936427e-02 -8.05011257e-02 -5.94999684e-02 -3.78095612e-02 -9.80480152e-03 2.12539676e-02 4.26451250e-02 4.91760847e-02 4.83690531e-02 4.11361907e-02 2.61688870e-02 1.32755217e-02 1.12913371e-02 3.47519728e-03 -9.72173491e-03 -3.13363569e-02 -4.94945219e-02 -6.30929022e-02 -8.38000878e-02 -9.71984668e-02 -1.07679549e-01 -1.16553108e-01 -1.18490460e-01 -1.17075856e-01 -1.16994334e-01 -1.15075408e-01 -1.23992367e-01 -1.37020368e-01 -1.54209965e-01 -1.78102248e-01 -1.95628869e-01 -2.19135186e-01 -2.39955658e-01 -2.57598651e-01 -2.74532772e-01 -2.88054027e-01 -2.95338749e-01 -2.96551881e-01 -2.94686118e-01 -2.77202332e-01 -2.51194616e-01 -2.19393411e-01 -1.80854173e-01 -1.32390261e-01 -8.77722546e-02 -3.09119885e-02 1.73159617e-02 8.25133364e-02 1.41015508e-01 1.99051707e-01 2.50366853e-01 2.91112645e-01 3.20247490e-01 3.53009279e-01 3.95478092e-01 4.10462418e-01 3.98288468e-01 3.79924308e-01 4.00670430e-01 4.09223488e-01 3.46179023e-01 2.98830096e-01 2.72614817e-01 2.83935803e-01 2.56962707e-01 2.15957695e-01 1.97760574e-01 1.88518568e-01 2.11252297e-01 2.16678614e-01 2.51849434e-01 2.10193918e-01 7.88866737e-02 4.67186615e-01
2.62000000e+01 -6.53384368e-01 -1.84666915e-01 -1.00629833e-01 -1.46623434e-01 -1.19129662e-01 -8.99306556e-02 -8.98160017e-02 -8.14132466e-02 -6.17203820e-02 -3.13264561e-02 3.25088862e-03 7.68900500e-03 6.16383430e-03 3.63289995e-03 1.50825769e-03 -3.77875772e-03 -1.35313885e-02 -3.13807172e-02 -4.37146741e-02 -5.08820696e-02 -6.19159290e-02 -8.62938455e-02 -1.07559744e-01 -1.22109319e-01 -1.15507374e-01 -1.04110316e-01 -8.84279158e-02 -7.64151639e-02 -5.51867125e-02 -3.25504536e-02 -4.77502059e-03 2.69716482e-02 4.79667003e-02 5.48357565e-02 5.34882322e-02 4.66500749e-02 3.11882972e-02 1.85886055e-02 1.66886178e-02 9.18278593e-03 -4.51098240e-03 -2.58646268e-02 -4.45660304e-02 -5.89496127e-02 -8.00063155e-02 -9.44509687e-02 -1.05856179e-01 -1.15220129e-01 -1.18291580e-01 -1.17790941e-01 -1.18159787e-01 -1.17230249e-01 -1.26772789e-01 -1.40170214e-01 -1.57779144e-01 -1.82019872e-01 -1.99307185e-01 -2.22510928e-01 -2.43053650e-01 -2.60220350e-01 -2.77061874e-01 -2.90052310e-01 -2.96824822e-01 -2.97738493e-01 -2.95017871e-01 -2.77814721e-01 -2.50988073e-01 -2.18986056e-01 -1.80150222e-01 -1.31984995e-01 -8.75962373e-02 -3.09174849e-02 1.72770241e-02 8.23719867e-02 1.40247062e-01 1.98007040e-01 2.48985031e-01 2.88470806e-01 3.16886890e-01 3.49141947e-01 3.90837752e-01 4.04427727e-01 3.92515707e-01 3.76067503e-01 3.97376227e-01 4.05144541e-01 3.43898602e-01 2.97660945e-01 2.71121805e-01 2.84891268e-01 2.56150236e-01 2.18352369e-01 1.98717888e-01 1.91774029e-01 2.12552963e-01 2.20834127e-01 2.56182391e-01 2.13763914e-01 8.29626548e-02 4.72865050e-01
2.63000000e+01 -6.58196474e-01 -1.91603894e-01 -1.04965980e-01 -1.51299953e-01 -1.24867248e-01 -9.44943343e-02 -9.43154807e-02 -8.66413268e-02 -6.50972190e-02 -3.59318058e-02 1.30593590e-03 4.92011517e-03 4.53807231e-03 3.09431708e-03 2.03307985e-04 -4.22680112e-03 -1.33775235e-02 -3.07183196e-02 -4.33800912e-02 -5.09747723e-02 -6.08251819e-02 -8.39499798e-02 -1.06019990e-01 -1.20520324e-01 -1.14850105e-01 -1.01852806e-01 -8.57657851e-02 -7.22992062e-02 -5.08757149e-02 -2.72781169e-02 2.55880268e-04 3.26565307e-02 5.32204946e-02 6.04492031e-02 5.85309140e-02 5.20673895e-02 3.61334029e-02 2.38489236e-02 2.20029101e-02 1.48312267e-02 6.51790642e-04 -2.03841189e-02 -3.95932223e-02 -5.48079710e-02 -7.61321673e-02 -9.16324852e-02 -1.04010455e-01 -1.13845562e-01 -1.18105717e-01 -1.18520340e-01 -1.19345166e-01 -1.19443927e-01 -1.29599944e-01 -1.43353394e-01 -1.61371707e-01 -1.85894891e-01 -2.03007605e-01 -2.25832783e-01 -2.46102467e-01 -2.62825145e-01 -2.79549285e-01 -2.91990426e-01 -2.98267174e-01 -2.98893388e-01 -2.95266412e-01 -2.78381243e-01 -2.50736234e-01 -2.18536515e-01 -1.79439322e-01 -1.31612345e-01 -8.73932210e-02 -3.09757559e-02 1.72843517e-02 8.22142217e-02 1.39478189e-01 1.96989627e-01 2.47559405e-01 2.85840803e-01 3.13531345e-01 3.45226145e-01 3.86120472e-01 3.98288517e-01 3.86764620e-01 3.72115430e-01 3.94018180e-01 4.01033994e-01 3.41741435e-01 2.96279978e-01 2.69890407e-01 2.85752434e-01 2.55378289e-01 2.20874762e-01 1.99582685e-01 1.95233964e-01 2.13780878e-01 2.25011309e-01 2.60622205e-01 2.17176754e-01 8.71009660e-02 4.78406959e-01
2.64000000e+01 -6.62909482e-01 -1.98469841e-01 -1.09255094e-01 -1.55909684e-01 -1.30539287e-01 -9.90717329e-02 -9.87792982e-02 -9.18973954e-02 -6.85195306e-02 -4.05343364e-02 -8.34380686e-04 2.25198531e-03 2.77758389e-03 2.49532633e-03 -1.01897040e-03 -4.72056176e-03 -1.33107997e-02 -3.00146840e-02 -4.29701815e-02 -5.10579352e-02 -5.98299171e-02 -8.16126223e-02 -1.04374760e-01 -1.18823731e-01 -1.14133432e-01 -9.96012029e-02 -8.31038899e-02 -6.81581244e-02 -4.65640235e-02 -2.20006130e-02 5.29513566e-03 3.82980373e-02 5.84138543e-02 6.60095733e-02 6.35051535e-02 5.73807894e-02 4.10136994e-02 2.90548697e-02 2.72367563e-02 2.04145721e-02 5.77007964e-03 -1.49003033e-02 -3.45790157e-02 -5.06666709e-02 -7.21834824e-02 -8.87400560e-02 -1.02140702e-01 -1.12431926e-01 -1.17931100e-01 -1.19261033e-01 -1.20554809e-01 -1.21714052e-01 -1.32471083e-01 -1.46569063e-01 -1.64988454e-01 -1.89720802e-01 -2.06731170e-01 -2.29100040e-01 -2.49101581e-01 -2.65416321e-01 -2.81992950e-01 -2.93867846e-01 -2.99666273e-01 -3.00014406e-01 -2.95438103e-01 -2.78895485e-01 -2.50442943e-01 -2.18043907e-01 -1.78727833e-01 -1.31271849e-01 -8.71630829e-02 -3.10866002e-02 1.73373056e-02 8.20396693e-02 1.38708408e-01 1.96000637e-01 2.46083235e-01 2.83225062e-01 3.10179824e-01 3.41261807e-01 3.81330547e-01 3.92056706e-01 3.81033805e-01 3.68063360e-01 3.90598613e-01 3.96906138e-01 3.39687593e-01 2.94692013e-01 2.68938711e-01 2.86480568e-01 2.54693723e-01 2.23481661e-01 2.00390977e-01 1.98862665e-01 2.14971193e-01 2.29179060e-01 2.65187250e-01 2.20425426e-01 9.12906436e-02 4.83821679e-01
2.65000000e+01 -6.67524016e-01 -2.05267467e-01 -1.13496481e-01 -1.60455686e-01 -1.36140270e-01 -1.03664480e-01 -1.03210536e-01 -9.71607486e-02 -7.20141815e-02 -4.51004478e-02 -3.19662468e-03 -3.06786953e-04 8.91696732e-04 1.81658124e-03 -2.15100176e-03 -5.25661418e-03 -1.33310074e-02 -2.92792895e-02 -4.24868601e-02 -5.11172054e-02 -5.89256311e-02 -7.92983786e-02 -1.02622594e-01 -1.17023376e-01 -1.13343498e-01 -9.73592656e-02 -8.04387520e-02 -6.39970748e-02 -4.22485780e-02 -1.67259956e-02 1.03495777e-02 4.38857557e-02 6.35542798e-02 7.15099239e-02 6.84189195e-02 6.25834190e-02 4.58384699e-02 3.42048797e-02 3.23926964e-02 2.59271814e-02 1.08473448e-02 -9.41861952e-03 -2.95268684e-02 -4.65236020e-02 -6.81666661e-02 -8.57711955e-02 -1.00244829e-01 -1.10982093e-01 -1.17765673e-01 -1.20009968e-01 -1.21793171e-01 -1.24038043e-01 -1.35383317e-01 -1.49816421e-01 -1.68629887e-01 -1.93491927e-01 -2.10477987e-01 -2.32312481e-01 -2.52050830e-01 -2.67996665e-01 -2.84390706e-01 -2.95684397e-01 -3.01022546e-01 -3.01099036e-01 -2.95539800e-01 -2.79350852e-01 -2.50112239e-01 -2.17507602e-01 -1.78021864e-01 -1.30962607e-01 -8.69064362e-02 -3.12487388e-02 1.74344150e-02 8.18481859e-02 1.37937497e-01 1.95040409e-01 2.44550945e-01 2.80624970e-01 3.06831423e-01 3.37249267e-01 3.76472122e-01 3.85744944e-01 3.75319782e-01 3.63908886e-01 3.87119384e-01 3.92775443e-01 3.37713888e-01 2.92908821e-01 2.68276801e-01 2.87042394e-01 2.54141885e-01 2.26127933e-01 2.01182582e-01 2.02620508e-01 2.16160909e-01 2.33307538e-01 2.69892119e-01 2.23506342e-01 9.55193252e-02 4.89118944e-01
2.66000000e+01 -6.72040693e-01 -2.11999421e-01 -1.17689737e-01 -1.64940429e-01 -1.41665799e-01 -1.08273119e-01 -1.07613176e-01 -1.02410480e-01 -7.56068583e-02 -4.95997399e-02 -5.80182655e-03 -2.75303860e-03 -1.10770366e-03 1.04023865e-03 -3.18827291e-03 -5.83074008e-03 -1.34362869e-02 -2.85223539e-02 -4.19330364e-02 -5.11386483e-02 -5.81064173e-02 -7.70229288e-02 -1.00763435e-01 -1.15123104e-01 -1.12467089e-01 -9.51299758e-02 -7.77668724e-02 -5.98213964e-02 -3.79263606e-02 -1.14621026e-02 1.54253419e-02 4.94098284e-02 6.86491122e-02 7.69434377e-02 7.32798734e-02 6.76692064e-02 5.06164963e-02 3.92975588e-02 3.74732126e-02 3.13638677e-02 1.58868435e-02 -3.94442481e-03 -2.44407154e-02 -4.23759558e-02 -6.40885403e-02 -8.27239827e-02 -9.83203531e-02 -1.09499227e-01 -1.17607122e-01 -1.20764118e-01 -1.23064719e-01 -1.26413161e-01 -1.38333677e-01 -1.53094721e-01 -1.72296098e-01 -1.97203553e-01 -2.14247150e-01 -2.35470392e-01 -2.54950446e-01 -2.70568372e-01 -2.86740341e-01 -2.97440265e-01 -3.02336379e-01 -3.02144463e-01 -2.95578741e-01 -2.79740734e-01 -2.49748230e-01 -2.16927333e-01 -1.77327169e-01 -1.30683306e-01 -8.66246166e-02 -3.14598066e-02 1.75733692e-02 8.16398312e-02 1.37165569e-01 1.94108325e-01 2.42958276e-01 2.78040795e-01 3.03485419e-01 3.33189191e-01 3.71549269e-01 3.79366393e-01 3.69617191e-01 3.59651916e-01 3.83581918e-01 3.88656153e-01 3.35794556e-01 2.90948755e-01 2.67906391e-01 2.87411198e-01 2.53765064e-01 2.28768122e-01 2.01999658e-01 2.06465334e-01 2.17387595e-01 2.37369160e-01 2.74747095e-01 2.26419344e-01 9.97735403e-02 4.94308720e-01
2.67000000e+01 -6.76460154e-01 -2.18668217e-01 -1.21834837e-01 -1.69365706e-01 -1.47112671e-01 -1.12897127e-01 -1.11991825e-01 -1.07626150e-01 -7.93211094e-02 -5.40059935e-02 -8.66484209e-03 -5.08908159e-03 -3.20661341e-03 1.50441972e-04 -4.12946549e-03 -6.43804420e-03 -1.36231802e-02 -2.77546340e-02 -4.13125418e-02 -5.11089950e-02 -5.73650657e-02 -7.48007264e-02 -9.87987363e-02 -1.13126656e-01 -1.11491862e-01 -9.29153951e-02 -7.50848281e-02 -5.56365021e-02 -3.35945447e-02 -6.21636141e-03 2.05275941e-02 5.48613217e-02 7.37052316e-02 8.23036330e-02 7.80951555e-02 7.26331416e-02 5.53557888e-02 4.43317960e-02 4.24806894e-02 3.67200250e-02 2.08914760e-02 1.51705175e-03 -1.93249021e-02 -3.82203455e-02 -5.99561844e-02 -7.95971408e-02 -9.63644463e-02 -1.07986712e-01 -1.17452923e-01 -1.21520531e-01 -1.24373809e-01 -1.28836541e-01 -1.41319172e-01 -1.56403275e-01 -1.75986672e-01 -2.00852051e-01 -2.18036671e-01 -2.38574578e-01 -2.57801068e-01 -2.73132978e-01 -2.89039640e-01 -2.99135985e-01 -3.03608121e-01 -3.03147625e-01 -2.95562414e-01 -2.80058672e-01 -2.49354955e-01 -2.16303277e-01 -1.76649056e-01 -1.30432243e-01 -8.63196470e-02 -3.17163713e-02 1.77510179e-02 8.14148561e-02 1.36393117e-01 1.93202722e-01 2.41302381e-01 2.75471649e-01 3.00141312e-01 3.29082510e-01 3.66566065e-01 3.72934497e-01 3.63919037e-01 3.55294596e-01 3.79987268e-01 3.84561860e-01 3.33902033e-01 2.88836158e-01 2.67820743e-01 2.87567725e-01 2.53601058e-01 2.31358047e-01 2.02885146e-01 2.10353905e-01 2.18688101e-01 2.41339539e-01 2.79757745e-01 2.29167603e-01 1.04039046e-01 4.99401024e-01
2.68000000e+01 -6.80783085e-01 -2.25276154e-01 -1.25932201e-01 -1.73732562e-01 -1.52478902e-01 -1.17534985e-01 -1.16351410e-01 -1.12788432e-01 -8.31774601e-02 -5.82980005e-02 -1.17939141e-02 -7.32256597e-03 -5.38941416e-03 -8.66251809e-04 -4.97649733e-03 -7.07309947e-03 -1.38867133e-02 -2.69872100e-02 -4.06300509e-02 -5.10158787e-02 -5.66931746e-02 -7.26447198e-02 -9.67315444e-02 -1.11037594e-01 -1.10406541e-01 -9.07165358e-02 -7.23893733e-02 -5.14477624e-02 -2.92506365e-02 -9.95610170e-04 2.56602904e-02 6.02325564e-02 7.87287828e-02 8.75845582e-02 8.28711849e-02 7.74715265e-02 6.00633472e-02 4.93068603e-02 4.74173851e-02 4.19917335e-02 2.58636521e-02 6.96074822e-03 -1.41841159e-02 -3.40529341e-02 -5.57767724e-02 -7.63901063e-02 -9.43739913e-02 -1.06448067e-01 -1.17300393e-01 -1.22276382e-01 -1.25724573e-01 -1.31305231e-01 -1.44336854e-01 -1.59741443e-01 -1.79700615e-01 -2.04434986e-01 -2.21843452e-01 -2.41626363e-01 -2.60603740e-01 -2.75691324e-01 -2.91286444e-01 -3.00772413e-01 -3.04838083e-01 -3.04105275e-01 -2.95498416e-01 -2.80298531e-01 -2.48936261e-01 -2.15636138e-01 -1.75992309e-01 -1.30207358e-01 -8.59941848e-02 -3.20139785e-02 1.79633866e-02 8.11737058e-02 1.35621027e-01 1.92320856e-01 2.39581864e-01 2.72915505e-01 2.96798844e-01 3.24930354e-01 3.61526682e-01 3.66462721e-01 3.58216983e-01 3.50841173e-01 3.76336199e-01 3.80505083e-01 3.32007796e-01 2.86600585e-01 2.68004846e-01 2.87500810e-01 2.53681880e-01 2.33856363e-01 2.03881203e-01 2.14243392e-01 2.20097291e-01 2.45198312e-01 2.84924650e-01 2.31757422e-01 1.08301197e-01 5.04405746e-01
2.69000000e+01 -6.85010247e-01 -2.31825264e-01 -1.29982745e-01 -1.78041273e-01 -1.57763728e-01 -1.22184276e-01 -1.20696865e-01 -1.17879735e-01 -8.71926361e-02 -6.24602174e-02 -1.51904504e-02 -9.46617197e-03 -7.63942529e-03 -2.02051190e-03 -5.73447423e-03 -7.73011459e-03 -1.42205096e-02 -2.62312579e-02 -3.98909967e-02 -5.08480540e-02 -5.60812767e-02 -7.05661043e-02 -9.45665340e-02 -1.08859230e-01 -1.09201072e-01 -8.85332522e-02 -6.96775434e-02 -4.72603835e-02 -2.48926057e-02 4.19405977e-03 3.08259771e-02 6.55173809e-02 8.37249424e-02 9.27809664e-02 8.76134770e-02 8.21821852e-02 6.47449642e-02 5.42224762e-02 5.22854104e-02 4.71758421e-02 3.08051867e-02 1.23817979e-02 -9.02331764e-03 -2.98695648e-02 -5.15574156e-02 -7.31030815e-02 -9.23456490e-02 -1.04886859e-01 -1.17146752e-01 -1.23029026e-01 -1.27120793e-01 -1.33816235e-01 -1.47383869e-01 -1.63108608e-01 -1.83436301e-01 -2.07951189e-01 -2.25663269e-01 -2.44627591e-01 -2.63359879e-01 -2.78243543e-01 -2.93478699e-01 -3.02350685e-01 -3.06026541e-01 -3.05014067e-01 -2.95394301e-01 -2.80454654e-01 -2.48495687e-01 -2.14927208e-01 -1.75361123e-01 -1.30006258e-01 -8.56514613e-02 -3.23472241e-02 1.82057115e-02 8.09170317e-02 1.34850544e-01 1.91458909e-01 2.37796748e-01 2.70369257e-01 2.93457999e-01 3.20733999e-01 3.56435489e-01 3.59964291e-01 3.52501679e-01 3.46297796e-01 3.72629297e-01 3.76496850e-01 3.30083250e-01 2.84275845e-01 2.68435872e-01 2.87207754e-01 2.54032669e-01 2.36226022e-01 2.05027651e-01 2.18092846e-01 2.21646848e-01 2.48929838e-01 2.90243284e-01 2.34197944e-01 1.12545347e-01 5.09332461e-01
2.70000000e+01 -6.89142495e-01 -2.38317250e-01 -1.33987913e-01 -1.82291346e-01 -1.62967547e-01 -1.26841820e-01 -1.25032823e-01 -1.22884754e-01 -9.13789191e-02 -6.64832210e-02 -1.88490238e-02 -1.15371424e-02 -9.93948722e-03 -3.31994936e-03 -6.41155616e-03 -8.40311536e-03 -1.46169356e-02 -2.54978139e-02 -3.91014796e-02 -5.05955898e-02 -5.55189800e-02 -6.85741145e-02 -9.23100024e-02 -1.06594610e-01 -1.07866747e-01 -8.63641585e-02 -6.69467587e-02 -4.30792866e-02 -2.05190000e-02 9.34743616e-03 3.60256378e-02 7.07113771e-02 8.86977369e-02 9.78884639e-02 9.23264839e-02 8.67646242e-02 6.94050778e-02 5.90788775e-02 5.70867119e-02 5.22700275e-02 3.57172285e-02 1.77755432e-02 -3.84767016e-03 -2.56658913e-02 -4.73050192e-02 -6.97370703e-02 -9.02759301e-02 -1.03306599e-01 -1.16989183e-01 -1.23776045e-01 -1.28565786e-01 -1.36366568e-01 -1.50457506e-01 -1.66504145e-01 -1.87191448e-01 -2.11400804e-01 -2.29490800e-01 -2.47580609e-01 -2.66071242e-01 -2.80789065e-01 -2.95614502e-01 -3.03872172e-01 -3.07173731e-01 -3.05870630e-01 -2.95257416e-01 -2.80522022e-01 -2.48036361e-01 -2.14178423e-01 -1.74759033e-01 -1.29826256e-01 -8.52952172e-02 -3.27098482e-02 1.84724995e-02 8.06457086e-02 1.34083205e-01 1.90612057e-01 2.35948392e-01 2.67828827e-01 2.90118978e-01 3.16494809e-01 3.51297129e-01 3.53451928e-01 3.46763138e-01 3.41672278e-01 3.68867082e-01 3.72546322e-01 3.28100633e-01 2.81898910e-01 2.69083874e-01 2.86694403e-01 2.54670831e-01 2.38435578e-01 2.06360529e-01 2.21864574e-01 2.23364193e-01 2.52523752e-01 2.95704030e-01 2.36500782e-01 1.16757263e-01 5.14190252e-01
2.71000000e+01 -6.93180799e-01 -2.44753455e-01 -1.37949679e-01 -1.86481555e-01 -1.68091837e-01 -1.31503835e-01 -1.29363324e-01 -1.27790945e-01 -9.57436608e-02 -7.03639504e-02 -2.27575935e-02 -1.35566717e-02 -1.22725572e-02 -4.76891652e-03 -7.01874373e-03 -9.08613174e-03 -1.50672765e-02 -2.47975372e-02 -3.82681690e-02 -5.02500319e-02 -5.49951240e-02 -6.66758605e-02 -8.99698111e-02 -1.04246511e-01 -1.06396270e-01 -8.42065779e-02 -6.41949191e-02 -3.89089922e-02 -1.61290372e-02 1.44602894e-02 4.12585927e-02 7.58119905e-02 9.36499181e-02 1.02903630e-01 9.70134647e-02 9.12201332e-02 7.40466800e-02 6.38768350e-02 6.18230605e-02 5.72728315e-02 4.06002220e-02 2.31375355e-02 1.33753729e-03 -2.14375074e-02 -4.30261573e-02 -6.62938953e-02 -8.81612634e-02 -1.01710671e-01 -1.16824882e-01 -1.24515300e-01 -1.30062283e-01 -1.38953309e-01 -1.53555224e-01 -1.69927380e-01 -1.90963119e-01 -2.14785293e-01 -2.33319673e-01 -2.50488244e-01 -2.68739873e-01 -2.83326653e-01 -2.97692155e-01 -3.05338421e-01 -3.08279839e-01 -3.06671670e-01 -2.95094736e-01 -2.80496387e-01 -2.47560932e-01 -2.13392396e-01 -1.74188861e-01 -1.29664408e-01 -8.49296398e-02 -3.30948490e-02 1.87576156e-02 8.03608506e-02 1.33320741e-01 1.89774582e-01 2.34039351e-01 2.65289318e-01 2.86782156e-01 3.12214204e-01 3.46116610e-01 3.46937585e-01 3.40991117e-01 3.36973809e-01 3.65050139e-01 3.68660445e-01 3.26033902e-01 2.79508713e-01 2.69912727e-01 2.85974958e-01 2.55605442e-01 2.40460300e-01 2.07910780e-01 2.25525406e-01 2.25271560e-01 2.55975334e-01 3.01292361e-01 2.38679569e-01 1.20923544e-01 5.18987539e-01
2.72000000e+01 -6.97126260e-01 -2.51134833e-01 -1.41870539e-01 -1.90610009e-01 -1.73139038e-01 -1.36166108e-01 -1.33691548e-01 -1.32588907e-01 -1.00288969e-01 -7.41057289e-02 -2.68979391e-02 -1.55491724e-02 -1.46222984e-02 -6.36839677e-03 -7.56959115e-03 -9.77338350e-03 -1.55619392e-02 -2.41404756e-02 -3.73982005e-02 -4.98045319e-02 -5.44979500e-02 -6.48762139e-02 -8.75552729e-02 -1.01817482e-01 -1.04783798e-01 -8.20565315e-02 -6.14204762e-02 -3.47535202e-02 -1.17226736e-02 1.95294440e-02 4.65224540e-02 8.08185818e-02 9.85828986e-02 1.07824106e-01 1.01676392e-01 9.55518232e-02 7.86712825e-02 6.86176579e-02 6.64960465e-02 6.21836769e-02 4.54539027e-02 2.84635198e-02 6.52697068e-03 -1.71800760e-02 -3.87269732e-02 -6.27761959e-02 -8.59980574e-02 -1.00102249e-01 -1.16651103e-01 -1.25244982e-01 -1.31612325e-01 -1.41573660e-01 -1.56674666e-01 -1.73377554e-01 -1.94747751e-01 -2.18107406e-01 -2.37142555e-01 -2.53353772e-01 -2.71368043e-01 -2.85854446e-01 -2.99710201e-01 -3.06751100e-01 -3.09344987e-01 -3.07414053e-01 -2.94912705e-01 -2.80374387e-01 -2.47071508e-01 -2.12572451e-01 -1.73652658e-01 -1.29517556e-01 -8.45593005e-02 -3.34946155e-02 1.90543972e-02 8.00638208e-02 1.32564943e-01 1.88940030e-01 2.32073193e-01 2.62745194e-01 2.83448028e-01 3.07893628e-01 3.40899354e-01 3.40432207e-01 3.35175527e-01 3.32212642e-01 3.61179237e-01 3.64843660e-01 3.23859585e-01 2.77144878e-01 2.70881256e-01 2.85071493e-01 2.56836929e-01 2.42283051e-01 2.09703116e-01 2.29047780e-01 2.27385246e-01 2.59285698e-01 3.06989144e-01 2.40749459e-01 1.25032033e-01 5.23731916e-01
2.73000000e+01 -7.00980116e-01 -2.57461939e-01 -1.45753471e-01 -1.94674247e-01 -1.78112402e-01 -1.40824177e-01 -1.38019595e-01 -1.37272639e-01 -1.05011577e-01 -7.77180647e-02 -3.12462914e-02 -1.75414438e-02 -1.69736433e-02 -8.11598975e-03 -8.07985236e-03 -1.04594601e-02 -1.60906770e-02 -2.35358395e-02 -3.64990652e-02 -4.92539417e-02 -5.40152816e-02 -6.31777441e-02 -8.50769843e-02 -9.93099153e-02 -1.03024936e-01 -7.99087724e-02 -5.86224703e-02 -3.06163128e-02 -7.30064113e-03 2.45528138e-02 5.18131397e-02 8.57324008e-02 1.03496742e-01 1.12648654e-01 1.06315901e-01 9.97645958e-02 8.32789401e-02 7.33031670e-02 7.11070853e-02 6.70028614e-02 5.02773168e-02 3.37494111e-02 1.17153377e-02 -1.28894576e-02 -3.44131048e-02 -5.91874074e-02 -8.37827513e-02 -9.84842529e-02 -1.16465184e-01 -1.25963661e-01 -1.33217174e-01 -1.44224997e-01 -1.59813661e-01 -1.76853788e-01 -1.98541204e-01 -2.21371113e-01 -2.40951259e-01 -2.56180885e-01 -2.73958177e-01 -2.88370017e-01 -3.01667476e-01 -3.08111939e-01 -3.10369217e-01 -3.08094892e-01 -2.94717081e-01 -2.80153650e-01 -2.46569629e-01 -2.11722624e-01 -1.73151661e-01 -1.29382387e-01 -8.41890905e-02 -3.39010765e-02 1.93557943e-02 7.97562290e-02 1.31817527e-01 1.88101397e-01 2.30054280e-01 2.60190483e-01 2.80117140e-01 3.03534536e-01 3.35651240e-01 3.33945512e-01 3.29306840e-01 3.27399762e-01 3.57255448e-01 3.61097677e-01 3.21557563e-01 2.74846431e-01 2.71944542e-01 2.84013229e-01 2.58357051e-01 2.43894895e-01 2.11755131e-01 2.32410622e-01 2.29715072e-01 2.62461789e-01 3.12771098e-01 2.42726579e-01 1.29072206e-01 5.28430010e-01
2.74000000e+01 -7.04743757e-01 -2.63734930e-01 -1.49601877e-01 -1.98671357e-01 -1.83015825e-01 -1.45473511e-01 -1.42348303e-01 -1.41839690e-01 -1.09902906e-01 -8.12162384e-02 -3.57741382e-02 -1.95617716e-02 -1.93133122e-02 -1.00059948e-02 -8.56706779e-03 -1.11394918e-02 -1.66428300e-02 -2.29917913e-02 -3.55784966e-02 -4.85948756e-02 -5.35347111e-02 -6.15807075e-02 -8.25466054e-02 -9.67261360e-02 -1.01116708e-01 -7.77568699e-02 -5.58005188e-02 -2.65001884e-02 -2.86445341e-03 2.95293995e-02 5.71249448e-02 9.05564881e-02 1.08390207e-01 1.17377185e-01 1.10931284e-01 1.03865049e-01 8.78683292e-02 7.79356421e-02 7.56574374e-02 7.17315305e-02 5.50688615e-02 3.89912667e-02 1.68974753e-02 -8.56183738e-03 -3.00896350e-02 -5.55317220e-02 -8.15118573e-02 -9.68593113e-02 -1.16264562e-01 -1.26670330e-01 -1.34877244e-01 -1.46904898e-01 -1.62970211e-01 -1.80355052e-01 -2.02338835e-01 -2.24581496e-01 -2.44736887e-01 -2.58973645e-01 -2.76512784e-01 -2.90870434e-01 -3.03563145e-01 -3.09422681e-01 -3.11352466e-01 -3.08711618e-01 -2.94512805e-01 -2.79832868e-01 -2.46056255e-01 -2.10847650e-01 -1.72686265e-01 -1.29255494e-01 -8.38241481e-02 -3.43058647e-02 1.96545278e-02 7.94399172e-02 1.31079982e-01 1.87251341e-01 2.27987536e-01 2.57618986e-01 2.76790018e-01 2.99138388e-01 3.30378610e-01 3.27485805e-01 3.23376478e-01 3.22546543e-01 3.53280242e-01 3.57421327e-01 3.19111749e-01 2.72650512e-01 2.73055342e-01 2.82835557e-01 2.60149157e-01 2.45295409e-01 2.14076655e-01 2.35599984e-01 2.32264073e-01 2.65516179e-01 3.18611359e-01 2.44627464e-01 1.33035534e-01 5.33087355e-01
2.75000000e+01 -7.08418719e-01 -2.69953585e-01 -1.53419514e-01 -2.02598119e-01 -1.87853663e-01 -1.50109682e-01 -1.46677137e-01 -1.46291168e-01 -1.14949302e-01 -8.46206920e-02 -4.04491751e-02 -2.16389877e-02 -2.16302704e-02 -1.20295924e-02 -9.05009954e-03 -1.18093104e-02 -1.72075748e-02 -2.25152559e-02 -3.46443513e-02 -4.78257409e-02 -5.30437853e-02 -6.00830893e-02 -7.99765917e-02 -9.40685171e-02 -9.90575021e-02 -7.55933443e-02 -5.29547512e-02 -2.24073329e-02 1.58362252e-03 3.44592469e-02 6.24506700e-02 9.52955120e-02 1.13260826e-01 1.22010757e-01 1.15520539e-01 1.07861318e-01 9.24368756e-02 8.25177449e-02 8.01482417e-02 7.63716281e-02 5.98263391e-02 4.41852623e-02 2.20684303e-02 -4.19384649e-03 -2.57610651e-02 -5.18140325e-02 -7.91819987e-02 -9.52297434e-02 -1.16046773e-01 -1.27364432e-01 -1.36592071e-01 -1.49611155e-01 -1.66142464e-01 -1.83880154e-01 -2.06135582e-01 -2.27744603e-01 -2.48489996e-01 -2.61736440e-01 -2.79034371e-01 -2.93352332e-01 -3.05396748e-01 -3.10685036e-01 -3.12294561e-01 -3.09262037e-01 -2.94303890e-01 -2.79411856e-01 -2.45531774e-01 -2.09952924e-01 -1.72256003e-01 -1.29133460e-01 -8.34697713e-02 -3.47004947e-02 1.99432608e-02 7.91169275e-02 1.30353441e-01 1.86382397e-01 2.25878200e-01 2.55024489e-01 2.73467102e-01 2.94706661e-01 3.25088246e-01 3.21059838e-01 3.17377193e-01 3.17664423e-01 3.49255561e-01 3.53810497e-01 3.16510657e-01 2.70591160e-01 2.74165592e-01 2.81578866e-01 2.62188742e-01 2.46492707e-01 2.16669411e-01 2.38609420e-01 2.35028430e-01 2.68466682e-01 3.24480155e-01 2.46468481e-01 1.36915790e-01 5.37708295e-01
2.76000000e+01 -7.12006688e-01 -2.76117332e-01 -1.57210396e-01 -2.06451158e-01 -1.92630538e-01 -1.54728525e-01 -1.51004127e-01 -1.50631628e-01 -1.20132463e-01 -8.79562423e-02 -4.52363702e-02 -2.38015236e-02 -2.39161087e-02 -1.41751205e-02 -9.54862522e-03 -1.24655978e-02 -1.77741736e-02 -2.21117591e-02 -3.37044872e-02 -4.69467435e-02 -5.25301854e-02 -5.86806965e-02 -7.73798860e-02 -9.13396014e-02 -9.68470002e-02 -7.34098507e-02 -5.00856900e-02 -1.83393283e-02 6.04062759e-03 3.93433652e-02 6.77818005e-02 9.99555511e-02 1.18105028e-01 1.26551545e-01 1.20080464e-01 1.11762865e-01 9.69809265e-02 8.70524229e-02 8.45805634e-02 8.09258250e-02 6.45470212e-02 4.93276765e-02 2.72235264e-02 2.17327288e-04 -2.14313045e-02 -4.80398598e-02 -7.67899494e-02 -9.35975516e-02 -1.15809446e-01 -1.28045894e-01 -1.38360303e-01 -1.52341761e-01 -1.69328693e-01 -1.87427729e-01 -2.09926071e-01 -2.30867272e-01 -2.52200777e-01 -2.64473930e-01 -2.81525379e-01 -2.95811975e-01 -3.07168226e-01 -3.11900634e-01 -3.13195199e-01 -3.09744366e-01 -2.94093334e-01 -2.78891587e-01 -2.44996027e-01 -2.09044433e-01 -1.71859557e-01 -1.29012948e-01 -8.31313114e-02 -3.50765507e-02 2.02147703e-02 7.87894564e-02 1.29638564e-01 1.85487191e-01 2.23731587e-01 2.52400948e-01 2.70148687e-01 2.90240870e-01 3.19787320e-01 3.14672714e-01 3.11303391e-01 3.12764581e-01 3.45183864e-01 3.50258159e-01 3.13747819e-01 2.68698180e-01 2.75227929e-01 2.80287205e-01 2.64444257e-01 2.47503143e-01 2.19526952e-01 2.41440089e-01 2.37997630e-01 2.71335782e-01 3.30345566e-01 2.48265266e-01 1.40709310e-01 5.42295912e-01
2.77000000e+01 -7.15509490e-01 -2.82225282e-01 -1.60978695e-01 -2.10227107e-01 -1.97351145e-01 -1.59326270e-01 -1.55325881e-01 -1.54868826e-01 -1.25430012e-01 -9.12511460e-02 -5.00991033e-02 -2.60764862e-02 -2.61653337e-02 -1.64284389e-02 -1.00826026e-02 -1.31060204e-02 -1.83322187e-02 -2.17852995e-02 -3.27666363e-02 -4.59598695e-02 -5.19818966e-02 -5.73673007e-02 -7.47695799e-02 -8.85422274e-02 -9.44860917e-02 -7.11974014e-02 -4.71940880e-02 -1.42972206e-02 1.05030033e-02 4.41836086e-02 7.31087307e-02 1.04543835e-01 1.22918276e-01 1.31002778e-01 1.24606802e-01 1.15580221e-01 1.01495959e-01 9.15427974e-02 8.89554513e-02 8.53974261e-02 6.92277238e-02 5.44148870e-02 3.23584077e-02 4.67384685e-03 -1.71036743e-02 -4.42152670e-02 -7.43326804e-02 -9.19644204e-02 -1.15550277e-01 -1.28715129e-01 -1.40179735e-01 -1.55094866e-01 -1.72527265e-01 -1.90996239e-01 -2.13704729e-01 -2.33956924e-01 -2.55859261e-01 -2.67190982e-01 -2.83988116e-01 -2.98245322e-01 -3.08877940e-01 -3.13070999e-01 -3.14053954e-01 -3.10157253e-01 -2.93883066e-01 -2.78274202e-01 -2.44448353e-01 -2.08128664e-01 -1.71494790e-01 -1.28890802e-01 -8.28140442e-02 -3.54258779e-02 2.04621126e-02 7.84597938e-02 1.28935455e-01 1.84558645e-01 2.21552860e-01 2.49742655e-01 2.66834884e-01 2.85742595e-01 3.14483312e-01 3.08327832e-01 3.05151425e-01 3.07857656e-01 3.41068133e-01 3.46754499e-01 3.10822055e-01 2.66996145e-01 2.76197196e-01 2.79006823e-01 2.66878162e-01 2.48350727e-01 2.22634912e-01 2.44100580e-01 2.41154875e-01 2.74149907e-01 3.36174340e-01 2.50032203e-01 1.44415185e-01 5.46851984e-01
2.78000000e+01 -7.18929084e-01 -2.88276279e-01 -1.64728630e-01 -2.13922772e-01 -2.02020068e-01 -1.63899651e-01 -1.59637662e-01 -1.59013370e-01 -1.30816220e-01 -9.45360509e-02 -5.50003431e-02 -2.84887872e-02 -2.83755600e-02 -1.87733717e-02 -1.06717202e-02 -1.37293434e-02 -1.88718648e-02 -2.15382587e-02 -3.18382741e-02 -4.48688470e-02 -5.13873642e-02 -5.61348233e-02 -7.21585581e-02 -8.56796458e-02 -9.19767781e-02 -6.89466176e-02 -4.42807358e-02 -1.02816166e-02 1.49667121e-02 4.89825242e-02 7.84210250e-02 1.09068453e-01 1.27695234e-01 1.35368650e-01 1.29094429e-01 1.19324687e-01 1.05976816e-01 9.59920416e-02 9.32739998e-02 8.97902587e-02 7.38648954e-02 5.94433767e-02 3.74690565e-02 9.17715688e-03 -1.27809212e-02 -4.03467634e-02 -7.18074164e-02 -9.03317152e-02 -1.15267014e-01 -1.29373047e-01 -1.42047357e-01 -1.57868724e-01 -1.75736618e-01 -1.94583984e-01 -2.17465913e-01 -2.37021340e-01 -2.59455529e-01 -2.69892600e-01 -2.86424709e-01 -3.00648086e-01 -3.10526680e-01 -3.14197526e-01 -3.14870278e-01 -3.10499784e-01 -2.93673931e-01 -2.77562992e-01 -2.43887649e-01 -2.07212478e-01 -1.71158800e-01 -1.28764150e-01 -8.25230232e-02 -3.57407685e-02 2.06787705e-02 7.81302521e-02 1.28243603e-01 1.83590151e-01 2.19346826e-01 2.47044369e-01 2.63525600e-01 2.81213517e-01 3.09183908e-01 3.02026898e-01 2.98919819e-01 3.02953488e-01 3.36911851e-01 3.43287142e-01 3.07737564e-01 2.65503571e-01 2.77031867e-01 2.77784631e-01 2.69448171e-01 2.49066275e-01 2.25971539e-01 2.46606463e-01 2.44477694e-01 2.76938570e-01 3.41932748e-01 2.51781935e-01 1.48035374e-01 5.51376976e-01
2.79000000e+01 -7.22267547e-01 -2.94268951e-01 -1.68464350e-01 -2.17535297e-01 -2.06641602e-01 -1.68445990e-01 -1.63933527e-01 -1.63078252e-01 -1.36262838e-01 -9.78428701e-02 -5.99038234e-02 -3.10603521e-02 -3.05475959e-02 -2.11922140e-02 -1.13348508e-02 -1.43355210e-02 -1.93840449e-02 -2.13713534e-02 -3.09264865e-02 -4.36790859e-02 -5.07356359e-02 -5.49735562e-02 -6.95591430e-02 -8.27556222e-02 -8.93220685e-02 -6.66479950e-02 -4.13462593e-02 -6.29280273e-03 1.94273791e-02 5.37431710e-02 8.37077058e-02 1.13538043e-01 1.32429942e-01 1.39654207e-01 1.33537573e-01 1.23008021e-01 1.10417959e-01 1.00403253e-01 9.75374121e-02 9.41085440e-02 7.84547212e-02 6.44097469e-02 4.25517837e-02 1.37279426e-02 -8.46524026e-03 -3.64411973e-02 -6.92117035e-02 -8.87004798e-02 -1.14957427e-01 -1.30021034e-01 -1.43959430e-01 -1.60661612e-01 -1.78955247e-01 -1.98189101e-01 -2.21204035e-01 -2.40068415e-01 -2.62979939e-01 -2.72583821e-01 -2.88837072e-01 -3.03015805e-01 -3.12115640e-01 -3.15281462e-01 -3.15643518e-01 -3.10771474e-01 -2.93465698e-01 -2.76762353e-01 -2.43312459e-01 -2.06302964e-01 -1.70848002e-01 -1.28630505e-01 -8.22629225e-02 -3.60141342e-02 2.08587780e-02 7.78030871e-02 1.27561863e-01 1.82575738e-01 2.17117759e-01 2.44301406e-01 2.60220530e-01 2.76655454e-01 3.03896870e-01 2.95769972e-01 2.92609432e-01 2.98060904e-01 3.32718941e-01 3.39841469e-01 3.04503854e-01 2.64232276e-01 2.77695351e-01 2.76666652e-01 2.72108674e-01 2.49686306e-01 2.29508490e-01 2.48979601e-01 2.47938766e-01 2.79733394e-01 3.47587445e-01 2.53524961e-01 1.51574747e-01 5.55870061e-01
2.80000000e+01 -7.25527064e-01 -3.00201758e-01 -1.72189825e-01 -2.21062309e-01 -2.11219602e-01 -1.72963238e-01 -1.68206524e-01 -1.67078308e-01 -1.41740008e-01 -1.01203620e-01 -6.47751795e-02 -3.38094328e-02 -3.26854215e-02 -2.36662883e-02 -1.20895262e-02 -1.49257554e-02 -1.98606689e-02 -2.12836294e-02 -3.00378356e-02 -4.23975969e-02 -5.00164926e-02 -5.38724074e-02 -6.69827540e-02 -7.97745165e-02 -8.65258668e-02 -6.42921713e-02 -3.83909278e-02 -2.33087271e-03 2.38804495e-02 5.84689165e-02 8.89575598e-02 1.17961475e-01 1.37116006e-01 1.43865199e-01 1.37930060e-01 1.26642106e-01 1.14813729e-01 1.04779323e-01 1.01747058e-01 9.83567585e-02 8.29932428e-02 6.93107336e-02 4.76031983e-02 1.83261172e-02 -4.15830866e-03 -3.25056435e-02 -6.65434875e-02 -8.70714294e-02 -1.14619297e-01 -1.30660934e-01 -1.45911570e-01 -1.63471760e-01 -1.82181692e-01 -2.01809582e-01 -2.24913691e-01 -2.43105909e-01 -2.66423346e-01 -2.75269611e-01 -2.91226890e-01 -3.05343901e-01 -3.13646387e-01 -3.16323904e-01 -3.16372940e-01 -3.10972247e-01 -2.93257118e-01 -2.75877706e-01 -2.42721069e-01 -2.05407276e-01 -1.70558237e-01 -1.28487847e-01 -8.20378779e-02 -3.62396561e-02 2.09968178e-02 7.74804167e-02 1.26888465e-01 1.81510189e-01 2.14869260e-01 2.41509703e-01 2.56919179e-01 2.72070401e-01 2.98629902e-01 2.89555580e-01 2.86223547e-01 2.93187548e-01 3.28493672e-01 3.36401028e-01 3.01135490e-01 2.63186962e-01 2.78157127e-01 2.75696489e-01 2.74812254e-01 2.50251746e-01 2.33211875e-01 2.51247226e-01 2.51506897e-01 2.82567066e-01 3.53106322e-01 2.55269295e-01 1.55041034e-01 5.60329184e-01
2.81000000e+01 -7.28709908e-01 -3.06073056e-01 -1.75908730e-01 -2.24502058e-01 -2.15757349e-01 -1.77449988e-01 -1.72448942e-01 -1.71029607e-01 -1.47217233e-01 -1.04649260e-01 -6.95830088e-02 -3.67500431e-02 -3.47960589e-02 -2.61765304e-02 -1.29514512e-02 -1.55025178e-02 -2.02948014e-02 -2.12724972e-02 -2.91782295e-02 -4.10328820e-02 -4.92205691e-02 -5.28191598e-02 -6.44396006e-02 -7.67413367e-02 -8.35928513e-02 -6.18701795e-02 -3.54144905e-02 1.60414941e-03 2.83213506e-02 6.31632197e-02 9.41594537e-02 1.22347523e-01 1.41746800e-01 1.48007921e-01 1.42265564e-01 1.30238624e-01 1.19158607e-01 1.09122818e-01 1.05904524e-01 1.02539491e-01 8.74764895e-02 7.41432228e-02 5.26201653e-02 2.29708343e-02 1.38670905e-04 -2.85472837e-02 -6.38012015e-02 -8.54449409e-02 -1.14250400e-01 -1.31295000e-01 -1.47898849e-01 -1.66297271e-01 -1.85414541e-01 -2.05443262e-01 -2.28589775e-01 -2.46141200e-01 -2.69777348e-01 -2.77954726e-01 -2.93595621e-01 -3.07627751e-01 -3.15120803e-01 -3.17325799e-01 -3.17057759e-01 -3.11102408e-01 -2.93045997e-01 -2.74915394e-01 -2.42111632e-01 -2.04532456e-01 -1.70284897e-01 -1.28334684e-01 -8.18513411e-02 -3.64119050e-02 2.10882906e-02 7.71641392e-02 1.26221041e-01 1.80389142e-01 2.12604152e-01 2.38665844e-01 2.53620883e-01 2.67460560e-01 2.93390491e-01 2.83380864e-01 2.79767882e-01 2.88339766e-01 3.24240546e-01 3.32948020e-01 2.97651683e-01 2.62365026e-01 2.78393687e-01 2.74913877e-01 2.77511275e-01 2.50806473e-01 2.37043490e-01 2.53440829e-01 2.55148134e-01 2.85472246e-01 3.58459300e-01 2.57020234e-01 1.58444697e-01 5.64751141e-01
2.82000000e+01 -7.31818426e-01 -3.11881149e-01 -1.79624344e-01 -2.27853530e-01 -2.20257448e-01 -1.81905459e-01 -1.76652598e-01 -1.74948799e-01 -1.52664356e-01 -1.08208578e-01 -7.42998232e-02 -3.98915336e-02 -3.68893408e-02 -2.87040879e-02 -1.39340729e-02 -1.60695274e-02 -2.06808190e-02 -2.13338056e-02 -2.83527985e-02 -3.95947956e-02 -4.83394693e-02 -5.18007347e-02 -6.19384191e-02 -7.36617647e-02 -8.05283488e-02 -5.93736799e-02 -3.24160562e-02 5.51220183e-03 3.27456511e-02 6.78294098e-02 9.93026468e-02 1.26704560e-01 1.46315671e-01 1.52089036e-01 1.46537864e-01 1.33808751e-01 1.23447461e-01 1.13435863e-01 1.10011651e-01 1.06661305e-01 9.19006123e-02 7.89042660e-02 5.75997612e-02 2.76605204e-02 4.42491523e-03 -2.45732842e-02 -6.09838565e-02 -8.38210432e-02 -1.13848517e-01 -1.31925832e-01 -1.49915899e-01 -1.69136067e-01 -1.88652436e-01 -2.09087825e-01 -2.32227586e-01 -2.49181047e-01 -2.73034502e-01 -2.80643568e-01 -2.95944501e-01 -3.09862758e-01 -3.16541017e-01 -3.18287944e-01 -3.17697170e-01 -3.11162620e-01 -2.92829316e-01 -2.73882548e-01 -2.41482292e-01 -2.03685259e-01 -1.70023067e-01 -1.28170090e-01 -8.17059554e-02 -3.65264304e-02 2.11293606e-02 7.68558556e-02 1.25556678e-01 1.79209152e-01 2.10324413e-01 2.35767077e-01 2.50324842e-01 2.62828371e-01 2.88185751e-01 2.77241785e-01 2.73250529e-01 2.83522530e-01 3.19964148e-01 3.29463840e-01 2.94075717e-01 2.61756609e-01 2.78389234e-01 2.74353367e-01 2.80159472e-01 2.51395759e-01 2.40962206e-01 2.55594906e-01 2.58826969e-01 2.88480471e-01 3.63619068e-01 2.58780220e-01 1.61798714e-01 5.69131706e-01
2.83000000e+01 -7.34855017e-01 -3.17624354e-01 -1.83339457e-01 -2.31116539e-01 -2.24721752e-01 -1.86329441e-01 -1.80809156e-01 -1.78852447e-01 -1.58052523e-01 -1.11907157e-01 -7.89028616e-02 -4.32383177e-02 -3.89775853e-02 -3.12309095e-02 -1.50482210e-02 -1.66316866e-02 -2.10145461e-02 -2.14619489e-02 -2.75657871e-02 -3.80943687e-02 -4.73658786e-02 -5.08034495e-02 -5.94862630e-02 -7.05421537e-02 -7.73382045e-02 -5.67951584e-02 -2.93940248e-02 9.39310286e-03 3.71492052e-02 7.24704707e-02 1.04377093e-01 1.31040259e-01 1.50816160e-01 1.56115379e-01 1.50741076e-01 1.37362865e-01 1.27675764e-01 1.17720047e-01 1.14070560e-01 1.10726612e-01 9.62620082e-02 8.35910968e-02 6.25392368e-02 3.23929200e-02 8.69999699e-03 -2.05906746e-02 -5.80911315e-02 -8.21994108e-02 -1.13411445e-01 -1.32556289e-01 -1.51957017e-01 -1.71985840e-01 -1.91894085e-01 -2.12740784e-01 -2.35822915e-01 -2.52231381e-01 -2.76188556e-01 -2.83340024e-01 -2.98274570e-01 -3.12044420e-01 -3.17909338e-01 -3.19210999e-01 -3.18290384e-01 -3.11153867e-01 -2.92603352e-01 -2.72786945e-01 -2.40831321e-01 -2.02871984e-01 -1.69767673e-01 -1.27993700e-01 -8.16034621e-02 -3.65798193e-02 2.11169840e-02 7.65567962e-02 1.24891983e-01 1.77967717e-01 2.08031140e-01 2.32811306e-01 2.47030147e-01 2.58176540e-01 2.83022266e-01 2.71133360e-01 2.66681808e-01 2.78739433e-01 3.15668995e-01 3.25929669e-01 2.90434246e-01 2.61344883e-01 2.78136138e-01 2.74043176e-01 2.82713487e-01 2.52064665e-01 2.44925453e-01 2.57745601e-01 2.62507596e-01 2.91621088e-01 3.68561728e-01 2.60548805e-01 1.65118285e-01 5.73465776e-01
2.84000000e+01 -7.37822111e-01 -3.23301063e-01 -1.87056289e-01 -2.34291790e-01 -2.29151317e-01 -1.90722224e-01 -1.84910452e-01 -1.82756363e-01 -1.63355098e-01 -1.15766453e-01 -8.33747369e-02 -4.67897556e-02 -4.10751904e-02 -3.37403064e-02 -1.63018289e-02 -1.71949726e-02 -2.12933668e-02 -2.16500021e-02 -2.68204654e-02 -3.65435952e-02 -4.62936762e-02 -4.98132644e-02 -5.70883497e-02 -6.73894979e-02 -7.40286532e-02 -5.41280892e-02 -2.63460712e-02 1.32465000e-02 4.15282736e-02 7.70888431e-02 1.09373722e-01 1.35361323e-01 1.55242215e-01 1.60093756e-01 1.54869877e-01 1.40910302e-01 1.31839793e-01 1.21976356e-01 1.18083658e-01 1.14739567e-01 1.00557423e-01 8.82011515e-02 6.74359918e-02 3.71651459e-02 1.29637753e-02 -1.66062321e-02 -5.51234528e-02 -8.05793659e-02 -1.12937028e-01 -1.33189387e-01 -1.54016277e-01 -1.74844036e-01 -1.95138268e-01 -2.16399462e-01 -2.39372110e-01 -2.55297117e-01 -2.79234640e-01 -2.86047308e-01 -3.00586701e-01 -3.14168400e-01 -3.19228177e-01 -3.20095495e-01 -3.18836655e-01 -3.11077422e-01 -2.92363832e-01 -2.71636838e-01 -2.40157235e-01 -2.02098328e-01 -1.69513642e-01 -1.27805683e-01 -8.15446375e-02 -3.65697311e-02 2.10489284e-02 7.62677542e-02 1.24223157e-01 1.76663271e-01 2.05724552e-01 2.29797082e-01 2.43735801e-01 2.53508054e-01 2.77905931e-01 2.65049939e-01 2.60074055e-01 2.73992726e-01 3.11359355e-01 3.22327086e-01 2.86756466e-01 2.61106571e-01 2.77635116e-01 2.74004255e-01 2.85134307e-01 2.52856445e-01 2.48890761e-01 2.59929297e-01 2.66155166e-01 2.94920245e-01 3.73267326e-01 2.62322734e-01 1.68420463e-01 5.77747545e-01
2.85000000e+01 -7.40722146e-01 -3.28909799e-01 -1.90776427e-01 -2.37380920e-01 -2.33546393e-01 -1.95084496e-01 -1.88948834e-01 -1.86674977e-01 -1.68548489e-01 -1.19803027e-01 -8.77038975e-02 -5.05402009e-02 -4.31981603e-02 -3.62174674e-02 -1.76997439e-02 -1.77662906e-02 -2.15163097e-02 -2.18898802e-02 -2.61190674e-02 -3.49551803e-02 -4.51180472e-02 -4.88160138e-02 -5.47479609e-02 -6.42113785e-02 -7.06061971e-02 -5.13670581e-02 -2.32691775e-02 1.70718521e-02 4.58796131e-02 8.16862537e-02 1.14284686e-01 1.39673255e-01 1.59588407e-01 1.64030740e-01 1.58919693e-01 1.44459153e-01 1.35936781e-01 1.26205118e-01 1.22053632e-01 1.18703987e-01 1.04784025e-01 9.27320952e-02 7.22875626e-02 4.19737315e-02 1.72163243e-02 -1.26263773e-02 -5.20820569e-02 -7.89598924e-02 -1.12423180e-01 -1.33828182e-01 -1.56087633e-01 -1.77707861e-01 -1.98383841e-01 -2.20060972e-01 -2.42872128e-01 -2.58382011e-01 -2.82169433e-01 -2.88767817e-01 -3.02881627e-01 -3.16230586e-01 -3.20499975e-01 -3.20941853e-01 -3.19335302e-01 -3.10934823e-01 -2.92106075e-01 -2.70440799e-01 -2.39458915e-01 -2.01369251e-01 -1.69256056e-01 -1.27606679e-01 -8.15292603e-02 -3.64949182e-02 2.09237933e-02 7.59890255e-02 1.23546080e-01 1.75295139e-01 2.03404013e-01 2.26723593e-01 2.40440727e-01 2.48826199e-01 2.72841806e-01 2.58985492e-01 2.53441338e-01 2.69283409e-01 3.07039075e-01 3.18638686e-01 2.83073205e-01 2.61012673e-01 2.76895143e-01 2.74249604e-01 2.87388536e-01 2.53811011e-01 2.52817280e-01 2.62181213e-01 2.69737004e-01 2.98399990e-01 3.77720266e-01 2.64096128e-01 1.71723723e-01 5.81970694e-01
2.86000000e+01 -7.43557544e-01 -3.34449278e-01 -1.94500787e-01 -2.40386499e-01 -2.37906442e-01 -1.99417236e-01 -1.92917482e-01 -1.90620760e-01 -1.73612873e-01 -1.24027942e-01 -9.18848856e-02 -5.44792065e-02 -4.53635810e-02 -3.86499111e-02 -1.92436317e-02 -1.83532939e-02 -2.16841027e-02 -2.21725173e-02 -2.54627612e-02 -3.33422557e-02 -4.38355922e-02 -4.77976201e-02 -5.24663918e-02 -6.10158866e-02 -6.70774952e-02 -4.85078480e-02 -2.01597049e-02 2.08684445e-02 5.02005275e-02 8.62635793e-02 1.19103567e-01 1.43980169e-01 1.63850135e-01 1.67932467e-01 1.62886855e-01 1.48016096e-01 1.39965033e-01 1.30405993e-01 1.25983426e-01 1.22623291e-01 1.08939448e-01 9.71818537e-02 7.70916217e-02 4.68146810e-02 2.14578641e-02 -8.65708696e-03 -4.89690281e-02 -7.73396645e-02 -1.11867932e-01 -1.34475646e-01 -1.58165017e-01 -1.80574312e-01 -2.01629733e-01 -2.23722197e-01 -2.46320571e-01 -2.61488557e-01 -2.84991293e-01 -2.91502998e-01 -3.05159981e-01 -3.18227149e-01 -3.21727140e-01 -3.21750405e-01 -3.19785720e-01 -3.10727843e-01 -2.91825153e-01 -2.69207552e-01 -2.38735686e-01 -2.00688873e-01 -1.68990302e-01 -1.27397723e-01 -8.15561023e-02 -3.63552431e-02 2.07410376e-02 7.57203589e-02 1.22856397e-01 1.73863474e-01 2.01068089e-01 2.23590648e-01 2.37143762e-01 2.44134567e-01 2.67833974e-01 2.52933925e-01 2.46799131e-01 2.64611373e-01 3.02711403e-01 3.14848682e-01 2.79415945e-01 2.61029383e-01 2.75933094e-01 2.74783855e-01 2.89449467e-01 2.54963524e-01 2.56667241e-01 2.64534053e-01 2.73223747e-01 3.02077485e-01 3.81909587e-01 2.65860773e-01 1.75047478e-01 5.86128600e-01
2.87000000e+01 -7.46330690e-01 -3.39918454e-01 -1.98229585e-01 -2.43312011e-01 -2.42230186e-01 -2.03721582e-01 -1.96810703e-01 -1.94603717e-01 -1.78532776e-01 -1.28446358e-01 -9.59183865e-02 -5.85918855e-02 -4.75890597e-02 -4.10278642e-02 -2.09319747e-02 -1.89641784e-02 -2.17991935e-02 -2.24880632e-02 -2.48516518e-02 -3.17180697e-02 -4.24444293e-02 -4.67442923e-02 -5.02429452e-02 -5.78115286e-02 -6.34492710e-02 -4.55474875e-02 -1.70134952e-02 2.46354326e-02 5.44888803e-02 9.08207511e-02 1.23825550e-01 1.48284653e-01 1.68023794e-01 1.71804454e-01 1.66768733e-01 1.51586293e-01 1.43923999e-01 1.34577975e-01 1.29876204e-01 1.26500468e-01 1.13021806e-01 1.01548647e-01 8.18459853e-02 5.16835184e-02 2.56886963e-02 -4.70382810e-03 -4.57873082e-02 -7.57170891e-02 -1.11269465e-01 -1.35134534e-01 -1.60242431e-01 -1.83440217e-01 -2.04874927e-01 -2.27379774e-01 -2.49715703e-01 -2.64617918e-01 -2.87700330e-01 -2.94253261e-01 -3.07422323e-01 -3.20154592e-01 -3.22911991e-01 -3.22521413e-01 -3.20187381e-01 -3.10458473e-01 -2.91516035e-01 -2.67945811e-01 -2.37987384e-01 -2.00060395e-01 -1.68712231e-01 -1.27180138e-01 -8.16229399e-02 -3.61516977e-02 2.05010182e-02 7.54609177e-02 1.22149605e-01 1.72369150e-01 1.98714625e-01 2.20398661e-01 2.33843647e-01 2.39437051e-01 2.62885428e-01 2.46889388e-01 2.40163938e-01 2.59975568e-01 2.98378819e-01 3.10943467e-01 2.75815816e-01 2.61119166e-01 2.74773123e-01 2.75603133e-01 2.91297918e-01 2.56343159e-01 2.60407298e-01 2.67016752e-01 2.76590357e-01 3.05964380e-01 3.85829093e-01 2.67606497e-01 1.78411553e-01 5.90214556e-01
2.88000000e+01 -7.49043911e-01 -3.45316561e-01 -2.01962346e-01 -2.46161796e-01 -2.46515690e-01 -2.07998711e-01 -2.00624193e-01 -1.98630982e-01 -1.83297507e-01 -1.33057327e-01 -9.98110675e-02 -6.28594140e-02 -4.98921444e-02 -4.33445534e-02 -2.27601629e-02 -1.96074585e-02 -2.18657318e-02 -2.28260941e-02 -2.42848165e-02 -3.00956644e-02 -4.09442797e-02 -4.56427080e-02 -4.80749646e-02 -5.46071131e-02 -5.97282427e-02 -4.24842646e-02 -1.38259922e-02 2.83719086e-02 5.87430684e-02 9.53567036e-02 1.28447526e-01 1.52587699e-01 1.72106915e-01 1.75651437e-01 1.70563814e-01 1.55173331e-01 1.47814306e-01 1.38719421e-01 1.33735294e-01 1.30338055e-01 1.17029692e-01 1.05831020e-01 8.65486276e-02 5.65753340e-02 2.99091469e-02 -7.71515197e-04 -4.25406774e-02 -7.40903592e-02 -1.10626152e-01 -1.35807260e-01 -1.62314030e-01 -1.86302295e-01 -2.08118436e-01 -2.31030094e-01 -2.53056465e-01 -2.67769903e-01 -2.90298431e-01 -2.97017916e-01 -3.09669162e-01 -3.22009790e-01 -3.24056713e-01 -3.23255088e-01 -3.20539823e-01 -3.10128912e-01 -2.91173728e-01 -2.66664129e-01 -2.37214392e-01 -1.99486031e-01 -1.68418297e-01 -1.26955422e-01 -8.17265825e-02 -3.58864304e-02 2.02050348e-02 7.52092548e-02 1.21421145e-01 1.70813654e-01 1.96340842e-01 2.17148637e-01 2.30539004e-01 2.34737841e-01 2.57997960e-01 2.40846588e-01 2.33552894e-01 2.55374205e-01 2.94042889e-01 3.06912128e-01 2.72302588e-01 2.61241956e-01 2.73445817e-01 2.76695213e-01 2.92922792e-01 2.57972076e-01 2.64009698e-01 2.69653381e-01 2.79816965e-01 3.10066355e-01 3.89477349e-01 2.69321629e-01 1.81835627e-01 5.94221996e-01
2.89000000e+01 -7.51699458e-01 -3.50643136e-01 -2.05697925e-01 -2.48940971e-01 -2.50760455e-01 -2.12249710e-01 -2.04355248e-01 -2.02706511e-01 -1.87901415e-01 -1.37853799e-01 -1.03575213e-01 -6.72596606e-02 -5.22897434e-02 -4.55964056e-02 -2.47206733e-02 -2.02917309e-02 -2.18895128e-02 -2.31758370e-02 -2.37603693e-02 -2.84875530e-02 -3.93365292e-02 -4.44801803e-02 -4.59579076e-02 -5.14116187e-02 -5.59210815e-02 -3.93177055e-02 -1.05923753e-02 3.20769838e-02 6.29619653e-02 9.98693674e-02 1.32968168e-01 1.56888686e-01 1.76098241e-01 1.79477255e-01 1.74271765e-01 1.58779208e-01 1.51637759e-01 1.42828103e-01 1.37564140e-01 1.34138131e-01 1.20962160e-01 1.10027863e-01 9.11976986e-02 6.14848276e-02 3.41195190e-02 3.13550866e-03 -3.92337112e-02 -7.24575130e-02 -1.09936608e-01 -1.36495772e-01 -1.64374202e-01 -1.89157211e-01 -2.11359260e-01 -2.34669315e-01 -2.56342470e-01 -2.70942967e-01 -2.92789232e-01 -2.99795161e-01 -3.11900963e-01 -3.23790028e-01 -3.25163327e-01 -3.23951601e-01 -3.20842628e-01 -3.09741560e-01 -2.90793407e-01 -2.65370755e-01 -2.36417646e-01 -1.98966969e-01 -1.68105693e-01 -1.26725135e-01 -8.18629204e-02 -3.55627753e-02 1.98553747e-02 7.49633052e-02 1.20666491e-01 1.69198950e-01 1.93943451e-01 2.13842139e-01 2.27228319e-01 2.30041398e-01 2.53172094e-01 2.34801080e-01 2.26983354e-01 2.50804971e-01 2.89704146e-01 3.02746887e-01 2.68903700e-01 2.61356438e-01 2.71987129e-01 2.78039950e-01 2.94321355e-01 2.59864657e-01 2.67453248e-01 2.72462228e-01 2.82889545e-01 3.14382854e-01 3.92857532e-01 2.70993525e-01 1.85338668e-01 5.98144710e-01
2.90000000e+01 -7.54299498e-01 -3.55898035e-01 -2.09434552e-01 -2.51655317e-01 -2.54961544e-01 -2.16475463e-01 -2.08002912e-01 -2.06830903e-01 -1.92343972e-01 -1.42822844e-01 -1.07228171e-01 -7.17679193e-02 -5.47975592e-02 -4.77831510e-02 -2.68033317e-02 -2.10254331e-02 -2.18778791e-02 -2.35264036e-02 -2.32755494e-02 -2.69054119e-02 -3.76242550e-02 -4.32448088e-02 -4.38854615e-02 -4.82340370e-02 -5.20344001e-02 -3.60485197e-02 -7.30769966e-03 3.57498766e-02 6.71448439e-02 1.04355705e-01 1.37387927e-01 1.61185419e-01 1.79997755e-01 1.83284774e-01 1.77893432e-01 1.62404377e-01 1.55397298e-01 1.46901271e-01 1.41366230e-01 1.37902317e-01 1.24818712e-01 1.14138428e-01 9.57915426e-02 6.64063467e-02 3.83200561e-02 7.01346931e-03 -3.58717185e-02 -7.08164917e-02 -1.09199730e-01 -1.37201433e-01 -1.66417645e-01 -1.92001621e-01 -2.14596344e-01 -2.38293390e-01 -2.59573996e-01 -2.74134258e-01 -2.95178046e-01 -3.02582106e-01 -3.14118147e-01 -3.25493032e-01 -3.26233682e-01 -3.24611078e-01 -3.21095405e-01 -3.09299028e-01 -2.90370526e-01 -2.64073492e-01 -2.35598632e-01 -1.98503342e-01 -1.67772461e-01 -1.26490770e-01 -8.20269945e-02 -3.51852794e-02 1.94553487e-02 7.47203968e-02 1.19881228e-01 1.67527342e-01 1.91518785e-01 2.10481250e-01 2.23909935e-01 2.25352418e-01 2.48407032e-01 2.28749536e-01 2.20472479e-01 2.46265247e-01 2.85362008e-01 2.98443456e-01 2.65643350e-01 2.61421377e-01 2.70437153e-01 2.79609974e-01 2.95499219e-01 2.62027014e-01 2.70724027e-01 2.75455102e-01 2.85800359e-01 3.18907009e-01 3.95977140e-01 2.72609133e-01 1.88938371e-01 6.01977067e-01
2.91000000e+01 -7.56846099e-01 -3.61081425e-01 -2.13169899e-01 -2.54311146e-01 -2.59115702e-01 -2.20676546e-01 -2.11568070e-01 -2.11001339e-01 -1.96629679e-01 -1.47946064e-01 -1.10791635e-01 -7.63577209e-02 -5.74295597e-02 -4.99078262e-02 -2.89956506e-02 -2.18166014e-02 -2.18395816e-02 -2.38670293e-02 -2.28268270e-02 -2.53598000e-02 -3.58122135e-02 -4.19256145e-02 -4.18497022e-02 -4.50831881e-02 -4.80747751e-02 -3.26785108e-02 -3.96703888e-03 3.93899972e-02 7.12912940e-02 1.08811786e-01 1.41708994e-01 1.65474234e-01 1.83806641e-01 1.87075862e-01 1.81430822e-01 1.66047829e-01 1.59096933e-01 1.50935731e-01 1.45145033e-01 1.41631788e-01 1.28599281e-01 1.18162328e-01 1.00328717e-01 7.13339173e-02 4.25109195e-02 1.08591408e-02 -3.24606711e-02 -6.91651913e-02 -1.08414755e-01 -1.37924917e-01 -1.68439437e-01 -1.94832207e-01 -2.17828531e-01 -2.41898107e-01 -2.62751965e-01 -2.77339686e-01 -2.97471739e-01 -3.05374830e-01 -3.16321070e-01 -3.27116997e-01 -3.27269447e-01 -3.25233595e-01 -3.21297759e-01 -3.08804144e-01 -2.89900922e-01 -2.62779581e-01 -2.34759360e-01 -1.98094217e-01 -1.67417585e-01 -1.26253644e-01 -8.22130920e-02 -3.47597139e-02 1.90093065e-02 7.44772775e-02 1.19061140e-01 1.65801331e-01 1.89062945e-01 2.07068510e-01 2.20582047e-01 2.20675784e-01 2.43700641e-01 2.22689992e-01 2.14036843e-01 2.41752323e-01 2.81014742e-01 2.94001286e-01 2.62541674e-01 2.61396935e-01 2.68838769e-01 2.81371618e-01 2.96470032e-01 2.64456790e-01 2.73815840e-01 2.78636884e-01 2.88548181e-01 3.23625772e-01 3.98847591e-01 2.74155597e-01 1.92650613e-01 6.05714214e-01
2.92000000e+01 -7.59341229e-01 -3.66193777e-01 -2.16901157e-01 -2.56915156e-01 -2.63219501e-01 -2.24853155e-01 -2.15053460e-01 -2.15211656e-01 -2.00767783e-01 -1.53200196e-01 -1.14290784e-01 -8.10016938e-02 -6.01975006e-02 -5.19766769e-02 -3.12832341e-02 -2.26726374e-02 -2.17846018e-02 -2.41873154e-02 -2.24100205e-02 -2.38599161e-02 -3.39067846e-02 -4.05126579e-02 -3.98412956e-02 -4.19675046e-02 -4.40488013e-02 -2.92104576e-02 -5.65627015e-04 4.29970207e-02 7.54011461e-02 1.13232891e-01 1.45935191e-01 1.69750128e-01 1.87527201e-01 1.90851398e-01 1.84887037e-01 1.69707212e-01 1.62741645e-01 1.54927940e-01 1.48903926e-01 1.45327304e-01 1.32304215e-01 1.22099531e-01 1.04808001e-01 7.62612689e-02 4.66921793e-02 1.46698106e-02 -2.90071279e-02 -6.75015024e-02 -1.07581299e-01 -1.38666121e-01 -1.70435114e-01 -1.97645675e-01 -2.21054511e-01 -2.45479148e-01 -2.65877918e-01 -2.80554021e-01 -2.99678576e-01 -3.08168479e-01 -3.18509981e-01 -3.28660624e-01 -3.28272130e-01 -3.25819147e-01 -3.21449270e-01 -3.08259961e-01 -2.89380895e-01 -2.61495589e-01 -2.33902339e-01 -1.97737608e-01 -1.67041034e-01 -1.26014788e-01 -8.24148700e-02 -3.42930606e-02 1.85226242e-02 7.42301583e-02 1.18202285e-01 1.64023474e-01 1.86571952e-01 2.03606848e-01 2.17242720e-01 2.16016505e-01 2.39049465e-01 2.16622042e-01 2.07692048e-01 2.37263596e-01 2.76659479e-01 2.89423715e-01 2.59614052e-01 2.61245959e-01 2.67236197e-01 2.83286057e-01 2.97254896e-01 2.67143264e-01 2.76730377e-01 2.82005332e-01 2.91138289e-01 3.28520224e-01 4.01483706e-01 2.75620852e-01 1.96488945e-01 6.09352262e-01
2.93000000e+01 -7.61786750e-01 -3.71235839e-01 -2.20625138e-01 -2.59474260e-01 -2.67269472e-01 -2.29005041e-01 -2.18463620e-01 -2.19452541e-01 -2.04771848e-01 -1.58557873e-01 -1.17753317e-01 -8.56724417e-02 -6.31105193e-02 -5.39989646e-02 -3.36502390e-02 -2.36000878e-02 -2.17239383e-02 -2.44774663e-02 -2.20204183e-02 -2.24134025e-02 -3.19158712e-02 -3.89971431e-02 -3.78497366e-02 -3.88947881e-02 -3.99631718e-02 -2.56479689e-02 2.90100142e-03 4.65709425e-02 7.94744108e-02 1.17613650e-01 1.50071823e-01 1.74006944e-01 1.91162735e-01 1.94611318e-01 1.88266188e-01 1.73378974e-01 1.66337264e-01 1.58874106e-01 1.52646120e-01 1.48989248e-01 1.35934268e-01 1.25950354e-01 1.09228397e-01 8.11818559e-02 5.08638180e-02 1.84432337e-02 -2.55181610e-02 -6.58233368e-02 -1.06699411e-01 -1.39424095e-01 -1.72400730e-01 -2.00438749e-01 -2.24272789e-01 -2.49032150e-01 -2.68953972e-01 -2.83771031e-01 -3.01808027e-01 -3.10957382e-01 -3.20684984e-01 -3.30123146e-01 -3.29243083e-01 -3.26367624e-01 -3.21549477e-01 -3.07669764e-01 -2.88807273e-01 -2.60227328e-01 -2.33030552e-01 -1.97430505e-01 -1.66643778e-01 -1.25774859e-01 -8.26255038e-02 -3.37934607e-02 1.80016581e-02 7.39747661e-02 1.17301062e-01 1.62196245e-01 1.84041904e-01 2.00099488e-01 2.13889912e-01 2.11379641e-01 2.34448780e-01 2.10546999e-01 2.01452385e-01 2.32796751e-01 2.72292288e-01 2.84717993e-01 2.56870549e-01 2.60935162e-01 2.65673534e-01 2.85310601e-01 2.97881517e-01 2.70067744e-01 2.79477087e-01 2.85551155e-01 2.93582212e-01 3.33566082e-01 4.03903107e-01 2.76994224e-01 2.00464136e-01 6.12888443e-01
2.94000000e+01 -7.64184420e-01 -3.76208606e-01 -2.24338375e-01 -2.61995423e-01 -2.71262242e-01 -2.33131490e-01 -2.21804761e-01 -2.23711850e-01 -2.08659163e-01 -1.63988526e-01 -1.21208412e-01 -9.03434091e-02 -6.61748115e-02 -5.59866800e-02 -3.60798785e-02 -2.46044480e-02 -2.16693629e-02 -2.47285187e-02 -2.16528991e-02 -2.10261972e-02 -2.98487590e-02 -3.73715090e-02 -3.58636148e-02 -3.58719476e-02 -3.58247727e-02 -2.19953231e-02 6.43687535e-03 5.01121177e-02 8.35112364e-02 1.21948193e-01 1.54125474e-01 1.78237564e-01 1.94717394e-01 1.98354673e-01 1.91573283e-01 1.77058534e-01 1.69890323e-01 1.62770308e-01 1.56374577e-01 1.52617703e-01 1.39490582e-01 1.29715445e-01 1.13589111e-01 8.60888829e-02 5.50257452e-02 2.21775795e-02 -2.20012835e-02 -6.41286433e-02 -1.05769607e-01 -1.40197008e-01 -1.74332909e-01 -2.03208126e-01 -2.27481646e-01 -2.52552769e-01 -2.71982768e-01 -2.86983634e-01 -3.03870545e-01 -3.13735191e-01 -3.22845971e-01 -3.31504371e-01 -3.30183512e-01 -3.26878781e-01 -3.21597873e-01 -3.07037057e-01 -2.88177463e-01 -2.58979786e-01 -2.32147424e-01 -1.97168921e-01 -1.66227753e-01 -1.25534079e-01 -8.28378573e-02 -3.32701174e-02 1.74536608e-02 7.37064015e-02 1.16354285e-01 1.60321914e-01 1.81469128e-01 1.96549857e-01 2.10521518e-01 2.06770217e-01 2.29892679e-01 2.04467999e-01 1.95330515e-01 2.28349916e-01 2.67908299e-01 2.79895181e-01 2.54315520e-01 2.60436196e-01 2.64193294e-01 2.87400116e-01 2.98383146e-01 2.73204238e-01 2.82072771e-01 2.89258345e-01 2.95897265e-01 3.38734358e-01 4.06125549e-01 2.78266970e-01 2.04583791e-01 6.16321247e-01
2.95000000e+01 -7.66535894e-01 -3.81113287e-01 -2.28037240e-01 -2.64485483e-01 -2.75194660e-01 -2.37231320e-01 -2.25084575e-01 -2.27975022e-01 -2.12450032e-01 -1.69459379e-01 -1.24685650e-01 -9.49897028e-02 -6.93934047e-02 -5.79541740e-02 -3.85549520e-02 -2.56899938e-02 -2.16331535e-02 -2.49325551e-02 -2.13020487e-02 -1.97024388e-02 -2.77159379e-02 -3.56295110e-02 -3.38708973e-02 -3.29047302e-02 -3.16407793e-02 -1.82573039e-02 1.00454567e-02 5.36212849e-02 8.75118817e-02 1.26230326e-01 1.58103766e-01 1.82434130e-01 1.98196028e-01 2.02079704e-01 1.94814100e-01 1.80740462e-01 1.73407895e-01 1.66612620e-01 1.60091915e-01 1.56212536e-01 1.42974673e-01 1.33395772e-01 1.17889511e-01 9.09753402e-02 5.91778153e-02 2.58713737e-02 -1.84643780e-02 -6.24154130e-02 -1.04792908e-01 -1.40982121e-01 -1.76228879e-01 -2.05950436e-01 -2.30679124e-01 -2.56036755e-01 -2.74967407e-01 -2.90184092e-01 -3.05877326e-01 -3.16495041e-01 -3.24992557e-01 -3.32804727e-01 -3.31094467e-01 -3.27352225e-01 -3.21593900e-01 -3.06365549e-01 -2.87489485e-01 -2.57757104e-01 -2.31256796e-01 -1.96947959e-01 -1.65795793e-01 -1.25292190e-01 -8.30446650e-02 -3.27331497e-02 1.68866611e-02 7.34199964e-02 1.15359228e-01 1.58402432e-01 1.78850318e-01 1.92961486e-01 2.07135408e-01 2.02193134e-01 2.25374192e-01 1.98390054e-01 1.89337208e-01 2.23921788e-01 2.63501890e-01 2.74969941e-01 2.51947397e-01 2.59726551e-01 2.62835016e-01 2.89508512e-01 2.98797321e-01 2.76520379e-01 2.84540900e-01 2.93104758e-01 2.98105867e-01 3.43992171e-01 4.08172207e-01 2.79432788e-01 2.08852037e-01 6.19650519e-01
2.96000000e+01 -7.68842724e-01 -3.85951261e-01 -2.31718057e-01 -2.66950991e-01 -2.79063912e-01 -2.41302908e-01 -2.28311979e-01 -2.32225598e-01 -2.16166960e-01 -1.74936526e-01 -1.28213940e-01 -9.95888416e-02 -7.27660344e-02 -5.99177171e-02 -4.10583840e-02 -2.68596499e-02 -2.16278112e-02 -2.50828975e-02 -2.09622693e-02 -1.84444204e-02 -2.55288939e-02 -3.37662935e-02 -3.18592199e-02 -2.99974600e-02 -2.74187380e-02 -1.44390449e-02 1.37295182e-02 5.70995803e-02 9.14766973e-02 1.30453725e-01 1.62015078e-01 1.86588273e-01 2.01604031e-01 2.05783913e-01 1.97995051e-01 1.84418673e-01 1.76897408e-01 1.70397250e-01 1.63800313e-01 1.59773500e-01 1.46388414e-01 1.36992593e-01 1.22129074e-01 9.58340564e-02 6.33198434e-02 2.95234379e-02 -1.49156235e-02 -6.06816811e-02 -1.03770866e-01 -1.41775800e-01 -1.78086481e-01 -2.08662193e-01 -2.33863012e-01 -2.59480005e-01 -2.77911363e-01 -2.93364218e-01 -3.07840041e-01 -3.19229714e-01 -3.27124008e-01 -3.34025314e-01 -3.31976823e-01 -3.27787413e-01 -3.21536961e-01 -3.05659113e-01 -2.86741998e-01 -2.56562567e-01 -2.30362889e-01 -1.96761903e-01 -1.65351526e-01 -1.25048451e-01 -8.32387181e-02 -3.21933950e-02 1.63093093e-02 7.31101669e-02 1.14313681e-01 1.56439347e-01 1.76182662e-01 1.89337926e-01 2.03729482e-01 1.97653078e-01 2.20885443e-01 1.92320048e-01 1.83481121e-01 2.19511725e-01 2.59066916e-01 2.69960191e-01 2.49758654e-01 2.58790264e-01 2.61633980e-01 2.91590250e-01 2.99164471e-01 2.79978573e-01 2.86910703e-01 2.97062915e-01 3.00234679e-01 3.49303670e-01 4.10064954e-01 2.80488228e-01 2.13269315e-01 6.22877524e-01
2.97000000e+01 -7.71106371e-01 -3.90724040e-01 -2.35377217e-01 -2.69398046e-01 -2.82867619e-01 -2.45344256e-01 -2.31496809e-01 -2.36445802e-01 -2.19833767e-01 -1.80386024e-01 -1.31820480e-01 -1.04121411e-01 -7.62891283e-02 -6.18949999e-02 -4.35737557e-02 -2.81148960e-02 -2.16657722e-02 -2.51742745e-02 -2.06278819e-02 -1.72525941e-02 -2.32998743e-02 -3.17784514e-02 -2.98161774e-02 -2.71527981e-02 -2.31666201e-02 -1.05458952e-02 1.74910326e-02 6.05485457e-02 9.54061082e-02 1.34612136e-01 1.65868239e-01 1.90691348e-01 2.04947196e-01 2.09464140e-01 2.01123033e-01 1.88086644e-01 1.80366450e-01 1.74120683e-01 1.67501406e-01 1.63300346e-01 1.49734023e-01 1.40507432e-01 1.26307312e-01 1.00657766e-01 6.74516119e-02 3.31328314e-02 -1.13634186e-02 -5.89255291e-02 -1.02705578e-01 -1.42573543e-01 -1.79904150e-01 -2.11339759e-01 -2.37030846e-01 -2.62878624e-01 -2.80818388e-01 -2.96515608e-01 -3.09770566e-01 -3.21931821e-01 -3.29239168e-01 -3.35167953e-01 -3.32831229e-01 -3.28183667e-01 -3.21426428e-01 -3.04921735e-01 -2.85934326e-01 -2.55398630e-01 -2.29470262e-01 -1.96604318e-01 -1.64899237e-01 -1.24801660e-01 -8.34130462e-02 -3.16621683e-02 1.57306928e-02 7.27712600e-02 1.13215968e-01 1.54433749e-01 1.73463927e-01 1.85682682e-01 2.00301708e-01 1.93154420e-01 2.16417835e-01 1.86266669e-01 1.77768646e-01 2.15119803e-01 2.54596983e-01 2.64886673e-01 2.47735971e-01 2.57618408e-01 2.60620077e-01 2.93601823e-01 2.99526422e-01 2.83537317e-01 2.89216035e-01 3.01101011e-01 3.02313595e-01 3.54631042e-01 4.11825635e-01 2.81433026e-01 2.17832260e-01 6.26004970e-01
2.98000000e+01 -7.73328205e-01 -3.95433224e-01 -2.39011287e-01 -2.71832162e-01 -2.86603918e-01 -2.49353072e-01 -2.34649478e-01 -2.40617177e-01 -2.23474669e-01 -1.85774993e-01 -1.35529787e-01 -1.08571601e-01 -7.99558979e-02 -6.39045912e-02 -4.60858107e-02 -2.94557138e-02 -2.17591233e-02 -2.52029595e-02 -2.02932191e-02 -1.61256210e-02 -2.10416334e-02 -2.96640766e-02 -2.77296116e-02 -2.43715352e-02 -1.88928406e-02 -6.58330957e-03 2.13310768e-02 6.39701295e-02 9.93005941e-02 1.38699600e-01 1.69672197e-01 1.94734663e-01 2.08231568e-01 2.13116649e-01 2.04205277e-01 1.91737637e-01 1.83822546e-01 1.77779827e-01 1.71196182e-01 1.66792914e-01 1.53014049e-01 1.43942037e-01 1.30423697e-01 1.05439194e-01 7.15728641e-02 3.66987981e-02 -7.81630012e-03 -5.71450903e-02 -1.01599689e-01 -1.43370037e-01 -1.81680863e-01 -2.13979330e-01 -2.40179907e-01 -2.66228967e-01 -2.83692399e-01 -2.99629874e-01 -3.11680706e-01 -3.24593973e-01 -3.31336397e-01 -3.36235238e-01 -3.33658053e-01 -3.28540214e-01 -3.21261665e-01 -3.04157451e-01 -2.85066467e-01 -2.54266964e-01 -2.28583747e-01 -1.96468185e-01 -1.64443698e-01 -1.24550214e-01 -8.35610888e-02 -3.11509843e-02 1.51601276e-02 7.23973962e-02 1.12064967e-01 1.52386239e-01 1.70692521e-01 1.81999166e-01 1.96850165e-01 1.88701127e-01 2.11962265e-01 1.80240285e-01 1.72203815e-01 2.10746833e-01 2.50085751e-01 2.59772399e-01 2.45860596e-01 2.56209356e-01 2.59816856e-01 2.95503157e-01 2.99924870e-01 2.87152663e-01 2.91494085e-01 3.05184061e-01 3.04374612e-01 3.59935574e-01 4.13475390e-01 2.82270330e-01 2.22533698e-01 6.29036996e-01
2.99000000e+01 -7.75509515e-01 -4.00080461e-01 -2.42617110e-01 -2.74258138e-01 -2.90271518e-01 -2.53326884e-01 -2.37780599e-01 -2.44721254e-01 -2.27113345e-01 -1.91072663e-01 -1.39362835e-01 -1.12927608e-01 -8.37565338e-02 -6.59653693e-02 -4.85809221e-02 -3.08805743e-02 -2.19193281e-02 -2.51668756e-02 -1.99527109e-02 -1.50604652e-02 -1.87671618e-02 -2.74227853e-02 -2.55878938e-02 -2.16524258e-02 -1.46062406e-02 -2.55676659e-03 2.52497534e-02 6.73666813e-02 1.03160666e-01 1.42710674e-01 1.73435683e-01 1.98709721e-01 2.11463317e-01 2.16737215e-01 2.07249179e-01 1.95364945e-01 1.87272927e-01 1.81372163e-01 1.74884893e-01 1.70251214e-01 1.56231361e-01 1.47298343e-01 1.34477597e-01 1.10171135e-01 7.56832799e-02 4.02207244e-02 -4.28285519e-03 -5.53385635e-02 -1.00456383e-01 -1.44159240e-01 -1.83416057e-01 -2.16576950e-01 -2.43307234e-01 -2.69527681e-01 -2.86537361e-01 -3.02698882e-01 -3.13581924e-01 -3.27208953e-01 -3.33413513e-01 -3.37230565e-01 -3.34457317e-01 -3.28856244e-01 -3.21042039e-01 -3.03370266e-01 -2.84139115e-01 -2.53168527e-01 -2.27708372e-01 -1.96346052e-01 -1.63989977e-01 -1.24292187e-01 -8.36768517e-02 -3.06712572e-02 1.46069311e-02 7.19825153e-02 1.10860106e-01 1.50296937e-01 1.67867516e-01 1.78290673e-01 1.93373069e-01 1.84296682e-01 2.07509355e-01 1.74252765e-01 1.66788275e-01 2.06394342e-01 2.45527264e-01 2.54642035e-01 2.44108878e-01 2.54568785e-01 2.59240797e-01 2.97258878e-01 3.00399856e-01 2.90779756e-01 2.93783961e-01 3.09275180e-01 3.06450627e-01 3.65178733e-01 4.15034017e-01 2.83006805e-01 2.27362744e-01 6.31979118e-01
3.00000000e+01 -7.77651514e-01 -4.04667411e-01 -2.46191891e-01 -2.76679957e-01 -2.93869737e-01 -2.57263159e-01 -2.40900600e-01 -2.48740219e-01 -2.30772038e-01 -1.96251340e-01 -1.43336323e-01 -1.17181898e-01 -8.76784978e-02 -6.80959441e-02 -5.10475044e-02 -3.23864656e-02 -2.21569717e-02 -2.50656663e-02 -1.96009617e-02 -1.40525271e-02 -1.64894055e-02 -2.50557205e-02 -2.33801991e-02 -1.89920719e-02 -1.03160343e-02 1.52829290e-03 2.92461310e-02 7.07409358e-02 1.06986840e-01 1.46640650e-01 1.77166875e-01 2.02608441e-01 2.14648596e-01 2.20321229e-01 2.10262134e-01 1.98962147e-01 1.90724278e-01 1.84895893e-01 1.78566985e-01 1.73675473e-01 1.59389138e-01 1.50578430e-01 1.38468222e-01 1.14846540e-01 7.97824380e-02 4.36981088e-02 -7.71630795e-04 -5.35042357e-02 -9.92793484e-02 -1.44934482e-01 -1.85109523e-01 -2.19128543e-01 -2.46409627e-01 -2.72771721e-01 -2.89357156e-01 -3.05714969e-01 -3.15485099e-01 -3.29769874e-01 -3.35467762e-01 -3.38158146e-01 -3.35228623e-01 -3.29130972e-01 -3.20766943e-01 -3.02564070e-01 -2.83153664e-01 -2.52103642e-01 -2.26849245e-01 -1.96230213e-01 -1.63543218e-01 -1.24025446e-01 -8.37550453e-02 -3.02339917e-02 1.40801800e-02 7.15204315e-02 1.09601345e-01 1.48165513e-01 1.64988635e-01 1.74560382e-01 1.89868806e-01 1.79944009e-01 2.03049705e-01 1.68317245e-01 1.61521347e-01 2.02064514e-01 2.40916282e-01 2.49521208e-01 2.42452986e-01 2.52709448e-01 2.58900818e-01 2.98839418e-01 3.00988310e-01 2.94374399e-01 2.96125210e-01 3.13336914e-01 3.08574202e-01 3.70323226e-01 4.16519426e-01 2.83652621e-01 2.32305005e-01 6.34838134e-01
