# time site_0 site_1 site_2 site_3 site_4 site_5 site_6 site_7 site_8 site_9 site_10 site_11 site_12 site_13 site_14 site_15 site_16 site_17 site_18 site_19 site_20 site_21 site_22 site_23 site_24 site_25 site_26 site_27 site_28 site_29 site_30 site_31 site_32 site_33 site_34 site_35 site_36 site_37 site_38 site_39 site_40 site_41 site_42 site_43 site_44 site_45 site_46 site_47 site_48 site_49 site_50 site_51 site_52 site_53 site_54 site_55 site_56 site_57 site_58 site_59 site_60 site_61 site_62 site_63 site_64 site_65 site_66 site_67 site_68 site_69 site_70 site_71 site_72 site_73 site_74 site_75 site_76 site_77 site_78 site_79 site_80 site_81 site_82 site_83 site_84 site_85 site_86 site_87 site_88 site_89 site_90 site_91 site_92 site_93 site_94 site_95 site_96 site_97 site_98 site_99
0.00000000e+00 -2.13766672e-01 -2.00050541e-01 -2.26001867e-01 -2.92328892e-01 -3.90890741e-01 -5.06210324e-01 -6.19117880e-01 -7.11747528e-01 -7.71723347e-01 -7.93919571e-01 -7.79520690e-01 -7.33338550e-01 -6.60238123e-01 -5.62745981e-01 -4.40936179e-01 -2.93903153e-01 -1.22255872e-01 6.93948092e-02 2.71728914e-01 4.71682655e-01 6.54775770e-01 8.07689286e-01 9.19934663e-01 9.84985890e-01 1.00000000e+00 9.65823780e-01 8.87056906e-01 7.72517429e-01 6.35952118e-01 4.95254929e-01 3.70121951e-01 2.78652985e-01 2.33527779e-01 2.38349360e-01 2.87128620e-01 3.65789618e-01 4.55563677e-01 5.37529102e-01 5.96521882e-01 6.23431010e-01 6.15741064e-01 5.77023266e-01 5.15198244e-01 4.40671611e-01 3.64790938e-01 2.97523479e-01 2.45931267e-01 2.13230454e-01 1.98553194e-01 1.98097692e-01 2.07204859e-01 2.22015580e-01 2.40770769e-01 2.64056619e-01 2.93821175e-01 3.32391634e-01 3.80877026e-01 4.38668713e-01 5.03230783e-01 5.70276628e-01 6.34804698e-01 6.91713186e-01 7.36702249e-01 7.67066728e-01 7.81554679e-01 7.80125953e-01 7.64070926e-01 7.34985477e-01 6.95322408e-01 6.48248623e-01 5.97671548e-01 5.48074666e-01 5.04193725e-01 4.70651404e-01 4.50942181e-01 4.47043534e-01 4.59033746e-01 4.84629222e-01 5.18994401e-01 5.54883030e-01 5.83073464e-01 5.93719672e-01 5.78020570e-01 5.30457351e-01 4.50636987e-01 3.43929268e-01 2.20470029e-01 9.28375442e-02 -2.76538685e-02 -1.33582540e-01 -2.23222265e-01 -3.00056655e-01 -3.70766521e-01 -4.42583181e-01 -5.20899180e-01 -6.07837168e-01 -7.02367106e-01 -8.00722093e-01 -8.97843476e-01 -9.88813207e-01
1.00000000e-01 -2.13970212e-01 -1.99938732e-01 -2.26138827e-01 -2.92421889e-01 -3.90911658e-01 -5.06161436e-01 -6.19031222e-01 -7.11658129e-01 -7.71644503e-01 -7.93852225e-01 -7.79462226e-01 -7.33275317e-01 -6.60155001e-01 -5.62636085e-01 -4.40803658e-01 -2.93768333e-01 -1.22158916e-01 6.94088970e-02 2.71637119e-01 4.71507251e-01 6.54577229e-01 8.07532006e-01 9.19881799e-01 9.85033411e-01 9.99765655e-01 9.65950136e-01 8.86946962e-01 7.72395091e-01 6.35852782e-01 4.95230673e-01 3.70192591e-01 2.78797790e-01 2.33700198e-01 2.38500900e-01 2.87221865e-01 3.65808971e-01 4.55520291e-01 5.37450124e-01 5.96431316e-01 6.23341986e-01 6.15660429e-01 5.76954935e-01 5.15148910e-01 4.40651999e-01 3.64806126e-01 2.97568895e-01 2.45993849e-01 2.13293501e-01 1.98604017e-01 1.98131964e-01 2.07224980e-01 2.22029002e-01 2.40785752e-01 2.64077513e-01 2.93848416e-01 3.32419610e-01 3.80898585e-01 4.38677273e-01 5.03222360e-01 5.70253522e-01 6.34771893e-01 6.91677289e-01 7.36668580e-01 7.67036879e-01 7.81527571e-01 7.80101752e-01 7.64046464e-01 7.34960976e-01 6.95299299e-01 6.48230576e-01 5.97663674e-01 5.48081173e-01 5.04217171e-01 4.70689021e-01 4.50988528e-01 4.47090871e-01 4.59072965e-01 4.84652142e-01 5.18995709e-01 5.54860472e-01 5.83027455e-01 5.93650552e-01 5.77930249e-01 5.30351889e-01 4.50530423e-01 3.43844759e-01 2.20431804e-01 9.28526296e-02 -2.75988160e-02 -1.33514338e-01 -2.23164945e-01 -3.00022490e-01 -3.70754513e-01 -4.42582360e-01 -5.20893661e-01 -6.07814162e-01 -7.02316599e-01 -8.00609931e-01 -8.97940772e-01 -9.88686261e-01
2.00000000e-01 -2.14579007e-01 -1.99607057e-01 -2.26547346e-01 -2.92700679e-01 -3.90974479e-01 -5.06015101e-01 -6.18771563e-01 -7.11390018e-01 -7.71407913e-01 -7.93650102e-01 -7.79286708e-01 -7.33085502e-01 -6.59905564e-01 -5.62306411e-01 -4.40406293e-01 -2.93364316e-01 -1.21868546e-01 6.94509868e-02 2.71362133e-01 4.70981744e-01 6.53981988e-01 8.07059979e-01 9.19724955e-01 9.85171174e-01 9.99068681e-01 9.66322879e-01 8.86620860e-01 7.72027361e-01 6.35555321e-01 4.95158195e-01 3.70404391e-01 2.79231800e-01 2.34217017e-01 2.38955186e-01 2.87501477e-01 3.65867163e-01 4.55390402e-01 5.37213396e-01 5.96159686e-01 6.23074914e-01 6.15418516e-01 5.76749995e-01 5.15001019e-01 4.40593234e-01 3.64851674e-01 2.97705040e-01 2.46181452e-01 2.13482531e-01 1.98756446e-01 1.98234798e-01 2.07285402e-01 2.22069334e-01 2.40830734e-01 2.64140195e-01 2.93930091e-01 3.32503479e-01 3.80963210e-01 4.38702930e-01 5.03197124e-01 5.70184256e-01 6.34673532e-01 6.91569636e-01 7.36567575e-01 7.66947312e-01 7.81446238e-01 7.80029116e-01 7.63973076e-01 7.34887482e-01 6.95230001e-01 6.48176478e-01 5.97640091e-01 5.48100722e-01 5.04287488e-01 4.70801830e-01 4.51127504e-01 4.47232806e-01 4.59190557e-01 4.84720866e-01 5.18999627e-01 5.54792814e-01 5.82889427e-01 5.93443174e-01 5.77659285e-01 5.30035586e-01 4.50210939e-01 3.43591491e-01 2.20317238e-01 9.28977817e-02 -2.74339073e-02 -1.33309952e-01 -2.22993092e-01 -2.99919978e-01 -3.70718393e-01 -4.42579773e-01 -5.20877032e-01 -6.07745196e-01 -7.02164289e-01 -8.00276509e-01 -8.98228740e-01 -9.88307127e-01
3.00000000e-01 -2.15587628e-01 -1.99066678e-01 -2.27220414e-01 -2.93164641e-01 -3.91079421e-01 -5.05772303e-01 -6.18339851e-01 -7.10943461e-01 -7.71013408e-01 -7.93312949e-01 -7.78993751e-01 -7.32768762e-01 -6.59489599e-01 -5.61756996e-01 -4.39744673e-01 -2.92692438e-01 -1.21386255e-01 6.95205607e-02 2.70905146e-01 4.70108247e-01 6.52991185e-01 8.06272692e-01 9.19469269e-01 9.85384966e-01 9.97927036e-01 9.66923249e-01 8.86089632e-01 7.71412168e-01 6.35061352e-01 4.95038358e-01 3.70756998e-01 2.79953804e-01 2.35076921e-01 2.39711218e-01 2.87967087e-01 3.65964590e-01 4.55174816e-01 5.36819540e-01 5.95707203e-01 6.22629784e-01 6.15015309e-01 5.76408608e-01 5.14754906e-01 4.40495532e-01 3.64927528e-01 2.97931606e-01 2.46493648e-01 2.13797211e-01 1.99010361e-01 1.98406248e-01 2.07386308e-01 2.22136777e-01 2.40905818e-01 2.64244666e-01 2.94066051e-01 3.32643060e-01 3.81070752e-01 4.38745616e-01 5.03155171e-01 5.70068981e-01 6.34509785e-01 6.91390341e-01 7.36399249e-01 7.66797967e-01 7.81310659e-01 7.79907948e-01 7.63850760e-01 7.34765019e-01 6.95114600e-01 6.48086461e-01 5.97600919e-01 5.48133401e-01 5.04404628e-01 4.70989704e-01 4.51358914e-01 4.47469112e-01 4.59386331e-01 4.84835293e-01 5.19006147e-01 5.54680107e-01 5.82659376e-01 5.93097485e-01 5.77207675e-01 5.29508697e-01 4.49679157e-01 3.43170236e-01 2.20126656e-01 9.29726891e-02 -2.71598873e-02 -1.32970049e-01 -2.22707023e-01 -2.99749071e-01 -3.70657871e-01 -4.42575045e-01 -5.20849080e-01 -6.07630408e-01 -7.01907869e-01 -7.99730917e-01 -8.98695726e-01 -9.87680886e-01
4.00000000e-01 -2.16987156e-01 -1.98335907e-01 -2.28146572e-01 -2.93812690e-01 -3.91226845e-01 -5.05434674e-01 -6.17737660e-01 -7.10318901e-01 -7.70460705e-01 -7.92840344e-01 -7.78582716e-01 -7.32324525e-01 -6.58906754e-01 -5.60987909e-01 -4.38819785e-01 -2.91754916e-01 -1.20714515e-01 6.96167628e-02 2.70268130e-01 4.68890259e-01 6.51606692e-01 8.05169436e-01 9.19122941e-01 9.85651695e-01 9.96369920e-01 9.67720711e-01 8.85371138e-01 7.70546313e-01 6.34373489e-01 4.94872602e-01 3.71249823e-01 2.80961789e-01 2.36277725e-01 2.40767331e-01 2.88618084e-01 3.66101910e-01 4.54874869e-01 5.36269590e-01 5.95074219e-01 6.22006586e-01 6.14450779e-01 5.75931043e-01 5.14411128e-01 4.40359250e-01 3.65033600e-01 2.98248079e-01 2.46929724e-01 2.14236987e-01 1.99365563e-01 1.98646404e-01 2.07527998e-01 2.22231664e-01 2.41011170e-01 2.64390930e-01 2.94256053e-01 3.32838056e-01 3.81220962e-01 4.38805217e-01 5.03096664e-01 5.69907951e-01 6.34280932e-01 6.91139593e-01 7.36163624e-01 7.66588743e-01 7.81120796e-01 7.79738085e-01 7.63679512e-01 7.34593630e-01 6.94953239e-01 6.47960743e-01 5.97546357e-01 5.48179351e-01 5.04568504e-01 4.71252427e-01 4.51682436e-01 4.47799412e-01 4.59659968e-01 4.84995253e-01 5.19015249e-01 5.54522430e-01 5.82337293e-01 5.92613400e-01 5.76575416e-01 5.28771644e-01 4.48936114e-01 3.42582275e-01 2.19860596e-01 9.30768348e-02 -2.67779915e-02 -1.32495732e-01 -2.22307267e-01 -2.99509689e-01 -3.70572469e-01 -4.42567558e-01 -5.20809453e-01 -6.07469983e-01 -7.01543666e-01 -7.98987960e-01 -8.99322658e-01 -9.86815864e-01
5.00000000e-01 -2.18765370e-01 -1.97439763e-01 -2.29310250e-01 -2.94643193e-01 -3.91417250e-01 -5.05004479e-01 -6.16967181e-01 -7.09516966e-01 -7.69749420e-01 -7.92231692e-01 -7.78052712e-01 -7.31751991e-01 -6.58156539e-01 -5.59999253e-01 -4.37633015e-01 -2.90554837e-01 -1.19856757e-01 6.97384104e-02 2.69453818e-01 4.67332640e-01 6.49831076e-01 8.03749530e-01 9.18696704e-01 9.85940264e-01 9.94436699e-01 9.68674014e-01 8.84489297e-01 7.69425828e-01 6.33495242e-01 4.94662941e-01 3.71882048e-01 2.82252955e-01 2.37816379e-01 2.42121203e-01 2.89453610e-01 3.66280032e-01 4.54492419e-01 5.35564987e-01 5.94261232e-01 6.21205311e-01 6.13724891e-01 5.75317676e-01 5.13970457e-01 4.40184884e-01 3.65169767e-01 2.98653743e-01 2.47488689e-01 2.14801085e-01 1.99821771e-01 1.98955390e-01 2.07710894e-01 2.22354459e-01 2.41147029e-01 2.64578989e-01 2.94499757e-01 3.33088049e-01 3.81413493e-01 4.38881577e-01 5.03021823e-01 5.69701519e-01 6.33987366e-01 6.90817658e-01 7.35860732e-01 7.66319505e-01 7.80876594e-01 7.79519306e-01 7.63459326e-01 7.34373376e-01 6.94746118e-01 6.47799628e-01 5.97476686e-01 5.48238770e-01 5.04778999e-01 4.71589700e-01 4.52097616e-01 4.48223179e-01 4.60011020e-01 4.85200510e-01 5.19026908e-01 5.54319894e-01 5.81923168e-01 5.91990796e-01 5.75762511e-01 5.27825025e-01 4.47983258e-01 3.41829386e-01 2.19519806e-01 9.32094994e-02 -2.62899381e-02 -1.31888542e-01 -2.21794567e-01 -2.99201726e-01 -3.70461518e-01 -4.42556449e-01 -5.20757668e-01 -6.07264088e-01 -7.01066886e-01 -7.98067658e-01 -9.00083553e-01 -9.85723431e-01
6.00000000e-01 -2.20907011e-01 -1.96409383e-01 -2.30692224e-01 -2.95653878e-01 -3.91651274e-01 -5.04484602e-01 -6.16031208e-01 -7.08538472e-01 -7.68879071e-01 -7.91486234e-01 -7.77402595e-01 -7.31050134e-01 -6.57238332e-01 -5.58791175e-01 -4.36186155e-01 -2.89096149e-01 -1.18817342e-01 6.98840090e-02 2.68465683e-01 4.65441567e-01 6.47667559e-01 8.02012599e-01 9.18203123e-01 9.86212748e-01 9.92175461e-01 9.69732624e-01 8.83473058e-01 7.68046460e-01 6.32430864e-01 4.94411951e-01 3.72652635e-01 2.83823733e-01 2.39688977e-01 2.43769860e-01 2.90472573e-01 3.66500116e-01 4.54029831e-01 5.34707578e-01 5.93268891e-01 6.20225953e-01 6.12837608e-01 5.74568990e-01 5.13433873e-01 4.39973067e-01 3.65335871e-01 2.99147684e-01 2.48169274e-01 2.15488517e-01 2.00378623e-01 1.99333365e-01 2.07935531e-01 2.22505753e-01 2.41313698e-01 2.64808843e-01 2.94796732e-01 3.33392507e-01 3.81647900e-01 4.38974498e-01 5.02930932e-01 5.69450137e-01 6.33629587e-01 6.90424875e-01 7.35490615e-01 7.65990080e-01 7.80577976e-01 7.79251329e-01 7.63190188e-01 7.34104337e-01 6.94493495e-01 6.47603507e-01 5.97392262e-01 5.48311908e-01 5.05035962e-01 4.72001141e-01 4.52603876e-01 4.48739737e-01 4.60438917e-01 4.85450756e-01 5.19041090e-01 5.54072637e-01 5.81416987e-01 5.91229525e-01 5.74768971e-01 5.26669612e-01 4.46822441e-01 3.40913835e-01 2.19105240e-01 9.33697656e-02 -2.56979158e-02 -1.31150450e-01 -2.21169875e-01 -2.98825047e-01 -3.70324165e-01 -4.42540617e-01 -5.20693123e-01 -6.07012789e-01 -7.00471954e-01 -7.96994563e-01 -9.00946218e-01 -9.84417722e-01
7.00000000e-01 -2.23394106e-01 -1.95281283e-01 -2.32270173e-01 -2.96841702e-01 -3.91929685e-01 -5.03878520e-01 -6.14933125e-01 -7.07384432e-01 -7.67849092e-01 -7.90603034e-01 -7.76630974e-01 -7.30217698e-01 -6.56151376e-01 -5.57363879e-01 -4.34481412e-01 -2.87383634e-01 -1.17601521e-01 7.00517712e-02 2.67307901e-01 4.63224478e-01 6.45119964e-01 7.99958922e-01 9.17655740e-01 9.86425825e-01 9.89641249e-01 9.70838482e-01 8.82355140e-01 7.66404250e-01 6.31185188e-01 4.94122768e-01 3.73560327e-01 2.85669801e-01 2.41890772e-01 2.45709686e-01 2.91673639e-01 3.66763552e-01 4.53489964e-01 5.33699608e-01 5.92098000e-01 6.19068522e-01 6.11788894e-01 5.73685575e-01 5.12802563e-01 4.39724561e-01 3.65531718e-01 2.99728791e-01 2.48969944e-01 2.16298079e-01 2.01035675e-01 1.99780518e-01 2.08202560e-01 2.22686265e-01 2.41511548e-01 2.65080493e-01 2.95146454e-01 3.33750780e-01 3.81923641e-01 4.39083739e-01 5.02824329e-01 5.69154358e-01 6.33208206e-01 6.89961656e-01 7.35053327e-01 7.65600262e-01 7.80224844e-01 7.78933821e-01 7.62872081e-01 7.33786611e-01 6.94195684e-01 6.47372854e-01 5.97293522e-01 5.48399066e-01 5.05339214e-01 4.72486279e-01 4.53200509e-01 4.49348265e-01 4.60942963e-01 4.85745619e-01 5.19057749e-01 5.53780821e-01 5.80818730e-01 5.90329406e-01 5.73594822e-01 5.25306361e-01 4.45455918e-01 3.39838353e-01 2.18618048e-01 9.35565235e-02 -2.50045694e-02 -1.30283847e-01 -2.20434356e-01 -2.98379499e-01 -3.70159378e-01 -4.42518729e-01 -5.20615100e-01 -6.06715946e-01 -6.99752917e-01 -7.95796924e-01 -9.01873114e-01 -9.82915294e-01
8.00000000e-01 -2.26206347e-01 -1.94096489e-01 -2.34019332e-01 -2.98202727e-01 -3.92253366e-01 -5.03190278e-01 -6.13676886e-01 -7.06056064e-01 -7.66658841e-01 -7.89580989e-01 -7.75736211e-01 -7.29253206e-01 -6.54894795e-01 -5.55717633e-01 -4.32521410e-01 -2.85422891e-01 -1.16215392e-01 7.02396397e-02 2.65985319e-01 4.60690011e-01 6.42192669e-01 7.97589796e-01 9.17068111e-01 9.86532414e-01 9.86894039e-01 9.71928007e-01 8.81170600e-01 7.64496185e-01 6.29763443e-01 4.93799061e-01 3.74603664e-01 2.87786116e-01 2.44416189e-01 2.47936433e-01 2.93055246e-01 3.67071955e-01 4.52876146e-01 5.32543715e-01 5.90749529e-01 6.17733046e-01 6.10578721e-01 5.72668128e-01 5.12077901e-01 4.39440256e-01 3.65757078e-01 3.00395762e-01 2.49888898e-01 2.17228359e-01 2.01792399e-01 2.00297072e-01 2.08512739e-01 2.22896834e-01 2.41741018e-01 2.65393935e-01 2.95548315e-01 3.34162109e-01 3.82240082e-01 4.39209024e-01 5.02702405e-01 5.68814829e-01 6.32723937e-01 6.89428488e-01 7.34548931e-01 7.65149819e-01 7.79817076e-01 7.78566399e-01 7.62504978e-01 7.33420318e-01 6.93853055e-01 6.47108224e-01 5.97180978e-01 5.48500589e-01 5.05688546e-01 4.73044562e-01 4.53886681e-01 4.50047797e-01 4.61522340e-01 4.86084658e-01 5.19076830e-01 5.53444625e-01 5.80128375e-01 5.89290238e-01 5.72240114e-01 5.23736411e-01 4.43886335e-01 3.38606119e-01 2.18059567e-01 9.37684775e-02 -2.42129816e-02 -1.29291539e-01 -2.19589385e-01 -2.97864907e-01 -3.69965947e-01 -4.42489229e-01 -5.20522779e-01 -6.06373115e-01 -6.98903901e-01 -7.94505719e-01 -9.02822354e-01 -9.81234722e-01
9.00000000e-01 -2.29321522e-01 -1.92899574e-01 -2.35913212e-01 -2.99731980e-01 -3.92623306e-01 -5.02424456e-01 -6.12266993e-01 -7.04554801e-01 -7.65307620e-01 -7.88418826e-01 -7.74716430e-01 -7.28154955e-01 -6.53467592e-01 -5.53852790e-01 -4.30309203e-01 -2.83220305e-01 -1.14665845e-01 7.04453129e-02 2.64503406e-01 4.57847914e-01 6.38890569e-01 7.94907932e-01 9.16452784e-01 9.86483444e-01 9.83996537e-01 9.72934292e-01 8.79955284e-01 7.62320875e-01 6.28171069e-01 4.93445010e-01 3.75780994e-01 2.90166937e-01 2.47258845e-01 2.50445236e-01 2.94615600e-01 3.67427149e-01 4.52192156e-01 5.31242918e-01 5.89224618e-01 6.16219581e-01 6.09207077e-01 5.71517451e-01 5.11261448e-01 4.39121160e-01 3.66011685e-01 3.01147108e-01 2.50924082e-01 2.18277740e-01 2.02648183e-01 2.00883278e-01 2.08866935e-01 2.23138416e-01 2.42002613e-01 2.65749160e-01 2.96001626e-01 3.34625621e-01 3.82596493e-01 4.39350039e-01 5.02565601e-01 5.68432293e-01 6.32177599e-01 6.88825928e-01 7.33977506e-01 7.64638492e-01 7.79354516e-01 7.78148635e-01 7.62088841e-01 7.33005601e-01 6.93466033e-01 6.46810254e-01 5.97055222e-01 5.48616867e-01 5.06083722e-01 4.73675352e-01 4.54661437e-01 4.50837227e-01 4.62176112e-01 4.86467362e-01 5.19098266e-01 5.53064248e-01 5.79345895e-01 5.88111796e-01 5.70704930e-01 5.21961096e-01 4.42116725e-01 3.37220738e-01 2.17431318e-01 9.40041541e-02 -2.33266531e-02 -1.28176732e-01 -2.18636548e-01 -2.97281090e-01 -3.69742497e-01 -4.42450347e-01 -5.20415238e-01 -6.05983433e-01 -6.97919601e-01 -7.93153592e-01 -9.03748827e-01 -9.79396147e-01
1.00000000e+00 -2.32715976e-01 -1.91737609e-01 -2.37924371e-01 -3.01423319e-01 -3.93040567e-01 -5.01586138e-01 -6.10708468e-01 -7.02882299e-01 -7.63794683e-01 -7.87115099e-01 -7.73569513e-01 -7.26921022e-01 -6.51868658e-01 -5.51769800e-01 -4.27848284e-01 -2.80783019e-01 -1.12960508e-01 7.06662737e-02 2.62868208e-01 4.54708962e-01 6.35219050e-01 7.91917822e-01 9.15820248e-01 9.86229710e-01 9.81011866e-01 9.73789402e-01 8.78744220e-01 7.59879245e-01 6.26413538e-01 4.93065267e-01 3.77090487e-01 2.92805865e-01 2.50411572e-01 2.53230627e-01 2.96352686e-01 3.67831144e-01 4.51442195e-01 5.29800610e-01 5.87524588e-01 6.14528226e-01 6.07673973e-01 5.70234452e-01 5.10354931e-01 4.38768394e-01 3.66295238e-01 3.01981161e-01 2.52073197e-01 2.19444405e-01 2.03602329e-01 2.01539413e-01 2.09266114e-01 2.23412082e-01 2.42296904e-01 2.66146153e-01 2.96505616e-01 3.35140338e-01 3.82992058e-01 4.39506439e-01 5.02414401e-01 5.68007586e-01 6.31570112e-01 6.88154604e-01 7.33339144e-01 7.64065998e-01 7.78836980e-01 7.77680065e-01 7.61623620e-01 7.32542625e-01 6.93035100e-01 6.46479658e-01 5.96916916e-01 5.48748330e-01 5.06524478e-01 4.74377931e-01 4.55523697e-01 4.51715310e-01 4.62903222e-01 4.86893154e-01 5.19121971e-01 5.52639897e-01 5.78471257e-01 5.86793838e-01 5.68989394e-01 5.19981946e-01 4.40150498e-01 3.35686210e-01 2.16734983e-01 9.42619109e-02 -2.23494789e-02 -1.26943020e-01 -2.17577641e-01 -2.96627858e-01 -3.69487489e-01 -4.42400111e-01 -5.20291456e-01 -6.05545524e-01 -6.96795786e-01 -7.91773727e-01 -9.04605394e-01 -9.77420794e-01
1.10000000e+00 -2.36365108e-01 -1.90659061e-01 -2.40025202e-01 -3.03269320e-01 -3.93506265e-01 -5.00680866e-01 -6.09006832e-01 -7.01040451e-01 -7.62119261e-01 -7.85668194e-01 -7.72293114e-01 -7.25549267e-01 -6.50096786e-01 -5.49469232e-01 -4.25142592e-01 -2.78118897e-01 -1.11107679e-01 7.08998207e-02 2.61086292e-01 4.51284842e-01 6.31183979e-01 7.88626082e-01 9.15177920e-01 9.85723709e-01 9.78001246e-01 9.74426692e-01 8.77570015e-01 7.57175189e-01 6.24496213e-01 4.92664902e-01 3.78530151e-01 2.95695872e-01 2.53866434e-01 2.56286550e-01 2.98264269e-01 3.68286127e-01 4.50630857e-01 5.28220547e-01 5.85650950e-01 6.12659129e-01 6.05979455e-01 5.68820141e-01 5.09360238e-01 4.38383181e-01 3.66607400e-01 3.02896079e-01 2.53333708e-01 2.20726344e-01 2.04654051e-01 2.02265778e-01 2.09711339e-01 2.23719009e-01 2.42624529e-01 2.66584894e-01 2.97059445e-01 3.35705179e-01 3.83425870e-01 4.39677847e-01 5.02249331e-01 5.67541633e-01 6.30902493e-01 6.87415210e-01 7.32633952e-01 7.63432042e-01 7.78264244e-01 7.77160192e-01 7.61109252e-01 7.32031579e-01 6.92560790e-01 6.46117228e-01 5.96766798e-01 5.48895440e-01 5.07010531e-01 4.75151495e-01 4.56472264e-01 4.52680665e-01 4.63702500e-01 4.87361389e-01 5.19147847e-01 5.52171784e-01 5.77504422e-01 5.85336114e-01 5.67093687e-01 5.17800699e-01 4.37991429e-01 3.34006903e-01 2.15972405e-01 9.45399464e-02 -2.12857233e-02 -1.25594372e-01 -2.16414669e-01 -2.95905023e-01 -3.69199232e-01 -4.42336360e-01 -5.20150309e-01 -6.05057415e-01 -6.95529792e-01 -7.90398692e-01 -9.05344135e-01 -9.75330458e-01
1.20000000e+00 -2.40243875e-01 -1.89712661e-01 -2.42188737e-01 -3.05261171e-01 -3.94021519e-01 -4.99714603e-01 -6.07168066e-01 -6.99031395e-01 -7.60280576e-01 -7.84076331e-01 -7.70884657e-01 -7.24037334e-01 -6.48150673e-01 -5.46951791e-01 -4.22196519e-01 -2.75236487e-01 -1.09116258e-01 7.11431014e-02 2.59164694e-01 4.47588039e-01 6.26791733e-01 7.85041740e-01 9.14529198e-01 9.84921428e-01 9.75021734e-01 9.74783063e-01 8.76461326e-01 7.54216147e-01 6.22424226e-01 4.92249337e-01 3.80097848e-01 2.98829346e-01 2.57614766e-01 2.59606384e-01 3.00347901e-01 3.68794432e-01 4.49763099e-01 5.26506836e-01 5.83605416e-01 6.10612506e-01 6.04123609e-01 5.67275634e-01 5.08279395e-01 4.37966841e-01 3.66947796e-01 3.03889855e-01 2.54702858e-01 2.22121359e-01 2.05802478e-01 2.03062697e-01 2.10203761e-01 2.24060475e-01 2.42986189e-01 2.67065352e-01 2.97662203e-01 3.36318959e-01 3.83896940e-01 4.39863859e-01 5.02070949e-01 5.67035449e-01 6.30175854e-01 6.86608510e-01 7.31862055e-01 7.62736312e-01 7.77636046e-01 7.76588493e-01 7.60545654e-01 7.31472679e-01 6.92043695e-01 6.45723827e-01 5.96605676e-01 5.49058692e-01 5.07541572e-01 4.75995163e-01 4.57505817e-01 4.53731781e-01 4.64572663e-01 4.87871352e-01 5.19175774e-01 5.51660121e-01 5.76445344e-01 5.83738366e-01 5.65018052e-01 5.15419303e-01 4.35643645e-01 3.32187524e-01 2.15145565e-01 9.48363109e-02 -2.01399924e-02 -1.24135115e-01 -2.15149843e-01 -2.95112406e-01 -3.68875895e-01 -4.42256761e-01 -5.19990553e-01 -6.04516474e-01 -6.94120976e-01 -7.89059298e-01 -9.05917618e-01 -9.73146989e-01
1.30000000e+00 -2.44327302e-01 -1.88946286e-01 -2.44389413e-01 -3.07388612e-01 -3.94587414e-01 -4.98693684e-01 -6.05198586e-01 -6.96857523e-01 -7.58277863e-01 -7.82337566e-01 -7.69341344e-01 -7.22382657e-01 -6.46028936e-01 -5.44218341e-01 -4.19014924e-01 -2.72144976e-01 -1.06995675e-01 7.13931466e-02 2.57110852e-01 4.43631705e-01 6.22049239e-01 7.81176434e-01 9.13872646e-01 9.83783978e-01 9.72124109e-01 9.74801080e-01 8.75441456e-01 7.51013598e-01 6.20202407e-01 4.91824269e-01 3.81791320e-01 3.02198134e-01 2.61647192e-01 2.63182958e-01 3.02600926e-01 3.69358526e-01 4.48844209e-01 5.24663919e-01 5.81389907e-01 6.08388649e-01 6.02106576e-01 5.65602146e-01 5.07114559e-01 4.37520775e-01 3.67316015e-01 3.04960321e-01 2.56177678e-01 2.23627072e-01 2.07046645e-01 2.03930511e-01 2.10744619e-01 2.24437856e-01 2.43382649e-01 2.67587486e-01 2.98312920e-01 3.36980403e-01 3.84404197e-01 4.40064047e-01 5.01879845e-01 5.66490129e-01 6.29391399e-01 6.85735331e-01 7.31023596e-01 7.61978489e-01 7.76952083e-01 7.75964425e-01 7.59932728e-01 7.30866168e-01 6.91484458e-01 6.45300390e-01 5.96434428e-01 5.49238605e-01 5.08117275e-01 4.76907970e-01 4.58622925e-01 4.54867020e-01 4.65512320e-01 4.88422264e-01 5.19205611e-01 5.51105113e-01 5.75293971e-01 5.82000340e-01 5.62762813e-01 5.12839929e-01 4.33111614e-01 3.30233084e-01 2.14256571e-01 9.51489180e-02 -1.89172050e-02 -1.22569914e-01 -2.13785582e-01 -2.94249843e-01 -3.68515512e-01 -4.42158820e-01 -5.19810813e-01 -6.03919387e-01 -6.92571123e-01 -7.87783504e-01 -9.06280140e-01 -9.70891771e-01
1.40000000e+00 -2.48590986e-01 -1.88405849e-01 -2.46603802e-01 -3.09639904e-01 -3.95204934e-01 -4.97624769e-01 -6.03105204e-01 -6.94521499e-01 -7.56110388e-01 -7.80449791e-01 -7.67660161e-01 -7.20582464e-01 -6.43730125e-01 -5.41269925e-01 -4.15603133e-01 -2.68854150e-01 -1.04755812e-01 7.16469057e-02 2.54932547e-01 4.39429523e-01 6.16964063e-01 7.77044527e-01 9.13201335e-01 9.82279031e-01 9.69350992e-01 9.74430874e-01 8.74527148e-01 7.47583404e-01 6.17835278e-01 4.91395570e-01 3.83608197e-01 3.05793582e-01 2.65953671e-01 2.67008578e-01 3.05020485e-01 3.69980978e-01 4.47879765e-01 5.22696564e-01 5.79006566e-01 6.05987946e-01 5.99928562e-01 5.63800992e-01 5.05867998e-01 4.37046460e-01 3.67711609e-01 3.06105162e-01 2.57755000e-01 2.25240934e-01 2.08385501e-01 2.04869573e-01 2.11335227e-01 2.24852615e-01 2.43814735e-01 2.68151247e-01 2.99010568e-01 3.37688140e-01 3.84946493e-01 4.40277960e-01 5.01676632e-01 5.65906852e-01 6.28550416e-01 6.84796564e-01 7.30118742e-01 7.61158250e-01 7.76212004e-01 7.75287430e-01 7.59270354e-01 7.30212314e-01 6.90883774e-01 6.44847921e-01 5.96253996e-01 5.49435719e-01 5.08737292e-01 4.77888877e-01 4.59822039e-01 4.56084620e-01 4.66519972e-01 4.89013273e-01 5.19237190e-01 5.50506952e-01 5.74050244e-01 5.80121787e-01 5.60328390e-01 5.10064973e-01 4.30400128e-01 3.28148862e-01 2.13307642e-01 9.54755576e-02 -1.76225620e-02 -1.20903757e-01 -2.12324506e-01 -2.93317196e-01 -3.68115998e-01 -4.42039907e-01 -5.19609549e-01 -6.03262159e-01 -6.90884770e-01 -7.86595403e-01 -9.06388915e-01 -9.68585223e-01
1.50000000e+00 -2.53011578e-01 -1.88134266e-01 -2.48811276e-01 -3.12001840e-01 -3.95874904e-01 -4.96514788e-01 -6.00895093e-01 -6.92026260e-01 -7.53777472e-01 -7.78410749e-01 -7.65837884e-01 -7.18633785e-01 -6.41252730e-01 -5.38107791e-01 -4.11966949e-01 -2.65374340e-01 -1.02406925e-01 7.19012830e-02 2.52637834e-01 4.34995560e-01 6.11544520e-01 7.72663104e-01 9.12502380e-01 9.80382001e-01 9.66735248e-01 9.73631752e-01 8.73727604e-01 7.43946016e-01 6.15327088e-01 4.90969179e-01 3.85546027e-01 3.09606585e-01 2.70523523e-01 2.71075048e-01 3.07603519e-01 3.70664442e-01 4.46875607e-01 5.20609841e-01 5.76457767e-01 6.03410899e-01 5.97589850e-01 5.61873588e-01 5.04542075e-01 4.36545435e-01 3.68134092e-01 3.07321922e-01 2.59431472e-01 2.26960228e-01 2.09817902e-01 2.05880249e-01 2.11976968e-01 2.25306300e-01 2.44283332e-01 2.68756572e-01 2.99754066e-01 3.38440718e-01 3.85522607e-01 4.40505128e-01 5.01461945e-01 5.65286869e-01 6.27654280e-01 6.83793161e-01 7.29147680e-01 7.60275270e-01 7.75415413e-01 7.74556942e-01 7.58558395e-01 7.29511416e-01 6.90242394e-01 6.44367487e-01 5.96065386e-01 5.49650593e-01 5.09401260e-01 4.78936766e-01 4.61101502e-01 4.57382701e-01 4.67594021e-01 4.89643464e-01 5.19270316e-01 5.49865809e-01 5.72714092e-01 5.78102477e-01 5.57715306e-01 5.07097070e-01 4.27514286e-01 3.25940371e-01 2.12301089e-01 9.58139081e-02 -1.62615145e-02 -1.19141929e-01 -2.10769437e-01 -2.92314361e-01 -3.67675161e-01 -4.41897266e-01 -5.19385022e-01 -6.02540164e-01 -6.89069445e-01 -7.85514335e-01 -9.06205184e-01 -9.66246329e-01
1.60000000e+00 -2.57567235e-01 -1.88170486e-01 -2.50994573e-01 -3.14459811e-01 -3.96597915e-01 -4.95370887e-01 -5.98575750e-01 -6.89375026e-01 -7.51278514e-01 -7.76218031e-01 -7.63871084e-01 -7.16533456e-01 -6.38595204e-01 -5.34733413e-01 -4.08112651e-01 -2.61716377e-01 -9.99595619e-02 7.21531734e-02 2.50234976e-01 4.30344119e-01 6.05799821e-01 7.68051856e-01 9.11756709e-01 9.78076927e-01 9.64298746e-01 9.72373471e-01 8.73043797e-01 7.40126494e-01 6.12681928e-01 4.90550982e-01 3.87602286e-01 3.13627637e-01 2.75345474e-01 2.75373698e-01 3.10346778e-01 3.71411625e-01 4.45837790e-01 5.18409113e-01 5.73746127e-01 6.00658136e-01 5.95090814e-01 5.59821442e-01 5.03139232e-01 4.36019287e-01 3.68582939e-01 3.08608015e-01 2.61203571e-01 2.28782086e-01 2.11342615e-01 2.06962910e-01 2.12671289e-01 2.25800530e-01 2.44789384e-01 2.69403388e-01 3.00542293e-01 3.39236600e-01 3.86131250e-01 4.40745066e-01 5.01236432e-01 5.64631506e-01 6.26704441e-01 6.82726133e-01 7.28110627e-01 7.59329231e-01 7.74561868e-01 7.73772390e-01 7.57796690e-01 7.28763802e-01 6.89561116e-01 6.43860217e-01 5.95869664e-01 5.49883795e-01 5.10108800e-01 4.80050443e-01 4.62459549e-01 4.58759267e-01 4.68732767e-01 4.90311851e-01 5.19304760e-01 5.49181832e-01 5.71285439e-01 5.75942204e-01 5.54924211e-01 5.03939093e-01 4.24459479e-01 3.23613324e-01 2.11239303e-01 9.61615509e-02 -1.48397311e-02 -1.17289995e-01 -2.09123392e-01 -2.91241273e-01 -3.67190717e-01 -4.41728039e-01 -5.19135257e-01 -6.01748237e-01 -6.87135792e-01 -7.84554129e-01 -9.05695200e-01 -9.63892199e-01
1.70000000e+00 -2.62238034e-01 -1.88548632e-01 -2.53140275e-01 -3.16997921e-01 -3.97374240e-01 -4.94200370e-01 -5.96154952e-01 -6.86571312e-01 -7.48613007e-01 -7.73869089e-01 -7.61756136e-01 -7.14278129e-01 -6.35755972e-01 -5.31148515e-01 -4.04046999e-01 -2.57891533e-01 -9.74244832e-02 7.23994973e-02 2.47732369e-01 4.25489592e-01 5.99740250e-01 7.63232830e-01 9.10939066e-01 9.75357003e-01 9.62051507e-01 9.70637131e-01 8.72468079e-01 7.36154351e-01 6.09903902e-01 4.90146685e-01 3.89774397e-01 3.17846875e-01 2.80407699e-01 2.79895409e-01 3.13246821e-01 3.72225266e-01 4.44772554e-01 5.16100015e-01 5.70874511e-01 5.97730435e-01 5.92431930e-01 5.57646159e-01 5.01661974e-01 4.35469643e-01 3.69057586e-01 3.09960731e-01 2.63067618e-01 2.30703489e-01 2.12958314e-01 2.08117928e-01 2.13419693e-01 2.26336996e-01 2.45333885e-01 2.70091609e-01 3.01374083e-01 3.40074180e-01 3.86771068e-01 4.40997272e-01 5.01000750e-01 5.63942153e-01 6.25702426e-01 6.81596546e-01 7.27007825e-01 7.58319820e-01 7.73650875e-01 7.72933202e-01 7.56985062e-01 7.27969826e-01 6.88840793e-01 6.43327300e-01 5.95667951e-01 5.50135902e-01 5.10859516e-01 4.81228644e-01 4.63894312e-01 4.60212216e-01 4.69934418e-01 4.91017383e-01 5.19340259e-01 5.48455134e-01 5.69764197e-01 5.73640798e-01 5.51955892e-01 5.00594166e-01 4.21241368e-01 3.21173591e-01 2.10124731e-01 9.65159839e-02 -1.33630650e-02 -1.15353773e-01 -2.07389584e-01 -2.90097922e-01 -3.66660303e-01 -4.41529279e-01 -5.18857992e-01 -6.00880810e-01 -6.85097581e-01 -7.83722537e-01 -9.04831074e-01 -9.61537695e-01
1.80000000e+00 -2.67006330e-01 -1.89297263e-01 -2.55239154e-01 -3.19599151e-01 -3.98203756e-01 -4.93010634e-01 -5.93640721e-01 -6.83618927e-01 -7.45780564e-01 -7.71361247e-01 -7.59489225e-01 -7.11864284e-01 -6.32733455e-01 -5.27355094e-01 -3.99777229e-01 -2.53911466e-01 -9.48125794e-02 7.26372348e-02 2.45138473e-01 4.20446314e-01 5.93377355e-01 7.58230073e-01 9.10018275e-01 9.72224770e-01 9.59991281e-01 9.68415646e-01 8.71984123e-01 7.32063205e-01 6.06997353e-01 4.89761677e-01 3.92059739e-01 3.22254139e-01 2.85697866e-01 2.84630640e-01 3.16300023e-01 3.73108102e-01 4.43686274e-01 5.13688430e-01 5.67846047e-01 5.94628738e-01 5.89613792e-01 5.55349432e-01 5.00112852e-01 4.34898152e-01 3.69557430e-01 3.11377254e-01 2.65019791e-01 2.32721284e-01 2.14663582e-01 2.09345670e-01 2.14223727e-01 2.26917446e-01 2.45917883e-01 2.70821138e-01 3.02248240e-01 3.40951779e-01 3.87440648e-01 4.41261234e-01 5.00755565e-01 5.63220259e-01 6.24649829e-01 6.80405522e-01 7.25839548e-01 7.57246734e-01 7.72681896e-01 7.72038811e-01 7.56123313e-01 7.27129875e-01 6.88082323e-01 6.42769980e-01 5.95461417e-01 5.50407495e-01 5.11652998e-01 4.82470033e-01 4.65403821e-01 4.61739342e-01 4.71197088e-01 4.91758939e-01 5.19376506e-01 5.47685790e-01 5.68150270e-01 5.71198130e-01 5.48811291e-01 4.97065667e-01 4.17865867e-01 3.18627168e-01 2.08959859e-01 9.68746360e-02 -1.18375200e-02 -1.13339308e-01 -2.05571412e-01 -2.88884356e-01 -3.66081498e-01 -4.41297970e-01 -5.18550628e-01 -5.99932082e-01 -6.82971595e-01 -7.83020838e-01 -9.03591467e-01 -9.59195102e-01
1.90000000e+00 -2.71857067e-01 -1.90438777e-01 -2.57286402e-01 -3.22245582e-01 -3.99085853e-01 -4.91809109e-01 -5.91041280e-01 -6.80521981e-01 -7.42780939e-01 -7.68691709e-01 -7.57066356e-01 -7.09288233e-01 -6.29526081e-01 -5.23355445e-01 -3.95311050e-01 -2.49788166e-01 -9.21347907e-02 7.28634580e-02 2.42461737e-01 4.15228430e-01 5.86724163e-01 7.53069142e-01 9.08957745e-01 9.68691924e-01 9.58103559e-01 9.65713790e-01 8.71567204e-01 7.27890248e-01 6.03967150e-01 4.89400903e-01 3.94455656e-01 3.26839014e-01 2.91203184e-01 2.89569464e-01 3.19502576e-01 3.74062849e-01 4.42585431e-01 5.11180479e-01 5.64664130e-01 5.91354177e-01 5.86637125e-01 5.52933043e-01 4.98494443e-01 4.34306474e-01 3.70081828e-01 3.12854666e-01 2.67056146e-01 2.34832187e-01 2.16456913e-01 2.10646495e-01 2.15084976e-01 2.27543682e-01 2.46542471e-01 2.71591867e-01 3.03163538e-01 3.41867661e-01 3.88138525e-01 4.41536427e-01 5.00501541e-01 5.62467330e-01 6.23548309e-01 6.79154233e-01 7.24606105e-01 7.56109687e-01 7.71654348e-01 7.71088655e-01 7.55211228e-01 7.26244361e-01 6.87286656e-01 6.42189552e-01 5.95251283e-01 5.50699154e-01 5.12488821e-01 4.83773206e-01 4.66986009e-01 4.63338338e-01 4.72518808e-01 4.92535335e-01 5.19413149e-01 5.46873829e-01 5.66443549e-01 5.68614128e-01 5.45491520e-01 4.93357231e-01 4.14339116e-01 3.15980138e-01 2.07747196e-01 9.72348818e-02 -1.02692175e-02 -1.11252852e-01 -2.03672458e-01 -2.87600696e-01 -3.65451838e-01 -4.41031038e-01 -5.18210183e-01 -5.98896238e-01 -6.80777387e-01 -7.82443663e-01 -9.01962083e-01 -9.56873878e-01
2.00000000e+00 -2.76778015e-01 -1.91988965e-01 -2.59281715e-01 -3.24918662e-01 -4.00019352e-01 -4.90603185e-01 -5.88365009e-01 -6.77284883e-01 -7.39614047e-01 -7.65857575e-01 -7.54483358e-01 -7.06546137e-01 -6.26132310e-01 -5.19152181e-01 -3.90656636e-01 -2.45533892e-01 -8.94020287e-02 7.30753610e-02 2.39710522e-01 4.09849766e-01 5.79795396e-01 7.47776526e-01 9.07716230e-01 9.64778773e-01 9.56362018e-01 9.62547811e-01 8.71184798e-01 7.23675539e-01 6.00819008e-01 4.89068732e-01 3.96959455e-01 3.31590891e-01 2.96910454e-01 2.94701592e-01 3.22850494e-01 3.75092168e-01 4.41476563e-01 5.08582489e-01 5.61332429e-01 5.87908089e-01 5.83502798e-01 5.50398861e-01 4.96809340e-01 4.33696265e-01 3.70630095e-01 3.14389961e-01 2.69172626e-01 2.37032802e-01 2.18336710e-01 2.12020745e-01 2.16005054e-01 2.28217549e-01 2.47208784e-01 2.72403680e-01 3.04118730e-01 3.42820036e-01 3.88863185e-01 4.41822319e-01 5.00239342e-01 5.61684919e-01 6.22399586e-01 6.77843902e-01 7.23307841e-01 7.54908408e-01 7.70567604e-01 7.70082182e-01 7.54248577e-01 7.25313726e-01 6.86454789e-01 6.41587359e-01 5.95038807e-01 5.51011454e-01 5.13366545e-01 4.85136696e-01 4.68638718e-01 4.65006806e-01 4.73897522e-01 4.93345317e-01 5.19449789e-01 5.46019231e-01 5.64643918e-01 5.65888784e-01 5.41997879e-01 4.89472761e-01 4.10667464e-01 3.13238635e-01 2.06489254e-01 9.75940558e-02 -8.66436260e-03 -1.09100830e-01 -2.01696479e-01 -2.86247140e-01 -3.64768833e-01 -4.40725362e-01 -5.17833240e-01 -5.97767695e-01 -6.78536919e-01 -7.81979019e-01 -8.99935990e-01 -9.54580467e-01
2.10000000e+00 -2.81759947e-01 -1.93956721e-01 -2.61229249e-01 -3.27599520e-01 -4.01002423e-01 -4.89400149e-01 -5.85620405e-01 -6.73912342e-01 -7.36279983e-01 -7.62855859e-01 -7.51735899e-01 -7.03634019e-01 -6.22550652e-01 -5.14748252e-01 -3.85822612e-01 -2.41161111e-01 -8.66251002e-02 7.32702874e-02 2.36893027e-01 4.04323729e-01 5.72607678e-01 7.42378973e-01 9.06248794e-01 9.60513349e-01 9.54729396e-01 9.58944640e-01 8.70797501e-01 7.19461151e-01 5.97559843e-01 4.88768850e-01 3.99568400e-01 3.36499010e-01 3.02806125e-01 3.00016410e-01 3.26339614e-01 3.76198637e-01 4.40366232e-01 5.05900980e-01 5.57854897e-01 5.84292038e-01 5.80211841e-01 5.47748833e-01 4.95060132e-01 4.33069161e-01 3.71201502e-01 3.15980057e-01 2.71365081e-01 2.39319622e-01 2.20301289e-01 2.13468742e-01 2.16985596e-01 2.28940928e-01 2.47917995e-01 2.73256450e-01 3.05112549e-01 3.43807064e-01 3.89613075e-01 4.42118369e-01 4.99969624e-01 5.60874619e-01 6.21205433e-01 6.76475798e-01 7.21945140e-01 7.53642642e-01 7.69420997e-01 7.69018850e-01 7.53235120e-01 7.24338440e-01 6.85587764e-01 6.40964790e-01 5.94825286e-01 5.51344966e-01 5.14285715e-01 4.86558972e-01 4.70359703e-01 4.66742259e-01 4.75331099e-01 4.94187566e-01 5.19485967e-01 5.45121915e-01 5.62751250e-01 5.63022169e-01 5.38331868e-01 4.85416421e-01 4.06857442e-01 3.10408809e-01 2.05188528e-01 9.79494670e-02 -7.02921204e-03 -1.06889815e-01 -1.99647401e-01 -2.84823976e-01 -3.64029994e-01 -4.40377784e-01 -5.17415905e-01 -5.96541369e-01 -6.76274082e-01 -7.81608531e-01 -8.97513725e-01 -9.52318196e-01
2.20000000e+00 -2.86796742e-01 -1.96343928e-01 -2.63137436e-01 -3.30269316e-01 -4.02032515e-01 -4.88207102e-01 -5.82816034e-01 -6.70409362e-01 -7.32779039e-01 -7.59683500e-01 -7.48819492e-01 -7.00547778e-01 -6.18779692e-01 -5.10146969e-01 -3.80818041e-01 -2.36682438e-01 -8.38146340e-02 7.34457540e-02 2.34017211e-01 3.98663217e-01 5.65179733e-01 7.36902760e-01 9.04507977e-01 9.55930219e-01 9.53158736e-01 9.54940710e-01 8.70360218e-01 7.15290177e-01 5.94198132e-01 4.88504162e-01 4.02279697e-01 3.41552517e-01 3.08876343e-01 3.05503013e-01 3.29965598e-01 3.77384729e-01 4.39260981e-01 5.03142635e-01 5.54235770e-01 5.80507837e-01 5.76765456e-01 5.44984986e-01 4.93249387e-01 4.32426770e-01 3.71795281e-01 3.17621803e-01 2.73629282e-01 2.41689047e-01 2.22348881e-01 2.14990780e-01 2.18028244e-01 2.29715729e-01 2.48671310e-01 2.74150045e-01 3.06143717e-01 3.44826872e-01 3.90386604e-01 4.42424028e-01 4.99693036e-01 5.60038060e-01 6.19967669e-01 6.75051233e-01 7.20518427e-01 7.52312159e-01 7.68213828e-01 7.67898127e-01 7.52170606e-01 7.23318999e-01 6.84686668e-01 6.40323276e-01 5.94612046e-01 5.51700248e-01 5.15245859e-01 4.88038446e-01 4.72146631e-01 4.68542130e-01 4.76817331e-01 4.95060695e-01 5.19521167e-01 5.44181742e-01 5.60765409e-01 5.60014440e-01 5.34495206e-01 4.81192644e-01 4.02915740e-01 3.07496794e-01 2.03847478e-01 9.82984133e-02 -5.37004176e-03 -1.04626501e-01 -1.97529309e-01 -2.83331590e-01 -3.63232847e-01 -4.39985114e-01 -5.16953780e-01 -5.95212968e-01 -6.74014114e-01 -7.81307886e-01 -8.94703212e-01 -9.50087242e-01
2.30000000e+00 -2.91885411e-01 -1.99145506e-01 -2.65018668e-01 -3.32909621e-01 -4.03106292e-01 -4.87030893e-01 -5.79960492e-01 -6.66781234e-01 -7.29111726e-01 -7.56337385e-01 -7.45729508e-01 -6.97283205e-01 -6.14818109e-01 -5.05352017e-01 -3.75652404e-01 -2.32110575e-01 -8.09810124e-02 7.35994716e-02 2.31090720e-01 3.92880567e-01 5.57532544e-01 7.31372922e-01 9.02445102e-01 9.51069020e-01 9.51594979e-01 9.50580453e-01 8.69823598e-01 7.11205655e-01 5.90744276e-01 4.88276722e-01 4.05090472e-01 3.46740511e-01 3.15107016e-01 3.11150236e-01 3.33723937e-01 3.78652777e-01 4.38167298e-01 5.00314283e-01 5.50479576e-01 5.76557566e-01 5.73165036e-01 5.42109423e-01 4.91379641e-01 4.31770650e-01 3.72410614e-01 3.19311997e-01 2.75960937e-01 2.44137391e-01 2.24477631e-01 2.16587120e-01 2.19134644e-01 2.30543879e-01 2.49469960e-01 2.75084328e-01 3.07210950e-01 3.45877551e-01 3.91182153e-01 4.42738742e-01 4.99410214e-01 5.59176898e-01 6.18688159e-01 6.73571564e-01 7.19028174e-01 7.50916749e-01 7.66945368e-01 7.66719493e-01 7.51054782e-01 7.22255923e-01 6.83752631e-01 6.39664284e-01 5.94400437e-01 5.52077846e-01 5.16246486e-01 4.89573472e-01 4.73997094e-01 4.70403774e-01 4.78353941e-01 4.95963253e-01 5.19554805e-01 5.43198505e-01 5.58686251e-01 5.56865859e-01 5.30489843e-01 4.76806132e-01 3.98849179e-01 3.04508672e-01 2.02468514e-01 9.86381947e-02 -3.69311609e-03 -1.02317672e-01 -1.95346439e-01 -2.81770475e-01 -3.62374956e-01 -4.39544127e-01 -5.16441937e-01 -5.93779275e-01 -6.71782929e-01 -7.81047468e-01 -8.91519474e-01 -9.47884684e-01
2.40000000e+00 -2.97026061e-01 -2.02349616e-01 -2.66888866e-01 -3.35502813e-01 -4.04219591e-01 -4.85878033e-01 -5.77062357e-01 -6.63033525e-01 -7.25278783e-01 -7.52814370e-01 -7.42461187e-01 -6.93836003e-01 -6.10664701e-01 -5.00367474e-01 -3.70335573e-01 -2.27458246e-01 -7.81343060e-02 7.37293613e-02 2.28120809e-01 3.86987514e-01 5.49689468e-01 7.25812474e-01 9.00011700e-01 9.45972800e-01 9.49976835e-01 9.45914509e-01 8.69135653e-01 7.07249423e-01 5.87210929e-01 4.88087694e-01 4.07997740e-01 3.52052091e-01 3.21483868e-01 3.16946694e-01 3.37609945e-01 3.80004952e-01 4.37091577e-01 4.97422870e-01 5.46591132e-01 5.72443593e-01 5.69412174e-01 5.39124315e-01 4.89453384e-01 4.31102299e-01 3.73046641e-01 3.21047392e-01 2.78355706e-01 2.46660896e-01 2.26685605e-01 2.18257982e-01 2.20306431e-01 2.31427319e-01 2.50315199e-01 2.76059158e-01 3.08312959e-01 3.46957174e-01 3.91998080e-01 4.43061949e-01 4.99121781e-01 5.58292806e-01 6.17368804e-01 6.72038184e-01 7.17474897e-01 7.49456224e-01 7.65614867e-01 7.65482440e-01 7.49887392e-01 7.21149757e-01 6.82786827e-01 6.38989316e-01 5.94191828e-01 5.52478291e-01 5.17287088e-01 4.91162354e-01 4.75908610e-01 4.72324475e-01 4.79938584e-01 4.96893721e-01 5.19586225e-01 5.42171923e-01 5.56513625e-01 5.53576800e-01 5.26317975e-01 4.72261851e-01 3.94664688e-01 3.01450446e-01 2.01053974e-01 9.89661273e-02 -2.00465791e-03 -9.99701736e-02 -1.93103166e-01 -2.80141241e-01 -3.61453946e-01 -4.39051558e-01 -5.15874920e-01 -5.92238436e-01 -6.69606384e-01 -7.80793166e-01 -8.87984170e-01 -9.45704624e-01
2.50000000e+00 -3.02221776e-01 -2.05938034e-01 -2.68766937e-01 -3.38032489e-01 -4.05367393e-01 -4.84754624e-01 -5.74130145e-01 -6.59172068e-01 -7.21281198e-01 -7.49111299e-01 -7.39009655e-01 -6.90201803e-01 -6.06318410e-01 -4.95197817e-01 -3.64877791e-01 -2.22738137e-01 -7.52842144e-02 7.38335656e-02 2.25114275e-01 3.80995205e-01 5.41676305e-01 7.20241656e-01 8.97160982e-01 9.40686205e-01 9.48238857e-01 9.40997730e-01 8.68243507e-01 7.03460960e-01 5.83613298e-01 4.87937349e-01 4.10998361e-01 3.57476403e-01 3.27992498e-01 3.22880815e-01 3.41618768e-01 3.81443234e-01 4.36040085e-01 4.94475437e-01 5.42575548e-01 5.68168596e-01 5.65508679e-01 5.36031906e-01 4.87473044e-01 4.30423140e-01 3.73702452e-01 3.22824709e-01 2.80809219e-01 2.49255743e-01 2.28970792e-01 2.20003540e-01 2.21545221e-01 2.32367990e-01 2.51208293e-01 2.77074397e-01 3.09448457e-01 3.48063798e-01 3.92832729e-01 4.43393082e-01 4.98828344e-01 5.57387472e-01 6.16011535e-01 6.70452527e-01 7.15859162e-01 7.47930425e-01 7.64221557e-01 7.64186469e-01 7.48668188e-01 7.20001069e-01 6.81790465e-01 6.38299904e-01 5.93987600e-01 5.52902097e-01 5.18367136e-01 4.92803347e-01 4.77878627e-01 4.74301452e-01 4.81568856e-01 4.97850515e-01 5.19614698e-01 5.41101642e-01 5.54247378e-01 5.50147765e-01 5.21982060e-01 4.67565030e-01 3.90369279e-01 2.98328009e-01 1.99606113e-01 9.92795553e-02 -3.10820147e-04 -9.75908813e-02 -1.90803992e-01 -2.78444620e-01 -3.60467526e-01 -4.38504094e-01 -5.15246766e-01 -5.90590219e-01 -6.67509498e-01 -7.80507336e-01 -8.84124956e-01 -9.43538378e-01
2.60000000e+00 -3.07478445e-01 -2.09886655e-01 -2.70674139e-01 -3.40483861e-01 -4.06543826e-01 -4.83666275e-01 -5.71172265e-01 -6.55202942e-01 -7.17120211e-01 -7.45225030e-01 -7.35369934e-01 -6.86376191e-01 -6.01778346e-01 -4.89847938e-01 -3.59289633e-01 -2.17962833e-01 -7.24400124e-02 7.39104555e-02 2.22077384e-01 3.74914223e-01 5.33521288e-01 7.14677230e-01 8.93849322e-01 9.35253594e-01 9.46313655e-01 9.35887049e-01 8.67095209e-01 6.99876247e-01 5.79969363e-01 4.87825102e-01 4.14088995e-01 3.63002681e-01 3.34618449e-01 3.28940880e-01 3.45745379e-01 3.82969390e-01 4.35018925e-01 4.91479094e-01 5.38438223e-01 5.63735577e-01 5.61456592e-01 5.32834499e-01 4.85440975e-01 4.29734509e-01 3.74377089e-01 3.24640650e-01 2.83317085e-01 2.51918060e-01 2.31331106e-01 2.21823915e-01 2.22852603e-01 2.33367826e-01 2.52150520e-01 2.78129908e-01 3.10616165e-01 3.49195473e-01 3.93684433e-01 4.43731568e-01 4.98530492e-01 5.56462587e-01 6.14618310e-01 6.68816057e-01 7.14181586e-01 7.46339216e-01 7.62764665e-01 7.62831092e-01 7.47396930e-01 7.18810448e-01 6.80764796e-01 6.37597606e-01 5.93789138e-01 5.53349758e-01 5.19486075e-01 4.94494662e-01 4.79904530e-01 4.76331866e-01 4.83242292e-01 4.98831984e-01 5.19639409e-01 5.39987228e-01 5.51887352e-01 5.46579397e-01 5.17484825e-01 4.62721153e-01 3.85970013e-01 2.95147120e-01 1.98127083e-01 9.95758635e-02 1.38234118e-03 -9.51866732e-02 -1.88453538e-01 -2.76681478e-01 -3.59413505e-01 -4.37898362e-01 -5.14551040e-01 -5.88836246e-01 -6.65515652e-01 -7.80149871e-01 -8.79974699e-01 -9.41374736e-01
2.70000000e+00 -3.12804516e-01 -2.14166134e-01 -2.72633379e-01 -3.42844138e-01 -4.07742181e-01 -4.82618022e-01 -5.68196971e-01 -6.51132454e-01 -7.12797332e-01 -7.41152460e-01 -7.31536964e-01 -6.82354725e-01 -5.97043811e-01 -4.84323147e-01 -3.53581973e-01 -2.13144761e-01 -6.96105013e-02 7.39586320e-02 2.19015814e-01 3.68754660e-01 5.25255003e-01 7.09131859e-01 8.90037684e-01 9.29717146e-01 9.44134159e-01 9.30639293e-01 8.65641556e-01 6.96526699e-01 5.76300036e-01 4.87749584e-01 4.17266048e-01 3.68620284e-01 3.41347259e-01 3.35115056e-01 3.49984580e-01 3.84584946e-01 4.34034005e-01 4.88440997e-01 5.34184841e-01 5.59147881e-01 5.57258193e-01 5.29534464e-01 4.83359449e-01 4.29037639e-01 3.75069545e-01 3.26491904e-01 2.85874915e-01 2.54643941e-01 2.33764392e-01 2.23719168e-01 2.24230127e-01 2.34428747e-01 2.53143157e-01 2.79225558e-01 3.11814814e-01 3.50350254e-01 3.94551525e-01 4.44076827e-01 4.98228797e-01 5.55519839e-01 6.13191104e-01 6.67130275e-01 7.12442837e-01 7.44682489e-01 7.61243416e-01 7.61415828e-01 7.46073391e-01 7.17578504e-01 6.79711101e-01 6.36884001e-01 5.93597829e-01 5.53821746e-01 5.20643328e-01 4.96234465e-01 4.81983648e-01 4.78412824e-01 4.84956374e-01 4.99836412e-01 5.19659458e-01 5.38828166e-01 5.49433392e-01 5.42872493e-01 5.12829278e-01 4.57735956e-01 3.81473984e-01 2.91913375e-01 1.96618923e-01 9.98524877e-02 3.06889230e-03 -9.27643994e-02 -1.86056522e-01 -2.74852823e-01 -3.58289817e-01 -4.37230908e-01 -5.13780903e-01 -5.86980175e-01 -6.63645800e-01 -7.79679369e-01 -8.75570562e-01 -9.39200275e-01
2.80000000e+00 -3.18210702e-01 -2.18742632e-01 -2.74668452e-01 -3.45102889e-01 -4.08954966e-01 -4.81614255e-01 -5.65212318e-01 -6.46967117e-01 -7.08314341e-01 -7.36890549e-01 -7.27505618e-01 -6.78132964e-01 -5.92114325e-01 -4.78629175e-01 -3.47765949e-01 -2.08296130e-01 -6.68039675e-02 7.39769214e-02 2.15934595e-01 3.62526213e-01 5.16910224e-01 7.03613604e-01 8.85692947e-01 9.24115040e-01 9.41635849e-01 9.25309016e-01 8.63837841e-01 6.93438201e-01 5.72629215e-01 4.87708774e-01 4.20525612e-01 3.74318730e-01 3.48164531e-01 3.41391441e-01 3.54330998e-01 3.86291162e-01 4.33091007e-01 4.85368319e-01 5.29821369e-01 5.54409214e-01 5.52916020e-01 5.26134226e-01 4.81230643e-01 4.28333652e-01 3.75778759e-01 3.28375161e-01 2.88478326e-01 2.57429449e-01 2.36268428e-01 2.25689294e-01 2.25679294e-01 2.35552650e-01 2.54187478e-01 2.80361225e-01 3.13043150e-01 3.51526208e-01 3.95432342e-01 4.44428272e-01 4.97923808e-01 5.54560904e-01 6.11731906e-01 6.65396709e-01 7.10643637e-01 7.42960164e-01 7.59657046e-01 7.59940204e-01 7.44697366e-01 7.16305863e-01 6.78630696e-01 6.36160689e-01 5.93415048e-01 5.54318513e-01 5.21838289e-01 4.98020889e-01 4.84113257e-01 4.80541383e-01 4.86708534e-01 5.00862015e-01 5.19673853e-01 5.37623857e-01 5.46885349e-01 5.39028016e-01 5.08018724e-01 4.52615418e-01 3.76888283e-01 2.88632188e-01 1.95083541e-01 1.00106925e-01 4.74304533e-03 -9.03308527e-02 -1.83617754e-01 -2.72959807e-01 -3.57094537e-01 -4.36498181e-01 -5.12929207e-01 -5.85027833e-01 -6.61917712e-01 -7.79054343e-01 -8.70952998e-01 -9.36999714e-01
2.90000000e+00 -3.23709641e-01 -2.23578662e-01 -2.76803257e-01 -3.47252346e-01 -4.10173985e-01 -4.80658643e-01 -5.62226111e-01 -6.42713622e-01 -7.03673297e-01 -7.32436347e-01 -7.23270725e-01 -6.73706492e-01 -5.86989653e-01 -4.72772173e-01 -3.41852913e-01 -2.03428875e-01 -6.40281469e-02 7.39643662e-02 2.12838065e-01 3.56238316e-01 5.08521660e-01 6.98125548e-01 8.80789080e-01 9.18479765e-01 9.38758876e-01 9.19946446e-01 8.61645477e-01 6.90630286e-01 5.68983734e-01 4.87700156e-01 4.23863404e-01 3.80087726e-01 3.55055992e-01 3.47758096e-01 3.58779094e-01 3.88089017e-01 4.32195357e-01 4.82268229e-01 5.25354050e-01 5.49523656e-01 5.48432877e-01 5.22636269e-01 4.79056632e-01 4.27623542e-01 3.76503616e-01 3.30287124e-01 2.91122965e-01 2.60270635e-01 2.38840934e-01 2.27734216e-01 2.27201548e-01 2.36741398e-01 2.55284743e-01 2.81536795e-01 3.14299936e-01 3.52721419e-01 3.96325230e-01 4.44785309e-01 4.97616057e-01 5.53587440e-01 6.10242709e-01 6.63616916e-01 7.08784762e-01 7.41172190e-01 7.58004805e-01 7.58403754e-01 7.43268674e-01 7.14993172e-01 6.77524927e-01 6.35429283e-01 5.93242161e-01 5.54840485e-01 5.23070325e-01 4.99852029e-01 4.86290587e-01 4.82714559e-01 4.88496156e-01 5.01906943e-01 5.19681504e-01 5.36373616e-01 5.44243081e-01 5.35047108e-01 5.03056762e-01 4.47365746e-01 3.72219979e-01 2.85308770e-01 1.93522710e-01 1.00336743e-01 6.39918003e-03 -8.78927407e-02 -1.81142114e-01 -2.71003738e-01 -3.55825900e-01 -4.35696505e-01 -5.11988609e-01 -5.82987275e-01 -6.60345283e-01 -7.78234453e-01 -8.66164663e-01 -9.34756317e-01
3.00000000e+00 -3.29315510e-01 -2.28633992e-01 -2.79061005e-01 -3.49287665e-01 -4.11390445e-01 -4.79754062e-01 -5.59245862e-01 -6.38378809e-01 -6.98876539e-01 -7.27787021e-01 -7.18827092e-01 -6.69070946e-01 -5.81669823e-01 -4.66758706e-01 -3.35854389e-01 -1.98554601e-01 -6.12901961e-02 7.39202089e-02 2.09729834e-01 3.49900295e-01 5.00125609e-01 6.92665584e-01 8.75308110e-01 9.12836645e-01 9.35449997e-01 9.14595600e-01 8.59033429e-01 6.88115496e-01 5.65393199e-01 4.87720924e-01 4.27274704e-01 3.85917186e-01 3.62007550e-01 3.54203087e-01 3.63323153e-01 3.89979180e-01 4.31352200e-01 4.79147866e-01 5.20789392e-01 5.44495674e-01 5.43811844e-01 5.19043131e-01 4.76839378e-01 4.26908170e-01 3.77242946e-01 3.32224512e-01 2.93804515e-01 2.63163545e-01 2.41479574e-01 2.29853778e-01 2.28798266e-01 2.37996813e-01 2.56436197e-01 2.82752170e-01 3.15583961e-01 3.53934002e-01 3.97228557e-01 4.45147339e-01 4.97306051e-01 5.52601081e-01 6.08725508e-01 6.61792479e-01 7.06867042e-01 7.39318547e-01 7.56285970e-01 7.56806019e-01 7.41787163e-01 7.13641093e-01 6.76395163e-01 6.34691404e-01 5.93080510e-01 5.55388063e-01 5.24338768e-01 5.01725951e-01 4.88512830e-01 4.84929330e-01 4.90316583e-01 5.02969280e-01 5.19681221e-01 5.35076673e-01 5.41506466e-01 5.30931107e-01 4.97947301e-01 4.41993365e-01 3.67476088e-01 2.81948110e-01 1.91938051e-01 1.00539586e-01 8.03186371e-03 -8.54566574e-02 -1.78634536e-01 -2.68986083e-01 -3.54482313e-01 -4.34822067e-01 -5.10951716e-01 -5.80868777e-01 -6.58937925e-01 -7.77181703e-01 -8.61249299e-01 -9.32452314e-01
3.10000000e+00 -3.35043618e-01 -2.33866602e-01 -2.81463439e-01 -3.51207121e-01 -4.12595101e-01 -4.78902535e-01 -5.56278740e-01 -6.33969639e-01 -6.93926685e-01 -7.22939883e-01 -7.14169530e-01 -6.64222047e-01 -5.76155157e-01 -4.60595745e-01 -3.29782027e-01 -1.93684537e-01 -5.85966708e-02 7.38438713e-02 2.06612764e-01 3.43521545e-01 4.91759529e-01 6.87226376e-01 8.69240856e-01 9.07202614e-01 9.31664245e-01 9.09292658e-01 8.55979405e-01 6.85898950e-01 5.61889706e-01 4.87768230e-01 4.30754300e-01 3.91797252e-01 3.69005359e-01 3.60714524e-01 3.67957292e-01 3.91961998e-01 4.30566375e-01 4.76014311e-01 5.16134160e-01 5.39330133e-01 5.39056292e-01 5.15357404e-01 4.74580727e-01 4.26188247e-01 3.77995521e-01 3.34184076e-01 2.96518710e-01 2.66104234e-01 2.44181962e-01 2.32047744e-01 2.30470747e-01 2.39320665e-01 2.57643060e-01 2.84007263e-01 3.16894039e-01 3.55162107e-01 3.98140712e-01 4.45513753e-01 4.96994277e-01 5.51603426e-01 6.07182291e-01 6.59925002e-01 7.04891361e-01 7.37399246e-01 7.54499853e-01 7.55146545e-01 7.40252713e-01 7.12250302e-01 6.75242798e-01 6.33948680e-01 5.92931415e-01 5.55961620e-01 5.25642918e-01 5.03640695e-01 4.90777143e-01 4.87182644e-01 4.92167117e-01 5.04047041e-01 5.19671708e-01 5.33732170e-01 5.38675398e-01 5.26681554e-01 4.92694561e-01 4.36504906e-01 3.62663552e-01 2.78554961e-01 1.90331029e-01 1.00713187e-01 9.63586923e-03 -8.30290570e-02 -1.76099998e-01 -2.66908474e-01 -3.53062369e-01 -4.33870888e-01 -5.09811253e-01 -5.78684747e-01 -6.57700075e-01 -7.75861591e-01 -8.56250606e-01 -9.30069335e-01
3.20000000e+00 -3.40909972e-01 -2.39233653e-01 -2.84030105e-01 -3.53012229e-01 -4.13778414e-01 -4.78105179e-01 -5.53331516e-01 -6.29493153e-01 -6.88826629e-01 -7.17892416e-01 -7.09292878e-01 -6.59155627e-01 -5.70446288e-01 -4.54290651e-01 -3.23647544e-01 -1.88829483e-01 -5.59535110e-02 7.37349280e-02 2.03488957e-01 3.37111716e-01 4.83461526e-01 6.81795493e-01 8.62587392e-01 9.01585305e-01 9.27366293e-01 9.04064632e-01 8.52470760e-01 6.83978137e-01 5.58507439e-01 4.87839448e-01 4.34296436e-01 3.97718298e-01 3.76035872e-01 3.67280595e-01 3.72675458e-01 3.94037475e-01 4.29842392e-01 4.72874569e-01 5.11395366e-01 5.34032305e-01 5.34169885e-01 5.11581732e-01 4.72282400e-01 4.25464335e-01 3.78760054e-01 3.36162600e-01 2.99261347e-01 2.69088778e-01 2.46945668e-01 2.34315786e-01 2.32220205e-01 2.40714668e-01 2.58906519e-01 2.85302009e-01 3.18229016e-01 3.56403927e-01 3.99060117e-01 4.45883937e-01 4.96681198e-01 5.50596035e-01 6.05615033e-01 6.58016114e-01 7.02858657e-01 7.35414332e-01 7.52645805e-01 7.53424883e-01 7.38665243e-01 7.10821494e-01 6.74069243e-01 6.33202740e-01 5.92796162e-01 5.56561502e-01 5.26982039e-01 5.05594273e-01 4.93080655e-01 4.89471421e-01 4.94045023e-01 5.05138172e-01 5.19651561e-01 5.32339166e-01 5.35749803e-01 5.22300205e-01 4.87303072e-01 4.30907186e-01 3.57789215e-01 2.75133828e-01 1.88702946e-01 1.00855364e-01 1.12061910e-02 -8.06162277e-02 -1.73543495e-01 -2.64772711e-01 -3.51564854e-01 -4.32838809e-01 -5.08560246e-01 -5.76449548e-01 -6.56630826e-01 -7.74244149e-01 -8.51211139e-01 -9.27588858e-01
3.30000000e+00 -3.46930839e-01 -2.44692463e-01 -2.86777675e-01 -3.54707783e-01 -4.14930750e-01 -4.77362159e-01 -5.50410525e-01 -6.24956440e-01 -6.83579534e-01 -7.12642304e-01 -7.04192039e-01 -6.53867665e-01 -5.64544183e-01 -4.47851161e-01 -3.17462679e-01 -1.83999767e-01 -5.33660331e-02 7.35930747e-02 2.00359771e-01 3.30680919e-01 4.75269763e-01 6.76355740e-01 8.55357224e-01 8.95982490e-01 9.22531442e-01 8.98928397e-01 8.48505074e-01 6.82342951e-01 5.55282146e-01 4.87932470e-01 4.37894775e-01 4.03670934e-01 3.83085897e-01 3.73889610e-01 3.77471432e-01 3.96205255e-01 4.29184411e-01 4.69735539e-01 5.06580251e-01 5.28607874e-01 5.29156596e-01 5.07718811e-01 4.69945993e-01 4.24736829e-01 3.79535198e-01 3.38156917e-01 3.02028297e-01 2.72113281e-01 2.49768224e-01 2.36657484e-01 2.34047759e-01 2.42180467e-01 2.60227727e-01 2.86636360e-01 3.19587774e-01 3.57657710e-01 3.99985230e-01 4.46257271e-01 4.96367255e-01 5.49580425e-01 6.04025690e-01 6.56067459e-01 7.00769918e-01 7.33363887e-01 7.50723229e-01 7.51640594e-01 7.37024711e-01 7.09355376e-01 6.72875926e-01 6.32455209e-01 5.92676001e-01 5.57188025e-01 5.28355358e-01 5.07584680e-01 4.95420477e-01 4.91792560e-01 4.95947533e-01 5.06240552e-01 5.19619264e-01 5.30896634e-01 5.32729643e-01 5.17789048e-01 4.81777682e-01 4.25207191e-01 3.52859798e-01 2.71688955e-01 1.87054936e-01 1.00964035e-01 1.27380591e-02 -7.82242676e-02 -1.70970029e-01 -2.62580767e-01 -3.49988752e-01 -4.31721483e-01 -5.07192226e-01 -5.74179251e-01 -6.55723713e-01 -7.72304867e-01 -8.46171260e-01 -9.24992634e-01
3.40000000e+00 -3.53122306e-01 -2.50201446e-01 -2.89719356e-01 -3.56301820e-01 -4.16042593e-01 -4.76672656e-01 -5.47521603e-01 -6.20366592e-01 -6.78188824e-01 -7.07187454e-01 -6.98862006e-01 -6.48354319e-01 -5.58450165e-01 -4.41285362e-01 -3.11239130e-01 -1.79205204e-01 -5.08389290e-02 7.34180925e-02 1.97225848e-01 3.24239916e-01 4.67221821e-01 6.70885656e-01 8.47569158e-01 8.90381881e-01 9.17146225e-01 8.93890106e-01 8.44090394e-01 6.80975972e-01 5.52250526e-01 4.88046010e-01 4.41542370e-01 4.09645998e-01 3.90142647e-01 3.80530033e-01 3.82338832e-01 3.98464613e-01 4.28596225e-01 4.66603997e-01 5.01696274e-01 5.23062941e-01 5.24020705e-01 5.03771391e-01 4.67572968e-01 4.24005959e-01 3.80319541e-01 3.40163908e-01 3.04815515e-01 2.75173891e-01 2.52647127e-01 2.39072321e-01 2.35954423e-01 2.43719627e-01 2.61607791e-01 2.88010286e-01 3.20969232e-01 3.58921760e-01 4.00914550e-01 4.46633126e-01 4.96052864e-01 5.48558059e-01 6.02416192e-01 6.54080700e-01 6.98626187e-01 7.31248029e-01 7.48731581e-01 7.49793247e-01 7.35331121e-01 7.07852671e-01 6.71664285e-01 6.31707704e-01 5.92572141e-01 5.57841470e-01 5.29762060e-01 5.09609890e-01 4.97793702e-01 4.94142945e-01 4.97871850e-01 5.07351987e-01 5.19573186e-01 5.29403465e-01 5.29614922e-01 5.13150305e-01 4.76123549e-01 4.19412060e-01 3.47881879e-01 2.68224316e-01 1.85387963e-01 1.01037214e-01 1.42269514e-02 -7.58590622e-02 -1.68384587e-01 -2.60334787e-01 -3.48333245e-01 -4.30514369e-01 -5.05701441e-01 -5.71891299e-01 -6.54966648e-01 -7.70025451e-01 -8.41168166e-01 -9.22263105e-01
3.50000000e+00 -3.59499849e-01 -2.55721004e-01 -2.92864394e-01 -3.57805483e-01 -4.17104774e-01 -4.76034856e-01 -5.44670049e-01 -6.15730665e-01 -6.72658172e-01 -7.01526024e-01 -6.93297903e-01 -6.42611957e-01 -5.52165926e-01 -4.34601665e-01 -3.04988503e-01 -1.74455064e-01 -4.83762726e-02 7.32098085e-02 1.94087159e-01 3.17800306e-01 4.59354003e-01 6.65360187e-01 8.39250876e-01 8.84761318e-01 9.11208587e-01 8.88945010e-01 8.39245110e-01 6.79852981e-01 5.49449507e-01 4.88179911e-01 4.45231664e-01 4.15634549e-01 3.97193786e-01 3.87190522e-01 3.87271113e-01 4.00814441e-01 4.28081247e-01 4.63486570e-01 4.96751097e-01 5.17404023e-01 5.18766813e-01 4.99742276e-01 4.65164656e-01 4.23271782e-01 3.81111609e-01 3.42180515e-01 3.07619052e-01 2.78266808e-01 2.55579852e-01 2.41559680e-01 2.37941101e-01 2.45333633e-01 2.63047772e-01 2.89423783e-01 3.22372353e-01 3.60194448e-01 4.01846625e-01 4.47010869e-01 4.95738417e-01 5.47530346e-01 6.00788437e-01 6.52057512e-01 6.96428552e-01 7.29066917e-01 7.46670383e-01 7.47882423e-01 7.33584519e-01 7.06314117e-01 6.70435764e-01 6.30961826e-01 5.92485743e-01 5.58522088e-01 5.31201295e-01 5.11667865e-01 5.00197415e-01 4.96519445e-01 4.99815146e-01 5.08470215e-01 5.19511582e-01 5.27858474e-01 5.26405701e-01 5.08386450e-01 4.70346141e-01 4.13529059e-01 3.42861874e-01 2.64743612e-01 1.83702818e-01 1.01073013e-01 1.56686033e-02 -7.35262625e-02 -1.65792123e-01 -2.58037093e-01 -3.46597709e-01 -4.29212740e-01 -5.04083069e-01 -5.69604101e-01 -6.54342033e-01 -7.67394412e-01 -8.36235033e-01 -9.19383787e-01
3.60000000e+00 -3.66077923e-01 -2.61214354e-01 -2.96217696e-01 -3.59232818e-01 -4.18108715e-01 -4.75445946e-01 -5.41860567e-01 -6.11055633e-01 -6.66991487e-01 -6.95656451e-01 -6.87495016e-01 -6.36637199e-01 -5.45693546e-01 -4.27808777e-01 -2.98722255e-01 -1.69758030e-01 -4.59815321e-02 7.29680540e-02 1.90943080e-01 3.11374694e-01 4.51700618e-01 6.59751507e-01 8.30438213e-01 8.79089333e-01 9.04727646e-01 8.84077692e-01 8.33997494e-01 6.78943713e-01 5.46915462e-01 4.88335435e-01 4.48954501e-01 4.21627839e-01 4.04227477e-01 3.93859964e-01 3.92261582e-01 4.03253240e-01 4.27642490e-01 4.60389716e-01 4.91752564e-01 5.11638052e-01 5.13399841e-01 4.95634327e-01 4.62722254e-01 4.22534175e-01 3.81909861e-01 3.44203740e-01 3.10435059e-01 2.81388293e-01 2.58563850e-01 2.44118839e-01 2.40008575e-01 2.47023871e-01 2.64548676e-01 2.90876864e-01 3.23796148e-01 3.61474218e-01 4.02780056e-01 4.47389864e-01 4.95424279e-01 5.46498631e-01 5.99144285e-01 6.49999581e-01 6.94178149e-01 7.26820756e-01 7.44539223e-01 7.45907717e-01 7.31785002e-01 7.04740467e-01 6.69191812e-01 6.30219162e-01 5.92417919e-01 5.59230092e-01 5.32672166e-01 5.13756551e-01 5.02628698e-01 4.98918928e-01 5.01774569e-01 5.09592902e-01 5.19432588e-01 5.26260397e-01 5.23102102e-01 5.03500211e-01 4.64451227e-01 4.07565563e-01 3.37806017e-01 2.61250266e-01 1.82000122e-01 1.01069650e-01 1.70590170e-02 -7.12312661e-02 -1.63197540e-01 -2.55690174e-01 -3.44781710e-01 -4.27811702e-01 -5.02333432e-01 -5.67336559e-01 -6.53827023e-01 -7.64407448e-01 -8.31400280e-01 -9.16339617e-01
3.70000000e+00 -3.72869580e-01 -2.66648255e-01 -2.99779565e-01 -3.60600468e-01 -4.19046677e-01 -4.74902131e-01 -5.39097222e-01 -6.06348343e-01 -6.61192894e-01 -6.89577469e-01 -6.81448836e-01 -6.30426948e-01 -5.39035503e-01 -4.20915662e-01 -2.92451632e-01 -1.65122181e-01 -4.36575898e-02 7.26926209e-02 1.87792484e-01 3.04976819e-01 4.44293265e-01 6.54029966e-01 8.21174179e-01 8.73326075e-01 8.97723058e-01 8.79262695e-01 8.28384885e-01 6.78212804e-01 5.44683372e-01 4.88515538e-01 4.52702163e-01 4.27617294e-01 4.11232411e-01 4.00527509e-01 3.97303393e-01 4.05779110e-01 4.27282561e-01 4.57319707e-01 4.86708683e-01 5.05772372e-01 5.07925033e-01 4.91450461e-01 4.60246828e-01 4.21792839e-01 3.82712690e-01 3.46230654e-01 3.13259800e-01 2.84534682e-01 2.61596559e-01 2.46748970e-01 2.42157502e-01 2.48791627e-01 2.66111449e-01 2.92369567e-01 3.25239679e-01 3.62759593e-01 4.03713502e-01 4.47769472e-01 4.95110791e-01 5.45464197e-01 5.97485556e-01 6.47908603e-01 6.91876160e-01 7.24509796e-01 7.42337764e-01 7.43868744e-01 7.29932713e-01 7.03132489e-01 6.67933872e-01 6.29481271e-01 5.92369727e-01 5.59965659e-01 5.34173739e-01 5.15873887e-01 5.05084635e-01 5.01338256e-01 5.03747242e-01 5.10717639e-01 5.19334225e-01 5.24607904e-01 5.19704322e-01 4.98494578e-01 4.58444871e-01 4.01529030e-01 3.32720344e-01 2.57747418e-01 1.80280328e-01 1.01025440e-01 1.83944668e-02 -6.89791995e-02 -1.60605675e-01 -2.53296694e-01 -3.42884987e-01 -4.26306227e-01 -5.00450191e-01 -5.65107550e-01 -6.53393967e-01 -7.61067626e-01 -8.26686986e-01 -9.13117251e-01
3.80000000e+00 -3.79886126e-01 -2.71993643e-01 -3.03545582e-01 -3.61927309e-01 -4.19912009e-01 -4.74398675e-01 -5.36383392e-01 -6.01615462e-01 -6.55266716e-01 -6.83288134e-01 -6.75155102e-01 -6.23978429e-01 -5.32194685e-01 -4.13931504e-01 -2.86187618e-01 -1.60554962e-01 -4.14067675e-02 7.23832183e-02 1.84633850e-01 2.98621660e-01 4.37160122e-01 6.48165132e-01 8.11507729e-01 8.67424556e-01 8.90223995e-01 8.74465532e-01 8.22452578e-01 6.77620923e-01 5.42785964e-01 4.88725103e-01 4.56465445e-01 4.33594480e-01 4.18197845e-01 4.07182603e-01 4.02389567e-01 4.08389749e-01 4.27003653e-01 4.54282605e-01 4.81627611e-01 4.99814727e-01 5.02347959e-01 4.87193662e-01 4.57739311e-01 4.21047293e-01 3.83518421e-01 3.48258401e-01 3.16089659e-01 2.87702390e-01 2.64675409e-01 2.49449136e-01 2.44388400e-01 2.50638077e-01 2.67736977e-01 2.93901949e-01 3.26702062e-01 3.64049180e-01 4.04645682e-01 4.48149053e-01 4.94798264e-01 5.44428257e-01 5.95814016e-01 6.45786278e-01 6.89523805e-01 7.22134336e-01 7.40065745e-01 7.41765145e-01 7.28027844e-01 7.01490968e-01 6.66663384e-01 6.28749687e-01 5.92342166e-01 5.60728923e-01 5.35705035e-01 5.18017802e-01 5.07562322e-01 5.03774294e-01 5.05730267e-01 5.11841946e-01 5.19214396e-01 5.22899597e-01 5.16212646e-01 4.93372813e-01 4.52333423e-01 3.95426981e-01 3.27610678e-01 2.54237929e-01 1.78543724e-01 1.00938801e-01 1.96715044e-02 -6.67749023e-02 -1.58021275e-01 -2.50859478e-01 -3.40907442e-01 -4.24691198e-01 -4.98432533e-01 -5.62935358e-01 -6.53010991e-01 -7.57385346e-01 -8.22112458e-01 -9.09705317e-01
3.90000000e+00 -3.87136813e-01 -2.77226139e-01 -3.07506603e-01 -3.63234001e-01 -4.20699383e-01 -4.73929960e-01 -5.33721723e-01 -5.96863435e-01 -6.49217451e-01 -6.76787846e-01 -6.68609842e-01 -6.17289225e-01 -5.25174398e-01 -4.06865666e-01 -2.79940877e-01 -1.56063169e-01 -3.92308585e-02 7.20394308e-02 1.81465404e-01 2.92325478e-01 4.30325291e-01 6.42126898e-01 8.01492353e-01 8.61332190e-01 8.82267790e-01 8.69644019e-01 8.16252436e-01 6.77126031e-01 5.41252848e-01 4.88971124e-01 4.60234741e-01 4.39551068e-01 4.25113624e-01 4.13815020e-01 4.07512993e-01 4.11082452e-01 4.26807530e-01 4.51284251e-01 4.76517627e-01 4.93773252e-01 4.96674516e-01 4.82866977e-01 4.55200510e-01 4.20296879e-01 3.84325309e-01 3.50284195e-01 3.18921144e-01 2.90887927e-01 2.67797828e-01 2.52218295e-01 2.46701650e-01 2.52564276e-01 2.69426075e-01 2.95474088e-01 3.28182474e-01 3.65341674e-01 4.05575384e-01 4.48527968e-01 4.94486982e-01 5.43391950e-01 5.94131381e-01 6.43634310e-01 6.87122343e-01 7.19694731e-01 7.37722989e-01 7.39596589e-01 7.26070636e-01 6.99816706e-01 6.65381776e-01 6.28025907e-01 5.92336177e-01 5.61519978e-01 5.37265033e-01 5.20186220e-01 5.10058864e-01 5.06223916e-01 5.07720725e-01 5.12963267e-01 5.19070888e-01 5.21134023e-01 5.12627451e-01 4.88138449e-01 4.46123499e-01 3.89266968e-01 3.22482616e-01 2.50724381e-01 1.76790439e-01 1.00808250e-01 2.08869617e-02 -6.46229141e-02 -1.55448986e-01 -2.48381507e-01 -3.38849118e-01 -4.22961477e-01 -4.96281316e-01 -5.60837094e-01 -6.52642725e-01 -7.53378091e-01 -8.17687974e-01 -9.06094603e-01
4.00000000e+00 -3.94628587e-01 -2.82326435e-01 -3.11648905e-01 -3.64542493e-01 -4.21405013e-01 -4.73489559e-01 -5.31114088e-01 -5.92098428e-01 -6.43049750e-01 -6.70076362e-01 -6.61809416e-01 -6.10357316e-01 -5.17978366e-01 -3.99727642e-01 -2.73721701e-01 -1.51652934e-01 -3.71311647e-02 7.16606798e-02 1.78285269e-01 2.86105815e-01 4.23808190e-01 6.35886605e-01 7.91184505e-01 8.54992560e-01 8.73898303e-01 8.64749901e-01 8.09841283e-01 6.76684752e-01 5.40109686e-01 4.89262832e-01 4.64000171e-01 4.45478801e-01 4.31970198e-01 4.20414894e-01 4.12666447e-01 4.13854105e-01 4.26695532e-01 4.48330245e-01 4.71387114e-01 4.87656457e-01 4.90910920e-01 4.78473525e-01 4.52631108e-01 4.19540761e-01 3.85131543e-01 3.52305330e-01 3.21750895e-01 2.94087897e-01 2.70961247e-01 2.55055291e-01 2.49097482e-01 2.54571153e-01 2.71179488e-01 2.97086080e-01 3.29680154e-01 3.66635865e-01 4.06501463e-01 4.48905582e-01 4.94177200e-01 5.42356344e-01 5.92439304e-01 6.41454400e-01 6.84673068e-01 7.17191393e-01 7.35309402e-01 7.37362781e-01 7.24061379e-01 6.98110522e-01 6.64090457e-01 6.27311393e-01 5.92352636e-01 5.62338870e-01 5.38852672e-01 5.22377063e-01 5.12571389e-01 5.08684004e-01 5.09715678e-01 5.14078970e-01 5.18901375e-01 5.19309677e-01 5.08949227e-01 4.82795299e-01 4.39821975e-01 3.83056559e-01 3.17341518e-01 2.47209078e-01 1.75020454e-01 1.00632400e-01 2.20379519e-02 -6.25274628e-02 -1.52893330e-01 -2.45865911e-01 -3.36710181e-01 -4.21111984e-01 -4.93999191e-01 -5.58828107e-01 -6.52251151e-01 -7.49069980e-01 -8.13418691e-01 -9.02278191e-01
4.10000000e+00 -4.02365884e-01 -2.87280549e-01 -3.15954453e-01 -3.65875478e-01 -4.22026856e-01 -4.73070346e-01 -5.28561552e-01 -5.87326276e-01 -6.36768383e-01 -6.63153820e-01 -6.54750571e-01 -6.03181114e-01 -5.10610733e-01 -3.92527012e-01 -2.67539952e-01 -1.47329720e-01 -3.51085390e-02 7.12461897e-02 1.75091635e-01 2.79981427e-01 4.17623044e-01 6.29418163e-01 7.80641948e-01 8.48347348e-01 8.65164067e-01 8.59730693e-01 8.03279128e-01 6.76253780e-01 5.39377425e-01 4.89611751e-01 4.67751731e-01 4.51369453e-01 4.38758636e-01 4.26972742e-01 4.17842599e-01 4.16701194e-01 4.26668566e-01 4.45425931e-01 4.66244537e-01 4.81473214e-01 4.85063709e-01 4.74016503e-01 4.50031671e-01 4.18777929e-01 3.85935239e-01 3.54319175e-01 3.24575687e-01 2.97299014e-01 2.74163104e-01 2.57958864e-01 2.51575975e-01 2.56659504e-01 2.72997886e-01 2.98738039e-01 3.31194408e-01 3.67930642e-01 4.07422849e-01 4.49281269e-01 4.93869140e-01 5.41322427e-01 5.90739379e-01 6.39248244e-01 6.82177305e-01 7.14624797e-01 7.32824976e-01 7.35063471e-01 7.22000409e-01 6.96373255e-01 6.62790821e-01 6.26607557e-01 5.92392356e-01 5.63185599e-01 5.40466850e-01 5.24588248e-01 5.15097049e-01 5.11151457e-01 5.11712170e-01 5.15186349e-01 5.18703422e-01 5.17425014e-01 5.05178584e-01 4.77347451e-01 4.33435962e-01 3.76803303e-01 3.12192497e-01 2.43694059e-01 1.73233601e-01 1.00409957e-01 2.31218690e-02 -6.04924557e-02 -1.50358697e-01 -2.43315950e-01 -3.34490896e-01 -4.19137791e-01 -4.91590676e-01 -5.56921408e-01 -6.51796538e-01 -7.44491119e-01 -8.09303726e-01 -8.98251523e-01
4.20000000e+00 -4.10350485e-01 -2.92079941e-01 -3.20401289e-01 -3.67255813e-01 -4.22564773e-01 -4.72664607e-01 -5.26064339e-01 -5.82552438e-01 -6.30378218e-01 -6.56020749e-01 -6.47430479e-01 -5.95759505e-01 -5.03076061e-01 -3.85273385e-01 -2.61405023e-01 -1.43098316e-01 -3.31634323e-02 7.07949609e-02 1.71882940e-01 2.73972161e-01 4.11778479e-01 6.22699106e-01 7.69922061e-01 8.41338368e-01 8.56116290e-01 8.54531674e-01 7.96627286e-01 6.75791301e-01 5.39071612e-01 4.90031674e-01 4.71479472e-01 4.57214794e-01 4.45470622e-01 4.33479493e-01 4.23034037e-01 4.19619809e-01 4.26727107e-01 4.42576387e-01 4.61098419e-01 4.75232731e-01 4.79139732e-01 4.69499191e-01 4.47402653e-01 4.18007204e-01 3.86734449e-01 3.56323179e-01 3.27392437e-01 3.00518106e-01 2.77400855e-01 2.60927643e-01 2.54137050e-01 2.58829982e-01 2.74881859e-01 3.00430093e-01 3.32724613e-01 3.69224995e-01 4.08338546e-01 4.49654411e-01 4.93562994e-01 5.40291112e-01 5.89033126e-01 6.37017531e-01 6.79636407e-01 7.11995481e-01 7.30269792e-01 7.32698459e-01 7.19888111e-01 6.94605760e-01 6.61484233e-01 6.25915768e-01 5.92456082e-01 5.64060112e-01 5.42106424e-01 5.26817695e-01 5.17633021e-01 5.13623191e-01 5.13707227e-01 5.16282619e-01 5.18474485e-01 5.15478453e-01 5.01316266e-01 4.71799272e-01 4.26972792e-01 3.70514711e-01 3.07040414e-01 2.40181098e-01 1.71429583e-01 1.00139719e-01 2.41363863e-02 -5.85214723e-02 -1.47849324e-01 -2.40735006e-01 -3.32191605e-01 -4.17034238e-01 -4.89062179e-01 -5.55127132e-01 -6.51238462e-01 -7.39676795e-01 -8.05336393e-01 -8.94012417e-01
4.30000000e+00 -4.18581422e-01 -2.96721499e-01 -3.24964033e-01 -3.68705928e-01 -4.23020655e-01 -4.72264189e-01 -5.23621807e-01 -5.77781938e-01 -6.23884185e-01 -6.48678081e-01 -6.39846792e-01 -5.88091878e-01 -4.95379320e-01 -3.77976353e-01 -2.55325781e-01 -1.38962840e-01 -3.12959442e-02 7.03057516e-02 1.68658067e-01 2.68098757e-01 4.06277231e-01 6.15711556e-01 7.59080162e-01 8.33909627e-01 8.46806791e-01 8.49097959e-01 7.89946464e-01 6.75258363e-01 5.39201819e-01 4.90538557e-01 4.75173700e-01 4.63006563e-01 4.52098458e-01 4.39926508e-01 4.28233276e-01 4.22605650e-01 4.26871197e-01 4.39786412e-01 4.55957317e-01 4.68944534e-01 4.73146147e-01 4.64924957e-01 4.44744407e-01 4.17227246e-01 3.87527152e-01 3.58314867e-01 3.30198203e-01 3.03742118e-01 2.80671973e-01 2.63960153e-01 2.56780462e-01 2.61083095e-01 2.76831916e-01 3.02162382e-01 3.34270218e-01 3.70518018e-01 4.09247637e-01 4.50024403e-01 4.93258919e-01 5.39263231e-01 5.87321999e-01 6.34763936e-01 6.77051749e-01 7.09304055e-01 7.27644022e-01 7.30267603e-01 7.17724911e-01 6.92808914e-01 6.60172030e-01 6.25237334e-01 5.92544490e-01 5.64962305e-01 5.43770214e-01 5.29063324e-01 5.20176519e-01 5.16096143e-01 5.15697859e-01 5.17364919e-01 5.18211921e-01 5.13468394e-01 4.97363162e-01 4.66155405e-01 4.20439992e-01 3.64198228e-01 3.01889867e-01 2.36671712e-01 1.69607978e-01 9.98205719e-02 2.50794528e-02 -5.66177597e-02 -1.45369281e-01 -2.38126559e-01 -3.29812707e-01 -4.14797059e-01 -4.86421973e-01 -5.53452049e-01 -6.50536848e-01 -7.34666508e-01 -8.01504601e-01 -8.89561014e-01
4.40000000e+00 -4.27054946e-01 -3.01207397e-01 -3.29614478e-01 -3.70247230e-01 -4.23398503e-01 -4.71860654e-01 -5.21232436e-01 -5.73019315e-01 -6.17291244e-01 -6.41127165e-01 -6.31997688e-01 -5.80178167e-01 -4.87525880e-01 -3.70645434e-01 -2.49310532e-01 -1.34926747e-01 -2.95058774e-02 6.97770700e-02 1.65416530e-01 2.62382594e-01 4.01116009e-01 6.08443062e-01 7.48167920e-01 8.26009329e-01 8.37285940e-01 8.43376563e-01 7.83294875e-01 6.74620147e-01 5.39771222e-01 4.91150323e-01 4.78825193e-01 4.68736437e-01 4.58635042e-01 4.46305604e-01 4.33432781e-01 4.25654042e-01 4.27100452e-01 4.37060516e-01 4.50829801e-01 4.62618436e-01 4.67090406e-01 4.60297266e-01 4.42057192e-01 4.16436561e-01 3.88311265e-01 3.60291841e-01 3.32990192e-01 3.06968123e-01 2.83973958e-01 2.67054815e-01 2.59505805e-01 2.63419195e-01 2.78848482e-01 3.03935057e-01 3.35830750e-01 3.71808913e-01 4.10149287e-01 4.50390659e-01 4.92957039e-01 5.38239538e-01 5.85607373e-01 6.32489117e-01 6.74424729e-01 7.06551198e-01 7.24947926e-01 7.27770829e-01 7.15511281e-01 6.90983612e-01 6.58855518e-01 6.24573507e-01 5.92658188e-01 5.65892015e-01 5.45457002e-01 5.31323058e-01 5.22724790e-01 5.18567276e-01 5.17681061e-01 5.18430312e-01 5.17912989e-01 5.11393222e-01 4.93320319e-01 4.60420764e-01 4.13845263e-01 3.57861208e-01 2.96745194e-01 2.33167177e-01 1.67768252e-01 9.94514826e-02 2.59492888e-02 -5.47842303e-02 -1.42922463e-01 -2.35494167e-01 -3.27354637e-01 -4.12422517e-01 -4.83680110e-01 -5.51899152e-01 -6.49653037e-01 -7.29502900e-01 -7.97791375e-01 -8.84899670e-01
4.50000000e+00 -4.35764554e-01 -3.05544824e-01 -3.34322263e-01 -3.71899526e-01 -4.23704461e-01 -4.71445455e-01 -5.18893813e-01 -5.68268578e-01 -6.10604350e-01 -6.33369771e-01 -6.23881922e-01 -5.72018882e-01 -4.79521494e-01 -3.63290016e-01 -2.43366981e-01 -1.30992842e-01 -2.77927937e-02 6.92071783e-02 1.62158675e-01 2.56845370e-01 3.96285493e-01 6.00887270e-01 7.37231899e-01 8.17591770e-01 8.27600704e-01 8.37318402e-01 7.76726444e-01 6.73847110e-01 5.40776312e-01 4.91886583e-01 4.82425442e-01 4.74396017e-01 4.65073852e-01 4.52609062e-01 4.38624990e-01 4.28759943e-01 4.27414062e-01 4.34402911e-01 4.45724428e-01 4.56264512e-01 4.60980247e-01 4.55619686e-01 4.39341185e-01 4.15633508e-01 3.89084638e-01 3.62251776e-01 3.35765756e-01 3.10193325e-01 2.87304337e-01 2.70209948e-01 2.62312499e-01 2.65838474e-01 2.80931896e-01 3.05748274e-01 3.37405814e-01 3.73096990e-01 4.11042742e-01 4.50752612e-01 4.92657440e-01 5.37220706e-01 5.83890546e-01 6.30194711e-01 6.71756760e-01 7.03737669e-01 7.22181858e-01 7.25208135e-01 7.13247734e-01 6.89130769e-01 6.57535964e-01 6.23925474e-01 5.92797715e-01 5.66849021e-01 5.47165536e-01 5.33594826e-01 5.25275122e-01 5.21033580e-01 5.19653808e-01 5.19475784e-01 5.17574859e-01 5.09251326e-01 4.89188955e-01 4.54600529e-01 4.07196453e-01 3.51510891e-01 2.91610469e-01 2.29668534e-01 1.65909770e-01 9.90314996e-02 2.67443797e-02 -5.30234607e-02 -1.40512572e-01 -2.32841444e-01 -3.24817851e-01 -4.09907555e-01 -4.80848279e-01 -5.50467323e-01 -6.48550817e-01 -7.24230588e-01 -7.94175508e-01 -8.80032809e-01
4.60000000e+00 -4.44701057e-01 -3.09745614e-01 -3.39055605e-01 -3.73680480e-01 -4.23946789e-01 -4.71010121e-01 -5.16602643e-01 -5.63533146e-01 -6.03828420e-01 -6.25408097e-01 -6.15498868e-01 -5.63615143e-01 -4.71372283e-01 -3.55919303e-01 -2.37502193e-01 -1.27163297e-01 -2.61560719e-02 6.85941101e-02 1.58885862e-01 2.51508730e-01 3.91770497e-01 5.93044406e-01 7.26312295e-01 8.08619031e-01 8.17792840e-01 8.30880127e-01 7.70289180e-01 6.72915935e-01 5.42206800e-01 4.92768269e-01 4.85966882e-01 4.79976827e-01 4.71408915e-01 4.58829649e-01 4.43802332e-01 4.31917963e-01 4.27810801e-01 4.31817506e-01 4.40649718e-01 4.49893066e-01 4.54823683e-01 4.50895894e-01 4.36596492e-01 4.14816313e-01 3.89845059e-01 3.64192423e-01 3.38522396e-01 3.13415061e-01 2.90660673e-01 2.73423777e-01 2.65199796e-01 2.68340962e-01 2.83082405e-01 3.07602192e-01 3.38995099e-01 3.74381671e-01 4.11927332e-01 4.51109718e-01 4.92360173e-01 5.36207330e-01 5.82172736e-01 6.27882328e-01 6.69049271e-01 7.00864303e-01 7.19346261e-01 7.22579602e-01 7.10934825e-01 6.87251319e-01 6.56214593e-01 6.23294352e-01 5.92963535e-01 5.67833040e-01 5.48894530e-01 5.35876562e-01 5.27824847e-01 5.23492074e-01 5.21613062e-01 5.20498243e-01 5.17194619e-01 5.07041107e-01 4.84970468e-01 4.48700139e-01 4.00501534e-01 3.45154381e-01 2.86489497e-01 2.26176600e-01 1.64031811e-01 9.85597473e-02 2.74634695e-02 -5.13376946e-02 -1.38143111e-01 -2.30172029e-01 -3.22202814e-01 -4.07249943e-01 -4.77939600e-01 -5.49151113e-01 -6.47197408e-01 -7.18894955e-01 -7.90632300e-01 -8.74966715e-01
4.70000000e+00 -4.53852714e-01 -3.13825770e-01 -3.43782069e-01 -3.75605114e-01 -4.24135791e-01 -4.70546453e-01 -5.14354758e-01 -5.58815814e-01 -5.96968292e-01 -6.17244776e-01 -6.06848572e-01 -5.54968709e-01 -4.63084710e-01 -3.48542259e-01 -2.31722570e-01 -1.23439675e-01 -2.45949659e-02 6.79357029e-02 1.55600634e-01 2.46393843e-01 3.87550281e-01 5.84921547e-01 7.15441899e-01 7.99062432e-01 8.07897334e-01 8.24025754e-01 7.64023749e-01 6.71810279e-01 5.44045688e-01 4.93817189e-01 4.89443144e-01 4.85470318e-01 4.77634769e-01 4.64960619e-01 4.48957255e-01 4.35122384e-01 4.28289035e-01 4.29307901e-01 4.35614128e-01 4.43514602e-01 4.48628981e-01 4.46129687e-01 4.33823161e-01 4.13983076e-01 3.90590254e-01 3.66111600e-01 3.41257762e-01 3.16630805e-01 2.94040565e-01 2.76694432e-01 2.68166774e-01 2.70926517e-01 2.85300166e-01 3.09496970e-01 3.40598373e-01 3.75662489e-01 4.12802473e-01 4.51461464e-01 4.92065253e-01 5.35199926e-01 5.80455077e-01 6.25553546e-01 6.66303700e-01 6.97932016e-01 7.16441671e-01 7.19885402e-01 7.08573148e-01 6.85346212e-01 6.54892589e-01 6.22681183e-01 5.93156043e-01 5.68843726e-01 5.50642667e-01 5.38166209e-01 5.30371338e-01 5.25939810e-01 5.23555768e-01 5.21494526e-01 5.16769281e-01 5.04760991e-01 4.80666451e-01 4.42725279e-01 3.93768568e-01 3.38798621e-01 2.81385825e-01 2.22691988e-01 1.62133578e-01 9.80354230e-02 2.81055524e-02 -4.97288456e-02 -1.35817370e-01 -2.27489563e-01 -3.19509997e-01 -4.04448435e-01 -4.74968372e-01 -5.47940624e-01 -6.45564360e-01 -7.13540922e-01 -7.87134374e-01 -8.69709303e-01
4.80000000e+00 -4.63205401e-01 -3.17804911e-01 -3.48469353e-01 -3.77685372e-01 -4.24283667e-01 -4.70046719e-01 -5.12145151e-01 -5.54118698e-01 -5.90028690e-01 -6.08882869e-01 -5.97931795e-01 -5.46082008e-01 -4.54665556e-01 -3.41167554e-01 -2.26033822e-01 -1.19822953e-01 -2.31086623e-02 6.72296451e-02 1.52306872e-01 2.41520942e-01 3.83599021e-01 5.76532669e-01 7.04645335e-01 7.88903680e-01 7.97941131e-01 8.16728008e-01 7.57962325e-01 6.70521271e-01 5.46269528e-01 4.95055515e-01 4.92849279e-01 4.90867892e-01 4.83746422e-01 4.70995723e-01 4.54082248e-01 4.38367178e-01 4.28846728e-01 4.26877382e-01 4.30626034e-01 4.37139780e-01 4.42404652e-01 4.41324983e-01 4.31021196e-01 4.13131789e-01 3.91317898e-01 3.68007192e-01 3.43969650e-01 3.19838175e-01 2.97441657e-01 2.80019955e-01 2.71212337e-01 2.73594827e-01 2.87585243e-01 3.11432764e-01 3.42215491e-01 3.76939088e-01 4.13667666e-01 4.51807365e-01 4.91772654e-01 5.34198932e-01 5.78738622e-01 6.23209906e-01 6.63521496e-01 6.94941806e-01 7.13468717e-01 7.17125800e-01 7.06163335e-01 6.83416417e-01 6.53571086e-01 6.22086933e-01 5.93375558e-01 5.69880667e-01 5.52408603e-01 5.40461718e-01 5.32912019e-01 5.28373873e-01 5.25478854e-01 5.22461395e-01 5.16295797e-01 5.02409447e-01 4.76278696e-01 4.36681873e-01 3.87005684e-01 3.32450374e-01 2.76302736e-01 2.19215111e-01 1.60214211e-01 9.74577940e-02 2.86698638e-02 -4.81985035e-02 -1.33538421e-01 -2.24797651e-01 -3.16739879e-01 -4.01502911e-01 -4.71949755e-01 -5.46821524e-01 -6.43628334e-01 -7.08211742e-01 -7.83652533e-01 -8.64269845e-01
4.90000000e+00 -4.72742822e-01 -3.21705645e-01 -3.53086071e-01 -3.79929763e-01 -4.24404334e-01 -4.69503861e-01 -5.09968010e-01 -5.49443201e-01 -5.83014186e-01 -6.00325873e-01 -5.88750052e-01 -5.36958161e-01 -4.46121895e-01 -3.33803512e-01 -2.20440948e-01 -1.16313559e-01 -2.16963351e-02 6.64735396e-02 1.49009910e-01 2.36908845e-01 3.79886419e-01 5.67898459e-01 6.93938585e-01 7.78135670e-01 7.87942196e-01 8.08969347e-01 7.52127724e-01 6.69047750e-01 5.48848864e-01 4.96505215e-01 4.96181984e-01 4.96160945e-01 4.89739304e-01 4.76929206e-01 4.59169867e-01 4.41646030e-01 4.29481461e-01 4.24528920e-01 4.25693699e-01 4.30779389e-01 4.36159428e-01 4.36485833e-01 4.28190572e-01 4.12260343e-01 3.92025608e-01 3.69877149e-01 3.46656003e-01 3.23034925e-01 3.00861636e-01 2.83398303e-01 2.74335216e-01 2.76345403e-01 2.89937603e-01 3.13409724e-01 3.43846393e-01 3.78211225e-01 4.14522501e-01 4.52146973e-01 4.91482315e-01 5.33204711e-01 5.77024334e-01 6.20852910e-01 6.60704110e-01 6.91894757e-01 7.10428117e-01 7.14301167e-01 7.03706058e-01 6.81462918e-01 6.52251168e-01 6.21512484e-01 5.93622330e-01 5.70943381e-01 5.54190963e-01 5.42761052e-01 5.35444358e-01 5.30791385e-01 5.27379231e-01 5.23395541e-01 5.15771061e-01 4.99985000e-01 4.71809206e-01 4.30576068e-01 3.80221041e-01 3.26116202e-01 2.71243259e-01 2.15746204e-01 1.58272801e-01 9.68261952e-02 2.91558708e-02 -4.67479419e-02 -1.31309109e-01 -2.22099830e-01 -3.13892960e-01 -3.98414522e-01 -4.68899416e-01 -5.45775185e-01 -6.41371754e-01 -7.02947852e-01 -7.80156645e-01 -8.58658690e-01
5.00000000e+00 -4.82446757e-01 -3.25552906e-01 -3.57602506e-01 -3.82343087e-01 -4.24513167e-01 -4.68911681e-01 -5.07816778e-01 -5.44789974e-01 -5.75929161e-01 -5.91577712e-01 -5.79305655e-01 -5.27601007e-01 -4.37461060e-01 -3.26458060e-01 -2.14948225e-01 -1.12911405e-01 -2.03571983e-02 6.56649818e-02 1.45716631e-01 2.32574456e-01 3.76378439e-01 5.59045906e-01 6.83328837e-01 7.66762919e-01 7.77908969e-01 8.00742627e-01 7.46532886e-01 6.67396243e-01 5.51748844e-01 4.98187439e-01 4.99439785e-01 5.01340928e-01 4.95609212e-01 4.82755804e-01 4.64212764e-01 4.44952370e-01 4.30190438e-01 4.22265168e-01 4.20825254e-01 4.24444303e-01 4.29902243e-01 4.31616421e-01 4.25331250e-01 4.11366550e-01 3.92710957e-01 3.71719477e-01 3.49314905e-01 3.26218954e-01 3.04298238e-01 2.86827358e-01 2.77533969e-01 2.79177578e-01 2.92357114e-01 3.15427988e-01 3.45491102e-01 3.79478768e-01 4.15366654e-01 4.52479878e-01 4.91194135e-01 5.32217550e-01 5.75313096e-01 6.18484012e-01 6.57853000e-01 6.88792036e-01 7.07320684e-01 7.11411982e-01 7.01202025e-01 6.79486710e-01 6.50933867e-01 6.20958634e-01 5.93896531e-01 5.72031321e-01 5.55988351e-01 5.45062183e-01 5.37965876e-01 5.33189502e-01 5.29253792e-01 5.24293588e-01 5.15191924e-01 4.97486245e-01 4.67260205e-01 4.24414217e-01 3.73422804e-01 3.19802449e-01 2.66210174e-01 2.12285339e-01 1.56308402e-01 9.61400267e-02 2.95632614e-02 -4.53781276e-02 -1.29132043e-01 -2.19399538e-01 -3.10969779e-01 -3.95185808e-01 -4.65833136e-01 -5.44778944e-01 -6.38783292e-01 -6.97785813e-01 -7.76616520e-01 -8.52886964e-01
5.10000000e+00 -4.92297334e-01 -3.29373252e-01 -3.61991319e-01 -3.84926257e-01 -4.24626712e-01 -4.68265026e-01 -5.05684222e-01 -5.40158884e-01 -5.68777767e-01 -5.82642733e-01 -5.69601749e-01 -5.18015118e-01 -4.28690608e-01 -3.19138679e-01 -2.09559194e-01 -1.09615925e-01 -1.90905532e-02 6.48016532e-02 1.42435510e-01 2.28532277e-01 3.73038161e-01 5.50007662e-01 6.72814635e-01 7.54801612e-01 7.67840195e-01 7.92051381e-01 7.41180681e-01 6.65580659e-01 5.54929994e-01 5.00121887e-01 5.02623205e-01 5.06399419e-01 5.01352257e-01 4.88470732e-01 4.69203714e-01 4.48279391e-01 4.30970504e-01 4.20088465e-01 4.16028674e-01 4.18145441e-01 4.23642210e-01 4.26721078e-01 4.22443195e-01 4.10448152e-01 3.93371476e-01 3.73532240e-01 3.51944580e-01 3.29388304e-01 3.07749251e-01 2.90304927e-01 2.80806983e-01 2.82090509e-01 2.94843547e-01 3.17487681e-01 3.47149726e-01 3.80741694e-01 4.16199890e-01 4.52805710e-01 4.90907979e-01 5.31237664e-01 5.73605700e-01 6.16104613e-01 6.54969623e-01 6.85634894e-01 7.04147325e-01 7.08458835e-01 6.98651986e-01 6.77488802e-01 6.49620158e-01 6.20426092e-01 5.94198259e-01 5.73143866e-01 5.57799345e-01 5.47363101e-01 5.40474141e-01 5.35565418e-01 5.31099415e-01 5.25152094e-01 5.14555204e-01 4.94911865e-01 4.62634142e-01 4.18202865e-01 3.66619109e-01 3.13515226e-01 2.61206017e-01 2.08832436e-01 1.54320045e-01 9.53987526e-02 2.98919334e-02 -4.40897314e-02 -1.27009592e-01 -2.16700076e-01 -3.07970953e-01 -3.91820803e-01 -4.62766386e-01 -5.43806498e-01 -6.35858182e-01 -6.92757373e-01 -7.73002755e-01 -8.46966264e-01
5.20000000e+00 -5.02273323e-01 -3.33194158e-01 -3.66228187e-01 -3.87676223e-01 -4.24762338e-01 -4.67559958e-01 -5.03562518e-01 -5.35548994e-01 -5.61563891e-01 -5.73525701e-01 -5.59642338e-01 -5.08205820e-01 -4.19818286e-01 -3.11852361e-01 -2.04276662e-01 -1.06426120e-01 -1.78958296e-02 6.38814284e-02 1.39176619e-01 2.24793940e-01 3.69826715e-01 5.40821212e-01 6.62386345e-01 7.42279255e-01 7.57725171e-01 7.82909714e-01 7.36064079e-01 6.63621738e-01 5.58349118e-01 5.02326164e-01 5.05734874e-01 5.11328225e-01 5.06964804e-01 4.94069675e-01 4.74135640e-01 4.51620089e-01 4.31818165e-01 4.18000834e-01 4.11311753e-01 4.11893732e-01 4.17388600e-01 4.21804278e-01 4.19526395e-01 4.09502842e-01 3.94004657e-01 3.75313553e-01 3.54543390e-01 3.32541155e-01 3.11212519e-01 2.93828750e-01 2.84152479e-01 2.85083169e-01 2.97396569e-01 3.19588913e-01 3.48822457e-01 3.82000091e-01 4.17022061e-01 4.53124145e-01 4.90623673e-01 5.30265197e-01 5.71902855e-01 6.13716060e-01 6.52055435e-01 6.82424665e-01 7.00909039e-01 7.05442439e-01 6.96056729e-01 6.75470207e-01 6.48310959e-01 6.19915474e-01 5.94527536e-01 5.74280328e-01 5.59622505e-01 5.49661808e-01 5.42966772e-01 5.37916364e-01 5.32912957e-01 5.25967557e-01 5.13857702e-01 4.92260647e-01 4.57933695e-01 4.11948726e-01 3.59818029e-01 3.07260394e-01 2.56233091e-01 2.05387283e-01 1.52306748e-01 9.46019001e-02 3.01419830e-02 -4.28831404e-02 -1.24943878e-01 -2.14004578e-01 -3.04897209e-01 -3.88325113e-01 -4.59713887e-01 -5.42828412e-01 -6.32598354e-01 -6.87888670e-01 -7.69287525e-01 -8.40908365e-01
5.30000000e+00 -5.12352443e-01 -3.37043313e-01 -3.70292366e-01 -3.90585994e-01 -4.24937868e-01 -4.66793899e-01 -5.01443348e-01 -5.30958537e-01 -5.54291117e-01 -5.64231784e-01 -5.49432323e-01 -4.98179199e-01 -4.10851994e-01 -3.04605567e-01 -1.99102701e-01 -1.03340605e-01 -1.67726198e-02 6.29024936e-02 1.35951584e-01 2.21367776e-01 3.66704276e-01 5.31527860e-01 6.52026912e-01 7.29233962e-01 7.47544377e-01 7.73341807e-01 7.31166643e-01 6.61546244e-01 5.61960322e-01 5.04815156e-01 5.08779597e-01 5.16119493e-01 5.12443420e-01 4.99548762e-01 4.79001641e-01 4.54967289e-01 4.32729600e-01 4.16003984e-01 4.06682083e-01 4.05700067e-01 4.11150813e-01 4.16870647e-01 4.16580874e-01 4.08528276e-01 3.94607965e-01 3.77061575e-01 3.57109824e-01 3.35675827e-01 3.14685941e-01 2.97396505e-01 2.87568511e-01 2.88154354e-01 3.00015744e-01 3.21731772e-01 3.50509566e-01 3.83254154e-01 4.17833107e-01 4.53434904e-01 4.90341011e-01 5.29300222e-01 5.70205184e-01 6.11319637e-01 6.49111891e-01 6.79162766e-01 6.97606919e-01 7.02363623e-01 6.93417081e-01 6.73431945e-01 6.47007129e-01 6.19427305e-01 5.94884309e-01 5.75439947e-01 5.61456368e-01 5.51956324e-01 5.45441437e-01 5.40239608e-01 5.34691258e-01 5.26736421e-01 5.13096212e-01 4.89531497e-01 4.53161777e-01 4.05658668e-01 3.53027548e-01 3.01043551e-01 2.51293472e-01 2.01949552e-01 1.50267526e-01 9.37490587e-02 3.03136922e-02 -4.17584721e-02 -1.22936773e-01 -2.11315970e-01 -3.01749445e-01 -3.84705960e-01 -4.56689167e-01 -5.41812736e-01 -6.29012374e-01 -6.83199610e-01 -7.65445305e-01 -8.34724933e-01
5.40000000e+00 -5.22511675e-01 -3.40947944e-01 -3.74167143e-01 -3.93644773e-01 -4.25171168e-01 -4.65965745e-01 -4.99318012e-01 -5.26384913e-01 -5.46962692e-01 -5.54766551e-01 -5.38977512e-01 -4.87942107e-01 -4.01799745e-01 -2.97404190e-01 -1.94038661e-01 -1.00357651e-01 -1.57207042e-02 6.18634737e-02 1.32773489e-01 2.18258432e-01 3.63631093e-01 5.22171581e-01 6.41712872e-01 7.15713383e-01 7.37270479e-01 7.63381071e-01 7.26463353e-01 6.59385961e-01 5.65716111e-01 5.07600437e-01 5.11764372e-01 5.20765841e-01 5.17784814e-01 5.04904546e-01 4.83795018e-01 4.58313680e-01 4.33700688e-01 4.14099319e-01 4.02147030e-01 3.99575264e-01 4.04938355e-01 4.11924962e-01 4.13606716e-01 4.07522098e-01 3.95178841e-01 3.78774513e-01 3.59642500e-01 3.38790776e-01 3.18167475e-01 3.01005817e-01 2.91052972e-01 2.91302681e-01 3.02700531e-01 3.23916325e-01 3.52211402e-01 3.84504181e-01 4.18633056e-01 4.53737757e-01 4.90059754e-01 5.28342748e-01 5.68513226e-01 6.08916564e-01 6.46140442e-01 6.75850693e-01 6.94242158e-01 6.99223342e-01 6.90733916e-01 6.71375038e-01 6.45709466e-01 6.18962011e-01 5.95268445e-01 5.76621892e-01 5.63299457e-01 5.54244687e-01 5.47895851e-01 5.42532455e-01 5.36431138e-01 5.27455077e-01 5.12267533e-01 4.86723458e-01 4.48321539e-01 3.99339682e-01 3.46255530e-01 2.94870024e-01 2.46389022e-01 1.98518814e-01 1.48201408e-01 9.28398811e-02 3.04075169e-02 -4.07155884e-02 -1.20989892e-01 -2.08636949e-01 -2.98528787e-01 -3.80972195e-01 -4.53704129e-01 -5.40725710e-01 -6.25115189e-01 -6.78703420e-01 -7.61453495e-01 -8.28427262e-01
5.50000000e+00 -5.32727575e-01 -3.44934181e-01 -3.77840199e-01 -3.96838187e-01 -4.25479726e-01 -4.65075966e-01 -4.97177556e-01 -5.21824683e-01 -5.39581495e-01 -5.45135949e-01 -5.28284645e-01 -4.77502171e-01 -3.92669626e-01 -2.90253526e-01 -1.89085177e-01 -9.74752424e-02 -1.47400665e-02 6.07635666e-02 1.29656725e-01 2.15466565e-01 3.60568516e-01 5.12797757e-01 6.31415595e-01 7.01773329e-01 7.26869655e-01 7.53068962e-01 7.21921697e-01 6.57176493e-01 5.69568535e-01 5.10689737e-01 5.14698336e-01 5.25260506e-01 5.22985792e-01 5.10133975e-01 4.88509300e-01 4.61651851e-01 4.34727022e-01 4.12287935e-01 3.97713715e-01 3.93530025e-01 3.98760806e-01 4.06972158e-01 4.10604080e-01 4.06481950e-01 3.95714711e-01 3.80450609e-01 3.62140154e-01 3.41884589e-01 3.21655138e-01 3.04654260e-01 2.94603600e-01 2.94526591e-01 3.05450282e-01 3.26142614e-01 3.53928390e-01 3.85750573e-01 4.19422024e-01 4.54032526e-01 4.89779631e-01 5.27392718e-01 5.66827437e-01 6.06507991e-01 6.43142535e-01 6.72490020e-01 6.90816044e-01 6.96022676e-01 6.88008149e-01 6.69300502e-01 6.44418703e-01 6.18519922e-01 5.95679733e-01 5.77825262e-01 5.65150277e-01 5.56524953e-01 5.50327779e-01 5.44792244e-01 5.38129401e-01 5.28119875e-01 5.11368489e-01 4.83835725e-01 4.43416365e-01 3.92998869e-01 3.39509681e-01 2.88744857e-01 2.41521397e-01 1.95094557e-01 1.46107442e-01 9.18740836e-02 3.04240740e-02 -3.97541116e-02 -1.19104589e-01 -2.05969947e-01 -2.95236661e-01 -3.77134269e-01 -4.50768638e-01 -5.39532550e-01 -6.20927704e-01 -6.74406400e-01 -7.57292932e-01 -8.22026035e-01
5.60000000e+00 -5.42976577e-01 -3.49026474e-01 -3.81303837e-01 -4.00148611e-01 -4.25880225e-01 -4.64126647e-01 -4.95012901e-01 -5.17273578e-01 -5.32150005e-01 -5.35346295e-01 -5.17361400e-01 -4.66867781e-01 -3.83469757e-01 -2.83158244e-01 -1.84242194e-01 -9.46911213e-02 -1.38308979e-02 5.96026790e-02 1.26616791e-01 2.12988613e-01 3.57479992e-01 5.03451854e-01 6.21102700e-01 6.87476139e-01 7.16303203e-01 7.42453529e-01 7.17503014e-01 6.54955942e-01 5.73470352e-01 5.14086477e-01 5.17592653e-01 5.29597494e-01 5.28043213e-01 5.15234357e-01 4.93138265e-01 4.64974328e-01 4.35803939e-01 4.10570632e-01 3.93388990e-01 3.87574893e-01 3.92627795e-01 4.02017322e-01 4.07573221e-01 4.05405498e-01 3.96212996e-01 3.82088145e-01 3.64601634e-01 3.44955982e-01 3.25147010e-01 3.08339367e-01 2.98217985e-01 2.97824350e-01 3.08264240e-01 3.28410652e-01 3.55661024e-01 3.86993833e-01 4.20200212e-01 4.54319082e-01 4.89500346e-01 5.26450014e-01 5.65148190e-01 6.04094996e-01 6.40119608e-01 6.69082393e-01 6.87329963e-01 6.92762828e-01 6.85240745e-01 6.67209349e-01 6.43135513e-01 6.18101271e-01 5.96117882e-01 5.79049091e-01 5.67007319e-01 5.58795200e-01 5.52735030e-01 5.47016349e-01 5.39782831e-01 5.28727126e-01 5.10395940e-01 4.80867662e-01 4.38449877e-01 3.86643404e-01 3.32797532e-01 2.82672806e-01 2.36692058e-01 1.91676202e-01 1.43984709e-01 9.08514476e-02 3.03641291e-02 -3.88734404e-02 -1.17281955e-01 -2.03317114e-01 -2.91874869e-01 -3.73204165e-01 -4.47890150e-01 -5.38198279e-01 -6.16476173e-01 -6.70307873e-01 -7.52948291e-01 -8.15531119e-01
5.70000000e+00 -5.53235285e-01 -3.53247079e-01 -3.84555101e-01 -4.03555582e-01 -4.26388112e-01 -4.63121513e-01 -4.92814994e-01 -5.12726519e-01 -5.24670273e-01 -5.25404259e-01 -5.06216399e-01 -4.56048086e-01 -3.74208254e-01 -2.76122365e-01 -1.79508989e-01 -9.20028427e-02 -1.29935895e-02 5.83815607e-02 1.23670042e-01 2.10816661e-01 3.54332002e-01 4.94178081e-01 6.10739598e-01 6.72888840e-01 7.05529366e-01 7.31587726e-01 7.13164020e-01 6.52763486e-01 5.77376158e-01 5.17789405e-01 5.20460340e-01 5.33771749e-01 5.32953952e-01 5.20203323e-01 4.97675964e-01 4.68273612e-01 4.36926541e-01 4.08947918e-01 3.89179420e-01 3.81720216e-01 3.86548966e-01 3.97065694e-01 4.04514511e-01 4.04290446e-01 3.96671116e-01 3.83685432e-01 3.67025895e-01 3.48003792e-01 3.28641232e-01 3.12058631e-01 3.01893571e-01 3.01194056e-01 3.11141539e-01 3.30720422e-01 3.57409865e-01 3.88234556e-01 4.20967907e-01 4.54597352e-01 4.89221578e-01 5.25514458e-01 5.63475781e-01 6.01678579e-01 6.37073094e-01 6.65629530e-01 6.83785405e-01 6.89445128e-01 6.82432717e-01 6.65102582e-01 6.41860500e-01 6.17706189e-01 5.96582519e-01 5.80292343e-01 5.68869059e-01 5.61053528e-01 5.55115457e-01 5.49202176e-01 5.41388195e-01 5.29273113e-01 5.09346800e-01 4.77818821e-01 4.33425926e-01 3.80280518e-01 3.26126398e-01 2.76658330e-01 2.31902287e-01 1.88263120e-01 1.41832329e-01 8.97718213e-02 3.02285833e-02 -3.80727660e-02 -1.15522811e-01 -2.00680301e-01 -2.88445674e-01 -3.69195283e-01 -4.45073392e-01 -5.36688598e-01 -6.11791449e-01 -6.66400326e-01 -7.48408356e-01 -8.08951396e-01
5.80000000e+00 -5.63480747e-01 -3.57615622e-01 -3.87595765e-01 -4.07036289e-01 -4.27017193e-01 -4.62065898e-01 -4.90574950e-01 -5.08177643e-01 -5.17143901e-01 -5.15316844e-01 -4.94859203e-01 -4.45052980e-01 -3.64893187e-01 -2.69149251e-01 -1.74884202e-01 -8.94078240e-02 -1.22287120e-02 5.71019335e-02 1.20833388e-01 2.08938407e-01 3.51094898e-01 4.85018073e-01 6.00291100e-01 6.58081183e-01 6.94505305e-01 7.20527579e-01 7.08858466e-01 6.50637921e-01 5.81243469e-01 5.21792340e-01 5.23316023e-01 5.37779310e-01 5.37714874e-01 5.25038783e-01 5.02116741e-01 4.71542214e-01 4.38089722e-01 4.07420013e-01 3.85091263e-01 3.75976105e-01 3.80533949e-01 3.92122666e-01 4.01428452e-01 4.03134556e-01 3.97086507e-01 3.85240814e-01 3.69411989e-01 3.51026974e-01 3.32136010e-01 3.15809517e-01 3.05627667e-01 3.04633640e-01 3.14081200e-01 3.33071877e-01 3.59175531e-01 3.89473432e-01 4.21725483e-01 4.54867314e-01 4.88942987e-01 5.24585818e-01 5.61810425e-01 5.99259663e-01 6.34004418e-01 6.62133213e-01 6.80183958e-01 6.86071026e-01 6.79585132e-01 6.62981187e-01 6.40594205e-01 6.17334711e-01 5.97073190e-01 5.81553918e-01 5.70733962e-01 5.63298060e-01 5.57466956e-01 5.51347160e-01 5.42942242e-01 5.29754098e-01 5.08218053e-01 4.74688949e-01 4.28348589e-01 3.73917466e-01 3.19503362e-01 2.70705592e-01 2.27153192e-01 1.84854647e-01 1.39649471e-01 8.86351223e-02 3.00184613e-02 -3.73510894e-02 -1.13827708e-01 -1.98061044e-01 -2.84951882e-01 -3.65122284e-01 -4.42320097e-01 -5.34970751e-01 -6.06908098e-01 -6.62669749e-01 -7.43666152e-01 -8.02294629e-01
5.90000000e+00 -5.73690703e-01 -3.62148746e-01 -3.90432209e-01 -4.10566121e-01 -4.27779243e-01 -4.60966679e-01 -4.88284211e-01 -5.03620350e-01 -5.09572022e-01 -5.05091365e-01 -4.83300302e-01 -4.33893082e-01 -3.55532545e-01 -2.62241589e-01 -1.70365868e-01 -8.69033938e-02 -1.15369816e-02 5.57666090e-02 1.18123959e-01 2.07337246e-01 3.47743632e-01 4.76009641e-01 5.89723035e-01 6.43123614e-01 6.83189139e-01 7.09330249e-01 7.04538865e-01 6.48616207e-01 5.85033695e-01 5.26084028e-01 5.26175634e-01 5.41617482e-01 5.42322823e-01 5.29738886e-01 5.06455244e-01 4.74772700e-01 4.39288196e-01 4.05986862e-01 3.81130450e-01 3.70352398e-01 3.74592331e-01 3.87193777e-01 3.98315702e-01 4.01935672e-01 3.97456624e-01 3.86752660e-01 3.71759059e-01 3.54024593e-01 3.35629609e-01 3.19589462e-01 3.09417455e-01 3.08140871e-01 3.17082132e-01 3.35464934e-01 3.60958699e-01 3.90711238e-01 4.22473395e-01 4.55129001e-01 4.88664214e-01 5.23663805e-01 5.60152262e-01 5.96839092e-01 6.30914993e-01 6.58595287e-01 6.76527317e-01 6.82642097e-01 6.76699112e-01 6.60846135e-01 6.39337102e-01 6.16986772e-01 5.97589356e-01 5.82832653e-01 5.72600480e-01 5.65526944e-01 5.59787461e-01 5.53448765e-01 5.44441706e-01 5.30166334e-01 5.07006766e-01 4.71478012e-01 4.23222164e-01 3.67561502e-01 3.12935244e-01 2.64818454e-01 2.22445724e-01 1.81450096e-01 1.37435362e-01 8.74413398e-02 2.97348984e-02 -3.67072377e-02 -1.12196920e-01 -1.95460565e-01 -2.81396928e-01 -3.61000889e-01 -4.39628822e-01 -5.33014380e-01 -6.01863405e-01 -6.59096138e-01 -7.38718962e-01 -7.95567373e-01
6.00000000e+00 -5.83843808e-01 -3.66859848e-01 -3.93075174e-01 -4.14119269e-01 -4.28683668e-01 -4.59832163e-01 -4.85934699e-01 -4.99047348e-01 -5.01955284e-01 -4.94735433e-01 -4.71551098e-01 -4.22579709e-01 -3.46134199e-01 -2.55401397e-01 -1.65951457e-01 -8.44868397e-02 -1.09192133e-02 5.43795904e-02 1.15558725e-01 2.05992456e-01 3.44258329e-01 4.67185646e-01 5.79003817e-01 6.28085246e-01 6.71541988e-01 6.98052099e-01 7.00158229e-01 6.46732088e-01 5.88712998e-01 5.30648143e-01 5.29056048e-01 5.45284983e-01 5.46774622e-01 5.34301973e-01 5.10686446e-01 4.77957726e-01 4.40516524e-01 4.04648141e-01 3.77302570e-01 3.64858624e-01 3.68733616e-01 3.82284706e-01 3.95177087e-01 4.00691735e-01 3.97778955e-01 3.88219368e-01 3.74066327e-01 3.56995817e-01 3.39120360e-01 3.23395886e-01 3.13259996e-01 3.11713366e-01 3.20143133e-01 3.37899472e-01 3.62760092e-01 3.91948836e-01 4.23212181e-01 4.55382499e-01 4.88384891e-01 5.22748083e-01 5.58501358e-01 5.94417626e-01 6.27806223e-01 6.55017652e-01 6.72817281e-01 6.79160031e-01 6.73775838e-01 6.58698374e-01 6.38089597e-01 6.16662208e-01 5.98130395e-01 5.84127327e-01 5.74467056e-01 5.67738349e-01 5.62074943e-01 5.55504480e-01 5.45883308e-01 5.30506070e-01 5.05710113e-01 4.68186200e-01 4.18051153e-01 3.61219849e-01 3.06428579e-01 2.59000478e-01 2.17780688e-01 1.78048781e-01 1.35189295e-01 8.61905374e-02 2.93791291e-02 -3.61398802e-02 -1.10630444e-01 -1.92879777e-01 -2.77784960e-01 -3.56847641e-01 -4.36994847e-01 -5.30792332e-01 -5.96696316e-01 -6.55654173e-01 -7.33568205e-01 -7.88774922e-01
6.10000000e+00 -5.93919821e-01 -3.71758906e-01 -3.95539413e-01 -4.17669350e-01 -4.29737205e-01 -4.58671932e-01 -4.83518964e-01 -4.94450728e-01 -4.94293842e-01 -4.84256929e-01 -4.59623881e-01 -4.11124846e-01 -3.36705871e-01 -2.48630018e-01 -1.61637919e-01 -8.21554522e-02 -1.03762604e-02 5.29461547e-02 1.13154100e-01 2.04879502e-01 3.40624713e-01 4.58573016e-01 5.68105901e-01 6.13031933e-01 6.59529930e-01 6.86746801e-01 6.95671738e-01 6.45014803e-01 5.92252992e-01 5.35463410e-01 5.31974675e-01 5.48782089e-01 5.51067087e-01 5.38726524e-01 5.14805647e-01 4.81090075e-01 4.41769148e-01 4.03403264e-01 3.73612852e-01 3.59503964e-01 3.62967202e-01 3.77401264e-01 3.92013621e-01 3.99400804e-01 3.98051031e-01 3.89639358e-01 3.76333092e-01 3.59939908e-01 3.42606653e-01 3.27226191e-01 3.17152242e-01 3.15348592e-01 3.23262884e-01 3.40375333e-01 3.64580473e-01 3.93187166e-01 4.23942460e-01 4.55627949e-01 4.88104640e-01 5.21838266e-01 5.56857708e-01 5.91995945e-01 6.24679499e-01 6.51402262e-01 6.69055754e-01 6.75626634e-01 6.70816551e-01 6.56538828e-01 6.36852028e-01 6.16360758e-01 5.98695596e-01 5.85436659e-01 5.76332121e-01 5.69930475e-01 5.64327408e-01 5.57511813e-01 5.47263754e-01 5.30769570e-01 5.04325386e-01 4.64813948e-01 4.12840259e-01 3.54899669e-01 2.99989597e-01 2.53254929e-01 2.13158752e-01 1.74650021e-01 1.32910634e-01 8.48828562e-02 2.89524753e-02 -3.56475444e-02 -1.09127998e-01 -1.90319297e-01 -2.74120908e-01 -3.52679626e-01 -4.34410161e-01 -5.28281391e-01 -5.91446327e-01 -6.52314011e-01 -7.28219203e-01 -7.81921304e-01
6.20000000e+00 -6.03899770e-01 -3.76852400e-01 -3.97843250e-01 -4.21190051e-01 -4.30943681e-01 -4.57496653e-01 -4.81030329e-01 -4.89822034e-01 -4.86587356e-01 -4.73663983e-01 -4.47531790e-01 -3.99541111e-01 -3.27255100e-01 -2.41928140e-01 -1.57421728e-01 -7.99065639e-02 -9.90894170e-03 5.14729099e-02 1.10925525e-01 2.03970446e-01 3.36834341e-01 4.50191963e-01 5.57007080e-01 5.98024476e-01 6.47125800e-01 6.75463585e-01 6.91038305e-01 6.43487968e-01 5.95631263e-01 5.40503876e-01 5.34949008e-01 5.52110752e-01 5.55197056e-01 5.43011115e-01 5.18808486e-01 4.84162703e-01 4.43040418e-01 4.02251394e-01 3.70066147e-01 3.54297223e-01 3.57302341e-01 3.72549387e-01 3.88826524e-01 3.98061078e-01 3.98270440e-01 3.91011075e-01 3.78558713e-01 3.62856216e-01 3.46086941e-01 3.31077773e-01 3.21091043e-01 3.19043874e-01 3.26439955e-01 3.42892320e-01 3.66420640e-01 3.94427243e-01 4.24664931e-01 4.55865542e-01 4.87823081e-01 5.20933926e-01 5.55221237e-01 5.89574646e-01 6.21536199e-01 6.47751115e-01 6.65244749e-01 6.72043825e-01 6.67822556e-01 6.54368395e-01 6.35624666e-01 6.16082066e-01 5.99284164e-01 5.86759316e-01 5.78194097e-01 5.72101543e-01 5.66542891e-01 5.59468292e-01 5.48579742e-01 5.30953116e-01 5.02850015e-01 4.61361938e-01 4.07594368e-01 3.48608036e-01 2.93624203e-01 2.47584775e-01 2.08580466e-01 1.71253159e-01 1.30598820e-01 8.35185177e-02 2.84563350e-02 -3.52286308e-02 -1.07689017e-01 -1.87779470e-01 -2.70410551e-01 -3.48514166e-01 -4.31863546e-01 -5.25462927e-01 -5.86152366e-01 -6.49042206e-01 -7.22680837e-01 -7.75009303e-01
6.30000000e+00 -6.13766074e-01 -3.82143321e-01 -4.00008056e-01 -4.24655770e-01 -4.32303846e-01 -4.56317841e-01 -4.78463024e-01 -4.85152361e-01 -4.78834994e-01 -4.62964945e-01 -4.35288781e-01 -3.87841709e-01 -3.17789218e-01 -2.35295803e-01 -1.53298933e-01 -7.77375849e-02 -9.51795699e-03 4.99678225e-02 1.08887044e-01 2.03234457e-01 3.32884668e-01 4.42055405e-01 5.45691571e-01 5.83117056e-01 6.34310769e-01 6.64245675e-01 6.86221953e-01 6.42168640e-01 5.98831697e-01 5.45739304e-01 5.37996141e-01 5.55274693e-01 5.59161432e-01 5.47154372e-01 5.22690941e-01 4.87168768e-01 4.44324628e-01 4.01191454e-01 3.66666920e-01 3.49246799e-01 3.51748111e-01 3.67735125e-01 3.85617232e-01 3.96670913e-01 3.98434834e-01 3.92332990e-01 3.80742606e-01 3.65744169e-01 3.49559733e-01 3.34948023e-01 3.25073159e-01 3.22796405e-01 3.29672802e-01 3.45450191e-01 3.68281419e-01 3.95670151e-01 4.25380366e-01 4.56095524e-01 4.87539837e-01 5.20034593e-01 5.53591806e-01 5.87154247e-01 6.18377688e-01 6.44066253e-01 6.61386384e-01 6.68413625e-01 6.64795222e-01 6.52187942e-01 6.34407712e-01 6.15825682e-01 5.99895217e-01 5.88093913e-01 5.80051396e-01 5.74249801e-01 5.68719457e-01 5.61371461e-01 5.49827963e-01 5.31053027e-01 5.01281587e-01 4.57831117e-01 4.02318534e-01 3.42351907e-01 2.87337960e-01 2.41992691e-01 2.04046265e-01 1.67857575e-01 1.28253381e-01 8.20978262e-02 2.78921721e-02 -3.48814271e-02 -1.06312657e-01 -1.85260404e-01 -2.66660569e-01 -3.44368485e-01 -4.29340753e-01 -5.22323425e-01 -5.80851697e-01 -6.45802695e-01 -7.16965120e-01 -7.68040523e-01
6.40000000e+00 -6.23502637e-01 -3.87631262e-01 -4.02057660e-01 -4.28042224e-01 -4.33815266e-01 -4.55147596e-01 -4.75812304e-01 -4.80432449e-01 -4.71035442e-01 -4.52168362e-01 -4.22909570e-01 -3.76040387e-01 -3.08315324e-01 -2.28732430e-01 -1.49265212e-01 -7.56460304e-02 -9.20379217e-03 4.84402128e-02 1.07050895e-01 2.02638408e-01 3.28778911e-01 4.34168632e-01 5.34150857e-01 5.68355927e-01 6.21075634e-01 6.53128980e-01 6.81192985e-01 6.41066610e-01 6.01844605e-01 5.51135696e-01 5.41132271e-01 5.58279467e-01 5.62957250e-01 5.51154921e-01 5.26449325e-01 4.90101673e-01 4.45616047e-01 4.00222135e-01 3.63419229e-01 3.44360648e-01 3.46313383e-01 3.62964628e-01 3.82387416e-01 3.95228843e-01 3.98541944e-01 3.93603596e-01 3.82884233e-01 3.68603265e-01 3.53023599e-01 3.38834332e-01 3.29095269e-01 3.26603253e-01 3.32959768e-01 3.48048660e-01 3.70163652e-01 3.96917038e-01 4.26089616e-01 4.56318190e-01 4.87254536e-01 5.19139761e-01 5.51969208e-01 5.84735185e-01 6.15205310e-01 6.40349754e-01 6.57482884e-01 6.64738163e-01 6.61735986e-01 6.49998305e-01 6.33201300e-01 6.15591063e-01 6.00527784e-01 5.89439015e-01 5.81902422e-01 5.76373523e-01 5.70855192e-01 5.63218873e-01 5.51005102e-01 5.31065668e-01 4.99617861e-01 4.54222698e-01 3.97017964e-01 3.36138092e-01 2.81136076e-01 2.36481070e-01 1.99556490e-01 1.64462694e-01 1.25873932e-01 8.06211723e-02 2.72615066e-02 -3.46041208e-02 -1.04997794e-01 -1.82762008e-01 -2.62878572e-01 -3.40259355e-01 -4.26824781e-01 -5.18854886e-01 -5.75578889e-01 -6.42557847e-01 -7.11086681e-01 -7.61015480e-01
6.50000000e+00 -6.33094908e-01 -3.93312585e-01 -4.04017714e-01 -4.31327034e-01 -4.35472300e-01 -4.53998311e-01 -4.73074549e-01 -4.75652804e-01 -4.63186923e-01 -4.41282953e-01 -4.10409582e-01 -3.64151381e-01 -2.98840264e-01 -2.22236854e-01 -1.45315924e-01 -7.36295426e-02 -8.96661620e-03 4.69007138e-02 1.05427112e-01 2.02147549e-01 3.24525743e-01 4.26529217e-01 5.22384245e-01 5.53778431e-01 6.07421776e-01 6.42141082e-01 6.75928881e-01 6.40183944e-01 6.04666634e-01 5.56655934e-01 5.44372197e-01 5.61132486e-01 5.66581747e-01 5.55011350e-01 5.30080283e-01 4.92955096e-01 4.46908953e-01 3.99341908e-01 3.60326720e-01 3.39646266e-01 3.41006787e-01 3.58244133e-01 3.79138992e-01 3.93733597e-01 3.98589593e-01 3.94821415e-01 3.84983093e-01 3.71433061e-01 3.56477160e-01 3.42734096e-01 3.33153983e-01 3.30461370e-01 3.36299084e-01 3.50687396e-01 3.72068194e-01 3.98169107e-01 4.26793599e-01 4.56533885e-01 4.86966819e-01 5.18248890e-01 5.50353178e-01 5.82317820e-01 6.12020395e-01 6.36603728e-01 6.53536579e-01 6.61019661e-01 6.58646351e-01 6.47800289e-01 6.32005493e-01 6.15377575e-01 6.01180806e-01 5.90793145e-01 5.83745570e-01 5.78471008e-01 5.72948206e-01 5.65008091e-01 5.52107848e-01 5.30987467e-01 4.97856787e-01 4.50538171e-01 3.91697998e-01 3.29973228e-01 2.75023391e-01 2.31052022e-01 1.95111392e-01 1.61067999e-01 1.23460184e-01 7.90890346e-02 2.65659052e-02 -3.43948109e-02 -1.03743030e-01 -1.80284052e-01 -2.59073114e-01 -3.36202742e-01 -4.24296236e-01 -5.15055089e-01 -5.70364852e-01 -6.39269516e-01 -7.05062206e-01 -7.53933721e-01
6.60000000e+00 -6.42529910e-01 -3.99180660e-01 -4.05915025e-01 -4.34490241e-01 -4.37266154e-01 -4.52882356e-01 -4.70247346e-01 -4.70803816e-01 -4.55287226e-01 -4.30317575e-01 -3.97804888e-01 -3.52189358e-01 -2.89370618e-01 -2.15807350e-01 -1.41446170e-01 -7.16859039e-02 -8.80617183e-03 4.53611926e-02 1.04023165e-01 2.01726235e-01 3.20138807e-01 4.19127186e-01 5.10399131e-01 5.39412343e-01 5.93361747e-01 6.31300561e-01 6.70414914e-01 6.39514786e-01 6.07300474e-01 5.62260510e-01 5.47728829e-01 5.63843006e-01 5.70032450e-01 5.58722173e-01 5.33580780e-01 4.95723027e-01 4.48197666e-01 3.98549036e-01 3.57392612e-01 3.35110658e-01 3.35836687e-01 3.53579950e-01 3.75874131e-01 3.92184122e-01 3.98575709e-01 3.95984994e-01 3.87038713e-01 3.74233165e-01 3.59919092e-01 3.46644722e-01 3.37245854e-01 3.34367600e-01 3.39688875e-01 3.53366017e-01 3.73995903e-01 3.99427616e-01 4.27493306e-01 4.56743001e-01 4.86676343e-01 5.17361412e-01 5.48743390e-01 5.79902439e-01 6.08824250e-01 6.32830313e-01 6.49549902e-01 6.57260436e-01 6.55527890e-01 6.45594663e-01 6.30820286e-01 6.15184498e-01 6.01853139e-01 5.92154782e-01 5.85579228e-01 5.80540576e-01 5.74996624e-01 5.66736681e-01 5.53132893e-01 5.30814927e-01 4.95996523e-01 4.46779307e-01 3.86364088e-01 3.23863748e-01 2.69004367e-01 2.25707388e-01 1.90711145e-01 1.57673041e-01 1.21011948e-01 7.75019822e-02 2.58069736e-02 -3.42515181e-02 -1.02546698e-01 -1.77826224e-01 -2.55253679e-01 -3.32213442e-01 -4.21733782e-01 -5.10927691e-01 -5.65236012e-01 -6.35900090e-01 -6.98909832e-01 -7.46793962e-01
6.70000000e+00 -6.51796235e-01 -4.05226160e-01 -4.07776882e-01 -4.37514763e-01 -4.39185013e-01 -4.51811750e-01 -4.67329544e-01 -4.65875891e-01 -4.47333738e-01 -4.19281199e-01 -3.85112130e-01 -3.40169350e-01 -2.79912684e-01 -2.09441683e-01 -1.37650847e-01 -6.98130415e-02 -8.72166278e-03 4.38346318e-02 1.02843638e-01 2.01338689e-01 3.15636071e-01 4.11945425e-01 4.98210958e-01 5.25275598e-01 5.78919462e-01 6.20616673e-01 6.64644451e-01 6.39045435e-01 6.09754372e-01 5.67908333e-01 5.51212723e-01 5.66422065e-01 5.73307278e-01 5.62285799e-01 5.36948088e-01 4.98399794e-01 4.49476585e-01 3.97841584e-01 3.54619690e-01 3.30760321e-01 3.30811144e-01 3.48978442e-01 3.72595268e-01 3.90579597e-01 3.98498336e-01 3.97092914e-01 3.89050640e-01 3.77003227e-01 3.63348116e-01 3.50563629e-01 3.41367385e-01 3.38318691e-01 3.43127155e-01 3.56084092e-01 3.75947630e-01 4.00693865e-01 4.28189790e-01 4.56945978e-01 4.86382785e-01 5.16476732e-01 5.47139466e-01 5.77489257e-01 6.05618163e-01 6.29031672e-01 6.45525387e-01 6.53462892e-01 6.52382239e-01 6.43382164e-01 6.29645604e-01 6.15011024e-01 6.02543552e-01 5.93522367e-01 5.87401775e-01 5.82580573e-01 5.76998587e-01 5.68402210e-01 5.54076937e-01 5.30544643e-01 4.94035449e-01 4.42948156e-01 3.81021779e-01 3.17815862e-01 2.63083085e-01 2.20448747e-01 1.86355860e-01 1.54277446e-01 1.18529137e-01 7.58606760e-02 2.49863487e-02 -3.41721934e-02 -1.01406870e-01 -1.75388195e-01 -2.51430645e-01 -3.28304736e-01 -4.19114663e-01 -5.06482174e-01 -5.60213606e-01 -6.32413490e-01 -6.92648525e-01 -7.39594238e-01
6.80000000e+00 -6.60884019e-01 -4.11437399e-01 -4.09630387e-01 -4.40386765e-01 -4.41214244e-01 -4.50797827e-01 -4.64321281e-01 -4.60859594e-01 -4.39323490e-01 -4.08182880e-01 -3.72348451e-01 -3.28106695e-01 -2.70472473e-01 -2.03137149e-01 -1.33924710e-01 -6.80090229e-02 -8.71164062e-03 4.23349723e-02 1.01889972e-01 2.00949785e-01 3.11039059e-01 4.04960334e-01 4.85842874e-01 5.11376369e-01 5.64129988e-01 6.10089407e-01 6.58618944e-01 6.38754674e-01 6.12041467e-01 5.73557600e-01 5.54831658e-01 5.68882376e-01 5.76404651e-01 5.65700510e-01 5.40179765e-01 5.00980091e-01 4.50740222e-01 3.97217430e-01 3.52010296e-01 3.26601219e-01 3.25937895e-01 3.44446012e-01 3.69305110e-01 3.88919450e-01 3.98355649e-01 3.98143789e-01 3.91018433e-01 3.79742927e-01 3.66763000e-01 3.54488252e-01 3.45515044e-01 3.42311303e-01 3.46611837e-01 3.58841136e-01 3.77924217e-01 4.01969193e-01 4.28884167e-01 4.57143303e-01 4.86085849e-01 5.15594237e-01 5.45540972e-01 5.75078424e-01 6.02403394e-01 6.25209985e-01 6.41465667e-01 6.49629515e-01 6.49211103e-01 6.41163497e-01 6.28481305e-01 6.14856266e-01 6.03250727e-01 5.94894303e-01 5.89211584e-01 5.84589362e-01 5.78952245e-01 5.70002242e-01 5.54936700e-01 5.30173313e-01 4.91972190e-01 4.39047053e-01 3.75676685e-01 3.11835524e-01 2.57263235e-01 2.15277421e-01 1.82045591e-01 1.50880925e-01 1.16011772e-01 7.41658704e-02 2.41056925e-02 -3.41547254e-02 -1.00321375e-01 -1.72969700e-01 -2.47615218e-01 -3.24488065e-01 -4.16415282e-01 -5.01733636e-01 -5.55313142e-01 -6.28776095e-01 -6.86297466e-01 -7.32332068e-01
6.90000000e+00 -6.69784887e-01 -4.17800707e-01 -4.11501808e-01 -4.43095939e-01 -4.43336684e-01 -4.49850904e-01 -4.61223983e-01 -4.55745786e-01 -4.31253212e-01 -3.97031726e-01 -3.59531406e-01 -3.16016960e-01 -2.61055706e-01 -1.96890629e-01 -1.30262427e-01 -6.62720412e-02 -8.77389426e-03 4.08769174e-02 1.01160262e-01 2.00525819e-01 3.06371959e-01 3.98142678e-01 4.73325095e-01 4.97713521e-01 5.49038940e-01 5.99709891e-01 6.52347613e-01 6.38614369e-01 6.14178962e-01 5.79166682e-01 5.58590268e-01 5.71238173e-01 5.79323603e-01 5.68964447e-01 5.43273636e-01 5.03459007e-01 4.51983232e-01 3.96674282e-01 3.49566326e-01 3.22638773e-01 3.21224317e-01 3.39989078e-01 3.66006638e-01 3.87203379e-01 3.98145969e-01 3.99136272e-01 3.92941656e-01 3.82451966e-01 3.70162554e-01 3.58416049e-01 3.49685273e-01 3.46342019e-01 3.50140734e-01 3.61636607e-01 3.79926483e-01 4.03254971e-01 4.29577611e-01 4.57335504e-01 4.85785267e-01 5.14713293e-01 5.43947426e-01 5.72670027e-01 5.99181180e-01 6.21367452e-01 6.37373467e-01 6.45762873e-01 6.46016249e-01 6.38939331e-01 6.27327176e-01 6.14719252e-01 6.03973264e-01 5.96268960e-01 5.91007020e-01 5.86565327e-01 5.80855756e-01 5.71534338e-01 5.55708920e-01 5.29697761e-01 4.89805622e-01 4.35078612e-01 3.70334462e-01 3.05928414e-01 2.51548117e-01 2.10194492e-01 1.77780345e-01 1.47483278e-01 1.13459986e-01 7.24184131e-02 2.31666869e-02 -3.41969458e-02 -9.92878101e-02 -1.70570614e-01 -2.43819335e-01 -3.20772732e-01 -4.13611830e-01 -4.96702425e-01 -5.50544040e-01 -6.24957571e-01 -6.79875450e-01 -7.25004618e-01
7.00000000e+00 -6.78491883e-01 -4.24300833e-01 -4.13415982e-01 -4.45635689e-01 -4.45532978e-01 -4.48979957e-01 -4.58040335e-01 -4.50525776e-01 -4.23119394e-01 -3.85836869e-01 -3.46678875e-01 -3.03915872e-01 -2.51667816e-01 -1.90698647e-01 -1.26658636e-01 -6.46003906e-02 -8.90534600e-03 3.94757012e-02 1.00649137e-01 2.00035250e-01 3.01660660e-01 3.91458635e-01 4.60694015e-01 4.84277400e-01 5.33701493e-01 5.89461152e-01 6.45846835e-01 6.38590277e-01 6.16187181e-01 5.84695026e-01 5.62489741e-01 5.73505004e-01 5.82063900e-01 5.72075609e-01 5.46227769e-01 5.05832039e-01 4.53200453e-01 3.96209686e-01 3.47289221e-01 3.18877844e-01 3.16677411e-01 3.35614057e-01 3.62703111e-01 3.85431362e-01 3.97867771e-01 4.00069058e-01 3.94819868e-01 3.85130057e-01 3.73545622e-01 3.62344499e-01 3.53874501e-01 3.50407356e-01 3.53711562e-01 3.64469905e-01 3.81955219e-01 4.04552595e-01 4.30271348e-01 4.57523154e-01 4.85480804e-01 5.13833256e-01 5.42358300e-01 5.70264095e-01 5.95952730e-01 6.17506282e-01 6.33251597e-01 6.41865602e-01 6.42799507e-01 6.36710309e-01 6.26182939e-01 6.14598936e-01 6.04709683e-01 5.97644679e-01 5.92786442e-01 5.88506867e-01 5.82707279e-01 5.72996049e-01 5.56390366e-01 5.29114947e-01 4.87534896e-01 4.31045723e-01 3.65000789e-01 3.00099915e-01 2.45940642e-01 2.05200808e-01 1.73560093e-01 1.44084399e-01 1.10874025e-01 7.06192463e-02 2.21710291e-02 -3.42966335e-02 -9.83035675e-02 -1.68191032e-01 -2.40055542e-01 -3.17165649e-01 -4.10680943e-01 -4.91413628e-01 -5.45909444e-01 -6.20931581e-01 -6.73400330e-01 -7.17608862e-01
7.10000000e+00 -6.86999376e-01 -4.30921346e-01 -4.15395766e-01 -4.48003213e-01 -4.47781982e-01 -4.48192326e-01 -4.54774213e-01 -4.45191466e-01 -4.14918356e-01 -3.74607437e-01 -3.33808971e-01 -2.91819240e-01 -2.42313951e-01 -1.84557430e-01 -1.23108002e-01 -6.29924315e-02 -9.10195748e-03 3.81468253e-02 1.00347717e-01 1.99449389e-01 2.96931743e-01 3.84870975e-01 4.47991075e-01 4.71050925e-01 5.18181065e-01 5.79319190e-01 6.39139273e-01 6.38643065e-01 6.18088521e-01 5.90104024e-01 5.66527601e-01 5.75699485e-01 5.84626160e-01 5.75031855e-01 5.49040446e-01 5.08095115e-01 4.54386931e-01 3.95821043e-01 3.45179968e-01 3.15322718e-01 3.12303770e-01 3.31327343e-01 3.59398064e-01 3.83603676e-01 3.97519705e-01 4.00940889e-01 3.96652619e-01 3.87776918e-01 3.76911081e-01 3.66271109e-01 3.58079153e-01 3.54503775e-01 3.57321948e-01 3.67340369e-01 3.84011183e-01 4.05863476e-01 4.30966654e-01 4.57706866e-01 4.85172263e-01 5.12953476e-01 5.40773024e-01 5.67860606e-01 5.92719221e-01 6.13628698e-01 6.29102954e-01 6.37940412e-01 6.39562762e-01 6.34477044e-01 6.25048246e-01 6.14494197e-01 6.05458423e-01 5.99019767e-01 5.94548203e-01 5.90412397e-01 5.84504975e-01 5.74384916e-01 5.56977842e-01 5.28421983e-01 4.85159445e-01 4.26951548e-01 3.59681339e-01 2.94355093e-01 2.40443334e-01 2.00296995e-01 1.69384780e-01 1.40684284e-01 1.08254251e-01 6.87694052e-02 2.11204286e-02 -3.44515180e-02 -9.73658569e-02 -1.65831355e-01 -2.36336838e-01 -3.13671138e-01 -4.07600365e-01 -4.85896428e-01 -5.41406232e-01 -6.16676345e-01 -6.66888518e-01 -7.10141731e-01
7.20000000e+00 -6.95302960e-01 -4.37645048e-01 -4.17461564e-01 -4.50199476e-01 -4.50061216e-01 -4.47493433e-01 -4.51430596e-01 -4.39735493e-01 -4.06646334e-01 -3.63352522e-01 -3.20939942e-01 -2.79742879e-01 -2.32998984e-01 -1.78462971e-01 -1.19605267e-01 -6.14465458e-02 -9.35864941e-03 3.69057667e-02 1.00243663e-01 1.98743016e-01 2.92211454e-01 3.78340357e-01 4.35261461e-01 4.58010946e-01 5.02547692e-01 5.69254315e-01 6.32252778e-01 6.38729483e-01 6.19906356e-01 5.95357834e-01 5.70697575e-01 5.77839004e-01 5.87011955e-01 5.77830930e-01 5.51710135e-01 5.10244606e-01 4.55537956e-01 3.95505621e-01 3.43239099e-01 3.11977102e-01 3.08109563e-01 3.27135281e-01 3.56095307e-01 3.81720909e-01 3.97100604e-01 4.01750563e-01 3.98439444e-01 3.90392255e-01 3.80257835e-01 3.70193415e-01 3.62295661e-01 3.58627692e-01 3.60969430e-01 3.70247275e-01 3.86095089e-01 4.07189036e-01 4.31664849e-01 4.57887294e-01 4.84859487e-01 5.12073297e-01 5.39190989e-01 5.65459491e-01 5.89481800e-01 6.09736927e-01 6.24930506e-01 6.33990073e-01 6.36307954e-01 6.32240123e-01 6.23922686e-01 6.14403839e-01 6.06217849e-01 6.00392507e-01 5.96290649e-01 5.92280339e-01 5.86247000e-01 5.75698468e-01 5.57468197e-01 5.27616156e-01 4.82678999e-01 4.22799507e-01 3.54381753e-01 2.88698680e-01 2.35058334e-01 1.95483468e-01 1.65254328e-01 1.37283029e-01 1.05601146e-01 6.68700176e-02 2.00166052e-02 -3.46592811e-02 -9.64717392e-02 -1.63492363e-01 -2.32676495e-01 -3.10290780e-01 -4.04349610e-01 -4.80183358e-01 -5.37025209e-01 -6.12175065e-01 -6.60354547e-01 -7.02600256e-01
7.30000000e+00 -7.03399344e-01 -4.44454361e-01 -4.19630930e-01 -4.52229090e-01 -4.52347346e-01 -4.46886555e-01 -4.48015436e-01 -4.34151372e-01 -3.98299562e-01 -3.52081156e-01 -3.08090069e-01 -2.67702531e-01 -2.23727529e-01 -1.72411097e-01 -1.16145300e-01 -5.99610824e-02 -9.66923870e-03 3.57676658e-02 1.00321301e-01 1.97894900e-01 2.87524706e-01 3.71826675e-01 4.22552650e-01 4.45129806e-01 4.86876178e-01 5.59232710e-01 6.25219113e-01 6.38803658e-01 6.21663909e-01 6.00424129e-01 5.74989559e-01 5.79941395e-01 5.89223922e-01 5.80470493e-01 5.54235464e-01 5.12277332e-01 4.56649093e-01 3.95260571e-01 3.41466692e-01 3.08844116e-01 3.04100509e-01 3.23044153e-01 3.52798919e-01 3.79783971e-01 3.96609502e-01 4.02496936e-01 4.00179857e-01 3.92975762e-01 3.83584807e-01 3.74108984e-01 3.66520474e-01 3.62775490e-01 3.64651472e-01 3.73189830e-01 3.88207603e-01 4.08530700e-01 4.32367290e-01 4.58065128e-01 4.84542358e-01 5.11192065e-01 5.37611551e-01 5.63060640e-01 5.86241581e-01 6.05833204e-01 6.20737292e-01 6.30017419e-01 6.33037073e-01 6.30000110e-01 6.22805781e-01 6.14326598e-01 6.06986254e-01 6.01761154e-01 5.98012123e-01 5.94109124e-01 5.87931502e-01 5.76934224e-01 5.57858333e-01 5.26694936e-01 4.80093597e-01 4.18593272e-01 3.49107617e-01 2.83135056e-01 2.29787408e-01 1.90760443e-01 1.61168645e-01 1.33880838e-01 1.02915315e-01 6.49223023e-02 1.88612880e-02 -3.49175575e-02 -9.56181625e-02 -1.61175293e-01 -2.29087856e-01 -3.07023342e-01 -4.00910586e-01 -4.74309446e-01 -5.32751473e-01 -6.07416172e-01 -6.53810719e-01 -6.94981685e-01
7.40000000e+00 -7.11286228e-01 -4.51331704e-01 -4.21918261e-01 -4.54100087e-01 -4.54616689e-01 -4.46372627e-01 -4.44535504e-01 -4.28433623e-01 -3.89874373e-01 -3.40802280e-01 -2.95277561e-01 -2.55713788e-01 -2.14503955e-01 -1.66397537e-01 -1.12723142e-01 -5.85342945e-02 -1.00263964e-02 3.47469992e-02 1.00561855e-01 1.96888206e-01 2.82894134e-01 3.65290425e-01 4.09912890e-01 4.32377052e-01 4.71244066e-01 5.49218147e-01 6.18072551e-01 6.38818454e-01 6.23383154e-01 6.05274735e-01 5.79389687e-01 5.82024570e-01 5.91265844e-01 5.82948160e-01 5.56615186e-01 5.14190566e-01 4.57716202e-01 3.95082942e-01 3.39862369e-01 3.05926285e-01 3.00281862e-01 3.19060148e-01 3.49513240e-01 3.77794102e-01 3.96045641e-01 4.03178932e-01 4.01873345e-01 3.95527105e-01 3.86890938e-01 3.78015419e-01 3.70750068e-01 3.66943527e-01 3.68365462e-01 3.76167173e-01 3.90349335e-01 4.09889885e-01 4.33075368e-01 4.58241100e-01 4.84220806e-01 5.10309135e-01 5.36034038e-01 5.60663908e-01 5.82999644e-01 6.01919764e-01 6.16526406e-01 6.26025337e-01 6.29752149e-01 6.27757549e-01 6.21696991e-01 6.14261146e-01 6.07761863e-01 6.03123941e-01 5.99710961e-01 5.95897188e-01 5.89556620e-01 5.78089686e-01 5.58145214e-01 5.25655998e-01 4.77403594e-01 4.14336750e-01 3.43864431e-01 2.77668240e-01 2.24631954e-01 1.86127950e-01 1.57127635e-01 1.30478019e-01 1.00197484e-01 6.29275670e-02 1.76562154e-02 -3.52239362e-02 -9.48020048e-02 -1.58881907e-01 -2.25584105e-01 -3.03864765e-01 -3.97268180e-01 -4.68311311e-01 -5.28564952e-01 -6.02393422e-01 -6.47266844e-01 -6.87283589e-01
7.50000000e+00 -7.18962195e-01 -4.58259829e-01 -4.24334582e-01 -4.55823613e-01 -4.56845733e-01 -4.45950099e-01 -4.40998212e-01 -4.22577895e-01 -3.81367302e-01 -3.29524721e-01 -2.82520453e-01 -2.43792006e-01 -2.05332407e-01 -1.60417999e-01 -1.09334045e-01 -5.71642689e-02 -1.04216298e-02 3.38572464e-02 1.00943744e-01 1.95710787e-01 2.78339243e-01 3.58694033e-01 3.97389643e-01 4.19721217e-01 4.55729522e-01 5.39173788e-01 6.10848404e-01 6.38726861e-01 6.25083769e-01 6.09886162e-01 5.83880498e-01 5.84106134e-01 5.93142718e-01 5.85261564e-01 5.58848157e-01 5.15982039e-01 4.58735471e-01 3.94969696e-01 3.38425310e-01 3.03225542e-01 2.96658396e-01 3.15189339e-01 3.46242862e-01 3.75752888e-01 3.95408493e-01 4.03795546e-01 4.03519368e-01 3.98045920e-01 3.90175178e-01 3.81910357e-01 3.74980957e-01 3.71128150e-01 3.72108721e-01 3.79178373e-01 3.92520835e-01 4.11267996e-01 4.33790501e-01 4.58415974e-01 4.83894805e-01 5.09423871e-01 5.34457750e-01 5.58269120e-01 5.79757033e-01 5.97998846e-01 6.12300998e-01 6.22016765e-01 6.26455255e-01 6.25512967e-01 6.20595715e-01 6.14206087e-01 6.08542837e-01 6.04479075e-01 6.01385492e-01 5.97642966e-01 5.91120477e-01 5.79162345e-01 5.58325875e-01 5.24497237e-01 4.74609674e-01 4.10034071e-01 3.38657589e-01 2.72301874e-01 2.19593014e-01 1.81585841e-01 1.53131201e-01 1.27074988e-01 9.74485028e-02 6.08872057e-02 1.64031365e-02 -3.55759598e-02 -9.40201213e-02 -1.56614543e-01 -2.22178029e-01 -3.00808229e-01 -3.93410773e-01 -4.62226207e-01 -5.24441089e-01 -5.97105829e-01 -6.40730063e-01 -6.79503930e-01
7.60000000e+00 -7.26426581e-01 -4.65222123e-01 -4.26887426e-01 -4.57413528e-01 -4.59011644e-01 -4.45614854e-01 -4.37411411e-01 -4.16581069e-01 -3.72775192e-01 -3.18257170e-01 -2.69836497e-01 -2.31952236e-01 -1.96216826e-01 -1.54468231e-01 -1.05973504e-01 -5.58488486e-02 -1.08452910e-02 3.31105581e-02 1.01442976e-01 1.94355334e-01 2.73875669e-01 3.52003108e-01 3.85028074e-01 4.07131620e-01 4.40409179e-01 5.29064021e-01 6.03581535e-01 6.38483351e-01 6.26782177e-01 6.14239987e-01 5.88441205e-01 5.86202988e-01 5.94860803e-01 5.87408419e-01 5.60933305e-01 5.17649927e-01 4.59703437e-01 3.94917723e-01 3.37154250e-01 3.00743227e-01 2.93234389e-01 3.11437665e-01 3.42992614e-01 3.73662261e-01 3.94697765e-01 4.04345857e-01 4.05117355e-01 4.00531800e-01 3.93436479e-01 3.85791471e-01 3.79209700e-01 3.75325704e-01 3.75878516e-01 3.82222422e-01 3.94722585e-01 4.12666418e-01 4.34514126e-01 4.58590551e-01 4.83564377e-01 5.08535651e-01 5.32881967e-01 5.55876077e-01 5.76514757e-01 5.94072685e-01 6.08064257e-01 6.17994689e-01 6.23148491e-01 6.23266881e-01 6.19501293e-01 6.14159967e-01 6.09327279e-01 6.05824742e-01 6.03034044e-01 5.99344888e-01 5.92621182e-01 5.80149678e-01 5.58397435e-01 5.23216781e-01 4.71712849e-01 4.05689570e-01 3.33492348e-01 2.67039221e-01 2.14671285e-01 1.77133805e-01 1.49179250e-01 1.23672268e-01 9.46693469e-02 5.88026964e-02 1.51038136e-02 -3.59711258e-02 -9.32693964e-02 -1.54376157e-01 -2.18881757e-01 -2.97844293e-01 -3.89330669e-01 -4.56091057e-01 -5.20351644e-01 -5.91557436e-01 -6.34204773e-01 -6.71641117e-01
7.70000000e+00 -7.33679374e-01 -4.72202863e-01 -4.29580811e-01 -4.58885951e-01 -4.61092758e-01 -4.45360177e-01 -4.33783164e-01 -4.10441348e-01 -3.64095308e-01 -3.07008159e-01 -2.57243059e-01 -2.20209141e-01 -1.87160978e-01 -1.48544103e-01 -1.02637290e-01 -5.45855522e-02 -1.12866150e-02 3.25174371e-02 1.02033600e-01 1.92819388e-01 2.69514590e-01 3.45187565e-01 3.72869626e-01 3.94580097e-01 4.25356054e-01 5.18856225e-01 5.96304927e-01 6.38045164e-01 6.28490726e-01 6.18323094e-01 5.93048063e-01 5.88330913e-01 5.96427637e-01 5.89386599e-01 5.62869609e-01 5.19192849e-01 4.60617002e-01 3.94923861e-01 3.36047496e-01 2.98480088e-01 2.90013613e-01 3.07810903e-01 3.39767551e-01 3.71524508e-01 3.93913416e-01 4.04829031e-01 4.06666699e-01 4.02984289e-01 3.96673794e-01 3.89656477e-01 3.83432908e-01 3.79532542e-01 3.79672061e-01 3.85298236e-01 3.96954996e-01 4.14086505e-01 4.35247697e-01 4.58765666e-01 4.83229594e-01 5.07643878e-01 5.31305953e-01 5.53484561e-01 5.73273789e-01 5.90143516e-01 6.03819405e-01 6.13962137e-01 6.19833986e-01 6.21019793e-01 6.18413012e-01 6.14121271e-01 6.10113237e-01 6.07159105e-01 6.04654937e-01 6.01001378e-01 5.94056820e-01 5.81049154e-01 5.58357104e-01 5.21813012e-01 4.68714470e-01 4.01307764e-01 3.28373806e-01 2.61883152e-01 2.09867134e-01 1.72771380e-01 1.45271699e-01 1.20270485e-01 9.18611164e-02 5.66755973e-02 1.37600250e-02 -3.64068875e-02 -9.25468011e-02 -1.52170356e-01 -2.15706508e-01 -2.94961104e-01 -3.85024435e-01 -4.49941502e-01 -5.16265604e-01 -5.85756956e-01 -6.27692648e-01 -6.63694032e-01
7.80000000e+00 -7.40721099e-01 -4.79187422e-01 -4.32415303e-01 -4.60258742e-01 -4.63069045e-01 -4.45176796e-01 -4.30121516e-01 -4.04158329e-01 -3.55325456e-01 -2.95786046e-01 -2.44757013e-01 -2.08576923e-01 -1.78168476e-01 -1.42641671e-01 -9.93214629e-02 -5.33714889e-02 -1.17337875e-02 3.20864385e-02 1.02688231e-01 1.91105217e-01 2.65262296e-01 3.38222594e-01 3.60950735e-01 3.82042617e-01 4.10637576e-01 5.08522437e-01 5.89048349e-01 6.37373472e-01 6.30217006e-01 6.22127750e-01 5.97674818e-01 5.90504177e-01 5.97852025e-01 5.91194227e-01 5.64656082e-01 5.20609848e-01 4.61473452e-01 3.94984909e-01 3.35102932e-01 2.96436288e-01 2.86999323e-01 3.04314646e-01 3.36572934e-01 3.69342274e-01 3.93055667e-01 4.05244331e-01 4.08166763e-01 4.05402880e-01 3.99886065e-01 3.93503128e-01 3.87647255e-01 3.83745038e-01 3.83486528e-01 3.88404654e-01 3.99218402e-01 4.15529577e-01 4.35992676e-01 4.58942186e-01 4.82890576e-01 5.06747977e-01 5.29728963e-01 5.51094343e-01 5.70035069e-01 5.86213568e-01 5.99569685e-01 6.09922171e-01 6.16513888e-01 6.18772202e-01 6.17330101e-01 6.14088430e-01 6.10898713e-01 6.08480308e-01 6.06246485e-01 6.02610848e-01 5.95425457e-01 5.81858233e-01 5.58202199e-01 5.20284573e-01 4.65616226e-01 3.96893338e-01 3.23306880e-01 2.56836147e-01 2.05180607e-01 1.68497959e-01 1.41408478e-01 1.16870371e-01 8.90250352e-02 5.45075443e-02 1.23735694e-02 -3.68806561e-02 -9.18494525e-02 -1.50001398e-01 -2.12662328e-01 -2.92144687e-01 -3.80493124e-01 -4.43810998e-01 -5.12150159e-01 -5.79717277e-01 -6.21192739e-01 -6.55662026e-01
7.90000000e+00 -7.47552724e-01 -4.86162430e-01 -4.35388177e-01 -4.61550948e-01 -4.64922519e-01 -4.45052974e-01 -4.26434251e-01 -3.97733047e-01 -3.46464094e-01 -2.84598998e-01 -2.32394640e-01 -1.97069254e-01 -1.69242813e-01 -1.36757249e-01 -9.60223895e-02 -5.22032752e-02 -1.21740452e-02 3.18239004e-02 1.03378613e-01 1.89219545e-01 2.61119942e-01 3.31089434e-01 3.49301743e-01 3.69500696e-01 3.96313822e-01 4.98040824e-01 5.81837175e-01 6.36434386e-01 6.31963354e-01 6.25651526e-01 6.02293236e-01 5.92735143e-01 5.99143996e-01 5.92829769e-01 5.66291753e-01 5.21900376e-01 4.62270473e-01 3.95097649e-01 3.34318034e-01 2.94611412e-01 2.84194252e-01 3.00954285e-01 3.33414210e-01 3.67118559e-01 3.92125012e-01 4.05591126e-01 4.09616874e-01 4.07787000e-01 4.03072221e-01 3.97329218e-01 3.91849483e-01 3.87959596e-01 3.87319054e-01 3.91540435e-01 4.01513055e-01 4.16996907e-01 4.36750523e-01 4.59121010e-01 4.82547490e-01 5.05847402e-01 5.28150247e-01 5.48705184e-01 5.66799499e-01 5.82285062e-01 5.95318357e-01 6.05877887e-01 6.13190358e-01 6.16524604e-01 6.16251746e-01 6.14059824e-01 6.11681663e-01 6.09786472e-01 6.07806998e-01 6.04171694e-01 5.96725130e-01 5.82574369e-01 5.57930150e-01 5.18630390e-01 4.62420147e-01 3.92451116e-01 3.18296280e-01 2.51900296e-01 2.00611452e-01 1.64312811e-01 1.37589535e-01 1.13472756e-01 8.61624507e-02 5.23002474e-02 1.09462708e-02 -3.73898050e-02 -9.11746774e-02 -1.47874186e-01 -2.09757846e-01 -2.89379285e-01 -3.75742385e-01 -4.37729974e-01 -5.07971717e-01 -5.73454864e-01 -6.14701672e-01 -6.47544895e-01
8.00000000e+00 -7.54175573e-01 -4.93115871e-01 -4.38493640e-01 -4.62782224e-01 -4.66637597e-01 -4.44974676e-01 -4.22728642e-01 -3.91168006e-01 -3.37510453e-01 -2.73454984e-01 -2.20171528e-01 -1.85699205e-01 -1.60387381e-01 -1.30887473e-01 -9.27367467e-02 -5.10769516e-02 -1.25938062e-02 3.17337138e-02 1.04076216e-01 1.87173167e-01 2.57083480e-01 3.23775927e-01 3.37946039e-01 3.56942586e-01 3.82436000e-01 4.87396923e-01 5.74691413e-01 6.35199774e-01 6.33726542e-01 6.28897056e-01 6.06873696e-01 5.95033912e-01 6.00314724e-01 5.94292135e-01 5.67775663e-01 5.23064270e-01 4.63006155e-01 3.95258858e-01 3.33689886e-01 2.93004475e-01 2.81600606e-01 2.97734979e-01 3.30296995e-01 3.64856724e-01 3.91122233e-01 4.05868899e-01 4.11016327e-01 4.10136015e-01 4.06231170e-01 4.01132583e-01 3.96036410e-01 3.92172657e-01 3.91166751e-01 3.94704256e-01 4.03839122e-01 4.18489719e-01 4.37522697e-01 4.59303068e-01 4.82200557e-01 5.04941642e-01 5.26569058e-01 5.46316843e-01 5.63567953e-01 5.78360214e-01 5.91068680e-01 6.01832408e-01 6.09865564e-01 6.14277491e-01 6.15177083e-01 6.14033780e-01 6.12460006e-01 6.11075700e-01 6.09334778e-01 6.05682292e-01 5.97953853e-01 5.83195020e-01 5.57538516e-01 5.16849679e-01 4.59128598e-01 3.87986043e-01 3.13346487e-01 2.47077294e-01 1.96159128e-01 1.60215081e-01 1.33814836e-01 1.10078572e-01 8.32748314e-02 5.00554872e-02 9.47998371e-03 -3.79316754e-02 -9.05200764e-02 -1.45794231e-01 -2.07000035e-01 -2.86647768e-01 -3.70782441e-01 -4.31725094e-01 -5.03696932e-01 -5.66989076e-01 -6.08213905e-01 -6.39342832e-01
8.10000000e+00 -7.60591251e-01 -5.00037144e-01 -4.41723135e-01 -4.63972249e-01 -4.68201392e-01 -4.44925782e-01 -4.19011216e-01 -3.84467174e-01 -3.28464648e-01 -2.62361763e-01 -2.08102486e-01 -1.74479184e-01 -1.51605511e-01 -1.25029364e-01 -8.94615180e-02 -4.99879063e-02 -1.29788319e-02 3.18171387e-02 1.04752861e-01 1.84980429e-01 2.53143790e-01 3.16276834e-01 3.26899462e-01 3.44364166e-01 3.69045247e-01 4.76584596e-01 5.67624964e-01 6.33647858e-01 6.35497678e-01 6.31871646e-01 6.11385825e-01 5.97408005e-01 6.01376413e-01 5.95580783e-01 5.69106865e-01 5.24101730e-01 4.63679000e-01 3.95465331e-01 3.33215194e-01 2.91613932e-01 2.79220061e-01 2.94661643e-01 3.27227046e-01 3.62560481e-01 3.90048402e-01 4.06077254e-01 4.12364389e-01 4.12449218e-01 4.09361795e-01 4.04911103e-01 4.00204931e-01 3.96380714e-01 3.95026716e-01 3.97894715e-01 4.06196681e-01 4.20009177e-01 4.38310641e-01 4.59489315e-01 4.81850041e-01 5.04030225e-01 5.24984655e-01 5.43929081e-01 5.60341270e-01 5.74441225e-01 5.86823908e-01 5.97788875e-01 6.06541676e-01 6.12031361e-01 6.14105211e-01 6.14008582e-01 6.13231629e-01 6.12346072e-01 6.10828119e-01 6.07140995e-01 5.99109606e-01 5.83717645e-01 5.57024998e-01 5.14941961e-01 4.55744279e-01 3.83503153e-01 3.08461738e-01 2.42368451e-01 1.91822827e-01 1.56203809e-01 1.30084371e-01 1.06688842e-01 8.03637648e-02 4.77751119e-02 7.97659941e-03 -3.85035847e-02 -8.98835886e-02 -1.43767599e-01 -2.04394003e-01 -2.83932085e-01 -3.65627953e-01 -4.25818628e-01 -4.99293701e-01 -5.60341420e-01 -6.01722060e-01 -6.31056357e-01
8.20000000e+00 -7.66801577e-01 -5.06917061e-01 -4.45065696e-01 -4.65140151e-01 -4.69603929e-01 -4.44888365e-01 -4.15287524e-01 -3.77635960e-01 -3.19327783e-01 -2.51326888e-01 -1.96201447e-01 -1.63420878e-01 -1.42900491e-01 -1.19180386e-01 -8.61939821e-02 -4.89308047e-02 -1.33144169e-02 3.20726754e-02 1.05381327e-01 1.82658621e-01 2.49286981e-01 3.08593917e-01 3.16169989e-01 3.31769527e-01 3.56171773e-01 4.65606665e-01 5.60645146e-01 6.31763582e-01 6.37262298e-01 6.34586748e-01 6.15799166e-01 5.99862091e-01 6.02342149e-01 5.96695819e-01 5.70284428e-01 5.25013286e-01 4.64287922e-01 3.95713894e-01 3.32890304e-01 2.90437696e-01 2.77053764e-01 2.91738920e-01 3.24210243e-01 3.60233892e-01 3.88904896e-01 4.06215929e-01 4.13660300e-01 4.14725827e-01 4.12462948e-01 4.08662695e-01 4.04352031e-01 4.00580317e-01 3.98896033e-01 4.01110325e-01 4.08585718e-01 4.21556377e-01 4.39115782e-01 4.59680737e-01 4.81496258e-01 5.03112718e-01 5.23396314e-01 5.41541664e-01 5.57120264e-01 5.70530287e-01 5.82587281e-01 5.93750444e-01 6.03220858e-01 6.09786712e-01 6.13035190e-01 6.13982470e-01 6.13994393e-01 6.13595652e-01 6.12285307e-01 6.08546126e-01 6.00190341e-01 5.84139717e-01 5.56387446e-01 5.12907073e-01 4.52270214e-01 3.79007551e-01 3.03646002e-01 2.37774698e-01 1.87601488e-01 1.52277939e-01 1.26398153e-01 1.03304679e-01 7.74309541e-02 4.54610345e-02 6.43805177e-03 -3.91028377e-02 -8.92635551e-02 -1.41800833e-01 -2.01942817e-01 -2.81213751e-01 -3.60297747e-01 -4.20027963e-01 -4.94732116e-01 -5.53534777e-01 -5.95217292e-01 -6.22686234e-01
8.30000000e+00 -7.72808534e-01 -5.13747811e-01 -4.48508348e-01 -4.66303959e-01 -4.70838282e-01 -4.44843015e-01 -4.11561927e-01 -3.70681162e-01 -3.10102055e-01 -2.40357703e-01 -1.84481396e-01 -1.52535200e-01 -1.34275597e-01 -1.13338498e-01 -8.29316930e-02 -4.78995308e-02 -1.35856050e-02 3.24959958e-02 1.05935958e-01 1.80227285e-01 2.45494876e-01 3.00735764e-01 3.05757713e-01 3.19171203e-01 3.43834386e-01 4.54475197e-01 5.53752503e-01 6.29538735e-01 6.39000667e-01 6.37057304e-01 6.20083854e-01 6.02397772e-01 6.03225713e-01 5.97638102e-01 5.71307456e-01 5.25799774e-01 4.64832246e-01 3.96001425e-01 3.32711227e-01 2.89473148e-01 2.75102335e-01 2.88971169e-01 3.21252554e-01 3.57881358e-01 3.87693404e-01 4.06284802e-01 4.14903276e-01 4.16964986e-01 4.15533443e-01 4.12385323e-01 4.08474782e-01 4.04768084e-01 4.02771789e-01 4.04349523e-01 4.11006123e-01 4.23132345e-01 4.39939517e-01 4.59878341e-01 4.81139568e-01 5.02188736e-01 5.21803331e-01 5.39154370e-01 5.53905720e-01 5.66629574e-01 5.78362011e-01 5.89720278e-01 5.99905264e-01 6.07544051e-01 6.11966051e-01 6.13953643e-01 6.14746134e-01 6.14822483e-01 6.13704616e-01 6.09895979e-01 6.01193976e-01 5.84458726e-01 5.55623881e-01 5.10745178e-01 4.48709750e-01 3.74504381e-01 2.98902968e-01 2.33296589e-01 1.83493814e-01 1.48436324e-01 1.22756217e-01 9.99272856e-02 7.44782147e-02 4.31152298e-02 4.86632349e-03 -3.97267408e-02 -8.86587790e-02 -1.39900849e-01 -1.99647355e-01 -2.78474358e-01 -3.54814433e-01 -4.14365260e-01 -4.89985333e-01 -5.46592609e-01 -5.88689707e-01 -6.14233370e-01
8.40000000e+00 -7.78614230e-01 -5.20522882e-01 -4.52036534e-01 -4.67480093e-01 -4.71900622e-01 -4.44769203e-01 -4.07837413e-01 -3.63610883e-01 -3.00790842e-01 -2.29461354e-01 -1.72954292e-01 -1.41832236e-01 -1.25734120e-01 -1.07502201e-01 -7.96724520e-02 -4.68871404e-02 -1.37774274e-02 3.30799399e-02 1.06393222e-01 1.77707457e-01 2.41745639e-01 2.92717389e-01 2.95655120e-01 3.06590073e-01 3.32040394e-01 4.43211444e-01 5.46940899e-01 6.26971829e-01 6.40688265e-01 6.39301003e-01 6.24211279e-01 6.05013437e-01 6.04041369e-01 5.98409334e-01 5.72175114e-01 5.26462298e-01 4.65311697e-01 3.96324869e-01 3.32673657e-01 2.88717156e-01 2.73365871e-01 2.86362441e-01 3.18360016e-01 3.55507610e-01 3.86415929e-01 4.06283898e-01 4.16092518e-01 4.19165758e-01 4.18572054e-01 4.16076990e-01 4.12570350e-01 4.08940709e-01 4.06651077e-01 4.07610662e-01 4.13457688e-01 4.24738025e-01 4.40783215e-01 4.60083158e-01 4.80780379e-01 5.01257943e-01 5.20205029e-01 5.36766990e-01 5.50698406e-01 5.62741241e-01 5.74151279e-01 5.85701539e-01 5.96597034e-01 6.05303890e-01 6.10896797e-01 6.13920268e-01 6.15484674e-01 6.16024588e-01 6.15084309e-01 6.11188813e-01 6.02118397e-01 5.84672190e-01 5.54732497e-01 5.08456772e-01 4.45066535e-01 3.69998800e-01 2.94236027e-01 2.28934323e-01 1.79498293e-01 1.44677745e-01 1.19158626e-01 9.65579419e-02 7.15074691e-02 4.07397323e-02 3.26345197e-03 -4.03726202e-02 -8.80685806e-02 -1.38074818e-01 -1.97506211e-01 -2.75696100e-01 -3.49203905e-01 -4.08837266e-01 -4.85030334e-01 -5.39538191e-01 -5.82128785e-01 -6.05698710e-01
8.50000000e+00 -7.84220864e-01 -5.27236943e-01 -4.55634567e-01 -4.68682910e-01 -4.72790191e-01 -4.44645679e-01 -4.04115436e-01 -3.56434436e-01 -2.91398777e-01 -2.18644797e-01 -1.61631010e-01 -1.31321212e-01 -1.17279384e-01 -1.01670573e-01 -7.64142732e-02 -4.58858319e-02 -1.38751584e-02 3.38145803e-02 1.06732225e-01 1.75120883e-01 2.38014544e-01 2.84559607e-01 2.85847641e-01 2.94054908e-01 3.20785907e-01 4.31845417e-01 5.40197898e-01 6.24067752e-01 6.42296441e-01 6.41337452e-01 6.28154722e-01 6.07704188e-01 6.04803615e-01 5.99012145e-01 5.72886655e-01 5.27002202e-01 4.65726389e-01 3.96681256e-01 3.32772995e-01 2.88166094e-01 2.71843953e-01 2.83916467e-01 3.15538706e-01 3.53117697e-01 3.85074800e-01 4.06213405e-01 4.17227218e-01 4.21327126e-01 4.21577511e-01 4.19735738e-01 4.16636000e-01 4.13094969e-01 4.10531006e-01 4.10892022e-01 4.15940105e-01 4.26374276e-01 4.41648203e-01 4.60296239e-01 4.80419143e-01 5.00320053e-01 5.18600768e-01 5.34379335e-01 5.47499066e-01 5.58867425e-01 5.69958223e-01 5.81697381e-01 5.93298287e-01 6.03066748e-01 6.09826411e-01 6.13880478e-01 6.16207824e-01 6.17199976e-01 6.16422634e-01 6.12422849e-01 6.02961456e-01 5.84777659e-01 5.53711685e-01 5.06042691e-01 4.41344514e-01 3.65495954e-01 2.89648263e-01 2.24687743e-01 1.75613213e-01 1.41000911e-01 1.15605466e-01 9.31980065e-02 6.85207422e-02 3.83366341e-02 1.63153467e-03 -4.10378426e-02 -8.74928461e-02 -1.36330025e-01 -1.95515639e-01 -2.72862283e-01 -3.43494750e-01 -4.03445292e-01 -4.79848559e-01 -5.32393878e-01 -5.75523825e-01 -5.97083122e-01
8.60000000e+00 -7.89630712e-01 -5.33885709e-01 -4.59286074e-01 -4.69924317e-01 -4.73509175e-01 -4.44450894e-01 -4.00395802e-01 -3.49162208e-01 -2.81931817e-01 -2.07914813e-01 -1.50521284e-01 -1.21010453e-01 -1.08914772e-01 -9.58433051e-02 -7.31553408e-02 -4.48869344e-02 -1.38645834e-02 3.46873561e-02 1.06935157e-01 1.72489218e-01 2.34274842e-01 2.76288223e-01 2.76314466e-01 2.81601600e-01 3.10056505e-01 4.20415136e-01 5.33505404e-01 6.20837205e-01 6.43793211e-01 6.43187305e-01 6.31889942e-01 6.10461842e-01 6.05526917e-01 5.99450165e-01 5.73441471e-01 5.27421032e-01 4.66076814e-01 3.97067715e-01 3.33004375e-01 2.87815860e-01 2.70535653e-01 2.81636641e-01 3.12794706e-01 3.50716968e-01 3.83672670e-01 4.06073675e-01 4.18306562e-01 4.23447997e-01 4.24548492e-01 4.23359651e-01 4.20669093e-01 4.17227732e-01 4.14408710e-01 4.14191803e-01 4.18452965e-01 4.28041865e-01 4.42535763e-01 4.60518652e-01 4.80056352e-01 4.99374838e-01 5.16989947e-01 5.31991236e-01 5.44308435e-01 5.55010236e-01 5.65785930e-01 5.77710942e-01 5.90011118e-01 6.00833153e-01 6.08753863e-01 6.13832379e-01 6.16913385e-01 6.18346634e-01 6.17717824e-01 6.13596265e-01 6.03720973e-01 5.84772729e-01 5.52560036e-01 5.03504118e-01 4.37547909e-01 3.61000945e-01 2.85142439e-01 2.20556364e-01 1.71836677e-01 1.37404475e-01 1.12096850e-01 8.98489089e-02 6.55201555e-02 3.59080835e-02 -2.72662743e-05 -4.17198408e-02 -8.69320678e-02 -1.34673710e-01 -1.93669557e-01 -2.69957824e-01 -3.37717574e-01 -3.98185354e-01 -4.74426399e-01 -5.25180438e-01 -5.68864365e-01 -5.88387284e-01
8.70000000e+00 -7.94846109e-01 -5.40465776e-01 -4.62974437e-01 -4.71213455e-01 -4.74062512e-01 -4.44163434e-01 -3.96676584e-01 -3.41805513e-01 -2.72397281e-01 -1.97278033e-01 -1.39633670e-01 -1.10907360e-01 -1.00643739e-01 -9.00207162e-02 -6.98939621e-02 -4.38809171e-02 -1.37322736e-02 3.56832748e-02 1.06987654e-01 1.69833253e-01 2.30498695e-01 2.67933061e-01 2.67029582e-01 2.69272100e-01 2.99828250e-01 4.08965560e-01 5.26840542e-01 6.17295947e-01 6.45144177e-01 6.44871369e-01 6.35395686e-01 6.13275014e-01 6.06225418e-01 5.99728077e-01 5.73839137e-01 5.27720511e-01 4.66363811e-01 3.97481491e-01 3.33362692e-01 2.87661900e-01 2.69439546e-01 2.79526005e-01 3.10134082e-01 3.48311058e-01 3.82212522e-01 4.05865238e-01 4.19329740e-01 4.25527195e-01 4.27483626e-01 4.26946850e-01 4.24667092e-01 4.21335964e-01 4.18281351e-01 4.17508138e-01 4.20995752e-01 4.29741459e-01 4.43447124e-01 4.60751477e-01 4.79692543e-01 4.98422128e-01 5.15372015e-01 5.29602549e-01 5.41127234e-01 5.51171758e-01 5.61637433e-01 5.73745335e-01 5.86737595e-01 5.98603640e-01 6.07678111e-01 6.13774058e-01 6.17599157e-01 6.19462534e-01 6.18968090e-01 6.14707197e-01 6.04394737e-01 5.84655050e-01 5.51276362e-01 5.00842585e-01 4.33681200e-01 3.56518810e-01 2.80720993e-01 2.16539376e-01 1.68166626e-01 1.33887038e-01 1.08632912e-01 8.65121447e-02 6.25079204e-02 3.34562839e-02 -1.71072034e-03 -4.24161420e-02 -8.63873726e-02 -1.33112893e-01 -1.91959601e-01 -2.66969710e-01 -3.31904264e-01 -3.93048466e-01 -4.68755525e-01 -5.17916471e-01 -5.62140591e-01 -5.79611577e-01
8.80000000e+00 -7.99869449e-01 -5.46974450e-01 -4.66683207e-01 -4.72556472e-01 -4.74457614e-01 -4.43762456e-01 -3.92954089e-01 -3.34376426e-01 -2.62803884e-01 -1.86740956e-01 -1.28975508e-01 -1.01018386e-01 -9.24698302e-02 -8.42037701e-02 -6.66285146e-02 -4.28574215e-02 -1.34658595e-02 3.67851796e-02 1.06879075e-01 1.67172171e-01 2.26658165e-01 2.59526861e-01 2.57963002e-01 2.57113100e-01 2.90069003e-01 3.97547259e-01 5.20176749e-01 6.13463895e-01 6.46313522e-01 6.46409724e-01 6.38654131e-01 6.16129281e-01 6.06912639e-01 5.99851653e-01 5.74079475e-01 5.27902501e-01 4.66588553e-01 3.97919955e-01 3.33842629e-01 2.87699232e-01 2.68553722e-01 2.77587242e-01 3.07562849e-01 3.45905867e-01 3.80697665e-01 4.05588810e-01 4.20295959e-01 4.27563471e-01 4.30381484e-01 4.30495493e-01 4.28627560e-01 4.25416734e-01 4.22146131e-01 4.20839090e-01 4.23567850e-01 4.31473626e-01 4.44383458e-01 4.60995805e-01 4.79328291e-01 4.97461812e-01 5.13746477e-01 5.27213162e-01 5.37956182e-01 5.47354043e-01 5.57515700e-01 5.69803637e-01 5.83479753e-01 5.96378751e-01 6.06598111e-01 6.13703580e-01 6.18262939e-01 6.20545632e-01 6.20171623e-01 6.15753736e-01 6.04980505e-01 5.84422337e-01 5.49859703e-01 4.98059972e-01 4.29749110e-01 3.52054491e-01 2.76386030e-01 2.12635672e-01 1.64600853e-01 1.30447162e-01 1.05213810e-01 8.31892701e-02 5.94863315e-02 3.09834932e-02 -3.41652662e-03 -4.31243994e-02 -8.58605398e-02 -1.31654201e-01 -1.90375240e-01 -2.63887413e-01 -3.26087212e-01 -3.88021079e-01 -4.62833062e-01 -5.10617915e-01 -5.55343703e-01 -5.70755981e-01
8.90000000e+00 -8.04703184e-01 -5.53409568e-01 -4.70396486e-01 -4.73956375e-01 -4.74704026e-01 -4.43228115e-01 -3.89222871e-01 -3.26887591e-01 -2.53161735e-01 -1.76309981e-01 -1.18552913e-01 -9.13490230e-02 -8.43966881e-02 -7.83940753e-02 -6.33573909e-02 -4.18053173e-02 -1.30542976e-02 3.79740780e-02 1.06602667e-01 1.64522881e-01 2.22726186e-01 2.51104110e-01 2.49082130e-01 2.45174517e-01 2.80739988e-01 3.86214860e-01 5.13485011e-01 6.09364094e-01 6.47265054e-01 6.47820880e-01 6.41651210e-01 6.19007421e-01 6.07601175e-01 5.99827765e-01 5.74162616e-01 5.27968980e-01 4.66752510e-01 3.98380620e-01 3.34438683e-01 2.87922468e-01 2.67875796e-01 2.75822657e-01 3.05086945e-01 3.43507537e-01 3.79131738e-01 4.05245300e-01 4.21204445e-01 4.29555501e-01 4.33240583e-01 4.34003770e-01 4.32548163e-01 4.29467220e-01 4.26000297e-01 4.24182659e-01 4.26168535e-01 4.33238823e-01 4.45345873e-01 4.61252734e-01 4.78964209e-01 4.96493843e-01 5.12112898e-01 5.24822993e-01 5.34795994e-01 5.43559109e-01 5.53423631e-01 5.65888884e-01 5.80239595e-01 5.94159034e-01 6.05512822e-01 6.13619001e-01 6.18902538e-01 6.21593869e-01 6.21326590e-01 6.16733924e-01 6.05476009e-01 5.84072381e-01 5.48309341e-01 4.95158512e-01 4.25756576e-01 3.47612811e-01 2.72139319e-01 2.08843857e-01 1.61137017e-01 1.27083372e-01 1.01839724e-01 7.98818963e-02 5.64577593e-02 2.84920241e-02 -5.14231367e-03 -4.38424272e-02 -8.53540040e-02 -1.30303673e-01 -1.88903938e-01 -2.60703232e-01 -3.20298510e-01 -3.83085658e-01 -4.56661587e-01 -5.03297675e-01 -5.48466240e-01 -5.61819984e-01
9.00000000e+00 -8.09349825e-01 -5.59769318e-01 -4.74099261e-01 -4.75412982e-01 -4.74813030e-01 -4.42541970e-01 -3.85475794e-01 -3.19352030e-01 -2.43482324e-01 -1.65991431e-01 -1.08370763e-01 -8.19038013e-02 -7.64280594e-02 -7.25938771e-02 -6.00789406e-02 -4.07127838e-02 -1.24881228e-02 3.92295230e-02 1.06155633e-01 1.61899435e-01 2.18677526e-01 2.42699825e-01 2.40353210e-01 2.33507833e-01 2.71797553e-01 3.75025332e-01 5.06735220e-01 6.05021631e-01 6.47963266e-01 6.49120998e-01 6.44376839e-01 6.21889730e-01 6.08302387e-01 5.99664373e-01 5.74089071e-01 5.27922015e-01 4.66857425e-01 3.98861149e-01 3.35145199e-01 2.88325844e-01 2.67402930e-01 2.74234179e-01 3.02712201e-01 3.41122431e-01 3.77518705e-01 4.04835816e-01 4.22054457e-01 4.31501892e-01 4.36059382e-01 4.37469908e-01 4.36426669e-01 4.33484714e-01 4.29841143e-01 4.27536786e-01 4.28796978e-01 4.35037398e-01 4.46335408e-01 4.61523364e-01 4.78600946e-01 4.95518240e-01 5.10470909e-01 5.22431995e-01 5.31647390e-01 5.39788938e-01 5.49364049e-01 5.62004059e-01 5.77019085e-01 5.91945040e-01 6.04421209e-01 6.13518370e-01 6.19515765e-01 6.22605171e-01 6.22431129e-01 6.17645755e-01 6.05878953e-01 5.83603063e-01 5.46624814e-01 4.92140786e-01 4.21708732e-01 3.43198448e-01 2.67982292e-01 2.05162274e-01 1.57772664e-01 1.23794171e-01 9.85108535e-02 7.65916838e-02 5.34246418e-02 2.59842443e-02 -6.88564169e-03 -4.45682364e-02 -8.48708432e-02 -1.29066577e-01 -1.87531386e-01 -2.57412574e-01 -3.14569158e-01 -3.78221363e-01 -4.50248969e-01 -4.95965371e-01 -5.41502348e-01 -5.52802510e-01
9.10000000e+00 -8.13811953e-01 -5.66052069e-01 -4.77777694e-01 -4.76922950e-01 -4.74797199e-01 -4.41687355e-01 -3.81704138e-01 -3.11782937e-01 -2.33778483e-01 -1.55791590e-01 -9.84327116e-02 -7.26862872e-02 -6.85677968e-02 -6.68060372e-02 -5.67914135e-02 -3.95674165e-02 -1.17596787e-02 4.05300407e-02 1.05539086e-01 1.59312556e-01 2.14489667e-01 2.34348350e-01 2.31742812e-01 2.22164360e-01 2.63195046e-01 3.64036179e-01 4.99897582e-01 6.00462499e-01 6.48374358e-01 6.50323212e-01 6.46825027e-01 6.24754408e-01 6.09026115e-01 5.99370491e-01 5.73859809e-01 5.27763746e-01 4.66905274e-01 3.99359365e-01 3.35956400e-01 2.88903244e-01 2.67131842e-01 2.72823345e-01 3.00444311e-01 3.38757102e-01 3.75862847e-01 4.04361680e-01 4.22845300e-01 4.33401188e-01 4.38836281e-01 4.40892161e-01 4.40260948e-01 4.37466626e-01 4.33666024e-01 4.30899363e-01 4.31452243e-01 4.36869581e-01 4.47353027e-01 4.61808790e-01 4.78239188e-01 4.94535086e-01 5.08820217e-01 5.20040162e-01 5.28511098e-01 5.36045468e-01 5.45339700e-01 5.58152083e-01 5.73820150e-01 5.89737324e-01 6.03322252e-01 6.13399734e-01 6.20100444e-01 6.23577453e-01 6.23483349e-01 6.18487172e-01 6.06187025e-01 5.83012364e-01 5.44805923e-01 4.89009716e-01 4.17610880e-01 3.38815916e-01 2.63916047e-01 2.01589021e-01 1.54505238e-01 1.20578038e-01 9.52274149e-02 7.33203363e-02 5.03894775e-02 2.34625775e-02 -8.64400710e-03 -4.53000730e-02 -8.44147506e-02 -1.27947225e-01 -1.86241766e-01 -2.54014145e-01 -3.08928293e-01 -3.73404824e-01 -4.43608054e-01 -4.88627201e-01 -5.34447980e-01 -5.43701856e-01
9.20000000e+00 -8.18092220e-01 -5.72256214e-01 -4.81419345e-01 -4.78479896e-01 -4.74669923e-01 -4.40649716e-01 -3.77897766e-01 -3.04193468e-01 -2.24064314e-01 -1.45716731e-01 -8.87412066e-02 -6.36990947e-02 -6.08198556e-02 -6.10340040e-02 -5.34929030e-02 -3.83563590e-02 -1.08633191e-02 4.18535913e-02 1.04757896e-01 1.56769287e-01 2.10143598e-01 2.26082206e-01 2.23219288e-01 2.11193481e-01 2.54884753e-01 3.53303597e-01 4.92944026e-01 5.95712495e-01 6.48467204e-01 6.51437055e-01 6.48993860e-01 6.27577990e-01 6.09780400e-01 5.98956111e-01 5.73476332e-01 5.27496363e-01 4.66898234e-01 3.99873254e-01 3.36866413e-01 2.89648235e-01 2.67058828e-01 2.71591298e-01 2.98288805e-01 3.36418273e-01 3.74168757e-01 4.03824427e-01 4.23576331e-01 4.35251875e-01 4.41569626e-01 4.44268815e-01 4.44048968e-01 4.41410486e-01 4.37472354e-01 4.34268233e-01 4.34133290e-01 4.38735484e-01 4.48399613e-01 4.62110100e-01 4.77879651e-01 4.93544536e-01 5.07160606e-01 5.17647530e-01 5.25387859e-01 5.32330596e-01 5.41353242e-01 5.54335804e-01 5.70644673e-01 5.87536443e-01 6.02214949e-01 6.13261147e-01 6.20654411e-01 6.24508616e-01 6.24481323e-01 6.19256067e-01 6.06397894e-01 5.82298378e-01 5.42852747e-01 4.85768561e-01 4.13468464e-01 3.34469536e-01 2.59941349e-01 1.98121971e-01 1.51332100e-01 1.17433443e-01 9.19896408e-02 7.00695953e-02 4.73548164e-02 2.09295041e-02 -1.04148500e-02 -4.60364563e-02 -8.39899903e-02 -1.26948804e-01 -1.85018076e-01 -2.50510049e-01 -3.03402463e-01 -3.68610985e-01 -4.36756208e-01 -4.81285940e-01 -5.27301037e-01 -5.34515654e-01
9.30000000e+00 -8.22193357e-01 -5.78380030e-01 -4.85013342e-01 -4.80074598e-01 -4.74444912e-01 -4.39416889e-01 -3.74045326e-01 -2.96596537e-01 -2.14355104e-01 -1.35773150e-01 -7.92975272e-02 -5.49439030e-02 -5.31882854e-02 -5.52817702e-02 -5.01812948e-02 -3.70664582e-02 -9.79557487e-03 4.31780554e-02 1.03820432e-01 1.54272784e-01 2.05624490e-01 2.17931039e-01 2.14754152e-01 2.00640955e-01 2.46819810e-01 3.42880674e-01 4.85849557e-01 5.90796161e-01 6.48214224e-01 6.52468025e-01 6.50885369e-01 6.30335847e-01 6.10571238e-01 5.98432119e-01 5.72940750e-01 5.27122106e-01 4.66838641e-01 4.00400975e-01 3.37869306e-01 2.90554088e-01 2.67179782e-01 2.70538786e-01 2.96251023e-01 3.34112802e-01 3.72441334e-01 4.03225817e-01 4.24246974e-01 4.37052388e-01 4.44257705e-01 4.47598179e-01 4.47788799e-01 4.45313951e-01 4.41257615e-01 4.37641202e-01 4.36838976e-01 4.40635100e-01 4.49475968e-01 4.62428372e-01 4.77523084e-01 4.92546810e-01 5.05491945e-01 5.15254180e-01 5.22278431e-01 5.28646168e-01 5.37407248e-01 5.50557990e-01 5.67494495e-01 5.85342950e-01 6.01098323e-01 6.13100673e-01 6.21175519e-01 6.25396552e-01 6.25423091e-01 6.19950283e-01 6.06509222e-01 5.81459329e-01 5.40765648e-01 4.82420908e-01 4.09287041e-01 3.30163422e-01 2.56058637e-01 1.94758794e-01 1.48250537e-01 1.14358849e-01 8.87977775e-02 6.68412333e-02 4.43232527e-02 1.83875626e-02 -1.21955644e-02 -4.67762165e-02 -8.36013339e-02 -1.26073215e-01 -1.83842485e-01 -2.46905796e-01 -2.98014979e-01 -3.63813977e-01 -4.29714734e-01 -4.73941053e-01 -5.20061436e-01 -5.25240852e-01
9.40000000e+00 -8.26118174e-01 -5.84421561e-01 -4.88550477e-01 -4.81695264e-01 -4.74135699e-01 -4.37979325e-01 -3.70134499e-01 -2.89004616e-01 -2.04667211e-01 -1.25967198e-01 -7.01018314e-02 -4.64214814e-02 -4.56772170e-02 -4.95538210e-02 -4.68542205e-02 -3.56844421e-02 -8.55527943e-03 4.44817289e-02 1.02738207e-01 1.51822233e-01 2.00922211e-01 2.09920697e-01 2.06323322e-01 1.90547331e-01 2.38956031e-01 3.32815688e-01 4.78593497e-01 5.85735836e-01 6.47592121e-01 6.53417296e-01 6.52505276e-01 6.33002698e-01 6.11402371e-01 5.97810162e-01 5.72255859e-01 5.26643252e-01 4.66728954e-01 4.00940857e-01 3.38959116e-01 2.91613821e-01 2.67490212e-01 2.69666157e-01 2.94336090e-01 3.31847654e-01 3.70685764e-01 4.02567836e-01 4.24856730e-01 4.38801122e-01 4.46898755e-01 4.50878589e-01 4.51478605e-01 4.49174800e-01 4.45019360e-01 4.41016043e-01 4.39568053e-01 4.42568295e-01 4.50582802e-01 4.62764662e-01 4.77170265e-01 4.91542202e-01 5.03814191e-01 5.12860246e-01 5.19183589e-01 5.24993983e-01 5.33504199e-01 5.46821318e-01 5.64371412e-01 5.83157397e-01 5.99971425e-01 6.12916396e-01 6.21661637e-01 6.26239141e-01 6.26306650e-01 6.20567612e-01 6.06518665e-01 5.80493576e-01 5.38545283e-01 4.78970659e-01 4.05072255e-01 3.25901463e-01 2.52268036e-01 1.91496976e-01 1.45257783e-01 1.11352717e-01 8.56520825e-02 6.36370483e-02 4.12974160e-02 1.58393503e-02 -1.39835117e-02 -4.75185310e-02 -8.32539820e-02 -1.25320936e-01 -1.82696722e-01 -2.43210210e-01 -2.92785348e-01 -3.58988015e-01 -4.22508188e-01 -4.66588923e-01 -5.12731107e-01 -5.15873717e-01
9.50000000e+00 -8.29869557e-01 -5.90378524e-01 -4.92023252e-01 -4.83327861e-01 -4.73755151e-01 -4.36330252e-01 -3.66152288e-01 -2.81429547e-01 -1.95017922e-01 -1.16305309e-01 -6.11532177e-02 -3.81317220e-02 -3.82908444e-02 -4.38550707e-02 -4.35090185e-02 -3.41971177e-02 -7.14364806e-03 4.57438174e-02 1.01525440e-01 1.49412932e-01 1.96031691e-01 2.02072474e-01 1.97908186e-01 1.80946538e-01 2.31253578e-01 3.23150575e-01 4.71160570e-01 5.80550837e-01 6.46582484e-01 6.54281582e-01 6.53862632e-01 6.35553164e-01 6.12275116e-01 5.97102506e-01 5.71425211e-01 5.26062127e-01 4.66571715e-01 4.01491399e-01 3.40129879e-01 2.92820219e-01 2.67985266e-01 2.68973358e-01 2.92548889e-01 3.29629870e-01 3.68907515e-01 4.01852709e-01 4.25405189e-01 4.40496438e-01 4.49490960e-01 4.54108398e-01 4.55116646e-01 4.52990941e-01 4.48755217e-01 4.44390505e-01 4.42319174e-01 4.44534813e-01 4.51720735e-01 4.63120006e-01 4.76822000e-01 4.90531077e-01 5.02127392e-01 5.10465912e-01 5.16104135e-01 5.21375785e-01 5.29646478e-01 5.43128370e-01 5.61277170e-01 5.80980329e-01 5.98833340e-01 6.12706422e-01 6.22110655e-01 6.27034258e-01 6.27129958e-01 6.21105796e-01 6.06423885e-01 5.79399637e-01 5.36192612e-01 4.75422023e-01 4.00829804e-01 3.21687299e-01 2.48569358e-01 1.88333844e-01 1.42351024e-01 1.08413515e-01 8.25528228e-02 6.04588573e-02 3.82799640e-02 1.32875240e-02 -1.57760369e-02 -4.82629583e-02 -8.29534679e-02 -1.24690919e-01 -1.81562487e-01 -2.39435239e-01 -2.87728816e-01 -3.54108268e-01 -4.15163612e-01 -4.59223182e-01 -5.05313928e-01 -5.06409854e-01
9.60000000e+00 -8.33450466e-01 -5.96248247e-01 -4.95425855e-01 -4.84956502e-01 -4.73315001e-01 -4.34465762e-01 -3.62085336e-01 -2.73882372e-01 -1.85425293e-01 -1.06794021e-01 -5.24497991e-02 -3.00736783e-02 -3.10334012e-02 -3.81907902e-02 -4.01427060e-02 -3.25915838e-02 -5.56430796e-03 4.69449127e-02 1.00198541e-01 1.47036497e-01 1.90953103e-01 1.94402556e-01 1.89496451e-01 1.71864711e-01 2.23678416e-01 3.13919614e-01 4.63541786e-01 5.75256807e-01 6.45172206e-01 6.55053166e-01 6.54969358e-01 6.37962313e-01 6.13188248e-01 5.96321856e-01 5.70453170e-01 5.25381109e-01 4.66369508e-01 4.02051268e-01 3.41375660e-01 2.94165879e-01 2.68659750e-01 2.68459941e-01 2.90894036e-01 3.27466533e-01 3.67112315e-01 4.01082896e-01 4.25892045e-01 4.42136673e-01 4.52032461e-01 4.57285980e-01 4.58701272e-01 4.56760407e-01 4.52462892e-01 4.47762324e-01 4.45090893e-01 4.46534271e-01 4.52890290e-01 4.63495406e-01 4.76479120e-01 4.89513871e-01 5.00431693e-01 5.08071425e-01 5.13040897e-01 5.17793264e-01 5.25836372e-01 5.39481617e-01 5.58213468e-01 5.78812287e-01 5.97683188e-01 6.12468891e-01 6.22520481e-01 6.27779769e-01 6.27890929e-01 6.21562530e-01 6.06222556e-01 5.78176192e-01 5.33708901e-01 4.71779492e-01 3.96565414e-01 3.17524314e-01 2.44962123e-01 1.85266581e-01 1.39527419e-01 1.05539718e-01 7.95002722e-02 5.73084903e-02 3.52735746e-02 1.07347996e-02 -1.75704880e-02 -4.90094668e-02 -8.27055461e-02 -1.24180502e-01 -1.80421873e-01 -2.35595674e-01 -2.82856032e-01 -3.49151690e-01 -4.07709717e-01 -4.51835127e-01 -4.97815591e-01 -4.96844254e-01
9.70000000e+00 -8.36863918e-01 -6.02027626e-01 -4.98754078e-01 -4.86563866e-01 -4.72825424e-01 -4.32384832e-01 -3.57920266e-01 -2.66373184e-01 -1.75907967e-01 -9.74400011e-02 -4.39887878e-02 -2.22456122e-02 -2.39091326e-02 -3.25665253e-02 -3.67519619e-02 -3.08554565e-02 -3.82327581e-03 4.80674422e-02 9.87755409e-02 1.44681208e-01 1.85691869e-01 1.86921664e-01 1.81082740e-01 1.63319275e-01 2.16203504e-01 3.05148385e-01 4.55735082e-01 5.69865257e-01 6.43353737e-01 6.55720074e-01 6.55839696e-01 6.40206205e-01 6.14137931e-01 5.95481159e-01 5.69344973e-01 5.24602652e-01 4.66124922e-01 4.02619293e-01 3.42690584e-01 2.95643233e-01 2.69508154e-01 2.68125063e-01 2.89375865e-01 3.25364736e-01 3.65306137e-01 4.00261101e-01 4.26317104e-01 4.43720155e-01 4.54521356e-01 4.60409726e-01 4.62230923e-01 4.60481356e-01 4.56140173e-01 4.51129222e-01 4.47881667e-01 4.48566163e-01 4.54091893e-01 4.63891834e-01 4.76142482e-01 4.88491093e-01 4.98727339e-01 5.05677089e-01 5.09994730e-01 5.14248052e-01 5.22076069e-01 5.35883418e-01 5.55181952e-01 5.76653798e-01 5.96520132e-01 6.12201977e-01 6.22889048e-01 6.28473533e-01 6.28587428e-01 6.21935465e-01 6.05912376e-01 5.76822104e-01 5.31095730e-01 4.68047832e-01 3.92284804e-01 3.13415624e-01 2.41445569e-01 1.82292251e-01 1.36784104e-01 1.02729816e-01 7.64947093e-02 5.41877839e-02 3.22809386e-02 8.18395140e-03 -1.93642388e-02 -4.97584597e-02 -8.25160669e-02 -1.23785372e-01 -1.79257786e-01 -2.31708779e-01 -2.78172835e-01 -3.44097782e-01 -4.00176032e-01 -4.44414210e-01 -4.90243419e-01 -4.87171354e-01
9.80000000e+00 -8.40112974e-01 -6.07713118e-01 -5.02005194e-01 -4.88131640e-01 -4.72294656e-01 -4.30089272e-01 -3.53644042e-01 -2.58911002e-01 -1.66484976e-01 -8.82500572e-02 -3.57665922e-02 -1.46450458e-02 -1.69222619e-02 -2.69880068e-02 -3.33331230e-02 -2.89771037e-02 -1.92888030e-03 4.90960740e-02 9.72754886e-02 1.42332476e-01 1.80258488e-01 1.79634931e-01 1.72668913e-01 1.55318351e-01 2.08809677e-01 2.96853032e-01 4.47745710e-01 5.64383308e-01 6.41125141e-01 6.56266411e-01 6.56489598e-01 6.42262408e-01 6.15117713e-01 5.94593389e-01 5.68106763e-01 5.23729302e-01 4.65840520e-01 4.03194454e-01 3.44068859e-01 2.97244592e-01 2.70524672e-01 2.67967491e-01 2.87998401e-01 3.23331550e-01 3.63495180e-01 3.99390270e-01 4.26680302e-01 4.45245213e-01 4.56955706e-01 4.63478040e-01 4.65704122e-01 4.64152072e-01 4.59784932e-01 4.54488926e-01 4.50689866e-01 4.50629853e-01 4.55325866e-01 4.64310219e-01 4.75812964e-01 4.87463325e-01 4.97014675e-01 5.03283280e-01 5.06966522e-01 5.10741725e-01 5.18367651e-01 5.32336011e-01 5.52184215e-01 5.74505382e-01 5.95343377e-01 6.11903899e-01 6.23214312e-01 6.29113405e-01 6.29217277e-01 6.22222208e-01 6.05491073e-01 5.75336428e-01 5.28354998e-01 4.64232059e-01 3.87993663e-01 3.09364059e-01 2.38018665e-01 1.79407818e-01 1.34118208e-01 9.99823196e-02 7.35364156e-02 5.10985755e-02 2.93047532e-02 5.63780917e-03 -2.11547140e-02 -5.05107914e-02 -8.23908398e-02 -1.23499553e-01 -1.78054358e-01 -2.27793853e-01 -2.73680187e-01 -3.38929259e-01 -3.92592060e-01 -4.36948577e-01 -4.82606133e-01 -4.77385116e-01
9.90000000e+00 -8.43200717e-01 -6.13300753e-01 -5.05177778e-01 -4.89640978e-01 -4.71728678e-01 -4.27583602e-01 -3.49244335e-01 -2.51503678e-01 -1.57175519e-01 -7.92311429e-02 -2.77789219e-02 -7.26881981e-03 -1.00769532e-02 -2.14610544e-02 -2.98821948e-02 -2.69458836e-02 1.08370792e-04 5.00180684e-02 9.57178191e-02 1.39973412e-01 1.74668187e-01 1.72541997e-01 1.64264106e-01 1.47860474e-01 2.01486194e-01 2.89039845e-01 4.39586340e-01 5.58813649e-01 6.38489973e-01 6.56672824e-01 6.56936064e-01 6.44110477e-01 6.16118579e-01 5.93671316e-01 5.66745618e-01 5.22763735e-01 4.65518796e-01 4.03775874e-01 3.45504809e-01 2.98962172e-01 2.71703230e-01 2.67985611e-01 2.86765347e-01 3.21373985e-01 3.61685844e-01 3.98473598e-01 4.26981709e-01 4.46710186e-01 4.59333545e-01 4.66489339e-01 4.69119475e-01 4.67770959e-01 4.63395127e-01 4.57839168e-01 4.53513768e-01 4.52724585e-01 4.56592427e-01 4.64751445e-01 4.75491464e-01 4.86431221e-01 4.95294150e-01 5.00890440e-01 5.03957193e-01 5.07275797e-01 5.14713095e-01 5.28841506e-01 5.49221792e-01 5.72367544e-01 5.94152177e-01 6.11572927e-01 6.23494250e-01 6.29697234e-01 6.29778245e-01 6.22420327e-01 6.04956418e-01 5.73718425e-01 5.25488919e-01 4.60337420e-01 3.83697613e-01 3.05372165e-01 2.34680131e-01 1.76610164e-01 1.31526861e-01 9.72957592e-02 7.06256726e-02 4.80426970e-02 2.63477158e-02 3.09925468e-03 -2.29394177e-02 -5.12677767e-02 -8.23354871e-02 -1.23315448e-01 -1.76797332e-01 -2.23871709e-01 -2.69374232e-01 -3.33632609e-01 -3.84986456e-01 -4.29425637e-01 -4.74913576e-01 -4.67479120e-01
1.00000000e+01 -8.46130223e-01 -6.18786174e-01 -5.08271500e-01 -4.91072953e-01 -4.71130965e-01 -4.24874863e-01 -3.44709890e-01 -2.44157830e-01 -1.47998744e-01 -7.03903560e-02 -2.00209015e-02 -1.13157127e-04 -3.37726908e-03 -1.59914743e-02 -2.63948778e-02 -2.47523812e-02 2.27597611e-03 5.08235639e-02 9.41217288e-02 1.37585476e-01 1.68940421e-01 1.65637318e-01 1.55884494e-01 1.40934655e-01 1.94230936e-01 2.81705205e-01 4.31276879e-01 5.53154708e-01 6.35456982e-01 6.56917090e-01 6.57196456e-01 6.45732378e-01 6.17129070e-01 5.92727263e-01 5.65269553e-01 5.21708786e-01 4.65162158e-01 4.04362803e-01 3.46992893e-01 3.00788134e-01 2.73037510e-01 2.68177430e-01 2.85680063e-01 3.19498962e-01 3.59884712e-01 3.97514522e-01 4.27221550e-01 4.48113445e-01 4.61652882e-01 4.69442050e-01 4.72475662e-01 4.71336539e-01 4.66968807e-01 4.61177694e-01 4.56351571e-01 4.54849478e-01 4.57891690e-01 4.65216344e-01 4.75178897e-01 4.85395510e-01 4.93566315e-01 4.98499088e-01 5.00967695e-01 5.03851724e-01 5.11114272e-01 5.25401885e-01 5.46296159e-01 5.70240777e-01 5.92945833e-01 6.11207384e-01 6.23726868e-01 6.30222864e-01 6.30268054e-01 6.22527354e-01 6.04306238e-01 5.71967573e-01 5.22500029e-01 4.56369370e-01 3.79402185e-01 3.01442192e-01 2.31428453e-01 1.73896108e-01 1.29007206e-01 9.46686934e-02 6.77627604e-02 4.50219694e-02 2.34125183e-02 5.71215646e-04 -2.47159631e-02 -5.20311910e-02 -8.23552922e-02 -1.23223908e-01 -1.75474419e-01 -2.19964122e-01 -2.65246504e-01 -3.28198520e-01 -3.77386262e-01 -4.21832653e-01 -4.67176417e-01 -4.57446672e-01
1.01000000e+01 -8.48904526e-01 -6.24164700e-01 -5.11286891e-01 -4.92408996e-01 -4.70502313e-01 -4.21972368e-01 -3.40030872e-01 -2.36878820e-01 -1.38973503e-01 -6.17349269e-02 -1.24871905e-02 6.82626883e-03 3.17287512e-03 -1.05849549e-02 -2.28666096e-02 -2.23886369e-02 4.55967602e-03 5.15057887e-02 9.25055681e-02 1.35149192e-01 1.63098237e-01 1.58910689e-01 1.47552763e-01 1.34520776e-01 1.87050247e-01 2.74835852e-01 4.22844020e-01 5.47401021e-01 6.32039644e-01 6.56974801e-01 6.57287802e-01 6.47112845e-01 6.18135455e-01 5.91772862e-01 5.63687513e-01 5.20567494e-01 4.64772892e-01 4.04954602e-01 3.48527727e-01 3.02714620e-01 2.74520974e-01 2.68540595e-01 2.84745552e-01 3.17713276e-01 3.58098518e-01 3.96516723e-01 4.27400210e-01 4.49453397e-01 4.63911713e-01 4.72334611e-01 4.75771441e-01 4.74847450e-01 4.70504108e-01 4.64502274e-01 4.59201396e-01 4.57003530e-01 4.59223657e-01 4.65705692e-01 4.74876192e-01 4.84356993e-01 4.91831828e-01 4.96109823e-01 4.97999015e-01 5.00470903e-01 5.07572941e-01 5.22018991e-01 5.43408730e-01 5.68125559e-01 5.91723698e-01 6.10805658e-01 6.23910200e-01 6.30688139e-01 6.30684376e-01 6.22540791e-01 6.03538425e-01 5.70083582e-01 5.19391182e-01 4.52333545e-01 3.75112791e-01 2.97576094e-01 2.28261902e-01 1.71262426e-01 1.26556405e-01 9.20997105e-02 6.49479550e-02 4.20381965e-02 2.05018418e-02 -1.94334223e-03 -2.64821050e-02 -5.28032590e-02 -8.24550438e-02 -1.23214358e-01 -1.74075607e-01 -2.16093228e-01 -2.61284251e-01 -3.22622171e-01 -3.69816207e-01 -4.14157312e-01 -4.59405831e-01 -4.47280919e-01
1.02000000e+01 -8.51526590e-01 -6.29431395e-01 -5.14225084e-01 -4.93631303e-01 -4.69840746e-01 -4.18887394e-01 -3.35199210e-01 -2.29670756e-01 -1.30118117e-01 -5.32721957e-02 -5.17210845e-03 1.35542614e-02 9.56976060e-03 -5.24695906e-03 -1.92926238e-02 -1.98483629e-02 6.94373353e-03 5.20611910e-02 9.08862762e-02 1.32644899e-01 1.57167521e-01 1.52347931e-01 1.39297342e-01 1.28590301e-01 1.79958441e-01 2.68409498e-01 4.14320522e-01 5.41543790e-01 6.28255565e-01 6.56820120e-01 6.57226124e-01 6.48239664e-01 6.19121972e-01 5.90818815e-01 5.62009336e-01 5.19343146e-01 4.64353152e-01 4.05550727e-01 3.50104110e-01 3.04733781e-01 2.76146892e-01 2.69072394e-01 2.83964452e-01 3.16023563e-01 3.56334125e-01 3.95484123e-01 4.27518248e-01 4.50728508e-01 4.66108028e-01 4.75165469e-01 4.79005634e-01 4.78302439e-01 4.73999258e-01 4.67810708e-01 4.62061292e-01 4.59185623e-01 4.60588221e-01 4.66220208e-01 4.74584288e-01 4.83316545e-01 4.90091449e-01 4.93723328e-01 4.95052176e-01 4.97134673e-01 5.04090755e-01 5.18694529e-01 5.40560854e-01 5.66022353e-01 5.90485179e-01 6.10366203e-01 6.24042306e-01 6.31090895e-01 6.31024834e-01 6.22458114e-01 6.02650954e-01 5.68066401e-01 5.16165545e-01 4.48235739e-01 3.70834695e-01 2.93775527e-01 2.25178555e-01 1.68705864e-01 1.24171650e-01 8.95874330e-02 6.21815262e-02 3.90931596e-02 1.76183526e-02 -4.44142588e-03 -2.82357722e-02 -5.35866334e-02 -8.26388827e-02 -1.23274955e-01 -1.72593415e-01 -2.12280909e-01 -2.57470893e-01 -3.16903372e-01 -3.62298112e-01 -4.06388272e-01 -4.51613178e-01 -4.36974964e-01
1.03000000e+01 -8.53999260e-01 -6.34581167e-01 -5.17087561e-01 -4.94723209e-01 -4.69141505e-01 -4.15632834e-01 -3.30208890e-01 -2.22536535e-01 -1.21450138e-01 -4.50095799e-02 1.93023674e-03 2.00760247e-02 1.58099172e-02 1.73808557e-05 -1.56680235e-02 -1.71271393e-02 9.41125385e-03 5.24894843e-02 8.92788721e-02 1.30053505e-01 1.51176168e-01 1.45931743e-01 1.31151405e-01 1.23107277e-01 1.72976980e-01 2.62395738e-01 4.05744258e-01 5.35571593e-01 6.24125760e-01 6.56426590e-01 6.57025800e-01 6.49103867e-01 6.20071115e-01 5.89874655e-01 5.60245700e-01 5.18039320e-01 4.63904940e-01 4.06150708e-01 3.51717037e-01 3.06837819e-01 2.77908367e-01 2.69769773e-01 2.83339020e-01 3.14436270e-01 3.54598496e-01 3.94420876e-01 4.27576410e-01 4.51937316e-01 4.68239819e-01 4.77933078e-01 4.82177131e-01 4.81700356e-01 4.77452579e-01 4.71100832e-01 4.64929246e-01 4.61394523e-01 4.61985164e-01 4.66760544e-01 4.74304137e-01 4.82275116e-01 4.88346048e-01 4.91340372e-01 4.92128233e-01 4.93844313e-01 5.00669248e-01 5.15430060e-01 5.37753807e-01 5.63931606e-01 5.89229733e-01 6.09887541e-01 6.24121278e-01 6.31428966e-01 6.31287005e-01 6.22276780e-01 6.01641891e-01 5.65916233e-01 5.12826595e-01 4.44081875e-01 3.66572989e-01 2.90041852e-01 2.22176312e-01 1.66223157e-01 1.21850167e-01 8.71305205e-02 5.94637355e-02 3.61886123e-02 1.47646972e-02 -6.92002837e-03 -2.99751008e-02 -5.43843611e-02 -8.29101512e-02 -1.23392789e-01 -1.71023084e-01 -2.08548181e-01 -2.53786573e-01 -3.11046553e-01 -3.54850399e-01 -3.98515667e-01 -4.43809683e-01 -4.26521997e-01
1.04000000e+01 -8.56325229e-01 -6.39608860e-01 -5.19875886e-01 -4.95669506e-01 -4.68397116e-01 -4.12222814e-01 -3.25056225e-01 -2.15477924e-01 -1.12986113e-01 -3.69545301e-02 8.82582012e-03 2.63970843e-02 2.18901783e-02 5.20336633e-03 -1.19878727e-02 -1.42225823e-02 1.19445332e-02 5.27936063e-02 8.76960205e-02 1.27357226e-01 1.45153193e-01 1.39642663e-01 1.23151686e-01 1.18029586e-01 1.66133376e-01 2.56757232e-01 3.97157070e-01 5.29471234e-01 6.19673849e-01 6.55767956e-01 6.56698994e-01 6.49699834e-01 6.20963973e-01 5.88948532e-01 5.58408040e-01 5.16659935e-01 4.63430103e-01 4.06754128e-01 3.53361715e-01 3.09019014e-01 2.79798362e-01 2.70629351e-01 2.82871122e-01 3.12957617e-01 3.52898662e-01 3.93331369e-01 4.27575634e-01 4.53078444e-01 4.70305090e-01 4.80635903e-01 4.85284880e-01 4.85040151e-01 4.80862485e-01 4.74370523e-01 4.67803186e-01 4.63628888e-01 4.63414155e-01 4.67327287e-01 4.74036692e-01 4.81233729e-01 4.86596598e-01 4.88961815e-01 4.89228281e-01 4.90601045e-01 4.97309846e-01 5.12227004e-01 5.34988793e-01 5.61853747e-01 5.87956872e-01 6.09368274e-01 6.24145233e-01 6.31700183e-01 6.31468418e-01 6.21994233e-01 6.00509408e-01 5.63633542e-01 5.09378112e-01 4.39877980e-01 3.62332573e-01 2.86376137e-01 2.19252920e-01 1.63811040e-01 1.19589230e-01 8.47276742e-02 5.67948348e-02 3.33262756e-02 1.19434991e-02 -9.37614501e-03 -3.16984667e-02 -5.51998392e-02 -8.32712518e-02 -1.23554124e-01 -1.69362703e-01 -2.04914593e-01 -2.50208804e-01 -3.05060617e-01 -3.47487731e-01 -3.90531544e-01 -4.36006138e-01 -4.15915409e-01
1.05000000e+01 -8.58506990e-01 -6.44509362e-01 -5.22591457e-01 -4.96456709e-01 -4.67597545e-01 -4.08672274e-01 -3.19740072e-01 -2.08495671e-01 -1.04741364e-01 -2.91144747e-02 1.55205718e-02 3.25232069e-02 2.78077379e-02 1.03068294e-02 -8.24730429e-03 -1.11344803e-02 1.45254298e-02 5.29795928e-02 8.61476876e-02 1.24540288e-01 1.39127830e-01 1.33460102e-01 1.15337155e-01 1.13310405e-01 1.59459861e-01 2.51451115e-01 3.88603457e-01 5.23228673e-01 6.14925195e-01 6.54818981e-01 6.56255158e-01 6.50025302e-01 6.21780606e-01 5.88047013e-01 5.56508454e-01 5.15209295e-01 4.62930329e-01 4.07360604e-01 3.55033575e-01 3.11269761e-01 2.81809729e-01 2.71647428e-01 2.82562231e-01 3.11593574e-01 3.51241693e-01 3.92220202e-01 4.27517060e-01 4.54150617e-01 4.72301871e-01 4.83272422e-01 4.88327887e-01 4.88320865e-01 4.84227484e-01 4.77617708e-01 4.70680990e-01 4.65887270e-01 4.64874747e-01 4.67920950e-01 4.73782911e-01 4.80193473e-01 4.84844179e-01 4.86588610e-01 4.86353445e-01 4.87406037e-01 4.94013856e-01 5.09086636e-01 5.32266939e-01 5.59789189e-01 5.86666160e-01 6.08807080e-01 6.24112321e-01 6.31902371e-01 6.31566555e-01 6.21607911e-01 5.99251792e-01 5.61219064e-01 5.05824167e-01 4.35630153e-01 3.58118124e-01 2.82779164e-01 2.16405992e-01 1.61466263e-01 1.17386163e-01 8.23776388e-02 5.41750645e-02 3.05078337e-02 9.15735499e-03 -1.18067925e-02 -3.34045159e-02 -5.60367583e-02 -8.37235165e-02 -1.23744659e-01 -1.67613252e-01 -2.01397669e-01 -2.46713185e-01 -2.98958631e-01 -3.40220772e-01 -3.82430230e-01 -4.28212615e-01 -4.05148913e-01
1.06000000e+01 -8.60546793e-01 -6.49277705e-01 -5.25235282e-01 -4.97073265e-01 -4.66730419e-01 -4.04996557e-01 -3.14261996e-01 -2.01589646e-01 -9.67297805e-02 -2.14967542e-02 2.20202525e-02 3.84603182e-02 3.35602100e-02 1.53242213e-02 -4.44164120e-03 -7.86489601e-03 1.71357516e-02 5.30563655e-02 8.46408934e-02 1.21589552e-01 1.33128637e-01 1.27363425e-01 1.07747603e-01 1.08899810e-01 1.52991860e-01 2.46430573e-01 3.80129163e-01 5.16830013e-01 6.09906029e-01 6.53556222e-01 6.55700634e-01 6.50081279e-01 6.22500460e-01 5.87174910e-01 5.54559574e-01 5.13692133e-01 4.62407156e-01 4.07969764e-01 3.56728283e-01 3.13582600e-01 2.83935233e-01 2.72820009e-01 2.82413418e-01 3.10349824e-01 3.49634666e-01 3.91092187e-01 4.27402044e-01 4.55152680e-01 4.74228224e-01 4.85841123e-01 4.91305209e-01 4.91541628e-01 4.87546178e-01 4.80840369e-01 4.73560494e-01 4.68168122e-01 4.66366380e-01 4.68541974e-01 4.73543755e-01 4.79155504e-01 4.83089976e-01 4.84221804e-01 4.83504884e-01 4.84260401e-01 4.90782469e-01 5.06010087e-01 5.29589289e-01 5.57738328e-01 5.85357214e-01 6.08202719e-01 6.24020728e-01 6.32033354e-01 6.31578849e-01 6.21115264e-01 5.97867462e-01 5.58673809e-01 5.02169112e-01 4.31344535e-01 3.53934088e-01 2.79251438e-01 2.13633032e-01 1.59185603e-01 1.15238350e-01 8.00792041e-02 5.16046538e-02 2.77349292e-02 6.40883097e-03 -1.42090308e-02 -3.50921933e-02 -5.68990357e-02 -8.42670928e-02 -1.23949833e-01 -1.65778575e-01 -1.98012400e-01 -2.43274158e-01 -2.92757411e-01 -3.33056097e-01 -3.74208608e-01 -4.20438228e-01 -3.94216656e-01
1.07000000e+01 -8.62446608e-01 -6.53909168e-01 -5.27807765e-01 -4.97509685e-01 -4.65781319e-01 -4.01210977e-01 -3.08626378e-01 -1.94759015e-01 -8.89636295e-02 -1.41085445e-02 2.83303358e-02 4.42144210e-02 3.91456883e-02 2.02526895e-02 -5.66528078e-04 -4.41822818e-03 1.97576480e-02 5.30354418e-02 8.31795720e-02 1.18495056e-01 1.27182660e-01 1.21333012e-01 1.00422188e-01 1.04746479e-01 1.46766360e-01 2.41646529e-01 3.71779705e-01 5.10262503e-01 6.04642576e-01 6.51958747e-01 6.55038358e-01 6.49871859e-01 6.23102795e-01 5.86335138e-01 5.52574428e-01 5.12113649e-01 4.61861985e-01 4.08581226e-01 3.58441743e-01 3.15950245e-01 2.86167581e-01 2.74142810e-01 2.82425352e-01 3.09231742e-01 3.48084632e-01 3.89952330e-01 4.27232154e-01 4.56083612e-01 4.76082257e-01 4.88340513e-01 4.94215949e-01 4.94701647e-01 4.90817265e-01 4.84036543e-01 4.76439498e-01 4.70469801e-01 4.67888374e-01 4.69190723e-01 4.73320180e-01 4.78121041e-01 4.81335276e-01 4.81862542e-01 4.80683791e-01 4.81165197e-01 4.87616762e-01 5.02998347e-01 5.26956800e-01 5.55701540e-01 5.84029706e-01 6.07554038e-01 6.23868675e-01 6.32090963e-01 6.31502707e-01 6.20513758e-01 5.96354989e-01 5.55999077e-01 4.98417564e-01 4.27027276e-01 3.49784650e-01 2.75793190e-01 2.10931451e-01 1.56965871e-01 1.13143240e-01 7.78312060e-02 4.90838218e-02 2.50091591e-02 3.70045786e-03 -1.65799861e-02 -3.67607665e-02 -5.77907386e-02 -8.49008506e-02 -1.24155136e-01 -1.63865267e-01 -1.94770802e-01 -2.39865800e-01 -2.86476976e-01 -3.25996224e-01 -3.65866305e-01 -4.12690927e-01 -3.83113315e-01
1.08000000e+01 -8.64208083e-01 -6.58399364e-01 -5.30308540e-01 -4.97758619e-01 -4.64734131e-01 -3.97330409e-01 -3.02840455e-01 -1.88002432e-01 -8.14533944e-02 -6.95677239e-03 3.44558962e-02 4.97915122e-02 4.45628058e-02 2.50901431e-02 3.38193030e-03 -8.01231610e-04 2.23739951e-02 5.29305723e-02 8.17645450e-02 1.15250443e-01 1.21314664e-01 1.15351278e-01 9.33980016e-02 1.00799409e-01 1.40820208e-01 2.37049387e-01 3.63598904e-01 5.03515501e-01 5.99160240e-01 6.50008758e-01 6.54267691e-01 6.49403953e-01 6.23567132e-01 5.85528616e-01 5.50566275e-01 5.10479542e-01 4.61296102e-01 4.09194582e-01 3.60170102e-01 3.18365618e-01 2.88499449e-01 2.75611284e-01 2.82598294e-01 3.08244364e-01 3.46598582e-01 3.88805819e-01 4.27009184e-01 4.56942540e-01 4.77862133e-01 4.90769119e-01 4.97059257e-01 4.97800202e-01 4.94039531e-01 4.87204332e-01 4.79315772e-01 4.72790579e-01 4.69439932e-01 4.69867477e-01 4.73113140e-01 4.77091365e-01 4.79581460e-01 4.79512068e-01 4.77891383e-01 4.78121430e-01 4.84517689e-01 5.00052260e-01 5.24370340e-01 5.53679186e-01 5.82683359e-01 6.06859967e-01 6.23654425e-01 6.32073021e-01 6.31335506e-01 6.19800879e-01 5.94713112e-01 5.53196459e-01 4.94574392e-01 4.22684511e-01 3.45673723e-01 2.72404393e-01 2.08298591e-01 1.54803922e-01 1.11098356e-01 7.56325192e-02 4.66127812e-02 2.23320690e-02 1.03472622e-03 -1.89168757e-02 -3.84098446e-02 -5.87159951e-02 -8.56223143e-02 -1.24346437e-01 -1.61882486e-01 -1.91681562e-01 -2.36462600e-01 -2.80139918e-01 -3.19039785e-01 -3.57405782e-01 -4.04977335e-01 -3.71834193e-01
1.09000000e+01 -8.65832505e-01 -6.62744320e-01 -5.32736333e-01 -4.97814860e-01 -4.63571444e-01 -3.93368906e-01 -2.96914301e-01 -1.81318253e-01 -7.42076385e-02 -4.80234314e-05 4.04015090e-02 5.51975036e-02 4.98107897e-02 2.98353044e-02 7.40703092e-03 2.97699714e-03 2.49687764e-02 5.27573170e-02 8.03936025e-02 1.11853277e-01 1.15546474e-01 1.09403595e-01 8.67087029e-02 9.70096127e-02 1.35188431e-01 2.32590749e-01 3.55627469e-01 4.96581366e-01 5.93482852e-01 6.47692115e-01 6.53384355e-01 6.48686936e-01 6.23873688e-01 5.84754200e-01 5.48548429e-01 5.08796033e-01 4.60710701e-01 4.09809374e-01 3.61909752e-01 3.20821867e-01 2.90923509e-01 2.77220635e-01 2.82932099e-01 3.07392364e-01 3.45183415e-01 3.87658008e-01 4.26735151e-01 4.57728751e-01 4.79566084e-01 4.93125491e-01 4.99834318e-01 5.00836640e-01 4.97211856e-01 4.90341903e-01 4.82187063e-01 4.75128643e-01 4.71020135e-01 4.70572436e-01 4.72923574e-01 4.76067822e-01 4.77830003e-01 4.77171727e-01 4.75128907e-01 4.75130061e-01 4.81486092e-01 4.97172537e-01 5.21830682e-01 5.51671608e-01 5.81317944e-01 6.06119520e-01 6.23376275e-01 6.31977350e-01 6.31074599e-01 6.18974144e-01 5.92940741e-01 5.50267836e-01 4.90644703e-01 4.18322328e-01 3.41604941e-01 2.69084777e-01 2.05731746e-01 1.52696666e-01 1.09101300e-01 7.34820513e-02 4.41917425e-02 1.97051439e-02 -1.58592396e-03 -2.12170364e-02 -4.00393915e-02 -5.96789011e-02 -8.64276237e-02 -1.24510315e-01 -1.59841687e-01 -1.88749774e-01 -2.33040229e-01 -2.73770689e-01 -3.12181808e-01 -3.48832324e-01 -3.97302638e-01 -3.60375288e-01
1.10000000e+01 -8.67320773e-01 -6.66940548e-01 -5.35088862e-01 -4.97675288e-01 -4.62274988e-01 -3.89339336e-01 -2.90860734e-01 -1.74704764e-01 -6.72329012e-02 6.61155521e-03 4.61711588e-02 6.04381453e-02 5.48895119e-02 3.44877486e-02 1.15113328e-02 6.90507756e-03 2.75274363e-02 5.25325694e-02 7.90616925e-02 1.08305227e-01 1.09896445e-01 1.03479097e-01 8.03832804e-02 9.33317010e-02 1.29902618e-01 2.28225061e-01 3.47901684e-01 4.89456244e-01 5.87632029e-01 6.44998736e-01 6.52380510e-01 6.47732241e-01 6.24003807e-01 5.84008678e-01 5.46534068e-01 5.07069879e-01 4.60106924e-01 4.10425084e-01 3.63657320e-01 3.23312396e-01 2.93432457e-01 2.78965836e-01 2.83426222e-01 3.06680032e-01 3.43845901e-01 3.86514399e-01 4.26412298e-01 4.58441708e-01 4.81192417e-01 4.95408212e-01 5.02540354e-01 5.03810368e-01 5.00333203e-01 4.93447489e-01 4.85051100e-01 4.77482107e-01 4.72627942e-01 4.71305717e-01 4.72752402e-01 4.75051818e-01 4.76082472e-01 4.74842970e-01 4.72397635e-01 4.72192006e-01 4.78522688e-01 4.94359752e-01 5.19338502e-01 5.49679128e-01 5.79933280e-01 6.05331796e-01 6.23032561e-01 6.31801763e-01 6.30717318e-01 6.18031109e-01 5.91036971e-01 5.47215368e-01 4.86633832e-01 4.13946734e-01 3.37581641e-01 2.65833839e-01 2.03228187e-01 1.50641079e-01 1.07149772e-01 7.13787335e-02 4.18209278e-02 1.71298035e-02 -4.15911026e-03 -2.34779491e-02 -4.16497318e-02 -6.06834239e-02 -8.73115273e-02 -1.24634384e-01 -1.57756295e-01 -1.85976779e-01 -2.29576244e-01 -2.67394847e-01 -3.05414113e-01 -3.40153937e-01 -3.89670525e-01 -3.48733360e-01
1.11000000e+01 -8.68673369e-01 -6.70985085e-01 -5.37362785e-01 -4.97338755e-01 -4.60826089e-01 -3.85253076e-01 -2.84695165e-01 -1.68160409e-01 -6.05336278e-02 1.30163558e-02 5.17681665e-02 6.55189571e-02 5.97995358e-02 3.90479325e-02 1.56965066e-02 1.09694668e-02 3.00371783e-02 5.22740427e-02 7.77612123e-02 1.04612106e-01 1.04379072e-01 9.75713222e-02 7.44449762e-02 8.97253224e-02 1.24989451e-01 2.23911114e-01 3.40452254e-01 4.82140704e-01 5.81626654e-01 6.41922866e-01 6.51244947e-01 6.46552880e-01 6.23940355e-01 5.83286806e-01 5.44536021e-01 5.05308368e-01 4.59485895e-01 4.11041121e-01 3.65409670e-01 3.25830886e-01 2.96019039e-01 2.80841652e-01 2.84079716e-01 3.06111254e-01 3.42592651e-01 3.85380630e-01 4.26043093e-01 4.59081056e-01 4.82739529e-01 4.97615901e-01 5.05176619e-01 5.06720847e-01 5.03402624e-01 4.96519396e-01 4.87905606e-01 4.79849014e-01 4.74262194e-01 4.72067355e-01 4.72600518e-01 4.74044818e-01 4.74340521e-01 4.72527347e-01 4.69698863e-01 4.69308143e-01 4.75628082e-01 4.91614349e-01 5.16894380e-01 5.47702058e-01 5.78529236e-01 6.04495980e-01 6.22621659e-01 6.31544070e-01 6.30260977e-01 6.16969388e-01 5.89001101e-01 5.44041493e-01 4.82547331e-01 4.09563628e-01 3.33606854e-01 2.62650859e-01 2.00785177e-01 1.48634203e-01 1.05241575e-01 6.93215092e-02 3.95005802e-02 1.46073934e-02 -6.68251354e-03 -2.56972631e-02 -4.32415421e-02 -6.17332979e-02 -8.82674042e-02 -1.24707600e-01 -1.55641303e-01 -1.83360111e-01 -2.26050745e-01 -2.61038277e-01 -2.98725798e-01 -3.31381158e-01 -3.82083181e-01 -3.36905976e-01
1.12000000e+01 -8.69890333e-01 -6.74875528e-01 -5.39553686e-01 -4.96805908e-01 -4.59206141e-01 -3.81119756e-01 -2.78435376e-01 -1.61684033e-01 -5.41121306e-02 1.91614143e-02 5.71951314e-02 7.04451661e-02 6.45421526e-02 4.35172061e-02 1.99631881e-02 1.51546306e-02 3.24872143e-02 5.19997467e-02 7.64823918e-02 1.00783777e-01 9.90047528e-02 9.16786618e-02 6.89104178e-02 8.61563846e-02 1.20469419e-01 2.19613362e-01 3.33303347e-01 4.74640208e-01 5.75482501e-01 6.38463194e-01 6.49963397e-01 6.45162926e-01 6.23668073e-01 5.82581394e-01 5.42566567e-01 5.03519310e-01 4.58848767e-01 4.11656813e-01 3.67163889e-01 3.28371312e-01 2.98676076e-01 2.82842656e-01 2.84891238e-01 3.05689492e-01 3.41430075e-01 3.84262452e-01 4.25630214e-01 4.59646631e-01 4.84205915e-01 4.99747218e-01 5.07742400e-01 5.09567593e-01 5.06419248e-01 4.99556000e-01 4.90748299e-01 4.82227340e-01 4.75921611e-01 4.72857304e-01 4.72468792e-01 4.73048342e-01 4.72605889e-01 4.70226511e-01 4.67033911e-01 4.66479309e-01 4.72802762e-01 4.88936645e-01 5.14498791e-01 5.45740690e-01 5.77105725e-01 6.03611335e-01 6.22141988e-01 6.31202083e-01 6.29702890e-01 6.15786661e-01 5.86832645e-01 5.40748944e-01 4.78390928e-01 4.05178774e-01 3.29683295e-01 2.59534915e-01 1.98399989e-01 1.46673158e-01 1.03374621e-01 6.73093238e-02 3.72309621e-02 1.21391675e-02 -9.15388130e-03 -2.78728204e-02 -4.48158358e-02 -6.28319218e-02 -8.92873220e-02 -1.24720538e-01 -1.53512844e-01 -1.80893558e-01 -2.22446926e-01 -2.54726402e-01 -2.92103790e-01 -3.22526781e-01 -3.74541320e-01 -3.24891538e-01
1.13000000e+01 -8.70971255e-01 -6.78610042e-01 -5.41656100e-01 -4.96078989e-01 -4.57397075e-01 -3.76947063e-01 -2.72101247e-01 -1.55275100e-01 -4.79685893e-02 2.50425093e-02 6.24538830e-02 7.52216450e-02 6.91194099e-02 4.78977977e-02 2.43108421e-02 1.94432513e-02 3.48689674e-02 5.17274767e-02 7.52137588e-02 9.68339330e-02 9.37797374e-02 8.58046305e-02 6.37889940e-02 8.25980335e-02 1.16355777e-01 2.15302998e-01 3.26471865e-01 4.66965393e-01 5.69212017e-01 6.34622828e-01 6.48518954e-01 6.43576981e-01 6.23173893e-01 5.81883440e-01 5.40637229e-01 5.01711013e-01 4.58196770e-01 4.12271403e-01 3.68917283e-01 3.30927962e-01 3.01396492e-01 2.84963257e-01 2.85859059e-01 3.05417769e-01 3.40364355e-01 3.83165713e-01 4.25176550e-01 4.60138469e-01 4.85590170e-01 5.01800872e-01 5.10237003e-01 5.12350164e-01 5.09382279e-01 5.02555751e-01 4.93576907e-01 4.84614998e-01 4.77604806e-01 4.73675431e-01 4.72358065e-01 4.72063965e-01 4.70880394e-01 4.67942210e-01 4.64404119e-01 4.63706299e-01 4.70047096e-01 4.86326824e-01 5.12152102e-01 5.43795297e-01 5.75662699e-01 6.02677203e-01 6.21592015e-01 6.30773610e-01 6.29040373e-01 6.14480693e-01 5.84531336e-01 5.37340733e-01 4.74170468e-01 4.00797782e-01 3.25813366e-01 2.56484899e-01 1.96069929e-01 1.44755146e-01 1.01546938e-01 6.53411309e-02 3.50123455e-02 9.72626535e-03 -1.15710259e-02 -3.00026876e-02 -4.63739434e-02 -6.39822601e-02 -9.03621346e-02 -1.24665615e-01 -1.51387726e-01 -1.78567318e-01 -2.18751528e-01 -2.48483435e-01 -2.85533460e-01 -3.13605517e-01 -3.67044275e-01 -3.12689298e-01
1.14000000e+01 -8.71915264e-01 -6.82187357e-01 -5.43663587e-01 -4.95161583e-01 -4.55381813e-01 -3.72740603e-01 -2.65714423e-01 -1.48933920e-01 -4.21010906e-02 3.06562500e-02 6.75454568e-02 7.98528632e-02 7.35341368e-02 5.21927805e-02 2.87376316e-02 2.38164873e-02 3.71762181e-02 5.14743079e-02 7.39426501e-02 9.27797445e-02 8.87062305e-02 7.99579149e-02 5.90824971e-02 7.90313510e-02 1.12653784e-01 2.10958758e-01 3.19966973e-01 4.59132135e-01 5.62824249e-01 6.30409131e-01 6.46892578e-01 6.41809629e-01 6.22447202e-01 5.81182299e-01 5.38758564e-01 4.99892235e-01 4.57531258e-01 4.12884053e-01 3.70667355e-01 3.33495446e-01 3.04173340e-01 2.87197710e-01 2.86981066e-01 3.05298653e-01 3.39401417e-01 3.82096337e-01 4.24685209e-01 4.60556812e-01 4.86890996e-01 5.03775616e-01 5.12659755e-01 5.15068161e-01 5.12290985e-01 5.05517158e-01 4.96389184e-01 4.87009830e-01 4.79310298e-01 4.74521517e-01 4.72269149e-01 4.71093311e-01 4.69165929e-01 4.65676285e-01 4.61810849e-01 4.60989868e-01 4.67361344e-01 4.83784953e-01 5.09854574e-01 5.41866132e-01 5.74200153e-01 6.01692998e-01 6.20970249e-01 6.30256459e-01 6.28270746e-01 6.13049341e-01 5.82097149e-01 5.33820145e-01 4.69891890e-01 3.96426104e-01 3.21999150e-01 2.53499531e-01 1.93792356e-01 1.42877458e-01 9.97566787e-02 6.34159053e-02 3.28450039e-02 7.36969217e-03 -1.39318075e-02 -3.20851975e-02 -4.79174870e-02 -6.51867432e-02 -9.14816187e-02 -1.24537266e-01 -1.49282949e-01 -1.76368279e-01 -2.14955183e-01 -2.42331670e-01 -2.78999252e-01 -3.04633597e-01 -3.59590120e-01 -3.00299362e-01
1.15000000e+01 -8.72721020e-01 -6.85606736e-01 -5.45568823e-01 -4.94058340e-01 -4.53144684e-01 -3.68503845e-01 -2.59297936e-01 -1.42661835e-01 -3.65056973e-02 3.60001629e-02 7.24700978e-02 8.43428538e-02 7.77899631e-02 5.64060111e-02 3.32403031e-02 2.82542688e-02 3.94051777e-02 5.12561143e-02 7.26557624e-02 8.86413974e-02 8.37826456e-02 7.41522020e-02 5.47850306e-02 7.54457377e-02 1.09360251e-01 2.06567415e-01 3.13789902e-01 4.51161413e-01 5.56324952e-01 6.25833431e-01 6.45063671e-01 6.39874908e-01 6.21480056e-01 5.80465873e-01 5.36939956e-01 4.98072119e-01 4.56853766e-01 4.13493849e-01 3.72411803e-01 3.36068714e-01 3.06999818e-01 2.89540144e-01 2.88254772e-01 3.05334242e-01 3.38546897e-01 3.81060295e-01 4.24159536e-01 4.60902096e-01 4.88107196e-01 5.05670256e-01 5.15009989e-01 5.17721223e-01 5.15144689e-01 5.08438799e-01 4.99182935e-01 4.89409613e-01 4.81036519e-01 4.75395252e-01 4.72202820e-01 4.70138047e-01 4.67464461e-01 4.63430664e-01 4.59255483e-01 4.58330736e-01 4.64745656e-01 4.81310982e-01 5.07606354e-01 5.39953434e-01 5.72718116e-01 6.00658202e-01 6.20275238e-01 6.29648425e-01 6.27391346e-01 6.11490564e-01 5.79530321e-01 5.30190731e-01 4.65561215e-01 3.92069013e-01 3.18242415e-01 2.50577373e-01 1.91564707e-01 1.41037482e-01 9.80021143e-02 6.15326471e-02 3.07291979e-02 5.07030864e-03 -1.62341271e-02 -3.41190027e-02 -4.94483415e-02 -6.64471629e-02 -9.26346308e-02 -1.24332078e-01 -1.47215213e-01 -1.74280372e-01 -2.11052626e-01 -2.36290855e-01 -2.72485327e-01 -2.95628335e-01 -3.52175829e-01 -2.87722674e-01
1.16000000e+01 -8.73386708e-01 -6.88867930e-01 -5.47363726e-01 -4.92774683e-01 -4.50671818e-01 -3.64238127e-01 -2.52875797e-01 -1.36461399e-01 -3.11765503e-02 4.10727694e-02 7.72272750e-02 8.86951813e-02 8.18913244e-02 6.05420435e-02 3.78141057e-02 3.27356215e-02 4.15544994e-02 5.10871284e-02 7.13397385e-02 8.44415355e-02 7.90040087e-02 6.84058083e-02 5.08831960e-02 7.18389770e-02 1.06463402e-01 2.02123974e-01 3.07934034e-01 4.43078960e-01 5.49716831e-01 6.20910612e-01 6.43010698e-01 6.37785798e-01 6.20267312e-01 5.79720847e-01 5.35189430e-01 4.96260114e-01 4.56166049e-01 4.14099803e-01 3.74148498e-01 3.38643056e-01 3.09869310e-01 2.91984581e-01 2.89677342e-01 3.05526161e-01 3.37806105e-01 3.80063564e-01 4.23603132e-01 4.61174935e-01 4.89237684e-01 5.07483668e-01 5.17287046e-01 5.20309028e-01 5.17942771e-01 5.11319309e-01 5.01956015e-01 4.91812068e-01 4.82781819e-01 4.76296232e-01 4.72159821e-01 4.69199875e-01 4.65778024e-01 4.61207360e-01 4.56739422e-01 4.55729581e-01 4.62200077e-01 4.78904749e-01 5.05407478e-01 5.38057419e-01 5.71216655e-01 5.99572357e-01 6.19505572e-01 6.28947300e-01 6.26399535e-01 6.09802417e-01 5.76831352e-01 5.26456309e-01 4.61184504e-01 3.87731552e-01 3.14544639e-01 2.47716853e-01 1.89384519e-01 1.39232706e-01 9.62816305e-02 5.96903870e-02 2.86651556e-02 2.82885612e-03 -1.84759561e-02 -3.61031364e-02 -5.09685846e-02 -6.77645746e-02 -9.38092845e-02 -1.24048875e-01 -1.45200432e-01 -1.72285024e-01 -2.07042786e-01 -2.30377652e-01 -2.65976188e-01 -2.86607668e-01 -3.44797455e-01 -2.74960997e-01
1.17000000e+01 -8.73910054e-01 -6.91971127e-01 -5.49039625e-01 -4.91316524e-01 -4.47951482e-01 -3.59942728e-01 -2.46472550e-01 -1.30336511e-01 -2.61060100e-02 4.58736427e-02 8.18157169e-02 9.29129204e-02 8.58434464e-02 6.46060312e-02 4.24527340e-02 3.72390093e-02 4.36252276e-02 5.09795478e-02 6.99817668e-02 8.02046371e-02 7.43624947e-02 6.27411217e-02 4.73565496e-02 6.82169879e-02 1.03943074e-01 1.97631542e-01 3.02385262e-01 4.34914718e-01 5.42999930e-01 6.15658612e-01 6.40711842e-01 6.35553743e-01 6.18806697e-01 5.78932972e-01 5.33513493e-01 4.94465879e-01 4.55470133e-01 4.14700879e-01 3.75875477e-01 3.41214108e-01 3.12775399e-01 2.94524962e-01 2.91245598e-01 3.05875559e-01 3.37184001e-01 3.79112090e-01 4.23019864e-01 4.61376142e-01 4.90281504e-01 5.09214795e-01 5.19490262e-01 5.22831284e-01 5.20684661e-01 5.14157370e-01 5.04706314e-01 4.94214879e-01 4.84544471e-01 4.77223949e-01 4.72140854e-01 4.68280522e-01 4.64108706e-01 4.59008459e-01 4.54264075e-01 4.53187036e-01 4.59724539e-01 4.76565974e-01 5.03257867e-01 5.36178281e-01 5.69695869e-01 5.98435071e-01 6.18659893e-01 6.28150884e-01 6.25292709e-01 6.07983071e-01 5.74001008e-01 5.22620966e-01 4.56767831e-01 3.83418491e-01 3.10907035e-01 2.44916278e-01 1.87249446e-01 1.37460725e-01 9.45937243e-02 5.78881967e-02 2.66530654e-02 6.46003596e-04 -2.06553750e-02 -3.80370626e-02 -5.24804247e-02 -6.91392106e-02 -9.49931567e-02 -1.23688768e-01 -1.43253270e-01 -1.70361676e-01 -2.02928732e-01 -2.24605201e-01 -2.59457267e-01 -2.77589681e-01 -3.37450339e-01 -2.62016876e-01
1.18000000e+01 -8.74288338e-01 -6.94916876e-01 -5.50587425e-01 -4.89689978e-01 -4.44974357e-01 -3.55615011e-01 -2.40112820e-01 -1.24292528e-01 -2.12848241e-02 5.04034503e-02 8.62334786e-02 9.69986530e-02 8.96522973e-02 6.86036189e-02 4.71482949e-02 4.17426907e-02 4.56206757e-02 5.09432085e-02 6.85701557e-02 7.59563423e-02 6.98480662e-02 5.71838697e-02 4.41783108e-02 6.45932748e-02 1.01771222e-01 1.93100894e-01 2.97122604e-01 4.26702108e-01 5.36172131e-01 6.10097836e-01 6.38145682e-01 6.33188236e-01 6.17098797e-01 5.78087382e-01 5.31917004e-01 4.92699186e-01 4.54768358e-01 4.15296026e-01 3.77590927e-01 3.43777851e-01 3.15711890e-01 2.97155158e-01 2.92956027e-01 3.06383095e-01 3.36685164e-01 3.78211756e-01 4.22413863e-01 4.61506791e-01 4.91237851e-01 5.10862650e-01 5.21618953e-01 5.25287718e-01 5.23369831e-01 5.16951684e-01 5.07431743e-01 4.96615691e-01 4.86322679e-01 4.78177786e-01 4.72146585e-01 4.67381739e-01 4.62458641e-01 4.56836127e-01 4.51830864e-01 4.50703690e-01 4.57318879e-01 4.74294274e-01 5.01157329e-01 5.34316175e-01 5.68155877e-01 5.97246008e-01 6.17736887e-01 6.27256985e-01 6.24068306e-01 6.06030838e-01 5.71040311e-01 5.18689046e-01 4.52317285e-01 3.79134295e-01 3.07330572e-01 2.42173847e-01 1.85157266e-01 1.35719234e-01 9.29369986e-02 5.61251915e-02 2.46930799e-02 -1.47763087e-03 -2.27706002e-02 -3.99207179e-02 -5.39861077e-02 -7.05704054e-02 -9.61735274e-02 -1.23255114e-01 -1.41386708e-01 -1.68488350e-01 -1.98717499e-01 -2.18982802e-01 -2.52915457e-01 -2.68592140e-01 -3.30129328e-01 -2.48893592e-01
1.19000000e+01 -8.74518402e-01 -6.97706002e-01 -5.51997790e-01 -4.87901081e-01 -4.41733763e-01 -3.51250634e-01 -2.33820845e-01 -1.18336320e-01 -1.67023245e-02 5.46639747e-02 9.04780307e-02 1.00954479e-01 9.33245103e-02 7.25408298e-02 5.18913194e-02 4.62250852e-02 4.75462289e-02 5.09853365e-02 6.70948639e-02 7.17227523e-02 6.54491869e-02 5.17622421e-02 4.13162895e-02 6.09880946e-02 9.99127264e-02 1.88549746e-01 2.92119046e-01 4.18477163e-01 5.29229759e-01 6.04250529e-01 6.35291853e-01 6.30696464e-01 6.15146978e-01 5.77168912e-01 5.30403058e-01 4.90969780e-01 4.54063403e-01 4.15884210e-01 3.79293168e-01 3.46330613e-01 3.18672826e-01 2.99869001e-01 2.94804799e-01 3.07048949e-01 3.36313786e-01 3.77368345e-01 4.21789456e-01 4.61568280e-01 4.92106080e-01 5.12426307e-01 5.23672412e-01 5.27678083e-01 5.25997792e-01 5.19700977e-01 5.10130228e-01 4.99012100e-01 4.88114591e-01 4.79157017e-01 4.72177641e-01 4.66505301e-01 4.60830010e-01 4.54692601e-01 4.49441220e-01 4.48280097e-01 4.54982831e-01 4.72089169e-01 4.99105563e-01 5.32471220e-01 5.66596812e-01 5.96004879e-01 6.16735286e-01 6.26263417e-01 6.22723822e-01 6.03944196e-01 5.67950505e-01 5.14665131e-01 4.47838958e-01 3.74883097e-01 3.03815985e-01 2.39487657e-01 1.83105879e-01 1.34006032e-01 9.13101575e-02 5.44005215e-02 2.27853201e-02 -3.54149413e-03 -2.48200090e-02 -4.17545431e-02 -5.54878119e-02 -7.20565489e-02 -9.73376361e-02 -1.22753402e-01 -1.39611667e-01 -1.66642269e-01 -1.94419783e-01 -2.13515732e-01 -2.46339586e-01 -2.59632056e-01 -3.22829005e-01 -2.35595135e-01
1.20000000e+01 -8.74596674e-01 -7.00339524e-01 -5.53261335e-01 -4.85955556e-01 -4.38225803e-01 -3.46843804e-01 -2.27620030e-01 -1.12476296e-01 -1.23466556e-02 5.86581125e-02 9.45463740e-02 1.04782024e-01 9.68673009e-02 7.64239486e-02 5.66708297e-02 5.06651136e-02 4.94090966e-02 5.11103937e-02 6.55479757e-02 6.75297303e-02 6.11535882e-02 4.65059099e-02 3.87340009e-02 5.74273775e-02 9.83264616e-02 1.84001780e-01 2.87342604e-01 4.10277535e-01 5.22168246e-01 5.98140102e-01 6.32131677e-01 6.28083036e-01 6.12957227e-01 5.76162435e-01 5.28972902e-01 4.89287232e-01 4.53358310e-01 4.16464456e-01 3.80980647e-01 3.48869063e-01 3.21652518e-01 3.02660305e-01 2.96787789e-01 3.07872817e-01 3.36073639e-01 3.76587512e-01 4.21151101e-01 4.61562331e-01 4.92885721e-01 5.13904900e-01 5.25649931e-01 5.30002176e-01 5.28568116e-01 5.22404045e-01 5.12799736e-01 5.01401666e-01 4.89918287e-01 4.80160802e-01 4.72234598e-01 4.65652988e-01 4.59225023e-01 4.52580169e-01 4.47096585e-01 4.45916770e-01 4.52716041e-01 4.69950077e-01 4.97102164e-01 5.30643501e-01 5.65018828e-01 5.94711439e-01 6.15653877e-01 6.25168006e-01 6.21256823e-01 6.01721804e-01 5.64733061e-01 5.10553971e-01 4.43338937e-01 3.70668696e-01 3.00363794e-01 2.36855702e-01 1.81093301e-01 1.32319035e-01 8.97120154e-02 5.27133567e-02 2.09298934e-02 -5.54512061e-03 -2.68021510e-02 -4.35395063e-02 -5.69875242e-02 -7.35950994e-02 -9.84729367e-02 -1.22191076e-01 -1.37936687e-01 -1.64800485e-01 -1.90049517e-01 -2.08205176e-01 -2.39720783e-01 -2.50725274e-01 -3.15543911e-01 -2.22126153e-01
1.21000000e+01 -8.74519189e-01 -7.02818568e-01 -5.54368807e-01 -4.83858593e-01 -4.34449435e-01 -3.42387582e-01 -2.21532512e-01 -1.06722361e-01 -8.20501632e-03 6.23898577e-02 9.84351818e-02 1.08482435e-01 1.00288402e-01 8.02593807e-02 6.14744358e-02 5.50425054e-02 5.12180296e-02 5.13200207e-02 6.39241035e-02 6.34022316e-02 5.69490569e-02 4.14449742e-02 3.63919255e-02 5.39414462e-02 9.69665825e-02 1.79485449e-01 2.82757535e-01 4.02141426e-01 5.14982829e-01 5.91790456e-01 6.28648732e-01 6.25349797e-01 6.10537926e-01 5.75053206e-01 5.27625913e-01 4.87660791e-01 4.52656500e-01 4.17035900e-01 3.82651941e-01 3.51390204e-01 3.24645559e-01 3.05522887e-01 2.98900588e-01 3.08853905e-01 3.35968049e-01 3.75874749e-01 4.20503348e-01 4.61490964e-01 4.93576510e-01 5.15297647e-01 5.27550838e-01 5.32259851e-01 5.31080430e-01 5.25059797e-01 5.15438291e-01 5.03781918e-01 4.91731784e-01 4.81188188e-01 4.72317970e-01 4.64826563e-01 4.57645915e-01 4.50501147e-01 4.44798402e-01 4.43614176e-01 4.50518067e-01 4.67876316e-01 4.95146639e-01 5.28833071e-01 5.63422108e-01 5.93365489e-01 6.14491498e-01 6.23968604e-01 6.19664959e-01 5.99362507e-01 5.61389709e-01 5.06360415e-01 4.38823275e-01 3.66494595e-01 2.96974303e-01 2.34275872e-01 1.79117622e-01 1.30656282e-01 8.81415192e-02 5.10628551e-02 1.91269204e-02 -7.48816568e-03 -2.87157303e-02 -4.52771198e-02 -5.84868894e-02 -7.51826400e-02 -9.95673332e-02 -1.21577317e-01 -1.36367689e-01 -1.62940525e-01 -1.85623374e-01 -2.03048313e-01 -2.33052752e-01 -2.41886121e-01 -3.08268738e-01 -2.08491911e-01
1.22000000e+01 -8.74281604e-01 -7.05144276e-01 -5.55311260e-01 -4.81614668e-01 -4.30406483e-01 -3.37874218e-01 -2.15578755e-01 -1.01085840e-01 -4.26391837e-03 6.58642641e-02 1.02140952e-01 1.12056367e-01 1.03596009e-01 8.40534837e-02 6.62884474e-02 5.93381011e-02 5.29829921e-02 5.16130631e-02 6.22206934e-02 5.93636875e-02 5.28242060e-02 3.66088844e-02 3.42488683e-02 5.05635846e-02 9.57839869e-02 1.75032614e-01 2.78325675e-01 3.94106466e-01 5.07669257e-01 5.85225321e-01 6.24829369e-01 6.22495756e-01 6.07899544e-01 5.73827218e-01 5.26359599e-01 4.86099249e-01 4.51961765e-01 4.17597832e-01 3.84305759e-01 3.53891367e-01 3.27646830e-01 3.08450567e-01 3.01138506e-01 3.09990918e-01 3.35999863e-01 3.75235369e-01 4.19850844e-01 4.61356493e-01 4.94178410e-01 5.16603876e-01 5.29374514e-01 5.34450998e-01 5.33534406e-01 5.27667241e-01 5.18043992e-01 5.06150365e-01 4.93553033e-01 4.82238111e-01 4.72428220e-01 4.64027761e-01 4.56094947e-01 4.48457875e-01 4.42548098e-01 4.41372730e-01 4.48388375e-01 4.65867090e-01 4.93238391e-01 5.27039945e-01 5.61806860e-01 5.91966871e-01 6.13247033e-01 6.22663089e-01 6.17945976e-01 5.96865348e-01 5.57922465e-01 5.02089400e-01 4.34297920e-01 3.62364030e-01 2.93647615e-01 2.31745983e-01 1.77176971e-01 1.29015960e-01 8.65977841e-02 4.94481179e-02 1.73765559e-02 -9.37046373e-03 -3.05595726e-02 -4.69694490e-02 -5.99870872e-02 -7.68149424e-02 -1.00609405e-01 -1.20922772e-01 -1.34907805e-01 -1.61040995e-01 -1.81160187e-01 -1.98038509e-01 -2.26331950e-01 -2.33127104e-01 -3.00998507e-01 -1.94698239e-01
1.23000000e+01 -8.73879231e-01 -7.07317710e-01 -5.56080238e-01 -4.79227408e-01 -4.26101578e-01 -3.33295521e-01 -2.09777193e-01 -9.55793312e-02 -5.09463310e-04 6.90873895e-02 1.05660156e-01 1.15504001e-01 1.06798709e-01 8.78123795e-02 7.10980123e-02 6.35341581e-02 5.47147913e-02 5.19856873e-02 6.04382254e-02 5.54354564e-02 4.87691935e-02 3.20253635e-02 3.22633604e-02 4.73285089e-02 9.47279005e-02 1.70677084e-01 2.74007842e-01 3.86208603e-01 5.00224485e-01 5.78467644e-01 6.20663146e-01 6.19517120e-01 6.05054271e-01 5.72471510e-01 5.25169638e-01 4.84610787e-01 4.51278249e-01 4.18149708e-01 3.85940937e-01 3.56370183e-01 3.30651491e-01 3.11437184e-01 3.03496588e-01 3.11282060e-01 3.36171442e-01 3.74674495e-01 4.19198356e-01 4.61161544e-01 4.94691622e-01 5.17823048e-01 5.31120380e-01 5.36575511e-01 5.35929743e-01 5.30225453e-01 5.20615010e-01 5.08504512e-01 4.95379910e-01 4.83309406e-01 4.72565757e-01 4.63258287e-01 4.54574415e-01 4.46452712e-01 4.40347102e-01 4.39192799e-01 4.46326350e-01 4.63921504e-01 4.91376712e-01 5.25264095e-01 5.60173306e-01 5.90515454e-01 6.11919411e-01 6.21249372e-01 6.16097718e-01 5.94229572e-01 5.54333613e-01 4.97745986e-01 4.29768650e-01 3.58279947e-01 2.90383620e-01 2.29263850e-01 1.75269491e-01 1.27396423e-01 8.50801276e-02 4.78681533e-02 1.56789948e-02 -1.11920976e-02 -3.23325919e-02 -4.86190970e-02 -6.14887893e-02 -7.84870046e-02 -1.01588650e-01 -1.20239229e-01 -1.33557288e-01 -1.59082167e-01 -1.76680296e-01 -1.93165641e-01 -2.19557652e-01 -2.24458688e-01 -2.93728723e-01 -1.80751480e-01
1.24000000e+01 -8.73307067e-01 -7.09339780e-01 -5.56667919e-01 -4.76699509e-01 -4.21542033e-01 -3.28643239e-01 -2.04143911e-01 -9.02165226e-02 3.07237337e-03 7.20662317e-02 1.08989383e-01 1.18825089e-01 1.09905395e-01 9.15417615e-02 7.58872959e-02 6.76146352e-02 5.64246751e-02 5.24315807e-02 5.85803172e-02 5.16363685e-02 4.47763727e-02 2.77193885e-02 3.03950552e-02 4.42708046e-02 9.37475105e-02 1.66453090e-01 2.69765251e-01 3.78481030e-01 4.92647312e-01 5.71539047e-01 6.16143140e-01 6.16407418e-01 6.02015625e-01 5.70974405e-01 5.24049944e-01 4.83202815e-01 4.50610423e-01 4.18691154e-01 3.87556450e-01 3.58824561e-01 3.33655007e-01 3.14476622e-01 3.05969654e-01 3.12725056e-01 3.36484664e-01 3.74197053e-01 4.18550787e-01 4.60909047e-01 4.95116604e-01 5.18954735e-01 5.32787871e-01 5.38633258e-01 5.38266151e-01 5.32733547e-01 5.23149579e-01 5.10841881e-01 4.97210228e-01 4.84400825e-01 4.72730951e-01 4.62519811e-01 4.53086657e-01 4.44488031e-01 4.38196849e-01 4.37074709e-01 4.44331306e-01 4.62038579e-01 4.89560788e-01 5.23505438e-01 5.58521662e-01 5.89011123e-01 6.10507598e-01 6.19725402e-01 6.14118121e-01 5.91454619e-01 5.50625694e-01 4.93335348e-01 4.25241065e-01 3.54244915e-01 2.87181974e-01 2.26827366e-01 1.73393347e-01 1.25796205e-01 8.35880940e-02 4.63218829e-02 1.40344681e-02 -1.29534336e-02 -3.40337738e-02 -5.02291558e-02 -6.29921778e-02 -8.01930621e-02 -1.02495754e-01 -1.19539253e-01 -1.32313522e-01 -1.57046511e-01 -1.72204868e-01 -1.88416516e-01 -2.12731922e-01 -2.15889134e-01 -2.86455504e-01 -1.66658449e-01
1.25000000e+01 -8.72559818e-01 -7.11211163e-01 -5.57067235e-01 -4.74032695e-01 -4.16737653e-01 -3.23909440e-01 -1.98692393e-01 -8.50119554e-02 6.49545350e-03 7.48086571e-02 1.12125466e-01 1.22019023e-01 1.12925129e-01 9.52467268e-02 8.06397003e-02 7.15654264e-02 5.81239151e-02 5.29422229e-02 5.66537380e-02 4.79823722e-02 4.08408485e-02 2.37122636e-02 2.86060662e-02 4.14233866e-02 9.27935924e-02 1.62393764e-01 2.65560875e-01 3.70953185e-01 4.84938927e-01 5.64459368e-01 6.11266157e-01 6.13157711e-01 5.98798034e-01 5.69325710e-01 5.22992784e-01 4.81881819e-01 4.49963065e-01 4.19221959e-01 3.89151427e-01 3.61252683e-01 3.36653172e-01 3.17562849e-01 3.08552347e-01 3.14317186e-01 3.36940925e-01 3.73807737e-01 4.17913155e-01 4.60602205e-01 4.95454082e-01 5.19998590e-01 5.34376421e-01 5.40624072e-01 5.40543359e-01 5.35190672e-01 5.25645987e-01 5.13160020e-01 4.99041753e-01 4.85511055e-01 4.72924118e-01 4.61813968e-01 4.51634055e-01 4.42566208e-01 4.36098797e-01 4.35018751e-01 4.42402491e-01 4.60217246e-01 4.87789708e-01 5.21763841e-01 5.56852130e-01 5.87453757e-01 6.09010590e-01 6.18089173e-01 6.12005222e-01 5.88540144e-01 5.46801503e-01 4.88862742e-01 4.20720577e-01 3.50261067e-01 2.84042097e-01 2.24434542e-01 1.71546779e-01 1.24214015e-01 8.21214347e-02 4.48081804e-02 1.24432298e-02 -1.46550955e-02 -3.56621886e-02 -5.18031268e-02 -6.44969426e-02 -8.19266070e-02 -1.03322833e-01 -1.18835774e-01 -1.31171118e-01 -1.54919169e-01 -1.67755181e-01 -1.83775386e-01 -2.05859462e-01 -2.07424431e-01 -2.79175689e-01 -1.52426394e-01
1.26000000e+01 -8.71631917e-01 -7.12932248e-01 -5.57271970e-01 -4.71227727e-01 -4.11700502e-01 -3.19086881e-01 -1.93433334e-01 -7.99807402e-02 9.77318039e-03 7.73233284e-02 1.15065617e-01 1.25084922e-01 1.15866978e-01 9.89316347e-02 8.53381098e-02 7.53745447e-02 5.98233831e-02 5.35072196e-02 5.46683366e-02 4.44862831e-02 3.69609161e-02 2.00208216e-02 2.68621929e-02 3.88160383e-02 9.18200730e-02 1.58529678e-01 2.61360733e-01 3.63649876e-01 4.77103353e-01 5.57246308e-01 6.06032837e-01 6.09756883e-01 5.95416418e-01 5.67516906e-01 5.21988960e-01 4.80653225e-01 4.49341240e-01 4.19742089e-01 3.90725183e-01 3.63653003e-01 3.39642120e-01 3.20689945e-01 3.11239154e-01 3.16055307e-01 3.37541128e-01 3.73510963e-01 4.17290554e-01 4.60244471e-01 4.95705065e-01 5.20954354e-01 5.35885474e-01 5.42547764e-01 5.42761118e-01 5.37596020e-01 5.28102575e-01 5.15456519e-01 5.00872215e-01 4.86638719e-01 4.73145507e-01 4.61142357e-01 4.50219012e-01 4.40689619e-01 4.34054412e-01 4.33025181e-01 4.40539088e-01 4.58456352e-01 4.86062455e-01 5.20039107e-01 5.55164882e-01 5.85843217e-01 6.07427410e-01 6.16338722e-01 6.09757174e-01 5.85486048e-01 5.42864102e-01 4.84333504e-01 4.16212400e-01 3.46330122e-01 2.80963238e-01 2.22083489e-01 1.69728169e-01 1.22648720e-01 8.06800235e-02 4.33259198e-02 1.09055151e-02 -1.62979006e-02 -3.72170461e-02 -5.33448537e-02 -6.60022040e-02 -8.36804524e-02 -1.04063624e-01 -1.18141633e-01 -1.30122090e-01 -1.52688337e-01 -1.63351926e-01 -1.79224530e-01 -1.98947379e-01 -1.99068294e-01 -2.71886901e-01 -1.38062956e-01
1.27000000e+01 -8.70517540e-01 -7.14503091e-01 -5.57276831e-01 -4.68284455e-01 -4.06444625e-01 -3.14169354e-01 -1.88374515e-01 -7.51382367e-02 1.29182003e-02 7.96196260e-02 1.17807535e-01 1.28021719e-01 1.18739860e-01 1.02599969e-01 8.99651511e-02 7.90322658e-02 6.15331376e-02 5.41146925e-02 5.26368699e-02 4.11576429e-02 3.31383609e-02 1.66567817e-02 2.51339944e-02 3.64740850e-02 9.07854710e-02 1.54887515e-01 2.57135033e-01 3.56590563e-01 4.69147767e-01 5.49915176e-01 6.00447666e-01 6.06192002e-01 5.91885790e-01 5.65541306e-01 5.21028015e-01 4.79521295e-01 4.48750245e-01 4.20251725e-01 3.92277217e-01 3.66024238e-01 3.42618328e-01 3.23852113e-01 3.14024429e-01 3.17935864e-01 3.38285678e-01 3.73310831e-01 4.16688125e-01 4.59839545e-01 4.95870854e-01 5.21821878e-01 5.37314484e-01 5.44404140e-01 5.44919186e-01 5.39948849e-01 5.30517741e-01 5.17729013e-01 5.02699319e-01 4.87782382e-01 4.73395295e-01 4.60506545e-01 4.48843948e-01 4.38860640e-01 4.32065172e-01 4.31094223e-01 4.38740221e-01 4.56754662e-01 4.84377885e-01 5.18330978e-01 5.53460051e-01 5.84179331e-01 6.05757095e-01 6.14472127e-01 6.07372260e-01 5.82292514e-01 5.38816833e-01 4.79753032e-01 4.11721528e-01 3.42453471e-01 2.77944537e-01 2.19772361e-01 1.67936074e-01 1.21099337e-01 7.92637341e-02 4.18740409e-02 9.42147701e-03 -1.78827998e-02 -3.86977775e-02 -5.48584919e-02 -6.75064088e-02 -8.54468475e-02 -1.04713624e-01 -1.17469131e-01 -1.29156096e-01 -1.50345542e-01 -1.59014519e-01 -1.74744875e-01 -1.92004841e-01 -1.90822233e-01 -2.64587560e-01 -1.23576140e-01
1.28000000e+01 -8.69210630e-01 -7.15923377e-01 -5.57077487e-01 -4.65201918e-01 -4.00985732e-01 -3.09152002e-01 -1.83520771e-01 -7.04997025e-02 1.59421119e-02 8.17075614e-02 1.20349523e-01 1.30828242e-01 1.21552411e-01 1.06254205e-01 9.45034606e-02 8.25312137e-02 6.32620481e-02 5.47517114e-02 5.05747197e-02 3.80027059e-02 2.93786065e-02 1.36262879e-02 2.33976733e-02 3.44172541e-02 8.96541637e-02 1.51488900e-01 2.52859159e-01 3.49788813e-01 4.61082685e-01 5.42478755e-01 5.94518878e-01 6.02448752e-01 5.88220851e-01 5.63394174e-01 5.20098443e-01 4.78489019e-01 4.48195527e-01 4.20751308e-01 3.93807183e-01 3.68365359e-01 3.45578609e-01 3.27043689e-01 3.16902409e-01 3.19954904e-01 3.39174489e-01 3.73211094e-01 4.16111016e-01 4.59391379e-01 4.95953047e-01 5.22601143e-01 5.38662921e-01 5.46193023e-01 5.47017302e-01 5.42248505e-01 5.32889941e-01 5.19975183e-01 5.04520781e-01 4.88940537e-01 4.73673595e-01 4.59908069e-01 4.47511278e-01 4.37081648e-01 4.30132551e-01 4.29226060e-01 4.37004944e-01 4.55110879e-01 4.82734728e-01 5.16639137e-01 5.51737732e-01 5.82461912e-01 6.03998690e-01 6.12487521e-01 6.04848918e-01 5.78960030e-01 5.34663298e-01 4.75126761e-01 4.07252680e-01 3.38632260e-01 2.74984972e-01 2.17499332e-01 1.66169219e-01 1.19565035e-01 7.78723423e-02 4.04516277e-02 7.99114002e-03 -1.94108288e-02 -4.01041167e-02 -5.63484762e-02 -6.90072657e-02 -8.72176059e-02 -1.05270216e-01 -1.16829622e-01 -1.28260749e-01 -1.47885826e-01 -1.54760488e-01 -1.70316660e-01 -1.85042682e-01 -1.82685688e-01 -2.57276866e-01 -1.08974288e-01
1.29000000e+01 -8.67704896e-01 -7.17192398e-01 -5.56670582e-01 -4.61978473e-01 -3.95340845e-01 -3.04031596e-01 -1.78874012e-01 -6.60799179e-02 1.88551923e-02 8.35976879e-02 1.22690594e-01 1.33503300e-01 1.24312855e-01 1.09895695e-01 9.89359441e-02 8.58663946e-02 6.50174600e-02 5.54047589e-02 4.84995048e-02 3.50245612e-02 2.56907082e-02 1.09296532e-02 2.16357411e-02 3.26587627e-02 8.83974302e-02 1.48349443e-01 2.48514420e-01 3.43251957e-01 4.52921985e-01 5.34947268e-01 5.88258249e-01 5.98511903e-01 5.84435584e-01 5.61072795e-01 5.19187884e-01 4.77558028e-01 4.47682581e-01 4.21241591e-01 3.95314854e-01 3.70675579e-01 3.48520113e-01 3.30259155e-01 3.19867238e-01 3.22108086e-01 3.40206997e-01 3.73215143e-01 4.15564342e-01 4.58904164e-01 4.95953561e-01 5.23292262e-01 5.39930267e-01 5.47914262e-01 5.49055152e-01 5.44494427e-01 5.35217695e-01 5.22192746e-01 5.06334343e-01 4.90111600e-01 4.73980461e-01 4.59348404e-01 4.46223373e-01 4.35354995e-01 4.28257988e-01 4.27420796e-01 4.35332229e-01 4.53523653e-01 4.81131611e-01 5.14963206e-01 5.49998003e-01 5.80690795e-01 6.02151283e-01 6.10383165e-01 6.02185764e-01 5.75489400e-01 5.30407336e-01 4.70460115e-01 4.02810267e-01 3.34867414e-01 2.72083289e-01 2.15262621e-01 1.64426477e-01 1.18045146e-01 7.65054782e-02 3.90579669e-02 6.61439176e-03 -2.08830523e-02 -4.14361850e-02 -5.78194417e-02 -7.05017218e-02 -8.89842245e-02 -1.05732767e-01 -1.16233134e-01 -1.27422003e-01 -1.45307845e-01 -1.50604921e-01 -1.65920096e-01 -1.78072967e-01 -1.74656241e-01 -2.49954746e-01 -9.42660697e-02
1.30000000e+01 -8.65993836e-01 -7.18309047e-01 -5.56053724e-01 -4.58611973e-01 -3.89527953e-01 -2.98806768e-01 -1.74433332e-01 -6.18927947e-02 2.16661432e-02 8.53010073e-02 1.24830571e-01 1.36045771e-01 1.27028857e-01 1.13524589e-01 1.03246015e-01 8.90352033e-02 6.68048900e-02 5.60602253e-02 4.64306023e-02 3.22233758e-02 2.20871950e-02 8.56132359e-03 1.98374400e-02 3.12046637e-02 8.69942314e-02 1.45478030e-01 2.44088563e-01 3.36980951e-01 4.44682778e-01 5.27328463e-01 5.81680778e-01 5.94365830e-01 5.80542841e-01 5.58576534e-01 5.18283328e-01 4.76728535e-01 4.47216819e-01 4.21723699e-01 3.96800084e-01 3.72954357e-01 3.51440317e-01 3.33493159e-01 3.22912996e-01 3.24390699e-01 3.41382181e-01 3.73326002e-01 4.15053149e-01 4.58382304e-01 4.95874648e-01 5.23895466e-01 5.41116019e-01 5.49567699e-01 5.51032362e-01 5.46686113e-01 5.37499589e-01 5.24379449e-01 5.08137769e-01 4.91293914e-01 4.74315865e-01 4.58828923e-01 4.44982520e-01 4.33682988e-01 4.26442885e-01 4.25678447e-01 4.33720980e-01 4.51991596e-01 4.79567095e-01 5.13302747e-01 5.48240923e-01 5.78865829e-01 6.00214009e-01 6.08157479e-01 5.99381573e-01 5.71881752e-01 5.26052998e-01 4.65758476e-01 3.98398370e-01 3.31159630e-01 2.69237992e-01 2.13060536e-01 1.62706845e-01 1.16539180e-01 7.51626048e-02 3.76925545e-02 5.29098727e-03 -2.23005119e-02 -4.26945991e-02 -5.92761026e-02 -7.19859529e-02 -9.07380109e-02 -1.06102661e-01 -1.15688004e-01 -1.26624569e-01 -1.42613847e-01 -1.46560015e-01 -1.61536017e-01 -1.71108525e-01 -1.66729874e-01 -2.42621797e-01 -7.94604713e-02
1.31000000e+01 -8.64070748e-01 -7.19271839e-01 -5.55225450e-01 -4.55099965e-01 -3.83565652e-01 -2.93478188e-01 -1.70195177e-01 -5.79509795e-02 2.43818613e-02 8.68288719e-02 1.26770168e-01 1.38454690e-01 1.29707367e-01 1.17139779e-01 1.07417805e-01 9.20374115e-02 6.86277594e-02 5.67049183e-02 4.43886127e-02 2.95967348e-02 1.85837590e-02 6.51005122e-03 1.79988945e-02 3.00534677e-02 8.54317000e-02 1.42876363e-01 2.39576038e-01 3.30970452e-01 4.36385136e-01 5.19627804e-01 5.74804277e-01 5.89995059e-01 5.76553947e-01 5.55906860e-01 5.17371313e-01 4.75999283e-01 4.46803437e-01 4.22199177e-01 3.98262769e-01 3.75201407e-01 3.54337029e-01 3.36740546e-01 3.26033731e-01 3.26797687e-01 3.42698577e-01 3.73546339e-01 4.14582396e-01 4.57830396e-01 4.95718896e-01 5.24411117e-01 5.42219691e-01 5.51153146e-01 5.52948516e-01 5.48823084e-01 5.39734289e-01 5.26533066e-01 5.09928827e-01 4.92485752e-01 4.74679697e-01 4.58350882e-01 4.43790918e-01 4.32067906e-01 4.24688618e-01 4.23998971e-01 4.32170080e-01 4.50513306e-01 4.78039690e-01 5.11657251e-01 5.46466507e-01 5.76986858e-01 5.98186007e-01 6.05809014e-01 5.96435268e-01 5.68138521e-01 5.21604513e-01 4.61027174e-01 3.94020694e-01 3.27509384e-01 2.66447380e-01 2.10891528e-01 1.61009433e-01 1.15046830e-01 7.38430221e-02 3.63550766e-02 4.02055231e-03 -2.36641911e-02 -4.38805965e-02 -6.07231114e-02 -7.34553899e-02 -9.24702320e-02 -1.06383276e-01 -1.15200572e-01 -1.25852345e-01 -1.39809541e-01 -1.42634701e-01 -1.57146481e-01 -1.64162459e-01 -1.58901271e-01 -2.35279191e-01 -6.45667912e-02
1.32000000e+01 -8.61928741e-01 -7.20078942e-01 -5.54185166e-01 -4.51439903e-01 -3.77472795e-01 -2.88048684e-01 -1.66153574e-01 -5.42654632e-02 2.70072438e-02 8.81928870e-02 1.28511047e-01 1.40729341e-01 1.32354460e-01 1.20738865e-01 1.11436380e-01 9.48751054e-02 7.04871936e-02 5.73265478e-02 4.23948079e-02 2.71400588e-02 1.51988042e-02 4.75926844e-03 1.61229927e-02 2.91960544e-02 8.37053324e-02 1.40538802e-01 2.34978005e-01 3.25209126e-01 4.28051683e-01 5.11848772e-01 5.67648902e-01 5.85384817e-01 5.72478322e-01 5.53067339e-01 5.16438116e-01 4.75367528e-01 4.46447292e-01 4.22670040e-01 3.99702842e-01 3.77416703e-01 3.57208368e-01 3.39996387e-01 3.29223501e-01 3.29323663e-01 3.44154305e-01 3.73878458e-01 4.14156950e-01 4.57253195e-01 4.95489215e-01 5.24839722e-01 5.43240808e-01 5.52670379e-01 5.54803178e-01 5.50904852e-01 5.41920559e-01 5.28651406e-01 5.11705294e-01 4.93685348e-01 4.75071784e-01 4.57915442e-01 4.42650692e-01 4.30512026e-01 4.22996547e-01 4.22382296e-01 4.30678407e-01 4.49087365e-01 4.76547864e-01 5.10026123e-01 5.44674699e-01 5.75053691e-01 5.96066369e-01 6.03336432e-01 5.93345948e-01 5.64261426e-01 5.17066274e-01 4.56271473e-01 3.89680537e-01 3.23916954e-01 2.63709550e-01 2.08754233e-01 1.59333475e-01 1.13567945e-01 7.25459138e-02 3.50453926e-02 2.80260368e-03 -2.49749930e-02 -4.49961169e-02 -6.21649011e-02 -7.49048061e-02 -9.41722593e-02 -1.06579914e-01 -1.14774941e-01 -1.25088865e-01 -1.36903869e-01 -1.38834388e-01 -1.52735314e-01 -1.57247645e-01 -1.51164136e-01 -2.27928548e-01 -4.95946434e-02
1.33000000e+01 -8.59560745e-01 -7.20728220e-01 -5.52933064e-01 -4.47629371e-01 -3.71268154e-01 -2.82523293e-01 -1.62300421e-01 -5.08452081e-02 2.95450390e-02 8.94048184e-02 1.30055843e-01 1.42869355e-01 1.34975205e-01 1.24318109e-01 1.15288000e-01 9.75525104e-02 7.23819167e-02 5.79141556e-02 4.04705667e-02 2.48470862e-02 1.19528728e-02 3.28765322e-03 1.42190205e-02 2.86158867e-02 8.18188825e-02 1.38452504e-01 2.30302088e-01 3.19680152e-01 4.19707053e-01 5.03993234e-01 5.60236668e-01 5.80521568e-01 5.68323173e-01 5.50063585e-01 5.15469937e-01 4.74829073e-01 4.46152807e-01 4.23138797e-01 4.01120266e-01 3.79600486e-01 3.60052757e-01 3.43256002e-01 3.32476400e-01 3.31962930e-01 3.45747095e-01 3.74324293e-01 4.13781569e-01 4.56655595e-01 4.95188820e-01 5.25181960e-01 5.44178902e-01 5.54119162e-01 5.56595927e-01 5.52930917e-01 5.44057275e-01 5.30732335e-01 5.13464967e-01 4.94890919e-01 4.75491914e-01 4.57523682e-01 4.41563912e-01 4.29017617e-01 4.21368006e-01 4.20828328e-01 4.29244828e-01 4.47712316e-01 4.75090044e-01 5.08408673e-01 5.42865377e-01 5.73066089e-01 5.93854151e-01 6.00738512e-01 5.90112945e-01 5.60252463e-01 5.12442848e-01 4.51496550e-01 3.85380775e-01 3.20382456e-01 2.61022417e-01 2.06647474e-01 1.57678345e-01 1.12102478e-01 7.12704044e-02 3.37635088e-02 1.63656060e-03 -2.62337507e-02 -4.60438069e-02 -6.36055228e-02 -7.63284244e-02 -9.58356879e-02 -1.06699658e-01 -1.14412821e-01 -1.24317746e-01 -1.33908699e-01 -1.35160816e-01 -1.48288585e-01 -1.50376234e-01 -1.43511530e-01 -2.20571786e-01 -3.45539847e-02
1.34000000e+01 -8.56959505e-01 -7.21217285e-01 -5.51470022e-01 -4.43666311e-01 -3.64970107e-01 -2.76909244e-01 -1.58625811e-01 -4.76968038e-02 3.19957418e-02 9.04765049e-02 1.31408169e-01 1.44874791e-01 1.37573573e-01 1.27872385e-01 1.18960438e-01 1.00075688e-01 7.43082496e-02 5.84584967e-02 3.86368059e-02 2.27104124e-02 8.86796311e-03 2.06986750e-03 1.23020595e-02 2.82895100e-02 7.97839567e-02 1.36597838e-01 2.25561882e-01 3.14361916e-01 4.11377239e-01 4.96061873e-01 5.52590930e-01 5.75393515e-01 5.64093274e-01 5.46903140e-01 5.14453122e-01 4.74378331e-01 4.45923881e-01 4.23608441e-01 4.02515056e-01 3.81753254e-01 3.62868896e-01 3.46514966e-01 3.35786567e-01 3.34709477e-01 3.47474316e-01 3.74885405e-01 4.13460898e-01 4.56042614e-01 4.94821238e-01 5.25438722e-01 5.45033509e-01 5.55499269e-01 5.58326379e-01 5.54900766e-01 5.46143415e-01 5.32773776e-01 5.15205669e-01 4.96100676e-01 4.75939839e-01 4.57176579e-01 4.40532594e-01 4.27586904e-01 4.19804288e-01 4.19336944e-01 4.27868186e-01 4.46386643e-01 4.73664620e-01 5.06804115e-01 5.41038360e-01 5.71023778e-01 5.91548419e-01 5.98014168e-01 5.86735848e-01 5.56113951e-01 5.07738959e-01 4.46707463e-01 3.81123887e-01 3.16905867e-01 2.58383735e-01 2.04570237e-01 1.56043572e-01 1.10650436e-01 7.00156072e-02 3.25095505e-02 5.21725138e-04 -2.74412615e-02 -4.70269932e-02 -6.50485142e-02 -7.77200240e-02 -9.74524629e-02 -1.06751162e-01 -1.14113427e-01 -1.23523123e-01 -1.30838428e-01 -1.31612034e-01 -1.43795004e-01 -1.43559204e-01 -1.35936216e-01 -2.13210972e-01 -1.94551429e-02
1.35000000e+01 -8.54117581e-01 -7.21543557e-01 -5.49797502e-01 -4.39549242e-01 -3.58596362e-01 -2.71215886e-01 -1.55118391e-01 -4.48241684e-02 3.43575354e-02 9.14197762e-02 1.32572586e-01 1.46746223e-01 1.40152365e-01 1.31395142e-01 1.22443306e-01 1.02452163e-01 7.62601900e-02 5.89523649e-02 3.69134401e-02 2.07220645e-02 5.96675712e-03 1.07744127e-03 1.03921646e-02 2.81873088e-02 7.76193183e-02 1.34949048e-01 2.20776234e-01 3.09228866e-01 4.03088876e-01 4.88054658e-01 5.44735865e-01 5.69991055e-01 5.59790887e-01 5.43595251e-01 5.13374436e-01 4.74008398e-01 4.45763785e-01 4.24082410e-01 4.03887290e-01 3.83875733e-01 3.65655744e-01 3.49769107e-01 3.39148190e-01 3.37556995e-01 3.49333004e-01 3.75562980e-01 4.13199464e-01 4.55419377e-01 4.94390316e-01 5.25611125e-01 5.45804178e-01 5.56810469e-01 5.59994207e-01 5.56813851e-01 5.48178027e-01 5.34773729e-01 5.16925253e-01 4.97312816e-01 4.76415255e-01 4.56874975e-01 4.39558724e-01 4.26222029e-01 4.18306638e-01 4.17907991e-01 4.26547315e-01 4.45108760e-01 4.72269948e-01 5.05211568e-01 5.39193409e-01 5.68926447e-01 5.89148294e-01 5.95162469e-01 5.83214523e-01 5.51848566e-01 5.02959451e-01 4.41909114e-01 3.76911996e-01 3.13487013e-01 2.55791137e-01 2.02521619e-01 1.54428834e-01 1.09211874e-01 6.87806617e-02 3.12837473e-02 -5.42758346e-04 -2.85983067e-02 -4.79496641e-02 -6.64967898e-02 -7.90730365e-02 -9.90150274e-02 -1.06744390e-01 -1.13873479e-01 -1.22690064e-01 -1.27709523e-01 -1.28182484e-01 -1.39246198e-01 -1.36805962e-01 -1.28430993e-01 -2.05848163e-01 -4.30881850e-03
1.36000000e+01 -8.51027348e-01 -7.21704332e-01 -5.47917428e-01 -4.35277478e-01 -3.52163720e-01 -2.65454556e-01 -1.51765741e-01 -4.22283100e-02 3.66262904e-02 9.22463749e-02 1.33554544e-01 1.48484824e-01 1.42713152e-01 1.34878413e-01 1.25728326e-01 1.04690553e-01 7.82295608e-02 5.93908344e-02 3.53188898e-02 1.88740756e-02 3.27180423e-03 2.79764828e-04 8.51335825e-03 2.82744944e-02 7.53499383e-02 1.33475151e-01 2.15968344e-01 3.04252490e-01 3.94868488e-01 4.79971331e-01 5.36695954e-01 5.64307169e-01 5.55415787e-01 5.40150559e-01 5.12221308e-01 4.73711128e-01 4.45675069e-01 4.24564525e-01 4.05237139e-01 3.85968829e-01 3.68412516e-01 3.53014504e-01 3.42555498e-01 3.40498911e-01 3.51319871e-01 3.76357812e-01 4.13001644e-01 4.54791104e-01 4.93900208e-01 5.25700517e-01 5.46490496e-01 5.58052494e-01 5.61599146e-01 5.58669586e-01 5.50160203e-01 5.36730267e-01 5.18621610e-01 4.98525509e-01 4.76917783e-01 4.56619543e-01 4.38644278e-01 4.24925023e-01 4.16876253e-01 4.16541281e-01 4.25281058e-01 4.43877012e-01 4.70904347e-01 5.03630052e-01 5.37330212e-01 5.66773743e-01 5.86652959e-01 5.92182646e-01 5.79549127e-01 5.47459344e-01 4.98109269e-01 4.37106217e-01 3.72746922e-01 3.10125548e-01 2.53242200e-01 2.00500794e-01 1.52833921e-01 1.07786911e-01 6.75647595e-02 3.00864217e-02 -1.55795134e-03 -2.97056417e-02 -4.88164517e-02 -6.79525368e-02 -8.03806249e-02 -1.00516477e-01 -1.06690292e-01 -1.13687287e-01 -1.21804959e-01 -1.24539998e-01 -1.24863206e-01 -1.34636892e-01 -1.30124009e-01 -1.20989020e-01 -1.98485250e-01 1.08739334e-02
1.37000000e+01 -8.47680999e-01 -7.21696864e-01 -5.45832074e-01 -4.30851306e-01 -3.45687888e-01 -2.59638384e-01 -1.48554758e-01 -3.99071566e-02 3.87956299e-02 9.29678811e-02 1.34360302e-01 1.50092450e-01 1.45256199e-01 1.38312880e-01 1.28809492e-01 1.06800224e-01 8.02062248e-02 5.97714002e-02 3.38696376e-02 1.71590188e-02 8.04713888e-04 -3.54845185e-04 6.69249440e-03 2.85122899e-02 7.30058453e-02 1.32141032e-01 2.11164706e-01 2.99402382e-01 3.86741730e-01 4.71811904e-01 5.28495470e-01 5.58337722e-01 5.50965367e-01 5.36580763e-01 5.10982010e-01 4.73477241e-01 4.45659484e-01 4.25058921e-01 4.06564895e-01 3.88033586e-01 3.71138678e-01 3.56247493e-01 3.46002759e-01 3.43528435e-01 3.53431311e-01 3.77270307e-01 4.12871637e-01 4.54163093e-01 4.93355358e-01 5.25708456e-01 5.47092127e-01 5.59224988e-01 5.63140979e-01 5.60467331e-01 5.52089051e-01 5.38641538e-01 5.20292683e-01 4.99736910e-01 4.77446979e-01 4.56410781e-01 4.37791235e-01 4.23697792e-01 4.15514282e-01 4.15236585e-01 4.24068294e-01 4.42689681e-01 4.69566123e-01 5.02058501e-01 5.35448376e-01 5.64565261e-01 5.84061661e-01 5.89074101e-01 5.75740131e-01 5.42949655e-01 4.93193430e-01 4.32303255e-01 3.68630223e-01 3.06820912e-01 2.50734514e-01 1.98506982e-01 1.51258703e-01 1.06375753e-01 6.63671609e-02 2.89179705e-02 -2.52516703e-03 -3.07639714e-02 -4.96325965e-02 -6.94171362e-02 -8.16357536e-02 -1.01950713e-01 -1.06600444e-01 -1.13546900e-01 -1.20855858e-01 -1.21348853e-01 -1.21642157e-01 -1.29964977e-01 -1.23518672e-01 -1.13604116e-01 -1.91123821e-01 2.60817144e-02
1.38000000e+01 -8.44070539e-01 -7.21518445e-01 -5.43543957e-01 -4.26272153e-01 -3.39183334e-01 -2.53782066e-01 -1.45472053e-01 -3.78554566e-02 4.08570604e-02 9.35956374e-02 1.34996818e-01 1.51571743e-01 1.47780370e-01 1.41688003e-01 1.31683131e-01 1.08790986e-01 8.21783623e-02 6.00940321e-02 3.25798509e-02 1.55704981e-02 -1.41460884e-03 -8.58038737e-04 4.95803326e-03 2.88592652e-02 7.06208099e-02 1.30908700e-01 2.06393947e-01 2.94647320e-01 3.78732627e-01 4.63577120e-01 5.20157980e-01 5.52081697e-01 5.46434821e-01 5.32898295e-01 5.09645822e-01 4.73296429e-01 4.45717915e-01 4.25569971e-01 4.07871005e-01 3.90071145e-01 3.73833949e-01 3.59464680e-01 3.49484274e-01 3.46638620e-01 3.55663399e-01 3.78300497e-01 4.12813422e-01 4.53540729e-01 4.92760479e-01 5.25636666e-01 5.47608862e-01 5.60327451e-01 5.64619531e-01 5.62206391e-01 5.53963703e-01 5.40505751e-01 5.21936501e-01 5.00945166e-01 4.78002347e-01 4.56249006e-01 4.37001564e-01 4.22542110e-01 4.14221839e-01 4.13993638e-01 4.22907952e-01 4.41545005e-01 4.68253602e-01 5.00495778e-01 5.33547433e-01 5.62300527e-01 5.81373704e-01 5.85836401e-01 5.71788332e-01 5.38323166e-01 4.88216996e-01 4.27504462e-01 3.64563191e-01 3.03572316e-01 2.48265742e-01 1.96539437e-01 1.49703093e-01 1.04978709e-01 6.51872034e-02 2.77788404e-02 -3.44599951e-03 -3.17739349e-02 -5.04038757e-02 -7.08911254e-02 -8.28312665e-02 -1.03312590e-01 -1.06486640e-01 -1.13442343e-01 -1.19832746e-01 -1.18155485e-01 -1.18504618e-01 -1.25231461e-01 -1.16992920e-01 -1.06271011e-01 -1.83765024e-01 4.13027810e-02
1.39000000e+01 -8.40187796e-01 -7.21166484e-01 -5.41055738e-01 -4.21542710e-01 -3.32663189e-01 -2.47901591e-01 -1.42504313e-01 -3.60647579e-02 4.28001684e-02 9.41406677e-02 1.35471621e-01 1.52926226e-01 1.50283031e-01 1.44992202e-01 1.34347914e-01 1.10672794e-01 8.41328020e-02 6.03611682e-02 3.14610860e-02 1.41036045e-02 -3.36868688e-03 -1.26033576e-03 3.33876156e-03 2.92727587e-02 6.82309049e-02 1.29738617e-01 2.01685568e-01 2.89956337e-01 3.70862857e-01 4.55268890e-01 5.11705892e-01 5.45541361e-01 5.41817375e-01 5.29115972e-01 5.08203216e-01 4.73157471e-01 4.45850335e-01 4.26102205e-01 4.09156113e-01 3.92082708e-01 3.76498294e-01 3.62662978e-01 3.52994376e-01 3.49822427e-01 3.58011878e-01 3.79448053e-01 4.12830735e-01 4.52929476e-01 4.92120537e-01 5.25486996e-01 5.48040695e-01 5.61359205e-01 5.66034663e-01 5.63886012e-01 5.55783318e-01 5.42321158e-01 5.23551216e-01 5.02148428e-01 4.78583349e-01 4.56134365e-01 4.36277215e-01 4.21459624e-01 4.13000006e-01 4.12812148e-01 4.21799025e-01 4.40441191e-01 4.66965163e-01 4.98940688e-01 5.31626835e-01 5.59978992e-01 5.78588444e-01 5.82469271e-01 5.67694868e-01 5.33583809e-01 4.83185031e-01 4.22713836e-01 3.60546824e-01 3.00378741e-01 2.45833665e-01 1.94597425e-01 1.48167029e-01 1.03596193e-01 6.40243052e-02 2.66695035e-02 -4.32232992e-03 -3.27361211e-02 -5.11364842e-02 -7.23741823e-02 -8.39599888e-02 -1.04598045e-01 -1.06360489e-01 -1.13361904e-01 -1.18727755e-01 -1.14979102e-01 -1.15433679e-01 -1.20440317e-01 -1.10547256e-01 -9.89855587e-02 -1.76409447e-01 5.65250406e-02
1.40000000e+01 -8.36024420e-01 -7.20638589e-01 -5.38370134e-01 -4.16667032e-01 -3.26139193e-01 -2.42013942e-01 -1.39638640e-01 -3.45234714e-02 4.46128850e-02 9.46135849e-02 1.35792680e-01 1.54160373e-01 1.52759973e-01 1.48213049e-01 1.36804816e-01 1.12455460e-01 8.60553833e-02 6.05776506e-02 3.05220700e-02 1.27553085e-02 -5.04314648e-03 -1.59009342e-03 1.86250627e-03 2.97103256e-02 6.58730049e-02 1.28591075e-01 1.97068691e-01 2.85299764e-01 3.63151100e-01 4.46890665e-01 5.03160053e-01 5.38722354e-01 5.37104565e-01 5.25246644e-01 5.06646030e-01 4.73048354e-01 4.46055770e-01 4.26660222e-01 4.10421091e-01 3.94069527e-01 3.79131920e-01 3.65839644e-01 3.56527430e-01 3.53072772e-01 3.60472143e-01 3.80712277e-01 4.12927049e-01 4.52334852e-01 4.91440737e-01 5.25261391e-01 5.48387886e-01 5.62319392e-01 5.67386264e-01 5.65505382e-01 5.57547110e-01 5.44086041e-01 5.25135124e-01 5.03344871e-01 4.79189407e-01 4.56066860e-01 4.35620088e-01 4.20451854e-01 4.11849838e-01 4.11691812e-01 4.20740563e-01 4.39376431e-01 4.65699250e-01 4.97391977e-01 5.29685957e-01 5.57600033e-01 5.75705285e-01 5.78972599e-01 5.63461219e-01 5.28735765e-01 4.78102569e-01 4.17935152e-01 3.56581770e-01 2.97238990e-01 2.43436195e-01 1.92680218e-01 1.46650470e-01 1.02228699e-01 6.28779647e-02 2.55904401e-02 -5.15631199e-03 -3.36511208e-02 -5.18368876e-02 -7.38651031e-02 -8.50148710e-02 -1.05804174e-01 -1.06232990e-01 -1.13292480e-01 -1.17535319e-01 -1.11838148e-01 -1.12410795e-01 -1.15598215e-01 -1.04179707e-01 -9.17448978e-02 -1.69057018e-01 7.17360507e-02
1.41000000e+01 -8.31571890e-01 -7.19932635e-01 -5.35489838e-01 -4.11650582e-01 -3.19621688e-01 -2.36136763e-01 -1.36862839e-01 -3.32170318e-02 4.62818157e-02 9.50244757e-02 1.35968276e-01 1.55279640e-01 1.55205398e-01 1.51337476e-01 1.39057054e-01 1.14148396e-01 8.79313302e-02 6.07505862e-02 2.97685619e-02 1.15247400e-02 -6.42729586e-03 -1.87257649e-03 5.54897934e-04 3.01311682e-02 6.35832886e-02 1.27427575e-01 1.92570841e-01 2.80650228e-01 3.55612475e-01 4.38447746e-01 4.94539435e-01 5.31633679e-01 5.32286570e-01 5.21302839e-01 5.04967579e-01 4.72956430e-01 4.46332258e-01 4.27248613e-01 4.11667079e-01 3.96032881e-01 3.81735262e-01 3.68992320e-01 3.60077835e-01 3.56382578e-01 3.63039231e-01 3.82092088e-01 4.13105558e-01 4.51762379e-01 4.90726511e-01 5.24961884e-01 5.48651013e-01 5.63206986e-01 5.68674234e-01 5.67063649e-01 5.59254361e-01 5.45798711e-01 5.26686671e-01 5.04532718e-01 4.79819884e-01 4.56046399e-01 4.35031995e-01 4.19520192e-01 4.10772353e-01 4.10632311e-01 4.19731664e-01 4.38348905e-01 4.64454365e-01 4.95848347e-01 5.27724089e-01 5.55162969e-01 5.72723692e-01 5.75346430e-01 5.59089202e-01 5.23783435e-01 4.72974605e-01 4.13171991e-01 3.52668290e-01 2.94151747e-01 2.41071355e-01 1.90787094e-01 1.45153401e-01 1.00876761e-01 6.17477609e-02 2.45421283e-02 -5.95034954e-03 -3.45196074e-02 -5.25116738e-02 -7.53617597e-02 -8.59891769e-02 -1.06929283e-01 -1.06114129e-01 -1.13219961e-01 -1.16252257e-01 -1.08749760e-01 -1.09416380e-01 -1.10714162e-01 -9.78859141e-02 -8.45475557e-02 -1.61706949e-01 8.69230306e-02
1.42000000e+01 -8.26821504e-01 -7.19046832e-01 -5.32417461e-01 -4.06500240e-01 -3.13119657e-01 -2.30288029e-01 -1.34165663e-01 -3.21281597e-02 4.77926347e-02 9.53827631e-02 1.36006904e-01 1.56290434e-01 1.57611970e-01 1.54351978e-01 1.41109966e-01 1.15760365e-01 8.97456338e-02 6.08891162e-02 2.92033155e-02 1.04133338e-02 -7.51455860e-03 -2.12915801e-03 -5.61760410e-04 3.04975036e-02 6.13958040e-02 1.26212144e-01 1.88216822e-01 2.75983553e-01 3.48258099e-01 4.29947503e-01 4.85860943e-01 5.24287573e-01 5.27352583e-01 5.17296430e-01 5.03162704e-01 4.72868597e-01 4.46676826e-01 4.27871869e-01 4.12895495e-01 3.97974068e-01 3.84308956e-01 3.72119039e-01 3.63640023e-01 3.59744800e-01 3.65707824e-01 3.83586007e-01 4.13369179e-01 4.51217538e-01 4.89983493e-01 5.24590618e-01 5.48830991e-01 5.64020827e-01 5.69898452e-01 5.68559934e-01 5.60904419e-01 5.47457524e-01 5.28204416e-01 5.05710262e-01 4.80474068e-01 4.56072834e-01 4.34514627e-01 4.18665909e-01 4.09768510e-01 4.09633322e-01 4.18771468e-01 4.37356776e-01 4.63229059e-01 4.94308442e-01 5.25740436e-01 5.52667069e-01 5.69643209e-01 5.71590978e-01 5.54580982e-01 5.18731431e-01 4.67806094e-01 4.08427734e-01 3.48806236e-01 2.91115639e-01 2.38737253e-01 1.88917355e-01 1.43675847e-01 9.95409126e-02 6.06333601e-02 2.35250386e-02 -6.70708679e-03 -3.53424224e-02 -5.31674220e-02 -7.68610564e-02 -8.68766878e-02 -1.07972905e-01 -1.06012510e-01 -1.13129640e-01 -1.14877790e-01 -1.05729262e-01 -1.06430443e-01 -1.05799072e-01 -9.16592965e-02 -7.73934801e-02 -1.54357708e-01 1.02072908e-01
1.43000000e+01 -8.21764387e-01 -7.17979782e-01 -5.29155494e-01 -4.01224278e-01 -3.06640810e-01 -2.24485711e-01 -1.31537015e-01 -3.12372073e-02 4.91305421e-02 9.56970478e-02 1.35917225e-01 1.57200017e-01 1.59970903e-01 1.57242830e-01 1.42970840e-01 1.17299277e-01 9.14834455e-02 6.10041129e-02 2.88261549e-02 9.42485823e-03 -8.30274162e-03 -2.37666813e-03 -1.46946996e-03 3.07758173e-02 5.93411444e-02 1.24912563e-01 1.84027713e-01 2.71279531e-01 3.41094763e-01 4.21399469e-01 4.77139348e-01 5.16699274e-01 5.22291212e-01 5.13238328e-01 5.01227788e-01 4.72771492e-01 4.47085460e-01 4.28534300e-01 4.14108051e-01 3.99894383e-01 3.86853815e-01 3.75218211e-01 3.67208458e-01 3.63152462e-01 3.68472283e-01 3.85192148e-01 4.13720564e-01 4.50705733e-01 4.89217516e-01 5.24149880e-01 5.48929074e-01 5.64759660e-01 5.71058737e-01 5.69993361e-01 5.62496667e-01 5.49060910e-01 5.29686994e-01 5.06875884e-01 4.81151143e-01 4.56145998e-01 4.34069507e-01 4.17890158e-01 4.08839190e-01 4.08694510e-01 4.17859144e-01 4.36398188e-01 4.62021912e-01 4.92770845e-01 5.23734105e-01 5.50111555e-01 5.66463468e-01 5.67706634e-01 5.49939066e-01 5.13584576e-01 4.62601943e-01 4.03705555e-01 3.44995067e-01 2.88129262e-01 2.36432066e-01 1.87070353e-01 1.42217882e-01 9.82216331e-02 5.95345312e-02 2.25396339e-02 -7.42942500e-03 -3.61206419e-02 -5.38105902e-02 -7.83589091e-02 -8.76718842e-02 -1.08935823e-01 -1.05935019e-01 -1.13006641e-01 -1.13413494e-01 -1.02789727e-01 -1.03433218e-01 -1.00865274e-01 -8.54913033e-02 -7.02840183e-02 -1.47007028e-01 1.17172379e-01
1.44000000e+01 -8.16391507e-01 -7.16730527e-01 -5.25706301e-01 -3.95832282e-01 -3.00191692e-01 -2.18747444e-01 -1.28968073e-01 -3.05225771e-02 5.02807715e-02 9.59749306e-02 1.35708054e-01 1.58016341e-01 1.62272105e-01 1.59996327e-01 1.44648703e-01 1.18772003e-01 9.31304843e-02 6.11078333e-02 2.86341485e-02 8.56534585e-03 -8.79414636e-03 -2.62691244e-03 -2.15532495e-03 3.09379503e-02 5.74452788e-02 1.23501424e-01 1.80020020e-01 2.66522523e-01 3.34124760e-01 4.12815323e-01 4.68387318e-01 5.08886714e-01 5.17090921e-01 5.09138192e-01 4.99160746e-01 4.72651696e-01 4.47553108e-01 4.29239931e-01 4.15306755e-01 4.01795109e-01 3.89370816e-01 3.78288616e-01 3.70777636e-01 3.66598686e-01 3.71326674e-01 3.86908219e-01 4.14162106e-01 4.50232266e-01 4.88434585e-01 5.23642124e-01 5.48946846e-01 5.65422175e-01 5.72154821e-01 5.71363094e-01 5.64030503e-01 5.50607405e-01 5.31133098e-01 5.08028079e-01 4.81850166e-01 4.56265713e-01 4.33697962e-01 4.17193976e-01 4.07985170e-01 4.07815531e-01 4.16993896e-01 4.35471272e-01 4.60831534e-01 4.91234077e-01 5.21704109e-01 5.47495605e-01 5.63184202e-01 5.63693975e-01 5.45166320e-01 5.08347887e-01 4.57366996e-01 3.99008404e-01 3.41233872e-01 2.85191181e-01 2.34154048e-01 1.85245522e-01 1.40779650e-01 9.69193110e-02 5.84511726e-02 2.15863721e-02 -8.12055653e-03 -3.68556017e-02 -5.44474161e-02 -7.98502575e-02 -8.83700863e-02 -1.09820072e-01 -1.05886543e-01 -1.12836340e-01 -1.11863181e-01 -9.99416066e-02 -1.00405788e-01 -9.59259946e-02 -7.93717298e-02 -6.32218544e-02 -1.39651938e-01 1.32207962e-01
1.45000000e+01 -8.10693710e-01 -7.15298591e-01 -5.22072118e-01 -3.90335052e-01 -2.93777824e-01 -2.13090205e-01 -1.26451371e-01 -2.99612084e-02 5.12291328e-02 9.62228173e-02 1.35388411e-01 1.58747815e-01 1.64504355e-01 1.62599036e-01 1.46154055e-01 1.20184230e-01 9.46734423e-02 6.12135466e-02 2.86218602e-02 7.84292842e-03 -8.99553941e-03 -2.88638179e-03 -2.61209560e-03 3.09619709e-02 5.57285771e-02 1.21957001e-01 1.76205013e-01 2.61701864e-01 3.27345867e-01 4.04208754e-01 4.59615531e-01 5.00870140e-01 5.11740481e-01 5.05004170e-01 4.96960976e-01 4.72495926e-01 4.48073710e-01 4.29992397e-01 4.16493919e-01 4.03677499e-01 3.91861090e-01 3.81329391e-01 3.74342100e-01 3.70076732e-01 3.74264800e-01 3.88731521e-01 4.14695928e-01 4.49802317e-01 4.87640850e-01 5.23070008e-01 5.48886198e-01 5.66007050e-01 5.73186329e-01 5.72668357e-01 5.65505314e-01 5.52095691e-01 5.32541465e-01 5.09165474e-01 4.82570049e-01 4.56431810e-01 4.33401080e-01 4.16578287e-01 4.07207125e-01 4.06996032e-01 4.16174965e-01 4.34574160e-01 4.59656558e-01 4.89696603e-01 5.19649371e-01 5.44818353e-01 5.59805243e-01 5.59553771e-01 5.40265959e-01 5.03026563e-01 4.52106016e-01 3.94338986e-01 3.37521431e-01 2.82299919e-01 2.31901564e-01 1.83442394e-01 1.39361363e-01 9.56342165e-02 5.73833369e-02 2.06657046e-02 -8.78398912e-03 -3.75488674e-02 -5.50838255e-02 -8.13291028e-02 -8.89675553e-02 -1.10628925e-01 -1.05869745e-01 -1.12604772e-01 -1.10232724e-01 -9.71924440e-02 -9.73306622e-02 -9.09948041e-02 -7.32890886e-02 -5.62108998e-02 -1.32288816e-01 1.47166033e-01
1.46000000e+01 -8.04661744e-01 -7.13684008e-01 -5.18255082e-01 -3.84744446e-01 -2.87403869e-01 -2.07530010e-01 -1.23980815e-01 -2.95291241e-02 5.19625750e-02 9.64457197e-02 1.34967577e-01 1.59403027e-01 1.66655509e-01 1.65038042e-01 1.47498573e-01 1.21540365e-01 9.61003630e-02 6.13351419e-02 2.87816631e-02 7.26757192e-03 -8.91798345e-03 -3.15616598e-03 -2.83859009e-03 3.08327987e-02 5.42050683e-02 1.20263892e-01 1.72588274e-01 2.56812064e-01 3.20751488e-01 3.95595230e-01 4.50832861e-01 4.92671675e-01 5.06229429e-01 5.00842683e-01 4.94629284e-01 4.72291241e-01 4.48640248e-01 4.30794835e-01 4.17672160e-01 4.05542773e-01 3.94325916e-01 3.84340029e-01 3.77896460e-01 3.73580029e-01 3.77280229e-01 3.90658967e-01 4.15323876e-01 4.49420929e-01 4.86842569e-01 5.22436425e-01 5.48749277e-01 5.66512989e-01 5.74152766e-01 5.73908468e-01 5.66920461e-01 5.53524635e-01 5.33910882e-01 5.10286842e-01 4.83309552e-01 4.56644141e-01 4.33179701e-01 4.16043909e-01 4.06505615e-01 4.06235656e-01 4.15401631e-01 4.33705011e-01 4.58495647e-01 4.88156841e-01 5.17568719e-01 5.42078890e-01 5.56326523e-01 5.55286984e-01 5.35241542e-01 4.97625953e-01 4.46823660e-01 3.89699745e-01 3.33856277e-01 2.79453913e-01 2.29673126e-01 1.81660584e-01 1.37963297e-01 9.43665078e-02 5.63312406e-02 1.97780627e-02 -9.42353275e-03 -3.82021738e-02 -5.57253531e-02 -8.27885641e-02 -8.94615730e-02 -1.11366827e-01 -1.05884904e-01 -1.12299005e-01 -1.08529817e-01 -9.45466761e-02 -9.41923069e-02 -8.60850630e-02 -6.72310157e-02 -4.92561356e-02 -1.24913479e-01 1.62032866e-01
1.47000000e+01 -7.98286283e-01 -7.11887332e-01 -5.14257265e-01 -3.79073211e-01 -2.81073820e-01 -2.02081648e-01 -1.21551649e-01 -2.92020219e-02 5.24697506e-02 9.66470645e-02 1.34455164e-01 1.59990454e-01 1.68712741e-01 1.67301182e-01 1.48694777e-01 1.22843494e-01 9.74009695e-02 6.14867286e-02 2.91041049e-02 6.85070936e-03 -8.57651902e-03 -3.43207094e-03 -2.83977863e-03 3.05425654e-02 5.28819610e-02 1.18413412e-01 1.69169479e-01 2.51852800e-01 3.14330964e-01 3.86991672e-01 4.42046634e-01 4.84314847e-01 5.00548502e-01 4.96658266e-01 4.92167777e-01 4.72025224e-01 4.49244834e-01 4.31649757e-01 4.18844411e-01 4.07392116e-01 3.96766705e-01 3.87320367e-01 3.81435412e-01 3.77102208e-01 3.80366321e-01 3.92687103e-01 4.16047492e-01 4.49092995e-01 4.86046054e-01 5.21744558e-01 5.48538441e-01 5.66938773e-01 5.75053502e-01 5.75082851e-01 5.68275263e-01 5.54893310e-01 5.35240185e-01 5.11391107e-01 4.84067286e-01 4.56902598e-01 4.33034407e-01 4.15591553e-01 4.05881090e-01 4.05534047e-01 4.14673207e-01 4.32862028e-01 4.57347493e-01 4.86613160e-01 5.15460884e-01 5.39276260e-01 5.52748067e-01 5.50894773e-01 5.30096960e-01 4.92151514e-01 4.41524467e-01 3.85092848e-01 3.30236753e-01 2.76651484e-01 2.27467428e-01 1.79899764e-01 1.36585763e-01 9.31162729e-02 5.52952475e-02 1.89238272e-02 -1.00432337e-02 -3.88173716e-02 -5.63770738e-02 -8.42209588e-02 -8.98505161e-02 -1.12039289e-01 -1.05929834e-01 -1.11907478e-01 -1.06763697e-01 -9.20055274e-02 -9.09775993e-02 -8.12093782e-02 -6.11846924e-02 -4.23634064e-02 -1.17521293e-01 1.76794713e-01
1.48000000e+01 -7.91557961e-01 -7.09909644e-01 -5.10080737e-01 -3.73334788e-01 -2.74791188e-01 -1.96758453e-01 -1.19160368e-01 -2.89558880e-02 5.27415656e-02 9.68285268e-02 1.33861154e-01 1.60518186e-01 1.70662796e-01 1.69377259e-01 1.49755672e-01 1.24095408e-01 9.85669303e-02 6.16822429e-02 2.95783172e-02 6.60478509e-03 -7.98969712e-03 -3.70493167e-03 -2.62666983e-03 3.00907029e-02 5.17594419e-02 1.16403740e-01 1.65942419e-01 2.46828704e-01 3.08070042e-01 3.78416051e-01 4.33262920e-01 4.75824099e-01 4.94690022e-01 4.92453469e-01 4.89579732e-01 4.71686149e-01 4.49878798e-01 4.32558935e-01 4.20013919e-01 4.09226685e-01 3.99184971e-01 3.90270562e-01 3.84953760e-01 3.80637116e-01 3.83516259e-01 3.94812147e-01 4.16867986e-01 4.48823259e-01 4.85257614e-01 5.20997936e-01 5.48256188e-01 5.67283291e-01 5.75887760e-01 5.76191052e-01 5.69568987e-01 5.56201020e-01 5.36528258e-01 5.12477343e-01 4.84841715e-01 4.57207116e-01 4.32965520e-01 4.15221822e-01 4.05333882e-01 4.04890850e-01 4.13989017e-01 4.32043458e-01 4.56210820e-01 4.85063891e-01 5.13324496e-01 5.36409469e-01 5.49069988e-01 5.46378505e-01 5.24836423e-01 4.86608785e-01 4.36212833e-01 3.80520179e-01 3.26661049e-01 2.73890818e-01 2.25283366e-01 1.78159635e-01 1.35229059e-01 9.18835988e-02 5.42758355e-02 1.81032857e-02 -1.06472604e-02 -3.93964103e-02 -5.70435338e-02 -8.56179141e-02 -9.01339245e-02 -1.12652713e-01 -1.05999887e-01 -1.11420283e-01 -1.04944811e-01 -8.95669999e-02 -8.76762052e-02 -7.63790853e-02 -5.51372707e-02 -3.55391817e-02 -1.10107288e-01 1.91437888e-01
1.49000000e+01 -7.84467409e-01 -7.07752544e-01 -5.05727630e-01 -3.67543103e-01 -2.68559204e-01 -1.91572115e-01 -1.16804581e-01 -2.87676106e-02 5.27716964e-02 9.69898980e-02 1.33195917e-01 1.60993655e-01 1.72492264e-01 1.71256235e-01 1.50694380e-01 1.25296670e-01 9.95920656e-02 6.19350715e-02 3.01924605e-02 6.54273404e-03 -7.17898094e-03 -3.96111036e-03 -2.21594386e-03 2.94837612e-02 5.08307510e-02 1.14239797e-01 1.62895241e-01 2.41748939e-01 3.01951461e-01 3.69886918e-01 4.24486874e-01 4.67224288e-01 4.88648227e-01 4.88228826e-01 4.86869445e-01 4.71263120e-01 4.50532810e-01 4.33523287e-01 4.21184244e-01 4.11047622e-01 4.01582301e-01 3.93191063e-01 3.88446441e-01 3.84178834e-01 3.86723072e-01 3.97030038e-01 4.17786212e-01 4.48616311e-01 4.84483494e-01 5.20200487e-01 5.47905094e-01 5.67545595e-01 5.76654614e-01 5.77232744e-01 5.70800846e-01 5.57447305e-01 5.37774032e-01 5.13544769e-01 4.85631172e-01 4.57557673e-01 4.32973092e-01 4.14935204e-01 4.04864199e-01 4.04305724e-01 4.13348383e-01 4.31247614e-01 4.55084381e-01 4.83507321e-01 5.11158086e-01 5.33477495e-01 5.45292483e-01 5.41739781e-01 5.19464432e-01 4.81003356e-01 4.30893010e-01 3.75983333e-01 3.23127226e-01 2.71169995e-01 2.23120020e-01 1.76439916e-01 1.33893416e-01 9.06686422e-02 5.32735611e-02 1.73165822e-02 -1.12397626e-02 -3.99413607e-02 -5.77286728e-02 -8.69705132e-02 -9.03125521e-02 -1.13214182e-01 -1.06088052e-01 -1.10829403e-01 -1.03084462e-01 -8.72259621e-02 -8.42808677e-02 -7.16037756e-02 -4.90762991e-02 -2.87903018e-02 -1.02666301e-01 2.05948865e-01
1.50000000e+01 -7.77005305e-01 -7.05418134e-01 -5.01200226e-01 -3.61712343e-01 -2.62381004e-01 -1.86532525e-01 -1.14482849e-01 -2.86155744e-02 5.25570568e-02 9.71289938e-02 1.32470191e-01 1.61423394e-01 1.74187860e-01 1.72929387e-01 1.51523784e-01 1.26446725e-01 1.00472502e-01 6.22576962e-02 3.09341952e-02 6.67741987e-03 -6.16804833e-03 -4.18316557e-03 -1.62936222e-03 2.87349628e-02 5.00825218e-02 1.11932873e-01 1.60010925e-01 2.36626599e-01 2.95955651e-01 3.61422889e-01 4.15723073e-01 4.58540200e-01 4.82419541e-01 4.83982891e-01 4.84042061e-01 4.70746173e-01 4.51196995e-01 4.34542782e-01 4.22359229e-01 4.12856081e-01 4.03960323e-01 3.96082574e-01 3.91908564e-01 3.87721687e-01 3.89979665e-01 3.99336485e-01 4.18802638e-01 4.48476579e-01 4.83729801e-01 5.19356567e-01 5.47487755e-01 5.67724933e-01 5.77352984e-01 5.78207716e-01 5.71969991e-01 5.58631940e-01 5.38976490e-01 5.14592744e-01 4.86433883e-01 4.57954275e-01 4.33056907e-01 4.14732067e-01 4.04472120e-01 4.03778349e-01 4.12750608e-01 4.30472877e-01 4.53966961e-01 4.81941702e-01 5.08960087e-01 5.30479315e-01 5.41415824e-01 5.36980474e-01 5.13985760e-01 4.75340864e-01 4.25569098e-01 3.71483616e-01 3.19633233e-01 2.68487028e-01 2.20976618e-01 1.74740352e-01 1.32578943e-01 8.94716738e-02 5.22890356e-02 1.65636619e-02 -1.18247234e-02 -4.04544605e-02 -5.84357402e-02 -8.82694741e-02 -9.03883891e-02 -1.13731202e-01 -1.06185133e-01 -1.10128882e-01 -1.01194418e-01 -8.49743319e-02 -8.07875909e-02 -6.68908851e-02 -4.29901433e-02 -2.21237166e-02 -9.51931189e-02 2.20314357e-01
1.51000000e+01 -7.69162430e-01 -7.02908984e-01 -4.96501043e-01 -3.55856731e-01 -2.56259808e-01 -1.81647664e-01 -1.12194486e-01 -2.84802149e-02 5.20981943e-02 9.72416100e-02 1.31695039e-01 1.61812817e-01 1.75736715e-01 1.74389440e-01 1.52256194e-01 1.27544043e-01 1.01206783e-01 6.26613607e-02 3.17911587e-02 7.02105210e-03 -4.98202845e-03 -4.35066926e-03 -8.92982802e-04 2.78635167e-02 4.94953694e-02 1.09500033e-01 1.57267939e-01 2.31477959e-01 2.90061483e-01 3.53042131e-01 4.06975864e-01 4.49796101e-01 4.76002794e-01 4.79712335e-01 4.81103390e-01 4.70126346e-01 4.51861078e-01 4.35616368e-01 4.23542953e-01 4.14653252e-01 4.06320682e-01 3.98946018e-01 3.95335451e-01 3.91260258e-01 3.93278854e-01 4.01727016e-01 4.19917339e-01 4.48408317e-01 4.83002439e-01 5.18470983e-01 5.47006737e-01 5.67820793e-01 5.77981647e-01 5.79115853e-01 5.73075522e-01 5.59754926e-01 5.40134675e-01 5.15620746e-01 4.87247996e-01 4.58396957e-01 4.33216487e-01 4.14612667e-01 4.04157596e-01 4.03308449e-01 4.12194969e-01 4.29717714e-01 4.52857376e-01 4.80365251e-01 5.06728834e-01 5.27413919e-01 5.37440353e-01 5.32102761e-01 5.08405417e-01 4.69626982e-01 4.20245036e-01 3.67022036e-01 3.16176930e-01 2.65839904e-01 2.18852484e-01 1.73060730e-01 1.31285600e-01 8.82930885e-02 5.13229095e-02 1.58442109e-02 -1.24058216e-02 -4.09381588e-02 -5.91672100e-02 -8.95053564e-02 -9.03646539e-02 -1.14211415e-01 -1.06280012e-01 -1.09314932e-01 -9.92865225e-02 -8.28013468e-02 -7.71957085e-02 -6.22453642e-02 -3.68683807e-02 -1.55462239e-02 -8.76826510e-02 2.34521391e-01
1.52000000e+01 -7.60929726e-01 -7.00228099e-01 -4.91632924e-01 -3.49990291e-01 -2.50199076e-01 -1.76923534e-01 -1.09939358e-01 -2.83445139e-02 5.13995988e-02 9.73215317e-02 1.30881768e-01 1.62166038e-01 1.77126657e-01 1.75630662e-01 1.52903051e-01 1.28586258e-01 1.01795930e-01 6.31557634e-02 3.27514280e-02 7.58460260e-03 -3.64670163e-03 -4.44113758e-03 -3.62142903e-05 2.68937234e-02 4.90447003e-02 1.06963311e-01 1.54641077e-01 2.26321610e-01 2.84247056e-01 3.44761866e-01 3.98249676e-01 4.41015333e-01 4.69399372e-01 4.75412103e-01 4.78059708e-01 4.69395720e-01 4.52514536e-01 4.36741922e-01 4.24739644e-01 4.16440406e-01 4.08665016e-01 4.01782500e-01 3.98722694e-01 3.94789385e-01 3.96613401e-01 4.04197018e-01 4.21129988e-01 4.48415587e-01 4.82307039e-01 5.17549008e-01 5.46464545e-01 5.67832939e-01 5.78539249e-01 5.79957111e-01 5.74116508e-01 5.60816470e-01 5.41247704e-01 5.16628364e-01 4.88071615e-01 4.58885762e-01 4.33451097e-01 4.14577132e-01 4.03920432e-01 4.02895802e-01 4.11680702e-01 4.28980683e-01 4.51754463e-01 4.78776152e-01 5.04462570e-01 5.24280341e-01 5.33366484e-01 5.27109160e-01 5.02728613e-01 4.63867407e-01 4.14924588e-01 3.62599300e-01 3.12756106e-01 2.63226598e-01 2.16747009e-01 1.71400886e-01 1.30013190e-01 8.71333972e-02 5.03758586e-02 1.51575951e-02 -1.29863114e-02 -4.13951463e-02 -5.99247005e-02 -9.06687852e-02 -9.02457566e-02 -1.14662280e-01 -1.06359986e-01 -1.08385969e-01 -9.73722939e-02 -8.06939136e-02 -7.35078359e-02 -5.76694396e-02 -3.07021512e-02 -9.06421792e-03 -8.01300919e-02 2.48557385e-01
1.53000000e+01 -7.52298362e-01 -6.97378867e-01 -4.86599121e-01 -3.44126632e-01 -2.44202636e-01 -1.72364121e-01 -1.07717671e-01 -2.81944168e-02 5.04699077e-02 9.73606001e-02 1.30041828e-01 1.62485716e-01 1.78346480e-01 1.76648916e-01 1.53474663e-01 1.29570334e-01 1.02243460e-01 6.37487905e-02 3.38039471e-02 8.37724312e-03 -2.18768660e-03 -4.43103481e-03 9.09252804e-04 2.58539152e-02 4.87017073e-02 1.04348767e-01 1.52102425e-01 2.21177523e-01 2.78490492e-01 3.36597929e-01 3.89549302e-01 4.32219968e-01 4.62613293e-01 4.71075621e-01 4.74917562e-01 4.68547429e-01 4.53146762e-01 4.37916235e-01 4.25953572e-01 4.18218927e-01 4.10994934e-01 4.04593262e-01 4.02066205e-01 3.98304161e-01 3.99976060e-01 4.06741761e-01 4.22439866e-01 4.48502235e-01 4.81648903e-01 5.16596388e-01 5.45863603e-01 5.67761438e-01 5.79024332e-01 5.80731483e-01 5.75091999e-01 5.61816959e-01 5.42314777e-01 5.17615270e-01 4.88902836e-01 4.59420716e-01 4.33759748e-01 4.14625460e-01 4.03760273e-01 4.02540247e-01 4.11206998e-01 4.28260438e-01 4.50657081e-01 4.77172568e-01 5.02159449e-01 5.21077671e-01 5.29194717e-01 5.22002546e-01 4.96960734e-01 4.58067836e-01 4.09611331e-01 3.58215815e-01 3.09368497e-01 2.60645071e-01 2.14659640e-01 1.69760704e-01 1.28761367e-01 8.59932192e-02 4.94485643e-02 1.45028099e-02 -1.35689307e-02 -4.18283638e-02 -6.07089018e-02 -9.17506845e-02 -9.00372427e-02 -1.15090748e-01 -1.06411170e-01 -1.07342594e-01 -9.54625503e-02 -7.86370222e-02 -6.97297113e-02 -5.31624808e-02 -2.44844466e-02 -2.68345781e-03 -7.25310806e-02 2.62410231e-01
1.54000000e+01 -7.43259792e-01 -6.94365014e-01 -4.81403380e-01 -3.38278731e-01 -2.38274790e-01 -1.67971402e-01 -1.05529783e-01 -2.80191549e-02 4.93219915e-02 9.73488463e-02 1.29186676e-01 1.62772948e-01 1.79386189e-01 1.77441686e-01 1.53979985e-01 1.30492730e-01 1.02555348e-01 6.44463065e-02 3.49389008e-02 9.40582543e-03 -6.29635998e-04 -4.29680943e-03 1.91059712e-03 2.47752736e-02 4.84345078e-02 1.01685393e-01 1.49622414e-01 2.16066086e-01 2.72770698e-01 3.28564368e-01 3.80880137e-01 4.23430535e-01 4.55651213e-01 4.66695047e-01 4.71683577e-01 4.67575647e-01 4.53747225e-01 4.39135021e-01 4.27188924e-01 4.19990349e-01 4.13311997e-01 4.07379654e-01 4.05362274e-01 4.01799924e-01 4.03359630e-01 4.09356414e-01 4.23845880e-01 4.48671884e-01 4.81032953e-01 5.15619338e-01 5.45206247e-01 5.67606688e-01 5.79435355e-01 5.81438977e-01 5.76001065e-01 5.62756929e-01 5.43335189e-01 5.18581197e-01 4.89739780e-01 4.60001795e-01 4.34141208e-01 4.14757506e-01 4.03676600e-01 4.02241697e-01 4.10772994e-01 4.27555738e-01 4.49564097e-01 4.75552656e-01 4.99817541e-01 5.17805073e-01 5.24925663e-01 5.16786151e-01 4.91107322e-01 4.52233931e-01 4.04308650e-01 3.53871704e-01 3.06011817e-01 2.58093253e-01 2.12589887e-01 1.68140104e-01 1.27529633e-01 8.48732874e-02 4.85416941e-02 1.38784537e-02 -1.41558487e-02 -4.22409863e-02 -6.15195200e-02 -9.27425085e-02 -8.97457213e-02 -1.15502919e-01 -1.06418942e-01 -1.06187495e-01 -9.35670548e-02 -7.66142098e-02 -6.58699370e-02 -4.87209707e-02 -1.82103297e-02 3.59113703e-03 -6.48818436e-02 2.76068377e-01
1.55000000e+01 -7.33805829e-01 -6.91190549e-01 -4.76050007e-01 -3.32458745e-01 -2.32420396e-01 -1.63745397e-01 -1.03376026e-01 -2.78114570e-02 4.79729111e-02 9.72746949e-02 1.28327632e-01 1.63027196e-01 1.80237228e-01 1.78008060e-01 1.54426427e-01 1.31349587e-01 1.02739919e-01 6.52520185e-02 3.61480232e-02 1.06744216e-02 1.00453771e-03 -4.01592444e-03 2.93505506e-03 2.36905728e-02 4.82093797e-02 9.90039342e-02 1.47170932e-01 2.11007152e-01 2.67068075e-01 3.20673120e-01 3.72248356e-01 4.14665798e-01 4.48522357e-01 4.62261542e-01 4.68364265e-01 4.66475556e-01 4.54305626e-01 4.40392964e-01 4.28449663e-01 4.21756379e-01 4.15617701e-01 4.10143094e-01 4.08607630e-01 4.05272247e-01 4.06757001e-01 4.12036044e-01 4.25346580e-01 4.48927907e-01 4.80463691e-01 5.14624515e-01 5.44494740e-01 5.67369426e-01 5.79770727e-01 5.82079585e-01 5.76842812e-01 5.63637031e-01 5.44308340e-01 5.19525916e-01 4.90580628e-01 4.60628891e-01 4.34594014e-01 4.14972980e-01 4.03668720e-01 4.02000149e-01 4.10377777e-01 4.26865447e-01 4.48474373e-01 4.73914581e-01 4.97434832e-01 5.14461787e-01 5.20560050e-01 5.11463551e-01 4.85174090e-01 4.46371257e-01 3.99019737e-01 3.49566825e-01 3.02683774e-01 2.55569033e-01 2.10537344e-01 1.66539002e-01 1.26317333e-01 8.37744622e-02 4.76558844e-02 1.32827315e-02 -1.47486558e-02 -4.26363857e-02 -6.23552400e-02 -9.36364614e-02 -8.93787812e-02 -1.15903714e-01 -1.06368435e-01 -1.04925299e-01 -9.16942016e-02 -7.46080609e-02 -6.19396302e-02 -4.43385800e-02 -1.18770790e-02 9.75565816e-03 -5.71793226e-02 2.89520898e-01
1.56000000e+01 -7.23928706e-01 -6.87859706e-01 -4.70543930e-01 -3.26677843e-01 -2.26644909e-01 -1.59684238e-01 -1.01256561e-01 -2.75676404e-02 4.64437365e-02 9.71252441e-02 1.27475688e-01 1.63246255e-01 1.80892672e-01 1.78348699e-01 1.54819698e-01 1.32136939e-01 1.02807680e-01 6.61674165e-02 3.74248343e-02 1.21839398e-02 2.69438036e-03 -3.56784645e-03 3.95110256e-03 2.26328924e-02 4.79920514e-02 9.63356272e-02 1.44718434e-01 2.06019154e-01 2.61365151e-01 3.12933726e-01 3.63661055e-01 4.05942607e-01 4.41238382e-01 4.57765578e-01 4.64965850e-01 4.65243297e-01 4.54812034e-01 4.41683792e-01 4.29739398e-01 4.23518914e-01 4.17913462e-01 4.12885037e-01 4.11799494e-01 4.08716928e-01 4.10161213e-01 4.14775616e-01 4.26940181e-01 4.49273412e-01 4.79945186e-01 5.13618975e-01 5.43731283e-01 5.67050742e-01 5.80028831e-01 5.82653264e-01 5.77616413e-01 5.64458001e-01 5.45233748e-01 5.20449227e-01 4.91423671e-01 4.61301784e-01 4.35116501e-01 4.15271451e-01 4.03735775e-01 4.01815689e-01 4.10020375e-01 4.26188542e-01 4.47386745e-01 4.72256527e-01 4.95009234e-01 5.11047135e-01 5.16098740e-01 5.06038642e-01 4.79166934e-01 4.40485222e-01 3.93747607e-01 3.45300790e-01 2.99382094e-01 2.53070247e-01 2.08501705e-01 1.64957287e-01 1.25123644e-01 8.26977491e-02 4.67917341e-02 1.27134848e-02 -1.53483874e-02 -4.30180779e-02 -6.32137120e-02 -9.44256957e-02 -8.89448947e-02 -1.16296571e-01 -1.06245038e-01 -1.03562368e-01 -8.98507502e-02 -7.26007274e-02 -5.79519955e-02 -4.00063387e-02 -5.48425497e-03 1.58073391e-02 -4.94212833e-02 3.02757569e-01
1.57000000e+01 -7.13621146e-01 -6.84376889e-01 -4.64890746e-01 -3.20946075e-01 -2.20954398e-01 -1.55784287e-01 -9.91712691e-02 -2.72875753e-02 4.47592257e-02 9.68866182e-02 1.26641312e-01 1.63426269e-01 1.81347374e-01 1.78465768e-01 1.55163680e-01 1.32850925e-01 1.02771106e-01 6.71917827e-02 3.87647974e-02 1.39318331e-02 4.42252797e-03 -2.93495716e-03 4.92958814e-03 2.16343456e-02 4.77490023e-02 9.37109291e-02 1.42237029e-01 2.01118297e-01 2.55647122e-01 3.05353106e-01 3.55126353e-01 3.97275807e-01 4.33813203e-01 4.53197252e-01 4.61494101e-01 4.63875919e-01 4.55257001e-01 4.43000371e-01 4.31061263e-01 4.25280032e-01 4.20200607e-01 4.15606954e-01 4.14935634e-01 4.12129983e-01 4.13565502e-01 4.17569981e-01 4.28624593e-01 4.49711215e-01 4.79481069e-01 5.12610096e-01 5.42918059e-01 5.66652073e-01 5.80208051e-01 5.83159911e-01 5.78321139e-01 5.65220636e-01 5.46111052e-01 5.21350948e-01 4.92267336e-01 4.62020108e-01 4.35706821e-01 4.15652341e-01 4.03876741e-01 4.01688493e-01 4.09699762e-01 4.25524112e-01 4.46300013e-01 4.70576714e-01 4.92538584e-01 5.07560518e-01 5.11542740e-01 5.00515610e-01 4.73091943e-01 4.34581003e-01 3.88495119e-01 3.41072996e-01 2.96104529e-01 2.50594683e-01 2.06482770e-01 1.63394794e-01 1.23947560e-01 8.16443117e-02 4.59498050e-02 1.21682344e-02 -1.59555651e-02 -4.33896675e-02 -6.40915579e-02 -9.51044805e-02 -8.84533059e-02 -1.16683173e-01 -1.06034889e-01 -1.02106536e-01 -8.80416160e-02 -7.05744529e-02 -5.39218345e-02 -3.57128959e-02 9.66310042e-04 2.17446409e-02 -4.16064016e-02 3.15768919e-01
1.58000000e+01 -7.02876436e-01 -6.80746620e-01 -4.59096756e-01 -3.15272262e-01 -2.15355519e-01 -1.52040267e-01 -9.71196791e-02 -2.69745213e-02 4.29473668e-02 9.65443884e-02 1.25834214e-01 1.63561790e-01 1.81598086e-01 1.78362857e-01 1.55460361e-01 1.33487987e-01 1.02644380e-01 6.83222564e-02 4.01653940e-02 1.59119193e-02 6.17521990e-03 -2.10335158e-03 5.84477824e-03 2.07248617e-02 4.74487301e-02 9.11582799e-02 1.39701475e-01 1.96317875e-01 2.49902297e-01 2.97935376e-01 3.46653435e-01 3.88678202e-01 4.26262756e-01 4.48546613e-01 4.57954176e-01 4.62371321e-01 4.55631659e-01 4.44334817e-01 4.32417813e-01 4.27041971e-01 4.22480361e-01 4.18310292e-01 4.18014406e-01 4.15507648e-01 4.16963343e-01 4.20413867e-01 4.30397447e-01 4.50243805e-01 4.79074562e-01 5.11605480e-01 5.42057277e-01 5.66175203e-01 5.80306805e-01 5.83599341e-01 5.78956376e-01 5.65925770e-01 5.46940017e-01 5.22230916e-01 4.93110227e-01 4.62783331e-01 4.36362968e-01 4.16114927e-01 4.04090435e-01 4.01618826e-01 4.09414845e-01 4.24871368e-01 4.45212920e-01 4.68873405e-01 4.90020657e-01 5.04001412e-01 5.06893217e-01 4.94898901e-01 4.66955401e-01 4.28663495e-01 3.83264988e-01 3.36882646e-01 2.92848862e-01 2.48140095e-01 2.04480439e-01 1.61851293e-01 1.22787872e-01 8.06154755e-02 4.51306257e-02 1.16442262e-02 -1.65702394e-02 -4.37547979e-02 -6.49843961e-02 -9.56683343e-02 -8.79139006e-02 -1.17063237e-01 -1.05725349e-01 -1.00566815e-01 -8.62697211e-02 -6.85120842e-02 -4.98650066e-02 -3.14448592e-02 7.47059598e-03 2.75672921e-02 -3.37343256e-02 3.28546277e-01
1.59000000e+01 -6.91688497e-01 -6.76973486e-01 -4.53168971e-01 -3.09663937e-01 -2.09855459e-01 -1.48445409e-01 -9.51009457e-02 -2.66348398e-02 4.10387906e-02 9.60840537e-02 1.25063105e-01 1.63645887e-01 1.81643517e-01 1.78044879e-01 1.55709819e-01 1.34045057e-01 1.02443116e-01 6.95539505e-02 4.16261149e-02 1.81143274e-02 7.94266418e-03 -1.06349165e-03 6.67527955e-03 1.99310628e-02 4.70629396e-02 8.87029624e-02 1.37090068e-01 1.91627699e-01 2.44122445e-01 2.90681747e-01 3.38252536e-01 3.80160601e-01 4.18604745e-01 4.43803987e-01 4.54350493e-01 4.60728194e-01 4.55927784e-01 4.45678630e-01 4.33810941e-01 4.28807087e-01 4.24753849e-01 4.20996453e-01 4.21034790e-01 4.18846372e-01 4.20348495e-01 4.23301875e-01 4.32256132e-01 4.50873303e-01 4.78728516e-01 5.10612834e-01 5.41151226e-01 5.65622246e-01 5.80323569e-01 5.83971264e-01 5.79521648e-01 5.66574266e-01 5.47720532e-01 5.23088975e-01 4.93951146e-01 4.63590727e-01 4.37082800e-01 4.16658324e-01 4.04375519e-01 4.01607023e-01 4.09164468e-01 4.24229643e-01 4.44124157e-01 4.67144909e-01 4.87453174e-01 5.00369369e-01 5.02151522e-01 4.89193193e-01 4.60763782e-01 4.22737273e-01 3.78059793e-01 3.32728783e-01 2.89612913e-01 2.45704211e-01 2.02494700e-01 1.60326495e-01 1.21643165e-01 7.96127168e-02 4.43346927e-02 1.11384764e-02 -1.71920258e-02 -4.41171133e-02 -6.58868865e-02 -9.61141199e-02 -8.73370570e-02 -1.17434369e-01 -1.05305427e-01 -9.89530517e-02 -8.45359085e-02 -6.63975537e-02 -4.57978600e-02 -2.71871991e-02 1.40225478e-02 3.32762828e-02 -2.58057112e-02 3.41081811e-01
1.60000000e+01 -6.80051958e-01 -6.73062089e-01 -4.47115106e-01 -3.04127308e-01 -2.04461841e-01 -1.44991630e-01 -9.31138670e-02 -2.62775940e-02 3.90660695e-02 9.54915684e-02 1.24335432e-01 1.63670300e-01 1.81484362e-01 1.77517955e-01 1.55910262e-01 1.34519695e-01 1.02184054e-01 7.08801223e-02 4.31483654e-02 2.05255736e-02 9.71923698e-03 1.89308318e-04 7.40480901e-03 1.92752671e-02 4.65676109e-02 8.63661000e-02 1.34385380e-01 1.87053657e-01 2.38303050e-01 2.83590490e-01 3.29934844e-01 3.71731920e-01 4.10858332e-01 4.38960292e-01 4.50686624e-01 4.58945954e-01 4.56137843e-01 4.47022824e-01 4.35241823e-01 4.30577799e-01 4.27022096e-01 4.23666759e-01 4.23996409e-01 4.22142836e-01 4.23715031e-01 4.26228479e-01 4.34197830e-01 4.51601411e-01 4.78445466e-01 5.09639841e-01 5.40202342e-01 5.64995620e-01 5.80256911e-01 5.84275256e-01 5.80016627e-01 5.67166998e-01 5.48452603e-01 5.23924975e-01 4.94789104e-01 4.64441363e-01 4.37864064e-01 4.17281469e-01 4.04730516e-01 4.01653475e-01 4.08947413e-01 4.23598395e-01 4.43032357e-01 4.65389589e-01 4.84833804e-01 4.96664019e-01 4.97319203e-01 4.83403381e-01 4.54523720e-01 4.16806576e-01 3.72881970e-01 3.28610330e-01 2.86394536e-01 2.43284760e-01 2.00525600e-01 1.58820050e-01 1.20511829e-01 7.86376297e-02 4.35624668e-02 1.06478210e-02 -1.78201383e-02 -4.44802300e-02 -6.67927977e-02 -9.64401028e-02 -8.67334752e-02 -1.17792000e-01 -1.04766146e-01 -9.72755756e-02 -8.28389202e-02 -6.42163196e-02 -4.17366512e-02 -2.29237061e-02 2.06142905e-02 3.88738162e-02 -1.78222328e-02 3.53368557e-01
1.61000000e+01 -6.67962217e-01 -6.69017005e-01 -4.40943557e-01 -2.98667259e-01 -1.99182607e-01 -1.41669705e-01 -9.11569464e-02 -2.59140469e-02 3.70629210e-02 9.47539050e-02 1.23657110e-01 1.63625637e-01 1.81123267e-01 1.76789281e-01 1.56058136e-01 1.34910203e-01 1.01884724e-01 7.22924080e-02 4.47352877e-02 2.31287608e-02 1.15035128e-02 1.65457901e-03 8.02278868e-03 1.87746536e-02 4.59439099e-02 8.41638246e-02 1.31574832e-01 1.82597415e-01 2.32443455e-01 2.76656998e-01 3.21712306e-01 3.63399362e-01 4.03043821e-01 4.34007336e-01 4.46965226e-01 4.57024678e-01 4.56255011e-01 4.48358075e-01 4.36710875e-01 4.32356512e-01 4.29286033e-01 4.26322423e-01 4.26899536e-01 4.25393957e-01 4.27057367e-01 4.29188043e-01 4.36219555e-01 4.52429351e-01 4.78227698e-01 5.08694015e-01 5.39213267e-01 5.64298023e-01 5.80105522e-01 5.84510744e-01 5.80441139e-01 5.67704841e-01 5.49136338e-01 5.24738760e-01 4.95623337e-01 4.65334083e-01 4.38704428e-01 4.17983112e-01 4.05153827e-01 4.01758602e-01 4.08762411e-01 4.22977205e-01 4.41936104e-01 4.63605847e-01 4.82160181e-01 4.92885075e-01 4.92398014e-01 4.77534568e-01 4.48241982e-01 4.10875319e-01 3.67733798e-01 3.24526118e-01 2.83191629e-01 2.40879487e-01 1.98573232e-01 1.57331556e-01 1.19392094e-01 7.76918627e-02 4.28143611e-02 1.01689752e-02 -1.84534250e-02 -4.48477064e-02 -6.76950997e-02 -9.66459723e-02 -8.61139850e-02 -1.18129414e-01 -1.04100837e-01 -9.55448250e-02 -8.11754399e-02 -6.19557503e-02 -3.76969732e-02 -1.86374867e-02 2.72363969e-02 4.43632197e-02 -9.78656975e-03 3.65400430e-01
1.62000000e+01 -6.55415509e-01 -6.64842741e-01 -4.34663345e-01 -2.93287389e-01 -1.94025864e-01 -1.38469460e-01 -8.92284930e-02 -2.55570785e-02 3.50633435e-02 9.38596323e-02 1.23032250e-01 1.63501618e-01 1.80564755e-01 1.75866998e-01 1.56148279e-01 1.35215707e-01 1.01563077e-01 7.37811197e-02 4.63915080e-02 2.59038944e-02 1.32981332e-02 3.32658350e-03 8.52474818e-03 1.84406165e-02 4.51789064e-02 8.21066416e-02 1.28651087e-01 1.78256256e-01 2.26546906e-01 2.69873947e-01 3.13597362e-01 3.55168638e-01 3.95182298e-01 4.28938097e-01 4.43188009e-01 4.54965032e-01 4.56273172e-01 4.49674856e-01 4.38217729e-01 4.34145548e-01 4.31546510e-01 4.28964518e-01 4.29745077e-01 4.28596918e-01 4.30370279e-01 4.32174838e-01 4.38318186e-01 4.53357816e-01 4.78077316e-01 5.07782573e-01 5.38186915e-01 5.63532387e-01 5.79868255e-01 5.84676990e-01 5.80795155e-01 5.68188674e-01 5.49771941e-01 5.25530164e-01 4.96453311e-01 4.66267506e-01 4.39601509e-01 4.18761797e-01 4.05643752e-01 4.01922822e-01 4.08608154e-01 4.22365780e-01 4.40833929e-01 4.61792126e-01 4.79429910e-01 4.89032337e-01 4.87389923e-01 4.71592057e-01 4.41925422e-01 4.04947128e-01 3.62617375e-01 3.20474916e-01 2.80002150e-01 2.38486180e-01 1.96637716e-01 1.55860555e-01 1.18282105e-01 7.67770292e-02 4.20907231e-02 9.69860366e-03 -1.90904154e-02 -4.52230036e-02 -6.85860868e-02 -9.67328279e-02 -8.54893297e-02 -1.18437858e-01 -1.03305360e-01 -9.37709801e-02 -7.95401991e-02 -5.96054441e-02 -3.36932119e-02 -1.43114822e-02 3.38781991e-02 4.97488155e-02 -1.70237296e-03 3.77172237e-01
1.63000000e+01 -6.42408963e-01 -6.60543701e-01 -4.28284057e-01 -2.87990068e-01 -1.88999717e-01 -1.35379968e-01 -8.73267527e-02 -2.52205384e-02 3.31007136e-02 9.27994913e-02 1.22462882e-01 1.63287359e-01 1.79815098e-01 1.74760047e-01 1.56174118e-01 1.35436192e-01 1.01237117e-01 7.53355907e-02 4.81228198e-02 2.88283028e-02 1.51095270e-02 5.19439630e-03 8.91251929e-03 1.82783340e-02 4.42660700e-02 8.01990140e-02 1.25612234e-01 1.74023095e-01 2.20620472e-01 2.63231547e-01 3.05602624e-01 3.47044223e-01 3.87295265e-01 4.23746975e-01 4.39355737e-01 4.52768204e-01 4.56186902e-01 4.50963574e-01 4.39761234e-01 4.35947066e-01 4.33804314e-01 4.31593946e-01 4.32534541e-01 4.31749186e-01 4.33648917e-01 4.35183082e-01 4.40490496e-01 4.54386911e-01 4.77996302e-01 5.06912306e-01 5.37126529e-01 5.62701845e-01 5.79544167e-01 5.84773091e-01 5.81078783e-01 5.68619369e-01 5.50359705e-01 5.26299009e-01 4.97278716e-01 4.67240020e-01 4.40552910e-01 4.19615843e-01 4.06198520e-01 4.02146507e-01 4.08483328e-01 4.21763940e-01 4.39724317e-01 4.59946897e-01 4.76640594e-01 4.85105696e-01 4.82297101e-01 4.65581343e-01 4.35580920e-01 3.99025395e-01 3.57534600e-01 3.16455423e-01 2.76824141e-01 2.36102683e-01 1.94719187e-01 1.54406521e-01 1.17180009e-01 7.58946037e-02 4.13918082e-02 9.23340125e-03 -1.97293861e-02 -4.56094245e-02 -6.94575334e-02 -9.67031356e-02 -8.48699274e-02 -1.18706742e-01 -1.02378233e-01 -9.19636058e-02 -7.79261401e-02 -5.71574703e-02 -2.97380477e-02 -9.92899359e-03 4.05281310e-02 5.50357558e-02 6.42579134e-03 3.88679659e-01
1.64000000e+01 -6.28940668e-01 -6.56124159e-01 -4.21815760e-01 -2.82776526e-01 -1.84112077e-01 -1.32389747e-01 -8.54500633e-02 -2.49185590e-02 3.12068761e-02 9.15669419e-02 1.21948708e-01 1.62971688e-01 1.78882136e-01 1.73478027e-01 1.56127914e-01 1.35572518e-01 1.00924530e-01 7.69445451e-02 4.99358181e-02 3.18771507e-02 1.69474947e-02 7.24217007e-03 9.19420830e-03 1.82865727e-02 4.32055245e-02 7.84391839e-02 1.22461757e-01 1.69886669e-01 2.14674823e-01 2.56717897e-01 2.97740510e-01 3.39029623e-01 3.79404260e-01 4.18430027e-01 4.35468250e-01 4.50435842e-01 4.55991433e-01 4.52214694e-01 4.41339451e-01 4.37762988e-01 4.36060193e-01 4.34211413e-01 4.35269982e-01 4.34848552e-01 4.36888798e-01 4.38206971e-01 4.42733165e-01 4.55516121e-01 4.77986569e-01 5.06089486e-01 5.36035727e-01 5.61809689e-01 5.79132554e-01 5.84797988e-01 5.81292244e-01 5.68997795e-01 5.50900009e-01 5.27045101e-01 4.98099470e-01 4.68249790e-01 4.41556243e-01 4.20543331e-01 4.06816320e-01 4.02429931e-01 4.08386639e-01 4.21171605e-01 4.38605714e-01 4.58068648e-01 4.73789868e-01 4.81105137e-01 4.77121926e-01 4.59508093e-01 4.29215324e-01 3.93113342e-01 3.52487152e-01 3.12466252e-01 2.73655768e-01 2.33726912e-01 1.92817795e-01 1.52968854e-01 1.16084059e-01 7.50458253e-02 4.07177434e-02 8.77017807e-03 -2.03684426e-02 -4.60100318e-02 -7.03008822e-02 -9.65606577e-02 -8.42656153e-02 -1.18923919e-01 -1.01320675e-01 -9.01313202e-02 -7.63246310e-02 -5.46065280e-02 -2.58420196e-02 -5.47419260e-03 4.71740920e-02 6.02298310e-02 1.45925204e-02 3.99919234e-01
1.65000000e+01 -6.15009729e-01 -6.51588230e-01 -4.15268899e-01 -2.77646960e-01 -1.79370460e-01 -1.29486963e-01 -8.35970236e-02 -2.46648532e-02 2.94112585e-02 9.01586594e-02 1.21486866e-01 1.62543495e-01 1.77775055e-01 1.72031058e-01 1.56001031e-01 1.35626387e-01 1.00642357e-01 7.85964689e-02 5.18374971e-02 3.50240315e-02 1.88246690e-02 9.44958010e-03 9.38393640e-03 1.84577388e-02 4.20040559e-02 7.68192281e-02 1.19208292e-01 1.65831906e-01 2.08723869e-01 2.50319449e-01 2.90022872e-01 3.31127640e-01 3.71530479e-01 4.12985165e-01 4.31524501e-01 4.47970005e-01 4.55682604e-01 4.53418858e-01 4.42949670e-01 4.39594932e-01 4.38314873e-01 4.36817403e-01 4.37953930e-01 4.37893158e-01 4.40085802e-01 4.41240730e-01 4.45042786e-01 4.56744276e-01 4.78049991e-01 5.05319787e-01 5.34918544e-01 5.60859335e-01 5.78632997e-01 5.84750498e-01 5.81435859e-01 5.69324813e-01 5.51393312e-01 5.27768236e-01 4.98915698e-01 4.69294762e-01 4.42609164e-01 4.21542078e-01 4.07495324e-01 4.02773218e-01 4.08316848e-01 4.20588776e-01 4.37476535e-01 4.56155870e-01 4.70875443e-01 4.77030730e-01 4.71866974e-01 4.53378118e-01 4.22835389e-01 3.87214088e-01 3.47476479e-01 3.08505895e-01 2.70495367e-01 2.31356866e-01 1.90933702e-01 1.51546873e-01 1.14992697e-01 7.42316301e-02 4.00684829e-02 8.30594440e-03 -2.10056151e-02 -4.64275463e-02 -7.11074558e-02 -9.63103617e-02 -8.36853853e-02 -1.19076036e-01 -1.00136566e-01 -8.82815002e-02 -7.47257240e-02 -5.19500198e-02 -2.20131634e-02 -9.32599288e-04 5.38038177e-02 6.53372582e-02 2.27916750e-02 4.10888321e-01
1.66000000e+01 -6.00616325e-01 -6.46939854e-01 -4.08654191e-01 -2.72600657e-01 -1.74781778e-01 -1.26659636e-01 -8.17666650e-02 -2.44720235e-02 2.77400402e-02 8.85749550e-02 1.21071751e-01 1.61992095e-01 1.76504116e-01 1.70429644e-01 1.55784240e-01 1.35600279e-01 1.00406701e-01 8.02799648e-02 5.38348273e-02 3.82416201e-02 2.07558683e-02 1.17924306e-02 9.50135042e-03 1.87781772e-02 4.06748764e-02 7.53253361e-02 1.15865195e-01 1.61840478e-01 2.02784219e-01 2.44021566e-01 2.82460604e-01 3.23340630e-01 3.63694428e-01 4.07412305e-01 4.27522617e-01 4.45373131e-01 4.55256809e-01 4.54566993e-01 4.44588429e-01 4.41444158e-01 4.40569078e-01 4.39412159e-01 4.40589315e-01 4.40881542e-01 4.43236158e-01 4.44278656e-01 4.47415856e-01 4.58069549e-01 4.78188416e-01 5.04608242e-01 5.33779450e-01 5.59854288e-01 5.78045395e-01 5.84629343e-01 5.81510023e-01 5.69601277e-01 5.51840157e-01 5.28468203e-01 4.99727718e-01 4.70372683e-01 4.43709387e-01 4.22609623e-01 4.08233726e-01 4.03176291e-01 4.08272804e-01 4.20015513e-01 4.36335180e-01 4.54207040e-01 4.67895154e-01 4.72882625e-01 4.66535027e-01 4.47197348e-01 4.16447714e-01 3.81330692e-01 3.42503783e-01 3.04572683e-01 2.67341482e-01 2.28990639e-01 1.89067077e-01 1.50139822e-01 1.13904610e-01 7.34526191e-02 3.94437561e-02 7.83799141e-03 -2.16389561e-02 -4.68642357e-02 -7.18686817e-02 -9.59583122e-02 -8.31371214e-02 -1.19148941e-01 -9.88323194e-02 -8.64200331e-02 -7.31184465e-02 -4.91880386e-02 -1.82567364e-02 3.70849002e-03 6.04052437e-02 7.03644620e-02 3.10164959e-02 4.21585058e-01
1.67000000e+01 -5.85761759e-01 -6.42182766e-01 -4.01982501e-01 -2.67636133e-01 -1.70352133e-01 -1.23895841e-01 -7.99586119e-02 -2.43509099e-02 2.62154070e-02 8.68201002e-02 1.20694884e-01 1.61307593e-01 1.75080369e-01 1.68684538e-01 1.55468040e-01 1.35497352e-01 1.00232487e-01 8.19840794e-02 5.59343269e-02 4.15023669e-02 2.27573588e-02 1.42434022e-02 9.57092398e-03 1.92287045e-02 3.92371596e-02 7.39382886e-02 1.12449928e-01 1.57891507e-01 1.96874495e-01 2.37809176e-01 2.75063266e-01 3.15670737e-01 3.55915606e-01 4.01713461e-01 4.23459971e-01 4.42648010e-01 4.54710926e-01 4.55650408e-01 4.46251544e-01 4.43311526e-01 4.42823547e-01 4.41995673e-01 4.43179388e-01 4.43812665e-01 4.46336443e-01 4.47315172e-01 4.49848754e-01 4.59489466e-01 4.78403661e-01 5.03959217e-01 5.32623355e-01 5.58798113e-01 5.77369991e-01 5.84433185e-01 5.81515192e-01 5.69828021e-01 5.52241164e-01 5.29144792e-01 5.00536017e-01 4.71481107e-01 4.44854715e-01 4.23743219e-01 4.09029755e-01 4.03638830e-01 4.08253463e-01 4.19451911e-01 4.35180045e-01 4.52220597e-01 4.64847007e-01 4.68661043e-01 4.61129068e-01 4.40971796e-01 4.10058700e-01 3.75466187e-01 3.37570022e-01 3.00664766e-01 2.64192883e-01 2.26626437e-01 1.87218082e-01 1.48746885e-01 1.12818763e-01 7.27090603e-02 3.88430179e-02 7.36396534e-03 -2.22666323e-02 -4.73218043e-02 -7.25763183e-02 -9.55115498e-02 -8.26273490e-02 -1.19128139e-01 -9.74166756e-02 -8.45511229e-02 -7.14911145e-02 -4.63232729e-02 -1.45750345e-02 8.45963924e-03 6.69668492e-02 7.53178571e-02 3.92597295e-02 4.32008319e-01
1.68000000e+01 -5.70448510e-01 -6.37320490e-01 -3.95264725e-01 -2.62751279e-01 -1.66086617e-01 -1.21183915e-01 -7.81732217e-02 -2.43099998e-02 2.48549192e-02 8.49025351e-02 1.20344863e-01 1.60481228e-01 1.73515339e-01 1.66806617e-01 1.55042989e-01 1.35321314e-01 1.00133268e-01 8.36985926e-02 5.81416422e-02 4.47792085e-02 2.48460518e-02 1.67729148e-02 9.62108324e-03 1.97853494e-02 3.77153578e-02 7.26341228e-02 1.08983321e-01 1.53962417e-01 1.91014492e-01 2.31667476e-01 2.67838731e-01 3.08120099e-01 3.48212239e-01 3.95892770e-01 4.19333275e-01 4.39797771e-01 4.54042256e-01 4.56660886e-01 4.47934131e-01 4.45197456e-01 4.45079031e-01 4.44567681e-01 4.45727634e-01 4.46685939e-01 4.49383574e-01 4.50344871e-01 4.52337707e-01 4.61000942e-01 4.78697498e-01 5.03376404e-01 5.31455596e-01 5.57694405e-01 5.76607393e-01 5.84160667e-01 5.81451864e-01 5.70005853e-01 5.52597030e-01 5.29797809e-01 5.01341219e-01 4.72617421e-01 4.46043059e-01 4.24939823e-01 4.09881693e-01 4.04160249e-01 4.08257911e-01 4.18898070e-01 4.34009538e-01 4.50194934e-01 4.61729224e-01 4.64366266e-01 4.55652293e-01 4.34707529e-01 4.03674508e-01 3.69623597e-01 3.32675903e-01 2.96780102e-01 2.61048569e-01 2.24262599e-01 1.85386849e-01 1.47367210e-01 1.11734407e-01 7.20009082e-02 3.82654073e-02 6.88193256e-03 -2.28869997e-02 -4.78012921e-02 -7.32226705e-02 -9.49779604e-02 -8.21610050e-02 -1.18999278e-01 -9.59004237e-02 -8.26771562e-02 -6.98316578e-02 -4.33608344e-02 -1.09673079e-02 1.33289841e-02 7.34779714e-02 8.02036412e-02 4.75137604e-02 4.42157675e-01
1.69000000e+01 -5.54680279e-01 -6.32356309e-01 -3.88511660e-01 -2.57943508e-01 -1.61989118e-01 -1.18512645e-01 -7.64116932e-02 -2.43549273e-02 2.36710152e-02 8.28349438e-02 1.20007402e-01 1.59505681e-01 1.71820729e-01 1.64806756e-01 1.54500037e-01 1.35076267e-01 1.00121078e-01 8.54142665e-02 6.04611545e-02 4.80462730e-02 2.70386620e-02 1.93500752e-02 9.68319615e-03 2.04202679e-02 3.61383213e-02 7.13849707e-02 1.05488710e-01 1.50029865e-01 1.85224257e-01 2.25582634e-01 2.60792890e-01 3.00691022e-01 3.40601070e-01 3.89956456e-01 4.15138702e-01 4.36825864e-01 4.53248459e-01 4.57590755e-01 4.49630655e-01 4.47101913e-01 4.47336291e-01 4.47127666e-01 4.48237699e-01 4.49501243e-01 4.52374817e-01 4.53362560e-01 4.54878764e-01 4.62600332e-01 4.79071628e-01 5.02862833e-01 5.30281912e-01 5.56546766e-01 5.75758594e-01 5.83810439e-01 5.81320574e-01 5.70135534e-01 5.52908524e-01 5.30427079e-01 5.02144055e-01 4.73778868e-01 4.47272452e-01 4.26196103e-01 4.10787880e-01 4.04739676e-01 4.08285369e-01 4.18354075e-01 4.32822092e-01 4.48128382e-01 4.58540276e-01 4.59998634e-01 4.50108117e-01 4.28410635e-01 3.97301026e-01 3.63805937e-01 3.27821886e-01 2.92916484e-01 2.57907747e-01 2.21897626e-01 1.83573452e-01 1.45999934e-01 1.10651073e-01 7.13278263e-02 3.77097241e-02 6.39043354e-03 -2.34986608e-02 -4.83029863e-02 -7.38007907e-02 -9.43661379e-02 -8.17412337e-02 -1.18748645e-01 -9.42960583e-02 -8.07986324e-02 -6.81279461e-02 -4.03080139e-02 -7.42977516e-03 1.83220258e-02 7.99290784e-02 8.50276059e-02 5.57707442e-02 4.52033347e-01
1.70000000e+01 -5.38462024e-01 -6.27293260e-01 -3.81733886e-01 -2.53209899e-01 -1.58062153e-01 -1.15871463e-01 -7.46761343e-02 -2.44880786e-02 2.26706729e-02 8.06341810e-02 1.19665472e-01 1.58375321e-01 1.70008129e-01 1.62695711e-01 1.53830851e-01 1.34766537e-01 1.00206323e-01 8.71230478e-02 6.28956251e-02 5.12795537e-02 2.93508623e-02 2.19436758e-02 9.79046101e-03 2.11028054e-02 3.45382440e-02 7.01600520e-02 1.01991004e-01 1.46070740e-01 1.79523134e-01 2.19542439e-01 2.53929428e-01 2.93386123e-01 3.33097207e-01 3.83912731e-01 4.10872026e-01 4.33736030e-01 4.52327501e-01 4.58432941e-01 4.51334965e-01 4.49024396e-01 4.49596078e-01 4.49674878e-01 4.50713311e-01 4.52258930e-01 4.55307804e-01 4.56363301e-01 4.57467747e-01 4.64283499e-01 4.79527651e-01 5.02420882e-01 5.29108404e-01 5.55358776e-01 5.74824988e-01 5.83381193e-01 5.81121883e-01 5.70217762e-01 5.53176486e-01 5.31032464e-01 5.02945332e-01 4.74962568e-01 4.48541062e-01 4.27508455e-01 4.11746714e-01 4.05375946e-01 4.08335209e-01 4.17819969e-01 4.31616174e-01 4.46019210e-01 4.55278910e-01 4.55558548e-01 4.44500174e-01 4.22087194e-01 3.90943855e-01 3.58016224e-01 3.23008196e-01 2.89071567e-01 2.54769812e-01 2.19530201e-01 1.81777870e-01 1.44644219e-01 1.09568562e-01 7.06891974e-02 3.71744289e-02 5.88852459e-03 -2.41005026e-02 -4.88263429e-02 -7.43046630e-02 -9.36852381e-02 -8.13692190e-02 -1.18363664e-01 -9.26173803e-02 -7.89141601e-02 -6.63681048e-02 -3.71739762e-02 -3.95573432e-03 2.34415112e-02 8.63119933e-02 8.97949685e-02 6.40227379e-02 4.61636162e-01
1.71000000e+01 -5.21799993e-01 -6.22134111e-01 -3.74941648e-01 -2.48547328e-01 -1.54306717e-01 -1.13250622e-01 -7.29695844e-02 -2.47083224e-02 2.18552410e-02 7.83210429e-02 1.19299559e-01 1.57086383e-01 1.68088750e-01 1.60484015e-01 1.53028117e-01 1.34396502e-01 1.00397718e-01 8.88182238e-02 6.54458931e-02 5.44575243e-02 3.17964696e-02 2.45232092e-02 9.97672724e-03 2.18006742e-02 3.29494754e-02 6.89267918e-02 9.85156770e-02 1.42063152e-01 1.73928838e-01 2.13536842e-01 2.47249702e-01 2.86208433e-01 3.25714012e-01 3.77771643e-01 4.06528800e-01 4.30532261e-01 4.51277613e-01 4.59181004e-01 4.53040359e-01 4.50963935e-01 4.51859113e-01 4.52208359e-01 4.53158208e-01 4.54959818e-01 4.58180551e-01 4.59342440e-01 4.60100220e-01 4.66045888e-01 4.80067040e-01 5.02052298e-01 5.27941489e-01 5.54133977e-01 5.73808382e-01 5.82871691e-01 5.80856384e-01 5.70253145e-01 5.53401828e-01 5.31613864e-01 5.03745895e-01 4.76165562e-01 4.49847185e-01 4.28873022e-01 4.12756646e-01 4.06067587e-01 4.08406960e-01 4.17295730e-01 4.30390300e-01 4.43865624e-01 4.51944171e-01 4.51046477e-01 4.38832324e-01 4.15743247e-01 3.84608294e-01 3.52257474e-01 3.18234826e-01 2.85242919e-01 2.51634323e-01 2.17159206e-01 1.79999945e-01 1.43299272e-01 1.08486939e-01 7.00841174e-02 3.66576658e-02 5.37580842e-03 -2.46917237e-02 -4.93699168e-02 -7.47293691e-02 -9.29448263e-02 -8.10440566e-02 -1.17833368e-01 -9.08790553e-02 -7.70205196e-02 -6.45408104e-02 -3.39694022e-02 -5.35766274e-04 2.86873998e-02 9.26200588e-02 9.45102317e-02 7.22618233e-02 4.70967506e-01
1.72000000e+01 -5.04701759e-01 -6.16881352e-01 -3.68144749e-01 -2.43952593e-01 -1.50722160e-01 -1.10641363e-01 -7.12959819e-02 -2.50108762e-02 2.12204485e-02 7.59198776e-02 1.18888032e-01 1.55637077e-01 1.66073191e-01 1.58181879e-01 1.52085824e-01 1.33970425e-01 1.00702248e-01 9.04945297e-02 6.81106388e-02 5.75616736e-02 3.43866948e-02 2.70598636e-02 1.02752831e-02 2.24812098e-02 3.14072428e-02 6.76520218e-02 9.50877516e-02 1.37987387e-01 1.68456632e-01 2.07558371e-01 2.40752709e-01 2.79161463e-01 3.18463039e-01 3.71544894e-01 4.02104548e-01 4.27218748e-01 4.50097271e-01 4.59829146e-01 4.54739650e-01 4.52919100e-01 4.54126050e-01 4.54726983e-01 4.55576066e-01 4.57605168e-01 4.60991492e-01 4.62295631e-01 4.62771458e-01 4.67882609e-01 4.80691114e-01 5.01758221e-01 5.26787855e-01 5.52875847e-01 5.72711011e-01 5.82280789e-01 5.80524699e-01 5.70242179e-01 5.53585539e-01 5.32171223e-01 5.04546604e-01 4.77384846e-01 4.51189227e-01 4.30285732e-01 4.13816176e-01 4.06812809e-01 4.08500311e-01 4.16781245e-01 4.29143040e-01 4.41665773e-01 4.48535401e-01 4.46462970e-01 4.33108657e-01 4.09384765e-01 3.78299337e-01 3.46532699e-01 3.13501555e-01 2.81428062e-01 2.48500984e-01 2.14783725e-01 1.78239346e-01 1.41964374e-01 1.07406515e-01 6.95113764e-02 3.61573052e-02 4.85245616e-03 -2.52718570e-02 -4.99312978e-02 -7.50712330e-02 -9.21547172e-02 -8.07626785e-02 -1.17148837e-01 -8.90961435e-02 -7.51127895e-02 -6.26355578e-02 -3.07060927e-02 2.84197758e-03 3.40569159e-02 9.88482393e-02 9.91770710e-02 8.04802189e-02 4.80029262e-01
1.73000000e+01 -4.87176242e-01 -6.11537173e-01 -3.61352455e-01 -2.39422508e-01 -1.47306107e-01 -1.08036079e-01 -6.96600769e-02 -2.53873147e-02 2.07565957e-02 7.34580442e-02 1.18407629e-01 1.54027611e-01 1.63971244e-01 1.55799113e-01 1.50999497e-01 1.33492291e-01 1.01125160e-01 9.21482067e-02 7.08862212e-02 6.05769349e-02 3.71294886e-02 2.95274634e-02 1.07176499e-02 2.31126629e-02 2.99463306e-02 6.63032208e-02 9.17307723e-02 1.33826773e-01 1.63118626e-01 2.01602406e-01 2.34435141e-01 2.72249238e-01 3.11354010e-01 3.65245619e-01 3.97594982e-01 4.23799803e-01 4.48785182e-01 4.60372198e-01 4.56425247e-01 4.54888007e-01 4.56397444e-01 4.57229504e-01 4.57970434e-01 4.60196664e-01 4.63739507e-01 4.65218847e-01 4.65476421e-01 4.69788518e-01 4.81401017e-01 5.01539198e-01 5.25654402e-01 5.51587790e-01 5.71535538e-01 5.81607465e-01 5.80127480e-01 5.70185232e-01 5.53728684e-01 5.32704523e-01 5.05348295e-01 4.78617419e-01 4.52565674e-01 4.31742332e-01 4.14923853e-01 4.07609499e-01 4.08615113e-01 4.16276283e-01 4.27873040e-01 4.39417755e-01 4.45052244e-01 4.41808675e-01 4.27333485e-01 4.03017625e-01 3.72021668e-01 3.40844897e-01 3.08807954e-01 2.77624512e-01 2.45369629e-01 2.12403037e-01 1.76495526e-01 1.40638888e-01 1.06327840e-01 6.89694383e-02 3.56709969e-02 4.31922290e-03 -2.58407905e-02 -5.05070602e-02 -7.53279380e-02 -9.13248083e-02 -8.05198338e-02 -1.16303564e-01 -8.72836163e-02 -7.31845327e-02 -6.06428899e-02 -2.73965444e-02 6.19141304e-03 3.95446831e-02 1.04993156e-01 1.03798254e-01 8.86703776e-02 4.88823762e-01
1.74000000e+01 -4.69233736e-01 -6.06103442e-01 -3.54573421e-01 -2.34953997e-01 -1.44054400e-01 -1.05428450e-01 -6.80672869e-02 -2.58257220e-02 2.04489199e-02 7.09652315e-02 1.17834038e-01 1.52260140e-01 1.61791728e-01 1.53345058e-01 1.49766402e-01 1.32965683e-01 1.01669972e-01 9.37770126e-02 7.37665986e-02 6.34919970e-02 4.00290072e-02 3.19033242e-02 1.13324267e-02 2.36654790e-02 2.85997536e-02 6.48497583e-02 8.84658307e-02 1.29568417e-01 1.57923255e-01 1.95667335e-01 2.28291504e-01 2.65476291e-01 3.04394816e-01 3.58888156e-01 3.92996231e-01 4.20279782e-01 4.47340288e-01 4.60805586e-01 4.58089239e-01 4.56868336e-01 4.58673711e-01 4.59714611e-01 4.60344665e-01 4.62736365e-01 4.66423956e-01 4.68108387e-01 4.68209749e-01 4.71758297e-01 4.82197691e-01 5.01395222e-01 5.24548186e-01 5.50273123e-01 5.70285057e-01 5.80850852e-01 5.79665400e-01 5.70082525e-01 5.53832421e-01 5.33213785e-01 5.06151760e-01 4.79860334e-01 4.53975044e-01 4.33238437e-01 4.16078268e-01 4.08455211e-01 4.08751378e-01 4.15780472e-01 4.26579026e-01 4.37119630e-01 4.41494633e-01 4.37084350e-01 4.21511348e-01 3.96647583e-01 3.65779658e-01 3.35197043e-01 3.04153395e-01 2.73829830e-01 2.42240205e-01 2.10016611e-01 1.74767697e-01 1.39322262e-01 1.05251687e-01 6.84564322e-02 3.51962261e-02 3.77745560e-03 -2.63987880e-02 -5.10927372e-02 -7.54986078e-02 -9.04649093e-02 -8.03081352e-02 -1.15293760e-01 -8.54558778e-02 -7.12280340e-02 -5.85545862e-02 -2.40535136e-02 9.52809863e-03 4.51429349e-02 1.11053055e-01 1.08375597e-01 9.68250692e-02 4.97353725e-01
1.75000000e+01 -4.50885926e-01 -6.00581681e-01 -3.47815626e-01 -2.30544142e-01 -1.40961096e-01 -1.02813571e-01 -6.65234994e-02 -2.63109826e-02 2.02781282e-02 6.84726591e-02 1.17142557e-01 1.50338639e-01 1.59542373e-01 1.50828533e-01 1.48385694e-01 1.32393672e-01 1.02338496e-01 9.53801857e-02 7.67433358e-02 6.62994853e-02 4.30852175e-02 3.41689864e-02 1.21442274e-02 2.41135161e-02 2.73974639e-02 6.32640980e-02 8.53106720e-02 1.25203789e-01 1.52874910e-01 1.89754595e-01 2.22314293e-01 2.58847628e-01 2.97591565e-01 3.52487794e-01 3.88305062e-01 4.16662993e-01 4.45761783e-01 4.61125286e-01 4.59723489e-01 4.58857341e-01 4.60955086e-01 4.62180988e-01 4.62701852e-01 4.65226668e-01 4.69044711e-01 4.70960872e-01 4.70965768e-01 4.73786533e-01 4.83081850e-01 5.01325760e-01 5.23476340e-01 5.48935075e-01 5.68963078e-01 5.80010270e-01 5.79139144e-01 5.69934132e-01 5.53897994e-01 5.33699055e-01 5.06957711e-01 4.81110746e-01 4.55415842e-01 4.34769582e-01 4.17278058e-01 4.09347169e-01 4.08909266e-01 4.15293281e-01 4.25259817e-01 4.34769436e-01 4.37862778e-01 4.32290893e-01 4.15646999e-01 3.90280261e-01 3.59577363e-01 3.29592065e-01 2.99537050e-01 2.70041660e-01 2.39112756e-01 2.07624085e-01 1.73054806e-01 1.38014016e-01 1.04179029e-01 6.79701663e-02 3.47303685e-02 3.22908754e-03 -2.69465002e-02 -5.16828336e-02 -7.55838424e-02 -8.95845712e-02 -8.01181753e-02 -1.14118555e-01 -8.36263041e-02 -6.92345812e-02 -5.63638037e-02 -2.06895793e-02 1.28687636e-02 5.08417967e-02 1.17027718e-01 1.12909950e-01 1.04937447e-01 5.05622207e-01
1.76000000e+01 -4.32145905e-01 -5.94973035e-01 -3.41086333e-01 -2.26190227e-01 -1.38018487e-01 -1.00188043e-01 -6.50348274e-02 -2.68252025e-02 2.02210792e-02 6.60121839e-02 1.16308821e-01 1.48268710e-01 1.57229740e-01 1.48257801e-01 1.46858519e-01 1.31778743e-01 1.03130870e-01 9.69583651e-02 7.98056979e-02 6.89960110e-02 4.62936573e-02 3.63108011e-02 1.31727515e-02 2.44351536e-02 2.63651353e-02 6.15229198e-02 8.22789249e-02 1.20729137e-01 1.47973747e-01 1.83868607e-01 2.16494215e-01 2.52368639e-01 2.90948643e-01 3.46060527e-01 3.83519095e-01 4.12953618e-01 4.44049129e-01 4.61327764e-01 4.61319718e-01 4.60851870e-01 4.63241586e-01 4.64627373e-01 4.65044777e-01 4.67670262e-01 4.71602179e-01 4.73773237e-01 4.73738510e-01 4.75867787e-01 4.84053949e-01 5.01329811e-01 5.22446004e-01 5.47576801e-01 5.67573503e-01 5.79085266e-01 5.78549394e-01 5.69739982e-01 5.53926743e-01 5.34160398e-01 5.07766763e-01 4.82365960e-01 4.56886503e-01 4.36331278e-01 4.18521897e-01 4.10282277e-01 4.09089070e-01 4.14814003e-01 4.23914337e-01 4.32365202e-01 4.34157146e-01 4.27429355e-01 4.09745401e-01 3.83921130e-01 3.53418521e-01 3.24032822e-01 2.94957899e-01 2.66257783e-01 2.35987400e-01 2.05225248e-01 1.71355535e-01 1.36713715e-01 1.03111028e-01 6.75081660e-02 3.42707428e-02 2.67660989e-03 -2.74849612e-02 -5.22708878e-02 -7.55857047e-02 -8.86929172e-02 -7.99387132e-02 -1.12780114e-01 -8.18068191e-02 -6.71947785e-02 -5.40651700e-02 -1.73167197e-02 1.62308039e-02 5.66296268e-02 1.22918313e-01 1.17401230e-01 1.13001101e-01 5.13632550e-01
1.77000000e+01 -4.13028173e-01 -5.89278243e-01 -3.34392069e-01 -2.21889731e-01 -1.35217179e-01 -9.75500499e-02 -6.36073238e-02 -2.73482463e-02 2.02515932e-02 6.36153445e-02 1.15309546e-01 1.46057344e-01 1.54859179e-01 1.45640542e-01 1.45188061e-01 1.31122766e-01 1.04045599e-01 9.85134728e-02 8.29408250e-02 7.15820906e-02 4.96453577e-02 3.83203432e-02 1.44320264e-02 2.46142411e-02 2.55230861e-02 5.96081069e-02 7.93794914e-02 1.16145723e-01 1.43215656e-01 1.78016601e-01 2.10820471e-01 2.46044966e-01 2.84468829e-01 3.39622796e-01 3.78637001e-01 4.09155631e-01 4.42202083e-01 4.61409913e-01 4.62869592e-01 4.62848390e-01 4.65532960e-01 4.67052622e-01 4.67375858e-01 4.70070082e-01 4.74097315e-01 4.76542715e-01 4.76521751e-01 4.77996666e-01 4.85114140e-01 5.01405956e-01 5.21464224e-01 5.46201404e-01 5.66120589e-01 5.78075657e-01 5.77896808e-01 5.69499871e-01 5.53920098e-01 5.34597894e-01 5.08579404e-01 4.83623479e-01 4.58385343e-01 4.37919062e-01 4.19808493e-01 4.11257150e-01 4.09291189e-01 4.14341753e-01 4.22541613e-01 4.29904973e-01 4.30378450e-01 4.22500972e-01 4.03811704e-01 3.77575507e-01 3.47306547e-01 3.18522075e-01 2.90414738e-01 2.62476163e-01 2.32864314e-01 2.02820018e-01 1.69668302e-01 1.35420929e-01 1.02049020e-01 6.70677337e-02 3.38146670e-02 2.12301226e-03 -2.80155587e-02 -5.28495885e-02 -7.55076540e-02 -8.77984803e-02 -7.97569300e-02 -1.11283637e-01 -8.00075181e-02 -6.50988820e-02 -5.16548261e-02 -1.39459171e-02 1.96317628e-02 6.24934080e-02 1.28727202e-01 1.21848481e-01 1.21010093e-01 5.21388342e-01
1.78000000e+01 -3.93548640e-01 -5.83497601e-01 -3.27738620e-01 -2.17640309e-01 -1.32546205e-01 -9.48993940e-02 -6.22466667e-02 -2.78583722e-02 2.03413644e-02 6.13123736e-02 1.14123290e-01 1.43712637e-01 1.52434831e-01 1.42983842e-01 1.43379538e-01 1.30426988e-01 1.05079600e-01 1.00048559e-01 8.61339825e-02 7.40619423e-02 5.31269317e-02 4.01946357e-02 1.59298511e-02 2.46408374e-02 2.48854020e-02 5.75075469e-02 7.66161215e-02 1.11459871e-01 1.38592386e-01 1.72208336e-01 2.05281094e-01 2.39882316e-01 2.78153427e-01 3.33191245e-01 3.73658658e-01 4.05272742e-01 4.40220722e-01 4.61368983e-01 4.64364801e-01 4.64843008e-01 4.67828655e-01 4.69455757e-01 4.69697109e-01 4.72429265e-01 4.76531633e-01 4.79266823e-01 4.79309057e-01 4.80167885e-01 4.86262220e-01 5.01552444e-01 5.20537852e-01 5.44811973e-01 5.64608902e-01 5.76981572e-01 5.77182000e-01 5.69213482e-01 5.53879572e-01 5.35011634e-01 5.09395982e-01 4.84881044e-01 4.59910513e-01 4.39528557e-01 4.21136563e-01 4.12268146e-01 4.09516091e-01 4.13875469e-01 4.21140772e-01 4.27386828e-01 4.26527622e-01 4.17507190e-01 3.97851220e-01 3.71248560e-01 3.41244540e-01 3.13062456e-01 2.85906181e-01 2.58695002e-01 2.29743708e-01 2.00408410e-01 1.67991283e-01 1.34135198e-01 1.00994500e-01 6.66460192e-02 3.33595183e-02 1.57168942e-03 -2.85399732e-02 -5.34109439e-02 -7.53544295e-02 -8.69090518e-02 -7.95587436e-02 -1.09637264e-01 -7.82363543e-02 -6.29371448e-02 -4.91304216e-02 -1.05868016e-02 2.30888110e-02 6.84191728e-02 1.34457709e-01 1.26249970e-01 1.28958983e-01 5.28893371e-01
1.79000000e+01 -3.73724612e-01 -5.77630925e-01 -3.21131053e-01 -2.13439736e-01 -1.29993177e-01 -9.22375059e-02 -6.09578266e-02 -2.83329435e-02 2.04609443e-02 5.91312138e-02 1.12731178e-01 1.41243491e-01 1.49959667e-01 1.40294189e-01 1.41440149e-01 1.29692076e-01 1.06228257e-01 1.01567618e-01 8.93688768e-02 7.64431695e-02 5.67208272e-02 4.19361766e-02 1.76674674e-02 2.45116983e-02 2.44593151e-02 5.52157044e-02 7.39871832e-02 1.06682861e-01 1.34091814e-01 1.66455728e-01 1.99863347e-01 2.33886230e-01 2.72002436e-01 3.26782466e-01 3.68585291e-01 4.01308368e-01 4.38105465e-01 4.61202515e-01 4.65797133e-01 4.66831505e-01 4.70127765e-01 4.71836027e-01 4.72010114e-01 4.74751103e-01 4.78907195e-01 4.81943342e-01 4.82093848e-01 4.82376324e-01 4.87497571e-01 5.01767270e-01 5.19673433e-01 5.43411621e-01 5.63043263e-01 5.75803503e-01 5.76405529e-01 5.68880413e-01 5.53806748e-01 5.35401721e-01 5.10216682e-01 4.86136658e-01 4.61459963e-01 4.41155516e-01 4.22504818e-01 4.13311410e-01 4.09764271e-01 4.13413920e-01 4.19711034e-01 4.24808908e-01 4.22605798e-01 4.12449695e-01 3.91869385e-01 3.64945312e-01 3.35235282e-01 3.07656431e-01 2.81430691e-01 2.54912790e-01 2.26625801e-01 1.97990513e-01 1.66322429e-01 1.32856002e-01 9.99490970e-02 6.62400934e-02 3.29027941e-02 1.02632052e-03 -2.90600843e-02 -5.39464966e-02 -7.51318867e-02 -8.60315418e-02 -7.93291755e-02 -1.07851888e-01 -7.64988949e-02 -6.07001613e-02 -4.64910629e-02 -7.24734634e-03 2.66182442e-02 7.43924489e-02 1.40113860e-01 1.30603315e-01 1.36842834e-01 5.36151592e-01
1.80000000e+01 -3.53574769e-01 -5.71677525e-01 -3.14573745e-01 -2.09285824e-01 -1.27544482e-01 -8.95674134e-02 -5.97447281e-02 -2.87491922e-02 2.05807630e-02 5.70965698e-02 1.11117570e-01 1.38659301e-01 1.47435568e-01 1.37577475e-01 1.39378965e-01 1.28918186e-01 1.07485483e-01 1.03075383e-01 9.26280257e-02 7.87363441e-02 6.04057352e-02 4.35527682e-02 1.96394676e-02 2.42304904e-02 2.42448697e-02 5.27339373e-02 7.14856274e-02 1.01830648e-01 1.29698357e-01 1.60772402e-01 1.94554157e-01 2.28061808e-01 2.66014740e-01 3.20412764e-01 3.63419557e-01 3.97265619e-01 4.35857098e-01 4.60908271e-01 4.67158546e-01 4.68809367e-01 4.72428987e-01 4.74192939e-01 4.74316013e-01 4.77039006e-01 4.81226585e-01 4.84570301e-01 4.84869463e-01 4.84617078e-01 4.88819095e-01 5.02048271e-01 5.18877090e-01 5.42003536e-01 5.61428681e-01 5.74542348e-01 5.75567879e-01 5.68500195e-01 5.53703256e-01 5.35768276e-01 5.11041517e-01 4.87388611e-01 4.63031410e-01 4.42795877e-01 4.23911921e-01 4.14382938e-01 4.10036204e-01 4.12955722e-01 4.18251684e-01 4.22169441e-01 4.18614300e-01 4.07330450e-01 3.85871707e-01 3.58670657e-01 3.29281250e-01 3.02306267e-01 2.76986596e-01 2.51128353e-01 2.23510797e-01 1.95566463e-01 1.64659481e-01 1.31582752e-01 9.89145402e-02 6.58470180e-02 3.24421678e-02 4.90733177e-04 -2.95778475e-02 -5.44475715e-02 -7.48467988e-02 -8.51718563e-02 -7.90527545e-02 -1.05940867e-01 -7.47981558e-02 -5.83791972e-02 -4.37372204e-02 -3.93362113e-03 3.02350107e-02 8.03987063e-02 1.45700104e-01 1.34905626e-01 1.44657208e-01 5.43167092e-01
1.81000000e+01 -3.33119139e-01 -5.65636166e-01 -3.08070444e-01 -2.05176324e-01 -1.25185515e-01 -8.68936733e-02 -5.86099220e-02 -2.90850054e-02 2.06721535e-02 5.52290300e-02 1.09270665e-01 1.35969649e-01 1.44863441e-01 1.34839001e-01 1.37206782e-01 1.28105063e-01 1.08843780e-01 1.04577097e-01 9.58931712e-02 8.09545007e-02 6.41571399e-02 4.50571528e-02 2.18339387e-02 2.38077263e-02 2.42348829e-02 5.00705531e-02 6.90991396e-02 9.69234489e-02 1.25393500e-01 1.55173191e-01 1.89340550e-01 2.22413431e-01 2.60188327e-01 3.14097929e-01 3.58165595e-01 3.93147334e-01 4.33476789e-01 4.60484181e-01 4.68441215e-01 4.70771827e-01 4.74730584e-01 4.76526300e-01 4.76615497e-01 4.79296455e-01 4.83492882e-01 4.87145965e-01 4.87629237e-01 4.86885502e-01 4.90225151e-01 5.02393227e-01 5.18154405e-01 5.40591030e-01 5.59770297e-01 5.73199446e-01 5.74669457e-01 5.68072330e-01 5.53570749e-01 5.36111446e-01 5.11870308e-01 4.88635489e-01 4.64622323e-01 4.44445797e-01 4.25356453e-01 4.15478637e-01 4.10332293e-01 4.12499360e-01 4.16762057e-01 4.19466775e-01 4.14554617e-01 4.02151729e-01 3.79863709e-01 3.52429373e-01 3.23384625e-01 2.97013998e-01 2.72572125e-01 2.47340894e-01 2.20398859e-01 1.93136438e-01 1.62999983e-01 1.30314801e-01 9.78926061e-02 6.54639078e-02 3.19755321e-02 -3.12341082e-05 -3.00951506e-02 -5.49055407e-02 -7.45066329e-02 -8.43347874e-02 -7.87139474e-02 -1.03919675e-01 -7.31345191e-02 -5.59664954e-02 -4.08705974e-02 -6.49611858e-04 3.39522867e-02 8.64237922e-02 1.51221028e-01 1.39153672e-01 1.52398142e-01 5.49944068e-01
1.82000000e+01 -3.12379055e-01 -5.59505048e-01 -3.01624331e-01 -2.01108799e-01 -1.22900939e-01 -8.42222621e-02 -5.75542799e-02 -2.93197073e-02 2.07083432e-02 5.35442890e-02 1.07182995e-01 1.33184007e-01 1.42243365e-01 1.32083485e-01 1.34935929e-01 1.27252174e-01 1.10294322e-01 1.06078273e-01 9.91457190e-02 8.31125596e-02 6.79479906e-02 4.64664712e-02 2.42328307e-02 2.32604348e-02 2.44151830e-02 4.72406122e-02 6.68104729e-02 9.19851779e-02 1.21156439e-01 1.49673620e-01 1.84210087e-01 2.16944478e-01 2.54520507e-01 3.07853022e-01 3.52829024e-01 3.88956124e-01 4.30966107e-01 4.59928282e-01 4.69637591e-01 4.72713905e-01 4.77030341e-01 4.78836234e-01 4.78908824e-01 4.81526965e-01 4.85709609e-01 4.89668830e-01 4.90366575e-01 4.89177241e-01 4.91713491e-01 5.02799948e-01 5.17510318e-01 5.39177577e-01 5.58073317e-01 5.71776607e-01 5.73710591e-01 5.67596313e-01 5.53410870e-01 5.36431417e-01 5.12702682e-01 4.89876175e-01 4.66229915e-01 4.46101701e-01 4.26836860e-01 4.16594397e-01 4.10652818e-01 4.12043204e-01 4.15241502e-01 4.16699410e-01 4.10428399e-01 3.96916151e-01 3.73850869e-01 3.46226129e-01 3.17547305e-01 2.91781392e-01 2.68185442e-01 2.43550016e-01 2.17290083e-01 1.90700654e-01 1.61341273e-01 1.29051486e-01 9.68850522e-02 6.50879808e-02 3.15010306e-02 -5.35862907e-04 -3.06136611e-02 -5.53120895e-02 -7.41193170e-02 -8.35239164e-02 -7.82976008e-02 -1.01805476e-01 -7.15057327e-02 -5.34555461e-02 -3.78939686e-02 2.60289134e-03 3.77811082e-02 9.24543375e-02 1.56681064e-01 1.43344053e-01 1.60062116e-01 5.56486800e-01
1.83000000e+01 -2.91377109e-01 -5.53281779e-01 -2.95238103e-01 -1.97080495e-01 -1.20674970e-01 -8.15604261e-02 -5.65767287e-02 -2.94348065e-02 2.06653754e-02 5.20524999e-02 1.04851811e-01 1.30311465e-01 1.39574766e-01 1.29315075e-01 1.32580037e-01 1.26358864e-01 1.11827025e-01 1.07584455e-01 1.02367190e-01 8.52266951e-02 7.17494734e-02 4.78015655e-02 2.68125301e-02 2.26115895e-02 2.47651052e-02 4.42654976e-02 6.45979641e-02 8.70427421e-02 1.16964811e-01 1.44289372e-01 1.79151249e-01 2.11657069e-01 2.49008139e-01 3.01692184e-01 3.47416903e-01 3.84694457e-01 4.28327021e-01 4.59238680e-01 4.70740428e-01 4.74630454e-01 4.79325538e-01 4.81123196e-01 4.81195835e-01 4.83734042e-01 4.87880677e-01 4.92137620e-01 4.93075037e-01 4.91488254e-01 4.93281211e-01 5.03266366e-01 5.16949020e-01 5.37766855e-01 5.56342962e-01 5.70276126e-01 5.72691543e-01 5.67071661e-01 5.53225212e-01 5.36728426e-01 5.13538060e-01 4.91109839e-01 4.67851145e-01 4.47760313e-01 4.28351410e-01 4.17726166e-01 4.10997881e-01 4.11585536e-01 4.13689352e-01 4.13866033e-01 4.06237454e-01 3.91626704e-01 3.67838553e-01 3.40065491e-01 3.11770924e-01 2.86609926e-01 2.63824685e-01 2.39755746e-01 2.14184474e-01 1.88259386e-01 1.59680486e-01 1.27792168e-01 9.58935415e-02 6.47165949e-02 3.10170855e-02 -1.01967737e-03 -3.11346748e-02 -5.56594660e-02 -7.36930113e-02 -8.27415268e-02 -7.77893830e-02 -9.96166531e-02 -6.99069941e-02 -5.08413132e-02 -3.48109936e-02 5.82433535e-03 4.17300733e-02 9.84781216e-02 1.62084219e-01 1.47473377e-01 1.67646010e-01 5.62799637e-01
1.84000000e+01 -2.70137094e-01 -5.46963362e-01 -2.88914052e-01 -1.93088192e-01 -1.18491686e-01 -7.89164902e-02 -5.56740353e-02 -2.94146807e-02 2.05229291e-02 5.07577821e-02 1.02279346e-01 1.27360492e-01 1.36856608e-01 1.26537361e-01 1.30153781e-01 1.25424523e-01 1.13430630e-01 1.09100968e-01 1.05539666e-01 8.73136701e-02 7.55318539e-02 4.90861543e-02 2.95446139e-02 2.18893241e-02 2.52582133e-02 4.11722726e-02 6.24362294e-02 8.21251908e-02 1.12795517e-01 1.39035765e-01 1.74153771e-01 2.06551858e-01 2.43647846e-01 2.95628469e-01 3.41937641e-01 3.80364753e-01 4.25561907e-01 4.58413517e-01 4.71742811e-01 4.76516201e-01 4.81612927e-01 4.83387969e-01 4.83475993e-01 4.85921143e-01 4.90010319e-01 4.94551293e-01 4.95748406e-01 4.93814814e-01 4.94924713e-01 5.03790606e-01 5.16473884e-01 5.36362768e-01 5.54584427e-01 5.68700783e-01 5.71612527e-01 5.66497934e-01 5.53015285e-01 5.37002776e-01 5.14375659e-01 4.92335924e-01 4.69482734e-01 4.49418687e-01 4.29898141e-01 4.18870023e-01 4.11367356e-01 4.11124567e-01 4.12104893e-01 4.10965550e-01 4.01983754e-01 3.86286761e-01 3.61831963e-01 3.33951913e-01 3.06056866e-01 2.81500768e-01 2.59488007e-01 2.35958516e-01 2.11081945e-01 1.85812986e-01 1.58014545e-01 1.26536291e-01 9.49195674e-02 6.43472666e-02 3.05224278e-02 -1.47956072e-03 -3.16589779e-02 -5.59407036e-02 -7.32358962e-02 -8.19885263e-02 -7.71762142e-02 -9.73723015e-02 -6.83311150e-02 -4.81204068e-02 -3.16260148e-02 9.01737575e-03 4.58051231e-02 1.04484384e-01 1.67433820e-01 1.51538435e-01 1.75147052e-01 5.68886982e-01
1.85000000e+01 -2.48683937e-01 -5.40546185e-01 -2.82654163e-01 -1.89128066e-01 -1.16335339e-01 -7.62996294e-02 -5.48406562e-02 -2.92471732e-02 2.02650063e-02 4.96579068e-02 9.94729306e-02 1.24338734e-01 1.34087593e-01 1.23753390e-01 1.27672594e-01 1.24448777e-01 1.15092788e-01 1.10632699e-01 1.08646218e-01 8.93901605e-02 7.92653640e-02 5.03459127e-02 3.23967538e-02 2.11259704e-02 2.58632149e-02 3.79928472e-02 6.02970286e-02 7.72627396e-02 1.08625595e-01 1.33927245e-01 1.69208907e-01 2.01627885e-01 2.38436211e-01 2.89673705e-01 3.36400885e-01 3.75969487e-01 4.22673532e-01 4.57450959e-01 4.72638166e-01 4.78365791e-01 4.83888734e-01 4.85631645e-01 4.85748424e-01 4.88091633e-01 4.92103019e-01 4.96909056e-01 4.98380767e-01 4.96153504e-01 4.96639690e-01 5.04371041e-01 5.16087397e-01 5.34969465e-01 5.52802843e-01 5.67053833e-01 5.70473740e-01 5.65874758e-01 5.52782472e-01 5.37254853e-01 5.15214495e-01 4.93554120e-01 4.71121186e-01 4.51074229e-01 4.31474816e-01 4.20022243e-01 4.11760848e-01 4.10658458e-01 4.10487332e-01 4.07997125e-01 3.97669451e-01 3.80900085e-01 3.55836091e-01 3.27889724e-01 3.00406289e-01 2.76454756e-01 2.55173614e-01 2.32159149e-01 2.07982308e-01 1.83361901e-01 1.56340182e-01 1.25283419e-01 9.39643851e-02 6.39776703e-02 3.00161413e-02 -1.91286848e-03 -3.21867275e-02 -5.61498052e-02 -7.27559848e-02 -8.12643793e-02 -7.64466739e-02 -9.50916933e-02 -6.67687612e-02 -4.52911962e-02 -2.83438452e-02 1.21867816e-02 5.00094058e-02 1.10464075e-01 1.72732292e-01 1.55536357e-01 1.82562766e-01 5.74753281e-01
1.86000000e+01 -2.27043623e-01 -5.34026026e-01 -2.76460194e-01 -1.85195554e-01 -1.14190683e-01 -7.37196030e-02 -5.40686623e-02 -2.89240779e-02 1.98804627e-02 4.87441774e-02 9.64449580e-02 1.21252873e-01 1.31266360e-01 1.20965687e-01 1.25152368e-01 1.23431667e-01 1.16800151e-01 1.12183876e-01 1.11671303e-01 9.14720920e-02 8.29210978e-02 5.16074914e-02 3.53337415e-02 2.03569582e-02 2.65450305e-02 3.47629816e-02 5.81502675e-02 7.24857076e-02 1.04433127e-01 1.28976893e-01 1.64309637e-01 1.96882492e-01 2.33369946e-01 2.83838377e-01 3.30817363e-01 3.71511311e-01 4.19665046e-01 4.56349201e-01 4.73420259e-01 4.80173826e-01 4.86148669e-01 4.87855587e-01 4.88011968e-01 4.90248738e-01 4.94163437e-01 4.99210375e-01 5.00966576e-01 4.98501192e-01 4.98421126e-01 5.05006325e-01 5.15791125e-01 5.33591340e-01 5.51003267e-01 5.65338985e-01 5.69275402e-01 5.65201832e-01 5.52528002e-01 5.37485136e-01 5.16053390e-01 4.94764338e-01 4.72762824e-01 4.52724709e-01 4.33078882e-01 4.21179360e-01 4.12177643e-01 4.10185335e-01 4.08835774e-01 4.04960214e-01 3.93296901e-01 3.75470816e-01 3.49855681e-01 3.21883107e-01 2.94820145e-01 2.71472395e-01 2.50879803e-01 2.28358801e-01 2.04885302e-01 1.80906675e-01 1.54653973e-01 1.24033264e-01 9.30289559e-02 6.36056177e-02 2.94977203e-02 -2.31753779e-03 -3.27173573e-02 -5.62818864e-02 -7.22609620e-02 -8.05670549e-02 -7.55913758e-02 -9.27937335e-02 -6.52087633e-02 -4.23538586e-02 -2.49695555e-02 1.53392779e-02 5.43432286e-02 1.16410033e-01 1.77980979e-01 1.59464762e-01 1.89890916e-01 5.80403014e-01
1.87000000e+01 -2.05243106e-01 -5.27398063e-01 -2.70333761e-01 -1.81285225e-01 -1.12043281e-01 -7.11864581e-02 -5.33477450e-02 -2.84414944e-02 1.93633612e-02 4.80015129e-02 9.32126970e-02 1.18108531e-01 1.28391677e-01 1.18176282e-01 1.22609142e-01 1.22373843e-01 1.18538468e-01 1.13757890e-01 1.14601108e-01 9.35740168e-02 8.64718812e-02 5.28975094e-02 3.83185970e-02 1.96196245e-02 2.72659689e-02 3.15211596e-02 5.59651003e-02 6.78234226e-02 1.00198131e-01 1.24195962e-01 1.59450803e-01 1.92311304e-01 2.28446031e-01 2.78131558e-01 3.25198722e-01 3.66993154e-01 4.16539952e-01 4.55106492e-01 4.74083189e-01 4.81934889e-01 4.88387962e-01 4.90061379e-01 4.90265245e-01 4.92395505e-01 4.96196327e-01 5.01454999e-01 5.03500730e-01 5.00854991e-01 5.00263329e-01 5.05695406e-01 5.15585696e-01 5.32233025e-01 5.49190668e-01 5.63560365e-01 5.68017806e-01 5.64478935e-01 5.52252906e-01 5.37694205e-01 5.16890985e-01 4.95966675e-01 4.74403828e-01 4.54368268e-01 4.34707447e-01 4.22338213e-01 4.12616685e-01 4.09703298e-01 4.07149193e-01 4.01854602e-01 3.88868676e-01 3.70003450e-01 3.43895205e-01 3.15936075e-01 2.89299207e-01 2.66553847e-01 2.46604998e-01 2.24558903e-01 2.01790612e-01 1.78447942e-01 1.52952412e-01 1.22785690e-01 9.21139097e-02 6.32290197e-02 2.89671372e-02 -2.69218722e-03 -3.32495107e-02 -5.63332765e-02 -7.17580509e-02 -7.98929952e-02 -7.46033003e-02 -9.04964173e-02 -6.36384877e-02 -3.93103620e-02 -2.15082673e-02 1.84833312e-02 5.88040974e-02 1.22317092e-01 1.83180010e-01 1.63321878e-01 1.97129459e-01 5.85840679e-01
1.88000000e+01 -1.83310211e-01 -5.20656902e-01 -2.64276417e-01 -1.77390684e-01 -1.09879814e-01 -6.87102086e-02 -5.26653108e-02 -2.78000378e-02 1.87131359e-02 4.74087393e-02 8.97979430e-02 1.14910250e-01 1.25462623e-01 1.15386738e-01 1.20058795e-01 1.21276732e-01 1.20292697e-01 1.15357132e-01 1.17423838e-01 9.57085560e-02 8.98930780e-02 5.42415600e-02 4.13137246e-02 1.89519748e-02 2.79869628e-02 2.83073663e-02 5.37110852e-02 6.33031496e-02 9.59034102e-02 1.19593428e-01 1.54629211e-01 1.87908269e-01 2.23661811e-01 2.72560855e-01 3.19557342e-01 3.62418336e-01 4.13302073e-01 4.53721179e-01 4.74621375e-01 4.83643568e-01 4.90601413e-01 4.92250750e-01 4.92506723e-01 4.94534749e-01 4.98206458e-01 5.03642973e-01 5.05978626e-01 5.03212208e-01 5.02159980e-01 5.06437518e-01 5.15470806e-01 5.30899373e-01 5.47369932e-01 5.61722480e-01 5.66701360e-01 5.63705927e-01 5.51958006e-01 5.37882739e-01 5.17725758e-01 4.97161375e-01 4.76040280e-01 4.56003397e-01 4.36357260e-01 4.23495974e-01 4.13076545e-01 4.09210434e-01 4.05426422e-01 3.98680445e-01 3.84387577e-01 3.64502812e-01 3.37958843e-01 3.10052442e-01 2.83844094e-01 2.61698930e-01 2.42347786e-01 2.20761081e-01 1.98697921e-01 1.75986386e-01 1.51232005e-01 1.21540688e-01 9.12195263e-02 6.28458369e-02 2.84249104e-02 -3.03619799e-03 -3.37810018e-02 -5.63015810e-02 -7.12539015e-02 -7.92371130e-02 -7.34780733e-02 -8.82163058e-02 -6.20442581e-02 -3.61643838e-02 -1.79649605e-02 2.16288864e-02 6.33868399e-02 1.28182107e-01 1.88328221e-01 1.67106643e-01 2.04276499e-01 5.91070786e-01
1.89000000e+01 -1.61273532e-01 -5.13796610e-01 -2.58289710e-01 -1.73504488e-01 -1.07688351e-01 -6.63004943e-02 -5.20066645e-02 -2.70048943e-02 1.79345595e-02 4.69390837e-02 8.62265198e-02 1.11661523e-01 1.22478746e-01 1.12598187e-01 1.17516738e-01 1.20142691e-01 1.22047116e-01 1.16982875e-01 1.20129938e-01 9.78859302e-02 9.31632960e-02 5.56632673e-02 4.42820715e-02 1.83914429e-02 2.86688203e-02 2.51618154e-02 5.13593479e-02 5.89490948e-02 9.15353181e-02 1.15175576e-01 1.49843689e-01 1.83665750e-01 2.19015051e-01 2.67132414e-01 3.13906145e-01 3.57790654e-01 4.09955520e-01 4.52191772e-01 4.75029535e-01 4.85294467e-01 4.92783464e-01 4.94425492e-01 4.94734801e-01 4.96669005e-01 5.00198534e-01 5.05774654e-01 5.08396230e-01 5.05570279e-01 5.04104208e-01 5.07232147e-01 5.15445242e-01 5.29595420e-01 5.45545860e-01 5.59830176e-01 5.65326643e-01 5.62882739e-01 5.51643884e-01 5.38051513e-01 5.18556040e-01 4.98348793e-01 4.77668211e-01 4.57628924e-01 4.38024712e-01 4.24650163e-01 4.13555417e-01 4.08704821e-01 4.03666140e-01 3.95438297e-01 3.79856644e-01 3.58974019e-01 3.32050479e-01 3.04235788e-01 2.78455306e-01 2.56907121e-01 2.38106943e-01 2.16967075e-01 1.95606952e-01 1.73522698e-01 1.49489384e-01 1.20298352e-01 9.03457330e-02 6.24540260e-02 2.78721597e-02 -3.34976661e-03 -3.43088040e-02 -5.61857100e-02 -7.07544990e-02 -7.85928228e-02 -7.22141826e-02 -8.59680329e-02 -6.04118131e-02 -3.29211690e-02 -1.43443001e-02 2.47870628e-02 6.80838080e-02 1.34003905e-01 1.93423133e-01 1.70818768e-01 2.11330249e-01 5.96097841e-01
1.90000000e+01 -1.39162313e-01 -5.06810769e-01 -2.52375232e-01 -1.69618102e-01 -1.05458604e-01 -6.39662318e-02 -5.13552788e-02 -2.60657172e-02 1.70375143e-02 4.65608597e-02 8.25276436e-02 1.08364903e-01 1.19440201e-01 1.09811366e-01 1.14997637e-01 1.18975132e-01 1.23785457e-01 1.18635184e-01 1.22712236e-01 1.00113600e-01 9.62649639e-02 5.71834326e-02 4.71882455e-02 1.79736875e-02 2.92734531e-02 2.21236666e-02 4.88837104e-02 5.47815231e-02 8.70844097e-02 1.10945627e-01 1.45095114e-01 1.79574665e-01 2.14503942e-01 2.61850953e-01 3.08258398e-01 3.53114461e-01 4.06504649e-01 4.50517011e-01 4.75302672e-01 4.86882207e-01 4.94928275e-01 4.96587356e-01 4.96947899e-01 4.98800480e-01 5.02177115e-01 5.07850723e-01 5.10750135e-01 5.07926699e-01 5.06088689e-01 5.08078989e-01 5.15506925e-01 5.28326351e-01 5.43723177e-01 5.57888594e-01 5.63894448e-01 5.62009372e-01 5.51310884e-01 5.38201383e-01 5.19380047e-01 4.99529356e-01 4.79283651e-01 4.59243973e-01 4.39705853e-01 4.25798650e-01 4.14051110e-01 4.08184524e-01 4.01866874e-01 3.92129149e-01 3.75279139e-01 3.53422447e-01 3.26173700e-01 2.98489431e-01 2.73133250e-01 2.52177564e-01 2.33881463e-01 2.13178659e-01 1.92517517e-01 1.71057505e-01 1.47721431e-01 1.19058823e-01 8.94921146e-02 6.20514927e-02 2.73106368e-02 -3.63392154e-03 -3.48290646e-02 -5.59858772e-02 -7.02650868e-02 -7.79521118e-02 -7.08131200e-02 -8.37638623e-02 -5.87267837e-02 -2.95873358e-02 -1.06504906e-02 2.79698213e-02 7.28851504e-02 1.39783167e-01 1.98460980e-01 1.74458781e-01 2.18289006e-01 6.00926334e-01
1.91000000e+01 -1.17006337e-01 -4.99692536e-01 -2.46534642e-01 -1.65721890e-01 -1.03182129e-01 -6.17152611e-02 -5.06931468e-02 -2.49963663e-02 1.60365741e-02 4.62383275e-02 7.87331668e-02 1.05022148e-01 1.16347868e-01 1.07026658e-01 1.12515145e-01 1.17778614e-01 1.25491045e-01 1.20312868e-01 1.25166006e-01 1.02396029e-01 9.91847537e-02 5.88193043e-02 4.99995486e-02 1.77314655e-02 2.97650471e-02 1.92297828e-02 4.62617411e-02 5.08160244e-02 8.25459670e-02 1.06903416e-01 1.40386398e-01 1.75624659e-01 2.10127060e-01 2.56719830e-01 3.02627520e-01 3.48394733e-01 4.02954017e-01 4.48695945e-01 4.75436060e-01 4.88401408e-01 4.97029828e-01 4.98737950e-01 4.99144554e-01 5.00931010e-01 5.04146537e-01 5.09872193e-01 5.13037619e-01 5.10278945e-01 5.08105756e-01 5.08977889e-01 5.15652971e-01 5.27097445e-01 5.41906532e-01 5.55903133e-01 5.62405823e-01 5.61085883e-01 5.50959103e-01 5.38333261e-01 5.20195901e-01 5.00703519e-01 4.80882679e-01 4.60847927e-01 4.41396419e-01 4.26939631e-01 4.14561069e-01 4.07647599e-01 4.00027000e-01 3.88754439e-01 3.70658537e-01 3.47853692e-01 3.20331805e-01 2.92816383e-01 2.67878286e-01 2.47509076e-01 2.29670572e-01 2.09397566e-01 1.89429564e-01 1.68591309e-01 1.45925391e-01 1.17822251e-01 8.86579262e-02 6.16360617e-02 2.67427238e-02 -3.89050088e-03 -3.53371445e-02 -5.57035743e-02 -6.97900990e-02 -7.73056518e-02 -6.92794425e-02 -8.16133063e-02 -5.69751753e-02 -2.61706366e-02 -6.88715945e-03 3.11896115e-02 7.77791462e-02 1.45522234e-01 2.03436799e-01 1.78028023e-01 2.25151129e-01 6.05560731e-01
1.92000000e+01 -9.48357988e-02 -4.92434714e-01 -2.40769680e-01 -1.61805139e-01 -1.00852492e-01 -5.95540008e-02 -5.00012070e-02 -2.38144971e-02 1.49504112e-02 4.59327047e-02 7.48767231e-02 1.01634431e-01 1.13203442e-01 1.04244132e-01 1.10081672e-01 1.16558882e-01 1.27146954e-01 1.22013470e-01 1.27488943e-01 1.04734576e-01 1.01913838e-01 6.05839979e-02 5.26868846e-02 1.76936145e-02 3.01111456e-02 1.65135733e-02 4.34756847e-02 4.70629552e-02 7.79203678e-02 1.03045168e-01 1.35722416e-01 1.71804318e-01 2.05883288e-01 2.51741149e-01 2.97026890e-01 3.43637104e-01 3.99308347e-01 4.46728008e-01 4.75425228e-01 4.89846675e-01 4.99082016e-01 5.00878625e-01 5.01323512e-01 5.03062022e-01 5.06110837e-01 5.11840409e-01 5.15256695e-01 5.12624402e-01 5.10147524e-01 5.09928775e-01 5.15879762e-01 5.25914021e-01 5.40100499e-01 5.53879410e-01 5.60862102e-01 5.60112389e-01 5.50588404e-01 5.38448091e-01 5.21001663e-01 5.01871736e-01 4.82461473e-01 4.62440380e-01 4.43091879e-01 4.28071594e-01 4.15082392e-01 4.07092082e-01 3.98144763e-01 3.85316069e-01 3.65998501e-01 3.42273544e-01 3.14527818e-01 2.87219314e-01 2.62690754e-01 2.42900162e-01 2.25473752e-01 2.05625430e-01 1.86343212e-01 1.66124415e-01 1.44098980e-01 1.16588750e-01 8.78421073e-02 6.12054702e-02 2.61713951e-02 -4.12209265e-03 -3.58276815e-02 -5.53415237e-02 -6.93331018e-02 -7.66429552e-02 -6.76207435e-02 -7.95228243e-02 -5.51438330e-02 -2.26796864e-02 -3.05727536e-03 3.44590113e-02 8.27525878e-02 1.51224859e-01 2.08344560e-01 1.81528629e-01 2.31915031e-01 6.10005460e-01
1.93000000e+01 -7.26811702e-02 -4.85029844e-01 -2.35082146e-01 -1.57856135e-01 -9.84653724e-02 -5.74871209e-02 -4.92598318e-02 -2.25410124e-02 1.38010471e-02 4.56032995e-02 7.09928014e-02 9.82025741e-02 1.10009493e-01 1.01463588e-01 1.07708187e-01 1.15322873e-01 1.28736184e-01 1.23733301e-01 1.29681069e-01 1.07127518e-01 1.04447980e-01 6.24860858e-02 5.52255101e-02 1.78841699e-02 3.02836183e-02 1.40039651e-02 4.05132311e-02 4.35270830e-02 7.32132754e-02 9.93633753e-02 1.31109881e-01 1.68101413e-01 2.01771700e-01 2.46915876e-01 2.91469663e-01 3.38847898e-01 3.95572488e-01 4.44613086e-01 4.75265960e-01 4.91212559e-01 5.01078762e-01 5.03010366e-01 5.03483828e-01 5.05194501e-01 5.08073688e-01 5.13757049e-01 5.17406159e-01 5.14960290e-01 5.12206016e-01 5.10931577e-01 5.16183028e-01 5.24781377e-01 5.38309576e-01 5.51823230e-01 5.59264927e-01 5.59089066e-01 5.50198433e-01 5.38546808e-01 5.21795367e-01 5.03034411e-01 4.84016351e-01 4.64021093e-01 4.44787494e-01 4.29193275e-01 4.15611864e-01 4.06515982e-01 3.96218307e-01 3.81816395e-01 3.61302856e-01 3.36687953e-01 3.08764511e-01 2.81700514e-01 2.57571017e-01 2.38349032e-01 2.21290753e-01 2.01863732e-01 1.83258775e-01 1.63656877e-01 1.42240462e-01 1.15358357e-01 8.70432917e-02 6.07573899e-02 2.56001457e-02 -4.33194226e-03 -3.62946771e-02 -5.49036094e-02 -6.88967390e-02 -7.59525720e-02 -6.58475322e-02 -7.74956096e-02 -5.32208755e-02 -1.91236669e-02 8.36900188e-04 3.77903677e-02 8.77911993e-02 1.56895909e-01 2.13177350e-01 1.84963464e-01 2.38579179e-01 6.14264905e-01
1.94000000e+01 -5.05730600e-02 -4.77470298e-01 -2.29473876e-01 -1.53862276e-01 -9.60186076e-02 -5.55172449e-02 -4.84493635e-02 -2.11993939e-02 1.26129748e-02 4.52087315e-02 6.71157743e-02 9.47273226e-02 1.06769509e-01 9.86845982e-02 1.05404060e-01 1.14078663e-01 1.30241841e-01 1.25467501e-01 1.31744553e-01 1.09570196e-01 1.06787458e-01 6.45293628e-02 5.75956054e-02 1.83216386e-02 3.02594973e-02 1.17245416e-02 3.73680877e-02 4.02074546e-02 6.84356192e-02 9.58468345e-02 1.26557133e-01 1.64503163e-01 1.97791436e-01 2.42243969e-01 2.85968598e-01 3.34034130e-01 3.91751394e-01 4.42351586e-01 4.74954289e-01 4.92493524e-01 5.03014115e-01 5.05133683e-01 5.05624936e-01 5.07328975e-01 5.10038326e-01 5.15624113e-01 5.19485617e-01 5.17283608e-01 5.14273295e-01 5.11986162e-01 5.16557943e-01 5.23704719e-01 5.36538177e-01 5.49740553e-01 5.57616268e-01 5.58016152e-01 5.49788633e-01 5.38630303e-01 5.22575051e-01 5.04191869e-01 4.85543824e-01 4.65589939e-01 4.46478376e-01 4.30303591e-01 4.16145993e-01 4.05917266e-01 3.94245714e-01 3.78258204e-01 3.56575574e-01 3.31103000e-01 3.03044431e-01 2.76261860e-01 2.52519485e-01 2.33853621e-01 2.17121617e-01 1.98113767e-01 1.80176785e-01 1.61188448e-01 1.40348699e-01 1.14131008e-01 8.62598154e-02 6.02894731e-02 2.50328894e-02 -4.52383312e-03 -3.67316053e-02 -5.43947869e-02 -6.84826847e-02 -7.52223287e-02 -6.39730194e-02 -7.55314766e-02 -5.11960802e-02 -1.55120199e-02 4.79382654e-03 4.11954515e-02 9.28800784e-02 1.62541028e-01 2.17927586e-01 1.88336046e-01 2.45142108e-01 6.18343398e-01
1.95000000e+01 -2.85420657e-02 -4.69748397e-01 -2.23946689e-01 -1.49810229e-01 -9.35121759e-02 -5.36446934e-02 -4.75506808e-02 -1.98149387e-02 1.14121817e-02 4.47082012e-02 6.32789147e-02 9.12096260e-02 1.03487900e-01 9.59065595e-02 1.03176941e-01 1.12835367e-01 1.31647354e-01 1.27210134e-01 1.33683470e-01 1.12055267e-01 1.08936843e-01 6.67127901e-02 5.97826522e-02 1.90184420e-02 3.00216629e-02 9.69287474e-03 3.40403260e-02 3.70974999e-02 6.36033454e-02 9.24808354e-02 1.22073876e-01 1.60996522e-01 1.93941570e-01 2.37724508e-01 2.80535911e-01 3.29203490e-01 3.87850103e-01 4.39944491e-01 4.74486498e-01 4.93683903e-01 5.04882363e-01 5.07248521e-01 5.07746721e-01 5.09465512e-01 5.12007497e-01 5.17443906e-01 5.21495505e-01 5.19591088e-01 5.16341590e-01 5.13092244e-01 5.16999228e-01 5.22689099e-01 5.34790628e-01 5.47637465e-01 5.55918420e-01 5.56893964e-01 5.49358277e-01 5.38699384e-01 5.23338794e-01 5.05344309e-01 4.87040634e-01 4.67146861e-01 4.48159568e-01 4.31401577e-01 4.16681051e-01 4.05293843e-01 3.92225059e-01 3.74644681e-01 3.51820755e-01 3.25524865e-01 2.97369935e-01 2.70904788e-01 2.47536639e-01 2.29411607e-01 2.12966693e-01 1.94376616e-01 1.77097993e-01 1.58718550e-01 1.38423175e-01 1.12906512e-01 8.54897266e-02 5.97994188e-02 2.44738350e-02 -4.70194584e-03 -3.71315436e-02 -5.38209705e-02 -6.80916049e-02 -7.44396031e-02 -6.20128134e-02 -7.36268519e-02 -4.90612056e-02 -1.18541379e-02 8.81266449e-03 4.46851324e-02 9.80041472e-02 1.68166267e-01 2.22587265e-01 1.91650433e-01 2.51602431e-01 6.22245209e-01
1.96000000e+01 -6.61862182e-03 -4.61856525e-01 -2.18502328e-01 -1.45686126e-01 -9.09481107e-02 -5.18672804e-02 -4.65457754e-02 -1.84139248e-02 1.02251098e-02 4.40627682e-02 5.95134310e-02 8.76509293e-02 1.00169992e-01 9.31287431e-02 1.01032685e-01 1.11602979e-01 1.32936697e-01 1.28954308e-01 1.35503498e-01 1.14573043e-01 1.10904650e-01 6.90306090e-02 6.17776156e-02 1.99805423e-02 2.95593636e-02 7.92007001e-03 3.05364888e-02 3.41853693e-02 5.87369252e-02 8.92475346e-02 1.17670852e-01 1.57568472e-01 1.90220991e-01 2.33355811e-01 2.75183135e-01 3.24364309e-01 3.83873733e-01 4.37393410e-01 4.73859124e-01 4.94777859e-01 5.06678130e-01 5.09354176e-01 5.09849554e-01 5.11603729e-01 5.13983407e-01 5.19219025e-01 5.23437087e-01 5.21879165e-01 5.18403412e-01 5.14249319e-01 5.17501252e-01 5.21739343e-01 5.33071163e-01 5.45520140e-01 5.54174014e-01 5.55722908e-01 5.48906494e-01 5.38754730e-01 5.24084753e-01 5.06491767e-01 4.88503804e-01 4.68691822e-01 4.49826108e-01 4.32486314e-01 4.17213116e-01 4.04643547e-01 3.90154478e-01 3.70979355e-01 3.47042627e-01 3.19959783e-01 2.91743228e-01 2.65630273e-01 2.42623033e-01 2.25020443e-01 2.08826658e-01 1.90653134e-01 1.74023377e-01 1.56246250e-01 1.36463983e-01 1.11684540e-01 8.47307992e-02 5.92850467e-02 2.39273487e-02 -4.87070026e-03 -3.74873242e-02 -5.31888965e-02 -6.77231319e-02 -7.35916306e-02 -5.99845337e-02 -7.17748728e-02 -4.68102420e-02 -8.15906296e-03 1.28932256e-02 4.82690876e-02 1.03148597e-01 1.73777708e-01 2.27148231e-01 1.94911107e-01 2.57958870e-01 6.25974538e-01
1.97000000e+01 1.51671523e-02 -4.53787264e-01 -2.13142381e-01 -1.41475800e-01 -8.83303508e-02 -5.01801728e-02 -4.54183172e-02 -1.70227390e-02 9.07759100e-03 4.32365930e-02 5.58475544e-02 8.40534543e-02 9.68219873e-02 9.03503550e-02 9.89753170e-02 1.10392169e-01 1.34094634e-01 1.30692305e-01 1.37211585e-01 1.17111898e-01 1.12702881e-01 7.14726130e-02 6.35769332e-02 2.12072599e-02 2.88685546e-02 6.41053401e-03 2.68694543e-02 3.14544771e-02 5.38606397e-02 8.61265045e-02 1.13359462e-01 1.54206314e-01 1.86628295e-01 2.29135544e-01 2.69921008e-01 3.19525496e-01 3.79827489e-01 4.34700628e-01 4.73068964e-01 4.95769351e-01 5.08396463e-01 5.11449235e-01 5.11934305e-01 5.13742825e-01 5.15967685e-01 5.20952333e-01 5.25312430e-01 5.24143978e-01 5.20451660e-01 5.15456584e-01 5.18058145e-01 5.20859981e-01 5.31383918e-01 5.43394811e-01 5.52386008e-01 5.54503504e-01 5.48432294e-01 5.38796859e-01 5.24811193e-01 5.07634065e-01 4.89930678e-01 4.70224766e-01 4.51473109e-01 4.33556854e-01 4.17738113e-01 4.03964118e-01 3.88032242e-01 3.67266034e-01 3.42245543e-01 3.14413998e-01 2.86166408e-01 2.60438821e-01 2.37779283e-01 2.20677389e-01 2.04702526e-01 1.86943942e-01 1.70954127e-01 1.53770271e-01 1.34471790e-01 1.10464610e-01 8.39805559e-02 5.87443729e-02 2.33978094e-02 -5.03458336e-03 -3.77917049e-02 -5.25059621e-02 -6.73758565e-02 -7.26658332e-02 -5.79073512e-02 -6.99655906e-02 -4.44395814e-02 -4.43520225e-03 1.70358924e-02 5.19555495e-02 1.08299315e-01 1.79381087e-01 2.31602460e-01 1.98122833e-01 2.64210287e-01 6.29535507e-01
1.98000000e+01 3.67856033e-02 -4.45533530e-01 -2.07868196e-01 -1.37165048e-01 -8.56645276e-02 -4.85758205e-02 -4.41541868e-02 -1.56669959e-02 7.99379534e-03 4.21981041e-02 5.23057090e-02 8.04204598e-02 9.34509034e-02 8.75706019e-02 9.70070417e-02 1.09214029e-01 1.35106979e-01 1.32415724e-01 1.38815570e-01 1.19658711e-01 1.14346486e-01 7.40245620e-02 6.51823222e-02 2.26912899e-02 2.79520389e-02 5.16196539e-03 2.30580804e-02 2.88842042e-02 4.90016839e-02 8.30954353e-02 1.09151362e-01 1.50897955e-01 1.83161699e-01 2.25060807e-01 2.64759383e-01 3.14696462e-01 3.75716681e-01 4.31869145e-01 4.72113084e-01 4.96652106e-01 5.10032914e-01 5.13531546e-01 5.14002323e-01 5.15881624e-01 5.17961353e-01 5.22646936e-01 5.27124362e-01 5.26381379e-01 5.22479717e-01 5.16712872e-01 5.18663906e-01 5.20055180e-01 5.29732928e-01 5.41267732e-01 5.50557678e-01 5.53236404e-01 5.47934601e-01 5.38826091e-01 5.25516525e-01 5.08770773e-01 4.91318966e-01 4.71745566e-01 4.53095827e-01 4.34612160e-01 4.18251849e-01 4.03253188e-01 3.85856836e-01 3.63508740e-01 3.37433996e-01 3.08893705e-01 2.80641519e-01 2.55330463e-01 2.33006049e-01 2.16379557e-01 2.00595658e-01 1.83249433e-01 1.67891625e-01 1.51289003e-01 1.32447777e-01 1.09246081e-01 8.32363010e-02 5.81756780e-02 2.28894642e-02 -5.19796641e-03 -3.80375597e-02 -5.17800419e-02 -6.70473396e-02 -7.16501627e-02 -5.58014702e-02 -6.81862721e-02 -4.19481033e-02 -6.90069287e-04 2.12415132e-02 5.57511022e-02 1.13443274e-01 1.84981423e-01 2.35942336e-01 2.01290517e-01 2.70355713e-01 6.32932152e-01
1.99000000e+01 5.82076931e-02 -4.37088712e-01 -2.02680782e-01 -1.32739915e-01 -8.29576934e-02 -4.70439635e-02 -4.27419527e-02 -1.43706821e-02 6.99523334e-03 4.09210488e-02 4.89077971e-02 7.67564642e-02 9.00644936e-02 8.47887675e-02 9.51282880e-02 1.08079774e-01 1.35960865e-01 1.34115628e-01 1.40323813e-01 1.22199334e-01 1.15852770e-01 7.66687178e-02 6.66004211e-02 2.44189153e-02 2.68194016e-02 4.16556166e-03 1.91266615e-02 2.64506949e-02 4.41891633e-02 8.01309486e-02 1.05058025e-01 1.47632168e-01 1.79818984e-01 2.21128215e-01 2.59707157e-01 3.09887016e-01 3.71546747e-01 4.28902709e-01 4.70988836e-01 4.97419598e-01 5.11583587e-01 5.15598207e-01 5.16055385e-01 5.18018629e-01 5.19964813e-01 5.24306153e-01 5.28876406e-01 5.28586973e-01 5.24481523e-01 5.18016585e-01 5.19312512e-01 5.19328674e-01 5.28122126e-01 5.39145147e-01 5.48692605e-01 5.51922422e-01 5.47412276e-01 5.38842524e-01 5.26199333e-01 5.09901162e-01 4.92666787e-01 4.73253990e-01 4.54689721e-01 4.35651049e-01 4.18750049e-01 4.02508273e-01 3.83627036e-01 3.59711634e-01 3.32612626e-01 3.03404987e-01 2.75170593e-01 2.50304763e-01 2.28303989e-01 2.12123967e-01 1.96507750e-01 1.79569787e-01 1.64837407e-01 1.48800551e-01 1.30393579e-01 1.08028140e-01 8.24951641e-02 5.75775665e-02 2.24062878e-02 -5.36491595e-03 -3.82180835e-02 -5.10192844e-02 -6.67341440e-02 -7.05334462e-02 -5.36875647e-02 -6.64217907e-02 -3.93371757e-02 3.06994109e-03 2.55112753e-02 5.96605291e-02 1.18568882e-01 1.90582687e-01 2.40160923e-01 2.04419062e-01 2.76394390e-01 6.36168418e-01
2.00000000e+01 7.94051464e-02 -4.28446816e-01 -1.97580706e-01 -1.28187004e-01 -8.02179964e-02 -4.55717189e-02 -4.11732767e-02 -1.31553573e-02 6.09984881e-03 3.93853936e-02 4.56686241e-02 7.30674166e-02 8.66711446e-02 8.20042981e-02 9.33377965e-02 1.07000418e-01 1.36645026e-01 1.35782689e-01 1.41744803e-01 1.24719062e-01 1.17240765e-01 7.93844759e-02 6.78422870e-02 2.63704099e-02 2.54867322e-02 3.40642718e-03 1.51042436e-02 2.41276865e-02 3.94530591e-02 7.72094635e-02 1.01090297e-01 1.44398832e-01 1.76597453e-01 2.17333951e-01 2.54772216e-01 3.05107255e-01 3.67323288e-01 4.25805833e-01 4.69693883e-01 4.98065047e-01 5.13045176e-01 5.17645593e-01 5.18095622e-01 5.20152099e-01 5.21977846e-01 5.25933493e-01 5.30572695e-01 5.30756168e-01 5.26451642e-01 5.19365639e-01 5.19998025e-01 5.18683700e-01 5.26555340e-01 5.37033246e-01 5.46794656e-01 5.50562557e-01 5.46864140e-01 5.38846010e-01 5.26858398e-01 5.11024172e-01 4.93972703e-01 4.74749651e-01 4.56250511e-01 4.36672143e-01 4.19228387e-01 4.01726771e-01 3.81341978e-01 3.55878954e-01 3.27786234e-01 2.97953749e-01 2.69755706e-01 2.45360825e-01 2.23673718e-01 2.07907618e-01 1.92440803e-01 1.75904991e-01 1.61793122e-01 1.46302787e-01 1.28311213e-01 1.06809780e-01 8.17541516e-02 5.69490164e-02 2.19518524e-02 -5.53900594e-03 -3.83270083e-02 -5.02318936e-02 -6.64318868e-02 -6.93057220e-02 -5.15861883e-02 -6.46550946e-02 -3.66105712e-02 6.83973648e-03 2.98465625e-02 6.36867180e-02 1.23666266e-01 1.96187504e-01 2.44252217e-01 2.07513224e-01 2.82325804e-01 6.39248152e-01
2.01000000e+01 1.00350597e-01 -4.19602597e-01 -1.92567992e-01 -1.23493784e-01 -7.74543101e-02 -4.41437498e-02 -3.94432302e-02 -1.20394402e-02 5.32123833e-03 3.75780403e-02 4.25974878e-02 6.93608044e-02 8.32797581e-02 7.92168974e-02 9.16327397e-02 1.05986423e-01 1.37150062e-01 1.37407324e-01 1.43086790e-01 1.27203094e-01 1.18530574e-01 8.21490703e-02 6.89227751e-02 2.85206130e-02 2.39761444e-02 2.86416204e-03 1.10238344e-02 2.18873324e-02 3.48232265e-02 7.43080579e-02 9.72579664e-02 1.41189146e-01 1.73493923e-01 2.13673817e-01 2.49961397e-01 3.00367431e-01 3.63052100e-01 4.22583803e-01 4.68226233e-01 4.98581416e-01 5.14414964e-01 5.19669414e-01 5.20125411e-01 5.22280117e-01 5.23999620e-01 5.27532623e-01 5.32217871e-01 5.32884249e-01 5.28385307e-01 5.20757411e-01 5.20714696e-01 5.18122929e-01 5.25036297e-01 5.34938143e-01 5.44867958e-01 5.49158024e-01 5.46288999e-01 5.38836147e-01 5.27492715e-01 5.12138382e-01 4.95235755e-01 4.76231970e-01 4.57774217e-01 4.37673844e-01 4.19682505e-01 4.00905967e-01 3.79001207e-01 3.52014954e-01 3.22959796e-01 2.92545655e-01 2.64399013e-01 2.40497312e-01 2.19115751e-01 2.03727569e-01 1.88397071e-01 1.72254881e-01 1.58760466e-01 1.43793424e-01 1.26203021e-01 1.05589777e-01 8.10102021e-02 5.62894204e-02 2.15292108e-02 -5.72313995e-03 -3.83588203e-02 -4.94259011e-02 -6.61353119e-02 -6.79585540e-02 -4.95171746e-02 -6.28677370e-02 -3.37743020e-02 1.06156630e-02 3.42488021e-02 6.78306226e-02 1.28727498e-01 2.01796901e-01 2.48211368e-01 2.10577483e-01 2.88149722e-01 6.42175103e-01
2.02000000e+01 1.21017732e-01 -4.10551688e-01 -1.87642010e-01 -1.18648911e-01 -7.46758274e-02 -4.27425119e-02 -3.75505092e-02 -1.10376069e-02 4.66802844e-03 3.54933337e-02 3.96979453e-02 6.56456885e-02 7.98996190e-02 7.64266261e-02 9.00088742e-02 1.05047344e-01 1.37468707e-01 1.38979829e-01 1.44357438e-01 1.29636987e-01 1.19742716e-01 8.49383207e-02 6.98598285e-02 3.08396516e-02 2.23151053e-02 2.51360715e-03 6.92153527e-03 1.97010073e-02 3.03284657e-02 7.14052738e-02 9.35693775e-02 1.37995791e-01 1.70504733e-01 2.10143274e-01 2.45280471e-01 2.95677818e-01 3.58739213e-01 4.19242665e-01 4.66584295e-01 4.98961434e-01 5.15690797e-01 5.21664794e-01 5.22147255e-01 5.24400673e-01 5.26028715e-01 5.29107341e-01 5.33816973e-01 5.34966461e-01 5.30278450e-01 5.22188705e-01 5.21457061e-01 5.17648408e-01 5.23568620e-01 5.32865842e-01 5.42916867e-01 5.47710279e-01 5.45685658e-01 5.38812271e-01 5.28101501e-01 5.13242005e-01 4.96455478e-01 4.77700140e-01 4.59257195e-01 4.38654309e-01 4.20108028e-01 4.00043062e-01 3.76604720e-01 3.48123860e-01 3.18138467e-01 2.87186066e-01 2.59102775e-01 2.35712469e-01 2.14630452e-01 1.99581030e-01 1.84378989e-01 1.68619190e-01 1.55741116e-01 1.41270093e-01 1.24071613e-01 1.04366648e-01 8.02602425e-02 5.55986197e-02 2.11407960e-02 -5.91939324e-03 -3.83089673e-02 -4.86089366e-02 -6.58383789e-02 -6.64853138e-02 -4.74990467e-02 -6.10404525e-02 -3.08363786e-02 1.43955885e-02 3.87193100e-02 7.20912799e-02 1.33746744e-01 2.07410126e-01 2.52034857e-01 2.13615920e-01 2.93866221e-01 6.44952918e-01
2.03000000e+01 1.41381424e-01 -4.01290721e-01 -1.82801390e-01 -1.13642534e-01 -7.18916280e-02 -4.13485765e-02 -3.54975391e-02 -1.01603228e-02 4.14343551e-03 3.31333397e-02 3.69677685e-02 6.19326636e-02 7.65402556e-02 7.36340014e-02 8.84607220e-02 1.04191469e-01 1.37596058e-01 1.40490497e-01 1.45563498e-01 1.32007075e-01 1.20897470e-01 8.77273988e-02 7.06737079e-02 3.32937860e-02 2.05355979e-02 2.32571810e-03 2.83560798e-03 1.75401049e-02 2.59956840e-02 6.84818251e-02 9.00310983e-02 1.34813052e-01 1.67625781e-01 2.06737473e-01 2.40734128e-01 2.91048569e-01 3.54390931e-01 4.15789184e-01 4.64766939e-01 4.99197619e-01 5.16871036e-01 5.23626377e-01 5.24163650e-01 5.26511745e-01 5.28063163e-01 5.30661543e-01 5.35375321e-01 5.36998104e-01 5.32127712e-01 5.23655721e-01 5.22220028e-01 5.17261506e-01 5.22155832e-01 5.30822216e-01 5.40945937e-01 5.46221044e-01 5.45052940e-01 5.38773458e-01 5.28684182e-01 5.14332885e-01 4.97631917e-01 4.79153095e-01 4.60696151e-01 4.39611441e-01 4.20500581e-01 3.99135192e-01 3.74152977e-01 3.44209831e-01 3.13327579e-01 2.81879997e-01 2.53869383e-01 2.31004156e-01 2.10217977e-01 1.95465451e-01 1.80389078e-01 1.64997615e-01 1.52736651e-01 1.38730441e-01 1.21919815e-01 1.03138621e-01 7.95012383e-02 5.48769340e-02 2.07883388e-02 -6.12888319e-03 -3.81740437e-02 -4.77880064e-02 -6.55343706e-02 -6.48814200e-02 -4.55484543e-02 -5.91537622e-02 -2.78065006e-02 1.81789298e-02 4.32591370e-02 7.64658811e-02 1.38720339e-01 2.13024525e-01 2.55720643e-01 2.16632121e-01 2.99475714e-01 6.47585147e-01
2.04000000e+01 1.61417865e-01 -3.91817422e-01 -1.78043941e-01 -1.08466592e-01 -6.91102319e-02 -3.99410228e-02 -3.32904641e-02 -9.41352353e-03 3.74502648e-03 3.05078818e-02 3.43990885e-02 5.82337439e-02 7.32112949e-02 7.08400909e-02 8.69817757e-02 1.03425473e-01 1.37529781e-01 1.41929736e-01 1.46710528e-01 1.34300875e-01 1.22014245e-01 9.04915866e-02 7.13861891e-02 3.58463491e-02 1.86731474e-02 2.26853755e-03 -1.19451527e-03 1.53768437e-02 2.18491522e-02 6.55211854e-02 8.66476830e-02 1.31636874e-01 1.64852565e-01 2.03451294e-01 2.36325982e-01 2.86489583e-01 3.50013874e-01 4.12230786e-01 4.62773571e-01 4.99282322e-01 5.17954470e-01 5.25548443e-01 5.26176936e-01 5.28611369e-01 5.30100491e-01 5.32199194e-01 5.36898391e-01 5.38974630e-01 5.33930443e-01 5.25154048e-01 5.22998958e-01 5.16962865e-01 5.20801356e-01 5.28812985e-01 5.38959880e-01 5.44692332e-01 5.44389706e-01 5.38718542e-01 5.29240379e-01 5.15408521e-01 4.98765623e-01 4.80589483e-01 4.62088150e-01 4.40542894e-01 4.20855785e-01 3.98179470e-01 3.71646896e-01 3.40276947e-01 3.08532634e-01 2.76632079e-01 2.48701351e-01 2.26369899e-01 2.05878230e-01 1.91378620e-01 1.76429841e-01 1.61389887e-01 1.49748463e-01 1.36172225e-01 1.19750625e-01 1.01903606e-01 7.87302355e-02 5.41251849e-02 2.04728036e-02 -6.35167450e-03 -3.79519395e-02 -4.69692879e-02 -6.52160120e-02 -6.31445273e-02 -4.36796524e-02 -5.71885887e-02 -2.46956869e-02 2.19666223e-02 4.78689258e-02 8.09498913e-02 1.43646787e-01 2.18635492e-01 2.59268247e-01 2.19629096e-01 3.04978963e-01 6.50075239e-01
2.05000000e+01 1.81104676e-01 -3.82130708e-01 -1.73366585e-01 -1.03115085e-01 -6.63391506e-02 -3.84978921e-02 -3.09390176e-02 -8.79845671e-03 3.46469086e-03 2.76343341e-02 3.19787252e-02 5.45621795e-02 6.99223193e-02 6.80465937e-02 8.55647232e-02 1.02754096e-01 1.37270270e-01 1.43288166e-01 1.47802667e-01 1.36507439e-01 1.23110977e-01 9.32070036e-02 7.20197547e-02 3.84587491e-02 1.67657462e-02 2.30823352e-03 -5.12926593e-03 1.31850841e-02 1.79098585e-02 6.25100390e-02 8.34215325e-02 1.28464864e-01 1.62180256e-01 2.00279387e-01 2.32058580e-01 2.82010363e-01 3.45615025e-01 4.08575475e-01 4.60604215e-01 4.99207783e-01 5.18940223e-01 5.27425034e-01 5.28189166e-01 5.30697714e-01 5.32137781e-01 5.33724301e-01 5.38391697e-01 5.40891747e-01 5.35684680e-01 5.26678673e-01 5.23789723e-01 5.16752371e-01 5.19508511e-01 5.26843701e-01 5.36963535e-01 5.43126462e-01 5.43694867e-01 5.38646123e-01 5.29769874e-01 5.16466101e-01 4.99857639e-01 4.82007658e-01 4.63430613e-01 4.41446081e-01 4.21169270e-01 3.97173023e-01 3.69087839e-01 3.36329192e-01 3.03759278e-01 2.71446535e-01 2.43601313e-01 2.21806937e-01 2.01610815e-01 1.87318739e-01 1.72503658e-01 1.57795857e-01 1.46777674e-01 1.33593418e-01 1.17567154e-01 1.00659182e-01 7.79443904e-02 5.33447127e-02 2.01943437e-02 -6.58672424e-03 -3.76419436e-02 -4.61579543e-02 -6.48756012e-02 -6.12746594e-02 -4.19040402e-02 -5.51268640e-02 -2.15158599e-02 2.57610333e-02 5.25487803e-02 8.55372123e-02 1.48526688e-01 2.24236491e-01 2.62678794e-01 2.22609226e-01 3.10377083e-01 6.52426548e-01
2.06000000e+01 2.00421014e-01 -3.72230756e-01 -1.68765333e-01 -9.75843126e-02 -6.35844492e-02 -3.69966946e-02 -2.84562735e-02 -8.31169003e-03 3.28882694e-03 2.45371740e-02 2.96886938e-02 5.09322089e-02 6.66827263e-02 6.52559064e-02 8.42016862e-02 1.02179852e-01 1.36820752e-01 1.44556715e-01 1.48842458e-01 1.38617662e-01 1.24203583e-01 9.58512819e-02 7.25968037e-02 4.10915061e-02 1.48527214e-02 2.41016865e-03 -8.92999167e-03 1.09411392e-02 1.41949644e-02 5.94385893e-02 8.03528613e-02 1.25296221e-01 1.59603767e-01 1.97216207e-01 2.27933425e-01 2.77619889e-01 3.41201768e-01 4.04831737e-01 4.58259597e-01 4.98966205e-01 5.19827630e-01 5.29250081e-01 5.30201960e-01 5.32769140e-01 5.34171732e-01 5.35240876e-01 5.39860675e-01 5.42745521e-01 5.37389108e-01 5.28224007e-01 5.24588751e-01 5.16629135e-01 5.18280506e-01 5.24919734e-01 5.34961831e-01 5.41526068e-01 5.42967401e-01 5.38554603e-01 5.30272563e-01 5.17502554e-01 5.00909468e-01 4.83405670e-01 4.64721304e-01 4.42318205e-01 4.21436672e-01 3.96113033e-01 3.66477570e-01 3.32370469e-01 2.99013268e-01 2.66327177e-01 2.38571997e-01 2.17312293e-01 1.97415004e-01 1.83284495e-01 1.68612677e-01 1.54215568e-01 1.43825039e-01 1.30992317e-01 1.15372569e-01 9.94026114e-02 7.71409901e-02 5.25373829e-02 1.99522779e-02 -6.83187097e-03 -3.72447914e-02 -4.53580376e-02 -6.45051461e-02 -5.92742807e-02 -4.02297684e-02 -5.29521112e-02 -1.82793954e-02 2.95658213e-02 5.72981555e-02 9.02203828e-02 1.53362600e-01 2.29819150e-01 2.65954995e-01 2.25574234e-01 3.15671538e-01 6.54642339e-01
2.07000000e+01 2.19347667e-01 -3.62119054e-01 -1.64235264e-01 -9.18730657e-02 -6.08503350e-02 -3.54149569e-02 -2.58582850e-02 -7.94528542e-03 3.19873775e-03 2.12473087e-02 2.75068709e-02 4.73587554e-02 6.35015990e-02 6.24711692e-02 8.28844661e-02 1.01702779e-01 1.36187333e-01 1.45726711e-01 1.49830740e-01 1.40624517e-01 1.25305501e-01 9.84041704e-02 7.31389009e-02 4.37052861e-02 1.29735885e-02 2.53996390e-03 -1.25599903e-02 8.62454776e-03 1.07173732e-02 5.63007248e-02 7.74397646e-02 1.22131613e-01 1.57117840e-01 1.94256075e-01 2.23951006e-01 2.73326489e-01 3.36781938e-01 4.01008425e-01 4.55741224e-01 4.98549842e-01 5.20616119e-01 5.31017523e-01 5.32216392e-01 5.34824247e-01 5.36198728e-01 5.36752905e-01 5.41310573e-01 5.44532466e-01 5.39043011e-01 5.29783938e-01 5.25393051e-01 5.16591499e-01 5.17120423e-01 5.23046256e-01 5.32959763e-01 5.39894106e-01 5.42206364e-01 5.38442212e-01 5.30748415e-01 5.18514606e-01 5.01923031e-01 4.84781274e-01 4.65958307e-01 4.43156282e-01 4.21653643e-01 3.94996771e-01 3.63818221e-01 3.28404612e-01 2.94300416e-01 2.61277407e-01 2.33616193e-01 2.12882848e-01 1.93289707e-01 1.79275108e-01 1.64758727e-01 1.50649333e-01 1.40890875e-01 1.28367648e-01 1.13170036e-01 9.81308656e-02 7.63174667e-02 5.17055757e-02 1.97450939e-02 -7.08387264e-03 -3.67626525e-02 -4.45723383e-02 -6.40965019e-02 -5.71483028e-02 -3.86614310e-02 -5.06499842e-02 -1.49986548e-02 3.33857471e-02 6.21157688e-02 9.49908080e-02 1.58158827e-01 2.35373419e-01 2.69101083e-01 2.28525187e-01 3.20864120e-01 6.56725792e-01
2.08000000e+01 2.37867134e-01 -3.51798448e-01 -1.59770555e-01 -8.59827671e-02 -5.81387850e-02 -3.37307950e-02 -2.31636172e-02 -7.68713445e-03 3.17122511e-03 1.78011949e-02 2.54078035e-02 4.38570767e-02 6.03875887e-02 5.96962929e-02 8.16047900e-02 1.01320249e-01 1.35378973e-01 1.46789959e-01 1.50766616e-01 1.42523206e-01 1.26427301e-01 1.00848052e-01 7.36660832e-02 4.62619016e-02 1.11669342e-02 2.66452145e-03 -1.59854821e-02 6.21876683e-03 7.48541930e-03 5.30940485e-02 7.46783696e-02 1.18973008e-01 1.54717134e-01 1.91393221e-01 2.20110840e-01 2.69137731e-01 3.32363855e-01 3.97114645e-01 4.53051453e-01 4.97951104e-01 5.21305071e-01 5.32721421e-01 5.34232879e-01 5.36861913e-01 5.38214917e-01 5.38264309e-01 5.42746353e-01 5.46249636e-01 5.40646204e-01 5.31351899e-01 5.26200209e-01 5.16637053e-01 5.16031194e-01 5.21228232e-01 5.30962357e-01 5.38233850e-01 5.41410908e-01 5.38307046e-01 5.31197411e-01 5.19498854e-01 5.02900607e-01 4.86131947e-01 4.67139996e-01 4.43957184e-01 4.21815856e-01 3.93821636e-01 3.61112241e-01 3.24435419e-01 2.89626532e-01 2.56300244e-01 2.28736715e-01 2.08515421e-01 1.89233458e-01 1.75290353e-01 1.60943247e-01 1.47097779e-01 1.37974989e-01 1.25718654e-01 1.10962655e-01 9.68406731e-02 7.54714113e-02 5.08521528e-02 1.95704858e-02 -7.33849704e-03 -3.61990552e-02 -4.38023890e-02 -6.36415075e-02 -5.49040251e-02 -3.71998483e-02 -4.82087469e-02 -1.16855162e-02 3.72264443e-02 6.69995386e-02 9.98390116e-02 1.62921170e-01 2.40887797e-01 2.72122691e-01 2.31462521e-01 3.25956921e-01 6.58680016e-01
2.09000000e+01 2.55963696e-01 -3.41273148e-01 -1.55364526e-01 -7.99175525e-02 -5.54492263e-02 -3.19234961e-02 -2.03927882e-02 -7.52144335e-03 3.17936266e-03 1.42397787e-02 2.33636348e-02 4.04423777e-02 5.73488145e-02 5.69359631e-02 8.03545492e-02 1.01026844e-01 1.34407395e-01 1.47738827e-01 1.51647478e-01 1.44311233e-01 1.27576426e-01 1.03168364e-01 7.41962413e-02 4.87252451e-02 9.46936621e-03 2.75297467e-03 -1.91764804e-02 3.71174890e-03 4.50269281e-03 4.98197793e-02 7.20630512e-02 1.15823470e-01 1.52396311e-01 1.88621851e-01 2.16411518e-01 2.65060313e-01 3.27956341e-01 3.93159635e-01 4.50193554e-01 4.97162675e-01 5.21893684e-01 5.34356060e-01 5.36251103e-01 5.38881318e-01 5.40216281e-01 5.39778906e-01 5.44172600e-01 5.47894697e-01 5.42198955e-01 5.32920961e-01 5.27008375e-01 5.16762685e-01 5.15015571e-01 5.19470403e-01 5.28974656e-01 5.36548878e-01 5.40580287e-01 5.38147108e-01 5.31619491e-01 5.20451831e-01 5.03844757e-01 4.87454919e-01 4.68265002e-01 4.44717687e-01 4.21919017e-01 3.92585178e-01 3.58362349e-01 3.20466683e-01 2.84997345e-01 2.51398349e-01 2.23936346e-01 2.04206850e-01 1.85244408e-01 1.71330568e-01 1.57167236e-01 1.43561888e-01 1.35076636e-01 1.23045173e-01 1.08753412e-01 9.55285730e-02 7.46005950e-02 4.99803940e-02 1.94254309e-02 -7.59066504e-03 -3.55587512e-02 -4.30484716e-02 -6.31321146e-02 -5.25510080e-02 -3.58419521e-02 -4.56196793e-02 -8.35091953e-03 4.10941575e-02 7.19465492e-02 1.04754899e-01 1.67656615e-01 2.46349603e-01 2.75026695e-01 2.34386091e-01 3.30952294e-01 6.60508058e-01
2.10000000e+01 2.73623471e-01 -3.30548732e-01 -1.51009722e-01 -7.36842855e-02 -5.27782824e-02 -2.99740914e-02 -1.75676363e-02 -7.42935076e-03 3.19342218e-03 1.06072896e-02 2.13451174e-02 3.71294004e-02 5.43927813e-02 5.41956244e-02 7.91260224e-02 1.00814308e-01 1.33286914e-01 1.48566318e-01 1.52469108e-01 1.45988369e-01 1.28757034e-01 1.05353905e-01 7.47445907e-02 5.10621278e-02 7.91456030e-03 2.77753808e-03 -2.21075306e-02 1.09637499e-03 1.76800392e-03 4.64825447e-02 6.95866868e-02 1.12686938e-01 1.50150132e-01 1.85936200e-01 2.12850771e-01 2.61099976e-01 3.23568732e-01 3.89152657e-01 4.47171753e-01 4.96177646e-01 5.22380845e-01 5.35916039e-01 5.38269945e-01 5.40881946e-01 5.42198730e-01 5.41300360e-01 5.45593453e-01 5.49466000e-01 5.43701897e-01 5.34483939e-01 5.27816214e-01 5.16964637e-01 5.14076088e-01 5.17777279e-01 5.27001697e-01 5.34843057e-01 5.39713869e-01 5.37960344e-01 5.32014511e-01 5.21370081e-01 5.04758243e-01 4.88747204e-01 4.69332168e-01 4.45434511e-01 4.21958874e-01 3.91285126e-01 3.55571484e-01 3.16502233e-01 2.80418423e-01 2.46574073e-01 2.19217786e-01 1.99954079e-01 1.81320336e-01 1.67396620e-01 1.53431229e-01 1.40043002e-01 1.32194500e-01 1.20347687e-01 1.06545123e-01 9.41909760e-02 7.37030001e-02 4.90939005e-02 1.93063118e-02 -7.83464222e-03 -3.48475246e-02 -4.23096878e-02 -6.25605099e-02 -5.01008802e-02 -3.45807778e-02 -4.28773944e-02 -5.00444328e-03 4.49954588e-02 7.69530458e-02 1.09728029e-01 1.72373000e-01 2.51745302e-01 2.77821005e-01 2.37295250e-01 3.35852808e-01 6.62212918e-01
2.11000000e+01 2.90834451e-01 -3.19632116e-01 -1.46698020e-01 -6.72925077e-02 -5.01195959e-02 -2.78659009e-02 -1.47106329e-02 -7.38965551e-03 3.18192148e-03 6.94992497e-03 1.93226819e-02 3.39320051e-02 5.15263143e-02 5.14814438e-02 7.79120741e-02 1.00671587e-01 1.32034194e-01 1.49266148e-01 1.53225830e-01 1.47556537e-01 1.29969968e-01 1.07397023e-01 7.53232496e-02 5.32430008e-02 6.53242845e-03 2.71423527e-03 -2.47582952e-02 -1.62927138e-03 -7.24508204e-04 4.30900832e-02 6.72409305e-02 1.09567994e-01 1.47973529e-01 1.83330596e-01 2.09425543e-01 2.57261431e-01 3.19210859e-01 3.85102905e-01 4.43991251e-01 4.94989649e-01 5.22764998e-01 5.37396347e-01 5.40287454e-01 5.42863579e-01 5.44158182e-01 5.42832124e-01 5.47012533e-01 5.50962632e-01 5.45155941e-01 5.36033509e-01 5.28622856e-01 5.17238586e-01 5.13215016e-01 5.16153123e-01 5.25048491e-01 5.33120522e-01 5.38811150e-01 5.37744693e-01 5.32382194e-01 5.22250221e-01 5.05643927e-01 4.90005654e-01 4.70340507e-01 4.46104377e-01 4.21931234e-01 3.89919415e-01 3.52742757e-01 3.12545968e-01 2.75895093e-01 2.41829500e-01 2.14583584e-01 1.95754238e-01 1.77458664e-01 1.63489868e-01 1.49735303e-01 1.36542802e-01 1.29326712e-01 1.17627342e-01 1.04340393e-01 9.28242267e-02 7.27768622e-02 4.81964639e-02 1.92090793e-02 -8.06426777e-03 -3.40719588e-02 -4.15840724e-02 -6.19192306e-02 -4.75670826e-02 -3.34055670e-02 -3.99800581e-02 -1.65392529e-03 4.89369535e-02 8.20144564e-02 1.14747870e-01 1.77078653e-01 2.57060851e-01 2.80514334e-01 2.40188941e-01 3.40661197e-01 6.63797565e-01
2.12000000e+01 3.07586532e-01 -3.08531507e-01 -1.42420766e-01 -6.07543209e-02 -4.74637351e-02 -2.55850319e-02 -1.18441670e-02 -7.37962706e-03 3.11275759e-03 3.31446945e-03 1.72675233e-02 3.08627605e-02 4.87555085e-02 4.88002571e-02 7.67063227e-02 1.00584953e-01 1.30667944e-01 1.49832806e-01 1.53910728e-01 1.49019602e-01 1.31212833e-01 1.09293682e-01 7.59409338e-02 5.52425409e-02 5.34842645e-03 2.54348794e-03 -2.71139755e-02 -4.46179806e-03 -2.98512468e-03 3.96528795e-02 6.50164852e-02 1.06471648e-01 1.45861679e-01 1.80799514e-01 2.06132062e-01 2.53548306e-01 3.14893005e-01 3.81019417e-01 4.40658231e-01 4.93593008e-01 5.23044029e-01 5.38792427e-01 5.42300830e-01 5.44826262e-01 5.46090669e-01 5.44377385e-01 5.48432905e-01 5.52384465e-01 5.46562174e-01 5.37562340e-01 5.29427818e-01 5.17579733e-01 5.12434323e-01 5.14601948e-01 5.23120014e-01 5.31385649e-01 5.37871760e-01 5.37498116e-01 5.32722102e-01 5.23089007e-01 5.06504673e-01 4.91227010e-01 4.71289152e-01 4.46724050e-01 4.21831967e-01 3.88486208e-01 3.49879404e-01 3.08601890e-01 2.71432360e-01 2.37166500e-01 2.10036074e-01 1.91604716e-01 1.73656496e-01 1.59612084e-01 1.46079108e-01 1.33063272e-01 1.26470888e-01 1.14885947e-01 1.02141570e-01 9.14246672e-02 7.18207178e-02 4.72919084e-02 1.91294483e-02 -8.27320538e-03 -3.32391750e-02 -4.08687407e-02 -6.12012773e-02 -4.49645533e-02 -3.23019797e-02 -3.69295020e-02 1.69485822e-03 5.29249856e-02 8.71254412e-02 1.19804060e-01 1.81782025e-01 2.62282081e-01 2.83115935e-01 2.43065807e-01 3.45380303e-01 6.65264953e-01
2.13000000e+01 3.23871515e-01 -2.97256333e-01 -1.38168934e-01 -5.40842038e-02 -4.47981933e-02 -2.31208147e-02 -8.98982313e-03 -7.37586800e-03 2.95438615e-03 -2.53106518e-04 1.51526668e-02 2.79325627e-02 4.60856889e-02 4.61595000e-02 7.55032696e-02 1.00538216e-01 1.29208549e-01 1.50261620e-01 1.54515901e-01 1.50383091e-01 1.32480194e-01 1.11043399e-01 7.66027843e-02 5.70400883e-02 4.38301453e-03 2.25055424e-03 -2.91655623e-02 -7.39256844e-03 -5.02816129e-03 3.61837541e-02 6.29033630e-02 1.03403128e-01 1.43810056e-01 1.78337635e-01 2.02965930e-01 2.49963107e-01 3.10625836e-01 3.76911028e-01 4.37179836e-01 4.91982879e-01 5.23215168e-01 5.40100218e-01 5.44306434e-01 5.46770254e-01 5.47992431e-01 5.45938994e-01 5.49857035e-01 5.53732182e-01 5.47921782e-01 5.39063218e-01 5.30230925e-01 5.17982901e-01 5.11735621e-01 5.13127499e-01 5.21221190e-01 5.29643026e-01 5.36895474e-01 5.37218636e-01 5.33033617e-01 5.23883384e-01 5.07343238e-01 4.92407962e-01 4.72177314e-01 4.47290383e-01 4.21657023e-01 3.86983926e-01 3.46984739e-01 3.04674124e-01 2.67034836e-01 2.32586782e-01 2.05577313e-01 1.87503233e-01 1.69910650e-01 1.55765375e-01 1.42461926e-01 1.29606629e-01 1.23624204e-01 1.12125941e-01 9.99507126e-02 8.99887018e-02 7.08334501e-02 4.63839205e-02 1.90631119e-02 -8.45519869e-03 -3.23565599e-02 -4.01600533e-02 -6.04002261e-02 -4.23093608e-02 -3.12524119e-02 -3.37312251e-02 5.03844466e-03 5.69653529e-02 9.22799644e-02 1.24886630e-01 1.86491316e-01 2.67395076e-01 2.85635330e-01 2.45924315e-01 3.50013013e-01 6.66618040e-01
2.14000000e+01 3.39683097e-01 -2.85817161e-01 -1.33933311e-01 -4.72987664e-02 -4.21074824e-02 -2.04661583e-02 -6.16767968e-03 -7.35519549e-03 2.67700552e-03 -3.70902269e-03 1.29539767e-02 2.51502981e-02 4.35213770e-02 4.35671259e-02 7.42983893e-02 1.00513020e-01 1.27677651e-01 1.50548801e-01 1.55032762e-01 1.51653846e-01 1.33763866e-01 1.12649052e-01 7.73103324e-02 5.86199283e-02 3.65128113e-03 1.82581028e-03 -3.09099152e-02 -1.04079346e-02 -6.87145958e-03 3.26974232e-02 6.08911256e-02 1.00367692e-01 1.41814466e-01 1.75939902e-01 1.99922202e-01 2.46507206e-01 3.06420306e-01 3.72786327e-01 4.33564131e-01 4.90155399e-01 5.23274906e-01 5.41316189e-01 5.46299817e-01 5.48695960e-01 5.49860023e-01 5.47519397e-01 5.51286777e-01 5.55007296e-01 5.49235960e-01 5.40529173e-01 5.31032224e-01 5.18442634e-01 5.11120136e-01 5.11733245e-01 5.19356885e-01 5.27897426e-01 5.35882232e-01 5.36904370e-01 5.33315922e-01 5.24630535e-01 5.08162169e-01 4.93545208e-01 4.73004234e-01 4.47800351e-01 4.21402442e-01 3.85411275e-01 3.44062113e-01 3.00766933e-01 2.62706683e-01 2.28091941e-01 2.01209020e-01 1.83447889e-01 1.66217710e-01 1.51952081e-01 1.38882751e-01 1.26175250e-01 1.20783485e-01 1.09350339e-01 9.77695544e-02 8.85128639e-02 6.98143219e-02 4.54758837e-02 1.90059550e-02 -8.60431471e-03 -3.14314974e-02 -3.94537866e-02 -5.95103440e-02 -3.96182942e-02 -3.02364107e-02 -3.03942824e-02 8.37585845e-03 6.10630428e-02 9.74713884e-02 1.29986211e-01 1.91214122e-01 2.72386554e-01 2.88082029e-01 2.48762880e-01 3.54562202e-01 6.67859810e-01
2.15000000e+01 3.55016848e-01 -2.74225588e-01 -1.29704685e-01 -4.04164454e-02 -3.93733240e-02 -1.76178135e-02 -3.39565013e-03 -7.29550810e-03 2.25370364e-03 -7.01299334e-03 1.06510717e-02 2.25225698e-02 4.10662620e-02 4.10315131e-02 7.30881758e-02 1.00489218e-01 1.26097688e-01 1.50691481e-01 1.55452372e-01 1.52839628e-01 1.35053281e-01 1.14116576e-01 7.80616058e-02 5.99714131e-02 3.16273471e-03 1.26487411e-03 -3.23496738e-02 -1.34896321e-02 -8.53577106e-03 2.92100426e-02 5.89691001e-02 9.73704740e-02 1.39871057e-01 1.73601572e-01 1.96995467e-01 2.43180847e-01 3.02287538e-01 3.68653649e-01 4.29820035e-01 4.88107827e-01 5.23218950e-01 5.42437341e-01 5.48275774e-01 5.50603851e-01 5.51690426e-01 5.49120571e-01 5.52723366e-01 5.56212147e-01 5.50505851e-01 5.41953596e-01 5.31831899e-01 5.18953300e-01 5.10588669e-01 5.10422359e-01 5.17531894e-01 5.26153771e-01 5.34832150e-01 5.36553551e-01 5.33568013e-01 5.25327911e-01 5.08963706e-01 4.94635518e-01 4.73769155e-01 4.48251078e-01 4.21064358e-01 3.83767280e-01 3.41114870e-01 2.96884714e-01 2.58451574e-01 2.23683506e-01 1.96932531e-01 1.79437207e-01 1.62574082e-01 1.48174678e-01 1.35340376e-01 1.22771584e-01 1.17945312e-01 1.06562657e-01 9.55994765e-02 8.69938857e-02 6.87629882e-02 4.45707376e-02 1.89542484e-02 -8.71516246e-03 -3.04711189e-02 -3.87452965e-02 -5.85267079e-02 -3.69084240e-02 -2.92311756e-02 -2.69310608e-02 1.17086979e-02 6.52219967e-02 1.02692583e-01 1.35094210e-01 1.95957113e-01 2.77244231e-01 2.90465253e-01 2.51579994e-01 3.59030667e-01 6.68993290e-01
2.16000000e+01 3.69870165e-01 -2.62494130e-01 -1.25474059e-01 -3.34571489e-02 -3.65749351e-02 -1.45765336e-02 -6.88891910e-04 -7.17660493e-03 1.66152581e-03 -1.01294164e-02 8.22811676e-03 2.00534951e-02 3.87231733e-02 3.85613600e-02 7.18701514e-02 1.00445312e-01 1.24491399e-01 1.50687739e-01 1.55765786e-01 1.53948682e-01 1.36335940e-01 1.15454553e-01 7.88513715e-02 6.10889248e-02 2.92126314e-03 5.68576945e-04 -3.34930061e-02 -1.66153240e-02 -1.00440557e-02 2.57387432e-02 5.71265679e-02 9.44163482e-02 1.37976314e-01 1.71318267e-01 1.94179924e-01 2.39983165e-01 2.98238683e-01 3.64521080e-01 4.25957243e-01 4.85838669e-01 5.23042190e-01 5.43461195e-01 5.50228404e-01 5.52494370e-01 5.53481138e-01 5.50743960e-01 5.54167428e-01 5.57349877e-01 5.51732491e-01 5.43330344e-01 5.32630186e-01 5.19509187e-01 5.10141575e-01 5.09197707e-01 5.15750941e-01 5.24417099e-01 5.33745539e-01 5.36164555e-01 5.33788696e-01 5.25973267e-01 5.09749685e-01 4.95675789e-01 4.74471287e-01 4.48639851e-01 4.20639019e-01 3.82051328e-01 3.38146310e-01 2.93031986e-01 2.54272667e-01 2.19362964e-01 1.92748767e-01 1.75470150e-01 1.58976049e-01 1.44435666e-01 1.31833505e-01 1.19398058e-01 1.15106138e-01 1.03766820e-01 9.34414886e-02 8.54287717e-02 6.76794828e-02 4.36708755e-02 1.89048097e-02 -8.78307770e-03 -2.94820812e-02 -3.80296669e-02 -5.74453225e-02 -3.41966434e-02 -2.82121341e-02 -2.33569453e-02 1.50411303e-02 6.94449134e-02 1.07936048e-01 1.40202950e-01 2.00725732e-01 2.81957160e-01 2.92793671e-01 2.54374356e-01 3.63421065e-01 6.70021568e-01
2.17000000e+01 3.84242230e-01 -2.50636096e-01 -1.21232861e-01 -2.64418577e-02 -3.36894050e-02 -1.13471219e-02 1.94069628e-03 -6.98092552e-03 8.82423532e-04 -1.30284074e-02 5.67446760e-03 1.77445848e-02 3.64940571e-02 3.61655702e-02 7.06428368e-02 1.00358950e-01 1.22881304e-01 1.50536613e-01 1.55964422e-01 1.54989287e-01 1.37597906e-01 1.16673718e-01 7.96715020e-02 6.19716843e-02 2.92525305e-03 -2.57208928e-04 -3.43532031e-02 -1.97592716e-02 -1.14207196e-02 2.23011645e-02 5.53529246e-02 9.15098386e-02 1.36127027e-01 1.69086022e-01 1.91469463e-01 2.36912229e-01 2.94284764e-01 3.60396484e-01 4.21986132e-01 4.83347800e-01 5.22738714e-01 5.44385751e-01 5.52151199e-01 5.54367834e-01 5.55230276e-01 5.52390421e-01 5.55619000e-01 5.58424394e-01 5.52916767e-01 5.44653837e-01 5.33427295e-01 5.20104589e-01 5.09778750e-01 5.08061813e-01 5.14018674e-01 5.22692525e-01 5.32622923e-01 5.35735912e-01 5.33976608e-01 5.26564681e-01 5.10521469e-01 4.96663095e-01 4.75109791e-01 4.48964122e-01 4.20122799e-01 3.80263200e-01 3.35159656e-01 2.89213361e-01 2.50172603e-01 2.15131792e-01 1.88658215e-01 1.71546116e-01 1.55419841e-01 1.40737477e-01 1.28360857e-01 1.16056980e-01 1.12262411e-01 1.00967055e-01 9.12962152e-02 8.38148738e-02 6.65641824e-02 4.27780892e-02 1.88551204e-02 -8.80426835e-03 -2.84703803e-02 -3.73018410e-02 -5.62632335e-02 -3.14992080e-02 -2.71535753e-02 -1.96898839e-02 1.83797917e-02 7.37330969e-02 1.13194040e-01 1.45305772e-01 2.05523954e-01 2.86516026e-01 2.95075162e-01 2.57144982e-01 3.67735862e-01 6.70947815e-01
2.18000000e+01 3.98133940e-01 -2.38665460e-01 -1.16973154e-01 -1.93921943e-02 -3.06921553e-02 -7.93836454e-03 4.48486934e-03 -6.69418159e-03 -9.59513810e-05 -1.56866438e-02 2.98514697e-03 1.55947023e-02 3.43799579e-02 3.38531268e-02 6.94056894e-02 1.00207475e-01 1.21289172e-01 1.50238107e-01 1.56040415e-01 1.55969286e-01 1.38824337e-01 1.17786398e-01 8.05114472e-02 6.26234212e-02 3.16785629e-03 -1.20187338e-03 -3.49481374e-02 -2.28931090e-02 -1.26908220e-02 1.89149902e-02 5.36378121e-02 8.86550652e-02 1.34320247e-01 1.66901329e-01 1.88857739e-01 2.33965095e-01 2.90436506e-01 3.56287539e-01 4.17917649e-01 4.80636562e-01 5.22301841e-01 5.45209427e-01 5.54037136e-01 5.56224337e-01 5.56936640e-01 5.54060184e-01 5.57077568e-01 5.59440311e-01 5.54059392e-01 5.45919133e-01 5.34223340e-01 5.20733893e-01 5.09499626e-01 5.07016843e-01 5.12339663e-01 5.20985201e-01 5.31465062e-01 5.35266330e-01 5.34130227e-01 5.27100570e-01 5.11279875e-01 4.97594725e-01 4.75683772e-01 4.49221493e-01 4.19512217e-01 3.78403110e-01 3.32158021e-01 2.85433514e-01 2.46153513e-01 2.10991461e-01 1.84660930e-01 1.67664920e-01 1.51901707e-01 1.37082367e-01 1.24921272e-01 1.12750451e-01 1.09410689e-01 9.81677732e-02 8.91638884e-02 8.21499649e-02 6.54177517e-02 4.18935595e-02 1.88033960e-02 -8.77591656e-03 -2.74412030e-02 -3.65567324e-02 -5.49786280e-02 -2.88312852e-02 -2.60293245e-02 -1.59498605e-02 2.17335941e-02 7.80863549e-02 1.18458703e-01 1.50397105e-01 2.10354089e-01 2.90913395e-01 2.97316604e-01 2.59891314e-01 3.71977288e-01 6.71775291e-01
2.19000000e+01 4.11547839e-01 -2.26596731e-01 -1.12687843e-01 -1.23299712e-02 -2.75574727e-02 -4.36284579e-03 6.93930684e-03 -6.30585578e-03 -1.27963770e-03 -1.80879903e-02 1.61141100e-04 1.36001032e-02 3.23810099e-02 3.16329578e-02 6.81590122e-02 9.99685006e-02 1.19735486e-01 1.49793189e-01 1.55986965e-01 1.56895635e-01 1.40000041e-01 1.18805910e-01 8.13587874e-02 6.30519197e-02 3.63738593e-03 -2.25048940e-03 -3.52996018e-02 -2.59866859e-02 -1.38792811e-02 1.55974901e-02 5.19712265e-02 8.58557347e-02 1.32553223e-01 1.64761176e-01 1.86338245e-01 2.31137874e-01 2.86704165e-01 3.52201782e-01 4.13763207e-01 4.77707839e-01 5.21724193e-01 5.45930977e-01 5.55878785e-01 5.58063663e-01 5.58599774e-01 5.55752824e-01 5.58542102e-01 5.60402867e-01 5.55160894e-01 5.47121999e-01 5.35018277e-01 5.21391646e-01 5.09303184e-01 5.06064566e-01 5.10718403e-01 5.19300270e-01 5.30272963e-01 5.34754709e-01 5.34247893e-01 5.27579696e-01 5.12025138e-01 4.98468216e-01 4.76192277e-01 4.49409688e-01 4.18803977e-01 3.76471742e-01 3.29144388e-01 2.81697135e-01 2.42217045e-01 2.06943438e-01 1.80756548e-01 1.63826751e-01 1.48417998e-01 1.33472337e-01 1.21513810e-01 1.09480272e-01 1.06547765e-01 9.53734511e-02 8.70443451e-02 8.04323075e-02 6.42410788e-02 4.10178883e-02 1.87486042e-02 -8.69623341e-03 -2.63988224e-02 -3.57893206e-02 -5.35909128e-02 -2.62065291e-02 -2.48134391e-02 -1.21582923e-02 2.51134433e-02 8.25029521e-02 1.23722197e-01 1.55472492e-01 2.15216643e-01 2.95143911e-01 2.99523699e-01 2.62613298e-01 3.76147294e-01 6.72507357e-01
2.20000000e+01 4.24488042e-01 -2.14444821e-01 -1.08370863e-01 -5.27673043e-03 -2.42591030e-02 -6.36647910e-04 9.30374876e-03 -5.80954708e-03 -2.66796353e-03 -2.02238860e-02 -2.79049376e-03 1.17545496e-02 3.04964396e-02 2.95137925e-02 6.69038367e-02 9.96205048e-02 1.18238909e-01 1.49203787e-01 1.55798652e-01 1.57773972e-01 1.41110025e-01 1.19745950e-01 8.21998413e-02 6.32684686e-02 4.31782262e-03 -3.38433904e-03 -3.54325553e-02 -2.90089484e-02 -1.50101142e-02 1.23650731e-02 5.03436137e-02 8.31151719e-02 1.30823322e-01 1.62663087e-01 1.83904397e-01 2.28425806e-01 2.83097346e-01 3.48146664e-01 4.09534564e-01 4.74566120e-01 5.20997794e-01 5.46549380e-01 5.57668419e-01 5.59885205e-01 5.60219993e-01 5.57467250e-01 5.60011114e-01 5.61317832e-01 5.56221607e-01 5.48258963e-01 5.35811851e-01 5.22072620e-01 5.09187968e-01 5.05206323e-01 5.09159312e-01 5.17642818e-01 5.29047905e-01 5.34200157e-01 5.34327816e-01 5.28001176e-01 5.12756878e-01 4.99281367e-01 4.76634308e-01 4.49526516e-01 4.17995001e-01 3.74470261e-01 3.26121587e-01 2.78008883e-01 2.38364400e-01 2.02989176e-01 1.76944310e-01 1.60032120e-01 1.44965244e-01 1.29909042e-01 1.18137840e-01 1.06247861e-01 1.03670772e-01 9.25885082e-02 8.49370300e-02 7.86607130e-02 6.30352106e-02 4.01511629e-02 1.86904323e-02 -8.56446211e-03 -2.53465334e-02 -3.49947334e-02 -5.21007654e-02 -2.36366915e-02 -2.34809064e-02 -8.33736889e-03 2.85318783e-02 8.69796194e-02 1.28976818e-01 1.60528580e-01 2.20110248e-01 2.99204427e-01 3.01700847e-01 2.65311449e-01 3.80247532e-01 6.73147484e-01
2.21000000e+01 4.36960145e-01 -2.02224921e-01 -1.04017351e-01 1.74671140e-03 -2.07708910e-02 3.22105705e-03 1.15819893e-02 -5.20314886e-03 -4.25336803e-03 -2.20934783e-02 -5.85671975e-03 1.00494993e-02 2.87245808e-02 2.75040127e-02 6.56417844e-02 9.91434306e-02 1.16815786e-01 1.48472787e-01 1.55471717e-01 1.58608221e-01 1.42140033e-01 1.20619973e-01 8.30202994e-02 6.32872413e-02 5.18941086e-03 -4.58153212e-03 -3.53743028e-02 -3.19288204e-02 -1.61057393e-02 9.23286253e-03 4.87459620e-02 8.04363827e-02 1.29127946e-01 1.60605153e-01 1.81549606e-01 2.25823342e-01 2.79624835e-01 3.44129597e-01 4.05243711e-01 4.71217516e-01 5.20114196e-01 5.47063732e-01 5.59398129e-01 5.61687901e-01 5.61798386e-01 5.59201713e-01 5.61482713e-01 5.62191410e-01 5.57241682e-01 5.49327355e-01 5.36603555e-01 5.22771862e-01 5.09152109e-01 5.04443003e-01 5.07666729e-01 5.16017831e-01 5.27791440e-01 5.33602017e-01 5.34368096e-01 5.28364473e-01 5.13474094e-01 5.00032250e-01 4.77008830e-01 4.49569821e-01 4.17082489e-01 3.72400326e-01 3.23092291e-01 2.74373329e-01 2.34596380e-01 1.99130099e-01 1.73223092e-01 1.56281792e-01 1.41540233e-01 1.26393737e-01 1.14793099e-01 1.03054187e-01 1.00777291e-01 8.98171970e-02 8.28410007e-02 7.68345879e-02 6.18012927e-02 3.92930414e-02 1.86292050e-02 -8.38082760e-03 -2.42866292e-02 -3.41683218e-02 -5.05101485e-02 -2.11312841e-02 -2.20083231e-02 -4.50935572e-03 3.20026426e-02 9.15116192e-02 1.34215115e-01 1.65563073e-01 2.25031648e-01 3.03094072e-01 3.03851057e-01 2.67986884e-01 3.84279333e-01 6.73699254e-01
2.22000000e+01 4.48971143e-01 -1.89952384e-01 -9.96237848e-02 8.72070192e-03 -1.70674498e-02 7.18851446e-03 1.37817277e-02 -4.48885189e-03 -6.02145283e-03 -2.37035016e-02 -9.01880138e-03 8.47436670e-03 2.70628997e-02 2.56114993e-02 6.43749102e-02 9.85192680e-02 1.15479666e-01 1.47604031e-01 1.55004285e-01 1.59400255e-01 1.43077049e-01 1.21440605e-01 8.38058565e-02 6.31246404e-02 6.22932500e-03 -5.81770441e-03 -3.51536375e-02 -3.47160575e-02 -1.71863641e-02 6.21430716e-03 4.71699023e-02 7.78221365e-02 1.27464431e-01 1.58586065e-01 1.79267368e-01 2.23324233e-01 2.76294425e-01 3.40158004e-01 4.00902769e-01 4.67669772e-01 5.19064634e-01 5.47473109e-01 5.61059937e-01 5.63470188e-01 5.63336796e-01 5.60953834e-01 5.62954664e-01 5.63030115e-01 5.58221099e-01 5.50325337e-01 5.37392597e-01 5.23484738e-01 5.09193355e-01 5.03775007e-01 5.06244907e-01 5.14430148e-01 5.26505410e-01 5.32959887e-01 5.34366723e-01 5.28669395e-01 5.14175167e-01 5.00719206e-01 4.77314793e-01 4.49537430e-01 4.16063987e-01 3.70264076e-01 3.20059013e-01 2.70794906e-01 2.30913435e-01 1.95367578e-01 1.69591444e-01 1.52576733e-01 1.38140082e-01 1.22927229e-01 1.11479737e-01 9.98997148e-02 9.78654346e-02 8.70635032e-02 8.07549392e-02 7.49539660e-02 6.05405201e-02 3.84428514e-02 1.85657563e-02 -8.14643498e-03 -2.32204132e-02 -3.33057305e-02 -4.88222868e-02 -1.86972999e-02 -2.03745348e-02 -6.95883508e-04 3.55402054e-02 9.60928638e-02 1.39429982e-01 1.70574652e-01 2.29975752e-01 3.06814247e-01 3.05975922e-01 2.70641338e-01 3.88243703e-01 6.74166364e-01
2.23000000e+01 4.60529331e-01 -1.77642612e-01 -9.51880945e-02 1.56271617e-02 -1.31248435e-02 1.12419797e-02 1.59142802e-02 -3.67297150e-03 -7.95126240e-03 -2.50679036e-02 -1.22527803e-02 7.01685703e-03 2.55080256e-02 2.38434792e-02 6.31055337e-02 9.77326086e-02 1.14240881e-01 1.46602317e-01 1.54396537e-01 1.60149627e-01 1.43909743e-01 1.22219092e-01 8.45428135e-02 6.27986372e-02 7.41238418e-03 -7.06677888e-03 -3.47999752e-02 -3.73420511e-02 -1.82694745e-02 3.32085011e-03 4.56078152e-02 7.52750525e-02 1.25829958e-01 1.56605135e-01 1.77051344e-01 2.20921622e-01 2.73112757e-01 3.36239358e-01 3.96523886e-01 4.63932225e-01 5.17840198e-01 5.47776439e-01 5.62645910e-01 5.65229969e-01 5.64837769e-01 5.62720642e-01 5.64424462e-01 5.63840658e-01 5.59159685e-01 5.51251919e-01 5.38177881e-01 5.24206965e-01 5.09309105e-01 5.03202240e-01 5.04898000e-01 5.12884417e-01 5.25191948e-01 5.32273643e-01 5.34321590e-01 5.28916075e-01 5.14857878e-01 5.01340836e-01 4.77551148e-01 4.49427091e-01 4.14937462e-01 3.68064092e-01 3.17024115e-01 2.67277858e-01 2.27315724e-01 1.91702900e-01 1.66047623e-01 1.48918044e-01 1.34762286e-01 1.19509856e-01 1.08198325e-01 9.67843837e-02 9.49339179e-02 8.43310629e-02 7.86771656e-02 7.30195255e-02 5.92540980e-02 3.75996935e-02 1.85012684e-02 -7.86312530e-03 -2.21482407e-02 -3.24029674e-02 -4.70416010e-02 -1.63390041e-02 -1.85612197e-02 3.08275225e-03 3.91592458e-02 1.00716084e-01 1.44614751e-01 1.75562865e-01 2.34935755e-01 3.10368559e-01 3.08075628e-01 2.73277139e-01 3.92141331e-01 6.74552626e-01
2.24000000e+01 4.71644219e-01 -1.65310957e-01 -9.07097308e-02 2.24499513e-02 -8.92126256e-03 1.53563799e-02 1.79941637e-02 -2.76560489e-03 -1.00157846e-02 -2.62072326e-02 -1.55301292e-02 5.66336774e-03 2.40557873e-02 2.22063730e-02 6.18360641e-02 9.67711563e-02 1.13106181e-01 1.45473403e-01 1.53650809e-01 1.60853387e-01 1.44628861e-01 1.22964810e-01 8.52186224e-02 6.23281367e-02 8.71179488e-03 -8.30176807e-03 -3.43425079e-02 -3.97805687e-02 -1.93694259e-02 5.61675585e-04 4.40529389e-02 7.27976784e-02 1.24221458e-01 1.54662313e-01 1.74895450e-01 2.18608128e-01 2.70085175e-01 3.32381213e-01 3.92119154e-01 4.60015751e-01 5.16432032e-01 5.47972366e-01 5.64148256e-01 5.66964596e-01 5.66304482e-01 5.64498630e-01 5.65889393e-01 5.64629815e-01 5.60057152e-01 5.52106965e-01 5.38957996e-01 5.24934636e-01 5.09496440e-01 5.02724098e-01 5.03630045e-01 5.11385060e-01 5.23853480e-01 5.31543469e-01 5.34230498e-01 5.29104953e-01 5.15519439e-01 5.01895984e-01 4.77716864e-01 4.49236425e-01 4.13701390e-01 3.65803346e-01 3.13989837e-01 2.63826185e-01 2.23803165e-01 1.88137241e-01 1.62589633e-01 1.45306919e-01 1.31404752e-01 1.16141501e-01 1.04949823e-01 9.37076130e-02 9.19821041e-02 8.16230967e-02 7.66056585e-02 7.10325930e-02 5.79432106e-02 3.67625426e-02 1.84370926e-02 -7.53330268e-03 -2.10695851e-02 -3.14564718e-02 -4.51736005e-02 -1.40578030e-02 -1.65533968e-02 6.80825993e-03 4.28741193e-02 1.05373039e-01 1.49763256e-01 1.80527996e-01 2.39903306e-01 3.13762683e-01 3.10149022e-01 2.75897171e-01 3.95972598e-01 6.74861967e-01
2.25000000e+01 4.82326425e-01 -1.52972635e-01 -8.61896914e-02 2.91751856e-02 -4.43767398e-03 1.95060253e-02 2.00385641e-02 -1.78013050e-03 -1.21826563e-02 -2.71478052e-02 -1.88185655e-02 4.39944829e-03 2.27012548e-02 2.07056449e-02 6.05688270e-02 9.56261800e-02 1.12078440e-01 1.44224009e-01 1.52771621e-01 1.61505990e-01 1.45227510e-01 1.23684853e-01 8.58223523e-02 6.17323951e-02 1.00998988e-02 -9.49559028e-03 -3.38094031e-02 -4.20084194e-02 -2.04971379e-02 -2.05644628e-03 4.24994635e-02 7.03925508e-02 1.22635538e-01 1.52758186e-01 1.72793950e-01 2.16375951e-01 2.67215591e-01 3.28591220e-01 3.87700534e-01 4.55932668e-01 5.14831542e-01 5.48059126e-01 5.65559430e-01 5.68670876e-01 5.67740653e-01 5.66283830e-01 5.67346613e-01 5.65404306e-01 5.60913122e-01 5.52891176e-01 5.39731214e-01 5.25664239e-01 5.09752157e-01 5.02339472e-01 5.02444931e-01 5.09936243e-01 5.22492723e-01 5.30769870e-01 5.34091172e-01 5.29236748e-01 5.16156526e-01 5.02383726e-01 4.77810939e-01 4.48962883e-01 4.12354835e-01 3.63485129e-01 3.10958322e-01 2.60443601e-01 2.20375495e-01 1.84671617e-01 1.59215252e-01 1.41744615e-01 1.28065807e-01 1.12821624e-01 1.01735521e-01 9.06683446e-02 8.90100268e-02 7.89423607e-02 7.45380819e-02 6.89951349e-02 5.66089939e-02 3.59303447e-02 1.83745720e-02 -7.15974940e-03 -1.99831255e-02 -3.04631804e-02 -4.32247374e-02 -1.18521937e-02 -1.43398440e-02 1.04649671e-02 4.66983219e-02 1.10054769e-01 1.54869876e-01 1.85470903e-01 2.44868730e-01 3.17004165e-01 3.12193727e-01 2.78504804e-01 3.99737609e-01 6.75098419e-01
2.26000000e+01 4.92587582e-01 -1.40642648e-01 -8.16305032e-02 3.57914847e-02 3.41572348e-04 2.36653509e-02 2.20667089e-02 -7.32567201e-04 -1.44150506e-02 -2.79206817e-02 -2.20829978e-02 3.21030188e-03 2.14387884e-02 1.93456562e-02 5.93059015e-02 9.42928913e-02 1.11156439e-01 1.42861805e-01 1.51765642e-01 1.62099312e-01 1.45701362e-01 1.24383712e-01 8.63450548e-02 6.10305064e-02 1.15489040e-02 -1.06218694e-02 -3.32270751e-02 -4.40060295e-02 -2.16598940e-02 -4.52920457e-03 4.09425979e-02 6.80622333e-02 1.21068423e-01 1.50893961e-01 1.70741550e-01 2.14216959e-01 2.64506375e-01 3.24877130e-01 3.83279811e-01 4.51696615e-01 5.13030614e-01 5.48034424e-01 5.66872211e-01 5.70345084e-01 5.69150420e-01 5.68071882e-01 5.68793219e-01 5.66170659e-01 5.61727181e-01 5.53606072e-01 5.40495508e-01 5.26392664e-01 5.10072802e-01 5.02046768e-01 5.01346365e-01 5.08541847e-01 5.21112687e-01 5.29953690e-01 5.33901271e-01 5.29312419e-01 5.16765324e-01 5.02803341e-01 4.77832412e-01 4.48603711e-01 4.10897532e-01 3.61112967e-01 3.07931668e-01 2.57133487e-01 2.17032312e-01 1.81306847e-01 1.55922072e-01 1.38232439e-01 1.24744183e-01 1.09549318e-01 9.85569431e-02 8.76651168e-02 8.60183870e-02 7.62911134e-02 7.24718196e-02 6.69097401e-02 5.52525051e-02 3.51021043e-02 1.83148827e-02 -6.74544434e-03 -1.88868494e-02 -2.94205880e-02 -4.12022245e-02 -9.71779796e-03 -1.19134136e-02 1.40403631e-02 5.06439699e-02 1.14751865e-01 1.59929570e-01 1.90392862e-01 2.49821292e-01 3.20102180e-01 3.14206290e-01 2.81103804e-01 4.03436226e-01 6.75266121e-01
2.27000000e+01 5.02440232e-01 -1.28335713e-01 -7.70361577e-02 4.22901531e-02 5.42820050e-03 2.78096645e-02 2.40991648e-02 3.59184025e-04 -1.66727199e-02 -2.85604844e-02 -2.52865737e-02 2.08130877e-03 2.02621006e-02 1.81295213e-02 5.80489770e-02 9.27707298e-02 1.10334759e-01 1.41395387e-01 1.50641578e-01 1.62622772e-01 1.46048727e-01 1.25063072e-01 8.67800193e-02 6.02409716e-02 1.30315776e-02 -1.16556879e-02 -3.26195525e-02 -4.57579024e-02 -2.28612555e-02 -6.85467875e-03 3.93785979e-02 6.58093347e-02 1.19515913e-01 1.49071426e-01 1.68733489e-01 2.12122786e-01 2.61958266e-01 3.21246775e-01 3.78868549e-01 4.47322405e-01 5.11021848e-01 5.47895339e-01 5.68079778e-01 5.71982995e-01 5.70538221e-01 5.69858121e-01 5.70226323e-01 5.66935089e-01 5.62498924e-01 5.54253943e-01 5.41248575e-01 5.27117200e-01 5.10454702e-01 5.01843934e-01 5.00337830e-01 5.07205455e-01 5.19716671e-01 5.29096111e-01 5.33658420e-01 5.29333119e-01 5.17341570e-01 5.03154299e-01 4.77780368e-01 4.48155945e-01 4.09329942e-01 3.58690529e-01 3.04911978e-01 2.53898856e-01 2.13773123e-01 1.78043498e-01 1.52707522e-01 1.34771753e-01 1.21438998e-01 1.06323377e-01 9.54157271e-02 8.46961629e-02 8.30085280e-02 7.36710945e-02 7.04040211e-02 6.47795963e-02 5.38746880e-02 3.42769623e-02 1.82589075e-02 -6.29339703e-03 -1.77781718e-02 -2.83267995e-02 -3.91138243e-02 -7.64747982e-03 -9.27123419e-03 1.75255512e-02 5.47213095e-02 1.19454767e-01 1.64937875e-01 1.95295381e-01 2.54749493e-01 3.23067226e-01 3.16182371e-01 2.83698228e-01 4.07068114e-01 6.75369302e-01
2.28000000e+01 5.11897714e-01 -1.16066216e-01 -7.24120024e-02 4.86652801e-02 1.08295452e-02 3.19158796e-02 2.61570850e-02 1.47618822e-03 -1.89131579e-02 -2.91040982e-02 -2.83917889e-02 9.98547933e-04 1.91643314e-02 1.70589723e-02 5.67992421e-02 9.10635340e-02 1.09603775e-01 1.39834227e-01 1.49409997e-01 1.63063564e-01 1.46270521e-01 1.25721720e-01 8.71229121e-02 5.93813512e-02 1.45218818e-02 -1.25742681e-02 -3.20079629e-02 -4.72529352e-02 -2.41011057e-02 -9.03316140e-03 3.78047511e-02 6.36365077e-02 1.17973369e-01 1.47292892e-01 1.66765633e-01 2.10084934e-01 2.59570310e-01 3.17708030e-01 3.74478085e-01 4.42825848e-01 5.08798778e-01 5.47638239e-01 5.69175773e-01 5.73579926e-01 5.71908649e-01 5.71637664e-01 5.71643129e-01 5.67703369e-01 5.63228013e-01 5.54837799e-01 5.41987871e-01 5.27835528e-01 5.10893997e-01 5.01728499e-01 4.99422536e-01 5.05930331e-01 5.18308264e-01 5.28198647e-01 5.33360243e-01 5.29300145e-01 5.17880611e-01 5.03436225e-01 4.77653941e-01 4.47616412e-01 4.07653301e-01 3.56221536e-01 3.01901412e-01 2.50742320e-01 2.10597377e-01 1.74881839e-01 1.49568892e-01 1.31363988e-01 1.18149721e-01 1.03142371e-01 9.23134972e-02 8.17595246e-02 7.99823923e-02 7.10835130e-02 6.83316579e-02 6.26084599e-02 5.24763301e-02 3.34542622e-02 1.82071469e-02 -5.80650390e-03 -1.66540645e-02 -2.71805713e-02 -3.69676155e-02 -5.63154223e-03 -6.41479153e-03 2.09155952e-02 5.89382731e-02 1.24154061e-01 1.69890895e-01 2.00180029e-01 2.59641384e-01 3.25910806e-01 3.18116958e-01 2.86292300e-01 4.10632793e-01 6.75412267e-01
2.29000000e+01 5.20974060e-01 -1.03848159e-01 -6.77645886e-02 5.49137572e-02 1.65481841e-02 3.59632082e-02 2.82614317e-02 2.59938333e-03 -2.10928448e-02 -2.95892980e-02 -3.13616194e-02 -5.07060364e-05 1.81381410e-02 1.61342341e-02 5.55573123e-02 8.91795765e-02 1.08949788e-01 1.38188590e-01 1.48083102e-01 1.63406981e-01 1.46370103e-01 1.26355582e-01 8.73718041e-02 5.84680000e-02 1.59955368e-02 -1.33575605e-02 -3.14101479e-02 -4.84845648e-02 -2.53758333e-02 -1.10668864e-02 3.62193214e-02 6.15464365e-02 1.16435712e-01 1.45561114e-01 1.64834559e-01 2.08094879e-01 2.57339822e-01 3.14268757e-01 3.70119521e-01 4.38223562e-01 5.06356098e-01 5.47258719e-01 5.70154337e-01 5.75130788e-01 5.73266306e-01 5.73405496e-01 5.73041004e-01 5.68480708e-01 5.63914238e-01 5.55361294e-01 5.42710662e-01 5.28545701e-01 5.11386672e-01 5.01697619e-01 4.98603369e-01 5.04719414e-01 5.16891344e-01 5.27263121e-01 5.33004405e-01 5.29214871e-01 5.18377457e-01 5.03648879e-01 4.77452314e-01 4.46981760e-01 4.05869639e-01 3.53709678e-01 2.98902248e-01 2.47666058e-01 2.07504494e-01 1.71821788e-01 1.46503358e-01 1.28010666e-01 1.14876146e-01 1.00004716e-01 8.92517354e-02 7.88531659e-02 7.69424684e-02 6.85290393e-02 6.62515909e-02 6.04006201e-02 5.10580181e-02 3.26336044e-02 1.81596679e-02 -5.28742850e-03 -1.55111958e-02 -2.59813383e-02 -3.47717449e-02 -3.65799756e-03 -3.34988442e-03 2.42097463e-02 6.33000973e-02 1.28840772e-01 1.74785269e-01 2.05048264e-01 2.64484901e-01 3.28645066e-01 3.20004604e-01 2.88890278e-01 4.14129694e-01 6.75399385e-01
2.30000000e+01 5.29683876e-01 -9.16951331e-02 -6.31014814e-02 6.10352096e-02 2.25816794e-02 3.99337919e-02 3.04322009e-02 3.71051173e-03 -2.31685318e-02 -3.00533525e-02 -3.41606349e-02 -1.07753252e-03 1.71758200e-02 1.53539159e-02 5.43232058e-02 8.71314511e-02 1.08355306e-01 1.36469410e-01 1.46674446e-01 1.63636844e-01 1.46353011e-01 1.26957878e-01 8.75270973e-02 5.75158745e-02 1.74305001e-02 -1.39887266e-02 -3.08404141e-02 -4.94507347e-02 -2.66786536e-02 -1.29596830e-02 3.46214558e-02 5.95418147e-02 1.14897460e-01 1.43879182e-01 1.62937627e-01 2.06144175e-01 2.55262383e-01 3.10936726e-01 3.65803740e-01 4.33532765e-01 5.03689871e-01 5.46751576e-01 5.71010139e-01 5.76630153e-01 5.74615648e-01 5.75156559e-01 5.74417551e-01 5.69271636e-01 5.64557583e-01 5.55828645e-01 5.43414085e-01 5.29246121e-01 5.11928583e-01 5.01748130e-01 4.97882845e-01 5.03575306e-01 5.15470080e-01 5.26291630e-01 5.32588670e-01 5.29078689e-01 5.18826854e-01 5.03792112e-01 4.77174718e-01 4.46248505e-01 4.03981772e-01 3.51158539e-01 2.95916928e-01 2.44671798e-01 2.04493895e-01 1.68862876e-01 1.43507999e-01 1.24713417e-01 1.11618371e-01 9.69087362e-02 8.62316697e-02 7.59750765e-02 7.38917342e-02 6.60077968e-02 6.41606497e-02 5.81608545e-02 4.96200986e-02 3.18148843e-02 1.81160846e-02 -4.73850364e-03 -1.43460774e-02 -2.47292231e-02 -3.25341749e-02 -1.71290254e-03 -8.64557147e-05 2.74115425e-02 6.78090161e-02 1.33506644e-01 1.79618118e-01 2.09901266e-01 2.69268193e-01 3.31282437e-01 3.21839675e-01 2.91496318e-01 4.17558222e-01 6.75335069e-01
2.31000000e+01 5.38042232e-01 -7.96202918e-02 -5.84310366e-02 6.70318422e-02 2.89224379e-02 4.38132483e-02 3.26876772e-02 4.79304087e-03 -2.50985217e-02 -3.05316511e-02 -3.67560539e-02 -2.09097979e-03 1.62694187e-02 1.47149243e-02 5.30963660e-02 8.49358023e-02 1.07799464e-01 1.34688125e-01 1.45198607e-01 1.63735984e-01 1.46226592e-01 1.27519388e-01 8.75913630e-02 5.65384079e-02 1.88073512e-02 -1.44545065e-02 -3.03094146e-02 -5.01536932e-02 -2.80000465e-02 -1.47165812e-02 3.30110630e-02 5.76253173e-02 1.13352778e-01 1.42250401e-01 1.61073041e-01 2.04224578e-01 2.53331864e-01 3.07719512e-01 3.61541427e-01 4.28771050e-01 5.00797727e-01 5.46110801e-01 5.71738375e-01 5.78072323e-01 5.75960828e-01 5.76885840e-01 5.75770670e-01 5.70079902e-01 5.65158291e-01 5.56244540e-01 5.44095217e-01 5.29935501e-01 5.12515498e-01 5.01876601e-01 4.97263056e-01 5.02500264e-01 5.14048932e-01 5.25286502e-01 5.32110964e-01 5.28892934e-01 5.19223350e-01 5.03865836e-01 4.76820423e-01 4.45413088e-01 4.01993284e-01 3.48571541e-01 2.92948098e-01 2.41760795e-01 2.01565015e-01 1.66004204e-01 1.40579820e-01 1.21473991e-01 1.08376787e-01 9.38527190e-02 8.32541860e-02 7.31233547e-02 7.08336038e-02 6.35193498e-02 6.20557189e-02 5.58943709e-02 4.81626565e-02 3.09983122e-02 1.80755646e-02 -4.16165217e-03 -1.31552147e-02 -2.34250258e-02 -3.02624376e-02 2.19253587e-04 3.36169763e-03 3.05287737e-02 7.24640414e-02 1.38144390e-01 1.84386993e-01 2.14739792e-01 2.73979944e-01 3.33835261e-01 3.23616602e-01 2.94114336e-01 4.20917816e-01 6.75223752e-01
2.32000000e+01 5.46064540e-01 -6.76363348e-02 -5.37621493e-02 7.29082036e-02 3.55576972e-02 4.75911153e-02 3.50437459e-02 5.83303775e-03 -2.68438992e-02 -3.10564042e-02 -3.91187031e-02 -3.09776082e-03 1.54108952e-02 1.42124017e-02 5.18757297e-02 8.26129071e-02 1.07258600e-01 1.32856471e-01 1.43670823e-01 1.63686800e-01 1.45999566e-01 1.28028808e-01 8.75691099e-02 5.55474443e-02 2.01095769e-02 -1.47454662e-02 -2.98241511e-02 -5.05996482e-02 -2.93282779e-02 -1.63433930e-02 3.13886678e-02 5.57995682e-02 1.11795566e-01 1.40678144e-01 1.59239883e-01 2.02328165e-01 2.51540485e-01 3.04624384e-01 3.57343092e-01 4.23956176e-01 4.97679033e-01 5.45329617e-01 5.72334753e-01 5.79451406e-01 5.77305543e-01 5.78588454e-01 5.77098612e-01 5.70908379e-01 5.65716922e-01 5.56614031e-01 5.44751150e-01 5.30612834e-01 5.13143118e-01 5.02079391e-01 4.96745635e-01 5.01496195e-01 5.12632642e-01 5.24250251e-01 5.31569441e-01 5.28658814e-01 5.19561377e-01 5.03869972e-01 4.76388732e-01 4.44471962e-01 3.99908468e-01 3.45951907e-01 2.89998640e-01 2.38933826e-01 1.98717323e-01 1.63244426e-01 1.37715773e-01 1.18294250e-01 1.05152079e-01 9.08349519e-02 8.03197708e-02 7.02962662e-02 6.77718814e-02 6.10626886e-02 5.99338314e-02 5.36067320e-02 4.66855199e-02 3.01844111e-02 1.80368527e-02 -3.55832324e-03 -1.19352603e-02 -2.20701874e-02 -2.79634070e-02 2.15512103e-03 6.97732734e-03 3.35733115e-02 7.72608429e-02 1.42747900e-01 1.89089806e-01 2.19564050e-01 2.78609680e-01 3.36315443e-01 3.25330130e-01 2.96747870e-01 4.24208010e-01 6.75069873e-01
2.33000000e+01 5.53766442e-01 -5.57555001e-02 -4.91039842e-02 7.86708744e-02 4.24696401e-02 5.12611756e-02 3.75132875e-02 6.81996293e-03 -2.83696684e-02 -3.16554590e-02 -4.12238502e-02 -4.10204194e-03 1.45922802e-02 1.38396943e-02 5.06598329e-02 8.01861265e-02 1.06706944e-01 1.30986237e-01 1.42106612e-01 1.63471829e-01 1.45681529e-01 1.28473185e-01 8.74664948e-02 5.45532269e-02 2.13237512e-02 -1.48561223e-02 -2.93880835e-02 -5.07983157e-02 -3.06499647e-02 -1.78462956e-02 2.97552538e-02 5.40670991e-02 1.10219583e-01 1.39165683e-01 1.57438137e-01 2.00447469e-01 2.49878902e-01 3.01658167e-01 3.53219091e-01 4.19105838e-01 4.94335047e-01 5.44400537e-01 5.72795452e-01 5.80761400e-01 5.78652882e-01 5.80259733e-01 5.78400014e-01 5.71758994e-01 5.66234416e-01 5.56942427e-01 5.45379079e-01 5.31277348e-01 5.13807116e-01 5.02352700e-01 4.96331717e-01 5.00564649e-01 5.11226225e-01 5.23185525e-01 5.30962550e-01 5.28377343e-01 5.19835330e-01 5.03804408e-01 4.75878959e-01 4.43421671e-01 3.97732262e-01 3.43302638e-01 2.87071679e-01 2.36191178e-01 1.95950330e-01 1.60581737e-01 1.34912786e-01 1.15176141e-01 1.01945229e-01 8.78537564e-02 7.74284829e-02 6.74922783e-02 6.47107222e-02 5.86362140e-02 5.77922616e-02 5.13037576e-02 4.51882999e-02 2.93739940e-02 1.79983073e-02 -2.92944271e-03 -1.06831641e-02 -2.06667266e-02 -2.56431022e-02 4.11203555e-03 1.07402369e-02 3.65608086e-02 8.21917302e-02 1.47312410e-01 1.93724762e-01 2.24373595e-01 2.83148039e-01 3.38734112e-01 3.26975552e-01 2.99399958e-01 4.27428477e-01 6.74877853e-01
2.34000000e+01 5.61163697e-01 -4.39895575e-02 -4.44656919e-02 8.43280895e-02 4.96356373e-02 5.48216502e-02 4.01056793e-02 7.74735250e-03 -2.96457552e-02 -3.23512734e-02 -4.30518806e-02 -5.10533165e-03 1.38058580e-02 1.35883486e-02 4.94469477e-02 7.76812536e-02 1.06117410e-01 1.29088998e-01 1.40521364e-01 1.63074346e-01 1.45282445e-01 1.28838396e-01 8.72909937e-02 5.35644359e-02 2.24396101e-02 -1.47849444e-02 -2.90013343e-02 -5.07623982e-02 -3.19506468e-02 -1.92314370e-02 2.81121014e-02 5.24303011e-02 1.08618604e-01 1.37716008e-01 1.55668681e-01 1.98575604e-01 2.48336331e-01 2.98827099e-01 3.49179642e-01 4.14237468e-01 4.90769032e-01 5.43315465e-01 5.73117062e-01 5.81996280e-01 5.80005184e-01 5.81895300e-01 5.79673927e-01 5.72632675e-01 5.66712134e-01 5.57235189e-01 5.45976384e-01 5.31928469e-01 5.14503163e-01 5.02692621e-01 4.96021914e-01 4.99706817e-01 5.09834950e-01 5.22095060e-01 5.30289108e-01 5.28049279e-01 5.20039651e-01 5.03668952e-01 4.75290413e-01 4.42258952e-01 3.95470161e-01 3.40626515e-01 2.84170590e-01 2.33532647e-01 1.93263598e-01 1.58013872e-01 1.32167802e-01 1.12121657e-01 9.87575280e-02 8.49075104e-02 7.45799523e-02 6.47100732e-02 6.16545965e-02 5.62377287e-02 5.56286177e-02 4.89914044e-02 4.36704656e-02 2.85681192e-02 1.79579425e-02 -2.27537783e-03 -9.39631840e-03 -1.92171456e-02 -2.33065299e-02 6.10755321e-03 1.46278696e-02 3.95102754e-02 8.72457441e-02 1.51834613e-01 1.98290300e-01 2.29167247e-01 2.87587013e-01 3.41101322e-01 3.28548918e-01 3.02073030e-01 4.30579086e-01 6.74652085e-01
2.35000000e+01 5.68272067e-01 -3.23498059e-02 -3.98561219e-02 8.98893060e-02 5.70286127e-02 5.82752531e-02 4.28264238e-02 8.61336015e-03 -3.06478413e-02 -3.31600798e-02 -4.45888005e-02 -6.10647268e-03 1.30443581e-02 1.34481402e-02 4.82352385e-02 7.51257924e-02 1.05462441e-01 1.27175843e-01 1.38929936e-01 1.62478934e-01 1.44812124e-01 1.29109663e-01 8.70510466e-02 5.25882724e-02 2.34500227e-02 -1.45342382e-02 -2.86609784e-02 -5.05070210e-02 -3.32153367e-02 -2.05045820e-02 2.64606374e-02 5.08913626e-02 1.06986613e-01 1.36331618e-01 1.53933264e-01 1.96706398e-01 2.46900694e-01 2.96136684e-01 3.45234832e-01 4.09368039e-01 4.86986342e-01 5.42065820e-01 5.73296503e-01 5.83150084e-01 5.81363912e-01 5.83491151e-01 5.80919822e-01 5.73529328e-01 5.67151896e-01 5.57497820e-01 5.46540711e-01 5.32565778e-01 5.15226960e-01 5.03095187e-01 4.95816295e-01 4.98923534e-01 5.08464306e-01 5.20981636e-01 5.29548355e-01 5.27675058e-01 5.20168917e-01 5.03463284e-01 4.74622377e-01 4.40980836e-01 3.93128118e-01 3.37926111e-01 2.81298978e-01 2.30957546e-01 1.90656738e-01 1.55538121e-01 1.29477823e-01 1.09132766e-01 9.55905899e-02 8.19946661e-02 7.17733994e-02 6.19485464e-02 5.86082536e-02 5.38644426e-02 5.34409261e-02 4.66756252e-02 4.21314489e-02 2.77680319e-02 1.79134756e-02 -1.59591716e-03 -8.07269108e-03 -1.77243085e-02 -2.09575708e-02 8.15898675e-03 1.86159634e-02 4.24435461e-02 9.24088532e-02 1.56312719e-01 2.02785035e-01 2.33943046e-01 2.91920141e-01 3.43425794e-01 3.30047224e-01 3.04768816e-01 4.33659927e-01 6.74396913e-01
2.36000000e+01 5.75107210e-01 -2.08470677e-02 -3.52835389e-02 9.53647294e-02 6.46175253e-02 6.16291023e-02 4.56769183e-02 9.42113604e-03 -3.13579971e-02 -3.40912660e-02 -4.58265498e-02 -7.10173563e-03 1.23011532e-02 1.34071318e-02 4.70229293e-02 7.25482014e-02 1.04714862e-01 1.25257093e-01 1.37346248e-01 1.61672042e-01 1.44279735e-01 1.29272060e-01 8.67556884e-02 5.16305808e-02 2.43508662e-02 -1.41099170e-02 -2.83614071e-02 -5.00491513e-02 -3.44290254e-02 -2.16708173e-02 2.48023090e-02 4.94521942e-02 1.05318038e-01 1.35014316e-01 1.52234459e-01 1.94834514e-01 2.45558797e-01 2.93591529e-01 3.41394612e-01 4.04513897e-01 4.82994467e-01 5.40642692e-01 5.73330941e-01 5.84216996e-01 5.82729536e-01 5.85043719e-01 5.82137569e-01 5.74447834e-01 5.67556000e-01 5.57735761e-01 5.47070056e-01 5.33188977e-01 5.15974267e-01 5.03556416e-01 4.95714372e-01 4.98215280e-01 5.07119965e-01 5.19848048e-01 5.28740010e-01 5.27254750e-01 5.20217915e-01 5.03186916e-01 4.73874079e-01 4.39584748e-01 3.90712434e-01 3.35203827e-01 2.78460653e-01 2.28464706e-01 1.88129408e-01 1.53151346e-01 1.26839967e-01 1.06211334e-01 9.24463625e-02 7.91137611e-02 6.90076702e-02 5.92067953e-02 5.55766772e-02 5.15130015e-02 5.12277072e-02 4.43622177e-02 4.05707672e-02 2.69750919e-02 1.78623772e-02 -8.90266778e-04 -6.71094216e-03 -1.61912981e-02 -1.85989125e-02 1.02829556e-02 2.26792518e-02 4.53846514e-02 9.76642520e-02 1.60746445e-01 2.07207711e-01 2.38698229e-01 2.96142655e-01 3.45714702e-01 3.31468553e-01 3.07488283e-01 4.36671340e-01 6.74116623e-01
2.37000000e+01 5.81684581e-01 -9.49168162e-03 -3.07553529e-02 1.00764814e-01 7.23679542e-02 6.48944909e-02 4.86543762e-02 1.01790254e-02 -3.17650935e-02 -3.51469939e-02 -4.67631199e-02 -8.08500847e-03 1.15704557e-02 1.34517644e-02 4.58084658e-02 6.99771328e-02 1.03848733e-01 1.23342047e-01 1.35782901e-01 1.60642491e-01 1.43693367e-01 1.29311011e-01 8.64141792e-02 5.06960059e-02 2.51408151e-02 -1.35211725e-02 -2.80947592e-02 -4.94070123e-02 -3.55771343e-02 -2.27343289e-02 2.31384986e-02 4.81143397e-02 1.03608004e-01 1.33764992e-01 1.50575594e-01 1.92955559e-01 2.44296531e-01 2.91195206e-01 3.37668772e-01 3.99690616e-01 4.78803035e-01 5.39037018e-01 5.73217684e-01 5.85191424e-01 5.84101448e-01 5.86549933e-01 5.83327417e-01 5.75386083e-01 5.67927230e-01 5.57954292e-01 5.47562833e-01 5.33797856e-01 5.16740928e-01 5.04072351e-01 4.95715098e-01 4.97582198e-01 5.05807724e-01 5.18697084e-01 5.27864310e-01 5.26788013e-01 5.20181723e-01 5.02839146e-01 4.73044671e-01 4.38068606e-01 3.88229640e-01 3.32461930e-01 2.75659589e-01 2.26052496e-01 1.85681300e-01 1.50850019e-01 1.24251534e-01 1.03359031e-01 8.93271402e-02 7.62634262e-02 6.62812808e-02 5.64841021e-02 5.25650298e-02 4.91795416e-02 4.89880375e-02 4.20566722e-02 3.89881515e-02 2.61906948e-02 1.78019253e-02 -1.57063705e-04 -5.31051849e-03 -1.46212612e-02 -1.62320209e-02 1.24949596e-02 2.67921897e-02 4.83591147e-02 1.02992752e-01 1.65136952e-01 2.11557169e-01 2.43429234e-01 3.00251572e-01 3.47973524e-01 3.32812189e-01 3.10231597e-01 4.39613930e-01 6.73815435e-01
2.38000000e+01 5.88019335e-01 1.70651178e-03 -2.62778704e-02 1.06099751e-01 8.02427723e-02 6.80865226e-02 5.17519029e-02 1.09005764e-02 -3.18649780e-02 -3.63220645e-02 -4.74024757e-02 -9.04807274e-03 1.08475021e-02 1.35669854e-02 4.45906602e-02 6.74406941e-02 1.02840140e-01 1.21438749e-01 1.34250809e-01 1.59381917e-01 1.43059646e-01 1.29212741e-01 8.60356461e-02 4.97881766e-02 2.58210610e-02 -1.27800618e-02 -2.78514046e-02 -4.85995081e-02 -3.66459036e-02 -2.36982661e-02 2.14704923e-02 4.68788731e-02 1.01852606e-01 1.32583419e-01 1.48960666e-01 1.91066178e-01 2.43099085e-01 2.88950108e-01 3.34066903e-01 3.94912892e-01 4.74423774e-01 5.37239792e-01 5.72954082e-01 5.86068070e-01 5.85477899e-01 5.88007263e-01 5.84489940e-01 5.76341027e-01 5.68268844e-01 5.58158445e-01 5.48017937e-01 5.34392263e-01 5.17522895e-01 5.04639098e-01 4.95816861e-01 4.97024107e-01 5.04533449e-01 5.17531508e-01 5.26922034e-01 5.26274065e-01 5.20055777e-01 5.02419025e-01 4.72133204e-01 4.36430922e-01 3.85686376e-01 3.29702610e-01 2.72899875e-01 2.23718844e-01 1.83312123e-01 1.48630251e-01 1.21710081e-01 1.00577235e-01 8.62355717e-02 7.34423903e-02 6.35924689e-02 5.37799154e-02 4.95785805e-02 4.68597729e-02 4.67215975e-02 3.97640322e-02 3.73836649e-02 2.54161881e-02 1.77292651e-02 6.05593389e-04 -3.87172139e-03 -1.30172556e-02 -1.38571448e-02 1.48089852e-02 3.09296821e-02 5.13931942e-02 1.08373254e-01 1.69486722e-01 2.15832327e-01 2.48131740e-01 3.04245728e-01 3.50205948e-01 3.34078671e-01 3.12998116e-01 4.42488563e-01 6.73497489e-01
2.39000000e+01 5.94126233e-01 1.27381915e-02 -2.18560772e-02 1.11378962e-01 8.82028917e-02 7.12236251e-02 5.49587253e-02 1.16043541e-02 -3.16604101e-02 -3.76040329e-02 -4.77542860e-02 -9.98095436e-03 1.01287131e-02 1.37364202e-02 4.33688040e-02 6.49657538e-02 1.01667934e-01 1.19553783e-01 1.32758879e-01 1.57885153e-01 1.42383426e-01 1.28964675e-01 8.56287449e-02 4.89099069e-02 2.63949811e-02 -1.19010296e-02 -2.76204628e-02 -4.76456708e-02 -3.76227142e-02 -2.45647009e-02 1.97995082e-02 4.57462876e-02 1.00049180e-01 1.31468065e-01 1.47394236e-01 1.89164141e-01 2.41951172e-01 2.86857331e-01 3.30598340e-01 3.90194457e-01 4.69870422e-01 5.35242274e-01 5.72537433e-01 5.86841979e-01 5.86855962e-01 5.89413753e-01 5.85625986e-01 5.77308758e-01 5.68584550e-01 5.58352920e-01 5.48434796e-01 5.34972083e-01 5.18316256e-01 5.05252860e-01 4.96017486e-01 4.96540530e-01 5.03303001e-01 5.16354064e-01 5.25914514e-01 5.25711658e-01 5.19835934e-01 5.01925322e-01 4.71138615e-01 4.34670880e-01 3.83089273e-01 3.26928035e-01 2.70185653e-01 2.21461267e-01 1.81021571e-01 1.46487839e-01 1.19213499e-01 9.78669255e-02 8.31746615e-02 7.06494857e-02 6.09392466e-02 5.10938330e-02 4.66226180e-02 4.45490864e-02 4.44287019e-02 3.74887790e-02 3.57578018e-02 2.46527840e-02 1.76414774e-02 1.40009591e-03 -2.39574326e-03 -1.13821101e-02 -1.14733434e-02 1.72371531e-02 3.50677929e-02 5.45130927e-02 1.13783291e-01 1.73799369e-01 2.20032179e-01 2.52800722e-01 3.08125761e-01 3.52413836e-01 3.35269816e-01 3.15786405e-01 4.45296361e-01 6.73166841e-01
2.40000000e+01 6.00019557e-01 2.35945884e-02 -1.74934594e-02 1.16610610e-01 9.62080575e-02 7.43269541e-02 5.82605674e-02 1.23135635e-02 -3.11607590e-02 -3.89735661e-02 -4.78334747e-02 -1.08723345e-02 9.41181634e-03 1.39425959e-02 4.21427395e-02 6.25773040e-02 1.00314387e-01 1.17692124e-01 1.31313725e-01 1.56150526e-01 1.41667569e-01 1.28555770e-01 8.52013521e-02 4.80634057e-02 2.68677736e-02 -1.09003883e-02 -2.73903339e-02 -4.65641462e-02 -3.84963391e-02 -2.53346813e-02 1.81267833e-02 4.47163777e-02 9.81965635e-02 1.30415936e-01 1.45881307e-01 1.87248402e-01 2.40837259e-01 2.84916582e-01 3.27272079e-01 3.85548042e-01 4.65158598e-01 5.33036238e-01 5.71964886e-01 5.87508582e-01 5.88231527e-01 5.90768040e-01 5.86736601e-01 5.78284617e-01 5.68878461e-01 5.58542014e-01 5.48813412e-01 5.35537222e-01 5.19117249e-01 5.05909963e-01 4.96314244e-01 4.96130724e-01 5.02122159e-01 5.15167480e-01 5.24843628e-01 5.25099076e-01 5.19518523e-01 5.01356496e-01 4.70059715e-01 4.32788420e-01 3.80444841e-01 3.24140419e-01 2.67521051e-01 2.19276909e-01 1.78809295e-01 1.44418314e-01 1.16760089e-01 9.52285968e-02 8.01477609e-02 6.78836549e-02 5.83194538e-02 4.84255874e-02 4.37023467e-02 4.22426801e-02 4.21103104e-02 3.52347466e-02 3.41115606e-02 2.39014735e-02 1.75356557e-02 2.22925874e-03 -8.84670521e-04 -9.71830763e-03 -9.07852976e-03 1.97894142e-02 3.91844149e-02 5.77441593e-02 1.19199616e-01 1.78079417e-01 2.24155807e-01 2.57430536e-01 3.11894035e-01 3.54597255e-01 3.36388688e-01 3.18594284e-01 4.48038680e-01 6.72827461e-01
2.41000000e+01 6.05713028e-01 3.42675273e-02 -1.31918718e-02 1.21801151e-01 1.04217671e-01 7.74197084e-02 6.16401598e-02 1.30554935e-02 -3.03814761e-02 -4.04050310e-02 -4.76596082e-02 -1.17100038e-02 8.69591860e-03 1.41672210e-02 4.09128884e-02 6.02978897e-02 9.87657559e-02 1.15857026e-01 1.29919435e-01 1.54180065e-01 1.40912805e-01 1.27976777e-01 8.47602933e-02 4.72504848e-02 2.72460802e-02 -9.79577730e-03 -2.71492170e-02 -4.53727392e-02 -3.92571226e-02 -2.60083670e-02 1.64537094e-02 4.37881232e-02 9.62953145e-02 1.29422463e-01 1.44427184e-01 1.85319149e-01 2.39741798e-01 2.83126103e-01 3.24096684e-01 3.80985367e-01 4.60305622e-01 5.30614209e-01 5.71233374e-01 5.88063711e-01 5.89599328e-01 5.92069350e-01 5.87822967e-01 5.79263310e-01 5.69155039e-01 5.58729560e-01 5.49154385e-01 5.36087599e-01 5.19922280e-01 5.06606885e-01 4.96703859e-01 4.95793720e-01 5.00996540e-01 5.13974490e-01 5.23711776e-01 5.24434145e-01 5.19100383e-01 5.00710670e-01 4.68895187e-01 4.30784291e-01 3.77759361e-01 3.21342081e-01 2.64910104e-01 2.17162597e-01 1.76674848e-01 1.42416990e-01 1.14348638e-01 9.26621702e-02 7.71585462e-02 6.51439647e-02 5.57308082e-02 4.57750354e-02 4.08227715e-02 3.99356959e-02 3.97680193e-02 3.30050706e-02 3.24464895e-02 2.31629422e-02 1.74089945e-02 3.09623334e-03 6.58548133e-04 -8.02789549e-03 -6.66952823e-03 2.24733022e-02 4.32598808e-02 6.11101050e-02 1.24598830e-01 1.82332011e-01 2.28202408e-01 2.62015018e-01 3.15554516e-01 3.56754559e-01 3.37439519e-01 3.21418897e-01 4.50717082e-01 6.72483225e-01
2.42000000e+01 6.11219725e-01 4.47494809e-02 -8.95145749e-03 1.26954929e-01 1.12191618e-01 8.05263756e-02 6.50778638e-02 1.38607981e-02 -2.93433597e-02 -4.18672898e-02 -4.72561422e-02 -1.24813427e-02 7.98152139e-03 1.43915212e-02 3.96802391e-02 5.81471058e-02 9.70127282e-02 1.14049977e-01 1.28577396e-01 1.51979613e-01 1.40117667e-01 1.27220443e-01 8.43111114e-02 4.64727547e-02 2.75376108e-02 -8.60562381e-03 -2.68855908e-02 -4.40880366e-02 -3.98970841e-02 -2.65852262e-02 1.47819957e-02 4.29595814e-02 9.43478857e-02 1.28481434e-01 1.43037323e-01 1.83377828e-01 2.38649449e-01 2.81482643e-01 3.21080165e-01 3.76517157e-01 4.55330303e-01 5.27969721e-01 5.70339550e-01 5.88503602e-01 5.90952994e-01 5.93317481e-01 5.88886315e-01 5.80239048e-01 5.69419025e-01 5.58918879e-01 5.49458927e-01 5.36623138e-01 5.20727941e-01 5.07340265e-01 4.97182524e-01 4.95528358e-01 4.99931522e-01 5.12777848e-01 5.22521842e-01 5.23714253e-01 5.18578888e-01 4.99985615e-01 4.67643599e-01 4.28660101e-01 3.75038796e-01 3.18535511e-01 2.62356672e-01 2.15114905e-01 1.74617641e-01 1.40479021e-01 1.11978476e-01 9.01669298e-02 7.42109823e-02 6.24296261e-02 5.31709511e-02 4.31421536e-02 3.79885724e-02 3.76233604e-02 3.74040324e-02 3.08021689e-02 3.07647076e-02 2.24374954e-02 1.72588896e-02 4.00439805e-03 2.23016805e-03 -6.31242351e-03 -4.24214497e-03 2.52937498e-02 4.72774998e-02 6.46322574e-02 1.29958023e-01 1.86562623e-01 2.32171340e-01 2.66547607e-01 3.19112595e-01 3.58882531e-01 3.38427600e-01 3.24256806e-01 4.53333295e-01 6.72137919e-01
2.43000000e+01 6.16552018e-01 5.50336330e-02 -4.77062320e-03 1.32073842e-01 1.20091080e-01 8.36719344e-02 6.85523919e-02 1.47626371e-02 -2.80716396e-02 -4.33246774e-02 -4.66495536e-02 -1.31738082e-02 7.27047609e-03 1.45966226e-02 3.84463042e-02 5.61411662e-02 9.50507611e-02 1.12270708e-01 1.27286176e-01 1.49558844e-01 1.39278515e-01 1.26281646e-01 8.38578774e-02 4.57317975e-02 2.77507842e-02 -7.34862060e-03 -2.65886359e-02 -4.27251258e-02 -4.04099512e-02 -2.70642662e-02 1.31138398e-02 4.22277953e-02 9.23587307e-02 1.27584995e-01 1.41717179e-01 1.81427154e-01 2.37545295e-01 2.79981443e-01 3.18229854e-01 3.72153195e-01 4.50252687e-01 5.25097565e-01 5.69279750e-01 5.88824876e-01 5.92285129e-01 5.94512765e-01 5.89927856e-01 5.81205708e-01 5.69675350e-01 5.59112745e-01 5.49728858e-01 5.37143776e-01 5.21531016e-01 5.08106919e-01 4.97745929e-01 4.95333328e-01 4.98932156e-01 5.11580358e-01 5.21277151e-01 5.22936404e-01 5.17951957e-01 4.99178742e-01 4.66303411e-01 4.26418338e-01 3.72288720e-01 3.15723428e-01 2.59864349e-01 2.13130226e-01 1.72636881e-01 1.38599468e-01 1.09649518e-01 8.77414769e-02 7.13092710e-02 5.97400224e-02 5.06374885e-02 4.05270386e-02 3.52039776e-02 3.53011248e-02 3.50211138e-02 2.86277495e-02 2.90689044e-02 2.17249920e-02 1.70830499e-02 4.95722329e-03 3.82574787e-03 -4.57290791e-03 -1.79125633e-03 2.82529734e-02 5.12240057e-02 6.83288762e-02 1.35255400e-01 1.90776717e-01 2.36062173e-01 2.71021472e-01 3.22574878e-01 3.60976570e-01 3.39359122e-01 3.27104102e-01 4.55889168e-01 6.71795235e-01
2.44000000e+01 6.21721496e-01 6.51139523e-02 -6.46073160e-04 1.37157075e-01 1.27879303e-01 8.68810360e-02 7.20415948e-02 1.57957057e-02 -2.65949127e-02 -4.47381272e-02 -4.58683908e-02 -1.37754114e-02 6.56588287e-03 1.47639710e-02 3.72130557e-02 5.42925456e-02 9.28802823e-02 1.10517281e-01 1.26041478e-01 1.46931164e-01 1.38389616e-01 1.25157487e-01 8.34030429e-02 4.50293098e-02 2.78943965e-02 -6.04323530e-03 -2.62485852e-02 -4.12974181e-02 -4.07911248e-02 -2.74442711e-02 1.14520861e-02 4.15887247e-02 9.03343346e-02 1.26723718e-01 1.40472037e-01 1.79471100e-01 2.36415053e-01 2.78616264e-01 3.15552259e-01 3.67902395e-01 4.45093779e-01 5.21994025e-01 5.68049979e-01 5.89024500e-01 5.93587414e-01 5.95656017e-01 5.90948706e-01 5.82156986e-01 5.69929044e-01 5.59313367e-01 5.49966581e-01 5.37649469e-01 5.22328497e-01 5.08903836e-01 4.98389286e-01 4.95207204e-01 4.98003102e-01 5.10384894e-01 5.19981400e-01 5.22097273e-01 5.17218045e-01 4.98287107e-01 4.64873005e-01 4.24062376e-01 3.69514259e-01 3.12908826e-01 2.57436382e-01 2.11204863e-01 1.70731511e-01 1.36773359e-01 1.07362286e-01 8.53837085e-02 6.84577872e-02 5.70747413e-02 4.81280269e-02 3.79299116e-02 3.24726380e-02 3.29647984e-02 3.26225242e-02 2.64828391e-02 2.73623239e-02 2.10247937e-02 1.68796228e-02 5.95811173e-03 5.44027911e-03 -2.80981819e-03 6.89082081e-04 3.13504309e-02 5.50899038e-02 7.22145524e-02 1.40470889e-01 1.94979426e-01 2.39874751e-01 2.75429658e-01 3.25948937e-01 3.63030920e-01 3.40240995e-01 3.29956531e-01 4.58386614e-01 6.71458782e-01
2.45000000e+01 6.26738909e-01 7.49852737e-02 3.42709858e-03 1.42200928e-01 1.35522311e-01 9.01771934e-02 7.55232911e-02 1.69951849e-02 -2.49439682e-02 -4.60664047e-02 -4.49422741e-02 -1.42751695e-02 5.87193986e-03 1.48757701e-02 3.59828518e-02 5.26096988e-02 9.05067568e-02 1.08786223e-01 1.24836158e-01 1.44113527e-01 1.37443294e-01 1.23847341e-01 8.29473359e-02 4.43672068e-02 2.79773238e-02 -4.70726183e-03 -2.58569955e-02 -3.98165765e-02 -4.10375899e-02 -2.77240277e-02 9.80036145e-03 4.10372048e-02 8.82831621e-02 1.25886739e-01 1.39306849e-01 1.77514857e-01 2.35245273e-01 2.77379430e-01 3.13052919e-01 3.63772891e-01 4.39875242e-01 5.18657110e-01 5.66645915e-01 5.89099735e-01 5.94850723e-01 5.96748456e-01 5.91949814e-01 5.83086579e-01 5.70185122e-01 5.59522384e-01 5.50175053e-01 5.38140211e-01 5.23117591e-01 5.09728173e-01 4.99107375e-01 4.95148482e-01 4.97148555e-01 5.09194418e-01 5.18638602e-01 5.21193291e-01 5.16376113e-01 4.97307428e-01 4.63350702e-01 4.21596457e-01 3.66720065e-01 3.10095008e-01 2.55075582e-01 2.09335114e-01 1.68900155e-01 1.34995767e-01 1.05117894e-01 8.30908208e-02 6.56610086e-02 5.44336053e-02 4.56402065e-02 3.53511253e-02 2.97975129e-02 3.06106739e-02 3.02119454e-02 2.43678264e-02 2.56487348e-02 2.03357288e-02 1.66473285e-02 7.01021696e-03 7.06834260e-03 -1.02308460e-03 3.20550299e-03 3.45828553e-02 5.88697065e-02 7.62997107e-02 1.45586683e-01 1.99175229e-01 2.43609249e-01 2.79765232e-01 3.29243034e-01 3.65038936e-01 3.41080641e-01 3.32809634e-01 4.60827562e-01 6.71132087e-01
2.46000000e+01 6.31614115e-01 8.46433874e-02 7.45525810e-03 1.47198725e-01 1.42989535e-01 9.35820031e-02 7.89761075e-02 1.83956489e-02 -2.31505426e-02 -4.72674073e-02 -4.39008820e-02 -1.46635187e-02 5.19375172e-03 1.49154207e-02 3.47583595e-02 5.10968666e-02 8.79406125e-02 1.07072731e-01 1.23660317e-01 1.41126136e-01 1.36430126e-01 1.22352865e-01 8.24897001e-02 4.37476857e-02 2.80082656e-02 -3.35742284e-03 -2.54069399e-02 -3.82925357e-02 -4.11477855e-02 -2.79025259e-02 8.16318644e-03 4.05669350e-02 8.62155224e-02 1.25061985e-01 1.38226063e-01 1.75564778e-01 2.34023538e-01 2.76261901e-01 3.10736261e-01 3.59772139e-01 4.34619089e-01 5.15086748e-01 5.65062939e-01 5.89048069e-01 5.96065268e-01 5.97791622e-01 5.92931904e-01 5.83988352e-01 5.70448479e-01 5.59740883e-01 5.50357721e-01 5.38616058e-01 5.23895733e-01 5.10577234e-01 4.99894596e-01 4.95155597e-01 4.96372190e-01 5.08011994e-01 5.17253009e-01 5.20220740e-01 5.15425581e-01 4.96236114e-01 4.61734791e-01 4.19025655e-01 3.63910307e-01 3.07285610e-01 2.52784251e-01 2.07517368e-01 1.67141059e-01 1.33261881e-01 1.02918013e-01 8.08593398e-02 6.29234429e-02 5.18166931e-02 4.31717342e-02 3.27911710e-02 2.71807722e-02 2.82356406e-02 2.77933958e-02 2.22825136e-02 2.39323904e-02 1.96560721e-02 1.63855996e-02 8.11624821e-03 8.70428656e-03 7.87875553e-04 5.76517196e-03 3.79443642e-02 6.25620503e-02 8.05902309e-02 1.50587728e-01 2.03367653e-01 2.47266241e-01 2.84021436e-01 3.32465830e-01 3.66993375e-01 3.41885768e-01 3.35658893e-01 4.63213885e-01 6.70818607e-01
2.47000000e+01 6.36356038e-01 9.40851312e-02 1.14460268e-02 1.52140831e-01 1.50254341e-01 9.71144255e-02 8.23802992e-02 2.00299669e-02 -2.12460492e-02 -4.82994833e-02 -4.27729584e-02 -1.49326757e-02 4.53710607e-03 1.48679456e-02 3.35424801e-02 4.97539754e-02 8.51970284e-02 1.05370905e-01 1.22501472e-01 1.37992053e-01 1.35339194e-01 1.20677981e-01 8.20272807e-02 4.31732457e-02 2.79955334e-02 -2.00903192e-03 -2.48931286e-02 -3.67335947e-02 -4.11214520e-02 -2.79791287e-02 6.54606533e-03 4.01704953e-02 8.41433556e-02 1.24236462e-01 1.37233454e-01 1.73628286e-01 2.32738656e-01 2.75253358e-01 3.08605454e-01 3.55907030e-01 4.29347369e-01 5.11284959e-01 5.63296192e-01 5.88867128e-01 5.97220741e-01 5.98787268e-01 5.93895417e-01 5.84856512e-01 5.70723766e-01 5.59969431e-01 5.50518455e-01 5.39077148e-01 5.24660596e-01 5.11448450e-01 5.00745026e-01 4.95226947e-01 4.95677123e-01 5.06840790e-01 5.15829042e-01 5.19175858e-01 5.14366263e-01 4.95069315e-01 4.60023553e-01 4.16355816e-01 3.61088682e-01 3.04484597e-01 2.50564120e-01 2.05748192e-01 1.65452048e-01 1.31567086e-01 1.00764800e-01 7.86851788e-02 6.02495592e-02 4.92243438e-02 4.07204194e-02 3.02506836e-02 2.46237203e-02 2.58372843e-02 2.53711408e-02 2.02261721e-02 2.22179805e-02 1.89835395e-02 1.60947156e-02 9.27827181e-03 1.03424203e-02 2.62411422e-03 8.37561134e-03 4.14266448e-02 6.61696888e-02 8.50872037e-02 1.55462106e-01 2.07559011e-01 2.50846752e-01 2.88191840e-01 3.35626084e-01 3.68886700e-01 3.42664143e-01 3.38499877e-01 4.65547354e-01 6.70521735e-01
2.48000000e+01 6.40972630e-01 1.03308485e-01 1.54080268e-02 1.57014761e-01 1.57294455e-01 1.00790148e-01 8.57185226e-02 2.19282389e-02 -1.92603269e-02 -4.91227250e-02 -4.15853729e-02 -1.50769364e-02 3.90822589e-03 1.47203825e-02 3.23382766e-02 4.85766422e-02 8.22955910e-02 1.03674016e-01 1.21344801e-01 1.34736719e-01 1.34158379e-01 1.18828809e-01 8.15554590e-02 4.26466663e-02 2.79468860e-02 -6.75724054e-04 -2.43119623e-02 -3.51465589e-02 -4.09594689e-02 -2.79537112e-02 4.95556034e-03 3.98393896e-02 8.20799484e-02 1.23396624e-01 1.36331943e-01 1.71713763e-01 2.31380845e-01 2.74342305e-01 3.06662281e-01 3.52183996e-01 4.24081856e-01 5.07255996e-01 5.61340654e-01 5.88554592e-01 5.98306476e-01 5.99737245e-01 5.94840470e-01 5.85685775e-01 5.71015279e-01 5.60208130e-01 5.50661463e-01 5.39523739e-01 5.25410105e-01 5.12339344e-01 5.01652488e-01 4.95360898e-01 4.95065870e-01 5.05684076e-01 5.14371217e-01 5.18054958e-01 5.13198293e-01 4.93802974e-01 4.58215286e-01 4.13593490e-01 3.58258454e-01 3.01696254e-01 2.48416292e-01 2.04024404e-01 1.63830496e-01 1.29907042e-01 9.86608044e-02 7.65637228e-02 5.76437250e-02 4.66571382e-02 3.82842145e-02 2.77304422e-02 2.21267478e-02 2.34139714e-02 2.29496019e-02 1.81975993e-02 2.05105767e-02 1.83152964e-02 1.57759241e-02 1.04975220e-02 1.19772163e-02 4.48709361e-03 1.10445076e-02 4.50192103e-02 6.96993598e-02 8.97868270e-02 1.60201329e-01 2.11750181e-01 2.54352301e-01 2.92270483e-01 3.38732356e-01 3.70711391e-01 3.43423351e-01 3.41328386e-01 4.67829574e-01 6.70244807e-01
2.49000000e+01 6.45470850e-01 1.12312660e-01 1.93505840e-02 1.61805393e-01 1.64092255e-01 1.04621050e-01 8.89765289e-02 2.41168007e-02 -1.72204514e-02 -4.97001896e-02 -4.03622664e-02 -1.50929010e-02 3.31350392e-03 1.44621316e-02 3.11489035e-02 4.75562877e-02 7.92598351e-02 1.01974776e-01 1.20173470e-01 1.31387399e-01 1.32874691e-01 1.16813567e-01 8.10679420e-02 4.21709450e-02 2.78694149e-02 6.30738240e-04 -2.36615286e-02 -3.35369108e-02 -4.06636940e-02 -2.78267721e-02 3.39935279e-03 3.95641137e-02 8.00395955e-02 1.22528784e-01 1.35523426e-01 1.69830411e-01 2.29941928e-01 2.73516176e-01 3.04907022e-01 3.48609102e-01 4.18843757e-01 5.03006436e-01 5.59191247e-01 5.88108095e-01 5.99311613e-01 6.00643380e-01 5.95766822e-01 5.86471513e-01 5.71326839e-01 5.60456682e-01 5.50791192e-01 5.39956227e-01 5.26142457e-01 5.13247498e-01 5.02610616e-01 4.95555796e-01 4.94540339e-01 5.04545210e-01 5.12884071e-01 5.16854540e-01 5.11922039e-01 4.92432902e-01 4.56308328e-01 4.10745838e-01 3.55422500e-01 2.98925148e-01 2.46341212e-01 2.02343143e-01 1.62273303e-01 1.28277760e-01 9.66088387e-02 7.44899392e-02 5.51101499e-02 4.41158574e-02 3.58612629e-02 2.52313675e-02 1.96893109e-02 2.09649138e-02 2.05332647e-02 1.61951770e-02 1.88155720e-02 1.76479798e-02 1.54315330e-02 1.17742343e-02 1.36035126e-02 6.37861486e-03 1.37795076e-02 4.87097238e-02 7.31615268e-02 9.46804480e-02 1.64800520e-01 2.15940439e-01 2.57784940e-01 2.96252011e-01 3.41792718e-01 3.72460243e-01 3.44170582e-01 3.44140589e-01 4.70061939e-01 6.69991106e-01
2.50000000e+01 6.49856654e-01 1.21098182e-01 2.32833980e-02 1.66495270e-01 1.70634934e-01 1.08614792e-01 9.21437557e-02 2.66173341e-02 -1.51496526e-02 -4.99990081e-02 -3.91243093e-02 -1.49796138e-02 2.75922409e-03 1.40852469e-02 2.99775342e-02 4.66803610e-02 7.61166856e-02 1.00265595e-01 1.18969025e-01 1.27972557e-01 1.31474641e-01 1.14642411e-01 8.05569066e-02 4.17491970e-02 2.77694802e-02 1.90057703e-03 -2.29415436e-02 -3.19089917e-02 -4.02368053e-02 -2.75995215e-02 1.88628668e-03 3.93342460e-02 7.80372202e-02 1.21619571e-01 1.34808599e-01 1.67988087e-01 2.28415498e-01 2.72761467e-01 3.03338365e-01 3.45188129e-01 4.13653441e-01 4.98545235e-01 5.56842963e-01 5.87525119e-01 6.00225264e-01 6.01507347e-01 5.96673849e-01 5.87209893e-01 5.71661685e-01 5.60714476e-01 5.50912233e-01 5.40375172e-01 5.26856141e-01 5.14170520e-01 5.03612932e-01 4.95809955e-01 4.94101813e-01 5.03427619e-01 5.11372094e-01 5.15571408e-01 5.10538018e-01 4.90954845e-01 4.54301077e-01 4.07820543e-01 3.52583366e-01 2.96176089e-01 2.44338642e-01 2.00701910e-01 1.60776898e-01 1.26675678e-01 9.46118469e-02 7.24585112e-02 5.26528313e-02 4.16014211e-02 3.34499493e-02 2.27545131e-02 1.73099409e-02 1.84902139e-02 1.81265902e-02 1.42169353e-02 1.71386121e-02 1.69777333e-02 1.50649681e-02 1.31075120e-02 1.52167059e-02 8.30073873e-03 1.65880077e-02 5.24843817e-02 7.65700037e-02 9.97547496e-02 1.69258469e-01 2.20127349e-01 2.61147269e-01 3.00131803e-01 3.44814487e-01 3.74126656e-01 3.44912413e-01 3.46933142e-01 4.72245585e-01 6.69763861e-01
2.51000000e+01 6.54134993e-01 1.29666960e-01 2.72161894e-02 1.71064997e-01 1.76914532e-01 1.12774537e-01 9.52137932e-02 2.94461123e-02 -1.30663746e-02 -4.99913461e-02 -3.78880944e-02 -1.47386115e-02 2.25127513e-03 1.35846660e-02 2.88272826e-02 4.59326715e-02 7.28958224e-02 9.85388252e-02 1.17711854e-01 1.24521182e-01 1.29944647e-01 1.12327227e-01 8.00132027e-02 4.13845228e-02 2.76526954e-02 3.12602663e-03 -2.21532415e-02 -3.02661883e-02 -3.96821445e-02 -2.72739473e-02 4.26383010e-04 3.91385667e-02 7.60879744e-02 1.20656399e-01 1.34186797e-01 1.66197118e-01 2.26797089e-01 2.72063865e-01 3.01953330e-01 3.41926625e-01 4.08530208e-01 4.93883732e-01 5.54291015e-01 5.86802900e-01 6.01036676e-01 6.02330540e-01 5.97560532e-01 5.87897984e-01 5.72022373e-01 5.60980680e-01 5.51029215e-01 5.40781315e-01 5.27549957e-01 5.15106009e-01 5.04652906e-01 4.96121659e-01 4.93750963e-01 5.02334777e-01 5.09839658e-01 5.14202771e-01 5.09046818e-01 4.89364565e-01 4.52192017e-01 4.04825702e-01 3.49743337e-01 2.93454077e-01 2.42407654e-01 1.99098602e-01 1.59337253e-01 1.25097719e-01 9.26727555e-02 7.04639918e-02 5.02754983e-02 3.91148168e-02 3.10489514e-02 2.03010536e-02 1.49862830e-02 1.59908862e-02 1.57339271e-02 1.22606283e-02 1.54855148e-02 1.63002602e-02 1.46807848e-02 1.44952361e-02 1.68129274e-02 1.02557035e-02 1.94769437e-02 5.63283463e-02 7.99414706e-02 1.04992073e-01 1.73577582e-01 2.24306726e-01 2.64442439e-01 3.03906079e-01 3.47803987e-01 3.75704887e-01 3.45654635e-01 3.49703295e-01 4.74381363e-01 6.69566246e-01
2.52000000e+01 6.58309829e-01 1.38022324e-01 3.11583375e-02 1.75493703e-01 1.82927826e-01 1.17098818e-01 9.81847064e-02 3.26134067e-02 -1.09835139e-02 -4.96551845e-02 -3.66656832e-02 -1.43738747e-02 1.79486359e-03 1.29583754e-02 2.77011150e-02 4.52938187e-02 6.96289856e-02 9.67869727e-02 1.16381693e-01 1.21062084e-01 1.28271456e-01 1.09881364e-01 7.94266116e-02 4.10798446e-02 2.75239593e-02 4.30127764e-03 -2.12992118e-02 -2.86111219e-02 -3.90035594e-02 -2.68528590e-02 -9.69192564e-04 3.89652089e-02 7.42068379e-02 1.19627921e-01 1.33655847e-01 1.64468107e-01 2.25084309e-01 2.71408402e-01 3.00747230e-01 3.38829926e-01 4.03492092e-01 4.89035591e-01 5.51531012e-01 5.85938328e-01 6.01735382e-01 6.03113952e-01 5.98425452e-01 5.88533842e-01 5.72410694e-01 5.61254343e-01 5.51146708e-01 5.41175578e-01 5.28223039e-01 5.16051529e-01 5.05724028e-01 4.96489147e-01 4.93487859e-01 5.01270177e-01 5.08290960e-01 5.12746340e-01 5.07449024e-01 4.87657919e-01 4.49979739e-01 4.01769725e-01 3.46904491e-01 2.90764237e-01 2.40546632e-01 1.97531519e-01 1.57949928e-01 1.23541347e-01 9.07943280e-02 6.85009718e-02 4.79815483e-02 3.66570315e-02 2.86572828e-02 1.78722688e-02 1.27151616e-02 1.34688554e-02 1.33594277e-02 1.03238260e-02 1.38621703e-02 1.56108968e-02 1.42846341e-02 1.59340216e-02 1.83891914e-02 1.22458455e-02 2.24525849e-02 6.02262142e-02 8.32948977e-02 1.10370865e-01 1.77763711e-01 2.28472657e-01 2.67674130e-01 3.07571989e-01 3.50766341e-01 3.77190277e-01 3.46402095e-01 3.52448974e-01 4.76469807e-01 6.69401370e-01
2.53000000e+01 6.62384172e-01 1.46169053e-01 3.51185177e-02 1.79759578e-01 1.88676090e-01 1.21581550e-01 1.01059202e-01 3.61230777e-02 -8.90786019e-03 -4.89748971e-02 -3.54643172e-02 -1.38916869e-02 1.39423778e-03 1.22075113e-02 2.66017501e-02 4.47417101e-02 6.63492407e-02 9.50028898e-02 1.14958169e-01 1.17623160e-01 1.26442599e-01 1.07319308e-01 7.87861542e-02 4.08377210e-02 2.73875280e-02 5.42234286e-03 -2.03831839e-02 -2.69458417e-02 -3.82052434e-02 -2.63399071e-02 -2.28822701e-03 3.88018516e-02 7.24082324e-02 1.18524462e-01 1.33211955e-01 1.62811723e-01 2.23276956e-01 2.70779623e-01 2.99713649e-01 3.35903145e-01 3.98555719e-01 4.84016707e-01 5.48559145e-01 5.84927861e-01 6.02311351e-01 6.03858067e-01 5.99266799e-01 5.89116565e-01 5.72827608e-01 5.61534491e-01 5.51269132e-01 5.41559067e-01 5.28874872e-01 5.17004593e-01 5.06819862e-01 4.96910603e-01 4.93311989e-01 5.00237293e-01 5.06729958e-01 5.11200401e-01 5.05745165e-01 4.85830935e-01 4.47662966e-01 3.98661222e-01 3.44068768e-01 2.88111757e-01 2.38753302e-01 1.95999357e-01 1.56610118e-01 1.22004595e-01 8.89790280e-02 6.65642577e-02 4.57739714e-02 3.42290003e-02 2.62743222e-02 1.54695240e-02 1.04926682e-02 1.09269302e-02 1.10069650e-02 8.40402986e-03 1.22744167e-02 1.49047134e-02 1.38831825e-02 1.74192237e-02 1.99435109e-02 1.42735275e-02 2.55203393e-02 6.41625066e-02 8.66508947e-02 1.15866238e-01 1.81825872e-01 2.32617595e-01 2.70846517e-01 3.11127683e-01 3.53705307e-01 3.78579427e-01 3.47158580e-01 3.55168838e-01 4.78511130e-01 6.69272270e-01
2.54000000e+01 6.66360120e-01 1.54113349e-01 3.91043530e-02 1.83840454e-01 1.94164737e-01 1.26212200e-01 1.03844632e-01 3.99723632e-02 -6.83976198e-03 -4.79416070e-02 -3.42863020e-02 -1.33004088e-02 1.05243828e-03 1.13363917e-02 2.55315505e-02 4.42521502e-02 6.30902163e-02 9.31799428e-02 1.13421365e-01 1.14230673e-01 1.24446844e-01 1.04656314e-01 7.80804401e-02 4.06601463e-02 2.72471205e-02 6.48685546e-03 -1.94097619e-02 -2.52720266e-02 -3.72915730e-02 -2.57395714e-02 -3.51763598e-03 3.86359599e-02 7.07056690e-02 1.17338385e-01 1.32849616e-01 1.61238488e-01 2.21377080e-01 2.70161775e-01 2.98844464e-01 3.33151125e-01 3.93736204e-01 4.78845039e-01 5.45372397e-01 5.83767456e-01 6.02755109e-01 6.04562758e-01 6.00082381e-01 5.89646306e-01 5.73273198e-01 5.61820226e-01 5.51400678e-01 5.41933053e-01 5.29505304e-01 5.17962651e-01 5.07934104e-01 4.97384140e-01 4.93222290e-01 4.99239550e-01 5.05160323e-01 5.09563879e-01 5.03935661e-01 4.83879887e-01 4.45240583e-01 3.95508898e-01 3.41238016e-01 2.85501817e-01 2.37024760e-01 1.94501183e-01 1.55312730e-01 1.20486078e-01 8.72288981e-02 6.46490511e-02 4.36552605e-02 3.18315809e-02 2.38998210e-02 1.30942482e-02 8.31426921e-03 8.36875611e-03 8.68005084e-03 6.49881010e-03 1.07278894e-02 1.41766447e-02 1.34839891e-02 1.89449888e-02 2.14749738e-02 1.63410783e-02 2.86845750e-02 6.81221624e-02 9.00310072e-02 1.21450622e-01 1.85775874e-01 2.36732518e-01 2.73964202e-01 3.14572364e-01 3.56623153e-01 3.79870335e-01 3.47926742e-01 3.57862309e-01 4.80505225e-01 6.69181899e-01
2.55000000e+01 6.70238924e-01 1.61862792e-01 4.31220890e-02 1.87714417e-01 1.99402853e-01 1.30976092e-01 1.06552832e-01 4.41518738e-02 -4.77302739e-03 -4.65533114e-02 -3.31290644e-02 -1.26101813e-02 7.71092998e-04 1.03524769e-02 2.44924112e-02 4.37994837e-02 5.98853313e-02 9.13121630e-02 1.11752386e-01 1.10908532e-01 1.22274647e-01 1.01908001e-01 7.72980438e-02 4.05483456e-02 2.71060472e-02 7.49381439e-03 -1.83841207e-02 -2.35911944e-02 -3.62669486e-02 -2.50571173e-02 -4.64372366e-03 3.84550743e-02 6.91114394e-02 1.16064394e-01 1.32561584e-01 1.59758570e-01 2.19389016e-01 2.69539010e-01 2.98129880e-01 3.30578364e-01 3.89047116e-01 4.73540401e-01 5.41968745e-01 5.82452518e-01 6.03057845e-01 6.05227208e-01 6.00869655e-01 5.90124265e-01 5.73746656e-01 5.62110808e-01 5.51545240e-01 5.42298955e-01 5.30114552e-01 5.18923094e-01 5.09060625e-01 4.97907791e-01 4.93217176e-01 4.98280280e-01 5.03585394e-01 5.07836379e-01 5.02020802e-01 4.81801360e-01 4.42711674e-01 3.92321443e-01 3.38414045e-01 2.82939520e-01 2.35357527e-01 1.93036397e-01 1.54052470e-01 1.18984982e-01 8.55454573e-02 6.27511251e-02 4.16273076e-02 2.94655631e-02 2.15338849e-02 1.07479098e-02 6.17492522e-03 5.79875105e-03 6.38175417e-03 4.60596303e-03 9.22784505e-03 1.34216529e-02 1.30953460e-02 2.05043488e-02 2.29837782e-02 1.84507469e-02 3.19484624e-02 7.20910191e-02 9.34569834e-02 1.27094484e-01 1.89627855e-01 2.40807146e-01 2.77032137e-01 3.17906309e-01 3.59520592e-01 3.81062481e-01 3.48708063e-01 3.60529575e-01 4.82451675e-01 6.69133113e-01
2.56000000e+01 6.74021066e-01 1.69426253e-01 4.71763045e-02 1.91360434e-01 2.04402629e-01 1.35854854e-01 1.09199794e-01 4.86457988e-02 -2.69506489e-03 -4.48147731e-02 -3.19853807e-02 -1.18325733e-02 5.50272490e-04 9.26624911e-03 2.34856547e-02 4.33572728e-02 5.67670252e-02 8.93943814e-02 1.09933914e-01 1.07677619e-01 1.19918583e-01 9.90899340e-02 7.64278905e-02 4.05025786e-02 2.69673474e-02 8.44329688e-03 -1.73116800e-02 -2.19049162e-02 -3.51356423e-02 -2.42985152e-02 -5.65252002e-03 3.82471459e-02 6.76363571e-02 1.14699744e-01 1.32338870e-01 1.58381569e-01 2.17319361e-01 2.68895609e-01 2.97558505e-01 3.28188902e-01 3.84500475e-01 4.68124211e-01 5.38347380e-01 5.80977874e-01 6.03211486e-01 6.05849844e-01 6.01625752e-01 5.90552634e-01 5.74246295e-01 5.62405726e-01 5.51706355e-01 5.42658314e-01 5.30703196e-01 5.19883264e-01 5.10193516e-01 4.98479491e-01 4.93294576e-01 4.97362682e-01 5.02008138e-01 5.06018217e-01 5.00000723e-01 4.79592311e-01 4.40075560e-01 3.89107422e-01 3.35598668e-01 2.80429814e-01 2.33747620e-01 1.91604676e-01 1.52823947e-01 1.17501031e-01 8.39296216e-02 6.08669894e-02 3.96912881e-02 2.71317128e-02 1.91769291e-02 8.43199103e-03 4.06921827e-03 3.22203065e-03 4.11461898e-03 2.72367981e-03 7.77897119e-03 1.26349197e-02 1.27260872e-02 2.20893510e-02 2.44712269e-02 2.06046709e-02 3.53138408e-02 7.60562618e-02 9.69500348e-02 1.32767114e-01 1.93397751e-01 2.44830215e-01 2.80055519e-01 3.21130871e-01 3.62396747e-01 3.82156854e-01 3.49502861e-01 3.63171560e-01 4.84349786e-01 6.69128653e-01
2.57000000e+01 6.77706349e-01 1.76813767e-01 5.12696665e-02 1.94758976e-01 2.09178734e-01 1.40826984e-01 1.11805192e-01 5.34323137e-02 -5.87259611e-04 -4.27371835e-02 -3.08437678e-02 -1.09801853e-02 3.88415197e-04 8.09100723e-03 2.25119440e-02 4.28989898e-02 5.37660071e-02 8.74223500e-02 1.07950739e-01 1.04555175e-01 1.17373725e-01 9.62172081e-02 7.54596340e-02 4.05219656e-02 2.68339241e-02 9.33616055e-03 -1.61977791e-02 -2.02150290e-02 -3.39016580e-02 -2.34703282e-02 -6.53017835e-03 3.80009042e-02 6.62895508e-02 1.13244362e-01 1.32170806e-01 1.57116320e-01 2.15176906e-01 2.68216220e-01 2.97117454e-01 3.25986192e-01 3.80106800e-01 4.62619199e-01 5.34508903e-01 5.79337784e-01 6.03208756e-01 6.06428293e-01 6.02347520e-01 5.90934518e-01 5.74769586e-01 5.62704745e-01 5.51887164e-01 5.43012767e-01 5.31272164e-01 5.20840474e-01 5.11327125e-01 4.99097067e-01 4.93451963e-01 4.96489775e-01 5.00431123e-01 5.04110433e-01 4.97875399e-01 4.77250119e-01 4.37331852e-01 3.85875164e-01 3.32793741e-01 2.77977415e-01 2.32190638e-01 1.90205911e-01 1.51621779e-01 1.16034427e-01 8.23816467e-02 5.89940369e-02 3.78475411e-02 2.48308474e-02 1.68296098e-02 6.14796156e-03 1.99147987e-03 6.44328043e-04 1.88058360e-03 8.50716408e-04 6.38519190e-03 1.18120596e-02 1.23853733e-02 2.36912204e-02 2.59396816e-02 2.28048594e-02 3.87811146e-02 8.00068271e-02 1.00530115e-01 1.38437426e-01 1.97102707e-01 2.48789794e-01 2.83039676e-01 3.24248462e-01 3.65249188e-01 3.83155932e-01 3.50310343e-01 3.65789877e-01 4.86198626e-01 6.69171132e-01
2.58000000e+01 6.81294001e-01 1.84036376e-01 5.54027400e-02 1.97892612e-01 2.13747624e-01 1.45868520e-01 1.14391765e-01 5.84841807e-02 1.57442706e-03 -4.03376118e-02 -2.96890228e-02 -1.00662203e-02 2.82324495e-04 6.84257593e-03 2.15712196e-02 4.23987034e-02 5.09105409e-02 8.53928469e-02 1.05790234e-01 1.01554270e-01 1.14637965e-01 9.33040664e-02 7.43840081e-02 4.06043475e-02 2.67086600e-02 1.01737592e-02 -1.50473786e-02 -1.85238340e-02 -3.25686071e-02 -2.25795693e-02 -7.26340749e-03 3.77062418e-02 6.50783031e-02 1.11700891e-01 1.32045151e-01 1.55970692e-01 2.12972534e-01 2.67486092e-01 2.96792476e-01 3.23972947e-01 3.75875187e-01 4.57049083e-01 5.30455513e-01 5.77525971e-01 6.03043189e-01 6.06959352e-01 6.03031571e-01 5.91273825e-01 5.75313232e-01 5.63007937e-01 5.52090380e-01 5.43364021e-01 5.31822710e-01 5.21792037e-01 5.12456091e-01 4.99758231e-01 4.93686398e-01 4.95664351e-01 4.98856496e-01 5.02114794e-01 4.95644648e-01 4.74772625e-01 4.34480511e-01 3.82632647e-01 3.30001205e-01 2.75586716e-01 2.30681869e-01 1.88840118e-01 1.50440719e-01 1.14585784e-01 8.09010955e-02 5.71306674e-02 3.60954530e-02 2.25639333e-02 1.44927394e-02 3.89725105e-03 -6.40844774e-05 -1.92808603e-03 -3.19095862e-04 -1.01344674e-03 5.04948583e-03 1.09493446e-02 1.20824584e-02 2.53005478e-02 2.73924809e-02 2.50531866e-02 4.23491808e-02 8.39337458e-02 1.04215239e-01 1.44074778e-01 2.00760454e-01 2.52673638e-01 2.85989931e-01 3.27262501e-01 3.68073998e-01 3.84063609e-01 3.51128690e-01 3.68386740e-01 4.87997070e-01 6.69263015e-01
2.59000000e+01 6.84782789e-01 1.91105943e-01 5.95738580e-02 2.00746564e-01 2.18126825e-01 1.50953789e-01 1.16984583e-01 6.37695202e-02 3.81865452e-03 -3.76382606e-02 -2.85028928e-02 -9.10403066e-03 2.27233563e-04 5.53893451e-03 2.06626673e-02 4.18317420e-02 4.82257816e-02 8.33037674e-02 1.03442774e-01 9.86833823e-02 1.11712250e-01 9.03635592e-02 7.31931369e-02 4.07461917e-02 2.65945027e-02 1.09576949e-02 -1.38648147e-02 -1.68342679e-02 -3.11396073e-02 -2.16335352e-02 -7.83991000e-03 3.73545961e-02 6.40079285e-02 1.10074634e-01 1.31948253e-01 1.54951400e-01 2.10719080e-01 2.66691316e-01 2.96568105e-01 3.22150984e-01 3.71813410e-01 4.51438245e-01 5.26191169e-01 5.75535701e-01 6.02709132e-01 6.07438981e-01 6.03674327e-01 5.91575127e-01 5.75873262e-01 5.63315688e-01 5.52318267e-01 5.43713830e-01 5.32356381e-01 5.22735298e-01 5.13575368e-01 5.00460568e-01 4.93994559e-01 4.94888926e-01 4.97285969e-01 5.00033774e-01 4.93308144e-01 4.72158154e-01 4.31521916e-01 3.79387389e-01 3.27223120e-01 2.73261700e-01 2.29216410e-01 1.87507358e-01 1.49275781e-01 1.13156035e-01 7.94868276e-02 5.52763798e-02 3.44333562e-02 2.03321921e-02 1.21671949e-02 1.68121896e-03 -2.10327796e-03 -4.48848095e-03 -2.48391259e-03 -2.86846679e-03 3.77373148e-03 1.00439245e-02 1.18264483e-02 2.69075007e-02 2.88338272e-02 2.73513935e-02 4.60153955e-02 8.78304129e-02 1.08020870e-01 1.49649769e-01 2.04388663e-01 2.56469567e-01 2.88911465e-01 3.30177360e-01 3.70865900e-01 3.84885070e-01 3.51955191e-01 3.70964868e-01 4.89743866e-01 6.69406597e-01
2.60000000e+01 6.88171135e-01 1.98034928e-01 6.37790581e-02 2.03309199e-01 2.22334204e-01 1.56056214e-01 1.19610220e-01 6.92527288e-02 6.17772453e-03 -3.46655577e-02 -2.72648507e-02 -8.10665294e-03 2.16931554e-04 4.19977782e-03 1.97847161e-02 4.11753151e-02 4.57331799e-02 8.11541969e-02 1.00902074e-01 9.59461151e-02 1.08600716e-01 8.74072659e-02 7.18807939e-02 4.09425479e-02 2.64945085e-02 1.16896241e-02 -1.26536251e-02 -1.51500287e-02 -2.96172101e-02 -2.06396213e-02 -8.24879880e-03 3.69393102e-02 6.30816793e-02 1.08373444e-01 1.31865250e-01 1.54063824e-01 2.08431159e-01 2.65819052e-01 2.96427839e-01 3.20521051e-01 3.67928043e-01 4.45811381e-01 5.21721722e-01 5.73359890e-01 6.02201711e-01 6.07862310e-01 6.04272077e-01 5.91843507e-01 5.76445155e-01 5.63628681e-01 5.52572628e-01 5.44063972e-01 5.32874977e-01 5.23667669e-01 5.14680256e-01 5.01201536e-01 4.94372783e-01 4.94165691e-01 4.95720825e-01 4.97870535e-01 4.90865435e-01 4.69405537e-01 4.28456934e-01 3.76146336e-01 3.24461708e-01 2.71005835e-01 2.27789301e-01 1.86207622e-01 1.48122367e-01 1.11746334e-01 7.81370122e-02 5.34318311e-02 3.28584527e-02 1.81372034e-02 9.85383511e-03 -4.98879932e-04 -4.13180284e-03 -7.02974344e-03 -4.61415942e-03 -4.71303281e-03 2.55859344e-03 9.09402596e-03 1.16260575e-02 2.85020522e-02 3.02686468e-02 2.97010919e-02 4.97755801e-02 9.16927753e-02 1.11959383e-01 1.55134999e-01 2.08004307e-01 2.60165858e-01 2.91809174e-01 3.32998272e-01 3.73618411e-01 3.85626625e-01 3.52786394e-01 3.73527368e-01 4.91437696e-01 6.69603984e-01
2.61000000e+01 6.91457240e-01 2.04836147e-01 6.80120903e-02 2.05572441e-01 2.26387265e-01 1.61149151e-01 1.22295867e-01 7.48955114e-02 8.68646171e-03 -3.14491163e-02 -2.59529484e-02 -7.08634579e-03 2.43944499e-04 2.84602495e-03 1.89350650e-02 4.04090799e-02 4.34499687e-02 7.89444661e-02 9.81654289e-02 9.33410530e-02 1.05310721e-01 8.44450846e-02 7.04426046e-02 4.11870574e-02 2.64118365e-02 1.23711304e-02 -1.14164579e-02 -1.34756410e-02 -2.80033727e-02 -1.96051192e-02 -8.48097092e-03 3.64559569e-02 6.23006713e-02 1.06607551e-01 1.31780317e-01 1.53311835e-01 2.06124981e-01 2.64857745e-01 2.96354335e-01 3.19082679e-01 3.64224574e-01 4.40193176e-01 5.17055002e-01 5.70991248e-01 6.01516776e-01 6.08223665e-01 6.04821034e-01 5.92084384e-01 5.77023981e-01 5.63947867e-01 5.52854806e-01 5.44416238e-01 5.33380515e-01 5.24586664e-01 5.15766423e-01 5.01978459e-01 4.94817096e-01 4.93496461e-01 4.94161924e-01 4.95628876e-01 4.88315967e-01 4.66514113e-01 4.25286999e-01 3.72915761e-01 3.21719383e-01 2.68821973e-01 2.26395673e-01 1.84940732e-01 1.46976394e-01 1.10357955e-01 7.68491634e-02 5.15988549e-02 3.13667731e-02 1.59809855e-02 7.55343667e-03 -2.64193661e-03 -6.15515636e-03 -9.54446036e-03 -6.71095418e-03 -6.54480128e-03 1.40345999e-03 8.09911344e-03 1.14893741e-02 3.00742251e-02 3.17024320e-02 3.21037644e-02 5.36240747e-02 9.55194299e-02 1.16039638e-01 1.60505758e-01 2.11623043e-01 2.63751638e-01 2.94687523e-01 3.35731237e-01 3.76324044e-01 3.86295509e-01 3.53618297e-01 3.76077597e-01 4.93077245e-01 6.69857071e-01
2.62000000e+01 6.94639208e-01 2.11522506e-01 7.22644957e-02 2.07532101e-01 2.30302469e-01 1.66206715e-01 1.25068403e-01 8.06579924e-02 1.13809930e-02 -2.80206039e-02 -2.45447148e-02 -6.05414987e-03 2.99765179e-04 1.49929341e-03 1.81107358e-02 3.95156384e-02 4.13887447e-02 7.66761817e-02 9.52338597e-02 9.08617802e-02 1.01852763e-01 8.14850935e-02 6.88761904e-02 4.14720127e-02 2.63496911e-02 1.30036668e-02 -1.01550661e-02 -1.18164470e-02 -2.62994860e-02 -1.85369969e-02 -8.52942418e-03 3.59026143e-02 6.16638250e-02 1.04789347e-01 1.31676946e-01 1.52697644e-01 2.03818131e-01 2.63797323e-01 2.96329611e-01 3.17834030e-01 3.60707533e-01 4.34607979e-01 5.12200868e-01 5.68422451e-01 6.00650829e-01 6.08516612e-01 6.05317385e-01 5.92303333e-01 5.77604562e-01 5.64274409e-01 5.53165684e-01 5.44772412e-01 5.33875177e-01 5.25489934e-01 5.16829924e-01 5.02788534e-01 4.95323257e-01 4.92882629e-01 4.92609732e-01 4.93313178e-01 4.85659126e-01 4.63483737e-01 4.22014176e-01 3.69701170e-01 3.18998785e-01 2.66712239e-01 2.25030892e-01 1.83706232e-01 1.45834416e-01 1.08992189e-01 7.56201963e-02 4.97804395e-02 2.99531773e-02 1.38660427e-02 5.26666219e-03 -4.74703681e-03 -8.17852635e-03 -1.20250162e-02 -8.77623143e-03 -8.36037993e-03 3.06438093e-04 7.05999925e-03 1.14236407e-02 3.16143469e-02 3.31410694e-02 3.45607564e-02 5.75538381e-02 9.93116302e-02 1.20266654e-01 1.65740641e-01 2.15258639e-01 2.67217261e-01 2.97550411e-01 3.38382907e-01 3.78974529e-01 3.86899644e-01 3.54446552e-01 3.78619022e-01 4.94661274e-01 6.70167519e-01
2.63000000e+01 6.97715165e-01 2.18106717e-01 7.65257583e-02 2.09188091e-01 2.34094637e-01 1.71204590e-01 1.27953475e-01 8.64998663e-02 1.42974694e-02 -2.44125588e-02 -2.30180639e-02 -5.01949015e-03 3.75126419e-04 1.81356469e-04 1.73081493e-02 3.84809554e-02 3.95571559e-02 7.43522291e-02 9.21121560e-02 8.84970543e-02 9.82402945e-02 7.85334816e-02 6.71812582e-02 4.17884624e-02 2.63112160e-02 1.35885636e-02 -8.87038012e-03 -1.01785167e-02 -2.45064744e-02 -1.74416613e-02 -8.38950945e-03 3.52800816e-02 6.11678213e-02 1.02933139e-01 1.31538260e-01 1.52221661e-01 2.01529333e-01 2.62629380e-01 2.96335269e-01 3.16771776e-01 3.57380594e-01 4.29079505e-01 5.07171204e-01 5.65646356e-01 5.99600935e-01 6.08734008e-01 6.05757347e-01 5.92505902e-01 5.78181636e-01 5.64609624e-01 5.53505701e-01 5.45134264e-01 5.34361277e-01 5.26375294e-01 5.17867228e-01 5.03628825e-01 4.95886787e-01 4.92325121e-01 4.91064353e-01 4.90928325e-01 4.82894279e-01 4.60314772e-01 4.18641222e-01 3.66507230e-01 3.16302798e-01 2.64677929e-01 2.23690699e-01 1.82503285e-01 1.44693724e-01 1.07650246e-01 7.44465025e-02 4.79806616e-02 2.86114049e-02 1.17953660e-02 2.99406524e-03 -6.81351821e-03 -1.02066796e-02 -1.44637154e-02 -1.08126936e-02 -1.01553639e-02 -7.35593468e-04 5.97889327e-03 1.14350577e-02 3.31133095e-02 3.45906629e-02 3.70732557e-02 6.15565973e-02 1.03073200e-01 1.24641421e-01 1.70822047e-01 2.18922459e-01 2.70554657e-01 3.00401045e-01 3.40960462e-01 3.81561061e-01 3.87447387e-01 3.55266687e-01 3.81155071e-01 4.96188693e-01 6.70536738e-01
2.64000000e+01 7.00683372e-01 2.24601012e-01 8.07835253e-02 2.10544543e-01 2.37776417e-01 1.76120769e-01 1.30974607e-01 9.23815480e-02 1.74707757e-02 -2.06571988e-02 -2.13521781e-02 -3.98984041e-03 4.60311893e-04 -1.08640011e-03 1.65232230e-02 3.72946880e-02 3.79577045e-02 7.19767379e-02 8.88088173e-02 8.62311325e-02 9.44894319e-02 7.55945473e-02 6.53596378e-02 4.21263542e-02 2.62993457e-02 1.41270925e-02 -7.56264326e-03 -8.56847699e-03 -2.26249725e-02 -1.63247076e-02 -8.05911523e-03 3.45920256e-02 6.08070789e-02 1.01054874e-01 1.31347358e-01 1.51882391e-01 1.99278183e-01 2.61347339e-01 2.96352709e-01 3.15890995e-01 3.54246675e-01 4.23630567e-01 5.01979867e-01 5.62656222e-01 5.98364626e-01 6.08868077e-01 6.06137215e-01 5.92697426e-01 5.78750031e-01 5.64954912e-01 5.53874868e-01 5.45503532e-01 5.34841216e-01 5.27240746e-01 5.18875237e-01 5.04496268e-01 4.96503006e-01 4.91824350e-01 4.89525583e-01 4.88479609e-01 4.80020822e-01 4.57008088e-01 4.15171623e-01 3.63337719e-01 3.13634554e-01 2.62719424e-01 2.22371347e-01 1.81330596e-01 1.43552424e-01 1.06333164e-01 7.33240434e-02 4.62045758e-02 2.73341765e-02 9.77238168e-03 7.36133947e-04 -8.84103454e-03 -1.22438361e-02 -1.68529371e-02 -1.28237174e-02 -1.19244254e-02 -1.72687735e-03 4.85939193e-03 1.15286152e-02 3.45628300e-02 3.60573548e-02 3.96422594e-02 6.56230422e-02 1.06810357e-01 1.29160830e-01 1.75736566e-01 2.22623038e-01 2.73757648e-01 3.03241828e-01 3.43471472e-01 3.84074564e-01 3.87947266e-01 3.56074324e-01 3.83688984e-01 4.97658629e-01 6.70965870e-01
2.65000000e+01 7.03542343e-01 2.31016844e-01 8.50238934e-02 2.11609807e-01 2.41357868e-01 1.80936213e-01 1.34152375e-01 9.82652846e-02 2.09332722e-02 -1.67852625e-02 -1.95283309e-02 -2.97046655e-03 5.45497826e-04 -2.28350730e-03 1.57514877e-02 3.59504185e-02 3.65876691e-02 6.95550086e-02 8.53359005e-02 8.40442377e-02 9.06185795e-02 7.26707602e-02 6.34152689e-02 4.24747047e-02 2.63166311e-02 1.46205701e-02 -6.23159355e-03 -6.99326771e-03 -2.06555755e-02 -1.51906652e-02 -7.53878241e-03 3.38450476e-02 6.05737620e-02 9.91718456e-02 1.31087690e-01 1.51676343e-01 1.97084856e-01 2.59946603e-01 2.96363355e-01 3.15185102e-01 3.51308011e-01 4.18282825e-01 4.96642594e-01 5.59445963e-01 5.96939788e-01 6.08910484e-01 6.06453407e-01 5.92882851e-01 5.79304830e-01 5.65311678e-01 5.54272787e-01 5.45881912e-01 5.35317441e-01 5.28084498e-01 5.19851304e-01 5.05387671e-01 4.97167073e-01 4.91380180e-01 4.87992966e-01 4.85972625e-01 4.77038246e-01 4.53565066e-01 4.11609611e-01 3.60195499e-01 3.10997418e-01 2.60836119e-01 2.21069704e-01 1.80186348e-01 1.42409494e-01 1.05041734e-01 7.22484563e-02 4.44580624e-02 2.61133471e-02 7.80084695e-03 -1.50663156e-03 -1.08296236e-02 -1.42935273e-02 -1.91853248e-02 -1.48132140e-02 -1.36614532e-02 -2.67262635e-03 3.70641144e-03 1.17079590e-02 3.59557013e-02 3.75471515e-02 4.22685304e-02 6.97430628e-02 1.10531453e-01 1.33817730e-01 1.80475227e-01 2.26365750e-01 2.76822201e-01 3.06074279e-01 3.45923755e-01 3.86505962e-01 3.88407703e-01 3.56865407e-01 3.86223673e-01 4.99070489e-01 6.71455774e-01
2.66000000e+01 7.06290936e-01 2.37364601e-01 8.92317521e-02 2.12396337e-01 2.44846137e-01 1.85635409e-01 1.37503665e-01 1.04116191e-01 2.47136126e-02 -1.28249277e-02 -1.75306179e-02 -1.96426060e-03 6.21118226e-04 -3.39091575e-03 1.49882225e-02 3.44457835e-02 3.54391505e-02 6.70933968e-02 8.17087810e-02 8.19131456e-02 8.66479707e-02 6.97628857e-02 6.13541421e-02 4.28217883e-02 2.63650539e-02 1.50704871e-02 -4.87667196e-03 -5.45984025e-03 -1.85991492e-02 -1.40427605e-02 -6.83174650e-03 3.30486626e-02 6.04578330e-02 9.73023775e-02 1.30743452e-01 1.51597983e-01 1.94969770e-01 2.58424692e-01 2.96348876e-01 3.14645804e-01 3.48566212e-01 4.13056588e-01 4.91176855e-01 5.56010410e-01 5.95324563e-01 6.08852426e-01 6.06702495e-01 5.93066575e-01 5.79841529e-01 5.65681265e-01 5.54698683e-01 5.46271039e-01 5.35792421e-01 5.28904977e-01 5.20793256e-01 5.06299719e-01 4.97874016e-01 4.90991892e-01 4.86465853e-01 4.83413151e-01 4.73946191e-01 4.49987592e-01 4.07960158e-01 3.57082520e-01 3.08394959e-01 2.59026385e-01 2.19783338e-01 1.79068172e-01 1.41264803e-01 1.03776441e-01 7.12151712e-02 4.27476380e-02 2.49401070e-02 5.88469685e-03 -3.73361628e-03 -1.27797748e-02 -1.63584400e-02 -2.14540066e-02 -1.67854479e-02 -1.53597374e-02 -3.57883921e-03 2.52607603e-03 1.19752917e-02 3.72860260e-02 3.90657551e-02 4.49525488e-02 7.39060205e-02 1.14246633e-01 1.38601118e-01 1.85033612e-01 2.30152585e-01 2.79746620e-01 3.08898962e-01 3.48325221e-01 3.88846445e-01 3.88836752e-01 3.57636412e-01 3.88761589e-01 5.00424018e-01 6.72007017e-01
2.67000000e+01 7.08928446e-01 2.43653324e-01 9.33911749e-02 2.12920468e-01 2.48245280e-01 1.90206801e-01 1.41041068e-01 1.09903172e-01 2.88356770e-02 -8.80084273e-03 -1.53465669e-02 -9.71671531e-04 6.78245171e-04 -4.39146239e-03 1.42286073e-02 3.27824941e-02 3.44992392e-02 6.45991585e-02 7.79458343e-02 7.98118736e-02 8.25991484e-02 6.68701681e-02 5.91841899e-02 4.31553335e-02 2.64458492e-02 1.54786425e-02 -3.49724031e-03 -3.97481753e-03 -1.64571736e-02 -1.28827180e-02 -5.94390328e-03 3.22151836e-02 6.04471634e-02 9.54654842e-02 1.30300016e-01 1.51639718e-01 1.92953225e-01 2.56781368e-01 2.96291407e-01 3.14263088e-01 3.46022301e-01 4.07970628e-01 4.85601672e-01 5.52345573e-01 5.93517241e-01 6.08684724e-01 6.06881238e-01 5.93252293e-01 5.80356170e-01 5.66064880e-01 5.55151434e-01 5.46672469e-01 5.36268605e-01 5.29700840e-01 5.21699403e-01 5.07228975e-01 4.98618768e-01 4.90658161e-01 4.84943473e-01 4.80807024e-01 4.70744521e-01 4.46278074e-01 4.04228941e-01 3.53999851e-01 3.05830892e-01 2.57287567e-01 2.18510573e-01 1.77973151e-01 1.40119090e-01 1.02537417e-01 7.02195317e-02 4.10802354e-02 2.38052237e-02 4.02785367e-03 -5.94397350e-03 -1.46924885e-02 -1.84402565e-02 -2.36528352e-02 -1.87448192e-02 -1.70121896e-02 -4.45209598e-03 1.32557348e-03 1.23313149e-02 3.85494235e-02 4.06184047e-02 4.76944627e-02 7.81010462e-02 1.17967423e-01 1.43496437e-01 1.89411822e-01 2.33982044e-01 2.82531675e-01 3.11715458e-01 3.50683723e-01 3.91087734e-01 3.89241848e-01 3.58384536e-01 3.91304609e-01 5.01719351e-01 6.72619871e-01
2.68000000e+01 7.11454678e-01 2.49890455e-01 9.74858482e-02 2.13202085e-01 2.51556196e-01 1.94643084e-01 1.44772397e-01 1.15599711e-01 3.33176556e-02 -4.73330744e-03 -1.29676051e-02 9.26673534e-06 7.08974283e-04 -5.27029319e-03 1.34678913e-02 3.09662409e-02 3.37503024e-02 6.20802629e-02 7.40680497e-02 7.77124449e-02 7.84943973e-02 6.39905697e-02 5.69151315e-02 4.34627205e-02 2.65593525e-02 1.58472729e-02 -2.09279557e-03 -2.54413910e-03 -1.42320917e-02 -1.17106236e-02 -4.88369332e-03 3.13595104e-02 6.05277154e-02 9.36805098e-02 1.29744354e-01 1.51791920e-01 1.91054999e-01 2.55018737e-01 2.96173772e-01 3.14025229e-01 3.43676720e-01 4.03042047e-01 4.79937410e-01 5.48448900e-01 5.91516171e-01 6.08397920e-01 6.06986593e-01 5.93442879e-01 5.80845463e-01 5.66463534e-01 5.55629605e-01 5.47087660e-01 5.36748405e-01 5.30470981e-01 5.22568553e-01 5.08171888e-01 4.99396195e-01 4.90377042e-01 4.83424996e-01 4.78160015e-01 4.67433391e-01 4.42439440e-01 4.00422281e-01 3.50947736e-01 3.03308998e-01 2.55616028e-01 2.17250493e-01 1.76897856e-01 1.38973920e-01 1.01324422e-01 6.92569157e-02 3.94629645e-02 2.26993123e-02 2.23401276e-03 -8.13650636e-03 -1.65693214e-02 -2.05395061e-02 -2.57766321e-02 -2.06956185e-02 -1.86115908e-02 -5.29934395e-03 1.12990167e-04 1.27752108e-02 3.97432025e-02 4.22097280e-02 5.04940461e-02 8.23173550e-02 1.21706267e-01 1.48485985e-01 1.93614313e-01 2.37849158e-01 2.85180639e-01 3.14522362e-01 3.53006896e-01 3.93222330e-01 3.89629578e-01 3.59107863e-01 3.93853941e-01 5.02957041e-01 6.73294302e-01
2.69000000e+01 7.13870006e-01 2.56081609e-01 1.01499522e-01 2.13264205e-01 2.54776699e-01 1.98941352e-01 1.48700374e-01 1.21184483e-01 3.81713133e-02 -6.37631728e-04 -1.03893682e-02 9.82814911e-04 7.06803533e-04 -6.01523546e-03 1.27015770e-02 2.90064863e-02 3.31703857e-02 5.95451796e-02 7.00985867e-02 7.55857047e-02 7.43561486e-02 6.11210567e-02 5.45582707e-02 4.37311753e-02 2.67048843e-02 1.61791607e-02 -6.63170957e-04 -1.17271543e-03 -1.19276293e-02 -1.05248692e-02 -3.66190283e-03 3.04988247e-02 6.06838003e-02 9.19667431e-02 1.29065468e-01 1.52042996e-01 1.89293915e-01 2.53141334e-01 2.95979697e-01 3.13918835e-01 3.41529325e-01 3.98286158e-01 4.74205541e-01 5.44319528e-01 5.89319674e-01 6.07982375e-01 6.07015727e-01 5.93640277e-01 5.81306869e-01 5.66877996e-01 5.56131490e-01 5.47517943e-01 5.37234159e-01 5.31214540e-01 5.23400008e-01 5.09124801e-01 5.00201122e-01 4.90145963e-01 4.81909587e-01 4.75477710e-01 4.64013314e-01 4.38475163e-01 3.96547070e-01 3.47925671e-01 3.00833035e-01 2.54007228e-01 2.16002925e-01 1.75838418e-01 1.37831599e-01 1.00136839e-01 6.83228519e-02 3.79028614e-02 2.16131203e-02 5.06421498e-04 -1.03095598e-02 -1.84124068e-02 -2.26554456e-02 -2.78214163e-02 -2.26417662e-02 -2.01508549e-02 -6.12768315e-03 -1.10286498e-03 1.33046657e-02 4.08664908e-02 4.38436047e-02 5.33506670e-02 8.65445677e-02 1.25476010e-01 1.53549420e-01 1.97649581e-01 2.41745630e-01 2.87699259e-01 3.17317309e-01 3.55302008e-01 3.95243735e-01 3.90005480e-01 3.59805504e-01 3.96410055e-01 5.04138089e-01 6.74029980e-01
2.70000000e+01 7.16175408e-01 2.62230381e-01 1.05416470e-01 2.13132470e-01 2.57901706e-01 2.03103091e-01 1.52822487e-01 1.26641787e-01 4.34014586e-02 3.47630671e-03 -7.61184338e-03 1.95532399e-03 6.66991519e-04 -6.61711262e-03 1.19256122e-02 2.69161480e-02 3.27337254e-02 5.70026471e-02 6.60622833e-02 7.34021647e-02 7.02063727e-02 5.82579219e-02 5.21262506e-02 4.39479578e-02 2.68806780e-02 1.64777166e-02 7.91281803e-04 1.35885275e-04 -9.54905777e-03 -9.32218774e-03 -2.29138292e-03 2.96521995e-02 6.08984149e-02 9.03430125e-02 1.28254797e-01 1.52379517e-01 1.87687400e-01 2.51156176e-01 2.95694033e-01 3.13928912e-01 3.39579356e-01 3.93716416e-01 4.68428387e-01 5.39958506e-01 5.86925987e-01 6.07428365e-01 6.06966006e-01 5.93845427e-01 5.81738663e-01 5.67308747e-01 5.56655152e-01 5.47964504e-01 5.37728117e-01 5.31930913e-01 5.24193556e-01 5.10083965e-01 5.01028353e-01 4.89961734e-01 4.80396459e-01 4.72765395e-01 4.60485225e-01 4.34389261e-01 3.92610668e-01 3.44932499e-01 2.98406625e-01 2.52455853e-01 2.14768369e-01 1.74790633e-01 1.36695048e-01 9.89736914e-02 6.74131269e-02 3.64066380e-02 2.05378114e-02 -1.15233169e-03 -1.24609336e-02 -2.02244432e-02 -2.47859853e-02 -2.97846009e-02 -2.45865481e-02 -2.16232984e-02 -6.94415825e-03 -2.31264066e-03 1.39159328e-02 4.19203184e-02 4.55230468e-02 5.62632684e-02 9.07730232e-02 1.29289358e-01 1.58664342e-01 2.01529735e-01 2.45660083e-01 2.90095635e-01 3.20097033e-01 3.57575814e-01 3.97146650e-01 3.90373883e-01 3.60477687e-01 3.98972638e-01 5.05263947e-01 6.74826274e-01
2.71000000e+01 7.18372490e-01 2.68338202e-01 1.09221943e-01 2.12834573e-01 2.60923557e-01 2.07134028e-01 1.57131018e-01 1.31961776e-01 4.90056344e-02 7.60429197e-03 -4.63934391e-03 2.93495869e-03 5.86879675e-04 -7.06999288e-03 1.11365843e-02 2.47111871e-02 3.24113649e-02 5.44614278e-02 6.19851304e-02 7.11328528e-02 6.60659798e-02 5.53971293e-02 4.96327738e-02 4.41005453e-02 2.70838558e-02 1.67470298e-02 2.26953223e-03 1.37969679e-03 -7.10337618e-03 -8.09777796e-03 -7.86696659e-04 2.88401396e-02 6.11536473e-02 8.88272662e-02 1.27306572e-01 1.52786383e-01 1.86251035e-01 2.49072779e-01 2.95302968e-01 3.14038957e-01 3.37825391e-01 3.89344363e-01 4.62628866e-01 5.35368990e-01 5.84333222e-01 6.06726177e-01 6.06834981e-01 5.94058216e-01 5.82139960e-01 5.67755954e-01 5.57198476e-01 5.48428357e-01 5.38232405e-01 5.32619765e-01 5.24949452e-01 5.11045563e-01 5.01872686e-01 4.89820570e-01 4.78884910e-01 4.70027962e-01 4.56850543e-01 4.30186318e-01 3.88620802e-01 3.41966511e-01 2.96033132e-01 2.50955970e-01 2.13547896e-01 1.73750094e-01 1.35567667e-01 9.78336817e-02 6.65238823e-02 3.49804396e-02 1.94652328e-02 -2.74050241e-03 -1.45878260e-02 -2.20086459e-02 -2.69276742e-02 -3.16651391e-02 -2.65323619e-02 -2.30229018e-02 -7.75556157e-03 -3.50662342e-03 1.46039335e-02 4.29076476e-02 4.72500974e-02 5.92303616e-02 9.49940718e-02 1.33158342e-01 1.63806934e-01 2.05269954e-01 2.49578432e-01 2.92380030e-01 3.22857467e-01 3.59834423e-01 3.98927140e-01 3.90737786e-01 3.61125821e-01 4.01540582e-01 5.06336518e-01 6.75682270e-01
2.72000000e+01 7.20463477e-01 2.74404248e-01 1.12902600e-01 2.12399640e-01 2.63832422e-01 2.11043824e-01 1.61613260e-01 1.37140486e-01 5.49740378e-02 1.17477818e-02 -1.48032266e-03 3.93136258e-03 4.66162313e-04 -7.37136080e-03 1.03319002e-02 2.24101185e-02 3.21718626e-02 5.19300544e-02 5.78937228e-02 6.87501515e-02 6.19542445e-02 5.25346635e-02 4.70922944e-02 4.41768119e-02 2.73104477e-02 1.69918839e-02 3.76973537e-03 2.55854456e-03 -4.59939565e-03 -6.84550536e-03 8.36288522e-04 2.80840695e-02 6.14311388e-02 8.74361453e-02 1.26218128e-01 1.53247055e-01 1.84998128e-01 2.46903120e-01 2.94794238e-01 3.14231081e-01 3.36265278e-01 3.85179618e-01 4.56830223e-01 5.30556397e-01 5.81539347e-01 6.05866202e-01 6.06620353e-01 5.94277456e-01 5.82510714e-01 5.68219459e-01 5.57759212e-01 5.48910326e-01 5.38749006e-01 5.33281044e-01 5.25668382e-01 5.12005737e-01 5.02728917e-01 4.89718123e-01 4.77374352e-01 4.67269823e-01 4.53111223e-01 4.25871491e-01 3.84585446e-01 3.39025556e-01 2.93715544e-01 2.49501216e-01 2.12343025e-01 1.72712347e-01 1.34453161e-01 9.67152473e-02 6.56516983e-02 3.36296159e-02 1.83881565e-02 -4.25733601e-03 -1.66868136e-02 -2.37686599e-02 -2.90757504e-02 -3.34636072e-02 -2.84804906e-02 -2.43445524e-02 -8.56825134e-03 -4.67491534e-03 1.53623930e-02 4.38333478e-02 4.90257575e-02 6.22500291e-02 9.92003313e-02 1.37093792e-01 1.68952645e-01 2.08887850e-01 2.53484339e-01 2.94564596e-01 3.25593855e-01 3.62083177e-01 4.00582755e-01 3.91098786e-01 3.61752509e-01 4.04111997e-01 5.07358125e-01 6.76596775e-01
2.73000000e+01 7.22451186e-01 2.80425400e-01 1.16446906e-01 2.11857570e-01 2.66616809e-01 2.14845642e-01 1.66251890e-01 1.42179651e-01 6.12896725e-02 1.59137049e-02 1.85296607e-03 4.95528031e-03 3.07089671e-04 -7.52219952e-03 9.50993893e-03 2.00334705e-02 3.19820767e-02 4.94165677e-02 5.38147013e-02 6.62286046e-02 5.78882730e-02 4.96668679e-02 4.45196933e-02 4.41652059e-02 2.75554492e-02 1.72177395e-02 5.28912367e-03 3.67415377e-03 -2.04771985e-03 -5.55816038e-03 2.56083900e-03 2.74057915e-02 6.17125814e-02 8.61845615e-02 1.24990131e-01 1.53743829e-01 1.83939323e-01 2.44661551e-01 2.94157323e-01 3.14486166e-01 3.34896061e-01 3.81229884e-01 4.51055767e-01 5.25528520e-01 5.78542202e-01 6.04839026e-01 6.06319938e-01 5.94500889e-01 5.82851687e-01 5.68698764e-01 5.58335030e-01 5.49411022e-01 5.39279731e-01 5.33914993e-01 5.26351416e-01 5.12960619e-01 5.03591851e-01 4.89649525e-01 4.75864326e-01 4.64494844e-01 4.49269795e-01 4.21450521e-01 3.80512699e-01 3.36107151e-01 2.91456352e-01 2.48084997e-01 2.11155565e-01 1.71673056e-01 1.33355353e-01 9.56166355e-02 6.47936650e-02 3.23585111e-02 1.73004836e-02 -5.70316354e-03 -1.87538741e-02 -2.55084353e-02 -3.12242571e-02 -3.51822165e-02 -3.04309196e-02 -2.55842530e-02 -9.38798834e-03 -5.80760786e-03 1.61840077e-02 4.47041111e-02 5.08499474e-02 6.53199355e-02 1.03385895e-01 1.41104862e-01 1.74076891e-01 2.12402770e-01 2.57359746e-01 2.96663050e-01 3.28300912e-01 3.64326545e-01 4.02112614e-01 3.91457048e-01 3.62361520e-01 4.06684253e-01 5.08331480e-01 6.77568338e-01
2.74000000e+01 7.24338982e-01 2.86396267e-01 1.19845479e-01 2.11238375e-01 2.69264139e-01 2.18555588e-01 1.71025508e-01 1.47086336e-01 6.79287224e-02 2.01140537e-02 5.34493954e-03 6.01815260e-03 1.14592371e-04 -7.52697262e-03 8.67016003e-03 1.76032184e-02 3.18079978e-02 4.69282542e-02 4.97741956e-02 6.35456777e-02 5.38825295e-02 4.67907518e-02 4.19299480e-02 4.40549261e-02 2.78129070e-02 1.74306827e-02 6.82393124e-03 4.73017054e-03 5.39377200e-04 -4.22774933e-03 4.36979704e-03 2.68269347e-02 6.19802308e-02 8.50852909e-02 1.23626739e-01 1.54258148e-01 1.83082261e-01 2.42364651e-01 2.93383635e-01 3.14784047e-01 3.33713890e-01 3.77500996e-01 4.45328616e-01 5.20295580e-01 5.75339543e-01 6.03635513e-01 6.05931609e-01 5.94725225e-01 5.83164394e-01 5.69193047e-01 5.58923569e-01 5.49930832e-01 5.39826187e-01 5.34522170e-01 5.26999955e-01 5.13906376e-01 5.04456294e-01 4.89609444e-01 4.74354506e-01 4.61706291e-01 4.45329402e-01 4.16929741e-01 3.76410668e-01 3.33208586e-01 2.89257433e-01 2.46700696e-01 2.09987455e-01 1.70628176e-01 1.32277995e-01 9.45359898e-02 6.39474405e-02 3.11702765e-02 1.61974084e-02 -7.07944150e-03 -2.07844521e-02 -2.72320728e-02 -3.33662203e-02 -3.68247482e-02 -3.23822124e-02 -2.67392857e-02 -1.02197930e-02 -6.89495127e-03 1.70606401e-02 4.55283109e-02 5.27215094e-02 6.84373411e-02 1.07546483e-01 1.45198617e-01 1.79155739e-01 2.15835050e-01 2.61185474e-01 2.98690287e-01 3.30972988e-01 3.66568040e-01 4.03517448e-01 3.91811326e-01 3.62957722e-01 4.09254058e-01 5.09259631e-01 6.78595267e-01
2.75000000e+01 7.26130697e-01 2.92309276e-01 1.23091378e-01 2.10571517e-01 2.71761364e-01 2.22192053e-01 1.75909314e-01 1.51872376e-01 7.48611352e-02 2.43652913e-02 8.97727503e-03 7.13169854e-03 -1.03679463e-04 -7.39349814e-03 7.81315738e-03 1.51422194e-02 3.16156027e-02 4.44713907e-02 4.57972775e-02 6.06824550e-02 4.99484400e-02 4.39042512e-02 3.93378050e-02 4.38360989e-02 2.80760232e-02 1.76373431e-02 8.36935701e-03 5.73209708e-03 3.14816665e-03 -2.84579692e-03 6.24600235e-03 2.63684123e-02 6.22174180e-02 8.41486006e-02 1.22135667e-01 1.54770951e-01 1.82431306e-01 2.40031009e-01 2.92466678e-01 3.15103734e-01 3.32713926e-01 3.73996982e-01 4.39671442e-01 5.14870242e-01 5.71929112e-01 6.02246891e-01 6.05453243e-01 5.94946202e-01 5.83451016e-01 5.69701171e-01 5.59522494e-01 5.50469907e-01 5.40389747e-01 5.35103452e-01 5.27615660e-01 5.14839252e-01 5.05317051e-01 4.89592141e-01 4.72844696e-01 4.58906799e-01 4.41293821e-01 4.12316080e-01 3.72287341e-01 3.30327027e-01 2.87119959e-01 2.45341865e-01 2.08840596e-01 1.69574118e-01 1.31224574e-01 9.34714442e-02 6.31112959e-02 3.00667084e-02 1.50755373e-02 -8.38873296e-03 -2.27735688e-02 -2.89436473e-02 -3.54938765e-02 -3.83964142e-02 -3.43314554e-02 -2.78083222e-02 -1.10678246e-02 -7.92751971e-03 1.79835360e-02 4.63158030e-02 5.46382560e-02 7.15991202e-02 1.11679525e-01 1.49379691e-01 1.84166563e-01 2.19205261e-01 2.64941848e-01 3.00661954e-01 3.33604264e-01 3.68810151e-01 4.04799589e-01 3.92159040e-01 3.63546974e-01 4.11817547e-01 5.10145900e-01 6.79675656e-01
2.76000000e+01 7.27830538e-01 2.98154831e-01 1.26180320e-01 2.09885276e-01 2.74095620e-01 2.25774987e-01 1.80875892e-01 1.56553670e-01 8.20513896e-02 2.86875944e-02 1.27295915e-02 8.30749845e-03 -3.37404168e-04 -7.13271350e-03 6.94065301e-03 1.26736681e-02 3.13716935e-02 4.20510085e-02 4.19074307e-02 5.76242552e-02 4.60940928e-02 4.10064280e-02 3.67574647e-02 4.34999564e-02 2.83372673e-02 1.78447789e-02 9.91957431e-03 6.68714789e-03 5.76375847e-03 -1.40364421e-03 8.17267536e-03 2.60499008e-02 6.24090433e-02 8.33819213e-02 1.20528176e-01 1.55263035e-01 1.81987341e-01 2.37680971e-01 2.91402184e-01 3.15423667e-01 3.31890241e-01 3.70720164e-01 4.34106234e-01 5.09267559e-01 5.68308745e-01 6.00664826e-01 6.04882644e-01 5.95158665e-01 5.83714298e-01 5.70221713e-01 5.60129540e-01 5.51028159e-01 5.40971522e-01 5.35660052e-01 5.28200392e-01 5.15755615e-01 5.06168924e-01 4.89591538e-01 4.71334816e-01 4.56098350e-01 4.37167476e-01 4.07617063e-01 3.68150477e-01 3.27459614e-01 2.85044311e-01 2.44002413e-01 2.07716692e-01 1.68507898e-01 1.30198146e-01 9.24212177e-02 6.22841486e-02 2.90481186e-02 1.39329621e-02 -9.63463247e-03 -2.47159690e-02 -3.06470188e-02 -3.75989406e-02 -3.99036492e-02 -3.62742790e-02 -2.87914752e-02 -1.19352812e-02 -8.89637196e-03 1.89435599e-02 4.70776762e-02 5.65970659e-02 7.48017819e-02 1.15784181e-01 1.53650037e-01 1.89088645e-01 2.22533468e-01 2.68609345e-01 3.02594010e-01 3.36188955e-01 3.71054294e-01 4.05962930e-01 3.92496382e-01 3.64135982e-01 4.14370406e-01 5.10993804e-01 6.80807409e-01
2.77000000e+01 7.29442964e-01 3.03921530e-01 1.29110810e-01 2.09206161e-01 2.76254878e-01 2.29325118e-01 1.85896092e-01 1.61149337e-01 8.94594222e-02 3.31039622e-02 1.65802006e-02 9.55658922e-03 -5.73721393e-04 -6.75833682e-03 6.05543419e-03 1.02205822e-02 3.10446978e-02 3.96706934e-02 3.81260431e-02 5.43611447e-02 4.23240536e-02 3.80975945e-02 3.42022873e-02 4.30390147e-02 2.85884889e-02 1.80603330e-02 1.14677944e-02 7.60403818e-03 8.37045380e-03 1.07267018e-04 1.01337532e-02 2.58893507e-02 6.25420414e-02 8.27895826e-02 1.18818959e-01 1.55715435e-01 1.81747649e-01 2.35336317e-01 2.90188210e-01 3.15722000e-01 3.31235718e-01 3.67671269e-01 4.28654068e-01 5.03504874e-01 5.64476502e-01 5.98881498e-01 6.04217481e-01 5.95356675e-01 5.83957418e-01 5.70753001e-01 5.60742566e-01 5.51605252e-01 5.41572332e-01 5.36193516e-01 5.28756134e-01 5.16652007e-01 5.07006699e-01 4.89601283e-01 4.69824877e-01 4.53282270e-01 4.32955437e-01 4.02840814e-01 3.64007490e-01 3.24603547e-01 2.83030022e-01 2.42676758e-01 2.06617104e-01 1.67427264e-01 1.29201185e-01 9.13837003e-02 6.14655814e-02 2.81132425e-02 1.27692847e-02 -1.08216417e-02 -2.66062979e-02 -3.23456445e-02 -3.96728963e-02 -4.13538480e-02 -3.82049518e-02 -2.96902914e-02 -1.28243204e-02 -9.79320820e-03 1.99314431e-02 4.78259592e-02 5.85940203e-02 7.80414972e-02 1.19861289e-01 1.58008765e-01 1.93903693e-01 2.25838528e-01 2.72169235e-01 3.04502255e-01 3.38721514e-01 3.73300794e-01 4.07012830e-01 3.92818484e-01 3.64732120e-01 4.16908002e-01 5.11806981e-01 6.81988269e-01
2.78000000e+01 7.30972549e-01 3.09596452e-01 1.31884200e-01 2.08558384e-01 2.78228576e-01 2.32863152e-01 1.90939959e-01 1.65680776e-01 9.70416793e-02 3.76392238e-02 2.05069010e-02 1.08890834e-02 -7.97445453e-04 -6.28643578e-03 5.16124254e-03 7.80532269e-03 3.06054058e-02 3.73324345e-02 3.44719328e-02 5.08883269e-02 3.86393114e-02 3.51793536e-02 3.16845240e-02 4.24472503e-02 2.88210273e-02 1.82914571e-02 1.30063883e-02 8.49271863e-03 1.09521348e-02 1.69512596e-03 1.21141782e-02 2.59025395e-02 6.26058066e-02 8.23726239e-02 1.17025944e-01 1.56109791e-01 1.81705863e-01 2.33019915e-01 2.88825207e-01 3.15976913e-01 3.30741960e-01 3.64849556e-01 4.23334892e-01 4.97601666e-01 5.60430828e-01 5.96889661e-01 6.03455211e-01 5.95533626e-01 5.84183850e-01 5.71293152e-01 5.61359596e-01 5.52200611e-01 5.42192683e-01 5.36705722e-01 5.29284934e-01 5.17525188e-01 5.07825146e-01 4.89614819e-01 4.68314963e-01 4.50459239e-01 4.28663413e-01 3.97996043e-01 3.59865350e-01 3.21756172e-01 2.81075733e-01 2.41359954e-01 2.05542724e-01 1.66330795e-01 1.28235476e-01 9.03575258e-02 6.06558466e-02 2.72591938e-02 1.15855942e-02 -1.19550065e-02 -2.84392936e-02 -3.40424001e-02 -4.17072935e-02 -4.27550638e-02 -4.01165423e-02 -3.05076899e-02 -1.37359960e-02 -1.06105223e-02 2.09380381e-02 4.85732963e-02 6.06245747e-02 8.13141363e-02 1.23913258e-01 1.62452072e-01 1.98596285e-01 2.29137451e-01 2.75604195e-01 3.06401882e-01 3.41196842e-01 3.75548879e-01 4.07955994e-01 3.93119605e-01 3.65343236e-01 4.19425538e-01 5.12589097e-01 6.83215854e-01
2.79000000e+01 7.32423826e-01 3.15165501e-01 1.34504650e-01 2.07963411e-01 2.80008210e-01 2.36408980e-01 1.95977692e-01 1.70170662e-01 1.04752259e-01 4.23189795e-02 2.44877885e-02 1.23138233e-02 -9.91353690e-04 -5.73491931e-03 4.26262710e-03 5.44914493e-03 3.00276303e-02 3.50365346e-02 3.09609196e-02 4.72063849e-02 3.50373667e-02 3.22545534e-02 2.92150829e-02 4.17202681e-02 2.90258211e-02 1.85455088e-02 1.45270691e-02 9.36407145e-03 1.34926705e-02 3.36749846e-03 1.41001451e-02 2.61026741e-02 6.25925664e-02 8.21286935e-02 1.15170009e-01 1.56428707e-01 1.81851998e-01 2.30755336e-01 2.87316038e-01 3.16166947e-01 3.30399203e-01 3.62252959e-01 4.18167333e-01 4.91579353e-01 5.56170731e-01 5.94682709e-01 6.02593009e-01 5.95682372e-01 5.84397206e-01 5.71840123e-01 5.61978861e-01 5.52813420e-01 5.42832747e-01 5.37198862e-01 5.29788843e-01 5.18372178e-01 5.08619017e-01 4.89625453e-01 4.66805187e-01 4.47629319e-01 4.24297734e-01 3.93092032e-01 3.55730497e-01 3.18915052e-01 2.79179171e-01 2.40047790e-01 2.04493868e-01 1.65217965e-01 1.27302048e-01 8.93416248e-02 5.98558492e-02 2.64814753e-02 1.03843955e-02 -1.30405283e-02 -3.02099809e-02 -3.57394243e-02 -4.36940360e-02 -4.41156897e-02 -4.20011322e-02 -3.12478533e-02 -1.46702109e-02 -1.13417483e-02 2.19545754e-02 4.93326027e-02 6.26837495e-02 8.46153176e-02 1.27943893e-01 1.66973265e-01 2.03154195e-01 2.32444840e-01 2.78898877e-01 3.08307032e-01 3.43610479e-01 3.77796707e-01 4.08800303e-01 3.93393356e-01 3.65977423e-01 4.21918201e-01 5.13343761e-01 6.84487681e-01
2.80000000e+01 7.33801120e-01 3.20613791e-01 1.36979005e-01 2.07439606e-01 2.81587856e-01 2.39980923e-01 2.00980596e-01 1.74641919e-01 1.12544107e-01 4.71685151e-02 2.85020532e-02 1.38380827e-02 -1.13654350e-03 -5.12296873e-03 3.36477334e-03 3.17178003e-03 2.92887772e-02 3.27815859e-02 2.76054596e-02 4.33213639e-02 3.15124607e-02 2.93271564e-02 2.68033316e-02 4.08554529e-02 2.91935203e-02 1.88295243e-02 1.60211288e-02 1.02295818e-02 1.59763183e-02 5.13108266e-03 1.60793175e-02 2.65000559e-02 6.24976909e-02 8.20520416e-02 1.13274603e-01 1.56656086e-01 1.82172566e-01 2.28566451e-01 2.85665968e-01 3.16271349e-01 3.30196247e-01 3.59878223e-01 4.13168523e-01 4.85461052e-01 5.51695975e-01 5.92254723e-01 6.01627705e-01 5.95795368e-01 5.84601076e-01 5.72391765e-01 5.62598826e-01 5.53442634e-01 5.43492355e-01 5.37675420e-01 5.30269874e-01 5.19190286e-01 5.09383042e-01 4.89626420e-01 4.65295657e-01 4.44791991e-01 4.19865320e-01 3.88138609e-01 3.51608764e-01 3.16078034e-01 2.77337141e-01 2.38736856e-01 2.03470199e-01 1.64089175e-01 1.26401157e-01 8.83352564e-02 5.90671051e-02 2.57740518e-02 9.16949389e-03 -1.40843631e-02 -3.19138513e-02 -3.74379936e-02 -4.56256416e-02 -4.54441419e-02 -4.38500673e-02 -3.19160830e-02 -1.56256830e-02 -1.19813974e-02 2.29729150e-02 5.01167141e-02 6.47663292e-02 8.79404735e-02 1.31958179e-01 1.71562866e-01 2.07568630e-01 2.35772426e-01 2.82040416e-01 3.10230393e-01 3.45958782e-01 3.80041413e-01 4.09554630e-01 3.93632953e-01 3.66642792e-01 4.24381322e-01 5.14074437e-01 6.85801205e-01
2.81000000e+01 7.35108374e-01 3.25926082e-01 1.39316591e-01 2.07001971e-01 2.82964613e-01 2.43595030e-01 2.05921988e-01 1.79116696e-01 1.20370225e-01 5.22117263e-02 3.25307333e-02 1.54673254e-02 -1.21285056e-03 -4.47042518e-03 2.47331689e-03 9.91047832e-04 2.83703151e-02 3.05645151e-02 2.44143622e-02 3.92446862e-02 2.80559342e-02 2.64020387e-02 2.44569428e-02 3.98520937e-02 2.93146101e-02 1.91499737e-02 1.74797213e-02 1.11009977e-02 1.83881049e-02 6.99147046e-03 1.80410222e-02 2.71018172e-02 6.23199241e-02 8.21336102e-02 1.11365293e-01 1.56777453e-01 1.82650756e-01 2.26477012e-01 2.83882608e-01 3.16270424e-01 3.30120407e-01 3.57721033e-01 4.08353949e-01 4.79271303e-01 5.47007284e-01 5.89600519e-01 6.00555728e-01 5.95864803e-01 5.84798865e-01 5.72945875e-01 5.63218222e-01 5.54086987e-01 5.44170993e-01 5.38138136e-01 5.30729963e-01 5.19977139e-01 5.10111936e-01 4.89610950e-01 4.63786435e-01 4.41946212e-01 4.15373652e-01 3.83146106e-01 3.47505324e-01 3.13243305e-01 2.75545538e-01 2.37424580e-01 2.02470668e-01 1.62945756e-01 1.25532303e-01 8.73380200e-02 5.82916687e-02 2.51294895e-02 7.94583815e-03 -1.50928211e-02 -3.35470171e-02 -3.91384342e-02 -4.74954641e-02 -4.67485637e-02 -4.56542256e-02 -3.25186279e-02 -1.65999270e-02 -1.25251808e-02 2.39857851e-02 5.09380451e-02 6.68670547e-02 9.12849309e-02 1.35962012e-01 1.76208808e-01 2.11834349e-01 2.39128706e-01 2.85018857e-01 3.12182838e-01 3.48239075e-01 3.82279179e-01 4.10228622e-01 3.93831476e-01 3.67347236e-01 4.26810527e-01 5.14784367e-01 6.87153842e-01
2.82000000e+01 7.36348972e-01 3.31087230e-01 1.41528927e-01 2.06662007e-01 2.84138943e-01 2.47264467e-01 2.10778030e-01 1.83615394e-01 1.28184846e-01 5.74700908e-02 3.65573983e-02 1.72050346e-02 -1.19931938e-03 -3.79714898e-03 1.59414795e-03 -1.07749121e-03 2.72581335e-02 2.83806928e-02 2.13926031e-02 3.49929043e-02 2.46566918e-02 2.34847348e-02 2.21817850e-02 3.87114702e-02 2.93795502e-02 1.95125076e-02 1.88941759e-02 1.19899894e-02 2.07141740e-02 8.95291374e-03 1.99764288e-02 2.79117404e-02 6.20615253e-02 8.23612153e-02 1.09469234e-01 1.56780239e-01 1.83266699e-01 2.24510223e-01 2.81975822e-01 3.16145887e-01 3.30157485e-01 3.55776133e-01 4.03737334e-01 4.73035770e-01 5.42106541e-01 5.86715694e-01 5.99373062e-01 5.95882734e-01 5.84993637e-01 5.73500246e-01 5.63836052e-01 5.54745005e-01 5.44867814e-01 5.38589959e-01 5.31170957e-01 5.20730684e-01 5.10800417e-01 4.89572324e-01 4.62277483e-01 4.39090477e-01 4.10830726e-01 3.78125311e-01 3.43424657e-01 3.10409434e-01 2.73799365e-01 2.36109244e-01 2.01493491e-01 1.61789926e-01 1.24694295e-01 8.63498498e-02 5.75320264e-02 2.45391600e-02 6.71932853e-03 -1.60721728e-02 -3.51063337e-02 -4.08400726e-02 -4.92978676e-02 -4.80365646e-02 -4.74042874e-02 -3.30624994e-02 -1.75892548e-02 -1.29701114e-02 2.49870017e-02 5.18082673e-02 6.89807995e-02 9.46440081e-02 1.39961902e-01 1.80896714e-01 2.15949671e-01 2.42518693e-01 2.87827496e-01 3.14173119e-01 3.50449772e-01 3.84505331e-01 4.10832465e-01 3.93982141e-01 3.68098193e-01 4.29201882e-01 5.15476494e-01 6.88543004e-01
2.83000000e+01 7.37525568e-01 3.36082662e-01 1.43629375e-01 2.06427673e-01 2.85114901e-01 2.50999012e-01 2.15528467e-01 1.88155775e-01 1.35944555e-01 6.29617225e-02 4.05687361e-02 1.90526186e-02 -1.07471586e-03 -3.12236685e-03 7.33209255e-04 -3.02083485e-03 2.59427797e-02 2.62241000e-02 1.85412430e-02 3.05873105e-02 2.13017383e-02 2.05811538e-02 1.99818618e-02 3.74368903e-02 2.93789360e-02 1.99217033e-02 2.02563237e-02 1.29078192e-02 2.29420916e-02 1.10180981e-02 2.18787130e-02 2.89301648e-02 6.17283107e-02 8.27198171e-02 1.07614581e-01 1.56654063e-01 1.83997795e-01 2.22688312e-01 2.79957604e-01 3.15881199e-01 3.30291769e-01 3.54037430e-01 3.99330552e-01 4.66780916e-01 5.36996978e-01 5.83596654e-01 5.98075213e-01 5.95841216e-01 5.85187968e-01 5.74052720e-01 5.64451599e-01 5.55415021e-01 5.45581652e-01 5.39033988e-01 5.31594608e-01 5.21449190e-01 5.11443212e-01 4.89503935e-01 4.60768622e-01 4.36222893e-01 4.06245010e-01 3.73087400e-01 3.39370534e-01 3.07575395e-01 2.72092773e-01 2.34789971e-01 2.00536147e-01 1.60624734e-01 1.23885345e-01 8.53709985e-02 5.67909573e-02 2.39935015e-02 5.49659623e-03 -1.70284691e-02 -3.65894897e-02 -4.25412222e-02 -5.10283493e-02 -4.93150000e-02 -4.90909925e-02 -3.35552784e-02 -1.85888026e-02 -1.33145750e-02 2.59716572e-02 5.27380204e-02 7.11027236e-02 9.80131223e-02 1.43964643e-01 1.85610246e-01 2.19916368e-01 2.45943792e-01 2.90463109e-01 3.16207632e-01 3.52590458e-01 3.86714454e-01 4.11376640e-01 3.94078568e-01 3.68902432e-01 4.31552018e-01 5.16153408e-01 6.89966117e-01
2.84000000e+01 7.38639925e-01 3.40898854e-01 1.45632726e-01 2.06303468e-01 2.85900238e-01 2.54804670e-01 2.20157228e-01 1.92752184e-01 1.43609294e-01 6.87005399e-02 4.45550227e-02 2.10094024e-02 -8.18070027e-04 -2.46402386e-03 -1.03709460e-04 -4.82877744e-03 2.44195706e-02 2.40875458e-02 1.58574538e-02 2.60534210e-02 1.79767574e-02 1.76972881e-02 1.78592979e-02 3.60336710e-02 2.93036816e-02 2.03808199e-02 2.15588182e-02 1.38650291e-02 2.50611044e-02 1.31879323e-02 2.37432001e-02 3.01539857e-02 6.13295892e-02 8.31918677e-02 1.05829854e-01 1.56390976e-01 1.84819110e-01 2.21032098e-01 2.77841912e-01 3.15461894e-01 3.30506066e-01 3.52498066e-01 3.95143574e-01 4.60533673e-01 5.31683353e-01 5.80240659e-01 5.96657194e-01 5.95732415e-01 5.85383810e-01 5.74601232e-01 5.65064416e-01 5.56095200e-01 5.46311046e-01 5.39473416e-01 5.32002581e-01 5.22131231e-01 5.12035093e-01 4.89399336e-01 4.59259474e-01 4.33341264e-01 4.01625395e-01 3.68043856e-01 3.35346035e-01 3.04740584e-01 2.70419116e-01 2.33466692e-01 1.99595400e-01 1.59453965e-01 1.23103172e-01 8.44020148e-02 5.60713635e-02 2.34823261e-02 4.28476126e-03 -1.79673730e-02 -3.79950688e-02 -4.42391997e-02 -5.26836136e-02 -5.05897979e-02 -5.07053769e-02 -3.40049219e-02 -1.95925902e-02 -1.35583640e-02 2.69362719e-02 5.37366619e-02 7.32284012e-02 1.01387905e-01 1.47976971e-01 1.90331523e-01 2.23739458e-01 2.49401789e-01 2.92926086e-01 3.18290258e-01 3.54661937e-01 3.88900522e-01 4.11871671e-01 3.94115037e-01 3.69765845e-01 4.33858242e-01 5.16817293e-01 6.91420649e-01
2.85000000e+01 7.39692762e-01 3.45523795e-01 1.47554745e-01 2.06290607e-01 2.86506384e-01 2.58683430e-01 2.24652883e-01 1.97414914e-01 1.51143243e-01 7.46955753e-02 4.85104592e-02 2.30727071e-02 -4.09234637e-04 -1.83816026e-03 -9.11175786e-04 -6.49407925e-03 2.26885784e-02 2.19629223e-02 1.33346472e-02 2.14203576e-02 1.46667036e-02 1.48389386e-02 1.58143738e-02 3.45090551e-02 2.91452245e-02 2.08915713e-02 2.27954301e-02 1.48711555e-02 2.70623499e-02 1.54613665e-02 2.55674743e-02 3.15767422e-02 6.08779900e-02 8.37577295e-02 1.04143273e-01 1.55985698e-01 1.85703834e-01 2.19560566e-01 2.75644482e-01 3.14875867e-01 3.30781771e-01 3.51150475e-01 3.91184443e-01 4.54321100e-01 5.26172094e-01 5.76645857e-01 5.95113521e-01 5.95548713e-01 5.85582380e-01 5.75143849e-01 5.65674308e-01 5.56783561e-01 5.47054273e-01 5.39911452e-01 5.32396475e-01 5.22775657e-01 5.12570895e-01 4.89252295e-01 4.57749418e-01 4.30443173e-01 3.96981141e-01 3.63006381e-01 3.31353577e-01 3.01904799e-01 2.68771034e-01 2.32140085e-01 1.98667356e-01 1.58282036e-01 1.22345133e-01 8.34437218e-02 5.53760797e-02 2.29951563e-02 3.09117644e-03 -1.88940059e-02 -3.93225907e-02 -4.59303647e-02 -5.42615998e-02 -5.18658257e-02 -5.22389826e-02 -3.44195714e-02 -2.05936225e-02 -1.37026641e-02 2.78788991e-02 5.48120638e-02 7.53539242e-02 1.04764320e-01 1.52005217e-01 1.95041593e-01 2.27426879e-01 2.52886973e-01 2.95220438e-01 3.20422277e-01 3.56666243e-01 3.91057055e-01 4.12327880e-01 3.94086734e-01 3.70693281e-01 4.36118619e-01 5.17469898e-01 6.92904121e-01
2.86000000e+01 7.40683626e-01 3.49947433e-01 1.49411682e-01 2.06387294e-01 2.86948307e-01 2.62633165e-01 2.29008937e-01 2.02149728e-01 1.58515527e-01 8.09504476e-02 5.24333624e-02 2.52380176e-02 1.70556269e-04 -1.25833570e-03 -1.68430991e-03 -8.01256228e-03 2.07544967e-02 1.98414904e-02 1.09626954e-02 1.67201449e-02 1.13563939e-02 1.20114672e-02 1.38456026e-02 3.28720642e-02 2.88957473e-02 2.14539259e-02 2.39613010e-02 1.59344743e-02 2.89390175e-02 1.78352549e-02 2.73514421e-02 3.31887923e-02 6.03891855e-02 8.43961546e-02 1.02582079e-01 1.55435807e-01 1.86623798e-01 2.18290445e-01 2.73382608e-01 3.14113639e-01 3.31098977e-01 3.49986417e-01 3.87459280e-01 4.48170054e-01 5.20471428e-01 5.72811317e-01 5.93438221e-01 5.95282796e-01 5.85784065e-01 5.75678800e-01 5.66281301e-01 5.57478004e-01 5.47809385e-01 5.40351256e-01 5.32777850e-01 5.23381558e-01 5.13045555e-01 4.89056839e-01 4.56237542e-01 4.27526078e-01 3.92321826e-01 3.57986794e-01 3.27394969e-01 2.99068219e-01 2.67140554e-01 2.30811490e-01 1.97747539e-01 1.57113874e-01 1.21608332e-01 8.24971988e-02 5.47076707e-02 2.25215732e-02 1.92316573e-03 -1.98128047e-02 -4.05725354e-02 -4.76101756e-02 -5.57614713e-02 -5.31467959e-02 -5.36840433e-02 -3.48073619e-02 -2.15840366e-02 -1.37499907e-02 2.87991803e-02 5.59704577e-02 7.74759832e-02 1.08138772e-01 1.56054962e-01 1.99720945e-01 2.30989088e-01 2.56390369e-01 2.97353693e-01 3.22602368e-01 3.58606601e-01 3.93177274e-01 4.12755145e-01 3.93989958e-01 3.71688395e-01 4.38332032e-01 5.18112517e-01 6.94414123e-01
2.87000000e+01 7.41610774e-01 3.54162093e-01 1.51219764e-01 2.06589074e-01 2.87244243e-01 2.66647682e-01 2.33223948e-01 2.06957562e-01 1.65700752e-01 8.74630159e-02 5.63262062e-02 2.74992319e-02 9.38146950e-04 -7.35124219e-04 -2.41895976e-03 -9.38313233e-03 1.86263974e-02 1.77141837e-02 8.72823251e-03 1.19869377e-02 8.03108887e-03 9.21958786e-03 1.19498472e-02 3.11332880e-02 2.85484119e-02 2.20659443e-02 2.50531404e-02 1.70617823e-02 3.06864636e-02 2.03042766e-02 2.90973334e-02 3.49775641e-02 5.98815168e-02 8.50848180e-02 1.01171870e-01 1.54741898e-01 1.87550033e-01 2.17235806e-01 2.71074907e-01 3.13168569e-01 3.31436628e-01 3.48996982e-01 3.83972318e-01 4.42106859e-01 5.14591469e-01 5.68737081e-01 5.91624867e-01 5.94927721e-01 5.85988351e-01 5.76204502e-01 5.66885601e-01 5.58176349e-01 5.48574244e-01 5.40795860e-01 5.33148254e-01 5.23948218e-01 5.13454147e-01 4.88807292e-01 4.54722598e-01 4.24587401e-01 3.87657290e-01 3.52996920e-01 3.23471479e-01 2.96231351e-01 2.65519219e-01 2.29482805e-01 1.96830991e-01 1.55954791e-01 1.20889738e-01 8.15637694e-02 5.40682310e-02 2.20515602e-02 7.87765936e-04 -2.07273930e-02 -4.17463565e-02 -4.92732590e-02 -5.71835703e-02 -5.44352020e-02 -5.50336477e-02 -3.51762312e-02 -2.25552960e-02 -1.37040725e-02 2.96983464e-02 5.72163301e-02 7.95919286e-02 1.11508211e-01 1.60130716e-01 2.04350045e-01 2.34438560e-01 2.59900092e-01 2.99336685e-01 3.24826694e-01 3.60487355e-01 3.95254275e-01 4.13162678e-01 3.93822305e-01 3.72753552e-01 4.40498206e-01 5.18745993e-01 6.95948324e-01
2.88000000e+01 7.42471084e-01 3.58162838e-01 1.52994696e-01 2.06889255e-01 2.87415330e-01 2.70716916e-01 2.37301467e-01 2.11834418e-01 1.72679340e-01 9.42252242e-02 6.01955113e-02 2.98489830e-02 1.90795575e-03 -2.75701683e-04 -3.11184361e-03 -1.06077300e-02 1.63173905e-02 1.55719220e-02 6.61502267e-03 7.25619146e-03 4.67706123e-03 6.46719477e-03 1.01224717e-02 2.93046157e-02 2.80975978e-02 2.27236631e-02 2.60693592e-02 1.82582128e-02 3.23022861e-02 2.28609289e-02 3.08096299e-02 3.69278762e-02 5.93755338e-02 8.58008942e-02 9.99359501e-02 1.53907679e-01 1.88453374e-01 2.16407674e-01 2.68741066e-01 3.12037023e-01 3.31772717e-01 3.48172590e-01 3.80725939e-01 4.36157004e-01 5.08544278e-01 5.64424203e-01 5.89666612e-01 5.94476967e-01 5.86193771e-01 5.76719578e-01 5.67487555e-01 5.58876372e-01 5.49346565e-01 5.41248099e-01 5.33509253e-01 5.24475070e-01 5.13791910e-01 4.88498324e-01 4.53202965e-01 4.21624630e-01 3.82997574e-01 3.48048482e-01 3.19583914e-01 2.93394968e-01 2.63898237e-01 2.28156346e-01 1.95912393e-01 1.54810356e-01 1.20186273e-01 8.06449939e-02 5.34591982e-02 2.15758265e-02 -3.08518948e-04 -2.16404688e-02 -4.28464827e-02 -5.09134910e-02 -5.85293437e-02 -5.57322800e-02 -5.62818855e-02 -3.55337266e-02 -2.34984287e-02 -1.35696867e-02 3.05791689e-02 5.85523702e-02 8.16998161e-02 1.14870213e-01 1.64235626e-01 2.08909875e-01 2.37789242e-01 2.63401796e-01 3.01183227e-01 3.27089069e-01 3.62313854e-01 3.97281202e-01 4.13558821e-01 3.93582812e-01 3.73889760e-01 4.42617707e-01 5.19370732e-01 6.97504471e-01
2.89000000e+01 7.43260002e-01 3.61947788e-01 1.54751170e-01 2.07279380e-01 2.87485125e-01 2.74827271e-01 2.41249810e-01 2.16771435e-01 1.79437656e-01 1.01223142e-01 6.40515903e-02 3.22790167e-02 3.09152430e-03 1.16457272e-04 -3.76064812e-03 -1.16912146e-02 1.38441999e-02 1.34059253e-02 4.60438272e-03 2.56379592e-03 1.28214636e-03 3.75722635e-03 8.35752203e-03 2.73989183e-02 2.75391368e-02 2.34210362e-02 2.70101342e-02 1.95270853e-02 3.37863619e-02 2.54955943e-02 3.24949141e-02 3.90223137e-02 5.88934697e-02 8.65216616e-02 9.88947416e-02 1.52940009e-01 1.89305081e-01 2.15813673e-01 2.66401586e-01 3.10718479e-01 3.32084535e-01 3.47502962e-01 3.77720744e-01 4.30344856e-01 5.02343879e-01 5.59874809e-01 5.87556251e-01 5.93924459e-01 5.86397883e-01 5.77222863e-01 5.68087592e-01 5.59575847e-01 5.50123959e-01 5.41710542e-01 5.33862453e-01 5.24961654e-01 5.14054292e-01 4.88124977e-01 4.51676617e-01 4.18635412e-01 3.78352861e-01 3.43152981e-01 3.15732708e-01 2.90560036e-01 2.62268649e-01 2.26834709e-01 1.94986205e-01 1.53686264e-01 1.19494901e-01 7.97426652e-02 5.28811918e-02 2.10860983e-02 -1.35994151e-03 -2.25537159e-02 -4.38763039e-02 -5.25240925e-02 -5.98012439e-02 -5.70379940e-02 -5.74239815e-02 -3.58868096e-02 -2.44042978e-02 -1.33524526e-02 3.14458644e-02 5.99794679e-02 8.37984367e-02 1.18223034e-01 1.68371228e-01 2.13382460e-01 2.41055941e-01 2.66879214e-01 3.02909693e-01 3.29381193e-01 3.64092306e-01 3.99251428e-01 4.13950873e-01 3.93272058e-01 3.75096654e-01 4.44691910e-01 5.19986737e-01 6.99080391e-01
2.90000000e+01 7.43971505e-01 3.65518353e-01 1.56502407e-01 2.07749730e-01 2.87479054e-01 2.78962079e-01 2.45081653e-01 2.21755159e-01 1.85967943e-01 1.08437197e-01 6.79081575e-02 3.47806083e-02 4.49713550e-03 4.41760610e-04 -4.36407312e-03 -1.26411854e-02 1.12266651e-02 1.12080194e-02 2.67564587e-03 -2.05480824e-03 -2.16373572e-03 1.09156115e-03 6.64793033e-03 2.54296950e-02 2.68705319e-02 2.41499392e-02 2.78774058e-02 2.08697875e-02 3.51408548e-02 2.81966838e-02 3.41616377e-02 4.12416489e-02 5.84586682e-02 8.72251191e-02 9.80652465e-02 1.51848863e-01 1.90077479e-01 2.15457705e-01 2.64077510e-01 3.09215569e-01 3.32348959e-01 3.46977090e-01 3.74955616e-01 4.24693393e-01 4.96006247e-01 5.55092156e-01 5.85286293e-01 5.93264573e-01 5.86597260e-01 5.77713407e-01 5.68686176e-01 5.60272594e-01 5.50903968e-01 5.42185424e-01 5.34209513e-01 5.25407565e-01 5.14236978e-01 4.87682706e-01 4.50141100e-01 4.15617651e-01 3.73733410e-01 3.38321582e-01 3.11918012e-01 2.87727632e-01 2.60621515e-01 2.25520598e-01 1.94046816e-01 1.52588203e-01 1.18812689e-01 7.88588013e-02 5.23338879e-02 2.05753686e-02 -2.36170505e-03 -2.34677449e-02 -4.48401386e-02 -5.40977409e-02 -6.10026060e-02 -5.83510423e-02 -5.84564166e-02 -3.62416606e-02 -2.52638907e-02 -1.30585959e-02 3.23039592e-02 6.14967587e-02 8.58873350e-02 1.21565635e-01 1.72537250e-01 2.17751359e-01 2.44253712e-01 2.70314764e-01 3.04534513e-01 3.31692969e-01 3.65829590e-01 4.01158726e-01 4.14344941e-01 3.92892218e-01 3.76372513e-01 4.46722929e-01 5.20593654e-01 7.00673983e-01
2.91000000e+01 7.44598120e-01 3.68879399e-01 1.58259756e-01 2.08289856e-01 2.87423789e-01 2.83102181e-01 2.48813480e-01 2.26767974e-01 1.92268048e-01 1.15842593e-01 7.17818197e-02 3.73450004e-02 6.12951367e-03 7.04551676e-04 -4.92181831e-03 -1.34677410e-02 8.48717992e-03 8.97092610e-03 8.06655381e-04 -6.56550118e-03 -5.66810341e-03 -1.52905658e-03 4.98573634e-03 2.34106997e-02 2.60911507e-02 2.49002424e-02 2.86748120e-02 2.22856883e-02 3.63701955e-02 3.09508465e-02 3.58198142e-02 4.35652928e-02 5.80949895e-02 8.78905935e-02 9.74605993e-02 1.50647211e-01 1.90744577e-01 2.15339679e-01 2.61790158e-01 3.07534065e-01 3.32542780e-01 3.46583197e-01 3.72427795e-01 4.19223968e-01 4.89549255e-01 5.50080696e-01 5.82849047e-01 5.92492119e-01 5.86787513e-01 5.78190461e-01 5.69283750e-01 5.60964524e-01 5.51684108e-01 5.42674593e-01 5.34552152e-01 5.25812428e-01 5.14335928e-01 4.87167399e-01 4.48593519e-01 4.12569601e-01 3.69149491e-01 3.33565003e-01 3.08139786e-01 2.84898859e-01 2.58948099e-01 2.24216664e-01 1.93088702e-01 1.51521723e-01 1.18136871e-01 7.79956302e-02 5.18159378e-02 2.00380996e-02 -3.31012219e-03 -2.43820714e-02 -4.57431741e-02 -5.56266993e-02 -6.21375026e-02 -5.96688893e-02 -5.93770351e-02 -3.66034909e-02 -2.60686098e-02 -1.26946962e-02 3.31601261e-02 6.31017139e-02 8.79668139e-02 1.24897673e-01 1.76731471e-01 2.22002114e-01 2.47397224e-01 2.73690194e-01 3.06077610e-01 3.34012865e-01 3.67533050e-01 4.02997435e-01 4.14745827e-01 3.92447075e-01 3.77714336e-01 4.48713535e-01 5.21190835e-01 7.02283210e-01
2.92000000e+01 7.45130967e-01 3.72039324e-01 1.60032350e-01 2.08889091e-01 2.87346578e-01 2.87226593e-01 2.52464902e-01 2.31788704e-01 1.98340981e-01 1.23409895e-01 7.56914659e-02 3.99638403e-02 7.98961839e-03 9.13031207e-04 -5.43451246e-03 -1.41831825e-02 5.65007923e-03 6.68852768e-03 -1.02572206e-03 -1.09363168e-02 -9.23550196e-03 -4.10506084e-03 3.36231709e-03 2.13555648e-02 2.52023761e-02 2.56599525e-02 2.94075642e-02 2.37720881e-02 3.74810338e-02 3.37432369e-02 3.74806458e-02 4.59717645e-02 5.78262152e-02 8.84993153e-02 9.70897146e-02 1.49350839e-01 1.91282672e-01 2.15455308e-01 2.59560851e-01 3.05682794e-01 3.32643065e-01 3.46308700e-01 3.70132961e-01 4.13956096e-01 4.82992582e-01 5.44846142e-01 5.80236729e-01 5.91602296e-01 5.86963323e-01 5.78653453e-01 5.69880689e-01 5.61649692e-01 5.52461899e-01 5.43179463e-01 5.34892134e-01 5.26175854e-01 5.14347408e-01 4.86575398e-01 4.47030538e-01 4.09489953e-01 3.64611317e-01 3.28893399e-01 3.04397893e-01 2.82074768e-01 2.57240060e-01 2.22925326e-01 1.92106595e-01 1.50492094e-01 1.17464893e-01 7.71555621e-02 5.13249353e-02 1.94703745e-02 -4.20273420e-03 -2.52951354e-02 -4.65913742e-02 -5.71029663e-02 -6.32105801e-02 -6.09878213e-02 -6.01851312e-02 -3.69763695e-02 -2.68105468e-02 -1.22674329e-02 3.40219993e-02 6.47902656e-02 9.00379290e-02 1.28219453e-01 1.80949649e-01 2.26122632e-01 2.50500171e-01 2.76987257e-01 3.07559781e-01 3.36328328e-01 3.69210258e-01 4.04762619e-01 4.15156955e-01 3.91941977e-01 3.79117940e-01 4.50667032e-01 5.21777407e-01 7.03906082e-01
2.93000000e+01 7.45559852e-01 3.75010037e-01 1.61826841e-01 2.09537065e-01 2.87274562e-01 2.91313247e-01 2.56057852e-01 2.36793347e-01 2.04194306e-01 1.31105757e-01 7.96575778e-02 4.26296014e-02 1.00745416e-02 1.07905134e-03 -5.90358947e-03 -1.48016621e-02 2.74098922e-03 4.35609807e-03 -2.84507045e-03 -1.51382118e-02 -1.28671775e-02 -6.63807475e-03 1.76861650e-03 1.92774426e-02 2.42077051e-02 2.64154219e-02 3.00822706e-02 2.53242121e-02 3.84821590e-02 3.65578277e-02 3.91560984e-02 4.84391663e-02 5.76754750e-02 8.90349433e-02 9.69570455e-02 1.47978074e-01 1.91670902e-01 2.15795990e-01 2.57410630e-01 3.03673501e-01 3.32627539e-01 3.46140176e-01 3.68065318e-01 4.08907266e-01 4.76357590e-01 5.39395545e-01 5.77441579e-01 5.90590636e-01 5.87118502e-01 5.79101964e-01 5.70477253e-01 5.62326337e-01 5.53234898e-01 5.43700980e-01 5.35231253e-01 5.26497421e-01 5.14268029e-01 4.85903510e-01 4.45448386e-01 4.06377916e-01 3.60128968e-01 3.24316262e-01 3.00692179e-01 2.79256274e-01 2.55489638e-01 2.21648615e-01 1.91095641e-01 1.49504163e-01 1.16794477e-01 7.63411438e-02 5.08574380e-02 1.88699939e-02 -5.03838929e-03 -2.62043643e-02 -4.73913522e-02 -5.85184450e-02 -6.42268771e-02 -6.23030314e-02 -6.08815075e-02 -3.73630746e-02 -2.74827268e-02 -1.17833439e-02 3.48979800e-02 6.65569622e-02 9.21024681e-02 1.31531852e-01 1.85185512e-01 2.30103490e-01 2.53574720e-01 2.80188366e-01 3.09002060e-01 3.38626232e-01 3.70868776e-01 4.06450204e-01 4.15580333e-01 3.91383755e-01 3.80578115e-01 4.52587125e-01 5.22352351e-01 7.05540640e-01
2.94000000e+01 7.45873389e-01 3.77806850e-01 1.63647217e-01 2.10224164e-01 2.87234078e-01 2.95339773e-01 2.59615710e-01 2.41755921e-01 2.09839396e-01 1.38893769e-01 8.37014873e-02 4.53359681e-02 1.23775140e-02 1.21778973e-03 -6.33111936e-03 -1.53387857e-02 -2.13841053e-04 1.97048985e-03 -4.67489115e-03 -1.91457518e-02 -1.65608534e-02 -9.13088417e-03 1.95365831e-04 1.71886793e-02 2.31127809e-02 2.71516203e-02 3.07067116e-02 2.69352593e-02 3.93843802e-02 3.93777577e-02 4.08584409e-02 5.09456504e-02 5.76647086e-02 8.94840206e-02 9.70624574e-02 1.46549460e-01 1.91891742e-01 2.16348776e-01 2.55359966e-01 3.01520664e-01 3.32474983e-01 3.46063334e-01 3.66217687e-01 4.04092776e-01 4.69667166e-01 5.33737353e-01 5.74455996e-01 5.89452933e-01 5.87246065e-01 5.79535670e-01 5.71073551e-01 5.62992927e-01 5.54000725e-01 5.44239598e-01 5.35571296e-01 5.26776649e-01 5.14094780e-01 4.85149007e-01 4.43842891e-01 4.03233284e-01 3.55712321e-01 3.19842322e-01 2.97022557e-01 2.76444098e-01 2.53689830e-01 2.20388007e-01 1.90051554e-01 1.48562209e-01 1.16123661e-01 7.55549941e-02 5.04090441e-02 1.82365165e-02 -5.81727889e-03 -2.71062761e-02 -4.81502093e-02 -5.98651290e-02 -6.51916300e-02 -6.36087314e-02 -6.14684958e-02 -3.77649784e-02 -2.80793105e-02 -1.12486092e-02 3.57970375e-02 6.83951462e-02 9.41629169e-02 1.34836202e-01 1.89430816e-01 2.33938163e-01 2.56631033e-01 2.83277225e-01 3.10425075e-01 3.40893327e-01 3.72515901e-01 4.08057097e-01 4.16016553e-01 3.90780596e-01 3.82088792e-01 4.54477760e-01 5.22914589e-01 7.07184939e-01
2.95000000e+01 7.46059164e-01 3.80448268e-01 1.65494718e-01 2.10941943e-01 2.87249994e-01 2.99284294e-01 2.63162380e-01 2.46649389e-01 2.15290593e-01 1.46735387e-01 8.78446049e-02 4.80781714e-02 1.48880241e-02 1.34731734e-03 -6.71960405e-03 -1.58111817e-02 -3.18820525e-03 -4.69731266e-04 -6.53806596e-03 -2.29377010e-02 -2.03106195e-02 -1.15873712e-02 -1.36671189e-03 1.51005355e-02 2.19253537e-02 2.78524636e-02 3.12895719e-02 2.85965155e-02 4.02003603e-02 4.21857048e-02 4.25997713e-02 5.34698680e-02 5.78141765e-02 8.98363512e-02 9.74012197e-02 1.45087359e-01 1.91931416e-01 2.17096458e-01 2.53428472e-01 2.99241255e-01 3.32165634e-01 3.46063008e-01 3.64581602e-01 3.99525599e-01 4.62945527e-01 5.27881467e-01 5.71272686e-01 5.88185152e-01 5.87338327e-01 5.79954297e-01 5.71669507e-01 5.63648196e-01 5.54757084e-01 5.44795275e-01 5.35914003e-01 5.27012982e-01 5.13825071e-01 4.84309614e-01 4.42209513e-01 4.00056487e-01 3.51370975e-01 3.15479464e-01 2.93389073e-01 2.73638699e-01 2.51834549e-01 2.19144291e-01 1.88970766e-01 1.47669804e-01 1.15450865e-01 7.47997197e-02 4.99745240e-02 1.75712403e-02 -6.54093108e-03 -2.79966199e-02 -4.88753419e-02 -6.11353031e-02 -6.61100725e-02 -6.48982905e-02 -6.19499327e-02 -3.81819717e-02 -2.85957485e-02 -1.06688667e-02 3.67285116e-02 7.02971482e-02 9.62224038e-02 1.38134176e-01 1.93675472e-01 2.37623140e-01 2.59676875e-01 2.86239409e-01 3.11848422e-01 3.43116708e-01 3.74158425e-01 4.09581277e-01 4.16464835e-01 3.90141872e-01 3.83643248e-01 4.56342958e-01 5.23463072e-01 7.08837030e-01
2.96000000e+01 7.46103932e-01 3.82955700e-01 1.67367843e-01 2.11683476e-01 2.87345087e-01 3.03126211e-01 2.66721343e-01 2.51446627e-01 2.20564293e-01 1.54590921e-01 9.21076482e-02 5.08532593e-02 1.75920455e-02 1.48807799e-03 -7.07174894e-03 -1.62360483e-02 -6.15658113e-03 -2.96421123e-03 -8.45632203e-03 -2.64975069e-02 -2.41069399e-02 -1.40124073e-02 -2.92671709e-03 1.30229582e-02 2.06551662e-02 2.85011893e-02 3.18401354e-02 3.02975378e-02 4.09443973e-02 4.49642735e-02 4.43915487e-02 5.59913877e-02 5.81420220e-02 9.00852888e-02 9.79641120e-02 1.43615511e-01 1.91780228e-01 2.18017763e-01 2.51634595e-01 2.96854466e-01 3.31681580e-01 3.46123160e-01 3.63147411e-01 3.95216268e-01 4.56218007e-01 5.21839293e-01 5.67884816e-01 5.86783343e-01 5.87387001e-01 5.80357550e-01 5.72264841e-01 5.64291167e-01 5.55501785e-01 5.45367474e-01 5.36261012e-01 5.27205780e-01 5.13456763e-01 4.83383488e-01 4.40543402e-01 3.96848631e-01 3.47114181e-01 3.11234659e-01 2.89791963e-01 2.70840241e-01 2.49918768e-01 2.17917448e-01 1.87850542e-01 1.46829673e-01 1.14774934e-01 7.40778162e-02 4.95480039e-02 1.68771237e-02 -7.21216043e-03 -2.88705462e-02 -4.95742258e-02 -6.23217514e-02 -6.69872343e-02 -6.61643992e-02 -6.23310827e-02 -3.86124343e-02 -2.90288839e-02 -1.00490666e-02 3.77019147e-02 7.22544954e-02 9.82846233e-02 1.41427645e-01 1.97907731e-01 2.41157959e-01 2.62717330e-01 2.89062864e-01 3.13290076e-01 3.45284251e-01 3.75802403e-01 4.11021868e-01 4.16923098e-01 3.89477944e-01 3.85234327e-01 4.58186644e-01 5.23996867e-01 7.10494937e-01
2.97000000e+01 7.45993840e-01 3.85353072e-01 1.69262462e-01 2.12443617e-01 2.87539473e-01 3.06846942e-01 2.70314736e-01 2.56121403e-01 2.25678001e-01 1.62420534e-01 9.65098938e-02 5.36602942e-02 2.04723679e-02 1.66230070e-03 -7.39022217e-03 -1.66306969e-02 -9.09472781e-03 -5.51079406e-03 -1.04497077e-02 -2.98136710e-02 -2.79367777e-02 -1.64117081e-02 -4.49340827e-03 1.09644081e-02 1.93137670e-02 2.90807691e-02 3.23679500e-02 3.20264084e-02 4.16321525e-02 4.76963870e-02 4.62441542e-02 5.84910777e-02 5.86638870e-02 9.02279382e-02 9.87376368e-02 1.42158551e-01 1.91432781e-01 2.19087673e-01 2.49995318e-01 2.94381401e-01 3.31007133e-01 3.46226908e-01 3.61904385e-01 3.91172800e-01 4.49510805e-01 5.15623760e-01 5.64286190e-01 5.85243551e-01 5.87383318e-01 5.80745045e-01 5.72859052e-01 5.64921176e-01 5.56232755e-01 5.45955183e-01 5.36613806e-01 5.27354305e-01 5.12988209e-01 4.82369190e-01 4.38839469e-01 3.93611519e-01 3.42950770e-01 3.07113906e-01 2.86231690e-01 2.68048550e-01 2.47938635e-01 2.16706550e-01 1.86689092e-01 1.46043583e-01 1.14095184e-01 7.33915578e-02 4.91231952e-02 1.61586472e-02 -7.83497373e-03 -2.97227978e-02 -5.02541860e-02 -6.34179658e-02 -6.78277494e-02 -6.73992529e-02 -6.26185059e-02 -3.90532528e-02 -2.93770052e-02 -9.39336085e-03 3.87267341e-02 7.42581327e-02 1.00353732e-01 1.44718547e-01 2.02114422e-01 2.44545120e-01 2.65754614e-01 2.91738332e-01 3.14765859e-01 3.47385027e-01 3.77452944e-01 4.12379175e-01 4.17388072e-01 3.88799934e-01 3.86854673e-01 4.60012474e-01 5.24515243e-01 7.12156647e-01
2.98000000e+01 7.45714676e-01 3.87666372e-01 1.71172021e-01 2.13219179e-01 2.87850139e-01 3.10430593e-01 2.73962485e-01 2.60649319e-01 2.30649401e-01 1.70185232e-01 1.01068479e-01 5.65004712e-02 2.35090177e-02 1.89336703e-03 -7.67741405e-03 -1.70121065e-02 -1.19802218e-02 -8.10556847e-03 -1.25360928e-02 -3.28799997e-02 -3.17838322e-02 -1.87916568e-02 -6.07505331e-03 8.93173942e-03 1.79142571e-02 2.95743451e-02 3.28824724e-02 3.37700495e-02 4.22803305e-02 5.03656722e-02 4.81664993e-02 6.09514449e-02 5.93925768e-02 9.02652706e-02 9.97043321e-02 1.40741499e-01 1.90888102e-01 2.20277848e-01 2.48525857e-01 2.91844736e-01 3.30129187e-01 3.46356578e-01 3.60840812e-01 3.87400647e-01 4.42850718e-01 5.09249329e-01 5.60471413e-01 5.83561738e-01 5.87318142e-01 5.81116229e-01 5.73451409e-01 5.65537874e-01 5.56948053e-01 5.46556945e-01 5.36973646e-01 5.27457723e-01 5.12418282e-01 4.81265642e-01 4.37092465e-01 3.90347654e-01 3.38889087e-01 3.03122196e-01 2.82708975e-01 2.65263106e-01 2.45891564e-01 2.15509707e-01 1.85485631e-01 1.45312246e-01 1.13411437e-01 7.27428859e-02 4.86936555e-02 1.54216188e-02 -8.41443274e-03 -3.05479131e-02 -5.09221627e-02 -6.44183477e-02 -6.86356823e-02 -6.85947524e-02 -6.28198730e-02 -3.94998860e-02 -2.96398491e-02 -8.70502576e-03 3.98122279e-02 7.62986581e-02 1.02434217e-01 1.48008757e-01 2.06281246e-01 2.47789913e-01 2.68788017e-01 2.94259668e-01 3.16288975e-01 3.49409674e-01 3.79114033e-01 4.13654691e-01 4.17855437e-01 3.88119477e-01 3.88496964e-01 4.61823667e-01 5.25017748e-01 7.13820094e-01
2.99000000e+01 7.45252139e-01 3.89923129e-01 1.73087834e-01 2.14009016e-01 2.88290560e-01 3.13864529e-01 2.77681514e-01 2.65008695e-01 2.35495454e-01 1.77847806e-01 1.05797770e-01 5.93771550e-02 2.66797574e-02 2.20515483e-03 -7.93520940e-03 -1.73965016e-02 -1.47929178e-02 -1.07429699e-02 -1.47307124e-02 -3.56957236e-02 -3.56288780e-02 -2.11591024e-02 -7.67929350e-03 6.93013102e-03 1.64709793e-02 2.99656763e-02 3.33927069e-02 3.55145845e-02 4.29063195e-02 5.29568257e-02 5.01656982e-02 6.33569298e-02 6.03377697e-02 9.02021543e-02 1.00843174e-01 1.39389247e-01 1.90149646e-01 2.21557156e-01 2.47239360e-01 2.89268357e-01 3.29037531e-01 3.46493784e-01 3.59944105e-01 3.83902684e-01 4.36264846e-01 5.02731978e-01 5.56436071e-01 5.81733713e-01 5.87182088e-01 5.81470305e-01 5.74040955e-01 5.66141224e-01 5.57645883e-01 5.47170892e-01 5.37341510e-01 5.27515108e-01 5.11746398e-01 4.80072084e-01 4.35297074e-01 3.87060229e-01 3.34936923e-01 2.99263494e-01 2.79224802e-01 2.62483040e-01 2.43776290e-01 2.14324028e-01 1.84240426e-01 1.44635265e-01 1.12724026e-01 7.21333026e-02 4.82530686e-02 1.46729313e-02 -8.95647692e-03 -3.13404311e-02 -5.15844852e-02 -6.53183907e-02 -6.94143781e-02 -6.97427168e-02 -6.29437322e-02 -3.99464757e-02 -2.98185589e-02 -7.98641030e-03 4.09672154e-02 7.83665703e-02 1.04530740e-01 1.51299962e-01 2.10393114e-01 2.50900143e-01 2.71813944e-01 2.96624052e-01 3.17869640e-01 3.51350708e-01 3.80788391e-01 4.14851074e-01 4.18319993e-01 3.87448463e-01 3.90154150e-01 4.63622852e-01 5.25504282e-01 7.15483155e-01
3.00000000e+01 7.44592126e-01 3.92151826e-01 1.74999467e-01 2.14814014e-01 2.88870431e-01 3.17139842e-01 2.81485070e-01 2.69181346e-01 2.40231582e-01 1.85373689e-01 1.10708827e-01 6.22958339e-02 2.99606477e-02 2.62137805e-03 -8.16478513e-03 -1.77989645e-02 -1.75153238e-02 -1.34159315e-02 -1.70457715e-02 -3.82654806e-02 -3.94501958e-02 -2.35211414e-02 -9.31301827e-03 4.96306447e-03 1.49991598e-02 3.02395807e-02 3.39068514e-02 3.72457251e-02 4.35278051e-02 5.54559486e-02 5.22468140e-02 6.56941576e-02 6.15057677e-02 9.00473056e-02 1.02130058e-01 1.38126041e-01 1.89225216e-01 2.22892288e-01 2.46146623e-01 2.86676977e-01 3.27725125e-01 3.46619528e-01 3.59200893e-01 3.80679233e-01 4.29780292e-01 4.96089158e-01 5.52176900e-01 5.79755085e-01 5.86965639e-01 5.81806160e-01 5.74626502e-01 5.66731486e-01 5.58324606e-01 5.47794793e-01 5.37718030e-01 5.27525445e-01 5.10972528e-01 4.78788022e-01 4.33448016e-01 3.83753102e-01 3.31101451e-01 2.95540740e-01 2.75780418e-01 2.59707146e-01 2.41592889e-01 2.13145635e-01 1.82954790e-01 1.44011112e-01 1.12033787e-01 7.15637807e-02 4.77955232e-02 1.39202818e-02 -9.46771195e-03 -3.20950892e-02 -5.22466615e-02 -6.61148394e-02 -7.01663443e-02 -7.08351005e-02 -6.29992391e-02 -4.03859991e-02 -2.99156009e-02 -7.23890442e-03 4.21998603e-02 8.04525254e-02 1.06647967e-01 1.54593551e-01 2.14434529e-01 2.53885767e-01 2.74826076e-01 2.98832086e-01 3.19514804e-01 3.53202769e-01 3.82477373e-01 4.15972094e-01 4.18775842e-01 3.86798773e-01 3.91819675e-01 4.65411931e-01 5.25975146e-01 7.17143640e-01
