# time site_0 site_1 site_2 site_3 site_4 site_5 site_6 site_7 site_8 site_9 site_10 site_11 site_12 site_13 site_14 site_15 site_16 site_17 site_18 site_19 site_20 site_21 site_22 site_23 site_24 site_25 site_26 site_27 site_28 site_29 site_30 site_31 site_32 site_33 site_34 site_35 site_36 site_37 site_38 site_39 site_40 site_41 site_42 site_43 site_44 site_45 site_46 site_47 site_48 site_49 site_50 site_51 site_52 site_53 site_54 site_55 site_56 site_57 site_58 site_59 site_60 site_61 site_62 site_63 site_64 site_65 site_66 site_67 site_68 site_69 site_70 site_71 site_72 site_73 site_74 site_75 site_76 site_77 site_78 site_79 site_80 site_81 site_82 site_83 site_84 site_85 site_86 site_87 site_88 site_89 site_90 site_91 site_92 site_93 site_94 site_95 site_96 site_97 site_98 site_99
0.00000000e+00 5.36142837e-01 6.67777302e-01 7.82358504e-01 8.75826802e-01 9.44814938e-01 9.86762063e-01 1.00000000e+00 9.83808760e-01 9.38439442e-01 8.65103764e-01 7.65930655e-01 6.43891470e-01 5.02696503e-01 3.46666459e-01 1.80583413e-01 9.52651687e-03 -1.61301806e-01 -3.26753066e-01 -4.81907144e-01 -6.22237858e-01 -7.43763932e-01 -8.43180124e-01 -9.17964011e-01 -9.66454786e-01 -9.87901427e-01 -9.82478666e-01 -9.51270366e-01 -8.96221014e-01 -8.20057220e-01 -7.26182112e-01 -6.18546528e-01 -5.01501658e-01 -3.79638484e-01 -2.57619792e-01 -1.40010775e-01 -3.11143116e-02 6.51832225e-02 1.45550109e-01 2.07326512e-01 2.48616620e-01 2.68352496e-01 2.66327382e-01 2.43197385e-01 2.00451532e-01 1.40351366e-01 6.58423337e-02 -1.95597822e-02 -1.11903230e-01 -2.06950554e-01 -3.00339286e-01 -3.87747236e-01 -4.65056354e-01 -5.28509241e-01 -5.74852578e-01 -6.01462296e-01 -6.06445880e-01 -5.88718089e-01 -5.48047282e-01 -4.85070616e-01 -4.01277488e-01 -2.98961746e-01 -1.81144306e-01 -5.14688844e-02 8.59254863e-02 2.26550625e-01 3.65728867e-01 4.98760534e-01 6.21093213e-01 7.28486789e-01 8.17168293e-01 8.83970988e-01 9.26452652e-01 9.42988753e-01 9.32837088e-01 8.96171459e-01 8.34083065e-01 7.48549418e-01 6.42371751e-01 5.19082996e-01 3.82829470e-01 2.38230345e-01 9.02197466e-02 -5.61229933e-02 -1.95749034e-01 -3.23815501e-01 -4.35854597e-01 -5.27930386e-01 -5.96777728e-01 -6.39918457e-01 -6.55750658e-01 -6.43607879e-01 -6.03786110e-01 -5.37537531e-01 -4.47031177e-01 -3.35281801e-01 -2.06049390e-01 -6.37127458e-02 8.68784882e-02 2.40568253e-01 3.92069255e-01
1.00000000e-01 5.36910036e-01 6.67209392e-01 7.82264861e-01 8.75762753e-01 9.44785892e-01 9.86818796e-01 9.99854092e-01 9.83877237e-01 9.38399056e-01 8.65031517e-01 7.65826274e-01 6.43767230e-01 5.02573374e-01 3.46567125e-01 1.80527589e-01 9.52512094e-03 -1.61248901e-01 -3.26657235e-01 -4.81787459e-01 -6.22116819e-01 -7.43660976e-01 -8.43109498e-01 -9.17935072e-01 -9.66456086e-01 -9.87849107e-01 -9.82454118e-01 -9.51270601e-01 -8.96183684e-01 -8.19993689e-01 -7.26103765e-01 -6.18467206e-01 -5.01434780e-01 -3.79595423e-01 -2.57606566e-01 -1.40027928e-01 -3.11573892e-02 6.51214396e-02 1.45477358e-01 2.07249083e-01 2.48538532e-01 2.68275690e-01 2.66252729e-01 2.43125921e-01 2.00385457e-01 1.40294455e-01 6.57994237e-02 -1.95839917e-02 -1.11905788e-01 -2.06931402e-01 -3.00301705e-01 -3.87696892e-01 -4.64999792e-01 -5.28451568e-01 -5.74796293e-01 -6.01406797e-01 -6.06388598e-01 -5.88655670e-01 -5.47976981e-01 -4.84992336e-01 -4.01195212e-01 -2.98884125e-01 -1.81082765e-01 -5.14348467e-02 8.59241850e-02 2.26512227e-01 3.65659055e-01 4.98671134e-01 6.21000138e-01 7.28405339e-01 8.17110466e-01 8.83937996e-01 9.26427001e-01 9.42954712e-01 9.32808868e-01 8.96141612e-01 8.34029084e-01 7.48468585e-01 6.42273720e-01 5.18984210e-01 3.82747490e-01 2.38180499e-01 9.02106605e-02 -5.60909521e-02 -1.95683666e-01 -3.23729852e-01 -4.35763009e-01 -5.27843767e-01 -5.96700955e-01 -6.39849939e-01 -6.55685299e-01 -6.43539510e-01 -6.03709142e-01 -5.37449688e-01 -4.46936197e-01 -3.35190521e-01 -2.05976808e-01 -6.36738282e-02 8.68736114e-02 2.40117321e-01 3.91965852e-01
2.00000000e-01 5.39202939e-01 6.65518960e-01 7.81979198e-01 8.75570520e-01 9.44700495e-01 9.86985501e-01 9.99420405e-01 9.84078889e-01 9.38279917e-01 8.64814167e-01 7.65513160e-01 6.43394666e-01 5.02204238e-01 3.46269398e-01 1.80360290e-01 9.52093574e-03 -1.61090360e-01 -3.26370005e-01 -4.81428657e-01 -6.21753848e-01 -7.43352122e-01 -8.42897576e-01 -9.17848442e-01 -9.66459209e-01 -9.87692740e-01 -9.82380277e-01 -9.51270958e-01 -8.96071897e-01 -8.19803066e-01 -7.25868792e-01 -6.18229358e-01 -5.01234281e-01 -3.79466334e-01 -2.57566918e-01 -1.40079349e-01 -3.12865442e-02 6.49361777e-02 1.45259169e-01 2.07016832e-01 2.48304275e-01 2.68045268e-01 2.66028771e-01 2.42911545e-01 2.00187270e-01 1.40123773e-01 6.56707463e-02 -1.96565888e-02 -1.11913463e-01 -2.06873988e-01 -3.00189025e-01 -3.87545931e-01 -4.64830153e-01 -5.28278566e-01 -5.74627423e-01 -6.01240263e-01 -6.06216705e-01 -5.88468373e-01 -5.47766061e-01 -4.84757525e-01 -4.00948473e-01 -2.98651393e-01 -1.80898280e-01 -5.13328264e-02 8.59202753e-02 2.26397129e-01 3.65449778e-01 4.98403104e-01 6.20721026e-01 7.28161037e-01 8.16936983e-01 8.83838927e-01 9.26349903e-01 9.42852647e-01 9.32724110e-01 8.96051930e-01 8.33867130e-01 7.48226109e-01 6.41979733e-01 5.18688028e-01 3.82501744e-01 2.38031092e-01 9.01834232e-02 -5.59949246e-02 -1.95487724e-01 -3.23473069e-01 -4.35488350e-01 -5.27583945e-01 -5.96470604e-01 -6.39644322e-01 -6.55489145e-01 -6.43334333e-01 -6.03478201e-01 -5.37186179e-01 -4.46651365e-01 -3.34916851e-01 -2.05759247e-01 -6.35571790e-02 8.68557034e-02 2.38771526e-01 3.91652364e-01
3.00000000e-01 5.42995608e-01 6.62745603e-01 7.81487494e-01 8.75249830e-01 9.44563877e-01 9.87251821e-01 9.98710908e-01 9.84402516e-01 9.38087978e-01 8.64449941e-01 7.64991393e-01 6.42774250e-01 5.01589853e-01 3.45774096e-01 1.80082035e-01 9.51396894e-03 -1.60826695e-01 -3.25892163e-01 -4.80831493e-01 -6.21149380e-01 -7.42837411e-01 -8.42544227e-01 -9.17704666e-01 -9.66461849e-01 -9.87434088e-01 -9.82256555e-01 -9.51270389e-01 -8.95886261e-01 -8.19485260e-01 -7.25477396e-01 -6.17833339e-01 -5.00900567e-01 -3.79251501e-01 -2.57500945e-01 -1.40164928e-01 -3.15015433e-02 6.46276962e-02 1.44895742e-01 2.06629871e-01 2.47913881e-01 2.67661223e-01 2.65655506e-01 2.42554301e-01 1.99857080e-01 1.39839477e-01 6.54564596e-02 -1.97774784e-02 -1.11926267e-01 -2.06778441e-01 -3.00001446e-01 -3.87294561e-01 -4.64547581e-01 -5.27990288e-01 -5.74345924e-01 -6.00962587e-01 -6.05930065e-01 -5.88156075e-01 -5.47414479e-01 -4.84366267e-01 -4.00537528e-01 -2.98263937e-01 -1.80591269e-01 -5.11631020e-02 8.59137391e-02 2.26205615e-01 3.65101511e-01 4.97956949e-01 6.20256213e-01 7.27754025e-01 8.16647837e-01 8.83673504e-01 9.26220923e-01 9.42682735e-01 9.32582526e-01 8.95901987e-01 8.33597159e-01 7.47822063e-01 6.41490118e-01 5.18194976e-01 3.82092817e-01 2.37782519e-01 9.01380969e-02 -5.58351991e-02 -1.95161697e-01 -3.23045645e-01 -4.35030946e-01 -5.27151027e-01 -5.96086586e-01 -6.39301409e-01 -6.55161965e-01 -6.42992134e-01 -6.03093172e-01 -5.36747072e-01 -4.46176995e-01 -3.34461299e-01 -2.05397260e-01 -6.33631364e-02 8.68150405e-02 2.36551709e-01 3.91119021e-01
4.00000000e-01 5.48245312e-01 6.58954321e-01 7.80767010e-01 8.74800189e-01 9.44384303e-01 9.87600936e-01 9.97745055e-01 9.84829915e-01 9.37832823e-01 8.63936042e-01 7.64261062e-01 6.41906774e-01 5.00731478e-01 3.45082578e-01 1.79693685e-01 9.50423322e-03 -1.60458760e-01 -3.25225014e-01 -4.79997225e-01 -6.20304138e-01 -7.42116908e-01 -8.42049256e-01 -9.17504607e-01 -9.66460228e-01 -9.87076028e-01 -9.82082004e-01 -9.51267159e-01 -8.95627764e-01 -8.19040133e-01 -7.24929909e-01 -6.17279740e-01 -5.00434313e-01 -3.78951400e-01 -2.57408802e-01 -1.40284481e-01 -3.18019989e-02 6.41964266e-02 1.44387412e-01 2.06088384e-01 2.47367400e-01 2.67123540e-01 2.65132934e-01 2.42054265e-01 1.99395069e-01 1.39441825e-01 6.51568261e-02 -1.99465027e-02 -1.11944216e-01 -2.06644973e-01 -2.99739299e-01 -3.86943127e-01 -4.64152314e-01 -5.27586823e-01 -5.73951720e-01 -6.00573590e-01 -6.05528452e-01 -5.87718572e-01 -5.46922161e-01 -4.83818707e-01 -3.99962808e-01 -2.97722404e-01 -1.80162423e-01 -5.09261359e-02 8.59045470e-02 2.25938157e-01 3.64615044e-01 4.97333511e-01 6.19606260e-01 7.27184543e-01 8.16243017e-01 8.83441262e-01 9.26039343e-01 9.42445258e-01 9.32383639e-01 8.95691080e-01 8.33219099e-01 7.47256570e-01 6.40805417e-01 5.17505930e-01 3.81521679e-01 2.37435434e-01 9.00747849e-02 -5.56122536e-02 -1.94706393e-01 -3.22448401e-01 -4.34391337e-01 -5.26545190e-01 -5.95548748e-01 -6.38820877e-01 -6.54703376e-01 -6.42512562e-01 -6.02553868e-01 -5.36132479e-01 -4.45513610e-01 -3.33824709e-01 -2.04891768e-01 -6.30923530e-02 8.67357778e-02 2.33492092e-01 3.90349779e-01
5.00000000e-01 5.54893259e-01 6.54234051e-01 7.79787208e-01 8.74220822e-01 9.44172755e-01 9.88010197e-01 9.96549068e-01 9.85336550e-01 9.37527186e-01 8.63268888e-01 7.63322213e-01 6.40793355e-01 4.99630872e-01 3.44196737e-01 1.79196438e-01 9.49174596e-03 -1.59987740e-01 -3.24370381e-01 -4.78927607e-01 -6.19219137e-01 -7.41190709e-01 -8.41412423e-01 -9.17249376e-01 -9.66449205e-01 -9.86622458e-01 -9.81855344e-01 -9.51258857e-01 -8.95297752e-01 -8.18467521e-01 -7.24226793e-01 -6.16569385e-01 -4.99836458e-01 -3.78566690e-01 -2.57290708e-01 -1.40437751e-01 -3.21873711e-02 6.36429708e-02 1.43734643e-01 2.05392629e-01 2.46664905e-01 2.66432201e-01 2.64461054e-01 2.41411544e-01 1.98801491e-01 1.38931176e-01 6.47722116e-02 -2.01634422e-02 -1.11967337e-01 -2.06473883e-01 -2.99403043e-01 -3.86492115e-01 -4.63644687e-01 -5.27068294e-01 -5.73444710e-01 -6.00073021e-01 -6.05011549e-01 -5.87155583e-01 -5.46289003e-01 -4.83115046e-01 -3.99224915e-01 -2.97027696e-01 -1.79612707e-01 -5.06225721e-02 8.58926581e-02 2.25595411e-01 3.63991477e-01 4.96533965e-01 6.18771950e-01 7.26452928e-01 8.15722508e-01 8.83141549e-01 9.25804175e-01 9.42140593e-01 9.32126787e-01 8.95418226e-01 8.32732845e-01 7.46529807e-01 6.39926391e-01 5.16622113e-01 3.80789684e-01 2.36990750e-01 8.99936309e-02 -5.53267534e-02 -1.94122941e-01 -3.21682481e-01 -4.33570278e-01 -5.25766686e-01 -5.94856884e-01 -6.38202273e-01 -6.54112839e-01 -6.41895125e-01 -6.01860025e-01 -5.35342560e-01 -4.44661946e-01 -3.33008261e-01 -2.04244049e-01 -6.27459247e-02 8.65964799e-02 2.29639518e-01 3.89322678e-01
6.00000000e-01 5.62865605e-01 6.48695669e-01 7.78511003e-01 8.73510599e-01 9.43942372e-01 9.88451991e-01 9.95154969e-01 9.85892464e-01 9.37186296e-01 8.62444420e-01 7.62174773e-01 6.39435441e-01 4.98290289e-01 3.43118989e-01 1.78591820e-01 9.47652899e-03 -1.59415145e-01 -3.23330588e-01 -4.77624884e-01 -6.17895682e-01 -7.40058936e-01 -8.40633484e-01 -9.16940248e-01 -9.66422407e-01 -9.86078179e-01 -9.81575024e-01 -9.51242418e-01 -8.94897879e-01 -8.17767259e-01 -7.23368630e-01 -6.15703334e-01 -4.99108202e-01 -3.78098217e-01 -2.57146944e-01 -1.40624413e-01 -3.26569698e-02 6.29680987e-02 1.42938033e-01 2.04542940e-01 2.45806490e-01 2.65587184e-01 2.63639868e-01 2.40626274e-01 1.98076674e-01 1.38307994e-01 6.43030837e-02 -2.04280160e-02 -1.11995660e-01 -2.06265549e-01 -2.98993268e-01 -3.85942141e-01 -4.63025127e-01 -5.26434860e-01 -5.72824762e-01 -5.99460560e-01 -6.04378951e-01 -5.86466745e-01 -5.45514879e-01 -4.82255547e-01 -3.98324625e-01 -2.96180967e-01 -1.78943354e-01 -5.02532323e-02 8.58780216e-02 2.25178216e-01 3.63232216e-01 4.95559811e-01 6.17754294e-01 7.25559620e-01 8.15086288e-01 8.82773524e-01 9.25514171e-01 9.41769193e-01 9.31811133e-01 8.95082177e-01 8.32138253e-01 7.45642010e-01 6.38854019e-01 5.15545093e-01 3.79898558e-01 2.36449630e-01 8.98948183e-02 -5.49795462e-02 -1.93412783e-01 -3.20749347e-01 -4.32568740e-01 -5.24815838e-01 -5.94010728e-01 -6.37445016e-01 -6.53389668e-01 -6.41139191e-01 -6.01011311e-01 -5.34377524e-01 -4.43622945e-01 -3.32013464e-01 -2.03455738e-01 -6.23255617e-02 8.63708400e-02 2.25052415e-01 3.88010318e-01
7.00000000e-01 5.72074707e-01 6.42469497e-01 7.76896303e-01 8.72667939e-01 9.43707758e-01 9.88894787e-01 9.93599401e-01 9.86463385e-01 9.36827080e-01 8.61458478e-01 7.60818472e-01 6.37834816e-01 4.96712472e-01 3.41852260e-01 1.77881681e-01 9.45860821e-03 -1.58742802e-01 -3.22108453e-01 -4.76091783e-01 -6.16335367e-01 -7.38721741e-01 -8.39712231e-01 -9.16578544e-01 -9.66372404e-01 -9.85448744e-01 -9.81239273e-01 -9.51214149e-01 -8.94430060e-01 -8.16939217e-01 -7.22356116e-01 -6.14682878e-01 -4.98251005e-01 -3.77547007e-01 -2.56977848e-01 -1.40844074e-01 -3.32099586e-02 6.21727456e-02 1.41998308e-01 2.03539722e-01 2.44792274e-01 2.64588466e-01 2.62669380e-01 2.39698624e-01 1.97221015e-01 1.37572840e-01 6.37500094e-02 -2.07398841e-02 -1.12029226e-01 -2.06020432e-01 -2.98510691e-01 -3.85293958e-01 -4.62294157e-01 -5.25686716e-01 -5.72091718e-01 -5.98735817e-01 -6.03630163e-01 -5.85651620e-01 -5.44599633e-01 -4.81240533e-01 -3.97262881e-01 -2.95183623e-01 -1.78155859e-01 -4.98191120e-02 8.58605765e-02 2.24687586e-01 3.62338969e-01 4.94412873e-01 6.16554525e-01 7.24505160e-01 8.14334329e-01 8.82336156e-01 9.25167845e-01 9.41331563e-01 9.31435674e-01 8.94681420e-01 8.31435135e-01 7.44593482e-01 6.37589494e-01 5.14276780e-01 3.78850396e-01 2.35813484e-01 8.97785688e-02 -5.45716573e-02 -1.92577664e-01 -3.19650779e-01 -4.31387907e-01 -5.23693045e-01 -5.93009964e-01 -6.36548401e-01 -6.52533021e-01 -6.40243995e-01 -6.00007322e-01 -5.33237632e-01 -4.42397757e-01 -3.30842155e-01 -2.02528821e-01 -6.18337909e-02 8.60285671e-02 2.19799505e-01 3.86380472e-01
8.00000000e-01 5.82420610e-01 6.35702382e-01 7.74897800e-01 8.71690721e-01 9.43484198e-01 9.89304342e-01 9.91922273e-01 9.87011988e-01 9.36467272e-01 8.60307210e-01 7.59252754e-01 6.35993606e-01 4.94900646e-01 3.40399967e-01 1.77068175e-01 9.43801313e-03 -1.57972838e-01 -3.20707272e-01 -4.74331505e-01 -6.14540079e-01 -7.37179314e-01 -8.38648540e-01 -9.16165512e-01 -9.66290900e-01 -9.84740281e-01 -9.80846180e-01 -9.51169763e-01 -8.93896410e-01 -8.15983334e-01 -7.21190055e-01 -6.13509537e-01 -4.97266575e-01 -3.76914264e-01 -2.56783818e-01 -1.41096276e-01 -3.38453580e-02 6.12580083e-02 1.40916328e-01 2.02383461e-01 2.43622401e-01 2.63436022e-01 2.61549597e-01 2.38628795e-01 1.96234983e-01 1.36726374e-01 6.31136530e-02 -2.10986482e-02 -1.12068082e-01 -2.05739073e-01 -2.97956153e-01 -3.84548448e-01 -4.61452394e-01 -5.24824091e-01 -5.71245393e-01 -5.97898334e-01 -6.02764606e-01 -5.84709693e-01 -5.43543088e-01 -4.80070393e-01 -3.96040797e-01 -2.94037316e-01 -1.77251970e-01 -4.93213747e-02 8.58402538e-02 2.24124707e-01 3.61313736e-01 4.93095292e-01 6.15174103e-01 7.23290200e-01 8.13466599e-01 8.81828225e-01 9.24763493e-01 9.40828235e-01 9.30999247e-01 8.94214193e-01 8.30623253e-01 7.43384600e-01 6.36134229e-01 5.12819418e-01 3.77647649e-01 2.35083961e-01 8.96451414e-02 -5.41042826e-02 -1.91619629e-01 -3.18388862e-01 -4.30029178e-01 -5.22398784e-01 -5.91854225e-01 -6.35511599e-01 -6.51541912e-01 -6.39208636e-01 -5.98847591e-01 -5.31923200e-01 -4.40987741e-01 -3.29496491e-01 -2.01465636e-01 -6.12741821e-02 8.55364124e-02 2.13958296e-01 3.84396789e-01
9.00000000e-01 5.93792718e-01 6.28554422e-01 7.72468944e-01 8.70576176e-01 9.43286801e-01 9.89644997e-01 9.90165291e-01 9.87499273e-01 9.36124438e-01 8.58987512e-01 7.57476699e-01 6.33914274e-01 4.92858515e-01 3.38766006e-01 1.76153755e-01 9.41477645e-03 -1.57107670e-01 -3.19130804e-01 -4.72347716e-01 -6.12511991e-01 -7.35431884e-01 -8.37442415e-01 -9.15702189e-01 -9.66168952e-01 -9.83959309e-01 -9.80393759e-01 -9.51104415e-01 -8.93299173e-01 -8.14899663e-01 -7.19871351e-01 -6.12185057e-01 -4.96156862e-01 -3.76201365e-01 -2.56565310e-01 -1.41380500e-01 -3.45620507e-02 6.02251417e-02 1.39693076e-01 2.01074712e-01 2.42297042e-01 2.62129832e-01 2.60280534e-01 2.37417024e-01 1.95119118e-01 1.35769351e-01 6.23947728e-02 -2.15038544e-02 -1.12112284e-01 -2.05422087e-01 -2.97330616e-01 -3.83706623e-01 -4.60500547e-01 -5.23847252e-01 -5.70285580e-01 -5.96947585e-01 -6.01781612e-01 -5.83640380e-01 -5.42345048e-01 -4.78745579e-01 -3.94659654e-01 -2.92743940e-01 -1.76233685e-01 -4.87613459e-02 8.58169767e-02 2.23490931e-01 3.60158802e-01 4.91609515e-01 6.13614712e-01 7.21915502e-01 8.12483056e-01 8.81248316e-01 9.24299213e-01 9.40259734e-01 9.30500546e-01 8.93678490e-01 8.29702314e-01 7.42015821e-01 6.34489852e-01 5.11175584e-01 3.76293113e-01 2.34262942e-01 8.94948305e-02 -5.35787817e-02 -1.90541009e-01 -3.16965981e-01 -4.28494161e-01 -5.20933606e-01 -5.90543097e-01 -6.34333661e-01 -6.50415203e-01 -6.38032083e-01 -5.97531584e-01 -5.30434602e-01 -4.39394460e-01 -3.27978942e-01 -2.00268876e-01 -6.06515805e-02 8.48593046e-02 2.07613387e-01 3.82019598e-01
1.00000000e+00 6.06071631e-01 6.21195403e-01 7.69564055e-01 8.69320802e-01 9.43129604e-01 9.89881045e-01 9.88370420e-01 9.87885998e-01 9.35814983e-01 8.57497457e-01 7.55488962e-01 6.31599614e-01 4.90590249e-01 3.36954725e-01 1.75141153e-01 9.38893352e-03 -1.56149987e-01 -3.17383250e-01 -4.70144530e-01 -6.10253566e-01 -7.33479736e-01 -8.36094041e-01 -9.15189261e-01 -9.65997196e-01 -9.83112530e-01 -9.79880034e-01 -9.51012749e-01 -8.92640648e-01 -8.13688415e-01 -7.18401002e-01 -6.10711407e-01 -4.94924056e-01 -3.75409854e-01 -2.56322833e-01 -1.41696169e-01 -3.53587862e-02 5.90755535e-02 1.38329665e-01 1.99614112e-01 2.40816396e-01 2.60669877e-01 2.58862211e-01 2.36063577e-01 1.93874029e-01 1.34702623e-01 6.15942177e-02 -2.19549950e-02 -1.12161896e-01 -2.05070166e-01 -2.96635161e-01 -3.82769616e-01 -4.59439417e-01 -5.22756499e-01 -5.69212046e-01 -5.95882978e-01 -6.00680434e-01 -5.82443023e-01 -5.41005297e-01 -4.77266615e-01 -3.93120903e-01 -2.91305624e-01 -1.75103239e-01 -4.81405059e-02 8.57906626e-02 2.22787765e-01 3.58876725e-01 4.89958287e-01 6.11878261e-01 7.20381947e-01 8.11383650e-01 8.80594823e-01 9.23772933e-01 9.39626550e-01 9.29938129e-01 8.93072080e-01 8.28671957e-01 7.40487691e-01 6.32658210e-01 5.09348180e-01 3.74789916e-01 2.33352526e-01 8.93279647e-02 -5.29966688e-02 -1.89344414e-01 -3.15384815e-01 -4.26784678e-01 -5.19298149e-01 -5.89076128e-01 -6.33013519e-01 -6.49151614e-01 -6.36713176e-01 -5.96058714e-01 -5.28772276e-01 -4.37619684e-01 -3.26292290e-01 -1.98941601e-01 -5.99723366e-02 8.39615580e-02 2.00854629e-01 3.79206786e-01
1.10000000e+00 6.19131101e-01 6.13801040e-01 7.66140498e-01 8.67920280e-01 9.43024670e-01 9.89978090e-01 9.86578344e-01 9.88134113e-01 9.35553165e-01 8.55836701e-01 7.53287729e-01 6.29052736e-01 4.88100479e-01 3.34970904e-01 1.74033365e-01 9.36052191e-03 -1.55102734e-01 -3.15469235e-01 -4.67726498e-01 -6.07767550e-01 -7.31323220e-01 -8.34603826e-01 -9.14626925e-01 -9.65766082e-01 -9.82206622e-01 -9.79303110e-01 -9.50888953e-01 -8.91923107e-01 -8.12350000e-01 -7.16780095e-01 -6.09090771e-01 -4.93570570e-01 -3.74541437e-01 -2.56056951e-01 -1.42042652e-01 -3.62341873e-02 5.78107995e-02 1.36827331e-01 1.98002371e-01 2.39180696e-01 2.59056148e-01 2.57294660e-01 2.34568760e-01 1.92500392e-01 1.33527130e-01 6.07129238e-02 -2.24515109e-02 -1.12216992e-01 -2.04684071e-01 -2.95870983e-01 -3.81738683e-01 -4.58269894e-01 -5.21552171e-01 -5.68024538e-01 -5.94703858e-01 -5.99460239e-01 -5.81116900e-01 -5.39523605e-01 -4.75634094e-01 -3.91426156e-01 -2.89724729e-01 -1.73863093e-01 -4.74604820e-02 8.57612237e-02 2.22016867e-01 3.57470329e-01 4.88144646e-01 6.09966884e-01 7.18690538e-01 8.10168322e-01 8.79865952e-01 9.23182436e-01 9.38929104e-01 9.29310432e-01 8.92392519e-01 8.27531753e-01 7.38800858e-01 6.30641366e-01 5.07340423e-01 3.73141502e-01 2.32355023e-01 8.91449045e-02 -5.23596041e-02 -1.88032715e-01 -3.13648324e-01 -4.24902757e-01 -5.17493129e-01 -5.87452827e-01 -6.31549990e-01 -6.47749720e-01 -6.35250634e-01 -5.94428336e-01 -5.26936724e-01 -4.35665385e-01 -3.24439610e-01 -1.97487258e-01 -5.92445158e-02 8.28081175e-02 1.93775187e-01 3.75914718e-01
1.20000000e+00 6.32840064e-01 6.06549120e-01 7.62160856e-01 8.66369423e-01 9.42981220e-01 9.89904359e-01 9.84826968e-01 9.88208151e-01 9.35350169e-01 8.54006837e-01 7.50870706e-01 6.26277037e-01 4.85394290e-01 3.32819730e-01 1.72833635e-01 9.32958089e-03 -1.53969092e-01 -3.13393784e-01 -4.65098589e-01 -6.05056974e-01 -7.28962773e-01 -8.32972437e-01 -9.14014755e-01 -9.65466107e-01 -9.81248035e-01 -9.78661241e-01 -9.50726817e-01 -8.91148714e-01 -8.10885075e-01 -7.15009804e-01 -6.07325540e-01 -4.92099035e-01 -3.73597976e-01 -2.55768277e-01 -1.42419270e-01 -3.71867559e-02 5.64325779e-02 1.35187432e-01 1.96240279e-01 2.37390208e-01 2.57288643e-01 2.55577924e-01 2.32932912e-01 1.90998953e-01 1.32243903e-01 5.97519101e-02 -2.29927949e-02 -1.12277655e-01 -2.04264631e-01 -2.95039388e-01 -3.80615197e-01 -4.56992960e-01 -5.20234639e-01 -5.66722785e-01 -5.93409507e-01 -5.98120117e-01 -5.79661225e-01 -5.37899732e-01 -4.73848684e-01 -3.89577193e-01 -2.88003838e-01 -1.72515927e-01 -4.67230399e-02 8.57285693e-02 2.21180036e-01 3.55942689e-01 4.86171906e-01 6.07882940e-01 7.16842406e-01 8.08836998e-01 8.79059718e-01 9.22525384e-01 9.38167709e-01 9.28615781e-01 8.91637165e-01 8.26281191e-01 7.36956076e-01 6.28441602e-01 5.05155842e-01 3.71351617e-01 2.31272941e-01 8.89460410e-02 -5.16693835e-02 -1.86609033e-01 -3.11759738e-01 -4.22850632e-01 -5.15519352e-01 -5.85672673e-01 -6.29941782e-01 -6.46207958e-01 -6.33643051e-01 -5.92639759e-01 -5.24928524e-01 -4.33533737e-01 -3.22424274e-01 -1.95909713e-01 -5.84780759e-02 8.13658013e-02 1.86469547e-01 3.72099206e-01
1.30000000e+00 6.47064725e-01 5.99615612e-01 7.57595038e-01 8.64662145e-01 9.43004823e-01 9.89631922e-01 9.83150029e-01 9.88076507e-01 9.35213271e-01 8.52011681e-01 7.48235147e-01 6.23276172e-01 4.82477206e-01 3.30506770e-01 1.71545434e-01 9.29615101e-03 -1.52752462e-01 -3.11162296e-01 -4.62266179e-01 -6.02125146e-01 -7.26398943e-01 -8.31200833e-01 -9.13351580e-01 -9.65088035e-01 -9.80242789e-01 -9.77952899e-01 -9.50519797e-01 -8.90319442e-01 -8.09294582e-01 -7.13091389e-01 -6.05418310e-01 -4.90512293e-01 -3.72581481e-01 -2.55457475e-01 -1.42825297e-01 -3.82148807e-02 5.49427231e-02 1.33411448e-01 1.94328701e-01 2.35445235e-01 2.55367375e-01 2.53712063e-01 2.31156413e-01 1.89370521e-01 1.30854056e-01 5.87122742e-02 -2.35781941e-02 -1.12343975e-01 -2.03812743e-01 -2.94141788e-01 -3.79400643e-01 -4.55609684e-01 -5.18804315e-01 -5.65306495e-01 -5.91999148e-01 -5.96659082e-01 -5.78075154e-01 -5.36133432e-01 -4.71911130e-01 -3.87575953e-01 -2.86145751e-01 -1.71064623e-01 -4.59300742e-02 8.56926066e-02 2.20279201e-01 3.54297118e-01 4.84043647e-01 6.05629013e-01 7.14838815e-01 8.07389593e-01 8.78173954e-01 9.21799343e-01 9.37342542e-01 9.27852402e-01 8.90803195e-01 8.24919675e-01 7.34954221e-01 6.26061417e-01 5.02798262e-01 3.69424291e-01 2.30108972e-01 8.87317933e-02 -5.09279278e-02 -1.85076725e-01 -3.09722548e-01 -4.20630743e-01 -5.13377708e-01 -5.83735119e-01 -6.28187495e-01 -6.44524626e-01 -6.31888911e-01 -5.90692248e-01 -5.22748327e-01 -4.31227113e-01 -3.20249936e-01 -1.94213292e-01 -5.76849977e-02 7.96045027e-02 1.79031522e-01 3.67716481e-01
1.40000000e+00 6.61670627e-01 5.93170868e-01 7.52422243e-01 8.62791475e-01 9.43096683e-01 9.89137759e-01 9.81575861e-01 9.87712573e-01 9.35145138e-01 8.49857468e-01 7.45377922e-01 6.20054006e-01 4.79355180e-01 3.28037944e-01 1.70172438e-01 9.26027372e-03 -1.51456437e-01 -3.08780519e-01 -4.59235024e-01 -5.98975647e-01 -7.23632416e-01 -8.29290276e-01 -9.12635382e-01 -9.64623108e-01 -9.79196290e-01 -9.77176823e-01 -9.50261089e-01 -8.89436987e-01 -8.07579787e-01 -7.11026199e-01 -6.03371865e-01 -4.88813377e-01 -3.71494103e-01 -2.55125254e-01 -1.43259969e-01 -3.93168440e-02 5.33431988e-02 1.31500973e-01 1.92268583e-01 2.33346120e-01 2.53292373e-01 2.51697152e-01 2.29239679e-01 1.87615974e-01 1.29358787e-01 5.75951873e-02 -2.42070136e-02 -1.12416055e-01 -2.03329363e-01 -2.93179695e-01 -3.78096614e-01 -4.54121220e-01 -5.17261643e-01 -5.63775364e-01 -5.90471944e-01 -5.95076073e-01 -5.76357785e-01 -5.34224453e-01 -4.69822260e-01 -3.85424534e-01 -2.84153476e-01 -1.69512257e-01 -4.50835990e-02 8.56532425e-02 2.19316417e-01 3.52537154e-01 4.81763705e-01 6.03207910e-01 7.12681170e-01 8.05826005e-01 8.77206315e-01 9.21001808e-01 9.36453606e-01 9.27018429e-01 8.89887625e-01 8.23446519e-01 7.32796291e-01 6.23503531e-01 5.00271803e-01 3.67363820e-01 2.28865983e-01 8.85026069e-02 -5.01372717e-02 -1.83439368e-01 -3.07540492e-01 -4.18245728e-01 -5.11069184e-01 -5.81639600e-01 -6.26285626e-01 -6.42697891e-01 -6.29986584e-01 -5.88585031e-01 -5.20396868e-01 -4.28748083e-01 -3.17920525e-01 -1.92402835e-01 -5.68793582e-02 7.74983147e-02 1.71552289e-01 3.62724163e-01
1.50000000e+00 6.76524687e-01 5.87375970e-01 7.46632736e-01 8.60749611e-01 9.43253046e-01 9.88404640e-01 9.80126364e-01 9.87095680e-01 9.35143286e-01 8.47552941e-01 7.42295632e-01 6.16614561e-01 4.76034583e-01 3.25419495e-01 1.68718511e-01 9.22199100e-03 -1.50084788e-01 -3.06254525e-01 -4.56011246e-01 -5.95612325e-01 -7.20664054e-01 -8.27242344e-01 -9.11863216e-01 -9.64063225e-01 -9.78113165e-01 -9.76332056e-01 -9.49943706e-01 -8.88502690e-01 -8.05742308e-01 -7.08815681e-01 -6.01189170e-01 -4.87005510e-01 -3.70338124e-01 -2.54772371e-01 -1.43722488e-01 -4.04908300e-02 5.16360915e-02 1.29457716e-01 1.90060951e-01 2.31093249e-01 2.51063688e-01 2.49533288e-01 2.27183167e-01 1.85736250e-01 1.27759372e-01 5.64018898e-02 -2.48785196e-02 -1.12494007e-01 -2.02815503e-01 -2.92154717e-01 -3.76704805e-01 -4.52528807e-01 -5.15607107e-01 -5.62129072e-01 -5.88827005e-01 -5.93369958e-01 -5.74508167e-01 -5.32172550e-01 -4.67582982e-01 -3.83125193e-01 -2.82030219e-01 -1.67862083e-01 -4.41857368e-02 8.56103850e-02 2.18293847e-01 3.50666545e-01 4.79336157e-01 6.00622659e-01 7.10371020e-01 8.04146113e-01 8.76154286e-01 9.20130224e-01 9.35500702e-01 9.26111917e-01 8.88887329e-01 8.21860939e-01 7.30483421e-01 6.20770882e-01 4.97580857e-01 3.65174746e-01 2.27546996e-01 8.82589514e-02 -4.92995522e-02 -1.81700741e-01 -3.05217543e-01 -4.15698422e-01 -5.08594859e-01 -5.79385538e-01 -6.24234579e-01 -6.40725788e-01 -6.27934335e-01 -5.86317309e-01 -5.17874967e-01 -4.26099411e-01 -3.15440242e-01 -1.90483761e-01 -5.60773356e-02 7.50265412e-02 1.64118520e-01 3.57082198e-01
1.60000000e+00 6.91497147e-01 5.82379339e-01 7.40229358e-01 8.58528021e-01 9.43464762e-01 9.87421788e-01 9.78816209e-01 9.86211804e-01 9.35199733e-01 8.45109326e-01 7.38984766e-01 6.12961958e-01 4.72522185e-01 3.22657960e-01 1.67187681e-01 9.18134517e-03 -1.48641438e-01 -3.03590674e-01 -4.52601308e-01 -5.92039290e-01 -7.17494933e-01 -8.25058914e-01 -9.11031149e-01 -9.63401105e-01 -9.76997115e-01 -9.75417970e-01 -9.49560560e-01 -8.87517463e-01 -8.03784143e-01 -7.06461385e-01 -5.98873360e-01 -4.85092086e-01 -3.69115952e-01 -2.54399622e-01 -1.44212024e-01 -4.17349334e-02 4.98236030e-02 1.27283499e-01 1.87706909e-01 2.28687055e-01 2.48681392e-01 2.47220593e-01 2.24987376e-01 1.83732351e-01 1.26057160e-01 5.51336855e-02 -2.55919433e-02 -1.12577955e-01 -2.02272232e-01 -2.91068553e-01 -3.75227008e-01 -4.50833766e-01 -5.13841226e-01 -5.60367292e-01 -5.87063387e-01 -5.91539537e-01 -5.72525303e-01 -5.29977481e-01 -4.65194295e-01 -3.80680340e-01 -2.79779376e-01 -1.66117518e-01 -4.32387084e-02 8.55639448e-02 2.17213758e-01 3.48689232e-01 4.76765307e-01 5.97876512e-01 7.07910065e-01 8.02349779e-01 8.75015193e-01 9.19182005e-01 9.34483398e-01 9.25130846e-01 8.87799056e-01 8.20162050e-01 7.28016891e-01 6.17866630e-01 4.94730088e-01 3.62861837e-01 2.26155177e-01 8.80013183e-02 -4.84169962e-02 -1.79864807e-01 -3.02757892e-01 -4.12991852e-01 -5.05955909e-01 -5.76972348e-01 -6.22032662e-01 -6.38606231e-01 -6.25730332e-01 -5.83888256e-01 -5.15183537e-01 -4.23284054e-01 -3.12813553e-01 -1.88462139e-01 -5.52971377e-02 7.21745643e-02 1.56810642e-01 3.50753753e-01
1.70000000e+00 7.06463407e-01 5.78313652e-01 7.33228730e-01 8.56117596e-01 9.43717007e-01 9.86185282e-01 9.77652316e-01 9.85054020e-01 9.35300849e-01 8.42540181e-01 7.35441905e-01 6.09100344e-01 4.68825139e-01 3.19760142e-01 1.65584116e-01 9.13837860e-03 -1.47130439e-01 -3.00795590e-01 -4.49011991e-01 -5.88260906e-01 -7.14126385e-01 -8.22742142e-01 -9.10134238e-01 -9.62630405e-01 -9.75850809e-01 -9.74434275e-01 -9.49104547e-01 -8.86481720e-01 -8.01707680e-01 -7.03964986e-01 -5.96427723e-01 -4.83076661e-01 -3.67830111e-01 -2.54007843e-01 -1.44727725e-01 -4.30471677e-02 4.79080422e-02 1.24980249e-01 1.85207643e-01 2.26128021e-01 2.46145590e-01 2.44759215e-01 2.22652849e-01 1.81605340e-01 1.24253571e-01 5.37919366e-02 -2.63464845e-02 -1.12668030e-01 -2.01700667e-01 -2.89922986e-01 -3.73665110e-01 -4.49037496e-01 -5.11964557e-01 -5.58489685e-01 -5.85180097e-01 -5.89583550e-01 -5.70408154e-01 -5.27639019e-01 -4.62657285e-01 -3.78092535e-01 -2.77404524e-01 -1.64282130e-01 -4.22448210e-02 8.55138367e-02 2.16078508e-01 3.46609336e-01 4.74055675e-01 5.94972937e-01 7.05300161e-01 8.00436838e-01 8.73786219e-01 9.18154551e-01 9.33401006e-01 9.24073126e-01 8.86619457e-01 8.18348867e-01 7.25398126e-01 6.14794155e-01 4.91724410e-01 3.60430070e-01 2.24693818e-01 8.77302194e-02 -4.74919088e-02 -1.77935696e-01 -3.00165935e-01 -4.10129232e-01 -5.03153612e-01 -5.74399449e-01 -6.19678101e-01 -6.36337012e-01 -6.23372649e-01 -5.81297033e-01 -5.12323591e-01 -4.20305156e-01 -3.10045191e-01 -1.86344778e-01 -5.45588502e-02 6.89345395e-02 1.49701254e-01 3.43706040e-01
1.80000000e+00 7.21305708e-01 5.75293164e-01 7.25662104e-01 8.53508866e-01 9.43989192e-01 9.84698204e-01 9.76633613e-01 9.83622688e-01 9.35427438e-01 8.39861133e-01 7.31663969e-01 6.05033829e-01 4.64950952e-01 3.16733078e-01 1.63912104e-01 9.09313374e-03 -1.45555954e-01 -2.97876129e-01 -4.45250370e-01 -5.84281782e-01 -7.10560048e-01 -8.20294422e-01 -9.09166530e-01 -9.61745812e-01 -9.74675791e-01 -9.73381006e-01 -9.48568633e-01 -8.85395321e-01 -7.99515708e-01 -7.01328296e-01 -5.93855688e-01 -4.80962939e-01 -3.66483228e-01 -2.53597912e-01 -1.45268720e-01 -4.44254745e-02 4.58918175e-02 1.22549996e-01 1.82564420e-01 2.23416682e-01 2.43456416e-01 2.42149334e-01 2.20180172e-01 1.79356340e-01 1.22350092e-01 5.23780580e-02 -2.71413157e-02 -1.12764379e-01 -2.01101972e-01 -2.88719878e-01 -3.72021081e-01 -4.47141475e-01 -5.09977692e-01 -5.56495906e-01 -5.83176095e-01 -5.87500673e-01 -5.68155645e-01 -5.25156954e-01 -4.59973135e-01 -3.75364487e-01 -2.74909406e-01 -1.62359622e-01 -4.12064570e-02 8.54599808e-02 2.14890537e-01 3.44431135e-01 4.71211976e-01 5.91915620e-01 7.02543324e-01 7.98407102e-01 8.72464410e-01 9.17045260e-01 9.32252558e-01 9.22936599e-01 8.85345101e-01 8.16420301e-01 7.22628707e-01 6.11557061e-01 4.88568977e-01 3.57884606e-01 2.23166325e-01 8.74461845e-02 -4.65266605e-02 -1.75917686e-01 -2.97446261e-01 -4.07113960e-01 -5.00189350e-01 -5.71666267e-01 -6.17169043e-01 -6.33915809e-01 -6.20859274e-01 -5.78542793e-01 -5.09296240e-01 -4.17166045e-01 -3.07140152e-01 -1.84139307e-01 -5.38842010e-02 6.53058969e-02 1.42853764e-01 3.35911059e-01
1.90000000e+00 7.35914628e-01 5.73411475e-01 7.17575831e-01 8.50692259e-01 9.44255067e-01 9.82970499e-01 9.75751096e-01 9.81925348e-01 9.35555018e-01 8.37089481e-01 7.27648493e-01 6.00766415e-01 4.60907459e-01 3.13584010e-01 1.62176031e-01 9.04565298e-03 -1.43922230e-01 -2.94839344e-01 -4.41323785e-01 -5.80106769e-01 -7.06797914e-01 -8.17718330e-01 -9.08121097e-01 -9.60743093e-01 -9.73472437e-01 -9.72258494e-01 -9.47945942e-01 -8.84257521e-01 -7.97211410e-01 -6.98553290e-01 -5.91160809e-01 -4.78754757e-01 -3.65078029e-01 -2.53170738e-01 -1.45834124e-01 -4.58677327e-02 4.37774283e-02 1.19994871e-01 1.79778588e-01 2.20553632e-01 2.40614045e-01 2.39391166e-01 2.17569977e-01 1.76986528e-01 1.20348269e-01 5.08935116e-02 -2.79755860e-02 -1.12867156e-01 -2.00477353e-01 -2.87461161e-01 -3.70296975e-01 -4.45147253e-01 -5.07881265e-01 -5.54385609e-01 -5.81050300e-01 -5.85289531e-01 -5.65766674e-01 -5.22531099e-01 -4.57143121e-01 -3.72499048e-01 -2.72297923e-01 -1.60353813e-01 -4.01260622e-02 8.54023040e-02 2.13652352e-01 3.42159052e-01 4.68239111e-01 5.88708461e-01 6.99641733e-01 7.96260358e-01 8.71046703e-01 9.15851537e-01 9.31036791e-01 9.21719041e-01 8.83972496e-01 8.14375165e-01 7.19710372e-01 6.08159174e-01 4.85269167e-01 3.55230767e-01 2.21576197e-01 8.71497590e-02 -4.55236750e-02 -1.73815183e-01 -2.94603628e-01 -4.03949607e-01 -4.97064613e-01 -5.68772243e-01 -6.14503562e-01 -6.31340194e-01 -6.18188117e-01 -5.75624689e-01 -5.06102705e-01 -4.13870232e-01 -3.04103705e-01 -1.81854269e-01 -5.32962433e-02 6.12956322e-02 1.36321241e-01 3.27346251e-01
2.00000000e+00 7.50190376e-01 5.72739791e-01 7.09031407e-01 8.47658426e-01 9.44483013e-01 9.81018567e-01 9.74988179e-01 9.79976351e-01 9.35654333e-01 8.34243705e-01 7.23393926e-01 5.96301933e-01 4.56702790e-01 3.10320355e-01 1.60380353e-01 8.99597880e-03 -1.42233577e-01 -2.91692456e-01 -4.37239818e-01 -5.75740954e-01 -7.02842380e-01 -8.15016563e-01 -9.06990101e-01 -9.59619104e-01 -9.72239936e-01 -9.71067324e-01 -9.47229845e-01 -8.83066934e-01 -7.94798352e-01 -6.95642130e-01 -5.88346750e-01 -4.76456074e-01 -3.63617326e-01 -2.52727266e-01 -1.46423044e-01 -4.73717685e-02 4.15674566e-02 1.17317098e-01 1.76851578e-01 2.17539525e-01 2.37618693e-01 2.36484964e-01 2.14822945e-01 1.74497140e-01 1.18249706e-01 4.93398002e-02 -2.88484256e-02 -1.12976528e-01 -1.99828052e-01 -2.86148833e-01 -3.68494916e-01 -4.43056451e-01 -5.05675942e-01 -5.52158445e-01 -5.78801591e-01 -5.82948697e-01 -5.63240112e-01 -5.19761299e-01 -4.54168620e-01 -3.69499210e-01 -2.69574121e-01 -1.58268631e-01 -3.90061337e-02 8.53407414e-02 2.12366522e-01 3.39797634e-01 4.65142149e-01 5.85355571e-01 6.96597736e-01 7.93996365e-01 8.69529938e-01 9.14570800e-01 9.29752131e-01 9.20418162e-01 8.82498114e-01 8.12212176e-01 7.16645022e-01 6.04604544e-01 4.81830568e-01 3.52474021e-01 2.19927016e-01 8.68415030e-02 -4.44854166e-02 -1.71632703e-01 -2.91642955e-01 -4.00639912e-01 -4.93780998e-01 -5.65716843e-01 -6.11679670e-01 -6.28607635e-01 -6.15357016e-01 -5.72541887e-01 -5.02744319e-01 -4.10421406e-01 -3.00941403e-01 -1.79499205e-01 -5.28189610e-02 5.69183758e-02 1.30145533e-01 3.17995026e-01
2.10000000e+00 7.64043857e-01 5.73325725e-01 7.00105116e-01 8.44398602e-01 9.44636529e-01 9.78864596e-01 9.74321318e-01 9.77796218e-01 9.35692049e-01 8.31342874e-01 7.18899950e-01 5.91643988e-01 4.52345326e-01 3.06949677e-01 1.58529581e-01 8.94415388e-03 -1.40494349e-01 -2.88442820e-01 -4.33006257e-01 -5.71189648e-01 -6.98696298e-01 -8.12191854e-01 -9.05764894e-01 -9.58371762e-01 -9.70976302e-01 -9.69808274e-01 -9.46414041e-01 -8.81821516e-01 -7.92280451e-01 -6.92597195e-01 -5.85417270e-01 -4.74070955e-01 -3.62104009e-01 -2.52268471e-01 -1.47034584e-01 -4.89353643e-02 3.92645576e-02 1.14518993e-01 1.73784905e-01 2.14375079e-01 2.34470625e-01 2.33431026e-01 2.11939806e-01 1.71889465e-01 1.16056058e-01 4.77184620e-02 -2.97589498e-02 -1.13092675e-01 -1.99155347e-01 -2.84784952e-01 -3.66617102e-01 -4.40870757e-01 -5.03362431e-01 -5.49814066e-01 -5.76428811e-01 -5.80476698e-01 -5.60574814e-01 -5.16847434e-01 -4.51051111e-01 -3.66368100e-01 -2.66742179e-01 -1.56108088e-01 -3.78492084e-02 8.52752369e-02 2.11035664e-01 3.37351535e-01 4.61926311e-01 5.81861266e-01 6.93413850e-01 7.91614853e-01 8.67910881e-01 9.13200484e-01 9.28396691e-01 9.19031601e-01 8.80918410e-01 8.09929963e-01 7.13434717e-01 6.00897443e-01 4.78258959e-01 3.49619955e-01 2.18222425e-01 8.65219886e-02 -4.34143784e-02 -1.69374848e-01 -2.88569298e-01 -3.97188777e-01 -4.90340216e-01 -5.62499563e-01 -6.08695320e-01 -6.25715510e-01 -6.12363750e-01 -5.69293566e-01 -4.99222531e-01 -4.06823430e-01 -2.97659092e-01 -1.77084733e-01 -5.24768039e-02 5.21962386e-02 1.24356655e-01 3.07847191e-01
2.20000000e+00 7.77397493e-01 5.75192648e-01 6.90887227e-01 8.40905028e-01 9.44674899e-01 9.76535647e-01 9.73720898e-01 9.75410771e-01 9.35631628e-01 8.28405984e-01 7.14167796e-01 5.86795921e-01 4.47843651e-01 3.03479658e-01 1.56628251e-01 8.89022128e-03 -1.38708920e-01 -2.85097891e-01 -4.28631072e-01 -5.66458391e-01 -6.94363023e-01 -8.09246887e-01 -9.04436137e-01 -9.56999987e-01 -9.69678431e-01 -9.68482237e-01 -9.45492637e-01 -8.80518551e-01 -7.89661945e-01 -6.89421108e-01 -5.82376205e-01 -4.71603555e-01 -3.60541032e-01 -2.51795361e-01 -1.47667852e-01 -5.05562692e-02 3.68714516e-02 1.11602955e-01 1.70580163e-01 2.11061082e-01 2.31170158e-01 2.30229696e-01 2.08921339e-01 1.69164842e-01 1.13769026e-01 4.60310644e-02 -3.07062635e-02 -1.13215787e-01 -1.98460543e-01 -2.83371624e-01 -3.64665788e-01 -4.38591922e-01 -5.00941476e-01 -5.47352130e-01 -5.73930773e-01 -5.77872023e-01 -5.57769623e-01 -5.13789425e-01 -4.47792175e-01 -3.63108974e-01 -2.63806396e-01 -1.53876270e-01 -3.66578505e-02 8.52057447e-02 2.09662433e-01 3.34825496e-01 4.58596955e-01 5.78230064e-01 6.90092762e-01 7.89115526e-01 8.66186249e-01 9.11738034e-01 9.26968261e-01 9.17556918e-01 8.79229843e-01 8.07527076e-01 7.10081678e-01 5.97042368e-01 4.74560296e-01 3.46674254e-01 2.16466114e-01 8.61917985e-02 -4.23130698e-02 -1.67046291e-01 -2.85387837e-01 -3.93600256e-01 -4.86744093e-01 -5.59119939e-01 -6.05548421e-01 -6.22661107e-01 -6.09206040e-01 -5.65878938e-01 -4.95538912e-01 -4.03080339e-01 -2.94262940e-01 -1.74622615e-01 -5.22941640e-02 4.71584361e-02 1.18972452e-01 2.96899240e-01
2.30000000e+00 7.90185798e-01 5.78339599e-01 6.81480800e-01 8.37171396e-01 9.44554024e-01 9.74062537e-01 9.73152329e-01 9.72850050e-01 9.35434343e-01 8.25451242e-01 7.09200548e-01 5.81760788e-01 4.43206500e-01 2.99918073e-01 1.54680912e-01 8.83422471e-03 -1.36881665e-01 -2.81665197e-01 -4.24122379e-01 -5.61552945e-01 -6.89846456e-01 -8.06184208e-01 -9.02993950e-01 -9.55503596e-01 -9.68342168e-01 -9.67090140e-01 -9.44460217e-01 -8.79154662e-01 -7.86947345e-01 -6.86116774e-01 -5.79227459e-01 -4.69058104e-01 -3.58931408e-01 -2.51308967e-01 -1.48321963e-01 -5.22322083e-02 3.43909142e-02 1.08571464e-01 1.67239032e-01 2.07598394e-01 2.27717668e-01 2.26881371e-01 2.05768376e-01 1.66324663e-01 1.11390353e-01 4.42791978e-02 -3.16894653e-02 -1.13346064e-01 -1.97744973e-01 -2.81911003e-01 -3.62643287e-01 -4.36221756e-01 -4.98413859e-01 -5.44772300e-01 -5.71306265e-01 -5.75133127e-01 -5.54823378e-01 -5.10587246e-01 -4.44393501e-01 -3.59725216e-01 -2.60771175e-01 -1.51577319e-01 -3.54346402e-02 8.51322301e-02 2.08249514e-01 3.32224327e-01 4.55159561e-01 5.74466678e-01 6.86637329e-01 7.86498060e-01 8.64352731e-01 9.10180905e-01 9.25464311e-01 9.15991594e-01 8.77428894e-01 8.05001995e-01 7.06588286e-01 5.93044033e-01 4.70740693e-01 3.43642681e-01 2.14661807e-01 8.58515244e-02 -4.11840054e-02 -1.64651753e-01 -2.82103857e-01 -3.89878544e-01 -4.82994569e-01 -5.55577552e-01 -6.02236842e-01 -6.19441641e-01 -6.05881566e-01 -5.62297247e-01 -4.91695155e-01 -3.99196339e-01 -2.90759458e-01 -1.72125802e-01 -5.22948063e-02 4.18406994e-02 1.13998551e-01 2.85154521e-01
2.40000000e+00 8.02355697e-01 5.82741756e-01 6.72000091e-01 8.33193329e-01 9.44227397e-01 9.71478549e-01 9.72577323e-01 9.70147077e-01 9.35060408e-01 8.22495334e-01 7.04003416e-01 5.76541359e-01 4.38442692e-01 2.96272759e-01 1.52692100e-01 8.77620885e-03 -1.35016941e-01 -2.78152296e-01 -4.19488412e-01 -5.56479295e-01 -6.85151082e-01 -8.03006123e-01 -9.01428078e-01 -9.53883180e-01 -9.66962419e-01 -9.65632849e-01 -9.43311907e-01 -8.77725832e-01 -7.84141380e-01 -6.82687408e-01 -5.75974987e-01 -4.66438890e-01 -3.57278195e-01 -2.50810349e-01 -1.48996043e-01 -5.39608928e-02 3.18257675e-02 1.05427075e-01 1.63763275e-01 2.03987949e-01 2.24113593e-01 2.23386503e-01 2.02481803e-01 1.63370364e-01 1.08921816e-01 4.24644699e-02 -3.27076522e-02 -1.13483722e-01 -1.97009991e-01 -2.80405279e-01 -3.60551961e-01 -4.33762124e-01 -4.95780398e-01 -5.42074248e-01 -5.68554051e-01 -5.72258436e-01 -5.51734922e-01 -5.07240922e-01 -4.40856885e-01 -3.56220326e-01 -2.57641015e-01 -1.49215418e-01 -3.41821621e-02 8.50546703e-02 2.06799609e-01 3.29552891e-01 4.51619713e-01 5.70576012e-01 6.83050576e-01 7.83762111e-01 8.62407014e-01 9.08526549e-01 9.23882002e-01 9.14333016e-01 8.75512086e-01 8.02353149e-01 7.02957077e-01 5.88907375e-01 4.66806405e-01 3.40531053e-01 2.12813241e-01 8.55017656e-02 -4.00296932e-02 -1.62195985e-01 -2.78722730e-01 -3.86027974e-01 -4.79093704e-01 -5.51872037e-01 -5.98758422e-01 -6.16054256e-01 -6.02387971e-01 -5.58547786e-01 -4.87693082e-01 -3.95175805e-01 -2.87155536e-01 -1.69608457e-01 -5.25012694e-02 3.62844919e-02 1.09428594e-01 2.72623269e-01
2.50000000e+00 8.13866589e-01 5.88351435e-01 6.62568606e-01 8.28968870e-01 9.43647193e-01 9.68818020e-01 9.71955302e-01 9.67336493e-01 9.34470162e-01 8.19552691e-01 6.98583974e-01 5.71140146e-01 4.33561063e-01 2.92551587e-01 1.50666319e-01 8.71621966e-03 -1.33119068e-01 -2.74566757e-01 -4.14737484e-01 -5.51243651e-01 -6.80282000e-01 -7.99714607e-01 -8.99728078e-01 -9.52139949e-01 -9.65533270e-01 -9.64111068e-01 -9.42043430e-01 -8.76227444e-01 -7.81248930e-01 -6.79136566e-01 -5.72622785e-01 -4.63750246e-01 -3.55584491e-01 -2.50300590e-01 -1.49689239e-01 -5.57400296e-02 2.91788707e-02 1.02172411e-01 1.60154734e-01 2.00230764e-01 2.20358443e-01 2.19745607e-01 1.99062561e-01 1.60303428e-01 1.06365224e-01 4.05884997e-02 -3.37599237e-02 -1.13628983e-01 -1.96256967e-01 -2.78856670e-01 -3.58394216e-01 -4.31214942e-01 -4.93041952e-01 -5.39257658e-01 -5.65672880e-01 -5.69246358e-01 -5.48503108e-01 -5.03750544e-01 -4.37184229e-01 -3.52597918e-01 -2.54420490e-01 -1.46794775e-01 -3.29029936e-02 8.49730550e-02 2.05315429e-01 3.26816081e-01 4.47983085e-01 5.66563151e-01 6.79335696e-01 7.80907312e-01 8.60345809e-01 9.06772408e-01 9.22218188e-01 9.12578472e-01 8.73476001e-01 7.99578929e-01 6.99190738e-01 5.84637544e-01 4.62763808e-01 3.37345224e-01 2.10924157e-01 8.51431270e-02 -3.88526241e-02 -1.59683745e-01 -2.75249895e-01 -3.82052997e-01 -4.75043676e-01 -5.48003089e-01 -5.95110982e-01 -6.12496039e-01 -5.98722874e-01 -5.54629904e-01 -4.83534645e-01 -3.91023281e-01 -2.83458477e-01 -1.67085950e-01 -5.29342546e-02 3.05360503e-02 1.05244733e-01 2.59322512e-01
2.60000000e+00 8.24690173e-01 5.95099593e-01 6.53316841e-01 8.24498983e-01 9.42765455e-01 9.66114853e-01 9.71244871e-01 9.64453141e-01 9.33625291e-01 8.16634792e-01 6.92952343e-01 5.65559462e-01 4.28570392e-01 2.88762441e-01 1.48608029e-01 8.65430475e-03 -1.31192314e-01 -2.70916118e-01 -4.09877960e-01 -5.45852453e-01 -6.75244941e-01 -7.96311216e-01 -8.97883506e-01 -9.50275565e-01 -9.64048130e-01 -9.62525239e-01 -9.40651139e-01 -8.74654336e-01 -7.78274960e-01 -6.75468178e-01 -5.69174881e-01 -4.60996528e-01 -3.53853415e-01 -2.49780794e-01 -1.50400717e-01 -5.75673307e-02 2.64531110e-02 9.88101572e-02 1.56415336e-01 1.96327938e-01 2.16452801e-01 2.15959259e-01 1.95511647e-01 1.57125383e-01 1.03722409e-01 3.86529112e-02 -3.48453860e-02 -1.13782086e-01 -1.95487285e-01 -2.77267420e-01 -3.56172489e-01 -4.28582169e-01 -4.90199412e-01 -5.36322229e-01 -5.62661488e-01 -5.66095284e-01 -5.45126806e-01 -5.00116269e-01 -4.33377548e-01 -3.48861714e-01 -2.51114241e-01 -1.44319607e-01 -3.15996942e-02 8.48873874e-02 2.03799684e-01 3.24018807e-01 4.44255425e-01 5.62433357e-01 6.75496041e-01 7.77933286e-01 8.58165875e-01 9.04915898e-01 9.20469434e-01 9.10725139e-01 8.71317296e-01 7.96677709e-01 6.95292101e-01 5.80239903e-01 4.58619385e-01 3.34091059e-01 2.08998279e-01 8.47762185e-02 -3.76552613e-02 -1.57119784e-01 -2.71690844e-01 -3.77958178e-01 -4.70846781e-01 -5.43970474e-01 -5.91292335e-01 -6.08764031e-01 -5.94883884e-01 -5.50543013e-01 -4.79221930e-01 -3.86743482e-01 -2.79676041e-01 -1.64574812e-01 -5.36120221e-02 2.46452782e-02 1.01418380e-01 2.45275860e-01
2.70000000e+00 8.34810042e-01 6.02897798e-01 6.44379775e-01 8.19788027e-01 9.41535320e-01 9.63401009e-01 9.70405319e-01 9.61530629e-01 9.32490018e-01 8.13749534e-01 6.87121294e-01 5.59801502e-01 4.23479319e-01 2.84913185e-01 1.46521623e-01 8.59051376e-03 -1.29240875e-01 -2.67207859e-01 -4.04918220e-01 -5.40312382e-01 -6.70046278e-01 -7.92797003e-01 -8.95884118e-01 -9.48291950e-01 -9.62499885e-01 -9.60875446e-01 -9.39132047e-01 -8.73000865e-01 -7.75224441e-01 -6.71686570e-01 -5.65635328e-01 -4.58182099e-01 -3.52088107e-01 -2.49252089e-01 -1.51129671e-01 -5.94405226e-02 2.36513939e-02 9.53430561e-02 1.52547090e-01 1.92280657e-01 2.12397330e-01 2.12028110e-01 1.91830116e-01 1.53837794e-01 1.00995224e-01 3.66593281e-02 -3.59631563e-02 -1.13943278e-01 -1.94702342e-01 -2.75639787e-01 -3.53889252e-01 -4.25865809e-01 -4.87253710e-01 -5.33267675e-01 -5.59518606e-01 -5.62803598e-01 -5.41604912e-01 -4.96338332e-01 -4.29438965e-01 -3.45015532e-01 -2.47726957e-01 -1.41794128e-01 -3.02747951e-02 8.47976845e-02 2.02255077e-01 3.21165974e-01 4.40442539e-01 5.58192054e-01 6.71535123e-01 7.74839646e-01 8.55864045e-01 9.02954398e-01 9.18632034e-01 9.08770076e-01 8.69032718e-01 7.93647864e-01 6.91264135e-01 5.75720018e-01 4.54379704e-01 3.30774419e-01 2.07039304e-01 8.44016531e-02 -3.64400306e-02 -1.54508823e-01 -2.68051098e-01 -3.73748183e-01 -4.66505435e-01 -5.39774030e-01 -5.87300294e-01 -6.04855235e-01 -5.90868603e-01 -5.46286603e-01 -4.74757156e-01 -3.82341298e-01 -2.75816491e-01 -1.62092664e-01 -5.45498143e-02 1.86645239e-02 9.79111825e-02 2.30513169e-01
2.80000000e+00 8.44221065e-01 6.11640585e-01 6.35894154e-01 8.14844217e-01 9.39912284e-01 9.60705040e-01 9.69398063e-01 9.58599941e-01 9.31032234e-01 8.10900693e-01 6.81106289e-01 5.53868465e-01 4.18296261e-01 2.81011637e-01 1.44411418e-01 8.52489874e-03 -1.27268862e-01 -2.63449375e-01 -3.99866624e-01 -5.34630362e-01 -6.64693021e-01 -7.89172452e-01 -8.93720060e-01 -9.46191103e-01 -9.60881056e-01 -9.59161318e-01 -9.37483840e-01 -8.71260992e-01 -7.72102272e-01 -6.67796488e-01 -5.62008203e-01 -4.55311316e-01 -3.50291711e-01 -2.48715619e-01 -1.51875326e-01 -6.13573556e-02 2.07766348e-02 9.17739007e-02 1.48552083e-01 1.88090197e-01 2.08192780e-01 2.07952881e-01 1.88019082e-01 1.50442267e-01 9.81855349e-02 3.46093674e-02 -3.71123668e-02 -1.14112818e-01 -1.93903537e-01 -2.73976038e-01 -3.51546995e-01 -4.23067898e-01 -4.84205811e-01 -5.30093731e-01 -5.56242965e-01 -5.59369688e-01 -5.37936357e-01 -4.92417048e-01 -4.25370712e-01 -3.41063283e-01 -2.44263362e-01 -1.39222531e-01 -2.89307887e-02 8.47039773e-02 2.00684292e-01 3.18262468e-01 4.36550276e-01 5.53844825e-01 6.67456598e-01 7.71626009e-01 8.53437249e-01 9.00885231e-01 9.16702026e-01 9.06710214e-01 8.66619114e-01 7.90487794e-01 6.87109939e-01 5.71083653e-01 4.50051400e-01 3.27401139e-01 2.05050890e-01 8.40200463e-02 -3.52093111e-02 -1.51855540e-01 -2.64336194e-01 -3.69427763e-01 -4.62022171e-01 -5.35413680e-01 -5.83132687e-01 -6.00766632e-01 -5.86674645e-01 -5.41860245e-01 -4.70142682e-01 -3.77821802e-01 -2.71888637e-01 -1.59658090e-01 -5.57593263e-02 1.26472752e-02 9.46761987e-02 2.15070100e-01
2.90000000e+00 8.52928574e-01 6.21208170e-01 6.27995654e-01 8.09680029e-01 9.37855434e-01 9.58050703e-01 9.68188012e-01 9.55688145e-01 9.29224518e-01 8.08087498e-01 6.74925424e-01 5.47762699e-01 4.13029333e-01 2.77065539e-01 1.42281643e-01 8.45751461e-03 -1.25280290e-01 -2.59647943e-01 -3.94731485e-01 -5.28813579e-01 -6.59192802e-01 -7.85437421e-01 -8.91382059e-01 -9.43974904e-01 -9.59183955e-01 -9.57381950e-01 -9.35704869e-01 -8.69428375e-01 -7.68913199e-01 -6.63803113e-01 -5.58297603e-01 -4.52388504e-01 -3.48467370e-01 -2.48172548e-01 -1.52636940e-01 -6.33156122e-02 1.78317492e-02 8.81055277e-02 1.44432484e-01 1.83757930e-01 2.03839992e-01 2.03734376e-01 1.84079719e-01 1.46940443e-01 9.52952156e-02 3.25046344e-02 -3.82921690e-02 -1.14290975e-01 -1.93092273e-01 -2.72278442e-01 -3.49148226e-01 -4.20190504e-01 -4.81056715e-01 -5.26800151e-01 -5.52833301e-01 -5.55791948e-01 -5.34120114e-01 -4.88352822e-01 -4.21175132e-01 -3.37008962e-01 -2.40728201e-01 -1.36608976e-01 -2.75701196e-02 8.46063120e-02 1.99089988e-01 3.15313139e-01 4.32584514e-01 5.49397398e-01 6.63264266e-01 7.68292006e-01 8.50882535e-01 8.98705649e-01 9.14675217e-01 9.04542343e-01 8.64073444e-01 7.87195948e-01 6.82832732e-01 5.66336762e-01 4.45641160e-01 3.23977011e-01 2.03036637e-01 8.36320142e-02 -3.39654266e-02 -1.49164545e-01 -2.60551664e-01 -3.65001745e-01 -4.57399640e-01 -5.30889434e-01 -5.78787366e-01 -5.96495192e-01 -5.82299645e-01 -5.37263605e-01 -4.65381004e-01 -3.73190255e-01 -2.67901886e-01 -1.57290473e-01 -5.72482428e-02 6.64681049e-03 9.16592345e-02 1.98987595e-01
3.00000000e+00 8.60947401e-01 6.31469413e-01 6.20815981e-01 8.04312551e-01 9.35328638e-01 9.55455726e-01 9.66744768e-01 9.52817243e-01 9.27045007e-01 8.05304345e-01 6.68599282e-01 5.41486877e-01 4.07686264e-01 2.73082524e-01 1.40136422e-01 8.38841957e-03 -1.23279062e-01 -2.55810693e-01 -3.89521036e-01 -5.22869490e-01 -6.53553838e-01 -7.81591115e-01 -8.88861587e-01 -9.41644936e-01 -9.57400840e-01 -9.55535831e-01 -9.33794134e-01 -8.67496471e-01 -7.65661736e-01 -6.59712072e-01 -5.54507651e-01 -4.49417946e-01 -3.46618212e-01 -2.47624055e-01 -1.53413812e-01 -6.53131159e-02 1.48196441e-02 8.43408113e-02 1.40190537e-01 1.79285324e-01 1.99339904e-01 1.99373480e-01 1.80013263e-01 1.43333997e-01 9.23261430e-02 3.03467168e-02 -3.95017366e-02 -1.14478032e-01 -1.92269954e-01 -2.70549262e-01 -3.46695460e-01 -4.17235720e-01 -4.77807457e-01 -5.23386715e-01 -5.49288361e-01 -5.52068789e-01 -5.30155204e-01 -4.84146151e-01 -4.16854673e-01 -3.32856637e-01 -2.37126225e-01 -1.33957575e-01 -2.61951754e-02 8.45047493e-02 1.97474791e-01 3.12322784e-01 4.28551144e-01 5.44855631e-01 6.58962056e-01 7.64837293e-01 8.48197091e-01 8.96412821e-01 9.12547203e-01 9.02263113e-01 8.61392788e-01 7.83770850e-01 6.78435849e-01 5.61485475e-01 4.41155701e-01 3.20507764e-01 2.01000084e-01 8.32381733e-02 -3.27106376e-02 -1.46440373e-01 -2.56703015e-01 -3.60475014e-01 -4.52640604e-01 -5.26201397e-01 -5.74262220e-01 -5.92037888e-01 -5.77741275e-01 -5.32496452e-01 -4.60474758e-01 -3.68452120e-01 -2.63866284e-01 -1.55009792e-01 -5.90198594e-02 7.14842344e-04 8.88003142e-02 1.82311254e-01
3.10000000e+00 8.68300763e-01 6.42284985e-01 6.14479998e-01 7.98763756e-01 9.32301652e-01 9.52930759e-01 9.65043635e-01 9.50003215e-01 9.24478091e-01 8.02540676e-01 6.62150697e-01 5.35044191e-01 4.02274316e-01 2.69070086e-01 1.37979771e-01 8.31767558e-03 -1.21268960e-01 -2.51944589e-01 -3.84243398e-01 -5.16805839e-01 -6.47784887e-01 -7.77632066e-01 -8.86151021e-01 -9.39202313e-01 -9.55524060e-01 -9.53620784e-01 -9.31751244e-01 -8.65458649e-01 -7.62352084e-01 -6.55529436e-01 -5.50642501e-01 -4.46403862e-01 -3.44747346e-01 -2.47071337e-01 -1.54205281e-01 -6.73477388e-02 1.17432089e-02 8.04826566e-02 1.35828566e-01 1.74673946e-01 1.94693555e-01 1.94871167e-01 1.75821012e-01 1.39624634e-01 8.92801912e-02 2.81371795e-02 -4.07402702e-02 -1.14674281e-01 -1.91437976e-01 -2.68790751e-01 -3.44191216e-01 -4.14205656e-01 -4.74459105e-01 -5.19853230e-01 -5.45606910e-01 -5.48198649e-01 -5.26040711e-01 -4.79797635e-01 -4.12411891e-01 -3.28610444e-01 -2.33462177e-01 -1.31272380e-01 -2.48082786e-02 8.43993655e-02 1.95841285e-01 3.09296136e-01 4.24456059e-01 5.40225508e-01 6.54554017e-01 7.61261565e-01 8.45378264e-01 8.94003816e-01 9.10313397e-01 8.99869020e-01 8.58574354e-01 7.80211120e-01 6.73922723e-01 5.56536088e-01 4.36601758e-01 3.16999048e-01 1.98944690e-01 8.28391389e-02 -3.14471337e-02 -1.43687462e-01 -2.52795716e-01 -3.55852504e-01 -4.47747939e-01 -5.21349776e-01 -5.69555187e-01 -5.87391709e-01 -5.72997250e-01 -5.27558664e-01 -4.55426721e-01 -3.63613078e-01 -2.59792557e-01 -1.52836373e-01 -6.10728044e-02 -5.09980693e-03 8.60352389e-02 1.65090665e-01
3.20000000e+00 8.75019059e-01 6.53510637e-01 6.09102926e-01 7.93060685e-01 9.28751105e-01 9.50478557e-01 9.63066392e-01 9.47255283e-01 9.21514895e-01 7.99781009e-01 6.55604416e-01 5.28438574e-01 3.96800220e-01 2.65035543e-01 1.35815590e-01 8.24534894e-03 -1.19253633e-01 -2.48056395e-01 -3.78906556e-01 -5.10630671e-01 -6.41895190e-01 -7.73558146e-01 -8.83243770e-01 -9.36647533e-01 -9.53546179e-01 -9.51633933e-01 -9.29576369e-01 -8.63308305e-01 -7.58988065e-01 -6.51261714e-01 -5.46706349e-01 -4.43350395e-01 -3.42857846e-01 -2.46515601e-01 -1.55010733e-01 -6.94174097e-02 8.60530738e-03 7.65339927e-02 1.31348969e-01 1.69925468e-01 1.89902095e-01 1.90228503e-01 1.71504330e-01 1.35814088e-01 8.61592269e-02 2.58775593e-02 -4.20069999e-02 -1.14880025e-01 -1.90597730e-01 -2.67005143e-01 -3.41638005e-01 -4.11102439e-01 -4.71012755e-01 -5.16199530e-01 -5.41787738e-01 -5.44179999e-01 -5.21775785e-01 -4.75307978e-01 -4.07849446e-01 -3.24274573e-01 -2.29740774e-01 -1.28557369e-01 -2.34116787e-02 8.42902525e-02 1.94192011e-01 3.06237845e-01 4.20305135e-01 5.35513114e-01 6.50044305e-01 7.57564571e-01 8.42423571e-01 8.91475594e-01 9.07969046e-01 8.97356409e-01 8.55615483e-01 7.76515508e-01 6.69296884e-01 5.51495043e-01 4.31986062e-01 3.13456420e-01 1.96873830e-01 8.24355245e-02 -3.01770270e-02 -1.40910138e-01 -2.48835177e-01 -3.51139181e-01 -4.42724624e-01 -5.16334882e-01 -5.64664267e-01 -5.82553678e-01 -5.68065351e-01 -5.22450240e-01 -4.50239818e-01 -3.58679042e-01 -2.55692144e-01 -1.50790592e-01 -6.34008748e-02 -1.07524603e-02 8.32971975e-02 1.47378669e-01
3.30000000e+00 8.81138586e-01 6.65000502e-01 6.04787726e-01 7.87235522e-01 9.24661347e-01 9.48093430e-01 9.60801794e-01 9.44575434e-01 9.18153537e-01 7.97005154e-01 6.48986684e-01 5.21674920e-01 3.91270117e-01 2.60985997e-01 1.33647652e-01 8.17151086e-03 -1.17236593e-01 -2.44152656e-01 -3.73518334e-01 -5.04352345e-01 -6.35894392e-01 -7.69366596e-01 -8.80134373e-01 -9.33980348e-01 -9.51460083e-01 -9.49571681e-01 -9.27270176e-01 -8.61038982e-01 -7.55573053e-01 -6.46915834e-01 -5.42703443e-01 -4.40261593e-01 -3.40952748e-01 -2.45958069e-01 -1.55829601e-01 -7.15201207e-02 5.40876853e-03 7.24977664e-02 1.26754215e-01 1.65041667e-01 1.84966782e-01 1.85446651e-01 1.67064642e-01 1.31904117e-01 8.29651033e-02 2.35693604e-02 -4.33011888e-02 -1.15095576e-01 -1.89750596e-01 -2.65194647e-01 -3.39038331e-01 -4.07928203e-01 -4.67469536e-01 -5.12425481e-01 -5.37829664e-01 -5.40011355e-01 -5.17359654e-01 -4.70677993e-01 -4.03170097e-01 -3.19853261e-01 -2.25966701e-01 -1.25816436e-01 -2.20075456e-02 8.41775176e-02 1.92529454e-01 3.03152468e-01 4.16104223e-01 5.30724632e-01 6.45437171e-01 7.53746133e-01 8.39330717e-01 8.88824993e-01 9.05509263e-01 8.94721471e-01 8.52513651e-01 7.72682911e-01 6.64561945e-01 5.46368921e-01 4.27315326e-01 3.09885327e-01 1.94790783e-01 8.20279404e-02 -2.89023461e-02 -1.38112607e-01 -2.44826734e-01 -3.46340025e-01 -4.37573742e-01 -5.11157139e-01 -5.59587533e-01 -5.77520865e-01 -5.62943430e-01 -5.17171308e-01 -4.44917115e-01 -3.53656182e-01 -2.51577214e-01 -1.48892562e-01 -6.59929957e-02 -1.62037366e-02 8.05183871e-02 1.29230601e-01
3.40000000e+00 8.86700219e-01 6.76610337e-01 6.01622695e-01 7.81325556e-01 9.20025122e-01 9.45760985e-01 9.58245790e-01 9.41958209e-01 9.14399147e-01 7.94188591e-01 6.42324740e-01 5.14759321e-01 3.85689508e-01 2.56928294e-01 1.31479605e-01 8.09623822e-03 -1.15221199e-01 -2.40239673e-01 -3.68086373e-01 -4.97979548e-01 -6.29792459e-01 -7.65054089e-01 -8.76818575e-01 -9.31199672e-01 -9.49259071e-01 -9.47429712e-01 -9.24833748e-01 -8.58644490e-01 -7.52109917e-01 -6.42499120e-01 -5.38638101e-01 -4.37141395e-01 -3.39035037e-01 -2.45399974e-01 -1.56661371e-01 -7.36539342e-02 2.15637911e-03 6.83769348e-02 1.22046845e-01 1.60024426e-01 1.79888996e-01 1.80526878e-01 1.62503442e-01 1.27896502e-01 7.96996562e-02 2.12140491e-02 -4.46221359e-02 -1.15321260e-01 -1.88897939e-01 -2.63361443e-01 -3.36394676e-01 -4.04685082e-01 -4.63830603e-01 -5.08530983e-01 -5.33731546e-01 -5.35691286e-01 -5.12791630e-01 -4.65908612e-01 -3.98376704e-01 -3.15350781e-01 -2.22144588e-01 -1.23053379e-01 -2.05979633e-02 8.40612844e-02 1.90856042e-01 3.00044460e-01 4.11859134e-01 5.25866316e-01 6.40736945e-01 7.49806162e-01 8.36097601e-01 8.86048723e-01 9.02929041e-01 8.91960241e-01 8.49266471e-01 7.68712406e-01 6.59721597e-01 5.41164414e-01 4.22596228e-01 3.06291094e-01 1.92698724e-01 8.16169935e-02 -2.76250306e-02 -1.35298938e-01 -2.40775629e-01 -3.41460020e-01 -4.32298472e-01 -5.05817086e-01 -5.54323145e-01 -5.72290403e-01 -5.57629433e-01 -5.11722131e-01 -4.39461830e-01 -3.48550947e-01 -2.47460677e-01 -1.47161767e-01 -6.88333119e-02 -2.14205639e-02 7.76316051e-02 1.10703512e-01
3.50000000e+00 8.91748090e-01 6.88200641e-01 5.99679377e-01 7.75373016e-01 9.14844059e-01 9.43458173e-01 9.55401439e-01 9.39390775e-01 9.10263637e-01 7.91303026e-01 6.35646255e-01 5.07699286e-01 3.80063233e-01 2.52868977e-01 1.29314962e-01 8.01961443e-03 -1.13210661e-01 -2.36323487e-01 -3.62618114e-01 -4.91521301e-01 -6.23599580e-01 -7.60616806e-01 -8.73293366e-01 -9.28303508e-01 -9.46936912e-01 -9.45203010e-01 -9.22268500e-01 -8.56119022e-01 -7.48600983e-01 -6.38019253e-01 -5.34514728e-01 -4.33993619e-01 -3.37107640e-01 -2.44842558e-01 -1.57505580e-01 -7.58169888e-02 -1.14912447e-03 6.41744596e-02 1.17229468e-01 1.54875739e-01 1.74670236e-01 1.75470550e-01 1.57822289e-01 1.23793048e-01 7.63646985e-02 1.88130498e-02 -4.59691790e-02 -1.15557411e-01 -1.88041108e-01 -2.61507675e-01 -3.33709499e-01 -4.01375210e-01 -4.60097134e-01 -5.04515970e-01 -5.29492287e-01 -5.31218424e-01 -5.08071121e-01 -4.61000885e-01 -3.93472218e-01 -3.10771432e-01 -2.18279002e-01 -1.20271890e-01 -1.91849241e-02 8.39416921e-02 1.89174139e-01 2.96918158e-01 4.07575625e-01 5.20944483e-01 6.35948023e-01 7.45744676e-01 8.32722326e-01 8.83143363e-01 9.00223280e-01 8.89068608e-01 8.45871693e-01 7.64603269e-01 6.54779595e-01 5.35888307e-01 4.17835398e-01 3.02678908e-01 1.90600720e-01 8.12032858e-02 -2.63469261e-02 -1.32473052e-01 -2.36686998e-01 -3.36504137e-01 -4.26902081e-01 -5.00315381e-01 -5.48869366e-01 -5.66859507e-01 -5.52121405e-01 -5.06103113e-01 -4.33877332e-01 -3.43370090e-01 -2.43356173e-01 -1.45616699e-01 -7.19014127e-02 -2.63770280e-02 7.45717756e-02 9.18553885e-02
3.60000000e+00 8.96328286e-01 6.99639567e-01 5.99010809e-01 7.69424778e-01 9.09128965e-01 9.41153651e-01 9.52278532e-01 9.36853278e-01 9.05765251e-01 7.88317079e-01 6.28978714e-01 5.00503952e-01 3.74395463e-01 2.48814243e-01 1.27157104e-01 7.94173042e-03 -1.11208025e-01 -2.32409852e-01 -3.57120784e-01 -4.84986965e-01 -6.17326063e-01 -7.56050537e-01 -8.69556983e-01 -9.25288922e-01 -9.44487883e-01 -9.42885902e-01 -9.19576077e-01 -8.53457265e-01 -7.45047993e-01 -6.33484223e-01 -5.30337837e-01 -4.30821954e-01 -3.35173415e-01 -2.44287072e-01 -1.58361825e-01 -7.80075049e-02 -4.50506353e-03 5.98932996e-02 1.12304756e-01 1.49597712e-01 1.69312128e-01 1.70279148e-01 1.53022809e-01 1.19595573e-01 7.29620162e-02 1.63677404e-02 -4.73416967e-02 -1.15804374e-01 -1.87181433e-01 -2.59635447e-01 -3.30985227e-01 -3.98000710e-01 -4.56270335e-01 -5.00380417e-01 -5.25110841e-01 -5.26591473e-01 -5.03197639e-01 -4.55955986e-01 -3.88459681e-01 -3.06119525e-01 -2.14374435e-01 -1.17475542e-01 -1.77703244e-02 8.38188962e-02 1.87486042e-01 2.93777777e-01 4.03259392e-01 5.15965490e-01 6.31074854e-01 7.41561822e-01 8.29203196e-01 8.80105363e-01 8.97386807e-01 8.86042318e-01 8.42327201e-01 7.60355001e-01 6.49739757e-01 5.30547462e-01 4.13039402e-01 2.99053811e-01 1.88499719e-01 8.07874140e-02 -2.50697804e-02 -1.29638712e-01 -2.32565852e-01 -3.31477316e-01 -4.21387918e-01 -4.94652808e-01 -5.43224571e-01 -5.61225492e-01 -5.46417515e-01 -5.00314813e-01 -4.28167147e-01 -3.38120701e-01 -2.39278042e-01 -1.44274458e-01 -7.51726899e-02 -3.10550314e-02 7.12773735e-02 7.27443946e-02
3.70000000e+00 9.00487604e-01 7.10805555e-01 5.99650179e-01 7.63531928e-01 9.02899904e-01 9.38808444e-01 9.48892931e-01 9.34319446e-01 9.00927882e-01 7.85197122e-01 6.22348764e-01 4.93184270e-01 3.68689713e-01 2.44769892e-01 1.25009270e-01 7.86268587e-03 -1.09216174e-01 -2.28504227e-01 -3.51601388e-01 -4.78386244e-01 -6.10982220e-01 -7.51350807e-01 -8.65608888e-01 -9.22152037e-01 -9.41906777e-01 -9.40472114e-01 -9.16758257e-01 -8.50654506e-01 -7.41452096e-01 -6.28902272e-01 -5.26112065e-01 -4.27629944e-01 -3.33235144e-01 -2.43734774e-01 -1.59229758e-01 -8.02237896e-02 -7.90882421e-03 5.55364048e-02 1.07275447e-01 1.44192563e-01 1.63816430e-01 1.64954261e-01 1.48106695e-01 1.15305913e-01 6.94933637e-02 1.38794487e-02 -4.87391114e-02 -1.16062504e-01 -1.86320220e-01 -2.57746815e-01 -3.28224249e-01 -3.94563691e-01 -4.52351428e-01 -4.96124337e-01 -5.20586221e-01 -5.21809220e-01 -4.98170809e-01 -4.50775215e-01 -3.83342220e-01 -3.01399376e-01 -2.10435288e-01 -1.14667787e-01 -1.63559599e-02 8.36930682e-02 1.85793973e-01 2.90627398e-01 3.98916055e-01 5.10935719e-01 6.26121921e-01 7.37257891e-01 8.25538725e-01 8.76931042e-01 8.94414391e-01 8.82876987e-01 8.38631015e-01 7.55967347e-01 6.44605953e-01 5.25148785e-01 4.08214724e-01 2.95420688e-01 1.86398551e-01 8.03699685e-02 -2.37952396e-02 -1.26799517e-01 -2.28417063e-01 -3.26384455e-01 -4.15759403e-01 -4.88830274e-01 -5.37387260e-01 -5.55385788e-01 -5.40516062e-01 -4.94357944e-01 -4.22334965e-01 -3.32810230e-01 -2.35241273e-01 -1.43150370e-01 -7.86188232e-02 -3.54447462e-02 6.76917171e-02 5.34281376e-02
3.80000000e+00 9.04272397e-01 7.21589647e-01 6.01609911e-01 7.57749202e-01 8.96186067e-01 9.36376905e-01 9.45265647e-01 9.31757452e-01 8.95780200e-01 7.81908213e-01 6.15781557e-01 4.85753145e-01 3.62948885e-01 2.40741278e-01 1.22874559e-01 7.78259055e-03 -1.07237820e-01 -2.24611754e-01 -3.46066703e-01 -4.71729172e-01 -6.04578256e-01 -7.46513009e-01 -8.61449712e-01 -9.18888070e-01 -9.39188890e-01 -9.37954853e-01 -9.13816842e-01 -8.47706720e-01 -7.37813836e-01 -6.24281834e-01 -5.21842200e-01 -4.24420989e-01 -3.31295524e-01 -2.43186928e-01 -1.60109093e-01 -8.24642415e-02 -1.13578642e-02 5.11067096e-02 1.02144333e-01 1.38662624e-01 1.58185034e-01 1.59497596e-01 1.43075712e-01 1.10925914e-01 6.59604603e-02 1.13494483e-02 -5.01608904e-02 -1.16332166e-01 -1.85458752e-01 -2.55843786e-01 -3.25428913e-01 -3.91066239e-01 -4.48341655e-01 -4.91747786e-01 -5.15917506e-01 -5.16870547e-01 -4.92990377e-01 -4.45460004e-01 -3.78123040e-01 -2.96615293e-01 -2.06465860e-01 -1.11851939e-01 -1.49435229e-02 8.35643961e-02 1.84100080e-01 2.87470963e-01 3.94551148e-01 5.05861554e-01 6.21093728e-01 7.32833340e-01 8.21727628e-01 8.73616597e-01 8.91300763e-01 8.79568114e-01 8.34781282e-01 7.51440316e-01 6.39382102e-01 5.19699206e-01 4.03367762e-01 2.91784258e-01 1.84299919e-01 7.99515324e-02 -2.25248454e-02 -1.23958889e-01 -2.24245352e-01 -3.21230390e-01 -4.10020024e-01 -4.82848817e-01 -5.31356077e-01 -5.49337960e-01 -5.34415499e-01 -4.88233385e-01 -4.16384647e-01 -3.27446525e-01 -2.31261428e-01 -1.42257602e-01 -8.22083835e-02 -3.95448476e-02 6.37641004e-02 3.39629831e-02
3.90000000e+00 9.07727510e-01 7.31897412e-01 6.04881227e-01 7.52134285e-01 8.89025439e-01 9.33807928e-01 9.41421691e-01 9.29130965e-01 8.90354615e-01 7.78415109e-01 6.09300092e-01 4.78225550e-01 3.57175335e-01 2.36733255e-01 1.20755925e-01 7.70156595e-03 -1.05275504e-01 -2.20737250e-01 -3.40523277e-01 -4.65026106e-01 -5.98124154e-01 -7.41532559e-01 -8.57081163e-01 -9.15491398e-01 -9.36329977e-01 -9.35326894e-01 -9.10753553e-01 -8.44610649e-01 -7.34133167e-01 -6.19631454e-01 -5.17533196e-01 -4.21198339e-01 -3.29357158e-01 -2.42644799e-01 -1.60999605e-01 -8.47273541e-02 -1.48497189e-02 4.66071271e-02 9.69142644e-02 1.33010341e-01 1.52419968e-01 1.53910978e-01 1.37931689e-01 1.06457437e-01 6.23649860e-02 8.77895583e-03 -5.16065481e-02 -1.16613737e-01 -1.84598286e-01 -2.53928312e-01 -3.22601512e-01 -3.87510417e-01 -4.44242271e-01 -4.87250865e-01 -5.11103850e-01 -5.11774437e-01 -4.87656219e-01 -4.40011913e-01 -3.72805420e-01 -2.91771561e-01 -2.02470340e-01 -1.09031174e-01 -1.35345992e-02 8.34330837e-02 1.82406430e-01 2.84312270e-01 3.90170111e-01 5.00749363e-01 6.15994788e-01 7.28288808e-01 8.17768819e-01 8.70158117e-01 8.88040626e-01 8.76111095e-01 8.30776276e-01 7.46774195e-01 6.34072164e-01 5.14205655e-01 3.98504803e-01 2.88149066e-01 1.82206399e-01 7.95326814e-02 -2.12600325e-02 -1.21120069e-01 -2.20055272e-01 -3.16019881e-01 -4.04173318e-01 -4.76709605e-01 -5.25129817e-01 -5.43079727e-01 -5.28114439e-01 -4.81942187e-01 -4.10320232e-01 -3.22037852e-01 -2.27354540e-01 -1.41606800e-01 -8.59075416e-02 -4.33625224e-02 5.94507444e-02 1.44034253e-02
4.00000000e+00 9.10895358e-01 7.41650463e-01 6.09434167e-01 7.46746999e-01 8.81464263e-01 9.31046405e-01 9.37388751e-01 9.26400386e-01 8.84686111e-01 7.74683324e-01 6.02924595e-01 4.70618563e-01 3.51370963e-01 2.32750132e-01 1.18656172e-01 7.61974698e-03 -1.03331590e-01 -2.16885195e-01 -3.34977436e-01 -4.58287696e-01 -5.91629562e-01 -7.36405055e-01 -8.52505925e-01 -9.11955647e-01 -9.33326197e-01 -9.32580681e-01 -9.07569928e-01 -8.41363866e-01 -7.30409482e-01 -6.14959714e-01 -5.13190194e-01 -4.17965091e-01 -3.27422548e-01 -2.42109656e-01 -1.61901134e-01 -8.70117194e-02 -1.83820075e-02 4.20405426e-02 9.15881422e-02 1.27238275e-01 1.46523403e-01 1.48196355e-01 1.32676529e-01 1.01902345e-01 5.87085781e-02 6.16912721e-03 -5.30756473e-02 -1.16907601e-01 -1.83740046e-01 -2.52002285e-01 -3.19744287e-01 -3.83898255e-01 -4.40054544e-01 -4.82633722e-01 -5.06144485e-01 -5.06519989e-01 -4.82168352e-01 -4.34432638e-01 -3.67392705e-01 -2.86872436e-01 -1.98452792e-01 -1.06208518e-01 -1.21306664e-02 8.32993511e-02 1.80715008e-01 2.81154967e-01 3.85778277e-01 4.95605477e-01 6.10829603e-01 7.23625133e-01 8.13661402e-01 8.66551594e-01 8.84628674e-01 8.72501243e-01 8.26614394e-01 7.41969567e-01 6.28680139e-01 5.08675027e-01 3.93632021e-01 2.84519480e-01 1.80120437e-01 7.91139823e-02 -2.00021270e-02 -1.18286109e-01 -2.15851199e-01 -3.10757599e-01 -3.98222870e-01 -4.70413938e-01 -5.18707442e-01 -5.36608982e-01 -5.21611679e-01 -4.75485576e-01 -4.04145948e-01 -3.16592930e-01 -2.23536980e-01 -1.41205756e-01 -8.96808638e-02 -4.69132540e-02 5.47155490e-02 -5.19847556e-03
4.10000000e+00 9.13815140e-01 7.50787523e-01 6.15218111e-01 7.41648365e-01 8.73556326e-01 9.28034851e-01 9.33195730e-01 9.23524192e-01 8.78810998e-01 7.70680198e-01 5.96671952e-01 4.62951367e-01 3.45537332e-01 2.28795625e-01 1.16577945e-01 7.53728397e-03 -1.01408265e-01 -2.13059721e-01 -3.29435289e-01 -4.51524861e-01 -5.85103684e-01 -7.31126440e-01 -8.47727515e-01 -9.08273816e-01 -9.30174033e-01 -9.29708440e-01 -9.04267226e-01 -8.37964823e-01 -7.26641651e-01 -6.10275144e-01 -5.08818539e-01 -4.14724197e-01 -3.25494085e-01 -2.41582767e-01 -1.62813581e-01 -8.93160307e-02 -2.19524380e-02 3.74098082e-02 8.61689150e-02 1.21349103e-01 1.40497653e-01 1.42355797e-01 1.27312200e-01 9.72625098e-02 5.49928285e-02 3.52105539e-03 -5.45678003e-02 -1.17214155e-01 -1.82885229e-01 -2.50067537e-01 -3.16859417e-01 -3.80231744e-01 -4.35779751e-01 -4.77896555e-01 -5.01038736e-01 -5.01106426e-01 -4.76526938e-01 -4.28724010e-01 -3.61888302e-01 -2.81922128e-01 -1.94417147e-01 -1.03386846e-01 -1.07330919e-02 8.31634347e-02 1.79027716e-01 2.78002550e-01 3.81380865e-01 4.90436170e-01 6.05602658e-01 7.18843369e-01 8.09404664e-01 8.62792938e-01 8.81059595e-01 8.68733810e-01 8.22294151e-01 7.37027313e-01 6.23210061e-01 5.03114164e-01 3.88755459e-01 2.80899681e-01 1.78044346e-01 7.86959927e-02 -1.87523450e-02 -1.15459871e-01 -2.11637318e-01 -3.05448110e-01 -3.92172292e-01 -4.63963249e-01 -5.12088095e-01 -5.29923809e-01 -5.14906213e-01 -4.68864965e-01 -3.97866230e-01 -3.11120947e-01 -2.19825306e-01 -1.41059132e-01 -9.34921762e-02 -5.02203892e-02 4.95306354e-02 -2.47935798e-02
4.20000000e+00 9.16522208e-01 7.59265034e-01 6.22162750e-01 7.36899590e-01 8.65362074e-01 9.24715175e-01 9.28871212e-01 9.20460355e-01 8.72765617e-01 7.66375935e-01 5.90555219e-01 4.55245163e-01 3.39675807e-01 2.24872811e-01 1.14523727e-01 7.45434462e-03 -9.95075328e-02 -2.09264613e-01 -3.23902744e-01 -4.44748743e-01 -5.78555189e-01 -7.25693166e-01 -8.42750146e-01 -9.04438416e-01 -9.26870200e-01 -9.26702296e-01 -9.00846338e-01 -8.34412874e-01 -7.22828078e-01 -6.05586135e-01 -5.04423787e-01 -4.11478468e-01 -3.23574044e-01 -2.41065396e-01 -1.63736914e-01 -9.16390845e-02 -2.55588123e-02 3.27177370e-02 8.06595751e-02 1.15345615e-01 1.34345176e-01 1.36391503e-01 1.21840744e-01 9.25398066e-02 5.12192805e-02 8.35767790e-04 -5.60826698e-02 -1.17533804e-01 -1.82034997e-01 -2.48125831e-01 -3.13949010e-01 -3.76512835e-01 -4.31419171e-01 -4.73039610e-01 -4.95786021e-01 -4.95533106e-01 -4.70732296e-01 -4.22887993e-01 -3.56295667e-01 -2.76924794e-01 -1.90367196e-01 -1.00568872e-01 -9.34313303e-03 8.30255864e-02 1.77346366e-01 2.74858361e-01 3.76982973e-01 4.85247633e-01 6.00318402e-01 7.13944794e-01 8.04998061e-01 8.58878004e-01 8.77328090e-01 8.64804007e-01 8.17814176e-01 7.31948627e-01 6.17665996e-01 4.97529819e-01 3.83881021e-01 2.77293664e-01 1.75980310e-01 7.82792605e-02 -1.75117918e-02 -1.12644021e-01 -2.07417610e-01 -3.00095857e-01 -3.86025217e-01 -4.57359101e-01 -5.05271112e-01 -5.23022506e-01 -5.07997244e-01 -4.62081957e-01 -3.91485727e-01 -3.05631583e-01 -2.16236074e-01 -1.41168220e-01 -9.73054734e-02 -5.33145016e-02 4.38766731e-02 -4.43360740e-02
4.30000000e+00 9.19047597e-01 7.67057306e-01 6.30179516e-01 7.32560960e-01 8.56947588e-01 9.21030530e-01 9.24441912e-01 9.17167778e-01 8.66585064e-01 7.61744576e-01 5.84583218e-01 4.47523025e-01 3.33787724e-01 2.20984097e-01 1.12495820e-01 7.37111606e-03 -9.76312173e-02 -2.05503302e-01 -3.18385523e-01 -4.37970657e-01 -5.71992120e-01 -7.20102356e-01 -8.37578560e-01 -9.00441624e-01 -9.23411546e-01 -9.23554381e-01 -8.97307713e-01 -8.30708286e-01 -7.18966774e-01 -6.00900846e-01 -5.00011721e-01 -4.08230582e-01 -3.21664577e-01 -2.40558800e-01 -1.64671168e-01 -9.39797828e-02 -2.91990303e-02 2.79670981e-02 7.50631542e-02 1.09230714e-01 1.28068578e-01 1.30305797e-01 1.16264269e-01 8.77361111e-02 4.73894266e-02 -1.88577573e-03 -5.76199697e-02 -1.17866963e-01 -1.81190477e-01 -2.46178863e-01 -3.11015108e-01 -3.72743430e-01 -4.26974088e-01 -4.68063190e-01 -4.90385863e-01 -4.89799532e-01 -4.64784907e-01 -4.16926685e-01 -3.50618302e-01 -2.71884522e-01 -1.86306577e-01 -9.77571491e-02 -7.96193594e-03 8.28860743e-02 1.75672686e-01 2.71725587e-01 3.72589567e-01 4.80045957e-01 5.94981241e-01 7.08930926e-01 8.00441210e-01 8.54802608e-01 8.73428874e-01 8.60707033e-01 8.13173212e-01 7.26735012e-01 6.12052043e-01 4.91928632e-01 3.79014455e-01 2.73705233e-01 1.73930379e-01 7.78643231e-02 -1.62814619e-02 -1.09841024e-01 -2.03195849e-01 -2.94705151e-01 -3.79785288e-01 -4.50603192e-01 -4.98256032e-01 -5.15903602e-01 -5.00884205e-01 -4.55138352e-01 -3.85009324e-01 -3.00135015e-01 -2.12785633e-01 -1.41530782e-01 -1.01085848e-01 -5.62325685e-02 3.77429914e-02 -6.37837906e-02
4.40000000e+00 9.21417726e-01 7.74156214e-01 6.39163422e-01 7.28690688e-01 8.48383447e-01 9.16927177e-01 9.19931173e-01 9.13607682e-01 8.60301957e-01 7.56764885e-01 5.78760258e-01 4.39809678e-01 3.27874561e-01 2.17131187e-01 1.10496341e-01 7.28780683e-03 -9.57809558e-02 -2.01778870e-01 -3.12889183e-01 -4.31202031e-01 -5.65421827e-01 -7.14351944e-01 -8.32217872e-01 -8.96275449e-01 -9.19794946e-01 -9.20256954e-01 -8.93651295e-01 -8.26852226e-01 -7.15055432e-01 -5.96227116e-01 -4.95588345e-01 -4.04983099e-01 -3.19767705e-01 -2.40064231e-01 -1.65616443e-01 -9.63371336e-02 -3.28710941e-02 2.31606114e-02 6.93827192e-02 1.03007416e-01 1.21670614e-01 1.24101136e-01 1.10584956e-01 8.28532989e-02 4.35047064e-02 -4.64268459e-03 -5.91794652e-02 -1.18214058e-01 -1.80352759e-01 -2.44228260e-01 -3.08059669e-01 -3.68925380e-01 -4.22445783e-01 -4.62967650e-01 -4.84837897e-01 -4.83905364e-01 -4.58685425e-01 -4.10842317e-01 -3.44859748e-01 -2.66805322e-01 -1.82238770e-01 -9.49540630e-02 -6.59053632e-03 8.27451819e-02 1.74008313e-01 2.68607260e-01 3.68205473e-01 4.74837109e-01 5.89595525e-01 7.03803528e-01 7.95733873e-01 8.50562556e-01 8.69356684e-01 8.56438099e-01 8.08370108e-01 7.21388282e-01 6.06372328e-01 4.86317102e-01 3.74161351e-01 2.70138001e-01 1.71896476e-01 7.74517069e-02 -1.50622384e-02 -1.07053147e-01 -1.98975585e-01 -2.89280155e-01 -3.73456137e-01 -4.43697349e-01 -4.91042614e-01 -5.08565876e-01 -4.93566770e-01 -4.48036158e-01 -3.78442156e-01 -2.94641920e-01 -2.09489894e-01 -1.42140962e-01 -1.04800414e-01 -5.90169862e-02 3.11274807e-02 -8.30984396e-02
4.50000000e+00 9.23654252e-01 7.80570460e-01 6.48995265e-01 7.25343738e-01 8.39743496e-01 9.12356322e-01 9.15357567e-01 9.09744912e-01 8.53945308e-01 7.51421085e-01 5.73085972e-01 4.32131209e-01 3.21938138e-01 2.13315067e-01 1.08527198e-01 7.20464861e-03 -9.39581992e-02 -1.98094048e-01 -3.07419134e-01 -4.24454335e-01 -5.58850911e-01 -7.08440816e-01 -8.26673398e-01 -8.91931905e-01 -9.16017198e-01 -9.16802505e-01 -8.89876477e-01 -8.22846730e-01 -7.11091523e-01 -5.91572373e-01 -4.91159887e-01 -4.01738477e-01 -3.17885315e-01 -2.39582924e-01 -1.66572904e-01 -9.87102521e-02 -3.65731106e-02 1.83009430e-02 6.36213680e-02 9.66788478e-02 1.15154185e-01 1.17780105e-01 1.04805054e-01 7.78932432e-02 3.95665046e-02 -7.43413877e-03 -6.07609732e-02 -1.18575524e-01 -1.79522896e-01 -2.42275570e-01 -3.05084573e-01 -3.65060475e-01 -4.17835529e-01 -4.57753406e-01 -4.79141876e-01 -4.77850427e-01 -4.52434678e-01 -4.04637253e-01 -3.39023569e-01 -2.61691116e-01 -1.78167091e-01 -9.21618311e-02 -5.22986002e-03 8.26032079e-02 1.72354797e-01 2.65506257e-01 3.63835372e-01 4.69626912e-01 5.84165541e-01 6.98564610e-01 7.90875946e-01 8.46153670e-01 8.65106295e-01 8.51992451e-01 8.03403828e-01 7.15910559e-01 6.00631007e-01 4.80701559e-01 3.69327123e-01 2.66595391e-01 1.69880393e-01 7.70419270e-02 -1.38548947e-02 -1.04282454e-01 -1.94760144e-01 -2.83824868e-01 -3.67041381e-01 -4.36643527e-01 -4.83630845e-01 -5.01008381e-01 -4.86044874e-01 -4.40777595e-01 -3.71789630e-01 -2.89163464e-01 -2.06364079e-01 -1.42989276e-01 -1.08419201e-01 -6.17144509e-02 2.40362964e-02 -1.02245754e-01
4.60000000e+00 9.25774092e-01 7.86324440e-01 6.59544142e-01 7.22570638e-01 8.31103561e-01 9.07275849e-01 9.10733661e-01 9.05549089e-01 8.47539538e-01 7.45703459e-01 5.67555293e-01 4.24514702e-01 3.15980811e-01 2.09536001e-01 1.06590074e-01 7.12189761e-03 -9.21642099e-02 -1.94451231e-01 -3.01980667e-01 -4.17739002e-01 -5.52285188e-01 -7.02368918e-01 -8.20950507e-01 -8.87403179e-01 -9.12074924e-01 -9.13183847e-01 -8.85982074e-01 -8.18694651e-01 -7.07072390e-01 -5.86943553e-01 -4.86732784e-01 -3.98499092e-01 -3.16019157e-01 -2.39116103e-01 -1.67540783e-01 -1.01098361e-01 -4.03032949e-02 1.33907014e-02 5.77822245e-02 9.02482422e-02 1.08522344e-01 1.11345422e-01 9.89268813e-02 7.28578138e-02 3.55761501e-02 -1.02593898e-02 -6.23643620e-02 -1.18951806e-01 -1.78701903e-01 -2.40322271e-01 -3.02091613e-01 -3.61150448e-01 -4.13144595e-01 -4.52420929e-01 -4.73297680e-01 -4.71634723e-01 -4.46033681e-01 -3.98313986e-01 -3.33113351e-01 -2.56545723e-01 -1.74094683e-01 -8.93824997e-02 -3.88072421e-03 8.24604659e-02 1.70713596e-01 2.62425307e-01 3.59483792e-01 4.64421019e-01 5.78695503e-01 6.93216432e-01 7.85867446e-01 8.41571812e-01 8.60672516e-01 8.47365405e-01 7.98273440e-01 7.10304261e-01 5.94832260e-01 4.75088139e-01 3.64517002e-01 2.63080635e-01 1.67883798e-01 7.66354868e-02 -1.26600945e-02 -1.01530809e-01 -1.90552614e-01 -2.78343118e-01 -3.60544602e-01 -4.29443809e-01 -4.76020953e-01 -4.93230458e-01 -4.78318722e-01 -4.33365106e-01 -3.65057447e-01 -2.83711278e-01 -2.03422460e-01 -1.44062692e-01 -1.11915987e-01 -6.43747373e-02 1.64833778e-02 -1.21195551e-01
4.70000000e+00 9.27789586e-01 7.91456754e-01 6.70670223e-01 7.20416332e-01 8.22540135e-01 9.01651900e-01 9.06064993e-01 9.00995582e-01 8.41103662e-01 7.39608752e-01 5.62158570e-01 4.16987821e-01 3.10005679e-01 2.05793537e-01 1.04686405e-01 7.03983538e-03 -9.04000602e-02 -1.90852482e-01 -2.96578976e-01 -4.11067342e-01 -5.45729672e-01 -6.96137349e-01 -8.15054469e-01 -8.82681789e-01 -9.07964478e-01 -9.09394204e-01 -8.81966315e-01 -8.14399594e-01 -7.02995356e-01 -5.82347017e-01 -4.82313667e-01 -3.95267259e-01 -3.14170835e-01 -2.38664970e-01 -1.68520379e-01 -1.03500788e-01 -4.40599716e-02 8.43243298e-03 5.18684347e-02 8.37189394e-02 1.01778290e-01 1.04799934e-01 9.29528253e-02 6.77488755e-02 3.15349147e-02 -1.31177615e-02 -6.39895513e-02 -1.19343356e-01 -1.77890753e-01 -2.38369760e-01 -2.99082490e-01 -3.57196960e-01 -4.08374234e-01 -4.46970753e-01 -4.67305323e-01 -4.65258438e-01 -4.39483638e-01 -3.91875134e-01 -3.27132690e-01 -2.51372852e-01 -1.70024514e-01 -8.66179434e-02 -2.54383895e-03 8.23172841e-02 1.69086084e-01 2.59366985e-01 3.55155101e-01 4.59224899e-01 5.73189547e-01 6.87761505e-01 7.80708502e-01 8.36812916e-01 8.56050207e-01 8.42552368e-01 7.92978125e-01 7.04572092e-01 5.88980295e-01 4.69482761e-01 3.59736026e-01 2.59596777e-01 1.65908237e-01 7.62328776e-02 -1.14783936e-02 -9.87998729e-02 -1.86355844e-01 -2.72838546e-01 -3.53969338e-01 -4.22100398e-01 -4.68213419e-01 -4.85231757e-01 -4.70388811e-01 -4.25801369e-01 -3.58251617e-01 -2.78297418e-01 -2.00678084e-01 -1.45344802e-01 -1.15269053e-01 -6.70494085e-02 8.48980477e-03 -1.39921707e-01
4.80000000e+00 9.29708794e-01 7.96018399e-01 6.82227695e-01 7.18919079e-01 8.14129063e-01 8.95460257e-01 9.01349319e-01 8.96066250e-01 8.34650691e-01 7.33140390e-01 5.56881828e-01 4.09578338e-01 3.04016768e-01 2.02086535e-01 1.02817354e-01 6.95876890e-03 -8.86666307e-02 -1.87299550e-01 -2.91219182e-01 -4.04450446e-01 -5.39188581e-01 -6.89748423e-01 -8.08990328e-01 -8.77760744e-01 -9.03681875e-01 -9.05427275e-01 -8.77826845e-01 -8.09965830e-01 -6.98857826e-01 -5.77788489e-01 -4.77909335e-01 -3.92045257e-01 -3.12341816e-01 -2.38230702e-01 -1.69512052e-01 -1.05916972e-01 -4.78415773e-02 3.42861866e-03 4.58831620e-02 7.70943815e-02 9.49253701e-02 9.81466217e-02 8.68853423e-02 6.25682873e-02 2.74440127e-02 -1.60086498e-02 -6.56365114e-02 -1.19750639e-01 -1.77090378e-01 -2.36419356e-01 -2.96058813e-01 -3.53201605e-01 -4.03525685e-01 -4.41403476e-01 -4.61164960e-01 -4.58721956e-01 -4.32785948e-01 -3.85323438e-01 -3.21085182e-01 -2.46176094e-01 -1.65959369e-01 -8.38698645e-02 -1.21980903e-03 8.21740043e-02 1.67473543e-01 2.56333725e-01 3.50853500e-01 4.54043813e-01 5.67651726e-01 6.82202575e-01 7.75399340e-01 8.31873012e-01 8.51234283e-01 8.37548867e-01 7.87517180e-01 6.98717029e-01 5.83079341e-01 4.63891103e-01 3.54989028e-01 2.56146677e-01 1.63955134e-01 7.58345791e-02 -1.03102416e-02 -9.60911097e-02 -1.82172438e-01 -2.67314598e-01 -3.47319067e-01 -4.14615619e-01 -4.60208985e-01 -4.77012257e-01 -4.62255940e-01 -4.18089301e-01 -3.51378487e-01 -2.72934314e-01 -1.98142502e-01 -1.46816084e-01 -1.18461827e-01 -6.97904926e-02 8.30138700e-05 -1.58402067e-01
4.90000000e+00 9.31535913e-01 8.00070719e-01 6.94067821e-01 7.18109446e-01 8.05944260e-01 8.88687468e-01 8.96576139e-01 8.90749933e-01 8.28187252e-01 7.26308481e-01 5.51707158e-01 4.02313613e-01 2.98019223e-01 1.98413209e-01 1.00983789e-01 6.87902961e-03 -8.69646088e-02 -1.83793886e-01 -2.85906355e-01 -3.97899094e-01 -5.32665359e-01 -6.83205708e-01 -8.02762791e-01 -8.72633668e-01 -8.99222728e-01 -9.01277287e-01 -8.73560760e-01 -8.05398197e-01 -6.94657392e-01 -5.73272993e-01 -4.73526721e-01 -3.88835354e-01 -3.10533421e-01 -2.37814451e-01 -1.70516226e-01 -1.08346451e-01 -5.16466607e-02 -1.61832897e-03 3.98295828e-02 7.03781097e-02 8.79670755e-02 9.13885951e-02 8.07269563e-02 5.73179011e-02 2.33046005e-02 -1.89315229e-02 -6.73052626e-02 -1.20174124e-01 -1.76301669e-01 -2.34472299e-01 -2.93022091e-01 -3.49165901e-01 -3.98600168e-01 -4.35719760e-01 -4.54876896e-01 -4.52025863e-01 -4.25942209e-01 -3.78661759e-01 -3.14974414e-01 -2.40958905e-01 -1.61901848e-01 -8.11397930e-02 9.08638072e-05 8.20309821e-02 1.65877174e-01 2.53327819e-01 3.46583019e-01 4.48882798e-01 5.62086002e-01 6.76542622e-01 7.69940276e-01 8.26748255e-01 8.46219731e-01 8.32350578e-01 7.81890018e-01 6.92742298e-01 5.77133650e-01 4.58318580e-01 3.50280630e-01 2.52733017e-01 1.62025803e-01 7.54410586e-02 -9.15598391e-03 -9.34057843e-02 -1.78004751e-01 -2.61774512e-01 -3.40597194e-01 -4.06991910e-01 -4.52008665e-01 -4.68572280e-01 -4.53921224e-01 -4.10232078e-01 -3.44444753e-01 -2.67634692e-01 -1.95825497e-01 -1.48454249e-01 -1.21483410e-01 -7.26491625e-02 -8.70409972e-03 -1.76618278e-01
5.00000000e+00 9.33271791e-01 8.03683165e-01 7.06042025e-01 7.18009420e-01 7.98056488e-01 8.81331687e-01 8.91726561e-01 8.85042670e-01 8.21713460e-01 7.19129619e-01 5.46613248e-01 3.95220055e-01 2.92019455e-01 1.94771188e-01 9.91862485e-02 6.80097132e-03 -8.52944878e-02 -1.80336665e-01 -2.80645534e-01 -3.91423646e-01 -5.26162720e-01 -6.76514029e-01 -7.96376146e-01 -8.67294921e-01 -8.94582212e-01 -8.96939020e-01 -8.69164651e-01 -8.00701991e-01 -6.90391938e-01 -5.68804804e-01 -4.69172851e-01 -3.85639835e-01 -3.08746832e-01 -2.37417333e-01 -1.71533389e-01 -1.10788873e-01 -5.54738835e-02 -6.70606857e-03 3.37108819e-02 6.35737604e-02 8.09070411e-02 8.45290933e-02 7.44802585e-02 5.19995617e-02 1.91177769e-02 -2.18859209e-02 -6.89958744e-02 -1.20614292e-01 -1.75525473e-01 -2.32529747e-01 -2.89973734e-01 -3.45091288e-01 -3.93598881e-01 -4.29920334e-01 -4.48441588e-01 -4.45170957e-01 -4.18954223e-01 -3.71893070e-01 -3.08803955e-01 -2.35724605e-01 -1.57854362e-01 -7.84290882e-02 1.38777844e-03 8.18885854e-02 1.64298091e-01 2.50351420e-01 3.42347508e-01 4.43746644e-01 5.56496249e-01 6.70784842e-01 7.64331709e-01 8.21434950e-01 8.41001612e-01 8.26953346e-01 7.76096176e-01 6.86651361e-01 5.71147488e-01 4.52770330e-01 3.45615229e-01 2.49358298e-01 1.60121444e-01 7.50527719e-02 -8.01586366e-03 -9.07449672e-02 -1.73854886e-01 -2.56221307e-01 -3.33807037e-01 -3.99231822e-01 -4.43613754e-01 -4.59912515e-01 -4.45386113e-01 -4.02233143e-01 -3.37457485e-01 -2.62411489e-01 -1.93734830e-01 -1.50234679e-01 -1.24328952e-01 -7.56744540e-02 -1.78341664e-02 -1.94555571e-01
5.10000000e+00 9.34914514e-01 8.06930926e-01 7.18004936e-01 7.18631651e-01 7.90532205e-01 8.73403201e-01 8.86773483e-01 8.78947636e-01 8.15223029e-01 7.11626474e-01 5.41576014e-01 3.88322561e-01 2.86025278e-01 1.91157599e-01 9.74249201e-02 6.72496658e-03 -8.36565667e-02 -1.76928810e-01 -2.75441742e-01 -3.85033949e-01 -5.19682708e-01 -6.69679444e-01 -7.89834197e-01 -8.61739684e-01 -8.89755048e-01 -8.92407828e-01 -8.64634662e-01 -7.95882851e-01 -6.86059734e-01 -5.64387420e-01 -4.64854797e-01 -3.82461030e-01 -3.06983096e-01 -2.37040429e-01 -1.72564085e-01 -1.13243984e-01 -5.93220200e-02 -1.18323323e-02 2.75302486e-02 5.66850611e-02 7.37490411e-02 7.75714831e-02 6.81479066e-02 4.66151060e-02 1.48845835e-02 -2.48714543e-02 -7.07084643e-02 -1.21071630e-01 -1.74762597e-01 -2.30592775e-01 -2.86915050e-01 -3.40979124e-01 -3.88522998e-01 -4.24005995e-01 -4.41859658e-01 -4.38158260e-01 -4.11824001e-01 -3.65020456e-01 -3.02577347e-01 -2.30476368e-01 -1.53819135e-01 -7.57389396e-02 2.67063173e-03 8.17471944e-02 1.62737329e-01 2.47406554e-01 3.38150633e-01 4.38639887e-01 5.50886243e-01 6.64932627e-01 7.58574115e-01 8.15929578e-01 8.35575086e-01 8.21353215e-01 7.70135324e-01 6.80447885e-01 5.65125137e-01 4.47251197e-01 3.40996994e-01 2.46024854e-01 1.58243154e-01 7.46701633e-02 -6.89002465e-03 -8.81095368e-02 -1.69724696e-01 -2.50657782e-01 -3.26951819e-01 -3.91338010e-01 -4.35025837e-01 -4.51034025e-01 -4.36652401e-01 -3.94096221e-01 -3.30424139e-01 -2.57277739e-01 -1.91876000e-01 -1.52130932e-01 -1.26999875e-01 -7.89120562e-02 -2.72663834e-02 -2.12202482e-01
5.20000000e+00 9.36460055e-01 8.09892505e-01 7.29817314e-01 7.19978876e-01 7.83432530e-01 8.64924615e-01 8.81682127e-01 8.72474798e-01 8.08703632e-01 7.03827194e-01 5.36569339e-01 3.81643965e-01 2.80046002e-01 1.87569164e-01 9.56996094e-02 6.65140140e-03 -8.20509499e-02 -1.73571017e-01 -2.70299999e-01 -3.78739229e-01 -5.13226778e-01 -6.62709190e-01 -7.83140233e-01 -8.55964025e-01 -8.84735510e-01 -8.87679624e-01 -8.59966571e-01 -7.90946629e-01 -6.81659523e-01 -5.60023536e-01 -4.60579624e-01 -3.79301337e-01 -3.05243131e-01 -2.36684774e-01 -1.73608916e-01 -1.15711632e-01 -6.31899567e-02 -1.69949276e-02 2.12908717e-02 4.97158254e-02 6.64969860e-02 7.05192563e-02 6.17326235e-02 4.11663632e-02 1.06060059e-02 -2.78878033e-02 -7.24431965e-02 -1.21546632e-01 -1.74013801e-01 -2.28662378e-01 -2.83847239e-01 -3.36830682e-01 -3.83373666e-01 -4.17977612e-01 -4.35131897e-01 -4.30989019e-01 -4.04553760e-01 -3.58047101e-01 -2.96298093e-01 -2.25217211e-01 -1.49798193e-01 -7.30703693e-02 3.93921569e-03 8.16072004e-02 1.61195845e-01 2.44495116e-01 3.33995872e-01 4.33566788e-01 5.45259668e-01 6.58989548e-01 7.52668042e-01 8.10228816e-01 8.29935422e-01 8.15546444e-01 7.64007268e-01 6.74135719e-01 5.59070883e-01 4.41765715e-01 3.36429851e-01 2.42734854e-01 1.56391929e-01 7.42936658e-02 -5.77851380e-03 -8.55001831e-02 -1.65615776e-01 -2.45086501e-01 -3.20034651e-01 -3.83313228e-01 -4.26246794e-01 -4.41938271e-01 -4.27722244e-01 -3.85825339e-01 -3.23352566e-01 -2.52246450e-01 -1.90252039e-01 -1.54115324e-01 -1.29503938e-01 -8.24032051e-02 -3.69575836e-02 -2.29550551e-01
5.30000000e+00 9.37902947e-01 8.12647309e-01 7.41348773e-01 7.22043521e-01 7.76812322e-01 8.55930700e-01 8.76410890e-01 8.65640308e-01 8.02137486e-01 6.95764636e-01 5.31565879e-01 3.75204499e-01 2.74092482e-01 1.84002322e-01 9.40097156e-02 6.58066814e-03 -8.04775488e-02 -1.70263787e-01 -2.65225329e-01 -3.72548002e-01 -5.06795885e-01 -6.55611600e-01 -7.76297025e-01 -8.49964939e-01 -8.79517457e-01 -8.82750864e-01 -8.55155877e-01 -7.85899269e-01 -6.77190599e-01 -5.55715044e-01 -4.56354325e-01 -3.76163253e-01 -3.03527736e-01 -2.36351360e-01 -1.74668537e-01 -1.18191762e-01 -6.70766906e-02 -2.21917386e-02 1.49959362e-02 4.26699481e-02 5.91549183e-02 6.33760275e-02 5.52371965e-02 3.56551548e-02 6.28297471e-03 -3.09347157e-02 -7.42002804e-02 -1.22039801e-01 -1.73279805e-01 -2.26739467e-01 -2.80771397e-01 -3.32647146e-01 -3.78152003e-01 -4.11836125e-01 -4.28259267e-01 -4.23664718e-01 -3.97145931e-01 -3.50976290e-01 -2.89969650e-01 -2.19949991e-01 -1.45793374e-01 -7.04242348e-02 5.19341449e-03 8.14690052e-02 1.59674518e-01 2.41618885e-01 3.29886507e-01 4.28531322e-01 5.39620106e-01 6.52959330e-01 7.46614109e-01 8.04329557e-01 8.24078020e-01 8.09529533e-01 7.57711963e-01 6.67718870e-01 5.52989013e-01 4.36318102e-01 3.31917476e-01 2.39490305e-01 1.54568672e-01 7.39237025e-02 -4.68128413e-03 -8.29174113e-02 -1.61529471e-01 -2.39509787e-01 -3.13058521e-01 -3.75160325e-01 -4.17278810e-01 -4.32627122e-01 -4.18598170e-01 -3.77424835e-01 -3.16251020e-01 -2.47330452e-01 -1.88863337e-01 -1.56159552e-01 -1.31855119e-01 -8.61837100e-02 -4.68633032e-02 -2.46593973e-01
5.40000000e+00 9.39236972e-01 8.15273306e-01 7.52480264e-01 7.24807519e-01 7.70719387e-01 8.46467892e-01 8.70912505e-01 8.58465658e-01 7.95502140e-01 6.87475439e-01 5.26537927e-01 3.69021299e-01 2.68177126e-01 1.80453360e-01 9.23542099e-02 6.51315626e-03 -7.89360838e-02 -1.67007455e-01 -2.60222756e-01 -3.66467981e-01 -5.00390587e-01 -6.48395992e-01 -7.69306847e-01 -8.43740354e-01 -8.74094388e-01 -8.77618496e-01 -8.50197896e-01 -7.80746681e-01 -6.72652867e-01 -5.51463045e-01 -4.52185758e-01 -3.73049398e-01 -3.01837599e-01 -2.36041122e-01 -1.75743656e-01 -1.20684416e-01 -7.09813281e-02 -2.74207271e-02 8.64861876e-03 3.55513998e-02 5.17270072e-02 5.61455307e-02 4.86644759e-02 3.00832954e-02 1.91636728e-03 -3.40120053e-02 -7.59799695e-02 -1.22551643e-01 -1.72561282e-01 -2.24824870e-01 -2.77688510e-01 -3.28429612e-01 -3.72859096e-01 -4.05582549e-01 -4.21242916e-01 -4.16187082e-01 -3.89603154e-01 -3.43811396e-01 -2.83595420e-01 -2.14677399e-01 -1.41806320e-01 -6.78012323e-02 6.43320136e-03 8.13330202e-02 1.58174161e-01 2.38779522e-01 3.25825620e-01 4.23537170e-01 5.33971044e-01 6.46845825e-01 7.40413004e-01 7.98228933e-01 8.17998430e-01 8.03299243e-01 7.51249524e-01 6.61201467e-01 5.46883801e-01 4.30912249e-01 3.27463292e-01 2.36293064e-01 1.52774196e-01 7.35606866e-02 -3.59819773e-03 -8.03615462e-02 -1.57466874e-01 -2.33929722e-01 -3.06026286e-01 -3.66882240e-01 -4.08124376e-01 -4.23102869e-01 -4.09283095e-01 -3.68899384e-01 -3.09128156e-01 -2.42542241e-01 -1.87707516e-01 -1.58235369e-01 -1.34073345e-01 -9.02831337e-02 -5.69388202e-02 -2.63329247e-01
5.50000000e+00 9.40455827e-01 8.17844827e-01 7.63106226e-01 7.28242335e-01 7.65193846e-01 8.36593467e-01 8.65135469e-01 8.50976617e-01 7.88771446e-01 6.78998989e-01 5.21458289e-01 3.63107955e-01 2.62313844e-01 1.76918566e-01 9.07316175e-02 6.44924102e-03 -7.74260882e-02 -1.63802227e-01 -2.55297303e-01 -3.60505995e-01 -4.94011158e-01 -6.41072532e-01 -7.62171520e-01 -8.37289122e-01 -8.68459514e-01 -8.72279915e-01 -8.45087872e-01 -7.75494616e-01 -6.68046889e-01 -5.47267869e-01 -4.48080577e-01 -3.69962528e-01 -3.00173315e-01 -2.35754942e-01 -1.76835024e-01 -1.23189726e-01 -7.49030820e-02 -3.26799333e-02 2.25208413e-03 2.83642212e-02 4.42175436e-02 4.88316156e-02 4.20173737e-02 2.44525926e-02 -2.49299022e-03 -3.71195493e-02 -7.77825589e-02 -1.23082671e-01 -1.71858865e-01 -2.22919332e-01 -2.74599456e-01 -3.24179083e-01 -3.67495999e-01 -3.99217974e-01 -4.14084175e-01 -4.08558082e-01 -3.81928283e-01 -3.36555876e-01 -2.77178739e-01 -2.09401953e-01 -1.37838482e-01 -6.52018999e-02 7.65863542e-03 8.11996658e-02 1.56695516e-01 2.35978578e-01 3.21816090e-01 4.18587708e-01 5.28315864e-01 6.40652979e-01 7.34065490e-01 7.91924325e-01 8.11692376e-01 7.96852608e-01 7.44620228e-01 6.54587739e-01 5.40759503e-01 4.25551722e-01 3.23070454e-01 2.33144840e-01 1.51009233e-01 7.32050231e-02 -2.52902894e-03 -7.78327365e-02 -1.53428826e-01 -2.28348137e-01 -2.98940662e-01 -3.58481991e-01 -3.98786299e-01 -4.13368238e-01 -3.99780336e-01 -3.60254010e-01 -3.01993024e-01 -2.37893799e-01 -1.86779347e-01 -1.60315268e-01 -1.36184050e-01 -9.47241493e-02 -6.71401386e-02 -2.79754807e-01
5.60000000e+00 9.41553760e-01 8.20430552e-01 7.73136385e-01 7.32309226e-01 7.60267635e-01 8.26374401e-01 8.59025705e-01 8.43202009e-01 7.81916660e-01 6.70376297e-01 5.16301163e-01 3.57474142e-01 2.56517945e-01 1.73394390e-01 8.91400069e-02 6.38926988e-03 -7.59469141e-02 -1.60648212e-01 -2.50453970e-01 -3.54667923e-01 -4.87657701e-01 -6.33652087e-01 -7.54892490e-01 -8.30610973e-01 -8.62605860e-01 -8.66732890e-01 -8.39821075e-01 -7.70148561e-01 -6.63373919e-01 -5.43129122e-01 -4.44045161e-01 -3.66905563e-01 -2.98535400e-01 -2.35493637e-01 -1.77943436e-01 -1.25707914e-01 -7.88412695e-02 -3.79674753e-02 -4.19051864e-03 2.11125169e-02 3.66309336e-02 4.14382434e-02 3.52988621e-02 1.87648489e-02 -6.94432049e-03 -4.02572856e-02 -7.96083841e-02 -1.23633400e-01 -1.71173141e-01 -2.21023516e-01 -2.71505002e-01 -3.19896466e-01 -3.62063735e-01 -3.92743570e-01 -4.06784568e-01 -4.00779942e-01 -3.74124381e-01 -3.29213265e-01 -2.70722870e-01 -2.04125994e-01 -1.33891118e-01 -6.26266221e-02 8.86985842e-03 8.10693701e-02 1.55239264e-01 2.33217501e-01 3.17860585e-01 4.13686005e-01 5.22657851e-01 6.34384810e-01 7.27572404e-01 7.85413381e-01 8.05155785e-01 7.90186954e-01 7.37824531e-01 6.47881982e-01 5.34620338e-01 4.20239751e-01 3.18741851e-01 2.30047200e-01 1.49274438e-01 7.28571094e-02 -1.47346747e-03 -7.53309593e-02 -1.49415925e-01 -2.22766609e-01 -2.91804213e-01 -3.49962674e-01 -3.89267702e-01 -4.03426401e-01 -3.90093623e-01 -3.51494112e-01 -2.94855047e-01 -2.33396406e-01 -1.86070735e-01 -1.62373179e-01 -1.38217579e-01 -9.95220843e-02 -7.74248951e-02 -2.95870658e-01
5.70000000e+00 9.42526156e-01 8.23091740e-01 7.82497136e-01 7.36959721e-01 7.55964174e-01 8.15885965e-01 8.52528393e-01 8.35172372e-01 7.74907649e-01 6.61648830e-01 5.11042980e-01 3.52125328e-01 2.50805983e-01 1.69877617e-01 8.75769872e-02 6.33354673e-03 -7.44977396e-02 -1.57545457e-01 -2.45697719e-01 -3.48958634e-01 -4.81330263e-01 -6.26146048e-01 -7.47470909e-01 -8.23706458e-01 -8.56526369e-01 -8.60975492e-01 -8.34392917e-01 -7.64713626e-01 -6.58635908e-01 -5.39045738e-01 -4.40085538e-01 -3.63881591e-01 -2.96924306e-01 -2.35257962e-01 -1.79069725e-01 -1.28239287e-01 -8.27953085e-02 -4.32815496e-02 -1.06760596e-02 1.38004493e-02 2.89716920e-02 3.39694821e-02 2.85119721e-02 1.30218622e-02 -1.14368924e-02 -4.34252099e-02 -8.14578185e-02 -1.24204352e-01 -1.70504657e-01 -2.19138003e-01 -2.68405806e-01 -3.15582575e-01 -3.56563289e-01 -3.86160585e-01 -3.99345815e-01 -3.92855139e-01 -3.66194719e-01 -3.21787163e-01 -2.64230993e-01 -1.98851686e-01 -1.29965298e-01 -6.00756341e-02 1.00670914e-02 8.09425689e-02 1.53806028e-01 2.30497639e-01 3.13961560e-01 4.08834815e-01 5.17000180e-01 6.28045366e-01 7.20934663e-01 7.78694022e-01 7.98384810e-01 7.83299913e-01 7.30863077e-01 6.41088527e-01 5.28470479e-01 4.14979239e-01 3.14480091e-01 2.27001578e-01 1.47570397e-01 7.25173370e-02 -4.31121717e-04 -7.28560250e-02 -1.45428523e-01 -2.17186463e-01 -2.84619343e-01 -3.41327454e-01 -3.79572028e-01 -3.93280985e-01 -3.80227114e-01 -3.42625475e-01 -2.87723994e-01 -2.29060441e-01 -1.85570747e-01 -1.64385151e-01 -1.40208463e-01 -1.04684663e-01 -8.77531676e-02 -3.11678020e-01
5.80000000e+00 9.43370043e-01 8.25880743e-01 7.91132502e-01 7.42136327e-01 7.52298179e-01 8.05210076e-01 8.45589923e-01 8.26918550e-01 7.67714141e-01 6.52857333e-01 5.05663181e-01 3.47062574e-01 2.45195538e-01 1.66365539e-01 8.60397141e-02 6.28231408e-03 -7.30775793e-02 -1.54493983e-01 -2.41033442e-01 -3.43381948e-01 -4.75028949e-01 -6.18566154e-01 -7.39907749e-01 -8.16576868e-01 -8.50214032e-01 -8.55006017e-01 -8.28799048e-01 -7.59194460e-01 -6.53835503e-01 -5.35016051e-01 -4.36207319e-01 -3.60893879e-01 -2.95340448e-01 -2.35048604e-01 -1.80214755e-01 -1.30784232e-01 -8.67647146e-02 -4.86204296e-02 -1.72014311e-02 6.43223152e-03 2.12444351e-02 2.64295015e-02 2.16597912e-02 7.22542748e-03 -1.59700178e-02 -4.66233723e-02 -8.33312715e-02 -1.24796048e-01 -1.69853915e-01 -2.17263290e-01 -2.65302417e-01 -3.11238126e-01 -3.50995613e-01 -3.79470348e-01 -3.91769837e-01 -3.84786409e-01 -3.58142776e-01 -3.14281234e-01 -2.57706201e-01 -1.93581010e-01 -1.26061902e-01 -5.75490266e-02 1.12506316e-02 8.08197044e-02 1.52396378e-01 2.27820244e-01 3.10121256e-01 4.04036578e-01 5.11345924e-01 6.21638699e-01 7.14153267e-01 7.71764458e-01 7.91375864e-01 7.76189437e-01 7.23736701e-01 6.34211715e-01 5.22314035e-01 4.09772763e-01 3.10287503e-01 2.24009276e-01 1.45897633e-01 7.21860929e-02 5.98478064e-04 -7.04075823e-02 -1.41466734e-01 -2.11608766e-01 -2.77388294e-01 -3.32579558e-01 -3.69703041e-01 -3.82936080e-01 -3.70185405e-01 -3.33654297e-01 -2.80609946e-01 -2.24895181e-01 -1.85265727e-01 -1.66329995e-01 -1.42194564e-01 -1.10211945e-01 -9.80881710e-02 -3.27179002e-01
5.90000000e+00 9.44084521e-01 8.28839832e-01 7.99004632e-01 7.47773444e-01 7.49275626e-01 7.94433459e-01 8.38159892e-01 8.18470279e-01 7.60306983e-01 6.44040696e-01 5.00144906e-01 3.42282453e-01 2.39704957e-01 1.62856133e-01 8.45249073e-02 6.23573336e-03 -7.16852970e-02 -1.51493820e-01 -2.36465924e-01 -3.37940610e-01 -4.68754027e-01 -6.10924306e-01 -7.32203912e-01 -8.09224145e-01 -8.43662017e-01 -8.48822902e-01 -8.23035460e-01 -7.53595176e-01 -6.48976019e-01 -5.31037867e-01 -4.32415623e-01 -3.57945876e-01 -2.93784221e-01 -2.34866179e-01 -1.81379416e-01 -1.33343218e-01 -9.07490966e-02 -5.39824646e-02 -2.37635509e-02 -9.87879135e-04 1.34538725e-02 1.88225672e-02 1.47454621e-02 1.37733856e-03 -2.05430486e-02 -4.98518739e-02 -8.52291858e-02 -1.25409011e-01 -1.69221375e-01 -2.15399793e-01 -2.62195272e-01 -3.06863739e-01 -3.45361626e-01 -3.72674275e-01 -3.84058758e-01 -3.76576749e-01 -3.49972231e-01 -3.06699196e-01 -2.51151487e-01 -1.88315763e-01 -1.22181630e-01 -5.50467507e-02 1.24208486e-02 8.07012247e-02 1.51010835e-01 2.25186479e-01 3.06341689e-01 3.99293423e-01 5.05698040e-01 6.15168830e-01 7.07229311e-01 7.64623188e-01 7.84125647e-01 7.68853804e-01 7.16446443e-01 6.27255865e-01 5.16155031e-01 4.04622581e-01 3.06166131e-01 2.21071473e-01 1.44256609e-01 7.18637616e-02 1.61587652e-03 -6.79851232e-02 -1.37530440e-01 -2.06034329e-01 -2.70113135e-01 -3.23722273e-01 -3.59664828e-01 -3.72396247e-01 -3.59973547e-01 -3.24587201e-01 -2.73523237e-01 -2.20908600e-01 -1.85139453e-01 -1.68189886e-01 -1.44216132e-01 -1.16096470e-01 -1.08396826e-01 -3.42376286e-01
6.00000000e+00 9.44671088e-01 8.32000357e-01 8.06093852e-01 7.53798474e-01 7.46893851e-01 7.83645679e-01 8.30193094e-01 8.09854820e-01 7.52659357e-01 6.35234878e-01 4.94475566e-01 3.37777072e-01 2.34353032e-01 1.59348229e-01 8.30288801e-02 6.19386365e-03 -7.03196217e-02 -1.48545036e-01 -2.31999799e-01 -3.32636288e-01 -4.62506022e-01 -6.03232374e-01 -7.24360358e-01 -8.01650770e-01 -8.36863807e-01 -8.42424653e-01 -8.17098564e-01 -7.47919287e-01 -6.44061394e-01 -5.27108561e-01 -4.28715018e-01 -3.55041206e-01 -2.92256026e-01 -2.34711233e-01 -1.82564620e-01 -1.35916781e-01 -9.47481526e-02 -5.93660785e-02 -3.03593650e-02 -8.45558835e-03 5.60479945e-03 1.11530351e-02 7.77218023e-03 -4.52061036e-03 -2.51553725e-02 -5.31108625e-02 -8.71520354e-02 -1.26043764e-01 -1.68607457e-01 -2.13547849e-01 -2.59084704e-01 -3.02459935e-01 -3.39662213e-01 -3.65773863e-01 -3.76214913e-01 -3.68229415e-01 -3.41686962e-01 -2.99044809e-01 -2.44569742e-01 -1.83057561e-01 -1.18324997e-01 -5.25686234e-02 1.35781815e-02 8.05875835e-02 1.49649879e-01 2.22597417e-01 3.02624654e-01 3.94607169e-01 5.00059372e-01 6.08639716e-01 7.00163983e-01 7.57269011e-01 7.76631180e-01 7.61291635e-01 7.08993550e-01 6.20225250e-01 5.09997392e-01 3.99530636e-01 3.02117731e-01 2.18189228e-01 1.42647740e-01 7.15507263e-02 2.62169008e-03 -6.55879878e-02 -1.33619293e-01 -2.00463707e-01 -2.62795760e-01 -3.14758936e-01 -3.49461797e-01 -3.61666521e-01 -3.49597055e-01 -3.15431254e-01 -2.66474396e-01 -2.17107169e-01 -1.85173379e-01 -1.69950880e-01 -1.46314781e-01 -1.22323579e-01 -1.18650193e-01 -3.57272854e-01
6.10000000e+00 9.45133863e-01 8.35382263e-01 8.12398267e-01 7.60133109e-01 7.45141790e-01 7.72937089e-01 8.21651415e-01 8.01095697e-01 7.44747899e-01 6.26471952e-01 4.88647290e-01 3.33534208e-01 2.29158651e-01 1.55841670e-01 8.15475818e-02 6.15663940e-03 -6.89791667e-02 -1.45647772e-01 -2.27639504e-01 -3.27469575e-01 -4.56285798e-01 -5.95502021e-01 -7.16378228e-01 -7.93859665e-01 -8.29813338e-01 -8.35809769e-01 -8.10985274e-01 -7.42169671e-01 -6.39096130e-01 -5.23225166e-01 -4.25109459e-01 -3.52183658e-01 -2.90756294e-01 -2.34584241e-01 -1.83771293e-01 -1.38505529e-01 -9.87616652e-02 -6.47697676e-02 -3.69858502e-02 -1.59665721e-02 -2.29791260e-03 3.42534406e-03 7.43191950e-04 -1.04666225e-02 -2.98064096e-02 -5.64005287e-02 -8.91003228e-02 -1.26700830e-01 -1.68012538e-01 -2.11707715e-01 -2.55970938e-01 -2.98027141e-01 -3.33898224e-01 -3.58770701e-01 -3.68240843e-01 -3.59747924e-01 -3.33291036e-01 -2.91321871e-01 -2.37963747e-01 -1.77807832e-01 -1.14492344e-01 -5.01143326e-02 1.47231356e-02 8.04792398e-02 1.48313951e-01 2.20054051e-01 2.98971723e-01 3.89979332e-01 4.94432640e-01 6.02055218e-01 6.92958576e-01 7.49701026e-01 7.68889838e-01 7.53501896e-01 7.01379486e-01 6.13124068e-01 5.03844922e-01 3.94498574e-01 2.98143771e-01 2.15363481e-01 1.41071395e-01 7.12473716e-02 3.61660390e-03 -6.32153698e-02 -1.29732726e-01 -1.94897203e-01 -2.55437888e-01 -3.05692929e-01 -3.39098674e-01 -3.50752417e-01 -3.39061922e-01 -3.06193980e-01 -2.59474067e-01 -2.13495666e-01 -1.85346929e-01 -1.71603362e-01 -1.48532429e-01 -1.28871918e-01 -1.28823770e-01 -3.71871748e-01
6.20000000e+00 9.45479707e-01 8.38993953e-01 8.17932928e-01 7.66694756e-01 7.44000328e-01 7.62396752e-01 8.12505585e-01 7.92211602e-01 7.36553695e-01 6.17779286e-01 4.82657208e-01 3.29537568e-01 2.24140406e-01 1.52337454e-01 8.00766542e-02 6.12384746e-03 -6.76624521e-02 -1.42802263e-01 -2.23389222e-01 -3.22440030e-01 -4.50094624e-01 -5.87744524e-01 -7.08258960e-01 -7.85854077e-01 -8.22505129e-01 -8.28976685e-01 -8.04693058e-01 -7.36348549e-01 -6.34085216e-01 -5.19384478e-01 -4.21602240e-01 -3.49377167e-01 -2.89285511e-01 -2.34485607e-01 -1.85000366e-01 -1.41110134e-01 -1.02789497e-01 -7.01920983e-02 -4.36400163e-02 -2.35164839e-02 -1.02493248e-02 -4.35599041e-03 -6.33820811e-03 -1.64588962e-02 -3.44956078e-02 -5.97211018e-02 -9.10745761e-02 -1.27380728e-01 -1.67436955e-01 -2.09879566e-01 -2.52854092e-01 -2.93565687e-01 -3.28070481e-01 -3.51666464e-01 -3.60139306e-01 -3.51136051e-01 -3.24788709e-01 -2.83534209e-01 -2.31336168e-01 -1.72567824e-01 -1.10683838e-01 -4.76834432e-02 1.58562787e-02 8.03766574e-02 1.47003461e-01 2.17557289e-01 2.95384236e-01 3.85411130e-01 4.88820436e-01 5.95419071e-01 6.85614490e-01 7.41918637e-01 7.60899380e-01 7.45483912e-01 6.93605930e-01 6.05956420e-01 4.97701280e-01 3.89527746e-01 2.94245429e-01 2.12595062e-01 1.39527904e-01 7.09540854e-02 4.60136891e-03 -6.08663216e-02 -1.25869955e-01 -1.89334870e-01 -2.48041056e-01 -2.96527676e-01 -3.28580503e-01 -3.39659932e-01 -3.28374632e-01 -2.96883371e-01 -2.52532920e-01 -2.10077006e-01 -1.85637858e-01 -1.73142381e-01 -1.50910213e-01 -1.35714102e-01 -1.38897645e-01 -3.86175875e-01
6.30000000e+00 9.45718227e-01 8.42832499e-01 8.22728608e-01 7.73398081e-01 7.43442760e-01 7.52110406e-01 8.02736715e-01 7.83215489e-01 7.28063099e-01 6.09178892e-01 4.76507585e-01 3.25767153e-01 2.19316178e-01 1.48837853e-01 7.86115016e-02 6.09510436e-03 -6.63679312e-02 -1.40008866e-01 -2.19252825e-01 -3.17546218e-01 -4.43934220e-01 -5.79970620e-01 -7.00004408e-01 -7.77637475e-01 -8.14934408e-01 -8.21923722e-01 -7.98219982e-01 -7.30457478e-01 -6.29034035e-01 -5.15583154e-01 -4.18195946e-01 -3.46625791e-01 -2.87844245e-01 -2.34415671e-01 -1.86252774e-01 -1.43731322e-01 -1.06831584e-01 -7.56317044e-02 -5.03189086e-02 -3.11009627e-02 -1.82444408e-02 -1.21863839e-02 -1.34686793e-02 -2.24956228e-02 -3.92224385e-02 -6.30728445e-02 -9.30753460e-02 -1.28083972e-01 -1.66881006e-01 -2.08063504e-01 -2.49734183e-01 -2.89075810e-01 -3.22179777e-01 -3.44462922e-01 -3.51913269e-01 -3.42397831e-01 -3.16184412e-01 -2.75685672e-01 -2.24689551e-01 -1.67338606e-01 -1.06899479e-01 -4.52754024e-02 1.69782382e-02 8.02803050e-02 1.45718790e-01 2.15107961e-01 2.91863307e-01 3.80903499e-01 4.83225213e-01 5.88734859e-01 6.78133240e-01 7.33921555e-01 7.52657982e-01 7.37237369e-01 6.85674778e-01 5.98726288e-01 4.91569964e-01 3.84619229e-01 2.90423598e-01 2.09884688e-01 1.38017565e-01 7.06712613e-02 5.57679911e-03 -5.85397592e-02 -1.22029989e-01 -1.83776515e-01 -2.40606626e-01 -2.87266638e-01 -3.17912642e-01 -3.28395545e-01 -3.17542169e-01 -2.87507890e-01 -2.45661543e-01 -2.06852091e-01 -1.86022664e-01 -1.74567877e-01 -1.53487422e-01 -1.42817506e-01 -1.48856522e-01 -4.00187843e-01
6.40000000e+00 9.45861674e-01 8.46884173e-01 8.26830222e-01 7.80156632e-01 7.43435349e-01 7.42158515e-01 7.92337565e-01 7.74113934e-01 7.19268354e-01 6.00686966e-01 4.70205781e-01 3.22199729e-01 2.14702713e-01 1.45346512e-01 7.71473763e-02 6.06983437e-03 -6.50940199e-02 -1.37268072e-01 -2.15233815e-01 -3.12785778e-01 -4.37806783e-01 -5.72190355e-01 -6.91616936e-01 -7.69213454e-01 -8.07097217e-01 -8.14649054e-01 -7.91564737e-01 -7.24497371e-01 -6.23948261e-01 -5.11817819e-01 -4.14892430e-01 -3.43933678e-01 -2.86433170e-01 -2.34374711e-01 -1.87529442e-01 -1.46369876e-01 -1.10887933e-01 -8.10872841e-02 -5.70196093e-02 -3.87156401e-02 -2.62782167e-02 -2.00611908e-02 -2.06448378e-02 -2.85749843e-02 -4.39863921e-02 -6.64560487e-02 -9.51032033e-02 -1.28811072e-01 -1.66344947e-01 -2.06259551e-01 -2.46611128e-01 -2.84557653e-01 -3.16226879e-01 -3.37161936e-01 -3.43565917e-01 -3.33537549e-01 -3.07482747e-01 -2.67780118e-01 -2.18026317e-01 -1.62121064e-01 -1.03139107e-01 -4.28895458e-02 1.80896978e-02 8.01906565e-02 1.44460299e-01 2.12706820e-01 2.88409824e-01 3.76457095e-01 4.77649277e-01 5.82005982e-01 6.70516453e-01 7.25709799e-01 7.44164269e-01 7.28762326e-01 6.77588147e-01 5.91437514e-01 4.85454284e-01 3.79773835e-01 2.86678887e-01 2.07232968e-01 1.36540648e-01 7.03993009e-02 6.54376888e-03 -5.62344677e-02 -1.18211637e-01 -1.78221704e-01 -2.33135780e-01 -2.77913307e-01 -3.07100755e-01 -3.16966218e-01 -3.06572032e-01 -2.78076480e-01 -2.38870336e-01 -2.03819678e-01 -1.86477047e-01 -1.75884783e-01 -1.56300471e-01 -1.50145174e-01 -1.58689611e-01 -4.13909850e-01
6.50000000e+00 9.45924742e-01 8.51125293e-01 8.30294932e-01 7.86884494e-01 7.43937951e-01 7.32614465e-01 7.81313492e-01 7.64906750e-01 7.10167991e-01 5.92313635e-01 4.63764046e-01 3.18809389e-01 2.10315193e-01 1.41868500e-01 7.56794753e-02 6.04724934e-03 -6.38391300e-02 -1.34580525e-01 -2.11335262e-01 -3.08155506e-01 -4.31714995e-01 -5.64412976e-01 -6.83099499e-01 -7.60585652e-01 -7.98990514e-01 -8.07150693e-01 -7.84726644e-01 -7.18468528e-01 -6.18833750e-01 -5.08085164e-01 -4.11692786e-01 -3.41305028e-01 -2.85053091e-01 -2.34362946e-01 -1.88831283e-01 -1.49026622e-01 -1.14958613e-01 -8.65575971e-02 -6.37392397e-02 -4.63561480e-02 -3.43455710e-02 -2.79757122e-02 -2.78632589e-02 -3.46951503e-02 -4.87869727e-02 -6.98710300e-02 -9.71587352e-02 -1.29562531e-01 -1.65828998e-01 -2.04467655e-01 -2.43484744e-01 -2.80011270e-01 -3.10212528e-01 -3.29765465e-01 -3.35100648e-01 -3.24559739e-01 -2.98688479e-01 -2.59821412e-01 -2.11348762e-01 -1.56915915e-01 -9.94024018e-02 -4.05251025e-02 1.91913944e-02 8.01081914e-02 1.43228328e-01 2.10354541e-01 2.85024445e-01 3.72072315e-01 4.72094774e-01 5.75235641e-01 6.62765876e-01 7.17283699e-01 7.35417339e-01 7.20059219e-01 6.69348366e-01 5.84093784e-01 4.79357339e-01 3.74992127e-01 2.83011625e-01 2.04640403e-01 1.35097401e-01 7.01386166e-02 7.50321066e-03 -5.39491060e-02 -1.14413516e-01 -1.72669772e-01 -2.25629526e-01 -2.68471203e-01 -2.96150808e-01 -3.05379390e-01 -2.95472241e-01 -2.68598549e-01 -2.32169372e-01 -2.00976294e-01 -1.86976411e-01 -1.77103007e-01 -1.59381942e-01 -1.57656804e-01 -1.68390409e-01 -4.27343609e-01
6.60000000e+00 9.45924273e-01 8.55523323e-01 8.33190013e-01 7.93497947e-01 7.44904721e-01 7.23542953e-01 7.69683050e-01 7.55586919e-01 7.00766985e-01 5.84062912e-01 4.57199152e-01 3.15568189e-01 2.06166822e-01 1.38410347e-01 7.42030514e-02 6.02633115e-03 -6.26017056e-02 -1.31947026e-01 -2.07559746e-01 -3.03651446e-01 -4.25662006e-01 -5.56646821e-01 -6.74455706e-01 -7.51757676e-01 -7.90612239e-01 -7.99426487e-01 -7.77705640e-01 -7.12370684e-01 -6.13696419e-01 -5.04382037e-01 -4.08597346e-01 -3.38744051e-01 -2.83704968e-01 -2.34380551e-01 -1.90159189e-01 -1.51702427e-01 -1.19043750e-01 -9.20414604e-02 -7.04749613e-02 -5.40181265e-02 -4.24413960e-02 -3.59252048e-02 -3.51204805e-02 -4.08542760e-02 -5.36236931e-02 -7.33181231e-02 -9.92425421e-02 -1.30338841e-01 -1.65333338e-01 -2.02687690e-01 -2.40354755e-01 -2.75436629e-01 -3.04137451e-01 -3.22275565e-01 -3.26521074e-01 -3.15469180e-01 -2.89806520e-01 -2.51813417e-01 -2.04659052e-01 -1.51723701e-01 -9.56888967e-02 -3.81812016e-02 2.02841149e-02 8.00333949e-02 1.42023208e-01 2.08051721e-01 2.81707601e-01 3.67749305e-01 4.66563681e-01 5.68426810e-01 6.54883373e-01 7.08643894e-01 7.26416796e-01 7.11128869e-01 6.60957972e-01 5.76698610e-01 4.73282001e-01 3.70274429e-01 2.79421873e-01 2.02107387e-01 1.33688053e-01 6.98896338e-02 8.45611270e-03 -5.16822125e-02 -1.10634055e-01 -1.67119827e-01 -2.18088702e-01 -2.58943875e-01 -2.85069064e-01 -2.93642981e-01 -2.84251351e-01 -2.59083966e-01 -2.25568273e-01 -1.98316175e-01 -1.87496386e-01 -1.78237270e-01 -1.62759719e-01 -1.65309795e-01 -1.77956365e-01 -4.40490311e-01
6.70000000e+00 9.45878880e-01 8.60038212e-01 8.35590523e-01 7.99917083e-01 7.46284850e-01 7.14998611e-01 7.57478200e-01 7.46140820e-01 6.91076670e-01 5.75932859e-01 4.50531875e-01 3.12446852e-01 2.02268433e-01 1.34980019e-01 7.27135338e-02 6.00581789e-03 -6.13802627e-02 -1.29368534e-01 -2.03909301e-01 -2.99269005e-01 -4.19651395e-01 -5.48899261e-01 -6.65689861e-01 -7.42733056e-01 -7.81961378e-01 -7.91474149e-01 -7.70502253e-01 -7.06203075e-01 -6.08542124e-01 -5.00705531e-01 -4.05605682e-01 -3.36254920e-01 -2.82389931e-01 -2.34427664e-01 -1.91514026e-01 -1.54398192e-01 -1.23143525e-01 -9.75377451e-02 -7.72239773e-02 -6.16972314e-02 -5.05605679e-02 -4.39048891e-02 -4.24130057e-02 -4.70504991e-02 -5.84960698e-02 -7.67976757e-02 -1.01355234e-01 -1.31140487e-01 -1.64858109e-01 -2.00919461e-01 -2.37220791e-01 -2.70833615e-01 -2.98002356e-01 -3.14694395e-01 -3.17831018e-01 -3.06270882e-01 -2.80841928e-01 -2.43759981e-01 -1.97959223e-01 -1.46544801e-01 -9.19979794e-02 -3.58568775e-02 2.13686933e-02 7.99667595e-02 1.40845259e-01 2.05798880e-01 2.78459504e-01 3.63487980e-01 4.61057792e-01 5.61582226e-01 6.46870923e-01 6.99791340e-01 7.17162773e-01 7.01972487e-01 6.52419705e-01 5.69255321e-01 4.67230889e-01 3.65620849e-01 2.75909423e-01 1.99634207e-01 1.32312823e-01 6.96527945e-02 9.40351717e-03 -4.94322094e-02 -1.06871511e-01 -1.61570758e-01 -2.10513984e-01 -2.49334892e-01 -2.73862073e-01 -2.81765378e-01 -2.72918455e-01 -2.49543037e-01 -2.19076057e-01 -1.95831253e-01 -1.88013369e-01 -1.79306823e-01 -1.66456249e-01 -1.73060308e-01 -1.87388472e-01 -4.53350632e-01
6.80000000e+00 9.45808500e-01 8.64623908e-01 8.37576858e-01 8.06067337e-01 7.48023356e-01 7.07024896e-01 7.44744134e-01 7.36548765e-01 6.81114415e-01 5.67915965e-01 4.43786342e-01 3.09415502e-01 1.98628137e-01 1.31586864e-01 7.12066578e-02 5.98419456e-03 -6.01734311e-02 -1.26846160e-01 -2.00385358e-01 -2.95003063e-01 -4.13687119e-01 -5.41176646e-01 -6.56806969e-01 -7.33515212e-01 -7.73037986e-01 -7.83291287e-01 -7.63117553e-01 -6.99964509e-01 -6.03376543e-01 -4.97053055e-01 -4.02716626e-01 -3.33841714e-01 -2.81109305e-01 -2.34504392e-01 -1.92896623e-01 -1.57114843e-01 -1.27258162e-01 -1.03045372e-01 -8.39835333e-02 -6.93891418e-02 -5.86979579e-02 -5.19099588e-02 -4.97373062e-02 -5.32819376e-02 -6.34036174e-02 -8.03100437e-02 -1.03497428e-01 -1.31967940e-01 -1.64403413e-01 -1.99162698e-01 -2.34082396e-01 -2.66202033e-01 -2.91807942e-01 -3.07024212e-01 -3.09034512e-01 -2.96970088e-01 -2.71799888e-01 -2.35664939e-01 -1.91251181e-01 -1.41379433e-01 -8.83289006e-02 -3.35510757e-02 2.24460079e-02 7.99087852e-02 1.39694795e-01 2.03596459e-01 2.75280142e-01 3.59288031e-01 4.55578704e-01 5.54704369e-01 6.38730617e-01 6.90727309e-01 7.07655949e-01 6.92591682e-01 6.43736498e-01 5.61767048e-01 4.61206354e-01 3.61031281e-01 2.72473818e-01 1.97221041e-01 1.30971917e-01 6.94285590e-02 1.03465184e-02 -4.71974083e-02 -1.03123970e-01 -1.56021248e-01 -2.02905888e-01 -2.39647847e-01 -2.62536662e-01 -2.69755437e-01 -2.61483191e-01 -2.39986480e-01 -2.12700993e-01 -1.93511187e-01 -1.88505069e-01 -1.80335038e-01 -1.70487930e-01 -1.80864324e-01 -1.96690776e-01 -4.65924764e-01
6.90000000e+00 9.45733894e-01 8.69230006e-01 8.39232260e-01 8.11880886e-01 7.50061895e-01 6.99653270e-01 7.31538690e-01 7.26785827e-01 6.70903071e-01 5.59999701e-01 4.36989268e-01 3.06444422e-01 1.95251016e-01 1.28241510e-01 6.96785999e-02 5.95968948e-03 -5.89799982e-02 -1.24381156e-01 -1.96988708e-01 -2.90848100e-01 -4.07773433e-01 -5.33484298e-01 -6.47812735e-01 -7.24107440e-01 -7.63843204e-01 -7.74875469e-01 -7.55553094e-01 -6.93653449e-01 -5.98205051e-01 -4.93422405e-01 -3.99928302e-01 -3.31508366e-01 -2.79864617e-01 -2.34610835e-01 -1.94307770e-01 -1.59853327e-01 -1.31387923e-01 -1.08563309e-01 -9.07509189e-02 -7.70895675e-02 -6.68484437e-02 -5.99355898e-02 -5.70898257e-02 -5.95466867e-02 -6.83458431e-02 -8.38555854e-02 -1.05669741e-01 -1.32821656e-01 -1.63969319e-01 -1.97417066e-01 -2.30939027e-01 -2.61541614e-01 -2.85554902e-01 -2.99267383e-01 -3.00135797e-01 -2.87572254e-01 -2.62685705e-01 -2.27532098e-01 -1.84536698e-01 -1.36227662e-01 -8.46807814e-02 -3.12626583e-02 2.35169784e-02 7.98599813e-02 1.38572130e-01 2.01444821e-01 2.72169292e-01 3.55148948e-01 4.50127806e-01 5.47795456e-01 6.30464651e-01 6.81453392e-01 6.97897575e-01 6.82988468e-01 6.34911459e-01 5.54236717e-01 4.55210456e-01 3.56505427e-01 2.69114356e-01 1.94867960e-01 1.29665539e-01 6.92174097e-02 1.12862614e-02 -4.49760147e-02 -9.93893600e-02 -1.50469784e-01 -1.95264782e-01 -2.29886356e-01 -2.51099930e-01 -2.57622471e-01 -2.49955748e-01 -2.30425381e-01 -2.06450450e-01 -1.91343442e-01 -1.88951035e-01 -1.81348877e-01 -1.74864660e-01 -1.88678672e-01 -2.05869837e-01 -4.78212480e-01
7.00000000e+00 9.45676118e-01 8.73803479e-01 8.40640334e-01 8.17297904e-01 7.52339576e-01 6.92902693e-01 7.17931393e-01 7.16822940e-01 6.60470215e-01 5.52167245e-01 4.30169102e-01 3.03504810e-01 1.92138887e-01 1.24955721e-01 6.81261164e-02 5.93027719e-03 -5.77989539e-02 -1.21974900e-01 -1.93719455e-01 -2.86798322e-01 -4.01914803e-01 -5.25826512e-01 -6.38713522e-01 -7.14512924e-01 -7.54379241e-01 -7.66224292e-01 -7.47810846e-01 -6.87268104e-01 -5.93032614e-01 -4.89811801e-01 -3.97238168e-01 -3.29258606e-01 -2.78657609e-01 -2.34747092e-01 -1.95748213e-01 -1.62614600e-01 -1.35533108e-01 -1.14090564e-01 -9.75234676e-02 -8.47942565e-02 -7.50069201e-02 -6.79769497e-02 -6.44669833e-02 -6.58428167e-02 -7.33222412e-02 -8.74346558e-02 -1.07872792e-01 -1.33702077e-01 -1.63555853e-01 -1.95682163e-01 -2.27790062e-01 -2.56852022e-01 -2.79243930e-01 -2.91426379e-01 -2.91139313e-01 -2.78083046e-01 -2.53504790e-01 -2.19365233e-01 -1.77817421e-01 -1.31089402e-01 -8.10526195e-02 -2.89904097e-02 2.45825631e-02 7.98208674e-02 1.37477578e-01 1.99344245e-01 2.69126520e-01 3.51070032e-01 4.44706261e-01 5.40857433e-01 6.22075319e-01 6.71971503e-01 6.87889482e-01 6.73165267e-01 6.25947869e-01 5.46667045e-01 4.49244950e-01 3.52042806e-01 2.65830104e-01 1.92574927e-01 1.28393887e-01 6.90198532e-02 1.22239409e-02 -4.27661332e-02 -9.56654564e-02 -1.44914666e-01 -1.87590897e-01 -2.20054055e-01 -2.39559234e-01 -2.45376244e-01 -2.38346864e-01 -2.20871152e-01 -2.00330747e-01 -1.89313419e-01 -1.89333164e-01 -1.82378257e-01 -1.79589552e-01 -1.96461988e-01 -2.14934161e-01 -4.90213219e-01
7.10000000e+00 9.45655957e-01 8.78290430e-01 8.41882661e-01 8.22267606e-01 7.54793797e-01 6.86779434e-01 7.04002123e-01 7.06628223e-01 6.49847220e-01 5.44398347e-01 4.23355114e-01 3.00569499e-01 1.89290124e-01 1.21742204e-01 6.65466806e-02 5.89368884e-03 -5.66295364e-02 -1.19628867e-01 -1.90576997e-01 -2.82847788e-01 -3.96115805e-01 -5.18206596e-01 -6.29516294e-01 -7.04734761e-01 -7.44649342e-01 -7.57335474e-01 -7.39893110e-01 -6.80806517e-01 -5.87863683e-01 -4.86219930e-01 -3.94643076e-01 -3.27095902e-01 -2.77490242e-01 -2.34913281e-01 -1.97218646e-01 -1.65399623e-01 -1.39694039e-01 -1.19626182e-01 -1.04298558e-01 -9.24990018e-02 -8.31683106e-02 -7.60292071e-02 -7.18651772e-02 -7.21683703e-02 -7.83322872e-02 -9.10476007e-02 -1.10107190e-01 -1.34609628e-01 -1.63163008e-01 -1.93957524e-01 -2.24634802e-01 -2.52132856e-01 -2.72875724e-01 -2.83503779e-01 -2.82049700e-01 -2.68508325e-01 -2.44262649e-01 -2.11168084e-01 -1.71094867e-01 -1.25964432e-01 -7.74432971e-02 -2.67330417e-02 2.56437564e-02 7.97919751e-02 1.36411455e-01 1.97294926e-01 2.66151190e-01 3.47050408e-01 4.39314999e-01 5.33891968e-01 6.13565004e-01 6.62283887e-01 6.77634097e-01 6.63124918e-01 6.16849157e-01 5.39060531e-01 4.43311276e-01 3.47642761e-01 2.62619916e-01 1.90341790e-01 1.27157158e-01 6.88364234e-02 1.31608001e-02 -4.05657722e-02 -9.19498936e-02 -1.39354019e-01 -1.79884335e-01 -2.10154604e-01 -2.27922181e-01 -2.33026959e-01 -2.26667826e-01 -2.11335472e-01 -1.94347010e-01 -1.87404630e-01 -1.89636165e-01 -1.83455324e-01 -1.84658811e-01 -2.04175591e-01 -2.23893610e-01 -5.01926189e-01
7.20000000e+00 9.45693377e-01 8.82637825e-01 8.43036559e-01 8.26749082e-01 7.57361057e-01 6.81277187e-01 6.89839458e-01 6.96168498e-01 6.39068186e-01 5.36670295e-01 4.16576457e-01 2.97613636e-01 1.86699573e-01 1.18614384e-01 6.49386157e-02 5.84743055e-03 -5.54712760e-02 -1.17344604e-01 -1.87560003e-01 -2.78990536e-01 -3.90381006e-01 -5.10626929e-01 -6.20228535e-01 -6.94776011e-01 -7.34657734e-01 -7.48206946e-01 -7.31802437e-01 -6.74266660e-01 -5.82702105e-01 -4.82645961e-01 -3.92139332e-01 -3.25023406e-01 -2.76364697e-01 -2.35109555e-01 -1.98719710e-01 -1.68209351e-01 -1.43871060e-01 -1.25169242e-01 -1.11073614e-01 -1.00199649e-01 -9.13275781e-02 -8.40875416e-02 -7.92807885e-02 -7.85213603e-02 -8.33754327e-02 -9.46947512e-02 -1.12373539e-01 -1.35544712e-01 -1.62790739e-01 -1.92242619e-01 -2.21472475e-01 -2.47383659e-01 -2.66450995e-01 -2.75502277e-01 -2.72871787e-01 -2.58854137e-01 -2.34964869e-01 -2.02944346e-01 -1.64370430e-01 -1.20852393e-01 -7.38515886e-02 -2.44891992e-02 2.67015865e-02 7.97738496e-02 1.35374083e-01 1.95296975e-01 2.63242474e-01 3.43089043e-01 4.33954699e-01 5.26900456e-01 6.04936168e-01 6.52393119e-01 6.67134449e-01 6.52870682e-01 6.07618889e-01 5.31419455e-01 4.37410541e-01 3.43304475e-01 2.59482442e-01 1.88168288e-01 1.25955552e-01 6.86676843e-02 1.40981301e-02 -3.83728485e-02 -8.82401726e-02 -1.33785811e-01 -1.72145082e-01 -2.00191688e-01 -2.16196615e-01 -2.20585252e-01 -2.14930459e-01 -2.01830212e-01 -1.88503032e-01 -1.85598933e-01 -1.89847971e-01 -1.84613652e-01 -1.90061798e-01 -2.11784250e-01 -2.32758825e-01 -5.13350486e-01
7.30000000e+00 9.45806975e-01 8.86795145e-01 8.44173044e-01 8.30711879e-01 7.59977768e-01 6.76377500e-01 6.75538745e-01 6.85410942e-01 6.28168777e-01 5.28958959e-01 4.09861228e-01 2.94615282e-01 1.84358542e-01 1.15586139e-01 6.33012189e-02 5.78881063e-03 -5.43240389e-02 -1.15123695e-01 -1.84666408e-01 -2.75220697e-01 -3.84714853e-01 -5.03089033e-01 -6.10858148e-01 -6.84639757e-01 -7.24409555e-01 -7.38836964e-01 -7.23541539e-01 -6.67646517e-01 -5.77551043e-01 -4.79089540e-01 -3.89722779e-01 -3.23043896e-01 -2.75283368e-01 -2.35336123e-01 -2.00251988e-01 -1.71044727e-01 -1.48064530e-01 -1.30718851e-01 -1.17846106e-01 -1.07892104e-01 -9.94797363e-02 -9.21471531e-02 -8.67101852e-02 -8.48997674e-02 -8.84510992e-02 -9.83764176e-02 -1.14672426e-01 -1.36507712e-01 -1.62438963e-01 -1.90536861e-01 -2.18302244e-01 -2.42603925e-01 -2.59970472e-01 -2.67424676e-01 -2.63610589e-01 -2.49126696e-01 -2.25617105e-01 -1.94697664e-01 -1.57645381e-01 -1.15752805e-01 -7.02761679e-02 -2.22574651e-02 2.77571130e-02 7.97670515e-02 1.34365788e-01 1.93350414e-01 2.60399355e-01 3.39184755e-01 4.28625781e-01 5.19884015e-01 5.96191336e-01 6.42302118e-01 6.56394173e-01 6.42406246e-01 5.98260752e-01 5.23745877e-01 4.31543515e-01 3.39026972e-01 2.56416146e-01 1.86054047e-01 1.24789268e-01 6.85142325e-02 1.50372697e-02 -3.61851922e-02 -8.45336695e-02 -1.28207861e-01 -1.64373022e-01 -1.90169020e-01 -2.04390608e-01 -2.08062173e-01 -2.03147119e-01 -1.92367362e-01 -1.82801151e-01 -1.83876801e-01 -1.89960084e-01 -1.85887394e-01 -1.95781260e-01 -2.19256827e-01 -2.41540661e-01 -5.24485210e-01
7.40000000e+00 9.46013469e-01 8.90715917e-01 8.45355062e-01 8.34136327e-01 7.62581034e-01 6.72050486e-01 6.61199929e-01 6.74324812e-01 6.17185010e-01 5.21239856e-01 4.03235569e-01 2.91555932e-01 1.82254883e-01 1.12671503e-01 6.16348727e-02 5.71497564e-03 -5.31880662e-02 -1.12967722e-01 -1.81893426e-01 -2.71532609e-01 -3.79121551e-01 -4.95593668e-01 -6.01413343e-01 -6.74329178e-01 -7.13910772e-01 -7.29224218e-01 -7.15113200e-01 -6.60944169e-01 -5.72412919e-01 -4.75550783e-01 -3.87388877e-01 -3.21159728e-01 -2.74248851e-01 -2.35593265e-01 -2.01816006e-01 -1.73906671e-01 -1.52274813e-01 -1.36274140e-01 -1.24613548e-01 -1.15572335e-01 -1.07619860e-01 -1.00203272e-01 -9.41497263e-02 -9.13015381e-02 -9.35586726e-02 -1.02092884e-01 -1.17004419e-01 -1.37498987e-01 -1.62107561e-01 -1.88839607e-01 -2.15123206e-01 -2.37793103e-01 -2.53434911e-01 -2.59273895e-01 -2.54271299e-01 -2.39332372e-01 -2.16225067e-01 -1.86431631e-01 -1.50920879e-01 -1.10665069e-01 -6.67156163e-02 -2.00363651e-02 2.88114246e-02 7.97721588e-02 1.33386903e-01 1.91455172e-01 2.57620645e-01 3.35336227e-01 4.23328394e-01 5.12843496e-01 5.87333089e-01 6.32014143e-01 6.45417509e-01 6.31735726e-01 5.88778535e-01 5.16041636e-01 4.25710626e-01 3.34809128e-01 2.53419326e-01 1.83998577e-01 1.23658509e-01 6.83766998e-02 1.59796049e-02 -3.40005512e-02 -8.08276453e-02 -1.22617858e-01 -1.56567952e-01 -1.80090343e-01 -1.92512446e-01 -1.95469180e-01 -1.91330676e-01 -1.82958938e-01 -1.77242146e-01 -1.82217649e-01 -1.89967847e-01 -1.87310390e-01 -2.01793715e-01 -2.26566781e-01 -2.50249668e-01 -5.35329594e-01
7.50000000e+00 9.46327235e-01 8.94359079e-01 8.46636009e-01 8.37013594e-01 7.65109409e-01 6.68255781e-01 6.46925240e-01 6.62883185e-01 6.06152043e-01 5.13489214e-01 3.96722830e-01 2.88420916e-01 1.80373165e-01 1.09884343e-01 5.99411384e-02 5.62295572e-03 -5.20640094e-02 -1.10878229e-01 -1.79237562e-01 -2.67920907e-01 -3.73604942e-01 -4.88140938e-01 -5.91902506e-01 -6.63847633e-01 -7.03168087e-01 -7.19367943e-01 -7.06520197e-01 -6.54157862e-01 -5.67289368e-01 -4.72030239e-01 -3.85132792e-01 -3.19372790e-01 -2.73263925e-01 -2.35881355e-01 -2.03412231e-01 -1.76796073e-01 -1.56502274e-01 -1.41834259e-01 -1.31373504e-01 -1.23236388e-01 -1.15743096e-01 -1.08251168e-01 -1.01595766e-01 -9.77245832e-02 -9.86974981e-02 -1.05844400e-01 -1.19370064e-01 -1.38518871e-01 -1.61796376e-01 -1.87150156e-01 -2.11934403e-01 -2.32950611e-01 -2.46845099e-01 -2.51052971e-01 -2.44859278e-01 -2.29477673e-01 -2.06794507e-01 -1.78149782e-01 -1.44197969e-01 -1.05588479e-01 -6.31684305e-02 -1.78243733e-02 2.98656376e-02 7.97897684e-02 1.32437766e-01 1.89611086e-01 2.54904989e-01 3.31542020e-01 4.18062409e-01 5.05779488e-01 5.78364046e-01 6.21532808e-01 6.34209301e-01 6.20863673e-01 5.79176113e-01 5.08308353e-01 4.19911952e-01 3.30649675e-01 2.50490124e-01 1.82001277e-01 1.22563476e-01 6.82557556e-02 1.69265691e-02 -3.18165957e-02 -7.71192547e-02 -1.17013371e-01 -1.48729595e-01 -1.69959439e-01 -1.80570621e-01 -1.82818120e-01 -1.79494490e-01 -1.73616882e-01 -1.71825146e-01 -1.80600188e-01 -1.89870621e-01 -1.88915274e-01 -2.08070004e-01 -2.33692529e-01 -2.58895621e-01 -5.45883117e-01
7.60000000e+00 9.46759895e-01 8.97690148e-01 8.48058593e-01 8.39345468e-01 7.67503617e-01 6.64943735e-01 6.32816764e-01 6.51064649e-01 5.95103007e-01 5.05684981e-01 3.90342829e-01 2.85199686e-01 1.78694933e-01 1.07238029e-01 5.82228289e-02 5.50971874e-03 -5.09529605e-02 -1.08856676e-01 -1.76694654e-01 -2.64380610e-01 -3.68168395e-01 -4.80730399e-01 -5.82334071e-01 -6.53198748e-01 -6.92188832e-01 -7.09268027e-01 -6.97765220e-01 -6.47286074e-01 -5.62181211e-01 -4.68528845e-01 -3.82949492e-01 -3.17684464e-01 -2.72331536e-01 -2.36200875e-01 -2.05041071e-01 -1.79713784e-01 -1.60747271e-01 -1.47398374e-01 -1.38123581e-01 -1.30880381e-01 -1.23844674e-01 -1.16286160e-01 -1.09044657e-01 -1.04166776e-01 -1.03866874e-01 -1.09631181e-01 -1.21769880e-01 -1.39567668e-01 -1.61505214e-01 -1.85467759e-01 -2.08734826e-01 -2.28075839e-01 -2.40201862e-01 -2.42765054e-01 -2.35380048e-01 -2.19569235e-01 -1.97331202e-01 -1.69855589e-01 -1.37477590e-01 -1.00522230e-01 -5.96330306e-02 -1.56199164e-02 3.09208936e-02 7.98204980e-02 1.31518719e-01 1.87817899e-01 2.52250877e-01 3.27800576e-01 4.12827409e-01 4.98692324e-01 5.69286851e-01 6.10862080e-01 6.22774987e-01 6.09795069e-01 5.69457428e-01 5.00547431e-01 4.14147228e-01 3.26547205e-01 2.47626548e-01 1.80061428e-01 1.21504373e-01 6.81521090e-02 1.78796434e-02 -2.96309228e-02 -7.34055549e-02 -1.11391871e-01 -1.40857620e-01 -1.59780126e-01 -1.68573817e-01 -1.70121218e-01 -1.67652382e-01 -1.64352953e-01 -1.66547575e-01 -1.79002820e-01 -1.89671875e-01 -1.90732592e-01 -2.14575962e-01 -2.40617649e-01 -2.67487107e-01 -5.56145620e-01
7.70000000e+00 9.47319986e-01 9.00682154e-01 8.49654051e-01 8.41143875e-01 7.69707234e-01 6.62056785e-01 6.18974015e-01 6.38854879e-01 5.84067940e-01 4.97807762e-01 3.84111232e-01 2.81885975e-01 1.77199049e-01 1.04745083e-01 5.64840561e-02 5.37223301e-03 -4.98564746e-02 -1.06904397e-01 -1.74259916e-01 -2.60907185e-01 -3.62814700e-01 -4.73361178e-01 -5.72716380e-01 -6.42386504e-01 -6.80980873e-01 -6.98925115e-01 -6.88850813e-01 -6.40327555e-01 -5.57088454e-01 -4.65047868e-01 -3.80833840e-01 -3.16095592e-01 -2.71454757e-01 -2.36552437e-01 -2.06702882e-01 -1.82660607e-01 -1.65010149e-01 -1.52965661e-01 -1.44861434e-01 -1.38500521e-01 -1.31919914e-01 -1.24303626e-01 -1.16492759e-01 -1.10625949e-01 -1.09066048e-01 -1.13453393e-01 -1.24204352e-01 -1.40645652e-01 -1.61233843e-01 -1.83791617e-01 -2.05523417e-01 -2.23168158e-01 -2.33506077e-01 -2.34413418e-01 -2.25839280e-01 -2.09613795e-01 -1.87840945e-01 -1.61552459e-01 -1.30760586e-01 -9.54654268e-02 -5.61077679e-02 -1.34213787e-02 3.19783580e-02 7.98649880e-02 1.30630106e-01 1.86075254e-01 2.49656661e-01 3.24110233e-01 4.07622688e-01 4.91582100e-01 5.60104164e-01 6.00006288e-01 6.11120589e-01 5.98535333e-01 5.59626476e-01 4.92760060e-01 4.08415845e-01 3.22500169e-01 2.44826486e-01 1.78178202e-01 1.20481402e-01 6.80665108e-02 1.88403570e-02 -2.74410606e-02 -6.96835157e-02 -1.05750743e-01 -1.32951653e-01 -1.49556271e-01 -1.56530899e-01 -1.57391053e-01 -1.55818602e-01 -1.55178617e-01 -1.61405114e-01 -1.77404057e-01 -1.89379169e-01 -1.92789963e-01 -2.21273216e-01 -2.47330934e-01 -2.76031192e-01 -5.66117399e-01
7.80000000e+00 9.48012700e-01 9.03316323e-01 8.51441733e-01 8.42430147e-01 7.71667320e-01 6.59530964e-01 6.05491534e-01 6.26248031e-01 5.73072853e-01 4.89841623e-01 3.78039076e-01 2.78477816e-01 1.75862110e-01 1.02416838e-01 5.47302494e-02 5.20753763e-03 -4.87765842e-02 -1.05022561e-01 -1.71927997e-01 -2.57496593e-01 -3.57545982e-01 -4.66032089e-01 -5.63057549e-01 -6.31415322e-01 -6.69552501e-01 -6.88340695e-01 -6.79779318e-01 -6.33281369e-01 -5.52010295e-01 -4.61588831e-01 -3.78780688e-01 -3.14606458e-01 -2.70636767e-01 -2.36936799e-01 -2.08397966e-01 -1.85637290e-01 -1.69291234e-01 -1.58535303e-01 -1.51584765e-01 -1.46093103e-01 -1.39964241e-01 -1.32299013e-01 -1.23936438e-01 -1.17099899e-01 -1.14294209e-01 -1.17311156e-01 -1.26673929e-01 -1.41753066e-01 -1.60981994e-01 -1.82120883e-01 -2.02299080e-01 -2.18226933e-01 -2.26758672e-01 -2.26001450e-01 -2.16242785e-01 -1.99618184e-01 -1.78329529e-01 -1.53243732e-01 -1.24047706e-01 -9.04170933e-02 -5.25909327e-02 -1.12271065e-02 3.30392188e-02 7.99239030e-02 1.29772275e-01 1.84382698e-01 2.47120561e-01 3.20469224e-01 4.02447248e-01 4.84448676e-01 5.50818645e-01 5.88970128e-01 5.99252700e-01 5.87090312e-01 5.49687291e-01 4.84947219e-01 4.02716861e-01 3.18506882e-01 2.42087725e-01 1.76350657e-01 1.19494762e-01 6.79997550e-02 1.98102874e-02 -2.52444729e-02 -6.59500282e-02 -1.00087302e-01 -1.25011300e-01 -1.39291794e-01 -1.44450901e-01 -1.44640549e-01 -1.44007782e-01 -1.46104916e-01 -1.56391705e-01 -1.75782951e-01 -1.89004039e-01 -1.95111290e-01 -2.28120064e-01 -2.53826308e-01 -2.84533159e-01 -5.75799287e-01
7.90000000e+00 9.48839719e-01 9.05582496e-01 8.53429052e-01 8.43234058e-01 7.73335004e-01 6.57297513e-01 5.92456625e-01 6.13247916e-01 5.62138974e-01 4.81774764e-01 3.72132445e-01 2.74977425e-01 1.74658931e-01 1.00263109e-01 5.29681433e-02 5.01281947e-03 -4.77158043e-02 -1.03212132e-01 -1.69693051e-01 -2.54145320e-01 -3.52363621e-01 -4.58741738e-01 -5.53365343e-01 -6.20290142e-01 -6.57912342e-01 -6.77517179e-01 -6.70552839e-01 -6.26146907e-01 -5.46945155e-01 -4.58153433e-01 -3.76784969e-01 -3.13216771e-01 -2.69880802e-01 -2.37354876e-01 -2.10126580e-01 -1.88644515e-01 -1.73590822e-01 -1.64106487e-01 -1.58291320e-01 -1.53654515e-01 -1.47973188e-01 -1.40267844e-01 -1.31372073e-01 -1.23586378e-01 -1.19550488e-01 -1.21204532e-01 -1.29179016e-01 -1.42890116e-01 -1.60749359e-01 -1.80454670e-01 -1.99060683e-01 -2.13251529e-01 -2.19960642e-01 -2.17532661e-01 -2.06596500e-01 -1.89589302e-01 -1.68802735e-01 -1.44932677e-01 -1.17339615e-01 -8.53761826e-02 -4.90807626e-02 -9.03541247e-03 3.41046852e-02 7.99979328e-02 1.28945567e-01 1.82739677e-01 2.44640680e-01 3.16875686e-01 3.97299797e-01 4.77291700e-01 5.41432943e-01 5.77758660e-01 5.87178467e-01 5.75466282e-01 5.39643931e-01 4.77109684e-01 3.97049006e-01 3.14565523e-01 2.39407961e-01 1.74577741e-01 1.18544644e-01 6.79526805e-02 2.07910618e-02 -2.30385631e-02 -6.22019149e-02 -9.43988153e-02 -1.17036162e-01 -1.28990674e-01 -1.32343017e-01 -1.31882948e-01 -1.32234885e-01 -1.37142350e-01 -1.51499582e-01 -1.74119544e-01 -1.88561772e-01 -1.97716065e-01 -2.35072432e-01 -2.60102590e-01 -2.92996328e-01 -5.85192720e-01
8.00000000e+00 9.49799131e-01 9.07479280e-01 8.55611795e-01 8.43592652e-01 7.74666007e-01 6.55284537e-01 5.79947275e-01 5.99868877e-01 5.51282205e-01 4.73600015e-01 3.66392323e-01 2.71390957e-01 1.73563080e-01 9.82918743e-02 5.12057305e-02 4.78549521e-03 -4.66771268e-02 -1.01473834e-01 -1.67548820e-01 -2.50850384e-01 -3.47268195e-01 -4.51488629e-01 -5.43647057e-01 -6.09016485e-01 -6.46069263e-01 -6.66457962e-01 -6.61173222e-01 -6.18923892e-01 -5.41890725e-01 -4.54743463e-01 -3.74841783e-01 -3.11925663e-01 -2.69190119e-01 -2.37807757e-01 -2.11888945e-01 -1.91682893e-01 -1.77909177e-01 -1.69678397e-01 -1.64978896e-01 -1.61181248e-01 -1.55942410e-01 -1.48205728e-01 -1.38796064e-01 -1.30083099e-01 -1.24833945e-01 -1.25133522e-01 -1.31719975e-01 -1.44056969e-01 -1.60535591e-01 -1.78792050e-01 -1.95807068e-01 -2.08241320e-01 -2.13113050e-01 -2.09010680e-01 -1.96906481e-01 -1.79534101e-01 -1.59266314e-01 -1.36622489e-01 -1.10636902e-01 -8.03415861e-02 -4.55754506e-02 -6.84458032e-03 3.51759864e-02 8.00877943e-02 1.28150321e-01 1.81145538e-01 2.42215019e-01 3.13327661e-01 3.92178755e-01 4.70110614e-01 5.31949688e-01 5.66377312e-01 5.74905571e-01 5.63669936e-01 5.29500467e-01 4.69248029e-01 3.91410696e-01 3.10674131e-01 2.36784823e-01 1.72858298e-01 1.17631233e-01 6.79261719e-02 2.17843573e-02 -2.08206789e-02 -5.84359389e-02 -8.86825122e-02 -1.09025854e-01 -1.18656959e-01 -1.20216593e-01 -1.19131788e-01 -1.20515144e-01 -1.28300751e-01 -1.46719343e-01 -1.72395302e-01 -1.88071090e-01 -2.00618763e-01 -2.42084864e-01 -2.66163145e-01 -3.01421962e-01 -5.94299779e-01
8.10000000e+00 9.50885442e-01 9.09013924e-01 8.57974775e-01 8.43548912e-01 7.75621112e-01 6.53418668e-01 5.68030315e-01 5.86136362e-01 5.40512800e-01 4.65315146e-01 3.60814610e-01 2.67728129e-01 1.72547452e-01 9.65090054e-02 4.94521811e-02 4.52329687e-03 -4.56640027e-02 -9.98081163e-02 -1.65488722e-01 -2.47609327e-01 -3.42259444e-01 -4.44271252e-01 -5.33909416e-01 -5.97600513e-01 -6.34032297e-01 -6.55167463e-01 -6.51642052e-01 -6.11612371e-01 -5.36844028e-01 -4.51360703e-01 -3.72946473e-01 -3.10731698e-01 -2.68567947e-01 -2.38296713e-01 -2.13685250e-01 -1.94752958e-01 -1.82246520e-01 -1.75250213e-01 -1.71645332e-01 -1.68669893e-01 -1.63867687e-01 -1.56108369e-01 -1.46204831e-01 -1.36587732e-01 -1.30143573e-01 -1.29098061e-01 -1.34297110e-01 -1.45253753e-01 -1.60340306e-01 -1.77132059e-01 -1.92537053e-01 -2.03195702e-01 -2.06217038e-01 -2.00439253e-01 -1.87178884e-01 -1.69459570e-01 -1.49725980e-01 -1.28316294e-01 -1.03940090e-01 -7.53121429e-02 -4.20731521e-02 -4.65286868e-03 3.62543707e-02 8.01942317e-02 1.27386867e-01 1.79599526e-01 2.39841484e-01 3.09823098e-01 3.87082258e-01 4.62904673e-01 5.22371487e-01 5.54831881e-01 5.62442208e-01 5.51708375e-01 5.19260968e-01 4.61362637e-01 3.85800051e-01 3.06830607e-01 2.34215878e-01 1.71191069e-01 1.16754699e-01 6.79211603e-02 2.27919019e-02 -1.85881159e-02 -5.46488143e-02 -8.29356074e-02 -1.00980024e-01 -1.08294771e-01 -1.08081110e-01 -1.06400885e-01 -1.08863997e-01 -1.19589149e-01 -1.42040060e-01 -1.70593543e-01 -1.87553725e-01 -2.03828364e-01 -2.49111523e-01 -2.72015417e-01 -3.09809247e-01 -6.03123209e-01
8.20000000e+00 9.52089682e-01 9.10201941e-01 8.60492786e-01 8.43150283e-01 7.76166551e-01 6.51626690e-01 5.56759894e-01 5.72087131e-01 5.29835299e-01 4.56922989e-01 3.55390324e-01 2.64001736e-01 1.71584863e-01 9.49180201e-02 4.77177254e-02 4.22435869e-03 -4.46803126e-02 -9.82151350e-02 -1.63505943e-01 -2.44420183e-01 -3.37336252e-01 -4.37088158e-01 -5.24158491e-01 -5.86049056e-01 -6.21810581e-01 -6.43651149e-01 -6.41960666e-01 -6.04212683e-01 -5.31801491e-01 -4.48006839e-01 -3.71094698e-01 -3.09632888e-01 -2.68017439e-01 -2.38823204e-01 -2.15515663e-01 -1.97855155e-01 -1.86603027e-01 -1.80821107e-01 -1.78288519e-01 -1.76117155e-01 -1.71744937e-01 -1.63971572e-01 -1.53594826e-01 -1.43097908e-01 -1.35478290e-01 -1.33098010e-01 -1.36910674e-01 -1.46480552e-01 -1.60163078e-01 -1.75473698e-01 -1.89249444e-01 -1.98114102e-01 -1.99273836e-01 -1.91822246e-01 -1.77419956e-01 -1.59372709e-01 -1.40187394e-01 -1.20017139e-01 -9.72496366e-02 -7.02866497e-02 -3.85719938e-02 -2.45851542e-03 3.73411049e-02 8.03180171e-02 1.26655519e-01 1.78100790e-01 2.37517904e-01 3.06359852e-01 3.82008167e-01 4.55672955e-01 5.12700909e-01 5.43128524e-01 5.49797059e-01 5.39589099e-01 5.08929501e-01 4.53453701e-01 3.80214909e-01 3.03032712e-01 2.31698647e-01 1.69574699e-01 1.15915196e-01 6.79386235e-02 2.38154752e-02 -1.63381220e-02 -5.08372163e-02 -7.71553166e-02 -9.28983706e-02 -9.79083178e-02 -9.59461827e-02 -9.37042982e-02 -9.72970076e-02 -1.11015659e-01 -1.37449423e-01 -1.68699842e-01 -1.87033918e-01 -2.07347998e-01 -2.56107183e-01 -2.77670378e-01 -3.18155352e-01 -6.11666424e-01
8.30000000e+00 9.53399585e-01 9.11066495e-01 8.63131832e-01 8.42447117e-01 7.76274333e-01 6.49837081e-01 5.46176293e-01 5.57769108e-01 5.19248710e-01 4.48431362e-01 3.50105959e-01 2.60227070e-01 1.70648657e-01 9.35198947e-02 4.60135023e-02 3.88730314e-03 -4.37303240e-02 -9.66947295e-02 -1.61593541e-01 -2.41281437e-01 -3.32496650e-01 -4.29938019e-01 -5.14399631e-01 -5.74369633e-01 -6.09413304e-01 -6.31915534e-01 -6.32130184e-01 -5.96725428e-01 -5.26759031e-01 -4.44683364e-01 -3.69282489e-01 -3.08626722e-01 -2.67541622e-01 -2.39388880e-01 -2.17380345e-01 -2.00989842e-01 -1.90978815e-01 -1.86390238e-01 -1.84906392e-01 -1.83519845e-01 -1.79570221e-01 -1.71791255e-01 -1.60962531e-01 -1.49611216e-01 -1.40836933e-01 -1.37133151e-01 -1.39560853e-01 -1.47737404e-01 -1.60003445e-01 -1.73815941e-01 -1.85943038e-01 -1.92995986e-01 -1.92284768e-01 -1.83163640e-01 -1.67636020e-01 -1.49280516e-01 -1.30656153e-01 -1.11727999e-01 -9.05659528e-02 -6.52638706e-02 -3.50700805e-02 -2.59741688e-04 3.84374732e-02 8.04599508e-02 1.25956577e-01 1.76648380e-01 2.35242038e-01 3.02935684e-01 3.76954079e-01 4.48414382e-01 5.02940495e-01 5.31273758e-01 5.36979270e-01 5.27319987e-01 4.98510118e-01 4.45521235e-01 3.74652844e-01 2.99278066e-01 2.29230618e-01 1.68007743e-01 1.15112862e-01 6.79795858e-02 2.48569093e-02 -1.40679014e-02 -4.69977909e-02 -7.13388743e-02 -8.47806643e-02 -8.75018985e-02 -8.38215442e-02 -8.10563077e-02 -8.58297766e-02 -1.02587361e-01 -1.32933929e-01 -1.66702392e-01 -1.86537836e-01 -2.11174739e-01 -2.63028177e-01 -2.83141900e-01 -3.26455554e-01 -6.19933485e-01
8.40000000e+00 9.54799858e-01 9.11637562e-01 8.65850579e-01 8.41491066e-01 7.75922485e-01 6.47981441e-01 5.36305117e-01 5.43240845e-01 5.08746935e-01 4.39852797e-01 3.44943997e-01 2.56421257e-01 1.69713294e-01 9.23129288e-02 4.43513742e-02 3.51132356e-03 -4.28186357e-02 -9.52464146e-02 -1.59744548e-01 -2.38191960e-01 -3.27737840e-01 -4.22819665e-01 -5.04637427e-01 -5.62570445e-01 -5.96849678e-01 -6.19968162e-01 -6.22151561e-01 -5.89151415e-01 -5.21712150e-01 -4.41391488e-01 -3.67506297e-01 -3.07710206e-01 -2.67143347e-01 -2.39995582e-01 -2.19279459e-01 -2.04157278e-01 -1.95373942e-01 -1.91956753e-01 -1.91496934e-01 -1.90874895e-01 -1.87339747e-01 -1.79563452e-01 -1.68304469e-01 -1.56125207e-01 -1.46218263e-01 -1.41203187e-01 -1.42247770e-01 -1.49024296e-01 -1.59860901e-01 -1.72157732e-01 -1.82616633e-01 -1.87840874e-01 -1.85251258e-01 -1.74467531e-01 -1.57833458e-01 -1.39189966e-01 -1.21137778e-01 -1.03451776e-01 -8.38894047e-02 -6.02425461e-02 -3.15655033e-02 1.94524416e-03 3.95447775e-02 8.06208608e-02 1.25290316e-01 1.75241254e-01 2.33011587e-01 2.99548256e-01 3.71917337e-01 4.41127727e-01 4.93092747e-01 5.19274447e-01 5.23998425e-01 5.14909278e-01 4.88006856e-01 4.37565083e-01 3.69111192e-01 2.95564145e-01 2.26809251e-01 1.66488672e-01 1.14347807e-01 6.80451175e-02 2.59180893e-02 -1.17746191e-02 -4.31271662e-02 -6.54835519e-02 -7.66267642e-02 -7.70799160e-02 -7.17170419e-02 -6.84713772e-02 -7.44778515e-02 -9.43101959e-02 -1.28479102e-01 -1.64592335e-01 -1.86092924e-01 -2.15299536e-01 -2.69833279e-01 -2.88446081e-01 -3.34703426e-01 -6.27929061e-01
8.50000000e+00 9.56272517e-01 9.11950920e-01 8.68601981e-01 8.40333481e-01 7.75095207e-01 6.45995768e-01 5.27156894e-01 5.28570631e-01 4.98319433e-01 4.31204103e-01 3.39883562e-01 2.52602547e-01 1.68754909e-01 9.12926727e-02 4.27437116e-02 3.09626091e-03 -4.19501084e-02 -9.38693772e-02 -1.57952069e-01 -2.35150939e-01 -3.23056239e-01 -4.15732110e-01 -4.94875687e-01 -5.50660351e-01 -5.84128920e-01 -6.07817559e-01 -6.12025644e-01 -5.81491605e-01 -5.16656025e-01 -4.38132057e-01 -3.65763020e-01 -3.06879908e-01 -2.66825236e-01 -2.40645336e-01 -2.21213181e-01 -2.07357626e-01 -1.99788398e-01 -1.97519778e-01 -1.98058177e-01 -1.98179352e-01 -1.95049879e-01 -1.87284322e-01 -1.75617207e-01 -1.62637391e-01 -1.51620950e-01 -1.45307729e-01 -1.44971472e-01 -1.50341165e-01 -1.59734903e-01 -1.70497996e-01 -1.79269035e-01 -1.82648345e-01 -1.78174840e-01 -1.65738127e-01 -1.48018701e-01 -1.29107990e-01 -1.11637699e-01 -9.51912950e-02 -7.72203247e-02 -5.52214031e-02 -2.80563470e-02 4.15824267e-03 4.06643359e-02 8.08016020e-02 1.24656984e-01 1.73878274e-01 2.30824206e-01 2.96195134e-01 3.66895051e-01 4.33811634e-01 4.83160138e-01 5.07137792e-01 5.10864509e-01 5.02365555e-01 4.77423732e-01 4.29584922e-01 3.63587068e-01 2.91888284e-01 2.24431992e-01 1.65015879e-01 1.13620116e-01 6.81363339e-02 2.70009541e-02 -9.45540410e-03 -3.92219627e-02 -5.95866758e-02 -6.84366376e-02 -6.66468841e-02 -5.96426274e-02 -5.59641199e-02 -6.32566227e-02 -8.61888713e-02 -1.24069752e-01 -1.62364020e-01 -1.85727215e-01 -2.19707302e-01 -2.76484497e-01 -2.93600542e-01 -3.42891079e-01 -6.35658373e-01
8.60000000e+00 9.57797279e-01 9.12046973e-01 8.71335025e-01 8.39023856e-01 7.73782944e-01 6.43821563e-01 5.18727071e-01 5.13835249e-01 4.87952086e-01 4.22505760e-01 3.34901177e-01 2.48789565e-01 1.67751827e-01 9.04519216e-02 4.12031506e-02 2.64267188e-03 -4.11297834e-02 -9.25624828e-02 -1.56209382e-01 -2.32157788e-01 -3.18447545e-01 -4.08674553e-01 -4.85117446e-01 -5.38648820e-01 -5.71260255e-01 -5.95473181e-01 -6.01753249e-01 -5.73747049e-01 -5.11585616e-01 -4.34905477e-01 -3.64050030e-01 -3.06132016e-01 -2.66589640e-01 -2.41340344e-01 -2.23181719e-01 -2.10590944e-01 -2.04222097e-01 -2.03078420e-01 -2.04588201e-01 -2.05430387e-01 -2.02697142e-01 -1.94950156e-01 -1.82897360e-01 -1.69145245e-01 -1.57043584e-01 -1.49446297e-01 -1.47731933e-01 -1.51687891e-01 -1.59624865e-01 -1.68835637e-01 -1.75899062e-01 -1.77418052e-01 -1.71057164e-01 -1.56979743e-01 -1.38198210e-01 -1.19041461e-01 -1.02161251e-01 -8.69493105e-02 -7.05590197e-02 -5.01991642e-02 -2.45406973e-02 6.38105954e-03 4.17974833e-02 8.10030550e-02 1.24056800e-01 1.72558220e-01 2.28677511e-01 2.92873778e-01 3.61884113e-01 4.26464631e-01 4.73145112e-01 4.94871317e-01 4.97587889e-01 4.89697714e-01 4.66764747e-01 4.21580278e-01 3.58077395e-01 2.88247673e-01 2.22096271e-01 1.63587691e-01 1.12929844e-01 6.82543939e-02 2.81074962e-02 -7.10735437e-03 -3.52788045e-02 -5.36456449e-02 -6.02103783e-02 -5.62074380e-02 -4.76083495e-02 -4.35492589e-02 -5.21812147e-02 -7.82267872e-02 -1.19690258e-01 -1.60015210e-01 -1.85468595e-01 -2.24377145e-01 -2.82947762e-01 -2.98623720e-01 -3.51009435e-01 -6.43127122e-01
8.70000000e+00 9.59352009e-01 9.11969479e-01 8.73996542e-01 8.37608363e-01 7.71982360e-01 6.41406745e-01 5.10996425e-01 4.99118417e-01 4.77628250e-01 4.13781192e-01 3.29971612e-01 2.45000562e-01 1.66685014e-01 8.97807784e-02 3.97423279e-02 2.15188574e-03 -4.03627896e-02 -9.13242896e-02 -1.54510034e-01 -2.29212061e-01 -3.13906810e-01 -4.01646368e-01 -4.75364990e-01 -5.26545869e-01 -5.58252931e-01 -5.82945330e-01 -5.91335247e-01 -5.65918824e-01 -5.06495759e-01 -4.31711650e-01 -3.62365170e-01 -3.05462400e-01 -2.66438586e-01 -2.42082965e-01 -2.25185322e-01 -2.13857191e-01 -2.08674871e-01 -2.08631762e-01 -2.11085135e-01 -2.12625293e-01 -2.10278225e-01 -2.02557380e-01 -1.90141598e-01 -1.75646208e-01 -1.62484660e-01 -1.53618313e-01 -1.50529043e-01 -1.53064296e-01 -1.59530164e-01 -1.67169542e-01 -1.72505560e-01 -1.72149730e-01 -1.63900003e-01 -1.48196800e-01 -1.28378462e-01 -1.08997169e-01 -9.27136573e-02 -7.87285043e-02 -6.39057800e-02 -4.51745568e-02 -2.10166481e-02 8.61550187e-03 4.29455702e-02 8.12261242e-02 1.23489944e-01 1.71279784e-01 2.26569089e-01 2.89581542e-01 3.56881216e-01 4.19085140e-01 4.63050097e-01 4.82482853e-01 4.84179274e-01 4.76914942e-01 4.56033887e-01 4.13550531e-01 3.52578920e-01 2.84639360e-01 2.19799515e-01 1.62202377e-01 1.12277012e-01 6.84004978e-02 2.92397623e-02 -4.72754052e-03 -3.12943307e-02 -4.76579485e-02 -5.19482251e-02 -4.57663431e-02 -3.56243462e-02 -3.12415827e-02 -4.12663717e-02 -7.04259780e-02 -1.15324885e-01 -1.57547211e-01 -1.85344071e-01 -2.29282747e-01 -2.89193484e-01 -3.03534181e-01 -3.59048536e-01 -6.50341406e-01
8.80000000e+00 9.60913195e-01 9.11764195e-01 8.76533011e-01 8.36128529e-01 7.69696216e-01 6.38706357e-01 5.03931862e-01 4.84508956e-01 4.67329928e-01 4.05055931e-01 3.25068787e-01 2.41252684e-01 1.65538453e-01 8.92667868e-02 3.83736002e-02 1.62604741e-03 -3.96542390e-02 -9.01530710e-02 -1.52847929e-01 -2.26313353e-01 -3.09428538e-01 -3.94647070e-01 -4.65619901e-01 -5.14361975e-01 -5.45116244e-01 -5.70245066e-01 -5.80772654e-01 -5.58007963e-01 -5.01381264e-01 -4.28549922e-01 -3.60706744e-01 -3.04866682e-01 -2.66373742e-01 -2.42875701e-01 -2.27224291e-01 -2.17156220e-01 -2.13146469e-01 -2.14178863e-01 -2.17547157e-01 -2.19761491e-01 -2.17789987e-01 -2.10102566e-01 -1.97346649e-01 -1.82137690e-01 -1.67942588e-01 -1.57823099e-01 -1.53362606e-01 -1.54470139e-01 -1.59450131e-01 -1.65498589e-01 -1.69087403e-01 -1.66843207e-01 -1.56705255e-01 -1.39393817e-01 -1.18565934e-01 -9.89818098e-02 -8.33000247e-02 -7.05314880e-02 -5.72608875e-02 -4.01463227e-02 -1.74823087e-02 1.08633746e-02 4.41099626e-02 8.14717356e-02 1.22956555e-01 1.70041582e-01 2.24496502e-01 2.86315671e-01 3.51882875e-01 4.11671496e-01 4.52877510e-01 4.69980518e-01 4.70649688e-01 4.64026685e-01 4.45235123e-01 4.05494930e-01 3.47088248e-01 2.81060256e-01 2.17539146e-01 1.60858154e-01 1.11661603e-01 6.85758853e-02 3.03998530e-02 -2.31301025e-03 -2.72652065e-02 -4.16211842e-02 -4.36505789e-02 -3.53285049e-02 -2.37008371e-02 -1.90558977e-02 -3.05263376e-02 -6.27870770e-02 -1.10958118e-01 -1.54964928e-01 -1.85379030e-01 -2.34392865e-01 -2.95196986e-01 -3.08349958e-01 -3.66997869e-01 -6.57307625e-01
8.90000000e+00 9.62456446e-01 9.11477503e-01 8.78892325e-01 8.34620078e-01 7.66933153e-01 6.35683061e-01 4.97487566e-01 4.70098746e-01 4.57039052e-01 3.96356722e-01 3.20166698e-01 2.37561284e-01 1.64299429e-01 8.88951317e-02 3.71087527e-02 1.06814424e-03 -3.90091138e-02 -8.90468459e-02 -1.51217402e-01 -2.23461207e-01 -3.05006784e-01 -3.87676275e-01 -4.55883131e-01 -5.02107979e-01 -5.31859581e-01 -5.57384097e-01 -5.70066728e-01 -5.50015394e-01 -4.96236999e-01 -4.25419045e-01 -3.59073497e-01 -3.04340307e-01 -2.66396378e-01 -2.43721171e-01 -2.29298999e-01 -2.20487784e-01 -2.17636545e-01 -2.19718754e-01 -2.23972498e-01 -2.26836531e-01 -2.25229457e-01 -2.17582430e-01 -2.04509309e-01 -1.88617068e-01 -1.73415683e-01 -1.62059867e-01 -1.56232337e-01 -1.55905117e-01 -1.59384062e-01 -1.63821648e-01 -1.65643506e-01 -1.61498412e-01 -1.49474955e-01 -1.30575410e-01 -1.08767088e-01 -8.90019629e-02 -7.39253309e-02 -6.23608050e-02 -5.06246232e-02 -3.51132266e-02 -1.39358109e-02 1.31264769e-02 4.52920415e-02 8.17408342e-02 1.22456729e-01 1.68842159e-01 2.22457293e-01 2.83073299e-01 3.46885452e-01 4.04221958e-01 4.42629774e-01 4.57372696e-01 4.57010432e-01 4.51042617e-01 4.34372424e-01 3.97412606e-01 3.41601857e-01 2.77507135e-01 2.15312581e-01 1.59553200e-01 1.11083565e-01 6.87818323e-02 3.15899222e-02 1.39207283e-04 -2.31881352e-02 -3.55330750e-02 -3.53180202e-02 -2.48989777e-02 -1.18481156e-02 -7.00697487e-03 -1.99747339e-02 -5.53093058e-02 -1.06575008e-01 -1.52276834e-01 -1.85596531e-01 -2.39671955e-01 -3.00938779e-01 -3.13087961e-01 -3.74846690e-01 -6.64032384e-01
9.00000000e+00 9.63956995e-01 9.11155040e-01 8.81025441e-01 8.33111980e-01 7.63707375e-01 6.32307426e-01 4.91606488e-01 4.55980513e-01 4.46738790e-01 3.87710596e-01 3.15240332e-01 2.33939309e-01 1.62958716e-01 8.86489043e-02 3.59587048e-02 4.82014565e-04 -3.84321461e-02 -8.80034150e-02 -1.49613291e-01 -2.20655017e-01 -3.00635263e-01 -3.80733644e-01 -4.46155077e-01 -4.89794975e-01 -5.18492467e-01 -5.44374671e-01 -5.59219060e-01 -5.41941883e-01 -4.91057976e-01 -4.22317157e-01 -3.57464573e-01 -3.03878619e-01 -2.66507336e-01 -2.44622079e-01 -2.31409895e-01 -2.23851540e-01 -2.22144657e-01 -2.25250435e-01 -2.30359437e-01 -2.33848092e-01 -2.32593838e-01 -2.24993842e-01 -2.11626442e-01 -1.95081693e-01 -1.78902171e-01 -1.66327723e-01 -1.59137852e-01 -1.57368855e-01 -1.59331207e-01 -1.62137584e-01 -1.62172832e-01 -1.56115389e-01 -1.42211277e-01 -1.21746282e-01 -9.89883527e-02 -7.90640767e-02 -6.45944181e-02 -5.42189326e-02 -4.39972758e-02 -3.00740652e-02 -1.03753152e-02 1.54065986e-02 4.64932019e-02 8.20343804e-02 1.21990511e-01 1.67679992e-01 2.20448993e-01 2.79851442e-01 3.41885175e-01 3.96734723e-01 4.32309330e-01 4.44668009e-01 4.43273056e-01 4.37972607e-01 4.23449758e-01 3.89302581e-01 3.36116130e-01 2.73976640e-01 2.13117238e-01 1.58285661e-01 1.10542801e-01 6.90196480e-02 3.28121762e-02 2.63209695e-03 -1.90598696e-02 -2.93914865e-02 -2.69513253e-02 -1.44829739e-02 -7.65401150e-05 4.89050735e-03 -9.62443572e-03 -4.79904902e-02 -1.02161528e-01 -1.49494858e-01 -1.86016636e-01 -2.45080902e-01 -3.06404702e-01 -3.17763438e-01 -3.82584345e-01 -6.70522388e-01
9.10000000e+00 9.65390201e-01 9.10840389e-01 8.82887881e-01 8.31625732e-01 7.60038241e-01 6.28558008e-01 4.86222094e-01 4.42245533e-01 4.36414852e-01 3.79143949e-01 3.10266554e-01 2.30396768e-01 1.61510666e-01 8.85094252e-02 3.49332212e-02 -1.27663866e-04 -3.79276929e-02 -8.70204027e-02 -1.48030992e-01 -2.17893942e-01 -2.96307467e-01 -3.73818824e-01 -4.36435680e-01 -4.77434190e-01 -5.05024615e-01 -5.31229453e-01 -5.48231675e-01 -5.33787984e-01 -4.85839416e-01 -4.19241775e-01 -3.55879464e-01 -3.03476936e-01 -2.66707008e-01 -2.45581188e-01 -2.33557518e-01 -2.27247050e-01 -2.26670264e-01 -2.30772879e-01 -2.36706307e-01 -2.40793983e-01 -2.39880511e-01 -2.32333828e-01 -2.18694986e-01 -2.01528895e-01 -1.84400185e-01 -1.70625658e-01 -1.62078671e-01 -1.58860908e-01 -1.59290777e-01 -1.60445263e-01 -1.58674402e-01 -1.50694303e-01 -1.34916536e-01 -1.12911220e-01 -8.92361120e-02 -6.91744524e-02 -5.53119847e-02 -4.61082838e-02 -3.73791482e-02 -2.50276754e-02 -6.79901780e-03 1.77055169e-02 4.77148523e-02 8.23533460e-02 1.21557892e-01 1.66553498e-01 2.18469119e-01 2.76647003e-01 3.36878163e-01 3.89207939e-01 4.21918654e-01 4.31875295e-01 4.29449319e-01 4.24826687e-01 4.12471102e-01 3.81163789e-01 3.30627372e-01 2.70465291e-01 2.10950529e-01 1.57053663e-01 1.10039178e-01 6.92906709e-02 3.40688726e-02 5.16865291e-03 -1.48772248e-02 -2.31944437e-02 -1.85514829e-02 -4.08587233e-03 1.16034750e-02 1.66220259e-02 5.12551458e-04 -4.08271049e-02 -9.77049335e-02 -1.46634191e-01 -1.86655801e-01 -2.50577819e-01 -3.11585907e-01 -3.22389536e-01 -3.90200574e-01 -6.76784344e-01
9.20000000e+00 9.66732017e-01 9.10573851e-01 8.84441034e-01 8.30174894e-01 7.55949763e-01 6.24421242e-01 4.81260341e-01 4.28981313e-01 4.26056732e-01 3.70681670e-01 3.05224907e-01 2.26940319e-01 1.59953178e-01 8.84566192e-02 3.40406349e-02 -7.55406773e-04 -3.74996082e-02 -8.60953036e-02 -1.46466495e-01 -2.15176825e-01 -2.92016776e-01 -3.66931376e-01 -4.26724532e-01 -4.65036859e-01 -4.91465979e-01 -5.17961404e-01 -5.37107109e-01 -5.25554000e-01 -4.80576807e-01 -4.16189800e-01 -3.54317957e-01 -3.03130626e-01 -2.66995320e-01 -2.46601280e-01 -2.35742508e-01 -2.30673789e-01 -2.31212719e-01 -2.36285025e-01 -2.43011491e-01 -2.47672145e-01 -2.47087033e-01 -2.39599569e-01 -2.25711960e-01 -2.07955985e-01 -1.89907768e-01 -1.74952547e-01 -1.65054206e-01 -1.60380758e-01 -1.59261943e-01 -1.58743558e-01 -1.55147301e-01 -1.45235450e-01 -1.27593196e-01 -1.04075086e-01 -7.95166853e-02 -5.93392286e-02 -4.60825787e-02 -3.80312102e-02 -3.07705647e-02 -1.99729429e-02 -3.20515682e-03 2.00249934e-02 4.89584131e-02 8.26987109e-02 1.21158809e-01 1.65461042e-01 2.16515181e-01 2.73456767e-01 3.31860452e-01 3.81639722e-01 4.11460273e-01 4.19003580e-01 4.15551154e-01 4.11615011e-01 4.01440451e-01 3.72995089e-01 3.25131838e-01 2.66969490e-01 2.08809860e-01 1.55855319e-01 1.09572516e-01 6.95962652e-02 3.53623186e-02 7.75187365e-03 -1.06370897e-02 -1.69401473e-02 -1.01197082e-02 6.28677388e-03 2.31814704e-02 2.81732801e-02 1.04252118e-02 -3.38143466e-02 -9.31941005e-02 -1.43713005e-01 -1.87526350e-01 -2.56118922e-01 -3.16478706e-01 -3.26976943e-01 -3.97685786e-01 -6.82824861e-01
9.30000000e+00 9.67959442e-01 9.10391351e-01 8.85653227e-01 8.28764880e-01 7.51470017e-01 6.19891156e-01 4.76641808e-01 4.16269322e-01 4.15658826e-01 3.62346346e-01 3.00098332e-01 2.23572967e-01 1.58287576e-01 8.84694303e-02 3.32875906e-02 -1.39497843e-03 -3.71511166e-02 -8.52255300e-02 -1.44916417e-01 -2.12502127e-01 -2.87756567e-01 -3.60070713e-01 -4.17020981e-01 -4.52614102e-01 -4.77826805e-01 -5.04583667e-01 -5.25848494e-01 -5.17239958e-01 -4.75265948e-01 -4.13157547e-01 -3.52780058e-01 -3.02835174e-01 -2.67371724e-01 -2.47685117e-01 -2.37965605e-01 -2.34131154e-01 -2.35771269e-01 -2.41785779e-01 -2.49273429e-01 -2.54480652e-01 -2.54211138e-01 -2.46788411e-01 -2.32674467e-01 -2.14360259e-01 -1.95422869e-01 -1.79307151e-01 -1.68063763e-01 -1.61927806e-01 -1.59243834e-01 -1.57031348e-01 -1.51590689e-01 -1.39739269e-01 -1.20243869e-01 -9.52428069e-02 -6.98363141e-02 -4.95643670e-02 -3.69105914e-02 -2.99900037e-02 -2.41718778e-02 -1.49088096e-02 4.07981837e-04 2.23667701e-02 5.02253158e-02 8.30714575e-02 1.20793139e-01 1.64400944e-01 2.14584677e-01 2.70277406e-01 3.26828017e-01 3.74028169e-01 4.00936783e-01 4.06062047e-01 4.01590634e-01 3.98347822e-01 3.90361825e-01 3.64795283e-01 3.19625750e-01 2.63485534e-01 2.06692628e-01 1.54688738e-01 1.09142599e-01 6.99378163e-02 3.66948685e-02 1.03847568e-02 -6.33644002e-03 -1.06269898e-02 -1.65745829e-03 1.66292299e-02 3.46469531e-02 3.95302641e-02 2.01036340e-02 -2.69462386e-02 -8.86198607e-02 -1.40752096e-01 -1.88636038e-01 -2.61659429e-01 -3.21084283e-01 -3.31533636e-01 -4.05031301e-01 -6.88650360e-01
9.40000000e+00 9.69050914e-01 9.10323491e-01 8.86500538e-01 8.27393019e-01 7.46630486e-01 6.14968932e-01 4.72283924e-01 4.04182847e-01 4.05221401e-01 3.54157586e-01 2.94873757e-01 2.20293910e-01 1.56518372e-01 8.85262678e-02 3.26788169e-02 -2.03946905e-03 -3.68846897e-02 -8.44084617e-02 -1.43378012e-01 -2.09867871e-01 -2.83520318e-01 -3.53236029e-01 -4.07324244e-01 -4.40176799e-01 -4.64117674e-01 -4.91109450e-01 -5.14459620e-01 -5.08845595e-01 -4.69902983e-01 -4.10140776e-01 -3.51265921e-01 -3.02586253e-01 -2.67835201e-01 -2.48835399e-01 -2.40227663e-01 -2.37618469e-01 -2.40345052e-01 -2.47274013e-01 -2.55490611e-01 -2.61217708e-01 -2.61250737e-01 -2.53897860e-01 -2.39579694e-01 -2.20739003e-01 -2.00943350e-01 -1.83688109e-01 -1.71106534e-01 -1.63501374e-01 -1.59235541e-01 -1.55307528e-01 -1.48003810e-01 -1.34206344e-01 -1.12871319e-01 -8.64193721e-02 -6.02011465e-02 -3.98556397e-02 -2.78002520e-02 -2.19868996e-02 -1.75834742e-02 -9.83428141e-03 4.04205847e-03 2.47325671e-02 5.15170007e-02 8.34725667e-02 1.20460700e-01 1.63371480e-01 2.12675094e-01 2.67105479e-01 3.21776794e-01 3.66371375e-01 3.90350868e-01 3.93060005e-01 3.87579934e-01 3.85035415e-01 3.79239280e-01 3.56563136e-01 3.14105321e-01 2.60009624e-01 2.04596214e-01 1.53552034e-01 1.08749169e-01 7.03167265e-02 3.80689212e-02 1.30702937e-02 -1.97235024e-03 -4.25357075e-03 6.83355538e-03 2.69355728e-02 4.59894113e-02 5.06793435e-02 2.95391186e-02 -2.02157638e-02 -8.39753021e-02 -1.37774459e-01 -1.89987717e-01 -2.67154477e-01 -3.25408290e-01 -3.36064725e-01 -4.12229548e-01 -6.94266985e-01
9.50000000e+00 9.69986656e-01 9.10394780e-01 8.86967324e-01 8.26048880e-01 7.41465338e-01 6.09662341e-01 4.68103219e-01 3.92785041e-01 3.94751348e-01 3.46131476e-01 2.89542549e-01 2.17098512e-01 1.54652938e-01 8.86054697e-02 3.22169330e-02 -2.68139385e-03 -3.67019300e-02 -8.36414928e-02 -1.41849164e-01 -2.07271602e-01 -2.79301704e-01 -3.46426243e-01 -3.97633515e-01 -4.27735480e-01 -4.50349541e-01 -4.77551921e-01 -5.02944983e-01 -5.00370360e-01 -4.64484410e-01 -4.07134752e-01 -3.49775766e-01 -3.02379779e-01 -2.68384268e-01 -2.50054725e-01 -2.42529644e-01 -2.41135002e-01 -2.44933099e-01 -2.52748564e-01 -2.61661587e-01 -2.67881649e-01 -2.68203917e-01 -2.60925584e-01 -2.46424925e-01 -2.27089501e-01 -2.06466983e-01 -1.88093944e-01 -1.74181597e-01 -1.65100702e-01 -1.59236113e-01 -1.53571011e-01 -1.44386000e-01 -1.28637420e-01 -1.05478464e-01 -7.76098189e-02 -5.06172227e-02 -3.02186168e-02 -1.87556234e-02 -1.40240775e-02 -1.10057802e-02 -4.74843572e-03 7.69867382e-03 2.71240785e-02 5.28349160e-02 8.39030121e-02 1.20161245e-01 1.62370899e-01 2.10783908e-01 2.63937435e-01 3.16702703e-01 3.58667448e-01 3.79705318e-01 3.80006862e-01 3.73531291e-01 3.71688100e-01 3.68076915e-01 3.48297397e-01 3.08566775e-01 2.56537880e-01 2.02517985e-01 1.52443333e-01 1.08391930e-01 7.07344100e-02 3.94869169e-02 1.58114636e-02 2.45799352e-03 2.18128750e-03 1.53513543e-02 3.71996859e-02 5.71983298e-02 6.16073364e-02 3.87242743e-02 -1.36150274e-02 -7.92560383e-02 -1.34804795e-01 -1.91579126e-01 -2.72560029e-01 -3.29460334e-01 -3.40572409e-01 -4.19274220e-01 -6.99680539e-01
9.60000000e+00 9.70748960e-01 9.10623059e-01 8.87046474e-01 8.24714835e-01 7.36010648e-01 6.03985059e-01 4.64017539e-01 3.82127222e-01 3.84262697e-01 3.38280201e-01 2.84100813e-01 2.13978425e-01 1.52701095e-01 8.86857716e-02 3.19022975e-02 -3.31281275e-03 -3.66034645e-02 -8.29220765e-02 -1.40328376e-01 -2.04710370e-01 -2.75094673e-01 -3.39639942e-01 -3.87948069e-01 -4.15300217e-01 -4.36533757e-01 -4.63924117e-01 -4.91309826e-01 -4.91813436e-01 -4.59007089e-01 -4.04134302e-01 -3.48309801e-01 -3.02211965e-01 -2.69017001e-01 -2.51345545e-01 -2.44872620e-01 -2.44679967e-01 -2.49534333e-01 -2.58208233e-01 -2.67784959e-01 -2.74470941e-01 -2.75068939e-01 -2.67869418e-01 -2.53207534e-01 -2.33409032e-01 -2.11991456e-01 -1.92523052e-01 -1.77287910e-01 -1.66724940e-01 -1.59244564e-01 -1.51820735e-01 -1.40736693e-01 -1.23033403e-01 -9.80683769e-02 -6.88192258e-02 -4.10904608e-02 -2.06586552e-02 -9.78059789e-03 -6.10366432e-03 -4.43926708e-03 3.49572552e-04 1.13793635e-02 2.95429695e-02 5.41805145e-02 8.43637548e-02 1.19894467e-01 1.61397418e-01 2.08908576e-01 2.60769623e-01 3.11601673e-01 3.50914525e-01 3.69003043e-01 3.66912091e-01 3.59456965e-01 3.58316167e-01 3.56878880e-01 3.39996817e-01 3.03006362e-01 2.53066348e-01 2.00455283e-01 1.51360778e-01 1.08070553e-01 7.11922889e-02 4.09513329e-02 1.86112276e-02 6.95728119e-03 8.67852531e-03 2.38936822e-02 4.74152545e-02 6.82632092e-02 7.23015976e-02 4.76531021e-02 -7.13544651e-03 -7.44604349e-02 -1.31868968e-01 -1.93402791e-01 -2.77833743e-01 -3.33253380e-01 -3.45056015e-01 -4.26160378e-01 -7.04896418e-01
9.70000000e+00 9.71322398e-01 9.11019135e-01 8.86739363e-01 8.23366865e-01 7.30303593e-01 5.97955926e-01 4.59948156e-01 3.72247482e-01 3.73776869e-01 3.30611836e-01 2.78549529e-01 2.10921845e-01 1.50674626e-01 8.87467665e-02 3.17329059e-02 -3.92546960e-03 -3.65888528e-02 -8.22477637e-02 -1.38814733e-01 -2.02180721e-01 -2.70893519e-01 -3.32875345e-01 -3.78267349e-01 -4.02880537e-01 -4.22682078e-01 -4.50238862e-01 -4.79560147e-01 -4.83173769e-01 -4.53468232e-01 -4.01133887e-01 -3.46868138e-01 -3.02079363e-01 -2.69731056e-01 -2.52710117e-01 -2.47257766e-01 -2.48252543e-01 -2.54147568e-01 -2.63651787e-01 -2.73859388e-01 -2.80984178e-01 -2.81844236e-01 -2.74727358e-01 -2.59924997e-01 -2.39694883e-01 -2.17514371e-01 -1.96973712e-01 -1.80424311e-01 -1.68373151e-01 -1.59259868e-01 -1.50055665e-01 -1.37055435e-01 -1.17395373e-01 -9.06442808e-02 -6.00527013e-02 -3.16266428e-02 -1.11808892e-02 -8.78894142e-04 1.77226482e-03 2.11554461e-03 5.46050480e-03 1.50855931e-02 3.19908735e-02 5.55552517e-02 8.48557374e-02 1.19659996e-01 1.60449235e-01 2.07046539e-01 2.57598299e-01 3.06469658e-01 3.43110795e-01 3.58247092e-01 3.53785199e-01 3.45369203e-01 3.44929851e-01 3.45649384e-01 3.31660178e-01 2.97420379e-01 2.49591023e-01 1.98405425e-01 1.50302537e-01 1.07784678e-01 7.16917875e-02 4.24646797e-02 2.14725225e-02 1.15280664e-02 1.52388311e-02 3.24579951e-02 5.75757628e-02 7.91735875e-02 8.27501066e-02 5.63210629e-02 -7.67964466e-04 -6.95897858e-02 -1.28993419e-01 -1.95446066e-01 -2.82935789e-01 -3.36803088e-01 -3.49512146e-01 -4.32884506e-01 -7.09919563e-01
9.80000000e+00 9.71693973e-01 9.11586622e-01 8.86055532e-01 8.21975550e-01 7.24381631e-01 5.91598130e-01 4.55821719e-01 3.63169654e-01 3.63322637e-01 3.23130333e-01 2.72894523e-01 2.07913899e-01 1.48586734e-01 8.87693420e-02 3.17043398e-02 -4.51094865e-03 -3.66565105e-02 -8.16162357e-02 -1.37307857e-01 -1.99678710e-01 -2.66692930e-01 -3.26130275e-01 -3.68591048e-01 -3.90485349e-01 -4.08806659e-01 -4.36508703e-01 -4.67702707e-01 -4.74450118e-01 -4.47865378e-01 -3.98127688e-01 -3.45450718e-01 -3.01978892e-01 -2.70523706e-01 -2.54150466e-01 -2.49686354e-01 -2.51851886e-01 -2.58771520e-01 -2.69077957e-01 -2.79883594e-01 -2.87420085e-01 -2.88528410e-01 -2.81497562e-01 -2.66574887e-01 -2.45944347e-01 -2.23033251e-01 -2.01444076e-01 -1.83589512e-01 -1.70044305e-01 -1.59280965e-01 -1.48274800e-01 -1.33341889e-01 -1.11724586e-01 -8.32095518e-02 -5.13153737e-02 -2.22314021e-02 -1.79022185e-03 7.94594516e-03 9.60168475e-03 8.65808068e-03 1.05850333e-02 1.88187527e-02 3.44693893e-02 5.69605827e-02 8.53798781e-02 1.19457397e-01 1.59524533e-01 2.05195211e-01 2.54419630e-01 3.01302659e-01 3.35254514e-01 3.47440667e-01 3.40635701e-01 3.31280197e-01 3.31539295e-01 3.34392701e-01 3.23286309e-01 2.91805183e-01 2.46107859e-01 1.96365699e-01 1.49266805e-01 1.07533918e-01 7.22343283e-02 4.40294954e-02 2.43982535e-02 1.61727543e-02 2.18626273e-02 4.10414528e-02 6.76744917e-02 8.99190658e-02 9.29415569e-02 6.47251278e-02 5.49671372e-03 -6.46484339e-02 -1.26204556e-01 -1.97691286e-01 -2.87829577e-01 -3.40127109e-01 -3.53934901e-01 -4.39444513e-01 -7.14754432e-01
9.90000000e+00 9.71853181e-01 9.12321995e-01 8.85012114e-01 8.20507239e-01 7.18281678e-01 5.84938386e-01 4.51571990e-01 3.54902660e-01 3.52935792e-01 3.15835672e-01 2.67146280e-01 2.04937149e-01 1.46451466e-01 8.87360822e-02 3.18097730e-02 -5.06084470e-03 -3.68036529e-02 -8.10253270e-02 -1.35807857e-01 -1.97199937e-01 -2.62488023e-01 -3.19402144e-01 -3.58919170e-01 -3.78122889e-01 -3.94920033e-01 -4.22745862e-01 -4.55745005e-01 -4.65641121e-01 -4.42196368e-01 -3.95109685e-01 -3.44057234e-01 -3.01907863e-01 -2.71391884e-01 -2.55668343e-01 -2.52159742e-01 -2.55477137e-01 -2.63404806e-01 -2.74485440e-01 -2.85856354e-01 -2.93777509e-01 -2.95120226e-01 -2.88178346e-01 -2.73154883e-01 -2.52154735e-01 -2.28545543e-01 -2.05932178e-01 -1.86782102e-01 -1.71737280e-01 -1.59306760e-01 -1.46477180e-01 -1.29595842e-01 -1.06022482e-01 -7.57677142e-02 -4.26123801e-02 -1.29102108e-02 7.50868273e-03 1.66905551e-02 1.73826193e-02 1.51877098e-02 1.57237365e-02 2.25801531e-02 3.69800782e-02 5.83979591e-02 8.59370644e-02 1.19286178e-01 1.58621483e-01 2.03351982e-01 2.51229712e-01 2.96096741e-01 3.27344028e-01 3.36587134e-01 3.27473083e-01 3.17202041e-01 3.18154524e-01 3.23113174e-01 3.14874116e-01 2.86157207e-01 2.42612789e-01 1.94333358e-01 1.48251807e-01 1.07317865e-01 7.28213266e-02 4.56483400e-02 2.73912880e-02 2.08935894e-02 2.85500567e-02 4.96409120e-02 7.77045194e-02 1.00489337e-01 1.02865447e-01 7.28638076e-02 1.16678683e-02 -5.96438289e-02 -1.23528129e-01 -2.00116055e-01 -2.92482402e-01 -3.43244352e-01 -3.58316167e-01 -4.45839694e-01 -7.19404976e-01
1.00000000e+01 9.71792017e-01 9.13214838e-01 8.83633014e-01 8.18925335e-01 7.12039315e-01 5.78006099e-01 4.47141321e-01 3.47440274e-01 3.42658528e-01 3.08724207e-01 2.61319598e-01 2.01972188e-01 1.44283110e-01 8.86316211e-02 3.20400339e-02 -5.56694362e-03 -3.70262603e-02 -8.04730392e-02 -1.34315254e-01 -1.94739587e-01 -2.58274363e-01 -3.12687956e-01 -3.49252081e-01 -3.65800687e-01 -3.81035064e-01 -4.08962203e-01 -4.43695241e-01 -4.56745359e-01 -4.36459299e-01 -3.92073748e-01 -3.42687069e-01 -3.01863983e-01 -2.72332227e-01 -2.57265183e-01 -2.54679356e-01 -2.59127441e-01 -2.68045949e-01 -2.79872899e-01 -2.91776506e-01 -3.00055423e-01 -3.01618610e-01 -2.94768185e-01 -2.79662767e-01 -2.58323373e-01 -2.34048620e-01 -2.10435927e-01 -1.90000539e-01 -1.73450859e-01 -1.59336122e-01 -1.44661889e-01 -1.25817217e-01 -1.00290692e-01 -6.83224378e-02 -3.39488554e-02 -3.66836863e-03 1.67114047e-02 2.53517497e-02 2.51131403e-02 2.17037404e-02 2.08770945e-02 2.63710210e-02 3.95244620e-02 5.98688260e-02 8.65281468e-02 1.19145785e-01 1.57738248e-01 2.01514206e-01 2.48024576e-01 2.90848052e-01 3.19377793e-01 3.25690033e-01 3.14306782e-01 3.03146694e-01 3.04785410e-01 3.11815217e-01 3.06422604e-01 2.80472977e-01 2.39101738e-01 1.92305620e-01 1.47255805e-01 1.07136096e-01 7.34541863e-02 4.73237890e-02 3.04544474e-02 2.56926440e-02 3.53009700e-02 5.82529205e-02 8.76587227e-02 1.10874218e-01 1.12512170e-01 8.07371597e-02 1.77544991e-02 -5.45865197e-02 -1.20988609e-01 -2.02693645e-01 -2.96865967e-01 -3.46174264e-01 -3.62645974e-01 -4.52070639e-01 -7.23874634e-01
1.01000000e+01 9.71504897e-01 9.14248295e-01 8.81947900e-01 8.17191674e-01 7.05688035e-01 5.70832553e-01 4.42481841e-01 3.40761301e-01 3.32538543e-01 3.01789161e-01 2.55433116e-01 1.98998329e-01 1.42095606e-01 8.84429369e-02 3.23837265e-02 -6.02140960e-03 -3.73190674e-02 -7.99575435e-02 -1.32830912e-01 -1.92292499e-01 -2.54047965e-01 -3.05984330e-01 -3.39590535e-01 -3.53525555e-01 -3.67164895e-01 -3.95169219e-01 -4.31562266e-01 -4.47761450e-01 -4.30652488e-01 -3.89013725e-01 -3.41339238e-01 -3.01845354e-01 -2.73341127e-01 -2.58942076e-01 -2.57246673e-01 -2.62801955e-01 -2.72693393e-01 -2.85238966e-01 -2.97642949e-01 -3.06252919e-01 -3.08022642e-01 -3.01265705e-01 -2.86096427e-01 -2.64447616e-01 -2.39539786e-01 -2.14953115e-01 -1.93243153e-01 -1.75183728e-01 -1.59367888e-01 -1.42828060e-01 -1.22006076e-01 -9.45310368e-02 -6.08775328e-02 -2.53299207e-02 5.48900749e-03 2.58137732e-02 3.39265222e-02 3.27913673e-02 2.82054183e-02 2.60454852e-02 3.01924956e-02 4.21040195e-02 6.13746185e-02 8.71539321e-02 1.19035610e-01 1.56872987e-01 1.99679202e-01 2.44800207e-01 2.85552837e-01 3.11354394e-01 3.14753090e-01 3.01146153e-01 2.89125938e-01 2.91441646e-01 3.00503320e-01 2.97930899e-01 2.74749122e-01 2.35570642e-01 1.90279667e-01 1.46277090e-01 1.06988178e-01 7.41342948e-02 4.90584253e-02 3.35905002e-02 3.05718060e-02 4.21149134e-02 6.68737122e-02 9.75297814e-02 1.21063688e-01 1.21873105e-01 8.83467715e-02 2.37650530e-02 -4.94900774e-02 -1.18608584e-01 -2.05393509e-01 -3.00956788e-01 -3.48936120e-01 -3.66912893e-01 -4.58139114e-01 -7.28166342e-01
1.02000000e+01 9.70988525e-01 9.15399672e-01 8.79991021e-01 8.15267941e-01 6.99258558e-01 5.63450143e-01 4.37556312e-01 3.34830179e-01 3.22627888e-01 2.95021267e-01 2.49508716e-01 1.95994335e-01 1.39901962e-01 8.81595784e-02 3.28274077e-02 -6.41697424e-03 -3.76755782e-02 -7.94771713e-02 -1.31355956e-01 -1.89853235e-01 -2.49805279e-01 -2.99287532e-01 -3.29935685e-01 -3.41303593e-01 -3.53322865e-01 -3.81378029e-01 -4.19355509e-01 -4.38688132e-01 -4.24774418e-01 -3.85923523e-01 -3.40012340e-01 -3.01850456e-01 -2.74414789e-01 -2.60699736e-01 -2.59863202e-01 -2.66499860e-01 -2.77345505e-01 -2.90582241e-01 -3.03454642e-01 -3.12369209e-01 -3.14331553e-01 -3.07669681e-01 -2.92453858e-01 -2.70524844e-01 -2.45016281e-01 -2.19481415e-01 -1.96508141e-01 -1.76934479e-01 -1.59400866e-01 -1.40974885e-01 -1.18162630e-01 -8.87455362e-02 -5.34369443e-02 -1.67606721e-02 1.45569930e-02 3.48118693e-02 4.24120447e-02 4.04154671e-02 3.46919256e-02 3.12291814e-02 3.40456257e-02 4.47201848e-02 6.29167581e-02 8.78151771e-02 1.18954991e-01 1.56023857e-01 1.97844248e-01 2.41552553e-01 2.80207452e-01 3.03272575e-01 3.03780216e-01 2.88000446e-01 2.75151336e-01 2.78132719e-01 2.89182045e-01 2.89398276e-01 2.68982389e-01 2.32015466e-01 1.88252646e-01 1.45313989e-01 1.06873675e-01 7.48630187e-02 5.08548315e-02 3.68021543e-02 3.55327680e-02 4.89911185e-02 7.54992041e-02 1.07310184e-01 1.31047930e-01 1.30940699e-01 9.56957174e-02 2.97071496e-02 -4.43709487e-02 -1.16408190e-01 -2.08181881e-01 -3.04736464e-01 -3.51548368e-01 -3.71104456e-01 -4.64047897e-01 -7.32282549e-01
1.03000000e+01 9.70241694e-01 9.16641201e-01 8.77799907e-01 8.13117076e-01 6.92778223e-01 5.55891655e-01 4.32338660e-01 3.29597969e-01 3.12981608e-01 2.88409516e-01 2.43570834e-01 1.92939192e-01 1.37713729e-01 8.77738138e-02 3.33558177e-02 -6.74712199e-03 -3.80881093e-02 -7.90303934e-02 -1.29891688e-01 -1.87416169e-01 -2.45543160e-01 -2.92593527e-01 -3.20289075e-01 -3.29140218e-01 -3.39522424e-01 -3.67599394e-01 -4.07084901e-01 -4.29524362e-01 -4.18823697e-01 -3.82797194e-01 -3.38704527e-01 -3.01878121e-01 -2.75549287e-01 -2.62538472e-01 -2.62530457e-01 -2.70220376e-01 -2.82000590e-01 -2.95901298e-01 -3.09210606e-01 -3.18403619e-01 -3.20544716e-01 -3.13979033e-01 -2.98733160e-01 -2.76552473e-01 -2.50475284e-01 -2.24018383e-01 -1.99793569e-01 -1.78701606e-01 -1.59433831e-01 -1.39101616e-01 -1.14287248e-01 -8.29364091e-02 -4.60047460e-02 -8.24616895e-03 2.35308638e-02 4.37020279e-02 5.08056676e-02 4.79836538e-02 4.11623802e-02 3.64283467e-02 3.79313670e-02 4.73743439e-02 6.44966484e-02 8.85125820e-02 1.18903219e-01 1.55189016e-01 1.96006580e-01 2.38277545e-01 2.74808381e-01 2.95131253e-01 2.92775514e-01 2.74878780e-01 2.61234193e-01 2.64867886e-01 2.77856029e-01 2.80824184e-01 2.63169653e-01 2.28432216e-01 1.86221668e-01 1.44364863e-01 1.06792153e-01 7.56416977e-02 5.27155799e-02 4.00920494e-02 4.05770154e-02 5.59284928e-02 8.41249939e-02 1.16992238e-01 1.40817376e-01 1.39708554e-01 1.02788489e-01 3.55873118e-02 -3.92482386e-02 -1.14404589e-01 -2.11022464e-01 -3.08191816e-01 -3.54028023e-01 -3.75207601e-01 -4.69800600e-01 -7.36225247e-01
1.04000000e+01 9.69265038e-01 9.17940913e-01 8.75414004e-01 8.10704630e-01 6.86270491e-01 5.48189621e-01 4.26814164e-01 3.25003718e-01 3.03656193e-01 2.81941995e-01 2.37645704e-01 1.89812878e-01 1.35540518e-01 8.72806997e-02 3.39521581e-02 -7.00626642e-03 -3.85478608e-02 -7.86157866e-02 -1.28439498e-01 -1.84975577e-01 -2.41258835e-01 -2.85898041e-01 -3.10652619e-01 -3.17040212e-01 -3.25777026e-01 -3.53843744e-01 -3.94760780e-01 -4.20269409e-01 -4.12799009e-01 -3.79629006e-01 -3.37413478e-01 -3.01927498e-01 -2.76740624e-01 -2.64458174e-01 -2.65249931e-01 -2.73962768e-01 -2.86656900e-01 -3.01194683e-01 -3.14909926e-01 -3.24355587e-01 -3.26661640e-01 -3.20192816e-01 -3.04932540e-01 -2.82527954e-01 -2.55913920e-01 -2.28561465e-01 -2.03097371e-01 -1.80483507e-01 -1.59465531e-01 -1.37207572e-01 -1.10380457e-01 -7.71060761e-02 -3.85851322e-02 2.08577643e-04 3.24061037e-02 5.24808375e-02 5.91049183e-02 5.54941882e-02 4.76158382e-02 4.16430317e-02 4.18505808e-02 5.00678326e-02 6.61156704e-02 8.92467853e-02 1.18879536e-01 1.54366619e-01 1.94163383e-01 2.34971112e-01 2.69352243e-01 2.86929545e-01 2.81743276e-01 2.61790122e-01 2.47385515e-01 2.51656153e-01 2.66529976e-01 2.72208263e-01 2.57307931e-01 2.24816961e-01 1.84183816e-01 1.43428101e-01 1.06743186e-01 7.64716386e-02 5.46432240e-02 4.34627467e-02 4.57058168e-02 6.29256128e-02 9.27463588e-02 1.26568080e-01 1.50362758e-01 1.48171495e-01 1.09630902e-01 4.14107086e-02 -3.41434268e-02 -1.12611511e-01 -2.13877179e-01 -3.11314881e-01 -3.56390148e-01 -3.79209105e-01 -4.75401466e-01 -7.39996005e-01
1.05000000e+01 9.68060742e-01 9.19263603e-01 8.72873261e-01 8.08000023e-01 6.79754558e-01 5.40375750e-01 4.20979303e-01 3.20976152e-01 2.94707915e-01 2.75606756e-01 2.31760564e-01 1.86597120e-01 1.33389606e-01 8.66780661e-02 3.45984120e-02 -7.18991272e-03 -3.90450159e-02 -7.82319884e-02 -1.27000778e-01 -1.82525735e-01 -2.36949845e-01 -2.79196639e-01 -3.01028560e-01 -3.05007778e-01 -3.12100018e-01 -3.40121213e-01 -3.82393798e-01 -4.10922953e-01 -4.06699074e-01 -3.76413507e-01 -3.36136396e-01 -3.01998004e-01 -2.77984786e-01 -2.66458297e-01 -2.68023069e-01 -2.77726353e-01 -2.91312650e-01 -3.06460922e-01 -3.20551746e-01 -3.30224661e-01 -3.32681964e-01 -3.26310218e-01 -3.11050311e-01 -2.88448782e-01 -2.61329263e-01 -2.33107997e-01 -2.06417343e-01 -1.82278480e-01 -1.59494691e-01 -1.35292145e-01 -1.06442954e-01 -7.12571593e-02 -3.11824100e-02 8.59861597e-03 4.11784106e-02 6.11451392e-02 6.73074986e-02 6.29453776e-02 5.40512986e-02 4.68731689e-02 4.58040342e-02 5.28019337e-02 6.77751754e-02 9.00183583e-02 1.18883147e-01 1.53554818e-01 1.92311799e-01 2.31629199e-01 2.63835809e-01 2.78666794e-01 2.70687979e-01 2.48743266e-01 2.33615972e-01 2.38506255e-01 2.55208655e-01 2.63550369e-01 2.51394395e-01 2.21165849e-01 1.82136142e-01 1.42502124e-01 1.06726366e-01 7.73541112e-02 5.66402897e-02 4.69167132e-02 5.09202168e-02 6.99807190e-02 1.01358256e-01 1.36029688e-01 1.59675162e-01 1.56325642e-01 1.16229968e-01 4.71809152e-02 -2.90800194e-02 -1.11038874e-01 -2.16706954e-01 -3.14102780e-01 -3.58647424e-01 -3.83096004e-01 -4.80855155e-01 -7.43596015e-01
1.06000000e+01 9.66632218e-01 9.20571860e-01 8.70216760e-01 8.04977667e-01 6.73245101e-01 5.32480437e-01 4.14841296e-01 3.17435638e-01 2.86191091e-01 2.69392708e-01 2.25942853e-01 1.83276094e-01 1.31265626e-01 8.59664177e-02 3.52756982e-02 -7.29480350e-03 -3.95688663e-02 -7.78776418e-02 -1.25576837e-01 -1.80061021e-01 -2.32613995e-01 -2.72484806e-01 -2.91419416e-01 -2.93046622e-01 -2.98504516e-01 -3.26441680e-01 -3.69994814e-01 -4.01485172e-01 -4.00522612e-01 -3.73145584e-01 -3.34870007e-01 -3.02089269e-01 -2.79277802e-01 -2.68537852e-01 -2.70851230e-01 -2.81510509e-01 -2.95966029e-01 -3.11698519e-01 -3.26135274e-01 -3.36010494e-01 -3.38605452e-01 -3.32330551e-01 -3.17084888e-01 -2.94312495e-01 -2.66718340e-01 -2.37655210e-01 -2.09751151e-01 -1.84084727e-01 -1.59520014e-01 -1.33354804e-01 -1.02475612e-01 -6.53924824e-02 -2.38009899e-02 1.69190651e-02 4.98437009e-02 6.96920244e-02 7.54112834e-02 7.03355744e-02 6.04677098e-02 5.21185683e-02 4.97924018e-02 5.55778751e-02 6.94764743e-02 9.08278022e-02 1.18913225e-01 1.52751759e-01 1.90448922e-01 2.28247782e-01 2.58256011e-01 2.70342585e-01 2.59614284e-01 2.35746811e-01 2.19935860e-01 2.25426639e-01 2.43896893e-01 2.54850595e-01 2.45426379e-01 2.17475123e-01 1.80075677e-01 1.41585379e-01 1.06741302e-01 7.82903541e-02 5.87092679e-02 5.04563006e-02 5.62210324e-02 7.70917112e-02 1.09955322e-01 1.45368903e-01 1.68746086e-01 1.64168463e-01 1.22593751e-01 5.28996989e-02 -2.40831434e-02 -1.09692482e-01 -2.19472544e-01 -3.16557457e-01 -3.60809811e-01 -3.86855982e-01 -4.86166538e-01 -7.47026137e-01
1.07000000e+01 9.64983757e-01 9.21827107e-01 8.67481392e-01 8.01617914e-01 6.66752164e-01 5.24532366e-01 4.08417344e-01 3.14296368e-01 2.78156330e-01 2.63290466e-01 2.20219427e-01 1.79837066e-01 1.29170361e-01 8.51487506e-02 3.59646529e-02 -7.31904077e-03 -4.01079636e-02 -7.75513325e-02 -1.24168822e-01 -1.77576009e-01 -2.28249290e-01 -2.65758038e-01 -2.81827925e-01 -2.81160035e-01 -2.85003287e-01 -3.12814817e-01 -3.57574795e-01 -3.91956828e-01 -3.94268321e-01 -3.69820506e-01 -3.33610586e-01 -3.02201075e-01 -2.80615795e-01 -2.70695408e-01 -2.73735662e-01 -2.85314680e-01 -3.00615219e-01 -3.16905961e-01 -3.31659778e-01 -3.41712841e-01 -3.44431980e-01 -3.38253243e-01 -3.23034788e-01 -3.00116682e-01 -2.72078140e-01 -2.42200238e-01 -2.13096324e-01 -1.85900351e-01 -1.59540183e-01 -1.31395096e-01 -9.84794814e-02 -5.95150672e-02 -1.64453766e-02 2.51651258e-02 5.83981135e-02 7.81188308e-02 8.34143169e-02 7.76631742e-02 6.68639761e-02 5.73789177e-02 5.38162694e-02 5.83968259e-02 7.12208255e-02 9.16755478e-02 1.18968906e-01 1.51955583e-01 1.88571800e-01 2.24822891e-01 2.52609951e-01 2.61956771e-01 2.48527020e-01 2.22809149e-01 2.06355063e-01 2.12425449e-01 2.32599569e-01 2.46109290e-01 2.39401399e-01 2.13741141e-01 1.77999436e-01 1.40676343e-01 1.06787621e-01 7.92815848e-02 6.08526051e-02 5.40837290e-02 6.16088437e-02 8.42561476e-02 1.18531880e-01 1.54577446e-01 1.77567499e-01 1.71698813e-01 1.28731189e-01 5.85668348e-02 -1.91790915e-02 -1.08573829e-01 -2.22135344e-01 -3.18685302e-01 -3.62884327e-01 -3.90477723e-01 -4.91340478e-01 -7.50286949e-01
1.08000000e+01 9.63120173e-01 9.22990654e-01 8.64700649e-01 7.97907804e-01 6.60281187e-01 5.16558191e-01 4.01733608e-01 3.11468691e-01 2.70648834e-01 2.57293130e-01 2.14615827e-01 1.76270933e-01 1.27102646e-01 8.42302975e-02 3.66458205e-02 -7.26217675e-03 -4.06502945e-02 -7.72515201e-02 -1.22777634e-01 -1.75065566e-01 -2.23853875e-01 -2.59011938e-01 -2.72256969e-01 -2.69350984e-01 -2.71608618e-01 -2.99250135e-01 -3.45144713e-01 -3.82339337e-01 -3.87934858e-01 -3.66433953e-01 -3.32353984e-01 -3.02333289e-01 -2.81995032e-01 -2.72929100e-01 -2.76677458e-01 -2.89138382e-01 -3.05258406e-01 -3.22081725e-01 -3.37124588e-01 -3.47331555e-01 -3.50161537e-01 -3.44077832e-01 -3.28898631e-01 -3.05858979e-01 -2.77405616e-01 -2.46740118e-01 -2.16450256e-01 -1.87723352e-01 -1.59553870e-01 -1.29412653e-01 -9.44558015e-02 -5.36281297e-02 -9.12015936e-03 3.33320910e-02 6.68380113e-02 8.64231369e-02 9.13148086e-02 8.49266147e-02 7.32389622e-02 6.26537898e-02 5.78761377e-02 6.12598908e-02 7.30094184e-02 9.25619655e-02 1.19049285e-01 1.51164433e-01 1.86677433e-01 2.21350626e-01 2.46894914e-01 2.53509489e-01 2.37431177e-01 2.09938441e-01 1.92883028e-01 1.99510510e-01 2.21321606e-01 2.37327073e-01 2.33317155e-01 2.09960388e-01 1.75904422e-01 1.39773522e-01 1.06864962e-01 8.03289997e-02 6.30726913e-02 5.78010815e-02 6.70839732e-02 9.14712465e-02 1.27081942e-01 1.63646946e-01 1.86131909e-01 1.78916967e-01 1.34651900e-01 6.41799583e-02 -1.43948261e-02 -1.07679993e-01 -2.24658192e-01 -3.20496673e-01 -3.64874929e-01 -3.93951205e-01 -4.96381643e-01 -7.53378793e-01
1.09000000e+01 9.61046439e-01 9.24024701e-01 8.61903558e-01 7.93841579e-01 6.53833181e-01 5.08582303e-01 3.94823982e-01 3.08861517e-01 2.63706801e-01 2.51396968e-01 2.09155616e-01 1.72572655e-01 1.25058385e-01 8.32182066e-02 3.73000540e-02 -7.12527680e-03 -4.11834768e-02 -7.69764637e-02 -1.21403863e-01 -1.72524937e-01 -2.19425973e-01 -2.52242305e-01 -2.62709503e-01 -2.57622208e-01 -2.58332206e-01 -2.85757031e-01 -3.32715454e-01 -3.72634833e-01 -3.81520836e-01 -3.62982044e-01 -3.31095673e-01 -3.02485794e-01 -2.83411967e-01 -2.75236632e-01 -2.79677522e-01 -2.92981201e-01 -3.09893799e-01 -3.27224277e-01 -3.42529092e-01 -3.52866589e-01 -3.55794210e-01 -3.49803956e-01 -3.34675129e-01 -3.11537078e-01 -2.82697693e-01 -2.51271799e-01 -2.19810205e-01 -1.89551634e-01 -1.59559734e-01 -1.27407191e-01 -9.04060030e-02 -4.77350735e-02 -1.83000151e-03 4.14153554e-02 7.51599820e-02 9.46027564e-02 9.91111296e-02 9.21243759e-02 7.95914920e-02 6.79426546e-02 6.19724226e-02 6.41681022e-02 7.48433648e-02 9.34873782e-02 1.19153404e-01 1.50376454e-01 1.84762772e-01 2.17827175e-01 2.41108374e-01 2.45001178e-01 2.26331892e-01 1.97142608e-01 1.79528728e-01 1.86689326e-01 2.10067957e-01 2.28504846e-01 2.27171549e-01 2.06129492e-01 1.73787635e-01 1.38875445e-01 1.06972976e-01 8.14337697e-02 6.53718475e-02 6.16103019e-02 7.26464653e-02 9.87338877e-02 1.35599217e-01 1.72568966e-01 1.94432433e-01 1.85824634e-01 1.40365964e-01 6.97344624e-02 -9.75745373e-03 -1.07003645e-01 -2.27006124e-01 -3.22005334e-01 -3.66782498e-01 -3.97267933e-01 -5.01294318e-01 -7.56301820e-01
1.10000000e+01 9.58767345e-01 9.24893281e-01 8.59113792e-01 7.89420968e-01 6.47405052e-01 5.00626668e-01 3.87728677e-01 3.06384740e-01 2.57359997e-01 2.45601950e-01 2.03859826e-01 1.68741563e-01 1.23030678e-01 8.21211609e-02 3.79089127e-02 -6.91095235e-03 -4.16949749e-02 -7.67241424e-02 -1.20047723e-01 -1.69949819e-01 -2.14963833e-01 -2.45445227e-01 -2.53188485e-01 -2.45976311e-01 -2.45185041e-01 -2.72344824e-01 -3.20297725e-01 -3.62846211e-01 -3.75024829e-01 -3.59461338e-01 -3.29830795e-01 -3.02658418e-01 -2.84863275e-01 -2.77615307e-01 -2.82736534e-01 -2.96842802e-01 -3.14519648e-01 -3.32332079e-01 -3.47872736e-01 -3.58317986e-01 -3.61330185e-01 -3.55431350e-01 -3.40363090e-01 -3.17148724e-01 -2.87951269e-01 -2.55792152e-01 -2.23173297e-01 -1.91382994e-01 -1.59556431e-01 -1.25378513e-01 -8.63317157e-02 -4.18394812e-02 5.42036901e-03 4.94104240e-02 8.33608358e-02 1.02655728e-01 1.06801806e-01 9.92549804e-02 8.59203480e-02 7.32448940e-02 6.61054477e-02 6.71224181e-02 7.67237058e-02 9.44520635e-02 1.19280258e-01 1.49589795e-01 1.82824731e-01 2.14248835e-01 2.35248006e-01 2.36432595e-01 2.15234435e-01 1.84429317e-01 1.66300641e-01 1.73969063e-01 1.98843597e-01 2.19643802e-01 2.20962690e-01 2.02245231e-01 1.71646083e-01 1.37980664e-01 1.07111330e-01 8.25970377e-02 6.77523147e-02 6.55131881e-02 7.82960721e-02 1.06040615e-01 1.44077120e-01 1.81335037e-01 2.02462866e-01 1.92424955e-01 1.45883696e-01 7.52234433e-02 -5.29367937e-03 -1.06533159e-01 -2.29147083e-01 -3.23227824e-01 -3.68604941e-01 -4.00421119e-01 -5.06082252e-01 -7.59056033e-01
1.11000000e+01 9.56287155e-01 9.25563117e-01 8.56348978e-01 7.84655206e-01 6.40990048e-01 4.92710743e-01 3.80492696e-01 3.03951579e-01 2.51628541e-01 2.39912129e-01 1.98746508e-01 1.64781540e-01 1.21010057e-01 8.09489505e-02 3.84550446e-02 -6.62335430e-03 -4.21723289e-02 -7.64921774e-02 -1.18709002e-01 -1.67336430e-01 -2.10465681e-01 -2.38617165e-01 -2.43696798e-01 -2.34415851e-01 -2.32177306e-01 -2.59022787e-01 -3.07901984e-01 -3.52977158e-01 -3.68445393e-01 -3.55868834e-01 -3.28554226e-01 -3.02850869e-01 -2.86345878e-01 -2.80062039e-01 -2.85854914e-01 -3.00722920e-01 -3.19134255e-01 -3.37403594e-01 -3.53155017e-01 -3.63685881e-01 -3.66769736e-01 -3.60959832e-01 -3.45961413e-01 -3.22691718e-01 -2.93163228e-01 -2.60297966e-01 -2.26536521e-01 -1.93215127e-01 -1.59542613e-01 -1.23326508e-01 -8.22347722e-02 -3.59451046e-02 1.26261681e-02 5.73129177e-02 9.14376019e-02 1.10580308e-01 1.14385514e-01 1.06316998e-01 9.22242709e-02 7.85598147e-02 7.02754271e-02 7.01237263e-02 7.86514235e-02 9.54562360e-02 1.19428796e-01 1.48802597e-01 1.80860186e-01 2.10612032e-01 2.29311700e-01 2.27804831e-01 2.04144201e-01 1.71805971e-01 1.53206723e-01 1.61356543e-01 1.87653509e-01 2.10745430e-01 2.14688916e-01 1.98304551e-01 1.69476799e-01 1.37087754e-01 1.07279708e-01 8.38199158e-02 7.02162416e-02 6.95113837e-02 8.40322434e-02 1.13387636e-01 1.52508784e-01 1.89936690e-01 2.10217749e-01 1.98722473e-01 1.51215400e-01 8.06376976e-02 -1.02925389e-03 -1.06252830e-01 -2.31052539e-01 -3.24182789e-01 -3.70337380e-01 -4.03405788e-01 -5.10748532e-01 -7.61641331e-01
1.12000000e+01 9.53609313e-01 9.26004358e-01 8.53620233e-01 7.79560822e-01 6.34578337e-01 4.84851445e-01 3.73164233e-01 3.01480801e-01 2.46521951e-01 2.34335833e-01 1.93830415e-01 1.60701044e-01 1.18984830e-01 7.97120154e-02 3.89225376e-02 -6.26812843e-03 -4.26033861e-02 -7.62777577e-02 -1.17387016e-01 -1.64681548e-01 -2.05929679e-01 -2.31755029e-01 -2.34237191e-01 -2.22943424e-01 -2.19318300e-01 -2.45800170e-01 -2.95538369e-01 -3.43032164e-01 -3.61781097e-01 -3.52201957e-01 -3.27260640e-01 -3.03062666e-01 -2.87856960e-01 -2.82573387e-01 -2.89032791e-01 -3.04621360e-01 -3.23735997e-01 -3.42437291e-01 -3.58375483e-01 -3.68970496e-01 -3.72113226e-01 -3.66389304e-01 -3.51469087e-01 -3.28163919e-01 -2.98330437e-01 -2.64785965e-01 -2.29896731e-01 -1.95045619e-01 -1.59516933e-01 -1.21251152e-01 -7.81172118e-02 -3.00558553e-02 1.97825641e-02 6.51185802e-02 9.93875290e-02 1.18374964e-01 1.21861083e-01 1.13309047e-01 9.85019623e-02 8.38866547e-02 7.44824546e-02 7.31728480e-02 8.06274414e-02 9.65000326e-02 1.19597940e-01 1.48012991e-01 1.78865984e-01 2.06913339e-01 2.23297568e-01 2.19119320e-01 1.93066685e-01 1.59279694e-01 1.40254392e-01 1.48858235e-01 1.76502675e-01 2.01811524e-01 2.08348804e-01 1.94304568e-01 1.67276854e-01 1.36195302e-01 1.07477813e-01 8.51034831e-02 7.27656688e-02 7.36063698e-02 8.98541165e-02 1.20770829e-01 1.60887081e-01 1.98365490e-01 2.17692442e-01 2.04723093e-01 1.56371119e-01 8.59657743e-02 3.01157111e-03 -1.06143189e-01 -2.32698029e-01 -3.24890277e-01 -3.71972433e-01 -4.06218812e-01 -5.15295485e-01 -7.64057546e-01
1.13000000e+01 9.50736163e-01 9.26191195e-01 8.50931924e-01 7.74161171e-01 6.28157692e-01 4.77063181e-01 3.65793044e-01 2.98898725e-01 2.42038495e-01 2.28885651e-01 1.89122826e-01 1.56513010e-01 1.16941512e-01 7.84209689e-02 3.92972329e-02 -5.85233688e-03 -4.29765340e-02 -7.60775720e-02 -1.16080578e-01 -1.61982551e-01 -2.01353901e-01 -2.24856243e-01 -2.24812218e-01 -2.11561731e-01 -2.06616361e-01 -2.32686209e-01 -2.83216651e-01 -3.33016521e-01 -3.55030565e-01 -3.48458533e-01 -3.25944585e-01 -3.03293081e-01 -2.89393982e-01 -2.85145592e-01 -2.92269974e-01 -3.08537977e-01 -3.28323342e-01 -3.47431656e-01 -3.63533720e-01 -3.74172136e-01 -3.77361100e-01 -3.71719746e-01 -3.56885182e-01 -3.33563240e-01 -3.03449761e-01 -2.69252803e-01 -2.33250648e-01 -1.96871947e-01 -1.59478046e-01 -1.19152516e-01 -7.39812805e-02 -2.41757962e-02 2.68846887e-02 7.28232860e-02 1.07208084e-01 1.26038370e-01 1.29227481e-01 1.20229796e-01 1.04752090e-01 8.92245845e-02 7.87265033e-02 7.62705430e-02 8.26526054e-02 9.75835161e-02 1.19786579e-01 1.47219092e-01 1.76838947e-01 2.03149479e-01 2.17203957e-01 2.10377844e-01 1.82007469e-01 1.46857324e-01 1.27450510e-01 1.36480258e-01 1.65396061e-01 1.92844179e-01 2.01941186e-01 1.90242574e-01 1.65043372e-01 1.35301904e-01 1.07705360e-01 8.64487828e-02 7.54025068e-02 7.77994572e-02 9.57605092e-02 1.28185745e-01 1.69204635e-01 2.06613086e-01 2.24883188e-01 2.10434013e-01 1.61360377e-01 9.11940839e-02 6.80656794e-03 -1.06181412e-01 -2.34063579e-01 -3.25371031e-01 -3.73500568e-01 -4.08858887e-01 -5.19724607e-01 -7.66304460e-01
1.14000000e+01 9.47668728e-01 9.26102333e-01 8.48281667e-01 7.68485754e-01 6.21714255e-01 4.69357917e-01 3.58428866e-01 2.96140978e-01 2.38164863e-01 2.23578228e-01 1.84631510e-01 1.52234605e-01 1.14865344e-01 7.70861186e-02 3.95669926e-02 -5.38434557e-03 -4.32809318e-02 -7.58877526e-02 -1.14787971e-01 -1.59237433e-01 -1.96736316e-01 -2.17918793e-01 -2.15424192e-01 -2.00273635e-01 -1.94078823e-01 -2.19690118e-01 -2.70946196e-01 -3.22936301e-01 -3.48192531e-01 -3.44636761e-01 -3.24600563e-01 -3.03541088e-01 -2.90954671e-01 -2.87774622e-01 -2.95565925e-01 -3.12472664e-01 -3.32894861e-01 -3.52385199e-01 -3.68629348e-01 -3.79291183e-01 -3.82513883e-01 -3.76951207e-01 -3.62208854e-01 -3.38887652e-01 -3.08518061e-01 -2.73695072e-01 -2.36594865e-01 -1.98691475e-01 -1.59424611e-01 -1.17030783e-01 -6.98294216e-02 -1.83091336e-02 3.39276489e-02 8.04230476e-02 1.14896946e-01 1.33569395e-01 1.36483815e-01 1.27077963e-01 1.10973299e-01 9.45727100e-02 8.30074307e-02 7.94175164e-02 8.47276650e-02 9.87066757e-02 1.19993562e-01 1.46418996e-01 1.74775894e-01 1.99317336e-01 2.11029454e-01 2.01582534e-01 1.70972195e-01 1.34545401e-01 1.14801377e-01 1.24228372e-01 1.54338612e-01 1.83845797e-01 1.95465158e-01 1.86116044e-01 1.62773541e-01 1.34406153e-01 1.07962069e-01 8.78568059e-02 7.81285174e-02 8.20917810e-02 1.01749916e-01 1.35627616e-01 1.77453854e-01 2.14671250e-01 2.31787181e-01 2.15863636e-01 1.66191921e-01 9.63070654e-02 1.03360243e-02 -1.06341815e-01 -2.35134021e-01 -3.25645809e-01 -3.74910511e-01 -4.11326431e-01 -5.24036540e-01 -7.68381825e-01
1.15000000e+01 9.44406525e-01 9.25721306e-01 8.45660548e-01 7.62569330e-01 6.15233367e-01 4.61745290e-01 3.51119897e-01 2.93153947e-01 2.34876187e-01 2.18433856e-01 1.80360824e-01 1.47886860e-01 1.12740875e-01 7.57170077e-02 3.97219142e-02 -4.87367815e-03 -4.35067268e-02 -7.57038370e-02 -1.13506940e-01 -1.56444797e-01 -1.92074790e-01 -2.10941271e-01 -2.06075150e-01 -1.89082204e-01 -1.81711986e-01 -2.06821076e-01 -2.58735943e-01 -3.12798312e-01 -3.41265899e-01 -3.40735171e-01 -3.23223102e-01 -3.03805316e-01 -2.92536999e-01 -2.90456232e-01 -2.98919728e-01 -3.16425326e-01 -3.37449251e-01 -3.57296474e-01 -3.73662010e-01 -3.84328093e-01 -3.87572177e-01 -3.82083809e-01 -3.67439339e-01 -3.44135183e-01 -3.13532213e-01 -2.78109307e-01 -2.39925854e-01 -2.00501451e-01 -1.59355285e-01 -1.14886263e-01 -6.56642578e-02 -1.24602111e-02 4.09065383e-02 8.79140204e-02 1.22452004e-01 1.40967092e-01 1.43629321e-01 1.33852321e-01 1.17164221e-01 9.99300724e-02 8.73249814e-02 8.26144226e-02 8.68532761e-02 9.98694033e-02 1.20217705e-01 1.45610775e-01 1.72673655e-01 1.95413965e-01 2.04772909e-01 1.92735868e-01 1.59966551e-01 1.22350154e-01 1.02312720e-01 1.12107978e-01 1.43335234e-01 1.74819071e-01 1.88920100e-01 1.81922646e-01 1.60464632e-01 1.33506639e-01 1.08247703e-01 8.93284597e-02 8.09453030e-02 8.64843024e-02 1.07820497e-01 1.43091365e-01 1.85626955e-01 2.22531928e-01 2.38402627e-01 2.21021468e-01 1.70873481e-01 1.01287411e-01 1.35831881e-02 -1.06596416e-01 -2.35899181e-01 -3.25734727e-01 -3.76189710e-01 -4.13623446e-01 -5.28231063e-01 -7.70289369e-01
1.16000000e+01 9.40947430e-01 9.25036651e-01 8.43053562e-01 7.56450867e-01 6.08700431e-01 4.54232738e-01 3.43911412e-01 2.89895873e-01 2.32136410e-01 2.13475863e-01 1.76311938e-01 1.43494178e-01 1.10552570e-01 7.43219924e-02 3.97544869e-02 -4.33083687e-03 -4.36452602e-02 -7.55207427e-02 -1.12234676e-01 -1.53603843e-01 -1.87367099e-01 -2.03922894e-01 -1.96766834e-01 -1.77990737e-01 -1.69521107e-01 -1.94088190e-01 -2.46594399e-01 -3.02610049e-01 -3.34249815e-01 -3.36752582e-01 -3.21806831e-01 -3.04084008e-01 -2.94139163e-01 -2.93186016e-01 -3.02330069e-01 -3.20395857e-01 -3.41985341e-01 -3.62164101e-01 -3.78631362e-01 -3.89283388e-01 -3.92536665e-01 -3.87117747e-01 -3.72575957e-01 -3.49303918e-01 -3.18489106e-01 -2.82491975e-01 -2.43239973e-01 -2.02299000e-01 -1.59268706e-01 -1.12719420e-01 -6.14885724e-02 -6.63350285e-03 4.78164490e-02 9.52925065e-02 1.29871346e-01 1.48230691e-01 1.50663354e-01 1.40551698e-01 1.23323496e-01 1.05295647e-01 9.16787920e-02 8.58618621e-02 8.90300162e-02 1.01071459e-01 1.20457795e-01 1.44792475e-01 1.70529081e-01 1.91436602e-01 1.98433442e-01 1.83840675e-01 1.48996247e-01 1.10277500e-01 8.99896932e-02 1.00124111e-01 1.32390787e-01 1.65766981e-01 1.82305698e-01 1.77660264e-01 1.58114024e-01 1.32601967e-01 1.08562095e-01 9.08645618e-02 8.38542804e-02 9.09777969e-02 1.13970073e-01 1.50571593e-01 1.93716001e-01 2.30187285e-01 2.44728798e-01 2.25917984e-01 1.75411530e-01 1.06116347e-01 1.65346539e-02 -1.06915562e-01 -2.36353947e-01 -3.25656672e-01 -3.77324820e-01 -4.15753311e-01 -5.32307134e-01 -7.72026800e-01
1.17000000e+01 9.37287595e-01 9.24041924e-01 8.40440254e-01 7.50172356e-01 6.02101782e-01 4.46825669e-01 3.36844527e-01 2.86337585e-01 2.29898995e-01 2.08729843e-01 1.72483179e-01 1.39083757e-01 1.08285447e-01 7.29078658e-02 3.96596720e-02 -3.76708020e-03 -4.36892643e-02 -7.53327520e-02 -1.10967827e-01 -1.50714324e-01 -1.82610953e-01 -1.96863506e-01 -1.87500682e-01 -1.67002766e-01 -1.57510419e-01 -1.81500453e-01 -2.34529644e-01 -2.92379620e-01 -3.27143736e-01 -3.32688051e-01 -3.20346552e-01 -3.04374995e-01 -2.95759550e-01 -2.95959450e-01 -3.05795217e-01 -3.24384111e-01 -3.46502095e-01 -3.66986794e-01 -3.83537063e-01 -3.94157644e-01 -3.97408102e-01 -3.92053292e-01 -3.77618113e-01 -3.54391997e-01 -3.23385657e-01 -2.86839475e-01 -2.46533484e-01 -2.04081119e-01 -1.59163490e-01 -1.10530892e-01 -5.73052981e-02 -8.33604507e-04 5.46524828e-02 1.02554959e-01 1.37153254e-01 1.55359584e-01 1.57585384e-01 1.47174979e-01 1.29449797e-01 1.10668344e-01 9.60684080e-02 8.91603707e-02 9.12583551e-02 1.02312477e-01 1.20712588e-01 1.43962135e-01 1.68339064e-01 1.87382692e-01 1.92010472e-01 1.74900123e-01 1.38066994e-01 9.83330265e-02 7.78368872e-02 8.82814499e-02 1.21510076e-01 1.56692789e-01 1.75621954e-01 1.73327007e-01 1.55719221e-01 1.31690719e-01 1.08905124e-01 9.24658644e-02 8.68566520e-02 9.55727929e-02 1.20196139e-01 1.58062587e-01 2.01712947e-01 2.37629764e-01 2.50766065e-01 2.30564474e-01 1.79811067e-01 1.10773962e-01 1.91806802e-02 -1.07268587e-01 -2.36498209e-01 -3.25428774e-01 -3.78302203e-01 -4.17720558e-01 -5.36262943e-01 -7.73593800e-01
1.18000000e+01 9.33421416e-01 9.22735570e-01 8.37795526e-01 7.43777532e-01 5.95425534e-01 4.39527629e-01 3.29955158e-01 2.82462833e-01 2.28107964e-01 2.04222726e-01 1.68870468e-01 1.34684926e-01 1.05925717e-01 7.14795464e-02 3.94348994e-02 -3.19417179e-03 -4.36330355e-02 -7.51335179e-02 -1.09702511e-01 -1.47776501e-01 -1.77804036e-01 -1.89763578e-01 -1.78277842e-01 -1.56122054e-01 -1.45683167e-01 -1.69066681e-01 -2.22549349e-01 -2.82115664e-01 -3.19947513e-01 -3.28540836e-01 -3.18837301e-01 -3.04675671e-01 -2.97396719e-01 -2.98771930e-01 -3.09313016e-01 -3.28389882e-01 -3.50998606e-01 -3.71763394e-01 -3.88378765e-01 -3.98951484e-01 -4.02187319e-01 -3.96890793e-01 -3.82565297e-01 -3.59397609e-01 -3.28218814e-01 -2.91148127e-01 -2.49802581e-01 -2.05844674e-01 -1.59038224e-01 -1.08321489e-01 -5.31175174e-02 4.93477859e-03 6.14097620e-02 1.09697985e-01 1.44296196e-01 1.62353320e-01 1.64394981e-01 1.53721113e-01 1.35541853e-01 1.16046996e-01 1.00493326e-01 9.25104126e-02 9.35385574e-02 1.03592036e-01 1.20980795e-01 1.43117786e-01 1.66100536e-01 1.83249888e-01 1.85503724e-01 1.65917715e-01 1.27184492e-01 8.65219909e-02 6.58583290e-02 7.65843070e-02 1.10697838e-01 1.47600018e-01 1.68869195e-01 1.68921197e-01 1.53277859e-01 1.30771463e-01 1.09276683e-01 9.41330722e-02 8.99534248e-02 1.00269474e-01 1.26495911e-01 1.65558310e-01 2.09609702e-01 2.44852153e-01 2.56515944e-01 2.34972882e-01 1.84075421e-01 1.15239590e-01 2.15154262e-02 -1.07624500e-01 -2.36336668e-01 -3.25065973e-01 -3.79108412e-01 -4.19530594e-01 -5.40096004e-01 -7.74990014e-01
1.19000000e+01 9.29341557e-01 9.21120666e-01 8.35090583e-01 7.37310552e-01 5.88662376e-01 4.32340496e-01 3.23273196e-01 2.78268236e-01 2.26699238e-01 1.99981742e-01 1.65467828e-01 1.30328439e-01 1.03461395e-01 7.00398416e-02 3.90800088e-02 -2.62413822e-03 -4.34725610e-02 -7.49160956e-02 -1.08434339e-01 -1.44791074e-01 -1.72944060e-01 -1.82624177e-01 -1.69099189e-01 -1.45352563e-01 -1.34041664e-01 -1.56795448e-01 -2.10660813e-01 -2.71827263e-01 -3.12661464e-01 -3.24310350e-01 -3.17274417e-01 -3.04982987e-01 -2.99049376e-01 -3.01618803e-01 -3.12880891e-01 -3.32412888e-01 -3.55474065e-01 -3.76492908e-01 -3.93156107e-01 -4.03665562e-01 -4.06875219e-01 -4.01630684e-01 -3.87417088e-01 -3.64318993e-01 -3.32985573e-01 -2.95414157e-01 -2.53043414e-01 -2.07586389e-01 -1.58891484e-01 -1.06092184e-01 -4.89284702e-02 1.06668452e-02 6.80834388e-02 1.16718347e-01 1.51298821e-01 1.69211592e-01 1.71091818e-01 1.60189122e-01 1.41598457e-01 1.21430355e-01 1.04953037e-01 9.59123401e-02 9.58706397e-02 1.04909708e-01 1.21261097e-01 1.42257451e-01 1.63810485e-01 1.79036063e-01 1.78913246e-01 1.56897268e-01 1.16354412e-01 7.48493089e-02 5.40574904e-02 6.50366290e-02 9.99587254e-02 1.38492423e-01 1.62048078e-01 1.64441373e-01 1.50787719e-01 1.29842770e-01 1.09676678e-01 9.58668311e-02 9.31454368e-02 1.05067625e-01 1.32866325e-01 1.73052399e-01 2.17398189e-01 2.51847642e-01 2.61981109e-01 2.39155626e-01 1.88206089e-01 1.19492231e-01 2.35371079e-02 -1.07952690e-01 -2.35878544e-01 -3.24580684e-01 -3.79730651e-01 -4.21189410e-01 -5.43803257e-01 -7.76215013e-01
1.20000000e+01 9.25039014e-01 9.19204539e-01 8.32293989e-01 7.30814658e-01 5.81806286e-01 4.25264681e-01 3.16821908e-01 2.73762847e-01 2.25602227e-01 1.96033297e-01 1.62267948e-01 1.26045720e-01 1.00882873e-01 6.85892964e-02 3.85971367e-02 -2.06903714e-03 -4.32055926e-02 -7.46730043e-02 -1.07158440e-01 -1.41759106e-01 -1.68028817e-01 -1.75446937e-01 -1.59965366e-01 -1.34698412e-01 -1.22587361e-01 -1.44695007e-01 -1.98870995e-01 -2.61523840e-01 -3.05286457e-01 -3.19996123e-01 -3.15653598e-01 -3.05293449e-01 -3.00716352e-01 -3.04495388e-01 -3.16495860e-01 -3.36452748e-01 -3.59927728e-01 -3.81174550e-01 -3.97868718e-01 -4.08300553e-01 -4.11472769e-01 -4.06273488e-01 -3.92173152e-01 -3.69154434e-01 -3.37682980e-01 -2.99633677e-01 -2.56252115e-01 -2.09302841e-01 -1.58721855e-01 -1.03844090e-01 -4.47415622e-02 1.63577143e-02 7.46687066e-02 1.23612962e-01 1.58159947e-01 1.75934230e-01 1.77675659e-01 1.66578131e-01 1.47618443e-01 1.26817084e-01 1.09447042e-01 9.93662901e-02 9.82544476e-02 1.06265007e-01 1.21552152e-01 1.41379137e-01 1.61465980e-01 1.74739323e-01 1.72239437e-01 1.47842918e-01 1.05582386e-01 6.33195520e-02 4.24373060e-02 5.36419989e-02 8.92973041e-02 1.29373977e-01 1.55159613e-01 1.59886305e-01 1.48246730e-01 1.28903230e-01 1.10105022e-01 9.76676890e-02 9.64333333e-02 1.09966669e-01 1.39303986e-01 1.80538176e-01 2.25070418e-01 2.58609893e-01 2.67165390e-01 2.43125405e-01 1.92202591e-01 1.23510995e-01 2.52480653e-02 -1.08223609e-01 -2.35137176e-01 -3.23982549e-01 -3.80157225e-01 -4.22703305e-01 -5.47381191e-01 -7.77268279e-01
1.21000000e+01 9.20503222e-01 9.16998285e-01 8.29372788e-01 7.24330894e-01 5.74855136e-01 4.18299331e-01 3.10617573e-01 2.68967354e-01 2.24741637e-01 1.92401815e-01 1.59262762e-01 1.21868119e-01 9.81834311e-02 6.71261333e-02 3.79905313e-02 -1.54069917e-03 -4.28317013e-02 -7.43963075e-02 -1.05869498e-01 -1.38681937e-01 -1.63056248e-01 -1.68234010e-01 -1.50876825e-01 -1.24163821e-01 -1.11320937e-01 -1.32773207e-01 -1.87186565e-01 -2.51215059e-01 -2.97823971e-01 -3.15597769e-01 -3.13970948e-01 -3.05603129e-01 -3.02396555e-01 -3.07397018e-01 -3.20154557e-01 -3.40508947e-01 -3.64358868e-01 -3.85807774e-01 -4.02516218e-01 -4.12857137e-01 -4.15980996e-01 -4.10819823e-01 -3.96833242e-01 -3.73902250e-01 -3.42308146e-01 -3.03802665e-01 -2.59424808e-01 -2.10990462e-01 -1.58527967e-01 -1.01578439e-01 -4.05603686e-02 2.20024461e-02 8.11608136e-02 1.30378901e-01 1.64878554e-01 1.82521195e-01 1.84146357e-01 1.72887419e-01 1.53600665e-01 1.32205786e-01 1.13974808e-01 1.02872143e-01 1.00689747e-01 1.07657309e-01 1.21852602e-01 1.40480840e-01 1.59064172e-01 1.70358006e-01 1.65483051e-01 1.38759092e-01 9.48739867e-02 5.19369479e-02 3.10001993e-02 4.24036436e-02 7.87180481e-02 1.20248855e-01 1.48205172e-01 1.55255003e-01 1.45652983e-01 1.27951456e-01 1.10561663e-01 9.95360812e-02 9.98175194e-02 1.14965725e-01 1.45805128e-01 1.88008636e-01 2.32618534e-01 2.65133121e-01 2.72073761e-01 2.46895001e-01 1.96062363e-01 1.27275582e-01 2.66547383e-02 -1.08409441e-01 -2.34129532e-01 -3.23278299e-01 -3.80377916e-01 -4.24078584e-01 -5.50825983e-01 -7.78149193e-01
1.22000000e+01 9.15722200e-01 9.14516207e-01 8.26293656e-01 7.17896891e-01 5.67811173e-01 4.11442542e-01 3.04669359e-01 2.63912951e-01 2.24039433e-01 1.89108589e-01 1.56444025e-01 1.17826173e-01 9.53596709e-02 6.56462772e-02 3.72663010e-02 -1.05045170e-03 -4.23523142e-02 -7.40777047e-02 -1.04561778e-01 -1.35561091e-01 -1.58024509e-01 -1.60988003e-01 -1.41833883e-01 -1.13753041e-01 -1.00242395e-01 -1.21037406e-01 -1.75613956e-01 -2.40910720e-01 -2.90276168e-01 -3.11114958e-01 -3.12223016e-01 -3.05907682e-01 -3.04088920e-01 -3.10319077e-01 -3.23853257e-01 -3.44580790e-01 -3.68766760e-01 -3.90392278e-01 -4.07098231e-01 -4.17335990e-01 -4.20400987e-01 -4.15270409e-01 -4.01397204e-01 -3.78560797e-01 -3.46858271e-01 -3.07916940e-01 -2.62557604e-01 -2.12645550e-01 -1.58308516e-01 -9.92965505e-02 -3.63886438e-02 2.75960616e-02 8.75550793e-02 1.37013392e-01 1.71453782e-01 1.88972577e-01 1.90503833e-01 1.79116480e-01 1.59543963e-01 1.37595019e-01 1.18535687e-01 1.06429591e-01 1.03176243e-01 1.09085797e-01 1.22161098e-01 1.39560539e-01 1.56602309e-01 1.65890681e-01 1.58645204e-01 1.29650481e-01 8.42347062e-02 4.07053744e-02 1.97480972e-02 3.13244343e-02 6.82253325e-02 1.11121409e-01 1.41186497e-01 1.50546720e-01 1.43004748e-01 1.26986093e-01 1.11046595e-01 1.01472348e-01 1.03298131e-01 1.20063597e-01 1.52365667e-01 1.95456407e-01 2.40034850e-01 2.71412179e-01 2.76712298e-01 2.50477068e-01 1.99780700e-01 1.30766768e-01 2.77675529e-02 -1.08484718e-01 -2.32875632e-01 -3.22471727e-01 -3.80384307e-01 -4.25321277e-01 -5.54133631e-01 -7.78856976e-01
1.23000000e+01 9.10682746e-01 9.11775189e-01 8.23024043e-01 7.11545792e-01 5.60681339e-01 4.04691581e-01 2.98979429e-01 2.58639928e-01 2.23416900e-01 1.86170682e-01 1.53803862e-01 1.13948919e-01 9.24118552e-02 6.41434709e-02 3.64321220e-02 -6.08867397e-04 -4.17707009e-02 -7.37086410e-02 -1.03229166e-01 -1.32398179e-01 -1.52932039e-01 -1.53711917e-01 -1.32836788e-01 -1.03470274e-01 -8.93511702e-02 -1.09494392e-01 -1.64159412e-01 -2.30620653e-01 -2.82645947e-01 -3.06547401e-01 -3.10406829e-01 -3.06202387e-01 -3.05792368e-01 -3.13257030e-01 -3.27587915e-01 -3.48667345e-01 -3.73150685e-01 -3.94927992e-01 -4.11614414e-01 -4.21737777e-01 -4.24733884e-01 -4.19626070e-01 -4.05864973e-01 -3.83128474e-01 -3.51330673e-01 -3.11972157e-01 -2.65646586e-01 -2.14264308e-01 -1.58062291e-01 -9.69998223e-02 -3.22303293e-02 3.31335628e-02 9.38469124e-02 1.43513828e-01 1.77884912e-01 1.95288580e-01 1.96748060e-01 1.85265082e-01 1.65447131e-01 1.42983331e-01 1.23128866e-01 1.10038222e-01 1.05713560e-01 1.10549479e-01 1.22476322e-01 1.38616192e-01 1.54077747e-01 1.61336153e-01 1.51727380e-01 1.20522016e-01 7.36699347e-02 2.96283517e-02 8.68244718e-03 2.04068878e-02 5.78234243e-02 1.01996149e-01 1.34105707e-01 1.45760962e-01 1.40300487e-01 1.26005808e-01 1.11559843e-01 1.03476753e-01 1.06875031e-01 1.25258711e-01 1.58981266e-01 2.02873726e-01 2.47311852e-01 2.77442678e-01 2.81088118e-01 2.53883930e-01 2.03350741e-01 1.33966883e-01 2.86007224e-02 -1.08426876e-01 -2.31397907e-01 -3.21563773e-01 -3.80170036e-01 -4.26436896e-01 -5.57300087e-01 -7.79390664e-01
1.24000000e+01 9.05370635e-01 9.08794039e-01 8.19533270e-01 7.05305318e-01 5.53477436e-01 3.98043107e-01 2.93543255e-01 2.53196014e-01 2.22796737e-01 1.83599916e-01 1.51335246e-01 1.10263253e-01 8.93441434e-02 6.26094802e-02 3.54969184e-02 -2.25551328e-04 -4.10919051e-02 -7.32804361e-02 -1.01865211e-01 -1.29194807e-01 -1.47777629e-01 -1.46409078e-01 -1.23885783e-01 -9.33195996e-02 -7.86462453e-02 -9.81502959e-02 -1.52829036e-01 -2.20354628e-01 -2.74936990e-01 -3.01894835e-01 -3.08519914e-01 -3.06482184e-01 -3.07505763e-01 -3.16206436e-01 -3.31354205e-01 -3.52767393e-01 -3.77509964e-01 -3.99415036e-01 -4.16064494e-01 -4.26063151e-01 -4.28980882e-01 -4.23887730e-01 -4.10236583e-01 -3.87603738e-01 -3.55722816e-01 -3.15963812e-01 -2.68687788e-01 -2.15842883e-01 -1.57788177e-01 -9.46897009e-02 -2.80895465e-02 3.86099522e-02 1.00031825e-01 1.49877756e-01 1.84171349e-01 2.01469510e-01 2.02879067e-01 1.91333303e-01 1.71308855e-01 1.48369304e-01 1.27753411e-01 1.13697521e-01 1.08301187e-01 1.12047238e-01 1.22797002e-01 1.37645739e-01 1.51487996e-01 1.56693483e-01 1.44731452e-01 1.11378854e-01 6.31849429e-02 1.87090337e-02 -2.19575845e-03 9.65316890e-03 4.75164656e-02 9.28777227e-02 1.26965287e-01 1.40897484e-01 1.37538866e-01 1.25009278e-01 1.12101447e-01 1.05549467e-01 1.10547814e-01 1.30549061e-01 1.65647343e-01 2.10252464e-01 2.54442170e-01 2.83221118e-01 2.85209294e-01 2.57127393e-01 2.06763517e-01 1.36860278e-01 2.91719674e-02 -1.08216741e-01 -2.29720542e-01 -3.20552707e-01 -3.79730978e-01 -4.27430211e-01 -5.60321373e-01 -7.79749079e-01
1.25000000e+01 8.99770848e-01 9.05592809e-01 8.15793538e-01 6.99197038e-01 5.46216112e-01 3.91493398e-01 2.88350139e-01 2.47634553e-01 2.22105113e-01 1.81402005e-01 1.49032406e-01 1.06793379e-01 8.61647101e-02 6.10343894e-02 3.44705144e-02 9.10466923e-05 -4.03226308e-02 -7.27844325e-02 -1.00463175e-01 -1.25952481e-01 -1.42560487e-01 -1.39083065e-01 -1.14981182e-01 -8.33048914e-02 -6.81262587e-02 -8.70105220e-02 -1.41628839e-01 -2.10122260e-01 -2.67153786e-01 -2.97157029e-01 -3.06560302e-01 -3.06741718e-01 -3.09227866e-01 -3.19162947e-01 -3.35147575e-01 -3.56879391e-01 -3.81843996e-01 -4.03853657e-01 -4.20448326e-01 -4.30312760e-01 -4.33143217e-01 -4.28056408e-01 -4.14512152e-01 -3.91985104e-01 -3.60032323e-01 -3.19887250e-01 -2.71677171e-01 -2.17377397e-01 -1.57485162e-01 -9.23676493e-02 -2.39705829e-02 4.40202464e-02 1.06105444e-01 1.56102881e-01 1.90312624e-01 2.07515777e-01 2.08896964e-01 1.97321495e-01 1.77127646e-01 1.53751589e-01 1.32408293e-01 1.17406806e-01 1.10938429e-01 1.13577865e-01 1.23121908e-01 1.36647090e-01 1.48830741e-01 1.51962002e-01 1.37659701e-01 1.02226370e-01 5.27848739e-02 7.95021217e-03 -1.28859523e-02 -9.34906227e-04 3.73084588e-02 8.37708868e-02 1.19768083e-01 1.35956294e-01 1.34718760e-01 1.23995198e-01 1.12671469e-01 1.07690539e-01 1.14315833e-01 1.35932173e-01 1.72359042e-01 2.17584217e-01 2.61418537e-01 2.88745022e-01 2.89084741e-01 2.60218555e-01 2.10008046e-01 1.39433766e-01 2.95021588e-02 -1.07838941e-01 -2.27868776e-01 -3.19434391e-01 -3.79065357e-01 -4.28305066e-01 -5.63193708e-01 -7.79930789e-01
1.26000000e+01 8.93867819e-01 9.02192129e-01 8.11780828e-01 6.93235840e-01 5.38918668e-01 3.85038593e-01 2.83383888e-01 2.42012549e-01 2.21273622e-01 1.79575849e-01 1.46891130e-01 1.03560348e-01 8.28857475e-02 5.94069807e-02 3.33632541e-02 3.33801904e-04 -3.94710913e-02 -7.22121683e-02 -9.90160744e-02 -1.22672520e-01 -1.37280296e-01 -1.31737635e-01 -1.06123433e-01 -7.34297329e-02 -5.77896127e-02 -7.60796801e-02 -1.30564768e-01 -1.99932932e-01 -2.59301637e-01 -2.92333784e-01 -3.04526525e-01 -3.06975389e-01 -3.10957294e-01 -3.22122319e-01 -3.38963284e-01 -3.61001451e-01 -3.86152259e-01 -4.08244146e-01 -4.24765932e-01 -4.34487242e-01 -4.37222153e-01 -4.32133194e-01 -4.18691863e-01 -3.96271159e-01 -3.64256956e-01 -3.23737705e-01 -2.74610597e-01 -2.18863971e-01 -1.57152351e-01 -9.00351345e-02 -1.98778738e-02 4.93594793e-02 1.12063532e-01 1.62187081e-01 1.96308405e-01 2.13427896e-01 2.14801985e-01 2.03230197e-01 1.82901823e-01 1.59128952e-01 1.37092390e-01 1.21165189e-01 1.13624361e-01 1.15140063e-01 1.23449841e-01 1.35618094e-01 1.46103853e-01 1.47141316e-01 1.30514815e-01 9.30701489e-02 4.24747405e-02 -2.64566409e-03 -2.33879540e-02 -1.13558624e-02 2.72032556e-02 7.46804858e-02 1.12517289e-01 1.30937661e-01 1.31839261e-01 1.22962296e-01 1.13269982e-01 1.09899867e-01 1.18178217e-01 1.41405096e-01 1.79111186e-01 2.24860399e-01 2.68233761e-01 2.94013052e-01 2.92724065e-01 2.63167616e-01 2.13071472e-01 1.41676998e-01 2.96148944e-02 -1.07282222e-01 -2.25868201e-01 -3.18202624e-01 -3.78173779e-01 -4.29064240e-01 -5.65913638e-01 -7.79934090e-01
1.27000000e+01 8.87645679e-01 8.98612562e-01 8.07475656e-01 6.87429644e-01 5.31610686e-01 3.78674923e-01 2.78623638e-01 2.36388663e-01 2.20241090e-01 1.78113042e-01 1.44908954e-01 1.00581707e-01 7.95233501e-02 5.77151781e-02 3.21856044e-02 4.97066282e-04 -3.85468274e-02 -7.15555620e-02 -9.75167230e-02 -1.19355966e-01 -1.31937267e-01 -1.24376662e-01 -9.73131874e-02 -6.36973382e-02 -4.76345752e-02 -6.53615296e-02 -1.19642737e-01 -1.89795721e-01 -2.51386646e-01 -2.87424959e-01 -3.02417599e-01 -3.07177409e-01 -3.12692461e-01 -3.25080435e-01 -3.42796431e-01 -3.65131322e-01 -3.90434278e-01 -4.12586764e-01 -4.29017534e-01 -4.38587228e-01 -4.41218961e-01 -4.36119217e-01 -4.22775953e-01 -4.00460592e-01 -3.68394569e-01 -3.27510363e-01 -2.77483815e-01 -2.20298765e-01 -1.56788970e-01 -8.76936531e-02 -1.58159724e-02 5.46227059e-02 1.17901996e-01 1.68128411e-01 2.02158484e-01 2.19206474e-01 2.20594525e-01 2.09060015e-01 1.88629545e-01 1.64500309e-01 1.41804437e-01 1.24971587e-01 1.16357834e-01 1.16732433e-01 1.23779624e-01 1.34556525e-01 1.43305391e-01 1.42231303e-01 1.23299863e-01 8.39159394e-02 3.22593988e-02 -1.30764865e-02 -3.37019358e-02 -2.16085523e-02 1.72045542e-02 6.56114365e-02 1.05216439e-01 1.25842123e-01 1.28899683e-01 1.21909369e-01 1.13897047e-01 1.12177188e-01 1.22133868e-01 1.46964416e-01 1.85898232e-01 2.32072319e-01 2.74880766e-01 2.99025090e-01 2.96137388e-01 2.65983718e-01 2.15939279e-01 1.43582791e-01 2.95360278e-02 -1.06539658e-01 -2.23744085e-01 -3.16849543e-01 -3.77059178e-01 -4.29709350e-01 -5.68478144e-01 -7.79756995e-01
1.28000000e+01 8.81088511e-01 8.94874017e-01 8.02863667e-01 6.81779339e-01 5.24321491e-01 3.72398955e-01 2.74044776e-01 2.30821215e-01 2.18955159e-01 1.76997609e-01 1.43085231e-01 9.78712606e-02 7.60972859e-02 5.59465352e-02 3.09477652e-02 5.76780063e-04 -3.75604923e-02 -7.08070858e-02 -9.59578002e-02 -1.16003499e-01 -1.26532177e-01 -1.17004075e-01 -8.85513573e-02 -5.41104777e-02 -3.76593735e-02 -5.48589414e-02 -1.08868640e-01 -1.79719342e-01 -2.43415697e-01 -2.82430502e-01 -3.00233010e-01 -3.07341879e-01 -3.14431520e-01 -3.28033334e-01 -3.46641980e-01 -3.69266383e-01 -3.94689586e-01 -4.16881708e-01 -4.33203572e-01 -4.42613351e-01 -4.45134919e-01 -4.40015615e-01 -4.26764728e-01 -4.04552259e-01 -3.72443051e-01 -3.31200443e-01 -2.80292452e-01 -2.21678004e-01 -1.56394335e-01 -8.53447878e-02 -1.17895063e-02 5.98050047e-02 1.23616895e-01 1.73925100e-01 2.07862763e-01 2.24852198e-01 2.26275180e-01 2.14811521e-01 1.94308900e-01 1.69864730e-01 1.46542985e-01 1.28824741e-01 1.19137517e-01 1.18353477e-01 1.24110114e-01 1.33460092e-01 1.40433627e-01 1.37232118e-01 1.16018273e-01 7.47696252e-02 2.21435130e-02 -2.33404977e-02 -4.38284025e-02 -3.16921436e-02 7.31589534e-03 5.65687146e-02 9.78693964e-02 1.20670491e-01 1.25899567e-01 1.20835303e-01 1.14552690e-01 1.14522086e-01 1.26181408e-01 1.52606295e-01 1.92714219e-01 2.39211205e-01 2.81352689e-01 3.03782280e-01 2.99335170e-01 2.68674801e-01 2.18595555e-01 1.45147386e-01 2.92931611e-02 -1.05608766e-01 -2.21520717e-01 -3.15366064e-01 -3.75726683e-01 -4.30240800e-01 -5.70884696e-01 -7.79397203e-01
1.29000000e+01 8.74180584e-01 8.90995211e-01 7.97936045e-01 6.76278963e-01 5.17083456e-01 3.66207828e-01 2.69619933e-01 2.25366262e-01 2.17373611e-01 1.76205988e-01 1.41421062e-01 9.54389516e-02 7.26306550e-02 5.40887685e-02 2.96593221e-02 5.70506508e-04 -3.65236016e-02 -6.99599212e-02 -9.43319265e-02 -1.12615353e-01 -1.21066404e-01 -1.09623805e-01 -7.98391665e-02 -4.46714165e-02 -2.78622802e-02 -4.45738823e-02 -9.82483649e-02 -1.69712112e-01 -2.35396419e-01 -2.77350509e-01 -2.97972687e-01 -3.07462863e-01 -3.16172304e-01 -3.30977248e-01 -3.50494790e-01 -3.73403653e-01 -3.98917693e-01 -4.21129130e-01 -4.37324694e-01 -4.46566264e-01 -4.48971328e-01 -4.43823515e-01 -4.30658553e-01 -4.08545236e-01 -3.76400243e-01 -3.34803261e-01 -2.83031999e-01 -2.22998007e-01 -1.55967790e-01 -8.29902648e-02 -7.80314498e-03 6.49014782e-02 1.29204446e-01 1.79575546e-01 2.13421253e-01 2.30365832e-01 2.31844766e-01 2.20485195e-01 1.99937988e-01 1.75221381e-01 1.51306363e-01 1.32723225e-01 1.21961930e-01 1.20001602e-01 1.24440198e-01 1.32326442e-01 1.37487089e-01 1.32144198e-01 1.08673839e-01 6.56372038e-02 1.21315420e-02 -3.34362875e-02 -5.37681695e-02 -4.16061083e-02 -2.45934811e-03 4.75573306e-02 9.04803550e-02 1.15423868e-01 1.22838692e-01 1.19739082e-01 1.15236876e-01 1.16934028e-01 1.30319138e-01 1.58326510e-01 1.99552728e-01 2.46268212e-01 2.87643001e-01 3.08287022e-01 3.02328014e-01 2.71247471e-01 2.21023330e-01 1.46370626e-01 2.89151116e-02 -1.04491508e-01 -2.19220834e-01 -3.13742372e-01 -3.74183434e-01 -4.30657775e-01 -5.73131293e-01 -7.78852071e-01
1.30000000e+01 8.66906588e-01 8.86993219e-01 7.92689744e-01 6.70916116e-01 5.09931168e-01 3.60099492e-01 2.65320022e-01 2.20075799e-01 2.15465379e-01 1.75707261e-01 1.39919106e-01 9.32908573e-02 6.91494357e-02 5.21303279e-02 2.83289260e-02 4.77426981e-04 -3.54482711e-02 -6.90081115e-02 -9.26317316e-02 -1.09191257e-01 -1.15541934e-01 -1.02239742e-01 -7.11781863e-02 -3.53818684e-02 -1.82416880e-02 -3.45074224e-02 -8.77877857e-02 -1.59781922e-01 -2.27337129e-01 -2.72185277e-01 -2.95636958e-01 -3.07534466e-01 -3.17912270e-01 -3.33908625e-01 -3.54349642e-01 -3.77539812e-01 -4.03118064e-01 -4.25329184e-01 -4.41381727e-01 -4.50446663e-01 -4.52729540e-01 -4.47543999e-01 -4.34457840e-01 -4.12438854e-01 -3.80263872e-01 -3.38314281e-01 -2.85697819e-01 -2.24255195e-01 -1.55508642e-01 -8.06319863e-02 -3.86159058e-03 6.99072587e-02 1.34661022e-01 1.85078315e-01 2.18834072e-01 2.35748232e-01 2.37304295e-01 2.26081428e-01 2.05515011e-01 1.80569421e-01 1.56092671e-01 1.36665455e-01 1.24829431e-01 1.21675139e-01 1.24768783e-01 1.31153154e-01 1.34464608e-01 1.26968263e-01 1.01270742e-01 5.65247695e-02 2.22774043e-03 -4.33627724e-02 -6.35223300e-02 -5.13502108e-02 -1.21179824e-02 3.85823016e-02 8.30538226e-02 1.10103657e-01 1.19717101e-01 1.18619781e-01 1.15949496e-01 1.19412398e-01 1.34544992e-01 1.64120464e-01 2.06406888e-01 2.53234427e-01 2.93745614e-01 3.12542977e-01 3.05126489e-01 2.73706888e-01 2.23204961e-01 1.47256044e-01 2.84313640e-02 -1.03194195e-01 -2.16865102e-01 -3.11968421e-01 -3.72438348e-01 -4.30958290e-01 -5.75216497e-01 -7.78118611e-01
1.31000000e+01 8.59251843e-01 8.82883106e-01 7.87127515e-01 6.65672582e-01 5.02900492e-01 3.54072934e-01 2.61115274e-01 2.14996150e-01 2.13211223e-01 1.75463654e-01 1.38583266e-01 9.14292965e-02 6.56819347e-02 5.00609858e-02 2.69639965e-02 2.98315933e-04 -3.43469412e-02 -6.79467154e-02 -9.08499104e-02 -1.05730412e-01 -1.09961351e-01 -9.48556907e-02 -6.25703629e-02 -2.62429624e-02 -8.79616582e-03 -2.46597546e-02 -7.74927348e-02 -1.49936226e-01 -2.19246757e-01 -2.66935361e-01 -2.93226490e-01 -3.07550920e-01 -3.19648451e-01 -3.36824156e-01 -3.58201273e-01 -3.81671231e-01 -4.07290082e-01 -4.29482055e-01 -4.45375630e-01 -4.54255272e-01 -4.56410987e-01 -4.51178062e-01 -4.38163004e-01 -4.16232699e-01 -3.84031512e-01 -3.41729152e-01 -2.88285154e-01 -2.25446126e-01 -1.55016134e-01 -7.82720279e-02 3.04156848e-05 7.48175293e-02 1.39983165e-01 1.90432150e-01 2.24101441e-01 2.41000365e-01 2.42654923e-01 2.31600563e-01 2.11038332e-01 1.85907920e-01 1.60899781e-01 1.40649678e-01 1.27738187e-01 1.23372377e-01 1.25094763e-01 1.29937758e-01 1.31365347e-01 1.21705312e-01 9.38135518e-02 4.74384838e-02 -7.56384323e-03 -5.31191746e-02 -7.30922191e-02 -6.09244919e-02 -2.16569974e-02 2.96486277e-02 7.55946018e-02 1.04711570e-01 1.16535124e-01 1.17476558e-01 1.16690359e-01 1.21956502e-01 1.38856540e-01 1.69983161e-01 2.13269405e-01 2.60100894e-01 2.99654946e-01 3.16555056e-01 3.07740951e-01 2.76056647e-01 2.25122564e-01 1.47810844e-01 2.78715244e-02 -1.01727287e-01 -2.14471685e-01 -3.10034418e-01 -3.70501832e-01 -4.31139278e-01 -5.77139460e-01 -7.77193504e-01
1.32000000e+01 8.51202492e-01 8.78677649e-01 7.81257760e-01 6.60525141e-01 4.96027544e-01 3.48128393e-01 2.56976242e-01 2.10166582e-01 2.10604047e-01 1.75431274e-01 1.37418269e-01 8.98530334e-02 6.22581738e-02 4.78724009e-02 2.55704855e-02 3.54610454e-05 -3.32320841e-02 -6.67719458e-02 -8.89792855e-02 -1.02231478e-01 -1.04327811e-01 -8.74753464e-02 -5.40180358e-02 -1.72552249e-02 4.75505340e-04 -1.50302258e-02 -6.73689620e-02 -1.40182037e-01 -2.11134760e-01 -2.61601648e-01 -2.90742241e-01 -3.07506675e-01 -3.21377419e-01 -3.39720776e-01 -3.62044396e-01 -3.85793988e-01 -4.11432996e-01 -4.33587955e-01 -4.49307490e-01 -4.57992837e-01 -4.60017227e-01 -4.54726611e-01 -4.41774457e-01 -4.19926602e-01 -3.87700592e-01 -3.45043747e-01 -2.90789138e-01 -2.26567534e-01 -1.54489414e-01 -7.59126128e-02 3.86809246e-03 7.96275522e-02 1.45167575e-01 1.95635971e-01 2.29223670e-01 2.46123337e-01 2.47897898e-01 2.37042935e-01 2.16506502e-01 1.91235805e-01 1.65725373e-01 1.44673954e-01 1.30686154e-01 1.25091581e-01 1.25417007e-01 1.28677737e-01 1.28188823e-01 1.16356616e-01 8.63072229e-02 3.83845377e-02 -1.72393782e-02 -6.27050089e-02 -8.24793835e-02 -7.03292477e-02 -3.10735631e-02 2.07612782e-02 6.81077603e-02 9.92496433e-02 1.13293387e-01 1.16308663e-01 1.17459190e-01 1.24565529e-01 1.43251028e-01 1.75909157e-01 2.20132595e-01 2.66858669e-01 3.05365949e-01 3.20329393e-01 3.10181405e-01 2.78298687e-01 2.26758505e-01 1.48045790e-01 2.72647900e-02 -1.00105099e-01 -2.12055901e-01 -3.07931307e-01 -3.68385453e-01 -4.31196714e-01 -5.78899913e-01 -7.76073095e-01
1.33000000e+01 8.42745672e-01 8.74387158e-01 7.75094196e-01 6.55446552e-01 4.89347616e-01 3.42267551e-01 2.52874744e-01 2.05618185e-01 2.07648849e-01 1.75561073e-01 1.36429154e-01 8.85575637e-02 5.89092368e-02 4.55586394e-02 2.41527097e-02 -3.07463112e-04 -3.21159141e-02 -6.54812786e-02 -8.70128883e-02 -9.86925727e-02 -9.86449995e-02 -8.01022809e-02 -4.55239412e-02 -8.41857461e-03 9.57431328e-03 -5.61738795e-03 -5.74220833e-02 -1.30525951e-01 -2.03011043e-01 -2.56185444e-01 -2.88185391e-01 -3.07396484e-01 -3.23095259e-01 -3.42595659e-01 -3.65873708e-01 -3.89903889e-01 -4.15545855e-01 -4.37647101e-01 -4.53178521e-01 -4.61660130e-01 -4.63549980e-01 -4.58190491e-01 -4.45292611e-01 -4.23520602e-01 -3.91268437e-01 -3.48254197e-01 -2.93204770e-01 -2.27616369e-01 -1.53927526e-01 -7.35560860e-02 7.64663622e-03 8.43326877e-02 1.50211115e-01 2.00688874e-01 2.34201151e-01 2.51118421e-01 2.53034516e-01 2.42408891e-01 2.21918258e-01 1.96551843e-01 1.70566972e-01 1.48736122e-01 1.33671100e-01 1.26830961e-01 1.25734348e-01 1.27370552e-01 1.24934903e-01 1.10923713e-01 7.87570658e-02 2.93691192e-02 -2.67952640e-02 -7.21200697e-02 -9.16855555e-02 -7.95650075e-02 -4.03650265e-02 1.19251881e-02 6.05985925e-02 9.37202410e-02 1.09992796e-01 1.15115454e-01 1.18255631e-01 1.27238483e-01 1.47725448e-01 1.81892513e-01 2.26988391e-01 2.73498893e-01 3.10874131e-01 3.23873287e-01 3.12457366e-01 2.80433201e-01 2.28095920e-01 1.47975005e-01 2.66394442e-02 -9.83454055e-02 -2.09629979e-01 -3.05651219e-01 -3.66101583e-01 -4.31125764e-01 -5.80498147e-01 -7.74753384e-01
1.34000000e+01 8.33869652e-01 8.70019400e-01 7.68655365e-01 6.50406651e-01 4.82894091e-01 3.36493689e-01 2.48784727e-01 2.01373052e-01 2.04362303e-01 1.75800021e-01 1.35620697e-01 8.75354701e-02 5.56665835e-02 4.31166556e-02 2.27132395e-02 -7.25544381e-04 -3.10101163e-02 -6.40735319e-02 -8.49440452e-02 -9.51112710e-02 -9.29170919e-02 -7.27399373e-02 -3.70911984e-02 2.67665172e-04 1.85010105e-02 3.58092814e-03 -4.76575271e-02 -1.20974185e-01 -1.94885862e-01 -2.50688565e-01 -2.85557282e-01 -3.07215480e-01 -3.24797546e-01 -3.45446198e-01 -3.69683916e-01 -3.93996513e-01 -4.19627461e-01 -4.41659704e-01 -4.56990072e-01 -4.65257997e-01 -4.67011104e-01 -4.61570522e-01 -4.48717889e-01 -4.27014873e-01 -3.94732334e-01 -3.51356881e-01 -2.95526905e-01 -2.28589832e-01 -1.53329392e-01 -7.12049006e-02 1.13612560e-02 8.89283961e-02 1.55110810e-01 2.05590112e-01 2.39034348e-01 2.55987076e-01 2.58066109e-01 2.47698758e-01 2.27272509e-01 2.01854650e-01 1.75421983e-01 1.52833772e-01 1.36690644e-01 1.28588619e-01 1.26045571e-01 1.26013653e-01 1.21603802e-01 1.05408415e-01 7.11687204e-02 2.03983910e-02 -3.62281368e-02 -8.13644120e-02 -1.00712628e-01 -8.86325162e-02 -4.95289190e-02 3.14525213e-03 5.30725815e-02 8.81260687e-02 1.06634516e-01 1.13896411e-01 1.19079232e-01 1.29974148e-01 1.52276549e-01 1.87926802e-01 2.33828347e-01 2.80012867e-01 3.16175605e-01 3.27195101e-01 3.14577729e-01 2.82458578e-01 2.29119267e-01 1.47615673e-01 2.60223863e-02 -9.64689672e-02 -2.07202933e-01 -3.03187876e-01 -3.63663045e-01 -4.30920974e-01 -5.81934960e-01 -7.73230039e-01
1.35000000e+01 8.24563960e-01 8.65579601e-01 7.61964002e-01 6.45373546e-01 4.76697376e-01 3.30811814e-01 2.44683014e-01 1.97443765e-01 2.00772002e-01 1.76092437e-01 1.34996791e-01 8.67768276e-02 5.25613472e-02 4.05467140e-02 2.12528554e-02 -1.21280639e-03 -2.99255958e-02 -6.25489193e-02 -8.27664511e-02 -9.14846364e-02 -8.71486813e-02 -6.53916289e-02 -2.87232819e-02 8.80473556e-03 2.72561223e-02 1.25675213e-02 -3.80804760e-02 -1.11532630e-01 -1.86769723e-01 -2.45113411e-01 -2.82859357e-01 -3.06959226e-01 -3.26479356e-01 -3.48269954e-01 -3.73469774e-01 -3.98067271e-01 -4.23676337e-01 -4.45625954e-01 -4.60743571e-01 -4.68787441e-01 -4.70402507e-01 -4.64867520e-01 -4.52050747e-01 -4.30409648e-01 -3.98089614e-01 -3.54348395e-01 -2.97750267e-01 -2.29485398e-01 -1.52693817e-01 -6.88616224e-02 1.50072176e-02 9.34102329e-02 1.59863866e-01 2.10339100e-01 2.43723793e-01 2.60730950e-01 2.62994044e-01 2.52912780e-01 2.32568347e-01 2.07142714e-01 1.80287701e-01 1.56964266e-01 1.39742258e-01 1.30362550e-01 1.26349366e-01 1.24604525e-01 1.18196048e-01 9.98128297e-02 6.35481220e-02 1.14784695e-02 -4.55348726e-02 -9.04383316e-02 -1.09562630e-01 -9.75327187e-02 -5.85629737e-02 -5.57368844e-03 4.55353676e-02 8.24701798e-02 1.03219958e-01 1.12651179e-01 1.19929456e-01 1.32771095e-01 1.56900786e-01 1.94005175e-01 2.40643623e-01 2.86392101e-01 3.21267181e-01 3.30304124e-01 3.16550639e-01 2.84371366e-01 2.29814870e-01 1.46987659e-01 2.54387001e-02 -9.44989684e-02 -2.04780543e-01 -3.00536926e-01 -3.61082771e-01 -4.30576469e-01 -5.83211606e-01 -7.71498424e-01
1.36000000e+01 8.14819471e-01 8.61070547e-01 7.55046293e-01 6.40314855e-01 4.70783893e-01 3.25228733e-01 2.40549941e-01 1.93833212e-01 1.96915366e-01 1.76381455e-01 1.34559819e-01 8.62696413e-02 4.96236524e-02 3.78527200e-02 1.97705822e-02 -1.76241051e-03 -2.88722429e-02 -6.09090761e-02 -8.04742312e-02 -8.78092685e-02 -8.13446878e-02 -5.80605441e-02 -2.04239834e-02 1.71943923e-02 3.58399685e-02 2.13457165e-02 -2.86957981e-02 -1.02206905e-01 -1.78673259e-01 -2.39463025e-01 -2.80093097e-01 -3.06623742e-01 -3.28135293e-01 -3.51064600e-01 -3.77226149e-01 -4.02111480e-01 -4.27690701e-01 -4.49546002e-01 -4.64440456e-01 -4.72249716e-01 -4.73726034e-01 -4.68082323e-01 -4.55291667e-01 -4.33705141e-01 -4.01337721e-01 -3.57225505e-01 -2.99869524e-01 -2.30300817e-01 -1.52019516e-01 -6.65289432e-02 1.85798929e-02 9.77738440e-02 1.64467696e-01 2.14935400e-01 2.48270087e-01 2.65351864e-01 2.67819724e-01 2.58051050e-01 2.37805057e-01 2.12414398e-01 1.85161319e-01 1.61124788e-01 1.42823229e-01 1.32150680e-01 1.26644287e-01 1.23140758e-01 1.14712446e-01 9.41393898e-02 5.59014618e-02 2.61540307e-03 -5.47125915e-02 -9.93423497e-02 -1.18237708e-01 -1.06266747e-01 -6.74651340e-02 -1.42268568e-02 3.79927161e-02 7.67559807e-02 9.97507682e-02 1.11379585e-01 1.20805680e-01 1.35627674e-01 1.61594269e-01 2.00120447e-01 2.47424977e-01 2.92628344e-01 3.26146490e-01 3.33210406e-01 3.18383377e-01 2.86166287e-01 2.30171458e-01 1.46113051e-01 2.49112695e-02 -9.24604019e-02 -2.02365449e-01 -2.97696193e-01 -3.58373477e-01 -4.30086165e-01 -5.84329725e-01 -7.69553641e-01
1.37000000e+01 8.04628469e-01 8.56492752e-01 7.47931032e-01 6.35198947e-01 4.65175169e-01 3.19753083e-01 2.36369853e-01 1.90534715e-01 1.92838275e-01 1.76610567e-01 1.34310032e-01 8.60002964e-02 4.68819752e-02 3.50424424e-02 1.82637992e-02 -2.36688788e-03 -2.78587168e-02 -5.91570549e-02 -7.80620100e-02 -8.40813640e-02 -7.55102589e-02 -5.07497641e-02 -1.21973680e-02 2.54388413e-02 4.42527046e-02 2.99192575e-02 -1.95079700e-02 -9.30024125e-02 -1.70607092e-01 -2.33741130e-01 -2.77259977e-01 -3.06205525e-01 -3.29759524e-01 -3.53827836e-01 -3.80948075e-01 -4.06124415e-01 -4.31668473e-01 -4.53419922e-01 -4.68082083e-01 -4.75646406e-01 -4.76983380e-01 -4.71215813e-01 -4.58441145e-01 -4.36901525e-01 -4.04474276e-01 -3.59985084e-01 -3.01879370e-01 -2.31034091e-01 -1.51305157e-01 -6.42096921e-02 2.20748085e-02 1.02014969e-01 1.68919950e-01 2.19378729e-01 2.52673905e-01 2.69851796e-01 2.72544599e-01 2.63113476e-01 2.42982157e-01 2.17667934e-01 1.90039928e-01 1.65312414e-01 1.45930631e-01 1.33950908e-01 1.26928722e-01 1.21620125e-01 1.11154036e-01 8.83908854e-02 4.82351400e-02 -6.18484914e-03 -6.37586594e-02 -1.08077193e-01 -1.26740114e-01 -1.14835906e-01 -7.62335574e-02 -2.28095479e-02 3.04504861e-02 7.09872349e-02 9.62288298e-02 1.10081656e-01 1.21707178e-01 1.38542024e-01 1.66352722e-01 2.06265141e-01 2.54162788e-01 2.98713603e-01 3.30812100e-01 3.35924558e-01 3.20082270e-01 2.87836292e-01 2.30180663e-01 1.45015650e-01 2.44604491e-02 -9.03794146e-02 -1.99957337e-01 -2.94665867e-01 -3.55547359e-01 -4.29443983e-01 -5.85291251e-01 -7.67390570e-01
1.38000000e+01 7.93984684e-01 8.51844689e-01 7.40648740e-01 6.29996143e-01 4.59887047e-01 3.14395300e-01 2.32131455e-01 1.87532468e-01 1.88593449e-01 1.76725193e-01 1.34244981e-01 8.59540039e-02 4.43625482e-02 3.21276353e-02 1.67284321e-02 -3.01840135e-03 -2.68922539e-02 -5.72972839e-02 -7.55250031e-02 -8.02967874e-02 -6.96506715e-02 -4.34622965e-02 -4.04772359e-03 3.35406646e-02 5.24943800e-02 3.82921969e-02 -1.05209923e-02 -8.39243735e-02 -1.62581711e-01 -2.27952176e-01 -2.74361431e-01 -3.05701561e-01 -3.31345832e-01 -3.56557320e-01 -3.84630795e-01 -4.10101364e-01 -4.35607294e-01 -4.57247652e-01 -4.71669664e-01 -4.78979476e-01 -4.80176056e-01 -4.74268936e-01 -4.61499658e-01 -4.39998955e-01 -4.07497085e-01 -3.62624068e-01 -3.03774620e-01 -2.31683426e-01 -1.50549421e-01 -6.19068389e-02 2.54876824e-02 1.06129446e-01 1.73218539e-01 2.23668952e-01 2.56936013e-01 2.74232851e-01 2.77170178e-01 2.68099783e-01 2.48099417e-01 2.22901390e-01 1.94920542e-01 1.69524120e-01 1.49061332e-01 1.35761141e-01 1.27200883e-01 1.20040634e-01 1.07522065e-01 8.25704855e-02 4.05557185e-02 -1.49164369e-02 -7.26706873e-02 -1.16643775e-01 -1.35072188e-01 -1.23241655e-01 -8.48666171e-02 -3.13171360e-02 2.29146019e-02 6.51680695e-02 9.26562505e-02 1.08757624e-01 1.22633108e-01 1.41512070e-01 1.71171492e-01 2.12431468e-01 2.60847108e-01 3.04640155e-01 3.35263626e-01 3.38457520e-01 3.21652655e-01 2.89372651e-01 2.29837485e-01 1.43720421e-01 2.41037929e-02 -8.82826273e-02 -1.97553224e-01 -2.91448590e-01 -3.52615821e-01 -4.28644061e-01 -5.86098324e-01 -7.65003901e-01
1.39000000e+01 7.82883309e-01 8.47123087e-01 7.33230747e-01 6.24679844e-01 4.54929057e-01 3.09167517e-01 2.27828023e-01 1.84802253e-01 1.84238645e-01 1.76674235e-01 1.34359016e-01 8.61152243e-02 4.20888180e-02 2.91240521e-02 1.51592280e-02 -3.70902232e-03 -2.59785206e-02 -5.53354863e-02 -7.28591199e-02 -7.64511503e-02 -6.37712363e-02 -3.62011131e-02 4.02050007e-03 4.15027416e-02 6.05650014e-02 4.64687801e-02 -1.73830600e-03 -7.49778754e-02 -1.54607351e-01 -2.22101358e-01 -2.71398825e-01 -3.05109343e-01 -3.32887665e-01 -3.59250593e-01 -3.88269781e-01 -4.14037666e-01 -4.39504580e-01 -4.61028936e-01 -4.75204219e-01 -4.82251265e-01 -4.83305424e-01 -4.77242726e-01 -4.64467651e-01 -4.42997587e-01 -4.10404122e-01 -3.65139427e-01 -3.05550295e-01 -2.32247172e-01 -1.49751052e-01 -5.96234867e-02 2.88144479e-02 1.10113225e-01 1.77361662e-01 2.27806079e-01 2.61057293e-01 2.78497234e-01 2.81698020e-01 2.73009558e-01 2.53156864e-01 2.28112633e-01 1.99800133e-01 1.73756737e-01 1.52212031e-01 1.37579290e-01 1.27458804e-01 1.18400563e-01 1.03817972e-01 7.66817523e-02 3.28698813e-02 -2.35736353e-02 -8.14465294e-02 -1.25043185e-01 -1.43236343e-01 -1.31485587e-01 -9.33629011e-02 -3.97450764e-02 1.53910231e-02 5.93029808e-02 8.90353549e-02 1.07407932e-01 1.23582498e-01 1.44535539e-01 1.76045541e-01 2.18611318e-01 2.67467717e-01 3.10400555e-01 3.39501816e-01 3.40820294e-01 3.23098889e-01 2.90765060e-01 2.29140691e-01 1.42252922e-01 2.38558377e-02 -8.61964414e-02 -1.95147834e-01 -2.88049487e-01 -3.49589243e-01 -4.27680962e-01 -5.86753185e-01 -7.62388164e-01
1.40000000e+01 7.71320998e-01 8.42323250e-01 7.25708291e-01 6.19227528e-01 4.50303960e-01 3.04083398e-01 2.23457478e-01 1.82312412e-01 1.79834709e-01 1.76411558e-01 1.34642881e-01 8.64680495e-02 4.00809821e-02 2.60513457e-02 1.35500958e-02 -4.43099219e-03 -2.51215255e-02 -5.32785597e-02 -7.00610677e-02 -7.25398924e-02 -5.78771975e-02 -2.89691853e-02 1.20027644e-02 4.93281664e-02 6.84645985e-02 5.44533298e-02 6.83728613e-03 -6.61679160e-02 -1.46693898e-01 -2.16194641e-01 -2.68373440e-01 -3.04426884e-01 -3.34378191e-01 -3.61905040e-01 -3.91860726e-01 -4.17928761e-01 -4.43357598e-01 -4.64763273e-01 -4.78686553e-01 -4.85464436e-01 -4.86372749e-01 -4.80138333e-01 -4.67345577e-01 -4.45897591e-01 -4.13193490e-01 -3.67528169e-01 -3.07201687e-01 -2.32723769e-01 -1.48908918e-01 -5.73628522e-02 3.20512621e-02 1.13962381e-01 1.81347826e-01 2.31790267e-01 2.65038755e-01 2.82647210e-01 2.86129732e-01 2.77842315e-01 2.58154759e-01 2.33299300e-01 2.04675680e-01 1.78006875e-01 1.55379313e-01 1.39403260e-01 1.27700333e-01 1.16698488e-01 1.00043374e-01 7.07286511e-02 2.51843992e-02 -3.21508637e-02 -9.00842812e-02 -1.33276665e-01 -1.51235047e-01 -1.39569402e-01 -1.01721207e-01 -4.80889048e-02 7.88571559e-03 5.33968390e-02 8.53686728e-02 1.06033248e-01 1.24554230e-01 1.47609949e-01 1.80969457e-01 2.24796264e-01 2.74014159e-01 3.15987665e-01 3.43528641e-01 3.43023648e-01 3.24424423e-01 2.92001760e-01 2.28093148e-01 1.40638735e-01 2.37279411e-02 -8.41463488e-02 -1.92734046e-01 -2.84476095e-01 -3.46476810e-01 -4.26549870e-01 -5.87258092e-01 -7.59537776e-01
1.41000000e+01 7.59295847e-01 8.37439402e-01 7.18111648e-01 6.13621602e-01 4.46007499e-01 2.99157901e-01 2.19022310e-01 1.80025022e-01 1.75443575e-01 1.75897350e-01 1.35083439e-01 8.69965271e-02 3.83556260e-02 2.29328527e-02 1.18944911e-02 -5.17695257e-03 -2.43235880e-02 -5.11344175e-02 -6.71284503e-02 -6.85583614e-02 -5.19736297e-02 -2.17695117e-02 1.98945199e-02 5.70201586e-02 7.61932922e-02 6.22501422e-02 1.52036863e-02 -5.74994504e-02 -1.38850799e-01 -2.10238759e-01 -2.65286464e-01 -3.03652721e-01 -3.35810359e-01 -3.64517851e-01 -3.95399523e-01 -4.21770222e-01 -4.47163533e-01 -4.68449887e-01 -4.82117228e-01 -4.88621885e-01 -4.89379267e-01 -4.82957059e-01 -4.70133960e-01 -4.48699128e-01 -4.15863368e-01 -3.69787375e-01 -3.08724397e-01 -2.33111690e-01 -1.48022062e-01 -5.51282325e-02 3.51945056e-02 1.17673141e-01 1.85175854e-01 2.35621810e-01 2.68881553e-01 2.86685075e-01 2.90466943e-01 2.82597558e-01 2.63093560e-01 2.38458792e-01 2.09544184e-01 1.82270860e-01 1.58559716e-01 1.41230917e-01 1.27923139e-01 1.14933298e-01 9.62000509e-02 6.47155491e-02 1.75060927e-02 -4.06427108e-02 -9.85822761e-02 -1.41345604e-01 -1.59070797e-01 -1.47494880e-01 -1.09940542e-01 -5.63442415e-02 4.04623356e-04 4.74548870e-02 8.16589292e-02 1.04634461e-01 1.25547038e-01 1.50732599e-01 1.85937460e-01 2.30977594e-01 2.80475763e-01 3.21394686e-01 3.47347357e-01 3.45077784e-01 3.25631918e-01 2.93069685e-01 2.26702070e-01 1.38902899e-01 2.37281805e-02 -8.21562599e-02 -1.90303402e-01 -2.80738220e-01 -3.43286372e-01 -4.25246755e-01 -5.87615237e-01 -7.56447082e-01
1.42000000e+01 7.46807362e-01 8.32465049e-01 7.10469332e-01 6.07850069e-01 4.42028361e-01 2.94406966e-01 2.14529396e-01 1.77897259e-01 1.71126239e-01 1.75099310e-01 1.35663540e-01 8.76849101e-02 3.69254672e-02 1.97952693e-02 1.01858314e-02 -5.94014629e-03 -2.35853523e-02 -4.89117986e-02 -6.40598619e-02 -6.45018939e-02 -4.60653394e-02 -1.46051407e-02 2.76912812e-02 6.45819702e-02 8.37513681e-02 6.98633941e-02 2.33595524e-02 -4.89774323e-02 -1.31086990e-01 -2.04241208e-01 -2.62138996e-01 -3.02785912e-01 -3.37176958e-01 -3.67086000e-01 -3.98882219e-01 -4.25557771e-01 -4.50919557e-01 -4.72087730e-01 -4.85496546e-01 -4.91726632e-01 -4.92326230e-01 -4.85700378e-01 -4.72833460e-01 -4.51402323e-01 -4.18411985e-01 -3.71914264e-01 -3.10114362e-01 -2.33409410e-01 -1.47089734e-01 -5.29229671e-02 3.82407789e-02 1.21241905e-01 1.88844885e-01 2.39301131e-01 2.72586997e-01 2.90613122e-01 2.94711288e-01 2.87274834e-01 2.67973873e-01 2.43588278e-01 2.14402649e-01 1.86544722e-01 1.61749786e-01 1.43060068e-01 1.28124720e-01 1.13104208e-01 9.22899241e-02 5.86472061e-02 9.84179583e-03 -4.90439631e-02 -1.06939087e-01 -1.49251529e-01 -1.66746108e-01 -1.55263871e-01 -1.18020111e-01 -6.45067998e-02 -7.04635278e-03 4.14827357e-02 7.79090369e-02 1.03212688e-01 1.26559504e-01 1.53900556e-01 1.90943417e-01 2.37146357e-01 2.86841638e-01 3.26615209e-01 3.50962574e-01 3.46992017e-01 3.26723400e-01 2.93954632e-01 2.24979158e-01 1.37069397e-01 2.38613105e-02 -8.02478651e-02 -1.87846639e-01 -2.76847709e-01 -3.40024371e-01 -4.23768512e-01 -5.87826670e-01 -7.53110395e-01
1.43000000e+01 7.33856418e-01 8.27393323e-01 7.02807385e-01 6.01906987e-01 4.38348350e-01 2.89847143e-01 2.09989690e-01 1.75882869e-01 1.66940812e-01 1.73993638e-01 1.36362043e-01 8.85178299e-02 3.57992040e-02 1.66682295e-02 8.41793397e-03 -6.71458963e-03 -2.29058423e-02 -4.66200556e-02 -6.08549727e-02 -6.03658987e-02 -4.01567744e-02 -7.47918867e-03 3.53886947e-02 7.20167973e-02 9.11393452e-02 7.72970584e-02 3.13043271e-02 -4.06068441e-02 -1.23410839e-01 -1.98210224e-01 -2.58932061e-01 -3.01826019e-01 -3.38470677e-01 -3.69606236e-01 -4.02304963e-01 -4.29287296e-01 -4.54622903e-01 -4.75675516e-01 -4.88824542e-01 -4.94781694e-01 -4.95214934e-01 -4.88369936e-01 -4.75444889e-01 -4.54007234e-01 -4.20837614e-01 -3.73906245e-01 -3.11367885e-01 -2.33615381e-01 -1.46111424e-01 -5.07504035e-02 4.11868956e-02 1.24665284e-01 1.92354370e-01 2.42828775e-01 2.76156560e-01 2.94433621e-01 2.98864387e-01 2.91873766e-01 2.72796399e-01 2.48684720e-01 2.19248053e-01 1.90824220e-01 1.64946110e-01 1.44888440e-01 1.28302418e-01 1.11210772e-01 8.83150470e-02 5.25287622e-02 2.19832755e-03 -5.73496316e-02 -1.15153527e-01 -1.56996098e-01 -1.74263504e-01 -1.62878271e-01 -1.25959310e-01 -7.25723957e-02 -1.44613683e-02 3.54863532e-02 7.41220890e-02 1.01769282e-01 1.27590061e-01 1.57110626e-01 1.95980845e-01 2.43293417e-01 2.93100685e-01 3.31643261e-01 3.54380281e-01 3.48774460e-01 3.27700416e-01 2.94641480e-01 2.22940641e-01 1.35160692e-01 2.41287789e-02 -7.84400507e-02 -1.85354250e-01 -2.72818173e-01 -3.36695819e-01 -4.22113066e-01 -5.87894241e-01 -7.49522032e-01
1.44000000e+01 7.20445208e-01 8.22217308e-01 6.95148789e-01 5.95792719e-01 4.34942785e-01 2.85495156e-01 2.05417839e-01 1.73933722e-01 1.62940673e-01 1.72565767e-01 1.37154001e-01 8.94803913e-02 3.49814697e-02 1.35837922e-02 6.58546709e-03 -7.49521318e-03 -2.22825534e-02 -4.42689311e-02 -5.75146007e-02 -5.61459406e-02 -3.42519437e-02 -3.94856305e-04 4.29826022e-02 7.93276973e-02 9.83580329e-02 8.45548239e-02 3.90382439e-02 -3.23927163e-02 -1.15830109e-01 -1.92154742e-01 -2.55666629e-01 -3.00773079e-01 -3.39684174e-01 -3.72075071e-01 -4.05663958e-01 -4.32954859e-01 -4.58270925e-01 -4.79211790e-01 -4.92100992e-01 -4.97789950e-01 -4.98046751e-01 -4.90967538e-01 -4.77969183e-01 -4.56513826e-01 -4.23138590e-01 -3.75760950e-01 -3.12481683e-01 -2.33728032e-01 -1.45086896e-01 -4.86138681e-02 4.40298685e-02 1.27940126e-01 1.95704049e-01 2.46205397e-01 2.79591875e-01 2.98148795e-01 3.02927832e-01 2.96394072e-01 2.77561896e-01 2.53744887e-01 2.24077312e-01 1.95104899e-01 1.68145334e-01 1.46713672e-01 1.28453440e-01 1.09252899e-01 8.42775928e-02 4.63657232e-02 -5.41753138e-03 -6.55549740e-02 -1.23224647e-01 -1.64581102e-01 -1.81625512e-01 -1.70340025e-01 -1.33757717e-01 -8.05369607e-02 -2.18346423e-02 2.94720498e-02 7.03013527e-02 1.00305835e-01 1.28636993e-01 1.60359345e-01 2.01042907e-01 2.49409504e-01 2.99241627e-01 3.36473380e-01 3.57607827e-01 3.50431760e-01 3.28564181e-01 2.95114453e-01 2.20607174e-01 1.33197335e-01 2.45287893e-02 -7.67483874e-02 -1.82817032e-01 -2.68664654e-01 -3.33304326e-01 -4.20279437e-01 -5.87819547e-01 -7.45676346e-01
1.45000000e+01 7.06577190e-01 8.16930341e-01 6.87512995e-01 5.89513947e-01 4.31781100e-01 2.81367414e-01 2.00831705e-01 1.72001390e-01 1.59172803e-01 1.70810834e-01 1.38011016e-01 9.05581933e-02 3.44728919e-02 1.05758458e-02 4.68440100e-03 -8.27796889e-03 -2.17115780e-02 -4.18683270e-02 -5.40407651e-02 -5.18378269e-02 -2.83543537e-02 6.64456243e-03 5.04690977e-02 8.65175114e-02 1.05408567e-01 9.16400257e-02 4.65623129e-02 -2.43401295e-02 -1.08351937e-01 -1.86084339e-01 -2.52343645e-01 -2.99627565e-01 -3.40810147e-01 -3.74488785e-01 -4.08955418e-01 -4.36556710e-01 -4.61861158e-01 -4.82694997e-01 -4.95325440e-01 -5.00754012e-01 -5.00823136e-01 -4.93495143e-01 -4.80407357e-01 -4.58921930e-01 -4.25313352e-01 -3.77476240e-01 -3.13452927e-01 -2.33745774e-01 -1.44016204e-01 -4.65166380e-02 4.67668923e-02 1.31063546e-01 1.98893926e-01 2.49431763e-01 2.82894736e-01 3.01760810e-01 3.06903176e-01 3.00835567e-01 2.82271137e-01 2.58765357e-01 2.28887281e-01 1.99382157e-01 1.71344163e-01 1.48533297e-01 1.28574877e-01 1.07230882e-01 8.01798453e-02 4.01639431e-02 -1.29990564e-02 -7.36555096e-02 -1.31151729e-01 -1.72008454e-01 -1.88834648e-01 -1.77651108e-01 -1.41415077e-01 -8.83965589e-02 -2.91604644e-02 2.34464570e-02 6.64502648e-02 9.88241832e-02 1.29698431e-01 1.63642956e-01 2.06122399e-01 2.55485270e-01 3.05253060e-01 3.41100690e-01 3.60653824e-01 3.51968885e-01 3.29315697e-01 2.95357440e-01 2.18003619e-01 1.31197663e-01 2.50564079e-02 -7.51847016e-02 -1.80226623e-01 -2.64403259e-01 -3.29852184e-01 -4.18267776e-01 -5.87603892e-01 -7.41567755e-01
1.46000000e+01 6.92257032e-01 8.11526262e-01 6.79915607e-01 5.83083468e-01 4.28827640e-01 2.77479488e-01 1.96251836e-01 1.70038688e-01 1.55676341e-01 1.68733856e-01 1.38901752e-01 9.17372812e-02 3.42702492e-02 7.67944644e-03 2.71244301e-03 -9.05989932e-03 -2.11877584e-02 -3.94280736e-02 -5.04367210e-02 -4.74376984e-02 -2.24669661e-02 1.36356778e-02 5.78445715e-02 9.35887893e-02 1.12292436e-01 9.85555939e-02 5.38782945e-02 -1.64541951e-02 -1.00982823e-01 -1.80009167e-01 -2.48964065e-01 -2.98390350e-01 -3.41841410e-01 -3.76843445e-01 -4.12175536e-01 -4.40089284e-01 -4.65391350e-01 -4.86123552e-01 -4.98497240e-01 -5.03676106e-01 -5.03545627e-01 -4.95954855e-01 -4.82760458e-01 -4.61231205e-01 -4.27360478e-01 -3.79050199e-01 -3.14279286e-01 -2.33667013e-01 -1.42899701e-01 -4.44619106e-02 4.93953277e-02 1.34032959e-01 2.01924246e-01 2.52508752e-01 2.86067092e-01 3.05271771e-01 3.10791941e-01 3.05198168e-01 2.86924867e-01 2.63742511e-01 2.33674773e-01 2.03651294e-01 1.74539342e-01 1.50344730e-01 1.28663728e-01 1.05145425e-01 7.60241931e-02 3.39296048e-02 -2.05395967e-02 -8.16470318e-02 -1.38934268e-01 -1.79280174e-01 -1.95893409e-01 -1.84813528e-01 -1.48931303e-01 -9.61474054e-02 -3.64332024e-02 1.74165023e-02 6.25724276e-02 9.73264055e-02 1.30772363e-01 1.66957408e-01 2.11211739e-01 2.61511318e-01 3.11123525e-01 3.45521009e-01 3.63527976e-01 3.53388997e-01 3.29955856e-01 2.95354364e-01 2.15158689e-01 1.29177580e-01 2.57037080e-02 -7.37567439e-02 -1.77575991e-01 -2.60050781e-01 -3.26340493e-01 -4.16079360e-01 -5.87248271e-01 -7.37190777e-01
1.47000000e+01 6.77490561e-01 8.05999624e-01 6.72368207e-01 5.76519765e-01 4.26042618e-01 2.73845551e-01 1.91700897e-01 1.68001145e-01 1.52481395e-01 1.66349611e-01 1.39792597e-01 9.30040384e-02 3.43667133e-02 4.93011168e-03 6.69441569e-04 -9.83916012e-03 -2.07048708e-02 -3.69577062e-02 -4.67069766e-02 -4.29421263e-02 -1.65921805e-02 2.05750089e-02 6.51057423e-02 1.00543726e-01 1.19011493e-01 1.05304030e-01 6.09886636e-02 -8.74001283e-03 -9.37286455e-02 -1.73939865e-01 -2.45528899e-01 -2.97062663e-01 -3.42770973e-01 -3.79134926e-01 -4.15320454e-01 -4.43549195e-01 -4.68859485e-01 -4.89495907e-01 -5.01615617e-01 -5.06557968e-01 -5.06215824e-01 -4.98348929e-01 -4.85029525e-01 -4.63441114e-01 -4.29278707e-01 -3.80481133e-01 -3.14958953e-01 -2.33490180e-01 -1.41738029e-01 -4.24527723e-02 5.19126923e-02 1.36846120e-01 2.04795466e-01 2.55437375e-01 2.89111041e-01 3.08683717e-01 3.14595619e-01 3.09481892e-01 2.91523757e-01 2.68672528e-01 2.38436592e-01 2.07907562e-01 1.77727629e-01 1.52145260e-01 1.28716916e-01 1.02997657e-01 7.18131258e-02 2.76691989e-02 -2.80325927e-02 -8.95256182e-02 -1.46571968e-01 -1.86398386e-01 -2.02804260e-01 -1.91829310e-01 -1.56306461e-01 -1.03785882e-01 -4.36473131e-02 1.13893798e-02 5.86716064e-02 9.58148184e-02 1.31856638e-01 1.70298340e-01 2.16302961e-01 2.67478228e-01 3.16841600e-01 3.49730977e-01 3.66240831e-01 3.54693381e-01 3.30485505e-01 2.95089591e-01 2.12104476e-01 1.27150442e-01 2.64599525e-02 -7.24679636e-02 -1.74859876e-01 -2.55624300e-01 -3.22769319e-01 -4.13716557e-01 -5.86753362e-01 -7.32540061e-01
1.48000000e+01 6.62284716e-01 8.00345845e-01 6.64878330e-01 5.69846385e-01 4.23383227e-01 2.70477820e-01 1.87203078e-01 1.65848353e-01 1.49608175e-01 1.63682203e-01 1.40648461e-01 9.43450248e-02 3.47521601e-02 2.36308758e-03 -1.44225305e-03 -1.06149845e-02 -2.02558478e-02 -3.44662516e-02 -4.28572870e-02 -3.83482125e-02 -1.07318418e-02 2.74590004e-02 7.22496839e-02 1.07384119e-01 1.25567971e-01 1.11887411e-01 6.78965581e-02 -1.20261341e-03 -8.65946778e-02 -1.67887463e-01 -2.42039256e-01 -2.95646051e-01 -3.43592128e-01 -3.81358924e-01 -4.18386246e-01 -4.46933220e-01 -4.72263777e-01 -4.92810595e-01 -5.04679732e-01 -5.09400759e-01 -5.08835369e-01 -5.00679750e-01 -4.87215559e-01 -4.65550906e-01 -4.31066948e-01 -3.81767561e-01 -3.15490657e-01 -2.33213764e-01 -1.40532111e-01 -4.04921708e-02 5.43166580e-02 1.39501156e-01 2.07508232e-01 2.58218796e-01 2.92028828e-01 3.11998615e-01 3.18315687e-01 3.13686858e-01 2.96068335e-01 2.73551395e-01 2.43169568e-01 2.12146191e-01 1.80905753e-01 1.53932032e-01 1.28731309e-01 1.00789141e-01 6.75492337e-02 2.13895000e-02 -3.54715954e-02 -9.72876404e-02 -1.54064724e-01 -1.93365306e-01 -2.09569628e-01 -1.98700501e-01 -1.63540761e-01 -1.11308547e-01 -5.07973511e-02 5.37251919e-03 5.47517306e-02 9.42919630e-02 1.32948975e-01 1.73661077e-01 2.21387719e-01 2.73376559e-01 3.22395994e-01 3.53728192e-01 3.68803471e-01 3.55881469e-01 3.30905483e-01 2.94548377e-01 2.08875874e-01 1.25127030e-01 2.73118138e-02 -7.13174001e-02 -1.72075145e-01 -2.51140792e-01 -3.19137890e-01 -4.11182760e-01 -5.86119537e-01 -7.27610410e-01
1.49000000e+01 6.46647503e-01 7.94561304e-01 6.57449587e-01 5.63091135e-01 4.20804841e-01 2.67385999e-01 1.82783491e-01 1.63545160e-01 1.47066443e-01 1.60764350e-01 1.41433683e-01 9.57467782e-02 3.54135380e-02 1.26107676e-05 -3.61748374e-03 -1.13875880e-02 -1.98330342e-02 -3.19620274e-02 -3.88946200e-02 -3.36536902e-02 -4.88726109e-03 3.42840580e-02 7.92738516e-02 1.14111355e-01 1.31964472e-01 1.18307417e-01 7.46057083e-02 6.15310741e-03 -7.95856331e-02 -1.61863273e-01 -2.38496398e-01 -2.94142336e-01 -3.44298526e-01 -3.83510974e-01 -4.21368896e-01 -4.50238258e-01 -4.75602652e-01 -4.96066273e-01 -5.07688765e-01 -5.12205025e-01 -5.11405901e-01 -5.02949819e-01 -4.89319512e-01 -4.67559615e-01 -4.32724275e-01 -3.82908224e-01 -3.15873670e-01 -2.32836354e-01 -1.39283130e-01 -3.85828904e-02 5.66050562e-02 1.41996601e-01 2.10063345e-01 2.60854350e-01 2.94822836e-01 3.15218345e-01 3.21953620e-01 3.17813275e-01 3.00558928e-01 2.78374950e-01 2.47870586e-01 2.16362406e-01 1.84070364e-01 1.55702046e-01 1.28703738e-01 9.85218669e-02 6.32352104e-02 1.50975382e-02 -4.28502847e-02 -1.04929769e-01 -1.61412617e-01 -2.00183237e-01 -2.16191891e-01 -2.05429157e-01 -1.70634537e-01 -1.18712147e-01 -5.78779759e-02 -6.26447310e-04 5.08168973e-02 9.27605844e-02 1.34046989e-01 1.77040613e-01 2.26457297e-01 2.79196845e-01 3.27775643e-01 3.57511355e-01 3.71227150e-01 3.56950930e-01 3.31216621e-01 2.93717342e-01 2.05509890e-01 1.23115612e-01 2.82436314e-02 -7.02996958e-02 -1.69221068e-01 -2.46616762e-01 -3.15444800e-01 -4.08482290e-01 -5.85346884e-01 -7.22396803e-01
1.50000000e+01 6.30587957e-01 7.88643377e-01 6.50081914e-01 5.56285127e-01 4.18262303e-01 2.64576747e-01 1.78467579e-01 1.61062667e-01 1.44855309e-01 1.57636379e-01 1.42113020e-01 9.71955922e-02 3.63352776e-02 -2.08881211e-03 -5.84805214e-03 -1.21580240e-02 -1.94284560e-02 -2.94524587e-02 -3.48270920e-02 -2.88570192e-02 9.40752262e-04 4.10466032e-02 8.61761058e-02 1.20726410e-01 1.38203947e-01 1.24565376e-01 8.11203449e-02 1.33224622e-02 -7.27057135e-02 -1.55878788e-01 -2.34901787e-01 -2.92553562e-01 -3.44884256e-01 -3.85586456e-01 -4.24264302e-01 -4.53461300e-01 -4.78874727e-01 -4.99261754e-01 -5.10641981e-01 -5.14970677e-01 -5.13929013e-01 -5.05161728e-01 -4.91342274e-01 -4.69466075e-01 -4.34249911e-01 -3.83902087e-01 -3.16107795e-01 -2.32356685e-01 -1.37992518e-01 -3.67275313e-02 5.87758928e-02 1.44331417e-01 2.12461739e-01 2.63345565e-01 2.97495585e-01 3.18344691e-01 3.25510900e-01 3.21861422e-01 3.04995590e-01 2.83138945e-01 2.52536606e-01 2.20551440e-01 1.87217994e-01 1.57452148e-01 1.28631024e-01 9.61982320e-02 5.88738615e-02 8.80057046e-03 -5.01624856e-02 -1.12448975e-01 -1.68615893e-01 -2.06854556e-01 -2.22673377e-01 -2.12017340e-01 -1.77588233e-01 -1.25993614e-01 -6.48839550e-02 -6.59972239e-03 4.68713795e-02 9.12236014e-02 1.35148212e-01 1.80431609e-01 2.31502631e-01 2.84929583e-01 3.32969796e-01 3.61080416e-01 3.73522919e-01 3.57897828e-01 3.31419696e-01 2.92584978e-01 2.02044893e-01 1.21122085e-01 2.92377080e-02 -6.94052320e-02 -1.66299498e-01 -2.42067910e-01 -3.11688236e-01 -4.05620283e-01 -5.84435239e-01 -7.16894401e-01
1.51000000e+01 6.14116109e-01 7.82590427e-01 6.42771949e-01 5.49461710e-01 4.15711228e-01 2.62053202e-01 1.74280548e-01 1.58379012e-01 1.42963375e-01 1.54344994e-01 1.42652670e-01 9.86772941e-02 3.74997294e-02 -3.91108605e-03 -8.12256653e-03 -1.29279981e-02 -1.90340839e-02 -2.69439191e-02 -3.06638790e-02 -2.39574694e-02 6.75185052e-03 4.77431420e-02 9.29547241e-02 1.27229862e-01 1.44289645e-01 1.30662316e-01 8.74450917e-02 2.03010519e-02 -6.59586704e-02 -1.49945565e-01 -2.31257138e-01 -2.90881949e-01 -3.45343917e-01 -3.87580595e-01 -4.27068278e-01 -4.56599379e-01 -4.82078776e-01 -5.02396028e-01 -5.13538794e-01 -5.17697022e-01 -5.16406192e-01 -5.07318127e-01 -4.93284678e-01 -4.71268940e-01 -4.35643210e-01 -3.84748352e-01 -3.16193358e-01 -2.31773685e-01 -1.36661949e-01 -3.49284925e-02 6.08273745e-02 1.46505010e-01 2.14704449e-01 2.65694178e-01 3.00049717e-01 3.21379317e-01 3.28989014e-01 3.25831613e-01 3.09378053e-01 2.87839142e-01 2.57164673e-01 2.24708545e-01 1.90345029e-01 1.59179035e-01 1.28510004e-01 9.38210207e-02 5.44681175e-02 2.50604964e-03 -5.74021840e-02 -1.19842525e-01 -1.75674951e-01 -2.13381711e-01 -2.29016353e-01 -2.18467117e-01 -1.84402391e-01 -1.33150069e-01 -7.18101635e-02 -1.25393846e-02 4.29196385e-02 8.96840638e-02 1.36250125e-01 1.83828378e-01 2.36514326e-01 2.90565216e-01 3.37968101e-01 3.64436702e-01 3.75701235e-01 3.58716849e-01 3.31515337e-01 2.91142172e-01 1.98519784e-01 1.19150193e-01 3.02746433e-02 -6.86203847e-02 -1.63314942e-01 -2.37508843e-01 -3.07866203e-01 -4.02602551e-01 -5.83384224e-01 -7.11098561e-01
1.52000000e+01 5.97242962e-01 7.76401731e-01 6.35513505e-01 5.42655324e-01 4.13109297e-01 2.59814563e-01 1.70246826e-01 1.55479913e-01 1.41369199e-01 1.50941832e-01 1.43021321e-01 1.00177042e-01 3.88876136e-02 -5.42715686e-03 -1.04263748e-02 -1.36996506e-02 -1.86420800e-02 -2.44416059e-02 -2.64151081e-02 -1.89551890e-02 1.25460957e-02 5.43703407e-02 9.96084011e-02 1.33621919e-01 1.50225051e-01 1.36599034e-01 9.35848484e-02 2.70848508e-02 -5.93478704e-02 -1.44075123e-01 -2.27564460e-01 -2.89129841e-01 -3.45672684e-01 -3.89488471e-01 -4.29776578e-01 -4.59649538e-01 -4.85213685e-01 -5.05468273e-01 -5.16378813e-01 -5.20382819e-01 -5.18838757e-01 -5.09421693e-01 -4.95147501e-01 -4.72966720e-01 -4.36903642e-01 -3.85446455e-01 -3.16131178e-01 -2.31086513e-01 -1.35293329e-01 -3.31879583e-02 6.27579451e-02 1.48517239e-01 2.16792584e-01 2.67902147e-01 3.02487995e-01 3.24323755e-01 3.32389455e-01 3.29724157e-01 3.13705687e-01 2.92471409e-01 2.61751906e-01 2.28829002e-01 1.93447683e-01 1.60879264e-01 1.28337570e-01 9.13933705e-02 5.00210522e-02 -3.77840790e-03 -6.45635402e-02 -1.27107972e-01 -1.82590323e-01 -2.19767205e-01 -2.35223028e-01 -2.24780550e-01 -1.91077630e-01 -1.40178818e-01 -7.86515805e-02 -1.84374325e-02 3.89663408e-02 8.81451006e-02 1.37350192e-01 1.87224879e-01 2.41482689e-01 2.96094119e-01 3.42760695e-01 3.67583011e-01 3.77771589e-01 3.59401584e-01 3.31503878e-01 2.89382734e-01 1.94973135e-01 1.17201789e-01 3.13337027e-02 -6.79278961e-02 -1.60274524e-01 -2.32952846e-01 -3.03976751e-01 -3.99435438e-01 -5.82193308e-01 -7.05004845e-01
1.53000000e+01 5.79980473e-01 7.70077376e-01 6.28298127e-01 5.35900312e-01 4.10417494e-01 2.57855760e-01 1.66389572e-01 1.52358971e-01 1.40042091e-01 1.47481861e-01 1.43191157e-01 1.01679163e-01 4.04784686e-02 -6.61357617e-03 -1.27415823e-02 -1.44753072e-02 -1.82450175e-02 -2.19494590e-02 -2.20917321e-02 -1.38512544e-02 1.83238944e-02 6.09251003e-02 1.06136234e-01 1.39902450e-01 1.56013807e-01 1.42376172e-01 9.95446686e-02 3.36702930e-02 -5.28763631e-02 -1.38278833e-01 -2.23826103e-01 -2.87299659e-01 -3.45866367e-01 -3.91305025e-01 -4.32384917e-01 -4.62608791e-01 -4.88278414e-01 -5.08477863e-01 -5.19161874e-01 -5.23026375e-01 -5.21227804e-01 -5.11475095e-01 -4.96931486e-01 -4.74557825e-01 -4.38030764e-01 -3.85996074e-01 -3.15922544e-01 -2.30294599e-01 -1.33888797e-01 -3.15078882e-02 6.45663288e-02 1.50368413e-01 2.18727308e-01 2.69971664e-01 3.04813287e-01 3.27179394e-01 3.35713690e-01 3.33539312e-01 3.17977485e-01 2.97031835e-01 2.66295476e-01 2.32908129e-01 1.96521992e-01 1.62549269e-01 1.28110703e-01 8.89187303e-02 4.55359051e-02 -1.00450590e-02 -7.16409010e-02 -1.34243148e-01 -1.89362649e-01 -2.26013591e-01 -2.41295543e-01 -2.30959695e-01 -1.97614635e-01 -1.47077356e-01 -8.54032840e-02 -2.42858301e-02 3.50163774e-02 8.66098598e-02 1.38445899e-01 1.90614711e-01 2.46397758e-01 3.01506591e-01 3.47338291e-01 3.70523681e-01 3.79742166e-01 3.59944863e-01 3.31385171e-01 2.87303916e-01 1.91442320e-01 1.15277157e-01 3.23932148e-02 -6.73073540e-02 -1.57187837e-01 -2.28411704e-01 -3.00018189e-01 -3.96125666e-01 -5.80861863e-01 -6.98609026e-01
1.54000000e+01 5.62341536e-01 7.63618108e-01 6.21115698e-01 5.29229740e-01 4.07601250e-01 2.56167224e-01 1.62730224e-01 1.49017735e-01 1.38943174e-01 1.44021675e-01 1.43138790e-01 1.03167048e-01 4.22510819e-02 -7.45098641e-03 -1.50471597e-02 -1.52572034e-02 -1.78360681e-02 -1.94701288e-02 -1.77053895e-02 -8.64770598e-03 2.40859207e-02 6.74046262e-02 1.12537699e-01 1.46071023e-01 1.61659628e-01 1.47994303e-01 1.05329637e-01 4.00543578e-02 -4.65469495e-02 -1.32567808e-01 -2.20044789e-01 -2.85393846e-01 -3.45921460e-01 -3.93025077e-01 -4.34888998e-01 -4.65474104e-01 -4.91271939e-01 -5.11424354e-01 -5.21888058e-01 -5.25625645e-01 -5.23574141e-01 -5.13480958e-01 -4.98637355e-01 -4.76040603e-01 -4.39024209e-01 -3.86397125e-01 -3.15569176e-01 -2.29397679e-01 -1.32450729e-01 -2.98900120e-02 6.62515767e-02 1.52059289e-01 2.20509824e-01 2.71905166e-01 3.07028548e-01 3.29947483e-01 3.38963132e-01 3.37277244e-01 3.22192061e-01 3.01516828e-01 2.70792557e-01 2.36941291e-01 1.99563804e-01 1.64185382e-01 1.27826516e-01 8.64008070e-02 4.10161097e-02 -1.62860754e-02 -7.86288112e-02 -1.41246151e-01 -1.95992664e-01 -2.32123464e-01 -2.47235975e-01 -2.37006600e-01 -2.04014148e-01 -1.53843354e-01 -9.20604453e-02 -3.00765517e-02 3.10748846e-02 8.50814465e-02 1.39534785e-01 1.93991120e-01 2.51249336e-01 3.06792844e-01 3.51692275e-01 3.73264595e-01 3.81619534e-01 3.60339118e-01 3.31158369e-01 2.84906883e-01 1.87962650e-01 1.13375358e-01 3.34309928e-02 -6.67357679e-02 -1.54066692e-01 -2.23895590e-01 -2.95989275e-01 -3.92680167e-01 -5.79389232e-01 -6.91907100e-01
1.55000000e+01 5.44339977e-01 7.57025158e-01 6.13955083e-01 5.22674262e-01 4.04631444e-01 2.54734773e-01 1.59288108e-01 1.45465514e-01 1.38026706e-01 1.40617734e-01 1.42846107e-01 1.04623105e-01 4.41838892e-02 -7.92450842e-03 -1.73191468e-02 -1.60471866e-02 -1.74091588e-02 -1.70049898e-02 -1.32682477e-02 -3.34756759e-03 2.98330303e-02 7.38064884e-02 1.18812616e-01 1.52126960e-01 1.67166216e-01 1.53454015e-01 1.10944750e-01 4.62346489e-02 -4.03622498e-02 -1.26952802e-01 -2.16223646e-01 -2.83414833e-01 -3.45835171e-01 -3.94643362e-01 -4.37284543e-01 -4.68242380e-01 -4.94193195e-01 -5.14307473e-01 -5.24557690e-01 -5.28178359e-01 -5.25878250e-01 -5.15441821e-01 -5.00265840e-01 -4.77413384e-01 -4.39883657e-01 -3.86649755e-01 -3.15073187e-01 -2.28395820e-01 -1.30981741e-01 -2.83358291e-02 6.78131123e-02 1.53591064e-01 2.22141366e-01 2.73705334e-01 3.09136803e-01 3.32629133e-01 3.42139094e-01 3.40937998e-01 3.26347676e-01 3.05923199e-01 2.75240285e-01 2.40923911e-01 2.02568782e-01 1.65783849e-01 1.27482298e-01 8.38435013e-02 3.64653263e-02 -2.24935901e-02 -8.55220214e-02 -1.48115336e-01 -2.02481171e-01 -2.38099447e-01 -2.53046335e-01 -2.42923297e-01 -2.10276950e-01 -1.60474664e-01 -9.86183244e-02 -3.58016248e-02 2.71472584e-02 8.35628666e-02 1.40614472e-01 1.97346999e-01 2.56027035e-01 3.11943001e-01 3.55814804e-01 3.75813136e-01 3.83408381e-01 3.60576782e-01 3.30821696e-01 2.82197129e-01 1.84566552e-01 1.11494609e-01 3.44247730e-02 -6.61882301e-02 -1.50924766e-01 -2.19413015e-01 -2.91889378e-01 -3.89105931e-01 -5.77774806e-01 -6.84895295e-01
1.56000000e+01 5.25990540e-01 7.50300057e-01 6.06804770e-01 5.16261068e-01 4.01485244e-01 2.53539619e-01 1.56080098e-01 1.41718981e-01 1.37241587e-01 1.37324601e-01 1.42300989e-01 1.06028791e-01 4.62553277e-02 -8.02402009e-03 -1.95309507e-02 -1.68464098e-02 -1.69590988e-02 -1.45541935e-02 -8.79283128e-03 2.04514708e-03 3.55661658e-02 8.01286734e-02 1.24961117e-01 1.58069392e-01 1.72537170e-01 1.58755999e-01 1.16394807e-01 5.22094655e-02 -3.43247650e-02 -1.21444107e-01 -2.12366228e-01 -2.81364994e-01 -3.45605445e-01 -3.96154566e-01 -4.39567309e-01 -4.70910464e-01 -4.97041019e-01 -5.17127094e-01 -5.27171327e-01 -5.30682133e-01 -5.28140250e-01 -5.17360096e-01 -5.01817703e-01 -4.78674509e-01 -4.40608830e-01 -3.86754330e-01 -3.14437043e-01 -2.27289457e-01 -1.29484692e-01 -2.68466107e-02 6.92507730e-02 1.54965361e-01 2.23623204e-01 2.75375095e-01 3.11141123e-01 3.35225328e-01 3.45242740e-01 3.44521484e-01 3.30442281e-01 3.10248230e-01 2.79635694e-01 2.44851480e-01 2.05532401e-01 1.67340849e-01 1.27075562e-01 8.12508363e-02 3.18874800e-02 -2.86597474e-02 -9.23154946e-02 -1.54849302e-01 -2.08829030e-01 -2.43944188e-01 -2.58728567e-01 -2.48711806e-01 -2.16403855e-01 -1.66969311e-01 -1.05072267e-01 -4.14531684e-02 2.32391625e-02 8.20569814e-02 1.41682680e-01 2.00674900e-01 2.60720311e-01 3.16947084e-01 3.59698917e-01 3.78178089e-01 3.85111310e-01 3.60650678e-01 3.30372239e-01 2.79184801e-01 1.81282811e-01 1.09632658e-01 3.53526635e-02 -6.56386454e-02 -1.47777172e-01 -2.14970840e-01 -2.87718612e-01 -3.85409841e-01 -5.76018093e-01 -6.77570072e-01
1.57000000e+01 5.07308884e-01 7.43444432e-01 5.99653497e-01 5.10012953e-01 3.98146746e-01 2.52558514e-01 1.53120332e-01 1.37801563e-01 1.36533025e-01 1.34193214e-01 1.41497893e-01 1.07364714e-01 4.84441317e-02 -7.74432258e-03 -2.16537279e-02 -1.76550282e-02 -1.64816693e-02 -1.21167568e-02 -4.29183629e-03 7.52544410e-03 4.12862568e-02 8.63696276e-02 1.30983601e-01 1.63897322e-01 1.77775906e-01 1.63901126e-01 1.21684303e-01 5.79778617e-02 -2.84369349e-02 -1.16051453e-01 -2.08476531e-01 -2.79246626e-01 -3.45230971e-01 -3.97553379e-01 -4.41733103e-01 -4.73475166e-01 -4.99814094e-01 -5.19883201e-01 -5.29729735e-01 -5.33134597e-01 -5.30359879e-01 -5.19238015e-01 -5.03293768e-01 -4.79822366e-01 -4.41199467e-01 -3.86711421e-01 -3.13663525e-01 -2.26079428e-01 -1.27962681e-01 -2.54234043e-02 7.05648429e-02 1.56184222e-01 2.24956655e-01 2.76917604e-01 3.13044602e-01 3.37736933e-01 3.48275035e-01 3.48027474e-01 3.34473570e-01 3.14489700e-01 2.83975666e-01 2.48719569e-01 2.08449965e-01 1.68852510e-01 1.26604099e-01 7.86268830e-02 2.72867973e-02 -3.47767534e-02 -9.90044124e-02 -1.61446881e-01 -2.15037131e-01 -2.49660344e-01 -2.64284543e-01 -2.54374123e-01 -2.22395695e-01 -1.73325489e-01 -1.11417704e-01 -4.70234271e-02 1.93565251e-02 8.05664760e-02 1.42737230e-01 2.03967050e-01 2.65318524e-01 3.21795022e-01 3.63338641e-01 3.80369484e-01 3.86728678e-01 3.60554409e-01 3.29805769e-01 2.75884910e-01 1.78135903e-01 1.07787157e-01 3.61935973e-02 -6.50605101e-02 -1.44639957e-01 -2.10574347e-01 -2.83477933e-01 -3.81598542e-01 -5.74118784e-01 -6.69928141e-01
1.58000000e+01 4.88311564e-01 7.36459813e-01 5.92490824e-01 5.03947528e-01 3.94607391e-01 2.51764035e-01 1.50419988e-01 1.33742651e-01 1.35844302e-01 1.31269250e-01 1.40438267e-01 1.08610826e-01 5.07295665e-02 -7.08519331e-03 -2.36568384e-02 -1.84719113e-02 -1.59736713e-02 -9.69068643e-03 2.22066089e-04 1.30873734e-02 4.69941138e-02 9.25282920e-02 1.36880696e-01 1.69609689e-01 1.82885581e-01 1.68890525e-01 1.26817346e-01 6.35396905e-02 -2.27011852e-02 -1.10783919e-01 -2.04559002e-01 -2.77061925e-01 -3.44711185e-01 -3.98834548e-01 -4.43777788e-01 -4.75933284e-01 -5.02510899e-01 -5.22575852e-01 -5.32233854e-01 -5.35533492e-01 -5.32536491e-01 -5.21077584e-01 -5.04694934e-01 -4.80855418e-01 -4.41655319e-01 -3.86521791e-01 -3.12755685e-01 -2.24767012e-01 -1.26419034e-01 -2.40670358e-02 7.17560775e-02 1.57250093e-01 2.26143097e-01 2.78336227e-01 3.14850337e-01 3.40164705e-01 3.51236697e-01 3.51455621e-01 3.38439048e-01 3.18645903e-01 2.88256887e-01 2.52523829e-01 2.11316627e-01 1.70314905e-01 1.26066030e-01 7.59756891e-02 2.26678408e-02 -4.08369251e-02 -1.05584181e-01 -1.67907129e-01 -2.21106388e-01 -2.55250575e-01 -2.69716070e-01 -2.59912218e-01 -2.28253308e-01 -1.79541558e-01 -1.17650149e-01 -5.25047985e-02 1.55055258e-02 7.90938411e-02 1.43776030e-01 2.07215376e-01 2.69810978e-01 3.26476640e-01 3.66729114e-01 3.82398396e-01 3.88258495e-01 3.60282709e-01 3.29116632e-01 2.72317418e-01 1.75145460e-01 1.05956000e-01 3.69277848e-02 -6.44277191e-02 -1.41529553e-01 -2.06227370e-01 -2.79169209e-01 -3.77678310e-01 -5.72076812e-01 -6.61966462e-01
1.59000000e+01 4.69016017e-01 7.29347449e-01 5.85307653e-01 4.98076623e-01 3.90866151e-01 2.51125008e-01 1.47987109e-01 1.29576674e-01 1.35118573e-01 1.28591689e-01 1.39130725e-01 1.09746706e-01 5.30915968e-02 -6.05132622e-03 -2.55083635e-02 -1.92943803e-02 -1.54329180e-02 -7.27314185e-03 4.73643132e-03 1.87240642e-02 5.26903266e-02 9.86041249e-02 1.42653220e-01 1.75205437e-01 1.87869027e-01 1.73725641e-01 1.31797578e-01 6.88956315e-02 -1.71199656e-02 -1.05649853e-01 -2.00618533e-01 -2.74812986e-01 -3.44046256e-01 -3.99992934e-01 -4.45697284e-01 -4.78281650e-01 -5.05129677e-01 -5.25205129e-01 -5.34684750e-01 -5.37876769e-01 -5.34669080e-01 -5.22880525e-01 -5.06022191e-01 -4.81772236e-01 -4.41976133e-01 -3.86186381e-01 -3.11716809e-01 -2.23353975e-01 -1.24857289e-01 -2.27781081e-02 7.28257173e-02 1.58165806e-01 2.27184004e-01 2.79634503e-01 3.16561399e-01 3.42509293e-01 3.54128154e-01 3.54805493e-01 3.42336092e-01 3.22715623e-01 2.92475816e-01 2.56259983e-01 2.14127417e-01 1.71724054e-01 1.25459853e-01 7.33012126e-02 1.80355331e-02 -4.68327357e-02 -1.12050439e-01 -1.74229312e-01 -2.27037715e-01 -2.60717536e-01 -2.75024885e-01 -2.65328031e-01 -2.33977526e-01 -1.85616039e-01 -1.23765205e-01 -5.78898574e-02 1.16925732e-02 7.76413659e-02 1.44797052e-01 2.10411529e-01 2.74186985e-01 3.30981666e-01 3.69866691e-01 3.84276696e-01 3.89696386e-01 3.59831753e-01 3.28297704e-01 2.68507165e-01 1.72325871e-01 1.04137603e-01 3.75371573e-02 -6.37153770e-02 -1.38462192e-01 -2.01932465e-01 -2.74795245e-01 -3.73654962e-01 -5.69892410e-01 -6.53682261e-01
1.60000000e+01 4.49440538e-01 7.22108143e-01 5.78096658e-01 4.92405879e-01 3.86929473e-01 2.50607058e-01 1.45826485e-01 1.25342046e-01 1.34300639e-01 1.26191615e-01 1.37590954e-01 1.10751957e-01 5.55109916e-02 -4.65215977e-03 -2.71756774e-02 -2.01179783e-02 -1.48581723e-02 -4.86063442e-03 9.23924428e-03 2.44277675e-02 5.83751773e-02 1.04597106e-01 1.48302147e-01 1.80683578e-01 1.92728705e-01 1.78408291e-01 1.36628118e-01 7.40472008e-02 -1.16957754e-02 -1.00656798e-01 -1.96660452e-01 -2.72501804e-01 -3.43237079e-01 -4.01023562e-01 -4.47487569e-01 -4.80517170e-01 -5.07668413e-01 -5.27771086e-01 -5.37083554e-01 -5.40162665e-01 -5.36756308e-01 -5.24648217e-01 -5.07276628e-01 -4.82571540e-01 -4.42161649e-01 -3.85706307e-01 -3.10550377e-01 -2.21842619e-01 -1.23281157e-01 -2.15569953e-02 7.37754921e-02 1.58934564e-01 2.28080974e-01 2.80816103e-01 3.18180820e-01 3.44771244e-01 3.56949510e-01 3.58076619e-01 3.46162017e-01 3.26698098e-01 2.96628669e-01 2.59923817e-01 2.16877284e-01 1.73075918e-01 1.24784490e-01 7.06072655e-02 1.33951724e-02 -5.27568566e-02 -1.18399069e-01 -1.80412895e-01 -2.32832018e-01 -2.66063872e-01 -2.80212665e-01 -2.70623462e-01 -2.39569158e-01 -1.91547620e-01 -1.29758560e-01 -6.31713771e-02 7.92427756e-03 7.62111384e-02 1.45798297e-01 2.13546922e-01 2.78435917e-01 3.35299732e-01 3.72749053e-01 3.86016779e-01 3.91035603e-01 3.59199416e-01 3.27340442e-01 2.64483655e-01 1.69686052e-01 1.02331128e-01 3.80057918e-02 -6.29005884e-02 -1.35453318e-01 -1.97691126e-01 -2.70359790e-01 -3.69533771e-01 -5.67566145e-01 -6.45073048e-01
1.61000000e+01 4.29604252e-01 7.14742123e-01 5.70852616e-01 4.86934557e-01 3.82810976e-01 2.50173286e-01 1.43939572e-01 1.21080037e-01 1.33338650e-01 1.24091279e-01 1.35841376e-01 1.11606698e-01 5.79693697e-02 -2.90159853e-03 -2.86260607e-02 -2.09362835e-02 -1.42490333e-02 -2.44925281e-03 1.37191180e-02 3.01898985e-02 6.40485788e-02 1.10507720e-01 1.53828578e-01 1.86043248e-01 1.97466666e-01 1.82940691e-01 1.41311524e-01 7.89967418e-02 -6.43117499e-03 -9.58114408e-02 -1.92690504e-01 -2.70130291e-01 -3.42285249e-01 -4.01921668e-01 -4.49144668e-01 -4.82636867e-01 -5.10124843e-01 -5.30273696e-01 -5.39431403e-01 -5.42389761e-01 -5.38796563e-01 -5.26381642e-01 -5.08459422e-01 -4.83252240e-01 -4.42211592e-01 -3.85082857e-01 -3.09260023e-01 -2.20235827e-01 -1.21694491e-01 -2.04038301e-02 7.46076151e-02 1.59559918e-01 2.28835766e-01 2.81884778e-01 3.19711568e-01 3.46950994e-01 3.59700523e-01 3.61268545e-01 3.49914127e-01 3.30592962e-01 3.00711411e-01 2.63511162e-01 2.19561140e-01 1.74366391e-01 1.24039318e-01 6.78974666e-02 8.75243658e-03 -5.86021939e-02 -1.24626209e-01 -1.86457535e-01 -2.38490181e-01 -2.71292210e-01 -2.85281034e-01 -2.75800367e-01 -2.45028983e-01 -1.97335149e-01 -1.35625991e-01 -6.83423505e-02 4.20741804e-03 7.48050508e-02 1.46777762e-01 2.16612770e-01 2.82547267e-01 3.39420397e-01 3.75375303e-01 3.87631256e-01 3.92267106e-01 3.58385456e-01 3.26235027e-01 2.60280676e-01 1.67229380e-01 1.00536627e-01 3.83203047e-02 -6.19632028e-02 -1.32517000e-01 -1.93504019e-01 -2.65867494e-01 -3.65319420e-01 -5.65098946e-01 -6.36136635e-01
1.62000000e+01 4.09527074e-01 7.07248938e-01 5.63572633e-01 4.81655555e-01 3.78530914e-01 2.49785043e-01 1.42324471e-01 1.16833606e-01 1.32185668e-01 1.22303441e-01 1.33910586e-01 1.12292124e-01 6.04491898e-02 -8.17641011e-04 -2.98273380e-02 -2.17407703e-02 -1.36057808e-02 -3.49036488e-05 1.81654827e-02 3.60010783e-02 6.97100394e-02 1.16336914e-01 1.59233715e-01 1.91283763e-01 2.02084532e-01 1.87325477e-01 1.45849767e-01 8.37473978e-02 -1.32878436e-03 -9.11195657e-02 -1.88714818e-01 -2.67700291e-01 -3.41193035e-01 -4.02682747e-01 -4.50664657e-01 -4.84637915e-01 -5.12496474e-01 -5.32712803e-01 -5.41729361e-01 -5.44557023e-01 -5.40788021e-01 -5.28081326e-01 -5.09571826e-01 -4.83813479e-01 -4.42125677e-01 -3.84317499e-01 -3.07849503e-01 -2.18537100e-01 -1.20101242e-01 -1.93184883e-02 7.53247702e-02 1.60045744e-01 2.29450344e-01 2.82844302e-01 3.21156524e-01 3.49048865e-01 3.62380594e-01 3.64380889e-01 3.53589763e-01 3.34400176e-01 3.04719772e-01 2.67017892e-01 2.22173895e-01 1.75591299e-01 1.23224197e-01 6.51752060e-02 4.11337878e-03 -6.43619217e-02 -1.30728265e-01 -1.92363064e-01 -2.44013058e-01 -2.76405148e-01 -2.90231578e-01 -2.80860555e-01 -2.50357737e-01 -2.02977645e-01 -1.41363362e-01 -7.33960115e-02 5.48909062e-04 7.34248098e-02 1.47733397e-01 2.19600144e-01 2.86510696e-01 3.43333174e-01 3.77746031e-01 3.89132634e-01 3.93379701e-01 3.57391632e-01 3.24970588e-01 2.55935777e-01 1.64953792e-01 9.87551228e-02 3.84702043e-02 -6.08864891e-02 -1.29665393e-01 -1.89371231e-01 -2.61323851e-01 -3.61015974e-01 -5.62492122e-01 -6.26871164e-01
1.63000000e+01 3.89229665e-01 6.99627406e-01 5.56256252e-01 4.76555648e-01 3.74115425e-01 2.49402800e-01 1.40975932e-01 1.12646221e-01 1.30801054e-01 1.20831004e-01 1.31832584e-01 1.12791123e-01 6.29336952e-02 1.57807171e-03 -3.07485217e-02 -2.25207260e-02 -1.29291826e-02 2.38644488e-03 2.25687596e-02 4.18511743e-02 7.53586496e-02 1.22086036e-01 1.64518854e-01 1.96404662e-01 2.06583497e-01 1.91565701e-01 1.50244236e-01 8.83030678e-02 3.60873186e-03 -8.65860295e-02 -1.84739881e-01 -2.65213614e-01 -3.39963348e-01 -4.03302597e-01 -4.52043665e-01 -4.86517670e-01 -5.14780630e-01 -5.35088073e-01 -5.43978347e-01 -5.46663821e-01 -5.42728727e-01 -5.29747284e-01 -5.10615143e-01 -4.84254682e-01 -4.41903615e-01 -3.83411881e-01 -3.06322666e-01 -2.16750593e-01 -1.18505414e-01 -1.83005697e-02 7.59300913e-02 1.60396213e-01 2.29926908e-01 2.83698419e-01 3.22518464e-01 3.51065060e-01 3.64988785e-01 3.67413386e-01 3.57186334e-01 3.38119963e-01 3.08649252e-01 2.70439917e-01 2.24710498e-01 1.76746410e-01 1.22339486e-01 6.24436200e-02 -5.15584689e-04 -7.00295119e-02 -1.36701919e-01 -1.98129476e-01 -2.49401464e-01 -2.81405254e-01 -2.95065847e-01 -2.85805778e-01 -2.55556112e-01 -2.08474292e-01 -1.46966622e-01 -7.83258567e-02 -3.04423627e-03 7.20719506e-02 1.48663071e-01 2.22500021e-01 2.90316083e-01 3.47027585e-01 3.79863366e-01 3.90532987e-01 3.94360241e-01 3.56221729e-01 3.23535527e-01 2.51489601e-01 1.62852057e-01 9.69886101e-02 3.84481910e-02 -5.96577186e-02 -1.26908236e-01 -1.85292521e-01 -2.56735102e-01 -3.56626864e-01 -5.59747352e-01 -6.17275126e-01
1.64000000e+01 3.68733374e-01 6.91875590e-01 5.48905442e-01 4.71615920e-01 3.69595586e-01 2.48987070e-01 1.39885418e-01 1.08560712e-01 1.29151639e-01 1.19666961e-01 1.29645823e-01 1.13088919e-01 6.54068241e-02 4.26077126e-03 -3.13604449e-02 -2.32632266e-02 -1.22202719e-02 4.81852726e-03 2.69205142e-02 4.77293460e-02 8.09930820e-02 1.27756764e-01 1.69685372e-01 2.01405732e-01 2.10964331e-01 1.95664808e-01 1.54495753e-01 9.26683452e-02 8.37869250e-03 -8.22147473e-02 -1.80772484e-01 -2.62672055e-01 -3.38599694e-01 -4.03777353e-01 -4.53277877e-01 -4.88273687e-01 -5.16974510e-01 -5.37398962e-01 -5.46179070e-01 -5.48709924e-01 -5.44616672e-01 -5.31378969e-01 -5.11590690e-01 -4.84575601e-01 -4.41545132e-01 -3.82367847e-01 -3.04683429e-01 -2.14881118e-01 -1.16911026e-01 -1.73493792e-02 7.64271372e-02 1.60615772e-01 2.30267926e-01 2.84450793e-01 3.23800033e-01 3.52999650e-01 3.67523841e-01 3.70365917e-01 3.60701348e-01 3.41752725e-01 3.12495140e-01 2.73773197e-01 2.27165953e-01 1.77827453e-01 1.21386041e-01 5.97055773e-02 -5.12769255e-03 -7.55987612e-02 -1.42544139e-01 -2.03756918e-01 -2.54656172e-01 -2.86295040e-01 -2.99785378e-01 -2.90637726e-01 -2.60624745e-01 -2.13824448e-01 -1.52431806e-01 -8.31256685e-02 -6.56494553e-03 7.07478537e-02 1.49564532e-01 2.25303348e-01 2.93953557e-01 3.50493241e-01 3.81730975e-01 3.91843616e-01 3.95193892e-01 3.54881513e-01 3.21917907e-01 2.46985105e-01 1.60912195e-01 9.52399979e-02 3.82503960e-02 -5.82686362e-02 -1.24252440e-01 -1.81267550e-01 -2.52108124e-01 -3.52154912e-01 -5.56866678e-01 -6.07347383e-01
1.65000000e+01 3.48060163e-01 6.83990828e-01 5.41524482e-01 4.66812390e-01 3.65006307e-01 2.48499373e-01 1.39041189e-01 1.04618176e-01 1.27212647e-01 1.18794660e-01 1.27392092e-01 1.13173709e-01 6.78530982e-02 7.20312563e-03 -3.16363674e-02 -2.39531745e-02 -1.14801025e-02 7.26456269e-03 3.12135818e-02 5.36241005e-02 8.66115964e-02 1.33351026e-01 1.74734736e-01 2.06287033e-01 2.15227416e-01 1.99626597e-01 1.58604617e-01 9.68484434e-02 1.29784397e-02 -7.80086942e-02 -1.76819682e-01 -2.60077426e-01 -3.37106140e-01 -4.04103521e-01 -4.54363549e-01 -4.89903721e-01 -5.19075250e-01 -5.39644682e-01 -5.48331964e-01 -5.50695480e-01 -5.46449881e-01 -5.32975233e-01 -5.12499756e-01 -4.84776346e-01 -4.41049993e-01 -3.81187437e-01 -3.02935774e-01 -2.12934149e-01 -1.15322068e-01 -1.64639085e-02 7.68198626e-02 1.60709110e-01 2.30476165e-01 2.85104959e-01 3.25003726e-01 3.54852576e-01 3.69984243e-01 3.73238528e-01 3.64132433e-01 3.45298983e-01 3.16252536e-01 2.77013763e-01 2.29535341e-01 1.78830146e-01 1.20365211e-01 5.69636762e-02 -9.71586278e-03 -8.10638157e-02 -1.48252181e-01 -2.09245668e-01 -2.59777907e-01 -2.91076952e-01 -3.04391698e-01 -2.95358021e-01 -2.65564225e-01 -2.19027628e-01 -1.57755025e-01 -8.77895375e-02 -1.00061310e-02 6.94537662e-02 1.50435382e-01 2.28001097e-01 2.97413523e-01 3.53719935e-01 3.83354054e-01 3.93074720e-01 3.95864461e-01 3.53378594e-01 3.20105916e-01 2.42466676e-01 1.59118029e-01 9.35129905e-02 3.78765481e-02 -5.67158035e-02 -1.21701755e-01 -1.77296103e-01 -2.47450303e-01 -3.47602358e-01 -5.53852471e-01 -5.97087198e-01
1.66000000e+01 3.27232535e-01 6.75969796e-01 5.34119734e-01 4.62116797e-01 3.60385093e-01 2.47903209e-01 1.38428441e-01 1.00856982e-01 1.24968348e-01 1.18188367e-01 1.25115266e-01 1.13037297e-01 7.02575039e-02 1.03758342e-02 -3.15525421e-02 -2.45733993e-02 -1.07094895e-02 9.72706441e-03 3.54421581e-02 5.95233614e-02 9.22120496e-02 1.38870902e-01 1.79668515e-01 2.11048905e-01 2.19372778e-01 2.03455163e-01 1.62570662e-01 1.00849108e-01 1.74053886e-02 -7.39699206e-02 -1.72888733e-01 -2.57431583e-01 -3.35487265e-01 -4.04278003e-01 -4.55297032e-01 -4.91405732e-01 -5.21079995e-01 -5.41824187e-01 -5.50437141e-01 -5.52620975e-01 -5.48226488e-01 -5.34534297e-01 -5.13343550e-01 -4.84857416e-01 -4.40418039e-01 -3.79872894e-01 -3.01083744e-01 -2.10915793e-01 -1.13742475e-01 -1.56428220e-02 7.71125859e-02 1.60681141e-01 2.30554703e-01 2.85664295e-01 3.26131861e-01 3.56623643e-01 3.72368263e-01 3.76031419e-01 3.67477350e-01 3.48759300e-01 3.19916367e-01 2.80157741e-01 2.31813821e-01 1.79750236e-01 1.19278808e-01 5.42202531e-02 -1.42727227e-02 -8.64191919e-02 -1.53823585e-01 -2.14596118e-01 -2.64767349e-01 -2.95753341e-01 -3.08886339e-01 -2.99968200e-01 -2.70375090e-01 -2.24083506e-01 -1.62932468e-01 -9.23118835e-02 -1.33607391e-02 6.81908252e-02 1.51273037e-01 2.30584328e-01 3.00686676e-01 3.56697760e-01 3.84739265e-01 3.94235064e-01 3.96354786e-01 3.51722213e-01 3.18088370e-01 2.37979174e-01 1.57449864e-01 9.18119209e-02 3.73300607e-02 -5.50008017e-02 -1.19256545e-01 -1.73378260e-01 -2.42769398e-01 -3.42970918e-01 -5.50707401e-01 -5.86494260e-01
1.67000000e+01 3.06273436e-01 6.67808616e-01 5.26699327e-01 4.57497522e-01 3.55770735e-01 2.47164998e-01 1.38029470e-01 9.73118710e-02 1.22412423e-01 1.17814112e-01 1.22859968e-01 1.12675666e-01 7.26053838e-02 1.37482372e-02 -3.10887283e-02 -2.51048207e-02 -9.90874423e-03 1.22076848e-02 3.96018508e-02 6.54145501e-02 9.77919114e-02 1.44318534e-01 1.84488397e-01 2.15691956e-01 2.23400148e-01 2.07154830e-01 1.66393339e-01 1.04676518e-01 2.16570858e-02 -7.00995805e-02 -1.68987045e-01 -2.54736446e-01 -3.33748122e-01 -4.04298116e-01 -4.56074790e-01 -4.92777866e-01 -5.22985958e-01 -5.43936160e-01 -5.52494366e-01 -5.54487176e-01 -5.49944810e-01 -5.36053738e-01 -5.14123153e-01 -4.84819711e-01 -4.39649226e-01 -3.78426663e-01 -2.99131459e-01 -2.08832757e-01 -1.12176091e-01 -1.48844458e-02 7.73099533e-02 1.60536983e-01 2.30506941e-01 2.86131992e-01 3.27186559e-01 3.58312523e-01 3.74674031e-01 3.78744926e-01 3.70734018e-01 3.52134211e-01 3.23481420e-01 2.83201374e-01 2.33996637e-01 1.80583549e-01 1.18129079e-01 5.14774005e-02 -1.87906455e-02 -9.16597955e-02 -1.59256174e-01 -2.19808763e-01 -2.69625139e-01 -3.00326441e-01 -3.13270843e-01 -3.04469711e-01 -2.75057835e-01 -2.28991893e-01 -1.67960403e-01 -9.66874751e-02 -1.66218047e-02 6.69600829e-02 1.52074706e-01 2.33044249e-01 3.03764006e-01 3.59417238e-01 3.85894665e-01 3.95331664e-01 3.96647176e-01 3.49922954e-01 3.15855268e-01 2.33566925e-01 1.55885245e-01 9.01415492e-02 3.66180320e-02 -5.31302852e-02 -1.16913684e-01 -1.69514536e-01 -2.38073398e-01 -3.38261853e-01 -5.47434382e-01 -5.75568719e-01
1.68000000e+01 2.85206167e-01 6.59502996e-01 5.19272761e-01 4.52920608e-01 3.51201941e-01 2.46254978e-01 1.37823883e-01 9.40131990e-02 1.19548042e-01 1.17630797e-01 1.20670180e-01 1.12089471e-01 7.48823578e-02 1.72889215e-02 -3.02286389e-02 -2.55266707e-02 -9.07741313e-03 1.47071034e-02 4.36896889e-02 7.12846779e-02 1.03348288e-01 1.49696013e-01 1.89196216e-01 2.20217050e-01 2.27309019e-01 2.10730069e-01 1.70071803e-01 1.08337174e-01 2.57312749e-02 -6.63979705e-02 -1.65122113e-01 -2.51994025e-01 -3.31894203e-01 -4.04161605e-01 -4.56693433e-01 -4.94018436e-01 -5.24790475e-01 -5.45979019e-01 -5.54503043e-01 -5.56295063e-01 -5.51603404e-01 -5.37530494e-01 -5.14839456e-01 -4.84664530e-01 -4.38743678e-01 -3.76851387e-01 -2.97083138e-01 -2.06692291e-01 -1.10626649e-01 -1.41867632e-02 7.74168998e-02 1.60281935e-01 2.30336607e-01 2.86511044e-01 3.28169715e-01 3.59918769e-01 3.76899604e-01 3.81379489e-01 3.73900517e-01 3.55424158e-01 3.26942386e-01 2.86141043e-01 2.36079107e-01 1.81326036e-01 1.16918658e-01 4.87369943e-02 -2.32617946e-02 -9.67809356e-02 -1.64548047e-01 -2.24884176e-01 -2.74351888e-01 -3.04798342e-01 -3.17546774e-01 -3.08863895e-01 -2.79612920e-01 -2.33752718e-01 -1.72835171e-01 -1.00911446e-01 -1.97825090e-02 6.57625316e-02 1.52837366e-01 2.35372274e-01 3.06636808e-01 3.61869456e-01 3.86829591e-01 3.96369484e-01 3.96723903e-01 3.47992394e-01 3.13398348e-01 2.29272691e-01 1.54399794e-01 8.85068325e-02 3.57511553e-02 -5.11158819e-02 -1.14666565e-01 -1.65705967e-01 -2.33370383e-01 -3.33476059e-01 -5.44036514e-01 -5.64311216e-01
1.69000000e+01 2.64054272e-01 6.51048392e-01 5.11850454e-01 4.48350853e-01 3.46715986e-01 2.45148012e-01 1.37788841e-01 9.09863194e-02 1.16387658e-01 1.17591509e-01 1.18587853e-01 1.11284414e-01 7.70742877e-02 2.09663075e-02 -2.89603103e-02 -2.58167733e-02 -8.21402724e-03 1.72249618e-02 4.77040887e-02 7.71204467e-02 1.08877951e-01 1.55005283e-01 1.93793986e-01 2.24625277e-01 2.31098725e-01 2.14185414e-01 1.73605024e-01 1.11837785e-01 2.96259670e-02 -6.28645790e-02 -1.61301454e-01 -2.49206434e-01 -3.29931400e-01 -4.03866657e-01 -4.57149751e-01 -4.95125903e-01 -5.26491046e-01 -5.47950918e-01 -5.56462223e-01 -5.58045756e-01 -5.53201106e-01 -5.38960902e-01 -5.15493100e-01 -4.84393549e-01 -4.37701745e-01 -3.75149903e-01 -2.94943128e-01 -2.04502128e-01 -1.09097746e-01 -1.35474135e-02 7.74386064e-02 1.59921467e-01 2.30047747e-01 2.86804251e-01 3.29082972e-01 3.61441831e-01 3.79043038e-01 3.83935608e-01 3.76975110e-01 3.58629403e-01 3.30293913e-01 2.88973267e-01 2.38056634e-01 1.81973829e-01 1.15650519e-01 4.60007276e-02 -2.76781748e-02 -1.01778334e-01 -1.69697570e-01 -2.29822993e-01 -2.78948192e-01 -3.09170962e-01 -3.21715720e-01 -3.13151973e-01 -2.84040790e-01 -2.38366007e-01 -1.77553200e-01 -1.04979310e-01 -2.28362374e-02 6.45991250e-02 1.53557740e-01 2.37560077e-01 3.09296679e-01 3.64046207e-01 3.87554533e-01 3.97351162e-01 3.96567721e-01 3.45942697e-01 3.10711663e-01 2.25136642e-01 1.52968078e-01 8.69126834e-02 3.47435371e-02 -4.89739417e-02 -1.12505235e-01 -1.61954147e-01 -2.28668386e-01 -3.28614159e-01 -5.40517023e-01 -5.52722920e-01
1.70000000e+01 2.42841435e-01 6.42440198e-01 5.04443246e-01 4.43752918e-01 3.42347398e-01 2.43824286e-01 1.37899349e-01 8.82511188e-02 1.12952527e-01 1.17645015e-01 1.16651580e-01 1.10271484e-01 7.91672996e-02 2.47492007e-02 -2.72763829e-02 -2.59518780e-02 -7.31587214e-03 1.97598486e-02 5.16447801e-02 8.29083593e-02 1.14377373e-01 1.60248033e-01 1.98283925e-01 2.28917915e-01 2.34768524e-01 2.17525362e-01 1.76991887e-01 1.15185146e-01 3.33395138e-02 -5.94981430e-02 -1.57532551e-01 -2.46375908e-01 -3.27865980e-01 -4.03411906e-01 -4.57440741e-01 -4.96098845e-01 -5.28085364e-01 -5.49849766e-01 -5.58370633e-01 -5.59740436e-01 -5.54737050e-01 -5.40340748e-01 -5.16084420e-01 -4.84008793e-01 -4.36524062e-01 -3.73325229e-01 -2.92715942e-01 -2.02270412e-01 -1.07592828e-01 -1.29636974e-02 7.73804528e-02 1.59461200e-01 2.29644719e-01 2.87014221e-01 3.29927684e-01 3.62881083e-01 3.81102453e-01 3.86413803e-01 3.79956240e-01 3.61749959e-01 3.33530683e-01 2.91694701e-01 2.39924705e-01 1.82523284e-01 1.14327927e-01 4.32701497e-02 -3.20316923e-02 -1.06648128e-01 -1.74703371e-01 -2.34625900e-01 -2.83414651e-01 -3.13446026e-01 -3.25779295e-01 -3.17335037e-01 -2.88341883e-01 -2.42831854e-01 -1.82111004e-01 -1.08886971e-01 -2.57766367e-02 6.34707954e-02 1.54232286e-01 2.39599647e-01 3.11735532e-01 3.65940123e-01 3.88080972e-01 3.98276769e-01 3.96162410e-01 3.43786174e-01 3.07792129e-01 2.21195355e-01 1.51564512e-01 8.53637237e-02 3.36124259e-02 -4.67251371e-02 -1.10416662e-01 -1.58261203e-01 -2.23975269e-01 -3.23676615e-01 -5.36879187e-01 -5.40805566e-01
1.71000000e+01 2.21591365e-01 6.33673937e-01 4.97061892e-01 4.39092434e-01 3.38126748e-01 2.42269864e-01 1.38128569e-01 8.58217104e-02 1.09271984e-01 1.17737374e-01 1.14895344e-01 1.09067039e-01 8.11478663e-02 2.86072949e-02 -2.51742838e-02 -2.59080416e-02 -6.37878592e-03 2.23093331e-02 5.55126966e-02 8.86348392e-02 1.19842760e-01 1.65425614e-01 2.02668486e-01 2.33096388e-01 2.38317675e-01 2.20754279e-01 1.80231321e-01 1.18386015e-01 3.68706810e-02 -5.62967117e-02 -1.53822784e-01 -2.43504821e-01 -3.25704547e-01 -4.02796441e-01 -4.57563643e-01 -4.96935935e-01 -5.29571330e-01 -5.51673251e-01 -5.60226704e-01 -5.61380277e-01 -5.56210672e-01 -5.41665351e-01 -5.16613382e-01 -4.83512585e-01 -4.35211615e-01 -3.71380552e-01 -2.90406288e-01 -2.00005620e-01 -1.06115171e-01 -1.24325850e-02 7.72479664e-02 1.58906897e-01 2.29132182e-01 2.87143397e-01 3.30704886e-01 3.64235861e-01 3.83076096e-01 3.88814565e-01 3.82842540e-01 3.64785512e-01 3.36647487e-01 2.94302115e-01 2.41678903e-01 1.82971032e-01 1.12954384e-01 4.05467081e-02 -3.63142196e-02 -1.11386872e-01 -1.79564326e-01 -2.39293612e-01 -2.87751895e-01 -3.17625047e-01 -3.29739137e-01 -3.21414035e-01 -2.92516657e-01 -2.47150398e-01 -1.86505193e-01 -1.12630734e-01 -2.85976675e-02 6.23784623e-02 1.54857190e-01 2.41483331e-01 3.13945604e-01 3.67544809e-01 3.88421197e-01 3.99143618e-01 3.95493312e-01 3.41534821e-01 3.04640029e-01 2.17480873e-01 1.50164252e-01 8.38640492e-02 3.23778558e-02 -4.43939268e-02 -1.08385098e-01 -1.54629723e-01 -2.19298614e-01 -3.18663835e-01 -5.33126260e-01 -5.28561481e-01
1.72000000e+01 2.00327688e-01 6.24745460e-01 4.89716553e-01 4.34337050e-01 3.34079568e-01 2.40477084e-01 1.38448192e-01 8.37062840e-02 1.05382486e-01 1.17813627e-01 1.13347419e-01 1.07692722e-01 8.30029520e-02 3.25116175e-02 -2.26563068e-02 -2.56610515e-02 -5.39699390e-03 2.48700444e-02 5.93098357e-02 9.42863627e-02 1.25270073e-01 1.70538965e-01 2.06950378e-01 2.37162217e-01 2.41745532e-01 2.23876304e-01 1.83322406e-01 1.21446991e-01 4.02187187e-02 -5.32577145e-02 -1.50179371e-01 -2.40595694e-01 -3.23454016e-01 -4.02019813e-01 -4.57515969e-01 -4.97635913e-01 -5.30947050e-01 -5.53418857e-01 -5.62028618e-01 -5.62966372e-01 -5.57621683e-01 -5.42929665e-01 -5.17079533e-01 -4.82907485e-01 -4.33765803e-01 -3.69319216e-01 -2.88019112e-01 -1.97716488e-01 -1.04667866e-01 -1.19507291e-02 7.70467668e-02 1.58264443e-01 2.28515087e-01 2.87194077e-01 3.31415254e-01 3.65505507e-01 3.84962396e-01 3.91138312e-01 3.85632825e-01 3.67735355e-01 3.39639313e-01 2.96792370e-01 2.43314922e-01 1.83314011e-01 1.11533579e-01 3.78317924e-02 -4.05176669e-02 -1.15991527e-01 -1.84279546e-01 -2.43826860e-01 -2.91960605e-01 -3.21709302e-01 -3.33596905e-01 -3.25389762e-01 -2.96565601e-01 -2.51321793e-01 -1.90732483e-01 -1.16207315e-01 -3.12936511e-02 6.13230335e-02 1.55428375e-01 2.43203882e-01 3.15919471e-01 3.68854963e-01 3.88588083e-01 3.99946132e-01 3.94547850e-01 3.39199857e-01 3.01259460e-01 2.14019852e-01 1.48744047e-01 8.24170161e-02 3.10622119e-02 -4.20078960e-02 -1.06392569e-01 -1.51062630e-01 -2.14645620e-01 -3.13576281e-01 -5.29261402e-01 -5.15993623e-01
1.73000000e+01 1.79073840e-01 6.15651141e-01 4.82416315e-01 4.29457400e-01 3.30225431e-01 2.38444778e-01 1.38828829e-01 8.19071078e-02 1.01326479e-01 1.17819500e-01 1.12029431e-01 1.06175206e-01 8.47202217e-02 3.64349096e-02 -1.97295902e-02 -2.51868766e-02 -4.36298792e-03 2.74377940e-02 6.30390949e-02 9.98496026e-02 1.30655054e-01 1.75588552e-01 2.11132583e-01 2.41116968e-01 2.45051622e-01 2.26895253e-01 1.86264488e-01 1.24374398e-01 4.33834271e-02 -5.03780313e-02 -1.46609306e-01 -2.37651218e-01 -3.21121572e-01 -4.01082044e-01 -4.57295539e-01 -4.98197565e-01 -5.32210827e-01 -5.55083899e-01 -5.63774349e-01 -5.64499674e-01 -5.58970034e-01 -5.44128397e-01 -5.17481954e-01 -4.82196227e-01 -4.32188496e-01 -3.67144709e-01 -2.85559625e-01 -1.95411929e-01 -1.03253808e-01 -1.15144809e-02 7.67825085e-02 1.57539832e-01 2.27798665e-01 2.87168447e-01 3.32059066e-01 3.66689414e-01 3.86760007e-01 3.93385347e-01 3.88326084e-01 3.70598329e-01 3.42501431e-01 2.99162387e-01 2.44828583e-01 1.83549504e-01 1.10069339e-01 3.51267790e-02 -4.46340555e-02 -1.20459453e-01 -1.88848368e-01 -2.48226373e-01 -2.96041545e-01 -3.25699824e-01 -3.37354268e-01 -3.29262850e-01 -3.00489256e-01 -2.55346193e-01 -1.94789702e-01 -1.19613851e-01 -3.38593114e-02 6.03053975e-02 1.55941509e-01 2.44754492e-01 3.17650079e-01 3.69866487e-01 3.88594848e-01 4.00675786e-01 3.93316010e-01 3.36791278e-01 2.97658687e-01 2.10832838e-01 1.47283040e-01 8.10250603e-02 2.96897277e-02 -3.95969900e-02 -1.04419433e-01 -1.47563016e-01 -2.10023030e-01 -3.08414576e-01 -5.25287604e-01 -5.03105602e-01
1.74000000e+01 1.57852962e-01 6.06388048e-01 4.75168757e-01 4.24427950e-01 3.26577246e-01 2.36178301e-01 1.39240445e-01 8.04206712e-02 9.71511136e-02 1.17703076e-01 1.10955635e-01 1.04545759e-01 8.62883099e-02 4.03519342e-02 -1.64059935e-02 -2.44621371e-02 -3.26745707e-03 3.00077379e-02 6.67040876e-02 1.05311585e-01 1.35993240e-01 1.80574317e-01 2.15218366e-01 2.44962201e-01 2.48235725e-01 2.29814537e-01 1.89057293e-01 1.27174176e-01 4.63652140e-02 -4.76540630e-02 -1.43119294e-01 -2.34674269e-01 -3.18714628e-01 -3.99983636e-01 -4.56900515e-01 -4.98619706e-01 -5.33361134e-01 -5.56665553e-01 -5.65461706e-01 -5.65980953e-01 -5.60255863e-01 -5.45256130e-01 -5.17819227e-01 -4.81381644e-01 -4.30482088e-01 -3.64860652e-01 -2.83033330e-01 -1.93100958e-01 -1.01875682e-01 -1.11199111e-02 7.64608212e-02 1.56739150e-01 2.26988429e-01 2.87068601e-01 3.32636176e-01 3.67787079e-01 3.88467852e-01 3.95555814e-01 3.90921469e-01 3.73372784e-01 3.45229463e-01 3.01409120e-01 2.46215862e-01 1.83675161e-01 1.08565581e-01 3.24330761e-02 -4.86555928e-02 -1.24788399e-01 -1.93270331e-01 -2.52492863e-01 -2.99995588e-01 -3.29597387e-01 -3.41012904e-01 -3.33033767e-01 -3.04288226e-01 -2.59223724e-01 -1.98673799e-01 -1.22847910e-01 -3.62898092e-02 5.93264069e-02 1.56392038e-01 2.46128822e-01 3.19130767e-01 3.70576587e-01 3.88454779e-01 4.01321129e-01 3.91790760e-01 3.34317462e-01 2.93850388e-01 2.07933688e-01 1.45763458e-01 7.96895605e-02 2.82859252e-02 -3.71926650e-02 -1.02445028e-01 -1.44133928e-01 -2.05437062e-01 -3.03179608e-01 -5.21207613e-01 -4.89901709e-01
1.75000000e+01 1.36687806e-01 5.96954104e-01 4.67979580e-01 4.19227700e-01 3.23140758e-01 2.33689366e-01 1.39652827e-01 7.92379562e-02 9.29068582e-02 1.17416372e-01 1.10132415e-01 1.02839649e-01 8.76971447e-02 4.42397129e-02 -1.27018796e-02 -2.34645757e-02 -2.09927628e-03 3.25745758e-02 7.03089453e-02 1.10659852e-01 1.41279991e-01 1.85495637e-01 2.19211270e-01 2.48699416e-01 2.51297941e-01 2.32637087e-01 1.91701020e-01 1.29851784e-01 4.91651422e-02 -4.50818008e-02 -1.39715699e-01 -2.31667932e-01 -3.16240776e-01 -3.98725583e-01 -4.56329430e-01 -4.98901170e-01 -5.34396586e-01 -5.58160884e-01 -5.67088369e-01 -5.67410748e-01 -5.61479432e-01 -5.46307454e-01 -5.18089424e-01 -4.80466588e-01 -4.28649530e-01 -3.62470796e-01 -2.80446040e-01 -1.90792615e-01 -1.00535949e-01 -1.07628348e-02 7.60872509e-02 1.55868555e-01 2.26090171e-01 2.86896577e-01 3.33145993e-01 3.68798149e-01 3.90085144e-01 3.97649660e-01 3.93418277e-01 3.76056557e-01 3.47819444e-01 3.03529526e-01 2.47472910e-01 1.83689028e-01 1.07026261e-01 2.97521670e-02 -5.25747459e-02 -1.28976487e-01 -1.97545167e-01 -2.56627005e-01 -3.03823744e-01 -3.33402499e-01 -3.44574479e-01 -3.36702808e-01 -3.07963183e-01 -2.62954476e-01 -2.02381854e-01 -1.25907504e-01 -3.85807712e-02 5.83868539e-02 1.56775216e-01 2.47321020e-01 3.20355311e-01 3.70983854e-01 3.88180934e-01 4.01867888e-01 3.89968394e-01 3.31784819e-01 2.89851769e-01 2.05329190e-01 1.44171186e-01 7.84107534e-02 2.68770113e-02 -3.48269790e-02 -1.00448359e-01 -1.40778145e-01 -2.00893363e-01 -2.97872619e-01 -5.17023870e-01 -4.76386936e-01
1.76000000e+01 1.15600646e-01 5.87348209e-01 4.60852318e-01 4.13840710e-01 3.19914296e-01 2.30995684e-01 1.40036069e-01 7.83448213e-02 8.86460542e-02 1.16916783e-01 1.09558033e-01 1.01095387e-01 8.89383130e-02 4.80776889e-02 -8.63781017e-03 -2.21735197e-02 -8.45557132e-04 3.51327845e-02 7.38581072e-02 1.15882630e-01 1.46510518e-01 1.90351275e-01 2.23115108e-01 2.52330005e-01 2.54238759e-01 2.35365297e-01 1.94196426e-01 1.32412111e-01 5.17849645e-02 -4.26568921e-02 -1.36404475e-01 -2.28635519e-01 -3.13707726e-01 -3.97309384e-01 -4.55581233e-01 -4.99040799e-01 -5.35315899e-01 -5.59566874e-01 -5.68651922e-01 -5.68789341e-01 -5.62641062e-01 -5.47277091e-01 -5.18290112e-01 -4.79453857e-01 -4.26694363e-01 -3.59979018e-01 -2.77803896e-01 -1.88495892e-01 -9.92368442e-02 -1.04388434e-02 7.56672039e-02 1.54934262e-01 2.25109964e-01 2.86654365e-01 3.33587480e-01 3.69722465e-01 3.91611403e-01 3.99666602e-01 3.95815934e-01 3.78646961e-01 3.50267870e-01 3.05520542e-01 2.48596087e-01 1.83589560e-01 1.05455329e-01 2.70856521e-02 -5.63843140e-02 -1.33022199e-01 -2.01672771e-01 -2.60629423e-01 -3.07527188e-01 -3.37115396e-01 -3.48040641e-01 -3.40270096e-01 -3.11514877e-01 -2.66538486e-01 -2.05911086e-01 -1.28791093e-01 -4.07283132e-02 5.74874396e-02 1.57086151e-01 2.48325736e-01 3.21317965e-01 3.71088336e-01 3.87785824e-01 4.02299165e-01 3.87848790e-01 3.29197532e-01 2.85684544e-01 2.03018865e-01 1.42496197e-01 7.71877062e-02 2.54892452e-02 -3.25316501e-02 -9.84088140e-02 -1.37497918e-01 -1.96396976e-01 -2.92495289e-01 -5.12738452e-01 -4.62566997e-01
1.77000000e+01 9.46132001e-02 5.77570328e-01 4.53788138e-01 4.08256451e-01 3.16888766e-01 2.28120424e-01 1.40361085e-01 7.77224799e-02 8.44214592e-02 1.16168337e-01 1.09222634e-01 9.93538428e-02 9.00054555e-02 5.18478208e-02 -4.23816085e-03 -2.05703203e-02 5.08237213e-04 3.76768802e-02 7.73561053e-02 1.20968989e-01 1.51679934e-01 1.95139343e-01 2.26933926e-01 2.55855212e-01 2.57059105e-01 2.38000982e-01 1.96544900e-01 1.34859406e-01 5.42271443e-02 -4.03747011e-02 -1.33191111e-01 -2.25580597e-01 -3.11123245e-01 -3.95737054e-01 -4.54655321e-01 -4.99037454e-01 -5.36117857e-01 -5.60880450e-01 -5.70149876e-01 -5.70116735e-01 -5.63741060e-01 -5.48160000e-01 -5.18418382e-01 -4.78346110e-01 -4.24620724e-01 -3.57389333e-01 -2.75113364e-01 -1.86219657e-01 -9.79803619e-02 -1.01433435e-02 7.52058946e-02 1.53942526e-01 2.24054170e-01 2.86343924e-01 3.33959171e-01 3.70560088e-01 3.93046452e-01 4.01606097e-01 3.98113980e-01 3.81140798e-01 3.52571731e-01 3.07379058e-01 2.49581990e-01 1.83375640e-01 1.03856677e-01 2.44352869e-02 -6.00774968e-02 -1.36924368e-01 -2.05653191e-01 -2.64500669e-01 -3.11107286e-01 -3.40736042e-01 -3.51413002e-01 -3.43735591e-01 -3.14944124e-01 -2.69975730e-01 -2.09258870e-01 -1.31497601e-01 -4.27290592e-02 5.66287368e-02 1.57319861e-01 2.49138130e-01 3.22013513e-01 3.70891581e-01 3.87281078e-01 4.02595722e-01 3.85435549e-01 3.26557388e-01 2.81374758e-01 2.00994996e-01 1.40732822e-01 7.60183476e-02 2.41482927e-02 -3.03371120e-02 -9.63068876e-02 -1.34294722e-01 -1.91952316e-01 -2.87049805e-01 -5.08353019e-01 -4.48448333e-01
1.78000000e+01 7.37465569e-02 5.67621550e-01 4.46785747e-01 4.02469951e-01 3.14047885e-01 2.25091488e-01 1.40600128e-01 7.73480550e-02 8.02848232e-02 1.15142735e-01 1.09108511e-01 9.76572320e-02 9.08946729e-02 5.55346132e-02 4.69330441e-04 -1.86387593e-02 1.97811376e-03 4.02017032e-02 8.08073522e-02 1.25908988e-01 1.56783298e-01 1.99857287e-01 2.30671950e-01 2.59276098e-01 2.59760399e-01 2.40545357e-01 1.98748505e-01 1.37197223e-01 5.64948618e-02 -3.82303645e-02 -1.30080579e-01 -2.22507011e-01 -3.08495080e-01 -3.94011129e-01 -4.53551582e-01 -4.98890017e-01 -5.36801261e-01 -5.62098503e-01 -5.71579697e-01 -5.71392636e-01 -5.64779653e-01 -5.48951481e-01 -5.18470904e-01 -4.77145800e-01 -4.22433341e-01 -3.54705898e-01 -2.72381240e-01 -1.83972582e-01 -9.67682510e-02 -9.87160523e-03 7.47083021e-02 1.52899632e-01 2.22929431e-01 2.85967179e-01 3.34259215e-01 3.71311327e-01 3.94390405e-01 4.03467319e-01 4.00312041e-01 3.83534386e-01 3.54728522e-01 3.09101903e-01 2.50427483e-01 1.83046589e-01 1.02234089e-01 2.18030161e-02 -6.36479577e-02 -1.40682157e-01 -2.09486605e-01 -2.68241209e-01 -3.14565618e-01 -3.44264127e-01 -3.54693117e-01 -3.47099094e-01 -3.18251803e-01 -2.73266113e-01 -2.12422752e-01 -1.34026413e-01 -4.45801586e-02 5.58111501e-02 1.57471334e-01 2.49753869e-01 3.22437319e-01 3.70396671e-01 3.86677112e-01 4.02736347e-01 3.82736033e-01 3.23863719e-01 2.76952455e-01 1.99242856e-01 1.38879859e-01 7.48995562e-02 2.28785867e-02 -2.82715927e-02 -9.41248752e-02 -1.31169007e-01 -1.87563155e-01 -2.81538922e-01 -5.03868771e-01 -4.34038126e-01
1.79000000e+01 5.30211190e-02 5.57504098e-01 4.39841385e-01 3.96481746e-01 3.11368657e-01 2.21940650e-01 1.40727305e-01 7.71951902e-02 7.62855377e-02 1.13820142e-01 1.09190614e-01 9.60480291e-02 9.16049250e-02 5.91250928e-02 5.45407219e-03 -1.63654138e-02 3.58131168e-03 4.27027167e-02 8.42159387e-02 1.30693802e-01 1.61815669e-01 2.04501882e-01 2.34333522e-01 2.62593512e-01 2.62344589e-01 2.42999040e-01 2.00810012e-01 1.39428383e-01 5.85920044e-02 -3.62188387e-02 -1.27077277e-01 -2.19418907e-01 -3.05830890e-01 -3.92134673e-01 -4.52270433e-01 -4.98597409e-01 -5.37364904e-01 -5.63217905e-01 -5.72938815e-01 -5.72616442e-01 -5.65756926e-01 -5.49647242e-01 -5.18443995e-01 -4.75855104e-01 -4.20137507e-01 -3.51933036e-01 -2.69614638e-01 -1.81763067e-01 -9.56020080e-02 -9.61881919e-03 7.41791350e-02 1.51811890e-01 2.21742672e-01 2.85526006e-01 3.34485440e-01 3.71976743e-01 3.95643637e-01 4.05249151e-01 4.02409812e-01 3.85823606e-01 3.56736250e-01 3.10685828e-01 2.51129739e-01 1.82602172e-01 1.00591196e-01 1.91910020e-02 -6.70898804e-02 -1.44295053e-01 -2.13173300e-01 -2.71851411e-01 -3.17903997e-01 -3.47699070e-01 -3.57882469e-01 -3.50360263e-01 -3.21438842e-01 -2.76409464e-01 -2.15400477e-01 -1.36377378e-01 -4.62793030e-02 5.50348734e-02 1.57535593e-01 2.50169125e-01 3.22585386e-01 3.69608222e-01 3.85982789e-01 4.02698302e-01 3.79761271e-01 3.21113460e-01 2.72451200e-01 1.97741148e-01 1.36940532e-01 7.38273003e-02 2.17027105e-02 -2.63602484e-02 -9.18475238e-02 -1.28119972e-01 -1.83232620e-01 -2.75966000e-01 -4.99286428e-01 -4.19344293e-01
1.80000000e+01 3.24565522e-02 5.47221305e-01 4.32948944e-01 3.90297642e-01 3.08822075e-01 2.18702544e-01 1.40719087e-01 7.72347005e-02 7.24693949e-02 1.12189705e-01 1.09437315e-01 9.45678166e-02 9.21384003e-02 6.26087402e-02 1.06831711e-02 -1.37399700e-02 5.33600940e-03 4.51763090e-02 8.75854514e-02 1.35315822e-01 1.66772136e-01 2.09069265e-01 2.37923013e-01 2.65808072e-01 2.64814182e-01 2.45362062e-01 2.02732910e-01 1.41554949e-01 6.05231426e-02 -3.43349403e-02 -1.24184989e-01 -2.16320750e-01 -3.03138167e-01 -3.90111271e-01 -4.50812861e-01 -4.98158607e-01 -5.37807525e-01 -5.64235526e-01 -5.74224642e-01 -5.73787241e-01 -5.66672754e-01 -5.50243463e-01 -5.18333717e-01 -4.74475878e-01 -4.17739041e-01 -3.49075255e-01 -2.66820976e-01 -1.79599167e-01 -9.44828709e-02 -9.38016456e-03 7.36228076e-02 1.50685630e-01 2.20501081e-01 2.85022218e-01 3.34635434e-01 3.72557142e-01 3.96806737e-01 4.06950177e-01 4.04407024e-01 3.88003959e-01 3.58593422e-01 3.12127495e-01 2.51686266e-01 1.82042598e-01 9.89314348e-02 1.66016461e-02 -7.03980180e-02 -1.47762848e-01 -2.16713659e-01 -2.75331529e-01 -3.21124479e-01 -3.51040024e-01 -3.60982441e-01 -3.53518633e-01 -3.24506193e-01 -2.79405523e-01 -2.18190013e-01 -1.38550805e-01 -4.78247442e-02 5.42998479e-02 1.57507770e-01 2.50380571e-01 3.22454420e-01 3.68532366e-01 3.85205098e-01 4.02457836e-01 3.76525741e-01 3.18301326e-01 2.67907443e-01 1.96462634e-01 1.34922276e-01 7.27968230e-02 2.06408238e-02 -2.46243766e-02 -8.94626114e-02 -1.25145371e-01 -1.78963180e-01 -2.70335038e-01 -4.94606207e-01 -4.04375483e-01
1.81000000e+01 1.20717455e-02 5.36777546e-01 4.26100166e-01 3.83928289e-01 3.06374009e-01 2.15413575e-01 1.40554788e-01 7.74352421e-02 6.88774903e-02 1.10249792e-01 1.09811373e-01 9.32561152e-02 9.25008331e-02 6.59773921e-02 1.61220132e-02 -1.07554806e-02 7.26098278e-03 4.76200914e-02 9.09188174e-02 1.39768736e-01 1.71647847e-01 2.13554988e-01 2.41444740e-01 2.68920146e-01 2.67172260e-01 2.47633913e-01 2.04521394e-01 1.43578224e-01 6.22934915e-02 -3.25733764e-02 -1.21406841e-01 -2.13217341e-01 -3.00424165e-01 -3.87945027e-01 -4.49180455e-01 -4.97572668e-01 -5.38127787e-01 -5.65148241e-01 -5.75434575e-01 -5.74903806e-01 -5.67526754e-01 -5.50736831e-01 -5.18135970e-01 -4.73009617e-01 -4.15244225e-01 -3.46137271e-01 -2.64007960e-01 -1.77488514e-01 -9.34118144e-02 -9.15088581e-03 7.30434285e-02 1.49527211e-01 2.19212085e-01 2.84457539e-01 3.34706647e-01 3.73053561e-01 3.97880463e-01 4.08568698e-01 4.06303414e-01 3.90070642e-01 3.60299021e-01 3.13423473e-01 2.52094941e-01 1.81368511e-01 9.72580102e-02 1.40376040e-02 -7.35677336e-02 -1.51085630e-01 -2.20108140e-01 -2.78681701e-01 -3.24229375e-01 -3.54285886e-01 -3.63994296e-01 -3.56573640e-01 -3.27454815e-01 -2.82253931e-01 -2.20789589e-01 -1.40547448e-01 -4.92153152e-02 5.36057219e-02 1.57383177e-01 2.50385367e-01 3.22041887e-01 3.67176697e-01 3.84348857e-01 4.01990758e-01 3.73047037e-01 3.15420105e-01 2.63359763e-01 1.95374941e-01 1.32836402e-01 7.18028642e-02 1.97101501e-02 -2.30807359e-02 -8.69614349e-02 -1.22241364e-01 -1.74756645e-01 -2.64650683e-01 -4.89827824e-01 -3.89141066e-01
1.82000000e+01 -8.11521806e-03 5.26178136e-01 4.19284942e-01 3.77388604e-01 3.03986276e-01 2.12110751e-01 1.40216997e-01 7.77639877e-02 6.55452932e-02 1.08007950e-01 1.10271099e-01 9.21492329e-02 9.27017467e-02 6.92251239e-02 2.17348594e-02 -7.40855820e-03 9.37522124e-03 5.00331790e-02 9.42181828e-02 1.44047576e-01 1.76438008e-01 2.17954093e-01 2.44902880e-01 2.71929842e-01 2.69422481e-01 2.49813590e-01 2.06180333e-01 1.45498757e-01 6.39088580e-02 -3.09287660e-02 -1.18745271e-01 -2.10113826e-01 -2.97695833e-01 -3.85640541e-01 -4.47375443e-01 -4.96838751e-01 -5.38324256e-01 -5.65952947e-01 -5.76566002e-01 -5.75964601e-01 -5.68318227e-01 -5.51124560e-01 -5.17846603e-01 -4.71457441e-01 -4.12659727e-01 -3.43124035e-01 -2.61183557e-01 -1.75438236e-01 -9.23895469e-02 -8.92637713e-03 7.24448005e-02 1.48343025e-01 2.17883308e-01 2.83833576e-01 3.34696497e-01 3.73467235e-01 3.98865677e-01 4.10102750e-01 4.08098684e-01 3.92018630e-01 3.61852476e-01 3.14570243e-01 2.52354047e-01 1.80580978e-01 9.55738726e-02 1.15017909e-02 -7.65950310e-02 -1.54263772e-01 -2.23357267e-01 -2.81901944e-01 -3.27221247e-01 -3.57435304e-01 -3.66919155e-01 -3.59524645e-01 -3.30285642e-01 -2.84954226e-01 -2.23197731e-01 -1.42368488e-01 -5.04504538e-02 5.29518143e-02 1.57157379e-01 2.50181147e-01 3.21346083e-01 3.65550190e-01 3.83416447e-01 4.01273043e-01 3.69345416e-01 3.12461063e-01 2.58847995e-01 1.94441524e-01 1.30697610e-01 7.08399122e-02 1.89245398e-02 -2.17409937e-02 -8.43391875e-02 -1.19402425e-01 -1.70614153e-01 -2.58918232e-01 -4.84950507e-01 -3.73651116e-01
1.83000000e+01 -2.80870836e-02 5.15429205e-01 4.12491692e-01 3.70697043e-01 3.01617830e-01 2.08830488e-01 1.39691968e-01 7.81872902e-02 6.25019078e-02 1.05480575e-01 1.10771668e-01 9.12791715e-02 9.27546003e-02 7.23481267e-02 2.74854423e-02 -3.69949962e-03 1.16975094e-02 5.24164463e-02 9.74848297e-02 1.48148750e-01 1.81137883e-01 2.22261206e-01 2.48301391e-01 2.74837003e-01 2.71569057e-01 2.51899676e-01 2.07715230e-01 1.47316374e-01 6.53755756e-02 -2.93956530e-02 -1.16202006e-01 -2.07015705e-01 -2.94959749e-01 -3.83202895e-01 -4.45400715e-01 -4.95956144e-01 -5.38395381e-01 -5.66646565e-01 -5.77616295e-01 -5.76967783e-01 -5.69046123e-01 -5.51404395e-01 -5.17461516e-01 -4.69820102e-01 -4.09992516e-01 -3.40040758e-01 -2.58355965e-01 -1.73454883e-01 -9.14165103e-02 -8.70227115e-03 7.18304331e-02 1.47139510e-01 2.16522520e-01 2.83151798e-01 3.34602476e-01 3.73799562e-01 3.99763293e-01 4.11550140e-01 4.09792465e-01 3.93842763e-01 3.63253611e-01 3.15564211e-01 2.52462292e-01 1.79681471e-01 9.38817032e-02 8.99737780e-03 -7.94765764e-02 -1.57297922e-01 -2.26461616e-01 -2.84992153e-01 -3.30102891e-01 -3.60486701e-01 -3.69757975e-01 -3.62370969e-01 -3.32999555e-01 -2.87505827e-01 -2.25413304e-01 -1.44015507e-01 -5.15302289e-02 5.23370828e-02 1.56826265e-01 2.49766013e-01 3.20366196e-01 3.63663080e-01 3.82407600e-01 4.00281468e-01 3.65443255e-01 3.09414443e-01 2.54412269e-01 1.93622744e-01 1.28523403e-01 6.99024740e-02 1.82941264e-02 -2.06113213e-02 -8.15952094e-02 -1.16621312e-01 -1.66536160e-01 -2.53143609e-01 -4.79973023e-01 -3.57916385e-01
1.84000000e+01 -4.78274379e-02 5.04537537e-01 4.05707798e-01 3.63874774e-01 2.99226044e-01 2.05607425e-01 1.38969931e-01 7.86713235e-02 5.97695364e-02 1.02692326e-01 1.11266546e-01 9.06726292e-02 9.26768252e-02 7.53445875e-02 3.33375481e-02 3.67660892e-04 1.42459832e-02 5.47727476e-02 1.00719134e-01 1.52070036e-01 1.85742784e-01 2.26470637e-01 2.51643935e-01 2.77641217e-01 2.73616710e-01 2.53890419e-01 2.09132153e-01 1.49030216e-01 6.67004284e-02 -2.79685105e-02 -1.13778038e-01 -2.03928826e-01 -2.92222063e-01 -3.80637629e-01 -4.43259836e-01 -4.94924289e-01 -5.38339496e-01 -5.67226058e-01 -5.78582803e-01 -5.77911218e-01 -5.69709003e-01 -5.51574600e-01 -5.16976763e-01 -4.68098012e-01 -4.07249756e-01 -3.36892937e-01 -2.55533576e-01 -1.71544346e-01 -9.04928834e-02 -8.47452766e-03 7.12035644e-02 1.45923159e-01 2.15137572e-01 2.82413522e-01 3.34422255e-01 3.74052060e-01 4.00574215e-01 4.12908486e-01 4.11384266e-01 3.95537841e-01 3.64502590e-01 3.16401734e-01 2.52418836e-01 1.78671835e-01 9.21839131e-02 6.52777775e-03 -8.22097099e-02 -1.60188998e-01 -2.29421804e-01 -2.87952115e-01 -3.32877319e-01 -3.63438298e-01 -3.72511523e-01 -3.65111915e-01 -3.35597347e-01 -2.89908034e-01 -2.27435545e-01 -1.45490451e-01 -5.24553692e-02 5.17600977e-02 1.56386113e-01 2.49138512e-01 3.19102373e-01 3.61526711e-01 3.81319236e-01 3.98994241e-01 3.61364417e-01 3.06270042e-01 2.50091988e-01 1.92877046e-01 1.26333399e-01 6.89853547e-02 1.78250856e-02 -1.96921507e-02 -7.87331006e-02 -1.13889100e-01 -1.62522415e-01 -2.47333334e-01 -4.74893716e-01 -3.41948277e-01
1.85000000e+01 -6.73207184e-02 4.93510399e-01 3.98920098e-01 3.56944765e-01 2.96768035e-01 2.02473287e-01 1.38045325e-01 7.91826897e-02 5.73631532e-02 9.96752937e-02 1.11708973e-01 9.03501317e-02 9.24897413e-02 7.82145802e-02 3.92555740e-02 4.78517225e-03 1.70376712e-02 5.71070941e-02 1.03920566e-01 1.55810572e-01 1.90248049e-01 2.30576488e-01 2.54933812e-01 2.80341834e-01 2.75570608e-01 2.55783837e-01 2.10437664e-01 1.50638803e-01 6.78905644e-02 -2.66417405e-02 -1.11473620e-01 -2.00859381e-01 -2.89488446e-01 -3.77950716e-01 -4.40957056e-01 -4.93742806e-01 -5.38154820e-01 -5.67688438e-01 -5.79462835e-01 -5.78792490e-01 -5.70305014e-01 -5.51633935e-01 -5.16388641e-01 -4.66291291e-01 -4.04438707e-01 -3.33686375e-01 -2.52724938e-01 -1.69711780e-01 -8.96185907e-02 -8.23951739e-03 7.05671931e-02 1.44700518e-01 2.13736322e-01 2.81619909e-01 3.34153771e-01 3.74226321e-01 4.01299289e-01 4.14175272e-01 4.12873441e-01 3.97098705e-01 3.65599850e-01 3.17079163e-01 2.52223304e-01 1.77554264e-01 9.04826538e-02 4.09662192e-03 -8.47924498e-02 -1.62938175e-01 -2.32238483e-01 -2.90781519e-01 -3.35547708e-01 -3.66288150e-01 -3.75180367e-01 -3.67746802e-01 -3.38079685e-01 -2.92160023e-01 -2.29264106e-01 -1.46795596e-01 -5.32272936e-02 5.12190244e-02 1.55833655e-01 2.48297634e-01 3.17555779e-01 3.59153347e-01 3.80145378e-01 3.97391620e-01 3.57133571e-01 3.03017841e-01 2.45924788e-01 1.92162188e-01 1.24148582e-01 6.80839317e-02 1.75195076e-02 -1.89781015e-02 -7.57606884e-02 -1.11195295e-01 -1.58571938e-01 -2.41494478e-01 -4.69710561e-01 -3.25758811e-01
1.86000000e+01 -8.65522171e-02 4.82355355e-01 3.92115396e-01 3.49930832e-01 2.94201996e-01 1.99455826e-01 1.36916937e-01 7.96889831e-02 5.52903894e-02 9.64679638e-02 1.12053467e-01 9.03253205e-02 9.22183482e-02 8.09599741e-02 4.52050472e-02 9.54165961e-03 2.00880324e-02 5.94267804e-02 1.07087732e-01 1.59370807e-01 1.94649036e-01 2.34572765e-01 2.58173896e-01 2.82938009e-01 2.77436272e-01 2.57577818e-01 2.11638718e-01 1.52140110e-01 6.89534034e-02 -2.54096701e-02 -1.09288254e-01 -1.97813892e-01 -2.86764051e-01 -3.75148542e-01 -4.38497296e-01 -4.92411517e-01 -5.37839467e-01 -5.68030778e-01 -5.80253641e-01 -5.79608920e-01 -5.70831880e-01 -5.51581614e-01 -5.15693765e-01 -4.64399831e-01 -4.01566622e-01 -3.30427203e-01 -2.49938694e-01 -1.67961531e-01 -8.87933182e-02 -7.99409581e-03 6.99241161e-02 1.43478187e-01 2.12326551e-01 2.80771970e-01 3.33795301e-01 3.74323960e-01 4.01939259e-01 4.15347898e-01 4.14259136e-01 3.98520324e-01 3.66546027e-01 3.17592899e-01 2.51875792e-01 1.76331269e-01 8.87798369e-02 1.70772599e-03 -8.72234897e-02 -1.65546880e-01 -2.34912339e-01 -2.93479978e-01 -3.38117350e-01 -3.69034202e-01 -3.77764858e-01 -3.70274983e-01 -3.40447075e-01 -2.94260858e-01 -2.30899081e-01 -1.47933500e-01 -5.38481409e-02 5.07116140e-02 1.55166123e-01 2.47242793e-01 3.15728653e-01 3.56555952e-01 3.78877128e-01 3.95456489e-01 3.52775468e-01 2.99648665e-01 2.41945491e-01 1.91436496e-01 1.21990511e-01 6.71944100e-02 1.73753896e-02 -1.84580833e-02 -7.26898469e-02 -1.08528007e-01 -1.54682988e-01 -2.35634598e-01 -4.64421225e-01 -3.09360585e-01
1.87000000e+01 -1.05508081e-01 4.71080087e-01 3.85280983e-01 3.42856682e-01 2.91488469e-01 1.96577891e-01 1.35587936e-01 8.01593065e-02 5.35516229e-02 9.31139991e-02 1.12257293e-01 9.06044255e-02 9.18909920e-02 8.35843619e-02 5.11530981e-02 1.46222872e-02 2.34105054e-02 6.17414535e-02 1.10218461e-01 1.62752439e-01 1.98941104e-01 2.38453493e-01 2.61366578e-01 2.85428760e-01 2.79219463e-01 2.59270238e-01 2.12742562e-01 1.53531660e-01 6.98965396e-02 -2.42665486e-02 -1.07220695e-01 -1.94799184e-01 -2.84053479e-01 -3.72237884e-01 -4.35886133e-01 -4.90930471e-01 -5.37391463e-01 -5.68250230e-01 -5.80952386e-01 -5.80357591e-01 -5.71286900e-01 -5.51417252e-01 -5.14889132e-01 -4.62423380e-01 -3.98640654e-01 -3.27121892e-01 -2.47183525e-01 -1.66297071e-01 -8.80165357e-02 -7.73566239e-03 6.92769711e-02 1.42262799e-01 2.10915877e-01 2.79870585e-01 3.33345525e-01 3.74346576e-01 4.02494733e-01 4.16423741e-01 4.15540263e-01 3.99797865e-01 3.67341872e-01 3.17939460e-01 2.51376859e-01 1.75005652e-01 8.70771623e-02 -6.34951490e-04 -8.95021916e-02 -1.68016775e-01 -2.37444091e-01 -2.96047053e-01 -3.40589574e-01 -3.71674336e-01 -3.80265124e-01 -3.72695858e-01 -3.42699826e-01 -2.96209497e-01 -2.32341032e-01 -1.48906961e-01 -5.43207999e-02 5.02352041e-02 1.54381294e-01 2.45973826e-01 3.13624357e-01 3.53747939e-01 3.77502740e-01 3.93174878e-01 3.48314219e-01 2.96154840e-01 2.38185108e-01 1.90660086e-01 1.19880533e-01 6.63140445e-02 1.73867493e-02 -1.81155703e-02 -6.95361745e-02 -1.05874199e-01 -1.50853020e-01 -2.29761667e-01 -4.59023139e-01 -2.92766728e-01
1.88000000e+01 -1.24175311e-01 4.59692203e-01 3.78405154e-01 3.35744983e-01 2.88591546e-01 1.93856642e-01 1.34065801e-01 8.05647336e-02 5.21402597e-02 8.96608935e-02 1.12281858e-01 9.11859391e-02 9.15389097e-02 8.60930077e-02 5.70688804e-02 2.00089857e-02 2.70160826e-02 6.40631168e-02 1.13309928e-01 1.65958342e-01 2.03119603e-01 2.42212833e-01 2.64513704e-01 2.87813047e-01 2.80926049e-01 2.60859069e-01 2.13756609e-01 1.54810635e-01 7.07276425e-02 -2.32065486e-02 -1.05268958e-01 -1.91822357e-01 -2.81360753e-01 -3.69225891e-01 -4.33129761e-01 -4.89299967e-01 -5.36808767e-01 -5.68344043e-01 -5.81556122e-01 -5.81035362e-01 -5.71666968e-01 -5.51140806e-01 -5.13972168e-01 -4.60361629e-01 -3.95667767e-01 -3.23777268e-01 -2.44468077e-01 -1.64720944e-01 -8.72875256e-02 -7.46220222e-03 6.86282817e-02 1.41060992e-01 2.09511673e-01 2.78916531e-01 3.32803566e-01 3.74295704e-01 4.02966158e-01 4.17400206e-01 4.16715455e-01 4.00926762e-01 3.67988166e-01 3.18115552e-01 2.50727521e-01 1.73580483e-01 8.53761498e-02 -2.92735645e-03 -9.16285775e-02 -1.70349736e-01 -2.39834496e-01 -2.98482284e-01 -3.42967662e-01 -3.74206446e-01 -3.82681072e-01 -3.75008888e-01 -3.44838015e-01 -2.98004823e-01 -2.33591014e-01 -1.49718967e-01 -5.46489373e-02 4.97867320e-02 1.53477526e-01 2.44490989e-01 3.11247409e-01 3.50742900e-01 3.76007762e-01 3.90536411e-01 3.43772592e-01 2.92530823e-01 2.34669914e-01 1.89796026e-01 1.17839012e-01 6.54413171e-02 1.75438599e-02 -1.79290416e-02 -6.63185358e-02 -1.03219992e-01 -1.47078648e-01 -2.23883993e-01 -4.53513575e-01 -2.75990856e-01
1.89000000e+01 -1.42541758e-01 4.48199076e-01 3.71477674e-01 3.28616494e-01 2.85479923e-01 1.91302947e-01 1.32362129e-01 8.08787154e-02 5.10431883e-02 8.61585386e-02 1.12093975e-01 9.20605110e-02 9.11956574e-02 8.84928147e-02 6.29239334e-02 2.56807360e-02 3.09129247e-02 6.64060645e-02 1.16358811e-01 1.68992467e-01 2.07179870e-01 2.45845207e-01 2.67616509e-01 2.90089858e-01 2.82561864e-01 2.62342490e-01 2.14688308e-01 1.55974001e-01 7.14543595e-02 -2.22237722e-02 -1.03430326e-01 -1.88890738e-01 -2.78689312e-01 -3.66120072e-01 -4.30234946e-01 -4.87520575e-01 -5.36089288e-01 -5.68309587e-01 -5.82061759e-01 -5.81638895e-01 -5.71968601e-01 -5.50752490e-01 -5.12940762e-01 -4.58214317e-01 -3.92654672e-01 -3.20400522e-01 -2.41800877e-01 -1.63234723e-01 -8.66054178e-02 -7.17230856e-03 6.79805042e-02 1.39879367e-01 2.08120978e-01 2.77910504e-01 3.32169027e-01 3.74172785e-01 4.03353807e-01 4.18274784e-01 4.17783042e-01 4.01902767e-01 3.68485638e-01 3.18118157e-01 2.49929229e-01 1.72059075e-01 8.36781722e-02 -5.16538951e-03 -9.36033207e-02 -1.72547823e-01 -2.42084364e-01 -3.00785226e-01 -3.45254753e-01 -3.76628501e-01 -3.85012395e-01 -3.77213580e-01 -3.46861463e-01 -2.99645665e-01 -2.34650582e-01 -1.50372652e-01 -5.48370224e-02 4.93627572e-02 1.52453771e-01 2.42794960e-01 3.08603507e-01 3.47554312e-01 3.74375267e-01 3.87534661e-01 3.39171364e-01 2.88773766e-01 2.31420636e-01 1.88811393e-01 1.15884620e-01 6.45760580e-02 1.78336001e-02 -1.78725755e-02 -6.30584822e-02 -1.00551018e-01 -1.43355598e-01 -2.18010127e-01 -4.47889728e-01 -2.59047024e-01
1.90000000e+01 -1.60596118e-01 4.36607692e-01 3.64490212e-01 3.21489295e-01 2.82127804e-01 1.88920979e-01 1.30492331e-01 8.10774292e-02 5.02413840e-02 8.26577550e-02 1.11666964e-01 9.32110715e-02 9.08964321e-02 9.07923065e-02 6.86924860e-02 3.16139013e-02 3.51060302e-02 6.87867405e-02 1.19361491e-01 1.71859747e-01 2.11117208e-01 2.49345422e-01 2.70675550e-01 2.92258309e-01 2.84132571e-01 2.63718985e-01 2.15545003e-01 1.57018645e-01 7.20842217e-02 -2.13122647e-02 -1.01701377e-01 -1.86011830e-01 -2.76042010e-01 -3.62928280e-01 -4.27208969e-01 -4.85593159e-01 -5.35230906e-01 -5.68144384e-01 -5.82466043e-01 -5.82164667e-01 -5.72187984e-01 -5.50252701e-01 -5.11793280e-01 -4.55981321e-01 -3.89607768e-01 -3.16999210e-01 -2.39190234e-01 -1.61838988e-01 -8.59692257e-02 -6.86518730e-03 6.73360728e-02 1.38724421e-01 2.06750431e-01 2.76853147e-01 3.31442025e-01 3.73979122e-01 4.03657770e-01 4.19045091e-01 4.18741019e-01 4.02722004e-01 3.68834887e-01 3.17944612e-01 2.48983839e-01 1.70444975e-01 8.19844861e-02 -7.34495611e-03 -9.54277400e-02 -1.74613246e-01 -2.44194568e-01 -3.02955484e-01 -3.47453754e-01 -3.78938605e-01 -3.87258589e-01 -3.79309480e-01 -3.48769715e-01 -3.01130841e-01 -2.35521805e-01 -1.50871254e-01 -5.48903484e-02 4.89594952e-02 1.51309583e-01 2.40886857e-01 3.05699530e-01 3.44195230e-01 3.72586161e-01 3.84167411e-01 3.34528735e-01 2.84883992e-01 2.28451775e-01 1.87678200e-01 1.14033708e-01 6.37195067e-02 1.82399102e-02 -1.79165779e-02 -5.97795699e-02 -9.78528238e-02 -1.39678671e-01 -2.12148765e-01 -4.42148807e-01 -2.41949671e-01
1.91000000e+01 -1.78327937e-01 4.24924527e-01 3.57436684e-01 3.14378140e-01 2.78515603e-01 1.86708026e-01 1.28475216e-01 8.11400673e-02 4.97106374e-02 7.92088359e-02 1.10981545e-01 9.46131877e-02 9.06773036e-02 9.30016164e-02 7.43517021e-02 3.77825960e-02 3.95969726e-02 7.12235211e-02 1.22314268e-01 1.74565988e-01 2.14926882e-01 2.52708795e-01 2.73690637e-01 2.94317731e-01 2.85643525e-01 2.64987434e-01 2.16333799e-01 1.57941522e-01 7.26245549e-02 -2.04660371e-02 -1.00077997e-01 -1.83193239e-01 -2.73421133e-01 -3.59658695e-01 -4.24059558e-01 -4.83518894e-01 -5.34231491e-01 -5.67846134e-01 -5.82765529e-01 -5.82608989e-01 -5.72321029e-01 -5.49641930e-01 -5.10528576e-01 -4.53662757e-01 -3.86533107e-01 -3.13581258e-01 -2.36644136e-01 -1.60533323e-01 -8.53778813e-02 -6.54064596e-03 6.66974448e-02 1.37602478e-01 2.05406201e-01 2.75745069e-01 3.30623221e-01 3.73715858e-01 4.03877961e-01 4.19708909e-01 4.19587023e-01 4.03381008e-01 3.69036308e-01 3.17592683e-01 2.47893593e-01 1.68741942e-01 8.02962587e-02 -9.46201400e-03 -9.71037959e-02 -1.76548316e-01 -2.46166065e-01 -3.04992761e-01 -3.49567248e-01 -3.81135056e-01 -3.89418971e-01 -3.81296144e-01 -3.50562032e-01 -3.02459197e-01 -2.36207260e-01 -1.51218071e-01 -5.48150478e-02 4.85728597e-02 1.50045118e-01 2.38768255e-01 3.02543528e-01 3.40677989e-01 3.70619570e-01 3.80436788e-01 3.29859862e-01 2.80865361e-01 2.25771098e-01 1.86374147e-01 1.12299768e-01 6.28743072e-02 1.87443390e-02 -1.80286252e-02 -5.65065948e-02 -9.51112906e-02 -1.36041708e-01 -2.06308639e-01 -4.36288124e-01 -2.24713570e-01
1.92000000e+01 -1.95727608e-01 4.13155459e-01 3.50313535e-01 3.07293948e-01 2.74630426e-01 1.84654526e-01 1.26332463e-01 8.10490679e-02 4.94223785e-02 7.58601506e-02 1.10026491e-01 9.62356496e-02 9.05743724e-02 9.51324760e-02 7.98818724e-02 4.41590817e-02 4.43837150e-02 7.37364183e-02 1.25213603e-01 1.77117777e-01 2.18604093e-01 2.55931260e-01 2.76660767e-01 2.96267747e-01 2.87099667e-01 2.66147178e-01 2.17061428e-01 1.58739816e-01 7.30823968e-02 -1.96790960e-02 -9.85554189e-02 -1.80442596e-01 -2.70828431e-01 -3.56319814e-01 -4.20794821e-01 -4.81299286e-01 -5.33088915e-01 -5.67412751e-01 -5.82956570e-01 -5.82968010e-01 -5.72363440e-01 -5.48920676e-01 -5.09145975e-01 -4.51259067e-01 -3.83436364e-01 -3.10154970e-01 -2.34170131e-01 -1.59316336e-01 -8.48302645e-02 -6.19907187e-03 6.60671427e-02 1.36519602e-01 2.04093937e-01 2.74586859e-01 3.29713859e-01 3.73383944e-01 4.04014120e-01 4.20264217e-01 4.20318317e-01 4.03876761e-01 3.69090033e-01 3.17060639e-01 2.46661082e-01 1.66953944e-01 7.86145871e-02 -1.15126163e-02 -9.86340878e-02 -1.78355397e-01 -2.47999912e-01 -3.06896894e-01 -3.51597418e-01 -3.83216378e-01 -3.91492708e-01 -3.83173102e-01 -3.52237386e-01 -3.03629653e-01 -2.36710024e-01 -1.51416428e-01 -5.46181016e-02 4.81985095e-02 1.48661113e-01 2.36441215e-01 2.99144677e-01 3.37013898e-01 3.68453286e-01 3.76349291e-01 3.25176484e-01 2.76725504e-01 2.23379312e-01 1.84883207e-01 1.10693015e-01 6.20444380e-02 1.93266678e-02 -1.81743934e-02 -5.32647704e-02 -9.23130720e-02 -1.32437563e-01 -2.00498411e-01 -4.30305180e-01 -2.07353773e-01
1.93000000e+01 -2.12786389e-01 4.01305716e-01 3.43119909e-01 3.00243468e-01 2.70466327e-01 1.82744329e-01 1.24088003e-01 8.07902867e-02 4.93445695e-02 7.26568463e-02 1.08799024e-01 9.80412763e-02 9.06228783e-02 9.71981934e-02 8.52665566e-02 5.07141785e-02 4.94605099e-02 7.63467106e-02 1.28056382e-01 1.79522374e-01 2.22143976e-01 2.59009468e-01 2.79584078e-01 2.98108321e-01 2.88505439e-01 2.67198070e-01 2.17734123e-01 1.59411092e-01 7.34644219e-02 -1.89454816e-02 -9.71282499e-02 -1.77767459e-01 -2.68265165e-01 -3.52920422e-01 -4.17423164e-01 -4.78936186e-01 -5.31801075e-01 -5.66842395e-01 -5.83035299e-01 -5.83237715e-01 -5.72310786e-01 -5.48089377e-01 -5.07645262e-01 -4.48771091e-01 -3.80322824e-01 -3.06729018e-01 -2.31775204e-01 -1.58185700e-01 -8.43252219e-02 -5.84140480e-03 6.54477920e-02 1.35481494e-01 2.02818726e-01 2.73379097e-01 3.28715797e-01 3.72984117e-01 4.04065830e-01 4.20709204e-01 4.20931768e-01 4.04206714e-01 3.68995880e-01 3.16347309e-01 2.45289227e-01 1.65085142e-01 7.69405115e-02 -1.34929494e-02 -1.00021853e-01 -1.80036850e-01 -2.49697282e-01 -3.08667904e-01 -3.53545985e-01 -3.85181347e-01 -3.93478848e-01 -3.84939829e-01 -3.53794466e-01 -3.04641258e-01 -2.37033657e-01 -1.51469653e-01 -5.43073391e-02 4.78319001e-02 1.47158863e-01 2.33908320e-01 2.95513220e-01 3.33212960e-01 3.66064275e-01 3.71915686e-01 3.20486703e-01 2.72475904e-01 2.21269936e-01 1.83195990e-01 1.09220096e-01 6.12350788e-02 1.99655882e-02 -1.83186462e-02 -5.00788755e-02 -8.94460261e-02 -1.28858098e-01 -1.94726553e-01 -4.24197758e-01 -1.89885560e-01
1.94000000e+01 -2.29496413e-01 3.89379868e-01 3.35857727e-01 2.93229112e-01 2.66024315e-01 1.80955172e-01 1.21767319e-01 8.03531131e-02 4.94426365e-02 6.96396834e-02 1.07304945e-01 9.99879227e-02 9.08562833e-02 9.92136092e-02 9.04926824e-02 5.74176821e-02 5.48178873e-02 7.90765058e-02 1.30840178e-01 1.81787612e-01 2.25541600e-01 2.61940853e-01 2.82457820e-01 2.99839788e-01 2.89864732e-01 2.68140494e-01 2.18357512e-01 1.59953461e-01 7.37768735e-02 -1.82593125e-02 -9.57905165e-02 -1.75175210e-01 -2.65732170e-01 -3.49469568e-01 -4.13953227e-01 -4.76431793e-01 -5.30365912e-01 -5.66133489e-01 -5.82997634e-01 -5.83413929e-01 -5.72158572e-01 -5.47148337e-01 -5.06026648e-01 -4.46200134e-01 -3.77197375e-01 -3.03312448e-01 -2.29465650e-01 -1.57138220e-01 -8.38615726e-02 -5.46910906e-03 6.48421535e-02 1.34493386e-01 2.01585072e-01 2.72122365e-01 3.27631552e-01 3.72516881e-01 4.04032531e-01 4.21042281e-01 4.21423854e-01 4.04368806e-01 3.68753325e-01 3.15452127e-01 2.43781250e-01 1.63139884e-01 7.52750202e-02 -1.53993655e-02 -1.01270962e-01 -1.81594983e-01 -2.51259484e-01 -3.10306036e-01 -3.55414161e-01 -3.87028991e-01 -3.95376348e-01 -3.86595696e-01 -3.55231693e-01 -3.05493245e-01 -2.37182176e-01 -1.51381054e-01 -5.38914285e-02 4.74683347e-02 1.45540192e-01 2.31172714e-01 2.91660374e-01 3.29283615e-01 3.63429233e-01 3.67150773e-01 3.15794885e-01 2.68131832e-01 2.19429387e-01 1.81309924e-01 1.07883923e-01 6.04524173e-02 2.06394149e-02 -1.84262489e-02 -4.69723997e-02 -8.64996268e-02 -1.25294192e-01 -1.89001235e-01 -4.17964003e-01 -1.72324380e-01
1.95000000e+01 -2.45850717e-01 3.77381863e-01 3.28531658e-01 2.86248964e-01 2.61312134e-01 1.79259361e-01 1.19396678e-01 7.97305303e-02 4.96804110e-02 6.68440357e-02 1.05558495e-01 1.02029657e-01 9.13053595e-02 1.01195021e-01 9.55506062e-02 6.42387783e-02 6.04427314e-02 8.19482464e-02 1.33563521e-01 1.83921792e-01 2.28791989e-01 2.64723668e-01 2.85278342e-01 3.01462848e-01 2.91180868e-01 2.68975367e-01 2.18936524e-01 1.60365738e-01 7.40255061e-02 -1.76148354e-02 -9.45357106e-02 -1.72672940e-01 -2.63229931e-01 -3.45976527e-01 -4.10393804e-01 -4.73788661e-01 -5.28781443e-01 -5.65284744e-01 -5.82839276e-01 -5.83492296e-01 -5.71902317e-01 -5.46097688e-01 -5.04290737e-01 -4.43548014e-01 -3.74064507e-01 -2.99914671e-01 -2.27246958e-01 -1.56169916e-01 -8.34380972e-02 -5.08414885e-03 6.42531477e-02 1.33559936e-01 2.00396873e-01 2.70817265e-01 3.26464321e-01 3.71982488e-01 4.03913537e-01 4.21262072e-01 4.21790666e-01 4.04361465e-01 3.68361478e-01 3.14375171e-01 2.42140652e-01 1.61122697e-01 7.36190476e-02 -1.72284109e-02 -1.02385918e-01 -1.83031998e-01 -2.52687970e-01 -3.11811796e-01 -3.57202622e-01 -3.88758579e-01 -3.97184102e-01 -3.88139944e-01 -3.56547232e-01 -3.06185085e-01 -2.37160016e-01 -1.51153914e-01 -5.33798545e-02 4.71030147e-02 1.43807409e-01 2.28238152e-01 2.87598216e-01 3.25232521e-01 3.60525166e-01 3.62073040e-01 3.11101715e-01 2.63712118e-01 2.17837268e-01 1.79229205e-01 1.06683650e-01 5.97034047e-02 2.13268095e-02 -1.84631766e-02 -4.39667165e-02 -8.34653393e-02 -1.21735774e-01 -1.83330200e-01 -4.11602507e-01 -1.54685804e-01
1.96000000e+01 -2.61843266e-01 3.65315098e-01 3.21148993e-01 2.79296980e-01 2.56343812e-01 1.77624632e-01 1.17002323e-01 7.89191223e-02 5.00210557e-02 6.42990799e-02 1.03581954e-01 1.04118075e-01 9.19973114e-02 1.03160068e-01 1.00434135e-01 7.11464488e-02 6.63184426e-02 8.49841707e-02 1.36226153e-01 1.85933570e-01 2.31890173e-01 2.67357003e-01 2.88041110e-01 3.02978542e-01 2.92456599e-01 2.69704122e-01 2.19475305e-01 1.60647595e-01 7.42155388e-02 -1.70064794e-02 -9.33568450e-02 -1.70267327e-01 -2.60758665e-01 -3.42450755e-01 -4.06753782e-01 -4.71009693e-01 -5.27045799e-01 -5.64295151e-01 -5.82555722e-01 -5.83468273e-01 -5.71537615e-01 -5.44937351e-01 -5.02438483e-01 -4.40817093e-01 -3.70928323e-01 -2.96545439e-01 -2.25123693e-01 -1.55276115e-01 -8.30535112e-02 -4.68896859e-03 6.36838677e-02 1.32685114e-01 1.99257418e-01 2.69464457e-01 3.25218007e-01 3.71380935e-01 4.03708053e-01 4.21367399e-01 4.22027930e-01 4.04183603e-01 3.67819078e-01 3.13117182e-01 2.40371198e-01 1.59038280e-01 7.19734664e-02 -1.89768499e-02 -1.03371839e-01 -1.84349942e-01 -2.53984353e-01 -3.13185990e-01 -3.58911494e-01 -3.90369594e-01 -3.98900960e-01 -3.89571658e-01 -3.57739018e-01 -3.06716546e-01 -2.36971981e-01 -1.50791492e-01 -5.27828839e-02 4.67310873e-02 1.41963273e-01 2.25109037e-01 2.83339539e-01 3.21064375e-01 3.57329987e-01 3.56704202e-01 3.06404393e-01 2.59238775e-01 2.16466865e-01 1.76964558e-01 1.05614771e-01 5.89954680e-02 2.20074921e-02 -1.83974842e-02 -4.10803125e-02 -8.03369422e-02 -1.18171881e-01 -1.77720653e-01 -4.05112374e-01 -1.36985466e-01
1.97000000e+01 -2.77468986e-01 3.53182540e-01 3.13719408e-01 2.72363338e-01 2.51138999e-01 1.76015170e-01 1.14609646e-01 7.79190277e-02 5.04279495e-02 6.20271946e-02 1.01405001e-01 1.06203701e-01 9.29549646e-02 1.05127572e-01 1.05140512e-01 7.81098637e-02 7.24251787e-02 8.82057455e-02 1.38829272e-01 1.87831838e-01 2.34831266e-01 2.69840768e-01 2.90740742e-01 3.04388209e-01 2.93694141e-01 2.70328661e-01 2.19977156e-01 1.60799705e-01 7.43516216e-02 -1.64289133e-02 -9.22465168e-02 -1.67964512e-01 -2.58318417e-01 -3.38901831e-01 -4.03042081e-01 -4.68098136e-01 -5.25157273e-01 -5.63163979e-01 -5.82142283e-01 -5.83337107e-01 -5.71060205e-01 -5.43667027e-01 -5.00471152e-01 -4.38010298e-01 -3.67792554e-01 -2.93214815e-01 -2.23099413e-01 -1.54451567e-01 -8.27064226e-02 -4.28647693e-03 6.31375798e-02 1.31872105e-01 1.98169376e-01 2.68064713e-01 3.23897212e-01 3.70711961e-01 4.03415188e-01 4.21357250e-01 4.22131051e-01 4.03834596e-01 3.67124504e-01 3.11679576e-01 2.38476901e-01 1.56891498e-01 7.03390760e-02 -2.06416886e-02 -1.04234450e-01 -1.85550678e-01 -2.55150407e-01 -3.14429750e-01 -3.60540348e-01 -3.91861702e-01 -4.00525739e-01 -3.90889751e-01 -3.58804774e-01 -3.07087755e-01 -2.36623199e-01 -1.50297037e-01 -5.21115162e-02 4.63476905e-02 1.40010945e-01 2.21790467e-01 2.78897686e-01 3.16781793e-01 3.53823118e-01 3.51068642e-01 3.01696951e-01 2.54736482e-01 2.15285824e-01 1.74532799e-01 1.04669346e-01 5.83361907e-02 2.26629188e-02 -1.82002071e-02 -3.83280979e-02 -7.71107830e-02 -1.14590750e-01 -1.72179145e-01 -3.98493284e-01 -1.19239025e-01
1.98000000e+01 -2.92723797e-01 3.40986871e-01 3.06254643e-01 2.65434954e-01 2.45722124e-01 1.74392736e-01 1.12242356e-01 7.67338418e-02 5.08655084e-02 6.00435827e-02 9.90638455e-02 1.08237443e-01 9.41960475e-02 1.07117341e-01 1.09670355e-01 8.50987575e-02 7.87401669e-02 9.16330866e-02 1.41375740e-01 1.89625604e-01 2.37610557e-01 2.72175663e-01 2.93371059e-01 3.05693423e-01 2.94895213e-01 2.70851314e-01 2.20444479e-01 1.60823878e-01 7.44378158e-02 -1.58771052e-02 -9.11969809e-02 -1.65769974e-01 -2.55909156e-01 -3.35339394e-01 -3.99267598e-01 -4.65057572e-01 -5.23114380e-01 -5.61890745e-01 -5.81594111e-01 -5.83093824e-01 -5.70466018e-01 -5.42286195e-01 -4.98390280e-01 -4.35131123e-01 -3.64660578e-01 -2.89933115e-01 -2.21176597e-01 -1.53690550e-01 -8.23952803e-02 -3.88003104e-03 6.26177072e-02 1.31123217e-01 1.97134787e-01 2.66618994e-01 3.22507212e-01 3.69975049e-01 4.03033975e-01 4.21230737e-01 4.22095164e-01 4.03314252e-01 3.66275794e-01 3.10064450e-01 2.36462002e-01 1.54687377e-01 6.87165877e-02 -2.22201973e-02 -1.04980056e-01 -1.86635848e-01 -2.56188077e-01 -3.15544564e-01 -3.62088199e-01 -3.93234722e-01 -4.02057206e-01 -3.92092976e-01 -3.59742041e-01 -3.07299242e-01 -2.36119055e-01 -1.49673811e-01 -5.13774195e-02 4.59479943e-02 1.37953941e-01 2.18288274e-01 2.74286362e-01 3.12385243e-01 3.49986068e-01 3.45192780e-01 2.96970699e-01 2.50231935e-01 2.14257013e-01 1.71956217e-01 1.03836336e-01 5.77329764e-02 2.32769021e-02 -1.78461635e-02 -3.57208237e-02 -7.37859559e-02 -1.10979935e-01 -1.66711461e-01 -3.91745535e-01 -1.01462113e-01
1.99000000e+01 -3.07604652e-01 3.28730670e-01 2.98768104e-01 2.58496124e-01 2.40121411e-01 1.72717893e-01 1.09921687e-01 7.53704682e-02 5.12999270e-02 5.83561200e-02 9.66001661e-02 1.10172045e-01 9.57325936e-02 1.09149920e-01 1.14027559e-01 9.20837866e-02 8.52380762e-02 9.52843845e-02 1.43870252e-01 1.91323887e-01 2.40223623e-01 2.74363122e-01 2.95925168e-01 3.06895928e-01 2.96061080e-01 2.71274783e-01 2.20878734e-01 1.60723171e-01 7.44775905e-02 -1.53463829e-02 -9.02002329e-02 -1.63688405e-01 -2.53530866e-01 -3.31773074e-01 -3.95439158e-01 -4.61891905e-01 -5.20915915e-01 -5.60475174e-01 -5.80906234e-01 -5.82733208e-01 -5.69751224e-01 -5.40794134e-01 -4.96197637e-01 -4.32183620e-01 -3.61535462e-01 -2.86710826e-01 -2.19356610e-01 -1.52986989e-01 -8.21183178e-02 -3.47341523e-03 6.21277957e-02 1.30439822e-01 1.96155054e-01 2.65128557e-01 3.21053909e-01 3.69169450e-01 4.02563380e-01 4.20987045e-01 4.21915206e-01 4.02622773e-01 3.65270675e-01 3.08274570e-01 2.34330958e-01 1.52431098e-01 6.71066092e-02 -2.37099355e-02 -1.05615508e-01 -1.87606862e-01 -2.57099476e-01 -3.16532294e-01 -3.63553518e-01 -3.94488607e-01 -4.03494053e-01 -3.93179938e-01 -3.60548208e-01 -3.07351989e-01 -2.35465139e-01 -1.48925127e-01 -5.05928505e-02 4.55272405e-02 1.35796086e-01 2.14609048e-01 2.69519432e-01 3.07873039e-01 3.45802975e-01 3.39104373e-01 2.92214758e-01 2.45753104e-01 2.13339514e-01 1.69261813e-01 1.03102026e-01 5.71927072e-02 2.38361544e-02 -1.73146333e-02 -3.32646261e-02 -7.03643909e-02 -1.07326459e-01 -1.61322523e-01 -3.84870082e-01 -8.36702986e-02
2.00000000e+01 -3.22109569e-01 3.16416603e-01 2.91274387e-01 2.51529272e-01 2.34367766e-01 1.70951260e-01 1.07665658e-01 7.38389203e-02 5.16998248e-02 5.69654304e-02 9.40598746e-02 1.11963510e-01 9.75704833e-02 1.11246318e-01 1.18219143e-01 9.90368650e-02 9.18914400e-02 9.91753528e-02 1.46319465e-01 1.92935612e-01 2.42666449e-01 2.76405242e-01 2.98395561e-01 3.07997575e-01 2.97192578e-01 2.71602097e-01 2.21280418e-01 1.60501985e-01 7.44738343e-02 -1.48324946e-02 -8.92481043e-02 -1.61723582e-01 -2.51183635e-01 -3.28212410e-01 -3.91565480e-01 -4.58605354e-01 -5.18561029e-01 -5.58917153e-01 -5.80073587e-01 -5.82249799e-01 -5.68912263e-01 -5.39189943e-01 -4.93895199e-01 -4.29172368e-01 -3.58420006e-01 -2.83558497e-01 -2.17639696e-01 -1.52334557e-01 -8.18735023e-02 -3.07080778e-03 6.16714588e-02 1.29822315e-01 1.95230917e-01 2.63595076e-01 3.19543745e-01 3.68294196e-01 4.02002315e-01 4.20625372e-01 4.21585997e-01 4.01760709e-01 3.64106612e-01 3.06313361e-01 2.32088427e-01 1.50127986e-01 6.55096312e-02 -2.51087797e-02 -1.06148165e-01 -1.88464889e-01 -2.57886880e-01 -3.17395198e-01 -3.64934231e-01 -3.95623432e-01 -4.04834849e-01 -3.94149135e-01 -3.61220544e-01 -3.07247462e-01 -2.34667192e-01 -1.48054396e-01 -4.97705590e-02 4.50807807e-02 1.33541467e-01 2.10760162e-01 2.64610696e-01 3.03241403e-01 3.41261105e-01 3.32831796e-01 2.87416672e-01 2.41328407e-01 2.12489733e-01 1.66480396e-01 1.02450541e-01 5.67214132e-02 2.43307350e-02 -1.65898906e-02 -3.09607143e-02 -6.68508472e-02 -1.03616998e-01 -1.56016292e-01 -3.77868548e-01 -6.58790567e-02
2.01000000e+01 -3.36237664e-01 3.04047636e-01 2.83788772e-01 2.44515777e-01 2.28493603e-01 1.69054764e-01 1.05488409e-01 7.21520739e-02 5.20367887e-02 5.58651745e-02 9.14917509e-02 1.13572445e-01 9.97091439e-02 1.13427680e-01 1.22255069e-01 1.05931475e-01 9.86711162e-02 1.03318714e-01 1.48732061e-01 1.94469538e-01 2.44935550e-01 2.78304700e-01 3.00774241e-01 3.09000265e-01 2.98290122e-01 2.71836578e-01 2.21649050e-01 1.60166121e-01 7.44288828e-02 -1.43316657e-02 -8.83323692e-02 -1.59878259e-01 -2.48867741e-01 -3.24666772e-01 -3.87655133e-01 -4.55202442e-01 -5.16049287e-01 -5.57216667e-01 -5.79091066e-01 -5.81637885e-01 -5.67945862e-01 -5.37472586e-01 -4.91485123e-01 -4.26102444e-01 -3.55316805e-01 -2.80486613e-01 -2.16025003e-01 -1.51726786e-01 -8.16584961e-02 -2.67673049e-03 6.12522994e-02 1.29270121e-01 1.94362432e-01 2.62020781e-01 3.17983602e-01 3.67348130e-01 4.01349660e-01 4.20144859e-01 4.21102337e-01 4.00728896e-01 3.62780853e-01 3.04184889e-01 2.29739250e-01 1.47783501e-01 6.39260162e-02 -2.64149550e-02 -1.06585827e-01 -1.89210866e-01 -2.58552722e-01 -3.18135934e-01 -3.66227724e-01 -3.96639409e-01 -4.06077976e-01 -3.94998990e-01 -3.61756243e-01 -3.06987629e-01 -2.33731051e-01 -1.47065182e-01 -4.89236765e-02 4.46041128e-02 1.31194379e-01 2.06749768e-01 2.59573670e-01 2.98484590e-01 3.36351278e-01 3.26403299e-01 2.82563070e-01 2.36985839e-01 2.11662597e-01 1.63645580e-01 1.01864411e-01 5.63239659e-02 2.47543856e-02 -1.56615743e-02 -2.88052148e-02 -6.32528096e-02 -9.98380874e-02 -1.50795693e-01 -3.70743228e-01 -4.81037376e-02
2.02000000e+01 -3.49989178e-01 2.91627238e-01 2.76326671e-01 2.37436848e-01 2.22531635e-01 1.66992860e-01 1.03399654e-01 7.03253715e-02 5.22858057e-02 5.50425356e-02 8.89459894e-02 1.14965297e-01 1.02141421e-01 1.15714924e-01 1.26148020e-01 1.12742950e-01 1.05546775e-01 1.07723740e-01 1.51118751e-01 1.95934196e-01 2.47028081e-01 2.80064647e-01 3.03052856e-01 3.09905921e-01 2.99353675e-01 2.71981833e-01 2.21983184e-01 1.59722812e-01 7.43445613e-02 -1.38406504e-02 -8.74448632e-02 -1.58154045e-01 -2.46583722e-01 -3.21145287e-01 -3.83716505e-01 -4.51687994e-01 -5.13380743e-01 -5.55373734e-01 -5.77953568e-01 -5.80891508e-01 -5.66849043e-01 -5.35640929e-01 -4.88969731e-01 -4.22979361e-01 -3.52228323e-01 -2.77505439e-01 -2.14510638e-01 -1.51157151e-01 -8.14706394e-02 -2.29597701e-03 6.08738117e-02 1.28781731e-01 1.93548947e-01 2.60408587e-01 3.16380672e-01 3.66329942e-01 4.00604272e-01 4.19544528e-01 4.20459103e-01 3.99528399e-01 3.61290498e-01 3.01893831e-01 2.27288436e-01 1.45403216e-01 6.23559917e-02 -2.76270695e-02 -1.06936675e-01 -1.89845517e-01 -2.59099576e-01 -3.18757573e-01 -3.67430850e-01 -3.97536905e-01 -4.07221564e-01 -3.95727898e-01 -3.62152467e-01 -3.06574957e-01 -2.32662612e-01 -1.45961271e-01 -4.80655908e-02 4.40929179e-02 1.28759275e-01 2.02586793e-01 2.54421353e-01 2.93595070e-01 3.31068224e-01 3.19846289e-01 2.77640351e-01 2.32752070e-01 2.10812785e-01 1.60792712e-01 1.01325190e-01 5.60038091e-02 2.51047407e-02 -1.45248828e-02 -2.67891799e-02 -5.95802846e-02 -9.59763645e-02 -1.45662542e-01 -3.63497073e-01 -3.03595451e-02
2.03000000e+01 -3.63365497e-01 2.79159582e-01 2.68903086e-01 2.30274406e-01 2.16513675e-01 1.64733651e-01 1.01404252e-01 6.83764788e-02 5.24255843e-02 5.44788777e-02 8.64727070e-02 1.16115426e-01 1.04853626e-01 1.18128340e-01 1.29913158e-01 1.19448721e-01 1.12487400e-01 1.12395855e-01 1.53492217e-01 1.97337864e-01 2.48941951e-01 2.81688600e-01 3.05222847e-01 3.10716472e-01 3.00382693e-01 2.72041760e-01 2.22280428e-01 1.59180701e-01 7.42222423e-02 -1.33567709e-02 -8.65776137e-02 -1.56551308e-01 -2.44332429e-01 -3.17656760e-01 -3.79757779e-01 -4.48067131e-01 -5.10555994e-01 -5.53388344e-01 -5.76656043e-01 -5.80004479e-01 -5.65619106e-01 -5.33693796e-01 -4.86351496e-01 -4.19809019e-01 -3.49156976e-01 -2.74624862e-01 -2.13093743e-01 -1.50619155e-01 -8.13069567e-02 -1.93351891e-03 6.05392633e-02 1.28354781e-01 1.92789089e-01 2.58762221e-01 3.14742318e-01 3.65238203e-01 3.99765008e-01 4.18823211e-01 4.19651351e-01 3.98160444e-01 3.59632571e-01 2.99445446e-01 2.24741146e-01 1.42992796e-01 6.07996483e-02 -2.87441512e-02 -1.07209176e-01 -1.90369389e-01 -2.59530142e-01 -3.19263584e-01 -3.68539935e-01 -3.98316482e-01 -4.08263417e-01 -3.96334260e-01 -3.62406403e-01 -3.06012397e-01 -2.31467794e-01 -1.44746739e-01 -4.72098074e-02 4.35430957e-02 1.26240716e-01 1.98280900e-01 2.49166007e-01 2.88563776e-01 3.25410841e-01 3.13186639e-01 2.72635377e-01 2.28651564e-01 2.09895978e-01 1.57957743e-01 1.00814092e-01 5.57627397e-02 2.53834073e-02 -1.31805892e-02 -2.48987604e-02 -5.58455031e-02 -9.20188231e-02 -1.40617500e-01 -3.56133658e-01 -1.26615181e-02
2.04000000e+01 -3.76369162e-01 2.66649720e-01 2.61532072e-01 2.23011952e-01 2.10469494e-01 1.62249894e-01 9.95019303e-02 6.63248949e-02 5.24387643e-02 5.41505485e-02 8.41204661e-02 1.17003997e-01 1.07825768e-01 1.20687158e-01 1.33567855e-01 1.26028525e-01 1.19461798e-01 1.17336325e-01 1.55866980e-01 1.98688563e-01 2.50675913e-01 2.83180322e-01 3.07275589e-01 3.11433872e-01 3.01376038e-01 2.72020586e-01 2.22537485e-01 1.58549782e-01 7.40629186e-02 -1.28779418e-02 -8.57229818e-02 -1.55069086e-01 -2.42115072e-01 -3.14209606e-01 -3.75786902e-01 -4.44345268e-01 -5.07576231e-01 -5.51260391e-01 -5.75193546e-01 -5.78970402e-01 -5.64253605e-01 -5.31630023e-01 -4.83633039e-01 -4.16597629e-01 -3.46105226e-01 -2.71854216e-01 -2.11770590e-01 -1.50106403e-01 -8.11641914e-02 -1.59438999e-03 6.02515660e-02 1.27986166e-01 1.92080762e-01 2.57086308e-01 3.13075926e-01 3.64071408e-01 3.98830743e-01 4.17979500e-01 4.18674414e-01 3.96626346e-01 3.57804097e-01 2.96845540e-01 2.22102672e-01 1.40557965e-01 5.92569429e-02 -2.97656838e-02 -1.07411992e-01 -1.90782897e-01 -2.59847220e-01 -3.19657820e-01 -3.69550800e-01 -3.98978936e-01 -4.09200964e-01 -3.96816518e-01 -3.62515326e-01 -3.05303338e-01 -2.30152517e-01 -1.43426029e-01 -4.63698021e-02 4.29507990e-02 1.23643315e-01 1.93842443e-01 2.43818937e-01 2.83380403e-01 3.19382365e-01 3.06448066e-01 2.67536141e-01 2.24705723e-01 2.08870074e-01 1.55176100e-01 1.00312639e-01 5.56007476e-02 2.55959082e-02 -1.16348742e-02 -2.31155400e-02 -5.20625339e-02 -8.79530889e-02 -1.35660041e-01 -3.48657143e-01 4.97548440e-03
2.05000000e+01 -3.89003862e-01 2.54103742e-01 2.54226242e-01 2.15635380e-01 2.04425773e-01 1.59519851e-01 9.76871577e-02 6.41915212e-02 5.23120216e-02 5.40297934e-02 8.19348602e-02 1.17620635e-01 1.11031963e-01 1.23409101e-01 1.37131418e-01 1.32464577e-01 1.26439100e-01 1.22542029e-01 1.58259203e-01 1.99994081e-01 2.52229647e-01 2.84543707e-01 3.09202522e-01 3.12060126e-01 3.02331896e-01 2.71922905e-01 2.22750195e-01 1.57841291e-01 7.38672931e-02 -1.24026721e-02 -8.48738110e-02 -1.53705012e-01 -2.39933240e-01 -3.10811793e-01 -3.71811559e-01 -4.40528114e-01 -5.04443282e-01 -5.48989624e-01 -5.73561281e-01 -5.77782707e-01 -5.62750305e-01 -5.29448517e-01 -4.80817125e-01 -4.13351641e-01 -3.43075669e-01 -2.69202123e-01 -2.10536696e-01 -1.49612664e-01 -8.10388647e-02 -1.28355096e-03 6.00131412e-02 1.27672175e-01 1.91421171e-01 2.55386433e-01 3.11388755e-01 3.62828026e-01 3.97800382e-01 4.17011694e-01 4.17523993e-01 3.94927442e-01 3.55802194e-01 2.94100419e-01 2.19378423e-01 1.38104476e-01 5.77277050e-02 -3.06916419e-02 -1.07553871e-01 -1.91086381e-01 -2.60053685e-01 -3.19944479e-01 -3.70458792e-01 -3.99525326e-01 -4.10031215e-01 -3.97173172e-01 -3.62476669e-01 -3.04451554e-01 -2.28722682e-01 -1.42004026e-01 -4.55588665e-02 4.23124660e-02 1.20971684e-01 1.89282399e-01 2.38390297e-01 2.78033760e-01 3.12990428e-01 2.99651573e-01 2.62332397e-01 2.20932096e-01 2.07696347e-01 1.52481567e-01 9.98032846e-02 5.55159236e-02 2.57514914e-02 -9.89898453e-03 -2.14170221e-02 -4.82468212e-02 -8.37677014e-02 -1.30788436e-01 -3.41072208e-01 2.25367963e-02
2.06000000e+01 -4.01274421e-01 2.41528893e-01 2.46996322e-01 2.08133699e-01 1.98405192e-01 1.56527949e-01 9.59491943e-02 6.19981908e-02 5.20360727e-02 5.40857496e-02 7.99572115e-02 1.17963840e-01 1.14441017e-01 1.26309927e-01 1.40624782e-01 1.38741700e-01 1.33389241e-01 1.28005335e-01 1.60686430e-01 2.01262013e-01 2.53603825e-01 2.85782671e-01 3.10995274e-01 3.12597336e-01 3.03247699e-01 2.71753710e-01 2.22913606e-01 1.57067544e-01 7.36358863e-02 -1.19300441e-02 -8.40235813e-02 -1.52455270e-01 -2.37788901e-01 -3.07470790e-01 -3.67839149e-01 -4.36621671e-01 -5.01159639e-01 -5.46575599e-01 -5.71754652e-01 -5.76434687e-01 -5.61107127e-01 -5.27148317e-01 -4.77906659e-01 -4.10077673e-01 -3.40071130e-01 -2.66676333e-01 -2.09386942e-01 -1.49131938e-01 -8.09273555e-02 -1.00573739e-03 5.98257902e-02 1.27408649e-01 1.90806861e-01 2.53669147e-01 3.09687788e-01 3.61506561e-01 3.96672875e-01 4.15917766e-01 4.16196226e-01 3.93065023e-01 3.53624164e-01 2.91216846e-01 2.16573901e-01 1.35638068e-01 5.62116465e-02 -3.15225206e-02 -1.07643527e-01 -1.91280179e-01 -2.60152459e-01 -3.20128057e-01 -3.71258841e-01 -3.99957002e-01 -4.10750743e-01 -3.97402791e-01 -3.62288090e-01 -3.03461124e-01 -2.27184163e-01 -1.40486134e-01 -4.47899505e-02 4.16248494e-02 1.18230381e-01 1.84612277e-01 2.32888904e-01 2.72512155e-01 3.06247019e-01 2.92814997e-01 2.57016224e-01 2.17343678e-01 2.06340503e-01 1.49905227e-01 9.92699993e-02 5.55044419e-02 2.58628123e-02 -7.98872788e-03 -1.97772527e-02 -4.44146577e-02 -7.94523959e-02 -1.25999766e-01 -3.33383986e-01 4.00079551e-02
2.07000000e+01 -4.13186761e-01 2.28933656e-01 2.39850782e-01 2.00499645e-01 1.92425674e-01 1.53265237e-01 9.42723059e-02 5.97671678e-02 5.16055899e-02 5.42854830e-02 7.82234184e-02 1.18041120e-01 1.18017173e-01 1.29402982e-01 1.44070190e-01 1.44847409e-01 1.40283420e-01 1.33714073e-01 1.63167266e-01 2.02499827e-01 2.54800162e-01 2.86901042e-01 3.12645765e-01 3.13047737e-01 3.04120080e-01 2.71518400e-01 2.23022059e-01 1.56241731e-01 7.33691602e-02 -1.14596680e-02 -8.31665587e-02 -1.51314584e-01 -2.35684381e-01 -3.04193530e-01 -3.63876761e-01 -4.32632230e-01 -4.97728478e-01 -5.44017646e-01 -5.69769301e-01 -5.74919554e-01 -5.59322086e-01 -5.24728656e-01 -4.74904692e-01 -4.06782431e-01 -3.37094743e-01 -2.64283585e-01 -2.08315702e-01 -1.48658510e-01 -8.08259958e-02 -7.65295134e-04 5.96905760e-02 1.27191140e-01 1.90233783e-01 2.51941936e-01 3.07979598e-01 3.60105608e-01 3.95447222e-01 4.14695354e-01 4.14687759e-01 3.91040274e-01 3.51267589e-01 2.88201983e-01 2.13694690e-01 1.33164427e-01 5.47083723e-02 -3.22593595e-02 -1.07689529e-01 -1.91364701e-01 -2.60146480e-01 -3.20213271e-01 -3.71945538e-01 -4.00275601e-01 -4.11355696e-01 -3.97504013e-01 -3.61947550e-01 -3.02336351e-01 -2.25542809e-01 -1.38878338e-01 -4.40755053e-02 4.08850397e-02 1.15423859e-01 1.79844019e-01 2.27322093e-01 2.66803818e-01 2.99168323e-01 2.85952653e-01 2.51582505e-01 2.13948329e-01 2.04773617e-01 1.47474481e-01 9.86988008e-02 5.55606182e-02 2.59454977e-02 -5.92382169e-03 -1.81675612e-02 -4.05826106e-02 -7.49983763e-02 -1.21289954e-01 -3.25597977e-01 5.73747115e-02
2.08000000e+01 -4.24747855e-01 2.16327780e-01 2.32795551e-01 1.92730166e-01 1.86499831e-01 1.49729619e-01 9.26361492e-02 5.75206212e-02 5.10190366e-02 5.45950356e-02 7.67629896e-02 1.17868862e-01 1.21721014e-01 1.32698766e-01 1.47490853e-01 1.50771974e-01 1.47094512e-01 1.39651632e-01 1.65721005e-01 2.03714929e-01 2.55821455e-01 2.87902478e-01 3.14146290e-01 3.13413734e-01 3.04944877e-01 2.71222742e-01 2.23069319e-01 1.55377665e-01 7.30676592e-02 -1.09916131e-02 -8.22979330e-02 -1.50276232e-01 -2.33622321e-01 -3.00986380e-01 -3.59931146e-01 -4.28566366e-01 -4.94153660e-01 -5.41314854e-01 -5.67601156e-01 -5.73230490e-01 -5.57393217e-01 -5.22189013e-01 -4.71814425e-01 -4.03472636e-01 -3.34150018e-01 -2.62029482e-01 -2.07316971e-01 -1.48187010e-01 -8.07311722e-02 -5.66009399e-04 5.96077250e-02 1.27015083e-01 1.89697371e-01 2.50213143e-01 3.06270218e-01 3.58623931e-01 3.94122469e-01 4.13341750e-01 4.12995782e-01 3.88854214e-01 3.48730428e-01 2.85063336e-01 2.10746435e-01 1.30689142e-01 5.32173907e-02 -3.29037599e-02 -1.07700181e-01 -1.91340512e-01 -2.60038670e-01 -3.20204975e-01 -3.72513246e-01 -4.00483029e-01 -4.11841817e-01 -3.97475536e-01 -3.61453377e-01 -3.01081671e-01 -2.23804440e-01 -1.37187268e-01 -4.34273292e-02 4.00904832e-02 1.12556410e-01 1.74989880e-01 2.21695590e-01 2.60897344e-01 2.91774463e-01 2.79075106e-01 2.46029299e-01 2.10748332e-01 2.02972911e-01 1.45212187e-01 9.80782001e-02 5.56770455e-02 2.60176072e-02 -3.72711863e-03 -1.65573953e-02 -3.67669189e-02 -7.03985671e-02 -1.16653825e-01 -3.17719959e-01 7.46230387e-02
2.09000000e+01 -4.35965658e-01 2.03722273e-01 2.25833828e-01 1.84826740e-01 1.80634610e-01 1.45925852e-01 9.10163172e-02 5.52800854e-02 5.02784351e-02 5.49804477e-02 7.55982934e-02 1.17471910e-01 1.25510484e-01 1.36204541e-01 1.50910581e-01 1.56508443e-01 1.53797442e-01 1.45797147e-01 1.68367204e-01 2.04914748e-01 2.56671605e-01 2.88790388e-01 3.15489593e-01 3.13697930e-01 3.05717172e-01 2.70872776e-01 2.23048745e-01 1.54489482e-01 7.27321601e-02 -1.05263226e-02 -8.14139297e-02 -1.49332126e-01 -2.31605614e-01 -2.97855132e-01 -3.56008696e-01 -4.24430932e-01 -4.90439723e-01 -5.38466055e-01 -5.65246456e-01 -5.71360710e-01 -5.55318512e-01 -5.19529165e-01 -4.68639216e-01 -4.00154956e-01 -3.31240891e-01 -2.59918392e-01 -2.06384499e-01 -1.47712474e-01 -8.06394264e-02 -4.10936525e-04 5.95765520e-02 1.26875950e-01 1.89192626e-01 2.48491846e-01 3.04565032e-01 3.57060536e-01 3.92697698e-01 4.11853930e-01 4.11118058e-01 3.86507662e-01 3.46011117e-01 2.81808681e-01 2.07734831e-01 1.28217662e-01 5.17381217e-02 -3.34578919e-02 -1.07683408e-01 -1.91208416e-01 -2.59831908e-01 -3.20108053e-01 -3.72956226e-01 -4.00581407e-01 -4.12204495e-01 -3.97316112e-01 -3.60804326e-01 -2.99701572e-01 -2.21974863e-01 -1.35420244e-01 -4.28564197e-02 3.92389909e-02 1.09632120e-01 1.70062298e-01 2.16013433e-01 2.54782143e-01 2.84089140e-01 2.72189064e-01 2.40358084e-01 2.07740116e-01 2.00922353e-01 1.43135945e-01 9.73995545e-02 5.58448042e-02 2.60990093e-02 -1.42373503e-03 -1.49152215e-02 -3.29828810e-02 -6.56478374e-02 -1.12085185e-01 -3.09755876e-01 9.17391407e-02
2.10000000e+01 -4.46849029e-01 1.91129332e-01 2.18965998e-01 1.76795534e-01 1.74831163e-01 1.41865324e-01 8.93850302e-02 5.30659163e-02 4.93890774e-02 5.54087246e-02 7.47440427e-02 1.16882890e-01 1.29342020e-01 1.39923979e-01 1.54353391e-01 1.62052648e-01 1.60369497e-01 1.52125810e-01 1.71125225e-01 2.06106818e-01 2.57355620e-01 2.89567880e-01 3.16668922e-01 3.13903128e-01 3.06431386e-01 2.70474671e-01 2.22953530e-01 1.53591307e-01 7.23638270e-02 -1.00645152e-02 -8.05118866e-02 -1.48472922e-01 -2.29637326e-01 -2.94804991e-01 -3.52115419e-01 -4.20233040e-01 -4.86591862e-01 -5.35469837e-01 -5.62701794e-01 -5.69303526e-01 -5.53095844e-01 -5.16749226e-01 -4.65382589e-01 -3.96835939e-01 -3.28371757e-01 -2.57953358e-01 -2.05511913e-01 -1.47230404e-01 -8.05475449e-02 -3.02249901e-04 5.95954134e-02 1.26769401e-01 1.88714217e-01 2.46787705e-01 3.02868679e-01 3.55414756e-01 3.91172007e-01 4.10228580e-01 4.09052930e-01 3.84001199e-01 3.43108652e-01 2.78445998e-01 2.04665616e-01 1.25755249e-01 5.02699054e-02 -3.39244949e-02 -1.07646659e-01 -1.90969538e-01 -2.59528998e-01 -3.19927307e-01 -3.73268790e-01 -4.00573005e-01 -4.12438819e-01 -3.97024538e-01 -3.59999625e-01 -2.98200519e-01 -2.20059881e-01 -1.33585303e-01 -4.23728340e-02 3.83287382e-02 1.06654817e-01 1.65073749e-01 2.10277926e-01 2.48448890e-01 2.76139174e-01 2.65297402e-01 2.34573863e-01 2.04914160e-01 1.98613053e-01 1.41257550e-01 9.66573123e-02 5.60537388e-02 2.62106934e-02 9.59887585e-04 -1.32094638e-02 -2.92442554e-02 -6.07431865e-02 -1.07576933e-01 -3.01711742e-01 1.08709459e-01
2.11000000e+01 -4.57407629e-01 1.78562232e-01 2.12189650e-01 1.68647392e-01 1.69084943e-01 1.37565600e-01 8.77119547e-02 5.08967548e-02 4.83591925e-02 5.58487194e-02 7.42070294e-02 1.16141285e-01 1.33171748e-01 1.43856871e-01 1.57843099e-01 1.67403182e-01 1.66790576e-01 1.58609276e-01 1.74013747e-01 2.07298863e-01 2.57879617e-01 2.90237713e-01 3.17678078e-01 3.14032318e-01 3.07081401e-01 2.70034542e-01 2.22776973e-01 1.52696883e-01 7.19643579e-02 -9.60708126e-03 -7.95902840e-02 -1.47688187e-01 -2.27720604e-01 -2.91840579e-01 -3.48256922e-01 -4.15980046e-01 -4.82615898e-01 -5.32324557e-01 -5.59964137e-01 -5.67052415e-01 -5.50722914e-01 -5.13849669e-01 -4.62048249e-01 -3.93521960e-01 -3.25547477e-01 -2.56136038e-01 -2.04692841e-01 -1.46736833e-01 -8.04526294e-02 -2.41112703e-04 5.96616912e-02 1.26691415e-01 1.88256583e-01 2.45110778e-01 3.01184973e-01 3.53686333e-01 3.89544482e-01 4.08462153e-01 4.06799314e-01 3.81335149e-01 3.40022680e-01 2.74983387e-01 2.01544565e-01 1.23306935e-01 4.88120091e-02 -3.43068688e-02 -1.07596812e-01 -1.90625394e-01 -2.59132654e-01 -3.19667325e-01 -3.73445463e-01 -4.00460155e-01 -4.12539646e-01 -3.96599646e-01 -3.59039006e-01 -2.96582901e-01 -2.18065318e-01 -1.31691212e-01 -4.19855604e-02 3.73582549e-02 1.03628035e-01 1.60036603e-01 2.04489640e-01 2.41889959e-01 2.67953967e-01 2.58399321e-01 2.28685127e-01 2.02255083e-01 1.96043440e-01 1.39582634e-01 9.58491393e-02 5.62927934e-02 2.63740410e-02 3.39695625e-03 -1.14094478e-02 -2.55626930e-02 -5.56838837e-02 -1.03121188e-01 -2.93593522e-01 1.25520680e-01
2.12000000e+01 -4.67651814e-01 1.66035160e-01 2.05499707e-01 1.60397652e-01 1.63386003e-01 1.33049764e-01 8.59651243e-02 4.87890114e-02 4.71995812e-02 5.62719063e-02 7.39861123e-02 1.15292290e-01 1.36956715e-01 1.47998920e-01 1.61402896e-01 1.72561360e-01 1.73043382e-01 1.65216163e-01 1.77050251e-01 2.08498873e-01 2.58250802e-01 2.90802271e-01 3.18511465e-01 3.14088645e-01 3.07660705e-01 2.69558249e-01 2.22512803e-01 1.51819189e-01 7.15361158e-02 -9.15497915e-03 -7.86487247e-02 -1.46966610e-01 -2.25858569e-01 -2.88965940e-01 -3.44438394e-01 -4.11679517e-01 -4.78518228e-01 -5.29028369e-01 -5.57030852e-01 -5.64601084e-01 -5.48197195e-01 -5.10831340e-01 -4.58640091e-01 -3.90219173e-01 -3.22773360e-01 -2.54466654e-01 -2.03921015e-01 -1.46228384e-01 -8.03521408e-02 -2.27589193e-04 5.97718085e-02 1.26638392e-01 1.87814037e-01 2.43471305e-01 2.99516850e-01 3.51875501e-01 3.87814165e-01 4.06550925e-01 4.04356676e-01 3.78509578e-01 3.36753573e-01 2.71428988e-01 1.98377492e-01 1.20877473e-01 4.73636371e-02 -3.46088608e-02 -1.07540097e-01 -1.90177961e-01 -2.58645476e-01 -3.19332362e-01 -3.73481142e-01 -4.00245148e-01 -4.12501671e-01 -3.96040316e-01 -3.57922713e-01 -2.94852993e-01 -2.15997040e-01 -1.29747462e-01 -4.17024035e-02 3.63264046e-02 1.00554974e-01 1.54962961e-01 1.98647469e-01 2.35099823e-01 2.59564905e-01 2.51490628e-01 2.22703665e-01 1.99741935e-01 1.93219220e-01 1.38110515e-01 9.49759255e-02 5.65503930e-02 2.66100813e-02 5.86130232e-03 -9.48632022e-03 -2.19472234e-02 -5.04715564e-02 -9.87094409e-02 -2.85407023e-01 1.42159739e-01
2.13000000e+01 -4.77592506e-01 1.53563008e-01 1.98888654e-01 1.52065791e-01 1.57719518e-01 1.28345579e-01 8.41119368e-02 4.67563841e-02 4.59232298e-02 5.66530269e-02 7.40724527e-02 1.14385492e-01 1.40656116e-01 1.52341610e-01 1.65054918e-01 1.77531142e-01 1.79113541e-01 1.71912630e-01 1.80250509e-01 2.09715175e-01 2.58477445e-01 2.91263550e-01 3.19164145e-01 3.14075344e-01 3.08162544e-01 2.69051193e-01 2.22155499e-01 1.50970050e-01 7.10822317e-02 -8.70913551e-03 -7.76878641e-02 -1.46296252e-01 -2.24054209e-01 -2.86184546e-01 -3.40664604e-01 -4.07339198e-01 -4.74305780e-01 -5.25579275e-01 -5.53899717e-01 -5.61943536e-01 -5.45515903e-01 -5.07695457e-01 -4.55162212e-01 -3.86933470e-01 -3.20055131e-01 -2.52943971e-01 -2.03190368e-01 -1.45702334e-01 -8.02439125e-02 -2.60603712e-04 5.99212783e-02 1.26607231e-01 1.87380892e-01 2.41879483e-01 2.97866334e-01 3.49983070e-01 3.85980020e-01 4.04491064e-01 4.01725003e-01 3.75524302e-01 3.33302484e-01 2.67790891e-01 1.95170256e-01 1.18471286e-01 4.59239439e-02 -3.48348489e-02 -1.07482022e-01 -1.89629729e-01 -2.58069952e-01 -3.18926214e-01 -3.73371247e-01 -3.99930142e-01 -4.12319508e-01 -3.95345477e-01 -3.56651490e-01 -2.93014939e-01 -2.13860986e-01 -1.27764231e-01 -4.15298838e-02 3.52323539e-02 9.74384742e-02 1.49864490e-01 1.92748723e-01 2.28075409e-01 2.51004702e-01 2.44564131e-01 2.16644239e-01 1.97348664e-01 1.90153098e-01 1.36834251e-01 9.40416697e-02 5.68148562e-02 2.69387565e-02 8.32832652e-03 -7.41391291e-03 -1.84038133e-02 -4.51102207e-02 -9.43327341e-02 -2.77157788e-01 1.58613829e-01
2.14000000e+01 -4.87241059e-01 1.41161125e-01 1.92346858e-01 1.43674930e-01 1.52066478e-01 1.23484497e-01 8.21201963e-02 4.48094250e-02 4.45449132e-02 5.69705943e-02 7.44499853e-02 1.13473416e-01 1.44232473e-01 1.56872182e-01 1.68819823e-01 1.82319039e-01 1.84989661e-01 1.78663022e-01 1.83628066e-01 2.10956489e-01 2.58568840e-01 2.91623144e-01 3.19631901e-01 3.13995664e-01 3.08580068e-01 2.68518137e-01 2.21700622e-01 1.50159767e-01 7.06066744e-02 -8.27035142e-03 -7.67092973e-02 -1.45664820e-01 -2.22310271e-01 -2.83499299e-01 -3.36939894e-01 -4.02966962e-01 -4.69985943e-01 -5.21975171e-01 -5.50568934e-01 -5.59074140e-01 -5.42675971e-01 -5.04443590e-01 -4.51618929e-01 -3.83670459e-01 -3.17398866e-01 -2.51565286e-01 -2.02495112e-01 -1.45156660e-01 -8.01261313e-02 -3.37953002e-04 6.01047842e-02 1.26595358e-01 1.86951590e-01 2.40345215e-01 2.96234530e-01 3.48010490e-01 3.84040901e-01 4.02278696e-01 3.98904759e-01 3.72378900e-01 3.29671403e-01 2.64077059e-01 1.91928765e-01 1.16092420e-01 4.44920554e-02 -3.49897259e-02 -1.07427317e-01 -1.88983741e-01 -2.57408451e-01 -3.18452118e-01 -3.73111851e-01 -3.99517061e-01 -4.11987763e-01 -3.94514132e-01 -3.55226553e-01 -2.91072749e-01 -2.11663208e-01 -1.25752337e-01 -4.14731556e-02 3.40755351e-02 9.42809972e-02 1.44752260e-01 1.86789285e-01 2.20816395e-01 2.42306727e-01 2.37610145e-01 2.10524117e-01 1.95044758e-01 1.86864291e-01 1.35740899e-01 9.30532488e-02 5.70748251e-02 2.73782229e-02 1.07758814e-02 -5.16952263e-03 -1.49350150e-02 -3.96062495e-02 -8.99818462e-02 -2.68850996e-01 1.74870413e-01
2.15000000e+01 -4.96609120e-01 1.28845041e-01 1.85862974e-01 1.35251194e-01 1.46404542e-01 1.18500539e-01 7.99591671e-02 4.29551684e-02 4.30807949e-02 5.72072485e-02 7.50961018e-02 1.12609971e-01 1.47652737e-01 1.61573721e-01 1.72716370e-01 1.86933966e-01 1.90663332e-01 1.85430564e-01 1.87193758e-01 2.12231958e-01 2.58535263e-01 2.91882250e-01 3.19911316e-01 3.13852765e-01 3.08906476e-01 2.67963051e-01 2.21145108e-01 1.49396778e-01 7.01142797e-02 -7.83921496e-03 -7.57154138e-02 -1.45059951e-01 -2.20629151e-01 -2.80912533e-01 -3.33268200e-01 -3.98570758e-01 -4.65566495e-01 -5.18213922e-01 -5.47037126e-01 -5.55987688e-01 -5.39674050e-01 -5.01077633e-01 -4.48014787e-01 -3.80435442e-01 -3.14810916e-01 -2.50326446e-01 -2.01829798e-01 -1.44590094e-01 -7.99972886e-02 -4.56373713e-04 6.03162935e-02 1.26600717e-01 1.86520847e-01 2.38877867e-01 2.94621643e-01 3.45959910e-01 3.81995522e-01 3.99909973e-01 3.95896839e-01 3.69072753e-01 3.25863188e-01 2.60295251e-01 1.88658982e-01 1.13744487e-01 4.30670970e-02 -3.50788873e-02 -1.07379879e-01 -1.88243619e-01 -2.56663252e-01 -3.17912660e-01 -3.72699786e-01 -3.99007507e-01 -4.11501116e-01 -3.93545371e-01 -3.53649537e-01 -2.89030306e-01 -2.09409915e-01 -1.23723165e-01 -4.15359420e-02 3.28556019e-02 9.10846120e-02 1.39636570e-01 1.80763814e-01 2.13325441e-01 2.33504311e-01 2.30617081e-01 2.04362505e-01 1.92796040e-01 1.83377839e-01 1.34811973e-01 9.20200816e-02 5.73196943e-02 2.79442117e-02 1.31850616e-02 -2.73458047e-03 -1.15397189e-02 -3.39682768e-02 -8.56474986e-02 -2.60491374e-01 1.90917236e-01
2.16000000e+01 -5.05708476e-01 1.16630160e-01 1.79424410e-01 1.26822973e-01 1.40709021e-01 1.13429109e-01 7.76006054e-02 4.11968341e-02 4.15480306e-02 5.73499608e-02 7.59825203e-02 1.11848864e-01 1.50889252e-01 1.66425360e-01 1.76761020e-01 1.91387078e-01 1.96129069e-01 1.92178075e-01 1.90955259e-01 2.13551166e-01 2.58387916e-01 2.92041669e-01 3.19999856e-01 3.13649616e-01 3.09135141e-01 2.67389002e-01 2.20487519e-01 1.48687372e-01 6.96107410e-02 -7.41601910e-03 -7.47092331e-02 -1.44469510e-01 -2.19012799e-01 -2.78426001e-01 -3.29653070e-01 -3.94158545e-01 -4.61055516e-01 -5.14293442e-01 -5.43303330e-01 -5.52679459e-01 -5.36506522e-01 -4.97599763e-01 -4.44354573e-01 -3.77233398e-01 -3.12297809e-01 -2.49221883e-01 -2.01189367e-01 -1.44002145e-01 -7.98561084e-02 -6.11663274e-04 6.05492013e-02 1.26621715e-01 1.86083806e-01 2.37486017e-01 2.93027039e-01 3.43834206e-01 3.79842441e-01 3.97381130e-01 3.92702532e-01 3.65605081e-01 3.21881575e-01 2.56452944e-01 1.85366931e-01 1.11430613e-01 4.16482308e-02 -3.51082224e-02 -1.07342719e-01 -1.87413570e-01 -2.55836570e-01 -3.17309711e-01 -3.72132716e-01 -3.98402685e-01 -4.10854410e-01 -3.92438397e-01 -3.51922443e-01 -2.86891387e-01 -2.07107520e-01 -1.21688584e-01 -4.17204892e-02 3.15723837e-02 8.78509927e-02 1.34526777e-01 1.74665991e-01 2.05608329e-01 2.24630081e-01 2.23572107e-01 1.98179873e-01 1.90565587e-01 1.79723732e-01 1.34024071e-01 9.09536999e-02 5.75400261e-02 2.86494728e-02 1.55408747e-02 -9.51880117e-05 -8.21302298e-03 -2.82070350e-02 -8.13205681e-02 -2.52083117e-01 2.06742354e-01
2.17000000e+01 -5.14550915e-01 1.04531452e-01 1.73017853e-01 1.18420093e-01 1.34953945e-01 1.08305761e-01 7.50197354e-02 3.95336204e-02 3.99643809e-02 5.73900907e-02 7.70763070e-02 1.11242025e-01 1.53920577e-01 1.71402613e-01 1.80967546e-01 1.95691561e-01 2.01384216e-01 1.98868693e-01 1.94916688e-01 2.14924116e-01 2.58138868e-01 2.92101815e-01 3.19895956e-01 3.13388892e-01 3.09259724e-01 2.66798079e-01 2.19728243e-01 1.48035463e-01 6.91025587e-02 -7.00068466e-03 -7.36942360e-02 -1.43881853e-01 -2.17462638e-01 -2.76040857e-01 -3.26097703e-01 -3.89738218e-01 -4.56461302e-01 -5.10211780e-01 -5.39366986e-01 -5.49145270e-01 -5.33169533e-01 -4.94012394e-01 -4.40643326e-01 -3.74068979e-01 -3.09866131e-01 -2.48244679e-01 -2.00569181e-01 -1.43393120e-01 -7.97014622e-02 -7.98848443e-04 6.07965019e-02 1.26657130e-01 1.85636191e-01 2.36177217e-01 2.91449326e-01 3.41636982e-01 3.77580050e-01 3.94688535e-01 3.89323465e-01 3.61974995e-01 3.17731188e-01 2.52557281e-01 1.82058697e-01 1.09153385e-01 4.02346988e-02 -3.50841098e-02 -1.07317924e-01 -1.86498381e-01 -2.54930607e-01 -3.16644390e-01 -3.71409184e-01 -3.97703334e-01 -4.10042729e-01 -3.91192544e-01 -3.50047568e-01 -2.84659677e-01 -2.04762692e-01 -1.19660842e-01 -4.20275396e-02 3.02258408e-02 8.45814195e-02 1.29431138e-01 1.68488810e-01 1.97674028e-01 2.15715307e-01 2.16461852e-01 1.91997212e-01 1.88314752e-01 1.75935895e-01 1.33349656e-01 8.98672467e-02 5.77279329e-02 2.95033207e-02 1.78327707e-02 2.75749822e-03 -4.94622458e-03 -2.23351295e-02 -7.69923056e-02 -2.43629832e-01 2.22334160e-01
2.18000000e+01 -5.23148078e-01 9.25631288e-02 1.66629812e-01 1.10072938e-01 1.29113178e-01 1.03164978e-01 7.21961348e-02 3.79605953e-02 3.83478355e-02 5.73233045e-02 7.83410139e-02 1.10838083e-01 1.56732115e-01 1.76477822e-01 1.85346675e-01 1.99862409e-01 2.06428799e-01 2.05466588e-01 1.99078287e-01 2.16361177e-01 2.57800989e-01 2.92062735e-01 3.19599098e-01 3.13072884e-01 3.09274262e-01 2.66191360e-01 2.18869623e-01 1.47442449e-01 6.85969503e-02 -6.59268896e-03 -7.26742008e-02 -1.43286092e-01 -2.15979494e-01 -2.73757629e-01 -3.22605002e-01 -3.85317534e-01 -4.51792263e-01 -5.05967217e-01 -5.35227913e-01 -5.45381522e-01 -5.29659035e-01 -4.90318121e-01 -4.36886340e-01 -3.70946498e-01 -3.07522407e-01 -2.47386656e-01 -1.99965045e-01 -1.42764110e-01 -7.95322823e-02 -1.01239175e-03 6.10509854e-02 1.26705979e-01 1.85174455e-01 2.34957779e-01 2.89886491e-01 3.39372536e-01 3.75206584e-01 3.91828731e-01 3.85761563e-01 3.58181557e-01 3.13417509e-01 2.48615012e-01 1.78740420e-01 1.06914806e-01 3.88258697e-02 -3.50134116e-02 -1.07306606e-01 -1.85503394e-01 -2.53947621e-01 -3.15917046e-01 -3.70528625e-01 -3.96909662e-01 -4.09061486e-01 -3.89807284e-01 -3.48027452e-01 -2.82338787e-01 -2.02382407e-01 -1.17652468e-01 -4.24563240e-02 2.88160232e-02 8.12767840e-02 1.24356655e-01 1.62224903e-01 1.89534662e-01 2.06789318e-01 2.09273129e-01 1.85835253e-01 1.86004249e-01 1.72051058e-01 1.32757957e-01 8.87749217e-02 5.78774145e-02 3.05113007e-02 2.00550116e-02 5.82704711e-03 -1.72693922e-03 -1.63667531e-02 -7.26545540e-02 -2.35134494e-01 2.37681425e-01
2.19000000e+01 -5.31511332e-01 8.07383373e-02 1.60247177e-01 1.01811552e-01 1.23161544e-01 9.80389963e-02 6.91145003e-02 3.64686960e-02 3.67162518e-02 5.71493664e-02 7.97378945e-02 1.10680948e-01 1.59316545e-01 1.81620703e-01 1.89905765e-01 2.03916164e-01 2.11265350e-01 2.11937633e-01 2.03436185e-01 2.17872998e-01 2.57387880e-01 2.91924130e-01 3.19109875e-01 3.12703419e-01 3.09173254e-01 2.65568907e-01 2.17916019e-01 1.46907153e-01 6.81017223e-02 -6.19100283e-03 -7.16530558e-02 -1.42672306e-01 -2.14563550e-01 -2.71576176e-01 -3.19177625e-01 -3.80904031e-01 -4.47056823e-01 -5.01558369e-01 -5.30886288e-01 -5.41385239e-01 -5.25970851e-01 -4.86519667e-01 -4.33089161e-01 -3.67869929e-01 -3.05272955e-01 -2.46638488e-01 -1.99373216e-01 -1.42116959e-01 -7.93474883e-02 -1.24642183e-03 6.13054513e-02 1.26767375e-01 1.84695919e-01 2.33832577e-01 2.88336050e-01 3.37045785e-01 3.72720142e-01 3.88798473e-01 3.82019005e-01 3.54223845e-01 3.08946853e-01 2.44632457e-01 1.75418279e-01 1.04716254e-01 3.74212836e-02 -3.49034642e-02 -1.07308878e-01 -1.84434471e-01 -2.52889998e-01 -3.15127266e-01 -3.69491364e-01 -3.96021299e-01 -4.07906502e-01 -3.88282237e-01 -3.45864826e-01 -2.79932263e-01 -1.99973989e-01 -1.15676153e-01 -4.30045751e-02 2.73430376e-02 7.79375954e-02 1.19308936e-01 1.55866884e-01 1.81205393e-01 1.97878970e-01 2.01993657e-01 1.79713669e-01 1.83595265e-01 1.68107547e-01 1.32215958e-01 8.76913964e-02 5.79846332e-02 3.16749865e-02 2.22068690e-02 9.11170564e-03 1.46065591e-03 -1.03173489e-02 -6.82999588e-02 -2.26599425e-01 2.52773345e-01
2.20000000e+01 -5.39651637e-01 6.90688663e-02 1.53857763e-01 9.36647495e-02 1.17075913e-01 9.29567282e-02 6.57652649e-02 3.50448434e-02 3.50870107e-02 5.68718193e-02 8.12271568e-02 1.10808543e-01 1.61674035e-01 1.86798986e-01 1.94648529e-01 2.07870655e-01 2.15898706e-01 2.18250034e-01 2.07982261e-01 2.19470374e-01 2.56913799e-01 2.91685407e-01 3.18430023e-01 3.12281817e-01 3.08951720e-01 2.64929805e-01 2.16873803e-01 1.46425876e-01 6.76251046e-02 -5.79404007e-03 -7.06347513e-02 -1.42031727e-01 -2.13214322e-01 -2.69495645e-01 -3.15818062e-01 -3.76504947e-01 -4.42263321e-01 -4.96984286e-01 -5.26342619e-01 -5.37154095e-01 -5.22100748e-01 -4.82619825e-01 -4.29257578e-01 -3.64842906e-01 -3.03123752e-01 -2.45989852e-01 -1.98790398e-01 -1.41454193e-01 -7.91459371e-02 -1.49497028e-03 6.15529295e-02 1.26840364e-01 1.84198883e-01 2.32804878e-01 2.86795249e-01 3.34662143e-01 3.70118721e-01 3.85594761e-01 3.78098183e-01 3.50101030e-01 3.04326309e-01 2.40615471e-01 1.72098468e-01 1.02558462e-01 3.60206913e-02 -3.47620566e-02 -1.07323832e-01 -1.83297939e-01 -2.51760333e-01 -3.14273894e-01 -3.68298594e-01 -3.95037244e-01 -4.06574087e-01 -3.86617163e-01 -3.43562584e-01 -2.77443597e-01 -1.97545144e-01 -1.13744641e-01 -4.36685621e-02 2.58070219e-02 7.45639868e-02 1.14292088e-01 1.49407706e-01 1.72704216e-01 1.89008204e-01 1.94612736e-01 1.73650308e-01 1.81050568e-01 1.64144040e-01 1.31689439e-01 8.66312230e-02 5.80481168e-02 3.29919170e-02 2.42926447e-02 1.26045254e-02 4.63545947e-03 -4.20322892e-03 -6.39221673e-02 -2.18026286e-01 2.67599591e-01
2.21000000e+01 -5.47579442e-01 5.75648816e-02 1.47450822e-01 8.56592720e-02 1.10836213e-01 8.79428051e-02 6.21450445e-02 3.36721730e-02 3.34766898e-02 5.64975722e-02 8.27692126e-02 1.11251708e-01 1.63812230e-01 1.91979118e-01 1.99574816e-01 2.11744710e-01 2.20335779e-01 2.24374893e-01 2.12704116e-01 2.21164075e-01 2.56393568e-01 2.91345746e-01 3.17562436e-01 3.11808857e-01 3.08605255e-01 2.64272205e-01 2.15751279e-01 1.45992535e-01 6.71755488e-02 -5.39962433e-03 -6.96231542e-02 -1.41356880e-01 -2.11930651e-01 -2.67514421e-01 -3.12528693e-01 -3.72127145e-01 -4.37419918e-01 -4.92244546e-01 -5.21597713e-01 -5.32686431e-01 -5.18044512e-01 -4.78621407e-01 -4.25397590e-01 -3.61868723e-01 -3.01080277e-01 -2.45429593e-01 -1.98213730e-01 -1.40778931e-01 -7.89264079e-02 -1.75219583e-03 6.17868957e-02 1.26923772e-01 1.83682722e-01 2.31876206e-01 2.85261273e-01 3.32227374e-01 3.67400265e-01 3.82214868e-01 3.74001662e-01 3.45812451e-01 2.99563687e-01 2.36569423e-01 1.68787160e-01 1.00441509e-01 3.46240830e-02 -3.45973924e-02 -1.07349536e-01 -1.82100539e-01 -2.50561508e-01 -3.13355071e-01 -3.66952338e-01 -3.93955831e-01 -4.05061102e-01 -3.84811946e-01 -3.41123774e-01 -2.74876232e-01 -1.95103975e-01 -1.11870610e-01 -4.44431509e-02 2.42081307e-02 7.11557197e-02 1.09308624e-01 1.42841022e-01 1.64051685e-01 1.80197694e-01 1.87121869e-01 1.67660473e-01 1.78335576e-01 1.60198334e-01 1.31144033e-01 8.56082602e-02 5.80688789e-02 3.44556777e-02 2.63215128e-02 1.62936579e-02 7.81897446e-03 1.95883887e-03 -5.95160082e-02 -2.09416099e-01 2.82150364e-01
2.22000000e+01 -5.55304578e-01 4.62346995e-02 1.41017498e-01 7.78190184e-02 1.04426330e-01 8.30167899e-02 5.82568947e-02 3.23303830e-02 3.19007556e-02 5.60364138e-02 8.43258832e-02 1.12033321e-01 1.65746023e-01 1.97127026e-01 2.04680457e-01 2.15557860e-01 2.24585315e-01 2.30286689e-01 2.17585155e-01 2.22964636e-01 2.55842474e-01 2.90904194e-01 3.16511137e-01 3.11284766e-01 3.08130065e-01 2.63593409e-01 2.14558541e-01 1.45598915e-01 6.67614994e-02 -5.00497873e-03 -6.86219630e-02 -1.40641678e-01 -2.10710716e-01 -2.65630083e-01 -3.09311853e-01 -3.67777047e-01 -4.32534503e-01 -4.87339351e-01 -5.16652649e-01 -5.27981266e-01 -5.13798046e-01 -4.74527194e-01 -4.21515369e-01 -3.58950349e-01 -2.99147378e-01 -2.44945924e-01 -1.97640759e-01 -1.40094758e-01 -7.86876227e-02 -2.01257795e-03 6.20014659e-02 1.27016068e-01 1.83147942e-01 2.31046235e-01 2.83731470e-01 3.29747405e-01 3.64562714e-01 3.78656374e-01 3.69732144e-01 3.41357705e-01 2.94667435e-01 2.32499178e-01 1.65490454e-01 9.83648338e-02 3.32317029e-02 -3.44180293e-02 -1.07383071e-01 -1.80849352e-01 -2.49296751e-01 -3.12368285e-01 -3.65455402e-01 -3.92774697e-01 -4.03365021e-01 -3.82866569e-01 -3.38551605e-01 -2.72233576e-01 -1.92658978e-01 -1.10066550e-01 -4.53218898e-02 2.25465293e-02 6.77121862e-02 1.04359418e-01 1.36161521e-01 1.55270563e-01 1.71464599e-01 1.79515287e-01 1.61756290e-01 1.75419337e-01 1.56306143e-01 1.30546263e-01 8.46351368e-02 5.80504498e-02 3.60561210e-02 2.83071905e-02 2.01628091e-02 1.10347410e-02 8.15206533e-03 -5.50776459e-02 -2.00769282e-01 2.96416456e-01
2.23000000e+01 -5.62836184e-01 3.50846069e-02 1.34551214e-01 7.01643783e-02 9.78348635e-02 7.81925766e-02 5.41103674e-02 3.09961956e-02 3.03732764e-02 5.55004751e-02 8.58615240e-02 1.13167659e-01 1.67497099e-01 2.02208923e-01 2.09957177e-01 2.19330031e-01 2.28657644e-01 2.35963685e-01 2.22604780e-01 2.24882107e-01 2.55276152e-01 2.90359798e-01 3.15281232e-01 3.10709228e-01 3.07523010e-01 2.62889962e-01 2.13307274e-01 1.45234998e-01 6.63911461e-02 -4.60674324e-03 -6.76346407e-02 -1.39881476e-01 -2.09552059e-01 -2.63839361e-01 -3.06169887e-01 -3.63460573e-01 -4.27614621e-01 -4.82269607e-01 -5.11508749e-01 -5.23038291e-01 -5.09357460e-01 -4.70339903e-01 -4.17617207e-01 -3.56090438e-01 -2.97329124e-01 -2.44526640e-01 -1.97069404e-01 -1.39405586e-01 -7.84283036e-02 -2.27106585e-03 6.21915567e-02 1.27115256e-01 1.82596215e-01 2.30312731e-01 2.82203569e-01 3.27228126e-01 3.61604051e-01 3.74917205e-01 3.65292431e-01 3.36736722e-01 2.89646565e-01 2.28409094e-01 1.62214319e-01 9.63272642e-02 3.18440504e-02 -3.42327922e-02 -1.07420592e-01 -1.79551735e-01 -2.47969684e-01 -3.11310423e-01 -3.63811320e-01 -3.91490768e-01 -4.01483982e-01 -3.80781076e-01 -3.35849482e-01 -2.69519012e-01 -1.90219014e-01 -1.08344645e-01 -4.62971234e-02 2.08223957e-02 6.42324103e-02 9.94436793e-02 1.29365251e-01 1.46385430e-01 1.62822414e-01 1.71790376e-01 1.55946183e-01 1.72275410e-01 1.52499979e-01 1.29864532e-01 8.37227756e-02 5.79988171e-02 3.77797228e-02 3.02674493e-02 2.41918355e-02 1.43076905e-02 1.43600826e-02 -5.06047060e-02 -1.92085710e-01 3.10389310e-01
2.24000000e+01 -5.70182643e-01 2.41187363e-02 1.28047977e-01 6.27116892e-02 9.10557082e-02 7.34780031e-02 4.97213615e-02 2.96439234e-02 2.89066565e-02 5.49036618e-02 8.73440325e-02 1.14660012e-01 1.69093267e-01 2.07192134e-01 2.15392581e-01 2.23081222e-01 2.32564417e-01 2.41388225e-01 2.27738698e-01 2.26925778e-01 2.54710450e-01 2.89711745e-01 3.13878840e-01 3.10081392e-01 3.06781628e-01 2.62157757e-01 2.12010490e-01 1.44889364e-01 6.60721749e-02 -4.20102442e-03 -6.66643597e-02 -1.39073087e-01 -2.08451627e-01 -2.62138116e-01 -3.03105177e-01 -3.59183098e-01 -4.22667394e-01 -4.77036993e-01 -5.06167546e-01 -5.17857858e-01 -5.04719168e-01 -4.66062143e-01 -4.13709447e-01 -3.53291352e-01 -2.95628676e-01 -2.44159352e-01 -1.96497912e-01 -1.38715505e-01 -7.81472570e-02 -2.52317562e-03 6.23529993e-02 1.27218800e-01 1.82030366e-01 2.29671536e-01 2.80675869e-01 3.24675199e-01 3.58522351e-01 3.70995677e-01 3.60685393e-01 3.31949854e-01 2.84510564e-01 2.24303024e-01 1.58964515e-01 9.43270690e-02 3.04618656e-02 -3.40506609e-02 -1.07457432e-01 -1.78215245e-01 -2.46584340e-01 -3.10177843e-01 -3.62024292e-01 -3.90100261e-01 -3.99416824e-01 -3.78555519e-01 -3.33021041e-01 -2.66735936e-01 -1.87793251e-01 -1.06716645e-01 -4.73601342e-02 1.90359295e-02 6.07150493e-02 9.45589820e-02 1.22449893e-01 1.37422248e-01 1.54280936e-01 1.63947974e-01 1.50234480e-01 1.68882604e-01 1.48808144e-01 1.29070020e-01 8.28799927e-02 5.79222753e-02 3.96100615e-02 3.22234830e-02 2.83574631e-02 1.76634403e-02 2.05673816e-02 -4.60963653e-02 -1.83364797e-01 3.24061083e-01
2.25000000e+01 -5.77351541e-01 1.33389985e-02 1.21506575e-01 5.54728402e-02 8.40884473e-02 6.88746868e-02 4.51117693e-02 2.82461283e-02 2.75113926e-02 5.42610782e-02 8.87457106e-02 1.16506569e-01 1.70567607e-01 2.12045921e-01 2.20970226e-01 2.26831179e-01 2.36318358e-01 2.46546954e-01 2.32959322e-01 2.29103882e-01 2.54161275e-01 2.88959538e-01 3.12311004e-01 3.09399875e-01 3.05904161e-01 2.61392169e-01 2.10682219e-01 1.44549650e-01 6.58115362e-02 -3.78348040e-03 -6.57139534e-02 -1.38214757e-01 -2.07405813e-01 -2.60521337e-01 -3.00120157e-01 -3.54949424e-01 -4.17699467e-01 -4.71644015e-01 -5.00630763e-01 -5.12440963e-01 -4.99879985e-01 -4.61696389e-01 -4.09798410e-01 -3.50555177e-01 -2.94048167e-01 -2.43831726e-01 -1.95924811e-01 -1.38028631e-01 -7.78434745e-02 -2.76503540e-03 6.24826016e-02 1.27323600e-01 1.81454327e-01 2.29116614e-01 2.79147393e-01 3.22093861e-01 3.55315801e-01 3.66890547e-01 3.55913934e-01 3.26997945e-01 2.79269310e-01 2.20184328e-01 1.55746522e-01 9.23620192e-02 2.90861006e-02 -3.38806320e-02 -1.07488250e-01 -1.76847558e-01 -2.45145155e-01 -3.08966444e-01 -3.60099109e-01 -3.88598708e-01 -3.97163125e-01 -3.76189910e-01 -3.30070195e-01 -2.63887794e-01 -1.85391089e-01 -1.05193732e-01 -4.85013113e-02 1.71873632e-02 5.71583976e-02 8.97013184e-02 1.15414989e-01 1.28407909e-01 1.45846320e-01 1.55992549e-01 1.44621154e-01 1.65225560e-01 1.45253860e-01 1.28137486e-01 8.21131873e-02 5.78311884e-02 4.15284036e-02 3.41991560e-02 3.26341021e-02 2.11275509e-02 2.67597320e-02 -4.15534034e-02 -1.74605593e-01 3.37424707e-01
2.26000000e+01 -5.84349654e-01 2.74507930e-03 1.14928677e-01 4.84550325e-02 7.69385359e-02 6.43780904e-02 4.03089296e-02 2.67743593e-02 2.61958566e-02 5.35884629e-02 9.00439557e-02 1.18694574e-01 1.71957442e-01 2.16742295e-01 2.26669769e-01 2.30599055e-01 2.39933006e-01 2.51430920e-01 2.38236257e-01 2.31423286e-01 2.53644441e-01 2.88103160e-01 3.10585618e-01 3.08662768e-01 3.04889580e-01 2.60588186e-01 2.09337160e-01 1.44203027e-01 6.56152441e-02 -3.34944226e-03 -6.47858695e-02 -1.37306111e-01 -2.06410515e-01 -2.58983166e-01 -2.97217295e-01 -3.50763763e-01 -4.12716956e-01 -4.66094046e-01 -4.94900291e-01 -5.06789222e-01 -4.94837228e-01 -4.57244960e-01 -4.05890318e-01 -3.47883749e-01 -2.92588594e-01 -2.43531726e-01 -1.95348848e-01 -1.37348967e-01 -7.75162345e-02 -2.99338607e-03 6.25781580e-02 1.27426001e-01 1.80873048e-01 2.28640154e-01 2.77617978e-01 3.19488774e-01 3.51982728e-01 3.62601072e-01 3.50980963e-01 3.21882406e-01 2.73932988e-01 2.16055894e-01 1.52565452e-01 9.04294609e-02 2.77178793e-02 -3.37315626e-02 -1.07507218e-01 -1.75456392e-01 -2.43656927e-01 -3.07671758e-01 -3.58041079e-01 -3.86980996e-01 -3.94723217e-01 -3.73684160e-01 -3.27001180e-01 -2.60978143e-01 -1.83022055e-01 -1.03786397e-01 -4.97103415e-02 1.52769748e-02 5.35603956e-02 8.48651961e-02 1.08262117e-01 1.19369769e-01 1.37521243e-01 1.47932236e-01 1.39101719e-01 1.61295166e-01 1.41854565e-01 1.27045917e-01 8.14261290e-02 5.77376737e-02 4.35143760e-02 3.62201587e-02 3.69947306e-02 2.47247703e-02 3.29245697e-02 -3.69782140e-02 -1.65806902e-01 3.50473953e-01
2.27000000e+01 -5.91182948e-01 -7.66550269e-03 1.08318820e-01 4.16607066e-02 6.96172740e-02 5.99778152e-02 3.53449007e-02 2.51999470e-02 2.49661051e-02 5.29016544e-02 9.12217630e-02 1.21202743e-01 1.73303171e-01 2.21256774e-01 2.32467210e-01 2.34403067e-01 2.43422488e-01 2.56035585e-01 2.43536870e-01 2.33889191e-01 2.53175494e-01 2.87143242e-01 3.08711346e-01 3.07867611e-01 3.03737601e-01 2.59740553e-01 2.07990306e-01 1.43836697e-01 6.54882206e-02 -2.89406870e-03 -6.38821204e-02 -1.36348080e-01 -2.05461187e-01 -2.57516948e-01 -2.94399052e-01 -3.46629738e-01 -4.07725407e-01 -4.60391348e-01 -4.88978176e-01 -5.00904838e-01 -4.89588799e-01 -4.52709988e-01 -4.01991215e-01 -3.45278681e-01 -2.91249728e-01 -2.43247848e-01 -1.94768935e-01 -1.36680288e-01 -7.71651918e-02 -3.20554984e-03 6.26384142e-02 1.27521845e-01 1.80292369e-01 2.28232742e-01 2.76088300e-01 3.16863891e-01 3.48521599e-01 3.58127069e-01 3.45889362e-01 3.16605269e-01 2.68512008e-01 2.11920165e-01 1.49425973e-01 8.85263917e-02 2.63584477e-02 -3.36119994e-02 -1.07508231e-01 -1.74049412e-01 -2.42124757e-01 -3.06289038e-01 -3.55855937e-01 -3.85241431e-01 -3.92098196e-01 -3.71038032e-01 -3.23818586e-01 -2.58010715e-01 -1.80695674e-01 -1.02504307e-01 -5.09764208e-02 1.33050972e-02 4.99186462e-02 8.00437675e-02 1.00994996e-01 1.10335191e-01 1.29305145e-01 1.39778755e-01 1.33667273e-01 1.57088772e-01 1.38621395e-01 1.25779040e-01 8.08198486e-02 5.76552159e-02 4.55467018e-02 3.83130985e-02 4.14118162e-02 2.84782878e-02 3.90513398e-02 -3.23747715e-02 -1.56967421e-01 3.63203487e-01
2.28000000e+01 -5.97856605e-01 -1.78972752e-02 1.01684289e-01 3.50876363e-02 6.21415679e-02 5.56581091e-02 3.02555787e-02 2.34948368e-02 2.38257197e-02 5.22161010e-02 9.22680263e-02 1.24001944e-01 1.74647009e-01 2.25569066e-01 2.38335227e-01 2.38260150e-01 2.46801297e-01 2.60360738e-01 2.48826911e-01 2.36504842e-01 2.52769560e-01 2.86081211e-01 3.06697554e-01 3.07011369e-01 3.02448699e-01 2.58843915e-01 2.06656548e-01 1.43438373e-01 6.54341878e-02 -2.41252674e-03 -6.30042311e-02 -1.35342804e-01 -2.04552897e-01 -2.56115317e-01 -2.91667809e-01 -3.42550397e-01 -4.02729765e-01 -4.54541071e-01 -4.82866611e-01 -4.94790568e-01 -4.84133277e-01 -4.48093404e-01 -3.98106891e-01 -3.42741390e-01 -2.90030034e-01 -2.42969342e-01 -1.94184086e-01 -1.36026047e-01 -7.67904422e-02 -3.39938214e-03 6.26629980e-02 1.27606558e-01 1.79718854e-01 2.27883584e-01 2.74559839e-01 3.14222366e-01 3.44931026e-01 3.53468978e-01 3.40641966e-01 3.11169235e-01 2.63016926e-01 2.07779176e-01 1.46332227e-01 8.66495361e-02 2.50091168e-02 -3.35300020e-02 -1.07485153e-01 -1.72634143e-01 -2.40553963e-01 -3.04813372e-01 -3.53549762e-01 -3.83373815e-01 -3.89289921e-01 -3.68251108e-01 -3.20527381e-01 -2.54989493e-01 -1.78421334e-01 -1.01356182e-01 -5.22884780e-02 1.12721212e-02 4.62304417e-02 7.52289896e-02 9.36195409e-02 1.01331091e-01 1.21194564e-01 1.31547197e-01 1.28304702e-01 1.52610221e-01 1.35558876e-01 1.24325667e-01 8.02926295e-02 5.75982251e-02 4.76039721e-02 4.05045619e-02 4.58582435e-02 3.24090249e-02 4.51317824e-02 -2.77485532e-02 -1.48085889e-01 3.75608935e-01
2.29000000e+01 -6.04375066e-01 -2.79566334e-02 9.50348887e-02 2.87291874e-02 5.45334906e-02 5.13985735e-02 2.50796870e-02 2.16324342e-02 2.27756832e-02 5.15464298e-02 9.31776335e-02 1.27056091e-01 1.76031650e-01 2.29663654e-01 2.44243609e-01 2.42185606e-01 2.50084107e-01 2.64410307e-01 2.54071189e-01 2.39271263e-01 2.52441174e-01 2.84919417e-01 3.04554252e-01 3.06090392e-01 3.01024124e-01 2.57892957e-01 2.05350303e-01 1.42996732e-01 6.54556067e-02 -1.90018624e-03 -6.21531832e-02 -1.34293523e-01 -2.03680383e-01 -2.54770306e-01 -2.89025778e-01 -3.38528240e-01 -3.97734356e-01 -4.48549245e-01 -4.76567945e-01 -4.88449690e-01 -4.78469993e-01 -4.43396918e-01 -3.94242804e-01 -3.40273118e-01 -2.88926615e-01 -2.42686408e-01 -1.93593359e-01 -1.35389316e-01 -7.63925541e-02 -3.57322211e-03 6.26523296e-02 1.27675261e-01 1.79159592e-01 2.27580792e-01 2.73034771e-01 3.11566489e-01 3.41209764e-01 3.48627915e-01 3.35241545e-01 3.05577706e-01 2.57458376e-01 2.03634596e-01 1.43287761e-01 8.47954175e-02 2.36712026e-02 -3.34929681e-02 -1.07432059e-01 -1.71217870e-01 -2.38949981e-01 -3.03239790e-01 -3.51128884e-01 -3.81371539e-01 -3.86300997e-01 -3.65322765e-01 -3.17132914e-01 -2.51918786e-01 -1.76208126e-01 -1.00349686e-01 -5.36354048e-02 9.17849055e-03 4.24928047e-02 7.04118098e-02 8.61438479e-02 9.23835100e-02 1.13183522e-01 1.23255694e-01 1.22997029e-01 1.47869685e-01 1.32664821e-01 1.22679864e-01 7.98401001e-02 5.75815524e-02 4.96654286e-02 4.28201761e-02 5.03082176e-02 3.65349845e-02 5.11601495e-02 -2.31064161e-02 -1.39161248e-01 3.87686929e-01
2.30000000e+01 -6.10742092e-01 -3.78516070e-02 8.83826185e-02 2.25747272e-02 4.68196578e-02 4.71750401e-02 1.98576709e-02 1.95884387e-02 2.18142934e-02 5.09060816e-02 9.39513574e-02 1.30323252e-01 1.77498917e-01 2.33530246e-01 2.50159773e-01 2.46192765e-01 2.53285615e-01 2.68192087e-01 2.59234269e-01 2.42187023e-01 2.52204134e-01 2.83661233e-01 3.02292034e-01 3.05100394e-01 2.99465900e-01 2.56882534e-01 2.04085143e-01 1.42501819e-01 6.55536537e-02 -1.35281300e-03 -6.13293601e-02 -1.33204465e-01 -2.02838109e-01 -2.53473478e-01 -2.86474892e-01 -3.34565246e-01 -3.92742880e-01 -4.42422737e-01 -4.70084695e-01 -4.81885962e-01 -4.72599090e-01 -4.38622006e-01 -3.90404007e-01 -3.37874958e-01 -2.87935169e-01 -2.42390373e-01 -1.92995814e-01 -1.34772754e-01 -7.59725651e-02 -3.72585427e-03 6.26075233e-02 1.27722914e-01 1.78621973e-01 2.27311701e-01 2.71515818e-01 3.08897644e-01 3.37356726e-01 3.43605715e-01 3.29690793e-01 2.99834811e-01 2.51846994e-01 1.99487775e-01 1.40295471e-01 8.29604225e-02 2.23459664e-02 -3.35074687e-02 -1.07343485e-01 -1.69807546e-01 -2.37318256e-01 -3.01563382e-01 -3.48599791e-01 -3.79227681e-01 -3.83134743e-01 -3.62252181e-01 -3.13640904e-01 -2.48803300e-01 -1.74064696e-01 -9.94913289e-02 -5.50062863e-02 7.02468432e-03 3.87025439e-02 6.55823720e-02 7.85781314e-02 8.35172061e-02 1.05263989e-01 1.14924986e-01 1.17723899e-01 1.42883304e-01 1.29930444e-01 1.20840960e-01 7.94554200e-02 5.76199803e-02 5.17117279e-02 4.52837071e-02 5.47381108e-02 4.08706824e-02 5.71333442e-02 -1.84564298e-02 -1.30192815e-01 3.99435161e-01
2.31000000e+01 -6.16960838e-01 -4.75915804e-02 8.17412666e-02 1.66101719e-02 3.90304429e-02 4.29605879e-02 1.46305322e-02 1.73416405e-02 2.09371227e-02 5.03070189e-02 9.45955543e-02 1.33756907e-01 1.79088430e-01 2.37164099e-01 2.56049364e-01 2.50292651e-01 2.56420419e-01 2.71717384e-01 2.64281195e-01 2.45248056e-01 2.52071346e-01 2.82311129e-01 2.99922012e-01 3.04036440e-01 2.97776816e-01 2.55807787e-01 2.02873477e-01 1.41945401e-01 6.57282241e-02 -7.66743922e-04 -6.05324947e-02 -1.32080721e-01 -2.02020321e-01 -2.52216081e-01 -2.84016688e-01 -3.30662909e-01 -3.87758411e-01 -4.36169204e-01 -4.63419572e-01 -4.75103593e-01 -4.66521585e-01 -4.33769905e-01 -3.86595083e-01 -3.35547865e-01 -2.87049976e-01 -2.42073821e-01 -1.92390469e-01 -1.34178601e-01 -7.55319450e-02 -3.85648943e-03 6.25302917e-02 1.27744466e-01 1.78113432e-01 2.27063215e-01 2.70006056e-01 3.06216297e-01 3.33371004e-01 3.38404960e-01 3.23992328e-01 2.93945407e-01 2.46193354e-01 1.95339799e-01 1.37357543e-01 8.11408588e-02 2.10345577e-02 -3.35791004e-02 -1.07214652e-01 -1.68409690e-01 -2.35664135e-01 -2.99779421e-01 -3.45969048e-01 -3.76935110e-01 -3.79795156e-01 -3.59038360e-01 -3.10057410e-01 -2.45648203e-01 -1.71999083e-01 -9.87863877e-02 -5.63906241e-02 4.81118764e-03 3.48563266e-02 6.07302379e-02 7.09346079e-02 7.47552788e-02 9.74263781e-02 1.06577890e-01 1.12462191e-01 1.37672658e-01 1.27340679e-01 1.18813380e-01 7.91295539e-02 5.77277045e-02 5.37256616e-02 4.79162213e-02 5.91272269e-02 4.54266797e-02 6.30509751e-02 -1.38076684e-02 -1.21180454e-01 4.10852427e-01
2.32000000e+01 -6.23033942e-01 -5.71869742e-02 7.51259276e-02 1.08186469e-02 3.11990619e-02 3.87266611e-02 9.43864202e-03 1.48746554e-02 2.01370243e-02 4.97595085e-02 9.51216831e-02 1.37307334e-01 1.80836330e-01 2.40566174e-01 2.61876923e-01 2.54493663e-01 2.59502929e-01 2.75000592e-01 2.69178204e-01 2.48447520e-01 2.52054676e-01 2.80874711e-01 2.97455748e-01 3.02892981e-01 2.95960400e-01 2.54664264e-01 2.01726258e-01 1.41321245e-01 6.59779537e-02 -1.39030057e-04 -5.97616264e-02 -1.30928130e-01 -2.01221106e-01 -2.50989196e-01 -2.81652183e-01 -3.26822277e-01 -3.82783418e-01 -4.29797020e-01 -4.56575524e-01 -4.68107209e-01 -4.60239402e-01 -4.28841613e-01 -3.82820075e-01 -3.33292656e-01 -2.86263911e-01 -2.41730701e-01 -1.91776289e-01 -1.33608686e-01 -7.50725302e-02 -3.96476690e-03 6.24228583e-02 1.27735031e-01 1.77641176e-01 2.26822170e-01 2.68508699e-01 3.03521983e-01 3.29251903e-01 3.33028986e-01 3.18148705e-01 2.87915082e-01 2.40507898e-01 1.91191543e-01 1.34475422e-01 7.93330063e-02 1.97379626e-02 -3.37123614e-02 -1.07041668e-01 -1.67030306e-01 -2.33992759e-01 -2.97883481e-01 -3.43243197e-01 -3.74486592e-01 -3.76286860e-01 -3.55680177e-01 -3.06388785e-01 -2.42459170e-01 -1.70018584e-01 -9.82388449e-02 -5.77785462e-02 2.53845003e-03 3.09507673e-02 5.58446163e-02 6.32273376e-02 6.61188340e-02 8.96600767e-02 9.82386973e-02 1.07186737e-01 1.32264077e-01 1.24874703e-01 1.16606316e-01 7.88516227e-02 5.79178253e-02 5.56928063e-02 5.07353424e-02 6.34584545e-02 5.02092336e-02 6.89153227e-02 -9.16996648e-03 -1.12124745e-01 4.21938654e-01
2.33000000e+01 -6.28963620e-01 -6.66488992e-02 6.85524701e-02 5.18123617e-03 2.33605612e-02 3.44442492e-02 4.32057227e-03 1.21745719e-02 1.94041926e-02 4.92719778e-02 9.55456687e-02 1.40923063e-01 1.82774108e-01 2.43743145e-01 2.67606615e-01 2.58801285e-01 2.62547299e-01 2.78058706e-01 2.73893429e-01 2.51775720e-01 2.52164812e-01 2.79358739e-01 2.94905167e-01 3.01663919e-01 2.94020870e-01 2.53448023e-01 2.00652729e-01 1.40625333e-01 6.63002495e-02 5.32461675e-04 -5.90150683e-02 -1.29753158e-01 -2.00434454e-01 -2.49783900e-01 -2.79381755e-01 -3.23043982e-01 -3.77819787e-01 -4.23315187e-01 -4.49555768e-01 -4.60901825e-01 -4.53755401e-01 -4.23837893e-01 -3.79082425e-01 -3.31109991e-01 -2.85568498e-01 -2.41356374e-01 -1.91152183e-01 -1.33064450e-01 -7.45964365e-02 -4.05077441e-03 6.22878815e-02 1.27690065e-01 1.77211896e-01 2.26575693e-01 2.67026870e-01 3.00813317e-01 3.24998995e-01 3.27481872e-01 3.12162436e-01 2.81750143e-01 2.34800866e-01 1.87043723e-01 1.31649779e-01 7.75331650e-02 1.84569583e-02 -3.39105584e-02 -1.06821680e-01 -1.65674804e-01 -2.32308967e-01 -2.95871554e-01 -3.40428675e-01 -3.71874908e-01 -3.72615041e-01 -3.52176443e-01 -3.02641619e-01 -2.39242416e-01 -1.68129630e-01 -9.78513466e-02 -5.91609997e-02 2.06833414e-04 2.69825294e-02 5.09145967e-02 5.54720237e-02 5.76266950e-02 8.19539927e-02 8.99325097e-02 1.01871125e-01 1.26687800e-01 1.22506640e-01 1.14233251e-01 7.86093203e-02 5.82018669e-02 5.76020812e-02 5.37546269e-02 6.77187888e-02 5.52200780e-02 7.47312171e-02 -4.55364611e-03 -1.03027140e-01 4.32694933e-01
2.34000000e+01 -6.34751772e-01 -7.59887918e-02 6.20369689e-02 -3.22209581e-04 1.55507476e-02 3.00850845e-02 -6.88016764e-04 9.23349022e-03 1.87262791e-02 4.88509414e-02 9.58871366e-02 1.44552357e-01 1.84927570e-01 2.46707221e-01 2.73202991e-01 2.63217829e-01 2.65567380e-01 2.80910806e-01 2.78397558e-01 2.55220088e-01 2.52411118e-01 2.77771109e-01 2.92282472e-01 3.00342716e-01 2.91963055e-01 2.52155743e-01 1.99660208e-01 1.39856012e-01 6.66913278e-02 1.24899114e-03 -5.82903879e-02 -1.28562780e-01 -1.99654331e-01 -2.48591404e-01 -2.77205038e-01 -3.19328273e-01 -3.72868861e-01 -4.16733234e-01 -4.42363851e-01 -4.53492837e-01 -4.47073387e-01 -4.18759294e-01 -3.75384917e-01 -3.29000342e-01 -2.84954000e-01 -2.40947634e-01 -1.90517030e-01 -1.32546966e-01 -7.41059588e-02 -4.11507689e-03 6.21283915e-02 1.27605540e-01 1.76831469e-01 2.26311542e-01 2.65563370e-01 2.98088015e-01 3.20612173e-01 3.21768417e-01 3.06036018e-01 2.75457592e-01 2.29082224e-01 1.82896950e-01 1.28880493e-01 7.57377011e-02 1.71920746e-02 -3.41757471e-02 -1.06552994e-01 -1.64347942e-01 -2.30617209e-01 -2.93740160e-01 -3.37531710e-01 -3.69092968e-01 -3.68785374e-01 -3.48525991e-01 -2.98822673e-01 -2.36004704e-01 -1.66337690e-01 -9.76251752e-02 -6.05299219e-02 -2.18344706e-03 2.29484370e-02 4.59293801e-02 4.76857746e-02 4.92951683e-02 7.42971015e-02 8.16845409e-02 9.64885610e-02 1.20977036e-01 1.20206423e-01 1.11711353e-01 7.83893788e-02 5.85893409e-02 5.94461928e-02 5.69830809e-02 7.18997040e-02 6.04563436e-02 8.05058279e-02 3.07786391e-05 -9.38901115e-02 4.43123524e-01
2.35000000e+01 -6.40400092e-01 -8.52180463e-02 5.55951257e-02 -5.71223634e-03 7.80509633e-03 2.56228150e-02 -5.55539381e-03 6.04893098e-03 1.80885681e-02 4.85009919e-02 9.61685471e-02 1.48144675e-01 1.87315980e-01 2.49475817e-01 2.78631785e-01 2.67742221e-01 2.68576675e-01 2.83577498e-01 2.82664449e-01 2.58765224e-01 2.52801492e-01 2.76120815e-01 2.89600055e-01 2.98922543e-01 2.89792306e-01 2.50784838e-01 1.98753901e-01 1.39014069e-01 6.71462613e-02 2.01092847e-03 -5.75844023e-02 -1.27364368e-01 -1.98874750e-01 -2.47403185e-01 -2.75120820e-01 -3.15675047e-01 -3.67931482e-01 -4.10061101e-01 -4.35003690e-01 -4.45886006e-01 -4.40198106e-01 -4.13606164e-01 -3.71729636e-01 -3.26963927e-01 -2.84409543e-01 -2.40502669e-01 -1.89869724e-01 -1.32056961e-01 -7.36034657e-02 -4.15874298e-03 6.19477356e-02 1.27478112e-01 1.76504678e-01 2.26018434e-01 2.64120456e-01 2.95342934e-01 3.16091718e-01 3.15894096e-01 2.99771978e-01 2.69045104e-01 2.23361591e-01 1.78751769e-01 1.26166647e-01 7.39430945e-02 1.59435618e-02 -3.45087101e-02 -1.06235124e-01 -1.63053788e-01 -2.28921472e-01 -2.91486457e-01 -3.34558213e-01 -3.66133945e-01 -3.64803929e-01 -3.44727773e-01 -2.94938802e-01 -2.32753336e-01 -1.64647207e-01 -9.75602363e-02 -6.18783895e-02 -4.63238473e-03 1.88455936e-02 4.08785039e-02 3.98868288e-02 4.11378705e-02 6.66789812e-02 7.35194003e-02 9.10127700e-02 1.15166915e-01 1.17940801e-01 1.09060747e-01 7.81780650e-02 5.90873731e-02 6.12219503e-02 6.04248338e-02 7.59973638e-02 6.59106199e-02 8.62483728e-02 4.57291075e-03 -8.47172704e-02 4.53227852e-01
2.36000000e+01 -6.45910173e-01 -9.43476522e-02 4.92416965e-02 -1.10089535e-02 1.57680447e-04 2.10341102e-02 -1.02546446e-02 2.62409807e-03 1.74742148e-02 4.82248450e-02 9.64142642e-02 1.51652059e-01 1.89951401e-01 2.52071047e-01 2.83860711e-01 2.72369856e-01 2.71588297e-01 2.86080358e-01 2.86671680e-01 2.62393010e-01 2.53342239e-01 2.74417880e-01 2.86870406e-01 2.97396447e-01 2.87514375e-01 2.49333566e-01 1.97936748e-01 1.38102740e-01 6.76590429e-02 2.81776996e-03 -5.68931861e-02 -1.26165585e-01 -1.98089853e-01 -2.46211100e-01 -2.73126969e-01 -3.12083868e-01 -3.63008043e-01 -4.03309015e-01 -4.27479633e-01 -4.38087464e-01 -4.33135229e-01 -4.08378680e-01 -3.68117921e-01 -3.25000642e-01 -2.83923292e-01 -2.40020995e-01 -1.89209227e-01 -1.31594831e-01 -7.30912972e-02 -4.18335838e-03 6.17495299e-02 1.27305268e-01 1.76234941e-01 2.25686313e-01 2.62699629e-01 2.92574130e-01 3.11438352e-01 3.09865006e-01 2.93372920e-01 2.62520994e-01 2.17648170e-01 1.74608700e-01 1.23506531e-01 7.21459894e-02 1.47113655e-02 -3.49089733e-02 -1.05868807e-01 -1.61795707e-01 -2.27225210e-01 -2.89108347e-01 -3.31513655e-01 -3.62991421e-01 -3.60677072e-01 -3.40780972e-01 -2.90996883e-01 -2.29496126e-01 -1.63061555e-01 -9.76550567e-02 -6.32007468e-02 -7.14024060e-03 1.46715024e-02 3.57520563e-02 3.20942468e-02 3.31656201e-02 5.90903196e-02 6.54603826e-02 8.54189091e-02 1.09293394e-01 1.15674442e-01 1.06303717e-01 7.79616871e-02 5.97004052e-02 6.29304412e-02 6.40789795e-02 8.00126627e-02 7.15711597e-02 9.19697515e-02 9.06278438e-03 -7.55134626e-02 4.63012495e-01
2.37000000e+01 -6.51283610e-01 -1.03387852e-01 4.29899500e-02 -1.62312348e-02 -7.35984344e-03 1.62996580e-02 -1.47643995e-02 -1.03201720e-03 1.68645450e-02 4.80234310e-02 9.66495896e-02 1.55030420e-01 1.92838262e-01 2.54519067e-01 2.88860241e-01 2.77092526e-01 2.74614892e-01 2.88441369e-01 2.90401009e-01 2.66082777e-01 2.54037931e-01 2.72673273e-01 2.84106028e-01 2.95757541e-01 2.85135306e-01 2.47801129e-01 1.97209308e-01 1.37127653e-01 6.82226729e-02 3.66817582e-03 -5.62120945e-02 -1.24974280e-01 -1.97293984e-01 -2.45007475e-01 -2.71220369e-01 -3.08553991e-01 -3.58098532e-01 -3.96487366e-01 -4.19796506e-01 -4.30103722e-01 -4.25891322e-01 -4.03076866e-01 -3.64550346e-01 -3.23109971e-01 -2.83482638e-01 -2.39503349e-01 -1.88534634e-01 -1.31160655e-01 -7.25716747e-02 -4.19101774e-03 6.15376120e-02 1.27085437e-01 1.76024089e-01 2.25306581e-01 2.61301444e-01 2.89776930e-01 3.06653293e-01 3.03687806e-01 2.86841582e-01 2.55894176e-01 2.11950672e-01 1.70468259e-01 1.20897654e-01 7.03432456e-02 1.34951077e-02 -3.53748579e-02 -1.05455954e-01 -1.60576369e-01 -2.25531292e-01 -2.86604568e-01 -3.28402926e-01 -3.59659540e-01 -3.56411341e-01 -3.36685124e-01 -2.87003734e-01 -2.26241347e-01 -1.61583036e-01 -9.79067928e-02 -6.44927139e-02 -9.70759459e-03 1.04241843e-02 3.05408801e-02 2.43275732e-02 2.53863928e-02 5.15233819e-02 5.75287861e-02 7.96844606e-02 1.03392128e-01 1.13371095e-01 1.03463849e-01 7.77270905e-02 6.04299861e-02 6.45770573e-02 6.79395903e-02 8.39511002e-02 7.74222194e-02 9.76821163e-02 1.34911748e-02 -6.62848334e-02 4.72483142e-01
2.38000000e+01 -6.56522100e-01 -1.12347828e-01 3.68511741e-02 -2.13959814e-02 -1.47191547e-02 1.14050177e-02 -1.90693759e-02 -4.90469852e-03 1.62394168e-02 4.78960212e-02 9.68997984e-02 1.58240669e-01 1.95973168e-01 2.56849277e-01 2.93604345e-01 2.81898439e-01 2.77668558e-01 2.90682385e-01 2.93838759e-01 2.69811549e-01 2.54891287e-01 2.70898805e-01 2.81319350e-01 2.93999191e-01 2.82661323e-01 2.46187766e-01 1.96569696e-01 1.36096696e-01 6.88292817e-02 4.56001940e-03 -5.55358024e-02 -1.23798384e-01 -1.96481769e-01 -2.43785186e-01 -2.69396883e-01 -3.05084381e-01 -3.53202581e-01 -3.89606571e-01 -4.11959667e-01 -4.21941683e-01 -4.18473808e-01 -3.97700632e-01 -3.61026693e-01 -3.21290892e-01 -2.83074422e-01 -2.38951559e-01 -1.87845241e-01 -1.30754187e-01 -7.20466305e-02 -4.18429136e-03 6.13159916e-02 1.26818070e-01 1.75872193e-01 2.24872262e-01 2.59925355e-01 2.86946029e-01 3.01738293e-01 2.97369644e-01 2.80180903e-01 2.49174123e-01 2.06277250e-01 1.66330975e-01 1.18336777e-01 6.85319902e-02 1.22940757e-02 -3.59035671e-02 -1.04999570e-01 -1.59397784e-01 -2.23841934e-01 -2.83974795e-01 -3.25230188e-01 -3.56133173e-01 -3.52013331e-01 -3.32440241e-01 -2.82966044e-01 -2.22997673e-01 -1.60212881e-01 -9.83112499e-02 -6.57514791e-02 -1.23353843e-02 6.10228969e-03 2.52367622e-02 1.66064784e-02 1.78053384e-02 4.39724228e-02 4.97432823e-02 7.37900813e-02 9.74973505e-02 1.10994776e-01 1.00565163e-01 7.74621248e-02 6.12746607e-02 6.61713725e-02 7.19959023e-02 8.78224905e-02 8.34445237e-02 1.03398390e-01 1.78498948e-02 -5.70388566e-02 4.81646549e-01
2.39000000e+01 -6.61627525e-01 -1.21235428e-01 3.08342498e-02 -2.65174758e-02 -2.18960619e-02 6.34129715e-03 -2.31607155e-02 -8.97373623e-03 1.55776390e-02 4.78403776e-02 9.71892049e-02 1.61249670e-01 1.99344947e-01 2.59093414e-01 2.98071153e-01 2.86772350e-01 2.80760707e-01 2.92824616e-01 2.96976091e-01 2.73554348e-01 2.55903056e-01 2.69107014e-01 2.78522646e-01 2.92115201e-01 2.80098732e-01 2.44494816e-01 1.96013563e-01 1.35019824e-01 6.94702893e-02 5.49044056e-03 -5.48583657e-02 -1.22645808e-01 -1.95648182e-01 -2.42537720e-01 -2.67651339e-01 -3.01673722e-01 -3.48319510e-01 -3.82676954e-01 -4.03975061e-01 -4.13608666e-01 -4.10890911e-01 -3.92249797e-01 -3.57545941e-01 -3.19541781e-01 -2.82685159e-01 -2.38368392e-01 -1.87140603e-01 -1.30374852e-01 -7.15179628e-02 -4.16616677e-03 6.10887970e-02 1.26503682e-01 1.75777448e-01 2.24378112e-01 2.58569587e-01 2.84075591e-01 2.96695660e-01 2.90918081e-01 2.73394090e-01 2.42370815e-01 2.00635435e-01 1.62197395e-01 1.15819951e-01 6.67096664e-02 1.11072180e-02 -3.64912989e-02 -1.04503627e-01 -1.58261353e-01 -2.22158658e-01 -2.81219726e-01 -3.21998722e-01 -3.52408086e-01 -3.47489557e-01 -3.28046935e-01 -2.78890298e-01 -2.19774102e-01 -1.58951279e-01 -9.88629142e-02 -6.69757749e-02 -1.50249276e-02 1.70520004e-03 1.98326083e-02 8.95038878e-03 1.04248521e-02 3.64340287e-02 4.21193565e-02 6.77203775e-02 9.16408077e-02 1.08510934e-01 9.76312584e-02 7.71560595e-02 6.22299627e-02 6.77268731e-02 7.62326641e-02 9.16405199e-02 8.96158409e-02 1.09131749e-01 2.21320678e-02 -4.77843259e-02 4.90510464e-01
2.40000000e+01 -6.66602023e-01 -1.30056945e-01 2.49453086e-02 -3.16068465e-02 -2.88711413e-02 1.10562888e-03 -2.70361048e-02 -1.32138253e-02 1.48574417e-02 4.78529157e-02 9.75402915e-02 1.64030995e-01 2.02934947e-01 2.61284537e-01 3.02243532e-01 2.91695786e-01 2.83901913e-01 2.94888182e-01 2.99809168e-01 2.77284558e-01 2.57071908e-01 2.67311039e-01 2.75727949e-01 2.90099991e-01 2.77453839e-01 2.42724753e-01 1.95534152e-01 1.33908794e-01 7.01366069e-02 6.45589957e-03 -5.41733106e-02 -1.21524326e-01 -1.94788599e-01 -2.41259222e-01 -2.65977528e-01 -2.98320430e-01 -3.43448358e-01 -3.75708619e-01 -3.95849263e-01 -4.05112419e-01 -4.03151611e-01 -3.86724126e-01 -3.54106261e-01 -3.17860326e-01 -2.82301277e-01 -2.37757391e-01 -1.86420590e-01 -1.30021722e-01 -7.09872201e-02 -4.13996902e-03 6.08602174e-02 1.26143845e-01 1.75736138e-01 2.23820656e-01 2.57231051e-01 2.81159358e-01 2.91528263e-01 2.84341014e-01 2.66484695e-01 2.35494690e-01 1.95032076e-01 1.58068076e-01 1.13342567e-01 6.48740756e-02 9.93314791e-03 -3.71333804e-02 -1.03972926e-01 -1.57167935e-01 -2.20482230e-01 -2.78341167e-01 -3.18710788e-01 -3.48481090e-01 -3.42846342e-01 -3.23506533e-01 -2.74782720e-01 -2.16579878e-01 -1.57797403e-01 -9.95550010e-02 -6.81659395e-02 -1.77779267e-02 -2.76688547e-03 1.43225997e-02 1.37812142e-03 3.24469618e-03 2.89073767e-02 3.46688438e-02 6.14645782e-02 8.58507757e-02 1.05887538e-01 9.46845090e-02 7.67999373e-02 6.32885140e-02 6.92605505e-02 8.06306358e-02 9.54221689e-02 9.59116481e-02 1.14895086e-01 2.63323680e-02 -3.85313064e-02 4.99083550e-01
2.41000000e+01 -6.71448050e-01 -1.38816942e-01 1.91874847e-02 -3.66716658e-02 -3.56301993e-02 -4.29857131e-03 -3.06996741e-02 -1.75951217e-02 1.40569891e-02 4.79288717e-02 9.79729274e-02 1.66565445e-01 2.06717562e-01 2.63455967e-01 3.06109550e-01 2.96647385e-01 2.87101715e-01 2.96891717e-01 3.02339206e-01 2.80974353e-01 2.58394343e-01 2.65524494e-01 2.72946964e-01 2.87948752e-01 2.74732879e-01 2.40881191e-01 1.95122412e-01 1.32776853e-01 7.08188706e-02 7.45223216e-03 -5.34737611e-02 -1.20441445e-01 -1.93898846e-01 -2.39944531e-01 -2.64368244e-01 -2.95022657e-01 -3.38587918e-01 -3.68711341e-01 -3.87589529e-01 -3.96461135e-01 -3.95265568e-01 -3.81123369e-01 -3.50705006e-01 -3.16243449e-01 -2.81909350e-01 -2.37122701e-01 -1.85685431e-01 -1.29693490e-01 -7.04557123e-02 -4.10926489e-03 6.06344402e-02 1.25741154e-01 1.75742655e-01 2.23198177e-01 2.55905311e-01 2.78190767e-01 2.86239528e-01 2.77646585e-01 2.59456692e-01 2.28556586e-01 1.89473289e-01 1.53943580e-01 1.10899420e-01 6.30234107e-02 8.77015341e-03 -3.78244128e-02 -1.03412934e-01 -1.56117919e-01 -2.18812612e-01 -2.75342093e-01 -3.15367499e-01 -3.44350181e-01 -3.38089705e-01 -3.18821183e-01 -2.70649215e-01 -2.13424401e-01 -1.56749444e-01 -1.00379520e-01 -6.93239616e-02 -2.05964522e-02 -7.31288167e-03 8.70232615e-03 -6.09246366e-03 -3.73783338e-03 2.13943975e-02 2.73995740e-02 5.50170804e-02 8.01512014e-02 1.03096070e-01 9.17453369e-02 7.63868486e-02 6.44402286e-02 7.07923694e-02 8.51672208e-02 9.91870181e-02 1.02305864e-01 1.20700471e-01 3.04472194e-02 -2.92910448e-02 5.07375283e-01
2.42000000e+01 -6.76168419e-01 -1.47518157e-01 1.35607740e-02 -4.17156915e-02 -4.21645426e-02 -9.86157197e-03 -3.41616778e-02 -2.20839427e-02 1.31549253e-02 4.80624638e-02 9.85037011e-02 1.68841340e-01 2.10660973e-01 2.65640189e-01 3.09662809e-01 3.01603324e-01 2.90368391e-01 2.98852067e-01 3.04572394e-01 2.84595168e-01 2.59864616e-01 2.63761332e-01 2.70190985e-01 2.85657597e-01 2.71941961e-01 2.38968851e-01 1.94767173e-01 1.31638387e-01 7.15077018e-02 8.47470893e-03 -5.27526080e-02 -1.19404271e-01 -1.92975237e-01 -2.38589210e-01 -2.62815328e-01 -2.91778285e-01 -3.33736760e-01 -3.61694466e-01 -3.79203835e-01 -3.87663472e-01 -3.87243057e-01 -3.75447295e-01 -3.47338709e-01 -3.14687241e-01 -2.81496329e-01 -2.36468873e-01 -1.84935746e-01 -1.29388442e-01 -6.99245454e-02 -4.07775667e-03 6.04155857e-02 1.25299146e-01 1.75789590e-01 2.22510635e-01 2.54586580e-01 2.75163053e-01 2.80833407e-01 2.70843104e-01 2.52314555e-01 2.21567683e-01 1.83964406e-01 1.49824454e-01 1.08484776e-01 6.11562786e-02 7.61621301e-03 -3.85584208e-02 -1.02829631e-01 -1.55111289e-01 -2.17148922e-01 -2.72226701e-01 -3.11968734e-01 -3.40014649e-01 -3.33225267e-01 -3.13993935e-01 -2.66495327e-01 -2.10317133e-01 -1.55804643e-01 -1.01327358e-01 -7.04535047e-02 -2.34829058e-02 -1.19307724e-02 2.96888930e-03 -1.34447773e-02 -1.05277002e-02 1.38998340e-02 2.03151445e-02 4.83778469e-02 7.45609975e-02 1.00112377e-01 8.88315837e-02 7.59121206e-02 6.56726153e-02 7.23446275e-02 8.98172052e-02 1.02956465e-01 1.08771628e-01 1.26558628e-01 3.44749445e-02 -2.00758405e-02 5.15395839e-01
2.43000000e+01 -6.80766320e-01 -1.56161456e-01 8.06200448e-03 -4.67387654e-02 -4.84710483e-02 -1.55675205e-02 -3.74379671e-02 -2.66435929e-02 1.21309384e-02 4.82470421e-02 9.91453878e-02 1.70854566e-01 2.14728070e-01 2.67867765e-01 3.12902652e-01 3.06537830e-01 2.93708724e-01 3.00784070e-01 3.06519693e-01 2.88118208e-01 2.61474688e-01 2.62035701e-01 2.67470805e-01 2.83223685e-01 2.69087017e-01 2.36993498e-01 1.94455393e-01 1.30508536e-01 7.21939793e-02 9.51810429e-03 -5.20027246e-02 -1.18419349e-01 -1.92014590e-01 -2.37189555e-01 -2.61309750e-01 -2.88584918e-01 -3.28893251e-01 -3.54666822e-01 -3.70700905e-01 -3.78728560e-01 -3.79094886e-01 -3.69695741e-01 -3.44003087e-01 -3.13186920e-01 -2.81049767e-01 -2.35800679e-01 -1.84172570e-01 -1.29104444e-01 -6.93946728e-02 -4.04917002e-03 6.02076371e-02 1.24822209e-01 1.75867888e-01 2.21759551e-01 2.53267781e-01 2.72069357e-01 2.75314342e-01 2.63938963e-01 2.45063333e-01 2.14539432e-01 1.78509940e-01 1.45711218e-01 1.06092451e-01 5.92717100e-02 6.46901534e-03 -3.93289951e-02 -1.02229362e-01 -1.54147685e-01 -2.15489399e-01 -2.69000429e-01 -3.08513094e-01 -3.35475162e-01 -3.28258194e-01 -3.09028803e-01 -2.62326210e-01 -2.07267504e-01 -1.54959331e-01 -1.02388382e-01 -7.15599087e-02 -2.64399618e-02 -1.66175926e-02 -2.87902932e-03 -2.06637676e-02 -1.71318857e-02 6.43119317e-03 1.34148288e-02 4.15526358e-02 6.90935158e-02 9.69173544e-02 8.59580000e-02 7.53734154e-02 6.69711705e-02 7.39412299e-02 9.45535814e-02 1.06752880e-01 1.15282088e-01 1.32478449e-01 3.84158574e-02 -1.08988783e-02 5.23155971e-01
2.44000000e+01 -6.85245326e-01 -1.64745860e-01 2.68492055e-03 -5.17368685e-02 -5.45520332e-02 -2.13948567e-02 -4.05492728e-02 -3.12352913e-02 1.09663303e-02 4.84752212e-02 9.99065633e-02 1.72608386e-01 2.18877536e-01 2.70166300e-01 3.15834215e-01 3.11423750e-01 2.97127758e-01 3.02700439e-01 3.08196508e-01 2.91514979e-01 2.63214216e-01 2.60361801e-01 2.64796636e-01 2.80645343e-01 2.66173760e-01 2.34961838e-01 1.94172442e-01 1.29402806e-01 7.28691100e-02 1.05767804e-02 -5.12172221e-02 -1.17492502e-01 -1.91014243e-01 -2.35742602e-01 -2.59841703e-01 -2.85439865e-01 -3.24055577e-01 -3.47636646e-01 -3.62090233e-01 -3.69666008e-01 -3.70832302e-01 -3.63868657e-01 -3.40693042e-01 -3.11736796e-01 -2.80558039e-01 -2.35122913e-01 -1.83397344e-01 -1.28838942e-01 -6.88669546e-02 -4.02713853e-03 6.00143674e-02 1.24315460e-01 1.75967042e-01 2.20947834e-01 2.51940634e-01 2.68902815e-01 2.69687215e-01 2.56942561e-01 2.37708722e-01 2.07483491e-01 1.73113548e-01 1.41604350e-01 1.03715885e-01 5.73691576e-02 5.32598230e-03 -4.01294256e-02 -1.01618712e-01 -1.53226435e-01 -2.13831393e-01 -2.65669951e-01 -3.04997895e-01 -3.30733812e-01 -3.23193147e-01 -3.03930801e-01 -2.58146601e-01 -2.04284803e-01 -1.54208974e-01 -1.03551554e-01 -7.26501645e-02 -2.94704885e-02 -2.13694407e-02 -8.84113986e-03 -2.77361303e-02 -2.35591191e-02 -1.00140778e-03 6.69362780e-03 3.45530522e-02 6.37562195e-02 9.34974532e-02 8.31358666e-02 7.47707351e-02 6.83198465e-02 7.56068998e-02 9.93484227e-02 1.10598725e-01 1.21811192e-01 1.38466555e-01 4.22722969e-02 -1.77402649e-03 5.30666872e-01
2.45000000e+01 -6.89609380e-01 -1.73268640e-01 -2.57962132e-03 -5.67023321e-02 -6.04149281e-02 -2.73169294e-02 -4.35203241e-02 -3.58191730e-02 9.64457672e-03 4.87389924e-02 1.00791374e-01 1.74113013e-01 2.23065037e-01 2.72559482e-01 3.18468341e-01 3.16233169e-01 3.00628566e-01 3.04611729e-01 3.09622251e-01 2.94757836e-01 2.65070575e-01 2.58753723e-01 2.62178029e-01 2.77922166e-01 2.63207646e-01 2.32881394e-01 1.93902434e-01 1.28336666e-01 7.35252840e-02 1.16447909e-02 -5.03897369e-02 -1.16628662e-01 -1.89972048e-01 -2.34246113e-01 -2.58400720e-01 -2.82340117e-01 -3.19221761e-01 -3.40611526e-01 -3.53382088e-01 -3.60485914e-01 -3.62466898e-01 -3.57966160e-01 -3.37402671e-01 -3.10330258e-01 -2.80010552e-01 -2.34440198e-01 -1.82611895e-01 -1.28588994e-01 -6.83422216e-02 -4.01508624e-03 5.98392593e-02 1.23784621e-01 1.76075337e-01 2.20079572e-01 2.50595784e-01 2.65656650e-01 2.63957281e-01 2.49862231e-01 2.30257133e-01 2.00411648e-01 1.67778016e-01 1.37504277e-01 1.01348222e-01 5.54484829e-02 4.18429528e-03 -4.09528194e-02 -1.01004405e-01 -1.52346571e-01 -2.12171370e-01 -2.62243129e-01 -3.01419213e-01 -3.25794135e-01 -3.18034270e-01 -2.98705955e-01 -2.53960810e-01 -2.01378069e-01 -1.53548236e-01 -1.04805057e-01 -7.37328581e-02 -3.25774523e-02 -2.61815222e-02 -1.49155554e-02 -3.46504579e-02 -2.98195855e-02 -8.38549370e-03 1.42464056e-04 2.73964127e-02 5.85505655e-02 8.98449848e-02 8.03727566e-02 7.41063350e-02 6.97015806e-02 7.73663545e-02 1.04173781e-01 1.14515684e-01 1.28334435e-01 1.44526923e-01 4.60485964e-02 7.28439598e-03 5.37940033e-01
2.46000000e+01 -6.93862759e-01 -1.81725461e-01 -7.74335153e-03 -6.16241955e-02 -6.60717714e-02 -3.33027940e-02 -4.63788329e-02 -4.03553325e-02 8.15185939e-03 4.90298144e-02 1.01799464e-01 1.75384989e-01 2.27244496e-01 2.75066243e-01 3.20821349e-01 3.20938053e-01 3.04212040e-01 3.06526387e-01 3.10819790e-01 2.97820515e-01 2.67028935e-01 2.57225280e-01 2.59623798e-01 2.75055122e-01 2.60193847e-01 2.30760339e-01 1.93628582e-01 1.27325173e-01 7.41556997e-02 1.27160057e-02 -4.95147323e-02 -1.15831707e-01 -1.88886360e-01 -2.32698559e-01 -2.56975809e-01 -2.79282317e-01 -3.14389692e-01 -3.33598349e-01 -3.44587503e-01 -3.51198869e-01 -3.54010503e-01 -3.51988582e-01 -3.34125281e-01 -3.08959773e-01 -2.79397934e-01 -2.33756811e-01 -1.81818388e-01 -1.28351338e-01 -6.78213370e-02 -4.01610828e-03 5.96854217e-02 1.23235887e-01 1.76180132e-01 2.19159798e-01 2.49222953e-01 2.62324248e-01 2.58130108e-01 2.42706189e-01 2.22715754e-01 1.93335739e-01 1.62505238e-01 1.33411369e-01 9.89823842e-02 5.35099339e-02 3.04092501e-03 -4.17922055e-02 -1.00393227e-01 -1.51506817e-01 -2.10504949e-01 -2.58728943e-01 -2.97771968e-01 -3.20661099e-01 -3.12785199e-01 -2.93361293e-01 -2.49772719e-01 -1.98555976e-01 -1.52971052e-01 -1.06136435e-01 -7.48180824e-02 -3.57638084e-02 -3.10482236e-02 -2.10988392e-02 -4.13973313e-02 -3.59246180e-02 -1.57065719e-02 -6.25148606e-03 2.01054239e-02 5.34721021e-02 8.59582322e-02 7.76724419e-02 7.33845507e-02 7.10988643e-02 7.92434716e-02 1.09002572e-01 1.18523809e-01 1.34829544e-01 1.50660598e-01 4.97509896e-02 1.62618787e-02 5.44987097e-01
2.47000000e+01 -6.98010028e-01 -1.90110593e-01 -1.28201918e-02 -6.64886943e-02 -7.15385426e-02 -3.93181622e-02 -4.91543800e-02 -4.48048780e-02 6.47755566e-03 4.93386825e-02 1.02926051e-01 1.76446369e-01 2.31369399e-01 2.77700053e-01 3.22914654e-01 3.25510902e-01 3.07876729e-01 3.08450865e-01 3.11814830e-01 3.00678661e-01 2.69072384e-01 2.55789819e-01 2.57141952e-01 2.72046639e-01 2.57137229e-01 2.28607316e-01 1.93333568e-01 1.26382593e-01 7.47547482e-02 1.37842546e-02 -4.85877934e-02 -1.15104307e-01 -1.87756013e-01 -2.31099098e-01 -2.55555586e-01 -2.76262729e-01 -3.09557143e-01 -3.26603274e-01 -3.35718248e-01 -3.41815968e-01 -3.45475073e-01 -3.45936526e-01 -3.30853416e-01 -3.07616890e-01 -2.78712203e-01 -2.33076526e-01 -1.81019242e-01 -1.28122477e-01 -6.73052579e-02 -4.03285110e-03 5.95555029e-02 1.22675794e-01 1.76268163e-01 2.18194232e-01 2.47811103e-01 2.58899231e-01 2.52211497e-01 2.35482476e-01 2.15092600e-01 1.86267566e-01 1.57296215e-01 1.29325942e-01 9.66111451e-02 5.15541140e-02 1.89266622e-03 -4.26406307e-02 -9.97919753e-02 -1.50705552e-01 -2.08826963e-01 -2.55137365e-01 -2.94050052e-01 -3.15341060e-01 -3.07449083e-01 -2.87904816e-01 -2.45585783e-01 -1.95826701e-01 -1.52470724e-01 -1.07532734e-01 -7.59173157e-02 -3.90323854e-02 -3.59632132e-02 -2.73860790e-02 -4.79693619e-02 -4.18863793e-02 -2.29485482e-02 -1.25043309e-02 1.27076812e-02 4.85107764e-02 8.18413621e-02 7.50349452e-02 7.26115437e-02 7.24943349e-02 8.12604751e-02 1.13809424e-01 1.22640739e-01 1.41277092e-01 1.56865481e-01 5.33874555e-02 2.51440001e-02 5.51819707e-01
2.48000000e+01 -7.02055975e-01 -1.98417155e-01 -1.78257785e-02 -7.12798615e-02 -7.68343608e-02 -4.53264692e-02 -5.18772415e-02 -4.91309606e-02 4.61466752e-03 4.96561799e-02 1.04162149e-01 1.77323763e-01 2.35394089e-01 2.80468387e-01 3.24774272e-01 3.29925402e-01 3.11618707e-01 3.10389786e-01 3.12635217e-01 3.03310320e-01 2.71182107e-01 2.54460022e-01 2.54739628e-01 2.68900699e-01 2.54042342e-01 2.26431235e-01 1.92999921e-01 1.25522064e-01 7.53181504e-02 1.48434807e-02 -4.76058948e-02 -1.14447782e-01 -1.86580301e-01 -2.29447538e-01 -2.54128425e-01 -2.73277212e-01 -3.04721804e-01 -3.19631697e-01 -3.26786795e-01 -3.32348814e-01 -3.36872579e-01 -3.39810910e-01 -3.27578889e-01 -3.06292260e-01 -2.77946900e-01 -2.32402483e-01 -1.80217048e-01 -1.27898804e-01 -6.67950910e-02 -4.06739536e-03 5.94516093e-02 1.22111073e-01 1.76325875e-01 2.17189003e-01 2.46348609e-01 2.55375526e-01 2.46207413e-01 2.28198928e-01 2.07396561e-01 1.79218805e-01 1.52151065e-01 1.25248256e-01 9.42272021e-02 4.95819443e-02 7.36178313e-04 -4.34912501e-02 -9.92074109e-02 -1.49940751e-01 -2.07131556e-01 -2.51479215e-01 -2.90246488e-01 -3.09841699e-01 -3.02028632e-01 -2.82345453e-01 -2.41403051e-01 -1.93197796e-01 -1.52040037e-01 -1.08980660e-01 -7.70432628e-02 -4.23857707e-02 -4.09195643e-02 -3.37709791e-02 -5.43611972e-02 -4.77175357e-02 -3.00942062e-02 -1.86348873e-02 5.23500373e-03 4.36514403e-02 7.75041501e-02 7.24567310e-02 7.17949782e-02 7.38713664e-02 8.34371677e-02 1.18571448e-01 1.26881003e-01 1.47660994e-01 1.63136228e-01 5.69675031e-02 3.39167238e-02 5.58449360e-01
2.49000000e+01 -7.06005541e-01 -2.06637410e-01 -2.27769220e-02 -7.59802157e-02 -8.19805799e-02 -5.12900206e-02 -5.45771966e-02 -5.32997457e-02 2.56017436e-03 4.99725152e-02 1.05494913e-01 1.78047256e-01 2.39275019e-01 2.83372361e-01 3.26430191e-01 3.34157053e-01 3.15431499e-01 3.12346131e-01 3.13310219e-01 3.05696402e-01 2.73337610e-01 2.53247688e-01 2.52423034e-01 2.65622912e-01 2.50913426e-01 2.24241046e-01 1.92610391e-01 1.24755275e-01 7.58430450e-02 1.58878893e-02 -4.65676152e-02 -1.13861993e-01 -1.85358946e-01 -2.27744310e-01 -2.52682604e-01 -2.70321195e-01 -2.99881311e-01 -3.12688237e-01 -3.17806257e-01 -3.22809529e-01 -3.28214903e-01 -3.33613008e-01 -3.24292839e-01 -3.04975664e-01 -2.77097192e-01 -2.31737090e-01 -1.79414463e-01 -1.27676723e-01 -6.62921448e-02 -4.12114816e-03 5.93752377e-02 1.21548500e-01 1.76339764e-01 2.16150380e-01 2.44823422e-01 2.51747433e-01 2.40123911e-01 2.20863149e-01 1.99637428e-01 1.72200920e-01 1.47069037e-01 1.21178523e-01 9.18232473e-02 4.75946198e-02 -4.31966699e-04 -4.43374215e-02 -9.86462237e-02 -1.49209924e-01 -2.05412310e-01 -2.47765966e-01 -2.86353617e-01 -3.04171930e-01 -2.96526169e-01 -2.76692995e-01 -2.37227194e-01 -1.90676042e-01 -1.51671379e-01 -1.10466745e-01 -7.82096630e-02 -4.58262009e-02 -4.59098936e-02 -4.02459573e-02 -6.05695030e-02 -5.34309258e-02 -3.71257331e-02 -2.46640081e-02 -2.27737415e-03 3.88745345e-02 7.29615314e-02 6.99310264e-02 7.09436410e-02 7.52146398e-02 8.57902373e-02 1.23268916e-01 1.31255432e-01 1.53968899e-01 1.69464237e-01 6.05019042e-02 4.25667033e-02 5.64887260e-01
2.50000000e+01 -7.09863728e-01 -2.14763077e-01 -2.76910204e-02 -8.05715113e-02 -8.69998153e-02 -5.71711785e-02 -5.72823590e-02 -5.72812954e-02 3.15294732e-04 5.02775509e-02 1.06908098e-01 1.78649257e-01 2.42971914e-01 2.86406570e-01 3.27915634e-01 3.38183773e-01 3.19306066e-01 3.14321444e-01 3.13869791e-01 3.07821088e-01 2.75516991e-01 2.52163514e-01 2.50197394e-01 2.62220586e-01 2.47754426e-01 2.22045524e-01 1.92148305e-01 1.24092189e-01 7.63280307e-02 1.69120751e-02 -4.54732816e-02 -1.13345249e-01 -1.84092080e-01 -2.25990424e-01 -2.51206437e-01 -2.67389662e-01 -2.95033277e-01 -3.05776721e-01 -3.08790325e-01 -3.13210758e-01 -3.19513736e-01 -3.27344471e-01 -3.20985791e-01 -3.03656053e-01 -2.76159917e-01 -2.31081946e-01 -1.78614114e-01 -1.27452777e-01 -6.57979716e-02 -4.19475272e-03 5.93272298e-02 1.20994720e-01 1.76296733e-01 2.15084489e-01 2.43223235e-01 2.48009674e-01 2.33967071e-01 2.13482501e-01 1.91825909e-01 1.65225074e-01 1.42048542e-01 1.17116902e-01 8.93920426e-02 4.55935585e-02 -1.61522783e-03 -4.51728078e-02 -9.81149833e-02 -1.48510036e-01 -2.03662409e-01 -2.44009531e-01 -2.82363316e-01 -2.98341783e-01 -2.90943701e-01 -2.70958031e-01 -2.33060551e-01 -1.88267302e-01 -1.51356880e-01 -1.11977533e-01 -7.94310620e-02 -4.93554649e-02 -5.09265116e-02 -4.68022368e-02 -6.65929359e-02 -5.90392281e-02 -4.40252790e-02 -3.06138337e-02 -9.79172764e-03 3.41569229e-02 6.82329983e-02 6.74482544e-02 7.00670199e-02 7.65106703e-02 8.83326593e-02 1.27885814e-01 1.35770710e-01 1.60192438e-01 1.75837750e-01 6.40023787e-02 5.10815886e-02 5.71144176e-01
2.51000000e+01 -7.13635516e-01 -2.22785671e-01 -3.25854501e-02 -8.50355202e-02 -9.19149388e-02 -6.29335423e-02 -6.00180728e-02 -6.10503307e-02 -2.11435571e-03 5.05608303e-02 1.08382613e-01 1.79163305e-01 2.46448820e-01 2.89559119e-01 3.29266232e-01 3.41986453e-01 3.23230831e-01 3.16316036e-01 3.14343853e-01 3.09672197e-01 2.77697240e-01 2.51216872e-01 2.48066900e-01 2.58702765e-01 2.44569021e-01 2.19853044e-01 1.91597925e-01 1.23540791e-01 7.67731692e-02 1.79111152e-02 -4.43250278e-02 -1.12894262e-01 -1.82780230e-01 -2.24187427e-01 -2.49688414e-01 -2.64477145e-01 -2.90175324e-01 -2.98900173e-01 -2.99753192e-01 -3.03565670e-01 -3.10780491e-01 -3.21007339e-01 -3.17647739e-01 -3.02321592e-01 -2.75133594e-01 -2.30437795e-01 -1.77818524e-01 -1.27223756e-01 -6.53143973e-02 -4.28802483e-03 5.93077579e-02 1.20456052e-01 1.76184446e-01 2.13997050e-01 2.41535639e-01 2.44157450e-01 2.27742924e-01 2.06064102e-01 1.83973629e-01 1.58302039e-01 1.37087200e-01 1.13063503e-01 8.69265012e-02 4.35803429e-02 -2.81702936e-03 -4.59914924e-02 -9.76200740e-02 -1.47837447e-01 -2.01874826e-01 -2.40222002e-01 -2.78267230e-01 -2.92362274e-01 -2.85282982e-01 -2.65151858e-01 -2.28905184e-01 -1.85976371e-01 -1.51088551e-01 -1.13499774e-01 -8.07225523e-02 -5.29748192e-02 -5.59615784e-02 -5.34299293e-02 -7.24321124e-02 -6.45546294e-02 -5.07755320e-02 -3.65069936e-02 -1.72688533e-02 2.94728487e-02 6.33418675e-02 6.49965629e-02 6.91748608e-02 7.77482729e-02 9.10732195e-02 1.32410255e-01 1.40429068e-01 1.66327339e-01 1.82242050e-01 6.74812439e-02 5.94503250e-02 5.77230313e-01
2.52000000e+01 -7.17325764e-01 -2.30696836e-01 -3.74769539e-02 -8.93548157e-02 -9.67480809e-02 -6.85430829e-02 -6.28059134e-02 -6.45868499e-02 -4.71872007e-03 5.08116063e-02 1.09897133e-01 1.79622872e-01 2.49674990e-01 2.92811864e-01 3.30519115e-01 3.45549449e-01 3.27191777e-01 3.18329176e-01 3.14761607e-01 3.11241477e-01 2.79854572e-01 2.50415593e-01 2.46034681e-01 2.55080240e-01 2.41360666e-01 2.17671363e-01 1.90944771e-01 1.23106884e-01 7.71799534e-02 1.88806175e-02 -4.31267611e-02 -1.12504140e-01 -1.81424307e-01 -2.22337351e-01 -2.48117315e-01 -2.61577735e-01 -2.85305106e-01 -2.92060814e-01 -2.90709468e-01 -2.93887960e-01 -3.02026235e-01 -3.14604025e-01 -3.14268241e-01 -3.00959734e-01 -2.74018379e-01 -2.29804503e-01 -1.77030050e-01 -1.26986789e-01 -6.48435327e-02 -4.39992281e-03 5.93163395e-02 1.19938273e-01 1.75991671e-01 2.12893110e-01 2.39748285e-01 2.40186477e-01 2.21457394e-01 1.98614848e-01 1.76093097e-01 1.51442113e-01 1.32181891e-01 1.09018366e-01 8.44197779e-02 4.15566509e-02 -4.04068490e-03 -4.67881071e-02 -9.71676056e-02 -1.47187858e-01 -2.00042549e-01 -2.36415391e-01 -2.74057022e-01 -2.86245255e-01 -2.79545599e-01 -2.59286393e-01 -2.24762957e-01 -1.83806828e-01 -1.50858422e-01 -1.15020646e-01 -8.20994847e-02 -5.66849200e-02 -6.10072624e-02 -6.01181051e-02 -7.80895774e-02 -6.99885040e-02 -5.73602909e-02 -4.23657828e-02 -2.46691362e-02 2.47949775e-02 5.83144466e-02 6.25624222e-02 6.82767214e-02 7.89189477e-02 9.40161708e-02 1.36834734e-01 1.45228143e-01 1.72373402e-01 1.88659754e-01 7.09510367e-02 6.76634354e-02 5.83155192e-01
2.53000000e+01 -7.20939120e-01 -2.38488677e-01 -4.23810499e-02 -9.35135283e-02 -1.01519677e-01 -7.39691899e-02 -6.56628282e-02 -6.78765801e-02 -7.48337648e-03 5.10188802e-02 1.11428769e-01 1.80060212e-01 2.52625605e-01 2.96140843e-01 3.31711951e-01 3.48861003e-01 3.31172594e-01 3.20359272e-01 3.15150892e-01 3.12524843e-01 2.81964776e-01 2.49765758e-01 2.44102778e-01 2.51365522e-01 2.38132656e-01 2.15507428e-01 1.90175937e-01 1.22793921e-01 7.75512451e-02 1.98167284e-02 -4.18840408e-02 -1.12168425e-01 -1.80025611e-01 -2.20442650e-01 -2.46482331e-01 -2.58685097e-01 -2.80420344e-01 -2.85260061e-01 -2.81674092e-01 -2.84191834e-01 -2.93261629e-01 -3.08137285e-01 -3.10836532e-01 -2.99557295e-01 -2.72815981e-01 -2.29181051e-01 -1.76250860e-01 -1.26739388e-01 -6.43877667e-02 -4.52855422e-03 5.93518813e-02 1.19446403e-01 1.75708611e-01 2.11776802e-01 2.37849047e-01 2.36093009e-01 2.15116235e-01 1.91141438e-01 1.68197663e-01 1.44655034e-01 1.27328837e-01 1.04981446e-01 8.18653709e-02 3.95241739e-02 -5.28931099e-03 -4.75579693e-02 -9.67632970e-02 -1.46556284e-01 -1.98158805e-01 -2.32601332e-01 -2.69724626e-01 -2.80003246e-01 -2.73733049e-01 -2.53374070e-01 -2.20635609e-01 -1.81760893e-01 -1.50658684e-01 -1.16527993e-01 -8.35771532e-02 -6.04857712e-02 -6.60558981e-02 -6.68548544e-02 -8.35697678e-02 -7.53511117e-02 -6.37650190e-02 -4.82113395e-02 -3.19536396e-02 2.00954901e-02 5.31791299e-02 6.01312687e-02 6.73815433e-02 8.00171701e-02 9.71610395e-02 1.41156223e-01 1.50160999e-01 1.78334330e-01 1.95071197e-01 7.44241201e-02 7.57132761e-02 5.88927544e-01
2.54000000e+01 -7.24479930e-01 -2.46154073e-01 -4.73114827e-02 -9.74980446e-02 -1.06247595e-01 -7.91855931e-02 -6.86004479e-02 -7.09112467e-02 -1.03897379e-02 5.11714558e-02 1.12953761e-01 1.80505272e-01 2.55282291e-01 2.99516898e-01 3.32881951e-01 3.51913574e-01 3.35154889e-01 3.22404027e-01 3.15537606e-01 3.13522516e-01 2.84003584e-01 2.49271516e-01 2.42272147e-01 2.47572757e-01 2.34888199e-01 2.13367189e-01 1.89280379e-01 1.22602875e-01 7.78911830e-02 2.07161073e-02 -4.06038818e-02 -1.11879177e-01 -1.78585832e-01 -2.18506122e-01 -2.44773158e-01 -2.55792497e-01 -2.75518836e-01 -2.78498543e-01 -2.72662229e-01 -2.74491988e-01 -2.84496898e-01 -3.01610168e-01 -3.07341639e-01 -2.98100557e-01 -2.71529532e-01 -2.28565557e-01 -1.75482933e-01 -1.26479470e-01 -6.39497376e-02 -4.67121752e-03 5.94127383e-02 1.18984488e-01 1.75327203e-01 2.10651106e-01 2.35826193e-01 2.31873846e-01 2.08724965e-01 1.83650426e-01 1.60301441e-01 1.37949900e-01 1.22523689e-01 1.00952576e-01 7.92572348e-02 3.74845204e-02 -6.56573124e-03 -4.82972211e-02 -9.64123371e-02 -1.45937060e-01 -1.96217309e-01 -2.28790798e-01 -2.65262500e-01 -2.73649274e-01 -2.67846819e-01 -2.47427729e-01 -2.16524842e-01 -1.79839312e-01 -1.50481807e-01 -1.18010572e-01 -8.51704597e-02 -6.43766895e-02 -7.11001405e-02 -7.36273456e-02 -8.88789637e-02 -8.06513262e-02 -6.99773570e-02 -5.40628492e-02 -3.90851863e-02 1.53471905e-02 4.79654582e-02 5.76881680e-02 6.64972586e-02 8.10405750e-02 1.00502586e-01 1.45376090e-01 1.55216312e-01 1.84217423e-01 2.01454890e-01 7.79122872e-02 8.35942576e-02 5.94555227e-01
2.55000000e+01 -7.27952163e-01 -2.53686956e-01 -5.22797367e-02 -1.01297622e-01 -1.10946371e-01 -8.41711260e-02 -7.16245946e-02 -7.36886497e-02 -1.34153748e-02 5.12580155e-02 1.14448158e-01 1.80984718e-01 2.57633426e-01 3.02906456e-01 3.34064880e-01 3.54704055e-01 3.39118447e-01 3.24460578e-01 3.15945195e-01 3.14239095e-01 2.85947052e-01 2.48934925e-01 2.40542666e-01 2.43717609e-01 2.31630505e-01 2.11255435e-01 1.88249174e-01 1.22532172e-01 7.82050566e-02 2.15758888e-02 -3.92945055e-02 -1.11627105e-01 -1.77107064e-01 -2.16530813e-01 -2.42980099e-01 -2.52892848e-01 -2.70598473e-01 -2.71776133e-01 -2.63689177e-01 -2.64803579e-01 -2.75741802e-01 -2.95025952e-01 -3.03772507e-01 -2.96575384e-01 -2.70163423e-01 -2.27955314e-01 -1.74728083e-01 -1.26205341e-01 -6.35322867e-02 -4.82447314e-03 5.94967812e-02 1.18555417e-01 1.74841367e-01 2.09517640e-01 2.33668571e-01 2.27526321e-01 2.02288809e-01 1.76148274e-01 1.52419220e-01 1.31335083e-01 1.17761638e-01 9.69314281e-02 7.65899014e-02 3.54391057e-02 -7.87237372e-03 -4.90029617e-02 -9.61192288e-02 -1.45323885e-01 -1.94212486e-01 -2.24993817e-01 -2.60663864e-01 -2.67196695e-01 -2.61888477e-01 -2.41460495e-01 -2.12432401e-01 -1.78041249e-01 -1.50320665e-01 -1.19458309e-01 -8.68935633e-02 -6.83562875e-02 -7.61331139e-02 -8.04218840e-02 -9.40252183e-02 -8.58964083e-02 -7.59875790e-02 -5.99367996e-02 -4.60293997e-02 1.05245877e-02 4.27031744e-02 5.52184718e-02 6.56304493e-02 8.19900283e-02 1.04030921e-01 1.49499859e-01 1.60378713e-01 1.90033153e-01 2.07788035e-01 8.14263745e-02 9.13030215e-02 6.00045158e-01
2.56000000e+01 -7.31359338e-01 -2.61082546e-01 -5.72946280e-02 -1.04904893e-01 -1.15626595e-01 -8.89103049e-02 -7.47350013e-02 -7.62125444e-02 -1.65344546e-02 5.12672217e-02 1.15888483e-01 1.81521089e-01 2.59674234e-01 3.06272455e-01 3.35294091e-01 3.57233890e-01 3.43041557e-01 3.26525609e-01 3.16394219e-01 3.14683515e-01 2.87771953e-01 2.48755816e-01 2.38913178e-01 2.39817086e-01 2.28362895e-01 2.09175650e-01 1.87075749e-01 1.22577664e-01 7.84991409e-02 2.23936532e-02 -3.79650638e-02 -1.11401732e-01 -1.75591803e-01 -2.14519908e-01 -2.41094154e-01 -2.49978746e-01 -2.65657238e-01 -2.65091992e-01 -2.54770250e-01 -2.55142185e-01 -2.67005641e-01 -2.88388078e-01 -3.00118116e-01 -2.94967359e-01 -2.68723116e-01 -2.27346850e-01 -1.73987990e-01 -1.25915658e-01 -6.31383948e-02 -4.98423708e-03 5.96014576e-02 1.18160788e-01 1.74247205e-01 2.08376468e-01 2.31365785e-01 2.23048272e-01 1.95812641e-01 1.68641428e-01 1.44566349e-01 1.24818150e-01 1.13037531e-01 9.29174734e-02 7.38586047e-02 3.33890310e-02 -9.21116664e-03 -4.96733634e-02 -9.58876280e-02 -1.44709897e-01 -1.92139682e-01 -2.21219201e-01 -2.55922923e-01 -2.60659035e-01 -2.55859751e-01 -2.35485653e-01 -2.08360149e-01 -1.76364221e-01 -1.50168634e-01 -1.20862554e-01 -8.87595254e-02 -7.24224729e-02 -8.11485519e-02 -8.72239773e-02 -9.90182608e-02 -9.10918313e-02 -8.17889737e-02 -6.58463094e-02 -5.27556729e-02 5.60491792e-03 3.74213085e-02 5.27084460e-02 6.47860720e-02 8.28695830e-02 1.07731775e-01 1.53536814e-01 1.65629277e-01 1.95794626e-01 2.14047084e-01 8.49758983e-02 9.88385676e-02 6.05403276e-01
2.57000000e+01 -7.34704472e-01 -2.68337544e-01 -6.23619908e-02 -1.08316251e-01 -1.20294442e-01 -9.33937029e-02 -7.79252546e-02 -7.84923272e-02 -1.97182919e-02 5.11878483e-02 1.17252338e-01 1.82132122e-01 2.61406649e-01 3.09575387e-01 3.36599610e-01 3.59509064e-01 3.46901377e-01 3.28595452e-01 3.16901991e-01 3.14868913e-01 2.89456173e-01 2.48731700e-01 2.37381540e-01 2.35889335e-01 2.25088903e-01 2.07129898e-01 1.85756067e-01 1.22732670e-01 7.87804858e-02 2.31674254e-02 -3.66253654e-02 -1.11191594e-01 -1.74042956e-01 -2.12476610e-01 -2.39107102e-01 -2.47042530e-01 -2.60693201e-01 -2.58444636e-01 -2.45920670e-01 -2.45523754e-01 -2.58297250e-01 -2.81700079e-01 -2.96367591e-01 -2.93261935e-01 -2.67214921e-01 -2.26736012e-01 -1.73264238e-01 -1.25609384e-01 -6.27711035e-02 -5.14589059e-03 5.97238429e-02 1.17800828e-01 1.73543124e-01 2.07225941e-01 2.28908385e-01 2.18437998e-01 1.89300943e-01 1.61136389e-01 1.36758609e-01 1.18405780e-01 1.08346001e-01 8.89099387e-02 7.10594014e-02 3.13349594e-02 -1.05834391e-02 -5.03077630e-02 -9.57201879e-02 -1.44087780e-01 -1.89995344e-01 -2.17474315e-01 -2.51035061e-01 -2.54049832e-01 -2.49762620e-01 -2.29516506e-01 -2.04310131e-01 -1.74804050e-01 -1.50019678e-01 -1.22216322e-01 -9.07799608e-02 -7.65724655e-02 -8.61409280e-02 -9.40184090e-02 -1.03869368e-01 -9.62411680e-02 -8.73781357e-02 -7.18005528e-02 -5.92380358e-02 5.69069760e-04 3.21473227e-02 5.01458464e-02 6.39672587e-02 8.36863226e-02 1.11586911e-01 1.57499459e-01 1.70946133e-01 2.01516954e-01 2.20208333e-01 8.85687261e-02 1.06202325e-01 6.10634518e-01
2.58000000e+01 -7.37990037e-01 -2.75450267e-01 -6.74844682e-02 -1.11532078e-01 -1.24951401e-01 -9.76181076e-02 -8.11829611e-02 -8.05425379e-02 -2.29359933e-02 5.10089413e-02 1.18518951e-01 1.82830251e-01 2.62838971e-01 3.12774425e-01 3.38007305e-01 3.61539977e-01 3.50674347e-01 3.30666158e-01 3.17482316e-01 3.14812395e-01 2.90979108e-01 2.48857712e-01 2.35944693e-01 2.31953405e-01 2.21812391e-01 2.05118721e-01 1.84288756e-01 1.22988090e-01 7.90566571e-02 2.38957200e-02 -3.52856270e-02 -1.10984452e-01 -1.72463821e-01 -2.10404010e-01 -2.37011587e-01 -2.44076327e-01 -2.55704504e-01 -2.51832026e-01 -2.37155444e-01 -2.35964552e-01 -2.49625022e-01 -2.74965517e-01 -2.92510309e-01 -2.91444605e-01 -2.65645761e-01 -2.26118076e-01 -1.72558330e-01 -1.25285744e-01 -6.24334256e-02 -5.30440170e-03 5.98606803e-02 1.17474386e-01 1.72729877e-01 2.06062586e-01 2.26288028e-01 2.13694210e-01 1.82757769e-01 1.53639788e-01 1.29012080e-01 1.12103693e-01 1.03681595e-01 8.49077758e-02 6.81892761e-02 2.92770007e-02 -1.19898358e-02 -5.09067239e-02 -9.56184199e-02 -1.43449889e-01 -1.87777162e-01 -2.13764860e-01 -2.45997020e-01 -2.47382484e-01 -2.43599395e-01 -2.23566243e-01 -2.00284625e-01 -1.73354853e-01 -1.49868434e-01 -1.23514497e-01 -9.29647085e-02 -8.08028294e-02 -9.11055736e-02 -1.00789320e-01 -1.08591205e-01 -1.01346045e-01 -9.27551592e-02 -7.78043022e-02 -6.54558885e-02 -4.59761636e-03 2.69063425e-02 4.75204239e-02 6.31752010e-02 8.44500979e-02 1.15574656e-01 1.61402857e-01 1.76305187e-01 2.07216556e-01 2.26248510e-01 9.22107944e-02 1.13398164e-01 6.15742836e-01
2.59000000e+01 -7.41217937e-01 -2.82420720e-01 -7.26614148e-02 -1.14556837e-01 -1.29594174e-01 -1.01586457e-01 -8.44901335e-02 -8.23821931e-02 -2.61551850e-02 5.07200086e-02 1.19669628e-01 1.83622301e-01 2.63985318e-01 3.15828602e-01 3.39538154e-01 3.63341200e-01 3.54336632e-01 3.32733556e-01 3.18145309e-01 3.14534700e-01 2.92322061e-01 2.49126595e-01 2.34598750e-01 2.28028985e-01 2.18537644e-01 2.03141074e-01 1.82675194e-01 1.23332574e-01 7.93354324e-02 2.45776350e-02 -3.39562667e-02 -1.10767513e-01 -1.70858064e-01 -2.08304949e-01 -2.34801192e-01 -2.41072110e-01 -2.50689337e-01 -2.45251673e-01 -2.28489237e-01 -2.26481094e-01 -2.40996926e-01 -2.68187927e-01 -2.88535987e-01 -2.89501071e-01 -2.64022920e-01 -2.25487871e-01 -1.71871695e-01 -1.24944191e-01 -6.21282466e-02 -5.45445583e-03 6.00084127e-02 1.17178988e-01 1.71810519e-01 2.04881034e-01 2.23497624e-01 2.08815970e-01 1.76186742e-01 1.46158458e-01 1.21342989e-01 1.05916585e-01 9.90388925e-02 8.09096470e-02 6.52462227e-02 2.72146156e-02 -1.34302530e-02 -5.14720674e-02 -9.55825790e-02 -1.42788390e-01 -1.85484164e-01 -2.10094710e-01 -2.40807040e-01 -2.40670128e-01 -2.37372808e-01 -2.17647796e-01 -1.96286178e-01 -1.72009055e-01 -1.49710269e-01 -1.24754004e-01 -9.53215370e-02 -8.51095210e-02 -9.60387795e-02 -1.07520305e-01 -1.13197629e-01 -1.06406161e-01 -9.79237239e-02 -8.38576098e-02 -7.13945691e-02 -9.90470179e-03 2.17205008e-02 4.48243400e-02 6.24091205e-02 8.51731671e-02 1.19670550e-01 1.65263883e-01 1.81680916e-01 2.12910416e-01 2.32145362e-01 9.59058826e-02 1.20432350e-01 6.20731228e-01
2.60000000e+01 -7.44389498e-01 -2.89250618e-01 -7.78889146e-02 -1.17398999e-01 -1.34214777e-01 -1.05307559e-01 -8.78237796e-02 -8.40339725e-02 -2.93428014e-02 5.03112349e-02 1.20688113e-01 1.84509385e-01 2.64864903e-01 3.18698019e-01 3.41207624e-01 3.64931122e-01 3.57864593e-01 3.34793307e-01 3.18897308e-01 3.14059770e-01 2.93468606e-01 2.49528735e-01 2.33339087e-01 2.24136140e-01 2.15269458e-01 2.01194295e-01 1.80919515e-01 1.23752778e-01 7.96244585e-02 2.52129900e-02 -3.26477428e-02 -1.10527659e-01 -1.69229663e-01 -2.06181891e-01 -2.32470511e-01 -2.38021748e-01 -2.45645910e-01 -2.38700757e-01 -2.19936244e-01 -2.17090074e-01 -2.32420533e-01 -2.61370780e-01 -2.84434762e-01 -2.87417437e-01 -2.62353775e-01 -2.24839925e-01 -1.71205659e-01 -1.24584392e-01 -6.18582243e-02 -5.59059311e-03 6.01632153e-02 1.16910956e-01 1.70790269e-01 2.03674014e-01 2.20531444e-01 2.03802641e-01 1.69591064e-01 1.38699491e-01 1.13767559e-01 9.98480737e-02 9.44126141e-02 7.69139297e-02 6.22292923e-02 2.51465535e-02 -1.49038059e-02 -5.20068701e-02 -9.56115788e-02 -1.42095396e-01 -1.83116782e-01 -2.06465771e-01 -2.35464978e-01 -2.33925516e-01 -2.31086086e-01 -2.11773711e-01 -1.92317623e-01 -1.70757435e-01 -1.49541349e-01 -1.25933919e-01 -9.78558941e-02 -8.94879518e-02 -1.00937875e-01 -1.14194514e-01 -1.17703462e-01 -1.11419385e-01 -1.02891071e-01 -8.99556489e-02 -7.70457321e-02 -1.53561771e-02 1.66084116e-02 4.20524841e-02 6.16663252e-02 8.58697511e-02 1.23848071e-01 1.69100393e-01 1.87047213e-01 2.18615321e-01 2.37878212e-01 9.96554518e-02 1.27313429e-01 6.25601799e-01
2.61000000e+01 -7.47505475e-01 -2.95943332e-01 -8.31599138e-02 -1.20070817e-01 -1.38800818e-01 -1.08795605e-01 -9.11566765e-02 -8.55232866e-02 -3.24659149e-02 4.97737169e-02 1.21560857e-01 1.85486977e-01 2.65501152e-01 3.21345021e-01 3.43025204e-01 3.66331488e-01 3.61235268e-01 3.36840931e-01 3.19740882e-01 3.13414237e-01 2.94404941e-01 2.50052238e-01 2.32160445e-01 2.20295038e-01 2.12013190e-01 1.99274110e-01 1.79028555e-01 1.24233666e-01 7.99308896e-02 2.58024909e-02 -3.13704346e-02 -1.10251668e-01 -1.67582846e-01 -2.04036793e-01 -2.30015215e-01 -2.34917061e-01 -2.40572435e-01 -2.32176258e-01 -2.11510063e-01 -2.07808292e-01 -2.23903048e-01 -2.54517443e-01 -2.80197268e-01 -2.85180395e-01 -2.60645520e-01 -2.24168620e-01 -1.70561413e-01 -1.24206228e-01 -6.16256927e-02 -5.70734904e-03 6.03210322e-02 1.16665573e-01 1.69676292e-01 2.02432409e-01 2.17385181e-01 1.98653843e-01 1.62973550e-01 1.31270284e-01 1.06301848e-01 9.39006726e-02 8.97977086e-02 7.29187463e-02 5.91386006e-02 2.30708311e-02 -1.64088298e-02 -5.25154312e-02 -9.57029389e-02 -1.41363099e-01 -1.80676861e-01 -2.02877898e-01 -2.29972396e-01 -2.27160929e-01 -2.24743031e-01 -2.05956021e-01 -1.88382074e-01 -1.69589193e-01 -1.49358686e-01 -1.27055521e-01 -1.00570711e-01 -9.39330671e-02 -1.05801279e-01 -1.20794785e-01 -1.22124233e-01 -1.16381907e-01 -1.07667867e-01 -9.60887285e-02 -8.24075155e-02 -2.09501788e-02 1.15847918e-02 3.92026806e-02 6.09423469e-02 8.65555206e-02 1.28079425e-01 1.72930375e-01 1.92378253e-01 2.24347108e-01 2.43428467e-01 1.03458555e-01 1.34052061e-01 6.30355844e-01
2.62000000e+01 -7.50566082e-01 -3.02503786e-01 -8.84644637e-02 -1.22587961e-01 -1.43335957e-01 -1.12069497e-01 -9.44582989e-02 -8.68772557e-02 -3.54925819e-02 4.90997120e-02 1.22277166e-01 1.86545182e-01 2.65920717e-01 3.23735327e-01 3.44994072e-01 3.67566854e-01 3.64426870e-01 3.38871844e-01 3.20674922e-01 3.12626830e-01 2.95120183e-01 2.50683065e-01 2.31057040e-01 2.16525679e-01 2.08774784e-01 1.97374701e-01 1.77011709e-01 1.24758872e-01 8.02610268e-02 2.63478967e-02 -3.01345516e-02 -1.09926441e-01 -1.65921997e-01 -2.01870990e-01 -2.27432110e-01 -2.31749873e-01 -2.35467092e-01 -2.25675086e-01 -2.03223566e-01 -1.98652558e-01 -2.15451343e-01 -2.47631163e-01 -2.75814699e-01 -2.82777416e-01 -2.58904881e-01 -2.23468348e-01 -1.69939951e-01 -1.23809798e-01 -6.14325753e-02 -5.79939396e-03 6.04776212e-02 1.16437290e-01 1.68477410e-01 2.01145372e-01 2.14055968e-01 1.93369422e-01 1.56336686e-01 1.23878575e-01 9.89615828e-02 8.80757780e-02 8.51894211e-02 6.89220159e-02 5.59752936e-02 2.09847571e-02 -1.79429219e-02 -5.30032063e-02 -9.58527658e-02 -1.40583896e-01 -1.78167634e-01 -1.99328843e-01 -2.24332622e-01 -2.20388100e-01 -2.18348084e-01 -2.00206144e-01 -1.84482901e-01 -1.68492057e-01 -1.49160193e-01 -1.28122273e-01 -1.03466267e-01 -9.84394418e-02 -1.10628508e-01 -1.27303792e-01 -1.26475878e-01 -1.21288472e-01 -1.12267950e-01 -1.02242490e-01 -8.74844888e-02 -2.66789057e-02 6.66024100e-03 3.62757844e-02 6.02311536e-02 8.72470316e-02 1.32336357e-01 1.76771078e-01 1.97649342e-01 2.30119943e-01 2.48780063e-01 1.07311825e-01 1.40660789e-01 6.34993953e-01
2.63000000e+01 -7.53571028e-01 -3.08938289e-01 -9.37900652e-02 -1.24969015e-01 -1.47800512e-01 -1.15152019e-01 -9.76958700e-02 -8.81236359e-02 -3.83926787e-02 4.82828927e-02 1.22829259e-01 1.87669152e-01 2.66152400e-01 3.25839055e-01 3.47110948e-01 3.68663952e-01 3.67419265e-01 3.40881377e-01 3.21694818e-01 3.11727731e-01 2.95606631e-01 2.51405207e-01 2.30022670e-01 2.12847642e-01 2.05560756e-01 1.95488817e-01 1.74880719e-01 1.25311088e-01 8.06199843e-02 2.68521617e-02 -2.89500532e-02 -1.09539225e-01 -1.64251548e-01 -1.99685085e-01 -2.24719177e-01 -2.28512065e-01 -2.30328015e-01 -2.19194214e-01 -1.95088781e-01 -1.89639598e-01 -2.07071995e-01 -2.40715044e-01 -2.71278875e-01 -2.80196942e-01 -2.57137826e-01 -2.22733664e-01 -1.69342022e-01 -1.23395443e-01 -6.12803125e-02 -5.86166618e-03 6.06286056e-02 1.16219948e-01 1.67203742e-01 1.99800505e-01 2.10542347e-01 1.87949439e-01 1.49682697e-01 1.16532460e-01 9.17619909e-02 8.23736859e-02 8.05833391e-02 6.49215260e-02 5.27414733e-02 1.88850043e-02 -1.95030218e-02 -5.34767082e-02 -9.60557681e-02 -1.39750509e-01 -1.75593648e-01 -1.95814262e-01 -2.18550775e-01 -2.13618163e-01 -2.11906378e-01 -1.94534786e-01 -1.80623683e-01 -1.67452418e-01 -1.48944727e-01 -1.29139740e-01 -1.06540108e-01 -1.03001390e-01 -1.15420148e-01 -1.33704223e-01 -1.30774425e-01 -1.26132666e-01 -1.16707972e-01 -1.08398283e-01 -9.22873829e-02 -3.25287362e-02 1.84118446e-03 3.32756630e-02 5.95254256e-02 8.79611295e-02 1.36590978e-01 1.80638184e-01 2.02837722e-01 2.35945663e-01 2.53919835e-01 1.11209533e-01 1.47153750e-01 6.39516135e-01
2.64000000e+01 -7.56519576e-01 -3.15254322e-01 -9.91221023e-02 -1.27234865e-01 -1.52172207e-01 -1.18068874e-01 -1.00835496e-01 -8.92897305e-02 -4.11387016e-02 4.73185939e-02 1.23212226e-01 1.88839660e-01 2.66226045e-01 3.27631613e-01 3.49366111e-01 3.69650995e-01 3.70194446e-01 3.42864795e-01 3.22792715e-01 3.10747890e-01 2.95859959e-01 2.52200918e-01 2.29050823e-01 2.09279835e-01 2.02378146e-01 1.93607961e-01 1.72649386e-01 1.25872481e-01 8.10114061e-02 2.73195276e-02 -2.78265628e-02 -1.09077851e-01 -1.62575852e-01 -1.97478867e-01 -2.21875607e-01 -2.25195642e-01 -2.25153272e-01 -2.12730799e-01 -1.87116779e-01 -1.80785942e-01 -1.98771329e-01 -2.33772035e-01 -2.66582305e-01 -2.77428560e-01 -2.55349295e-01 -2.21959417e-01 -1.68768078e-01 -1.22963763e-01 -6.11698033e-02 -5.88949429e-03 6.07695307e-02 1.16007024e-01 1.65866316e-01 1.98384091e-01 2.06844189e-01 1.82394185e-01 1.43013631e-01 1.09240397e-01 8.47176202e-02 7.67936340e-02 7.59754217e-02 6.09150171e-02 4.94400894e-02 1.67677223e-02 -2.10855296e-02 -5.39433756e-02 -9.63053067e-02 -1.38856093e-01 -1.72960639e-01 -1.92327769e-01 -2.12633759e-01 -2.06861625e-01 -2.05423770e-01 -1.88951874e-01 -1.76808133e-01 -1.66455509e-01 -1.48712116e-01 -1.30115441e-01 -1.09787028e-01 -1.07613092e-01 -1.20177766e-01 -1.39978997e-01 -1.35035645e-01 -1.30907256e-01 -1.21006932e-01 -1.14533709e-01 -9.68326145e-02 -3.84805435e-02 -2.87002119e-03 3.02090693e-02 5.88168863e-02 8.87143422e-02 1.40816551e-01 1.84545028e-01 2.07923299e-01 2.41833195e-01 2.58837797e-01 1.15143737e-01 1.53546350e-01 6.43921957e-01
2.65000000e+01 -7.59410613e-01 -3.21460272e-01 -1.04444347e-01 -1.29407997e-01 -1.56427011e-01 -1.20847638e-01 -1.03843343e-01 -9.04013247e-02 -4.37065032e-02 4.62040456e-02 1.23423881e-01 1.90033781e-01 2.66171430e-01 3.29094430e-01 3.51743609e-01 3.70556924e-01 3.72736975e-01 3.44817312e-01 3.23957828e-01 3.09718319e-01 2.95879356e-01 2.53050978e-01 2.28134777e-01 2.05840266e-01 1.99234442e-01 1.91722615e-01 1.70333222e-01 1.26425099e-01 8.14372519e-02 2.77555478e-02 -2.67732617e-02 -1.08530961e-01 -1.60899045e-01 -1.95251255e-01 -2.18901804e-01 -2.21792791e-01 -2.19940861e-01 -2.06282297e-01 -1.79317583e-01 -1.72107800e-01 -1.90555465e-01 -2.26804921e-01 -2.61718241e-01 -2.74463177e-01 -2.53542936e-01 -2.21140866e-01 -1.68218241e-01 -1.22515637e-01 -6.11013602e-02 -5.87870589e-03 6.08959246e-02 1.15791867e-01 1.64476640e-01 1.96881357e-01 2.02962590e-01 1.76704206e-01 1.36331443e-01 1.02011196e-01 7.78421607e-02 7.13338667e-02 7.13620153e-02 5.69002741e-02 4.60748058e-02 1.46286849e-02 -2.26864559e-02 -5.44114089e-02 -9.65934801e-02 -1.37894348e-01 -1.70275367e-01 -1.88861048e-01 -2.06590231e-01 -2.00128347e-01 -1.98906867e-01 -1.83466495e-01 -1.73040005e-01 -1.65485625e-01 -1.48463187e-01 -1.31058653e-01 -1.13199097e-01 -1.12268723e-01 -1.24903776e-01 -1.46111502e-01 -1.39274705e-01 -1.35604584e-01 -1.25185608e-01 -1.20623318e-01 -1.01141627e-01 -4.45101960e-02 -7.47482662e-03 2.70854118e-02 5.80966716e-02 8.95222851e-02 1.44988229e-01 1.88501911e-01 2.12889279e-01 2.47788085e-01 2.63527325e-01 1.19104492e-01 1.59854881e-01 6.48210695e-01
2.66000000e+01 -7.62242731e-01 -3.27565141e-01 -1.09739521e-01 -1.31511728e-01 -1.60540057e-01 -1.23516655e-01 -1.06686812e-01 -9.14816805e-02 -4.60759415e-02 4.49385754e-02 1.23464553e-01 1.91225677e-01 2.66017198e-01 3.30215493e-01 3.54221639e-01 3.71410619e-01 3.75034397e-01 3.46734082e-01 3.25176826e-01 3.08669402e-01 2.95667585e-01 2.53935011e-01 2.27267705e-01 2.02545824e-01 1.96137475e-01 1.89822523e-01 1.67949046e-01 1.26951270e-01 8.18976628e-02 2.81670322e-02 -2.57987530e-02 -1.07888254e-01 -1.59224892e-01 -1.93000275e-01 -2.15799368e-01 -2.18295953e-01 -2.14688711e-01 -1.99846566e-01 -1.71700078e-01 -1.63620928e-01 -1.82430364e-01 -2.19816307e-01 -2.56680748e-01 -2.71293155e-01 -2.51720882e-01 -2.20273763e-01 -1.67692287e-01 -1.22052247e-01 -6.10746752e-02 -5.82572217e-03 6.10033624e-02 1.15567929e-01 1.63046274e-01 1.95276779e-01 1.98899737e-01 1.70880361e-01 1.29638082e-01 9.48539964e-02 7.11482615e-02 6.59917231e-02 6.67398615e-02 5.28752145e-02 4.26498542e-02 1.24634592e-02 -2.43015978e-02 -5.48895780e-02 -9.69112449e-02 -1.36859609e-01 -1.67545404e-01 -1.85404027e-01 -2.00430524e-01 -1.93427543e-01 -1.92363018e-01 -1.78086856e-01 -1.69322976e-01 -1.64526388e-01 -1.48199763e-01 -1.31980169e-01 -1.16765738e-01 -1.16962598e-01 -1.29601263e-01 -1.52085874e-01 -1.43505809e-01 -1.40216978e-01 -1.29265921e-01 -1.26639417e-01 -1.05240070e-01 -5.05892247e-02 -1.19780865e-02 2.39164326e-02 5.73557279e-02 9.03990979e-02 1.49083718e-01 1.92515524e-01 2.17722666e-01 2.53812140e-01 2.67985230e-01 1.23080138e-01 1.66096122e-01 6.52381490e-01
2.67000000e+01 -7.65014308e-01 -3.33578233e-01 -1.14989883e-01 -1.33569401e-01 -1.64486589e-01 -1.26103924e-01 -1.09335677e-01 -9.25506305e-02 -4.82314182e-02 4.35237741e-02 1.23336790e-01 1.92387448e-01 2.65789853e-01 3.30989686e-01 3.56773102e-01 3.72240090e-01 3.77077605e-01 3.48610194e-01 3.26434252e-01 3.07630233e-01 2.95230986e-01 2.54831820e-01 2.26442752e-01 1.99412083e-01 1.93095314e-01 1.87897007e-01 1.65514555e-01 1.27433982e-01 8.23909097e-02 2.85619100e-02 -2.49108937e-02 -1.07140701e-01 -1.57556631e-01 -1.90723085e-01 -2.12571045e-01 -2.14697899e-01 -2.09394691e-01 -1.93421956e-01 -1.64271946e-01 -1.55340477e-01 -1.74401882e-01 -2.12808616e-01 -2.51464764e-01 -2.67912437e-01 -2.49883552e-01 -2.19354405e-01 -1.67189651e-01 -1.21575086e-01 -6.10887954e-02 -5.72763984e-03 6.10875363e-02 1.15328967e-01 1.61586391e-01 1.93554395e-01 1.94658757e-01 1.64923887e-01 1.22935577e-01 8.77782195e-02 6.46473516e-02 6.07637401e-02 6.21061038e-02 4.88379690e-02 3.91698849e-02 1.02675838e-02 -2.59267293e-02 -5.53870070e-02 -9.72485694e-02 -1.35746942e-01 -1.64778881e-01 -1.81945100e-01 -1.94166557e-01 -1.86767789e-01 -1.85800304e-01 -1.72820250e-01 -1.65660519e-01 -1.63561043e-01 -1.47924650e-01 -1.32892022e-01 -1.20473852e-01 -1.21689295e-01 -1.34273761e-01 -1.57887291e-01 -1.47741850e-01 -1.44737193e-01 -1.33270218e-01 -1.32552984e-01 -1.09156863e-01 -5.66856339e-02 -1.63875330e-02 2.07158085e-02 5.65852190e-02 9.13569326e-02 1.53083826e-01 1.96588507e-01 2.22414641e-01 2.59903201e-01 2.72211737e-01 1.27057644e-01 1.72286913e-01 6.56433514e-01
2.68000000e+01 -7.67723602e-01 -3.39508824e-01 -1.20177838e-01 -1.35603578e-01 -1.68242909e-01 -1.28636022e-01 -1.11763136e-01 -9.36237996e-02 -5.01622883e-02 4.19636109e-02 1.23045024e-01 1.93490019e-01 2.65512863e-01 3.31418921e-01 3.59366309e-01 3.73071666e-01 3.78861151e-01 3.50440631e-01 3.27712984e-01 3.06628009e-01 2.94579390e-01 2.55719756e-01 2.25653124e-01 1.96453112e-01 1.90116145e-01 1.85935295e-01 1.63047873e-01 1.27857218e-01 8.29134223e-02 2.89490142e-02 -2.41165945e-02 -1.06280765e-01 -1.55896816e-01 -1.88416050e-01 -2.09220641e-01 -2.10991808e-01 -2.04056638e-01 -1.87007385e-01 -1.57039608e-01 -1.47280838e-01 -1.66475815e-01 -2.05784075e-01 -2.46066176e-01 -2.64316624e-01 -2.48029519e-01 -2.18379667e-01 -1.66709449e-01 -1.21085960e-01 -6.11421080e-02 -5.58230346e-03 6.11443327e-02 1.15069222e-01 1.60107363e-01 1.91698140e-01 1.90243565e-01 1.58836482e-01 1.16226118e-01 8.07935122e-02 5.83494665e-02 5.56457673e-02 5.74582974e-02 4.47869477e-02 3.56398246e-02 8.03674298e-03 -2.75577960e-02 -5.59129431e-02 -9.75946160e-02 -1.34552219e-01 -1.61984213e-01 -1.78471404e-01 -1.87811704e-01 -1.80157028e-01 -1.79227509e-01 -1.67673024e-01 -1.62055771e-01 -1.62572791e-01 -1.47641589e-01 -1.33807195e-01 -1.24307976e-01 -1.26443779e-01 -1.38925015e-01 -1.63502281e-01 -1.51994076e-01 -1.49158850e-01 -1.37220540e-01 -1.38334623e-01 -1.12923158e-01 -6.27648239e-02 -2.07131497e-02 1.74986906e-02 5.57769307e-02 9.24055127e-02 1.56972903e-01 2.00719153e-01 2.26960769e-01 2.66055063e-01 2.76210346e-01 1.31023009e-01 1.78443719e-01 6.60366128e-01
2.69000000e+01 -7.70368837e-01 -3.45365851e-01 -1.25286527e-01 -1.37635251e-01 -1.71787286e-01 -1.31137088e-01 -1.13946742e-01 -9.47119848e-02 -5.18631247e-02 4.02644929e-02 1.22595188e-01 1.94504036e-01 2.65205891e-01 3.31512059e-01 3.61965805e-01 3.73929206e-01 3.80383496e-01 3.52220232e-01 3.28994719e-01 3.05687488e-01 2.93725972e-01 2.56577100e-01 2.24892146e-01 1.93681307e-01 1.87208159e-01 1.83926862e-01 1.60567096e-01 1.28206265e-01 8.34598892e-02 2.93377968e-02 -2.34215962e-02 -1.05302573e-01 -1.54247168e-01 -1.86074859e-01 -2.05752903e-01 -2.07171352e-01 -1.98672395e-01 -1.80602400e-01 -1.50008192e-01 -1.39455478e-01 -1.58657951e-01 -1.98744714e-01 -2.40481900e-01 -2.60503020e-01 -2.46155411e-01 -2.17346997e-01 -1.66250518e-01 -1.20586968e-01 -6.12323347e-02 -5.38837220e-03 6.11699185e-02 1.14783553e-01 1.58618364e-01 1.89692183e-01 1.85658692e-01 1.52620403e-01 1.09512135e-01 7.39096669e-02 5.22630872e-02 5.06330859e-02 5.27944277e-02 4.07208906e-02 3.20647497e-02 5.76692297e-03 -2.91911021e-02 -5.64765167e-02 -9.79379482e-02 -1.33272181e-01 -1.59169786e-01 -1.74969142e-01 -1.81380643e-01 -1.73602585e-01 -1.72654089e-01 -1.62650553e-01 -1.58511403e-01 -1.61545131e-01 -1.47355196e-01 -1.34739314e-01 -1.28250496e-01 -1.31221490e-01 -1.43558715e-01 -1.68919042e-01 -1.56271767e-01 -1.53476857e-01 -1.41137870e-01 -1.43955553e-01 -1.16571260e-01 -6.87905946e-02 -2.49664719e-02 1.42812035e-02 5.49236557e-02 9.35517765e-02 1.60739135e-01 2.04901276e-01 2.31361062e-01 2.72257516e-01 2.79987603e-01 1.34961690e-01 1.84582204e-01 6.64179037e-01
2.70000000e+01 -7.72948285e-01 -3.51157601e-01 -1.30300394e-01 -1.39683111e-01 -1.75100795e-01 -1.33627921e-01 -1.15869185e-01 -9.58207136e-02 -5.33338269e-02 3.84352590e-02 1.21994329e-01 1.95400746e-01 2.64884170e-01 3.31284639e-01 3.64533311e-01 3.74833365e-01 3.81647161e-01 3.53943640e-01 3.30260477e-01 3.04830523e-01 2.92687031e-01 2.57382444e-01 2.24153335e-01 1.91107235e-01 1.84379446e-01 1.81861770e-01 1.58089846e-01 1.28467972e-01 8.40234210e-02 2.97379877e-02 -2.28302337e-02 -1.04202068e-01 -1.52608444e-01 -1.83694685e-01 -2.02173358e-01 -2.03230778e-01 -1.93239859e-01 -1.74207223e-01 -1.43181504e-01 -1.31876773e-01 -1.50954103e-01 -1.91692368e-01 -2.34709966e-01 -2.56470637e-01 -2.44255878e-01 -2.16254398e-01 -1.65811462e-01 -1.20080476e-01 -6.13565365e-02 -5.14538406e-03 6.11608338e-02 1.14467548e-01 1.57127012e-01 1.87521274e-01 1.80909119e-01 1.46278564e-01 1.02796370e-01 6.71365276e-02 4.63949957e-02 4.57205279e-02 4.81129348e-02 3.66389044e-02 2.84497786e-02 3.45453915e-03 -3.08234775e-02 -5.70865019e-02 -9.82667538e-02 -1.31904504e-01 -1.56343648e-01 -1.71423934e-01 -1.74889177e-01 -1.67111180e-01 -1.66090129e-01 -1.57757199e-01 -1.55029507e-01 -1.60462211e-01 -1.47070866e-01 -1.35702340e-01 -1.32281897e-01 -1.36018415e-01 -1.48178245e-01 -1.74127748e-01 -1.60581955e-01 -1.57687802e-01 -1.45041422e-01 -1.49388556e-01 -1.20133529e-01 -7.47261924e-02 -2.91598422e-02 1.10799207e-02 5.40195452e-02 9.47996186e-02 1.64374707e-01 2.09124245e-01 2.35619874e-01 2.78496546e-01 2.83552775e-01 1.38859071e-01 1.90716808e-01 6.67872434e-01
2.71000000e+01 -7.75460348e-01 -3.56891430e-01 -1.35205696e-01 -1.41762888e-01 -1.78168045e-01 -1.36125208e-01 -1.17518891e-01 -9.69499993e-02 -5.45795685e-02 3.64871064e-02 1.21250211e-01 1.96152813e-01 2.64558054e-01 3.30758408e-01 3.67028718e-01 3.75800932e-01 3.82658780e-01 3.55605249e-01 3.31491102e-01 3.04075678e-01 2.91481699e-01 2.58115073e-01 2.23430443e-01 1.88739498e-01 1.81637894e-01 1.79730984e-01 1.55632843e-01 1.28630977e-01 8.45957651e-02 3.01592147e-02 -2.23452005e-02 -1.02977109e-01 -1.50980324e-01 -1.81270371e-01 -1.98488129e-01 -1.99164997e-01 -1.87757045e-01 -1.67822775e-01 -1.36562021e-01 -1.24555841e-01 -1.43370147e-01 -1.84628689e-01 -2.28749607e-01 -2.52220154e-01 -2.42323618e-01 -2.15100376e-01 -1.65390692e-01 -1.19569066e-01 -6.15111288e-02 -4.85381939e-03 6.11140872e-02 1.14117586e-01 1.55639048e-01 1.85171075e-01 1.76000102e-01 1.39814630e-01 9.60819444e-02 6.04838826e-02 4.07501509e-02 4.09025896e-02 4.34127474e-02 3.25404850e-02 2.47999848e-02 1.09652715e-03 -3.24524153e-02 -5.77510819e-02 -9.85690805e-02 -1.30447841e-01 -1.53513177e-01 -1.67821207e-01 -1.68354029e-01 -1.60688943e-01 -1.59546308e-01 -1.52996278e-01 -1.51611513e-01 -1.59309159e-01 -1.46794655e-01 -1.36710269e-01 -1.36381062e-01 -1.40831119e-01 -1.52786424e-01 -1.79120847e-01 -1.64929170e-01 -1.61790284e-01 -1.48947997e-01 -1.54608880e-01 -1.23641311e-01 -8.05353643e-02 -3.33056513e-02 7.91133907e-03 5.30604163e-02 9.61497372e-02 1.67875801e-01 2.13373180e-01 2.39745637e-01 2.84754645e-01 2.86917444e-01 1.42700936e-01 1.96860360e-01 6.71447131e-01
2.72000000e+01 -7.77903623e-01 -3.62573524e-01 -1.39990950e-01 -1.43886804e-01 -1.80977787e-01 -1.38640924e-01 -1.18890419e-01 -9.80943000e-02 -5.56105812e-02 3.44334440e-02 1.20370939e-01 1.96735064e-01 2.64232739e-01 3.29960679e-01 3.69411141e-01 3.76844279e-01 3.83429032e-01 3.57199174e-01 3.32667781e-01 3.03437916e-01 2.90131601e-01 2.58755331e-01 2.22717522e-01 1.86584618e-01 1.78991098e-01 1.77526681e-01 1.53211499e-01 1.28685888e-01 8.51675607e-02 3.06106022e-02 -2.19673279e-02 -1.01627543e-01 -1.49361319e-01 -1.78796634e-01 -1.94703730e-01 -1.94969674e-01 -1.82222159e-01 -1.61450687e-01 -1.30150902e-01 -1.17502386e-01 -1.35912037e-01 -1.77555172e-01 -2.22601347e-01 -2.47753834e-01 -2.40349459e-01 -2.13883888e-01 -1.64986465e-01 -1.19055493e-01 -6.16919076e-02 -4.51516256e-03 6.10272496e-02 1.13730868e-01 1.54158081e-01 1.82628485e-01 1.70937005e-01 1.33233116e-01 8.93724131e-02 5.39613501e-02 3.53315886e-02 3.61735388e-02 3.86933193e-02 2.84255319e-02 2.11203296e-02 -1.30960639e-03 -3.40761721e-02 -5.84776271e-02 -9.88330742e-02 -1.28901868e-01 -1.50684763e-01 -1.64146592e-01 -1.61792624e-01 -1.54341434e-01 -1.53033853e-01 -1.48370006e-01 -1.48258142e-01 -1.58072399e-01 -1.46533134e-01 -1.37776834e-01 -1.40525624e-01 -1.45656733e-01 -1.57385276e-01 -1.83893312e-01 -1.69315241e-01 -1.65785170e-01 -1.52871440e-01 -1.59595032e-01 -1.27123921e-01 -8.61833830e-02 -3.74155910e-02 4.79137042e-03 5.20439995e-02 9.75995927e-02 1.71242457e-01 2.17629312e-01 2.43750456e-01 2.91011249e-01 2.90095047e-01 1.46473932e-01 2.03023716e-01 6.74904673e-01
2.73000000e+01 -7.80276960e-01 -3.68208693e-01 -1.44647285e-01 -1.46063148e-01 -1.83523349e-01 -1.41181915e-01 -1.19984639e-01 -9.92426882e-02 -5.64417814e-02 3.22896746e-02 1.19364624e-01 1.97125126e-01 2.63908192e-01 3.28923518e-01 3.71639985e-01 3.77970929e-01 3.83972433e-01 3.58719245e-01 3.33772548e-01 3.02928367e-01 2.88660456e-01 2.59284957e-01 2.22008972e-01 1.84646949e-01 1.76446260e-01 1.75242518e-01 1.50839556e-01 1.28625427e-01 8.57286224e-02 3.11003732e-02 -2.16953933e-02 -1.00155239e-01 -1.47748709e-01 -1.76268262e-01 -1.90826846e-01 -1.90641311e-01 -1.76633675e-01 -1.55093288e-01 -1.23947999e-01 -1.10724541e-01 -1.28585813e-01 -1.70473194e-01 -2.16267079e-01 -2.43075404e-01 -2.38322493e-01 -2.12604268e-01 -1.64596894e-01 -1.18542625e-01 -6.18940876e-02 -4.13195754e-03 6.08985380e-02 1.13305410e-01 1.52685387e-01 1.79881937e-01 1.65725143e-01 1.26539447e-01 8.26718166e-02 4.75782583e-02 3.01403472e-02 3.15275143e-02 3.39546689e-02 2.42943558e-02 1.74156109e-02 -3.76577192e-03 -3.56938269e-02 -5.92724890e-02 -9.90472182e-02 -1.27267319e-01 -1.47863502e-01 -1.60386329e-01 -1.55222847e-01 -1.48073672e-01 -1.46564490e-01 -1.43879446e-01 -1.44969389e-01 -1.56739928e-01 -1.46293214e-01 -1.38915219e-01 -1.44692358e-01 -1.50492914e-01 -1.61975835e-01 -1.88442853e-01 -1.73739168e-01 -1.69675749e-01 -1.56822227e-01 -1.64329453e-01 -1.30607730e-01 -9.16380091e-02 -4.14999496e-02 1.73487093e-03 5.09701200e-02 9.91434776e-02 1.74478289e-01 2.21870491e-01 2.47649552e-01 2.97243280e-01 2.93100359e-01 1.50166022e-01 2.09215447e-01 6.78247429e-01
2.74000000e+01 -7.82579502e-01 -3.73800222e-01 -1.49168707e-01 -1.48295992e-01 -1.85802920e-01 -1.43749684e-01 -1.20808690e-01 -1.00379224e-01 -5.70922484e-02 3.00729084e-02 1.18239080e-01 1.97303944e-01 2.63579254e-01 3.27682785e-01 3.73676013e-01 3.79183271e-01 3.84307001e-01 3.60159027e-01 3.34788774e-01 3.02554162e-01 2.87093636e-01 2.59687412e-01 2.21299601e-01 1.82928618e-01 1.74010098e-01 1.72873876e-01 1.48528755e-01 1.28444538e-01 8.62682402e-02 3.16354747e-02 -2.15259668e-02 -9.85640861e-02 -1.46138512e-01 -1.73680298e-01 -1.86864117e-01 -1.86177333e-01 -1.70990419e-01 -1.48753579e-01 -1.17951896e-01 -1.04228739e-01 -1.21397593e-01 -1.63384081e-01 -2.09750131e-01 -2.38189903e-01 -2.36230265e-01 -2.11261159e-01 -1.64219943e-01 -1.18033397e-01 -6.21123530e-02 -3.70785052e-03 6.07268868e-02 1.12839995e-01 1.51219790e-01 1.76921663e-01 1.60369636e-01 1.19740022e-01 7.59847133e-02 4.13435257e-02 2.51754180e-02 2.69586175e-02 2.91974172e-02 2.01476813e-02 1.36904228e-02 -6.27331843e-03 -3.73052977e-02 -6.01408143e-02 -9.92005656e-02 -1.25546008e-01 -1.45052919e-01 -1.56527666e-01 -1.48662791e-01 -1.41890174e-01 -1.40150390e-01 -1.39524455e-01 -1.41744562e-01 -1.55301560e-01 -1.46081957e-01 -1.40137791e-01 -1.48857634e-01 -1.55337753e-01 -1.66557979e-01 -1.92770065e-01 -1.78197080e-01 -1.73467767e-01 -1.60807187e-01 -1.68799049e-01 -1.34115352e-01 -9.68703596e-02 -4.55669739e-02 -1.24477450e-03 4.98408011e-02 1.00772697e-01 1.77590069e-01 2.26071816e-01 2.51460607e-01 3.03425762e-01 2.95948953e-01 1.53766900e-01 2.15441587e-01 6.81478662e-01
2.75000000e+01 -7.84810714e-01 -3.79349773e-01 -1.53552251e-01 -1.50585057e-01 -1.87819635e-01 -1.46340382e-01 -1.21375715e-01 -1.01483524e-01 -5.75845696e-02 2.78016117e-02 1.17001585e-01 1.97256167e-01 2.63235944e-01 3.26277054e-01 3.75482377e-01 3.80478409e-01 3.84453794e-01 3.61511884e-01 3.35701622e-01 3.02318352e-01 2.85457692e-01 2.59948158e-01 2.20584694e-01 1.81429500e-01 1.71688732e-01 1.70418068e-01 1.46288573e-01 1.28140441e-01 8.67754823e-02 3.22212523e-02 -2.14533092e-02 -9.68599733e-02 -1.44525478e-01 -1.71028201e-01 -1.82821939e-01 -1.81576166e-01 -1.65291651e-01 -1.42435191e-01 -1.12159946e-01 -9.80195882e-02 -1.14353545e-01 -1.56289187e-01 -2.03055302e-01 -2.33103508e-01 -2.34058998e-01 -2.09854432e-01 -1.63853402e-01 -1.17530759e-01 -6.23409228e-02 -3.24761031e-03 6.05119990e-02 1.12334090e-01 1.49757601e-01 1.73739911e-01 1.54875294e-01 1.12842233e-01 6.93162020e-02 3.52655432e-02 2.04337226e-02 2.24609984e-02 2.44228243e-02 1.59866458e-02 9.94912188e-03 -8.83307875e-03 -3.89113200e-02 -6.10863837e-02 -9.92829622e-02 -1.23740831e-01 -1.42254731e-01 -1.52559235e-01 -1.42130494e-01 -1.35795002e-01 -1.33804101e-01 -1.35303635e-01 -1.38582337e-01 -1.53749134e-01 -1.45906359e-01 -1.41455823e-01 -1.52997901e-01 -1.60189635e-01 -1.71130334e-01 -1.96878495e-01 -1.82682293e-01 -1.77169337e-01 -1.64829386e-01 -1.72995575e-01 -1.37664983e-01 -1.01855657e-01 -4.96223211e-02 -4.13599590e-03 4.86602852e-02 1.02475851e-01 1.80587202e-01 2.30206388e-01 2.55203000e-01 3.09532514e-01 2.98656649e-01 1.57268348e-01 2.21705435e-01 6.84602573e-01
2.76000000e+01 -7.86970395e-01 -3.84857346e-01 -1.57798022e-01 -1.52925733e-01 -1.89581480e-01 -1.48945010e-01 -1.21704383e-01 -1.02531503e-01 -5.79440727e-02 2.54952013e-02 1.15658699e-01 1.96970395e-01 2.62863934e-01 3.24746428e-01 3.77025605e-01 3.81848171e-01 3.84436337e-01 3.62771086e-01 3.36498454e-01 3.02219894e-01 2.83779847e-01 2.60054918e-01 2.19860081e-01 1.80147233e-01 1.69487570e-01 1.67874511e-01 1.44126006e-01 1.27712636e-01 8.72394910e-02 3.28611915e-02 -2.14693293e-02 -9.50507225e-02 -1.42903124e-01 -1.68307960e-01 -1.78706271e-01 -1.76837306e-01 -1.59537140e-01 -1.36142322e-01 -1.06568325e-01 -9.20997747e-02 -1.07459844e-01 -1.49189997e-01 -1.96188883e-01 -2.27823337e-01 -2.31793856e-01 -2.08384121e-01 -1.63494849e-01 -1.17037628e-01 -6.25736340e-02 -2.75711637e-03 6.02543764e-02 1.11787736e-01 1.48292650e-01 1.70331122e-01 1.49246523e-01 1.05854481e-01 6.26719281e-02 2.93520584e-02 1.59101156e-02 1.80289369e-02 1.96328214e-02 1.18127923e-02 6.19579387e-03 -1.14454270e-02 -4.05133901e-02 -6.21114782e-02 -9.92852558e-02 -1.21855754e-01 -1.39468675e-01 -1.48471393e-01 -1.35643676e-01 -1.29791830e-01 -1.27538470e-01 -1.31214297e-01 -1.35480853e-01 -1.52076683e-01 -1.45773135e-01 -1.42879231e-01 -1.57090217e-01 -1.65047068e-01 -1.75690231e-01 -2.00774632e-01 -1.87185483e-01 -1.80790711e-01 -1.68888146e-01 -1.76915858e-01 -1.41269878e-01 -1.06573837e-01 -5.36686207e-02 -6.92929722e-03 4.74349679e-02 1.04239216e-01 1.83481112e-01 2.34246127e-01 2.58896993e-01 3.15536868e-01 3.01238980e-01 1.60664544e-01 2.28007435e-01 6.87624322e-01
2.77000000e+01 -7.89058672e-01 -3.90321301e-01 -1.61909122e-01 -1.55309264e-01 -1.91101023e-01 -1.51549818e-01 -1.21818216e-01 -1.03496267e-01 -5.81979684e-02 2.31735933e-02 1.14216143e-01 1.96439292e-01 2.62445177e-01 3.23131305e-01 3.78276497e-01 3.83279245e-01 3.84279967e-01 3.63929941e-01 3.37169166e-01 3.02253730e-01 2.82087479e-01 2.59997894e-01 2.19122208e-01 1.79077261e-01 1.67411175e-01 1.65244860e-01 1.42045440e-01 1.27162842e-01 8.76497647e-02 3.35567415e-02 -2.15636092e-02 -9.31459891e-02 -1.41263807e-01 -1.65516190e-01 -1.74522482e-01 -1.71961364e-01 -1.53727250e-01 -1.29879673e-01 -1.01172096e-01 -8.64699836e-02 -1.00722614e-01 -1.42088246e-01 -1.89158642e-01 -2.22357255e-01 -2.29419224e-01 -2.06850340e-01 -1.63141609e-01 -1.16556832e-01 -6.28040435e-02 -2.24330493e-03 5.99553229e-02 1.11201398e-01 1.46816374e-01 1.66692042e-01 1.43487256e-01 9.87861657e-02 5.60580770e-02 2.36100640e-02 1.15974140e-02 1.36569213e-02 1.48300368e-02 7.62805540e-03 2.43421942e-03 -1.41103362e-02 -4.21136810e-02 -6.32167778e-02 -9.91994876e-02 -1.19895756e-01 -1.36692406e-01 -1.44256515e-01 -1.29219473e-01 -1.23884017e-01 -1.21366549e-01 -1.27252448e-01 -1.32437810e-01 -1.50280579e-01 -1.45688497e-01 -1.44416304e-01 -1.61112805e-01 -1.69908454e-01 -1.80233741e-01 -2.04467803e-01 -1.91694963e-01 -1.84343923e-01 -1.72979222e-01 -1.80561865e-01 -1.44938000e-01 -1.11010001e-01 -5.77051606e-02 -9.61742178e-03 4.61732489e-02 1.06047200e-01 1.86284552e-01 2.38162661e-01 2.62562873e-01 3.21412407e-01 3.03710676e-01 1.63952281e-01 2.34345127e-01 6.90550017e-01
2.78000000e+01 -7.91075977e-01 -3.95738434e-01 -1.65891474e-01 -1.57723070e-01 -1.92394966e-01 -1.54136886e-01 -1.21744751e-01 -1.04349135e-01 -5.83744313e-02 2.08567207e-02 1.12678748e-01 1.95659557e-01 2.61958671e-01 3.21471117e-01 3.79210914e-01 3.84753458e-01 3.84011115e-01 3.64981973e-01 3.37706433e-01 3.02410956e-01 2.80407584e-01 2.59769946e-01 2.18368209e-01 1.78212924e-01 1.65463128e-01 1.62533112e-01 1.40048590e-01 1.26494861e-01 8.79964190e-02 3.43072269e-02 -2.17235035e-02 -9.11571133e-02 -1.39598842e-01 -1.62650170e-01 -1.70275223e-01 -1.66950105e-01 -1.47863005e-01 -1.23652366e-01 -9.59652794e-02 -8.11288420e-02 -9.41478564e-02 -1.34986053e-01 -1.81973781e-01 -2.16713679e-01 -2.26919006e-01 -2.05253215e-01 -1.62790710e-01 -1.16091052e-01 -6.30255483e-02 -1.71406637e-03 5.96169191e-02 1.10575800e-01 1.45317987e-01 1.62821767e-01 1.37600924e-01 9.16476509e-02 4.94813546e-02 1.80456909e-02 7.48645615e-03 9.33972448e-03 1.00178137e-02 3.43473900e-03 -1.33216385e-03 -1.68274252e-02 -4.37149367e-02 -6.44012972e-02 -9.90190619e-02 -1.17866747e-01 -1.33921466e-01 -1.39909244e-01 -1.22874179e-01 -1.18074688e-01 -1.15301484e-01 -1.23412818e-01 -1.29450582e-01 -1.48359629e-01 -1.45657945e-01 -1.46073450e-01 -1.65045608e-01 -1.74771831e-01 -1.84755789e-01 -2.07969972e-01 -1.96197079e-01 -1.87842336e-01 -1.77095091e-01 -1.83940618e-01 -1.48671833e-01 -1.15154703e-01 -6.17277068e-02 -1.21954205e-02 4.48853028e-02 1.07882868e-01 1.89010881e-01 2.41928218e-01 2.66220098e-01 3.27133691e-01 3.06085202e-01 1.67131115e-01 2.40713180e-01 6.93386672e-01
2.79000000e+01 -7.93023018e-01 -4.01104109e-01 -1.69753536e-01 -1.60151210e-01 -1.93483551e-01 -1.56684864e-01 -1.21514563e-01 -1.05060727e-01 -5.85016484e-02 1.85640356e-02 1.11050457e-01 1.94631776e-01 2.61381329e-01 3.19803088e-01 3.79810428e-01 3.86248185e-01 3.83656566e-01 3.65921105e-01 3.38105863e-01 3.02679082e-01 2.78766242e-01 2.59366734e-01 2.17595962e-01 1.77545582e-01 1.63645882e-01 1.59745668e-01 1.38134528e-01 1.25714369e-01 8.82704261e-02 3.51098475e-02 -2.19343154e-02 -8.90969196e-02 -1.37898655e-01 -1.59707853e-01 -1.65968325e-01 -1.61806453e-01 -1.41946169e-01 -1.17465858e-01 -9.09409409e-02 -7.60728865e-02 -8.77413651e-02 -1.27886054e-01 -1.74644870e-01 -2.10901383e-01 -2.24276926e-01 -2.03592803e-01 -1.62438862e-01 -1.15642756e-01 -6.32315203e-02 -1.17809205e-03 5.92419643e-02 1.09911749e-01 1.43784717e-01 1.58721727e-01 1.31590457e-01 8.44502207e-02 4.29489572e-02 1.26641046e-02 3.56619037e-03 5.07247789e-03 5.20021565e-03 -7.64516236e-04 -5.10030110e-03 -1.95959897e-02 -4.53203513e-02 -6.56623617e-02 -9.87388883e-02 -1.15775446e-01 -1.31149348e-01 -1.35426677e-01 -1.16623005e-01 -1.12366824e-01 -1.09356391e-01 -1.19688919e-01 -1.26516320e-01 -1.46315160e-01 -1.45686072e-01 -1.47854942e-01 -1.68870836e-01 -1.79634580e-01 -1.89250344e-01 -2.11295456e-01 -2.00676685e-01 -1.91300097e-01 -1.81225362e-01 -1.87063957e-01 -1.52468366e-01 -1.19004059e-01 -6.57284633e-02 -1.46606238e-02 4.35827817e-02 1.09728513e-01 1.91673323e-01 2.45516517e-01 2.69886464e-01 3.32676941e-01 3.08374348e-01 1.70203415e-01 2.47103509e-01 6.96142146e-01
2.80000000e+01 -7.94900721e-01 -4.06412438e-01 -1.73505935e-01 -1.62574966e-01 -1.94389830e-01 -1.59169836e-01 -1.21160185e-01 -1.05602117e-01 -5.86068646e-02 1.63140108e-02 1.09334389e-01 1.93360150e-01 2.60688915e-01 3.18161047e-01 3.80062799e-01 3.87736879e-01 3.83242707e-01 3.66741862e-01 3.38366054e-01 3.03042393e-01 2.77188091e-01 2.58786812e-01 2.16804135e-01 1.77064772e-01 1.61960624e-01 1.56891355e-01 1.36299785e-01 1.24828642e-01 8.84638264e-02 3.59597576e-02 -2.21795449e-02 -8.69794674e-02 -1.36152975e-01 -1.56687840e-01 -1.61604734e-01 -1.56534473e-01 -1.35979308e-01 -1.11325849e-01 -8.60912842e-02 -7.12965539e-02 -8.15086396e-02 -1.20791531e-01 -1.67183765e-01 -2.04929331e-01 -2.21476827e-01 -2.01869007e-01 -1.62082435e-01 -1.15214126e-01 -6.34154486e-02 -6.44675430e-04 5.88338863e-02 1.09209942e-01 1.42202104e-01 1.54395580e-01 1.25458324e-01 7.72060103e-02 3.64685326e-02 7.46940830e-03 -1.76202582e-04 8.50741242e-04 3.82016046e-04 -4.96677432e-03 -8.86755984e-03 -2.24150132e-02 -4.69334398e-02 -6.69956269e-02 -9.83554906e-02 -1.13629221e-01 -1.28367631e-01 -1.30808501e-01 -1.10479846e-01 -1.06763347e-01 -1.03544203e-01 -1.16073146e-01 -1.23632055e-01 -1.44151049e-01 -1.45776394e-01 -1.49762710e-01 -1.72573465e-01 -1.84493115e-01 -1.93710690e-01 -2.14460544e-01 -2.05117688e-01 -1.94731554e-01 -1.85357262e-01 -1.89948162e-01 -1.56319252e-01 -1.22559684e-01 -6.96961690e-02 -1.70125221e-02 4.22784627e-02 1.11566242e-01 1.94284236e-01 2.48903612e-01 2.73577330e-01 3.38020665e-01 3.10587903e-01 1.73174327e-01 2.53505460e-01 6.98825038e-01
2.81000000e+01 -7.96710177e-01 -4.11656509e-01 -1.77161011e-01 -1.64973526e-01 -1.95138844e-01 -1.61566287e-01 -1.20714968e-01 -1.05945974e-01 -5.87154587e-02 1.41236614e-02 1.07532956e-01 1.91852133e-01 2.59857023e-01 3.16574358e-01 3.79962260e-01 3.89189719e-01 3.82794802e-01 3.67439561e-01 3.38488552e-01 3.03482395e-01 2.75695812e-01 2.58031678e-01 2.15992212e-01 1.76758403e-01 1.60407155e-01 1.53981401e-01 1.34538539e-01 1.23846234e-01 8.85699085e-02 3.68502152e-02 -2.24412024e-02 -8.48197552e-02 -1.34351057e-01 -1.53589312e-01 -1.57186484e-01 -1.51139322e-01 -1.29965854e-01 -1.05238194e-01 -8.14077575e-02 -6.67921975e-02 -7.54547943e-02 -1.13706529e-01 -1.59603501e-01 -1.98806512e-01 -2.18502962e-01 -2.00081497e-01 -1.61717471e-01 -1.14806997e-01 -6.35710808e-02 -1.23478004e-04 5.83966214e-02 1.08470775e-01 1.40554362e-01 1.49849052e-01 1.19206611e-01 6.99279192e-02 3.00481331e-02 2.46455194e-03 -3.75515343e-03 -3.32943461e-03 -4.43132901e-03 -9.16885351e-03 -1.26317655e-02 -2.52831610e-02 -4.85579089e-02 -6.83951400e-02 -9.78670766e-02 -1.11435894e-01 -1.25566180e-01 -1.26057072e-01 -1.04457090e-01 -1.01267202e-01 -9.78775165e-02 -1.12556929e-01 -1.20794785e-01 -1.41873734e-01 -1.45931199e-01 -1.51796171e-01 -1.76141670e-01 -1.89342580e-01 -1.98129749e-01 -2.17483040e-01 -2.09503637e-01 -1.98150654e-01 -1.89476200e-01 -1.92613450e-01 -1.60211133e-01 -1.25828461e-01 -7.36163290e-02 -1.92525640e-02 4.09858555e-02 1.13378573e-01 1.96854427e-01 2.52068666e-01 2.77304925e-01 3.43146200e-01 3.12733405e-01 1.76051640e-01 2.59906079e-01 7.01444573e-01
2.82000000e+01 -7.98452565e-01 -4.16828646e-01 -1.80732312e-01 -1.67324733e-01 -1.95756722e-01 -1.63848116e-01 -1.20211923e-01 -1.06067676e-01 -5.88500787e-02 1.20081004e-02 1.05648010e-01 1.90117973e-01 2.58862058e-01 3.15066969e-01 3.79509604e-01 3.90574364e-01 3.82336307e-01 3.68010479e-01 3.38477722e-01 3.03978354e-01 2.74309636e-01 2.57105787e-01 2.15160502e-01 1.76612962e-01 1.58983799e-01 1.51029349e-01 1.32842860e-01 1.22776627e-01 8.85833523e-02 3.77727871e-02 -2.27001743e-02 -8.26333907e-02 -1.32481934e-01 -1.50411940e-01 -1.52714693e-01 -1.45627187e-01 -1.23910156e-01 -9.92088140e-02 -7.68811670e-02 -6.25501278e-02 -6.95844720e-02 -1.06635946e-01 -1.51918187e-01 -1.92541800e-01 -2.15340274e-01 -1.98229614e-01 -1.61339707e-01 -1.14422784e-01 -6.36925572e-02 3.75725700e-04 5.79344725e-02 1.07694155e-01 1.38824784e-01 1.45089696e-01 1.12837134e-01 6.26295068e-02 2.36961612e-02 -2.34875105e-03 -7.18651379e-03 -7.47145569e-03 -9.23372662e-03 -1.33673814e-02 -1.63912293e-02 -2.81987615e-02 -5.01975358e-02 -6.98534426e-02 -9.72735630e-02 -1.09203533e-01 -1.22733418e-01 -1.21177434e-01 -9.85654465e-02 -9.58814266e-02 -9.23684113e-02 -1.09130909e-01 -1.18001551e-01 -1.39492182e-01 -1.46151419e-01 -1.53952139e-01 -1.79567156e-01 -1.94176564e-01 -2.02500440e-01 -2.20381754e-01 -2.13818328e-01 -2.01570364e-01 -1.93566347e-01 -1.95083354e-01 -1.64126120e-01 -1.28822144e-01 -7.74715681e-02 -2.13838825e-02 3.97187868e-02 1.15149003e-01 1.99392533e-01 2.54994616e-01 2.81077759e-01 3.48038158e-01 3.14815988e-01 1.78845560e-01 2.66290444e-01 7.04010449e-01
2.83000000e+01 -8.00129075e-01 -4.21920697e-01 -1.84234035e-01 -1.69605892e-01 -1.96269750e-01 -1.65989676e-01 -1.19682584e-01 -1.05946342e-01 -5.90298674e-02 9.98014790e-03 1.03681026e-01 1.88170201e-01 2.57682179e-01 3.13656651e-01 3.78712040e-01 3.91856792e-01 3.81888251e-01 3.68451991e-01 3.38340540e-01 3.04507891e-01 2.73046898e-01 2.56016507e-01 2.14310132e-01 1.76613742e-01 1.57687362e-01 1.48050887e-01 1.31203036e-01 1.21629866e-01 8.85003322e-02 3.87175948e-02 -2.29366251e-02 -8.04362358e-02 -1.30534672e-01 -1.47155753e-01 -1.48189604e-01 -1.40005189e-01 -1.17817515e-01 -9.32436129e-02 -7.25017967e-02 -5.85586793e-02 -6.39017623e-02 -9.95855941e-02 -1.44142880e-01 -1.86143833e-01 -2.11974662e-01 -1.96312286e-01 -1.60944619e-01 -1.14062423e-01 -6.37745334e-02 8.43309736e-04 5.74519556e-02 1.06879314e-01 1.36996177e-01 1.40126609e-01 1.06351593e-01 5.53248716e-02 1.74213079e-02 -6.97009723e-03 -1.04873322e-02 -1.15781480e-02 -1.40185097e-02 -1.75588531e-02 -2.01447654e-02 -3.11597804e-02 -5.18560628e-02 -7.13617072e-02 -9.65765550e-02 -1.06940214e-01 -1.19856635e-01 -1.16177288e-01 -9.28138306e-02 -9.06092087e-02 -8.70282740e-02 -1.05785145e-01 -1.15249508e-01 -1.37017823e-01 -1.46436517e-01 -1.56224816e-01 -1.82845373e-01 -1.98986880e-01 -2.06816043e-01 -2.23175954e-01 -2.18046385e-01 -2.05002140e-01 -1.97611250e-01 -1.97384016e-01 -1.68042418e-01 -1.31556814e-01 -8.12420929e-02 -2.34109619e-02 3.84909782e-02 1.16862533e-01 2.01904489e-01 2.57668721e-01 2.84900168e-01 3.52684758e-01 3.16838325e-01 1.81568405e-01 2.72642053e-01 7.06532673e-01
2.84000000e+01 -8.01740822e-01 -4.26924340e-01 -1.87680448e-01 -1.71794579e-01 -1.96703438e-01 -1.67966788e-01 -1.19155936e-01 -1.05565747e-01 -5.92698045e-02 8.05000477e-03 1.01633298e-01 1.86023074e-01 2.56298176e-01 3.12354433e-01 3.77582860e-01 3.93002211e-01 3.81468684e-01 3.68762659e-01 3.38086316e-01 3.05047638e-01 2.71921628e-01 2.54774033e-01 2.13443036e-01 1.76745067e-01 1.56513139e-01 1.45063597e-01 1.29607937e-01 1.20416209e-01 8.83185801e-02 3.96735877e-02 -2.31304184e-02 -7.82440372e-02 -1.28498645e-01 -1.43820995e-01 -1.43610655e-01 -1.34281277e-01 -1.11694199e-01 -8.73484036e-02 -6.82595316e-02 -5.48043034e-02 -5.84101272e-02 -9.25622334e-02 -1.36293455e-01 -1.79620918e-01 -2.08393232e-01 -1.94327935e-01 -1.60527487e-01 -1.13726306e-01 -6.38122921e-02 1.27005266e-03 5.69536437e-02 1.06024639e-01 1.35051312e-01 1.34970106e-01 9.97517448e-02 4.80285169e-02 1.12324844e-02 -1.14004560e-02 -1.36755992e-02 -1.56517395e-02 -1.87785134e-02 -2.17396905e-02 -2.38916934e-02 -3.41637926e-02 -5.35371145e-02 -7.29099046e-02 -9.57792809e-02 -1.04653779e-01 -1.16922343e-01 -1.11066880e-01 -8.72092925e-02 -8.54539217e-02 -8.18676152e-02 -1.02509342e-01 -1.12535978e-01 -1.34464452e-01 -1.46784403e-01 -1.58605884e-01 -1.85975587e-01 -2.03763418e-01 -2.11070530e-01 -2.25884820e-01 -2.22173800e-01 -2.08455466e-01 -2.01594431e-01 -1.99543400e-01 -1.71935071e-01 -1.34052210e-01 -8.49062436e-02 -2.53392619e-02 3.73156341e-02 1.18506131e-01 2.04393113e-01 2.60082957e-01 2.88771998e-01 3.57078036e-01 3.18800670e-01 1.84234223e-01 2.78943267e-01 7.09021377e-01
2.85000000e+01 -8.03288755e-01 -4.31831394e-01 -1.91085307e-01 -1.73869448e-01 -1.97081620e-01 -1.69757702e-01 -1.18657447e-01 -1.04915092e-01 -5.95801901e-02 6.22500608e-03 9.95061443e-02 1.83692003e-01 2.54694249e-01 3.11164258e-01 3.76140895e-01 3.93975998e-01 3.81092225e-01 3.68942275e-01 3.37726361e-01 3.05573915e-01 2.70944225e-01 2.53391247e-01 2.12561930e-01 1.76990518e-01 1.55454997e-01 1.42086604e-01 1.28045447e-01 1.19145795e-01 8.80374119e-02 4.06288285e-02 -2.32615446e-02 -7.60720521e-02 -1.26363810e-01 -1.40407969e-01 -1.38976576e-01 -1.28464110e-01 -1.05547443e-01 -8.15288400e-02 -6.41439801e-02 -5.12716881e-02 -5.31123320e-02 -8.55735701e-02 -1.28386469e-01 -1.72980952e-01 -2.04584523e-01 -1.92274395e-01 -1.60083467e-01 -1.13414221e-01 -6.38018473e-02 1.64737844e-03 5.64440160e-02 1.05127511e-01 1.32973348e-01 1.29631377e-01 9.30396034e-02 4.07552031e-02 5.13874930e-03 -1.56422201e-02 -1.67699648e-02 -1.96938648e-02 -2.35061628e-02 -2.59063005e-02 -2.76318263e-02 -3.72079579e-02 -5.52441378e-02 -7.44869932e-02 -9.48864858e-02 -1.02351597e-01 -1.13916669e-01 -1.05858840e-01 -8.17570068e-02 -8.04191385e-02 -7.68958951e-02 -9.92930814e-02 -1.09858497e-01 -1.31848088e-01 -1.47191364e-01 -1.61084684e-01 -1.88960807e-01 -2.08494099e-01 -2.15258840e-01 -2.28526923e-01 -2.26188394e-01 -2.11937482e-01 -2.05499968e-01 -2.01590471e-01 -1.75776808e-01 -1.36330958e-01 -8.84411138e-02 -2.71748133e-02 3.62050534e-02 1.20069111e-01 2.06857813e-01 2.62234262e-01 2.92688449e-01 3.61213928e-01 3.20700989e-01 1.86858339e-01 2.85175785e-01 7.11486626e-01
2.86000000e+01 -8.04773578e-01 -4.36634130e-01 -1.94461293e-01 -1.75810994e-01 -1.97425623e-01 -1.71343946e-01 -1.18208241e-01 -1.03989599e-01 -5.99662874e-02 4.50946129e-03 9.73010983e-02 1.81192986e-01 2.52858653e-01 3.10082871e-01 3.74409816e-01 3.94744659e-01 3.80769693e-01 3.68991862e-01 3.37273606e-01 3.06063406e-01 2.70121197e-01 2.51883524e-01 2.11670287e-01 1.77333143e-01 1.54505508e-01 1.39140135e-01 1.26502920e-01 1.17828347e-01 8.76577241e-02 4.15707791e-02 -2.33105395e-02 -7.39346742e-02 -1.24120956e-01 -1.36916881e-01 -1.34285516e-01 -1.22562925e-01 -9.93854229e-02 -7.57903581e-02 -6.01445931e-02 -4.79439056e-02 -4.80103814e-02 -7.86282261e-02 -1.20439018e-01 -1.66231377e-01 -2.00538711e-01 -1.90148837e-01 -1.59607663e-01 -1.13125288e-01 -6.37400428e-02 1.96757547e-03 5.59273147e-02 1.04184192e-01 1.30746227e-01 1.24122143e-01 8.62176509e-02 3.35197915e-02 -8.50768715e-04 -1.96992432e-02 -1.97894345e-02 -2.37055906e-02 -2.81935660e-02 -3.00551341e-02 -3.13654409e-02 -4.02890012e-02 -5.69803621e-02 -7.60811279e-02 -9.39042925e-02 -1.00040319e-01 -1.10825769e-01 -1.00567938e-01 -7.64603222e-02 -7.55086213e-02 -7.21213616e-02 -9.61260628e-02 -1.07214853e-01 -1.29186798e-01 -1.47652046e-01 -1.63648478e-01 -1.91807569e-01 -2.13164953e-01 -2.19377067e-01 -2.31119771e-01 -2.30080179e-01 -2.15452714e-01 -2.09313027e-01 -2.03554331e-01 -1.79538961e-01 -1.38417726e-01 -9.18232156e-02 -2.89238041e-02 3.51702816e-02 1.21543424e-01 2.09294429e-01 2.64124608e-01 2.96640085e-01 3.65092224e-01 3.22535180e-01 1.89456863e-01 2.91321143e-01 7.13938219e-01
2.87000000e+01 -8.06195657e-01 -4.41325565e-01 -1.97819483e-01 -1.77602244e-01 -1.97753537e-01 -1.72711067e-01 -1.17824440e-01 -1.02790897e-01 -6.04281389e-02 2.90458895e-03 9.50200886e-02 1.78542076e-01 2.50784194e-01 3.09099929e-01 3.72417287e-01 3.95276754e-01 3.80507839e-01 3.68913625e-01 3.36742188e-01 3.06493816e-01 2.69455009e-01 2.50268478e-01 2.10772314e-01 1.77755651e-01 1.53656157e-01 1.36244996e-01 1.24967664e-01 1.16472899e-01 8.71819669e-02 4.24865767e-02 -2.32588899e-02 -7.18450683e-02 -1.21761953e-01 -1.33347697e-01 -1.29535187e-01 -1.16587411e-01 -9.32172083e-02 -7.01381248e-02 -5.62507748e-02 -4.48025884e-02 -4.31054571e-02 -7.17356792e-02 -1.12468592e-01 -1.59379144e-01 -1.96247781e-01 -1.87947716e-01 -1.59095201e-01 -1.12857912e-01 -6.36246451e-02 2.22398841e-03 5.54074071e-02 1.03189737e-01 1.28355004e-01 1.18454333e-01 7.92890536e-02 2.63370797e-02 -6.72695065e-03 -2.35768623e-02 -2.27530517e-02 -2.76874644e-02 -3.28326120e-02 -3.41827443e-02 -3.50932315e-02 -4.34032036e-02 -5.87487722e-02 -7.76798823e-02 -9.28400373e-02 -9.77256494e-02 -1.07636260e-01 -9.52107840e-02 -7.13208696e-02 -7.07262862e-02 -6.75509070e-02 -9.29983370e-02 -1.04603114e-01 -1.26500472e-01 -1.48159470e-01 -1.66282767e-01 -1.94525586e-01 -2.17760309e-01 -2.23422540e-01 -2.33679431e-01 -2.33841601e-01 -2.19002904e-01 -2.13020356e-01 -2.05463375e-01 -1.83192417e-01 -1.40338337e-01 -9.50291638e-02 -3.05921727e-02 3.42208147e-02 1.22923837e-01 2.11695229e-01 2.65760901e-01 3.00613001e-01 3.68716400e-01 3.24297372e-01 1.92046156e-01 2.97361228e-01 7.16385490e-01
2.88000000e+01 -8.07554952e-01 -4.45899718e-01 -2.01168886e-01 -1.79229357e-01 -1.98079603e-01 -1.73849193e-01 -1.17516705e-01 -1.01327207e-01 -6.09605639e-02 1.40854918e-03 9.26655879e-02 1.75754888e-01 2.48468571e-01 3.08198348e-01 3.70194025e-01 3.95543778e-01 3.80309165e-01 3.68710885e-01 3.36147018e-01 3.06844484e-01 2.68944026e-01 2.48565660e-01 2.09872916e-01 1.78240595e-01 1.52897581e-01 1.33421999e-01 1.23427439e-01 1.15087568e-01 8.66140991e-02 4.33632957e-02 -2.30894177e-02 -6.98148178e-02 -1.19279958e-01 -1.29700022e-01 -1.24723021e-01 -1.10547575e-01 -8.70526955e-02 -6.45769965e-02 -5.24519835e-02 -4.18281325e-02 -3.83978567e-02 -6.49061770e-02 -1.04492942e-01 -1.52430710e-01 -1.91705664e-01 -1.85666719e-01 -1.58541286e-01 -1.12609734e-01 -6.34544263e-02 2.41117876e-03 5.48876457e-02 1.02137965e-01 1.25786110e-01 1.12639795e-01 7.22578713e-02 1.92216354e-02 -1.24807694e-02 -2.72819045e-02 -2.56795766e-02 -3.16395768e-02 -3.74150694e-02 -3.82858463e-02 -3.88162477e-02 -4.65464048e-02 -6.05520845e-02 -7.92704801e-02 -9.17020873e-02 -9.54121369e-02 -1.04335660e-01 -8.98054720e-02 -6.63387232e-02 -6.60761430e-02 -6.31899469e-02 -8.99005393e-02 -1.02021653e-01 -1.23810543e-01 -1.48705123e-01 -1.68971643e-01 -1.97127288e-01 -2.22263104e-01 -2.27393814e-01 -2.36220258e-01 -2.37467672e-01 -2.22586952e-01 -2.16610707e-01 -2.07344459e-01 -1.86708581e-01 -1.42118877e-01 -9.80363561e-02 -3.21852243e-02 3.33643648e-02 1.24208014e-01 2.14049038e-01 2.67154720e-01 3.04589159e-01 3.72093321e-01 3.25980281e-01 1.94642285e-01 3.03278782e-01 7.18837116e-01
2.89000000e+01 -8.08850947e-01 -4.50351850e-01 -2.04516053e-01 -1.80682108e-01 -1.98413764e-01 -1.74753436e-01 -1.17289983e-01 -9.96132913e-02 -6.15533362e-02 1.65746362e-05 9.02407278e-02 1.72846183e-01 2.45914522e-01 3.07354837e-01 3.67772787e-01 3.95520947e-01 3.80171854e-01 3.68387980e-01 3.35503328e-01 3.07096930e-01 2.68582577e-01 2.46796200e-01 2.08977661e-01 1.78770542e-01 1.52219854e-01 1.30691367e-01 1.21870931e-01 1.13679350e-01 8.59595268e-02 4.41881956e-02 -2.27866424e-02 -6.78535939e-02 -1.16669579e-01 -1.25973021e-01 -1.19846327e-01 -1.04453614e-01 -8.09025198e-02 -5.91114866e-02 -4.87378169e-02 -3.89999294e-02 -3.38869313e-02 -5.81506249e-02 -9.65299489e-02 -1.45392045e-01 -1.86908346e-01 -1.83300745e-01 -1.57941227e-01 -1.12377615e-01 -6.32292319e-02 2.52505107e-03 5.43707224e-02 1.01021497e-01 1.23027538e-01 1.06690056e-01 6.51292495e-02 1.21876304e-02 -1.81033741e-02 -3.08226765e-02 -2.85871740e-02 -3.55616361e-02 -4.19326867e-02 -4.23613767e-02 -4.25358157e-02 -4.97140210e-02 -6.23927182e-02 -8.08400302e-02 -9.04996477e-02 -9.31029963e-02 -1.00912810e-01 -8.43711874e-02 -6.15126040e-02 -6.15622144e-02 -5.90423248e-02 -8.68241128e-02 -9.94691707e-02 -1.21139648e-01 -1.49279119e-01 -1.71698141e-01 -1.99627277e-01 -2.26655300e-01 -2.31290541e-01 -2.38754722e-01 -2.40955977e-01 -2.26200948e-01 -2.20075184e-01 -2.09222121e-01 -1.90060304e-01 -1.43784823e-01 -1.00823625e-01 -3.37072867e-02 3.26066980e-02 1.25396476e-01 2.16341522e-01 2.68321890e-01 3.08546864e-01 3.75232845e-01 3.27575625e-01 1.97260465e-01 3.09057894e-01 7.21300929e-01
2.90000000e+01 -8.10082603e-01 -4.54678636e-01 -2.07864774e-01 -1.81954243e-01 -1.98761360e-01 -1.75424087e-01 -1.17143472e-01 -9.76701887e-02 -6.21915413e-02 -1.27880252e-03 8.77493725e-02 1.69829527e-01 2.43129812e-01 3.06540632e-01 3.65187321e-01 3.95187878e-01 3.80089781e-01 3.67950165e-01 3.34826232e-01 3.07235331e-01 2.68361114e-01 2.44982408e-01 2.08092727e-01 1.79328242e-01 1.51612773e-01 1.28072147e-01 1.20288205e-01 1.12253954e-01 8.52250258e-02 4.49489558e-02 -2.23371199e-02 -6.59688551e-02 -1.13927010e-01 -1.22165374e-01 -1.14902457e-01 -9.83157974e-02 -7.47779447e-02 -5.37457460e-02 -4.50980815e-02 -3.62966221e-02 -2.95710239e-02 -5.14804523e-02 -8.85975105e-02 -1.38268668e-01 -1.81853934e-01 -1.80843895e-01 -1.57290444e-01 -1.12157643e-01 -6.29500245e-02 2.56294208e-03 5.38585140e-02 9.98318443e-02 1.20068973e-01 1.00616125e-01 5.79095859e-02 5.24868043e-03 -2.35861772e-02 -3.42089339e-02 -3.14931189e-02 -3.94530446e-02 -4.63772961e-02 -4.64065499e-02 -4.62534472e-02 -5.29010821e-02 -6.42727547e-02 -8.23757597e-02 -8.92425656e-02 -9.07999657e-02 -9.73582800e-02 -7.89277886e-02 -5.68401131e-02 -5.71884365e-02 -5.51102434e-02 -8.37615175e-02 -9.69447273e-02 -1.18511241e-01 -1.49870423e-01 -1.74444584e-01 -2.02041735e-01 -2.30918373e-01 -2.35113271e-01 -2.41293335e-01 -2.44306586e-01 -2.29838304e-01 -2.23407516e-01 -2.11117888e-01 -1.93222752e-01 -1.45360226e-01 -1.03371839e-01 -3.51614177e-02 3.19515471e-02 1.26492466e-01 2.18555591e-01 2.69281912e-01 3.12461377e-01 3.78147325e-01 3.29074566e-01 1.99914540e-01 3.14684453e-01 7.23783750e-01
2.91000000e+01 -8.11248318e-01 -4.58878305e-01 -2.11215875e-01 -1.83043685e-01 -1.99123023e-01 -1.75866626e-01 -1.17070809e-01 -9.55247327e-02 -6.28560985e-02 -2.48743363e-03 8.51961459e-02 1.66717039e-01 2.40127033e-01 3.05722389e-01 3.62471317e-01 3.94529140e-01 3.80052645e-01 3.67403487e-01 3.34130303e-01 3.07246906e-01 2.68266488e-01 2.43147341e-01 2.07224825e-01 1.79896813e-01 1.51066150e-01 1.25581670e-01 1.18671097e-01 1.10815667e-01 8.44186442e-02 4.56339071e-02 -2.17297545e-02 -6.41655864e-02 -1.11050099e-01 -1.18275265e-01 -1.09888955e-01 -9.21443582e-02 -6.86907266e-02 -4.84835568e-02 -4.15228443e-02 -3.36963822e-02 -2.54474070e-02 -4.49074628e-02 -8.07134348e-02 -1.31065695e-01 -1.76542686e-01 -1.78289474e-01 -1.56584436e-01 -1.11945182e-01 -6.26188993e-02 2.52367102e-03 5.33519238e-02 9.85595589e-02 1.16901852e-01 9.44283502e-02 5.06066616e-02 -1.58230529e-03 -2.89209431e-02 -3.74518313e-02 -3.44135325e-02 -4.33129706e-02 -5.07409214e-02 -5.04189057e-02 -4.99707345e-02 -5.61022902e-02 -6.61938824e-02 -8.38652383e-02 -8.79411341e-02 -8.85032123e-02 -9.36647193e-02 -7.34953853e-02 -5.23179819e-02 -5.29585491e-02 -5.13942243e-02 -8.07064195e-02 -9.44477769e-02 -1.15949129e-01 -1.50467155e-01 -1.77192904e-01 -2.04387790e-01 -2.35033872e-01 -2.38863175e-01 -2.43844672e-01 -2.47521884e-01 -2.33489952e-01 -2.26604241e-01 -2.13049669e-01 -1.96174171e-01 -1.46866964e-01 -1.05664438e-01 -3.65491774e-02 3.14006031e-02 1.27501707e-01 2.20671930e-01 2.70057268e-01 3.16305632e-01 3.80851049e-01 3.30468174e-01 2.02616478e-01 3.20146563e-01 7.26291233e-01
2.92000000e+01 -8.12345907e-01 -4.62950711e-01 -2.14567122e-01 -1.83952595e-01 -1.99494726e-01 -1.76091528e-01 -1.17060466e-01 -9.32088668e-02 -6.35244349e-02 -3.62115581e-03 8.25864124e-02 1.63519238e-01 2.36923242e-01 3.04863207e-01 3.59657373e-01 3.93534649e-01 3.80046188e-01 3.66754655e-01 3.33429174e-01 3.07122209e-01 2.68282317e-01 2.41314348e-01 2.06381099e-01 1.80459926e-01 1.50570066e-01 1.23235090e-01 1.17013543e-01 1.09367263e-01 8.35495790e-02 4.62322650e-02 -2.09560830e-02 -6.24460868e-02 -1.08038386e-01 -1.14300422e-01 -1.04803703e-01 -8.59493924e-02 -6.26529552e-02 -4.33283408e-02 -3.80024678e-02 -3.11772024e-02 -2.15122237e-02 -3.84436737e-02 -7.28953458e-02 -1.23787917e-01 -1.70977018e-01 -1.75630016e-01 -1.55818719e-01 -1.11734944e-01 -6.22390657e-02 2.40754916e-03 5.28507293e-02 9.71944235e-02 1.13519398e-01 8.81363152e-02 4.32297304e-02 -8.29326130e-03 -3.40998778e-02 -4.05638496e-02 -3.73631517e-02 -4.71404118e-02 -5.50158957e-02 -5.43963424e-02 -5.36892378e-02 -5.93121006e-02 -6.81573246e-02 -8.52965887e-02 -8.66059032e-02 -8.62112879e-02 -8.98271686e-02 -6.80939265e-02 -4.79423225e-02 -4.88759809e-02 -4.78930941e-02 -7.76538538e-02 -9.19782235e-02 -1.13476981e-01 -1.51056929e-01 -1.79924934e-01 -2.06682893e-01 -2.38983994e-01 -2.42541737e-01 -2.46415455e-01 -2.50606336e-01 -2.37144614e-01 -2.29664792e-01 -2.15031284e-01 -1.98896537e-01 -1.48324102e-01 -1.07687885e-01 -3.78704716e-02 3.09535834e-02 1.28432072e-01 2.22669626e-01 2.70672626e-01 3.20051041e-01 3.83359613e-01 3.31747882e-01 2.05375934e-01 3.25434897e-01 7.28827739e-01
2.93000000e+01 -8.13372597e-01 -4.66897354e-01 -2.17913230e-01 -1.84687272e-01 -1.99868032e-01 -1.76113878e-01 -1.17096344e-01 -9.07587828e-02 -6.41712879e-02 -4.69332660e-03 7.99262095e-02 1.60244978e-01 2.33539451e-01 3.03923753e-01 3.56776016e-01 3.92199922e-01 3.80052537e-01 3.66010884e-01 3.32735190e-01 3.06855327e-01 2.68389427e-01 2.39506600e-01 2.05568998e-01 1.81002025e-01 1.50115098e-01 1.21045014e-01 1.15311816e-01 1.07909964e-01 8.26280221e-02 4.67343729e-02 -2.00105224e-02 -6.08098144e-02 -1.04893085e-01 -1.10238181e-01 -9.96450545e-02 -7.97407746e-02 -5.66768677e-02 -3.82831830e-02 -3.45276338e-02 -2.87171958e-02 -1.77604347e-02 -3.21011535e-02 -6.51605891e-02 -1.16439896e-01 -1.65161465e-01 -1.72857311e-01 -1.54988744e-01 -1.11521109e-01 -6.18147962e-02 2.21634763e-03 5.23534512e-02 9.57256703e-02 1.09916626e-01 8.17487702e-02 3.57895652e-02 -1.48730861e-02 -3.91157216e-02 -4.35587014e-02 -4.03551371e-02 -5.09342451e-02 -5.91949892e-02 -5.83371291e-02 -5.74103648e-02 -6.25248244e-02 -7.01637541e-02 -8.66586808e-02 -8.52474974e-02 -8.39211378e-02 -8.58433050e-02 -6.27428115e-02 -4.37088668e-02 -4.49437384e-02 -4.46039972e-02 -7.46003561e-02 -8.95364890e-02 -1.11117788e-01 -1.51627245e-01 -1.82622673e-01 -2.08944196e-01 -2.42752164e-01 -2.46150434e-01 -2.49010695e-01 -2.53566200e-01 -2.40789124e-01 -2.32591485e-01 -2.17072128e-01 -2.01376061e-01 -1.49747361e-01 -1.09432024e-01 -3.91234753e-02 3.06083742e-02 1.29293183e-01 2.24526865e-01 2.71153965e-01 3.23668353e-01 3.85689286e-01 3.32905931e-01 2.08199871e-01 3.30542979e-01 7.31396231e-01
2.94000000e+01 -8.14325041e-01 -4.70721339e-01 -2.21245988e-01 -1.85257919e-01 -2.00230492e-01 -1.75952820e-01 -1.17158545e-01 -8.82139053e-02 -6.47696110e-02 -5.71830654e-03 7.72221388e-02 1.56901486e-01 2.29999981e-01 3.02863458e-01 3.53854788e-01 3.90526167e-01 3.80050630e-01 3.65179729e-01 3.32059117e-01 3.06443974e-01 2.68566373e-01 2.37746618e-01 2.04796116e-01 1.81508553e-01 1.49692487e-01 1.19021251e-01 1.13564660e-01 1.06443455e-01 8.16649702e-02 4.71319558e-02 -1.88905751e-02 -5.92532955e-02 -1.01617030e-01 -1.06085581e-01 -9.44119576e-02 -7.35280866e-02 -5.07746409e-02 -3.33508650e-02 -3.10893606e-02 -2.62948931e-02 -1.41857735e-02 -2.58918657e-02 -5.75261333e-02 -1.09026080e-01 -1.59102623e-01 -1.69962473e-01 -1.54089781e-01 -1.11297455e-01 -6.13513434e-02 1.95322320e-03 5.18572573e-02 9.41422079e-02 1.06090326e-01 7.52735950e-02 2.82984572e-02 -2.13117413e-02 -4.39618438e-02 -4.64512118e-02 -4.34009194e-02 -5.46932615e-02 -6.32715494e-02 -6.22398948e-02 -6.11352482e-02 -6.57347480e-02 -7.22131949e-02 -8.79413040e-02 -8.38764401e-02 -8.16281664e-02 -8.17136259e-02 -5.74605350e-02 -3.96131803e-02 -4.11643052e-02 -4.15224305e-02 -7.15440599e-02 -8.71235972e-02 -1.08893317e-01 -1.52165880e-01 -1.85268526e-01 -2.11187972e-01 -2.46323582e-01 -2.49690425e-01 -2.51633851e-01 -2.56409221e-01 -2.44408800e-01 -2.35389395e-01 -2.19176991e-01 -2.03603540e-01 -1.51148716e-01 -1.10890333e-01 -4.03046367e-02 3.03612402e-02 1.30095938e-01 2.26221688e-01 2.71527663e-01 3.27128542e-01 3.87856355e-01 3.33935765e-01 2.11092273e-01 3.35467395e-01 7.33998202e-01
2.95000000e+01 -8.15199340e-01 -4.74427279e-01 -2.24554476e-01 -1.85678252e-01 -2.00566208e-01 -1.75630842e-01 -1.17224282e-01 -8.56157597e-02 -6.52915501e-02 -6.71090760e-03 7.44812178e-02 1.53494473e-01 2.26331712e-01 3.01641731e-01 3.50917432e-01 3.88520223e-01 3.80016742e-01 3.64268890e-01 3.31409902e-01 3.05889491e-01 2.68790007e-01 2.36055813e-01 2.04070025e-01 1.81966181e-01 1.49294245e-01 1.17170665e-01 1.11773334e-01 1.04965958e-01 8.06719997e-02 4.74183824e-02 -1.75969766e-02 -5.77701033e-02 -9.82145779e-02 -1.01839477e-01 -8.91040644e-02 -6.73205620e-02 -4.49581648e-02 -2.85339048e-02 -2.76790216e-02 -2.38895274e-02 -1.07807158e-02 -1.98275228e-02 -5.00084610e-02 -1.01550932e-01 -1.52809063e-01 -1.66936010e-01 -1.53116812e-01 -1.11057512e-01 -6.08548324e-02 1.62260412e-03 5.13579114e-02 9.24328443e-02 1.02039045e-01 6.87177917e-02 2.07701708e-02 -2.76003253e-02 -4.86323438e-02 -4.92571748e-02 -4.65100832e-02 -5.84161881e-02 -6.72396529e-02 -6.61035933e-02 -6.48646252e-02 -6.89362656e-02 -7.43049170e-02 -8.91353212e-02 -8.25029825e-02 -7.93263599e-02 -7.74415628e-02 -5.22643757e-02 -3.56508431e-02 -3.75395589e-02 -3.86422981e-02 -6.84847603e-02 -8.47412648e-02 -1.06823566e-01 -1.52661295e-01 -1.87845522e-01 -2.13429070e-01 -2.49685717e-01 -2.53162291e-01 -2.54287006e-01 -2.59144305e-01 -2.47987843e-01 -2.38066127e-01 -2.21346036e-01 -2.05574555e-01 -1.52536132e-01 -1.12060075e-01 -4.14087596e-02 3.02070934e-02 1.30852010e-01 2.27732760e-01 2.71819573e-01 3.30403690e-01 3.89876504e-01 3.34832380e-01 2.14053937e-01 3.40207909e-01 7.36633639e-01
2.96000000e+01 -8.15991092e-01 -4.78021147e-01 -2.27825395e-01 -1.85965005e-01 -2.00856519e-01 -1.75172945e-01 -1.17268909e-01 -8.30067584e-02 -6.57094599e-02 -7.68582665e-03 7.17107038e-02 1.50028330e-01 2.22563248e-01 3.00219180e-01 3.47983198e-01 3.86194353e-01 3.79925084e-01 3.63286010e-01 3.30794499e-01 3.05196751e-01 2.69036076e-01 2.34454030e-01 2.03398113e-01 1.82363037e-01 1.48913218e-01 1.15497145e-01 1.09941547e-01 1.03474373e-01 7.96610113e-02 4.75889206e-02 -1.61337743e-02 -5.63509112e-02 -9.46914708e-02 -9.74966824e-02 -8.37218258e-02 -6.11270472e-02 -3.92388071e-02 -2.38345945e-02 -2.42883739e-02 -2.14812981e-02 -7.53646462e-03 -1.39194559e-02 -4.26234457e-02 -9.40190723e-02 -1.46291219e-01 -1.63767939e-01 -1.52064416e-01 -1.10794706e-01 -6.03321348e-02 1.23003949e-03 5.08497700e-02 9.05864973e-02 9.77630445e-02 6.20875064e-02 1.32198555e-02 -3.37311199e-02 -5.31221599e-02 -5.19931835e-02 -4.96902862e-02 -6.21016990e-02 -7.10942652e-02 -6.99274499e-02 -6.85987239e-02 -7.21240149e-02 -7.64373298e-02 -9.02327992e-02 -8.11369283e-02 -7.70084723e-02 -7.30335215e-02 -4.71701381e-02 -3.18175897e-02 -3.40707088e-02 -3.59559841e-02 -6.54239446e-02 -8.23919923e-02 -1.04926247e-01 -1.53103022e-01 -1.90337516e-01 -2.15680425e-01 -2.52828728e-01 -2.56565820e-01 -2.56971027e-01 -2.61781199e-01 -2.51509768e-01 -2.40631481e-01 -2.23574929e-01 -2.07289508e-01 -1.53913438e-01 -1.12942335e-01 -4.24291608e-02 3.01398102e-02 1.31573311e-01 2.29040141e-01 2.72054115e-01 3.33467840e-01 3.91764226e-01 3.35592603e-01 2.17082372e-01 3.44767501e-01 7.39301009e-01
2.97000000e+01 -8.16695445e-01 -4.81510071e-01 -2.31043466e-01 -1.86137314e-01 -2.01080801e-01 -1.74605708e-01 -1.17267018e-01 -8.04289504e-02 -6.59969218e-02 -8.65708365e-03 6.89178960e-02 1.46506379e-01 2.18724032e-01 2.98558774e-01 3.45066285e-01 3.83565888e-01 3.79748475e-01 3.62238465e-01 3.30217746e-01 3.04373973e-01 2.69279853e-01 2.32959132e-01 2.02787425e-01 1.82688905e-01 1.48543081e-01 1.14001671e-01 1.08075303e-01 1.01964460e-01 7.86439550e-02 4.76409699e-02 -1.45083219e-02 -5.49836228e-02 -9.10546578e-02 -9.30541097e-02 -7.82665693e-02 -5.49559804e-02 -3.36271774e-02 -1.92550272e-02 -2.09096002e-02 -1.90516066e-02 -4.44295621e-03 -8.17849736e-03 -3.53862131e-02 -8.64354231e-02 -1.39561249e-01 -1.60447925e-01 -1.50926669e-01 -1.10502485e-01 -5.97907294e-02 7.82018224e-04 5.03258238e-02 8.85923906e-02 9.32642406e-02 5.53880865e-02 5.66391527e-03 -3.96976061e-02 -5.74271896e-02 -5.46764338e-02 -5.29472116e-02 -6.57484186e-02 -7.48314008e-02 -7.37108955e-02 -7.23371640e-02 -7.52930092e-02 -7.86078838e-02 -9.12271171e-02 -7.97874520e-02 -7.46662727e-02 -6.84988411e-02 -4.21919532e-02 -2.81094083e-02 -3.07582567e-02 -3.34544425e-02 -6.23647915e-02 -8.00791440e-02 -1.03216317e-01 -1.53482037e-01 -1.92729367e-01 -2.17952633e-01 -2.55745793e-01 -2.59899870e-01 -2.59685701e-01 -2.64330175e-01 -2.54957853e-01 -2.43097027e-01 -2.25855126e-01 -2.08753503e-01 -1.55280348e-01 -1.13541938e-01 -4.33578916e-02 3.01525827e-02 1.32271451e-01 2.30126019e-01 2.72253431e-01 3.36297781e-01 3.93532306e-01 3.36215285e-01 2.20171801e-01 3.49152306e-01 7.41997295e-01
2.98000000e+01 -8.17307167e-01 -4.84902103e-01 -2.34191905e-01 -1.86216031e-01 -2.01217333e-01 -1.73956305e-01 -1.17193564e-01 -7.79227741e-02 -6.61297312e-02 -9.63748434e-03 6.61099294e-02 1.42931175e-01 2.14843438e-01 2.96626934e-01 3.42175451e-01 3.80656738e-01 3.79459043e-01 3.61133155e-01 3.29682301e-01 3.03432448e-01 2.69496761e-01 2.31586610e-01 2.02244540e-01 1.82935395e-01 1.48178308e-01 1.12682462e-01 1.06182677e-01 1.00431075e-01 7.76325487e-02 4.75742483e-02 -1.27311806e-02 -5.36535787e-02 -8.73120840e-02 -8.85089279e-02 -7.27405586e-02 -4.88153872e-02 -2.81329013e-02 -1.47971062e-02 -1.75353687e-02 -1.65832599e-02 -1.48888932e-03 -2.61487536e-03 -2.83109895e-02 -7.88053615e-02 -1.32632872e-01 -1.56965442e-01 -1.49697082e-01 -1.10174423e-01 -5.92385547e-02 2.85763989e-04 4.97777761e-02 8.64402380e-02 8.85461144e-02 4.86241752e-02 -1.88015933e-03 -4.54944517e-02 -6.15444207e-02 -5.73245039e-02 -5.62845530e-02 -6.93549228e-02 -7.84482749e-02 -7.74534963e-02 -7.60788741e-02 -7.84387582e-02 -8.08129906e-02 -9.21130480e-02 -7.84629064e-02 -7.22908529e-02 -6.38496693e-02 -3.73421448e-02 -2.45225999e-02 -2.76019785e-02 -3.11273077e-02 -5.93121419e-02 -7.78070078e-02 -1.01705567e-01 -1.53791091e-01 -1.95007101e-01 -2.20253585e-01 -2.58433340e-01 -2.63162304e-01 -2.62429836e-01 -2.66801749e-01 -2.58315589e-01 -2.45475595e-01 -2.28174280e-01 -2.09976081e-01 -1.56632613e-01 -1.13867278e-01 -4.41860136e-02 3.02382897e-02 1.32957223e-01 2.30975383e-01 2.72436622e-01 3.38873755e-01 3.95191377e-01 3.36701415e-01 2.23313265e-01 3.53371474e-01 7.44718046e-01
2.99000000e+01 -8.17820721e-01 -4.88205943e-01 -2.37252949e-01 -1.86222973e-01 -2.01244211e-01 -1.73251492e-01 -1.17024982e-01 -7.55258603e-02 -6.60868179e-02 -1.06381263e-02 6.32935691e-02 1.39304827e-01 2.10949869e-01 2.94394509e-01 3.39313809e-01 3.77492759e-01 3.79028975e-01 3.59976301e-01 3.29188627e-01 3.02386185e-01 2.69663002e-01 2.30349248e-01 2.01775466e-01 1.83096066e-01 1.47814105e-01 1.11535183e-01 1.04273524e-01 9.88684391e-02 7.66380015e-02 4.73909151e-02 -1.08159244e-02 -5.23438348e-02 -8.34724503e-02 -8.38587145e-02 -6.71470340e-02 -4.27128916e-02 -2.27644164e-02 -1.04625296e-02 -1.41589088e-02 -1.40606401e-02 1.33821860e-03 2.76188713e-03 -2.14109430e-02 -7.11348715e-02 -1.25521185e-01 -1.53309973e-01 -1.48368570e-01 -1.09804286e-01 -5.86838505e-02 -2.50986879e-04 4.91961492e-02 8.41204218e-02 8.36135868e-02 4.17998476e-02 -9.39399498e-03 -5.11174707e-02 -6.54720726e-02 -5.99551093e-02 -5.97040301e-02 -7.29197424e-02 -8.19434333e-02 -8.11548876e-02 -7.98220326e-02 -8.15573706e-02 -8.30479715e-02 -9.28868107e-02 -7.71706229e-02 -6.98729853e-02 -5.91007527e-02 -3.26311647e-02 -2.10538056e-02 -2.46009205e-02 -2.89630301e-02 -5.62724394e-02 -7.55808261e-02 -1.00402308e-01 -1.54025012e-01 -1.97158053e-01 -2.22588179e-01 -2.60891177e-01 -2.66350001e-01 -2.65201331e-01 -2.69206405e-01 -2.61567132e-01 -2.47780716e-01 -2.30516770e-01 -2.10970816e-01 -1.57962312e-01 -1.13930030e-01 -4.49039160e-02 3.03898697e-02 1.33640119e-01 2.31576612e-01 2.72619092e-01 3.41180047e-01 3.96749569e-01 3.37054139e-01 2.26494828e-01 3.57436936e-01 7.47457478e-01
3.00000000e+01 -8.18230355e-01 -4.91430653e-01 -2.40208408e-01 -1.86180150e-01 -2.01140269e-01 -1.72516624e-01 -1.16740249e-01 -7.32719232e-02 -6.58510694e-02 -1.16679662e-02 6.04750161e-02 1.35629340e-01 2.07069898e-01 2.91837605e-01 3.36478809e-01 3.74103016e-01 3.78431259e-01 3.58773257e-01 3.28735030e-01 3.01251479e-01 2.69756153e-01 2.29256858e-01 2.01385554e-01 1.83166500e-01 1.47446344e-01 1.10553190e-01 1.02359150e-01 9.72704301e-02 7.56707504e-02 4.70956143e-02 -8.77885102e-03 -5.10355063e-02 -7.95449532e-02 -7.91015998e-02 -6.14902305e-02 -3.66557403e-02 -1.75287966e-02 -6.25274661e-03 -1.07740993e-02 -1.14698425e-02 4.05194590e-03 7.94307528e-03 -1.46980247e-02 -6.34306949e-02 -1.18242444e-01 -1.49471204e-01 -1.46933472e-01 -1.09386061e-01 -5.81349895e-02 -8.20219019e-04 4.85704083e-02 8.16241660e-02 7.84728567e-02 3.49187839e-02 -1.68585688e-02 -5.65635616e-02 -6.92097435e-02 -6.25858379e-02 -6.32054374e-02 -7.64413724e-02 -8.53168509e-02 -8.48147165e-02 -8.35640323e-02 -8.46456325e-02 -8.53070427e-02 -9.35460859e-02 -7.59167128e-02 -6.74035161e-02 -5.42691477e-02 -2.80675950e-02 -1.77000084e-02 -2.17534036e-02 -2.69490424e-02 -5.32536396e-02 -7.34067931e-02 -9.93111339e-02 -1.54180940e-01 -1.99170983e-01 -2.24958118e-01 -2.63122502e-01 -2.69458934e-01 -2.67997205e-01 -2.71554370e-01 -2.64697741e-01 -2.50026026e-01 -2.32864329e-01 -2.11754791e-01 -1.59258246e-01 -1.13744795e-01 -4.55016607e-02 3.06006812e-02 1.34327908e-01 2.31921948e-01 2.72812033e-01 3.43205440e-01 3.98212269e-01 3.37278684e-01 2.29701885e-01 3.61363100e-01 7.50208586e-01
