# time site_0 site_1 site_2 site_3 site_4 site_5 site_6 site_7 site_8 site_9 site_10 site_11 site_12 site_13 site_14 site_15 site_16 site_17 site_18 site_19 site_20 site_21 site_22 site_23 site_24 site_25 site_26 site_27 site_28 site_29 site_30 site_31 site_32 site_33 site_34 site_35 site_36 site_37 site_38 site_39 site_40 site_41 site_42 site_43 site_44 site_45 site_46 site_47 site_48 site_49 site_50 site_51 site_52 site_53 site_54 site_55 site_56 site_57 site_58 site_59 site_60 site_61 site_62 site_63 site_64 site_65 site_66 site_67 site_68 site_69 site_70 site_71 site_72 site_73 site_74 site_75 site_76 site_77 site_78 site_79 site_80 site_81 site_82 site_83 site_84 site_85 site_86 site_87 site_88 site_89 site_90 site_91 site_92 site_93 site_94 site_95 site_96 site_97 site_98 site_99
0.00000000e+00 -1.92198523e-01 -1.64251326e-01 -1.34508301e-01 -1.03697142e-01 -7.28206734e-02 -4.31442177e-02 -1.61590177e-02 6.47733800e-03 2.30208437e-02 3.17371602e-02 3.10083332e-02 1.94436330e-02 -4.01258493e-03 -3.99832431e-02 -8.85780420e-02 -1.49336229e-01 -2.21197560e-01 -3.02504834e-01 -3.91039554e-01 -4.84090327e-01 -5.78551598e-01 -6.71048434e-01 -7.58081379e-01 -8.36184026e-01 -9.02085006e-01 -9.52865619e-01 -9.86104336e-01 -1.00000000e+00 -9.93466536e-01 -9.66193536e-01 -9.18668850e-01 -8.52161466e-01 -7.68665111e-01 -6.70805274e-01 -5.61714392e-01 -4.44881758e-01 -3.23986191e-01 -2.02720459e-01 -8.46169776e-02 2.71158181e-02 1.29737581e-01 2.21092954e-01 2.99695129e-01 3.64771831e-01 4.16271659e-01 4.54830988e-01 4.81703844e-01 4.98659309e-01 5.07852764e-01 5.11678752e-01 5.12614197e-01 5.13061142e-01 5.15198112e-01 5.20848544e-01 5.31373636e-01 5.47595414e-01 5.69753978e-01 5.97500787e-01 6.29927723e-01 6.65629553e-01 7.02795464e-01 7.39323727e-01 7.72952251e-01 8.01397000e-01 8.22489907e-01 8.34308146e-01 8.35287275e-01 8.24311889e-01 8.00778942e-01 7.64630605e-01 7.16355471e-01 6.56958850e-01 5.87904760e-01 5.11033860e-01 4.28462958e-01 3.42472669e-01 2.55390359e-01 1.69475584e-01 8.68148491e-02 9.23171132e-03 -6.17829233e-02 -1.25116920e-01 -1.80057700e-01 -2.26287663e-01 -2.63855886e-01 -2.93129298e-01 -3.14727765e-01 -3.29448536e-01 -3.38186013e-01 -3.41852982e-01 -3.41309150e-01 -3.37302159e-01 -3.30425176e-01 -3.21093887e-01 -3.09544160e-01 -2.95850096e-01 -2.79960587e-01 -2.61751078e-01 -2.41086041e-01 -2.17886755e-01
1.00000000e-01 -1.92328114e-01 -1.64012807e-01 -1.34503360e-01 -1.03696183e-01 -7.28246555e-02 -4.31540148e-02 -1.61752165e-02 6.45450354e-03 2.29914918e-02 3.17017629e-02 3.09677155e-02 1.93990479e-02 -4.05933227e-03 -4.00296368e-02 -8.86207674e-02 -1.49371305e-01 -2.21220720e-01 -3.02512375e-01 -3.91029144e-01 -4.84062230e-01 -5.78508743e-01 -6.70996983e-01 -7.58028672e-01 -8.36138251e-01 -9.02051348e-01 -9.52838830e-01 -9.86164800e-01 -9.99901755e-01 -9.93492678e-01 -9.66188940e-01 -9.18635269e-01 -8.52108344e-01 -7.68596465e-01 -6.70728873e-01 -5.61641407e-01 -4.44822576e-01 -3.23949111e-01 -2.02709315e-01 -8.46312216e-02 2.70806437e-02 1.29688144e-01 2.21036495e-01 2.99637930e-01 3.64718502e-01 4.16224894e-01 4.54792049e-01 4.81672982e-01 4.98636382e-01 5.07837442e-01 5.11670686e-01 5.12612903e-01 5.13065894e-01 5.15207795e-01 5.20861637e-01 5.31388234e-01 5.47609481e-01 5.69765474e-01 5.97508151e-01 6.29929891e-01 6.65626491e-01 7.02787755e-01 7.39312867e-01 7.72939603e-01 8.01383807e-01 8.22476292e-01 8.34293682e-01 8.35271099e-01 8.24292908e-01 8.00755779e-01 7.64601654e-01 7.16320500e-01 6.56918976e-01 5.87863201e-01 5.10994536e-01 4.28430281e-01 3.42450091e-01 2.55380130e-01 1.69478161e-01 8.68291764e-02 9.25550326e-03 -6.17525612e-02 -1.25082982e-01 -1.80022827e-01 -2.26253926e-01 -2.63824689e-01 -2.93101465e-01 -3.14703628e-01 -3.29428093e-01 -3.38169007e-01 -3.41838998e-01 -3.41297659e-01 -3.37292558e-01 -3.30416835e-01 -3.21086179e-01 -3.09536531e-01 -2.95842100e-01 -2.79951959e-01 -2.61741626e-01 -2.40817236e-01 -2.18228318e-01
2.00000000e-01 -1.92714359e-01 -1.63301623e-01 -1.34486714e-01 -1.03693327e-01 -7.28366092e-02 -4.31834106e-02 -1.62238145e-02 6.38600147e-03 2.29034405e-02 3.15955779e-02 3.08458726e-02 1.92653083e-02 -4.19955119e-03 -4.01687858e-02 -8.87489045e-02 -1.49476494e-01 -2.21290171e-01 -3.02534988e-01 -3.90997933e-01 -4.83977987e-01 -5.78380251e-01 -6.70842692e-01 -7.57870599e-01 -8.36000965e-01 -9.01949856e-01 -9.52760169e-01 -9.86343384e-01 -9.99609766e-01 -9.93569012e-01 -9.66176038e-01 -9.18534376e-01 -8.51948916e-01 -7.68390557e-01 -6.70499755e-01 -5.61422561e-01 -4.44645140e-01 -3.23837941e-01 -2.02675898e-01 -8.46739125e-02 2.69751939e-02 1.29539918e-01 2.20867187e-01 2.99466377e-01 3.64558535e-01 4.16084602e-01 4.54675228e-01 4.81580387e-01 4.98567594e-01 5.07791471e-01 5.11646482e-01 5.12609018e-01 5.13080142e-01 5.15236834e-01 5.20900899e-01 5.31432011e-01 5.47651664e-01 5.69799950e-01 5.97530236e-01 6.29936396e-01 6.65617314e-01 7.02764643e-01 7.39280297e-01 7.72901669e-01 8.01344229e-01 8.22435445e-01 8.34250281e-01 8.35222559e-01 8.24235950e-01 8.00686272e-01 7.64514792e-01 7.16215589e-01 6.56799375e-01 5.87738557e-01 5.10876607e-01 4.28332290e-01 3.42382387e-01 2.55349456e-01 1.69485884e-01 8.68721365e-02 9.32684935e-03 -6.16615065e-02 -1.24981195e-01 -1.79918229e-01 -2.26152727e-01 -2.63731103e-01 -2.93017969e-01 -3.14631218e-01 -3.29366761e-01 -3.38117984e-01 -3.41797042e-01 -3.41263182e-01 -3.37263750e-01 -3.30391806e-01 -3.21063050e-01 -3.09513642e-01 -2.95818107e-01 -2.79926112e-01 -2.61711267e-01 -2.40016511e-01 -2.19249289e-01
3.00000000e-01 -1.93349727e-01 -1.62130796e-01 -1.34452953e-01 -1.03688616e-01 -7.28565566e-02 -4.32324197e-02 -1.63048162e-02 6.27183577e-03 2.27567019e-02 3.14186253e-02 3.06428354e-02 1.90424614e-02 -4.43317229e-03 -4.04005933e-02 -8.89623358e-02 -1.49651671e-01 -2.21405817e-01 -3.02572638e-01 -3.90945984e-01 -4.83837740e-01 -5.78166329e-01 -6.70585750e-01 -7.57607316e-01 -8.35772278e-01 -9.01779024e-01 -9.52634663e-01 -9.86631777e-01 -9.99132172e-01 -9.93689359e-01 -9.66157430e-01 -9.18365746e-01 -8.51682995e-01 -7.68047468e-01 -6.70118171e-01 -5.61058177e-01 -4.44349778e-01 -3.23652888e-01 -2.02620250e-01 -8.47449277e-02 2.67996882e-02 1.29293146e-01 2.20585231e-01 2.99180605e-01 3.64291991e-01 4.15850799e-01 4.54480510e-01 4.81426042e-01 4.98452927e-01 5.07714838e-01 5.11606128e-01 5.12602525e-01 5.13103862e-01 5.15285192e-01 5.20966287e-01 5.31504921e-01 5.47721918e-01 5.69857374e-01 5.97567024e-01 6.29947247e-01 6.65602042e-01 7.02726167e-01 7.39226052e-01 7.72838478e-01 8.01278269e-01 8.22367354e-01 8.34177913e-01 8.35141616e-01 8.24140970e-01 8.00570369e-01 7.64369999e-01 7.16040742e-01 6.56600110e-01 5.87530923e-01 5.10680206e-01 4.28169106e-01 3.42269653e-01 2.55298373e-01 1.69498739e-01 8.69436638e-02 9.44566055e-03 -6.15098540e-02 -1.24811640e-01 -1.79743966e-01 -2.25984103e-01 -2.63575148e-01 -2.92878813e-01 -3.14510528e-01 -3.29264529e-01 -3.38032932e-01 -3.41727099e-01 -3.41205702e-01 -3.37215721e-01 -3.30350075e-01 -3.21024488e-01 -3.09475481e-01 -2.95778113e-01 -2.79883138e-01 -2.61654071e-01 -2.38700806e-01 -2.20938579e-01
4.00000000e-01 -1.94221820e-01 -1.60521709e-01 -1.34393280e-01 -1.03682073e-01 -7.28845351e-02 -4.33010661e-02 -1.64182288e-02 6.11201304e-03 2.25512967e-02 3.11709388e-02 3.03586552e-02 1.87305860e-02 -4.76007987e-03 -4.07248978e-02 -8.92608659e-02 -1.49896631e-01 -2.21567504e-01 -3.02625269e-01 -3.90873396e-01 -4.83641723e-01 -5.77867325e-01 -6.70226471e-01 -7.57239083e-01 -8.35452332e-01 -9.01536478e-01 -9.52470431e-01 -9.87016460e-01 -9.98482206e-01 -9.93843691e-01 -9.66137263e-01 -9.18128749e-01 -8.51310253e-01 -7.67567337e-01 -6.69584542e-01 -5.60548797e-01 -4.43937039e-01 -3.23394295e-01 -2.02542443e-01 -8.48440639e-02 2.65544915e-02 1.28948234e-01 2.20190961e-01 2.98780835e-01 3.63918975e-01 4.15523509e-01 4.54207873e-01 4.81209912e-01 4.98292349e-01 5.07607522e-01 5.11549603e-01 5.12593396e-01 5.13137011e-01 5.15352812e-01 5.21057725e-01 5.31606883e-01 5.47820166e-01 5.69937692e-01 5.97618484e-01 6.29962458e-01 6.65580709e-01 7.02672395e-01 7.39150184e-01 7.72750081e-01 8.01185934e-01 8.22271999e-01 8.34076531e-01 8.35028202e-01 8.24007890e-01 8.00407985e-01 7.64167236e-01 7.15795967e-01 6.56321284e-01 5.87240459e-01 5.10405551e-01 4.27940933e-01 3.42112047e-01 2.55226945e-01 1.69516697e-01 8.70436495e-02 9.61178863e-03 -6.12977613e-02 -1.24574450e-01 -1.79500139e-01 -2.25748114e-01 -2.63356853e-01 -2.92684002e-01 -3.14341553e-01 -3.29121381e-01 -3.37913829e-01 -3.41629146e-01 -3.41125196e-01 -3.37148444e-01 -3.30291617e-01 -3.20970469e-01 -3.09422030e-01 -2.95722109e-01 -2.79823136e-01 -2.61560418e-01 -2.36897947e-01 -2.23277916e-01
5.00000000e-01 -1.95313606e-01 -1.58503633e-01 -1.34295825e-01 -1.03673621e-01 -7.29205970e-02 -4.33893832e-02 -1.65640630e-02 5.90654255e-03 2.22872533e-02 3.08525657e-02 2.99934042e-02 1.83297923e-02 -5.18011182e-03 -4.11414737e-02 -8.96442213e-02 -1.50211088e-01 -2.21775014e-01 -3.02692799e-01 -3.90780313e-01 -4.83390266e-01 -5.77483724e-01 -6.69765296e-01 -7.56766275e-01 -8.35041248e-01 -9.01219169e-01 -9.52278299e-01 -9.87479208e-01 -9.97677701e-01 -9.94018544e-01 -9.66120975e-01 -9.17822661e-01 -8.50830204e-01 -7.66950356e-01 -6.68899457e-01 -5.59895175e-01 -4.43407683e-01 -3.23062642e-01 -2.02442579e-01 -8.49710380e-02 2.62401129e-02 1.28505750e-01 2.19684845e-01 2.98267380e-01 3.63439630e-01 4.15102768e-01 4.53857284e-01 4.80931953e-01 4.98085816e-01 5.07469490e-01 5.11476879e-01 5.12581595e-01 5.13179532e-01 5.15439612e-01 5.21175110e-01 5.31737788e-01 5.47946299e-01 5.70040830e-01 5.97684575e-01 6.29982046e-01 6.65553363e-01 7.02603417e-01 7.39052771e-01 7.72636547e-01 8.01067231e-01 8.22149352e-01 8.33946067e-01 8.34882227e-01 8.23836602e-01 8.00198998e-01 7.63906452e-01 7.15481276e-01 6.55963042e-01 5.86867388e-01 5.10052945e-01 4.27648052e-01 3.41909788e-01 2.55135260e-01 1.69539719e-01 8.71719420e-02 9.82502659e-03 -6.10254484e-02 -1.24269811e-01 -1.79186888e-01 -2.25444845e-01 -2.63076263e-01 -2.92433545e-01 -3.14124282e-01 -3.28937293e-01 -3.37760648e-01 -3.41503149e-01 -3.41021627e-01 -3.37061884e-01 -3.30216396e-01 -3.20900965e-01 -3.09353263e-01 -2.95650085e-01 -2.79746120e-01 -2.61417371e-01 -2.34646035e-01 -2.26242151e-01
6.00000000e-01 -1.96603734e-01 -1.56113082e-01 -1.34146076e-01 -1.03662988e-01 -7.29648090e-02 -4.34974142e-02 -1.67423323e-02 5.65543614e-03 2.19646088e-02 3.04635667e-02 2.95471754e-02 1.78402226e-02 -5.69305949e-03 -4.16500312e-02 -9.01120513e-02 -1.50594676e-01 -2.22028069e-01 -3.02775130e-01 -3.90666913e-01 -4.83083790e-01 -5.77016147e-01 -6.69202790e-01 -7.56189388e-01 -8.34539050e-01 -9.00823639e-01 -9.52071283e-01 -9.87997752e-01 -9.96740441e-01 -9.94197564e-01 -9.66114929e-01 -9.17446811e-01 -8.50242176e-01 -7.66196776e-01 -6.68063670e-01 -5.59098281e-01 -4.42762686e-01 -3.22658543e-01 -2.02320786e-01 -8.51254885e-02 2.58572034e-02 1.27966422e-01 2.19067484e-01 2.97640642e-01 3.62854145e-01 4.14588622e-01 4.53428704e-01 4.80592106e-01 4.97833272e-01 5.07300702e-01 5.11387916e-01 5.12567073e-01 5.13231349e-01 5.15545487e-01 5.21318307e-01 5.31897494e-01 5.48100179e-01 5.70166690e-01 5.97765240e-01 6.30006035e-01 6.65520069e-01 7.02519354e-01 7.38933911e-01 7.72497966e-01 8.00922172e-01 8.21999380e-01 8.33786435e-01 8.34703571e-01 8.23626970e-01 7.99943257e-01 7.63587580e-01 7.15096686e-01 6.55525569e-01 5.86411998e-01 5.09622780e-01 4.27290826e-01 3.41663161e-01 2.55023429e-01 1.69567757e-01 8.73283470e-02 1.00851091e-02 -6.06931976e-02 -1.23897965e-01 -1.78804395e-01 -2.25074407e-01 -2.62733433e-01 -2.92127454e-01 -3.13858702e-01 -3.28712234e-01 -3.37573350e-01 -3.41349066e-01 -3.40894951e-01 -3.36955996e-01 -3.30124367e-01 -3.20815934e-01 -3.09269146e-01 -2.95562034e-01 -2.79651916e-01 -2.61209200e-01 -2.31992623e-01 -2.29799682e-01
7.00000000e-01 -1.98066925e-01 -1.53393006e-01 -1.33927410e-01 -1.03649588e-01 -7.30172492e-02 -4.36252116e-02 -1.69530534e-02 5.35870833e-03 2.15834082e-02 3.00040165e-02 2.90200828e-02 1.72620510e-02 -6.29866753e-03 -4.22502165e-02 -9.06639281e-02 -1.51046948e-01 -2.22326330e-01 -3.02872139e-01 -3.90533418e-01 -4.82722808e-01 -5.76465344e-01 -6.68539644e-01 -7.55509045e-01 -8.33945588e-01 -9.00346330e-01 -9.51863968e-01 -9.88546595e-01 -9.95695354e-01 -9.94362164e-01 -9.66125998e-01 -9.17000754e-01 -8.49545290e-01 -7.65306897e-01 -6.67078105e-01 -5.58159293e-01 -4.42003231e-01 -3.22182743e-01 -2.02177219e-01 -8.53069785e-02 2.54065533e-02 1.27331132e-01 2.18339612e-01 2.96901109e-01 3.62162750e-01 4.13981128e-01 4.52922084e-01 4.80190301e-01 4.97534649e-01 5.07101110e-01 5.11282668e-01 5.12549769e-01 5.13292370e-01 5.15670309e-01 5.21487154e-01 5.32085826e-01 5.48281637e-01 5.70315155e-01 5.97860416e-01 6.30034452e-01 6.65480901e-01 7.02420347e-01 7.38793725e-01 7.72334444e-01 8.00750771e-01 8.21822039e-01 8.33597529e-01 8.34492089e-01 8.23378823e-01 7.99640575e-01 7.63210537e-01 7.14642217e-01 6.55009093e-01 5.85874640e-01 5.09115531e-01 4.26869697e-01 3.41372505e-01 2.54891591e-01 1.69600751e-01 8.75126290e-02 1.03917130e-02 -6.03013524e-02 -1.23459205e-01 -1.78352880e-01 -2.24636932e-01 -2.62328431e-01 -2.91765742e-01 -3.13544798e-01 -3.28446169e-01 -3.37351890e-01 -3.41166845e-01 -3.40745111e-01 -3.36830723e-01 -3.30015474e-01 -3.20715328e-01 -3.09169641e-01 -2.95457946e-01 -2.79540023e-01 -2.60918011e-01 -2.28993682e-01 -2.33912979e-01
8.00000000e-01 -1.99674441e-01 -1.50391854e-01 -1.33621703e-01 -1.03632391e-01 -7.30780014e-02 -4.37728374e-02 -1.71962459e-02 5.01637619e-03 2.11437046e-02 2.94740034e-02 2.84122617e-02 1.65954838e-02 -6.99663374e-03 -4.29416121e-02 -9.12993480e-02 -1.51567380e-01 -2.22669400e-01 -3.02983686e-01 -3.90380083e-01 -4.82307927e-01 -5.75832199e-01 -6.67776676e-01 -7.54726000e-01 -8.33260444e-01 -8.99783934e-01 -9.51671795e-01 -9.89097937e-01 -9.94569595e-01 -9.94492284e-01 -9.66161072e-01 -9.16484461e-01 -8.48738435e-01 -7.64281071e-01 -6.65943850e-01 -5.57079602e-01 -4.41130702e-01 -3.21636119e-01 -2.02012061e-01 -8.55149970e-02 2.48890895e-02 1.26600917e-01 2.17502091e-01 2.96049362e-01 3.61365720e-01 4.13280356e-01 4.52337370e-01 4.79726454e-01 4.97189865e-01 5.06870653e-01 5.11161080e-01 5.12529613e-01 5.13362488e-01 5.15813926e-01 5.21681458e-01 5.32302580e-01 5.48490476e-01 5.70486084e-01 5.97970024e-01 6.30067329e-01 6.65435953e-01 7.02306564e-01 7.38632356e-01 7.72146108e-01 8.00553045e-01 8.21617277e-01 8.33379227e-01 8.34247613e-01 8.23091963e-01 7.99290736e-01 7.62775228e-01 7.14117898e-01 6.54413879e-01 5.85255731e-01 5.08531754e-01 4.26385186e-01 3.41038225e-01 2.54739907e-01 1.69638630e-01 8.77245118e-02 1.07444584e-02 -5.98503170e-02 -1.22953877e-01 -1.77832604e-01 -2.24132582e-01 -2.61861338e-01 -2.91348427e-01 -3.13182550e-01 -3.28139055e-01 -3.37096214e-01 -3.40956423e-01 -3.40572043e-01 -3.36685999e-01 -3.29889654e-01 -3.20599091e-01 -3.09054699e-01 -2.95337809e-01 -2.79409473e-01 -2.60524480e-01 -2.25712395e-01 -2.38539209e-01
9.00000000e-01 -2.01394603e-01 -1.47162515e-01 -1.33210009e-01 -1.03609787e-01 -7.31471464e-02 -4.39403628e-02 -1.74719331e-02 4.62845940e-03 2.06455594e-02 2.88736295e-02 2.77238689e-02 1.58407598e-02 -7.78660881e-03 -4.37237372e-02 -9.20177314e-02 -1.52155373e-01 -2.23056825e-01 -3.03109610e-01 -3.90207203e-01 -4.81839838e-01 -5.75117718e-01 -6.66914832e-01 -7.53841140e-01 -8.32482853e-01 -8.99133760e-01 -9.51510296e-01 -9.89622693e-01 -9.93391555e-01 -9.94567207e-01 -9.66226556e-01 -9.15898510e-01 -8.47820252e-01 -7.63119690e-01 -6.64662162e-01 -5.55860803e-01 -4.40146683e-01 -3.21019670e-01 -2.01825521e-01 -8.57489629e-02 2.43058718e-02 1.25776966e-01 2.16555916e-01 2.95086069e-01 3.60463376e-01 4.12486391e-01 4.51674503e-01 4.79200469e-01 4.96798829e-01 5.06609264e-01 5.11023086e-01 5.12506522e-01 5.13441576e-01 5.15976164e-01 5.21900998e-01 5.32547521e-01 5.48726468e-01 5.70679317e-01 5.98093978e-01 6.30104701e-01 6.65385328e-01 7.02178195e-01 7.38449970e-01 7.71933099e-01 8.00329016e-01 8.21385035e-01 8.33131385e-01 8.33969944e-01 8.22766158e-01 7.98893492e-01 7.62281539e-01 7.13523766e-01 6.53740232e-01 5.84555750e-01 5.07872089e-01 4.25837890e-01 3.40660778e-01 2.54568564e-01 1.69681314e-01 8.79636794e-02 1.11429092e-02 -5.93405554e-02 -1.22382379e-01 -1.77243868e-01 -2.23561540e-01 -2.61332250e-01 -2.90875528e-01 -3.12771938e-01 -3.27790841e-01 -3.36806260e-01 -3.40717731e-01 -3.40375671e-01 -3.36521748e-01 -3.29746830e-01 -3.20467156e-01 -3.08924266e-01 -2.95201601e-01 -2.79258683e-01 -2.60008664e-01 -2.22217799e-01 -2.43630942e-01
1.00000000e+00 -2.03193370e-01 -1.43761170e-01 -1.32673278e-01 -1.03579460e-01 -7.32247469e-02 -4.41278679e-02 -1.77801413e-02 4.19498018e-03 2.00890420e-02 2.82030113e-02 2.69550830e-02 1.49981508e-02 -8.66819612e-03 -4.45960481e-02 -9.28184245e-02 -1.52810252e-01 -2.23488093e-01 -3.03249735e-01 -3.90015107e-01 -4.81319326e-01 -5.74323031e-01 -6.65955190e-01 -7.52855477e-01 -8.31611631e-01 -8.98394097e-01 -9.51394304e-01 -9.90091542e-01 -9.92189815e-01 -9.94566403e-01 -9.66327839e-01 -9.15244269e-01 -8.46789130e-01 -7.61823179e-01 -6.63234462e-01 -5.54504698e-01 -4.39052947e-01 -3.20334522e-01 -2.01617832e-01 -8.60082273e-02 2.36580885e-02 1.24860614e-01 2.15502208e-01 2.94011988e-01 3.59456086e-01 4.11599328e-01 4.50933417e-01 4.78612241e-01 4.96361435e-01 5.06316864e-01 5.10868614e-01 5.12480401e-01 5.13529493e-01 5.16156823e-01 5.22145524e-01 5.32820382e-01 5.48989358e-01 5.70894670e-01 5.98232178e-01 6.30146605e-01 6.65329147e-01 7.02035454e-01 7.38246756e-01 7.71695577e-01 8.00078710e-01 8.21125244e-01 8.32853842e-01 8.33658861e-01 8.22401147e-01 7.98448567e-01 7.61729345e-01 7.12859865e-01 6.52988499e-01 5.83775245e-01 5.07137254e-01 4.25228484e-01 3.40240681e-01 2.54377773e-01 1.69728711e-01 8.82297777e-02 1.15865741e-02 -5.87725902e-02 -1.21745162e-01 -1.76587012e-01 -2.22924017e-01 -2.60741272e-01 -2.90347072e-01 -3.12312940e-01 -3.27401473e-01 -3.36481957e-01 -3.40450687e-01 -3.40155909e-01 -3.36337884e-01 -3.29586919e-01 -3.20319448e-01 -3.08778282e-01 -2.95049276e-01 -2.79085306e-01 -2.59350854e-01 -2.18583311e-01 -2.49136915e-01
1.10000000e+00 -2.05034947e-01 -1.40246084e-01 -1.31993095e-01 -1.03538263e-01 -7.33108282e-02 -4.43354410e-02 -1.81209003e-02 3.71596329e-03 1.94742299e-02 2.74622794e-02 2.61061049e-02 1.40679614e-02 -9.64095149e-03 -4.55579383e-02 -9.37006996e-02 -1.53531270e-01 -2.23962641e-01 -3.03403868e-01 -3.89804159e-01 -4.80747259e-01 -5.73449384e-01 -6.64898960e-01 -7.51770135e-01 -8.30645118e-01 -8.97564559e-01 -9.51337167e-01 -9.90475990e-01 -9.90992109e-01 -9.94470373e-01 -9.66468798e-01 -9.14524059e-01 -8.45643220e-01 -7.60391979e-01 -6.61662337e-01 -5.53013287e-01 -4.37851450e-01 -3.19581917e-01 -2.01389254e-01 -8.62920779e-02 2.29470519e-02 1.23853338e-01 2.14342217e-01 2.92827966e-01 3.58344266e-01 4.10619282e-01 4.50114044e-01 4.77961650e-01 4.95877567e-01 5.05993365e-01 5.10697579e-01 5.12451143e-01 5.13626078e-01 5.16355684e-01 5.22414759e-01 5.33120865e-01 5.49278860e-01 5.71131940e-01 5.98384517e-01 6.30193081e-01 6.65267544e-01 7.01878573e-01 7.38022924e-01 7.71433717e-01 7.99802155e-01 8.20837830e-01 8.32546422e-01 8.33314118e-01 8.21996639e-01 7.97955655e-01 7.61118504e-01 7.12126253e-01 6.52159061e-01 5.82914826e-01 5.06328045e-01 4.24557718e-01 3.39778504e-01 2.54167769e-01 1.69780719e-01 8.85224153e-02 1.20749083e-02 -5.81470015e-02 -1.21042729e-01 -1.75862416e-01 -2.22220249e-01 -2.60088526e-01 -2.89763086e-01 -3.11805529e-01 -3.26970888e-01 -3.36123226e-01 -3.40155202e-01 -3.39912663e-01 -3.36134309e-01 -3.29409825e-01 -3.20155884e-01 -3.08616680e-01 -2.94880750e-01 -2.78886109e-01 -2.58532457e-01 -2.14885173e-01 -2.55002867e-01
1.20000000e+00 -2.06882417e-01 -1.36676361e-01 -1.31152415e-01 -1.03482119e-01 -7.34053515e-02 -4.45631780e-02 -1.84942433e-02 3.19143598e-03 1.88012088e-02 2.66515787e-02 2.51771578e-02 1.30505300e-02 -1.07043830e-02 -4.66087396e-02 -9.46637567e-02 -1.54317610e-01 -2.24479849e-01 -3.03571802e-01 -3.89574756e-01 -4.80124589e-01 -5.72498138e-01 -6.63747493e-01 -7.50586330e-01 -8.29581153e-01 -8.96646391e-01 -9.51350010e-01 -9.90749391e-01 -9.89824312e-01 -9.94261454e-01 -9.66651328e-01 -9.13741277e-01 -8.44380460e-01 -7.58826530e-01 -6.59947541e-01 -5.51388767e-01 -4.36544326e-01 -3.18763211e-01 -2.01140068e-01 -8.65997421e-02 2.21741936e-02 1.22756755e-01 2.13077316e-01 2.91534937e-01 3.57128383e-01 4.09546383e-01 4.49216312e-01 4.77248567e-01 4.95347097e-01 5.05638668e-01 5.10509888e-01 5.12418631e-01 5.13731156e-01 5.16572500e-01 5.22708395e-01 5.33448643e-01 5.49594664e-01 5.71390901e-01 5.98550878e-01 6.30244172e-01 6.65200670e-01 7.01707807e-01 7.37778708e-01 7.71147707e-01 7.99499388e-01 8.20522707e-01 8.32208926e-01 8.32935440e-01 8.21552311e-01 7.97414426e-01 7.60448860e-01 7.11322995e-01 6.51252341e-01 5.81975167e-01 5.05445335e-01 4.23826413e-01 3.39274870e-01 2.53938810e-01 1.69837230e-01 8.88411655e-02 1.26073142e-02 -5.74644259e-02 -1.20275632e-01 -1.75070497e-01 -2.21450499e-01 -2.59374146e-01 -2.89123604e-01 -3.11249678e-01 -3.26499021e-01 -3.35729982e-01 -3.39831177e-01 -3.39645827e-01 -3.35910919e-01 -3.29215444e-01 -3.19976372e-01 -3.08439385e-01 -2.94695871e-01 -2.78656869e-01 -2.57536866e-01 -2.11200847e-01 -2.61172389e-01
1.30000000e+00 -2.08698390e-01 -1.33110696e-01 -1.30136276e-01 -1.03405953e-01 -7.35081806e-02 -4.48111801e-02 -1.89002070e-02 2.62142799e-03 1.80700724e-02 2.57710689e-02 2.41684881e-02 1.19462289e-02 -1.18579505e-02 -4.77477218e-02 -9.57067249e-02 -1.55168387e-01 -2.25039052e-01 -3.03753317e-01 -3.89327328e-01 -4.79452352e-01 -5.71470761e-01 -6.62502280e-01 -7.49305333e-01 -8.28417078e-01 -8.95642711e-01 -9.51441059e-01 -9.90887901e-01 -9.88709504e-01 -9.93924550e-01 -9.66874942e-01 -9.12900480e-01 -8.42998630e-01 -7.57127245e-01 -6.58091990e-01 -5.49633528e-01 -4.35133872e-01 -3.17879871e-01 -2.00870580e-01 -8.69303917e-02 2.13410582e-02 1.21572615e-01 2.11709002e-01 2.90133928e-01 3.55808954e-01 4.08380778e-01 4.48240151e-01 4.76472853e-01 4.94769887e-01 5.05252663e-01 5.10305438e-01 5.12382732e-01 5.13844533e-01 5.16807006e-01 5.23026101e-01 5.33803360e-01 5.49936431e-01 5.71671307e-01 5.98731133e-01 6.30299921e-01 6.65128688e-01 7.01523430e-01 7.37514366e-01 7.70837752e-01 7.99170448e-01 8.20179782e-01 8.31841141e-01 8.32522531e-01 8.21067809e-01 7.96824524e-01 7.59720243e-01 7.10450175e-01 6.50268799e-01 5.80957008e-01 5.04490068e-01 4.23035465e-01 3.38730453e-01 2.53691179e-01 1.69898123e-01 8.91855672e-02 1.31831430e-02 -5.67255549e-02 -1.19444478e-01 -1.74211715e-01 -2.20615055e-01 -2.58598281e-01 -2.88428664e-01 -3.10645357e-01 -3.25985798e-01 -3.35302129e-01 -3.39478504e-01 -3.39355285e-01 -3.35667594e-01 -3.29003664e-01 -3.19780810e-01 -3.08246316e-01 -2.94494390e-01 -2.78392302e-01 -2.56350298e-01 -2.07607403e-01 -2.67587807e-01
1.40000000e+00 -2.10445648e-01 -1.29606152e-01 -1.28932453e-01 -1.03303651e-01 -7.36190418e-02 -4.50795517e-02 -1.93388317e-02 2.00597146e-03 1.72809227e-02 2.48209243e-02 2.30803653e-02 1.07554648e-02 -1.31010658e-02 -4.89740940e-02 -9.68286633e-02 -1.56082651e-01 -2.25639532e-01 -3.03948181e-01 -3.89062334e-01 -4.78731661e-01 -5.70368826e-01 -6.61164964e-01 -7.47928434e-01 -8.27149778e-01 -8.94558689e-01 -9.51615073e-01 -9.90871321e-01 -9.87667145e-01 -9.93447770e-01 -9.67136453e-01 -9.12007410e-01 -8.41495425e-01 -7.55294489e-01 -6.56097759e-01 -5.47750147e-01 -4.33622548e-01 -3.16933465e-01 -2.00581115e-01 -8.72831471e-02 2.04492981e-02 1.20302795e-01 2.10238892e-01 2.88626051e-01 3.54386550e-01 4.07122637e-01 4.47185490e-01 4.75634359e-01 4.94145787e-01 5.04835231e-01 5.10084114e-01 5.12343301e-01 5.13965997e-01 5.17058909e-01 5.23367515e-01 5.34184627e-01 5.50303795e-01 5.71972891e-01 5.98925146e-01 6.30360372e-01 6.65051776e-01 7.01325733e-01 7.37230175e-01 7.70504068e-01 7.98815380e-01 8.19808954e-01 8.31442836e-01 8.32075068e-01 8.20542752e-01 7.96185568e-01 7.58932470e-01 7.09507887e-01 6.49208930e-01 5.79861154e-01 5.03463261e-01 4.22185840e-01 3.38145973e-01 2.53425179e-01 1.69963269e-01 8.95551269e-02 1.38016968e-02 -5.59311334e-02 -1.18549920e-01 -1.73286566e-01 -2.19714234e-01 -2.57761092e-01 -2.87678309e-01 -3.09992536e-01 -3.25431140e-01 -3.34839564e-01 -3.39097065e-01 -3.39040913e-01 -3.35404210e-01 -3.28774360e-01 -3.19569090e-01 -3.08037383e-01 -2.94275918e-01 -2.78086035e-01 -2.54962566e-01 -2.04179936e-01 -2.74191060e-01
1.50000000e+00 -2.12087771e-01 -1.26216982e-01 -1.27532054e-01 -1.03168065e-01 -7.37374770e-02 -4.53683961e-02 -1.98101610e-02 1.34510093e-03 1.64338696e-02 2.38013346e-02 2.19130829e-02 9.47867922e-03 -1.44330918e-02 -5.02870048e-02 -9.80285630e-02 -1.57059388e-01 -2.26280529e-01 -3.04156153e-01 -3.88780264e-01 -4.77963706e-01 -5.69194004e-01 -6.59737338e-01 -7.46456889e-01 -8.25775761e-01 -8.93401628e-01 -9.51872894e-01 -9.90683796e-01 -9.86712384e-01 -9.92822933e-01 -9.67429758e-01 -9.11068959e-01 -8.39868555e-01 -7.53328545e-01 -6.53967086e-01 -5.45741386e-01 -4.32012960e-01 -3.15925662e-01 -2.00272022e-01 -8.76570816e-02 1.95006668e-02 1.18949295e-01 2.08668722e-01 2.87012509e-01 3.52861797e-01 4.05772150e-01 4.46052261e-01 4.74732927e-01 4.93474635e-01 5.04386239e-01 5.09845791e-01 5.12300181e-01 5.14095321e-01 5.17327896e-01 5.23732250e-01 5.34592029e-01 5.50696368e-01 5.72295364e-01 5.99132775e-01 6.30425569e-01 6.64970127e-01 7.01115025e-01 7.36926437e-01 7.70146885e-01 7.98434235e-01 8.19410112e-01 8.31013762e-01 8.31592704e-01 8.19976726e-01 7.95497156e-01 7.58085346e-01 7.08496245e-01 6.48073269e-01 5.78688472e-01 5.02365998e-01 4.21278568e-01 3.37522200e-01 2.53141138e-01 1.70032532e-01 8.99493205e-02 1.44622295e-02 -5.50819584e-02 -1.17592662e-01 -1.72295585e-01 -2.18748378e-01 -2.56862759e-01 -2.86872589e-01 -3.09291182e-01 -3.24834965e-01 -3.34342178e-01 -3.38686733e-01 -3.38702576e-01 -3.35120629e-01 -3.28527401e-01 -3.19341093e-01 -3.07812483e-01 -2.94039878e-01 -2.77730628e-01 -2.53367765e-01 -2.00990047e-01 -2.80924566e-01
1.60000000e+00 -2.13589740e-01 -1.22993545e-01 -1.25930012e-01 -1.02991059e-01 -7.38627916e-02 -4.56778105e-02 -2.03142423e-02 6.38853248e-04 1.55290312e-02 2.27125046e-02 2.06669587e-02 8.11634928e-03 -1.58533431e-02 -5.16855431e-02 -9.93053486e-02 -1.58097526e-01 -2.26961239e-01 -3.04376984e-01 -3.88481634e-01 -4.77149750e-01 -5.67948064e-01 -6.58221350e-01 -7.44891860e-01 -8.24291282e-01 -8.92180956e-01 -9.52211148e-01 -9.90314357e-01 -9.85855529e-01 -9.92045937e-01 -9.67745732e-01 -9.10093066e-01 -8.38115864e-01 -7.51229583e-01 -6.51702357e-01 -5.43610185e-01 -4.30307856e-01 -3.14858222e-01 -1.99943668e-01 -8.80512264e-02 1.84970121e-02 1.17514233e-01 2.07000342e-01 2.85294593e-01 3.51235377e-01 4.04329533e-01 4.44840399e-01 4.73768390e-01 4.92756260e-01 5.03905546e-01 5.09590334e-01 5.12253201e-01 5.14232257e-01 5.17613632e-01 5.24119891e-01 5.35025122e-01 5.51113733e-01 5.72638419e-01 5.99353866e-01 6.30495557e-01 6.64883946e-01 7.00891631e-01 7.36603476e-01 7.69766442e-01 7.98027070e-01 8.18983138e-01 8.30553656e-01 8.31075069e-01 8.19369291e-01 7.94758865e-01 7.57178662e-01 7.07415380e-01 6.46862387e-01 5.77439894e-01 5.01199430e-01 4.20314748e-01 3.36859945e-01 2.52839405e-01 1.70105768e-01 9.03675947e-02 1.51639493e-02 -5.41788775e-02 -1.16573457e-01 -1.71239346e-01 -2.17717859e-01 -2.55903472e-01 -2.86011560e-01 -3.08541262e-01 -3.24197183e-01 -3.33809850e-01 -3.38247373e-01 -3.38340129e-01 -3.34816704e-01 -3.28262643e-01 -3.19096691e-01 -3.07571499e-01 -2.93785457e-01 -2.77317652e-01 -2.51564846e-01 -1.98104418e-01 -2.87732050e-01
1.70000000e+00 -2.14918504e-01 -1.19981309e-01 -1.24125487e-01 -1.02763609e-01 -7.39939975e-02 -4.60078783e-02 -2.08511255e-02 -1.12732403e-04 1.45665341e-02 2.15546548e-02 1.93423351e-02 6.66898793e-03 -1.73610848e-02 -5.31687386e-02 -1.00657880e-01 -1.59195934e-01 -2.27680817e-01 -3.04610418e-01 -3.88166990e-01 -4.76291124e-01 -5.66632865e-01 -6.56619106e-01 -7.43234357e-01 -8.22692502e-01 -8.90908117e-01 -9.52622098e-01 -9.89757272e-01 -9.85101706e-01 -9.91116957e-01 -9.68072244e-01 -9.09088549e-01 -8.36235477e-01 -7.48997636e-01 -6.49306105e-01 -5.41359654e-01 -4.28510111e-01 -3.13732991e-01 -1.99596439e-01 -8.84645750e-02 1.74402692e-02 1.15999834e-01 2.05235717e-01 2.83473683e-01 3.49508034e-01 4.02795025e-01 4.43549846e-01 4.72740576e-01 4.91990480e-01 5.03392997e-01 5.09317594e-01 5.12202174e-01 5.14376543e-01 5.17915756e-01 5.24530001e-01 5.35483432e-01 5.51555451e-01 5.73001727e-01 5.99588260e-01 6.30570379e-01 6.64793455e-01 7.00655889e-01 7.36261634e-01 7.69362990e-01 7.97593948e-01 8.18527905e-01 8.30062236e-01 8.30521767e-01 8.18719976e-01 7.93970252e-01 7.56212201e-01 7.06265439e-01 6.45576891e-01 5.76116415e-01 4.99964773e-01 4.19295541e-01 3.36160061e-01 2.52520349e-01 1.70182825e-01 9.08093691e-02 1.59060203e-02 -5.32227865e-02 -1.15493105e-01 -1.70118461e-01 -2.16623076e-01 -2.54883441e-01 -2.85095284e-01 -3.07742742e-01 -3.23517703e-01 -3.33242455e-01 -3.37778841e-01 -3.37953417e-01 -3.34492279e-01 -3.27979937e-01 -3.18835751e-01 -3.07314290e-01 -2.93511541e-01 -2.76837813e-01 -2.49558056e-01 -1.95583519e-01 -2.94559334e-01
1.80000000e+00 -2.16043486e-01 -1.17219991e-01 -1.22122136e-01 -1.02475940e-01 -7.41297543e-02 -4.63586596e-02 -2.14208637e-02 -9.09614610e-04 1.35465127e-02 2.03280215e-02 1.79395803e-02 5.13714468e-03 -1.89555333e-02 -5.47355629e-02 -1.02084955e-01 -1.60353429e-01 -2.28438383e-01 -3.04856194e-01 -3.87836901e-01 -4.75389225e-01 -5.65250357e-01 -6.54932869e-01 -7.41485161e-01 -8.20975688e-01 -8.89596359e-01 -9.53093668e-01 -9.89012199e-01 -9.84450705e-01 -9.90040480e-01 -9.68394309e-01 -9.08064870e-01 -8.34225954e-01 -7.46632565e-01 -6.46780999e-01 -5.38993073e-01 -4.26622724e-01 -3.12551892e-01 -1.99230742e-01 -8.88960884e-02 1.63324532e-02 1.14408431e-01 2.03376916e-01 2.81551247e-01 3.47680567e-01 4.01168895e-01 4.42180551e-01 4.71649304e-01 4.91177104e-01 5.02848426e-01 5.09027411e-01 5.12146900e-01 5.14527895e-01 5.18233886e-01 5.24962112e-01 5.35966461e-01 5.52021059e-01 5.73384940e-01 5.99835789e-01 6.30650079e-01 6.64698885e-01 7.00408153e-01 7.35901277e-01 7.68936793e-01 7.97134937e-01 8.18044279e-01 8.29539205e-01 8.29932379e-01 8.18028282e-01 7.93130856e-01 7.55185734e-01 7.05046595e-01 6.44217426e-01 5.74719088e-01 4.98663302e-01 4.18222168e-01 3.35423442e-01 2.52184360e-01 1.70263545e-01 9.12740378e-02 1.66875650e-02 -5.22146287e-02 -1.14352455e-01 -1.68933581e-01 -2.15464455e-01 -2.53802890e-01 -2.84123833e-01 -3.06895588e-01 -3.22796426e-01 -3.32639860e-01 -3.37280981e-01 -3.37542277e-01 -3.34147187e-01 -3.27679121e-01 -3.18558126e-01 -3.07040689e-01 -2.93216658e-01 -2.76281144e-01 -2.47357230e-01 -1.93480475e-01 -3.01355057e-01
1.90000000e+00 -2.16937046e-01 -1.14742837e-01 -1.19928259e-01 -1.02117727e-01 -7.42683093e-02 -4.67301787e-02 -2.20235116e-02 -1.75174973e-03 1.24691099e-02 1.90328575e-02 1.64590879e-02 3.52140610e-03 -2.06358553e-02 -5.63849303e-02 -1.03585311e-01 -1.61568775e-01 -2.29233023e-01 -3.05114049e-01 -3.87491960e-01 -4.74445512e-01 -5.63802578e-01 -6.53165049e-01 -7.39644768e-01 -8.19137439e-01 -8.88260419e-01 -9.53609641e-01 -9.88084139e-01 -9.83897034e-01 -9.88825163e-01 -9.68694347e-01 -9.07031837e-01 -8.32086462e-01 -7.44134043e-01 -6.44129828e-01 -5.36513882e-01 -4.24648802e-01 -3.11316922e-01 -1.98846999e-01 -8.93446998e-02 1.51756519e-02 1.12742451e-01 2.01426119e-01 2.79528840e-01 3.45753843e-01 3.99451444e-01 4.40732473e-01 4.70494390e-01 4.90315929e-01 5.02271654e-01 5.08719612e-01 5.12087164e-01 5.14686015e-01 5.18567619e-01 5.25415736e-01 5.36473679e-01 5.52510071e-01 5.73787693e-01 6.00096278e-01 6.30734697e-01 6.64600482e-01 7.00148790e-01 7.35522789e-01 7.68488119e-01 7.96650112e-01 8.17532118e-01 8.28984249e-01 8.29306463e-01 8.17293685e-01 7.92240200e-01 7.54099026e-01 7.03759038e-01 6.42784674e-01 5.73249031e-01 4.97296352e-01 4.17095906e-01 3.34651019e-01 2.51831845e-01 1.70347764e-01 9.17609717e-02 1.75076662e-02 -5.11553921e-02 -1.13152398e-01 -1.67685393e-01 -2.14242453e-01 -2.52662059e-01 -2.83097285e-01 -3.05999765e-01 -3.22033251e-01 -3.32001922e-01 -3.36753632e-01 -3.37106534e-01 -3.33781250e-01 -3.27360026e-01 -3.18263663e-01 -3.06750485e-01 -2.92898920e-01 -2.75637247e-01 -2.44977928e-01 -1.91840105e-01 -3.08071329e-01
2.00000000e+00 -2.17574866e-01 -1.12576056e-01 -1.17556809e-01 -1.01678324e-01 -7.44074410e-02 -4.71224091e-02 -2.26591249e-02 -2.63909190e-03 1.13344772e-02 1.76694320e-02 1.49012784e-02 1.82239646e-03 -2.24011684e-02 -5.81156982e-02 -1.05157626e-01 -1.62840689e-01 -2.30063789e-01 -3.05383717e-01 -3.87132787e-01 -4.73461499e-01 -5.62291654e-01 -6.51318197e-01 -7.37713316e-01 -8.17174942e-01 -8.86916124e-01 -9.54150008e-01 -9.86983190e-01 -9.83430157e-01 -9.87483523e-01 -9.68952580e-01 -9.05999256e-01 -8.29816956e-01 -7.41501536e-01 -6.41355484e-01 -5.33925677e-01 -4.22591551e-01 -3.10030143e-01 -1.98445649e-01 -8.98093195e-02 1.39720176e-02 1.11004411e-01 1.99385602e-01 2.77408106e-01 3.43728789e-01 3.97643005e-01 4.39205584e-01 4.69275645e-01 4.89406745e-01 5.01662491e-01 5.08394012e-01 5.12022735e-01 5.14850583e-01 5.18916527e-01 5.25890356e-01 5.37004536e-01 5.53021979e-01 5.74209600e-01 6.00369544e-01 6.30824274e-01 6.64498501e-01 6.99878179e-01 7.35126574e-01 7.68017250e-01 7.96139552e-01 8.16991270e-01 8.28397041e-01 8.28643554e-01 8.16515634e-01 7.91297793e-01 7.52951835e-01 7.02402984e-01 6.41279354e-01 5.71707417e-01 4.95865315e-01 4.15918089e-01 3.33843754e-01 2.51463234e-01 1.70435315e-01 9.22695198e-02 1.83653692e-02 -5.00461082e-02 -1.11893872e-01 -1.66374622e-01 -2.12957554e-01 -2.51461208e-01 -2.82015726e-01 -3.05055239e-01 -3.21228071e-01 -3.31328493e-01 -3.36196621e-01 -3.36646006e-01 -3.33394284e-01 -3.27022474e-01 -3.17952198e-01 -3.06443415e-01 -2.92555961e-01 -2.74895591e-01 -2.42441398e-01 -1.90698169e-01 -3.14664294e-01
2.10000000e+00 -2.17936264e-01 -1.10738429e-01 -1.15025265e-01 -1.01147047e-01 -7.45444067e-02 -4.75352544e-02 -2.33277585e-02 -3.57159305e-03 1.01427744e-02 1.62380310e-02 1.32665991e-02 4.07782955e-05 -2.42505406e-02 -5.99266687e-02 -1.06800522e-01 -1.64167846e-01 -2.30929709e-01 -3.05664931e-01 -3.86760019e-01 -4.72438752e-01 -5.60719794e-01 -6.49394987e-01 -7.35690539e-01 -8.15086237e-01 -8.85579909e-01 -9.54691488e-01 -9.85724102e-01 -9.83034932e-01 -9.86031476e-01 -9.69147514e-01 -9.04976541e-01 -8.27418346e-01 -7.38734305e-01 -6.38460943e-01 -5.31232202e-01 -4.20454272e-01 -3.08693672e-01 -1.98027148e-01 -9.02888396e-02 1.27237593e-02 1.09196915e-01 1.97257741e-01 2.75190774e-01 3.41606400e-01 3.95743946e-01 4.37599869e-01 4.67992878e-01 4.88449332e-01 5.01020732e-01 5.08050410e-01 5.11953368e-01 5.15021263e-01 5.19280162e-01 5.26385435e-01 5.37558452e-01 5.53556254e-01 5.74650258e-01 6.00655399e-01 6.30918848e-01 6.64393210e-01 6.99596710e-01 7.34713052e-01 7.67524473e-01 7.95603343e-01 8.16421580e-01 8.27777238e-01 8.27943164e-01 8.15693551e-01 7.90303129e-01 7.51743914e-01 7.00978669e-01 6.39702223e-01 5.70095481e-01 4.94371636e-01 4.14690098e-01 3.33002647e-01 2.51078968e-01 1.70526025e-01 9.27990118e-02 1.92596847e-02 -4.88878495e-02 -1.10577860e-01 -1.65002032e-01 -2.11610272e-01 -2.50200612e-01 -2.80879252e-01 -3.04061978e-01 -3.20380778e-01 -3.30619417e-01 -3.35609769e-01 -3.36160498e-01 -3.32986092e-01 -3.26666276e-01 -3.17623557e-01 -3.06119142e-01 -2.92184893e-01 -2.74045845e-01 -2.39774376e-01 -1.90080821e-01 -3.21094607e-01
2.20000000e+00 -2.18004435e-01 -1.09241089e-01 -1.12355368e-01 -1.00513481e-01 -7.46759001e-02 -4.79685268e-02 -2.40294641e-02 -4.54920280e-03 8.89416985e-03 1.47389580e-02 1.15555251e-02 -1.82274700e-03 -2.61829905e-02 -6.18165892e-02 -1.08512571e-01 -1.65548878e-01 -2.31829786e-01 -3.05957427e-01 -3.86374318e-01 -4.71378887e-01 -5.59089299e-01 -6.47398193e-01 -7.33575721e-01 -8.12870492e-01 -8.84268270e-01 -9.55208166e-01 -9.84325671e-01 -9.82692207e-01 -9.84487730e-01 -9.69256530e-01 -9.03972297e-01 -8.24892668e-01 -7.35831408e-01 -6.35449239e-01 -5.28437339e-01 -4.18240342e-01 -3.07309679e-01 -1.97591967e-01 -9.07821392e-02 1.14331347e-02 1.07322638e-01 1.95045004e-01 2.72878661e-01 3.39387738e-01 3.93754675e-01 4.35915328e-01 4.66645895e-01 4.87443460e-01 5.00346162e-01 5.07688592e-01 5.11878798e-01 5.15197698e-01 5.19658052e-01 5.26900409e-01 5.38134824e-01 5.54112345e-01 5.75109248e-01 6.00953645e-01 6.31018456e-01 6.64284885e-01 6.99304784e-01 7.34282661e-01 7.67010085e-01 7.95041576e-01 8.15822883e-01 8.27124479e-01 8.27204784e-01 8.14826837e-01 7.89255689e-01 7.50475015e-01 6.99486358e-01 6.38054075e-01 5.68414508e-01 4.92816809e-01 4.13413364e-01 3.32128722e-01 2.50679510e-01 1.70619718e-01 9.33487594e-02 2.01895910e-02 -4.76817281e-02 -1.09205384e-01 -1.63568421e-01 -2.10201150e-01 -2.48880565e-01 -2.79687969e-01 -3.03019951e-01 -3.19491259e-01 -3.29874531e-01 -3.34992887e-01 -3.35649810e-01 -3.32556467e-01 -3.26291237e-01 -3.17277552e-01 -3.05777239e-01 -2.91782263e-01 -2.73078264e-01 -2.37008716e-01 -1.90004289e-01 -3.27327808e-01
2.30000000e+00 -2.17766607e-01 -1.08087475e-01 -1.09572731e-01 -9.97678156e-02 -7.47980198e-02 -4.84219221e-02 -2.47642878e-02 -5.57186837e-03 7.58884092e-03 1.31725342e-02 9.76855986e-03 -3.76743859e-03 -2.81974872e-02 -6.37841534e-02 -1.10292289e-01 -1.66982377e-01 -2.32763003e-01 -3.06260942e-01 -3.85976365e-01 -4.70283561e-01 -5.57402553e-01 -6.45330661e-01 -7.31367675e-01 -8.10528260e-01 -8.82997176e-01 -9.55672262e-01 -9.82809974e-01 -9.82379565e-01 -9.82873062e-01 -9.69256530e-01 -9.02993885e-01 -8.22243224e-01 -7.32791730e-01 -6.32323432e-01 -5.25545106e-01 -4.15953215e-01 -3.05880374e-01 -1.97140593e-01 -9.12880886e-02 1.01024419e-02 1.05384325e-01 1.92749948e-01 2.70473669e-01 3.37073934e-01 3.91675640e-01 4.34151981e-01 4.65234505e-01 4.86388892e-01 4.99638552e-01 5.07308331e-01 5.11798747e-01 5.15379514e-01 5.20049705e-01 5.27434693e-01 5.38733025e-01 5.54689683e-01 5.75586134e-01 6.01264079e-01 6.31123134e-01 6.64173811e-01 6.99002812e-01 7.33835853e-01 7.66474390e-01 7.94454344e-01 8.15195008e-01 8.26438393e-01 8.26427882e-01 8.13914868e-01 7.88154944e-01 7.49144888e-01 6.97926337e-01 6.36335744e-01 5.66665840e-01 4.91202380e-01 4.12089361e-01 3.31223036e-01 2.50265333e-01 1.70716216e-01 9.39180586e-02 2.11540366e-02 -4.64288933e-02 -1.07777509e-01 -1.62074626e-01 -2.08730762e-01 -2.47501382e-01 -2.78441994e-01 -3.01929128e-01 -3.18559397e-01 -3.29093665e-01 -3.34345776e-01 -3.35113728e-01 -3.32105196e-01 -3.25897151e-01 -3.16913981e-01 -3.05417164e-01 -2.91344029e-01 -2.71984086e-01 -2.34180863e-01 -1.90474775e-01 -3.33334591e-01
2.40000000e+00 -2.17214121e-01 -1.07273466e-01 -1.06706326e-01 -9.89011959e-02 -7.49062529e-02 -4.88949907e-02 -2.55322654e-02 -6.63953435e-03 6.22697378e-03 1.15390988e-02 7.90623556e-03 -5.79251560e-03 -3.02929505e-02 -6.58280031e-02 -1.12138147e-01 -1.68466906e-01 -2.33728325e-01 -3.06575216e-01 -3.85566857e-01 -4.69154470e-01 -5.55662035e-01 -6.43195267e-01 -7.29064738e-01 -8.08061728e-01 -8.81781456e-01 -9.56054970e-01 -9.81201486e-01 -9.82072186e-01 -9.81209509e-01 -9.69124637e-01 -9.02047002e-01 -8.19474705e-01 -7.29614024e-01 -6.29086578e-01 -5.22559643e-01 -4.13596403e-01 -3.04408003e-01 -1.96673524e-01 -9.18055542e-02 8.73401165e-03 1.03384785e-01 1.90375213e-01 2.67977783e-01 3.34666189e-01 3.89507335e-01 4.32309868e-01 4.63758516e-01 4.85285384e-01 4.98897658e-01 5.06909382e-01 5.11712919e-01 5.15566316e-01 5.20454607e-01 5.27987678e-01 5.39352407e-01 5.55287677e-01 5.76080465e-01 6.01586489e-01 6.31232914e-01 6.64060280e-01 6.98691214e-01 7.33373094e-01 7.65917700e-01 7.93841747e-01 8.14537779e-01 8.25718592e-01 8.25611904e-01 8.12957000e-01 7.87000355e-01 7.47753287e-01 6.96298922e-01 6.34548101e-01 5.64850871e-01 4.89529940e-01 4.10719603e-01 3.30286668e-01 2.49836928e-01 1.70815341e-01 9.45061917e-02 2.21519429e-02 -4.51305295e-02 -1.06295339e-01 -1.60521519e-01 -2.07199711e-01 -2.46063397e-01 -2.77141453e-01 -3.00789484e-01 -3.17585075e-01 -3.28276644e-01 -3.33668230e-01 -3.34552032e-01 -3.31632053e-01 -3.25483803e-01 -3.16532623e-01 -3.05038230e-01 -2.90865554e-01 -2.70755956e-01 -2.31331185e-01 -1.91488579e-01 -3.39090974e-01
2.50000000e+00 -2.16342426e-01 -1.06787678e-01 -1.03787870e-01 -9.79060790e-02 -7.49954778e-02 -4.93871069e-02 -2.63334179e-02 -7.75214236e-03 4.80876378e-03 9.83900947e-03 5.96911407e-03 -7.89715656e-03 -3.24682509e-02 -6.79467285e-02 -1.14048572e-01 -1.70000992e-01 -2.34724704e-01 -3.06899996e-01 -3.85146512e-01 -4.67993348e-01 -5.53870311e-01 -6.40994879e-01 -7.26664796e-01 -8.05474923e-01 -8.80634190e-01 -9.56327367e-01 -9.79526114e-01 -9.81743788e-01 -9.79519494e-01 -9.68838911e-01 -9.01135271e-01 -8.16593269e-01 -7.26296974e-01 -6.25741691e-01 -5.19485203e-01 -4.11173477e-01 -3.02894840e-01 -1.96191276e-01 -9.23334030e-02 7.33019851e-03 1.01326876e-01 1.87923514e-01 2.65393074e-01 3.32165777e-01 3.87250300e-01 4.30389053e-01 4.62217740e-01 4.84132682e-01 4.98123224e-01 5.06491485e-01 5.11620998e-01 5.15757691e-01 5.20872222e-01 5.28558734e-01 5.39992297e-01 5.55905719e-01 5.76591774e-01 6.01920657e-01 6.31347827e-01 6.63944590e-01 6.98370419e-01 7.32894862e-01 7.65340334e-01 7.93203889e-01 8.13851015e-01 8.24964674e-01 8.24756277e-01 8.11952569e-01 7.85791375e-01 7.46299969e-01 6.94604454e-01 6.32692059e-01 5.62971043e-01 4.87801122e-01 4.09305638e-01 3.29320721e-01 2.49394795e-01 1.70916912e-01 9.51124287e-02 2.31822069e-02 -4.37878541e-02 -1.04760015e-01 -1.58910007e-01 -2.05608628e-01 -2.44566963e-01 -2.75786485e-01 -2.99600994e-01 -3.16568170e-01 -3.27423284e-01 -3.32960035e-01 -3.33964491e-01 -3.31136805e-01 -3.25050969e-01 -3.16133237e-01 -3.04639580e-01 -2.90341622e-01 -2.69388342e-01 -2.28503166e-01 -1.93032437e-01 -3.44578362e-01
2.60000000e+00 -2.15150998e-01 -1.06611916e-01 -1.00851117e-01 -9.67765802e-02 -7.50599864e-02 -4.98974354e-02 -2.71677444e-02 -8.90963055e-03 3.33441565e-03 8.07264300e-03 3.95778739e-03 -1.00804989e-02 -3.47222103e-02 -7.01388702e-02 -1.16021945e-01 -1.71583139e-01 -2.35751082e-01 -3.07235033e-01 -3.84716063e-01 -4.66801958e-01 -5.52030041e-01 -6.38732299e-01 -7.24165332e-01 -8.02773875e-01 -8.79566117e-01 -9.56461334e-01 -9.77810176e-01 -9.81367619e-01 -9.77824934e-01 -9.68379062e-01 -9.00259884e-01 -8.13606585e-01 -7.22839274e-01 -6.22291702e-01 -5.16326139e-01 -4.08688052e-01 -3.01343176e-01 -1.95694374e-01 -9.28705068e-02 5.89337339e-03 9.92135040e-02 1.85397642e-01 2.62721692e-01 3.29574044e-01 3.84905125e-01 4.28389624e-01 4.60611996e-01 4.82930527e-01 4.97314982e-01 5.06054364e-01 5.11522653e-01 5.15953206e-01 5.21301993e-01 5.29147207e-01 5.40652003e-01 5.56543183e-01 5.77119582e-01 6.02266357e-01 6.31467903e-01 6.63827046e-01 6.98040865e-01 7.32401646e-01 7.64742616e-01 7.92540874e-01 8.13134527e-01 8.24176224e-01 8.23860408e-01 8.10900892e-01 7.84527450e-01 7.44784699e-01 6.92843299e-01 6.30768568e-01 5.61027844e-01 4.86017601e-01 4.07849051e-01 3.28326318e-01 2.48939448e-01 1.71020752e-01 9.57360297e-02 2.42437039e-02 -4.24021154e-02 -1.03172715e-01 -1.57241036e-01 -2.03958178e-01 -2.43012455e-01 -2.74377240e-01 -2.98363640e-01 -3.15508561e-01 -3.26533397e-01 -3.32220969e-01 -3.33350866e-01 -3.30619207e-01 -3.24598415e-01 -3.15715554e-01 -3.04220151e-01 -2.89766476e-01 -2.67877941e-01 -2.25742502e-01 -1.95084059e-01 -3.49783502e-01
2.70000000e+00 -2.13643190e-01 -1.06721773e-01 -9.79310837e-02 -9.55088032e-02 -7.50935311e-02 -5.04248962e-02 -2.80352149e-02 -1.01119329e-02 1.80414375e-03 6.24039552e-03 1.87287830e-03 -1.23416384e-02 -3.70536018e-02 -7.24029205e-02 -1.18056611e-01 -1.73211824e-01 -2.36806394e-01 -3.07580088e-01 -3.84276259e-01 -4.65582091e-01 -5.50143975e-01 -6.36410209e-01 -7.21563510e-01 -7.99966730e-01 -8.78585100e-01 -9.56430470e-01 -9.76079372e-01 -9.80917452e-01 -9.76146350e-01 -9.67727118e-01 -8.99419290e-01 -8.10523819e-01 -7.19239731e-01 -6.18739424e-01 -5.13086891e-01 -4.06143782e-01 -2.99755318e-01 -1.95183356e-01 -9.34157463e-02 4.42591536e-03 9.70476131e-02 1.82800454e-01 2.59965872e-01 3.26892412e-01 3.82472454e-01 4.26311697e-01 4.58941108e-01 4.81678653e-01 4.96472649e-01 5.05597727e-01 5.11417533e-01 5.16152407e-01 5.21743344e-01 5.29752424e-01 5.41330812e-01 5.57199424e-01 5.77663396e-01 6.02623356e-01 6.31593170e-01 6.63707953e-01 6.97702996e-01 7.31893944e-01 7.64124878e-01 7.91852810e-01 8.12388124e-01 8.23352813e-01 8.22923682e-01 8.09801270e-01 7.83208020e-01 7.43207252e-01 6.91015854e-01 6.28778621e-01 5.59022807e-01 4.84181090e-01 4.06351451e-01 3.27304601e-01 2.48471408e-01 1.71126682e-01 9.63762469e-02 2.53352904e-02 -4.09745906e-02 -1.01534652e-01 -1.55515583e-01 -2.02249053e-01 -2.41400271e-01 -2.72913883e-01 -2.97077407e-01 -3.14406122e-01 -3.25606788e-01 -3.31450800e-01 -3.32710907e-01 -3.30079008e-01 -3.24125898e-01 -3.15279270e-01 -3.03778643e-01 -2.89133885e-01 -2.66224063e-01 -2.23096107e-01 -1.97612850e-01 -3.54698355e-01
2.80000000e+00 -2.11826009e-01 -1.07087348e-01 -9.50632240e-02 -9.41011367e-02 -7.50893955e-02 -5.09681292e-02 -2.89357601e-02 -1.13589780e-02 2.18172401e-04 4.34268312e-03 -2.84958963e-04 -1.46796287e-02 -3.94611502e-02 -7.47373246e-02 -1.20150875e-01 -1.74885506e-01 -2.37889574e-01 -3.07934926e-01 -3.83827862e-01 -4.64335568e-01 -5.48214954e-01 -6.34031110e-01 -7.18856281e-01 -7.97063791e-01 -8.77695657e-01 -9.56210961e-01 -9.74357779e-01 -9.80368553e-01 -9.74502027e-01 -9.66868046e-01 -8.98608965e-01 -8.07355573e-01 -7.15497387e-01 -6.15087505e-01 -5.09771969e-01 -4.03544353e-01 -2.98133577e-01 -1.94658774e-01 -9.39680154e-02 2.93020388e-03 9.48321775e-02 1.80134868e-01 2.57127923e-01 3.24122376e-01 3.79952985e-01 4.24155422e-01 4.57204910e-01 4.80376788e-01 4.95595928e-01 5.05121262e-01 5.11305267e-01 5.16354821e-01 5.22195674e-01 5.30373691e-01 5.42027993e-01 5.57873784e-01 5.78222712e-01 6.02991413e-01 6.31723653e-01 6.63587620e-01 6.97357262e-01 7.31372259e-01 7.63487458e-01 7.91139807e-01 8.11611610e-01 8.22493999e-01 8.21945469e-01 8.08652989e-01 7.81832521e-01 7.41567415e-01 6.89122544e-01 6.26723250e-01 5.56957507e-01 4.82293337e-01 4.04814473e-01 3.26256729e-01 2.47991207e-01 1.71234527e-01 9.70323257e-02 2.64558066e-02 -3.95065829e-02 -9.98470699e-02 -1.53734662e-01 -2.00481976e-01 -2.39730830e-01 -2.71396589e-01 -2.95742285e-01 -3.13260728e-01 -3.24643258e-01 -3.30649288e-01 -3.32044358e-01 -3.29515945e-01 -3.23633164e-01 -3.14824040e-01 -3.03313486e-01 -2.88437242e-01 -2.64428963e-01 -2.20611066e-01 -2.00580794e-01 -3.59319865e-01
2.90000000e+00 -2.09709834e-01 -1.07674072e-01 -9.22825820e-02 -9.25545101e-02 -7.50404914e-02 -5.15254599e-02 -2.98692600e-02 -1.26506883e-02 -1.42326379e-03 2.37994230e-03 -2.51503815e-03 -1.70934811e-02 -4.19435327e-02 -7.71404825e-02 -1.22303013e-01 -1.76602625e-01 -2.38999555e-01 -3.08299324e-01 -3.83371649e-01 -4.63064230e-01 -5.46245902e-01 -6.31597257e-01 -7.16040531e-01 -7.94077485e-01 -8.76898589e-01 -9.55782366e-01 -9.72666913e-01 -9.79698579e-01 -9.72907244e-01 -9.65790271e-01 -8.97821270e-01 -8.04113760e-01 -7.11611652e-01 -6.11338394e-01 -5.06385935e-01 -4.00893477e-01 -2.96480265e-01 -1.94121190e-01 -9.45262248e-02 1.40861121e-03 9.25701943e-02 1.77403858e-01 2.54210233e-01 3.21265508e-01 3.77347475e-01 4.21920978e-01 4.55403248e-01 4.79024656e-01 4.94684509e-01 5.04624642e-01 5.11185466e-01 5.16559954e-01 5.22658367e-01 5.31010293e-01 5.42742795e-01 5.58565586e-01 5.78797014e-01 6.03370280e-01 6.31859377e-01 6.63466359e-01 6.97004122e-01 7.30837102e-01 7.62830701e-01 7.90401976e-01 8.10804785e-01 8.21599328e-01 8.20925116e-01 8.07455321e-01 7.80400388e-01 7.39864989e-01 6.87163820e-01 6.24603529e-01 5.54833557e-01 4.80356124e-01 4.03239774e-01 3.25183874e-01 2.47499383e-01 1.71344117e-01 9.77035073e-02 2.76040793e-02 -3.79994200e-02 -9.81112464e-02 -1.51899318e-01 -1.98657702e-01 -2.38004577e-01 -2.69825550e-01 -2.94358270e-01 -3.12072251e-01 -3.23642600e-01 -3.29816189e-01 -3.31350951e-01 -3.28929748e-01 -3.23119948e-01 -3.14349466e-01 -3.02822808e-01 -2.87669687e-01 -2.62498126e-01 -2.18333554e-01 -2.03943476e-01 -3.63649652e-01
3.00000000e+00 -2.07308087e-01 -1.08443615e-01 -8.96229398e-02 -9.08725940e-02 -7.49394818e-02 -5.20948660e-02 -3.08355307e-02 -1.39869773e-02 -3.11991948e-03 3.52630443e-04 -4.81664034e-03 -1.95821637e-02 -4.44993792e-02 -7.96107506e-02 -1.24511268e-01 -1.78361609e-01 -2.40135273e-01 -3.08673069e-01 -3.82908407e-01 -4.61769947e-01 -5.44239819e-01 -6.29110593e-01 -7.13113244e-01 -7.91022258e-01 -8.76190709e-01 -9.55128300e-01 -9.71024896e-01 -9.78888377e-01 -9.71373615e-01 -9.64486102e-01 -8.97045394e-01 -8.00811426e-01 -7.07582462e-01 -6.07494306e-01 -5.02933379e-01 -3.98194884e-01 -2.94797686e-01 -1.93571173e-01 -9.50893054e-02 -1.36504928e-04 9.02646759e-02 1.74610446e-01 2.51215266e-01 3.18323458e-01 3.74656746e-01 4.19608581e-01 4.53535977e-01 4.77621976e-01 4.93738069e-01 5.04107519e-01 5.11057721e-01 5.16767290e-01 5.23130782e-01 5.31661495e-01 5.43474452e-01 5.59274138e-01 5.79385775e-01 6.03759699e-01 6.32000364e-01 6.63344478e-01 6.96644038e-01 7.30288987e-01 7.62154955e-01 7.89639427e-01 8.09967445e-01 8.20668334e-01 8.19861958e-01 8.06207528e-01 7.78911051e-01 7.38099793e-01 6.85140164e-01 6.22420572e-01 5.52652606e-01 4.78371262e-01 4.01629025e-01 3.24087219e-01 2.46996482e-01 1.71455285e-01 9.83890304e-02 2.87789250e-02 -3.64544510e-02 -9.63284866e-02 -1.50010633e-01 -1.96777013e-01 -2.36221976e-01 -2.68200972e-01 -2.92925365e-01 -3.10840564e-01 -3.22604606e-01 -3.28951246e-01 -3.30630411e-01 -3.28320138e-01 -3.22585970e-01 -3.13855088e-01 -3.02304406e-01 -2.86824264e-01 -2.60440476e-01 -2.16307761e-01 -2.07651214e-01 -3.67693636e-01
3.10000000e+00 -2.04636853e-01 -1.09354849e-01 -8.71159877e-02 -8.90619395e-02 -7.47789280e-02 -5.26739497e-02 -3.18343084e-02 -1.53677483e-02 -4.87153813e-03 -1.73877357e-03 -7.18901338e-03 -2.21446017e-02 -4.71272729e-02 -8.21464433e-02 -1.26773856e-01 -1.80160876e-01 -2.41295671e-01 -3.09055957e-01 -3.82438936e-01 -4.60454609e-01 -5.42199773e-01 -6.26572686e-01 -7.10071699e-01 -7.87914382e-01 -8.75564710e-01 -9.54236980e-01 -9.69445740e-01 -9.77922649e-01 -9.69908560e-01 -9.62952014e-01 -8.96267419e-01 -7.97462509e-01 -7.03410434e-01 -6.03557189e-01 -4.99418895e-01 -3.95452318e-01 -2.93088132e-01 -1.93009307e-01 -9.56562123e-02 -1.70280840e-03 8.79186424e-02 1.71757697e-01 2.48145557e-01 3.15297950e-01 3.71881679e-01 4.17218488e-01 4.51602973e-01 4.76168463e-01 4.92756270e-01 5.03569527e-01 5.10921601e-01 5.16976296e-01 5.23612262e-01 5.32326546e-01 5.44222180e-01 5.59998734e-01 5.79988460e-01 6.04159408e-01 6.32146634e-01 6.63222286e-01 6.96277478e-01 7.29728431e-01 7.61460574e-01 7.88852271e-01 8.09099384e-01 8.19700537e-01 8.18755311e-01 8.04908861e-01 7.77363946e-01 7.36271669e-01 6.83052088e-01 6.20175536e-01 5.50416337e-01 4.76340587e-01 3.99983913e-01 3.22967958e-01 2.46483051e-01 1.71567867e-01 9.90881325e-02 2.99791520e-02 -3.48730448e-02 -9.45001235e-02 -1.48069718e-01 -1.94840723e-01 -2.34383521e-01 -2.66523075e-01 -2.91443581e-01 -3.09565540e-01 -3.21529060e-01 -3.28054198e-01 -3.29882454e-01 -3.27686825e-01 -3.22030937e-01 -3.13340365e-01 -3.01755721e-01 -2.85894106e-01 -2.58268510e-01 -2.14574847e-01 -2.11650262e-01 -3.71461594e-01
3.20000000e+00 -2.01714473e-01 -1.10364849e-01 -8.47905399e-02 -8.71320447e-02 -7.45514609e-02 -5.32599131e-02 -3.28652325e-02 -1.67928906e-02 -6.67785137e-03 -3.89376890e-03 -9.63137129e-03 -2.47796766e-02 -4.98257513e-02 -8.47458352e-02 -1.29088971e-01 -1.81998838e-01 -2.42479704e-01 -3.09447797e-01 -3.81964045e-01 -4.59120133e-01 -5.40128879e-01 -6.23984675e-01 -7.06913687e-01 -7.84771692e-01 -8.75009153e-01 -9.53101613e-01 -9.67938809e-01 -9.76790461e-01 -9.68514927e-01 -9.61188807e-01 -8.95470483e-01 -7.94081554e-01 -6.99097038e-01 -5.99528709e-01 -4.95847056e-01 -3.92669529e-01 -2.91353876e-01 -1.92436180e-01 -9.62259274e-02 -3.28799145e-03 8.55351138e-02 1.68848716e-01 2.45003709e-01 3.12190789e-01 3.69023225e-01 4.14750995e-01 4.49604125e-01 4.74663831e-01 4.91738763e-01 5.03010283e-01 5.10776655e-01 5.17186414e-01 5.24102127e-01 5.33004672e-01 5.44985181e-01 5.60738657e-01 5.80604525e-01 6.04569133e-01 6.32298206e-01 6.63100088e-01 6.95904911e-01 7.29155948e-01 7.60747917e-01 7.88040618e-01 8.08200392e-01 8.18695448e-01 8.17604475e-01 8.03558565e-01 7.75758507e-01 7.34380478e-01 6.80900133e-01 6.17869616e-01 5.48126463e-01 4.74265963e-01 3.98306131e-01 3.21827292e-01 2.45959645e-01 1.71681709e-01 9.98000523e-02 3.12035632e-02 -3.32565871e-02 -9.26275155e-02 -1.46077718e-01 -1.92849678e-01 -2.32489728e-01 -2.64792098e-01 -2.89912936e-01 -3.08247052e-01 -3.20415742e-01 -3.27124776e-01 -3.29106787e-01 -3.27029512e-01 -3.21454539e-01 -3.12804666e-01 -3.01173821e-01 -2.84872639e-01 -2.55998340e-01 -2.13171951e-01 -2.15884078e-01 -3.74966678e-01
3.30000000e+00 -1.98561109e-01 -1.11429896e-01 -8.26718168e-02 -8.50953453e-02 -7.42499715e-02 -5.38495427e-02 -3.39278262e-02 -1.82622765e-02 -8.53857837e-03 -6.11183213e-03 -1.21428937e-02 -2.74862263e-02 -5.25933068e-02 -8.74071630e-02 -1.31454785e-01 -1.83873902e-01 -2.43686336e-01 -3.09848410e-01 -3.81484553e-01 -4.57768462e-01 -5.38030280e-01 -6.21347221e-01 -7.03637734e-01 -7.81613234e-01 -8.74508606e-01 -9.51720618e-01 -9.66508439e-01 -9.75485578e-01 -9.67190786e-01 -9.59201601e-01 -8.94635052e-01 -7.90683366e-01 -6.94644762e-01 -5.95410233e-01 -4.92222375e-01 -3.89850269e-01 -2.89597172e-01 -1.91852391e-01 -9.67974627e-02 -4.88978107e-03 8.31171036e-02 1.65886634e-01 2.41792394e-01 3.09003854e-01 3.66082404e-01 4.12206442e-01 4.47539344e-01 4.73107792e-01 4.90685183e-01 5.02429380e-01 5.10622412e-01 5.17397066e-01 5.24599680e-01 5.33695084e-01 5.45762641e-01 5.61493173e-01 5.81233417e-01 6.04988595e-01 6.32455096e-01 6.62978187e-01 6.95526812e-01 7.28572056e-01 7.60017347e-01 7.87204575e-01 8.07270257e-01 8.17652565e-01 8.16408738e-01 8.02155877e-01 7.74094174e-01 7.32426108e-01 6.78684872e-01 6.15504052e-01 5.45784725e-01 4.72149273e-01 3.96597381e-01 3.20666425e-01 2.45426818e-01 1.71796660e-01 1.00524031e-01 3.24509594e-02 -3.16064783e-02 -9.07120445e-02 -1.44035807e-01 -1.90804749e-01 -2.30541138e-01 -2.63008295e-01 -2.88333457e-01 -3.06884974e-01 -3.19264432e-01 -3.26162704e-01 -3.28303110e-01 -3.26347892e-01 -3.20856448e-01 -3.12247248e-01 -3.00555395e-01 -2.83753817e-01 -2.53649639e-01 -2.12131290e-01 -2.20294591e-01 -3.78224885e-01
3.40000000e+00 -1.95198303e-01 -1.12506471e-01 -8.07808141e-02 -8.29671246e-02 -7.38678185e-02 -5.44392022e-02 -3.50214749e-02 -1.97757560e-02 -1.04534250e-02 -8.39241671e-03 -1.47227254e-02 -3.02630453e-02 -5.54283874e-02 -9.01286272e-02 -1.33869452e-01 -1.85784478e-01 -2.44914550e-01 -3.10257629e-01 -3.81001288e-01 -4.56401566e-01 -5.35907121e-01 -6.18660466e-01 -7.00243341e-01 -7.78458860e-01 -8.74043917e-01 -9.50097665e-01 -9.65153760e-01 -9.74006606e-01 -9.65929399e-01 -9.56999690e-01 -8.93739302e-01 -7.87282638e-01 -6.90057274e-01 -5.91202834e-01 -4.88549277e-01 -3.86998286e-01 -2.87820244e-01 -1.91258544e-01 -9.73698632e-02 -6.50594506e-03 8.06676105e-02 1.62874610e-01 2.38514346e-01 3.05739103e-01 3.63060308e-01 4.09585217e-01 4.45408562e-01 4.71500057e-01 4.89595155e-01 5.01826394e-01 5.10458376e-01 5.17607653e-01 5.25104203e-01 5.34396975e-01 5.46553733e-01 5.62261540e-01 5.81874577e-01 6.05417508e-01 6.32617317e-01 6.62856878e-01 6.95143657e-01 7.27977267e-01 7.59269228e-01 7.86344250e-01 8.06308765e-01 8.16571376e-01 8.15167375e-01 8.00700031e-01 7.72370393e-01 7.30408474e-01 6.76406908e-01 6.13080119e-01 5.43392888e-01 4.69992417e-01 3.94859365e-01 3.19486566e-01 2.44885129e-01 1.71912577e-01 1.01259315e-01 3.37201407e-02 -2.99241311e-02 -8.87551139e-02 -1.41945191e-01 -1.88706842e-01 -2.28538322e-01 -2.61171937e-01 -2.86705181e-01 -3.05479183e-01 -3.18074901e-01 -3.25167698e-01 -3.27471112e-01 -3.25641648e-01 -3.20236309e-01 -3.11667239e-01 -2.99896749e-01 -2.82532372e-01 -2.51245489e-01 -2.11479370e-01 -2.24823469e-01 -3.81254519e-01
3.50000000e+00 -1.91648525e-01 -1.13552206e-01 -7.91337753e-02 -8.07653404e-02 -7.33990474e-02 -5.50248357e-02 -3.61454043e-02 -2.13331520e-02 -1.24220826e-02 -1.07349524e-02 -1.73699756e-02 -3.31088838e-02 -5.83293983e-02 -9.29083948e-02 -1.36331114e-01 -1.87728979e-01 -2.46163344e-01 -3.10675301e-01 -3.80515084e-01 -4.55021448e-01 -5.33762515e-01 -6.15924017e-01 -6.96731214e-01 -7.75328752e-01 -8.73592626e-01 -9.48241528e-01 -9.63868713e-01 -9.72356946e-01 -9.64719368e-01 -9.54596241e-01 -8.92759595e-01 -7.83893542e-01 -6.85339564e-01 -5.86907306e-01 -4.84832059e-01 -3.84117316e-01 -2.86025290e-01 -1.90655250e-01 -9.79422090e-02 -8.13429764e-03 7.81896122e-02 1.59815817e-01 2.35172358e-01 3.02398572e-01 3.59958101e-01 4.06887759e-01 4.43211736e-01 4.69840339e-01 4.88468288e-01 5.01200881e-01 5.10284033e-01 5.17817555e-01 5.25614960e-01 5.35109523e-01 5.47357620e-01 5.63043003e-01 5.82527439e-01 6.05855576e-01 6.32784882e-01 6.62736453e-01 6.94755920e-01 7.27372090e-01 7.58503929e-01 7.85459744e-01 8.05315698e-01 8.15451360e-01 8.13879648e-01 7.99190261e-01 7.70586620e-01 7.28327520e-01 6.74066876e-01 6.10599134e-01 5.40952740e-01 4.67797310e-01 3.93093785e-01 3.18288925e-01 2.44335134e-01 1.72029326e-01 1.02005155e-01 3.50099100e-02 -2.82109677e-02 -8.67581466e-02 -1.39807102e-01 -1.86556889e-01 -2.26481875e-01 -2.59283314e-01 -2.85028155e-01 -3.04029556e-01 -3.16846921e-01 -3.24139469e-01 -3.26610477e-01 -3.24910455e-01 -3.19593743e-01 -3.11063616e-01 -2.99193828e-01 -2.81204067e-01 -2.48812120e-01 -2.11236326e-01 -2.29413342e-01 -3.84075631e-01
3.60000000e+00 -1.87934735e-01 -1.14526776e-01 -7.77417840e-02 -7.85103718e-02 -7.28386150e-02 -5.56019840e-02 -3.72986565e-02 -2.29342531e-02 -1.44442271e-02 -1.31388445e-02 -2.00837179e-02 -3.60224487e-02 -6.12947022e-02 -9.57446015e-02 -1.38837901e-01 -1.89705822e-01 -2.47431738e-01 -3.11101288e-01 -3.80026786e-01 -4.53630141e-01 -5.31599507e-01 -6.13136937e-01 -6.93103491e-01 -7.72242904e-01 -8.73129495e-01 -9.46165768e-01 -9.62642256e-01 -9.70544552e-01 -9.63544953e-01 -9.52007853e-01 -8.91671030e-01 -7.80529304e-01 -6.80498075e-01 -5.82524191e-01 -4.81074850e-01 -3.81211081e-01 -2.84214475e-01 -1.90043126e-01 -9.85136178e-02 -9.77270474e-03 7.56860580e-02 1.56713444e-01 2.31769281e-01 2.98984371e-01 3.56777025e-01 4.04114556e-01 4.40948849e-01 4.68128353e-01 4.87304182e-01 5.00552373e-01 5.10098842e-01 5.18026128e-01 5.26131197e-01 5.35831886e-01 5.48173451e-01 5.63836796e-01 5.83191433e-01 6.06302497e-01 6.32957796e-01 6.62617196e-01 6.94364078e-01 7.26757029e-01 7.57721818e-01 7.84551158e-01 8.04290838e-01 8.14291987e-01 8.12544809e-01 7.97625799e-01 7.68742320e-01 7.26183225e-01 6.71665443e-01 6.08062453e-01 5.38466089e-01 4.65565879e-01 3.91302338e-01 3.17074707e-01 2.43777390e-01 1.72146781e-01 1.02760810e-01 3.63190748e-02 -2.64684179e-02 -8.47225832e-02 -1.37622802e-01 -1.84355852e-01 -2.24372419e-01 -2.57342736e-01 -2.83302437e-01 -3.02535974e-01 -3.15580260e-01 -3.23077720e-01 -3.25720878e-01 -3.24153977e-01 -3.18928337e-01 -3.10435190e-01 -2.98442238e-01 -2.79765967e-01 -2.46378562e-01 -2.11415412e-01 -2.34008942e-01 -3.86709467e-01
3.70000000e+00 -1.84079956e-01 -1.15392706e-01 -7.66104847e-02 -7.62246873e-02 -7.21826148e-02 -5.61658148e-02 -3.84800659e-02 -2.45788063e-02 -1.65195174e-02 -1.56034734e-02 -2.28629894e-02 -3.90024032e-02 -6.43226212e-02 -9.86353536e-02 -1.41387935e-01 -1.91713439e-01 -2.48718775e-01 -3.11535465e-01 -3.79537247e-01 -4.52229712e-01 -5.29421030e-01 -6.10297767e-01 -6.89363942e-01 -7.69220580e-01 -8.72627160e-01 -9.43888238e-01 -9.61458767e-01 -9.68581518e-01 -9.62386566e-01 -9.49253990e-01 -8.90448080e-01 -7.77201780e-01 -6.75540802e-01 -5.78053833e-01 -4.77281566e-01 -3.78283272e-01 -2.82389931e-01 -1.89422791e-01 -9.90832474e-02 -1.14190887e-02 7.31598625e-02 1.53570680e-01 2.28308015e-01 2.95498686e-01 3.53518399e-01 4.01266155e-01 4.38619915e-01 4.66363817e-01 4.86102421e-01 4.99880384e-01 5.09902243e-01 5.18232708e-01 5.26652140e-01 5.36563212e-01 5.49000363e-01 5.64642146e-01 5.83865979e-01 6.06757961e-01 6.33136066e-01 6.62499385e-01 6.93968602e-01 7.26132583e-01 7.56923265e-01 7.83618590e-01 8.03233962e-01 8.13092717e-01 8.11162103e-01 7.96005878e-01 7.66836971e-01 7.23975596e-01 6.69203313e-01 6.05471466e-01 5.35934761e-01 4.63300059e-01 3.89486715e-01 3.15845116e-01 2.43212454e-01 1.72264823e-01 1.03525551e-01 3.76464498e-02 -2.46979160e-02 -8.26498796e-02 -1.35393579e-01 -1.82104723e-01 -2.22210605e-01 -2.55350532e-01 -2.81528098e-01 -3.00998322e-01 -3.14274683e-01 -3.21982150e-01 -3.24801983e-01 -3.23371866e-01 -3.18239638e-01 -3.09780579e-01 -2.97637300e-01 -2.78216690e-01 -2.43976189e-01 -2.12022662e-01 -2.38558170e-01 -3.89177931e-01
3.80000000e+00 -1.80106876e-01 -1.16116087e-01 -7.57399420e-02 -7.39324426e-02 -7.14284947e-02 -5.67111673e-02 -3.96882359e-02 -2.62665077e-02 -1.86475936e-02 -1.81281939e-02 -2.57067905e-02 -4.20473674e-02 -6.74114375e-02 -1.01578731e-01 -1.43979332e-01 -1.93750270e-01 -2.50023520e-01 -3.11977722e-01 -3.79047330e-01 -4.50822265e-01 -5.27229857e-01 -6.07404562e-01 -6.85518142e-01 -7.66279748e-01 -8.72056858e-01 -9.41430446e-01 -9.60298606e-01 -9.66483489e-01 -9.61221392e-01 -9.46356306e-01 -8.89065256e-01 -7.73921036e-01 -6.70477352e-01 -5.73496438e-01 -4.73455875e-01 -3.75337548e-01 -2.80553754e-01 -1.88794869e-01 -9.96502967e-02 -1.30714328e-02 7.06138991e-02 1.50390716e-01 2.24791509e-01 2.91943778e-01 3.50183619e-01 3.98343160e-01 4.36224977e-01 4.64546454e-01 4.84862580e-01 4.99184408e-01 5.09693650e-01 5.18436609e-01 5.27176996e-01 5.37302629e-01 5.49837486e-01 5.65458271e-01 5.84550498e-01 6.07221652e-01 6.33319692e-01 6.62383287e-01 6.93569965e-01 7.25499241e-01 7.56108640e-01 7.82662131e-01 8.02144846e-01 8.11853002e-01 8.09730765e-01 7.94329737e-01 7.64870066e-01 7.21704679e-01 6.66681219e-01 6.02827600e-01 5.33360593e-01 4.61001788e-01 3.87648596e-01 3.14601350e-01 2.42640879e-01 1.72383344e-01 1.04298655e-01 3.89908587e-02 -2.29008990e-02 -8.05415053e-02 -1.33120746e-01 -1.79804522e-01 -2.19997111e-01 -2.53307050e-01 -2.79705220e-01 -2.99416488e-01 -3.12929955e-01 -3.20852451e-01 -3.23853450e-01 -3.22563764e-01 -3.17527147e-01 -3.09098190e-01 -2.96774102e-01 -2.76556666e-01 -2.41638187e-01 -2.13056712e-01 -2.43013025e-01 -3.91503070e-01
3.90000000e+00 -1.76037479e-01 -1.16667178e-01 -7.51246398e-02 -7.16590148e-02 -7.05752602e-02 -5.72326136e-02 -4.09215153e-02 -2.79969918e-02 -2.08280745e-02 -2.07123342e-02 -2.86140847e-02 -4.51559184e-02 -7.05593953e-02 -1.04572790e-01 -1.46610209e-01 -1.95814776e-01 -2.51345065e-01 -3.12427965e-01 -3.78557907e-01 -4.49409937e-01 -5.25028550e-01 -6.04454954e-01 -6.81573610e-01 -7.63436532e-01 -8.71389235e-01 -9.38816784e-01 -9.59138830e-01 -9.64268938e-01 -9.60024148e-01 -9.43337884e-01 -8.87497815e-01 -7.70694964e-01 -6.65318975e-01 -5.68852160e-01 -4.69601144e-01 -3.72377522e-01 -2.78708007e-01 -1.88159986e-01 -1.00214008e-01 -1.47277851e-02 6.80509937e-02 1.47176733e-01 2.21222754e-01 2.88321981e-01 3.46774165e-01 3.95346235e-01 4.33764115e-01 4.62675995e-01 4.83584224e-01 4.98463914e-01 5.09472454e-01 5.18637122e-01 5.27704957e-01 5.38049255e-01 5.50683939e-01 5.66284380e-01 5.85244403e-01 6.07693249e-01 6.33508668e-01 6.62269164e-01 6.93168629e-01 7.24857486e-01 7.55278307e-01 7.81681871e-01 8.01023265e-01 8.10572289e-01 8.08250027e-01 7.92596620e-01 7.62841119e-01 7.19370557e-01 6.64099931e-01 6.00132317e-01 5.30745438e-01 4.58673007e-01 3.85789648e-01 3.13344598e-01 2.42063216e-01 1.72502243e-01 1.05079416e-01 4.03511367e-02 -2.10788033e-02 -7.83989412e-02 -1.30805638e-01 -1.77456297e-01 -2.17732644e-01 -2.51212661e-01 -2.77833900e-01 -2.97790365e-01 -3.11545838e-01 -3.19688309e-01 -3.22874931e-01 -3.21729299e-01 -3.16790309e-01 -3.08386202e-01 -2.95847591e-01 -2.74788354e-01 -2.39398937e-01 -2.14508812e-01 -2.47330409e-01 -3.93706601e-01
4.00000000e+00 -1.71892718e-01 -1.17020886e-01 -7.47536212e-02 -6.94304839e-02 -6.96236574e-02 -5.77245362e-02 -4.21779775e-02 -2.97698207e-02 -2.30605559e-02 -2.33551955e-02 -3.15837982e-02 -4.83265909e-02 -7.37647019e-02 -1.07615564e-01 -1.49278682e-01 -1.97905433e-01 -2.52682530e-01 -3.12886117e-01 -3.78069864e-01 -4.47994898e-01 -5.22819403e-01 -6.01446248e-01 -6.77539893e-01 -7.60704676e-01 -8.70595188e-01 -9.36073663e-01 -9.57954033e-01 -9.61958336e-01 -9.58767920e-01 -9.40222418e-01 -8.85722467e-01 -7.67528932e-01 -6.60078539e-01 -5.64121201e-01 -4.65720408e-01 -3.69406749e-01 -2.76854716e-01 -1.87518770e-01 -1.00773668e-01 -1.63862617e-02 6.54739192e-02 1.43931901e-01 2.17604780e-01 2.84635699e-01 3.43291595e-01 3.92276109e-01 4.31237445e-01 4.60752178e-01 4.82266904e-01 4.97718354e-01 5.09238023e-01 5.18833516e-01 5.28235194e-01 5.38802193e-01 5.51538833e-01 5.67119679e-01 5.85947103e-01 6.08172421e-01 6.33702987e-01 6.62157265e-01 6.92765055e-01 7.24207791e-01 7.54432632e-01 7.80677893e-01 7.99868987e-01 8.09250015e-01 8.06719114e-01 7.90805780e-01 7.60749661e-01 7.16973349e-01 6.61460257e-01 5.97387107e-01 5.28091156e-01 4.56315653e-01 3.83911524e-01 3.12076038e-01 2.41480012e-01 1.72621430e-01 1.05867138e-01 4.17261323e-02 -1.92330633e-02 -7.62236777e-02 -1.28449616e-01 -1.75061123e-01 -2.15417938e-01 -2.49067759e-01 -2.75914248e-01 -2.96119851e-01 -3.10122094e-01 -3.18489406e-01 -3.21866068e-01 -3.20868085e-01 -3.16028506e-01 -3.07642547e-01 -2.94852665e-01 -2.72916447e-01 -2.37293345e-01 -2.16363009e-01 -2.51472783e-01 -3.95809472e-01
4.10000000e+00 -1.67692230e-01 -1.17157113e-01 -7.46107643e-02 -6.72730759e-02 -6.85763262e-02 -5.81812214e-02 -4.34554025e-02 -3.15844697e-02 -2.53446064e-02 -2.60560508e-02 -3.46148194e-02 -5.15578777e-02 -7.70255294e-02 -1.10705069e-01 -1.51982874e-01 -2.00020742e-01 -2.54035063e-01 -3.13352115e-01 -3.77584101e-01 -4.46579346e-01 -5.20604390e-01 -5.98375530e-01 -6.73428601e-01 -7.58095064e-01 -8.69646719e-01 -9.33228573e-01 -9.56717259e-01 -9.59573229e-01 -9.57425080e-01 -9.37033365e-01 -8.83718054e-01 -7.64425492e-01 -6.54770461e-01 -5.59303925e-01 -4.61816326e-01 -3.66428708e-01 -2.74995875e-01 -1.86871849e-01 -1.01328610e-01 -1.80450502e-02 6.28853896e-02 1.40659367e-01 2.13940649e-01 2.80887408e-01 3.39737551e-01 3.89133576e-01 4.28645122e-01 4.58774753e-01 4.80910163e-01 4.96947157e-01 5.08989700e-01 5.19025038e-01 5.28766862e-01 5.39560533e-01 5.52401271e-01 5.67963364e-01 5.86658006e-01 6.08658834e-01 6.33902632e-01 6.62047832e-01 6.92359693e-01 7.23550617e-01 7.53571972e-01 7.79650277e-01 7.98681781e-01 8.07885616e-01 8.05137253e-01 7.88956476e-01 7.58595249e-01 7.14513214e-01 6.58763037e-01 5.94593493e-01 5.25399618e-01 4.53931658e-01 3.82015859e-01 3.10796836e-01 2.40891812e-01 1.72740824e-01 1.06661143e-01 4.31147094e-02 -1.73651080e-02 -7.40172124e-02 -1.26054059e-01 -1.72620105e-01 -2.13053757e-01 -2.46872757e-01 -2.73946390e-01 -2.94404851e-01 -3.08658486e-01 -3.17255419e-01 -3.20826499e-01 -3.19979721e-01 -3.15241043e-01 -3.06864903e-01 -2.93784291e-01 -2.70948032e-01 -2.35356119e-01 -2.18596502e-01 -2.55408658e-01 -3.97831483e-01
4.20000000e+00 -1.63454097e-01 -1.17060978e-01 -7.46751868e-02 -6.52125785e-02 -6.74379191e-02 -5.85969689e-02 -4.47512620e-02 -3.34403142e-02 -2.76797649e-02 -2.88141446e-02 -3.77059992e-02 -5.48482306e-02 -8.03400165e-02 -1.13839305e-01 -1.54720911e-01 -2.02159226e-01 -2.55401842e-01 -3.13825914e-01 -3.77101535e-01 -4.45165499e-01 -5.18385107e-01 -5.95239810e-01 -6.69253376e-01 -7.55615293e-01 -8.68517780e-01 -9.30309109e-01 -9.55400984e-01 -9.57135284e-01 -9.55968209e-01 -9.33793099e-01 -8.81466201e-01 -7.61384160e-01 -6.49410588e-01 -5.54400991e-01 -4.57891147e-01 -3.63446789e-01 -2.73133443e-01 -1.86219853e-01 -1.01878211e-01 -1.97024121e-02 6.02880547e-02 1.37362254e-01 2.10233452e-01 2.77079649e-01 3.36113758e-01 3.85919501e-01 4.25987341e-01 4.56743480e-01 4.79513536e-01 4.96149730e-01 5.08726805e-01 5.19210913e-01 5.29299098e-01 5.40323354e-01 5.53270350e-01 5.68814632e-01 5.87376514e-01 6.09152149e-01 6.34107581e-01 6.61941096e-01 6.91952984e-01 7.22886417e-01 7.52696681e-01 7.78599096e-01 7.97461410e-01 8.06478519e-01 8.03503668e-01 7.87047984e-01 7.56377465e-01 7.11990353e-01 6.56009151e-01 5.91753025e-01 5.22672695e-01 4.51522943e-01 3.80104268e-01 3.09508146e-01 2.40299154e-01 1.72860353e-01 1.07460767e-01 4.45157485e-02 -1.54763593e-02 -7.17810485e-02 -1.23620366e-01 -1.70134372e-01 -2.10640893e-01 -2.44628094e-01 -2.71930467e-01 -2.92645277e-01 -3.07154774e-01 -3.15986020e-01 -3.19755851e-01 -3.19063785e-01 -3.14427136e-01 -3.06050679e-01 -2.92637646e-01 -2.68892700e-01 -2.33621024e-01 -2.21180159e-01 -2.59112926e-01 -3.99790959e-01
4.30000000e+00 -1.59194665e-01 -1.16722902e-01 -7.49217665e-02 -6.32737482e-02 -6.62151781e-02 -5.89662156e-02 -4.60627105e-02 -3.53366131e-02 -3.00655356e-02 -3.16286911e-02 -4.08561505e-02 -5.81960609e-02 -8.37062702e-02 -1.17016258e-01 -1.57490933e-01 -2.04319435e-01 -2.56782077e-01 -3.14307488e-01 -3.76623105e-01 -4.43755584e-01 -5.16162724e-01 -5.92036180e-01 -6.65029806e-01 -7.53269335e-01 -8.67185062e-01 -9.27342007e-01 -9.53978103e-01 -9.54665325e-01 -9.54371032e-01 -9.30522095e-01 -8.78951886e-01 -7.58401269e-01 -6.44016020e-01 -5.49413489e-01 -4.53946687e-01 -3.60464272e-01 -2.71269349e-01 -1.85563412e-01 -1.02421899e-01 -2.13566849e-02 5.76844958e-02 1.34043654e-01 2.06486299e-01 2.73215028e-01 3.32422022e-01 3.82634818e-01 4.23264344e-01 4.54658136e-01 4.78076548e-01 4.95325462e-01 5.08448630e-01 5.19390343e-01 5.29831021e-01 5.41089722e-01 5.54145158e-01 5.69672671e-01 5.88102029e-01 6.09652020e-01 6.34317806e-01 6.61837276e-01 6.91545358e-01 7.22215630e-01 7.51807104e-01 7.77524421e-01 7.96207635e-01 8.05028149e-01 8.01817583e-01 7.85079591e-01 7.54095920e-01 7.09405007e-01 6.53199516e-01 5.88867277e-01 5.19912266e-01 4.49091419e-01 3.78178346e-01 3.08211102e-01 2.39702571e-01 1.72979956e-01 1.08265366e-01 4.59281491e-02 -1.35682293e-02 -6.95166924e-02 -1.21149954e-01 -1.67605079e-01 -2.08180165e-01 -2.42334232e-01 -2.69866636e-01 -2.90841049e-01 -3.05610723e-01 -3.14680879e-01 -3.18653745e-01 -3.18119834e-01 -3.13585902e-01 -3.05197019e-01 -2.91408259e-01 -2.66762614e-01 -2.32120119e-01 -2.24079186e-01 -2.62567022e-01 -4.01704485e-01
4.40000000e+00 -1.54928404e-01 -1.16138558e-01 -7.53217645e-02 -6.14797215e-02 -6.49169651e-02 -5.92836724e-02 -4.73865819e-02 -3.72724927e-02 -3.25013833e-02 -3.44988736e-02 -4.40640483e-02 -6.15997406e-02 -8.71223678e-02 -1.20233904e-01 -1.60291091e-01 -2.06499951e-01 -2.58175008e-01 -3.14796827e-01 -3.76149771e-01 -4.42351824e-01 -5.13937931e-01 -5.88761995e-01 -6.60775258e-01 -7.51057285e-01 -8.65628723e-01 -9.24352199e-01 -9.52422893e-01 -9.52182398e-01 -9.52609297e-01 -9.27238179e-01 -8.76163933e-01 -7.55469922e-01 -6.38604885e-01 -5.44343093e-01 -4.49984306e-01 -3.57484302e-01 -2.69405490e-01 -1.84903156e-01 -1.02959147e-01 -2.30062840e-02 5.50772203e-02 1.30706620e-01 2.02702321e-01 2.69296214e-01 3.28664234e-01 3.79280536e-01 4.20476419e-01 4.52518512e-01 4.76598717e-01 4.94473719e-01 5.08154447e-01 5.19562509e-01 5.30361736e-01 5.41858695e-01 5.55024782e-01 5.70536670e-01 5.88833949e-01 6.10158097e-01 6.34533270e-01 6.61736583e-01 6.91137232e-01 7.21538684e-01 7.50903577e-01 7.76426314e-01 7.94920213e-01 8.03533930e-01 8.00078231e-01 7.83050599e-01 7.51750256e-01 7.06757459e-01 6.50335087e-01 5.85937844e-01 5.17120207e-01 4.46638977e-01 3.76239662e-01 3.06906822e-01 2.39102594e-01 1.73099578e-01 1.09074312e-01 4.73508308e-02 -1.16421183e-02 -6.72256520e-02 -1.18644257e-01 -1.65033408e-01 -2.05672424e-01 -2.39991658e-01 -2.67755072e-01 -2.88992094e-01 -3.04026095e-01 -3.13339661e-01 -3.17519793e-01 -3.17147402e-01 -3.12716345e-01 -3.04300806e-01 -2.90092180e-01 -2.64572505e-01 -2.30883018e-01 -2.27253917e-01 -2.65758928e-01 -4.03586698e-01
4.50000000e+00 -1.50667829e-01 -1.15308706e-01 -7.58435323e-02 -5.98514495e-02 -6.35542408e-02 -5.95444713e-02 -4.87193933e-02 -3.92469292e-02 -3.49867277e-02 -3.74238434e-02 -4.73284296e-02 -6.50576031e-02 -9.05863586e-02 -1.23490211e-01 -1.63119551e-01 -2.08699384e-01 -2.59579906e-01 -3.15293942e-01 -3.75682522e-01 -4.40956417e-01 -5.11710907e-01 -5.85415065e-01 -6.56508655e-01 -7.48975222e-01 -8.63833007e-01 -9.21361951e-01 -9.50711921e-01 -9.49702902e-01 -9.50661586e-01 -9.23955865e-01 -8.73095387e-01 -7.52580030e-01 -6.33196064e-01 -5.39192207e-01 -4.46004901e-01 -3.54509870e-01 -2.67543735e-01 -1.84239714e-01 -1.03489477e-01 -2.46497040e-02 5.24686585e-02 1.27354162e-01 1.98884657e-01 2.65325936e-01 3.24842366e-01 3.75857738e-01 4.17623904e-01 4.50324417e-01 4.75079555e-01 4.93593849e-01 5.07843501e-01 5.19726568e-01 5.30890327e-01 5.42629317e-01 5.55908298e-01 5.71405814e-01 5.89571668e-01 6.10670027e-01 6.34753926e-01 6.61639214e-01 6.90729010e-01 7.20855993e-01 7.49986425e-01 7.75304833e-01 7.93598895e-01 8.01995281e-01 7.98284845e-01 7.80960331e-01 7.49340150e-01 7.04048035e-01 6.47416857e-01 5.82966345e-01 5.14298395e-01 4.44167491e-01 3.74289761e-01 3.05596405e-01 2.38499743e-01 1.73219178e-01 1.09887000e-01 4.87827346e-02 -9.69941232e-03 -6.49094342e-02 -1.16104720e-01 -1.62420566e-01 -2.03118546e-01 -2.37600885e-01 -2.65595967e-01 -2.87098350e-01 -3.02400658e-01 -3.11962026e-01 -3.16353601e-01 -3.16145990e-01 -3.11817339e-01 -3.03358677e-01 -2.88686155e-01 -2.62339617e-01 -2.29936170e-01 -2.30660716e-01 -2.68683017e-01 -4.05450152e-01
4.60000000e+00 -1.46423469e-01 -1.14238908e-01 -7.64532849e-02 -5.84071693e-02 -6.21399906e-02 -5.97443196e-02 -5.00573581e-02 -4.12587310e-02 -3.75209366e-02 -4.04027179e-02 -5.06479935e-02 -6.85679447e-02 -9.40962664e-02 -1.26783142e-01 -1.65974498e-01 -2.10916379e-01 -2.60996076e-01 -3.15798863e-01 -3.75222377e-01 -4.39571514e-01 -5.09481283e-01 -5.81993862e-01 -6.52250184e-01 -7.47015184e-01 -8.61786751e-01 -9.18390094e-01 -9.48824856e-01 -9.47239834e-01 -9.48510014e-01 -9.20685808e-01 -8.69743777e-01 -7.49718458e-01 -6.27808871e-01 -5.33964113e-01 -4.42008905e-01 -3.51543778e-01 -2.65685923e-01 -1.83573718e-01 -1.04012458e-01 -2.62855196e-02 4.98611590e-02 1.23989245e-01 1.95036454e-01 2.61306977e-01 3.20958472e-01 3.72367586e-01 4.14707186e-01 4.48075683e-01 4.73518569e-01 4.92685179e-01 5.07515011e-01 5.19881656e-01 5.31415865e-01 5.43400627e-01 5.56794784e-01 5.72279288e-01 5.90314582e-01 6.11187453e-01 6.34979721e-01 6.61545356e-01 6.90321078e-01 7.20167957e-01 7.49055963e-01 7.74160028e-01 7.92243430e-01 8.00411623e-01 7.96436668e-01 7.78808129e-01 7.46865318e-01 7.01277106e-01 6.44445859e-01 5.79954414e-01 5.11448701e-01 4.41678811e-01 3.72330163e-01 3.04280928e-01 2.37894537e-01 1.73338719e-01 1.10702842e-01 5.02228250e-02 -7.74148102e-03 -6.25695437e-02 -1.13532803e-01 -1.59767780e-01 -2.00519437e-01 -2.35162449e-01 -2.63389534e-01 -2.85159764e-01 -3.00734181e-01 -3.10547634e-01 -3.15154764e-01 -3.15115069e-01 -3.10887616e-01 -3.02367045e-01 -2.87187800e-01 -2.60083570e-01 -2.29302197e-01 -2.34252968e-01 -2.71339752e-01 -4.07305237e-01
4.70000000e+00 -1.42203878e-01 -1.12939148e-01 -7.71159176e-02 -5.71619292e-02 -6.06890936e-02 -5.98796584e-02 -5.13964072e-02 -4.33065204e-02 -4.01033189e-02 -4.34345791e-02 -5.40214014e-02 -7.21290257e-02 -9.76500915e-02 -1.30110659e-01 -1.68854136e-01 -2.13149616e-01 -2.62422855e-01 -3.16311644e-01 -3.74770390e-01 -4.38199192e-01 -5.07248131e-01 -5.78497721e-01 -6.48020940e-01 -7.45165264e-01 -8.59483738e-01 -9.15451391e-01 -9.46745155e-01 -9.44802147e-01 -9.46140796e-01 -9.17434393e-01 -8.66111243e-01 -7.46869266e-01 -6.22462694e-01 -5.28663118e-01 -4.37996306e-01 -3.48588616e-01 -2.63833866e-01 -1.82905800e-01 -1.04527707e-01 -2.79123863e-02 4.72569860e-02 1.20614779e-01 1.91160857e-01 2.57242173e-01 3.17014686e-01 3.68811321e-01 4.11726710e-01 4.45772163e-01 4.71915263e-01 4.91747017e-01 5.07168175e-01 5.20026888e-01 5.31937403e-01 5.44171651e-01 5.57683309e-01 5.73156277e-01 5.91062082e-01 6.11710012e-01 6.35210590e-01 6.61455184e-01 6.89913806e-01 7.19474963e-01 7.48112492e-01 7.72991946e-01 7.90853559e-01 7.98782375e-01 7.94532953e-01 7.76593357e-01 7.44325514e-01 6.98445085e-01 6.41423166e-01 5.76903698e-01 5.08572991e-01 4.39174763e-01 3.70362355e-01 3.02961444e-01 2.37287485e-01 1.73458178e-01 1.11521274e-01 5.16700902e-02 -5.76967581e-03 -6.02074802e-02 -1.10929976e-01 -1.57076305e-01 -1.97876030e-01 -2.32676916e-01 -2.61136003e-01 -2.83176296e-01 -2.99026436e-01 -3.09096142e-01 -3.13922869e-01 -3.14054067e-01 -3.09925755e-01 -3.01322136e-01 -2.85595791e-01 -2.57826169e-01 -2.28999299e-01 -2.37982115e-01 -2.73735263e-01 -4.09160161e-01
4.80000000e+00 -1.38015702e-01 -1.11423350e-01 -7.77958449e-02 -5.61271814e-02 -5.92181372e-02 -5.99478207e-02 -5.27322215e-02 -4.53887163e-02 -4.27331156e-02 -4.65184720e-02 -5.74472768e-02 -7.57390717e-02 -1.01245813e-01 -1.33470726e-01 -1.71756694e-01 -2.15397812e-01 -2.63859613e-01 -3.16832361e-01 -3.74327649e-01 -4.36841421e-01 -5.05009955e-01 -5.74927051e-01 -6.43842523e-01 -7.43409830e-01 -8.56922913e-01 -9.12556044e-01 -9.44460600e-01 -9.42394279e-01 -9.43544661e-01 -9.14203474e-01 -8.62204520e-01 -7.44014044e-01 -6.17176609e-01 -5.23294675e-01 -4.33966672e-01 -3.45646730e-01 -2.61989347e-01 -1.82236597e-01 -1.05034890e-01 -2.95290407e-02 4.46583160e-02 1.17233616e-01 1.87261004e-01 2.53134408e-01 3.13013223e-01 3.65190264e-01 4.08682976e-01 4.43413737e-01 4.70269137e-01 4.90778653e-01 5.06802164e-01 5.20161353e-01 5.32453979e-01 5.44941410e-01 5.58572941e-01 5.74035967e-01 5.91813559e-01 6.12237341e-01 6.35446457e-01 6.61368859e-01 6.89507546e-01 7.18777382e-01 7.47156296e-01 7.71800623e-01 7.89429022e-01 7.97106960e-01 7.92572965e-01 7.74315404e-01 7.41720533e-01 6.95552432e-01 6.38349886e-01 5.73815859e-01 5.05673124e-01 4.36657142e-01 3.68387799e-01 3.01638983e-01 2.36679091e-01 1.73577536e-01 1.12341755e-01 5.31235443e-02 -3.78532770e-03 -5.78247369e-02 -1.08297718e-01 -1.54347413e-01 -1.95189285e-01 -2.30144874e-01 -2.58835624e-01 -2.81147914e-01 -2.97277198e-01 -3.07607204e-01 -3.12657492e-01 -3.12962369e-01 -3.08930164e-01 -3.00220037e-01 -2.83910037e-01 -2.55591134e-01 -2.29040755e-01 -2.41798732e-01 -2.75880796e-01 -4.11020983e-01
4.90000000e+00 -1.33863775e-01 -1.09708844e-01 -7.84578397e-02 -5.53104544e-02 -5.77451768e-02 -5.99471859e-02 -5.40602742e-02 -4.75035180e-02 -4.54094911e-02 -4.96534023e-02 -6.09242059e-02 -7.93962751e-02 -1.04881391e-01 -1.36861308e-01 -1.74680425e-01 -2.17659720e-01 -2.65305751e-01 -3.17361115e-01 -3.73895283e-01 -4.35500031e-01 -5.02764713e-01 -5.71283519e-01 -6.39736591e-01 -7.41729865e-01 -8.54108424e-01 -9.09709382e-01 -9.41963665e-01 -9.40015851e-01 -9.40717092e-01 -9.10990278e-01 -8.58034780e-01 -7.41132343e-01 -6.11968970e-01 -5.17865500e-01 -4.29919198e-01 -3.42720185e-01 -2.60154116e-01 -1.81566748e-01 -1.05533719e-01 -3.11343003e-02 4.20672355e-02 1.13848546e-01 1.83340024e-01 2.48986611e-01 3.08956373e-01 3.61505819e-01 4.05576542e-01 4.41000310e-01 4.68579690e-01 4.89779359e-01 5.06416126e-01 5.20284124e-01 5.32964614e-01 5.45708915e-01 5.59462746e-01 5.74917542e-01 5.92568402e-01 6.12769073e-01 6.35687236e-01 6.61286532e-01 6.89102626e-01 7.18075568e-01 7.46187646e-01 7.70586092e-01 7.87969548e-01 7.95384801e-01 7.90555983e-01 7.71973688e-01 7.39050218e-01 6.92599651e-01 6.35227169e-01 5.70692567e-01 5.02750946e-01 4.34127714e-01 3.66407924e-01 3.00314549e-01 2.36069849e-01 1.73696786e-01 1.13163764e-01 5.45822274e-02 -1.78974550e-03 -5.54227987e-02 -1.05637512e-01 -1.51582400e-01 -1.92460191e-01 -2.27566943e-01 -2.56488669e-01 -2.79074604e-01 -2.95486249e-01 -3.06080473e-01 -3.11358198e-01 -3.11839303e-01 -3.07899072e-01 -2.99056750e-01 -2.82131857e-01 -2.53403769e-01 -2.29434511e-01 -2.45653599e-01 -2.77792083e-01 -4.12891706e-01
5.00000000e+00 -1.29751258e-01 -1.07815758e-01 -7.90678492e-02 -5.47151150e-02 -5.62894456e-02 -5.98773240e-02 -5.53758854e-02 -4.96488896e-02 -4.81315224e-02 -5.28383336e-02 -6.44507376e-02 -8.30987969e-02 -1.08554769e-01 -1.40280379e-01 -1.77623608e-01 -2.19934136e-01 -2.66760705e-01 -3.17898034e-01 -3.73474457e-01 -4.34176670e-01 -5.00509843e-01 -5.67570235e-01 -6.35724374e-01 -7.40103415e-01 -8.51049503e-01 -9.06911721e-01 -9.39251699e-01 -9.37661546e-01 -9.37658391e-01 -9.07787472e-01 -8.53617338e-01 -7.38202179e-01 -6.06856992e-01 -5.12383650e-01 -4.25852765e-01 -3.39810741e-01 -2.58329889e-01 -1.80896898e-01 -1.06023951e-01 -3.27270634e-02 3.94857387e-02 1.10462295e-01 1.79401027e-01 2.44801750e-01 3.04846505e-01 3.57759473e-01 4.02408029e-01 4.38531821e-01 4.66846424e-01 4.88748389e-01 5.06009184e-01 5.20394247e-01 5.33468315e-01 5.46473172e-01 5.60351787e-01 5.75800193e-01 5.93325998e-01 6.13304838e-01 6.35932831e-01 6.61208338e-01 6.88699358e-01 7.17369859e-01 7.45206793e-01 7.69348373e-01 7.86474866e-01 7.93615326e-01 7.88481301e-01 7.69567653e-01 7.36314457e-01 6.89587291e-01 6.32056203e-01 5.67535497e-01 4.99808291e-01 4.31588209e-01 3.64424125e-01 2.98989120e-01 2.35460250e-01 1.73815928e-01 1.13986806e-01 5.60452074e-02 2.15785962e-04 -5.30031397e-02 -1.02950849e-01 -1.48782580e-01 -1.89689762e-01 -2.24943768e-01 -2.54095431e-01 -2.76956361e-01 -2.93653374e-01 -3.04515601e-01 -3.10024539e-01 -3.10684140e-01 -3.06830521e-01 -2.97828264e-01 -2.80264137e-01 -2.51290567e-01 -2.30182901e-01 -2.49498748e-01 -2.79488629e-01 -4.14774405e-01
5.10000000e+00 -1.25679803e-01 -1.05766387e-01 -7.95937687e-02 -5.43402301e-02 -5.48710179e-02 -5.97391269e-02 -5.66742871e-02 -5.18225475e-02 -5.08981882e-02 -5.60721852e-02 -6.80253836e-02 -8.68447678e-02 -1.12263877e-01 -1.43725922e-01 -1.80584553e-01 -2.22219892e-01 -2.68223940e-01 -3.18443277e-01 -3.73066377e-01 -4.32872763e-01 -4.98242321e-01 -5.63791894e-01 -6.31826175e-01 -7.38506143e-01 -8.47760177e-01 -9.04158404e-01 -9.36326918e-01 -9.35321190e-01 -9.34373556e-01 -9.04583397e-01 -8.48971225e-01 -7.35200603e-01 -6.01856342e-01 -5.06858584e-01 -4.21766013e-01 -3.36919816e-01 -2.56518342e-01 -1.80227702e-01 -1.06505391e-01 -3.43063080e-02 3.69157260e-02 1.07077513e-01 1.75447098e-01 2.40582829e-01 3.00686060e-01 3.53952795e-01 3.99178121e-01 4.36008238e-01 4.65068841e-01 4.87684984e-01 5.05580438e-01 5.20490751e-01 5.33964073e-01 5.47233176e-01 5.61239124e-01 5.76683108e-01 5.94085737e-01 6.13844263e-01 6.36183131e-01 6.61134400e-01 6.88298027e-01 7.16660575e-01 7.44213973e-01 7.68087482e-01 7.84944697e-01 7.91797968e-01 7.86348232e-01 7.67096780e-01 7.33513189e-01 6.86515947e-01 6.28838211e-01 5.64346330e-01 4.96846979e-01 4.29040321e-01 3.62437765e-01 2.97663646e-01 2.34850773e-01 1.73934970e-01 1.14810408e-01 5.75115802e-02 2.23000750e-03 -5.05672218e-02 -1.00239222e-01 -1.45949286e-01 -1.86879038e-01 -2.22276021e-01 -2.51656224e-01 -2.74793197e-01 -2.91778367e-01 -3.02912239e-01 -3.08656053e-01 -3.09496080e-01 -3.05722356e-01 -2.96530643e-01 -2.78311466e-01 -2.49278766e-01 -2.31282484e-01 -2.53288461e-01 -2.80992949e-01 -4.16669399e-01
5.20000000e+00 -1.21649738e-01 -1.03584536e-01 -8.00061511e-02 -5.41805306e-02 -5.35104338e-02 -5.95349208e-02 -5.79507001e-02 -5.40219510e-02 -5.37083566e-02 -5.93538281e-02 -7.16466190e-02 -9.06322908e-02 -1.16006635e-01 -1.47195932e-01 -1.83561602e-01 -2.24515864e-01 -2.69694956e-01 -3.18997035e-01 -3.72672281e-01 -4.31589468e-01 -4.95958729e-01 -5.59954895e-01 -6.28060868e-01 -7.36911970e-01 -8.44258839e-01 -9.01440035e-01 -9.33196216e-01 -9.32980016e-01 -9.30871988e-01 -9.01362461e-01 -8.44118641e-01 -7.32104328e-01 -5.96980732e-01 -5.01301183e-01 -4.17657438e-01 -3.34048457e-01 -2.54721102e-01 -1.79559821e-01 -1.06977889e-01 -3.58710914e-02 3.43590028e-02 1.03696782e-01 1.71481295e-01 2.36332882e-01 2.96477548e-01 3.50087442e-01 3.95887568e-01 4.33429566e-01 4.63246449e-01 4.86588366e-01 5.05128966e-01 5.20572639e-01 5.34450864e-01 5.47987920e-01 5.62123819e-01 5.77565482e-01 5.94847005e-01 6.14386973e-01 6.36438015e-01 6.61064827e-01 6.87898898e-01 7.15948018e-01 7.43209398e-01 7.66803424e-01 7.83378755e-01 7.89932167e-01 7.84156110e-01 7.64560581e-01 7.30646402e-01 6.83386260e-01 6.25574453e-01 5.61126749e-01 4.93868810e-01 4.26485708e-01 3.60450173e-01 2.96339050e-01 2.34241891e-01 1.74053927e-01 1.15634123e-01 5.89804708e-02 4.25168711e-03 -4.81164927e-02 -9.75041242e-02 -1.43083868e-01 -1.84029085e-01 -2.19564402e-01 -2.49171388e-01 -2.72585139e-01 -2.89861026e-01 -3.01270036e-01 -3.07252261e-01 -3.08274243e-01 -3.04572228e-01 -2.95160117e-01 -2.76280250e-01 -2.47395851e-01 -2.32724015e-01 -2.56980183e-01 -2.82329781e-01 -4.18575450e-01
5.30000000e+00 -1.17660278e-01 -1.01294864e-01 -8.02788373e-02 -5.42264825e-02 -5.22282922e-02 -5.92685551e-02 -5.92004208e-02 -5.62442959e-02 -5.65607728e-02 -6.26820819e-02 -7.53128823e-02 -9.44594425e-02 -1.19780952e-01 -1.50688420e-01 -1.86553128e-01 -2.26820969e-01 -2.71173286e-01 -3.19559536e-01 -3.72293438e-01 -4.30327635e-01 -4.93655354e-01 -5.56067422e-01 -6.24445399e-01 -7.35293777e-01 -8.40567661e-01 -8.98742868e-01 -9.29870782e-01 -9.30619100e-01 -9.27167024e-01 -8.98105669e-01 -8.39084304e-01 -7.28890378e-01 -5.92241559e-01 -4.95723731e-01 -4.13525492e-01 -3.31197315e-01 -2.52939741e-01 -1.78893930e-01 -1.07441339e-01 -3.74205486e-02 3.18172787e-02 1.00322601e-01 1.67506641e-01 2.32054967e-01 2.92223550e-01 3.46165151e-01 3.92537189e-01 4.30795848e-01 4.61378760e-01 4.85457746e-01 5.04653823e-01 5.20638899e-01 5.34927651e-01 5.48736390e-01 5.63004931e-01 5.78446510e-01 5.95609190e-01 6.14932590e-01 6.36697351e-01 6.60999712e-01 6.87502209e-01 7.15232471e-01 7.42193262e-01 7.65496194e-01 7.81776750e-01 7.88017369e-01 7.81904293e-01 7.61958607e-01 7.27714140e-01 6.80198919e-01 6.22266226e-01 5.57878435e-01 4.90875565e-01 4.23925985e-01 3.58462639e-01 2.95016223e-01 2.33634067e-01 1.74172822e-01 1.16457525e-01 6.04510341e-02 6.27962143e-03 -4.56523841e-02 -9.47470480e-02 -1.40187690e-01 -1.81140993e-01 -2.16809642e-01 -2.46641281e-01 -2.70332228e-01 -2.87901157e-01 -2.99588641e-01 -3.05812666e-01 -3.07017663e-01 -3.03377590e-01 -2.93713188e-01 -2.74178797e-01 -2.45669026e-01 -2.34492551e-01 -2.60535345e-01 -2.83525287e-01 -4.20489992e-01
5.40000000e+00 -1.13709734e-01 -9.89222461e-02 -8.03894895e-02 -5.44644638e-02 -5.10448222e-02 -5.89454639e-02 -6.04189183e-02 -5.84865132e-02 -5.94540454e-02 -6.60557101e-02 -7.90225755e-02 -9.83242749e-02 -1.23584732e-01 -1.54201413e-01 -1.89557540e-01 -2.29134165e-01 -2.72658492e-01 -3.20131044e-01 -3.71931139e-01 -4.29087761e-01 -4.91328300e-01 -5.52139474e-01 -6.20994323e-01 -7.33624163e-01 -8.36711899e-01 -8.96049370e-01 -9.26365571e-01 -9.28215973e-01 -9.23275325e-01 -8.94791290e-01 -8.33894725e-01 -7.25536758e-01 -5.87647571e-01 -4.90139856e-01 -4.09368700e-01 -3.28366622e-01 -2.51175760e-01 -1.78230717e-01 -1.07895680e-01 -3.89538913e-02 2.92921667e-02 9.69573913e-02 1.63526119e-01 2.27752164e-01 2.87926710e-01 3.42187747e-01 3.89127869e-01 4.28107167e-01 4.59465297e-01 4.84292320e-01 5.04154041e-01 5.20688492e-01 5.35393381e-01 5.49477565e-01 5.63881520e-01 5.79325394e-01 5.96371677e-01 6.15480733e-01 6.36960990e-01 6.60939132e-01 6.87108175e-01 7.14514193e-01 7.41165738e-01 7.64165776e-01 7.80138387e-01 7.86053027e-01 7.79592161e-01 7.59290447e-01 7.24716501e-01 6.76954659e-01 6.18914857e-01 5.54603067e-01 4.87869002e-01 4.21362728e-01 3.56476420e-01 2.93696030e-01 2.33027758e-01 1.74291688e-01 1.17280216e-01 6.19224552e-02 8.31263698e-03 -4.31763096e-02 -9.19694832e-02 -1.37262133e-01 -1.78215878e-01 -2.14012497e-01 -2.44066290e-01 -2.68034526e-01 -2.85898576e-01 -2.97867704e-01 -3.04336746e-01 -3.05725276e-01 -3.02135711e-01 -2.92186752e-01 -2.72017363e-01 -2.44124659e-01 -2.36567691e-01 -2.63920063e-01 -2.84606268e-01 -4.22409363e-01
5.50000000e+00 -1.09795736e-01 -9.64911643e-02 -8.03200181e-02 -5.48770434e-02 -4.99794420e-02 -5.85726947e-02 -6.16019395e-02 -6.07452731e-02 -6.23866328e-02 -6.94734156e-02 -8.27740645e-02 -1.02224818e-01 -1.27415877e-01 -1.57732959e-01 -1.92573283e-01 -2.31454453e-01 -2.74150171e-01 -3.20711866e-01 -3.71586685e-01 -4.27869948e-01 -4.88973617e-01 -5.48182845e-01 -6.17719375e-01 -7.31876222e-01 -8.32719094e-01 -8.93338901e-01 -9.22698615e-01 -9.25745360e-01 -9.19216146e-01 -8.91395607e-01 -8.28577413e-01 -7.22023108e-01 -5.83204598e-01 -4.84564430e-01 -4.05185796e-01 -3.25556171e-01 -2.49430575e-01 -1.77570887e-01 -1.08340892e-01 -4.04704063e-02 2.67851838e-02 9.36034889e-02 1.59542668e-01 2.23427566e-01 2.83589735e-01 3.38157136e-01 3.85660569e-01 4.25363649e-01 4.57505592e-01 4.83091275e-01 5.03628632e-01 5.20720365e-01 5.35846989e-01 5.50210420e-01 5.64752647e-01 5.80201338e-01 5.97133856e-01 6.16031021e-01 6.37228776e-01 6.60883149e-01 6.86716984e-01 7.13793426e-01 7.40126975e-01 7.62812146e-01 7.78463363e-01 7.84038609e-01 7.77219123e-01 7.56555736e-01 7.21653638e-01 6.73654260e-01 6.15521707e-01 5.51302317e-01 4.84850854e-01 4.18797466e-01 3.54492732e-01 2.92379306e-01 2.32423407e-01 1.74410560e-01 1.18101820e-01 6.33939503e-02 1.03495914e-02 -4.06896632e-02 -8.91729145e-02 -1.34308588e-01 -1.75254877e-01 -2.11173752e-01 -2.41446824e-01 -2.65692109e-01 -2.83853107e-01 -2.96106872e-01 -3.02823957e-01 -3.04395908e-01 -3.00843685e-01 -2.90578218e-01 -2.69808154e-01 -2.42787718e-01 -2.38923952e-01 -2.67105706e-01 -2.85599417e-01 -4.24329061e-01
5.60000000e+00 -1.05915445e-01 -9.40251490e-02 -8.00568915e-02 -5.54433569e-02 -4.90503174e-02 -5.81589033e-02 -6.27456206e-02 -6.30169949e-02 -6.53568295e-02 -7.29338349e-02 -8.65656789e-02 -1.06159082e-01 -1.31272287e-01 -1.61281129e-01 -1.95598842e-01 -2.33780875e-01 -2.75647954e-01 -3.21302355e-01 -3.71261373e-01 -4.26673872e-01 -4.86587457e-01 -5.44211060e-01 -6.14629108e-01 -7.30024317e-01 -8.28618205e-01 -8.90588514e-01 -9.18890231e-01 -9.23180033e-01 -9.15010496e-01 -8.87893761e-01 -8.23160062e-01 -7.18331334e-01 -5.78915339e-01 -4.79013412e-01 -4.00975850e-01 -3.22765313e-01 -2.47705503e-01 -1.76915159e-01 -1.08777002e-01 -4.19694537e-02 2.42977509e-02 9.02631437e-02 1.55559177e-01 2.19084275e-01 2.79215388e-01 3.34075308e-01 3.82136320e-01 4.22565465e-01 4.55499191e-01 4.81853787e-01 5.03076589e-01 5.20733440e-01 5.36287396e-01 5.50933925e-01 5.65617373e-01 5.81073550e-01 5.97895114e-01 6.16583067e-01 6.37500535e-01 6.60831807e-01 6.86328799e-01 7.13070385e-01 7.39077100e-01 7.61435262e-01 7.76751373e-01 7.81973588e-01 7.74784619e-01 7.53754151e-01 7.18525763e-01 6.70298551e-01 6.12088166e-01 5.47977851e-01 4.81822825e-01 4.16231688e-01 3.52512754e-01 2.91066854e-01 2.31821451e-01 1.74529485e-01 1.18921986e-01 6.48647667e-02 1.23893746e-02 -3.81938178e-02 -8.63588199e-02 -1.31328458e-01 -1.72259150e-01 -2.08294219e-01 -2.38783318e-01 -2.63305074e-01 -2.81764583e-01 -2.94305792e-01 -3.01273722e-01 -3.03028268e-01 -2.99498454e-01 -2.88885642e-01 -2.67565293e-01 -2.41681206e-01 -2.41531254e-01 -2.70069316e-01 -2.86530623e-01 -4.26243985e-01
5.70000000e+00 -1.02065770e-01 -9.15462764e-02 -7.95913237e-02 -5.61395691e-02 -4.82739315e-02 -5.77143097e-02 -6.38466037e-02 -6.52978639e-02 -6.83627525e-02 -7.64355325e-02 -9.03957121e-02 -1.10125057e-01 -1.35151867e-01 -1.64844019e-01 -1.98632739e-01 -2.36112516e-01 -2.77151501e-01 -3.21902910e-01 -3.70956480e-01 -4.25498747e-01 -4.84166229e-01 -5.40239239e-01 -6.11728591e-01 -7.28044833e-01 -8.24438699e-01 -8.87773835e-01 -9.14962132e-01 -9.20491744e-01 -9.10680247e-01 -8.84260622e-01 -8.17669725e-01 -7.14446182e-01 -5.74779228e-01 -4.73503665e-01 -3.96738416e-01 -3.19992947e-01 -2.46001741e-01 -1.76264274e-01 -1.09204075e-01 -4.34504653e-02 2.18311937e-02 8.69385170e-02 1.51578480e-01 2.14725397e-01 2.74806487e-01 3.29944335e-01 3.78556229e-01 4.19712834e-01 4.53445653e-01 4.80579024e-01 5.02496882e-01 5.20726624e-01 5.36713508e-01 5.51647046e-01 5.66474759e-01 5.81941243e-01 5.98654842e-01 6.17136481e-01 6.37776084e-01 6.60785133e-01 6.85943756e-01 7.12345262e-01 7.38016217e-01 7.60035073e-01 7.75002105e-01 7.79857455e-01 7.72288117e-01 7.50885417e-01 7.15333149e-01 6.66888409e-01 6.08615651e-01 5.44631327e-01 4.78786592e-01 4.13666833e-01 3.50537624e-01 2.89759449e-01 2.31222315e-01 1.74648514e-01 1.19740386e-01 6.63341836e-02 1.44309094e-02 -3.56901229e-02 -8.35286690e-02 -1.28323155e-01 -1.69229878e-01 -2.05374740e-01 -2.36076230e-01 -2.60873536e-01 -2.79632848e-01 -2.92464111e-01 -2.99685432e-01 -3.01620941e-01 -2.98096837e-01 -2.87107857e-01 -2.65304727e-01 -2.40825619e-01 -2.44355527e-01 -2.72793879e-01 -2.87424335e-01 -4.28148677e-01
5.80000000e+00 -9.82435564e-02 -8.90747363e-02 -7.89193380e-02 -5.69394124e-02 -4.76646761e-02 -5.72506151e-02 -6.49021548e-02 -6.75838555e-02 -7.14023280e-02 -7.99769944e-02 -9.42624208e-02 -1.14120720e-01 -1.39052525e-01 -1.68419753e-01 -2.01673538e-01 -2.38448503e-01 -2.78660511e-01 -3.22513980e-01 -3.70673239e-01 -4.24343311e-01 -4.81706776e-01 -5.36283924e-01 -6.09019203e-01 -7.25916878e-01 -8.20209629e-01 -8.84869976e-01 -9.10936503e-01 -9.17652198e-01 -9.06247200e-01 -8.80471683e-01 -8.12132015e-01 -7.10355747e-01 -5.70792381e-01 -4.68052714e-01 -3.92473671e-01 -3.17237534e-01 -2.44320342e-01 -1.75618988e-01 -1.09622221e-01 -4.49129424e-02 1.93867437e-02 8.36316797e-02 1.47603351e-01 2.10354034e-01 2.70365899e-01 3.25766369e-01 3.74921479e-01 4.16806025e-01 4.51344558e-01 4.79266146e-01 5.01888467e-01 5.20698801e-01 5.37124222e-01 5.52348742e-01 5.67323871e-01 5.82803634e-01 5.99412429e-01 6.17690872e-01 6.38055227e-01 6.60743134e-01 6.85561964e-01 7.11618225e-01 7.36944405e-01 7.58611513e-01 7.73215243e-01 7.77689710e-01 7.69729122e-01 7.47949313e-01 7.12076125e-01 6.63424756e-01 6.05105606e-01 5.41264388e-01 4.75743795e-01 4.11104298e-01 3.48568440e-01 2.88457835e-01 2.30626414e-01 1.74767706e-01 1.20556716e-01 6.78015122e-02 1.64731526e-02 -3.31799035e-02 -8.06839206e-02 -1.25294099e-01 -1.66168263e-01 -2.02416182e-01 -2.33326048e-01 -2.58397632e-01 -2.77457759e-01 -2.90581473e-01 -2.98058438e-01 -3.00172373e-01 -2.96635565e-01 -2.85244614e-01 -2.63044100e-01 -2.40238430e-01 -2.47359409e-01 -2.75268439e-01 -2.88303023e-01 -4.30037556e-01
5.90000000e+00 -9.44457708e-02 -8.66284773e-02 -7.80417074e-02 -5.78147873e-02 -4.72344777e-02 -5.67808779e-02 -6.59102816e-02 -6.98707668e-02 -7.44732795e-02 -8.35566202e-02 -9.81640250e-02 -1.18144032e-01 -1.42972178e-01 -1.72006483e-01 -2.04719843e-01 -2.40788002e-01 -2.80174713e-01 -3.23136067e-01 -3.70412819e-01 -4.23205805e-01 -4.79206549e-01 -5.32362833e-01 -6.06498508e-01 -7.23622910e-01 -8.15958738e-01 -8.81852469e-01 -9.06835048e-01 -9.14634033e-01 -9.01732172e-01 -8.76503925e-01 -8.06570355e-01 -7.06051891e-01 -5.66947629e-01 -4.62678476e-01 -3.88182553e-01 -3.14497113e-01 -2.42662195e-01 -1.74980075e-01 -1.10031592e-01 -4.63564542e-02 1.69655396e-02 8.03446104e-02 1.43636502e-01 2.05973279e-01 2.65896535e-01 3.21543638e-01 3.71233331e-01 4.13845362e-01 4.49195504e-01 4.77914311e-01 5.01250280e-01 5.20648840e-01 5.37518422e-01 5.53037972e-01 5.68163774e-01 5.83659944e-01 6.00167269e-01 6.18245844e-01 6.38337752e-01 6.60705798e-01 6.85183505e-01 7.10889413e-01 7.35861717e-01 7.57164500e-01 7.71390467e-01 7.75469872e-01 7.67107174e-01 7.44945668e-01 7.08755083e-01 6.59908562e-01 6.01559495e-01 5.37878667e-01 4.72696042e-01 4.08545429e-01 3.46606259e-01 2.87162726e-01 2.30034153e-01 1.74887123e-01 1.21370695e-01 6.92660959e-02 1.85150959e-02 -3.06644584e-02 -7.78260215e-02 -1.22242715e-01 -1.63075525e-01 -1.99419442e-01 -2.30533284e-01 -2.55877517e-01 -2.75239183e-01 -2.88657519e-01 -2.96392045e-01 -2.98680873e-01 -2.95111328e-01 -2.83296707e-01 -2.60802563e-01 -2.39933623e-01 -2.50503021e-01 -2.77488058e-01 -2.89186715e-01 -4.31905121e-01
6.00000000e+00 -9.06696576e-02 -8.42229346e-02 -7.69637780e-02 -5.87364098e-02 -4.69924678e-02 -5.63193501e-02 -6.68698467e-02 -7.21542578e-02 -7.75731173e-02 -8.71727159e-02 -1.02098707e-01 -1.22192943e-01 -1.46908755e-01 -1.75602393e-01 -2.07770301e-01 -2.43130222e-01 -2.81693877e-01 -3.23769726e-01 -3.70176292e-01 -4.22083983e-01 -4.76663790e-01 -5.28494579e-01 -6.04160240e-01 -7.21149272e-01 -8.11711610e-01 -8.78698177e-01 -9.02678073e-01 -9.11411761e-01 -8.97154106e-01 -8.72336632e-01 -8.01005305e-01 -7.01530558e-01 -5.63234639e-01 -4.57398950e-01 -3.83866890e-01 -3.11769334e-01 -2.41027999e-01 -1.74348326e-01 -1.10432381e-01 -4.77806356e-02 1.45686291e-02 7.70791943e-02 1.39680579e-01 2.01586212e-01 2.61401349e-01 3.17278451e-01 3.67493122e-01 4.10831222e-01 4.46998113e-01 4.76522672e-01 5.00581242e-01 5.20575592e-01 5.37894977e-01 5.53713688e-01 5.68993537e-01 5.84509401e-01 6.00918756e-01 6.18800996e-01 6.38623440e-01 6.60673092e-01 6.84808434e-01 7.10158941e-01 7.34768184e-01 7.55693936e-01 7.69527453e-01 7.73197474e-01 7.64421851e-01 7.41874366e-01 7.05370476e-01 6.56340846e-01 5.97978803e-01 5.34475783e-01 4.69644902e-01 4.05991527e-01 3.44652096e-01 2.85874807e-01 2.29445923e-01 1.75006838e-01 1.22182065e-01 7.07273104e-02 2.05557658e-02 -2.81450587e-02 -7.49564046e-02 -1.19170432e-01 -1.59952905e-01 -1.96385440e-01 -2.27698478e-01 -2.53313370e-01 -2.72976999e-01 -2.86691888e-01 -2.94685510e-01 -2.97144600e-01 -2.93520829e-01 -2.81266098e-01 -2.58600539e-01 -2.39921286e-01 -2.53744807e-01 -2.79453628e-01 -2.90092637e-01 -4.33746144e-01
6.10000000e+00 -8.69128749e-02 -8.18708425e-02 -7.56951809e-02 -5.96744875e-02 -4.69447086e-02 -5.58812742e-02 -6.77806747e-02 -7.44298988e-02 -8.06991294e-02 -9.08234852e-02 -1.06064611e-01 -1.26265394e-01 -1.50860196e-01 -1.79205702e-01 -2.10823602e-01 -2.45474411e-01 -2.83217807e-01 -3.24415565e-01 -3.69964604e-01 -4.20975116e-01 -4.74077701e-01 -5.24698332e-01 -6.01994388e-01 -7.18486605e-01 -8.07490909e-01 -8.75386136e-01 -8.98483616e-01 -9.07962656e-01 -8.92529271e-01 -8.67952130e-01 -7.95453992e-01 -6.96791978e-01 -5.59640130e-01 -4.52231885e-01 -3.79529522e-01 -3.09051496e-01 -2.39418238e-01 -1.73724544e-01 -1.10824823e-01 -4.91851852e-02 1.21969706e-02 7.38372226e-02 1.35738153e-01 1.97195891e-01 2.56883326e-01 3.12973184e-01 3.63702269e-01 4.07764040e-01 4.44752033e-01 4.75090383e-01 4.99880259e-01 5.20477890e-01 5.38252748e-01 5.54374841e-01 5.69812230e-01 5.85351235e-01 6.01666286e-01 6.19355924e-01 6.38912055e-01 6.60644963e-01 6.84436778e-01 7.09426890e-01 7.33663811e-01 7.54199707e-01 7.67625877e-01 7.70872069e-01 7.61672772e-01 7.38735353e-01 7.01922819e-01 6.52722670e-01 5.94365034e-01 5.31057335e-01 4.66591905e-01 4.03443845e-01 3.42706924e-01 2.84594733e-01 2.28862106e-01 1.75126926e-01 1.22990591e-01 7.21845638e-02 2.25942250e-02 -2.56229463e-02 -7.20764868e-02 -1.16078681e-01 -1.56801658e-01 -1.93315125e-01 -2.24822194e-01 -2.50705392e-01 -2.70671101e-01 -2.84684213e-01 -2.92938028e-01 -2.95561568e-01 -2.91860848e-01 -2.79156031e-01 -2.56459447e-01 -2.40207275e-01 -2.57042403e-01 -2.81171545e-01 -2.91034962e-01 -4.35555830e-01
6.20000000e+00 -8.31736045e-02 -7.95821339e-02 -7.42494465e-02 -6.05994091e-02 -4.70939828e-02 -5.54826446e-02 -6.86436480e-02 -7.66932282e-02 -8.38483755e-02 -9.45070209e-02 -1.10059840e-01 -1.30359317e-01 -1.54824462e-01 -1.82814665e-01 -2.13878482e-01 -2.47819857e-01 -2.84746349e-01 -3.25074241e-01 -3.69778546e-01 -4.19876028e-01 -4.71448608e-01 -5.20993446e-01 -5.99987387e-01 -7.15630148e-01 -8.03315711e-01 -8.71898322e-01 -8.94266681e-01 -9.04267521e-01 -8.87870558e-01 -8.63336404e-01 -7.89929656e-01 -6.91840738e-01 -5.56148164e-01 -4.47194422e-01 -3.75174396e-01 -3.06340606e-01 -2.37833153e-01 -1.73109537e-01 -1.11209196e-01 -5.05698632e-02 9.85143548e-03 7.06203915e-02 1.31811724e-01 1.92805350e-01 2.52345483e-01 3.08630289e-01 3.59862268e-01 4.04644312e-01 4.42456941e-01 4.73616598e-01 4.99146225e-01 5.20354550e-01 5.38590585e-01 5.55020375e-01 5.70618928e-01 5.86184682e-01 6.02409258e-01 6.19910219e-01 6.39203351e-01 6.60621335e-01 6.84068537e-01 7.08693314e-01 7.32548574e-01 7.52681679e-01 7.65685407e-01 7.68493226e-01 7.58859597e-01 7.35528631e-01 6.98412689e-01 6.49055145e-01 5.90719703e-01 5.27624907e-01 4.63538540e-01 4.00903586e-01 3.40771673e-01 2.83323130e-01 2.28283071e-01 1.75247471e-01 1.23796058e-01 7.36372966e-02 2.46295717e-02 -2.30993327e-02 -6.91876677e-02 -1.12968893e-01 -1.53623055e-01 -1.90209470e-01 -2.21905028e-01 -2.48053806e-01 -2.68321396e-01 -2.82634121e-01 -2.91148734e-01 -2.93929640e-01 -2.90128314e-01 -2.76971130e-01 -2.54401372e-01 -2.40792963e-01 -2.60353526e-01 -2.82653255e-01 -2.92024655e-01 -4.37329949e-01
6.30000000e+00 -7.94506354e-02 -7.73639224e-02 -7.26435313e-02 -6.14824269e-02 -4.74396545e-02 -5.51399357e-02 -6.94607890e-02 -7.89398170e-02 -8.70176835e-02 -9.82212954e-02 -1.14082457e-01 -1.34472641e-01 -1.58799529e-01 -1.86427571e-01 -2.16933718e-01 -2.50165886e-01 -2.86279386e-01 -3.25746463e-01 -3.69618714e-01 -4.18783132e-01 -4.68778108e-01 -5.17399060e-01 -5.98122414e-01 -7.12579883e-01 -7.99200982e-01 -8.68220292e-01 -8.90038582e-01 -9.00311340e-01 -8.83186916e-01 -8.58479597e-01 -7.84441330e-01 -6.86685737e-01 -5.52740531e-01 -4.42302734e-01 -3.70806648e-01 -3.03633449e-01 -2.36272718e-01 -1.72504118e-01 -1.11585821e-01 -5.19344898e-02 7.53281055e-03 6.74303020e-02 1.27903713e-01 1.88417587e-01 2.47790862e-01 3.04252282e-01 3.55974693e-01 4.01472594e-01 4.40112545e-01 4.72100475e-01 4.98378020e-01 5.20204377e-01 5.38907327e-01 5.55649235e-01 5.71412707e-01 5.87008980e-01 6.03147074e-01 6.20463467e-01 6.39497070e-01 6.60602110e-01 6.83703684e-01 7.07958236e-01 7.31422428e-01 7.51139702e-01 7.63705716e-01 7.66060537e-01 7.55982033e-01 7.32254269e-01 6.94840726e-01 6.45339428e-01 5.87044341e-01 5.24180062e-01 4.60486250e-01 3.98371907e-01 3.38847228e-01 2.82060596e-01 2.27709174e-01 1.75368558e-01 1.24598272e-01 7.50849814e-02 2.66609410e-02 -2.05753978e-02 -6.62913278e-02 -1.09842498e-01 -1.50418382e-01 -1.87069475e-01 -2.18947600e-01 -2.45358860e-01 -2.65927804e-01 -2.80541229e-01 -2.89316690e-01 -2.92246539e-01 -2.88320383e-01 -2.74717477e-01 -2.52448708e-01 -2.41675080e-01 -2.63636861e-01 -2.83914691e-01 -2.93069421e-01 -4.39064936e-01
6.40000000e+00 -7.57434199e-02 -7.52205646e-02 -7.08972747e-02 -6.22963153e-02 -4.79776068e-02 -5.48698033e-02 -7.02353251e-02 -8.11653409e-02 -9.02036500e-02 -1.01964151e-01 -1.18130482e-01 -1.38603290e-01 -1.62783398e-01 -1.90042752e-01 -2.19988134e-01 -2.52511864e-01 -2.87816849e-01 -3.26432980e-01 -3.69485474e-01 -4.17692495e-01 -4.66069193e-01 -5.13933671e-01 -5.96379777e-01 -7.09340549e-01 -7.95157191e-01 -8.64341684e-01 -8.85806446e-01 -8.96083765e-01 -8.78482938e-01 -8.53376348e-01 -7.78993669e-01 -6.81340001e-01 -5.49397198e-01 -4.37571656e-01 -3.66432651e-01 -3.00926663e-01 -2.34736618e-01 -1.71909089e-01 -1.11955059e-01 -5.32789427e-02 5.24180052e-03 6.42684603e-02 1.24016460e-01 1.84035566e-01 2.43222524e-01 2.99841744e-01 3.52041199e-01 3.98249508e-01 4.37718588e-01 4.70541179e-01 4.97574517e-01 5.20026156e-01 5.39201802e-01 5.56260359e-01 5.72192648e-01 5.87823374e-01 6.03879137e-01 6.21015250e-01 6.39792941e-01 6.60587165e-01 6.83342163e-01 7.07221645e-01 7.30285297e-01 7.49573605e-01 7.61686470e-01 7.63573617e-01 7.53039832e-01 7.28912397e-01 6.91207629e-01 6.41576718e-01 5.83340484e-01 5.20724341e-01 4.57436435e-01 3.95849916e-01 3.36934434e-01 2.80807700e-01 2.27140758e-01 1.75490283e-01 1.25397061e-01 7.65271230e-02 2.86875042e-02 -1.80522885e-02 -6.33888271e-02 -1.06700922e-01 -1.47188938e-01 -1.83896160e-01 -2.15950560e-01 -2.42620825e-01 -2.63490260e-01 -2.78405147e-01 -2.87440881e-01 -2.90509852e-01 -2.86434531e-01 -2.72402669e-01 -2.50623760e-01 -2.42845653e-01 -2.66852906e-01 -2.84975618e-01 -2.94173751e-01 -4.40757967e-01
6.50000000e+00 -7.20521046e-02 -7.31537946e-02 -6.90328022e-02 -6.30159893e-02 -4.87002611e-02 -5.46887628e-02 -7.09717326e-02 -8.33656599e-02 -9.34026448e-02 -1.05733292e-01 -1.22201888e-01 -1.42749186e-01 -1.66774092e-01 -1.93658577e-01 -2.23040596e-01 -2.54857193e-01 -2.89358712e-01 -3.27134580e-01 -3.69378931e-01 -4.16599911e-01 -4.63326343e-01 -5.10614706e-01 -5.94737400e-01 -7.05921499e-01 -7.91190086e-01 -8.60256567e-01 -8.81572873e-01 -8.91579431e-01 -8.73758617e-01 -8.48025972e-01 -7.73586929e-01 -6.75820376e-01 -5.46096818e-01 -4.33014333e-01 -3.62060042e-01 -2.98216840e-01 -2.33224225e-01 -1.71325236e-01 -1.12317316e-01 -5.46031559e-02 2.97903075e-03 6.11362778e-02 1.20152225e-01 1.79662204e-01 2.38643541e-01 2.95401314e-01 3.48063519e-01 3.94975741e-01 4.35274851e-01 4.68937886e-01 4.96734580e-01 5.19818663e-01 5.39472831e-01 5.56852686e-01 5.72957834e-01 5.88627112e-01 6.04604854e-01 6.21565142e-01 6.40090680e-01 6.60576354e-01 6.82983891e-01 7.06483498e-01 7.29137082e-01 7.47983197e-01 7.59627339e-01 7.61032103e-01 7.50032796e-01 7.25503215e-01 6.87514165e-01 6.37768260e-01 5.79609675e-01 5.17259265e-01 4.54390447e-01 3.93338671e-01 3.35034090e-01 2.79564983e-01 2.26578155e-01 1.75612741e-01 1.26192270e-01 7.79632580e-02 3.07084694e-02 -1.55311180e-02 -6.04815031e-02 -1.03545583e-01 -1.43936033e-01 -1.80690573e-01 -2.12914584e-01 -2.39839996e-01 -2.61008713e-01 -2.76225466e-01 -2.85520205e-01 -2.88717043e-01 -2.84468643e-01 -2.70035845e-01 -2.48948325e-01 -2.44292049e-01 -2.69964777e-01 -2.85858911e-01 -2.95339060e-01 -4.42406993e-01
6.60000000e+00 -6.83775344e-02 -7.11629247e-02 -6.70738922e-02 -6.36190640e-02 -4.95966776e-02 -5.46128538e-02 -7.16757580e-02 -8.55369026e-02 -9.66108199e-02 -1.09526272e-01 -1.26294601e-01 -1.46908252e-01 -1.70769663e-01 -1.97273460e-01 -2.26090016e-01 -2.57201316e-01 -2.90904996e-01 -3.27852074e-01 -3.69298887e-01 -4.15500994e-01 -4.60555591e-01 -5.07458091e-01 -5.93171373e-01 -7.02336423e-01 -7.87300637e-01 -8.55963614e-01 -8.77335777e-01 -8.86798088e-01 -8.69009290e-01 -8.42432475e-01 -7.68217099e-01 -6.70147110e-01 -5.42817290e-01 -4.28641883e-01 -3.57697707e-01 -2.95500620e-01 -2.31734580e-01 -1.70753314e-01 -1.12673040e-01 -5.59071174e-02 7.45050011e-04 5.80350722e-02 1.16313178e-01 1.75300372e-01 2.34056994e-01 2.90933689e-01 3.44043463e-01 3.91652048e-01 4.32781154e-01 4.67289778e-01 4.95857064e-01 5.19580661e-01 5.39719224e-01 5.57425148e-01 5.73707351e-01 5.89419446e-01 6.05323633e-01 6.22112712e-01 6.40389994e-01 6.60569507e-01 6.82628758e-01 7.05743717e-01 7.27977654e-01 7.46368266e-01 7.57527992e-01 7.58435657e-01 7.46960777e-01 7.22026991e-01 6.83761158e-01 6.33915341e-01 5.75853462e-01 5.13786327e-01 4.51349590e-01 3.90839186e-01 3.33146952e-01 2.78332960e-01 2.26021682e-01 1.75736036e-01 1.26983765e-01 7.93929542e-02 3.27230813e-02 -1.30129645e-02 -5.75706698e-02 -1.00377895e-01 -1.40660987e-01 -1.77453781e-01 -2.09840377e-01 -2.37016695e-01 -2.58483127e-01 -2.74001766e-01 -2.83553471e-01 -2.86865475e-01 -2.82421116e-01 -2.67627688e-01 -2.47443262e-01 -2.45997124e-01 -2.72938935e-01 -2.86589781e-01 -2.96563904e-01 -4.44010752e-01
6.70000000e+00 -6.47212351e-02 -6.92451001e-02 -6.50453257e-02 -6.40863438e-02 -5.06527387e-02 -5.46572962e-02 -7.23544123e-02 -8.76755548e-02 -9.98241244e-02 -1.13340489e-01 -1.30406494e-01 -1.51078411e-01 -1.74768190e-01 -2.00885856e-01 -2.29135352e-01 -2.59543708e-01 -2.92455772e-01 -3.28586291e-01 -3.69244819e-01 -4.14391284e-01 -4.57764549e-01 -5.04477844e-01 -5.91656573e-01 -6.98602925e-01 -7.83485140e-01 -8.51466100e-01 -8.73088417e-01 -8.81744540e-01 -8.64225756e-01 -8.36604393e-01 -7.62876179e-01 -6.64343323e-01 -5.39536350e-01 -4.24463093e-01 -3.53355735e-01 -2.92774811e-01 -2.30266385e-01 -1.70194033e-01 -1.13022718e-01 -5.71908683e-02 -1.45966659e-03 5.49660682e-02 1.12501407e-01 1.70952885e-01 2.29465965e-01 2.86441616e-01 3.39982917e-01 3.88279253e-01 4.30237362e-01 4.65596058e-01 4.94940824e-01 5.19310899e-01 5.39939785e-01 5.57976678e-01 5.74440289e-01 5.90199631e-01 6.06034885e-01 6.22657524e-01 6.40690574e-01 6.60566427e-01 6.82276626e-01 7.05002191e-01 7.26806860e-01 7.44728581e-01 7.55388098e-01 7.55783969e-01 7.43823680e-01 7.18484062e-01 6.79949498e-01 6.30019292e-01 5.72073392e-01 5.10306997e-01 4.48315116e-01 3.88352423e-01 3.31273733e-01 2.77112116e-01 2.25471643e-01 1.75860275e-01 1.27771430e-01 8.08158103e-02 3.47306212e-02 -1.04988705e-02 -5.46576159e-02 -9.71992592e-02 -1.37365128e-01 -1.74186872e-01 -2.06728670e-01 -2.34151267e-01 -2.55913479e-01 -2.71733602e-01 -2.81539390e-01 -2.84952434e-01 -2.80290958e-01 -2.65190387e-01 -2.46128046e-01 -2.47939472e-01 -2.75745825e-01 -2.87194976e-01 -2.97844258e-01 -4.45568754e-01
6.80000000e+00 -6.10853735e-02 -6.73955994e-02 -6.29722359e-02 -6.44022272e-02 -5.18514108e-02 -5.48361473e-02 -7.30159381e-02 -8.97785515e-02 -1.03038324e-01 -1.17173173e-01 -1.34535385e-01 -1.55257589e-01 -1.78767786e-01 -2.04494265e-01 -2.32175605e-01 -2.61883886e-01 -2.94011164e-01 -3.29338056e-01 -3.69215841e-01 -4.13266366e-01 -4.54962389e-01 -5.01685690e-01 -5.90167324e-01 -6.94741992e-01 -7.79735486e-01 -8.46771729e-01 -8.68819605e-01 -8.76428392e-01 -8.59394580e-01 -8.30554478e-01 -7.57552596e-01 -6.58434391e-01 -5.36232178e-01 -4.20484153e-01 -3.49045332e-01 -2.90036504e-01 -2.28817991e-01 -1.69648038e-01 -1.13366882e-01 -5.84545008e-02 -3.63471469e-03 5.19303990e-02 1.08718906e-01 1.66622500e-01 2.24873531e-01 2.81927887e-01 3.35883846e-01 3.84858252e-01 4.27643385e-01 4.63855942e-01 4.93984711e-01 5.19008121e-01 5.40133307e-01 5.58506204e-01 5.75155741e-01 5.90966925e-01 6.06738025e-01 6.23199135e-01 6.40992102e-01 6.60566895e-01 6.81927326e-01 7.04258772e-01 7.25624515e-01 7.43063888e-01 7.53207331e-01 7.53076756e-01 7.40621465e-01 7.14874838e-01 6.76080133e-01 6.26081479e-01 5.68271009e-01 5.06822714e-01 4.45288231e-01 3.85879297e-01 3.29415104e-01 2.75902913e-01 2.24928329e-01 1.75985567e-01 1.28555166e-01 8.22314559e-02 3.67304067e-02 -7.98984211e-03 -5.17436034e-02 -9.40110673e-02 -1.34049792e-01 -1.70890957e-01 -2.03580223e-01 -2.31244085e-01 -2.53299761e-01 -2.69420507e-01 -2.79476570e-01 -2.82975157e-01 -2.78077894e-01 -2.62737569e-01 -2.45020336e-01 -2.50093783e-01 -2.78360411e-01 -2.87701981e-01 -2.99173869e-01 -4.47081234e-01
6.90000000e+00 -5.74727005e-02 -6.56081678e-02 -6.08794782e-02 -6.45550170e-02 -5.31730795e-02 -5.51619683e-02 -7.36697459e-02 -9.18433684e-02 -1.06249027e-01 -1.21021381e-01 -1.38679032e-01 -1.59443717e-01 -1.82766595e-01 -2.08097231e-01 -2.35209818e-01 -2.64221404e-01 -2.95571346e-01 -3.30108178e-01 -3.69210688e-01 -4.12122006e-01 -4.52159783e-01 -4.99090719e-01 -5.88678078e-01 -6.90777350e-01 -7.76039582e-01 -8.41892295e-01 -8.64514091e-01 -8.70863630e-01 -8.54498564e-01 -8.24299222e-01 -7.52231741e-01 -6.52447257e-01 -5.32883995e-01 -4.16708451e-01 -3.44778702e-01 -2.87283195e-01 -2.27387398e-01 -1.69115898e-01 -1.13706099e-01 -5.96981569e-02 -5.77975773e-03 4.89291079e-02 1.04967583e-01 1.62311909e-01 2.20282758e-01 2.77395338e-01 3.31748285e-01 3.81390011e-01 4.24999185e-01 4.62068668e-01 4.92987574e-01 5.18671057e-01 5.40298579e-01 5.59012653e-01 5.75852803e-01 5.91720593e-01 6.07432467e-01 6.23737095e-01 6.41294245e-01 6.60570664e-01 6.81580663e-01 7.03513277e-01 7.24430410e-01 7.41373912e-01 7.50985365e-01 7.50313765e-01 7.37354151e-01 7.11199802e-01 6.72154074e-01 6.22103311e-01 5.64447854e-01 5.03334892e-01 4.42270085e-01 3.83420678e-01 3.27571692e-01 2.74705784e-01 2.24392018e-01 1.76112028e-01 1.29334889e-01 8.36395499e-02 3.87217919e-02 -5.48684837e-03 -4.88298668e-02 -9.08146968e-02 -1.30716318e-01 -1.67567164e-01 -2.00395823e-01 -2.28295546e-01 -2.50641976e-01 -2.67061987e-01 -2.77363516e-01 -2.80930871e-01 -2.75782469e-01 -2.60284194e-01 -2.44135550e-01 -2.52431283e-01 -2.80762588e-01 -2.88138233e-01 -3.00544631e-01 -4.48549092e-01
7.00000000e+00 -5.38864788e-02 -6.38753729e-02 -5.87910333e-02 -6.45371297e-02 -5.45959525e-02 -5.56455087e-02 -7.43263209e-02 -9.38681130e-02 -1.09451718e-01 -1.24881991e-01 -1.42835128e-01 -1.63634727e-01 -1.86762797e-01 -2.11693345e-01 -2.38237083e-01 -2.66555850e-01 -2.97136549e-01 -3.30897427e-01 -3.69227699e-01 -4.10954286e-01 -4.49368801e-01 -4.96699105e-01 -5.87164109e-01 -6.86734735e-01 -7.72381900e-01 -8.36843187e-01 -8.60153113e-01 -8.65068026e-01 -8.49517361e-01 -8.17858258e-01 -7.46896606e-01 -6.46409699e-01 -5.29472654e-01 -4.13136411e-01 -3.40568881e-01 -2.84512913e-01 -2.25972267e-01 -1.68598076e-01 -1.14040976e-01 -6.09220278e-02 -7.89452402e-03 4.59631501e-02 1.01249254e-01 1.58023737e-01 2.15696696e-01 2.72846838e-01 3.27578342e-01 3.77875572e-01 4.22304773e-01 4.60233497e-01 4.91948268e-01 5.18298435e-01 5.40434382e-01 5.59494949e-01 5.76530574e-01 5.92459898e-01 6.08117629e-01 6.24270947e-01 6.41596658e-01 6.60577461e-01 6.81236413e-01 7.02765487e-01 7.23224305e-01 7.39658356e-01 7.48721879e-01 7.47494774e-01 7.34021811e-01 7.07459511e-01 6.68172393e-01 6.18086229e-01 5.60605461e-01 4.99844912e-01 4.39261779e-01 3.80977386e-01 3.25744081e-01 2.73521138e-01 2.23862975e-01 1.76239774e-01 1.30110534e-01 8.50397809e-02 4.07041666e-02 -2.99082062e-03 -4.59176110e-02 -8.76115101e-02 -1.27366049e-01 -1.64216639e-01 -1.97176284e-01 -2.25306073e-01 -2.47940141e-01 -2.64657513e-01 -2.75198624e-01 -2.78816836e-01 -2.73406141e-01 -2.57846409e-01 -2.43486476e-01 -2.54920271e-01 -2.82937473e-01 -2.88530384e-01 -3.01947003e-01 -4.49973808e-01
7.10000000e+00 -5.03303995e-02 -6.21889690e-02 -5.67294625e-02 -6.43451991e-02 -5.60965192e-02 -5.62954169e-02 -7.49970985e-02 -9.58516116e-02 -1.12641796e-01 -1.28751696e-01 -1.47001298e-01 -1.67828558e-01 -1.90754608e-01 -2.15281245e-01 -2.41256529e-01 -2.68886855e-01 -2.98707057e-01 -3.31706513e-01 -3.69264808e-01 -4.09759751e-01 -4.46602754e-01 -4.94513876e-01 -5.85602180e-01 -6.82641109e-01 -7.68744141e-01 -8.31642764e-01 -8.55715080e-01 -8.59062415e-01 -8.44428227e-01 -8.11253651e-01 -7.41528509e-01 -6.40349562e-01 -5.25981173e-01 -4.09765417e-01 -3.36429547e-01 -2.81724340e-01 -2.24569931e-01 -1.68094915e-01 -1.14372151e-01 -6.21263521e-02 -9.97880388e-03 4.30333946e-02 9.75656407e-02 1.53760535e-01 2.11118369e-01 2.68285288e-01 3.23376195e-01 3.74316050e-01 4.19560218e-01 4.58349717e-01 4.90865650e-01 5.17888975e-01 5.40539492e-01 5.59952016e-01 5.77188156e-01 5.93184109e-01 6.08792931e-01 6.24800228e-01 6.41898984e-01 6.60586988e-01 6.80894324e-01 7.02015146e-01 7.22005932e-01 7.37916903e-01 7.46416557e-01 7.44619596e-01 7.30624583e-01 7.03654595e-01 6.64136221e-01 6.14031711e-01 5.56745354e-01 4.96354121e-01 4.36264361e-01 3.78550195e-01 3.23932817e-01 2.72349357e-01 2.23341448e-01 1.76368926e-01 1.30882049e-01 8.64318656e-02 4.26769564e-02 -5.02652187e-04 -4.30080105e-02 -8.44028527e-02 -1.24000331e-01 -1.60840546e-01 -1.93922445e-01 -2.22276116e-01 -2.45194283e-01 -2.62206520e-01 -2.72980184e-01 -2.76630399e-01 -2.70951379e-01 -2.55441367e-01 -2.43082909e-01 -2.57526719e-01 -2.84875558e-01 -2.88903609e-01 -3.03370437e-01 -4.51357349e-01
7.20000000e+00 -4.68084910e-02 -6.05402610e-02 -5.47154254e-02 -6.39800717e-02 -5.76500578e-02 -5.71179866e-02 -7.56943105e-02 -9.77934901e-02 -1.15814618e-01 -1.32627003e-01 -1.51175091e-01 -1.72023152e-01 -1.94740283e-01 -2.18859614e-01 -2.44267331e-01 -2.71214088e-01 -3.00283205e-01 -3.32536057e-01 -3.69319544e-01 -4.08535560e-01 -4.43876001e-01 -4.92534768e-01 -5.83971181e-01 -6.78523837e-01 -7.65105988e-01 -8.26311626e-01 -8.51176372e-01 -8.52869857e-01 -8.39206866e-01 -8.04509100e-01 -7.36107862e-01 -6.34294002e-01 -5.22395233e-01 -4.06589789e-01 -3.32374789e-01 -2.78916927e-01 -2.23177425e-01 -1.67606612e-01 -1.14700292e-01 -6.33114152e-02 -1.20324468e-02 4.01406268e-02 9.39183759e-02 1.49524779e-01 2.06550773e-01 2.63713616e-01 3.19144087e-01 3.70712633e-01 4.16765646e-01 4.56416647e-01 4.89738587e-01 5.17441392e-01 5.40612678e-01 5.60382772e-01 5.77824652e-01 5.93892498e-01 6.09457790e-01 6.25324468e-01 6.42200851e-01 6.60598921e-01 6.80554111e-01 7.01261962e-01 7.20774993e-01 7.36149214e-01 7.44069087e-01 7.41688076e-01 7.27162664e-01 6.99785761e-01 6.60046748e-01 6.09941264e-01 5.52869046e-01 4.92863835e-01 4.33278827e-01 3.76139832e-01 3.22138402e-01 2.71190800e-01 2.22827677e-01 1.76499605e-01 1.31649398e-01 8.78155486e-02 4.46396220e-02 1.97680197e-03 -4.01022086e-02 -8.11900513e-02 -1.20620506e-01 -1.57440061e-01 -1.90635171e-01 -2.19206149e-01 -2.42404437e-01 -2.59708399e-01 -2.70706381e-01 -2.74369046e-01 -2.68421742e-01 -2.53087010e-01 -2.42931340e-01 -2.60214933e-01 -2.86572731e-01 -2.89281005e-01 -3.04803806e-01 -4.52702061e-01
7.30000000e+00 -4.33250227e-02 -5.89204556e-02 -5.27672731e-02 -6.34466976e-02 -5.92311756e-02 -5.81169454e-02 -7.64308018e-02 -9.96942465e-02 -1.18965555e-01 -1.36504234e-01 -1.55353975e-01 -1.76216454e-01 -1.98718116e-01 -2.22427185e-01 -2.47268706e-01 -2.73537256e-01 -3.01865384e-01 -3.33386570e-01 -3.69389046e-01 -4.07279628e-01 -4.41203712e-01 -4.90758157e-01 -5.82252702e-01 -6.74409859e-01 -7.61445919e-01 -8.20871800e-01 -8.46512215e-01 -8.46514720e-01 -8.33828340e-01 -7.97649092e-01 -7.30614968e-01 -6.28268741e-01 -5.18703584e-01 -4.03600851e-01 -3.28418852e-01 -2.76091004e-01 -2.21791520e-01 -1.67133194e-01 -1.15026090e-01 -6.44775485e-02 -1.40553588e-02 3.72855510e-02 9.03089981e-02 1.45318863e-01 2.01996869e-01 2.59134765e-01 3.14884325e-01 3.67066588e-01 4.13921243e-01 4.54433638e-01 4.88565954e-01 5.16954401e-01 5.40652705e-01 5.60786138e-01 5.78439170e-01 5.94584336e-01 6.10111629e-01 6.25843190e-01 6.42501874e-01 6.60612910e-01 6.80215463e-01 7.00505607e-01 7.19531162e-01 7.34354929e-01 7.41679165e-01 7.38700097e-01 7.23636317e-01 6.95853790e-01 6.55905222e-01 6.05816427e-01 5.48978038e-01 4.89375333e-01 4.30306122e-01 3.73746977e-01 3.20361300e-01 2.70045799e-01 2.22321884e-01 1.76631935e-01 1.32412558e-01 8.91906016e-02 4.65916591e-02 4.44672546e-03 -3.72013155e-02 -7.79744120e-02 -1.17227918e-01 -1.54016378e-01 -1.87315353e-01 -2.16096673e-01 -2.39570649e-01 -2.57162495e-01 -2.68375303e-01 -2.72030469e-01 -2.65821948e-01 -2.50801815e-01 -2.43034708e-01 -2.62948262e-01 -2.88030159e-01 -2.89683069e-01 -3.06235821e-01 -4.54010557e-01
7.40000000e+00 -3.98844090e-02 -5.73209904e-02 -5.09007238e-02 -6.27539184e-02 -6.08143720e-02 -5.92932932e-02 -7.72198221e-02 -1.01555312e-01 -1.22090044e-01 -1.40379524e-01 -1.59535333e-01 -1.80406412e-01 -2.02686441e-01 -2.25982738e-01 -2.50259913e-01 -2.75856111e-01 -3.03454031e-01 -3.34258417e-01 -3.69470087e-01 -4.05990764e-01 -4.38601594e-01 -4.89177071e-01 -5.80431537e-01 -6.70324882e-01 -7.57742044e-01 -8.15345882e-01 -8.41697618e-01 -8.40021722e-01 -8.28268018e-01 -7.90698034e-01 -7.25030818e-01 -6.22297373e-01 -5.14898381e-01 -4.00787065e-01 -3.24575854e-01 -2.73247872e-01 -2.20408772e-01 -1.66674498e-01 -1.15350253e-01 -6.56251282e-02 -1.60474999e-02 3.44687926e-02 8.67389540e-02 1.41145100e-01 1.97459576e-01 2.54551694e-01 3.10599276e-01 3.63379256e-01 4.11027260e-01 4.52400077e-01 4.87346640e-01 5.16426714e-01 5.40658337e-01 5.61161029e-01 5.79030816e-01 5.95258899e-01 6.10753867e-01 6.26355908e-01 6.42801654e-01 6.60628581e-01 6.79878036e-01 6.99745717e-01 7.18274079e-01 7.32533670e-01 7.39246492e-01 7.35655577e-01 7.20045869e-01 6.91859542e-01 6.51712950e-01 6.01658762e-01 5.45073814e-01 4.85889856e-01 4.27347138e-01 3.71372266e-01 3.18601936e-01 2.68914663e-01 2.21824282e-01 1.76766043e-01 1.33171520e-01 9.05568219e-02 4.85325976e-02 6.90634059e-03 -3.43064080e-02 -7.47572190e-02 -1.13823903e-01 -1.50570700e-01 -1.83963907e-01 -2.12948211e-01 -2.36692965e-01 -2.54568100e-01 -2.65984949e-01 -2.69612637e-01 -2.63157931e-01 -2.48604518e-01 -2.43392202e-01 -2.65689826e-01 -2.89254048e-01 -2.90127278e-01 -3.07655422e-01 -4.55285609e-01
7.50000000e+00 -3.64911148e-02 -5.57338323e-02 -4.91286276e-02 -6.19141626e-02 -6.23746066e-02 -6.06451962e-02 -7.80747947e-02 -1.03379096e-01 -1.25183656e-01 -1.44248835e-01 -1.63716455e-01 -1.84590975e-01 -2.06643631e-01 -2.29525098e-01 -2.53240250e-01 -2.78170447e-01 -3.05049626e-01 -3.35151794e-01 -3.69559106e-01 -4.04668803e-01 -4.36085581e-01 -4.87781294e-01 -5.78496090e-01 -6.66292614e-01 -7.53972945e-01 -8.09756166e-01 -8.36708303e-01 -8.33414972e-01 -8.22502516e-01 -7.83679397e-01 -7.19337853e-01 -6.16400744e-01 -5.10975415e-01 -3.98134247e-01 -3.20859493e-01 -2.70389884e-01 -2.19025573e-01 -1.66230146e-01 -1.15673495e-01 -6.67545749e-02 -1.80088814e-02 3.16909014e-02 8.32095984e-02 1.37005715e-01 1.92941764e-01 2.49967369e-01 3.06291362e-01 3.59652051e-01 4.08084012e-01 4.50315394e-01 4.86079549e-01 5.15857048e-01 5.40628332e-01 5.61506362e-01 5.79598700e-01 5.95915465e-01 6.11383924e-01 6.26862132e-01 6.43099775e-01 6.60645532e-01 6.79541457e-01 6.98981891e-01 7.17003358e-01 7.30685039e-01 7.36770781e-01 7.32554477e-01 7.16391714e-01 6.87803948e-01 6.47471293e-01 5.97469857e-01 5.41157844e-01 4.82408610e-01 4.24402716e-01 3.69016287e-01 3.16860696e-01 2.67797677e-01 2.21335068e-01 1.76902053e-01 1.33926286e-01 9.19140323e-02 5.04620011e-02 9.35490835e-03 -3.14185282e-02 -7.15397328e-02 -1.10409795e-01 -1.47104244e-01 -1.80581769e-01 -2.09761314e-01 -2.33771439e-01 -2.51924449e-01 -2.63533240e-01 -2.67113865e-01 -2.60436872e-01 -2.46513799e-01 -2.43999153e-01 -2.68403259e-01 -2.90255280e-01 -2.90627779e-01 -3.09052137e-01 -4.56530033e-01
7.60000000e+00 -3.31495666e-02 -5.41517380e-02 -4.74608224e-02 -6.09430549e-02 -6.38878610e-02 -6.21679414e-02 -7.90090652e-02 -1.05169024e-01 -1.28242162e-01 -1.48107961e-01 -1.67894533e-01 -1.88768091e-01 -2.10588102e-01 -2.33053142e-01 -2.56209058e-01 -2.80480100e-01 -3.06652688e-01 -3.36066696e-01 -3.69652262e-01 -4.03314712e-01 -4.33671504e-01 -4.86557560e-01 -5.76438677e-01 -6.62334073e-01 -7.50118486e-01 -8.04123786e-01 -8.31521631e-01 -8.26717029e-01 -8.16510600e-01 -7.76614899e-01 -7.13520669e-01 -6.10596415e-01 -5.06934241e-01 -3.95625851e-01 -3.17282736e-01 -2.67520500e-01 -2.17638226e-01 -1.65799527e-01 -1.15996530e-01 -6.78663517e-02 -1.99395641e-02 2.89523544e-02 7.97221949e-02 1.32902844e-01 1.88446252e-01 2.45384757e-01 3.01963060e-01 3.55886467e-01 4.05091883e-01 4.48179061e-01 4.84763604e-01 5.15244120e-01 5.40561446e-01 5.61821052e-01 5.80141933e-01 5.96553310e-01 6.12001220e-01 6.27361362e-01 6.43395808e-01 6.60663338e-01 6.79205321e-01 6.98213692e-01 7.15718580e-01 7.28808618e-01 7.34251749e-01 7.29396797e-01 7.12674312e-01 6.83688016e-01 6.43181668e-01 5.93251320e-01 5.37231577e-01 4.78932757e-01 4.21473648e-01 3.66679583e-01 3.15137930e-01 2.66695101e-01 2.20854428e-01 1.77040091e-01 1.34676871e-01 9.32620794e-02 5.23794666e-02 1.17917283e-02 -2.85386828e-02 -6.83231886e-02 -1.06986917e-01 -1.43618234e-01 -1.77169901e-01 -2.06536552e-01 -2.30806122e-01 -2.49230716e-01 -2.61018040e-01 -2.64532897e-01 -2.57667219e-01 -2.44547957e-01 -2.44846991e-01 -2.71053438e-01 -2.91048944e-01 -2.91195190e-01 -3.10416395e-01 -4.57746586e-01
7.70000000e+00 -2.98640709e-02 -5.25684707e-02 -4.59040829e-02 -5.98589546e-02 -6.53316774e-02 -6.38539547e-02 -8.00356379e-02 -1.06929541e-01 -1.31261603e-01 -1.51952543e-01 -1.72066655e-01 -1.92935704e-01 -2.14518310e-01 -2.36565792e-01 -2.59165717e-01 -2.82784956e-01 -3.08263766e-01 -3.37002885e-01 -3.69745491e-01 -4.01930689e-01 -4.31374745e-01 -4.85489827e-01 -5.74255717e-01 -6.58466991e-01 -7.46160561e-01 -7.98467919e-01 -8.26117452e-01 -8.19948043e-01 -8.10274018e-01 -7.69523769e-01 -7.07566631e-01 -6.04898235e-01 -5.02778196e-01 -3.93243322e-01 -3.13857514e-01 -2.64644319e-01 -2.16243015e-01 -1.65381779e-01 -1.16320057e-01 -6.89609638e-02 -2.18396561e-02 2.62535585e-02 7.62779167e-02 1.28838535e-01 1.83975799e-01 2.40806818e-01 2.97616891e-01 3.52084067e-01 4.02051327e-01 4.45990597e-01 4.83397751e-01 5.14586653e-01 5.40456436e-01 5.62104011e-01 5.80659625e-01 5.97171714e-01 6.12605171e-01 6.27853092e-01 6.43689308e-01 6.60681549e-01 6.78869191e-01 6.97440651e-01 7.14419293e-01 7.26903974e-01 7.31689127e-01 7.26182579e-01 7.08894196e-01 6.79512830e-01 6.38845545e-01 5.89004777e-01 5.33296444e-01 4.75463420e-01 4.18560674e-01 3.64362652e-01 3.13433954e-01 2.65607172e-01 2.20382536e-01 1.77180284e-01 1.35423300e-01 9.46008332e-02 5.42846236e-02 1.42161386e-02 -2.56678422e-02 -6.51087952e-02 -1.03556584e-01 -1.40113902e-01 -1.73729285e-01 -2.03274519e-01 -2.27797061e-01 -2.46486009e-01 -2.58437175e-01 -2.61868986e-01 -2.54858671e-01 -2.42724563e-01 -2.45923288e-01 -2.73607183e-01 -2.91653771e-01 -2.91836508e-01 -3.11739788e-01 -4.58937871e-01
7.80000000e+00 -2.66387435e-02 -5.09789696e-02 -4.44621582e-02 -5.86824335e-02 -6.66856621e-02 -6.56928838e-02 -8.11669025e-02 -1.08666113e-01 -1.34238366e-01 -1.55778089e-01 -1.76229803e-01 -1.97091753e-01 -2.18432751e-01 -2.40062016e-01 -2.62109647e-01 -2.85084945e-01 -3.09883424e-01 -3.37959867e-01 -3.69834580e-01 -4.00520222e-01 -4.29209873e-01 -4.84559630e-01 -5.71947791e-01 -6.54705325e-01 -7.42083748e-01 -7.92805062e-01 -8.20478876e-01 -8.13124988e-01 -8.03778225e-01 -7.62422106e-01 -7.01466396e-01 -5.99316034e-01 -4.98514303e-01 -3.90966505e-01 -3.10594416e-01 -2.61767095e-01 -2.14836295e-01 -1.64975770e-01 -1.16644747e-01 -7.00389566e-02 -2.37093104e-02 2.35948539e-02 7.28778482e-02 1.24814739e-01 1.79533099e-01 2.36236503e-01 2.93255421e-01 3.48246492e-01 3.98962871e-01 4.43749573e-01 4.81980959e-01 5.13883380e-01 5.40312057e-01 5.62354152e-01 5.81150888e-01 5.97769957e-01 6.13195192e-01 6.28336808e-01 6.43979814e-01 6.60699689e-01 6.78532598e-01 6.96662259e-01 7.13105016e-01 7.24970656e-01 7.29082655e-01 7.22911911e-01 7.05051965e-01 6.75279544e-01 6.34464448e-01 5.84731868e-01 5.29353855e-01 4.72001680e-01 4.15664488e-01 3.62065949e-01 3.11749047e-01 2.64534106e-01 2.19919554e-01 1.77322756e-01 1.36165611e-01 9.59301858e-02 5.61771335e-02 1.66275152e-02 -2.28069398e-02 -6.18977332e-02 -1.00120097e-01 -1.36592489e-01 -1.70260923e-01 -1.99975830e-01 -2.24744299e-01 -2.43689372e-01 -2.55788459e-01 -2.59121972e-01 -2.52022150e-01 -2.41060113e-01 -2.47211890e-01 -2.76033915e-01 -2.92091501e-01 -2.92555139e-01 -3.13015277e-01 -4.60106253e-01
7.90000000e+00 -2.34774493e-02 -4.93794691e-02 -4.31358938e-02 -5.74357123e-02 -6.79319386e-02 -6.76717468e-02 -8.24143580e-02 -1.10385190e-01 -1.37169259e-01 -1.59579997e-01 -1.80380844e-01 -2.01234165e-01 -2.22329960e-01 -2.43540830e-01 -2.65040311e-01 -2.87380049e-01 -3.11512237e-01 -3.38936864e-01 -3.69915258e-01 -3.99088135e-01 -4.27190295e-01 -4.83746508e-01 -5.69519581e-01 -6.51058906e-01 -7.37875861e-01 -7.87148424e-01 -8.14592919e-01 -8.06261026e-01 -7.97012978e-01 -7.55322363e-01 -6.95214292e-01 -5.93855446e-01 -4.94153067e-01 -3.88774112e-01 -3.07502406e-01 -2.58895705e-01 -2.13414578e-01 -1.64580095e-01 -1.16971229e-01 -7.11009138e-02 -2.55487241e-02 2.09765168e-02 6.95229857e-02 1.20833316e-01 1.75120778e-01 2.31676743e-01 2.88881256e-01 3.44375454e-01 3.95827117e-01 4.41455611e-01 4.80512228e-01 5.13133041e-01 5.40127065e-01 5.62570387e-01 5.81614833e-01 5.98347318e-01 6.13770696e-01 6.28811988e-01 6.44266845e-01 6.60717260e-01 6.78195041e-01 6.95877978e-01 7.11775236e-01 7.23008198e-01 7.26432087e-01 7.19584924e-01 7.01148291e-01 6.70989388e-01 6.30039950e-01 5.80434246e-01 5.25405198e-01 4.68548573e-01 4.12785735e-01 3.59789884e-01 3.10083455e-01 2.63476091e-01 2.19465631e-01 1.77467630e-01 1.36903849e-01 9.72500504e-02 5.80566889e-02 1.90252724e-02 -1.99568717e-02 -5.86911541e-02 -9.66787474e-02 -1.33055236e-01 -1.66765833e-01 -1.96641117e-01 -2.21647865e-01 -2.40839776e-01 -2.53069729e-01 -2.56292374e-01 -2.49169730e-01 -2.39569669e-01 -2.48693123e-01 -2.78306250e-01 -2.92386182e-01 -2.93351016e-01 -3.14237341e-01 -4.61253787e-01
8.00000000e+00 -2.03837560e-02 -4.77675673e-02 -4.19234319e-02 -5.61420686e-02 -6.90555403e-02 -6.97751441e-02 -8.37883412e-02 -1.12094160e-01 -1.40051586e-01 -1.63353584e-01 -1.84516531e-01 -2.05360853e-01 -2.26208511e-01 -2.47001296e-01 -2.67957208e-01 -2.89670295e-01 -3.13150769e-01 -3.39932794e-01 -3.69983284e-01 -3.97640595e-01 -4.25327905e-01 -4.83028492e-01 -5.66979686e-01 -6.47533215e-01 -7.33528370e-01 -7.81507443e-01 -8.08451001e-01 -7.99365028e-01 -7.89972773e-01 -7.48232982e-01 -6.88808574e-01 -5.88517867e-01 -4.89708163e-01 -3.86644212e-01 -3.04588559e-01 -2.56038107e-01 -2.11974637e-01 -1.64193066e-01 -1.17300074e-01 -7.21474550e-02 -2.73581362e-02 1.83987627e-02 6.62142397e-02 1.16896028e-01 1.70741387e-01 2.27130447e-01 2.84497032e-01 3.40472734e-01 3.92644742e-01 4.39108396e-01 4.78990586e-01 5.12334389e-01 5.39900218e-01 5.62751628e-01 5.82050571e-01 5.98903078e-01 6.14331091e-01 6.29278102e-01 6.44549908e-01 6.60733738e-01 6.77855987e-01 6.95087233e-01 7.10429408e-01 7.21016120e-01 7.23737190e-01 7.16201799e-01 6.97183917e-01 6.66643662e-01 6.25573671e-01 5.76113572e-01 5.21451838e-01 4.65105091e-01 4.09925013e-01 3.57534823e-01 3.08437395e-01 2.62433298e-01 2.19020904e-01 1.77615030e-01 1.37638069e-01 9.85603606e-02 5.99230130e-02 2.14088614e-02 -1.71184956e-02 -5.54901788e-02 -9.32338075e-02 -1.29503390e-01 -1.63245056e-01 -1.93271032e-01 -2.18507775e-01 -2.37936126e-01 -2.50278878e-01 -2.53381457e-01 -2.46314552e-01 -2.38266522e-01 -2.50344086e-01 -2.80400511e-01 -2.92563443e-01 -2.94220828e-01 -3.15402062e-01 -4.62382166e-01
8.10000000e+00 -1.73608999e-02 -4.61422453e-02 -4.08204779e-02 -5.48252344e-02 -7.00447315e-02 -7.19855308e-02 -8.52977646e-02 -1.13801269e-01 -1.42883222e-01 -1.67094117e-01 -1.88633501e-01 -2.09469712e-01 -2.30067012e-01 -2.50442519e-01 -2.70859880e-01 -2.91955766e-01 -3.14799559e-01 -3.40946255e-01 -3.70034561e-01 -3.96185081e-01 -4.23632768e-01 -4.82382636e-01 -5.64340317e-01 -6.44129318e-01 -7.29036671e-01 -7.75887462e-01 -8.02049284e-01 -7.92441264e-01 -7.82657119e-01 -7.41158174e-01 -6.82251531e-01 -5.83300550e-01 -4.85196030e-01 -3.84554758e-01 -3.01857827e-01 -2.53203253e-01 -2.10513606e-01 -1.63812711e-01 -1.17631778e-01 -7.31792326e-02 -2.91378264e-02 1.58617494e-02 6.29524360e-02 1.13004543e-01 1.66397398e-01 2.22600491e-01 2.80105414e-01 3.36540183e-01 3.89416499e-01 4.36707668e-01 4.77415101e-01 5.11486192e-01 5.39630278e-01 5.62896786e-01 5.82457211e-01 5.99436515e-01 6.14875781e-01 6.29734613e-01 6.44828488e-01 6.60748576e-01 6.77514867e-01 6.94289416e-01 7.09066955e-01 7.18993930e-01 7.20997743e-01 7.12762764e-01 6.93159656e-01 6.62243735e-01 6.21067280e-01 5.71771513e-01 5.17495116e-01 4.61672182e-01 4.07082876e-01 3.55301092e-01 3.06811048e-01 2.61405872e-01 2.18585502e-01 1.77765074e-01 1.38368336e-01 9.98610689e-02 6.17758587e-02 2.37777705e-02 -1.42926310e-02 -5.22958967e-02 -8.97865344e-02 -1.25938199e-01 -1.59699642e-01 -1.89866238e-01 -2.15324026e-01 -2.34977259e-01 -2.47413897e-01 -2.50391318e-01 -2.43470701e-01 -2.37161856e-01 -2.52139019e-01 -2.82297160e-01 -2.92649744e-01 -2.95158321e-01 -3.16507154e-01 -4.63492679e-01
8.20000000e+00 -1.44117669e-02 -4.45038388e-02 -3.98206258e-02 -5.35088006e-02 -7.08912484e-02 -7.42835433e-02 -8.69498720e-02 -1.15515522e-01 -1.45662680e-01 -1.70796854e-01 -1.92728273e-01 -2.13558615e-01 -2.33904109e-01 -2.53863650e-01 -2.73747909e-01 -2.94236590e-01 -3.16459105e-01 -3.41975510e-01 -3.70065241e-01 -3.94730327e-01 -4.22112826e-01 -4.81785583e-01 -5.61616880e-01 -6.40843937e-01 -7.24400216e-01 -7.70289558e-01 -7.95388833e-01 -7.85489282e-01 -7.75070618e-01 -7.34097872e-01 -6.75549437e-01 -5.78196833e-01 -4.80635378e-01 -3.82484117e-01 -2.99312854e-01 -2.50400974e-01 -2.09029080e-01 -1.63436786e-01 -1.17966737e-01 -7.41969282e-02 -3.08881144e-02 1.33655797e-02 5.97383184e-02 1.09160430e-01 1.62091200e-01 2.18089717e-01 2.75709091e-01 3.32579720e-01 3.86143223e-01 4.34253236e-01 4.75784874e-01 5.10587235e-01 5.39316011e-01 5.63004772e-01 5.82833861e-01 5.99946908e-01 6.15404166e-01 6.30180975e-01 6.45102054e-01 6.60761205e-01 6.77171083e-01 6.93483888e-01 7.07687272e-01 7.16941125e-01 7.18213545e-01 7.09268096e-01 6.89076397e-01 6.57791046e-01 6.16522490e-01 5.67409739e-01 5.13536345e-01 4.58250749e-01 4.04259831e-01 3.53088973e-01 3.05204569e-01 2.60393938e-01 2.18159539e-01 1.77917880e-01 1.39094722e-01 1.01152146e-01 6.36150076e-02 2.61315244e-02 -1.14800583e-02 -4.91093645e-02 -8.63381658e-02 -1.22360908e-01 -1.56130659e-01 -1.86427413e-01 -2.12096593e-01 -2.31961949e-01 -2.44472926e-01 -2.47324951e-01 -2.40653053e-01 -2.36264454e-01 -2.54049739e-01 -2.83981113e-01 -2.92671634e-01 -2.96154682e-01 -3.17551934e-01 -4.64586188e-01
8.30000000e+00 -1.15388857e-02 -4.28539662e-02 -3.89157265e-02 -5.22156429e-02 -7.15904541e-02 -7.66483750e-02 -8.87500178e-02 -1.17246561e-01 -1.48389176e-01 -1.74457089e-01 -1.96797250e-01 -2.17625405e-01 -2.37718477e-01 -2.57263882e-01 -2.76620920e-01 -2.96512947e-01 -3.18129837e-01 -3.43018490e-01 -3.70071849e-01 -3.93286220e-01 -4.20773647e-01 -4.81214154e-01 -5.58827466e-01 -6.37669669e-01 -7.19622471e-01 -7.64710541e-01 -7.88475593e-01 -7.78503973e-01 -7.67222876e-01 -7.27047850e-01 -6.68712362e-01 -5.73196488e-01 -4.76046627e-01 -3.80411597e-01 -2.96953832e-01 -2.47641841e-01 -2.07519218e-01 -1.63062787e-01 -1.18305238e-01 -7.52012476e-02 -3.26093582e-02 1.09103044e-02 5.65725500e-02 1.05365162e-01 1.57825095e-01 2.13600923e-01 2.71310765e-01 3.28593327e-01 3.82825826e-01 4.31744974e-01 4.74099052e-01 5.09636323e-01 5.38956187e-01 5.63074498e-01 5.83179629e-01 6.00433531e-01 6.15915638e-01 6.30616632e-01 6.45370057e-01 6.60771030e-01 6.76824002e-01 6.92669975e-01 7.06289719e-01 7.14857190e-01 7.15384410e-01 7.05718124e-01 6.84935098e-01 6.53287101e-01 6.11941055e-01 5.63029921e-01 5.09576816e-01 4.54841647e-01 4.01456346e-01 3.50898708e-01 3.03618082e-01 2.59397598e-01 2.17743120e-01 1.78073560e-01 1.39817306e-01 1.02433579e-01 6.54402697e-02 2.84696835e-02 -8.68151902e-03 -4.59316053e-02 -8.28899188e-02 -1.18772762e-01 -1.52539184e-01 -1.82955244e-01 -2.08825419e-01 -2.28888912e-01 -2.41454304e-01 -2.44186307e-01 -2.37877101e-01 -2.35580418e-01 -2.56046142e-01 -2.85441964e-01 -2.92655033e-01 -2.97198966e-01 -3.18537241e-01 -4.65663120e-01
8.40000000e+00 -8.74443447e-03 -4.11954189e-02 -3.80962890e-02 -5.09673866e-02 -7.21414035e-02 -7.90581919e-02 -9.07014765e-02 -1.19004516e-01 -1.51062690e-01 -1.78070197e-01 -2.00836727e-01 -2.21667890e-01 -2.41508821e-01 -2.60642449e-01 -2.79478577e-01 -2.98785065e-01 -3.19812102e-01 -3.44072790e-01 -3.70051395e-01 -3.91863669e-01 -4.19618229e-01 -4.80645927e-01 -5.55992258e-01 -6.34595338e-01 -7.14710740e-01 -7.59143120e-01 -7.81320185e-01 -7.71475824e-01 -7.59128220e-01 -7.19999996e-01 -6.61753841e-01 -5.68286180e-01 -4.71451297e-01 -3.78317955e-01 -2.94778408e-01 -2.44936988e-01 -2.05982841e-01 -1.62687974e-01 -1.18647429e-01 -7.61929156e-02 -3.43019534e-02 8.49592484e-03 5.34557163e-02 1.01620115e-01 1.53601294e-01 2.09136859e-01 2.66913151e-01 3.24583046e-01 3.79465302e-01 4.29182828e-01 4.72356828e-01 5.08632283e-01 5.38549586e-01 5.63104878e-01 5.83493617e-01 6.00895660e-01 6.16409587e-01 6.31041022e-01 6.45631927e-01 6.60777436e-01 6.76472955e-01 6.91846976e-01 7.04873629e-01 7.12741605e-01 7.12510172e-01 7.02113230e-01 6.80736789e-01 6.48733468e-01 6.07324769e-01 5.58633726e-01 5.05617789e-01 4.51445687e-01 3.98672844e-01 3.48730499e-01 3.02051686e-01 2.58416936e-01 2.17336340e-01 1.78232227e-01 1.40536173e-01 1.03705373e-01 6.72514819e-02 3.07918432e-02 -5.89771548e-03 -4.27636077e-02 -7.94429880e-02 -1.15175000e-01 -1.48926306e-01 -1.79450424e-01 -2.05510421e-01 -2.25756817e-01 -2.38356622e-01 -2.40980342e-01 -2.35158747e-01 -2.35112948e-01 -2.58096746e-01 -2.86674082e-01 -2.92624558e-01 -2.98278578e-01 -3.19465310e-01 -4.66723479e-01
8.50000000e+00 -6.03025867e-03 -3.95320184e-02 -3.73518992e-02 -4.97839213e-02 -7.25468166e-02 -8.14905783e-02 -9.28052877e-02 -1.20799838e-01 -1.53684005e-01 -1.81631686e-01 -2.04842892e-01 -2.25683841e-01 -2.45273868e-01 -2.63998627e-01 -2.82320589e-01 -3.01053215e-01 -3.21506137e-01 -3.45135685e-01 -3.70001496e-01 -3.90474431e-01 -4.18646854e-01 -4.80059805e-01 -5.53132879e-01 -6.31606465e-01 -7.09675832e-01 -7.53576227e-01 -7.73937535e-01 -7.64391348e-01 -7.50805254e-01 -7.12942740e-01 -6.54690420e-01 -5.63450026e-01 -4.66871354e-01 -3.76185865e-01 -2.92781661e-01 -2.42297911e-01 -2.04419521e-01 -1.62309399e-01 -1.18993304e-01 -7.71726692e-02 -3.59663324e-02 6.12239567e-03 5.03883266e-02 9.79265683e-02 1.49421915e-01 2.04700219e-01 2.62518968e-01 3.20550980e-01 3.76062726e-01 4.26566817e-01 4.70557440e-01 5.07573967e-01 5.38094994e-01 5.63094823e-01 5.83774928e-01 6.01332564e-01 6.16885393e-01 6.31453571e-01 6.45887077e-01 6.60779781e-01 6.76117246e-01 6.91014153e-01 7.03438304e-01 7.10593839e-01 7.09590684e-01 6.98453848e-01 6.76482573e-01 6.44131782e-01 6.02675462e-01 5.54222817e-01 5.01660499e-01 4.48063634e-01 3.95909708e-01 3.46584512e-01 3.00505449e-01 2.57452012e-01 2.16939282e-01 1.78393987e-01 1.41251417e-01 1.04967546e-01 6.90485076e-02 3.30976335e-02 -3.12931084e-03 -3.96063252e-02 -7.59985442e-02 -1.11568855e-01 -1.45293119e-01 -1.75913648e-01 -2.02151476e-01 -2.22564296e-01 -2.35178790e-01 -2.37713057e-01 -2.32514073e-01 -2.34862153e-01 -2.60169282e-01 -2.87676598e-01 -2.92602910e-01 -2.99379766e-01 -3.20339600e-01 -4.67766861e-01
8.60000000e+00 -3.39789920e-03 -3.78684473e-02 -3.66716436e-02 -4.86829803e-02 -7.28129615e-02 -8.39230040e-02 -9.50601439e-02 -1.22643119e-01 -1.56254752e-01 -1.85137259e-01 -2.08811839e-01 -2.29670984e-01 -2.49012371e-01 -2.67331730e-01 -2.85146708e-01 -3.03317711e-01 -3.23212044e-01 -3.46204154e-01 -3.69920489e-01 -3.89130910e-01 -4.17857016e-01 -4.79436555e-01 -5.50271692e-01 -6.28685841e-01 -7.04531604e-01 -7.47995484e-01 -7.66346334e-01 -7.57233675e-01 -7.42276254e-01 -7.05861610e-01 -6.47541087e-01 -5.58670221e-01 -4.62328556e-01 -3.74000345e-01 -2.90956124e-01 -2.39736255e-01 -2.02829663e-01 -1.61923948e-01 -1.19342685e-01 -7.81412493e-02 -3.76029630e-02 3.78962720e-03 4.73708171e-02 9.42857066e-02 1.45288977e-01 2.00293641e-01 2.58130934e-01 3.16499284e-01 3.72619253e-01 4.23897037e-01 4.68700185e-01 5.06460257e-01 5.37591210e-01 5.63043251e-01 5.84022662e-01 6.01743511e-01 6.17342429e-01 6.31853696e-01 6.46134901e-01 6.60777404e-01 6.75756140e-01 6.90170744e-01 7.01983019e-01 7.08413359e-01 7.06625822e-01 6.94740468e-01 6.72173625e-01 6.39483735e-01 5.97995000e-01 5.49798849e-01 4.97706150e-01 4.44696205e-01 3.93167283e-01 3.44460871e-01 2.98979418e-01 2.56502868e-01 2.16552019e-01 1.78558942e-01 1.41963134e-01 1.06220132e-01 7.08312355e-02 3.53867181e-02 -3.76928975e-04 -3.64606752e-02 -7.25577322e-02 -1.07955552e-01 -1.41640725e-01 -1.72345613e-01 -1.98748423e-01 -2.19309962e-01 -2.31920094e-01 -2.34391518e-01 -2.29959092e-01 -2.34824930e-01 -2.62231305e-01 -2.88453272e-01 -2.92610340e-01 -3.00488137e-01 -3.21164604e-01 -4.68792494e-01
8.70000000e+00 -8.48629270e-04 -3.62100625e-02 -3.60445243e-02 -4.76797934e-02 -7.29494503e-02 -8.63332995e-02 -9.74623228e-02 -1.24544882e-01 -1.58777425e-01 -1.88582868e-01 -2.12739582e-01 -2.33626993e-01 -2.52723094e-01 -2.70641107e-01 -2.87956732e-01 -3.05578903e-01 -3.24929769e-01 -3.47274906e-01 -3.69807535e-01 -3.87845929e-01 -4.17243405e-01 -4.78759285e-01 -5.47431088e-01 -6.25814187e-01 -6.99294393e-01 -7.42383803e-01 -7.58568375e-01 -7.49983283e-01 -7.33566440e-01 -6.98739905e-01 -6.40326624e-01 -5.53927723e-01 -4.57843798e-01 -3.71749115e-01 -2.89291886e-01 -2.37263566e-01 -2.01214569e-01 -1.61528389e-01 -1.19695201e-01 -7.90993924e-02 -3.92123476e-02 1.49748769e-03 4.44035529e-02 9.06986190e-02 1.41204403e-01 1.95919694e-01 2.53751760e-01 3.12430165e-01 3.69136120e-01 4.21173663e-01 4.66784412e-01 5.05290063e-01 5.37037041e-01 5.62949078e-01 5.84235915e-01 6.02127764e-01 6.17780063e-01 6.32240804e-01 6.46374773e-01 6.60769618e-01 6.75388875e-01 6.89315952e-01 7.00507021e-01 7.06199627e-01 7.03615485e-01 6.90973633e-01 6.67811188e-01 6.34791078e-01 5.93285279e-01 5.45363469e-01 4.93755916e-01 4.41344075e-01 3.90445873e-01 3.42359668e-01 2.97473611e-01 2.55569527e-01 2.16174614e-01 1.78727191e-01 1.42671428e-01 1.07463177e-01 7.25995786e-02 3.76587931e-02 2.35884549e-03 -3.33275391e-02 -6.91216699e-02 -1.04336307e-01 -1.37970224e-01 -1.68747008e-01 -1.95301060e-01 -2.15992423e-01 -2.28580267e-01 -2.31023856e-01 -2.27509477e-01 -2.34994894e-01 -2.64250819e-01 -2.89012258e-01 -2.92664200e-01 -3.01589150e-01 -3.21945618e-01 -4.69799280e-01
8.80000000e+00 1.61650216e-03 -3.45626955e-02 -3.54598535e-02 -4.67868203e-02 -7.29689543e-02 -8.87001291e-02 -1.00005670e-01 -1.26515377e-01 -1.61255393e-01 -1.91964780e-01 -2.16622068e-01 -2.37549491e-01 -2.56404817e-01 -2.73926147e-01 -2.90750502e-01 -3.07837167e-01 -3.26659073e-01 -3.48344425e-01 -3.69662713e-01 -3.86632469e-01 -4.16797974e-01 -4.78013866e-01 -5.44632774e-01 -6.22970858e-01 -6.93982356e-01 -7.36722079e-01 -7.50627763e-01 -7.42618833e-01 -7.24703144e-01 -6.91559451e-01 -6.33068887e-01 -5.49202963e-01 -4.53436488e-01 -3.69422880e-01 -2.87776746e-01 -2.34891043e-01 -1.99576495e-01 -1.61119427e-01 -1.20050270e-01 -8.00478198e-02 -4.07950223e-02 -7.54194486e-04 4.14868306e-02 8.71663016e-02 1.37170011e-01 1.91580876e-01 2.49384140e-01 3.08345878e-01 3.65614644e-01 4.18396953e-01 4.64809533e-01 5.04062332e-01 5.36431311e-01 5.62811224e-01 5.84413779e-01 6.02484583e-01 6.18197651e-01 6.32614289e-01 6.46606049e-01 6.60755716e-01 6.75014653e-01 6.88448952e-01 6.99009532e-01 7.03952103e-01 7.00559598e-01 6.87153946e-01 6.63396577e-01 6.30055620e-01 5.88548221e-01 5.40918311e-01 4.89810944e-01 4.38007874e-01 3.87745746e-01 3.40280958e-01 2.95988024e-01 2.54651993e-01 2.15807118e-01 1.78898829e-01 1.43376406e-01 1.08696741e-01 7.43534736e-02 3.99135863e-02 5.07746732e-03 -3.02077617e-02 -6.56914461e-02 -1.00712321e-01 -1.34282718e-01 -1.65118515e-01 -1.91809138e-01 -2.12610312e-01 -2.25159554e-01 -2.27619251e-01 -2.25180287e-01 -2.35362376e-01 -2.66196889e-01 -2.89365757e-01 -2.92778597e-01 -3.02668597e-01 -3.22688514e-01 -4.70785848e-01
8.90000000e+00 3.99662206e-03 -3.29324496e-02 -3.49076163e-02 -4.60135704e-02 -7.28868457e-02 -9.10034499e-02 -1.02681633e-01 -1.28564353e-01 -1.63692890e-01 -1.95279636e-01 -2.20455199e-01 -2.41436039e-01 -2.60056325e-01 -2.77186270e-01 -2.93527906e-01 -3.10092904e-01 -3.28399514e-01 -3.49409020e-01 -3.69487098e-01 -3.85503398e-01 -4.16510065e-01 -4.77189275e-01 -5.41897089e-01 -6.20134596e-01 -6.88614753e-01 -7.30989970e-01 -7.42550062e-01 -7.35118092e-01 -7.15714900e-01 -6.84301404e-01 -6.25790061e-01 -5.44476556e-01 -4.49123971e-01 -3.67015539e-01 -2.86396430e-01 -2.32629281e-01 -1.97918679e-01 -1.60693765e-01 -1.20407091e-01 -8.09872257e-02 -4.23515557e-02 -2.96562914e-03 3.86208808e-02 8.36896590e-02 1.33187519e-01 1.87279612e-01 2.45030754e-01 3.04248719e-01 3.62056224e-01 4.15567248e-01 4.62775022e-01 5.02776046e-01 5.35772859e-01 5.62628613e-01 5.84555346e-01 6.02813219e-01 6.18594543e-01 6.32973535e-01 6.46828063e-01 6.60734963e-01 6.74632648e-01 6.87568893e-01 6.97489749e-01 7.01670247e-01 6.97458114e-01 6.83282063e-01 6.58931173e-01 6.25279221e-01 5.83785776e-01 5.36464995e-01 4.85872344e-01 4.34688188e-01 3.85067134e-01 3.38224764e-01 2.94522630e-01 2.53750250e-01 2.15449576e-01 1.79073944e-01 1.44078179e-01 1.09920894e-01 7.60928803e-02 4.21508557e-02 7.77843070e-03 -2.71021508e-02 -6.22681196e-02 -9.70847819e-02 -1.30579306e-01 -1.61460799e-01 -1.88272364e-01 -2.09162307e-01 -2.21658780e-01 -2.24187898e-01 -2.22985671e-01 -2.35914486e-01 -2.68040250e-01 -2.89529585e-01 -2.92964151e-01 -3.03713041e-01 -3.23399489e-01 -4.71750611e-01
9.00000000e+00 6.29098226e-03 -3.13254990e-02 -3.43787919e-02 -4.53665117e-02 -7.27207767e-02 -9.32249440e-02 -1.05479349e-01 -1.30700839e-01 -1.66094989e-01 -1.98524520e-01 -2.24234856e-01 -2.45284137e-01 -2.63676404e-01 -2.80420929e-01 -2.96288878e-01 -3.12346524e-01 -3.30150424e-01 -3.50464889e-01 -3.69282823e-01 -3.84471183e-01 -4.16366620e-01 -4.76277841e-01 -5.39242373e-01 -6.17284273e-01 -6.83211191e-01 -7.25166713e-01 -7.34361377e-01 -7.27458887e-01 -7.06630503e-01 -6.76947093e-01 -6.18511896e-01 -5.39730001e-01 -4.44921020e-01 -3.64524296e-01 -2.85134867e-01 -2.30488010e-01 -1.96245356e-01 -1.60248181e-01 -1.20764629e-01 -8.19182650e-02 -4.38825469e-02 -5.13706285e-03 3.58058710e-02 8.02695055e-02 1.29258537e-01 1.83018245e-01 2.40694252e-01 3.00141022e-01 3.58462335e-01 4.12684976e-01 4.60680423e-01 5.01430229e-01 5.35060540e-01 5.62400170e-01 5.84659702e-01 6.03112921e-01 6.18970077e-01 6.33317915e-01 6.47040134e-01 6.60706606e-01 6.74242001e-01 6.86674892e-01 6.95946846e-01 6.99353521e-01 6.94311012e-01 6.79358700e-01 6.54416426e-01 6.20463793e-01 5.78999911e-01 5.32005126e-01 4.81941198e-01 4.31385560e-01 3.82410233e-01 3.36191075e-01 2.93077377e-01 2.52864267e-01 2.15102019e-01 1.79252619e-01 1.44776863e-01 1.11135718e-01 7.78177812e-02 4.43703887e-02 1.04612690e-02 -2.40114775e-02 -5.88527176e-02 -9.34548625e-02 -1.26861078e-01 -1.57774509e-01 -1.84690401e-01 -2.05647164e-01 -2.18079413e-01 -2.20740943e-01 -2.20938588e-01 -2.36635248e-01 -2.69753865e-01 -2.89522651e-01 -2.93227860e-01 -3.04710208e-01 -3.24084836e-01 -4.72691829e-01
9.10000000e+00 8.49890761e-03 -2.97478981e-02 -3.38656251e-02 -4.48490676e-02 -7.24902079e-02 -9.53484142e-02 -1.08385785e-01 -1.32932916e-01 -1.68467554e-01 -2.01697016e-01 -2.27956928e-01 -2.49091222e-01 -2.67263837e-01 -2.83629608e-01 -2.99033401e-01 -3.14598436e-01 -3.31910888e-01 -3.51508184e-01 -3.69053115e-01 -3.83547597e-01 -4.16352443e-01 -4.75275405e-01 -5.36684393e-01 -6.14399625e-01 -6.77790862e-01 -7.19231960e-01 -7.26087440e-01 -7.19620079e-01 -6.97478068e-01 -6.69478846e-01 -6.11254970e-01 -5.34946320e-01 -4.40839408e-01 -3.61949677e-01 -2.83974519e-01 -2.28475844e-01 -1.94561746e-01 -1.59779596e-01 -1.21121609e-01 -8.28415392e-02 -4.53886236e-02 -7.26877768e-03 3.30419077e-02 7.69065680e-02 1.25384573e-01 1.78799034e-01 2.36377254e-01 2.96025154e-01 3.54834533e-01 4.09750654e-01 4.58525350e-01 5.00023949e-01 5.34293231e-01 5.62124828e-01 5.84725929e-01 6.03382930e-01 6.19323585e-01 6.33646786e-01 6.47241557e-01 6.60669865e-01 6.73841824e-01 6.85766040e-01 6.94379977e-01 6.97001387e-01 6.91118306e-01 6.75384630e-01 6.49853850e-01 6.15611295e-01 5.74192614e-01 5.27540292e-01 4.78018554e-01 4.28100493e-01 3.79775205e-01 3.34179852e-01 2.91652194e-01 2.51993995e-01 2.14764470e-01 1.79434935e-01 1.45472576e-01 1.12341303e-01 7.95281801e-02 4.65720014e-02 1.31255537e-02 -2.09364755e-02 -5.54462343e-02 -8.98237158e-02 -1.23129114e-01 -1.54060271e-01 -1.81062863e-01 -2.02063754e-01 -2.14423633e-01 -2.17290402e-01 -2.19050515e-01 -2.37505798e-01 -2.71313451e-01 -2.89366378e-01 -2.93573078e-01 -3.05649321e-01 -3.24750706e-01 -4.73607673e-01
9.20000000e+00 1.06197453e-02 -2.82054050e-02 -3.33618419e-02 -4.44616997e-02 -7.22158980e-02 -9.73601319e-02 -1.11385928e-01 -1.35267503e-01 -1.70817180e-01 -2.04795274e-01 -2.31617338e-01 -2.52854664e-01 -2.70817395e-01 -2.86811819e-01 -3.01761502e-01 -3.16849037e-01 -3.33679734e-01 -3.52535095e-01 -3.68802314e-01 -3.82743433e-01 -4.16450534e-01 -4.74181368e-01 -5.34235875e-01 -6.11461930e-01 -6.72371807e-01 -7.13166593e-01 -7.17752703e-01 -7.11582494e-01 -6.88284117e-01 -6.61880776e-01 -6.04037999e-01 -5.30110650e-01 -4.36887581e-01 -3.59295458e-01 -2.82896745e-01 -2.26600041e-01 -1.92874022e-01 -1.59285160e-01 -1.21476514e-01 -8.37575825e-02 -4.68704388e-02 -9.36109009e-03 3.03290394e-02 7.36014877e-02 1.21567026e-01 1.74624149e-01 2.32082342e-01 2.91903512e-01 3.51174449e-01 4.06764888e-01 4.56309492e-01 4.98556317e-01 5.33469829e-01 5.61801523e-01 5.84753109e-01 6.03622477e-01 6.19654384e-01 6.33959495e-01 6.47431612e-01 6.60623938e-01 6.73431202e-01 6.84841401e-01 6.92788278e-01 6.94613316e-01 6.87880039e-01 6.71360685e-01 6.45245024e-01 6.10723731e-01 5.69365886e-01 5.23072062e-01 4.74105426e-01 4.24833448e-01 3.77162180e-01 3.32191026e-01 2.90246987e-01 2.51139370e-01 2.14436943e-01 1.79620964e-01 1.46165441e-01 1.13537751e-01 8.12241007e-02 4.87555394e-02 1.57708936e-02 -1.78778412e-02 -5.20496304e-02 -8.61924755e-02 -1.19384480e-01 -1.50318682e-01 -1.77389327e-01 -1.98411100e-01 -2.10694382e-01 -2.13849052e-01 -2.17331181e-01 -2.38504649e-01 -2.72697930e-01 -2.89084069e-01 -2.93999596e-01 -3.06521366e-01 -3.25402907e-01 -4.74496284e-01
9.30000000e+00 1.26528168e-02 -2.67033266e-02 -3.28628063e-02 -4.42020711e-02 -7.19193700e-02 -9.92491285e-02 -1.14463028e-01 -1.37710155e-01 -1.73151104e-01 -2.07818060e-01 -2.35212085e-01 -2.56571767e-01 -2.74335834e-01 -2.89967099e-01 -3.04473255e-01 -3.19098694e-01 -3.35455515e-01 -3.53541932e-01 -3.68535856e-01 -3.82068219e-01 -4.16642468e-01 -4.72998639e-01 -5.31906117e-01 -6.08454623e-01 -6.66970229e-01 -7.06953489e-01 -7.09379503e-01 -7.03329795e-01 -6.79072739e-01 -6.54139509e-01 -5.96877217e-01 -5.25210726e-01 -4.33070430e-01 -3.56568494e-01 -2.81882212e-01 -2.24866290e-01 -1.91189247e-01 -1.58762332e-01 -1.21827590e-01 -8.46668459e-02 -4.83286681e-02 -1.14143500e-02 2.76672585e-02 7.03548224e-02 1.17807191e-01 1.70495667e-01 2.27812057e-01 2.87778515e-01 3.47483786e-01 4.03728377e-01 4.54032615e-01 4.97026500e-01 5.32589255e-01 5.61429199e-01 5.84740316e-01 6.03830790e-01 6.19961785e-01 6.34255371e-01 6.47609557e-01 6.60567997e-01 6.73009189e-01 6.83900013e-01 6.91170866e-01 6.92188783e-01 6.84596291e-01 6.67287753e-01 6.40591587e-01 6.05803147e-01 5.64521739e-01 5.18601986e-01 4.70202795e-01 4.21584852e-01 3.74571251e-01 3.30224501e-01 2.88861641e-01 2.50300311e-01 2.14119441e-01 1.79810776e-01 1.46855579e-01 1.14725172e-01 8.29055842e-02 5.09208774e-02 1.83969332e-02 -1.48362333e-02 -4.86638319e-02 -8.25622530e-02 -1.15628225e-01 -1.46550306e-01 -1.73669334e-01 -1.94688418e-01 -2.06895427e-01 -2.10430304e-01 -2.15788310e-01 -2.39608019e-01 -2.73889817e-01 -2.88700241e-01 -2.94503825e-01 -3.07319287e-01 -3.26046710e-01 -4.75355835e-01
9.40000000e+00 1.45973748e-02 -2.52463866e-02 -3.23656142e-02 -4.40652828e-02 -7.16223680e-02 -1.01007422e-01 -1.17598882e-01 -1.40264869e-01 -1.75477105e-01 -2.10764809e-01 -2.38737278e-01 -2.60239776e-01 -2.77817885e-01 -2.93095010e-01 -3.07168781e-01 -3.21347729e-01 -3.37236511e-01 -3.54525218e-01 -3.68260239e-01 -3.81529963e-01 -4.16908825e-01 -4.71733475e-01 -5.29700734e-01 -6.05363814e-01 -6.61599882e-01 -7.00578210e-01 -7.00987306e-01 -6.94849250e-01 -6.69864848e-01 -6.46244801e-01 -5.89785853e-01 -5.20237280e-01 -4.29389182e-01 -3.53778455e-01 -2.80911321e-01 -2.23278515e-01 -1.89515293e-01 -1.58208967e-01 -1.22172850e-01 -8.55696818e-02 -4.97640049e-02 -1.34289400e-02 2.50565040e-02 6.71670487e-02 1.14106256e-01 1.66415571e-01 2.23568889e-01 2.83652599e-01 3.43764323e-01 4.00641912e-01 4.51694570e-01 4.95433713e-01 5.31650458e-01 5.61006806e-01 5.84686626e-01 6.04007086e-01 6.20245085e-01 6.34533733e-01 6.47774634e-01 6.60501194e-01 6.72574814e-01 6.82940888e-01 6.89526845e-01 6.89727273e-01 6.81267178e-01 6.63166784e-01 6.35895240e-01 6.00851630e-01 5.59662191e-01 5.14131592e-01 4.66311607e-01 4.18355090e-01 3.72002485e-01 3.28280157e-01 2.87496023e-01 2.49476725e-01 2.13811958e-01 1.80004437e-01 1.47543113e-01 1.15903690e-01 8.45726880e-02 5.30679193e-02 2.10033524e-02 -1.18122726e-02 -4.52897295e-02 -7.89341357e-02 -1.11861375e-01 -1.42755671e-01 -1.69902394e-01 -1.90895166e-01 -2.03031395e-01 -2.07048048e-01 -2.14427391e-01 -2.40790214e-01 -2.74875524e-01 -2.88239950e-01 -2.95079065e-01 -3.08038108e-01 -3.26686697e-01 -4.76184578e-01
9.50000000e+00 1.64525651e-02 -2.38386225e-02 -3.18691259e-02 -4.40441737e-02 -7.13463192e-02 -1.02630172e-01 -1.20774157e-01 -1.42933927e-01 -1.77803382e-01 -2.13635671e-01 -2.42189181e-01 -2.63855877e-01 -2.81262249e-01 -2.96195134e-01 -3.09848241e-01 -3.23596404e-01 -3.39020724e-01 -3.55481782e-01 -3.67982952e-01 -3.81134914e-01 -4.17229641e-01 -4.70395228e-01 -5.27621516e-01 -6.02178707e-01 -6.56271560e-01 -6.94029580e-01 -6.92592073e-01 -6.86132376e-01 -6.60677565e-01 -6.38190050e-01 -5.82773721e-01 -5.15184315e-01 -4.25841406e-01 -3.50937492e-01 -2.79964651e-01 -2.21838723e-01 -1.87860727e-01 -1.57623395e-01 -1.22510093e-01 -8.64663275e-02 -5.11771567e-02 -1.54052749e-02 2.24966642e-02 6.40385638e-02 1.10465305e-01 1.62385743e-01 2.19355273e-01 2.79528215e-01 3.40017905e-01 3.97506378e-01 4.49295288e-01 4.93777233e-01 5.30652414e-01 5.60533303e-01 5.84591108e-01 6.04150574e-01 6.20503570e-01 6.34793880e-01 6.47926064e-01 6.60422655e-01 6.72127080e-01 6.81963015e-01 6.87855308e-01 6.87228282e-01 6.77892855e-01 6.58998785e-01 6.31157739e-01 5.95871298e-01 5.54789264e-01 5.09662384e-01 4.62432773e-01 4.15144515e-01 3.69455916e-01 3.26357849e-01 2.86149980e-01 2.48668505e-01 2.13514475e-01 1.80202010e-01 1.48228165e-01 1.17073435e-01 8.62254843e-02 5.51965977e-02 2.35898654e-02 -8.80654247e-03 -4.19281773e-02 -7.53091840e-02 -1.08084930e-01 -1.38935265e-01 -1.66088005e-01 -1.87031093e-01 -1.99107813e-01 -2.03716478e-01 -2.13251479e-01 -2.42024061e-01 -2.75645572e-01 -2.87728113e-01 -2.95715864e-01 -3.08674977e-01 -3.27326632e-01 -4.76980899e-01
9.60000000e+00 1.82173957e-02 -2.24833106e-02 -3.13739386e-02 -4.41296733e-02 -7.11118159e-02 -1.04115762e-01 -1.23968746e-01 -1.45717751e-01 -1.80138416e-01 -2.16431541e-01 -2.45564258e-01 -2.67417203e-01 -2.84667594e-01 -2.99267074e-01 -3.12511839e-01 -3.25844898e-01 -3.40805884e-01 -3.56408855e-01 -3.67712376e-01 -3.80887367e-01 -4.17584893e-01 -4.68995991e-01 -5.25666407e-01 -5.98891882e-01 -6.50992706e-01 -6.87300144e-01 -6.84205769e-01 -6.77175423e-01 -6.51523759e-01 -6.29972658e-01 -5.75846943e-01 -5.10049251e-01 -4.22421137e-01 -3.48059813e-01 -2.79023406e-01 -2.20546886e-01 -1.86234677e-01 -1.57004503e-01 -1.22836926e-01 -8.73568892e-02 -5.25688389e-02 -1.73438012e-02 1.99875787e-02 6.09696882e-02 1.06885317e-01 1.58407966e-01 2.15173588e-01 2.75407821e-01 3.36246447e-01 3.94322756e-01 4.46834790e-01 4.92056393e-01 5.29594131e-01 5.60007661e-01 5.84452829e-01 6.04260454e-01 6.20736515e-01 6.35035098e-01 6.48063049e-01 6.60331481e-01 6.71664964e-01 6.80965358e-01 6.86155338e-01 6.84691318e-01 6.74473518e-01 6.54784821e-01 6.26380897e-01 5.90864305e-01 5.49904980e-01 5.05195846e-01 4.58567169e-01 4.11953447e-01 3.66931549e-01 3.24457411e-01 2.84823338e-01 2.47875530e-01 2.13226965e-01 1.80403555e-01 1.48910857e-01 1.18234553e-01 8.78640593e-02 5.73068729e-02 2.61562205e-02 -5.81958916e-03 -3.85799924e-02 -7.16884293e-02 -1.04299862e-01 -1.35089531e-01 -1.62225656e-01 -1.83096286e-01 -1.95131129e-01 -2.00449901e-01 -2.12261035e-01 -2.43281381e-01 -2.76194706e-01 -2.87188857e-01 -2.96402432e-01 -3.09229144e-01 -3.27969376e-01 -4.77743350e-01
9.70000000e+00 1.98907131e-02 -2.11829228e-02 -3.08823029e-02 -4.43111949e-02 -7.09381311e-02 -1.05465803e-01 -1.27162151e-01 -1.48614806e-01 -1.82490815e-01 -2.19154086e-01 -2.48859218e-01 -2.70920852e-01 -2.88032543e-01 -3.02310445e-01 -3.15159810e-01 -3.28093295e-01 -3.42589467e-01 -3.57304164e-01 -3.67457667e-01 -3.80789497e-01 -4.17954975e-01 -4.67550174e-01 -5.23829624e-01 -5.95499466e-01 -6.45767148e-01 -6.80386481e-01 -6.75836033e-01 -6.67979690e-01 -6.42411741e-01 -6.21594246e-01 -5.69007805e-01 -5.04832957e-01 -4.19119104e-01 -3.45161219e-01 -2.78069844e-01 -2.19400866e-01 -1.84646680e-01 -1.56351807e-01 -1.23150789e-01 -8.82413274e-02 -5.39397690e-02 -1.92449966e-02 1.75290406e-02 5.79606673e-02 1.03367172e-01 1.54483916e-01 2.11026144e-01 2.71293876e-01 3.32451924e-01 3.91092120e-01 4.44313189e-01 4.90270594e-01 5.28474653e-01 5.59428859e-01 5.84270854e-01 6.04335917e-01 6.20943182e-01 6.35256656e-01 6.48184775e-01 6.60226751e-01 6.71187422e-01 6.79946860e-01 6.84426010e-01 6.82115905e-01 6.71009404e-01 6.50526015e-01 6.21566578e-01 5.85832832e-01 5.45011358e-01 5.00733434e-01 4.54715637e-01 4.08782170e-01 3.64429361e-01 3.22578655e-01 2.83515909e-01 2.47097669e-01 2.12949391e-01 1.80609134e-01 1.49591308e-01 1.19387197e-01 8.94885124e-02 5.93987329e-02 2.87021996e-02 -2.85192231e-03 -3.52459534e-02 -6.80728715e-02 -1.00507105e-01 -1.31218863e-01 -1.58314851e-01 -1.79091227e-01 -1.91108721e-01 -1.97262526e-01 -2.11453805e-01 -2.44533492e-01 -2.76521918e-01 -2.86644911e-01 -2.97125115e-01 -3.09701861e-01 -3.28616834e-01 -4.78470683e-01
9.80000000e+00 2.14711867e-02 -1.99391129e-02 -3.03979885e-02 -4.45770558e-02 -7.08427801e-02 -1.06685056e-01 -1.30333881e-01 -1.51621520e-01 -1.84869150e-01 -2.21805758e-01 -2.52071068e-01 -2.74363889e-01 -2.91355675e-01 -3.05324881e-01 -3.17792423e-01 -3.30341559e-01 -3.44368712e-01 -3.58166024e-01 -3.67228595e-01 -3.80841249e-01 -4.18321180e-01 -4.66073998e-01 -5.22101876e-01 -5.92001154e-01 -6.40594976e-01 -6.73289356e-01 -6.67486014e-01 -6.58551655e-01 -6.33345152e-01 -6.13060705e-01 -5.62254756e-01 -4.99539640e-01 -4.15923069e-01 -3.42258575e-01 -2.77087691e-01 -2.18396395e-01 -1.83106504e-01 -1.55665520e-01 -1.23448993e-01 -8.91194417e-02 -5.52906592e-02 -2.11093698e-02 1.51207987e-02 5.50116740e-02 9.99116486e-02 1.50615167e-01 2.06915187e-01 2.67188837e-01 3.28636373e-01 3.87815641e-01 4.41730689e-01 4.88419303e-01 5.27293059e-01 5.58795891e-01 5.84044246e-01 6.04376142e-01 6.21122821e-01 6.35457805e-01 6.48290406e-01 6.60107519e-01 6.70693385e-01 6.78906443e-01 6.82666397e-01 6.79501584e-01 6.67500798e-01 6.46223549e-01 6.16716696e-01 5.80779085e-01 5.40110410e-01 4.96276581e-01 4.50878983e-01 4.05630942e-01 3.61949303e-01 3.20721376e-01 2.82227485e-01 2.46334781e-01 2.12681705e-01 1.80818806e-01 1.50269638e-01 1.20531534e-01 9.10989554e-02 6.14721925e-02 3.12276183e-02 9.59845329e-05 -3.19267992e-02 -6.44634771e-02 -9.67075556e-02 -1.27323605e-01 -1.54355121e-01 -1.75016843e-01 -1.87048894e-01 -1.94168239e-01 -2.10824746e-01 -2.45751733e-01 -2.76630359e-01 -2.86117042e-01 -2.97868900e-01 -3.10096233e-01 -3.29269936e-01 -4.79161866e-01
9.90000000e+00 2.29573010e-02 -1.87527318e-02 -2.99261049e-02 -4.49149121e-02 -7.08411395e-02 -1.07781284e-01 -1.33463851e-01 -1.54732264e-01 -1.87281778e-01 -2.24389791e-01 -2.55197164e-01 -2.77743370e-01 -2.94635516e-01 -3.08310023e-01 -3.20409966e-01 -3.32589516e-01 -3.46140654e-01 -3.58993419e-01 -3.67035373e-01 -3.81040279e-01 -4.18666154e-01 -4.64584948e-01 -5.20470712e-01 -5.88400108e-01 -6.35472571e-01 -6.66013721e-01 -6.59154399e-01 -6.48902915e-01 -6.24323018e-01 -6.04382092e-01 -5.55582554e-01 -4.94176619e-01 -4.12818252e-01 -3.39369265e-01 -2.76062513e-01 -2.17527098e-01 -1.81623957e-01 -1.54946603e-01 -1.23728762e-01 -8.99908590e-02 -5.66222085e-02 -2.29374599e-02 1.27625588e-02 5.21228107e-02 9.65194279e-02 1.46803183e-01 2.02842886e-01 2.63095155e-01 3.24801885e-01 3.84494585e-01 4.39087593e-01 4.86502058e-01 5.26048466e-01 5.58107766e-01 5.83772066e-01 6.04380302e-01 6.21274668e-01 6.35637781e-01 6.48379091e-01 6.59972815e-01 6.70181763e-01 6.77843009e-01 6.80875569e-01 6.76847915e-01 6.63948026e-01 6.41878661e-01 6.11833212e-01 5.75705293e-01 5.35204139e-01 4.91826694e-01 4.47057978e-01 4.02499990e-01 3.59491300e-01 3.18885352e-01 2.80957843e-01 2.45586716e-01 2.12423848e-01 1.81032636e-01 1.50945961e-01 1.21667741e-01 9.26955125e-02 6.35272924e-02 3.37323256e-02 3.02369316e-03 -2.86232285e-02 -6.08611766e-02 -9.29020648e-02 -1.23404051e-01 -1.50346052e-01 -1.70874562e-01 -1.82960858e-01 -1.91180369e-01 -2.10366009e-01 -2.46907997e-01 -2.76527167e-01 -2.85623574e-01 -2.98617939e-01 -3.10417002e-01 -3.29928656e-01 -4.79816098e-01
1.00000000e+01 2.43473557e-02 -1.76238704e-02 -2.94728875e-02 -4.53121925e-02 -7.09461331e-02 -1.08765030e-01 -1.36532793e-01 -1.57939354e-01 -1.89736657e-01 -2.26910188e-01 -2.58235257e-01 -2.81056356e-01 -2.97870536e-01 -3.11265522e-01 -3.23012744e-01 -3.34836843e-01 -3.47902154e-01 -3.59786083e-01 -3.66888463e-01 -3.81381941e-01 -4.18974314e-01 -4.63101183e-01 -5.18920953e-01 -5.84702721e-01 -6.30392765e-01 -6.58568555e-01 -6.50835601e-01 -6.39049940e-01 -6.15339989e-01 -5.95572358e-01 -5.48982543e-01 -4.88753992e-01 -4.09787834e-01 -3.36510627e-01 -2.74982046e-01 -2.16784570e-01 -1.80208684e-01 -1.54196810e-01 -1.23987279e-01 -9.08550223e-02 -5.79350943e-02 -2.47298355e-02 1.04539849e-02 4.92941120e-02 9.31910976e-02 1.43049320e-01 1.98811336e-01 2.59015265e-01 3.20950605e-01 3.81130312e-01 4.36384300e-01 4.84518472e-01 5.24740037e-01 5.57363509e-01 5.83453372e-01 6.04347556e-01 6.21397945e-01 6.35795799e-01 6.48449957e-01 6.59821646e-01 6.69651449e-01 6.76755443e-01 6.79052599e-01 6.74154483e-01 6.60351466e-01 6.37492644e-01 6.06918131e-01 5.70613701e-01 5.30294531e-01 4.87385152e-01 4.43253359e-01 3.99389513e-01 3.57055255e-01 3.17070342e-01 2.79706743e-01 2.44853314e-01 2.12175752e-01 1.81250689e-01 1.51620392e-01 1.22796011e-01 9.42783193e-02 6.55640986e-02 3.62162047e-02 5.93079972e-03 -2.53358982e-02 -5.72668630e-02 -8.90914339e-02 -1.19460442e-01 -1.46287310e-01 -1.66666360e-01 -1.78854685e-01 -1.88311455e-01 -2.10066964e-01 -2.47975259e-01 -2.76223191e-01 -2.85179979e-01 -2.99356078e-01 -3.10670294e-01 -3.30592063e-01 -4.80432807e-01
1.01000000e+01 2.56394734e-02 -1.65519258e-02 -2.90454547e-02 -4.57565204e-02 -7.11679917e-02 -1.09649322e-01 -1.39522639e-01 -1.61233108e-01 -1.92241160e-01 -2.29371690e-01 -2.61183550e-01 -2.84299940e-01 -3.01059151e-01 -3.14191033e-01 -3.25601064e-01 -3.37083043e-01 -3.49649954e-01 -3.60544558e-01 -3.66798357e-01 -3.81859344e-01 -4.19232225e-01 -4.61640933e-01 -5.17435220e-01 -5.80918270e-01 -6.25345142e-01 -6.50966544e-01 -6.42520133e-01 -6.29013644e-01 -6.06386753e-01 -5.86648939e-01 -5.42443054e-01 -4.83284195e-01 -4.06813515e-01 -3.33699394e-01 -2.73836468e-01 -2.16158508e-01 -1.78869956e-01 -1.53418715e-01 -1.24221742e-01 -9.17111834e-02 -5.92299626e-02 -2.64870942e-02 8.19470048e-03 4.65255465e-02 8.99271546e-02 1.39354823e-01 1.94822550e-01 2.54951588e-01 3.17084720e-01 3.77724277e-01 4.33621313e-01 4.82468235e-01 5.23366978e-01 5.56562163e-01 5.83087223e-01 6.04277056e-01 6.21491861e-01 6.35931057e-01 6.48502114e-01 6.59652996e-01 6.69101315e-01 6.75642614e-01 6.77196563e-01 6.71420896e-01 6.56711544e-01 6.33066848e-01 6.01973498e-01 5.65506569e-01 5.25383559e-01 4.82953307e-01 4.39465831e-01 3.96299684e-01 3.54641047e-01 3.15276094e-01 2.78473934e-01 2.44134408e-01 2.11937341e-01 1.81473038e-01 1.52293042e-01 1.23916551e-01 9.58475238e-02 6.75827010e-02 3.86791727e-02 8.81693385e-03 -2.20654230e-02 -5.36813890e-02 -8.52764104e-02 -1.15492970e-01 -1.42178666e-01 -1.62394815e-01 -1.74741257e-01 -1.85573001e-01 -2.09914291e-01 -2.48928089e-01 -2.75732638e-01 -2.84798562e-01 -3.00067370e-01 -3.10863334e-01 -3.31258402e-01 -4.81011642e-01
1.02000000e+01 2.68316139e-02 -1.55356887e-02 -2.86515475e-02 -4.62361100e-02 -7.15140920e-02 -1.10449329e-01 -1.42416893e-01 -1.64601945e-01 -1.94801888e-01 -2.31779730e-01 -2.64040740e-01 -2.87471270e-01 -3.04199715e-01 -3.17086214e-01 -3.28175228e-01 -3.39327440e-01 -3.51380717e-01 -3.61270245e-01 -3.66775354e-01 -3.82463452e-01 -4.19428915e-01 -4.60221895e-01 -5.15994514e-01 -5.77058463e-01 -6.20316460e-01 -6.43223635e-01 -6.34195123e-01 -6.18818802e-01 -5.97450588e-01 -5.77632206e-01 -5.35949919e-01 -4.77781485e-01 -4.03876118e-01 -3.30951158e-01 -2.72618601e-01 -2.15636888e-01 -1.77616457e-01 -1.52615722e-01 -1.24429424e-01 -9.25583979e-02 -6.05074184e-02 -2.82098608e-02 5.98428876e-03 4.38170190e-02 8.67280086e-02 1.35720827e-01 1.90878459e-01 2.50906517e-01 3.13206464e-01 3.74278029e-01 4.30799235e-01 4.80351121e-01 5.21928544e-01 5.55702794e-01 5.82672675e-01 6.04167940e-01 6.21555613e-01 6.36042735e-01 6.48534653e-01 6.59465828e-01 6.68530214e-01 6.74503377e-01 6.75306545e-01 6.68646788e-01 6.53028735e-01 6.28602676e-01 5.97001396e-01 5.60386167e-01 5.20473173e-01 4.78532482e-01 4.35696064e-01 3.93230652e-01 3.52248539e-01 3.13502340e-01 2.77259148e-01 2.43429829e-01 2.11708526e-01 1.81699764e-01 1.52964020e-01 1.25029584e-01 9.74032856e-02 6.95832128e-02 4.11211819e-02 1.16817575e-02 -1.88123740e-02 -5.01055657e-02 -8.14576826e-02 -1.11501779e-01 -1.38020033e-01 -1.58063151e-01 -1.70632189e-01 -1.82975243e-01 -2.09892120e-01 -2.49743135e-01 -2.75072638e-01 -2.84488243e-01 -3.00736559e-01 -3.11004131e-01 -3.31925198e-01 -4.81552460e-01
1.03000000e+01 2.79215946e-02 -1.45734461e-02 -2.82992605e-02 -4.67401263e-02 -7.19888773e-02 -1.11181960e-01 -1.45200967e-01 -1.68032523e-01 -1.97424489e-01 -2.34140369e-01 -2.66806068e-01 -2.90567577e-01 -3.07290529e-01 -3.19950721e-01 -3.30735515e-01 -3.41569159e-01 -3.53091094e-01 -3.61965435e-01 -3.66829328e-01 -3.83183257e-01 -4.19556115e-01 -4.58860649e-01 -5.14578844e-01 -5.73136906e-01 -6.15291176e-01 -6.35358457e-01 -6.25844973e-01 -6.08493318e-01 -5.88516058e-01 -5.68544813e-01 -5.29487066e-01 -4.72261359e-01 -4.00956205e-01 -3.28279869e-01 -2.71324054e-01 -2.15206187e-01 -1.76456072e-01 -1.51792061e-01 -1.24607730e-01 -9.33955248e-02 -6.17680148e-02 -2.98987862e-02 3.82229334e-03 4.11683726e-02 8.35939872e-02 1.32148357e-01 1.86980910e-01 2.46882422e-01 3.09318103e-01 3.70793212e-01 4.27918776e-01 4.78166988e-01 5.20424043e-01 5.54784490e-01 5.82208787e-01 6.04019337e-01 6.21588381e-01 6.36129988e-01 6.48546645e-01 6.59259080e-01 6.67936986e-01 6.73336574e-01 6.73381637e-01 6.65831825e-01 6.49303569e-01 6.24101584e-01 5.92003943e-01 5.55254774e-01 5.15565303e-01 4.74123972e-01 4.31944697e-01 3.90182544e-01 3.49877573e-01 3.11748802e-01 2.76062107e-01 2.42739398e-01 2.11489215e-01 1.81930955e-01 1.53633428e-01 1.26135354e-01 9.89457761e-02 7.15657696e-02 4.35422196e-02 1.45249640e-02 -1.55772779e-02 -4.65401604e-02 -7.76358759e-02 -1.07486974e-01 -1.33811500e-01 -1.53675273e-01 -1.66539730e-01 -1.80526930e-01 -2.09982226e-01 -2.50399573e-01 -2.74262747e-01 -2.84254442e-01 -3.01349524e-01 -3.11101160e-01 -3.32589376e-01 -4.82055296e-01
1.04000000e+01 2.89071157e-02 -1.36630971e-02 -2.79967726e-02 -4.72589991e-02 -7.25938608e-02 -1.11865426e-01 -1.47862483e-01 -1.71509925e-01 -2.00113482e-01 -2.36460219e-01 -2.69479356e-01 -2.93586212e-01 -3.10329835e-01 -3.22784202e-01 -3.33282169e-01 -3.43807127e-01 -3.54777786e-01 -3.62633327e-01 -3.66969494e-01 -3.84005986e-01 -4.19608437e-01 -4.57572120e-01 -5.13167882e-01 -5.69168503e-01 -6.10252058e-01 -6.27391656e-01 -6.17452117e-01 -5.98067384e-01 -5.79565805e-01 -5.59410954e-01 -5.23037188e-01 -4.66739939e-01 -3.98034698e-01 -3.25697390e-01 -2.69951274e-01 -2.14851659e-01 -1.75395688e-01 -1.50952762e-01 -1.24754267e-01 -9.42212307e-02 -6.30122423e-02 -3.15545451e-02 1.70821784e-03 3.85793902e-02 8.05253403e-02 1.28638322e-01 1.83131664e-01 2.42881634e-01 3.05421937e-01 3.67271561e-01 4.24980751e-01 4.75915780e-01 5.18852835e-01 5.53806365e-01 5.81694618e-01 6.03830368e-01 6.21589333e-01 6.36191956e-01 6.48537146e-01 6.59031674e-01 6.67320455e-01 6.72141039e-01 6.71420947e-01 6.62975703e-01 6.45536627e-01 6.19565080e-01 5.86983286e-01 5.50114667e-01 5.10661854e-01 4.69729042e-01 4.28212341e-01 3.87155464e-01 3.47527976e-01 3.10015189e-01 2.74882525e-01 2.42062938e-01 2.11279304e-01 1.82166716e-01 1.54301368e-01 1.27234128e-01 1.00475178e-01 7.35305287e-02 4.59423091e-02 1.73462764e-02 -1.23606160e-02 -4.29858943e-02 -7.38115477e-02 -1.03448625e-01 -1.29553371e-01 -1.49235809e-01 -1.62476651e-01 -1.78235110e-01 -2.10164279e-01 -2.50879491e-01 -2.73324402e-01 -2.84099062e-01 -3.01893665e-01 -3.11163032e-01 -3.33247406e-01 -4.82520342e-01
1.05000000e+01 2.97857895e-02 -1.28022748e-02 -2.77520878e-02 -4.77846829e-02 -7.33277092e-02 -1.12518775e-01 -1.50391516e-01 -1.75017877e-01 -2.02872103e-01 -2.38746344e-01 -2.72061042e-01 -2.96524681e-01 -3.13315830e-01 -3.25586297e-01 -3.35815385e-01 -3.46040062e-01 -3.56437608e-01 -3.63278014e-01 -3.67204177e-01 -3.84917377e-01 -4.19583457e-01 -4.56369082e-01 -5.11741609e-01 -5.65168821e-01 -6.05180858e-01 -6.19345146e-01 -6.08997868e-01 -5.87572557e-01 -5.70581413e-01 -5.50255566e-01 -5.16582445e-01 -4.61233333e-01 -3.95093468e-01 -3.23213123e-01 -2.68501527e-01 -2.14557630e-01 -1.74440997e-01 -1.50103607e-01 -1.24866904e-01 -9.50339984e-02 -6.42405186e-02 -3.31778342e-02 -3.58474396e-04 3.60497958e-02 7.75222467e-02 1.25191520e-01 1.79332397e-01 2.38906446e-01 3.01520290e-01 3.63714903e-01 4.21986081e-01 4.73597537e-01 5.17214341e-01 5.52767557e-01 5.81129229e-01 6.03600145e-01 6.21557617e-01 6.36227753e-01 6.48505193e-01 6.58782506e-01 6.66679427e-01 6.70915598e-01 6.69423594e-01 6.60078154e-01 6.41728543e-01 6.14994721e-01 5.81941598e-01 5.44968126e-01 5.05764703e-01 4.65348928e-01 4.24499576e-01 3.84149497e-01 3.45199559e-01 3.08301200e-01 2.73720103e-01 2.41400267e-01 2.11078685e-01 1.82407165e-01 1.54967934e-01 1.28326197e-01 1.01991688e-01 7.54776696e-02 4.83215101e-02 2.01454469e-02 -9.16282296e-03 -3.94434415e-02 -6.99851846e-02 -9.93867772e-02 -1.25246204e-01 -1.44750130e-01 -1.58456112e-01 -1.76104946e-01 -2.10416138e-01 -2.51168233e-01 -2.72280331e-01 -2.84020574e-01 -3.02358226e-01 -3.11198192e-01 -3.33895443e-01 -4.82947907e-01
1.06000000e+01 3.05551713e-02 -1.19884714e-02 -2.75727934e-02 -4.83108566e-02 -7.41864016e-02 -1.13161408e-01 -1.52780796e-01 -1.78539007e-01 -2.05702156e-01 -2.41006155e-01 -2.74552211e-01 -2.99380685e-01 -3.16246664e-01 -3.28356631e-01 -3.38335287e-01 -3.48266481e-01 -3.58067565e-01 -3.63904460e-01 -3.67540596e-01 -3.85901978e-01 -4.19481717e-01 -4.55261751e-01 -5.10280940e-01 -5.61153436e-01 -6.00059009e-01 -6.11241331e-01 -6.00463304e-01 -5.77040789e-01 -5.61544314e-01 -5.41103507e-01 -5.10105179e-01 -4.55757010e-01 -3.92115893e-01 -3.20833707e-01 -2.66978803e-01 -2.14307833e-01 -1.73596331e-01 -1.49251074e-01 -1.24943834e-01 -9.58321406e-02 -6.54531783e-02 -3.47693691e-02 -2.37836102e-03 3.35792553e-02 7.45848198e-02 1.21808630e-01 1.75584703e-01 2.34959102e-01 2.97615509e-01 3.60125154e-01 4.18935795e-01 4.71212388e-01 5.15508044e-01 5.51667237e-01 5.80511689e-01 6.03327770e-01 6.21492362e-01 6.36236480e-01 6.48449804e-01 6.58510457e-01 6.66012700e-01 6.69659071e-01 6.67388716e-01 6.57138946e-01 6.37880006e-01 6.10392111e-01 5.76881078e-01 5.39817423e-01 5.00875699e-01 4.60984835e-01 4.20806957e-01 3.81164712e-01 3.42892123e-01 3.06606528e-01 2.72574537e-01 2.40751207e-01 2.10887240e-01 1.82652440e-01 1.55633212e-01 1.29411883e-01 1.03495510e-01 7.74073943e-02 5.06799187e-02 2.29222554e-02 -5.98428663e-03 -3.59134265e-02 -6.61571984e-02 -9.53014649e-02 -1.20890856e-01 -1.40224369e-01 -1.54491507e-01 -1.74139552e-01 -2.10714192e-01 -2.51254652e-01 -2.71153951e-01 -2.84014195e-01 -3.02734544e-01 -3.11214618e-01 -3.34529483e-01 -4.83338383e-01
1.07000000e+01 3.12127928e-02 -1.12191607e-02 -2.74658426e-02 -4.88330594e-02 -7.51634590e-02 -1.13812598e-01 -1.55025842e-01 -1.82055134e-01 -2.08603898e-01 -2.43247281e-01 -2.76954610e-01 -3.02152159e-01 -3.19120455e-01 -3.31094806e-01 -3.40841914e-01 -3.50484702e-01 -3.59664920e-01 -3.64518450e-01 -3.67984661e-01 -3.86943497e-01 -4.19306642e-01 -4.54257447e-01 -5.08768307e-01 -5.57137289e-01 -5.94868341e-01 -6.03102304e-01 -5.91830167e-01 -5.66503450e-01 -5.52436697e-01 -5.31978730e-01 -5.03588624e-01 -4.50325201e-01 -3.89087342e-01 -3.18562811e-01 -2.65389635e-01 -2.14085768e-01 -1.72864507e-01 -1.48402255e-01 -1.24983639e-01 -9.66138180e-02 -6.66504648e-02 -3.63298806e-02 -4.35206180e-03 3.11673775e-02 7.17131157e-02 1.18490218e-01 1.71890090e-01 2.31041794e-01 2.93709954e-01 3.56504323e-01 4.15831026e-01 4.68760564e-01 5.13733490e-01 5.50504598e-01 5.79841075e-01 6.03012339e-01 6.21392677e-01 6.36217221e-01 6.48369976e-01 6.58214386e-01 6.65319053e-01 6.68370276e-01 6.65315471e-01 6.54157888e-01 6.33991759e-01 6.05758902e-01 5.71803943e-01 5.34664822e-01 4.95996656e-01 4.56637941e-01 4.17135006e-01 3.78201158e-01 3.40605458e-01 3.04930854e-01 2.71445516e-01 2.40115578e-01 2.10704847e-01 1.82902701e-01 1.56297284e-01 1.30491545e-01 1.04986863e-01 7.93199288e-02 5.30176674e-02 2.56765089e-02 -2.82534683e-03 -3.23964234e-02 -6.23279237e-02 -9.11927259e-02 -1.16488522e-01 -1.35665428e-01 -1.50596300e-01 -1.72339870e-01 -2.11033741e-01 -2.51131301e-01 -2.69968754e-01 -2.84072155e-01 -3.03016224e-01 -3.11219567e-01 -3.35145505e-01 -4.83692203e-01
1.08000000e+01 3.17561949e-02 -1.04919152e-02 -2.74373687e-02 -4.93487610e-02 -7.62502341e-02 -1.14491013e-01 -1.57125035e-01 -1.85547577e-01 -2.11575940e-01 -2.45477438e-01 -2.79270657e-01 -3.04837326e-01 -3.21935297e-01 -3.33800399e-01 -3.43335200e-01 -3.52692856e-01 -3.61227266e-01 -3.65126516e-01 -3.68540800e-01 -3.88025168e-01 -4.19064372e-01 -4.53360360e-01 -5.07188177e-01 -5.53134080e-01 -5.89591773e-01 -5.94949072e-01 -5.83081739e-01 -5.55990368e-01 -5.43242389e-01 -5.22903505e-01 -4.97017562e-01 -4.44950360e-01 -3.85995595e-01 -3.16401017e-01 -2.63742851e-01 -2.13875058e-01 -1.72246713e-01 -1.47564754e-01 -1.24985339e-01 -9.73770612e-02 -6.78325238e-02 -3.78601098e-02 -6.28024000e-03 2.88137137e-02 6.89071404e-02 1.15236730e-01 1.68249989e-01 2.27156653e-01 2.89805997e-01 3.52854503e-01 4.12673014e-01 4.66242395e-01 5.11890293e-01 5.49278866e-01 5.79116472e-01 6.02652924e-01 6.21257658e-01 6.36169037e-01 6.48264690e-01 6.57893136e-01 6.64597258e-01 6.67048028e-01 6.63203039e-01 6.51134828e-01 6.30064601e-01 6.01096787e-01 5.66712428e-01 5.29512571e-01 4.91129359e-01 4.52309394e-01 4.13484219e-01 3.75258871e-01 3.38339343e-01 3.03273856e-01 2.70332723e-01 2.39493209e-01 2.10531372e-01 1.83158136e-01 1.56960219e-01 1.31565576e-01 1.06465973e-01 8.12155251e-02 5.53349256e-02 2.84080405e-02 3.13705213e-04 -2.88929544e-02 -5.84976160e-02 -8.70606201e-02 -1.12040782e-01 -1.31080977e-01 -1.46783842e-01 -1.70704567e-01 -2.11349400e-01 -2.50794538e-01 -2.68747709e-01 -2.84184038e-01 -3.03199231e-01 -3.11219345e-01 -3.35739617e-01 -4.84009807e-01
1.09000000e+01 3.21829596e-02 -9.80451181e-03 -2.74925341e-02 -4.98573663e-02 -7.74362532e-02 -1.15214270e-01 -1.59079626e-01 -1.88997495e-01 -2.14615180e-01 -2.47704279e-01 -2.81503439e-01 -3.07434740e-01 -3.24689271e-01 -3.36472953e-01 -3.45814958e-01 -3.54888908e-01 -3.62752592e-01 -3.65735844e-01 -3.69211799e-01 -3.89130139e-01 -4.18763517e-01 -4.52571413e-01 -5.05527486e-01 -5.49155710e-01 -5.84213950e-01 -5.86800829e-01 -5.74203664e-01 -5.45528942e-01 -5.33947660e-01 -5.13897697e-01 -4.90378922e-01 -4.39642689e-01 -3.82831163e-01 -3.14345807e-01 -2.62049261e-01 -2.13659823e-01 -1.71742421e-01 -1.46746567e-01 -1.24948451e-01 -9.81197969e-02 -6.89993983e-02 -3.93608029e-02 -8.16360585e-03 2.65177571e-02 6.61668575e-02 1.12048496e-01 1.64665750e-01 2.23305746e-01 2.85906012e-01 3.49177879e-01 4.09463098e-01 4.63658315e-01 5.09978140e-01 5.47989306e-01 5.78336973e-01 6.02248588e-01 6.21086391e-01 6.36090971e-01 6.48132904e-01 6.57545533e-01 6.63846077e-01 6.65691151e-01 6.61050626e-01 6.48069662e-01 6.26099382e-01 5.96407501e-01 5.61608774e-01 5.24362902e-01 4.86275551e-01 4.48000313e-01 4.09855066e-01 3.72337877e-01 3.36093549e-01 3.01635203e-01 2.69235837e-01 2.38883931e-01 2.10366678e-01 1.83418959e-01 1.57622081e-01 1.32634418e-01 1.07933074e-01 8.30944643e-02 5.76318989e-02 3.11167102e-02 3.43262772e-03 -2.54034885e-02 -5.46664502e-02 -8.29052508e-02 -1.07549643e-01 -1.26479436e-01 -1.43067177e-01 -1.69229985e-01 -2.11635535e-01 -2.50244538e-01 -2.67512689e-01 -2.84337185e-01 -3.03281905e-01 -3.11219124e-01 -3.36308176e-01 -4.84291600e-01
1.10000000e+01 3.24907400e-02 -9.15502551e-03 -2.76354195e-02 -5.03601567e-02 -7.87095976e-02 -1.15998510e-01 -1.60893674e-01 -1.92386222e-01 -2.17716769e-01 -2.49935248e-01 -2.83656697e-01 -3.09943338e-01 -3.27380464e-01 -3.39111969e-01 -3.48280862e-01 -3.57070679e-01 -3.64239342e-01 -3.66354166e-01 -3.69998695e-01 -3.90241867e-01 -4.18414828e-01 -4.51888231e-01 -5.03775985e-01 -5.45211810e-01 -5.78721822e-01 -5.78674306e-01 -5.65184678e-01 -5.35143341e-01 -5.24541949e-01 -5.04978143e-01 -4.83662294e-01 -4.34409757e-01 -3.79587512e-01 -3.12391645e-01 -2.60321287e-01 -2.13425026e-01 -1.71349349e-01 -1.45955944e-01 -1.24873035e-01 -9.88398804e-02 -7.01510238e-02 -4.08327055e-02 -1.00029178e-02 2.42789427e-02 6.34921950e-02 1.08925725e-01 1.61138644e-01 2.19491068e-01 2.82012371e-01 3.45476716e-01 4.06202714e-01 4.61008869e-01 5.07996789e-01 5.46635224e-01 5.77501672e-01 6.01798389e-01 6.20877947e-01 6.35982045e-01 6.47973559e-01 6.57170385e-01 6.63064260e-01 6.64298470e-01 6.58857464e-01 6.44962331e-01 6.22097008e-01 5.91692819e-01 5.56495235e-01 5.19218025e-01 4.81436943e-01 4.43711789e-01 4.06247987e-01 3.69438194e-01 3.33867835e-01 3.00014561e-01 2.68154534e-01 2.38287585e-01 2.10210614e-01 1.83685413e-01 1.58282924e-01 1.33698554e-01 1.09388411e-01 8.49570591e-02 5.99088290e-02 3.38024046e-02 6.53122911e-03 -2.19284410e-02 -5.08345199e-02 -7.87267902e-02 -1.03017575e-01 -1.21869950e-01 -1.39458842e-01 -1.67910126e-01 -2.11866708e-01 -2.49485230e-01 -2.66283936e-01 -2.84517158e-01 -3.03264897e-01 -3.11222814e-01 -3.36847910e-01 -4.84537919e-01
1.11000000e+01 3.26772872e-02 -8.54190601e-03 -2.78689532e-02 -5.08601732e-02 -8.00573128e-02 -1.16858035e-01 -1.62573919e-01 -1.95695622e-01 -2.20874105e-01 -2.52177423e-01 -2.85734793e-01 -3.12362493e-01 -3.30006976e-01 -3.41716897e-01 -3.50732430e-01 -3.59235876e-01 -3.65686477e-01 -3.66989623e-01 -3.70900689e-01 -3.91344504e-01 -4.18030824e-01 -4.51305220e-01 -5.01926471e-01 -5.41309351e-01 -5.73105120e-01 -5.70583220e-01 -5.56017226e-01 -5.24853835e-01 -5.15018454e-01 -4.96158136e-01 -4.76860326e-01 -4.29256220e-01 -3.76261176e-01 -3.10530147e-01 -2.58572546e-01 -2.13156812e-01 -1.71063440e-01 -1.45201226e-01 -1.24759739e-01 -9.95351349e-02 -7.12872172e-02 -4.22765594e-02 -1.17989870e-02 2.20966450e-02 6.08830482e-02 1.05868512e-01 1.57669862e-01 2.15714538e-01 2.78127438e-01 3.41753367e-01 4.02893399e-01 4.58294729e-01 5.05946064e-01 5.45215973e-01 5.76609674e-01 6.01301378e-01 6.20631386e-01 6.35841256e-01 6.47785574e-01 6.56766485e-01 6.62250549e-01 6.62868821e-01 6.56622813e-01 6.41812822e-01 6.18058437e-01 5.86954552e-01 5.51374060e-01 5.14080127e-01 4.76615202e-01 4.39444882e-01 4.02663402e-01 3.66559836e-01 3.31661958e-01 2.98411586e-01 2.67088498e-01 2.37704018e-01 2.10063023e-01 1.83957762e-01 1.58942800e-01 1.34758518e-01 1.10832228e-01 8.68036585e-02 6.21659919e-02 3.64650383e-02 9.60936880e-03 -1.84681736e-02 -4.70018381e-02 -7.45255080e-02 -9.84475486e-02 -1.17262347e-01 -1.35970660e-01 -1.66736676e-01 -2.12018134e-01 -2.48524140e-01 -2.65079592e-01 -2.84708227e-01 -3.03151032e-01 -3.11232971e-01 -3.37356001e-01 -4.84749002e-01
1.12000000e+01 3.27404732e-02 -7.96403688e-03 -2.81948827e-02 -5.13620462e-02 -8.14658330e-02 -1.17804985e-01 -1.64129596e-01 -1.98908433e-01 -2.24078867e-01 -2.54437363e-01 -2.87742668e-01 -3.14692066e-01 -3.32566941e-01 -3.44287131e-01 -3.53169018e-01 -3.61382126e-01 -3.67093519e-01 -3.67650620e-01 -3.71915111e-01 -3.92423274e-01 -4.17625351e-01 -4.50813744e-01 -4.99974917e-01 -5.37452372e-01 -5.67356729e-01 -5.62537855e-01 -5.46697932e-01 -5.14676268e-01 -5.05374583e-01 -4.87447058e-01 -4.69969010e-01 -4.24183652e-01 -3.72851766e-01 -3.08750353e-01 -2.56817407e-01 -2.12842825e-01 -1.70878908e-01 -1.44490678e-01 -1.24609844e-01 -1.00203404e-01 -7.24076593e-02 -4.36931051e-02 -1.35526783e-02 1.99701763e-02 5.83392861e-02 1.02876834e-01 1.54260516e-01 2.11977993e-01 2.74253563e-01 3.38010267e-01 3.99536782e-01 4.55516685e-01 5.03825859e-01 5.43730943e-01 5.75660091e-01 6.00756591e-01 6.20345754e-01 6.35667578e-01 6.47567851e-01 6.56332612e-01 6.61403679e-01 6.61401047e-01 6.54345963e-01 6.38621172e-01 6.13984675e-01 5.82194545e-01 5.46247500e-01 5.08951361e-01 4.71811960e-01 4.35200621e-01 3.99101706e-01 3.63702811e-01 3.29475673e-01 2.96825928e-01 2.66037413e-01 2.37133086e-01 2.09923751e-01 1.84236275e-01 1.59601773e-01 1.35814894e-01 1.12264775e-01 8.86346530e-02 6.44036962e-02 3.91045552e-02 1.26669577e-02 -1.50229940e-02 -4.31683381e-02 -7.03018039e-02 -9.38430651e-02 -1.12667090e-01 -1.32613535e-01 -1.65699078e-01 -2.12066125e-01 -2.47372149e-01 -2.63915288e-01 -2.84893887e-01 -3.02945113e-01 -3.11250761e-01 -3.37830165e-01 -4.84924959e-01
1.13000000e+01 3.26783102e-02 -7.42077517e-03 -2.86137861e-02 -5.18717807e-02 -8.29214075e-02 -1.18849084e-01 -1.65572185e-01 -2.02008600e-01 -2.27321080e-01 -2.56720957e-01 -2.89685778e-01 -3.16932460e-01 -3.35058538e-01 -3.46821997e-01 -3.55589803e-01 -3.63507018e-01 -3.68460587e-01 -3.68345659e-01 -3.73037428e-01 -3.93464813e-01 -4.17213113e-01 -4.50402395e-01 -4.97920475e-01 -5.33641819e-01 -5.61472933e-01 -5.54544771e-01 -5.37227919e-01 -5.04621705e-01 -4.95612241e-01 -4.78850144e-01 -4.62987834e-01 -4.19190501e-01 -3.69361870e-01 -3.07039077e-01 -2.55070519e-01 -2.12472495e-01 -1.70788316e-01 -1.43832304e-01 -1.24425284e-01 -1.00842607e-01 -7.35118612e-02 -4.50830932e-02 -1.52649024e-02 1.78987915e-02 5.58607555e-02 9.99505668e-02 1.50911629e-01 2.08283192e-01 2.70393073e-01 3.34249927e-01 3.96134591e-01 4.52675640e-01 5.01636153e-01 5.42179576e-01 5.74652051e-01 6.00163062e-01 6.20020084e-01 6.35459961e-01 6.47319268e-01 6.55867526e-01 6.60522379e-01 6.59894005e-01 6.52026234e-01 6.35387470e-01 6.09876775e-01 5.77414670e-01 5.41117795e-01 5.03833846e-01 4.67028811e-01 4.30980001e-01 3.95563271e-01 3.60867121e-01 3.27308733e-01 2.95257242e-01 2.65000962e-01 2.36574636e-01 2.09792661e-01 1.84521202e-01 1.60259938e-01 1.36868310e-01 1.13686304e-01 9.04504824e-02 6.66222807e-02 4.17209309e-02 1.57039585e-02 -1.15931588e-02 -3.93338756e-02 -6.60562444e-02 -8.92081815e-02 -1.08095206e-01 -1.29397251e-01 -1.64784642e-01 -2.11988536e-01 -2.46043183e-01 -2.62803814e-01 -2.85057373e-01 -3.02653661e-01 -3.11275981e-01 -3.38268691e-01 -4.85065753e-01
1.14000000e+01 3.24889643e-02 -6.91197136e-03 -2.91251225e-02 -5.23965037e-02 -8.44105170e-02 -1.19997457e-01 -1.66915108e-01 -2.04981589e-01 -2.30589220e-01 -2.59033288e-01 -2.91570020e-01 -3.19084674e-01 -3.37480011e-01 -3.49320750e-01 -3.57993788e-01 -3.65608143e-01 -3.69788426e-01 -3.69083177e-01 -3.74261299e-01 -3.94457480e-01 -4.16809174e-01 -4.50057359e-01 -4.95765372e-01 -5.29875506e-01 -5.55453534e-01 -5.46606671e-01 -5.27612951e-01 -4.94696255e-01 -4.85737937e-01 -4.70368421e-01 -4.55919801e-01 -4.14272153e-01 -3.65796850e-01 -3.05381313e-01 -2.53346336e-01 -2.12037267e-01 -1.70782709e-01 -1.43233666e-01 -1.24208643e-01 -1.01450797e-01 -7.45991295e-02 -4.64473101e-02 -1.69366059e-02 1.58816834e-02 5.34472758e-02 9.70894956e-02 1.47624131e-01 2.04631810e-01 2.66548269e-01 3.30474943e-01 3.92688656e-01 4.49772605e-01 4.99377005e-01 5.40561378e-01 5.73584692e-01 5.99519820e-01 6.19653390e-01 6.35217333e-01 6.47038682e-01 6.55369974e-01 6.59605372e-01 6.58346565e-01 6.49662982e-01 6.32111856e-01 6.05735839e-01 5.72616825e-01 5.35987184e-01 4.98729662e-01 4.62267313e-01 4.26783979e-01 3.92048458e-01 3.58052760e-01 3.25160883e-01 2.93705204e-01 2.63978822e-01 2.36028486e-01 2.09669681e-01 1.84812736e-01 1.60917452e-01 1.37919428e-01 1.15097062e-01 9.22516447e-02 6.88221128e-02 4.43141771e-02 1.87203866e-02 -8.17887485e-03 -3.54982319e-02 -6.17896036e-02 -8.45475261e-02 -1.03558211e-01 -1.26330282e-01 -1.63978694e-01 -2.11765178e-01 -2.44553822e-01 -2.61754876e-01 -2.85182171e-01 -3.02284615e-01 -3.11307113e-01 -3.38670475e-01 -4.85171182e-01
1.15000000e+01 3.21707649e-02 -6.43796986e-03 -2.97273169e-02 -5.29441862e-02 -8.59202667e-02 -1.21254509e-01 -1.68173384e-01 -2.07814680e-01 -2.33870349e-01 -2.61378498e-01 -2.93401638e-01 -3.21150348e-01 -3.39829675e-01 -3.51782567e-01 -3.60379800e-01 -3.67683138e-01 -3.71078401e-01 -3.69871357e-01 -3.75578675e-01 -3.95391622e-01 -4.16428449e-01 -4.49762839e-01 -4.93514699e-01 -5.26148192e-01 -5.49301826e-01 -5.38722412e-01 -5.17863399e-01 -4.84901083e-01 -4.75762724e-01 -4.61998790e-01 -4.48771302e-01 -4.09421120e-01 -3.62164537e-01 -3.03760706e-01 -2.51658635e-01 -2.11530780e-01 -1.70851768e-01 -1.42701719e-01 -1.23963120e-01 -1.02026215e-01 -7.56685557e-02 -4.77865944e-02 -1.85687510e-02 1.39179679e-02 5.10986235e-02 9.42933303e-02 1.44398845e-01 2.01025446e-01 2.62721421e-01 3.26687993e-01 3.89200897e-01 4.46808690e-01 4.97048552e-01 5.38875933e-01 5.72457159e-01 5.98825900e-01 6.19244658e-01 6.34938599e-01 6.46724930e-01 6.54838687e-01 6.58651373e-01 6.56757610e-01 6.47255599e-01 6.28794524e-01 6.01563016e-01 5.67802926e-01 5.30857893e-01 4.93640848e-01 4.57528987e-01 4.22613475e-01 3.88557611e-01 3.55259710e-01 3.23031846e-01 2.92169515e-01 2.62970679e-01 2.35494380e-01 2.09554852e-01 1.85110975e-01 1.61574552e-01 1.38968934e-01 1.16497300e-01 9.40387051e-02 7.10035855e-02 4.68843489e-02 2.17163129e-02 -4.78030103e-03 -3.16611167e-02 -5.75029076e-02 -7.98663065e-02 -9.90680174e-02 -1.23419619e-01 -1.63264762e-01 -2.11378207e-01 -2.42922849e-01 -2.60774942e-01 -2.85252495e-01 -3.01846996e-01 -3.11341430e-01 -3.39035013e-01 -4.85240870e-01
1.16000000e+01 3.17222079e-02 -5.99959102e-03 -3.04178758e-02 -5.35233473e-02 -8.74387457e-02 -1.22621895e-01 -1.69363245e-01 -2.10497218e-01 -2.37150284e-01 -2.63759682e-01 -2.95187118e-01 -3.23131815e-01 -3.42105935e-01 -3.54206550e-01 -3.62746493e-01 -3.69729728e-01 -3.72332494e-01 -3.70717961e-01 -3.76979940e-01 -3.96259780e-01 -4.16085203e-01 -4.49501553e-01 -4.91176096e-01 -5.22451783e-01 -5.43024455e-01 -5.30887181e-01 -5.07994039e-01 -4.75232605e-01 -4.65701954e-01 -4.53734277e-01 -4.41551877e-01 -4.04627321e-01 -3.58474849e-01 -3.02160054e-01 -2.50020070e-01 -2.10948980e-01 -1.70983992e-01 -1.42242665e-01 -1.23692497e-01 -1.02567326e-01 -7.67190576e-02 -4.91018149e-02 -2.01622823e-02 1.20066632e-02 4.88145125e-02 9.15617255e-02 1.41236469e-01 1.97465631e-01 2.58914763e-01 3.22891850e-01 3.85673286e-01 4.43785099e-01 4.94651024e-01 5.37122902e-01 5.71268603e-01 5.98080340e-01 6.18792851e-01 6.34622647e-01 6.46376824e-01 6.54272386e-01 6.57659102e-01 6.55126045e-01 6.44803517e-01 6.25435724e-01 5.97359500e-01 5.62974906e-01 5.25732137e-01 4.88569399e-01 4.52815311e-01 4.18469373e-01 3.85091072e-01 3.52487947e-01 3.20921320e-01 2.90649888e-01 2.61976259e-01 2.34971960e-01 2.09448381e-01 1.85415895e-01 1.62231562e-01 1.40017522e-01 1.17887271e-01 9.58123073e-02 7.31671122e-02 4.94315526e-02 2.46918661e-02 -1.39755159e-03 -2.78221701e-02 -5.31974816e-02 -7.51703060e-02 -9.46368337e-02 -1.20670617e-01 -1.62624788e-01 -2.10812475e-01 -2.41170756e-01 -2.59867184e-01 -2.85253734e-01 -3.01350547e-01 -3.11375137e-01 -3.39362385e-01 -4.85274265e-01
1.17000000e+01 3.11419554e-02 -5.59809674e-03 -3.11935280e-02 -5.41427522e-02 -8.89553446e-02 -1.24098544e-01 -1.70501721e-01 -2.13020832e-01 -2.40413803e-01 -2.66178796e-01 -2.96933059e-01 -3.25032139e-01 -3.44307291e-01 -3.56591732e-01 -3.65092356e-01 -3.71745770e-01 -3.73553270e-01 -3.71630149e-01 -3.78454091e-01 -3.97056835e-01 -4.15792575e-01 -4.49255261e-01 -4.88759361e-01 -5.18775640e-01 -5.36631142e-01 -5.23092815e-01 -4.98023674e-01 -4.65682862e-01 -4.55574875e-01 -4.45564417e-01 -4.34273838e-01 -3.99878474e-01 -3.54739341e-01 -3.00561833e-01 -2.48441762e-01 -2.10290188e-01 -1.71166918e-01 -1.41861813e-01 -1.23401083e-01 -1.03072838e-01 -7.77494576e-02 -5.03938042e-02 -2.17181064e-02 1.01466727e-02 4.65945653e-02 8.88943048e-02 1.38137550e-01 1.93953840e-01 2.55130491e-01 3.19089376e-01 3.82107856e-01 4.40703134e-01 4.92184748e-01 5.35302021e-01 5.70018182e-01 5.97282180e-01 6.18296911e-01 6.34268343e-01 6.45993159e-01 6.53669786e-01 6.56627279e-01 6.53450807e-01 6.42306207e-01 6.22035764e-01 5.93126527e-01 5.58134706e-01 5.20612104e-01 4.83517253e-01 4.48127720e-01 4.14352514e-01 3.81649169e-01 3.49737444e-01 3.18828983e-01 2.89146026e-01 2.60995338e-01 2.34460766e-01 2.09350637e-01 1.85727337e-01 1.62888870e-01 1.41065892e-01 1.19267252e-01 9.75731845e-02 7.53131211e-02 5.19559564e-02 2.76472356e-02 1.96929820e-03 -2.39809665e-02 -4.88750019e-02 -7.04658691e-02 -9.02770488e-02 -1.18086869e-01 -1.62039374e-01 -2.10055831e-01 -2.39319199e-01 -2.59031511e-01 -2.85172840e-01 -3.00805367e-01 -3.11403541e-01 -3.39653212e-01 -4.85270637e-01
1.18000000e+01 3.04288289e-02 -5.23514200e-03 -3.20503853e-02 -5.48111133e-02 -9.04610216e-02 -1.25680779e-01 -1.71606219e-01 -2.15379600e-01 -2.43644866e-01 -2.68636583e-01 -2.98646043e-01 -3.26855153e-01 -3.46432347e-01 -3.58937088e-01 -3.67415726e-01 -3.73729289e-01 -3.74743842e-01 -3.72614315e-01 -3.79988955e-01 -3.97780084e-01 -4.15562137e-01 -4.49005328e-01 -4.86275983e-01 -5.15106978e-01 -5.30134292e-01 -5.15328248e-01 -4.87974615e-01 -4.56240052e-01 -4.45404076e-01 -4.37475781e-01 -4.26951807e-01 -3.95160557e-01 -3.50970707e-01 -2.98948737e-01 -2.46932932e-01 -2.09555089e-01 -1.71387372e-01 -1.41563428e-01 -1.23093655e-01 -1.03541723e-01 -7.87585531e-02 -5.16632713e-02 -2.32371324e-02 8.33682028e-03 4.44382596e-02 8.62906826e-02 1.35102471e-01 1.90491510e-01 2.51370761e-01 3.15283480e-01 3.78506710e-01 4.37564190e-01 4.89650160e-01 5.33413107e-01 5.68705065e-01 5.96430462e-01 6.17755748e-01 6.33874533e-01 6.45572710e-01 6.53029593e-01 6.55554623e-01 6.51730857e-01 6.39763181e-01 6.18595007e-01 5.88865373e-01 5.53284269e-01 5.15499954e-01 4.78486297e-01 4.43467605e-01 4.10263702e-01 3.78232221e-01 3.47008176e-01 3.16754518e-01 2.87657610e-01 2.60027730e-01 2.33960285e-01 2.09262108e-01 1.86045003e-01 1.63546915e-01 1.42114740e-01 1.20637566e-01 9.93221630e-02 7.74420457e-02 5.44578043e-02 3.05826746e-02 5.32020477e-03 -2.01370179e-02 -4.45375486e-02 -6.57598751e-02 -8.60011094e-02 -1.15670120e-01 -1.61488043e-01 -2.09099375e-01 -2.37390439e-01 -2.58264690e-01 -2.84998659e-01 -3.00221543e-01 -3.11421248e-01 -3.39908595e-01 -4.85229088e-01
1.19000000e+01 2.95818003e-02 -4.91271379e-03 -3.29841156e-02 -5.55368044e-02 -9.19485122e-02 -1.27362484e-01 -1.72694085e-01 -2.17570173e-01 -2.46826877e-01 -2.71132532e-01 -3.00332482e-01 -3.28605484e-01 -3.48479819e-01 -3.61241557e-01 -3.69714782e-01 -3.75678519e-01 -3.75907830e-01 -3.73675927e-01 -3.81571444e-01 -3.98429260e-01 -4.15403500e-01 -4.48733282e-01 -4.83738618e-01 -5.11431344e-01 -5.23548510e-01 -5.07580079e-01 -4.77872012e-01 -4.46889200e-01 -4.35214797e-01 -4.29452603e-01 -4.19602152e-01 -3.90458335e-01 -3.47182249e-01 -2.97304193e-01 -2.45500603e-01 -2.08746671e-01 -1.71631756e-01 -1.41350595e-01 -1.22775402e-01 -1.03973292e-01 -7.97451545e-02 -5.29107021e-02 -2.47204118e-02 6.57598009e-03 4.23448498e-02 8.37504893e-02 1.32131444e-01 1.87080075e-01 2.47637694e-01 3.11477056e-01 3.74872028e-01 4.34369753e-01 4.87047804e-01 5.31456032e-01 5.67328438e-01 5.95524230e-01 6.17168250e-01 6.33440047e-01 6.45114228e-01 6.52350498e-01 6.54439849e-01 6.49965181e-01 6.37173988e-01 6.15113870e-01 5.84577347e-01 5.48425534e-01 5.10397808e-01 4.73478364e-01 4.38836312e-01 4.06203709e-01 3.74840532e-01 3.44300121e-01 3.14697627e-01 2.86184297e-01 2.59073268e-01 2.33469985e-01 2.09183333e-01 1.86368488e-01 1.64206211e-01 1.43164727e-01 1.21998609e-01 1.01060162e-01 7.95543091e-02 5.69374270e-02 3.34985044e-02 8.65514767e-03 -1.62897778e-02 -4.01876622e-02 -6.10596996e-02 -8.18213874e-02 -1.13420206e-01 -1.60949520e-01 -2.07937650e-01 -2.35406764e-01 -2.57560557e-01 -2.84722191e-01 -2.99608801e-01 -3.11422368e-01 -3.40130041e-01 -4.85148571e-01
1.20000000e+01 2.85999783e-02 -4.63306048e-03 -3.39901230e-02 -5.63275949e-02 -9.34124760e-02 -1.29135347e-01 -1.73782177e-01 -2.19591833e-01 -2.49942942e-01 -2.73664856e-01 -3.01998459e-01 -3.30288565e-01 -3.50448540e-01 -3.63504074e-01 -3.71987550e-01 -3.77591936e-01 -3.77049314e-01 -3.74819370e-01 -3.83187839e-01 -3.99006480e-01 -4.15323988e-01 -4.48421360e-01 -4.81160539e-01 -5.07733158e-01 -5.16890033e-01 -4.99833225e-01 -4.67743092e-01 -4.37612947e-01 -4.25034141e-01 -4.21477490e-01 -4.12242374e-01 -3.85755928e-01 -3.43387331e-01 -2.95612856e-01 -2.44149369e-01 -2.07870094e-01 -1.71886367e-01 -1.41225091e-01 -1.22451861e-01 -1.04367268e-01 -8.07080936e-02 -5.41362814e-02 -2.61693012e-02 4.86324008e-03 4.03133018e-02 8.12734013e-02 1.29224522e-01 1.83721003e-01 2.43933384e-01 3.07672945e-01 3.71206060e-01 4.31121408e-01 4.84378328e-01 5.29430700e-01 5.65887518e-01 5.94562521e-01 6.16533289e-01 6.32963702e-01 6.44616447e-01 6.51631186e-01 6.53281673e-01 6.48152792e-01 6.34538226e-01 6.11592820e-01 5.80263787e-01 5.43560432e-01 5.05307742e-01 4.68495230e-01 4.34235137e-01 4.02173267e-01 3.71474395e-01 3.41613251e-01 3.12658024e-01 2.84725746e-01 2.58131774e-01 2.32989346e-01 2.09114832e-01 1.86697314e-01 1.64867440e-01 1.44216394e-01 1.23350867e-01 1.02788206e-01 8.16503067e-02 5.93952524e-02 3.63951164e-02 1.19741172e-02 -1.24386462e-02 -3.58284011e-02 -5.63731635e-02 -7.77500372e-02 -1.11335039e-01 -1.60402019e-01 -2.06568771e-01 -2.33389924e-01 -2.56910303e-01 -2.84336779e-01 -2.98976183e-01 -3.11400746e-01 -3.40319374e-01 -4.85027900e-01
1.21000000e+01 2.74825923e-02 -4.39861387e-03 -3.50637274e-02 -5.71904147e-02 -9.48495763e-02 -1.30989150e-01 -1.74886454e-01 -2.21446499e-01 -2.52976160e-01 -2.76230495e-01 -3.03649565e-01 -3.31910649e-01 -3.52337464e-01 -3.65723610e-01 -3.74231885e-01 -3.79468293e-01 -3.78172778e-01 -3.76047801e-01 -3.84824097e-01 -3.99516115e-01 -4.15328378e-01 -4.48053026e-01 -4.78555070e-01 -5.03996283e-01 -5.10176118e-01 -4.92071649e-01 -4.57616307e-01 -4.28392414e-01 -4.14890208e-01 -4.13532201e-01 -4.04890449e-01 -3.81037407e-01 -3.39598852e-01 -2.93861050e-01 -2.42881252e-01 -2.06932509e-01 -1.72137714e-01 -1.41187297e-01 -1.22128829e-01 -1.04723815e-01 -8.16462092e-02 -5.53398956e-02 -2.75854821e-02 3.19793933e-03 3.83422763e-02 7.88591510e-02 1.26381608e-01 1.80415826e-01 2.40259890e-01 3.03873926e-01 3.67511112e-01 4.27820853e-01 4.81642474e-01 5.27337010e-01 5.64381540e-01 5.93544356e-01 6.15849714e-01 6.32444298e-01 6.44078083e-01 6.50870335e-01 6.52078821e-01 6.46292749e-01 6.31855550e-01 6.08032390e-01 5.75926067e-01 5.38690890e-01 5.00231780e-01 4.63538616e-01 4.29665322e-01 3.98173077e-01 3.68134106e-01 3.38947544e-01 3.10635432e-01 2.83281641e-01 2.57203039e-01 2.32517871e-01 2.09057051e-01 1.87030963e-01 1.65531530e-01 1.45270061e-01 1.24694900e-01 1.04507443e-01 8.37304045e-02 6.18318214e-02 3.92729776e-02 1.52771039e-02 -8.58297225e-03 -3.14633999e-02 -5.17084743e-02 -7.37988479e-02 -1.09410633e-01 -1.59823541e-01 -2.04994483e-01 -2.31360580e-01 -2.56302822e-01 -2.83838209e-01 -2.98331756e-01 -3.11350171e-01 -3.40478643e-01 -4.84865788e-01
1.22000000e+01 2.62289743e-02 -4.21190697e-03 -3.62003376e-02 -5.81311538e-02 -9.62584938e-02 -1.32912107e-01 -1.76021584e-01 -2.23138665e-01 -2.55909906e-01 -2.78825153e-01 -3.05290726e-01 -3.33478796e-01 -3.54145688e-01 -3.67899226e-01 -3.76445455e-01 -3.81306639e-01 -3.79283037e-01 -3.77363035e-01 -3.86466169e-01 -3.99964610e-01 -4.15418717e-01 -4.47613435e-01 -4.75935028e-01 -5.00204634e-01 -5.03424392e-01 -4.84279114e-01 -4.47520444e-01 -4.19208124e-01 -4.04811197e-01 -4.05598457e-01 -3.97564173e-01 -3.76287394e-01 -3.35828740e-01 -2.92037162e-01 -2.41695618e-01 -2.05942788e-01 -1.72372806e-01 -1.41236130e-01 -1.21812265e-01 -1.05043488e-01 -8.25583554e-02 -5.65212261e-02 -2.89707825e-02 1.57953543e-03 3.64301626e-02 7.65075182e-02 1.23602454e-01 1.77166133e-01 2.36619215e-01 3.00082730e-01 3.63789567e-01 4.24469906e-01 4.78841059e-01 5.25174828e-01 5.62809757e-01 5.92468737e-01 6.15116339e-01 6.31880608e-01 6.43497828e-01 6.50066617e-01 6.50830025e-01 6.44384153e-01 6.29125672e-01 6.04433165e-01 5.71565586e-01 5.33818820e-01 4.95171890e-01 4.58610185e-01 4.25128054e-01 3.94203814e-01 3.64819959e-01 3.36302978e-01 3.08629577e-01 2.81851709e-01 2.56286823e-01 2.32055093e-01 2.09010345e-01 1.87368884e-01 1.66199660e-01 1.46325801e-01 1.26031274e-01 1.06219164e-01 8.57949452e-02 6.42478068e-02 4.21326364e-02 1.85640858e-02 -4.72204713e-03 -2.70969157e-02 -4.70741557e-02 -6.99790841e-02 -1.07641174e-01 -1.59192173e-01 -2.03220145e-01 -2.29337790e-01 -2.55725117e-01 -2.83224741e-01 -2.97682370e-01 -3.11264587e-01 -3.40610021e-01 -4.84660865e-01
1.23000000e+01 2.48385392e-02 -4.07549212e-03 -3.73956114e-02 -5.91545052e-02 -9.76398756e-02 -1.34891234e-01 -1.77200607e-01 -2.24675291e-01 -2.58728132e-01 -2.81443353e-01 -3.06926047e-01 -3.35000857e-01 -3.55872461e-01 -3.70030118e-01 -3.78625723e-01 -3.83106348e-01 -3.80385159e-01 -3.78765445e-01 -3.88100326e-01 -4.00360233e-01 -4.15594228e-01 -4.47089834e-01 -4.73312201e-01 -4.96342753e-01 -4.96652190e-01 -4.76439946e-01 -4.37483708e-01 -4.10040928e-01 -3.94824497e-01 -3.97658748e-01 -3.90280502e-01 -3.71491629e-01 -3.32087471e-01 -2.90131931e-01 -2.40589144e-01 -2.04911221e-01 -1.72579430e-01 -1.41369021e-01 -1.21508178e-01 -1.05327234e-01 -8.34434273e-02 -5.76798800e-02 -3.03269420e-02 7.43468994e-06 3.45751407e-02 7.42183211e-02 1.20886687e-01 1.73973515e-01 2.33013259e-01 2.96302060e-01 3.60043903e-01 4.21070498e-01 4.75974994e-01 5.22944022e-01 5.61171430e-01 5.91334647e-01 6.14331932e-01 6.31271360e-01 6.42874328e-01 6.49218678e-01 6.49534014e-01 6.42426130e-01 6.26348335e-01 6.00795769e-01 5.67183755e-01 5.28946113e-01 4.90129990e-01 4.53711538e-01 4.20624472e-01 3.90266132e-01 3.61532244e-01 3.33679534e-01 3.06640179e-01 2.80435723e-01 2.55382850e-01 2.31600549e-01 2.08974991e-01 1.87710477e-01 1.66873172e-01 1.47383520e-01 1.27360487e-01 1.07924806e-01 8.78442609e-02 6.66440269e-02 4.49747266e-02 2.18350048e-02 -8.55090510e-04 -2.27338690e-02 -4.24789690e-02 -6.63013120e-02 -1.06019131e-01 -1.58486389e-01 -2.01254642e-01 -2.27338544e-01 -2.55162746e-01 -2.82497054e-01 -2.97033466e-01 -3.11138275e-01 -3.40715701e-01 -4.84411699e-01
1.24000000e+01 2.33107659e-02 -3.99186302e-03 -3.86455996e-02 -6.02638535e-02 -9.89962258e-02 -1.36912743e-01 -1.78434633e-01 -2.26065626e-01 -2.61415659e-01 -2.84078530e-01 -3.08558650e-01 -3.36485450e-01 -3.57517208e-01 -3.72115667e-01 -3.80769947e-01 -3.84867102e-01 -3.81484378e-01 -3.80253905e-01 -3.89713468e-01 -4.00712784e-01 -4.15851296e-01 -4.46471896e-01 -4.70696864e-01 -4.92396374e-01 -4.89875916e-01 -4.68539781e-01 -4.27532847e-01 -4.00872924e-01 -3.84955818e-01 -3.89697101e-01 -3.83054927e-01 -3.66637464e-01 -3.28383649e-01 -2.88138673e-01 -2.39555899e-01 -2.03849180e-01 -1.72746425e-01 -1.41581925e-01 -1.21222515e-01 -1.05576451e-01 -8.43003393e-02 -5.88154948e-02 -3.16555045e-02 -1.51906384e-03 3.27752336e-02 7.19913925e-02 1.18233861e-01 1.70839461e-01 2.29443817e-01 2.92534628e-01 3.56276704e-01 4.17624620e-01 4.73045298e-01 5.20644542e-01 5.59465836e-01 5.90141070e-01 6.13495219e-01 6.30615243e-01 6.42206174e-01 6.48325136e-01 6.48189497e-01 6.40417805e-01 6.23523297e-01 5.97120843e-01 5.62781993e-01 5.24074633e-01 4.85107956e-01 4.48844203e-01 4.16155654e-01 3.86360649e-01 3.58271228e-01 3.31077186e-01 3.04666953e-01 2.79033483e-01 2.54490797e-01 2.31153773e-01 2.08951246e-01 1.88055052e-01 1.67553432e-01 1.48443142e-01 1.28682904e-01 1.09625923e-01 8.98787034e-02 6.90214499e-02 4.77999779e-02 2.50897387e-02 3.01876522e-03 -1.83798811e-02 -3.79318386e-02 -6.27752127e-02 -1.04535400e-01 -1.57685344e-01 -1.99110219e-01 -2.25377372e-01 -2.54600291e-01 -2.81658127e-01 -2.96388949e-01 -3.10966025e-01 -3.40797809e-01 -4.84116827e-01
1.25000000e+01 2.16451791e-02 -3.96338090e-03 -3.99468696e-02 -6.14612082e-02 -1.00331741e-01 -1.38962448e-01 -1.79732599e-01 -2.27320988e-01 -2.63958462e-01 -2.86723132e-01 -3.10190534e-01 -3.37941913e-01 -3.59079563e-01 -3.74155452e-01 -3.82875200e-01 -3.86588877e-01 -3.82586005e-01 -3.81825760e-01 -3.91293425e-01 -4.01033252e-01 -4.16183547e-01 -4.45751966e-01 -4.68097376e-01 -4.88352926e-01 -4.83110472e-01 -4.60566274e-01 -4.17692334e-01 -3.91688322e-01 -3.75228357e-01 -3.81699767e-01 -3.75900906e-01 -3.61714305e-01 -3.24723692e-01 -2.86053419e-01 -2.38587501e-01 -2.02768787e-01 -1.72863930e-01 -1.41869375e-01 -1.20961028e-01 -1.05793072e-01 -8.51279803e-02 -5.99277715e-02 -3.29578721e-02 -3.00069731e-03 3.10283513e-02 6.98265431e-02 1.15643520e-01 1.67765243e-01 2.25912610e-01 2.88783195e-01 3.52490610e-01 4.14134300e-01 4.70053126e-01 5.18276443e-01 5.57692282e-01 5.88886996e-01 6.12604901e-01 6.29910938e-01 6.41491899e-01 6.47384590e-01 6.46795167e-01 6.38358311e-01 6.20650335e-01 5.93409058e-01 5.58361724e-01 5.19206209e-01 4.80107618e-01 4.44009638e-01 4.11722604e-01 3.82487936e-01 3.55037151e-01 3.28495904e-01 3.02709605e-01 2.77644794e-01 2.53610292e-01 2.30714298e-01 2.08939399e-01 1.88401823e-01 1.68241696e-01 1.49504821e-01 1.29998774e-01 1.11324090e-01 9.18986914e-02 7.13811836e-02 5.06092321e-02 2.83280705e-02 6.90048915e-03 -1.40413118e-02 -3.34417877e-02 -5.94093824e-02 -1.03179491e-01 -1.56769159e-01 -1.96802227e-01 -2.23466014e-01 -2.54021845e-01 -2.80713050e-01 -2.95751109e-01 -3.10743293e-01 -3.40858316e-01 -4.83774780e-01
1.26000000e+01 1.98413317e-02 -3.99220484e-03 -4.12966056e-02 -6.27471845e-02 -1.01652099e-01 -1.41026171e-01 -1.81101083e-01 -2.28454480e-01 -2.66343947e-01 -2.89368758e-01 -3.11822449e-01 -3.39380246e-01 -3.60559396e-01 -3.76149238e-01 -3.84938437e-01 -3.88271897e-01 -3.83695332e-01 -3.83476844e-01 -3.92829230e-01 -4.01333454e-01 -4.16582015e-01 -4.44925218e-01 -4.65519847e-01 -4.84201985e-01 -4.76368744e-01 -4.52509721e-01 -4.07983628e-01 -3.82474213e-01 -3.65662071e-01 -3.73655841e-01 -3.68829406e-01 -3.56713996e-01 -3.21111592e-01 -2.83874973e-01 -2.37673352e-01 -2.01682542e-01 -1.72923605e-01 -1.42224553e-01 -1.20729137e-01 -1.05979597e-01 -8.59252238e-02 -6.10164153e-02 -3.42354357e-02 -4.43814305e-03 2.93323500e-02 6.77235429e-02 1.13115204e-01 1.64751865e-01 2.22421333e-01 2.85050581e-01 3.48688251e-01 4.10601627e-01 4.66999760e-01 5.15839857e-01 5.55850117e-01 5.87571419e-01 6.11659634e-01 6.29157127e-01 6.40729997e-01 6.46395638e-01 6.45349735e-01 6.36246821e-01 6.17729281e-01 5.89661150e-01 5.53924384e-01 5.14342647e-01 4.75130744e-01 4.39209229e-01 4.07326253e-01 3.78648508e-01 3.51830235e-01 3.25935648e-01 3.00767860e-01 2.76269456e-01 2.52740926e-01 2.30281682e-01 2.08939785e-01 1.88749916e-01 1.68939057e-01 1.50569014e-01 1.31308297e-01 1.13020780e-01 9.39047597e-02 7.37244641e-02 5.34034570e-02 3.15496709e-02 1.07911458e-02 -9.72530079e-03 -2.90178947e-02 -5.62111303e-02 -1.01939748e-01 -1.55719211e-01 -1.94348800e-01 -2.21613182e-01 -2.53411484e-01 -2.79668776e-01 -2.95120593e-01 -3.10466315e-01 -3.40898958e-01 -4.83384129e-01
1.27000000e+01 1.78987883e-02 -4.08022968e-03 -4.26926831e-02 -6.41210323e-02 -1.02964205e-01 -1.43090136e-01 -1.82544184e-01 -2.29480666e-01 -2.68561209e-01 -2.92006299e-01 -3.13453791e-01 -3.40811037e-01 -3.61956858e-01 -3.78096938e-01 -3.86956577e-01 -3.89916582e-01 -3.84817539e-01 -3.85201525e-01 -3.94311371e-01 -4.01625629e-01 -4.17035366e-01 -4.43989705e-01 -4.62967893e-01 -4.79935642e-01 -4.69661171e-01 -4.44363583e-01 -3.98424552e-01 -3.73221220e-01 -3.56273063e-01 -3.65557764e-01 -3.61848526e-01 -3.51631100e-01 -3.17548762e-01 -2.81604858e-01 -2.36800926e-01 -2.00602931e-01 -1.72918800e-01 -1.42639402e-01 -1.20531797e-01 -1.06139054e-01 -8.66910178e-02 -6.20810004e-02 -3.54897094e-02 -5.83197195e-03 2.76850871e-02 6.56821257e-02 1.10648425e-01 1.61800101e-01 2.18971668e-01 2.81339624e-01 3.44872248e-01 4.07028781e-01 4.63886620e-01 5.13334956e-01 5.53938758e-01 5.86193355e-01 6.10658000e-01 6.28352489e-01 6.39918943e-01 6.45356870e-01 6.43851934e-01 6.34082568e-01 6.14760040e-01 5.85877916e-01 5.49471427e-01 5.09485727e-01 4.70179028e-01 4.34444295e-01 4.02967466e-01 3.74842831e-01 3.48650722e-01 3.23396367e-01 2.98841483e-01 2.74907255e-01 2.51882265e-01 2.29855511e-01 2.08952755e-01 1.89098380e-01 1.69646499e-01 1.51636357e-01 1.32611728e-01 1.14717314e-01 9.58975718e-02 7.60526671e-02 5.61837618e-02 3.47541213e-02 1.46918668e-02 -5.43979846e-03 -2.46692754e-02 -5.31862695e-02 -1.00803613e-01 -1.54518426e-01 -1.91770441e-01 -2.19824417e-01 -2.52753726e-01 -2.78533828e-01 -2.94496435e-01 -3.10132190e-01 -3.40921163e-01 -4.82943494e-01
1.28000000e+01 1.58171105e-02 -4.22903648e-03 -4.41337106e-02 -6.55807104e-02 -1.04275913e-01 -1.45141341e-01 -1.84063461e-01 -2.30415210e-01 -2.70601270e-01 -2.94626092e-01 -3.15082526e-01 -3.42245374e-01 -3.63272419e-01 -3.79998562e-01 -3.88926593e-01 -3.91523499e-01 -3.85957597e-01 -3.86992797e-01 -3.95731990e-01 -4.01922034e-01 -4.17530219e-01 -4.42946305e-01 -4.60442487e-01 -4.75548755e-01 -4.62995413e-01 -4.36124877e-01 -3.89028795e-01 -3.63923997e-01 -3.47073109e-01 -3.57401685e-01 -3.54963238e-01 -3.46463064e-01 -3.14033988e-01 -2.79247172e-01 -2.35956121e-01 -1.99542038e-01 -1.72844681e-01 -1.43104774e-01 -1.20373399e-01 -1.06274889e-01 -8.74245179e-02 -6.31208545e-02 -3.67224076e-02 -7.18266630e-03 2.60844414e-02 6.37019895e-02 1.08242636e-01 1.58910559e-01 2.15565284e-01 2.77653114e-01 3.41045261e-01 4.03418032e-01 4.60715252e-01 5.10761929e-01 5.51957684e-01 5.84751871e-01 6.09598514e-01 6.27495684e-01 6.39057202e-01 6.44266875e-01 6.42300510e-01 6.31864835e-01 6.11742566e-01 5.82060186e-01 5.45004305e-01 5.04637197e-01 4.65254075e-01 4.29716086e-01 3.98647068e-01 3.71071325e-01 3.45498881e-01 3.20877987e-01 2.96930293e-01 2.73557942e-01 2.51033891e-01 2.29435391e-01 2.08978609e-01 1.89446238e-01 1.70364970e-01 1.52707458e-01 1.33909443e-01 1.16414880e-01 9.78778647e-02 7.83673332e-02 5.89513885e-02 3.79409702e-02 1.86038110e-02 -1.19355726e-03 -2.04050645e-02 -5.03388866e-02 -9.97579053e-02 -1.53151572e-01 -1.89089557e-01 -2.18102046e-01 -2.52033951e-01 -2.77317960e-01 -2.93876115e-01 -3.09738899e-01 -3.40925986e-01 -4.82451536e-01
1.29000000e+01 1.35958460e-02 -4.43985869e-03 -4.56190391e-02 -6.71230032e-02 -1.05595715e-01 -1.47167900e-01 -1.85657940e-01 -2.31274473e-01 -2.72457290e-01 -2.97218077e-01 -3.16705148e-01 -3.43694724e-01 -3.64506902e-01 -3.81854175e-01 -3.90845592e-01 -3.93093302e-01 -3.87120165e-01 -3.88842399e-01 -3.97085039e-01 -4.02234539e-01 -4.18051518e-01 -4.41798562e-01 -4.57941921e-01 -4.71039110e-01 -4.56376142e-01 -4.27794432e-01 -3.79805573e-01 -3.54581575e-01 -3.38069345e-01 -3.49187681e-01 -3.48175240e-01 -3.41210272e-01 -3.10563479e-01 -2.76808351e-01 -2.35123676e-01 -1.98511151e-01 -1.72698325e-01 -1.43610597e-01 -1.20257700e-01 -1.06390816e-01 -8.81251869e-02 -6.41350473e-02 -3.79353989e-02 -8.49068848e-03 2.45283030e-02 6.17827626e-02 1.05897241e-01 1.56083700e-01 2.12203838e-01 2.73993727e-01 3.37210034e-01 3.99771746e-01 4.57487311e-01 5.08120992e-01 5.49906428e-01 5.83246085e-01 6.08479645e-01 6.26585347e-01 6.38143215e-01 6.43124218e-01 6.40694205e-01 6.29592922e-01 6.08676837e-01 5.78208802e-01 5.40524471e-01 4.99798757e-01 4.60357414e-01 4.25025787e-01 3.94365845e-01 3.67334384e-01 3.42375007e-01 3.18380406e-01 2.95034183e-01 2.72221228e-01 2.50195426e-01 2.29020936e-01 2.09017528e-01 1.89792569e-01 1.71095400e-01 1.53782738e-01 1.35202007e-01 1.18114608e-01 9.98463717e-02 8.06701823e-02 6.17076624e-02 4.11097881e-02 2.25281050e-02 3.00389974e-03 -1.62343866e-02 -4.76710995e-02 -9.87890912e-02 -1.51605532e-01 -1.86329918e-01 -2.16445233e-01 -2.51238792e-01 -2.76031805e-01 -2.93255670e-01 -3.09285293e-01 -3.40914064e-01 -4.81906907e-01
1.30000000e+01 1.12345234e-02 -4.71356568e-03 -4.71487393e-02 -6.87436725e-02 -1.06932430e-01 -1.49159349e-01 -1.87324198e-01 -2.32075100e-01 -2.74124761e-01 -2.99771949e-01 -3.18316684e-01 -3.45170796e-01 -3.65661498e-01 -3.83663899e-01 -3.92710881e-01 -3.94626675e-01 -3.88309493e-01 -3.90740981e-01 -3.98366374e-01 -4.02574234e-01 -4.18582955e-01 -4.40552447e-01 -4.55461875e-01 -4.66407468e-01 -4.49804967e-01 -4.19377002e-01 -3.70759454e-01 -3.45197536e-01 -3.29264121e-01 -3.40919814e-01 -3.41482955e-01 -3.35876014e-01 -3.07131031e-01 -2.74296870e-01 -2.34287618e-01 -1.97520395e-01 -1.72478776e-01 -1.44146077e-01 -1.20187779e-01 -1.06490668e-01 -8.87928238e-02 -6.51224694e-02 -3.91305668e-02 -9.75658168e-03 2.30145727e-02 5.99239460e-02 1.03611632e-01 1.53319817e-01 2.08888993e-01 2.70363985e-01 3.33369406e-01 3.96092381e-01 4.54204536e-01 5.05412418e-01 5.47784567e-01 5.81675139e-01 6.07299826e-01 6.25620065e-01 6.37175385e-01 6.41927438e-01 6.39031774e-01 6.27266150e-01 6.05562861e-01 5.74324631e-01 5.36033379e-01 4.94972067e-01 4.55490512e-01 4.20374525e-01 3.90124548e-01 3.63632406e-01 3.39279408e-01 3.15903499e-01 2.93153137e-01 2.70896775e-01 2.49366530e-01 2.28611790e-01 2.09069500e-01 1.90136576e-01 1.71838672e-01 1.54862377e-01 1.36490183e-01 1.19817628e-01 1.01803801e-01 8.29630871e-02 6.44539460e-02 4.42602014e-02 2.64657715e-02 7.14231683e-03 -1.21663305e-02 -4.51828444e-02 -9.78835320e-02 -1.49869560e-01 -1.83516068e-01 -2.14850134e-01 -2.50356484e-01 -2.74686521e-01 -2.92629867e-01 -3.08771075e-01 -3.40885613e-01 -4.81308228e-01
1.31000000e+01 8.73265165e-03 -5.05066294e-03 -4.87235534e-02 -7.04376392e-02 -1.08294889e-01 -1.51106896e-01 -1.89056507e-01 -2.32833578e-01 -2.75601665e-01 -3.02277298e-01 -3.19910740e-01 -3.46685385e-01 -3.66737769e-01 -3.85427932e-01 -3.94520019e-01 -3.96124279e-01 -3.89529333e-01 -3.92678279e-01 -3.99573810e-01 -4.02951068e-01 -4.19107421e-01 -4.39216054e-01 -4.52995582e-01 -4.61657494e-01 -4.43280461e-01 -4.10881218e-01 -3.61890355e-01 -3.35780010e-01 -3.20655035e-01 -3.32606047e-01 -3.34881664e-01 -3.30466337e-01 -3.03728266e-01 -2.71722880e-01 -2.33431728e-01 -1.96578373e-01 -1.72187052e-01 -1.44699890e-01 -1.20165987e-01 -1.06578310e-01 -8.94275328e-02 -6.60819348e-02 -4.03096840e-02 -1.09810731e-02 2.15411972e-02 5.81248694e-02 1.01385233e-01 1.50619017e-01 2.05622421e-01 2.66766248e-01 3.29526297e-01 3.92382467e-01 4.50868733e-01 5.02636587e-01 5.45591725e-01 5.80038178e-01 6.06057475e-01 6.24598374e-01 6.36152082e-01 6.40675054e-01 6.37311996e-01 6.24883862e-01 6.02400690e-01 5.70408585e-01 5.31532488e-01 4.90158744e-01 4.50654776e-01 4.15763378e-01 3.85923898e-01 3.59965818e-01 3.36212396e-01 3.13447129e-01 2.91287245e-01 2.69584178e-01 2.48546863e-01 2.28207672e-01 2.09134223e-01 1.90477623e-01 1.72595548e-01 1.55946339e-01 1.37774931e-01 1.21525050e-01 1.03750889e-01 8.52479893e-02 6.71916364e-02 4.73919015e-02 3.04176742e-02 1.12107665e-02 -8.20993147e-03 -4.28717145e-02 -9.70277325e-02 -1.47935537e-01 -1.80672690e-01 -2.13310142e-01 -2.49377136e-01 -2.73293439e-01 -2.91992439e-01 -3.08196792e-01 -3.40840430e-01 -4.80654134e-01
1.32000000e+01 6.08972391e-03 -5.45130634e-03 -5.03448244e-02 -7.21991838e-02 -1.09691627e-01 -1.53003619e-01 -1.90847048e-01 -2.33565791e-01 -2.76888614e-01 -3.04723720e-01 -3.21479603e-01 -3.48250188e-01 -3.67737640e-01 -3.87146584e-01 -3.96270860e-01 -3.97586688e-01 -3.90782859e-01 -3.94643325e-01 -4.00707119e-01 -4.03373523e-01 -4.19607461e-01 -4.37799223e-01 -4.50534075e-01 -4.56795575e-01 -4.36798329e-01 -4.02319392e-01 -3.53193710e-01 -3.26341486e-01 -3.12235139e-01 -3.24258007e-01 -3.28363764e-01 -3.24989787e-01 -3.00344952e-01 -2.69097792e-01 -2.32540005e-01 -1.95691862e-01 -1.71826104e-01 -1.45260392e-01 -1.20193894e-01 -1.06657607e-01 -9.00296633e-02 -6.70122527e-02 -4.14743351e-02 -1.21651444e-02 2.01062116e-02 5.63846691e-02 9.92175119e-02 1.47981207e-01 2.02405832e-01 2.63202714e-01 3.25683673e-01 3.88644577e-01 4.47481784e-01 4.99794020e-01 5.43327571e-01 5.78334332e-01 6.04751039e-01 6.23518775e-01 6.35071684e-01 6.39365590e-01 6.35533662e-01 6.22445430e-01 5.99190417e-01 5.66461601e-01 5.27023246e-01 4.85360375e-01 4.45851542e-01 4.11193372e-01 3.81764575e-01 3.56335072e-01 3.33174271e-01 3.11011133e-01 2.89436711e-01 2.68282950e-01 2.47736054e-01 2.27808435e-01 2.09211048e-01 1.90815278e-01 1.73366616e-01 1.57034425e-01 1.39057422e-01 1.23237892e-01 1.05688500e-01 8.75267947e-02 6.99221901e-02 5.05046355e-02 3.43844830e-02 1.51977480e-02 -4.37414796e-03 -4.07328493e-02 -9.62085693e-02 -1.45798220e-01 -1.77823950e-01 -2.11816226e-01 -2.48292943e-01 -2.71863717e-01 -2.91336360e-01 -3.07563786e-01 -3.40777912e-01 -4.79943361e-01
1.33000000e+01 3.30522548e-03 -5.91532678e-03 -5.20144095e-02 -7.40221599e-02 -1.11130595e-01 -1.54844602e-01 -1.92686177e-01 -2.34286583e-01 -2.77988954e-01 -3.07100895e-01 -3.23014406e-01 -3.49876603e-01 -3.68663398e-01 -3.88820304e-01 -3.97961604e-01 -3.99014336e-01 -3.92072591e-01 -3.96624665e-01 -4.01767987e-01 -4.03848318e-01 -4.20065754e-01 -4.36313124e-01 -4.48066528e-01 -4.51830554e-01 -4.30351684e-01 -3.93707190e-01 -3.44660815e-01 -3.16898460e-01 -3.03993328e-01 -3.15890615e-01 -3.21919118e-01 -3.19457056e-01 -2.96969387e-01 -2.66433818e-01 -2.31597120e-01 -1.94865571e-01 -1.71400710e-01 -1.45815848e-01 -1.20272219e-01 -1.06732411e-01 -9.05997587e-02 -6.79122752e-02 -4.26258473e-02 -1.33100705e-02 1.87077547e-02 5.47022685e-02 9.71079998e-02 1.45406070e-01 1.99241004e-01 2.59675409e-01 3.21844527e-01 3.84881297e-01 4.44045666e-01 4.96885393e-01 5.40991805e-01 5.76562711e-01 6.03379005e-01 6.22379743e-01 6.33932572e-01 6.37997570e-01 6.33695577e-01 6.19950252e-01 5.95932188e-01 5.62484644e-01 5.22507103e-01 4.80578510e-01 4.41082075e-01 4.06665495e-01 3.77647205e-01 3.52740627e-01 3.30165302e-01 3.08595313e-01 2.87601856e-01 2.66992514e-01 2.46933707e-01 2.27414107e-01 2.09298945e-01 1.91149366e-01 1.74152229e-01 1.58126311e-01 1.40339114e-01 1.24956935e-01 1.07617719e-01 8.98013033e-02 7.26471436e-02 5.35981768e-02 3.83666406e-02 1.90913224e-02 -6.67833207e-04 -3.87588739e-02 -9.54134765e-02 -1.43455489e-01 -1.74992817e-01 -2.10357343e-01 -2.47098305e-01 -2.70407987e-01 -2.90654106e-01 -3.06874107e-01 -3.40697075e-01 -4.79174794e-01
1.34000000e+01 3.78643627e-04 -6.44226201e-03 -5.37345776e-02 -7.59002106e-02 -1.12618904e-01 -1.56626994e-01 -1.94562731e-01 -2.35009325e-01 -2.78908851e-01 -3.09398626e-01 -3.24505344e-01 -3.51575510e-01 -3.69517709e-01 -3.90449670e-01 -3.99590837e-01 -4.00407465e-01 -3.93400341e-01 -3.98610582e-01 -4.02759920e-01 -4.04380161e-01 -4.20465577e-01 -4.34769790e-01 -4.45580655e-01 -4.46773370e-01 -4.23931436e-01 -3.85063175e-01 -3.36279320e-01 -3.07470927e-01 -2.95914869e-01 -3.07521589e-01 -3.15535505e-01 -3.13880555e-01 -2.93588853e-01 -2.63743498e-01 -2.30588857e-01 -1.94101978e-01 -1.70917336e-01 -1.46354665e-01 -1.20400774e-01 -1.06806557e-01 -9.11385406e-02 -6.87809572e-02 -4.37651777e-02 -1.44174497e-02 1.73440508e-02 5.30763560e-02 9.50563077e-02 1.42893039e-01 1.96129823e-01 2.56186163e-01 3.18011872e-01 3.81095207e-01 4.40562462e-01 4.93911513e-01 5.38584149e-01 5.74722408e-01 6.01939882e-01 6.21179728e-01 6.32733135e-01 6.36569504e-01 6.31796568e-01 6.17397754e-01 5.92626218e-01 5.58478709e-01 5.17985518e-01 4.75814667e-01 4.36347561e-01 4.02180700e-01 3.73572342e-01 3.49182920e-01 3.27185715e-01 3.06199445e-01 2.85783090e-01 2.65712233e-01 2.46139411e-01 2.27024904e-01 2.09396527e-01 1.91480026e-01 1.74952442e-01 1.59221569e-01 1.41621831e-01 1.26682586e-01 1.09539910e-01 9.20732182e-02 7.53681112e-02 5.66722840e-02 4.23643178e-02 2.28792796e-02 2.90028801e-03 -3.69399020e-02 -9.46305808e-02 -1.40908563e-01 -1.72200392e-01 -2.08920916e-01 -2.45789887e-01 -2.68936035e-01 -2.89937927e-01 -3.06130375e-01 -3.40596573e-01 -4.78347473e-01
1.35000000e+01 -2.69052073e-03 -7.03139147e-03 -5.55078944e-02 -7.78269802e-02 -1.14162594e-01 -1.58350013e-01 -1.96464376e-01 -2.35745520e-01 -2.79657348e-01 -3.11606821e-01 -3.25941933e-01 -3.53357049e-01 -3.70303669e-01 -3.92035349e-01 -4.01157572e-01 -4.01766088e-01 -3.94767157e-01 -4.00589327e-01 -4.03688117e-01 -4.04971540e-01 -4.20791264e-01 -4.33181625e-01 -4.43063170e-01 -4.41636636e-01 -4.17526772e-01 -3.76408249e-01 -3.28033848e-01 -2.98081733e-01 -2.87982067e-01 -2.99170828e-01 -3.09199152e-01 -3.08273927e-01 -2.90190107e-01 -2.61039218e-01 -2.29502517e-01 -1.93401223e-01 -1.70383957e-01 -1.46865631e-01 -1.20578426e-01 -1.06883844e-01 -9.16469139e-02 -6.96174297e-02 -4.48927809e-02 -1.54892326e-02 1.60133863e-02 5.15053817e-02 9.30621483e-02 1.40441294e-01 1.93074287e-01 2.52736569e-01 3.14188758e-01 3.77288874e-01 4.37034384e-01 4.90873271e-01 5.36104363e-01 5.72812516e-01 6.00432181e-01 6.19917151e-01 6.31471757e-01 6.35079881e-01 6.29835499e-01 6.14787399e-01 5.89272800e-01 5.54444827e-01 5.13459966e-01 4.71070320e-01 4.31649116e-01 3.97739908e-01 3.69540456e-01 3.45662366e-01 3.24235696e-01 3.03823310e-01 2.83980878e-01 2.64441446e-01 2.45352748e-01 2.26641208e-01 2.09502094e-01 1.91807752e-01 1.75766927e-01 1.60319707e-01 1.42907770e-01 1.28414807e-01 1.11456697e-01 9.43442073e-02 7.80867729e-02 5.97266612e-02 4.63773525e-02 2.65493295e-02 6.32164478e-03 -3.52636153e-02 -9.38487863e-02 -1.38162212e-01 -1.69465232e-01 -2.07493350e-01 -2.44366610e-01 -2.67456501e-01 -2.89180096e-01 -3.05335632e-01 -3.40474740e-01 -4.77460576e-01
1.36000000e+01 -5.90274064e-03 -7.68177285e-03 -5.73370969e-02 -7.97963156e-02 -1.15766454e-01 -1.60014879e-01 -1.98377976e-01 -2.36504453e-01 -2.80246405e-01 -3.13715450e-01 -3.27313323e-01 -3.55230373e-01 -3.71024890e-01 -3.93578005e-01 -4.02661300e-01 -4.03089969e-01 -3.96173286e-01 -4.02549340e-01 -4.04559280e-01 -4.05622595e-01 -4.21028628e-01 -4.31560892e-01 -4.40500278e-01 -4.36434152e-01 -4.11125706e-01 -3.67764987e-01 -3.19906722e-01 -2.88755812e-01 -2.80175013e-01 -2.90859714e-01 -3.02895329e-01 -3.02651529e-01 -2.86759891e-01 -2.58332743e-01 -2.28327288e-01 -1.92761081e-01 -1.69809845e-01 -1.47338158e-01 -1.20803069e-01 -1.06967994e-01 -9.21259688e-02 -7.04210468e-02 -4.60085278e-02 -1.65277219e-02 1.47140947e-02 4.99875943e-02 9.11253211e-02 1.38049794e-01 1.90076468e-01 2.49327972e-01 3.10378297e-01 3.73464854e-01 4.33463776e-01 4.87771620e-01 5.33552292e-01 5.70832131e-01 5.98854423e-01 6.18590399e-01 6.30146807e-01 6.33527177e-01 6.27811276e-01 6.12118684e-01 5.85872304e-01 5.50384065e-01 5.08931928e-01 4.66346906e-01 4.26987790e-01 3.93344000e-01 3.65551934e-01 3.42179380e-01 3.21315404e-01 3.01466703e-01 2.82195703e-01 2.63179520e-01 2.44573283e-01 2.26263544e-01 2.09613701e-01 1.92133408e-01 1.76594902e-01 1.61420222e-01 1.44199397e-01 1.30153145e-01 1.13369906e-01 9.66159389e-02 8.08048604e-02 6.27609398e-02 5.04051730e-02 3.00892977e-02 9.58787174e-03 -3.37154202e-02 -9.30578050e-02 -1.35224927e-01 -1.66802727e-01 -2.06060574e-01 -2.42829569e-01 -2.65976626e-01 -2.88373143e-01 -3.04493176e-01 -3.40329645e-01 -4.76513366e-01
1.37000000e+01 -9.25845057e-03 -8.39228265e-03 -5.92249641e-02 -8.18024531e-02 -1.17433894e-01 -1.61624708e-01 -2.00289974e-01 -2.37292915e-01 -2.80690902e-01 -3.15714461e-01 -3.28608625e-01 -3.57203393e-01 -3.71685606e-01 -3.95078176e-01 -4.04102027e-01 -4.04378617e-01 -3.97618132e-01 -4.04479470e-01 -4.05381392e-01 -4.06331044e-01 -4.21165333e-01 -4.29919217e-01 -4.37878187e-01 -4.31180387e-01 -4.04715669e-01 -3.59156911e-01 -3.11878761e-01 -2.79519332e-01 -2.72472411e-01 -2.82610360e-01 -2.96608988e-01 -2.97027888e-01 -2.83285443e-01 -2.55634789e-01 -2.27054521e-01 -1.92177001e-01 -1.69205281e-01 -1.47762490e-01 -1.21071624e-01 -1.07062581e-01 -9.25769794e-02 -7.11913888e-02 -4.71117233e-02 -1.75355324e-02 1.34445452e-02 4.85211127e-02 8.92456547e-02 1.35717347e-01 1.87138417e-01 2.45961499e-01 3.06583661e-01 3.69625713e-01 4.29853059e-01 4.84607582e-01 5.30927884e-01 5.68780359e-01 5.97205154e-01 6.17197814e-01 6.28756637e-01 6.31909844e-01 6.25722827e-01 6.09391132e-01 5.82425158e-01 5.46297499e-01 5.04402878e-01 4.61645824e-01 4.22364593e-01 3.88993817e-01 3.61607094e-01 3.38734393e-01 3.18424987e-01 2.99129449e-01 2.80428039e-01 2.61925891e-01 2.43800548e-01 2.25892552e-01 2.09729222e-01 1.92458235e-01 1.77435089e-01 1.62522663e-01 1.45499306e-01 1.31896834e-01 1.15281528e-01 9.88900350e-02 8.35241551e-02 6.57746822e-02 5.44467152e-02 3.34873031e-02 1.26909028e-02 -3.22786796e-02 -9.22481255e-02 -1.32109055e-01 -1.64224546e-01 -2.04608592e-01 -2.41181888e-01 -2.64502040e-01 -2.87510073e-01 -3.03606386e-01 -3.40159176e-01 -4.75505114e-01
1.38000000e+01 -1.27580331e-02 -9.16166442e-03 -6.11741884e-02 -8.38401867e-02 -1.19166866e-01 -1.63184347e-01 -2.02186767e-01 -2.38115006e-01 -2.81008593e-01 -3.17593708e-01 -3.29817303e-01 -3.59282471e-01 -3.72290799e-01 -3.96536126e-01 -4.05480333e-01 -4.05631316e-01 -3.99100245e-01 -4.06369174e-01 -4.06163454e-01 -4.07092205e-01 -4.21191194e-01 -4.28267135e-01 -4.35183610e-01 -4.25889938e-01 -3.98284129e-01 -3.50607721e-01 -3.03930129e-01 -2.70398789e-01 -2.64852455e-01 -2.74444834e-01 -2.90325404e-01 -2.91417159e-01 -2.79754960e-01 -2.52954614e-01 -2.25677933e-01 -1.91642209e-01 -1.68581220e-01 -1.48129909e-01 -1.21380066e-01 -1.07170945e-01 -9.30014137e-02 -7.19282433e-02 -4.82011863e-02 -1.85155384e-02 1.22031367e-02 4.71040069e-02 8.74229405e-02 1.33442692e-01 1.84262057e-01 2.42638101e-01 3.02808067e-01 3.65774061e-01 4.26204662e-01 4.81382284e-01 5.28231217e-01 5.66656316e-01 5.95482953e-01 6.15737692e-01 6.27299586e-01 6.30226311e-01 6.23569091e-01 6.06604280e-01 5.78931840e-01 5.42186206e-01 4.99874265e-01 4.56968437e-01 4.17780495e-01 3.84690149e-01 3.57706206e-01 3.35327864e-01 3.15564588e-01 2.96811413e-01 2.78678334e-01 2.60680092e-01 2.43034020e-01 2.25528987e-01 2.09846414e-01 1.92783837e-01 1.78285707e-01 1.63626661e-01 1.46810087e-01 1.33644896e-01 1.17193749e-01 1.01167966e-01 8.62465104e-02 6.87673780e-02 5.85003482e-02 3.67318996e-02 1.56231021e-02 -3.09350134e-02 -9.14109283e-02 -1.28830846e-01 -1.61738176e-01 -2.03124005e-01 -2.39428523e-01 -2.63036642e-01 -2.86584562e-01 -3.02678564e-01 -3.39961112e-01 -4.74435010e-01
1.39000000e+01 -1.64018044e-02 -9.98858507e-03 -6.31872574e-02 -8.59050127e-02 -1.20965833e-01 -1.64700163e-01 -2.04055053e-01 -2.38972017e-01 -2.81219964e-01 -3.19342893e-01 -3.30929592e-01 -3.61472094e-01 -3.72846301e-01 -3.97951699e-01 -4.06797424e-01 -4.06847155e-01 -4.00617291e-01 -4.08208700e-01 -4.06915216e-01 -4.07899076e-01 -4.21098399e-01 -4.26613689e-01 -4.32404244e-01 -4.20576995e-01 -3.91819198e-01 -3.42140525e-01 -2.96041197e-01 -2.61420092e-01 -2.57293709e-01 -2.66384378e-01 -2.84030800e-01 -2.85832582e-01 -2.76158036e-01 -2.50299667e-01 -2.24193715e-01 -1.91147890e-01 -1.67948913e-01 -1.48432942e-01 -1.21723481e-01 -1.07296126e-01 -9.34009467e-02 -7.26315859e-02 -4.92753249e-02 -1.94708376e-02 1.09883023e-02 4.57343516e-02 8.56568825e-02 1.31224579e-01 1.81449082e-01 2.39358612e-01 2.99054727e-01 3.61912592e-01 4.22520958e-01 4.78096964e-01 5.25462498e-01 5.64459117e-01 5.93686458e-01 6.14208295e-01 6.25773992e-01 6.28474995e-01 6.21349022e-01 6.03757690e-01 5.75392869e-01 5.38051251e-01 4.95347520e-01 4.52316072e-01 4.13236434e-01 3.80433734e-01 3.53849505e-01 3.31960255e-01 3.12734347e-01 2.94512512e-01 2.76946980e-01 2.59441754e-01 2.42273106e-01 2.25173693e-01 2.09962975e-01 1.93112163e-01 1.79144514e-01 1.64731924e-01 1.48134209e-01 1.35396210e-01 1.19109014e-01 1.03450964e-01 8.89739059e-02 7.17384043e-02 6.25638228e-02 3.98121858e-02 1.83774193e-02 -2.96646555e-02 -9.05379755e-02 -1.25410427e-01 -1.59346594e-01 -2.01594490e-01 -2.37576031e-01 -2.61582551e-01 -2.85591152e-01 -3.01712787e-01 -3.39733185e-01 -4.73302137e-01
1.40000000e+01 -2.01899973e-02 -1.08716948e-02 -6.52663501e-02 -8.79932434e-02 -1.22829799e-01 -1.66179795e-01 -2.05882153e-01 -2.39862414e-01 -2.81348001e-01 -3.20951547e-01 -3.31936962e-01 -3.63774524e-01 -3.73358886e-01 -3.99324184e-01 -4.08055190e-01 -4.08025087e-01 -4.02166052e-01 -4.09989239e-01 -4.07646892e-01 -4.08742507e-01 -4.20881653e-01 -4.24966100e-01 -4.29529215e-01 -4.15254833e-01 -3.85310225e-01 -3.33777085e-01 -2.88193386e-01 -2.52607667e-01 -2.49775974e-01 -2.58448660e-01 -2.77712926e-01 -2.80285994e-01 -2.72486040e-01 -2.47675317e-01 -2.22600590e-01 -1.90683439e-01 -1.67319526e-01 -1.48665546e-01 -1.22096143e-01 -1.07440798e-01 -9.37774605e-02 -7.33015732e-02 -5.03321729e-02 -2.04047435e-02 9.79852845e-03 4.44102378e-02 8.39470690e-02 1.29061819e-01 1.78700901e-01 2.36123789e-01 2.95326815e-01 3.58044101e-01 4.18804240e-01 4.74752976e-01 5.22622067e-01 5.62187867e-01 5.91814390e-01 6.12607855e-01 6.24178196e-01 6.26654316e-01 6.19061606e-01 6.00850958e-01 5.71808806e-01 5.33893691e-01 4.90824057e-01 4.47690020e-01 4.08733314e-01 3.76225265e-01 3.50037199e-01 3.28632002e-01 3.09934399e-01 2.92232715e-01 2.75234298e-01 2.58210594e-01 2.41517168e-01 2.24827566e-01 2.10076604e-01 1.93445472e-01 1.80008868e-01 1.65838217e-01 1.49473950e-01 1.37149536e-01 1.21030058e-01 1.05739996e-01 9.17085323e-02 7.46869401e-02 6.66342493e-02 4.27178875e-02 2.09475588e-02 -2.84468444e-02 -8.96215073e-02 -1.21871690e-01 -1.57048061e-01 -2.00009216e-01 -2.35632318e-01 -2.60140122e-01 -2.84525420e-01 -3.00711790e-01 -3.39473133e-01 -4.72105486e-01
1.41000000e+01 -2.41227436e-02 -1.18096836e-02 -6.74132475e-02 -9.01020826e-02 -1.24756373e-01 -1.67631863e-01 -2.07656275e-01 -2.40781909e-01 -2.81417829e-01 -3.22409056e-01 -3.32832602e-01 -3.66189452e-01 -3.73836302e-01 -4.00652213e-01 -4.09256245e-01 -4.09163984e-01 -4.03742423e-01 -4.11703050e-01 -4.08368861e-01 -4.09611420e-01 -4.20538227e-01 -4.23329511e-01 -4.26549464e-01 -4.09935362e-01 -3.78748336e-01 -3.25537122e-01 -2.80369978e-01 -2.43983626e-01 -2.42281109e-01 -2.50655098e-01 -2.71361597e-01 -2.74787412e-01 -2.68732445e-01 -2.45084664e-01 -2.20899792e-01 -1.90236768e-01 -1.66703763e-01 -1.48823253e-01 -1.22491611e-01 -1.07607225e-01 -9.41330249e-02 -7.39385481e-02 -5.13693951e-02 -2.13207919e-02 8.63238512e-03 4.31297579e-02 8.22929494e-02 1.26953314e-01 1.76018615e-01 2.32934357e-01 2.91627433e-01 3.54171467e-01 4.15056735e-01 4.71351791e-01 5.19710386e-01 5.59841645e-01 5.89865562e-01 6.10934589e-01 6.22510551e-01 6.24762714e-01 6.16705874e-01 5.97883726e-01 5.68180257e-01 5.29714585e-01 4.86305284e-01 4.43091542e-01 4.04272002e-01 3.72065383e-01 3.46269482e-01 3.25343503e-01 3.07164891e-01 2.89972037e-01 2.73540522e-01 2.56986406e-01 2.40765563e-01 2.24491487e-01 2.10185048e-01 1.93786293e-01 1.80875816e-01 1.66945358e-01 1.50831325e-01 1.38903533e-01 1.22959870e-01 1.08035795e-01 9.44528891e-02 7.76118539e-02 7.07081052e-02 4.54394262e-02 2.33281571e-02 -2.72602387e-02 -8.86541640e-02 -1.18242090e-01 -1.54836071e-01 -1.98359200e-01 -2.33606385e-01 -2.58707993e-01 -2.83384106e-01 -2.99677855e-01 -3.39178756e-01 -4.70843999e-01
1.42000000e+01 -2.82000552e-02 -1.28013329e-02 -6.96292564e-02 -9.22296641e-02 -1.26741885e-01 -1.69065663e-01 -2.09366748e-01 -2.41723645e-01 -2.81456251e-01 -3.23704743e-01 -3.33611873e-01 -3.68713687e-01 -3.74287266e-01 -4.01933706e-01 -4.10403962e-01 -4.10262698e-01 -4.05341426e-01 -4.13343570e-01 -4.09091356e-01 -4.10493113e-01 -4.20067931e-01 -4.21706802e-01 -4.23458066e-01 -4.04628746e-01 -3.72126902e-01 -3.17437695e-01 -2.72556834e-01 -2.35567012e-01 -2.34793754e-01 -2.43018264e-01 -2.64969146e-01 -2.69344692e-01 -2.64893061e-01 -2.42528427e-01 -2.19094966e-01 -1.89794648e-01 -1.66111500e-01 -1.48903261e-01 -1.22902835e-01 -1.07797219e-01 -9.44698641e-02 -7.45430518e-02 -5.23842827e-02 -2.22227445e-02 7.48856167e-03 4.18909798e-02 8.06938038e-02 1.24898077e-01 1.73403016e-01 2.29791045e-01 2.87959588e-01 3.50297628e-01 4.11280628e-01 4.67895004e-01 5.16728033e-01 5.57419508e-01 5.87838877e-01 6.09186709e-01 6.20769420e-01 6.22798657e-01 6.14280910e-01 5.94855685e-01 5.64507884e-01 5.25515000e-01 4.81792597e-01 4.38521857e-01 3.99853328e-01 3.67954669e-01 3.42546554e-01 3.22095097e-01 3.04425990e-01 2.87730545e-01 2.71865783e-01 2.55769068e-01 2.40017682e-01 2.24166251e-01 2.10286158e-01 1.94137358e-01 1.81742187e-01 1.68053215e-01 1.52208040e-01 1.40656768e-01 1.24901581e-01 1.10338927e-01 9.72098766e-02 8.05115862e-02 7.47812646e-02 4.79679777e-02 2.55149640e-02 -2.60833550e-02 -8.76289329e-02 -1.14552342e-01 -1.52699450e-01 -1.96637560e-01 -2.31508066e-01 -2.57283181e-01 -2.82165198e-01 -2.98612729e-01 -3.38847980e-01 -4.69516597e-01
1.43000000e+01 -3.24218102e-02 -1.38455625e-02 -7.19151496e-02 -9.43750554e-02 -1.28781542e-01 -1.70490859e-01 -2.11004187e-01 -2.42678490e-01 -2.81491161e-01 -3.24828018e-01 -3.34272707e-01 -3.71340893e-01 -3.74721394e-01 -4.03165866e-01 -4.11502483e-01 -4.11320115e-01 -4.06957244e-01 -4.14905521e-01 -4.09824113e-01 -4.11373587e-01 -4.19473001e-01 -4.20098486e-01 -4.20250471e-01 -3.99343092e-01 -3.65441920e-01 -3.09492686e-01 -2.64743017e-01 -2.27373149e-01 -2.27301931e-01 -2.35549398e-01 -2.58530778e-01 -2.63963281e-01 -2.60966190e-01 -2.40004920e-01 -2.17191983e-01 -1.89343078e-01 -1.65551465e-01 -1.48904475e-01 -1.23322290e-01 -1.08012108e-01 -9.47903276e-02 -7.51158348e-02 -5.33737587e-02 -2.31145697e-02 6.36590607e-03 4.06919147e-02 7.91487043e-02 1.22895257e-01 1.70854591e-01 2.26694647e-01 2.84326166e-01 3.46425557e-01 4.07478089e-01 4.64384326e-01 5.13675693e-01 5.54920491e-01 5.85733322e-01 6.07362426e-01 6.18953178e-01 6.20760643e-01 6.11785853e-01 5.91766565e-01 5.60792417e-01 5.21296019e-01 4.77287387e-01 4.33982142e-01 3.95478080e-01 3.63893630e-01 3.38868626e-01 3.18887056e-01 3.01717883e-01 2.85508350e-01 2.70210080e-01 2.54558558e-01 2.39272984e-01 2.23852491e-01 2.10377940e-01 1.94501518e-01 1.82604697e-01 1.69161728e-01 1.53605438e-01 1.42407745e-01 1.26858324e-01 1.12649839e-01 9.99828693e-02 8.33840464e-02 7.88490478e-02 5.02955286e-02 2.75050267e-02 -2.48950353e-02 -8.65391061e-02 -1.10836001e-01 -1.50622611e-01 -1.94839674e-01 -2.29347764e-01 -2.55861195e-01 -2.80867955e-01 -2.97517555e-01 -3.38478934e-01 -4.68122181e-01
1.44000000e+01 -3.67877432e-02 -1.49414739e-02 -7.42711259e-02 -9.65382303e-02 -1.30869612e-01 -1.71917182e-01 -2.12560605e-01 -2.43635434e-01 -2.81550868e-01 -3.25768577e-01 -3.34815939e-01 -3.74061401e-01 -3.75149083e-01 -4.04345244e-01 -4.12556709e-01 -4.12335203e-01 -4.08583265e-01 -4.16385006e-01 -4.10576020e-01 -4.12237939e-01 -4.18757916e-01 -4.18502682e-01 -4.16924646e-01 -3.94084237e-01 -3.58692283e-01 -3.01712407e-01 -2.56921267e-01 -2.19413130e-01 -2.19797509e-01 -2.28256047e-01 -2.52044805e-01 -2.58646046e-01 -2.56952686e-01 -2.37510105e-01 -2.15198700e-01 -1.88867683e-01 -1.65030945e-01 -1.48827493e-01 -1.23742137e-01 -1.08252708e-01 -9.50968731e-02 -7.56578629e-02 -5.43344073e-02 -2.40003810e-02 5.26346509e-03 3.95304791e-02 7.76564671e-02 1.20944180e-01 1.68373518e-01 2.23646082e-01 2.80729884e-01 3.42558269e-01 4.03651295e-01 4.60821569e-01 5.10554174e-01 5.52343604e-01 5.83547963e-01 6.05459956e-01 6.17060204e-01 6.18647191e-01 6.09219897e-01 5.88616133e-01 5.57034658e-01 5.17058743e-01 4.72791029e-01 4.29473517e-01 3.91147003e-01 3.59882684e-01 3.35235932e-01 3.15719571e-01 2.99040767e-01 2.83305619e-01 2.68573249e-01 2.53354985e-01 2.38531011e-01 2.23550622e-01 2.10458621e-01 1.94881632e-01 1.83460064e-01 1.70270925e-01 1.55024473e-01 1.44154935e-01 1.28833091e-01 1.14968884e-01 1.02775769e-01 8.62265216e-02 8.29062913e-02 5.24149335e-02 2.92968746e-02 -2.36749435e-02 -8.53782366e-02 -1.07128933e-01 -1.48585979e-01 -1.92963216e-01 -2.27136178e-01 -2.54436212e-01 -2.79492892e-01 -2.96392839e-01 -3.38070006e-01 -4.66659633e-01
1.45000000e+01 -4.12974380e-02 -1.60883831e-02 -7.66967905e-02 -9.87200116e-02 -1.32999631e-01 -1.73354131e-01 -2.14029457e-01 -2.44582079e-01 -2.81663377e-01 -3.26516617e-01 -3.35245543e-01 -3.76862112e-01 -3.75581349e-01 -4.05467839e-01 -4.13572261e-01 -4.13307049e-01 -4.10212144e-01 -4.17779578e-01 -4.11354760e-01 -4.13070763e-01 -4.17929153e-01 -4.16915180e-01 -4.13481133e-01 -3.88855630e-01 -3.51879952e-01 -2.94103331e-01 -2.49088335e-01 -2.11693456e-01 -2.12276522e-01 -2.21141844e-01 -2.45512761e-01 -2.53393227e-01 -2.52855921e-01 -2.35037731e-01 -2.13124656e-01 -1.88354116e-01 -1.64555547e-01 -1.48674546e-01 -1.24154392e-01 -1.08519283e-01 -9.53920567e-02 -7.61703195e-02 -5.52625384e-02 -2.48843269e-02 4.18051396e-03 3.84044624e-02 7.62155948e-02 1.19044410e-01 1.65959654e-01 2.20646432e-01 2.77173243e-01 3.38698824e-01 3.99802442e-01 4.57208601e-01 5.07364415e-01 5.49687846e-01 5.81281938e-01 6.03477515e-01 6.15088887e-01 6.16456837e-01 6.06582293e-01 5.85404191e-01 5.53235487e-01 5.12804300e-01 4.68304889e-01 4.24997058e-01 3.86860799e-01 3.55922154e-01 3.31648728e-01 3.12592753e-01 2.96394831e-01 2.81122577e-01 2.66954947e-01 2.52158600e-01 2.37791395e-01 2.23260785e-01 2.10526716e-01 1.95280459e-01 1.84305129e-01 1.71380929e-01 1.56465678e-01 1.45896821e-01 1.30828624e-01 1.17296291e-01 1.05593044e-01 8.90355915e-02 8.69474450e-02 5.43199714e-02 3.08907103e-02 -2.24040842e-02 -8.41400886e-02 -1.03468681e-01 -1.46566579e-01 -1.91008077e-01 -2.24884055e-01 -2.53001277e-01 -2.78041718e-01 -2.95238435e-01 -3.37619886e-01 -4.65127801e-01
1.46000000e+01 -4.59503202e-02 -1.72858407e-02 -7.91911526e-02 -1.00921986e-01 -1.35164635e-01 -1.74810683e-01 -2.15405642e-01 -2.45505212e-01 -2.81855654e-01 -3.27063068e-01 -3.35568770e-01 -3.79726491e-01 -3.76029623e-01 -4.06529263e-01 -4.14555406e-01 -4.14234879e-01 -4.11835895e-01 -4.19088267e-01 -4.12166496e-01 -4.13856589e-01 -4.16994880e-01 -4.15329587e-01 -4.09923013e-01 -3.83658315e-01 -3.45009994e-01 -2.86667979e-01 -2.41245160e-01 -2.04215860e-01 -2.04739320e-01 -2.14206431e-01 -2.38939395e-01 -2.48202484e-01 -2.48681668e-01 -2.32579555e-01 -2.10980735e-01 -1.87788468e-01 -1.64128997e-01 -1.48449393e-01 -1.24551122e-01 -1.08811509e-01 -9.56785199e-02 -7.66545998e-02 -5.61542919e-02 -2.57704409e-02 3.11656283e-03 3.73115191e-02 7.48242092e-02 1.17195813e-01 1.63612530e-01 2.17696945e-01 2.73658493e-01 3.34850346e-01 3.95933746e-01 4.53547328e-01 5.04107496e-01 5.46952208e-01 5.78934448e-01 6.01413312e-01 6.13037619e-01 6.14188135e-01 6.03872361e-01 5.82130594e-01 5.49395860e-01 5.08533843e-01 4.63830318e-01 4.20553803e-01 3.82620135e-01 3.52012264e-01 3.28107308e-01 3.09506634e-01 2.93780246e-01 2.78959513e-01 2.65354662e-01 2.50969777e-01 2.37053871e-01 2.22982824e-01 2.10581095e-01 1.95700530e-01 1.85136970e-01 1.72491943e-01 1.57929166e-01 1.47631967e-01 1.32847325e-01 1.19632089e-01 1.08439743e-01 9.18070415e-02 9.09666986e-02 5.60053954e-02 3.22886028e-02 -2.10653274e-02 -8.28185828e-02 -9.98937324e-02 -1.44538792e-01 -1.88976192e-01 -2.22601955e-01 -2.51548543e-01 -2.76517227e-01 -2.94053553e-01 -3.37127579e-01 -4.63525482e-01
1.47000000e+01 -5.07456483e-02 -1.85336390e-02 -8.17526443e-02 -1.03146396e-01 -1.37357402e-01 -1.76295033e-01 -2.16685444e-01 -2.46391429e-01 -2.82152906e-01 -3.27399821e-01 -3.35796168e-01 -3.82634688e-01 -3.76505520e-01 -4.07524925e-01 -4.15512949e-01 -4.15118085e-01 -4.13445994e-01 -4.20311541e-01 -4.13015610e-01 -4.14580297e-01 -4.15964609e-01 -4.13737546e-01 -4.06255776e-01 -3.78491022e-01 -3.38090510e-01 -2.79404950e-01 -2.33396879e-01 -1.96977294e-01 -1.97190558e-01 -2.07445544e-01 -2.32332543e-01 -2.43069063e-01 -2.44437898e-01 -2.30125627e-01 -2.08778787e-01 -1.87157648e-01 -1.63753010e-01 -1.48157170e-01 -1.24924626e-01 -1.09128436e-01 -9.59589685e-02 -7.71122917e-02 -5.70057796e-02 -2.66624751e-02 2.07134022e-03 3.62492009e-02 7.34799914e-02 1.15398580e-01 1.61331365e-01 2.14798987e-01 2.70187632e-01 3.31016035e-01 3.92047442e-01 4.49839683e-01 5.00784625e-01 5.44135704e-01 5.76504748e-01 5.99265541e-01 6.10904800e-01 6.11839650e-01 6.01089481e-01 5.78795255e-01 5.45516795e-01 5.04248548e-01 4.59368649e-01 4.16144760e-01 3.78425635e-01 3.48153138e-01 3.24612008e-01 3.06461178e-01 2.91197156e-01 2.76816777e-01 2.63771744e-01 2.49788965e-01 2.36318281e-01 2.22716282e-01 2.10621044e-01 1.96144026e-01 1.85953036e-01 1.73604210e-01 1.59414644e-01 1.49359104e-01 1.34891182e-01 1.21976032e-01 1.11321488e-01 9.45357812e-02 9.49581304e-02 5.74669715e-02 3.34946812e-02 -1.96439195e-02 -8.14077481e-02 -9.64427006e-02 -1.42475242e-01 -1.86871251e-01 -2.20300053e-01 -2.50069546e-01 -2.74923158e-01 -2.92836796e-01 -3.36592402e-01 -4.61851406e-01
1.48000000e+01 -5.56825079e-02 -1.98318081e-02 -8.43791603e-02 -1.05396016e-01 -1.39570710e-01 -1.77814352e-01 -2.17866443e-01 -2.47227784e-01 -2.82577868e-01 -3.27519970e-01 -3.35941473e-01 -3.85563760e-01 -3.77020572e-01 -4.08450252e-01 -4.16452104e-01 -4.15956237e-01 -4.15033522e-01 -4.21451215e-01 -4.13904504e-01 -4.15227520e-01 -4.14848808e-01 -4.12129032e-01 -4.02487105e-01 -3.73350334e-01 -3.31132445e-01 -2.72309101e-01 -2.25552670e-01 -1.89970102e-01 -1.89639012e-01 -2.00851234e-01 -2.25702887e-01 -2.37986061e-01 -2.40134499e-01 -2.27664628e-01 -2.06531242e-01 -1.86449723e-01 -1.63427207e-01 -1.47804193e-01 -1.25267615e-01 -1.09468462e-01 -9.62361490e-02 -7.75451340e-02 -5.78132543e-02 -2.75637464e-02 1.04476710e-03 3.52150115e-02 7.21801591e-02 1.13653192e-01 1.59115109e-01 2.11953991e-01 2.66762412e-01 3.27199160e-01 3.88145784e-01 4.46087643e-01 4.97397119e-01 5.41237390e-01 5.73992129e-01 5.97032372e-01 6.08688836e-01 6.09409969e-01 5.98233090e-01 5.75398153e-01 5.41599365e-01 4.99949614e-01 4.54921193e-01 4.11770905e-01 3.74277871e-01 3.44344806e-01 3.21163210e-01 3.03456290e-01 2.88645680e-01 2.74694773e-01 2.62205444e-01 2.48616635e-01 2.35584581e-01 2.22460405e-01 2.10646313e-01 1.96612665e-01 1.86751257e-01 1.74717976e-01 1.60921446e-01 1.51077222e-01 1.36961701e-01 1.24327520e-01 1.14244424e-01 9.72157803e-02 9.89158641e-02 5.87015000e-02 3.45153174e-02 -1.81279613e-02 -7.99016921e-02 -9.31534401e-02 -1.40347808e-01 -1.84698325e-01 -2.17987973e-01 -2.48555491e-01 -2.73264023e-01 -2.91586209e-01 -3.36013973e-01 -4.60104227e-01
1.49000000e+01 -6.07598088e-02 -2.11806048e-02 -8.70681160e-02 -1.07674017e-01 -1.41797585e-01 -1.79374581e-01 -2.18947378e-01 -2.48002447e-01 -2.83150139e-01 -3.27418074e-01 -3.36021362e-01 -3.88488036e-01 -3.77585944e-01 -4.09300922e-01 -4.17380324e-01 -4.16749097e-01 -4.16589314e-01 -4.22510308e-01 -4.14833483e-01 -4.15785015e-01 -4.13658488e-01 -4.10492691e-01 -3.98626589e-01 -3.68230961e-01 -3.24149273e-01 -2.65371856e-01 -2.17725434e-01 -1.83182358e-01 -1.82097252e-01 -1.94412237e-01 -2.19063600e-01 -2.32944776e-01 -2.35782938e-01 -2.25184254e-01 -2.04250701e-01 -1.85654217e-01 -1.63149109e-01 -1.47397731e-01 -1.25573379e-01 -1.09829316e-01 -9.65128206e-02 -7.79549574e-02 -5.85732853e-02 -2.84770078e-02 3.69317457e-05 3.42064553e-02 7.09215046e-02 1.11960326e-01 1.56962496e-01 2.09163409e-01 2.63384367e-01 3.23403031e-01 3.84231041e-01 4.42293236e-01 4.93946388e-01 5.38256400e-01 5.71395910e-01 5.94711958e-01 6.06388139e-01 6.06897700e-01 5.95302656e-01 5.71939327e-01 5.37644690e-01 4.95638257e-01 4.50489221e-01 4.07433183e-01 3.70177358e-01 3.40587217e-01 3.17761328e-01 3.00491820e-01 2.86125908e-01 2.72593954e-01 2.60654956e-01 2.47453233e-01 2.34852847e-01 2.22214166e-01 2.10657154e-01 1.97107592e-01 1.87530164e-01 1.75833441e-01 1.62448576e-01 1.52785659e-01 1.39059856e-01 1.26685572e-01 1.17215127e-01 9.98400436e-02 1.02834207e-01 5.97068208e-02 3.53592869e-02 -1.65088297e-02 -7.82946068e-02 -9.00621162e-02 -1.38128718e-01 -1.82463419e-01 -2.15674660e-01 -2.46997548e-01 -2.71544912e-01 -2.90299348e-01 -3.35392196e-01 -4.58282526e-01
1.50000000e+01 -6.59762866e-02 -2.25804950e-02 -8.98165201e-02 -1.09983818e-01 -1.44031547e-01 -1.80980245e-01 -2.19927990e-01 -2.48705324e-01 -2.83885548e-01 -3.27090451e-01 -3.36055081e-01 -3.91379595e-01 -3.78212131e-01 -4.10073091e-01 -4.18305122e-01 -4.17496631e-01 -4.18104128e-01 -4.23492860e-01 -4.15800706e-01 -4.16240980e-01 -4.12404791e-01 -4.08816237e-01 -3.94685366e-01 -3.63126080e-01 -3.17156591e-01 -2.58581641e-01 -2.09931338e-01 -1.76598354e-01 -1.74581161e-01 -1.88114456e-01 -2.12429893e-01 -2.27935117e-01 -2.31395853e-01 -2.22671621e-01 -2.01949534e-01 -1.84762343e-01 -1.62914199e-01 -1.46945751e-01 -1.25835930e-01 -1.10208061e-01 -9.67917184e-02 -7.83436222e-02 -5.92829253e-02 -2.94043418e-02 -9.51938640e-04 3.32210578e-02 6.97004943e-02 1.10320723e-01 1.54872094e-01 2.06428694e-01 2.60054831e-01 3.19630961e-01 3.80305492e-01 4.38458547e-01 4.90433921e-01 5.35191972e-01 5.68715430e-01 5.92302446e-01 6.04001135e-01 6.04301485e-01 5.92297677e-01 5.68418890e-01 5.33653927e-01 4.91315708e-01 4.46073952e-01 4.03132492e-01 3.66124544e-01 3.36880243e-01 3.14406786e-01 2.97567559e-01 2.83637897e-01 2.70514819e-01 2.59119436e-01 2.46299148e-01 2.34123288e-01 2.21976282e-01 2.10654340e-01 1.97629295e-01 1.88288972e-01 1.76950731e-01 1.63994753e-01 1.54484170e-01 1.41186057e-01 1.29048819e-01 1.20240461e-01 1.02400640e-01 1.06707747e-01 6.04818081e-02 3.60378942e-02 -1.47815240e-02 -7.65808204e-02 -8.72022540e-02 -1.35791696e-01 -1.80172962e-01 -2.13368277e-01 -2.45387136e-01 -2.69771284e-01 -2.88973361e-01 -3.34727234e-01 -4.56384815e-01
1.51000000e+01 -7.13305062e-02 -2.40321319e-02 -9.26210571e-02 -1.12328937e-01 -1.46266823e-01 -1.82634307e-01 -2.20808849e-01 -2.49328633e-01 -2.84795589e-01 -3.26535489e-01 -3.36063936e-01 -3.94208866e-01 -3.78908650e-01 -4.10763622e-01 -4.19233877e-01 -4.18199030e-01 -4.19568817e-01 -4.24403710e-01 -4.16802209e-01 -4.16585331e-01 -4.11098589e-01 -4.07086865e-01 -3.90675731e-01 -3.58027737e-01 -3.10171617e-01 -2.51924431e-01 -2.02189225e-01 -1.70199231e-01 -1.67109327e-01 -1.81941554e-01 -2.05818475e-01 -2.22946071e-01 -2.26986615e-01 -2.20113682e-01 -1.99639502e-01 -1.83767187e-01 -1.62716036e-01 -1.46456640e-01 -1.26050127e-01 -1.10601119e-01 -9.70755018e-02 -7.87129714e-02 -5.99398571e-02 -3.03470678e-02 -1.92152097e-03 3.22563588e-02 6.85134141e-02 1.08735059e-01 1.52842347e-01 2.03751289e-01 2.56774964e-01 3.15886217e-01 3.76371421e-01 4.34585714e-01 4.86861278e-01 5.32043473e-01 5.65950049e-01 5.89802002e-01 6.01526268e-01 6.01620005e-01 5.89217674e-01 5.64837033e-01 5.29628266e-01 4.86983210e-01 4.41676555e-01 3.98869680e-01 3.62119803e-01 3.33223711e-01 3.11099987e-01 2.94683243e-01 2.81181666e-01 2.68457911e-01 2.57598007e-01 2.45154699e-01 2.33396252e-01 2.21745245e-01 2.10639173e-01 1.98177533e-01 1.89027650e-01 1.78069877e-01 1.65558449e-01 1.56172964e-01 1.43340138e-01 1.31415529e-01 1.23327400e-01 1.04888787e-01 1.10531400e-01 6.10263638e-02 3.65650487e-02 -1.29449175e-02 -7.47549062e-02 -8.46037863e-02 -1.33313120e-01 -1.77833268e-01 -2.11076134e-01 -2.43716201e-01 -2.67948748e-01 -2.87605085e-01 -3.34019485e-01 -4.54409543e-01
1.52000000e+01 -7.68208678e-02 -2.55363281e-02 -9.54781755e-02 -1.14712840e-01 -1.48498544e-01 -1.84338052e-01 -2.21591179e-01 -2.49867414e-01 -2.85886934e-01 -3.25753983e-01 -3.36070668e-01 -3.96945330e-01 -3.79683721e-01 -4.11370277e-01 -4.20173620e-01 -4.18856730e-01 -4.20974499e-01 -4.25248255e-01 -4.17831996e-01 -4.16809912e-01 -4.09750099e-01 -4.05291690e-01 -3.86610701e-01 -3.52927309e-01 -3.03212633e-01 -2.45384386e-01 -1.94519942e-01 -1.63963706e-01 -1.59702339e-01 -1.75875616e-01 -1.99246955e-01 -2.17966197e-01 -2.22568856e-01 -2.17497656e-01 -1.97331397e-01 -1.82663824e-01 -1.62546430e-01 -1.45938939e-01 -1.26211775e-01 -1.11004323e-01 -9.73666854e-02 -7.90648124e-02 -6.05425166e-02 -3.13056566e-02 -2.87145838e-03 3.13098938e-02 6.73565330e-02 1.07203839e-01 1.50871600e-01 2.01132610e-01 2.53545764e-01 3.12171991e-01 3.72431123e-01 4.30676907e-01 4.83230087e-01 5.28810419e-01 5.63099150e-01 5.87208834e-01 5.98962000e-01 5.98851993e-01 5.86062198e-01 5.61194041e-01 5.25568925e-01 4.82642020e-01 4.37298144e-01 3.94645542e-01 3.58163435e-01 3.29617422e-01 3.07841283e-01 2.91838568e-01 2.78757190e-01 2.66423828e-01 2.56089758e-01 2.44020132e-01 2.32672227e-01 2.21519344e-01 2.10613460e-01 1.98751297e-01 1.89746949e-01 1.79190820e-01 1.67137933e-01 1.57852730e-01 1.45521375e-01 1.33783655e-01 1.26482822e-01 1.07294990e-01 1.14300407e-01 6.13414169e-02 3.69572769e-02 -1.10018992e-02 -7.28118632e-02 -8.22921148e-02 -1.30673134e-01 -1.75450002e-01 -2.08804640e-01 -2.41977467e-01 -2.66082849e-01 -2.86191145e-01 -3.33269543e-01 -4.52355098e-01
1.53000000e+01 -8.24456158e-02 -2.70940222e-02 -9.83841787e-02 -1.17138800e-01 -1.50722898e-01 -1.86091010e-01 -2.22276690e-01 -2.50319949e-01 -2.87161029e-01 -3.24749480e-01 -3.36098727e-01 -3.99558311e-01 -3.80543971e-01 -4.11891886e-01 -4.21130833e-01 -4.19470456e-01 -4.22312713e-01 -4.26032198e-01 -4.18882182e-01 -4.16908646e-01 -4.08368545e-01 -4.03418174e-01 -3.82503574e-01 -3.47815978e-01 -2.96298383e-01 -2.38944547e-01 -1.86945566e-01 -1.57868882e-01 -1.52381992e-01 -1.69897868e-01 -1.92733208e-01 -2.12984135e-01 -2.18155997e-01 -2.14811445e-01 -1.95034726e-01 -1.81449371e-01 -1.62395666e-01 -1.45401081e-01 -1.26317697e-01 -1.11412992e-01 -9.76675528e-02 -7.94009216e-02 -6.10901923e-02 -3.22796579e-02 -3.80143270e-03 3.03791837e-02 6.62262618e-02 1.05727317e-01 1.48958103e-01 1.98574034e-01 2.50368081e-01 3.08491368e-01 3.68486906e-01 4.26734322e-01 4.79542041e-01 5.25492466e-01 5.60162132e-01 5.84521206e-01 5.96306807e-01 5.95996244e-01 5.82830836e-01 5.57490298e-01 5.21477141e-01 4.78293404e-01 4.32939791e-01 3.90460820e-01 3.54255662e-01 3.26061184e-01 3.04630961e-01 2.89033202e-01 2.76364391e-01 2.64413215e-01 2.54593729e-01 2.42895636e-01 2.31951832e-01 2.21296704e-01 2.10579478e-01 1.99348794e-01 1.90448386e-01 1.80313418e-01 1.68731305e-01 1.59524642e-01 1.47728526e-01 1.36150889e-01 1.29713276e-01 1.09609210e-01 1.18010310e-01 6.14289335e-02 3.72336591e-02 -8.95939290e-03 -7.07473799e-02 -8.02871994e-02 -1.27856697e-01 -1.73027655e-01 -2.06559273e-01 -2.40164673e-01 -2.64178868e-01 -2.84728074e-01 -3.32478158e-01 -4.50219818e-01
1.54000000e+01 -8.82028483e-02 -2.87062418e-02 -1.01335313e-01 -1.19609762e-01 -1.52937255e-01 -1.87890923e-01 -2.22867431e-01 -2.50688083e-01 -2.88613802e-01 -3.23528618e-01 -3.36171461e-01 -4.02017821e-01 -3.81494150e-01 -4.12328479e-01 -4.22111234e-01 -4.20041268e-01 -4.23575559e-01 -4.26761285e-01 -4.19943188e-01 -4.16877614e-01 -4.06961864e-01 -4.01454539e-01 -3.78367479e-01 -3.42685230e-01 -2.89447457e-01 -2.32587572e-01 -1.79488599e-01 -1.51891101e-01 -1.45170458e-01 -1.63989421e-01 -1.86294732e-01 -2.07989124e-01 -2.13760792e-01 -2.12044032e-01 -1.92757444e-01 -1.80122991e-01 -1.62252771e-01 -1.44851148e-01 -1.26365770e-01 -1.11822035e-01 -9.79800603e-02 -7.97230596e-02 -6.15831060e-02 -3.32676504e-02 -4.71123137e-03 2.94617447e-02 6.51192851e-02 1.04305454e-01 1.47100019e-01 1.96076866e-01 2.47242632e-01 3.04847302e-01 3.64541103e-01 4.22760167e-01 4.75798902e-01 5.22089412e-01 5.57138413e-01 5.81737453e-01 5.93559166e-01 5.93051624e-01 5.79523209e-01 5.53726297e-01 5.17354158e-01 4.73938642e-01 4.28602534e-01 3.86316195e-01 3.50396636e-01 3.22554829e-01 3.01469227e-01 2.86266810e-01 2.74003134e-01 2.62426773e-01 2.53108923e-01 2.41781358e-01 2.31235787e-01 2.21075318e-01 2.10539917e-01 1.99967475e-01 1.91134188e-01 1.81437482e-01 1.70336535e-01 1.61190353e-01 1.49959896e-01 1.38514729e-01 1.33024736e-01 1.11821055e-01 1.21656919e-01 6.12919352e-02 3.74156797e-02 -6.82824558e-03 -6.85581906e-02 -7.86026898e-02 -1.24854494e-01 -1.70569101e-01 -2.04344555e-01 -2.38272777e-01 -2.62241628e-01 -2.83212425e-01 -3.31646188e-01 -4.48002002e-01
1.55000000e+01 -9.40905292e-02 -3.03740607e-02 -1.04327853e-01 -1.22128232e-01 -1.55140245e-01 -1.89733744e-01 -2.23365671e-01 -2.50977429e-01 -2.90235486e-01 -3.22101448e-01 -3.36311270e-01 -4.04295433e-01 -3.82536877e-01 -4.12681366e-01 -4.23119584e-01 -4.20570622e-01 -4.24755823e-01 -4.27441052e-01 -4.21003977e-01 -4.16715078e-01 -4.05536458e-01 -3.99390148e-01 -3.74214949e-01 -3.37527328e-01 -2.82677675e-01 -2.26296464e-01 -1.72171132e-01 -1.46006813e-01 -1.38089447e-01 -1.58132016e-01 -1.79948032e-01 -2.02971494e-01 -2.09394904e-01 -2.09185855e-01 -1.90505740e-01 -1.78685827e-01 -1.62105810e-01 -1.44296653e-01 -1.26354928e-01 -1.12226062e-01 -9.83057363e-02 -8.00329826e-02 -6.20224687e-02 -3.42672276e-02 -5.60079544e-03 2.85551206e-02 6.40326592e-02 1.02937890e-01 1.45295406e-01 1.93642312e-01 2.44170004e-01 3.01242588e-01 3.60596096e-01 4.18756652e-01 4.72002493e-01 5.18601183e-01 5.54027421e-01 5.78855992e-01 5.90717557e-01 5.90017076e-01 5.76138972e-01 5.49902645e-01 5.13201209e-01 4.69579030e-01 4.24287383e-01 3.82212286e-01 3.46586445e-01 3.19098222e-01 2.98356208e-01 2.83539071e-01 2.71673222e-01 2.60465246e-01 2.51634308e-01 2.40677421e-01 2.30524883e-01 2.20853109e-01 2.10497797e-01 2.00604084e-01 1.91807202e-01 1.82562804e-01 1.71951504e-01 1.62851980e-01 1.52213418e-01 1.40872547e-01 1.36422353e-01 1.13919973e-01 1.25236300e-01 6.09345257e-02 3.75269864e-02 -4.62298351e-03 -6.62425156e-02 -7.72451322e-02 -1.21663709e-01 -1.68075213e-01 -2.02164035e-01 -2.36298134e-01 -2.60275323e-01 -2.81640891e-01 -3.30774545e-01 -4.45699925e-01
1.56000000e+01 -1.00106501e-01 -3.20985562e-02 -1.07358176e-01 -1.24696190e-01 -1.57331788e-01 -1.91613678e-01 -2.23773810e-01 -2.51197444e-01 -2.92010583e-01 -3.20481685e-01 -3.36538733e-01 -4.06365151e-01 -3.83672435e-01 -4.12953180e-01 -4.24159500e-01 -4.21060441e-01 -4.25847068e-01 -4.28076589e-01 -4.22052320e-01 -4.16421422e-01 -4.04097017e-01 -3.97215833e-01 -3.70057525e-01 -3.32335766e-01 -2.76005503e-01 -2.20055277e-01 -1.65014038e-01 -1.40193433e-01 -1.31159392e-01 -1.52308743e-01 -1.73708038e-01 -1.97923109e-01 -2.05068521e-01 -2.06229121e-01 -1.88283883e-01 -1.77140890e-01 -1.61942209e-01 -1.43744338e-01 -1.26285138e-01 -1.12619506e-01 -9.86455867e-02 -8.03324443e-02 -6.24105091e-02 -3.52750272e-02 -6.47024417e-03 2.76569317e-02 6.29638742e-02 1.01623917e-01 1.43542224e-01 1.91271444e-01 2.41150666e-01 2.97679840e-01 3.56654333e-01 4.14725991e-01 4.68154677e-01 5.15027847e-01 5.50828598e-01 5.75875328e-01 5.87780459e-01 5.86891628e-01 5.72677808e-01 5.46020065e-01 5.09019499e-01 4.65215882e-01 4.19995324e-01 3.78149644e-01 3.42825131e-01 3.15691242e-01 2.95291950e-01 2.80849688e-01 2.69374381e-01 2.58529419e-01 2.50168840e-01 2.39583935e-01 2.29819939e-01 2.20627987e-01 2.10456381e-01 2.01254755e-01 1.92470760e-01 1.83689199e-01 1.73574031e-01 1.64512080e-01 1.54486738e-01 1.43221681e-01 1.39910188e-01 1.15895445e-01 1.28744788e-01 6.03619206e-02 3.75930564e-02 -2.36143862e-03 -6.38005508e-02 -7.62132990e-02 -1.18288587e-01 -1.65544598e-01 -2.00020264e-01 -2.34238642e-01 -2.58283368e-01 -2.80010410e-01 -3.29864149e-01 -4.43311857e-01
1.57000000e+01 -1.06248494e-01 -3.38807657e-02 -1.10422833e-01 -1.27315023e-01 -1.59513085e-01 -1.93523261e-01 -2.24094326e-01 -2.51361376e-01 -2.93917983e-01 -3.18686881e-01 -3.36871769e-01 -4.08204235e-01 -3.84898614e-01 -4.13147862e-01 -4.25233304e-01 -4.21513178e-01 -4.26843706e-01 -4.28672319e-01 -4.23075095e-01 -4.15999034e-01 -4.02646404e-01 -3.94924170e-01 -3.65905403e-01 -3.27105661e-01 -2.69445524e-01 -2.13849779e-01 -1.58036203e-01 -1.34430154e-01 -1.24398686e-01 -1.46504704e-01 -1.67587584e-01 -1.92837768e-01 -2.00790032e-01 -2.03168062e-01 -1.86094125e-01 -1.75492891e-01 -1.61749083e-01 -1.43199990e-01 -1.26157351e-01 -1.12996751e-01 -9.90000117e-02 -8.06231852e-02 -6.27504675e-02 -3.62868047e-02 -7.31987974e-03 2.67649363e-02 6.19108837e-02 1.00362451e-01 1.41838350e-01 1.88965173e-01 2.38184980e-01 2.94161468e-01 3.52718345e-01 4.10670402e-01 4.64257334e-01 5.11369622e-01 5.47541389e-01 5.72794075e-01 5.84746352e-01 5.83674387e-01 5.69139424e-01 5.42079398e-01 5.04810187e-01 4.60850538e-01 4.15727304e-01 3.74128754e-01 3.39112705e-01 3.12333764e-01 2.92276427e-01 2.78198396e-01 2.67106252e-01 2.56620106e-01 2.48711493e-01 2.38501000e-01 2.29121761e-01 2.20397934e-01 2.10419060e-01 2.01915132e-01 1.93128532e-01 1.84816535e-01 1.75201909e-01 1.66173632e-01 1.56777312e-01 1.45559538e-01 1.43490951e-01 1.17737163e-01 1.32179025e-01 5.95804792e-02 3.76407736e-02 -6.42550010e-05 -6.12349544e-02 -7.54977043e-02 -1.14740774e-01 -1.62973452e-01 -1.97914762e-01 -2.32093847e-01 -2.56268285e-01 -2.78318262e-01 -3.28915866e-01 -4.40836078e-01
1.58000000e+01 -1.12514145e-01 -3.57216460e-02 -1.13518604e-01 -1.29985489e-01 -1.61686554e-01 -1.95453467e-01 -2.24329776e-01 -2.51486066e-01 -2.95931262e-01 -3.16738466e-01 -3.37324861e-01 -4.09793952e-01 -3.86210609e-01 -4.13270603e-01 -4.26341897e-01 -4.21931889e-01 -4.27741044e-01 -4.29231815e-01 -4.24058603e-01 -4.15452135e-01 -4.01185602e-01 -3.92509691e-01 -3.61767151e-01 -3.21834084e-01 -2.63009970e-01 -2.07668027e-01 -1.51253845e-01 -1.28698678e-01 -1.17823001e-01 -1.40707595e-01 -1.61596979e-01 -1.87711513e-01 -1.96565774e-01 -1.99999117e-01 -1.83936685e-01 -1.73748026e-01 -1.61513581e-01 -1.42668271e-01 -1.25973445e-01 -1.13352258e-01 -9.93687404e-02 -8.09069104e-02 -6.30465554e-02 -3.72975466e-02 -8.15017818e-03 2.58770965e-02 6.08721057e-02 9.91519907e-02 1.40181629e-01 1.86724205e-01 2.35273210e-01 2.90689652e-01 3.48790764e-01 4.06592109e-01 4.60312331e-01 5.07626892e-01 5.44165239e-01 5.69610964e-01 5.81613726e-01 5.80364541e-01 5.65523552e-01 5.38081600e-01 5.00574381e-01 4.56484356e-01 4.11484226e-01 3.70150035e-01 3.35449156e-01 3.09025630e-01 2.89309555e-01 2.75584965e-01 2.64868380e-01 2.54738152e-01 2.47261293e-01 2.37428699e-01 2.28431097e-01 2.20161089e-01 2.10389233e-01 2.02580510e-01 1.93784366e-01 1.85944760e-01 1.76832921e-01 1.67839992e-01 1.59082481e-01 1.47883717e-01 1.47165746e-01 1.19435200e-01 1.35536029e-01 5.85977370e-02 3.76979243e-02 2.24571018e-03 -5.85512773e-02 -7.50803639e-02 -1.11039403e-01 -1.60355545e-01 -1.95847981e-01 -2.29865015e-01 -2.54231604e-01 -2.76562153e-01 -3.27930463e-01 -4.38270893e-01
1.59000000e+01 -1.18900999e-01 -3.76220373e-02 -1.16642542e-01 -1.32707708e-01 -1.63855725e-01 -1.97393846e-01 -2.24482830e-01 -2.51591623e-01 -2.98019167e-01 -3.14661653e-01 -3.37908408e-01 -4.11120209e-01 -3.87600999e-01 -4.13327731e-01 -4.27484677e-01 -4.22320286e-01 -4.28535306e-01 -4.29757644e-01 -4.24988890e-01 -4.14786540e-01 -3.99713735e-01 -3.89969021e-01 -3.57649487e-01 -3.16520311e-01 -2.56708359e-01 -2.01500856e-01 -1.44679928e-01 -1.22983849e-01 -1.11444715e-01 -1.34908177e-01 -1.55743661e-01 -1.82542861e-01 -1.92399851e-01 -1.96721035e-01 -1.81809784e-01 -1.71913727e-01 -1.61223229e-01 -1.42152559e-01 -1.25736152e-01 -1.13680703e-01 -9.97507847e-02 -8.11852590e-02 -6.33038800e-02 -3.83016132e-02 -8.96177252e-03 2.49916428e-02 5.98463973e-02 9.79905704e-02 1.38569947e-01 1.84549005e-01 2.32415537e-01 2.87266331e-01 3.44874323e-01 4.02493344e-01 4.56321502e-01 5.03800229e-01 5.40699591e-01 5.66324859e-01 5.78381082e-01 5.76961359e-01 5.61829948e-01 5.34027735e-01 4.96313123e-01 4.52118715e-01 4.07266925e-01 3.66213842e-01 3.31834456e-01 3.05766627e-01 2.86391208e-01 2.73009208e-01 2.62660207e-01 2.52884421e-01 2.45817357e-01 2.36367090e-01 2.27748602e-01 2.19915840e-01 2.10370181e-01 2.03246003e-01 1.94442130e-01 1.87073914e-01 1.78464870e-01 1.69514845e-01 1.61399537e-01 1.50192167e-01 1.50933807e-01 1.20980172e-01 1.38813275e-01 5.74224404e-02 3.77926196e-02 4.54407319e-03 -5.57582930e-02 -7.49348417e-02 -1.07210896e-01 -1.57682358e-01 -1.93819247e-01 -2.27555160e-01 -2.52173824e-01 -2.74740281e-01 -3.26908555e-01 -4.35614648e-01
1.60000000e+01 -1.25406525e-01 -3.95826326e-02 -1.19792010e-01 -1.35481183e-01 -1.66025095e-01 -1.99332690e-01 -2.24556368e-01 -2.51700959e-01 -3.00146279e-01 -3.12485205e-01 -3.38628219e-01 -4.12174058e-01 -3.89059779e-01 -4.13326549e-01 -4.28659498e-01 -4.22682779e-01 -4.29223638e-01 -4.30251249e-01 -4.25852078e-01 -4.14009386e-01 -3.98228150e-01 -3.87300944e-01 -3.53557142e-01 -3.11165980e-01 -2.50547225e-01 -1.95342251e-01 -1.38323704e-01 -1.17274153e-01 -1.05272462e-01 -1.29100633e-01 -1.50031965e-01 -1.77332933e-01 -1.88294043e-01 -1.93334902e-01 -1.79709760e-01 -1.69998383e-01 -1.60866259e-01 -1.41654810e-01 -1.25448980e-01 -1.13977101e-01 -1.00144412e-01 -8.14597689e-02 -6.35283391e-02 -3.92929030e-02 -9.75543065e-03 2.41071297e-02 5.88330127e-02 9.68757333e-02 1.37001312e-01 1.82439753e-01 2.29612079e-01 2.83893187e-01 3.40971857e-01 3.98376334e-01 4.52286639e-01 4.99890407e-01 5.37143880e-01 5.62934768e-01 5.75046942e-01 5.73464194e-01 5.58058394e-01 5.29918963e-01 4.92027396e-01 4.47754999e-01 4.03076157e-01 3.62320470e-01 3.28268552e-01 3.02556472e-01 2.83521246e-01 2.70470975e-01 2.60481070e-01 2.51059779e-01 2.44378927e-01 2.35316195e-01 2.27074803e-01 2.19660913e-01 2.10364946e-01 2.03906708e-01 1.95105567e-01 1.88204120e-01 1.80095597e-01 1.71202145e-01 1.63725773e-01 1.52483356e-01 1.54792269e-01 1.22363392e-01 1.42008766e-01 5.60645917e-02 3.79526544e-02 6.80567720e-03 -5.28682010e-02 -7.50266032e-02 -1.03288482e-01 -1.54943364e-01 -1.91826695e-01 -2.25169036e-01 -2.50094394e-01 -2.72851373e-01 -3.25850573e-01 -4.32865737e-01
1.61000000e+01 -1.32028115e-01 -4.16039527e-02 -1.22964697e-01 -1.38304855e-01 -1.68199947e-01 -2.01257222e-01 -2.24553605e-01 -2.51839207e-01 -3.02273836e-01 -3.10241055e-01 -3.39485197e-01 -4.12952036e-01 -3.90574487e-01 -4.13275128e-01 -4.29862667e-01 -4.23024493e-01 -4.29804097e-01 -4.30712873e-01 -4.26634680e-01 -4.13128818e-01 -3.96724566e-01 -3.84506391e-01 -3.49492797e-01 -3.05775163e-01 -2.44529973e-01 -1.89189593e-01 -1.32190393e-01 -1.11562077e-01 -9.93108311e-02 -1.23282782e-01 -1.44463013e-01 -1.72085492e-01 -1.84247801e-01 -1.89844079e-01 -1.77631227e-01 -1.68011041e-01 -1.60431920e-01 -1.41175444e-01 -1.25116119e-01 -1.14236935e-01 -1.00547140e-01 -8.17318427e-02 -6.37264904e-02 -4.02650286e-02 -1.05320289e-02 2.32224765e-02 5.78315539e-02 9.58045223e-02 1.35473924e-01 1.80396310e-01 2.26862914e-01 2.80571639e-01 3.37086291e-01 3.94243294e-01 4.48209486e-01 4.95898421e-01 5.33497534e-01 5.59439856e-01 5.71609860e-01 5.69872477e-01 5.54208708e-01 5.25756532e-01 4.87718128e-01 4.43394594e-01 3.98912597e-01 3.58470161e-01 3.24751362e-01 2.99394795e-01 2.80699520e-01 2.67970154e-01 2.58330210e-01 2.49265065e-01 2.42945418e-01 2.34275989e-01 2.26410069e-01 2.19395443e-01 2.10376213e-01 2.04557884e-01 1.95778170e-01 1.89335569e-01 1.81723007e-01 1.72906024e-01 1.66058505e-01 1.54756450e-01 1.58735948e-01 1.23577033e-01 1.45121088e-01 5.45355106e-02 3.82048121e-02 9.00538930e-03 -4.98966860e-02 -7.53136739e-02 -9.93114333e-02 -1.52126450e-01 -1.89867198e-01 -2.22713082e-01 -2.47991749e-01 -2.70894710e-01 -3.24756735e-01 -4.30022616e-01
1.62000000e+01 -1.38763089e-01 -4.36863255e-02 -1.26158630e-01 -1.41177189e-01 -1.70386134e-01 -2.03153818e-01 -2.24478266e-01 -2.52033032e-01 -3.04360649e-01 -3.07963811e-01 -3.40475214e-01 -4.13456322e-01 -3.92130393e-01 -4.13182082e-01 -4.31088987e-01 -4.23351265e-01 -4.30275622e-01 -4.31141511e-01 -4.27323902e-01 -4.12153649e-01 -3.95197273e-01 -3.81588363e-01 -3.45457104e-01 -3.00354327e-01 -2.38656848e-01 -1.83043776e-01 -1.26281013e-01 -1.05844307e-01 -9.35602118e-02 -1.17456160e-01 -1.39034715e-01 -1.66806868e-01 -1.80258322e-01 -1.86254079e-01 -1.75567296e-01 -1.65961100e-01 -1.59910748e-01 -1.40713276e-01 -1.24742327e-01 -1.14456283e-01 -1.00955749e-01 -8.20027170e-02 -6.39053987e-02 -4.12114969e-02 -1.12925217e-02 2.23369841e-02 5.68419261e-02 9.47735042e-02 1.33986222e-01 1.78418181e-01 2.24168116e-01 2.77302841e-01 3.33220627e-01 3.90096423e-01 4.44091721e-01 4.91825501e-01 5.29759965e-01 5.55839454e-01 5.68068431e-01 5.66185719e-01 5.50280750e-01 5.21541760e-01 4.83386204e-01 4.39038878e-01 3.94776829e-01 3.54663106e-01 3.21282767e-01 2.96281139e-01 2.77925895e-01 2.65506654e-01 2.56206796e-01 2.47501037e-01 2.41516449e-01 2.33246383e-01 2.25754602e-01 2.19119028e-01 2.10406218e-01 2.05195114e-01 1.96463084e-01 1.90468495e-01 1.83345095e-01 1.74630688e-01 1.68395101e-01 1.57011495e-01 1.62757178e-01 1.24614292e-01 1.48149433e-01 5.28479223e-02 3.85741222e-02 1.11189151e-02 -4.68628264e-02 -7.57475858e-02 -9.53240433e-02 -1.49218468e-01 -1.87936285e-01 -2.20195326e-01 -2.45863374e-01 -2.68870123e-01 -3.23627033e-01 -4.27083805e-01
1.63000000e+01 -1.45608693e-01 -4.58298718e-02 -1.29372160e-01 -1.44096279e-01 -1.72589838e-01 -2.05008237e-01 -2.24334775e-01 -2.52309841e-01 -3.06364102e-01 -3.05690144e-01 -3.41589172e-01 -4.13694721e-01 -3.93710783e-01 -4.13056299e-01 -4.32331850e-01 -4.23669599e-01 -4.30638005e-01 -4.31534894e-01 -4.27907917e-01 -4.11093011e-01 -3.93639377e-01 -3.78551778e-01 -3.41448797e-01 -2.94912220e-01 -2.32925030e-01 -1.76909171e-01 -1.20592366e-01 -1.00121769e-01 -8.80168071e-02 -1.11625950e-01 -1.33741894e-01 -1.61505797e-01 -1.76320714e-01 -1.82572356e-01 -1.73509826e-01 -1.63858021e-01 -1.59294797e-01 -1.40265492e-01 -1.24332801e-01 -1.14631923e-01 -1.01366316e-01 -8.22734353e-02 -6.40724659e-02 -4.21258889e-02 -1.20379077e-02 2.14503247e-02 5.58643044e-02 9.37788218e-02 1.32536908e-01 1.76504496e-01 2.21527789e-01 2.74087678e-01 3.29377913e-01 3.85937908e-01 4.39934940e-01 4.87673134e-01 5.25930563e-01 5.52133058e-01 5.64421298e-01 5.62403499e-01 5.46274422e-01 5.17276024e-01 4.79032474e-01 4.34689206e-01 3.90669362e-01 3.50899459e-01 3.17862606e-01 2.93214959e-01 2.75200240e-01 2.63080405e-01 2.54109954e-01 2.45768321e-01 2.40091892e-01 2.32227218e-01 2.25108425e-01 2.18831750e-01 2.10456671e-01 2.05814452e-01 1.97163028e-01 1.91603145e-01 1.84959965e-01 1.76380298e-01 1.70732990e-01 1.59249562e-01 1.66845676e-01 1.25469575e-01 1.51093564e-01 5.10160755e-02 3.90830810e-02 1.31236014e-02 -4.37888494e-02 -7.62745830e-02 -9.13743709e-02 -1.46205891e-01 -1.86028059e-01 -2.17625236e-01 -2.43705923e-01 -2.66777964e-01 -3.22461233e-01 -4.24047902e-01
1.64000000e+01 -1.52562108e-01 -4.80345008e-02 -1.32603956e-01 -1.47059973e-01 -1.74817307e-01 -2.06805873e-01 -2.24128473e-01 -2.52696919e-01 -3.08241213e-01 -3.03458078e-01 -3.42813237e-01 -4.13680445e-01 -3.95297314e-01 -4.12906677e-01 -4.33583366e-01 -4.23986608e-01 -4.30891845e-01 -4.31889501e-01 -4.28376099e-01 -4.09955996e-01 -3.92043090e-01 -3.75403263e-01 -3.37464857e-01 -2.89459648e-01 -2.27328838e-01 -1.70793472e-01 -1.15117185e-01 -9.43995056e-02 -8.26727957e-02 -1.05800767e-01 -1.28576524e-01 -1.56193158e-01 -1.72428223e-01 -1.78808057e-01 -1.71449717e-01 -1.61711034e-01 -1.58577813e-01 -1.39827687e-01 -1.23893022e-01 -1.14761423e-01 -1.01774276e-01 -8.25448284e-02 -6.42352492e-02 -4.30020343e-02 -1.27691929e-02 2.05625023e-02 5.48991098e-02 9.28162708e-02 1.31124939e-01 1.74653988e-01 2.18942117e-01 2.70926763e-01 3.25561213e-01 3.81769946e-01 4.35740628e-01 4.83443071e-01 5.22008690e-01 5.48320343e-01 5.60667164e-01 5.58525464e-01 5.42189680e-01 5.12960747e-01 4.74657762e-01 4.30346903e-01 3.86590633e-01 3.47179328e-01 3.14490681e-01 2.90195638e-01 2.72522426e-01 2.60691347e-01 2.52038812e-01 2.44067344e-01 2.38671900e-01 2.31218250e-01 2.24471394e-01 2.18534174e-01 2.10528709e-01 2.06412553e-01 1.97880246e-01 1.92739751e-01 1.86565866e-01 1.78158829e-01 1.73069672e-01 1.61472868e-01 1.70988484e-01 1.26138698e-01 1.53953720e-01 4.90558935e-02 3.97508512e-02 1.49991977e-02 -4.06997351e-02 -7.68370461e-02 -8.75127966e-02 -1.43075553e-01 -1.84135130e-01 -2.15013542e-01 -2.41515351e-01 -2.64619056e-01 -3.21258882e-01 -4.20913583e-01
1.65000000e+01 -1.59620451e-01 -5.02999152e-02 -1.35852969e-01 -1.50065990e-01 -1.77074570e-01 -2.08532014e-01 -2.23865839e-01 -2.53220503e-01 -3.09949770e-01 -3.01306191e-01 -3.44129261e-01 -4.13431724e-01 -3.96870440e-01 -4.12741841e-01 -4.34834537e-01 -4.24309922e-01 -4.31038504e-01 -4.32200605e-01 -4.28719217e-01 -4.08751321e-01 -3.90400037e-01 -3.72150890e-01 -3.33500766e-01 -2.84009185e-01 -2.21860048e-01 -1.64707395e-01 -1.09844421e-01 -8.86863968e-02 -7.75166441e-02 -9.99923253e-02 -1.23528072e-01 -1.50881638e-01 -1.68572534e-01 -1.74971710e-01 -1.69377216e-01 -1.59528877e-01 -1.57755359e-01 -1.39393945e-01 -1.23428600e-01 -1.14843208e-01 -1.02174492e-01 -8.28175016e-02 -6.44012708e-02 -4.38341794e-02 -1.34873488e-02 1.96737907e-02 5.39469909e-02 9.18813941e-02 1.29749502e-01 1.72864987e-01 2.16411394e-01 2.67820438e-01 3.21773569e-01 3.77594765e-01 4.31510134e-01 4.79137325e-01 5.17993683e-01 5.44401152e-01 5.56804800e-01 5.54551325e-01 5.38026532e-01 5.08597379e-01 4.70262878e-01 4.26013245e-01 3.82541018e-01 3.43502782e-01 3.11166749e-01 2.87222505e-01 2.69892300e-01 2.58339426e-01 2.49992540e-01 2.42398283e-01 2.37256945e-01 2.30219148e-01 2.23843208e-01 2.18227323e-01 2.10622874e-01 2.06986773e-01 1.98616478e-01 1.93878509e-01 1.88161214e-01 1.79969936e-01 1.75402730e-01 1.63684835e-01 1.75169961e-01 1.26619105e-01 1.56730459e-01 4.69851529e-02 4.05924687e-02 1.67285491e-02 -3.76226801e-02 -7.73750883e-02 -8.37904336e-02 -1.39815444e-01 -1.82248559e-01 -2.12372002e-01 -2.39287102e-01 -2.62394625e-01 -3.20019332e-01 -4.17679605e-01
1.66000000e+01 -1.66780785e-01 -5.26256248e-02 -1.39118401e-01 -1.53112055e-01 -1.79367159e-01 -2.10172115e-01 -2.23554707e-01 -2.53904843e-01 -3.11449519e-01 -2.99272728e-01 -3.45515344e-01 -4.12971255e-01 -3.98409891e-01 -4.12569863e-01 -4.36075456e-01 -4.24647574e-01 -4.31080056e-01 -4.32462358e-01 -4.28929578e-01 -4.07487018e-01 -3.88701591e-01 -3.68803874e-01 -3.29550792e-01 -2.78574806e-01 -2.16508290e-01 -1.58664265e-01 -1.04759680e-01 -8.29947400e-02 -7.25335538e-02 -9.42149783e-02 -1.18583938e-01 -1.45585326e-01 -1.64744113e-01 -1.71074892e-01 -1.67282235e-01 -1.57319555e-01 -1.56824869e-01 -1.38956976e-01 -1.22945112e-01 -1.14876597e-01 -1.02561357e-01 -8.30918303e-02 -6.45778252e-02 -4.46171440e-02 -1.41932646e-02 1.87846609e-02 5.30087999e-02 9.09695836e-02 1.28409969e-01 1.71135427e-01 2.13936063e-01 2.64768762e-01 3.18017966e-01 3.73414654e-01 4.27244651e-01 4.74758153e-01 5.13884860e-01 5.40375499e-01 5.52833055e-01 5.50480862e-01 5.33785052e-01 5.04187380e-01 4.65848621e-01 4.21689450e-01 3.78520842e-01 3.39869839e-01 3.07890534e-01 2.84294858e-01 2.67309663e-01 2.56024593e-01 2.47970392e-01 2.40761024e-01 2.35847826e-01 2.29229496e-01 2.23223422e-01 2.17912628e-01 2.10739115e-01 2.07535236e-01 1.99372948e-01 1.95019568e-01 1.89744630e-01 1.81816813e-01 1.77729820e-01 1.65890100e-01 1.79371842e-01 1.26910109e-01 1.59424430e-01 4.48236777e-02 4.16180921e-02 1.82981989e-02 -3.45864406e-02 -7.78282701e-02 -8.02574530e-02 -1.36415517e-01 -1.80357828e-01 -2.09713148e-01 -2.37016306e-01 -2.60106211e-01 -3.18741765e-01 -4.14344799e-01
1.67000000e+01 -1.74040113e-01 -5.50109668e-02 -1.42399652e-01 -1.56196026e-01 -1.81699827e-01 -2.11712069e-01 -2.23204465e-01 -2.54771272e-01 -3.12703364e-01 -2.97394656e-01 -3.46946548e-01 -4.12325502e-01 -3.99895201e-01 -4.12397999e-01 -4.37295522e-01 -4.25007856e-01 -4.31019221e-01 -4.32667905e-01 -4.29001113e-01 -4.06170148e-01 -3.86939202e-01 -3.65372243e-01 -3.25608335e-01 -2.73171460e-01 -2.11261530e-01 -1.52679500e-01 -9.98457695e-02 -7.73397023e-02 -6.77060244e-02 -8.84851654e-02 -1.13729973e-01 -1.40319260e-01 -1.60932604e-01 -1.67129871e-01 -1.65154669e-01 -1.55090138e-01 -1.55785657e-01 -1.38508286e-01 -1.22447943e-01 -1.14861797e-01 -1.02928914e-01 -8.33679641e-02 -6.47717873e-02 -4.53464656e-02 -1.48876946e-02 1.78957118e-02 5.20855581e-02 9.00761839e-02 1.27105850e-01 1.69462860e-01 2.11516733e-01 2.61771520e-01 3.14297284e-01 3.69231992e-01 4.22945214e-01 4.70308033e-01 5.09681540e-01 5.36243559e-01 5.48750872e-01 5.46313918e-01 5.29465383e-01 4.99732202e-01 4.61415791e-01 4.17376664e-01 3.74530393e-01 3.36280459e-01 3.04661723e-01 2.81411995e-01 2.64774237e-01 2.53746800e-01 2.45971736e-01 2.39155146e-01 2.34445671e-01 2.28248803e-01 2.22611463e-01 2.17591878e-01 2.10876813e-01 2.08056874e-01 2.00150379e-01 1.96163025e-01 1.91314978e-01 1.83702074e-01 1.80048664e-01 1.68094465e-01 1.83573371e-01 1.27013120e-01 1.62036106e-01 4.25935270e-02 4.28323417e-02 1.96988899e-02 -3.16205879e-02 -7.81373749e-02 -7.69613812e-02 -1.32868483e-01 -1.78450851e-01 -2.07049976e-01 -2.34698008e-01 -2.57755569e-01 -3.17425230e-01 -4.10908064e-01
1.68000000e+01 -1.81395381e-01 -5.74551287e-02 -1.45696277e-01 -1.59316015e-01 -1.84076279e-01 -2.13138494e-01 -2.22826225e-01 -2.55837335e-01 -3.13678538e-01 -2.95706689e-01 -3.48395728e-01 -4.11523892e-01 -4.01306262e-01 -4.12232443e-01 -4.38483673e-01 -4.25399147e-01 -4.30859292e-01 -4.32809539e-01 -4.28929414e-01 -4.04806577e-01 -3.85104719e-01 -3.61866496e-01 -3.21666293e-01 -2.67814616e-01 -2.06106602e-01 -1.46770018e-01 -9.50833474e-02 -7.17386686e-02 -6.30145089e-02 -8.28207825e-02 -1.08951045e-01 -1.35098932e-01 -1.57127241e-01 -1.63149246e-01 -1.62984709e-01 -1.52846599e-01 -1.54638863e-01 -1.38038383e-01 -1.21942146e-01 -1.14799878e-01 -1.03270988e-01 -8.36458343e-02 -6.49894289e-02 -4.60185294e-02 -1.55712030e-02 1.70076192e-02 5.11784051e-02 8.91965887e-02 1.25836748e-01 1.67844491e-01 2.09154172e-01 2.58828235e-01 3.10614260e-01 3.65049259e-01 4.18612708e-01 4.65789621e-01 5.05383069e-01 5.32005652e-01 5.44557296e-01 5.42050403e-01 5.25067749e-01 4.95233265e-01 4.56965198e-01 4.13075953e-01 3.70569926e-01 3.32734535e-01 3.01479978e-01 2.78573241e-01 2.62285639e-01 2.51505997e-01 2.43996082e-01 2.37579919e-01 2.33051917e-01 2.27276520e-01 2.22006643e-01 2.17267149e-01 2.11034819e-01 2.08551432e-01 2.00949008e-01 1.97308924e-01 1.92871411e-01 1.85627653e-01 1.82357020e-01 1.70304780e-01 1.87751490e-01 1.26931879e-01 1.64565481e-01 4.03191499e-02 4.42337692e-02 2.09259561e-02 -2.87547138e-02 -7.82461859e-02 -7.39454359e-02 -1.29170555e-01 -1.76514021e-01 -2.04395628e-01 -2.32327410e-01 -2.55344560e-01 -3.16068676e-01 -4.07368353e-01
1.69000000e+01 -1.88843471e-01 -5.99571747e-02 -1.49007925e-01 -1.62470508e-01 -1.86498924e-01 -2.14439006e-01 -2.22432943e-01 -2.57115994e-01 -3.14347694e-01 -2.94240315e-01 -3.49834443e-01 -4.10597915e-01 -4.02623887e-01 -4.12078121e-01 -4.39628628e-01 -4.25829724e-01 -4.30604054e-01 -4.32878883e-01 -4.28711717e-01 -4.03400787e-01 -3.83190694e-01 -3.58297260e-01 -3.17717441e-01 -2.62519772e-01 -2.01029788e-01 -1.40953580e-01 -9.04516386e-02 -6.62105117e-02 -5.84381385e-02 -7.72404990e-02 -1.04231648e-01 -1.29939777e-01 -1.53317271e-01 -1.59145592e-01 -1.60763127e-01 -1.50593700e-01 -1.53387337e-01 -1.37537010e-01 -1.21432298e-01 -1.14692705e-01 -1.03581340e-01 -8.39251643e-02 -6.52362457e-02 -4.66306836e-02 -1.62441153e-02 1.61211161e-02 5.02885304e-02 8.83263326e-02 1.24602314e-01 1.66277228e-01 2.06849285e-01 2.55938200e-01 3.06971434e-01 3.60869061e-01 4.14247891e-01 4.61205712e-01 5.00988849e-01 5.27662233e-01 5.40251493e-01 5.37690286e-01 5.20592465e-01 4.90691938e-01 4.52497666e-01 4.08788298e-01 3.66639683e-01 3.29231877e-01 2.98344940e-01 2.75777972e-01 2.59843354e-01 2.49302122e-01 2.42043100e-01 2.36034317e-01 2.31668284e-01 2.26312057e-01 2.21408177e-01 2.16940733e-01 2.11211509e-01 2.09019449e-01 2.01768623e-01 1.98457273e-01 1.94413411e-01 1.87594730e-01 1.84652654e-01 1.72528790e-01 1.91881097e-01 1.26672641e-01 1.67011760e-01 3.80274730e-02 4.58145001e-02 2.19795959e-02 -2.60176251e-02 -7.81032064e-02 -7.12469612e-02 -1.25322099e-01 -1.74532309e-01 -2.01763035e-01 -2.29900113e-01 -2.52875037e-01 -3.14670985e-01 -4.03724663e-01
1.70000000e+01 -1.96381196e-01 -6.25160724e-02 -1.52334302e-01 -1.65658463e-01 -1.88968646e-01 -2.15602503e-01 -2.22039484e-01 -2.58614959e-01 -3.14689875e-01 -2.93022864e-01 -3.51233924e-01 -4.09580172e-01 -4.03830364e-01 -4.11938507e-01 -4.40719115e-01 -4.26307555e-01 -4.30257701e-01 -4.32867090e-01 -4.28346834e-01 -4.01955754e-01 -3.81190645e-01 -3.54674951e-01 -3.13754813e-01 -2.57301972e-01 -1.96017396e-01 -1.35248111e-01 -8.59291995e-02 -6.07748145e-02 -5.39554879e-02 -7.17630493e-02 -9.95565139e-02 -1.24856662e-01 -1.49492375e-01 -1.55131115e-01 -1.58481541e-01 -1.48334921e-01 -1.52035479e-01 -1.36993406e-01 -1.20922376e-01 -1.14542837e-01 -1.03853834e-01 -8.42054777e-02 -6.55168019e-02 -4.71813390e-02 -1.69064836e-02 1.52370108e-02 4.94170872e-02 8.74611779e-02 1.23402199e-01 1.64757737e-01 2.04603058e-01 2.53100525e-01 3.03371112e-01 3.56694125e-01 4.09851429e-01 4.56559190e-01 4.96498375e-01 5.23213873e-01 5.35832756e-01 5.33233593e-01 5.16039952e-01 4.86109516e-01 4.48014041e-01 4.04514601e-01 3.62739894e-01 3.25772199e-01 2.95256237e-01 2.73025628e-01 2.57446723e-01 2.47135098e-01 2.40112630e-01 2.34517044e-01 2.30296729e-01 2.25354798e-01 2.20815218e-01 2.16615068e-01 2.11404845e-01 2.09462209e-01 2.02608607e-01 1.99608049e-01 1.95940837e-01 1.89603685e-01 1.86933296e-01 1.74774913e-01 1.95935354e-01 1.26244328e-01 1.69373082e-01 3.57478938e-02 4.75600772e-02 2.28650128e-02 -2.34365538e-02 -7.76632620e-02 -6.88960193e-02 -1.21328169e-01 -1.72489428e-01 -1.99164552e-01 -2.27412362e-01 -2.50348734e-01 -3.13231008e-01 -3.99976026e-01
1.71000000e+01 -2.04005303e-01 -6.51307203e-02 -1.55675117e-01 -1.68879386e-01 -1.91484611e-01 -2.16619432e-01 -2.21662611e-01 -2.60336152e-01 -3.14691341e-01 -2.92076655e-01 -3.52566051e-01 -4.08503408e-01 -4.04909973e-01 -4.11815498e-01 -4.41744109e-01 -4.26840073e-01 -4.29824762e-01 -4.32765067e-01 -4.27835040e-01 -4.00472883e-01 -3.79099285e-01 -3.51009472e-01 -3.09772059e-01 -2.52175329e-01 -1.91056353e-01 -1.29671011e-01 -8.14946958e-02 -5.54510744e-02 -4.95453544e-02 -6.64065256e-02 -9.49112147e-02 -1.19863387e-01 -1.45643059e-01 -1.51117331e-01 -1.56132633e-01 -1.46072443e-01 -1.50589031e-01 -1.36396580e-01 -1.20415652e-01 -1.14353404e-01 -1.04082609e-01 -8.44861068e-02 -6.58345933e-02 -4.76700477e-02 -1.75580766e-02 1.43562405e-02 4.85650945e-02 8.65972030e-02 1.22236009e-01 1.63282519e-01 2.02416490e-01 2.50314190e-01 2.99815312e-01 3.52527295e-01 4.05423938e-01 4.51852976e-01 4.91911265e-01 5.18661245e-01 5.31300522e-01 5.28680399e-01 5.11410749e-01 4.81487199e-01 4.43515196e-01 4.00255679e-01 3.58870788e-01 3.22355102e-01 2.92213487e-01 2.70315720e-01 2.55094931e-01 2.45004814e-01 2.38204694e-01 2.33026568e-01 2.28939407e-01 2.24404119e-01 2.20226887e-01 2.16292660e-01 2.11612438e-01 2.09881669e-01 2.03467986e-01 2.00761223e-01 1.97453955e-01 1.91654080e-01 1.89196614e-01 1.77051993e-01 1.99886046e-01 1.25658609e-01 1.71646276e-01 3.35121584e-02 4.94495261e-02 2.35924023e-02 -2.10364032e-02 -7.68889332e-02 -6.69141875e-02 -1.17198901e-01 -1.70368057e-01 -1.96611590e-01 -2.24861273e-01 -2.47767167e-01 -3.11747590e-01 -3.96121496e-01
1.72000000e+01 -2.11712460e-01 -6.77999746e-02 -1.59030054e-01 -1.72133386e-01 -1.94044120e-01 -2.17482057e-01 -2.21320901e-01 -2.62275344e-01 -3.14346205e-01 -2.91418239e-01 -3.53804320e-01 -4.07399543e-01 -4.05849463e-01 -4.11709328e-01 -4.42693050e-01 -4.27433941e-01 -4.29310026e-01 -4.32563700e-01 -4.27177924e-01 -3.98952004e-01 -3.76912691e-01 -3.47309937e-01 -3.05763781e-01 -2.47152588e-01 -1.86134746e-01 -1.24238492e-01 -7.71276660e-02 -5.02579227e-02 -4.51875193e-02 -6.11876982e-02 -9.02827274e-02 -1.14972234e-01 -1.41761007e-01 -1.47114770e-01 -1.53710334e-01 -1.43807169e-01 -1.49054828e-01 -1.35735594e-01 -1.19914593e-01 -1.14127955e-01 -1.04262256e-01 -8.47662026e-02 -6.61919366e-02 -4.80975554e-02 -1.81983976e-02 1.34799480e-02 4.77333362e-02 8.57308933e-02 1.21103251e-01 1.61847980e-01 2.00290508e-01 2.47578102e-01 2.96305741e-01 3.48371509e-01 4.00966032e-01 4.47089980e-01 4.87227302e-01 5.14005105e-01 5.26654385e-01 5.24030826e-01 5.06705534e-01 4.76826073e-01 4.39002038e-01 3.96012277e-01 3.55032598e-01 3.18980060e-01 2.89216312e-01 2.67647825e-01 2.52787009e-01 2.42911116e-01 2.36319491e-01 2.31561164e-01 2.27598609e-01 2.23459402e-01 2.19642327e-01 2.15975999e-01 2.11831628e-01 2.10280375e-01 2.04345484e-01 2.01916770e-01 1.98953469e-01 1.93744671e-01 1.91440196e-01 1.79369004e-01 2.03703983e-01 1.24929907e-01 1.73826702e-01 3.13541081e-02 5.14556548e-02 2.41767671e-02 -1.88390455e-02 -7.57517667e-02 -6.53136019e-02 -1.12949738e-01 -1.68150141e-01 -1.94114249e-01 -2.22245044e-01 -2.45131549e-01 -3.10219607e-01 -3.92160144e-01
1.73000000e+01 -2.19499258e-01 -7.05226753e-02 -1.62398736e-01 -1.75421196e-01 -1.96642500e-01 -2.18184712e-01 -2.21034575e-01 -2.64421961e-01 -3.13656873e-01 -2.91057779e-01 -3.54924748e-01 -4.06298760e-01 -4.06638456e-01 -4.11618530e-01 -4.43556037e-01 -4.28094817e-01 -4.28718490e-01 -4.32254090e-01 -4.26378191e-01 -3.97391437e-01 -3.74628423e-01 -3.43584445e-01 -3.01725815e-01 -2.42244730e-01 -1.81242331e-01 -1.18964962e-01 -7.28092411e-02 -4.52123849e-02 -4.08634645e-02 -5.61213869e-02 -8.56599444e-02 -1.10193571e-01 -1.37839386e-01 -1.43132728e-01 -1.51209950e-01 -1.41538801e-01 -1.47440518e-01 -1.34999855e-01 -1.19420792e-01 -1.13870295e-01 -1.04387979e-01 -8.50447499e-02 -6.65898886e-02 -4.84658151e-02 -1.88267321e-02 1.26095565e-02 4.69222758e-02 8.48592348e-02 1.20003266e-01 1.60450516e-01 1.98225895e-01 2.44891149e-01 2.92843765e-01 3.44229769e-01 3.96478369e-01 4.42273054e-01 4.82446466e-01 5.09246277e-01 5.21894112e-01 5.19285036e-01 5.01925128e-01 4.72127089e-01 4.34475515e-01 3.91785054e-01 3.51225559e-01 3.15646405e-01 2.86264340e-01 2.65021575e-01 2.50521830e-01 2.40853796e-01 2.34457400e-01 2.30118966e-01 2.26276695e-01 2.22520059e-01 2.19060753e-01 2.15667475e-01 2.12059562e-01 2.10661350e-01 2.05239569e-01 2.03074696e-01 2.00440535e-01 1.95873439e-01 1.93661547e-01 1.81734737e-01 2.07359423e-01 1.24075336e-01 1.75908179e-01 2.93092885e-02 5.35455859e-02 2.46375539e-02 -1.68626876e-02 -7.42332294e-02 -6.40962820e-02 -1.08601468e-01 -1.65817258e-01 -1.91680961e-01 -2.19563144e-01 -2.42442721e-01 -3.08645993e-01 -3.88091053e-01
1.74000000e+01 -2.27362202e-01 -7.32976702e-02 -1.65780706e-01 -1.78744169e-01 -1.99273055e-01 -2.18724035e-01 -2.20825244e-01 -2.66759102e-01 -3.12634252e-01 -2.90998583e-01 -3.55906705e-01 -4.05228663e-01 -4.07269769e-01 -4.11539960e-01 -4.44324014e-01 -4.28827106e-01 -4.28055310e-01 -4.31827773e-01 -4.25439459e-01 -3.95788104e-01 -3.72245580e-01 -3.39839900e-01 -2.97655464e-01 -2.37460644e-01 -1.76370965e-01 -1.13862473e-01 -6.85227937e-02 -4.03292133e-02 -3.65570151e-02 -5.12199082e-02 -8.10341066e-02 -1.05535519e-01 -1.33873095e-01 -1.39179074e-01 -1.48628250e-01 -1.39265944e-01 -1.45754260e-01 -1.34179395e-01 -1.18934923e-01 -1.13584319e-01 -1.04455737e-01 -8.53205884e-02 -6.70282024e-02 -4.87779541e-02 -1.94422147e-02 1.17468161e-02 4.61320034e-02 8.39798019e-02 1.18935175e-01 1.59086576e-01 1.96223208e-01 2.42252232e-01 2.89430399e-01 3.40105091e-01 3.91961708e-01 4.37404948e-01 4.77568963e-01 5.04385636e-01 5.17019657e-01 5.14443228e-01 4.97070513e-01 4.67391054e-01 4.29936628e-01 3.87574586e-01 3.47449917e-01 3.12353319e-01 2.83357223e-01 2.62436645e-01 2.48298123e-01 2.38832581e-01 2.32618959e-01 2.28698020e-01 2.24976020e-01 2.21585553e-01 2.18481499e-01 2.15369299e-01 2.12293280e-01 2.11027979e-01 2.06148512e-01 2.04235047e-01 2.01916757e-01 1.98037641e-01 1.95858107e-01 1.84157469e-01 2.10822532e-01 1.23114548e-01 1.77883012e-01 2.74144156e-02 5.56815181e-02 2.49981131e-02 -1.51213178e-02 -7.23253732e-02 -6.32537634e-02 -1.04180068e-01 -1.63351052e-01 -1.89318161e-01 -2.16816458e-01 -2.39701112e-01 -3.07025769e-01 -3.83913316e-01
1.75000000e+01 -2.35297708e-01 -7.61238360e-02 -1.69175419e-01 -1.82104236e-01 -2.01927074e-01 -2.19099183e-01 -2.20715565e-01 -2.69263743e-01 -3.11297724e-01 -2.91236822e-01 -3.56733625e-01 -4.04213548e-01 -4.07739650e-01 -4.11468854e-01 -4.44988928e-01 -4.29633724e-01 -4.27325779e-01 -4.31276939e-01 -4.24366019e-01 -3.94137703e-01 -3.69764788e-01 -3.36081891e-01 -2.93551675e-01 -2.32806878e-01 -1.71514955e-01 -1.08940267e-01 -6.42544936e-02 -3.56203122e-02 -3.22548861e-02 -4.64926167e-02 -7.63991462e-02 -1.01003712e-01 -1.29858948e-01 -1.35260102e-01 -1.45963493e-01 -1.36986263e-01 -1.44004414e-01 -1.33265132e-01 -1.18456716e-01 -1.13273846e-01 -1.04462357e-01 -8.55924409e-02 -6.75053234e-02 -4.90381917e-02 -2.00439079e-02 1.08938018e-02 4.53622321e-02 8.30908293e-02 1.17897818e-01 1.57752722e-01 1.94282719e-01 2.39660301e-01 2.86066310e-01 3.36000463e-01 3.87416952e-01 4.32488277e-01 4.72595257e-01 4.99424089e-01 5.12031195e-01 5.09505620e-01 4.92142826e-01 4.62618624e-01 4.25386440e-01 3.83381349e-01 3.43705934e-01 3.09099830e-01 2.80494639e-01 2.59892742e-01 2.46114483e-01 2.36847129e-01 2.30804856e-01 2.27296349e-01 2.23698842e-01 2.20655428e-01 2.17904065e-01 2.15083426e-01 2.12529807e-01 2.11383879e-01 2.07070434e-01 2.05397931e-01 2.03384177e-01 2.00233880e-01 1.98027297e-01 1.86644619e-01 2.14063858e-01 1.22069500e-01 1.79742148e-01 2.57067023e-02 5.78216970e-02 2.52850001e-02 -1.36242492e-02 -7.00311939e-02 -6.27670544e-02 -9.97163469e-02 -1.60733714e-01 -1.87029982e-01 -2.14007399e-01 -2.36906708e-01 -3.05358064e-01 -3.79626040e-01
1.76000000e+01 -2.43302095e-01 -7.90000962e-02 -1.72582238e-01 -1.85503828e-01 -2.04593887e-01 -2.19312011e-01 -2.20728824e-01 -2.71907158e-01 -3.09674873e-01 -2.91761453e-01 -3.57393581e-01 -4.03273789e-01 -4.08047907e-01 -4.11398944e-01 -4.45543856e-01 -4.30515875e-01 -4.26535304e-01 -4.30594626e-01 -4.23162594e-01 -3.92434924e-01 -3.67188139e-01 -3.32314634e-01 -2.89415136e-01 -2.28287464e-01 -1.66671304e-01 -1.04204423e-01 -5.99937490e-02 -3.10942788e-02 -2.79471136e-02 -4.19455588e-02 -7.17519238e-02 -9.66011373e-02 -1.25795779e-01 -1.31380462e-01 -1.43215410e-01 -1.34696659e-01 -1.42199219e-01 -1.32249118e-01 -1.17984962e-01 -1.12942473e-01 -1.04405624e-01 -8.58589468e-02 -6.80184262e-02 -4.92517124e-02 -2.06308798e-02 1.00528569e-02 4.46123474e-02 8.21912549e-02 1.16889726e-01 1.56445668e-01 1.92404372e-01 2.37114373e-01 2.82751822e-01 3.31918793e-01 3.82845190e-01 4.27525491e-01 4.67526092e-01 4.94362568e-01 5.06929133e-01 5.04472445e-01 4.87143357e-01 4.57810306e-01 4.20826079e-01 3.79205702e-01 3.39993890e-01 3.05884814e-01 2.77676302e-01 2.57389598e-01 2.43969379e-01 2.34897026e-01 2.29015911e-01 2.25912010e-01 2.22447248e-01 2.19729343e-01 2.17328147e-01 2.14811487e-01 2.12766247e-01 2.11732772e-01 2.08003349e-01 2.06563530e-01 2.04845250e-01 2.02458181e-01 2.00166566e-01 1.89202412e-01 2.17054830e-01 1.20964147e-01 1.81475426e-01 2.42230535e-02 5.99215722e-02 2.55271412e-02 -1.23757707e-02 -6.73646729e-02 -6.26069265e-02 -9.52453770e-02 -1.57948519e-01 -1.84817992e-01 -2.11139976e-01 -2.34059054e-01 -3.03642128e-01 -3.75228345e-01
1.77000000e+01 -2.51371586e-01 -8.19254360e-02 -1.76000450e-01 -1.88945766e-01 -2.07260988e-01 -2.19367226e-01 -2.20888441e-01 -2.74655531e-01 -3.07800951e-01 -2.92554363e-01 -3.57879681e-01 -4.02425380e-01 -4.08197924e-01 -4.11322607e-01 -4.45983113e-01 -4.31472835e-01 -4.25689408e-01 -4.29774888e-01 -4.21834097e-01 -3.90673704e-01 -3.64519062e-01 -3.28540962e-01 -2.85248314e-01 -2.23903842e-01 -1.61839861e-01 -9.96576286e-02 -5.57335176e-02 -2.67560748e-02 -2.36273577e-02 -3.75812493e-02 -6.70923533e-02 -9.23280803e-02 -1.21684480e-01 -1.27543138e-01 -1.40385135e-01 -1.32393475e-01 -1.40346483e-01 -1.31124748e-01 -1.17517537e-01 -1.12593430e-01 -1.04284321e-01 -8.61187012e-02 -6.85634855e-02 -4.94245057e-02 -2.12022733e-02 9.22649095e-03 4.38815034e-02 8.12807276e-02 1.15909105e-01 1.55162309e-01 1.90587743e-01 2.34613547e-01 2.79486937e-01 3.27862859e-01 3.78247734e-01 4.22518856e-01 4.62362515e-01 4.89202007e-01 5.01714144e-01 4.99343934e-01 4.82073538e-01 4.52966464e-01 4.16256735e-01 3.75047878e-01 3.36314084e-01 3.02706990e-01 2.74901964e-01 2.54926968e-01 2.41861175e-01 2.32981785e-01 2.27253057e-01 2.24543150e-01 2.21223069e-01 2.18807105e-01 2.16753659e-01 2.14554745e-01 2.12999877e-01 2.12078352e-01 2.08945211e-01 2.07732105e-01 2.06302801e-01 2.04706077e-01 2.02273468e-01 1.91835552e-01 2.19768269e-01 1.19824049e-01 1.83071943e-01 2.29991484e-02 6.19351052e-02 2.57548992e-02 -1.13749209e-02 -6.43504985e-02 -6.27345356e-02 -9.08057355e-02 -1.54980378e-01 -1.82680978e-01 -2.08219800e-01 -2.31157275e-01 -3.01877340e-01 -3.70719369e-01
1.78000000e+01 -2.59502298e-01 -8.48989152e-02 -1.79429289e-01 -1.92433125e-01 -2.09914213e-01 -2.19272501e-01 -2.21217410e-01 -2.77470760e-01 -3.05718114e-01 -2.93590738e-01 -3.58190292e-01 -4.01679633e-01 -4.08196579e-01 -4.11231060e-01 -4.46302332e-01 -4.32501775e-01 -4.24793729e-01 -4.28812947e-01 -4.20385392e-01 -3.88847513e-01 -3.61762149e-01 -3.24762388e-01 -2.81055418e-01 -2.19654864e-01 -1.57023351e-01 -9.52990773e-02 -5.14704784e-02 -2.26068405e-02 -1.92930670e-02 -3.33985794e-02 -6.24234111e-02 -8.81821561e-02 -1.17527962e-01 -1.23749500e-01 -1.37475089e-01 -1.30072725e-01 -1.38453293e-01 -1.29886944e-01 -1.17051449e-01 -1.12229464e-01 -1.04098246e-01 -8.63702964e-02 -6.91353772e-02 -4.95631899e-02 -2.17573611e-02 8.41725426e-03 4.31687417e-02 8.03595785e-02 1.14953851e-01 1.53899738e-01 1.88832025e-01 2.32157009e-01 2.76271348e-01 3.23835269e-01 3.73626139e-01 4.17470436e-01 4.57105893e-01 4.83943335e-01 4.96387175e-01 4.94120318e-01 4.76934921e-01 4.48087341e-01 4.11679644e-01 3.70907966e-01 3.32666844e-01 2.99564936e-01 2.72171410e-01 2.52504629e-01 2.39788144e-01 2.31100847e-01 2.25517323e-01 2.23188045e-01 2.20027821e-01 2.17888703e-01 2.16180742e-01 2.14314056e-01 2.13228235e-01 2.12424169e-01 2.09893952e-01 2.08904003e-01 2.07759983e-01 2.06972701e-01 2.04345739e-01 1.94546919e-01 2.22178913e-01 1.18675911e-01 1.84520503e-01 2.20684412e-02 6.38161871e-02 2.59990725e-02 -1.06153952e-02 -6.10234714e-02 -6.31023644e-02 -8.64385668e-02 -1.51816421e-01 -1.80614790e-01 -2.05254043e-01 -2.28200129e-01 -3.00063197e-01 -3.66098262e-01
1.79000000e+01 -2.67690243e-01 -8.79196786e-02 -1.82867966e-01 -1.95969058e-01 -2.12537972e-01 -2.19038537e-01 -2.21737697e-01 -2.80311420e-01 -3.03474422e-01 -2.94839659e-01 -3.58329054e-01 -4.01043041e-01 -4.08054045e-01 -4.11114588e-01 -4.46498504e-01 -4.33597619e-01 -4.23854028e-01 -4.27705300e-01 -4.18821074e-01 -3.86949652e-01 -3.58922944e-01 -3.20979209e-01 -2.76842291e-01 -2.15536897e-01 -1.52227299e-01 -9.11245005e-02 -4.72050570e-02 -1.86438570e-02 -1.49455005e-02 -2.93928572e-02 -5.77510294e-02 -8.41584405e-02 -1.13331037e-01 -1.19999407e-01 -1.34488827e-01 -1.27730321e-01 -1.36525750e-01 -1.28532296e-01 -1.16582900e-01 -1.11852727e-01 -1.03848202e-01 -8.66123630e-02 -6.97280012e-02 -4.96748316e-02 -2.22955837e-02 7.62761278e-03 4.24731063e-02 7.94287669e-02 1.14021581e-01 1.52655268e-01 1.87136018e-01 2.29744036e-01 2.73104470e-01 3.19838423e-01 3.68982214e-01 4.12382077e-01 4.51757931e-01 4.78587461e-01 4.90949464e-01 4.88801830e-01 4.71729158e-01 4.43173073e-01 4.07096071e-01 3.66785914e-01 3.29052513e-01 2.96457093e-01 2.69484448e-01 2.50122381e-01 2.37748490e-01 2.29253580e-01 2.23809819e-01 2.21845139e-01 2.18862652e-01 2.16974329e-01 2.15609765e-01 2.14089854e-01 2.13449195e-01 2.12773516e-01 2.10847515e-01 2.10079653e-01 2.09220213e-01 2.09252868e-01 2.06381383e-01 1.97337290e-01 2.24263957e-01 1.17547056e-01 1.85810126e-01 2.14611196e-02 6.55201185e-02 2.62898667e-02 -1.00855960e-02 -5.74276070e-02 -6.36554624e-02 -8.21864919e-02 -1.48446563e-01 -1.78612249e-01 -2.02251343e-01 -2.25186078e-01 -2.98199311e-01 -3.61364190e-01
1.80000000e+01 -2.75931320e-01 -9.09869664e-02 -1.86315717e-01 -1.99556608e-01 -2.15115541e-01 -2.18679085e-01 -2.22469604e-01 -2.83133873e-01 -3.01122641e-01 -2.96264895e-01 -3.58304713e-01 -4.00517310e-01 -4.07783496e-01 -4.10962800e-01 -4.46569998e-01 -4.34752939e-01 -4.22876189e-01 -4.26449798e-01 -4.17145273e-01 -3.84973559e-01 -3.56007690e-01 -3.17190665e-01 -2.72616246e-01 -2.11544001e-01 -1.47459850e-01 -8.71263261e-02 -4.29413084e-02 -1.48606562e-02 -1.05896074e-02 -2.55559774e-02 -5.30838806e-02 -8.02496850e-02 -1.09100241e-01 -1.16291364e-01 -1.31430845e-01 -1.25362299e-01 -1.34568743e-01 -1.27059159e-01 -1.16107371e-01 -1.11464681e-01 -1.03535955e-01 -8.68436060e-02 -7.03344251e-02 -4.97667712e-02 -2.28165698e-02 6.85984416e-03 4.17937294e-02 7.84898132e-02 1.13109662e-01 1.51426450e-01 1.85498130e-01 2.27373986e-01 2.69985464e-01 3.15874484e-01 3.64318022e-01 4.07255407e-01 4.46320678e-01 4.73135259e-01 4.85402540e-01 4.83388724e-01 4.66457967e-01 4.38223719e-01 4.02507284e-01 3.62681527e-01 3.25471455e-01 2.93381789e-01 2.66840893e-01 2.47780055e-01 2.35740368e-01 2.27439285e-01 2.22131723e-01 2.20513053e-01 2.17728314e-01 2.16064399e-01 2.15041314e-01 2.13882147e-01 2.13661035e-01 2.13129346e-01 2.11803890e-01 2.11259555e-01 2.10687111e-01 2.11541173e-01 2.08378761e-01 2.00205097e-01 2.26003581e-01 1.16464849e-01 1.86930590e-01 2.12030676e-02 6.70051014e-02 2.66558731e-02 -9.76883021e-03 -5.36149565e-02 -6.43329534e-02 -7.80923963e-02 -1.44864064e-01 -1.76663128e-01 -1.99221634e-01 -2.22113390e-01 -2.96285385e-01 -3.56516322e-01
1.81000000e+01 -2.84221314e-01 -9.41001208e-02 -1.89771842e-01 -2.03198495e-01 -2.17629396e-01 -2.18210909e-01 -2.23431126e-01 -2.85893483e-01 -2.98718869e-01 -2.97825900e-01 -3.58130744e-01 -4.00099556e-01 -4.07400717e-01 -4.10764918e-01 -4.46516540e-01 -4.35957919e-01 -4.21866215e-01 -4.25045700e-01 -4.15361482e-01 -3.82913111e-01 -3.53023069e-01 -3.13395129e-01 -2.68385839e-01 -2.07668190e-01 -1.42731486e-01 -8.32939571e-02 -3.86866621e-02 -1.12472723e-02 -6.23376965e-03 -2.18767146e-02 -4.84330606e-02 -7.64466081e-02 -1.04843595e-01 -1.12622719e-01 -1.28306369e-01 -1.22965040e-01 -1.32585774e-01 -1.25467706e-01 -1.15619720e-01 -1.11066013e-01 -1.03164186e-01 -8.70628289e-02 -7.09470458e-02 -4.98464552e-02 -2.33201394e-02 6.11596270e-03 4.11298740e-02 7.75447282e-02 1.12215257e-01 1.50211103e-01 1.83916392e-01 2.25046288e-01 2.66913274e-01 3.11945351e-01 3.59635865e-01 4.02091831e-01 4.40796533e-01 4.67587566e-01 4.79748221e-01 4.77881293e-01 4.61123095e-01 4.33239291e-01 3.97914531e-01 3.58594479e-01 3.21924035e-01 2.90337264e-01 2.64240540e-01 2.45477511e-01 2.33761907e-01 2.25657198e-01 2.20484257e-01 2.19190600e-01 2.16625146e-01 2.15159558e-01 2.14476179e-01 2.13690530e-01 2.13862484e-01 2.13494196e-01 2.12761136e-01 2.12444265e-01 2.12164420e-01 2.13832075e-01 2.10336669e-01 2.03146228e-01 2.27381470e-01 1.15456079e-01 1.87872976e-01 2.13148779e-02 6.82336880e-02 2.71230911e-02 -9.64365093e-03 -4.96441830e-02 -6.50697624e-02 -7.41981369e-02 -1.41066027e-01 -1.74754213e-01 -1.96175945e-01 -2.18980255e-01 -2.94321196e-01 -3.51553839e-01
1.82000000e+01 -2.92555894e-01 -9.72585914e-02 -1.93235754e-01 -2.06896898e-01 -2.20061592e-01 -2.17653684e-01 -2.24637312e-01 -2.88545898e-01 -2.96321038e-01 -2.99478953e-01 -3.57824807e-01 -3.99782664e-01 -4.06923632e-01 -4.10510087e-01 -4.46339152e-01 -4.37200370e-01 -4.20830212e-01 -4.23493672e-01 -4.13472435e-01 -3.80762899e-01 -3.49975927e-01 -3.09590335e-01 -2.64160596e-01 -2.03899758e-01 -1.38054657e-01 -7.96141602e-02 -3.44515420e-02 -7.79062282e-03 -1.88941969e-03 -1.83411260e-02 -4.38116840e-02 -7.27382529e-02 -1.00570313e-01 -1.08989900e-01 -1.25121126e-01 -1.20535470e-01 -1.30578834e-01 -1.23759933e-01 -1.15114298e-01 -1.10656573e-01 -1.02736422e-01 -8.72689382e-02 -7.15577707e-02 -4.99212745e-02 -2.38062974e-02 5.39767217e-03 4.04809377e-02 7.65959459e-02 1.11335356e-01 1.49007338e-01 1.82388479e-01 2.22760414e-01 2.63886664e-01 3.08052638e-01 3.54938258e-01 3.96892545e-01 4.35188239e-01 4.61945177e-01 4.73988610e-01 4.72279899e-01 4.55726280e-01 4.28219785e-01 3.93319003e-01 3.54524332e-01 3.18410609e-01 2.87321708e-01 2.61683134e-01 2.43214644e-01 2.31811230e-01 2.23906497e-01 2.18868674e-01 2.17876783e-01 2.15553076e-01 2.14260677e-01 2.13915326e-01 2.13514215e-01 2.14052747e-01 2.13870152e-01 2.13717411e-01 2.13634372e-01 2.13655926e-01 2.16119984e-01 2.12254416e-01 2.06153884e-01 2.28385297e-01 1.14546341e-01 1.88630194e-01 2.18109559e-02 6.91741380e-02 2.77140259e-02 -9.68433343e-03 -4.55789324e-02 -6.57985090e-02 -7.05432099e-02 -1.37053846e-01 -1.72869450e-01 -1.93126125e-01 -2.15784913e-01 -2.92306569e-01 -3.46475924e-01
1.83000000e+01 -3.00930613e-01 -1.00461937e-01 -1.96707024e-01 -2.10653225e-01 -2.22394183e-01 -2.17029833e-01 -2.26099672e-01 -2.91048371e-01 -2.93987329e-01 -3.01178438e-01 -3.57408036e-01 -3.99555781e-01 -4.06371762e-01 -4.10187702e-01 -4.46040064e-01 -4.38465822e-01 -4.19774350e-01 -4.21795771e-01 -4.11480012e-01 -3.78518477e-01 -3.46873009e-01 -3.05773617e-01 -2.59950712e-01 -2.00227659e-01 -1.33443340e-01 -7.60715466e-02 -3.02488790e-02 -4.47500315e-03 2.42945081e-03 -1.49330502e-02 -3.92344057e-02 -6.91123947e-02 -9.62904882e-02 -1.05388666e-01 -1.21881104e-01 -1.18071230e-01 -1.28548338e-01 -1.21939607e-01 -1.14585076e-01 -1.10235325e-01 -1.02256965e-01 -8.74609277e-02 -7.21582176e-02 -4.99984028e-02 -2.42752229e-02 4.70633977e-03 3.98464282e-02 7.56462541e-02 1.10466829e-01 1.47813586e-01 1.80911738e-01 2.20515850e-01 2.60904264e-01 3.04197654e-01 3.50227897e-01 3.91658550e-01 4.29498865e-01 4.56208856e-01 4.68126080e-01 4.66584999e-01 4.50269219e-01 4.23165214e-01 3.88721815e-01 3.50470556e-01 3.14931502e-01 2.84333307e-01 2.59168330e-01 2.40991391e-01 2.29886472e-01 2.22186309e-01 2.17286230e-01 2.16570801e-01 2.14511637e-01 2.13368836e-01 2.13359873e-01 2.13352065e-01 2.14231513e-01 2.14258825e-01 2.14670990e-01 2.14830472e-01 2.15165363e-01 2.18399349e-01 2.14131875e-01 2.09218490e-01 2.29007135e-01 1.13759423e-01 1.89197468e-01 2.26987483e-02 6.98016336e-02 2.84468935e-02 -9.86147085e-03 -4.14860535e-02 -6.64515056e-02 -6.71634277e-02 -1.32833558e-01 -1.70990179e-01 -1.90084533e-01 -2.12525806e-01 -2.90241348e-01 -3.41281777e-01
1.84000000e+01 -3.09340911e-01 -1.03709824e-01 -2.00185417e-01 -2.14467896e-01 -2.24609660e-01 -2.16364301e-01 -2.27825628e-01 -2.93361076e-01 -2.91774546e-01 -3.02878198e-01 -3.56904195e-01 -3.99404943e-01 -4.05765619e-01 -4.09787748e-01 -4.45622577e-01 -4.39737675e-01 -4.18704809e-01 -4.19955384e-01 -4.09385196e-01 -3.76176574e-01 -3.43720706e-01 -3.01942164e-01 -2.55766714e-01 -1.96639926e-01 -1.28912538e-01 -7.26491285e-02 -2.60935352e-02 -1.28267351e-03 6.70687176e-03 -1.16346823e-02 -3.47168877e-02 -6.55559851e-02 -9.20147417e-02 -1.01814378e-01 -1.18592331e-01 -1.15570817e-01 -1.26493121e-01 -1.20012174e-01 -1.14025784e-01 -1.09800321e-01 -1.01730815e-01 -8.76378402e-02 -7.27399259e-02 -5.00846343e-02 -2.47272623e-02 4.04298497e-03 3.92259290e-02 7.46987182e-02 1.09606480e-01 1.46628605e-01 1.79483222e-01 2.18312060e-01 2.57964618e-01 3.00381386e-01 3.45507615e-01 3.86390681e-01 4.23731782e-01 4.50379362e-01 4.62163254e-01 4.60797185e-01 4.44753523e-01 4.18075645e-01 3.84123963e-01 3.46432558e-01 3.11486988e-01 2.81370288e-01 2.56695652e-01 2.38807733e-01 2.27985802e-01 2.20495714e-01 2.15738160e-01 2.15272051e-01 2.13499983e-01 2.12485301e-01 2.12811056e-01 2.13202651e-01 2.14398944e-01 2.14661363e-01 2.15620285e-01 2.16033139e-01 2.16696316e-01 2.20664739e-01 2.15969512e-01 2.12327678e-01 2.29243805e-01 1.13116750e-01 1.89572754e-01 2.39781259e-02 7.00993115e-02 2.93349562e-02 -1.01426700e-02 -3.74337184e-02 -6.69627959e-02 -6.40896501e-02 -1.28416090e-01 -1.69095451e-01 -1.87063691e-01 -2.09201726e-01 -2.88125360e-01 -3.35970616e-01
1.85000000e+01 -3.17782120e-01 -1.07002027e-01 -2.03670923e-01 -2.18340135e-01 -2.26691415e-01 -2.15684258e-01 -2.29818060e-01 -2.95448358e-01 -2.89736508e-01 -3.04532942e-01 -3.56338734e-01 -3.99313801e-01 -4.05126072e-01 -4.09301135e-01 -4.45090898e-01 -4.40997425e-01 -4.17627702e-01 -4.17977141e-01 -4.07188070e-01 -3.73735259e-01 -3.40524830e-01 -2.98093268e-01 -2.51619122e-01 -1.93124114e-01 -1.24477745e-01 -6.93289301e-02 -2.20016626e-02 1.80548567e-03 1.09255418e-02 -8.42720369e-03 -3.02752296e-02 -6.20556167e-02 -8.77538715e-02 -9.82622585e-02 -1.15260649e-01 -1.13033691e-01 -1.24410490e-01 -1.17984605e-01 -1.13430052e-01 -1.09348709e-01 -1.01163565e-01 -8.77987157e-02 -7.32945693e-02 -5.01862244e-02 -2.51629294e-02 3.40827938e-03 3.86190654e-02 7.37565928e-02 1.08751127e-01 1.45451487e-01 1.78099721e-01 2.16148448e-01 2.55066233e-01 2.96604482e-01 3.40780341e-01 3.81089641e-01 4.17890622e-01 4.44457476e-01 4.56102979e-01 4.54917208e-01 4.39180697e-01 4.12951228e-01 3.79526297e-01 3.42409711e-01 3.08077258e-01 2.78430972e-01 2.54264458e-01 2.36663697e-01 2.26107442e-01 2.18833762e-01 2.14225644e-01 2.13980141e-01 2.12516922e-01 2.11611493e-01 2.12270189e-01 2.13064314e-01 2.14555638e-01 2.15078481e-01 2.16563861e-01 2.17242901e-01 2.18252126e-01 2.22910912e-01 2.17768386e-01 2.15466350e-01 2.29097122e-01 1.12636877e-01 1.89757097e-01 2.56409468e-02 7.00590745e-02 3.03860121e-02 -1.04933261e-02 -3.34895036e-02 -6.72701685e-02 -6.13466188e-02 -1.23817379e-01 -1.67162434e-01 -1.84075901e-01 -2.05811970e-01 -2.85958389e-01 -3.30541685e-01
1.86000000e+01 -3.26249469e-01 -1.10338422e-01 -2.07163775e-01 -2.22267773e-01 -2.28624207e-01 -2.15018735e-01 -2.32074943e-01 -2.97279905e-01 -2.87922502e-01 -3.06099641e-01 -3.55737772e-01 -3.99264418e-01 -4.04473679e-01 -4.08720032e-01 -4.44449940e-01 -4.42224952e-01 -4.16548983e-01 -4.15866794e-01 -4.04887862e-01 -3.71194054e-01 -3.37290423e-01 -2.94224568e-01 -2.47518106e-01 -1.89667750e-01 -1.20154383e-01 -6.60926296e-02 -1.79900227e-02 4.80927569e-03 1.50675165e-02 -5.29144318e-03 -2.59253857e-02 -5.85979906e-02 -8.35185019e-02 -9.47276549e-02 -1.11891529e-01 -1.10460335e-01 -1.22296339e-01 -1.15865213e-01 -1.12791554e-01 -1.08876767e-01 -1.00561294e-01 -8.79425334e-02 -7.38141603e-02 -5.03087416e-02 -2.55829109e-02 2.80255673e-03 3.80254779e-02 7.28232207e-02 1.07897689e-01 1.44281646e-01 1.76757792e-01 2.14024317e-01 2.52207631e-01 2.92867235e-01 3.36049051e-01 3.75756039e-01 4.11979232e-01 4.38444049e-01 4.49948294e-01 4.48946014e-01 4.33552108e-01 4.07792220e-01 3.74929486e-01 3.38401387e-01 3.04702392e-01 2.75513826e-01 2.51873908e-01 2.34559343e-01 2.24249681e-01 2.17199472e-01 2.12749775e-01 2.12694904e-01 2.11560951e-01 2.10748948e-01 2.11738624e-01 2.12935239e-01 2.14702583e-01 2.15510504e-01 2.17500447e-01 2.18460217e-01 2.19835787e-01 2.25132875e-01 2.19530125e-01 2.18616814e-01 2.28574032e-01 1.12335071e-01 1.89754883e-01 2.76708214e-02 6.96821502e-02 3.16020526e-02 -1.08774538e-02 -2.97184868e-02 -6.73170819e-02 -5.89519369e-02 -1.19058358e-01 -1.65166896e-01 -1.81132844e-01 -2.02356494e-01 -2.83740144e-01 -3.24994269e-01
1.87000000e+01 -3.34738092e-01 -1.13718989e-01 -2.10664457e-01 -2.26247096e-01 -2.30394621e-01 -2.14398199e-01 -2.34589107e-01 -2.98831767e-01 -2.86375862e-01 -3.07538869e-01 -3.55127066e-01 -3.99238107e-01 -4.03828033e-01 -4.08038184e-01 -4.43705094e-01 -4.43398861e-01 -4.15474322e-01 -4.13631084e-01 -4.02483018e-01 -3.68554002e-01 -3.34021601e-01 -2.90334262e-01 -2.43473157e-01 -1.86258776e-01 -1.15957255e-01 -6.29222092e-02 -1.40752915e-02 7.74846577e-03 1.91149123e-02 -2.20854446e-03 -2.16825874e-02 -5.51703727e-02 -7.93187484e-02 -9.12062671e-02 -1.08489904e-01 -1.07852274e-01 -1.20145311e-01 -1.13663416e-01 -1.12104148e-01 -1.08379984e-01 -9.99304259e-02 -8.80681582e-02 -7.42912350e-02 -5.04569373e-02 -2.59880735e-02 2.22583281e-03 3.74448002e-02 7.19019235e-02 1.07043285e-01 1.43118796e-01 1.75453783e-01 2.11938847e-01 2.49387387e-01 2.89169570e-01 3.31316731e-01 3.70390432e-01 4.06001618e-01 4.32340049e-01 4.43702382e-01 4.42884779e-01 4.27868973e-01 4.02599004e-01 3.70333983e-01 3.34406986e-01 3.01362321e-01 2.72617510e-01 2.49522941e-01 2.32494755e-01 2.22410911e-01 2.15591847e-01 2.11311527e-01 2.11416412e-01 2.10630296e-01 2.09899284e-01 2.11217709e-01 2.12813530e-01 2.14841098e-01 2.15957431e-01 2.18428943e-01 2.19685467e-01 2.21449858e-01 2.27325920e-01 2.21256866e-01 2.21758994e-01 2.27686653e-01 1.12222975e-01 1.89573998e-01 3.00431067e-02 6.89793736e-02 3.29791025e-02 -1.12585555e-02 -2.61814176e-02 -6.70544375e-02 -5.69152361e-02 -1.14164786e-01 -1.63083759e-01 -1.78245174e-01 -1.98836054e-01 -2.81470229e-01 -3.19327692e-01
1.88000000e+01 -3.43243038e-01 -1.17143811e-01 -2.14173694e-01 -2.30272709e-01 -2.31991521e-01 -2.13854073e-01 -2.37348144e-01 -3.00087211e-01 -2.85132696e-01 -3.08816048e-01 -3.54530998e-01 -3.99216267e-01 -4.03207138e-01 -4.07251190e-01 -4.42861983e-01 -4.44496873e-01 -4.14408983e-01 -4.11277577e-01 -3.99971326e-01 -3.65817683e-01 -3.30721454e-01 -2.86421307e-01 -2.39492786e-01 -1.82885967e-01 -1.11900005e-01 -5.98005872e-02 -1.02733769e-02 1.06420905e-02 2.30505987e-02 8.39384594e-04 -1.75607942e-02 -5.17610215e-02 -7.51639118e-02 -8.76943551e-02 -1.05060041e-01 -1.05212051e-01 -1.17951015e-01 -1.11389476e-01 -1.11361999e-01 -1.07853163e-01 -9.92775657e-02 -8.81742971e-02 -7.47190190e-02 -5.06346415e-02 -2.63794671e-02 1.67783449e-03 3.68766419e-02 7.09958927e-02 1.06185344e-01 1.41962916e-01 1.74183855e-01 2.09891065e-01 2.46604176e-01 2.85511028e-01 3.26586332e-01 3.64993377e-01 3.99961890e-01 4.26146613e-01 4.37368534e-01 4.36734931e-01 4.22132356e-01 3.97372091e-01 3.65740009e-01 3.30425966e-01 2.98056795e-01 2.69740922e-01 2.47210266e-01 2.30470002e-01 2.20589649e-01 2.14009886e-01 2.09911723e-01 2.10144983e-01 2.09722968e-01 2.09064151e-01 2.10708744e-01 2.12697293e-01 2.14972758e-01 2.16418998e-01 2.19348434e-01 2.20918937e-01 2.23096393e-01 2.29485636e-01 2.22951176e-01 2.24870722e-01 2.26452209e-01 1.12308360e-01 1.89225853e-01 3.27251468e-02 6.79711720e-02 3.45072521e-02 -1.16005070e-02 -2.29330117e-02 -6.64421434e-02 -5.52375658e-02 -1.09166927e-01 -1.60887709e-01 -1.75422113e-01 -1.95252330e-01 -2.79148137e-01 -3.13541331e-01
1.89000000e+01 -3.51759285e-01 -1.20613076e-01 -2.17692426e-01 -2.34337449e-01 -2.33406459e-01 -2.13418195e-01 -2.40334449e-01 -3.01037367e-01 -2.84220835e-01 -3.09902531e-01 -3.53971631e-01 -3.99181179e-01 -4.02626836e-01 -4.06356749e-01 -4.41926212e-01 -4.45496243e-01 -4.13357670e-01 -4.08814493e-01 -3.97350060e-01 -3.62989178e-01 -3.27391977e-01 -2.82485567e-01 -2.35584257e-01 -1.79539309e-01 -1.07994632e-01 -5.67122101e-02 -6.59877456e-03 1.35077840e-02 2.68588547e-02 3.86866543e-03 -1.35721914e-02 -4.83595723e-02 -7.10622107e-02 -8.41889041e-02 -1.01605459e-01 -1.02543163e-01 -1.15706268e-01 -1.09054222e-01 -1.10559687e-01 -1.07290563e-01 -9.86093228e-02 -8.82594684e-02 -7.50915734e-02 -5.08446818e-02 -2.67583220e-02 1.15803501e-03 3.63205732e-02 7.01080869e-02 1.05321705e-01 1.40814209e-01 1.72943991e-01 2.07879838e-01 2.43856787e-01 2.81890766e-01 3.21860733e-01 3.59565482e-01 3.93864196e-01 4.19865097e-01 4.30950093e-01 4.30498176e-01 4.16343171e-01 3.92112114e-01 3.61147537e-01 3.26457869e-01 2.94785341e-01 2.66883237e-01 2.44934365e-01 2.28485100e-01 2.18784577e-01 2.12452587e-01 2.08551007e-01 2.08881188e-01 2.08836823e-01 2.08245195e-01 2.10212945e-01 2.12584708e-01 2.15099323e-01 2.16894742e-01 2.20258182e-01 2.22160820e-01 2.24776877e-01 2.31607896e-01 2.24615952e-01 2.27928093e-01 2.24892849e-01 1.12594982e-01 1.88725279e-01 3.56767762e-02 6.66872429e-02 3.61708896e-02 -1.18684445e-02 -2.00204184e-02 -6.54504172e-02 -5.39110339e-02 -1.04099074e-01 -1.58553853e-01 -1.72671062e-01 -1.91608030e-01 -2.76773240e-01 -3.07634609e-01
1.90000000e+01 -3.60281749e-01 -1.24127087e-01 -2.21221767e-01 -2.38432351e-01 -2.34634061e-01 -2.13122240e-01 -2.43525426e-01 -3.01681638e-01 -2.83659021e-01 -3.10776510e-01 -3.53467872e-01 -3.99116738e-01 -4.02100311e-01 -4.05354857e-01 -4.40903105e-01 -4.46374213e-01 -4.12324379e-01 -4.06250527e-01 -3.94616154e-01 -3.60073988e-01 -3.24034065e-01 -2.78527930e-01 -2.31753367e-01 -1.76210328e-01 -1.04251046e-01 -5.36435818e-02 -3.06398478e-03 1.63611759e-02 3.05259655e-02 6.89350656e-03 -9.72675395e-03 -4.49573655e-02 -6.70205619e-02 -8.06877474e-02 -9.81288860e-02 -9.98499428e-02 -1.13403382e-01 -1.06668751e-01 -1.09692303e-01 -1.06686062e-01 -9.79321179e-02 -8.83219842e-02 -7.54039261e-02 -5.10888253e-02 -2.71260390e-02 6.65691569e-04 3.57761161e-02 6.92411416e-02 1.04450719e-01 1.39673048e-01 1.71730016e-01 2.05903868e-01 2.41144146e-01 2.78307551e-01 3.17142699e-01 3.54107461e-01 3.87712665e-01 4.13497123e-01 4.24450416e-01 4.24176513e-01 4.10502199e-01 3.86819815e-01 3.56556295e-01 3.22502338e-01 2.91547226e-01 2.64043939e-01 2.42693505e-01 2.26539970e-01 2.16994577e-01 2.10918966e-01 2.07229819e-01 2.07625839e-01 2.07969627e-01 2.07444014e-01 2.09731408e-01 2.12474101e-01 2.15222655e-01 2.17384066e-01 2.21157641e-01 2.23411212e-01 2.26492199e-01 2.33688828e-01 2.26254292e-01 2.30905874e-01 2.23035385e-01 1.13082526e-01 1.88090276e-01 3.88510832e-02 6.51659228e-02 3.79491365e-02 -1.20296326e-02 -1.74819022e-02 -6.40607830e-02 -5.29187188e-02 -9.89989269e-02 -1.56058405e-01 -1.69997249e-01 -1.87906962e-01 -2.74344802e-01 -3.01607005e-01
1.91000000e+01 -3.68805301e-01 -1.27686265e-01 -2.24762935e-01 -2.42546656e-01 -2.35672351e-01 -2.12997106e-01 -2.46893849e-01 -3.02027867e-01 -2.83456372e-01 -3.11423691e-01 -3.53034777e-01 -3.99009075e-01 -4.01637694e-01 -4.04247936e-01 -4.39797467e-01 -4.47108459e-01 -4.11312234e-01 -4.03594664e-01 -3.91766394e-01 -3.57078903e-01 -3.20647549e-01 -2.74550382e-01 -2.28004275e-01 -1.72892361e-01 -1.00676711e-01 -5.05837115e-02 3.20986280e-04 1.92153697e-02 3.40407387e-02 9.92554426e-03 -6.03189234e-03 -4.15477066e-02 -6.30444173e-02 -7.71896399e-02 -9.46322681e-02 -9.71374147e-02 -1.11034456e-01 -1.04244138e-01 -1.08755506e-01 -1.06033347e-01 -9.72519891e-02 -8.83599412e-02 -7.56521924e-02 -5.13677377e-02 -2.74841736e-02 1.99881235e-04 3.52427446e-02 6.83972938e-02 1.03571326e-01 1.38539926e-01 1.70537609e-01 2.03961701e-01 2.38465306e-01 2.74759781e-01 3.12434847e-01 3.48620199e-01 3.81511350e-01 4.07044623e-01 4.17872830e-01 4.17772238e-01 4.04610118e-01 3.81496010e-01 3.51965787e-01 3.18559130e-01 2.88341432e-01 2.61222840e-01 2.40485764e-01 2.24634378e-01 2.15218773e-01 2.09408058e-01 2.05948361e-01 2.06379979e-01 2.07119129e-01 2.06662116e-01 2.09265086e-01 2.12364001e-01 2.15344649e-01 2.17886294e-01 2.22046449e-01 2.24670105e-01 2.28242640e-01 2.35724768e-01 2.27869359e-01 2.33777979e-01 2.20910910e-01 1.13766650e-01 1.87341634e-01 4.21954219e-02 6.34532571e-02 3.98164789e-02 -1.20542946e-02 -1.53457783e-02 -6.22667294e-02 -5.22348652e-02 -9.39068204e-02 -1.53379383e-01 -1.67403412e-01 -1.84154066e-01 -2.71862003e-01 -2.95458049e-01
1.92000000e+01 -3.77324778e-01 -1.31291160e-01 -2.28317175e-01 -2.46667879e-01 -2.36523023e-01 -2.13072282e-01 -2.50408379e-01 -3.02092231e-01 -2.83612148e-01 -3.11837710e-01 -3.52683032e-01 -3.98847066e-01 -4.01245769e-01 -4.03040896e-01 -4.38613352e-01 -4.47677552e-01 -4.10323329e-01 -4.00855994e-01 -3.88797629e-01 -3.54011842e-01 -3.17231282e-01 -2.70556023e-01 -2.24339399e-01 -1.69580749e-01 -9.72763609e-02 -4.75244649e-02 3.54902503e-03 2.20805222e-02 3.73949213e-02 1.29734814e-02 -2.49219068e-03 -3.81260500e-02 -5.91376617e-02 -7.36942844e-02 -9.11168192e-02 -9.44111076e-02 -1.08591686e-01 -1.01791150e-01 -1.07745565e-01 -1.05326112e-01 -9.65744015e-02 -8.83712206e-02 -7.58336802e-02 -5.16809572e-02 -2.78344164e-02 -2.40468578e-04 3.47198972e-02 6.75783227e-02 1.02683121e-01 1.37415391e-01 1.69362331e-01 2.02051736e-01 2.35819426e-01 2.71245504e-01 3.07739601e-01 3.43104803e-01 3.75264176e-01 4.00509869e-01 4.11220600e-01 4.11287949e-01 3.98667533e-01 3.76141569e-01 3.47375318e-01 3.14628121e-01 2.85166628e-01 2.58420076e-01 2.38309062e-01 2.22767894e-01 2.13456564e-01 2.07918939e-01 2.04706571e-01 2.05144860e-01 2.06283131e-01 2.05900885e-01 2.08814767e-01 2.12253187e-01 2.15467154e-01 2.18400722e-01 2.22924434e-01 2.25937388e-01 2.30027873e-01 2.37712215e-01 2.29464210e-01 2.36517972e-01 2.18554344e-01 1.14639128e-01 1.86502424e-01 4.56526437e-02 6.16017967e-02 4.17435769e-02 -1.19163804e-02 -1.36296322e-02 -6.00740040e-02 -5.18253649e-02 -8.88648402e-02 -1.50497299e-01 -1.64889552e-01 -1.80355421e-01 -2.69323964e-01 -2.89187322e-01
1.93000000e+01 -3.85834995e-01 -1.34942463e-01 -2.31885656e-01 -2.50781938e-01 -2.37191630e-01 -2.13375207e-01 -2.54034221e-01 -3.01898885e-01 -2.84115833e-01 -3.12020294e-01 -3.52418620e-01 -3.98622696e-01 -4.00927799e-01 -4.01741122e-01 -4.37353874e-01 -4.48061389e-01 -4.09358577e-01 -3.98043542e-01 -3.85706980e-01 -3.50881642e-01 -3.13783267e-01 -2.66549045e-01 -2.20759360e-01 -1.66272960e-01 -9.40518152e-02 -4.44608064e-02 6.61619347e-03 2.49635387e-02 4.05835045e-02 1.60428357e-02 8.90752584e-04 -3.46901003e-02 -5.53025740e-02 -7.02023089e-02 -8.75831124e-02 -9.16768447e-02 -1.06067668e-01 -9.93199818e-02 -1.06659370e-01 -1.04558273e-01 -9.59040692e-02 -8.83534940e-02 -7.59469770e-02 -5.20268837e-02 -2.81785694e-02 -6.56557142e-04 3.42070020e-02 6.67855050e-02 1.01786379e-01 1.36299994e-01 1.68199662e-01 2.00172242e-01 2.33205731e-01 2.67762464e-01 3.03059156e-01 3.37562665e-01 3.68974889e-01 3.93895497e-01 4.04496897e-01 4.04726524e-01 3.92675019e-01 3.70757380e-01 3.42784035e-01 3.10709294e-01 2.82021161e-01 2.55636102e-01 2.36161206e-01 2.20939843e-01 2.11707655e-01 2.06450731e-01 2.03504100e-01 2.03921919e-01 2.05459560e-01 2.05161540e-01 2.08381069e-01 2.12140720e-01 2.15591917e-01 2.18926661e-01 2.23791615e-01 2.27212834e-01 2.31846986e-01 2.39647782e-01 2.31041627e-01 2.39099613e-01 2.16003875e-01 1.15688092e-01 1.85597390e-01 4.91625082e-02 5.96691574e-02 4.36982207e-02 -1.15942457e-02 -1.23398491e-02 -5.75005314e-02 -5.16485165e-02 -8.39158266e-02 -1.47395819e-01 -1.62452732e-01 -1.76518200e-01 -2.66729800e-01 -2.82794449e-01
1.94000000e+01 -3.94330762e-01 -1.38641017e-01 -2.35469347e-01 -2.54873338e-01 -2.37687706e-01 -2.13930643e-01 -2.57733914e-01 -3.01479337e-01 -2.84947528e-01 -3.11981128e-01 -3.52242689e-01 -3.98331269e-01 -4.00683481e-01 -4.00358373e-01 -4.36021047e-01 -4.48241611e-01 -4.08417561e-01 -3.95166102e-01 -3.82492063e-01 -3.47697834e-01 -3.10300828e-01 -2.62534659e-01 -2.17263006e-01 -1.62968629e-01 -9.10018894e-02 -4.13909267e-02 9.52188805e-03 2.78678942e-02 4.36049056e-02 1.91358053e-02 4.11837850e-03 -3.12398327e-02 -5.15398516e-02 -6.67152021e-02 -8.40312049e-02 -8.89405135e-02 -1.03455695e-01 -9.68400075e-02 -1.05494420e-01 -1.03724178e-01 -9.52447974e-02 -8.83042379e-02 -7.59920055e-02 -5.24027862e-02 -2.85185189e-02 -1.04969568e-03 3.37035132e-02 6.60195852e-02 1.00882064e-01 1.35194230e-01 1.67045046e-01 1.98321376e-01 2.30623461e-01 2.64308147e-01 2.98395436e-01 3.31995509e-01 3.62647024e-01 3.87204526e-01 3.97704780e-01 3.98091116e-01 3.86633159e-01 3.65344324e-01 3.38190967e-01 3.06802731e-01 2.78903048e-01 2.52871657e-01 2.34039936e-01 2.19149265e-01 2.09972081e-01 2.05002623e-01 2.02340279e-01 2.02712755e-01 2.04646526e-01 2.04445112e-01 2.07964441e-01 2.12025959e-01 2.15720526e-01 2.19463473e-01 2.24648198e-01 2.28496099e-01 2.33698501e-01 2.41528165e-01 2.32603918e-01 2.41497423e-01 2.13300327e-01 1.16898367e-01 1.84652267e-01 5.26632286e-02 5.77163909e-02 4.56463951e-02 -1.10712192e-02 -1.14714694e-02 -5.45759534e-02 -5.16560459e-02 -7.91023024e-02 -1.44062374e-01 -1.60086972e-01 -1.72650591e-01 -2.64078671e-01 -2.76279098e-01
1.95000000e+01 -4.02806894e-01 -1.42387823e-01 -2.39068890e-01 -2.58925404e-01 -2.38024796e-01 -2.14760080e-01 -2.61468224e-01 -3.00871591e-01 -2.86078642e-01 -3.11737464e-01 -3.52151622e-01 -3.97971475e-01 -4.00509027e-01 -3.98904602e-01 -4.34615673e-01 -4.48201974e-01 -4.07498411e-01 -3.92232081e-01 -3.79151194e-01 -3.44470378e-01 -3.06780810e-01 -2.58518977e-01 -2.13847487e-01 -1.59669517e-01 -8.81224099e-02 -3.83162497e-02 1.22688699e-02 3.07935845e-02 4.64610219e-02 2.22512535e-02 7.19511556e-03 -2.77774301e-02 -4.78486945e-02 -6.32352095e-02 -8.04607883e-02 -8.62078307e-02 -1.00750029e-01 -9.43595731e-02 -1.04248791e-01 -1.02818812e-01 -9.45993505e-02 -8.82207568e-02 -7.59700388e-02 -5.28048319e-02 -2.88562022e-02 -1.42129947e-03 3.32089510e-02 6.52807618e-02 9.99717922e-02 1.34098490e-01 1.65893955e-01 1.96497188e-01 2.28071808e-01 2.60879851e-01 2.93750057e-01 3.26405429e-01 3.56283869e-01 3.80440364e-01 3.90847178e-01 3.91385113e-01 3.80542583e-01 3.59903250e-01 3.33595062e-01 3.02908593e-01 2.75809983e-01 2.50127725e-01 2.31942979e-01 2.17394886e-01 2.08250217e-01 2.03573883e-01 2.01214111e-01 2.01519097e-01 2.03842374e-01 2.03752412e-01 2.07565166e-01 2.11908572e-01 2.15854374e-01 2.20010596e-01 2.25494572e-01 2.29786725e-01 2.35580392e-01 2.43350119e-01 2.34152735e-01 2.43687255e-01 2.10486460e-01 1.18251896e-01 1.83693027e-01 5.60931013e-02 5.58062206e-02 4.75534093e-02 -1.03360329e-02 -1.10083744e-02 -5.13408010e-02 -5.17943619e-02 -7.44653513e-02 -1.40488701e-01 -1.57783211e-01 -1.68761667e-01 -2.61369845e-01 -2.69640964e-01
1.96000000e+01 -4.11258228e-01 -1.46184052e-01 -2.42684457e-01 -2.62920580e-01 -2.38220391e-01 -2.15881176e-01 -2.65197135e-01 -3.00119076e-01 -2.87472867e-01 -3.11313464e-01 -3.52137296e-01 -3.97545298e-01 -4.00397372e-01 -3.97393687e-01 -4.33137289e-01 -4.47928678e-01 -4.06597700e-01 -3.89249374e-01 -3.75683592e-01 -3.41209399e-01 -3.03219812e-01 -2.54508852e-01 -2.10508394e-01 -1.56379397e-01 -8.54063269e-02 -3.52413241e-02 1.48631667e-02 3.37372084e-02 4.91571573e-02 2.53848139e-02 1.01282259e-02 -2.43071445e-02 -4.42269421e-02 -5.97651992e-02 -7.68713573e-02 -8.34841090e-02 -9.79461396e-02 -9.18858175e-02 -1.02921090e-01 -1.01837977e-01 -9.39693533e-02 -8.81002195e-02 -7.58836648e-02 -5.32281452e-02 -2.91935685e-02 -1.77288316e-03 3.27229397e-02 6.45686891e-02 9.90577782e-02 1.33013020e-01 1.64741958e-01 1.94697637e-01 2.25549847e-01 2.57474759e-01 2.89124292e-01 3.20794911e-01 3.49888457e-01 3.73606803e-01 3.83926887e-01 3.84612115e-01 3.74404009e-01 3.54434962e-01 3.28995222e-01 2.99027093e-01 2.72739356e-01 2.47405478e-01 2.29868097e-01 2.15675099e-01 2.06542784e-01 2.02163876e-01 2.00124256e-01 2.00342775e-01 2.03045730e-01 2.03084020e-01 2.07183383e-01 2.11788525e-01 2.15994636e-01 2.20567562e-01 2.26331300e-01 2.31084150e-01 2.37490098e-01 2.45110455e-01 2.35688880e-01 2.45646863e-01 2.07606195e-01 1.19728258e-01 1.82745104e-01 5.93921692e-02 5.40012040e-02 4.93850495e-02 -9.38310150e-03 -1.09237981e-02 -4.78453226e-02 -5.20060111e-02 -7.00434803e-02 -1.36671296e-01 -1.55529358e-01 -1.64861225e-01 -2.58602775e-01 -2.62879763e-01
1.97000000e+01 -4.19679639e-01 -1.50031046e-01 -2.46315602e-01 -2.66840763e-01 -2.38295782e-01 -2.17307272e-01 -2.68880877e-01 -2.99269385e-01 -2.89087390e-01 -3.10739319e-01 -3.52187529e-01 -3.97057791e-01 -4.00338505e-01 -3.95841080e-01 -4.31584161e-01 -4.47410628e-01 -4.05710371e-01 -3.86225243e-01 -3.72089564e-01 -3.37924900e-01 -2.99614431e-01 -2.50511686e-01 -2.07239952e-01 -1.53103855e-01 -8.28439219e-02 -3.21736014e-02 1.73138513e-02 3.66921758e-02 5.17018235e-02 2.85291080e-02 1.29275574e-02 -2.08350871e-02 -4.06712556e-02 -5.63085034e-02 -7.32623871e-02 -8.07740389e-02 -9.50409109e-02 -8.94245390e-02 -1.01510403e-01 -1.00778443e-01 -9.33552277e-02 -8.79397069e-02 -7.57366956e-02 -5.36668980e-02 -2.95325331e-02 -2.10605397e-03 3.22452344e-02 6.38824966e-02 9.81427501e-02 1.31937883e-01 1.63584800e-01 1.92920585e-01 2.23056470e-01 2.54090013e-01 2.84519054e-01 3.15166829e-01 3.43463564e-01 3.66708010e-01 3.76946570e-01 3.77775891e-01 3.68218277e-01 3.48940203e-01 3.24390321e-01 2.95158477e-01 2.69688277e-01 2.44706218e-01 2.27813145e-01 2.13987952e-01 2.04850838e-01 2.00772074e-01 1.99069038e-01 1.99185686e-01 2.02255527e-01 2.02440267e-01 2.06819100e-01 2.11666068e-01 2.16142259e-01 2.21134008e-01 2.27159103e-01 2.32387726e-01 2.39424532e-01 2.46806035e-01 2.37212144e-01 2.47356452e-01 2.04703803e-01 1.21305252e-01 1.81832600e-01 6.25038648e-02 5.23618825e-02 5.11087116e-02 -8.21263712e-03 -1.11811474e-02 -4.41480021e-02 -5.22312914e-02 -6.58715034e-02 -1.32611762e-01 -1.53310440e-01 -1.60959578e-01 -2.55777184e-01 -2.55995227e-01
1.98000000e+01 -4.28066059e-01 -1.53930316e-01 -2.49961115e-01 -2.70667692e-01 -2.38275802e-01 -2.19046973e-01 -2.72480995e-01 -2.98372880e-01 -2.90874302e-01 -3.10050171e-01 -3.52286672e-01 -3.96516716e-01 -4.00319900e-01 -3.94263388e-01 -4.29953344e-01 -4.46639643e-01 -4.04829698e-01 -3.83166227e-01 -3.68370654e-01 -3.34626489e-01 -2.95961518e-01 -2.46535205e-01 -2.04035260e-01 -1.49850041e-01 -8.04231005e-02 -2.91231116e-02 1.96327069e-02 3.96490320e-02 5.41064276e-02 3.16740675e-02 1.56052124e-02 -1.73689563e-02 -3.71773367e-02 -5.28687437e-02 -6.96335127e-02 -7.80814930e-02 -9.20327928e-02 -8.69801046e-02 -1.00016237e-01 -9.96380624e-02 -9.27561675e-02 -8.77362726e-02 -7.55340210e-02 -5.41144382e-02 -2.98749242e-02 -2.42249659e-03 3.17757312e-02 6.32208248e-02 9.72298474e-02 1.30872940e-01 1.62418484e-01 1.91163794e-01 2.20590321e-01 2.50722795e-01 2.79934881e-01 3.09524426e-01 3.37011730e-01 3.59748497e-01 3.69908768e-01 3.70880340e-01 3.61986378e-01 3.43419653e-01 3.19779229e-01 2.91303002e-01 2.66653618e-01 2.42031307e-01 2.25776112e-01 2.12331169e-01 2.03175744e-01 1.99398071e-01 1.98046462e-01 1.98049763e-01 2.01471021e-01 2.01821238e-01 2.06472229e-01 2.11541711e-01 2.16297971e-01 2.21709668e-01 2.27978848e-01 2.33696753e-01 2.41380078e-01 2.48433788e-01 2.38721159e-01 2.48799195e-01 2.01823049e-01 1.22959543e-01 1.80977512e-01 6.53765796e-02 5.09449802e-02 5.26944773e-02 -6.83059785e-03 -1.17351050e-02 -4.03138123e-02 -5.24099724e-02 -6.19794803e-02 -1.28317031e-01 -1.51108841e-01 -1.57067311e-01 -2.52893143e-01 -2.48987088e-01
1.99000000e+01 -4.36412493e-01 -1.57883532e-01 -2.53618879e-01 -2.74383357e-01 -2.38188492e-01 -2.21103831e-01 -2.75961402e-01 -2.97481198e-01 -2.92782166e-01 -3.09284864e-01 -3.52416350e-01 -3.95932089e-01 -4.00327046e-01 -3.92677893e-01 -4.28240796e-01 -4.45610580e-01 -4.03947285e-01 -3.80078068e-01 -3.64529780e-01 -3.31323108e-01 -2.92258433e-01 -2.42587219e-01 -2.00886571e-01 -1.46626347e-01 -7.81297601e-02 -2.61020493e-02 2.18337936e-02 4.25958834e-02 5.63848565e-02 3.48073480e-02 1.81751458e-02 -1.39177140e-02 -3.37401728e-02 -4.94496480e-02 -6.59846999e-02 -7.54093631e-02 -8.89219062e-02 -8.45554077e-02 -9.84384704e-02 -9.84158376e-02 -9.21701495e-02 -8.74870124e-02 -7.52814140e-02 -5.45634564e-02 -3.02224247e-02 -2.72394492e-03 3.13144580e-02 6.25818766e-02 9.63225036e-02 1.29817831e-01 1.61239352e-01 1.89424924e-01 2.18149751e-01 2.47370397e-01 2.75371939e-01 3.03871255e-01 3.30535300e-01 3.52733085e-01 3.62815917e-01 3.63929451e-01 3.55709481e-01 3.37873916e-01 3.15160816e-01 2.87460919e-01 2.63632052e-01 2.39382100e-01 2.23755156e-01 2.10702172e-01 2.01519141e-01 1.98041592e-01 1.97054239e-01 1.96936934e-01 2.00691792e-01 2.01226768e-01 2.06142606e-01 2.11416195e-01 2.16462297e-01 2.22294363e-01 2.28791524e-01 2.35010515e-01 2.43352591e-01 2.49990715e-01 2.40213298e-01 2.49961701e-01 1.99006333e-01 1.24667352e-01 1.80199004e-01 6.79651062e-02 4.98017135e-02 5.41160972e-02 -5.24846886e-03 -1.25329819e-02 -3.64122580e-02 -5.24830718e-02 -5.83917483e-02 -1.23799459e-01 -1.48904623e-01 -1.53195015e-01 -2.49951158e-01 -2.41855088e-01
2.00000000e+01 -4.44714044e-01 -1.61892500e-01 -2.57285741e-01 -2.77970442e-01 -2.38064662e-01 -2.23476133e-01 -2.79289390e-01 -2.96645711e-01 -2.94757686e-01 -3.08484587e-01 -3.52556300e-01 -3.95315630e-01 -4.00344022e-01 -3.91102026e-01 -4.26441554e-01 -4.44321379e-01 -4.03053117e-01 -3.76965656e-01 -3.60571313e-01 -3.28022790e-01 -2.88503288e-01 -2.38675364e-01 -1.97785596e-01 -1.43442054e-01 -7.59482175e-02 -2.31242860e-02 2.39329334e-02 4.55189083e-02 5.85529764e-02 3.79148178e-02 2.06527075e-02 -1.04912220e-02 -3.03542977e-02 -4.60548659e-02 -6.23164025e-02 -7.27594342e-02 -8.57100964e-02 -8.21518710e-02 -9.67773012e-02 -9.71119430e-02 -9.15939796e-02 -8.71891376e-02 -7.49852954e-02 -5.50061903e-02 -3.05765080e-02 -3.01213926e-03 3.08615470e-02 6.19634806e-02 9.54243195e-02 1.28771982e-01 1.60044153e-01 1.87701517e-01 2.15732772e-01 2.44030271e-01 2.70830050e-01 2.98211105e-01 3.24036479e-01 3.45666855e-01 3.55670378e-01 3.56927271e-01 3.49388955e-01 3.32303514e-01 3.10533971e-01 2.83632452e-01 2.60620118e-01 2.36759881e-01 2.21748631e-01 2.09098126e-01 1.99882884e-01 1.96702485e-01 1.96089831e-01 1.95849095e-01 1.99917730e-01 2.00656462e-01 2.05830027e-01 2.11290454e-01 2.16635595e-01 2.22887977e-01 2.29598229e-01 2.36328310e-01 2.45337392e-01 2.51473908e-01 2.41684603e-01 2.50834429e-01 1.96293824e-01 1.26405153e-01 1.79512757e-01 7.02319040e-02 4.89762648e-02 5.53518523e-02 -3.48288373e-03 -1.35162789e-02 -3.25152684e-02 -5.23946296e-02 -5.51260798e-02 -1.19076765e-01 -1.46675949e-01 -1.49352990e-01 -2.46952254e-01 -2.34598975e-01
2.01000000e+01 -4.52965936e-01 -1.65959143e-01 -2.60957397e-01 -2.81412778e-01 -2.37937387e-01 -2.26156801e-01 -2.82436574e-01 -2.95915987e-01 -2.96747429e-01 -3.07691427e-01 -3.52685278e-01 -3.94680166e-01 -4.00354133e-01 -3.89552817e-01 -4.24549953e-01 -4.42773041e-01 -4.02135641e-01 -3.73832993e-01 -3.56501134e-01 -3.24732443e-01 -2.84695171e-01 -2.34806856e-01 -1.94723836e-01 -1.40306940e-01 -7.38616830e-02 -2.02048277e-02 2.59471357e-02 4.84029285e-02 6.06280659e-02 4.09811038e-02 2.30541448e-02 -7.09985119e-03 -2.70140585e-02 -4.26877910e-02 -5.86296991e-02 -7.01323000e-02 -8.24009356e-02 -7.97694945e-02 -9.50332049e-02 -9.57277037e-02 -9.10233694e-02 -8.68400501e-02 -7.46524721e-02 -5.54346640e-02 -3.09383673e-02 -3.28877212e-03 3.04171924e-02 6.13631649e-02 9.45389326e-02 1.27734610e-01 1.58830105e-01 1.85990995e-01 2.13337044e-01 2.40700071e-01 2.66308726e-01 2.92547904e-01 3.17517398e-01 3.38555088e-01 3.48474470e-01 3.49877871e-01 3.43026383e-01 3.26708879e-01 3.05897613e-01 2.79817776e-01 2.57614271e-01 2.34165788e-01 2.19755105e-01 2.07516009e-01 1.98268981e-01 1.95380724e-01 1.95150503e-01 1.94788073e-01 1.99149009e-01 2.00109714e-01 2.05534269e-01 2.11165580e-01 2.16818092e-01 2.23490423e-01 2.30400150e-01 2.37649489e-01 2.47329266e-01 2.52880561e-01 2.43129762e-01 2.51412029e-01 1.93722630e-01 1.28150354e-01 1.78930425e-01 7.21481456e-02 4.85044672e-02 5.63852662e-02 -1.55509754e-03 -1.46224106e-02 -2.86950058e-02 -5.20934220e-02 -5.21929981e-02 -1.14171824e-01 -1.44399569e-01 -1.45550940e-01 -2.43898044e-01 -2.27218518e-01
2.02000000e+01 -4.61163542e-01 -1.70085451e-01 -2.64628294e-01 -2.84695796e-01 -2.37841416e-01 -2.29133425e-01 -2.85379719e-01 -2.95338299e-01 -2.98699540e-01 -3.06946912e-01 -3.52782020e-01 -3.94038983e-01 -4.00340542e-01 -3.88046338e-01 -4.22559895e-01 -4.40969510e-01 -4.01181911e-01 -3.70683182e-01 -3.52326631e-01 -3.21457679e-01 -2.80834338e-01 -2.30988235e-01 -1.91692912e-01 -1.37230866e-01 -7.18527632e-02 -1.73592377e-02 2.78939874e-02 5.12320211e-02 6.26282050e-02 4.39901737e-02 2.53960828e-02 -3.75407960e-03 -2.37138756e-02 -3.93513978e-02 -5.49264026e-02 -6.75273209e-02 -7.89996787e-02 -7.74069425e-02 -9.32068963e-02 -9.42655324e-02 -9.04530377e-02 -8.64374124e-02 -7.42898629e-02 -5.58409515e-02 -3.13088409e-02 -3.55543115e-03 2.99816025e-02 6.07782364e-02 9.36698900e-02 1.26704753e-01 1.57594936e-01 1.84290658e-01 2.10959875e-01 2.37377663e-01 2.61807229e-01 2.86885609e-01 3.10980193e-01 3.31403203e-01 3.41230510e-01 3.42785326e-01 3.36623563e-01 3.21090341e-01 3.01250720e-01 2.76016993e-01 2.54610953e-01 2.31600760e-01 2.17773365e-01 2.05952671e-01 1.96679521e-01 1.94076388e-01 1.94233379e-01 1.93755602e-01 1.98386044e-01 1.99585745e-01 2.05255118e-01 2.11042787e-01 2.17009923e-01 2.24101611e-01 2.31198558e-01 2.38973471e-01 2.49322478e-01 2.54207990e-01 2.44542129e-01 2.51693602e-01 1.91326019e-01 1.29881944e-01 1.78459224e-01 7.36945091e-02 4.84127419e-02 5.72056510e-02 5.09670851e-04 -1.57865398e-02 -2.50216601e-02 -5.15345600e-02 -4.95952793e-02 -1.09112307e-01 -1.42051383e-01 -1.41797651e-01 -2.40790789e-01 -2.19713516e-01
2.03000000e+01 -4.69302412e-01 -1.74273439e-01 -2.68291570e-01 -2.87806970e-01 -2.37812530e-01 -2.32388418e-01 -2.88101442e-01 -2.94954239e-01 -3.00565414e-01 -3.06290558e-01 -3.52826187e-01 -3.93405176e-01 -4.00286908e-01 -3.86597160e-01 -4.20465150e-01 -4.38917487e-01 -4.00177763e-01 -3.67518425e-01 -3.48056655e-01 -3.18202689e-01 -2.76922374e-01 -2.27225147e-01 -1.88684893e-01 -1.34223368e-01 -6.99039760e-02 -1.46030464e-02 2.97910309e-02 5.39901439e-02 6.45716417e-02 4.69259357e-02 2.76950001e-02 -4.64091486e-04 -2.04484867e-02 -3.60480996e-02 -5.12091406e-02 -6.49426240e-02 -7.55131753e-02 -7.50616657e-02 -9.12992967e-02 -9.27288311e-02 -8.98768327e-02 -8.59792103e-02 -7.39042274e-02 -5.62174512e-02 -3.16883326e-02 -3.81355036e-03 2.95549510e-02 6.02058674e-02 9.28205290e-02 1.25681292e-01 1.56336905e-01 1.82597690e-01 2.08598245e-01 2.34061114e-01 2.57324632e-01 2.81228085e-01 3.04427078e-01 3.24216684e-01 3.33940855e-01 3.35653691e-01 3.30182510e-01 3.15448116e-01 2.96592348e-01 2.72230102e-01 2.51606655e-01 2.29065462e-01 2.15802430e-01 2.04404915e-01 1.95116595e-01 1.92789636e-01 1.93335511e-01 1.92753299e-01 1.97629453e-01 1.99083637e-01 2.04992378e-01 2.10923367e-01 2.17211174e-01 2.24721410e-01 2.31994798e-01 2.40299754e-01 2.51310779e-01 2.55453649e-01 2.45913796e-01 2.51682877e-01 1.89132712e-01 1.31581069e-01 1.78101668e-01 7.48616910e-02 4.87173157e-02 5.78084697e-02 2.68300600e-03 -1.69434657e-02 -2.15612990e-02 -5.06809177e-02 -4.73276625e-02 -1.03930173e-01 -1.39607054e-01 -1.38100686e-01 -2.37633454e-01 -2.12083826e-01
2.04000000e+01 -4.77378305e-01 -1.78525085e-01 -2.71939014e-01 -2.90736236e-01 -2.37886845e-01 -2.35899311e-01 -2.90590747e-01 -2.94799473e-01 -3.02301233e-01 -3.05758513e-01 -3.52799288e-01 -3.92791009e-01 -4.00177982e-01 -3.85217828e-01 -4.18259677e-01 -4.36626178e-01 -3.99108038e-01 -3.64340036e-01 -3.43701426e-01 -3.14970166e-01 -2.72962305e-01 -2.23522146e-01 -1.85692611e-01 -1.31293252e-01 -6.79982599e-02 -1.19511693e-02 3.16551573e-02 5.66617497e-02 6.64761607e-02 4.97728328e-02 2.99667172e-02 2.76060450e-03 -1.72131621e-02 -3.27796352e-02 -4.74814022e-02 -6.23751439e-02 -7.19497407e-02 -7.27300519e-02 -8.93115042e-02 -9.11218652e-02 -8.92878677e-02 -8.54638058e-02 -7.35019150e-02 -5.65571502e-02 -3.20767342e-02 -4.06437992e-03 2.91373352e-02 5.96431852e-02 9.19938715e-02 1.24662994e-01 1.55054808e-01 1.80909166e-01 2.06248842e-01 2.30748665e-01 2.52859891e-01 2.75578997e-01 2.97860418e-01 3.17001011e-01 3.26607955e-01 3.28486992e-01 3.23705439e-01 3.09782306e-01 2.91921662e-01 2.68456957e-01 2.48597984e-01 2.26560232e-01 2.13841557e-01 2.02869556e-01 1.93582232e-01 1.91520680e-01 1.92453945e-01 1.91782637e-01 1.96880006e-01 1.98602395e-01 2.04745877e-01 2.10808659e-01 2.17421916e-01 2.25349620e-01 2.32790283e-01 2.41627908e-01 2.53287442e-01 2.56615145e-01 2.47235710e-01 2.51388275e-01 1.87166283e-01 1.33231514e-01 1.77855471e-01 7.56506246e-02 4.94237438e-02 5.81955088e-02 4.93414802e-03 -1.80295071e-02 -1.83738436e-02 -4.95043416e-02 -4.53767863e-02 -9.86610091e-02 -1.37042654e-01 -1.34466084e-01 -2.34429732e-01 -2.04329377e-01
2.05000000e+01 -4.85387217e-01 -1.82842260e-01 -2.75561072e-01 -2.93476374e-01 -2.38100088e-01 -2.39639172e-01 -2.92843379e-01 -2.94902683e-01 -3.03869361e-01 -3.05382303e-01 -3.52685533e-01 -3.92207317e-01 -4.00000166e-01 -3.83918399e-01 -4.15937960e-01 -4.34106975e-01 -3.97956841e-01 -3.61148479e-01 -3.39272397e-01 -3.11761285e-01 -2.68958666e-01 -2.19882525e-01 -1.82709940e-01 -1.28448219e-01 -6.61194610e-02 -9.41735398e-03 3.35020356e-02 5.92323683e-02 6.83584748e-02 5.25164119e-02 3.22259162e-02 5.91152433e-03 -1.40038848e-02 -2.95469895e-02 -4.37475489e-02 -5.98207031e-02 -6.83189909e-02 -7.04076010e-02 -8.72447662e-02 -8.94496172e-02 -8.86786683e-02 -8.48899773e-02 -7.30886463e-02 -5.68538583e-02 -3.24733565e-02 -4.30897947e-03 2.87287430e-02 5.90873652e-02 9.11925344e-02 1.23648553e-01 1.53747956e-01 1.79222063e-01 2.03908125e-01 2.27438682e-01 2.48411914e-01 2.69941702e-01 2.91282786e-01 3.09761590e-01 3.19234395e-01 3.21289209e-01 3.17194745e-01 3.04092895e-01 2.87237963e-01 2.64697233e-01 2.45581734e-01 2.24085017e-01 2.11890257e-01 2.01343482e-01 1.92078336e-01 1.90269747e-01 1.91585783e-01 1.90844932e-01 1.96138583e-01 1.98140994e-01 2.04515466e-01 2.10700012e-01 2.17642231e-01 2.25985940e-01 2.33586494e-01 2.42957563e-01 2.55245293e-01 2.57690258e-01 2.48497847e-01 2.50822879e-01 1.85444670e-01 1.34820086e-01 1.77713616e-01 7.60723984e-02 5.05267498e-02 5.83748537e-02 7.23090402e-03 -1.89843201e-02 -1.55112339e-02 -4.79865988e-02 -4.37213611e-02 -9.33432580e-02 -1.34335334e-01 -1.30898089e-01 -2.31184055e-01 -1.96450204e-01
2.06000000e+01 -4.93325413e-01 -1.87226648e-01 -2.79146886e-01 -2.96023336e-01 -2.38486852e-01 -2.43577150e-01 -2.94861983e-01 -2.95284738e-01 -3.05239510e-01 -3.05187765e-01 -3.52472569e-01 -3.91662969e-01 -3.99741991e-01 -3.82706025e-01 -4.13495334e-01 -4.31373093e-01 -3.96707830e-01 -3.57943407e-01 -3.34782075e-01 -3.08575738e-01 -2.64917515e-01 -2.16308212e-01 -1.79732041e-01 -1.25694524e-01 -6.42527802e-02 -7.01367600e-03 3.53456017e-02 6.16891323e-02 7.02336625e-02 5.51438502e-02 3.44857081e-02 8.98151008e-03 -1.08174865e-02 -2.63503523e-02 -4.00127882e-02 -5.72741276e-02 -6.46316444e-02 -6.80891174e-02 -8.51004546e-02 -8.77176264e-02 -8.80413233e-02 -8.42569452e-02 -7.26693390e-02 -5.71023927e-02 -3.28768813e-02 -4.54823327e-03 2.83290304e-02 5.85357240e-02 9.04186553e-02 1.22636641e-01 1.52416134e-01 1.77533279e-01 2.01572386e-01 2.24129609e-01 2.43979614e-01 2.64319168e-01 2.84697018e-01 3.02503689e-01 3.11822945e-01 3.14064262e-01 3.10652975e-01 2.98379771e-01 2.82540708e-01 2.60950387e-01 2.42554950e-01 2.21639319e-01 2.09948301e-01 1.99823700e-01 1.90606638e-01 1.89037052e-01 1.90728235e-01 1.89941316e-01 1.95406148e-01 1.97698445e-01 2.04301007e-01 2.10598757e-01 2.17872240e-01 2.26629946e-01 2.34384977e-01 2.44288376e-01 2.57176760e-01 2.58676955e-01 2.49689425e-01 2.50004276e-01 1.83979834e-01 1.36336871e-01 1.77664583e-01 7.61478773e-02 5.20103874e-02 5.83606673e-02 9.54059218e-03 -1.97525928e-02 -1.30158428e-02 -4.61200290e-02 -4.23325806e-02 -8.80173203e-02 -1.31463998e-01 -1.27398917e-01 -2.27901586e-01 -1.88446475e-01
2.07000000e+01 -5.01189453e-01 -1.91679661e-01 -2.82684383e-01 -2.98376515e-01 -2.39079861e-01 -2.47679130e-01 -2.96656053e-01 -2.95958109e-01 -3.06389666e-01 -3.05194172e-01 -3.52152096e-01 -3.91164420e-01 -3.99394523e-01 -3.81584628e-01 -4.10928292e-01 -4.28439177e-01 -3.95344525e-01 -3.54723714e-01 -3.30243809e-01 -3.05411811e-01 -2.60846396e-01 -2.12799691e-01 -1.76755552e-01 -1.23036692e-01 -6.23851669e-02 -4.75009841e-03 3.71976236e-02 6.40212307e-02 7.21146694e-02 5.76444193e-02 3.67572619e-02 1.19649717e-02 -7.65173781e-03 -2.31891169e-02 -3.62831088e-02 -5.47293969e-02 -6.08992958e-02 -6.57689152e-02 -8.28800425e-02 -8.59318196e-02 -8.73676395e-02 -8.35643834e-02 -7.22479824e-02 -5.72987017e-02 -3.32853436e-02 -4.78288010e-03 2.79379078e-02 5.79858080e-02 8.96738355e-02 1.21625970e-01 1.51059541e-01 1.75839646e-01 1.99237821e-01 2.20819908e-01 2.39561954e-01 2.58713913e-01 2.78106247e-01 2.95232376e-01 3.04376611e-01 3.06816009e-01 3.04082787e-01 2.92642742e-01 2.77829524e-01 2.57215617e-01 2.39515007e-01 2.19222150e-01 2.08015734e-01 1.98307373e-01 1.89168647e-01 1.87822779e-01 1.89878660e-01 1.89072728e-01 1.94683716e-01 1.97273845e-01 2.04102361e-01 2.10506179e-01 2.18112112e-01 2.27281081e-01 2.35187337e-01 2.45620005e-01 2.59073920e-01 2.59573405e-01 2.50799169e-01 2.48954303e-01 1.82777558e-01 1.37775375e-01 1.77692734e-01 7.59070417e-02 5.38485187e-02 5.81727776e-02 1.18309908e-02 -2.02855648e-02 -1.09191890e-02 -4.39078740e-02 -4.11747664e-02 -8.27245751e-02 -1.28409949e-01 -1.23968561e-01 -2.24588174e-01 -1.80318528e-01
2.08000000e+01 -5.08976209e-01 -1.96202350e-01 -2.86160406e-01 -3.00538947e-01 -2.39909242e-01 -2.51908484e-01 -2.98241670e-01 -2.96926565e-01 -3.07306723e-01 -3.05413602e-01 -3.51720312e-01 -3.90715362e-01 -3.98951662e-01 -3.80554659e-01 -4.08234766e-01 -4.25320877e-01 -3.93850641e-01 -3.51487602e-01 -3.25671553e-01 -3.02266512e-01 -2.56754249e-01 -2.09355998e-01 -1.73778720e-01 -1.20477299e-01 -6.05056457e-02 -2.63411036e-03 3.90673567e-02 6.62202747e-02 7.40118900e-02 6.00098732e-02 3.90495098e-02 1.48580597e-02 -4.50539105e-03 -2.00619162e-02 -3.25651798e-02 -5.21798225e-02 -5.71341671e-02 -6.34410289e-02 -8.05850858e-02 -8.40983370e-02 -8.66492956e-02 -8.28124158e-02 -7.18275588e-02 -5.74399211e-02 -3.36961518e-02 -5.01354939e-03 2.75549324e-02 5.74354738e-02 8.89590991e-02 1.20615365e-01 1.49678709e-01 1.74137961e-01 1.96900592e-01 2.17508020e-01 2.35157969e-01 2.53127976e-01 2.71513918e-01 2.87952466e-01 2.96898668e-01 2.99548242e-01 2.97486914e-01 2.86881584e-01 2.73104215e-01 2.53491831e-01 2.36459678e-01 2.16831998e-01 2.06092861e-01 1.96791851e-01 1.87765612e-01 1.86627066e-01 1.89034592e-01 1.88239895e-01 1.93972346e-01 1.96866428e-01 2.03919370e-01 2.10423492e-01 2.18362080e-01 2.27938637e-01 2.35995223e-01 2.46952067e-01 2.60928558e-01 2.60377996e-01 2.51815604e-01 2.47698661e-01 1.81837421e-01 1.39132524e-01 1.77778836e-01 7.53880665e-02 5.60055903e-02 5.78360866e-02 1.40712635e-02 -2.05423239e-02 -9.24098972e-03 -4.13642692e-02 -4.02062338e-02 -7.75063338e-02 -1.25157501e-01 -1.20604668e-01 -2.21250293e-01 -1.72066904e-01
2.09000000e+01 -5.16682892e-01 -2.00795305e-01 -2.89560881e-01 -3.02517422e-01 -2.41001853e-01 -2.56226910e-01 -2.99641044e-01 -2.98185148e-01 -3.07986821e-01 -3.05850562e-01 -3.51178181e-01 -3.90316507e-01 -3.98410337e-01 -3.79612961e-01 -4.05414355e-01 -4.22034429e-01 -3.92210414e-01 -3.48232649e-01 -3.21079609e-01 -2.99135735e-01 -2.52651267e-01 -2.05974761e-01 -1.70801469e-01 -1.18016823e-01 -5.86055673e-02 -6.70453763e-04 4.09612989e-02 6.82805664e-02 7.59328441e-02 6.22347487e-02 4.13689351e-02 1.76587635e-02 -1.37817749e-03 -1.69666936e-02 -2.88662167e-02 -4.96182494e-02 -5.33488429e-02 -6.10994235e-02 -7.82172104e-02 -8.22233547e-02 -8.58779952e-02 -8.20015997e-02 -7.14100076e-02 -5.75243690e-02 -3.41061451e-02 -5.24079686e-03 2.71795080e-02 5.68829547e-02 8.82748666e-02 1.19603835e-01 1.48274403e-01 1.72425013e-01 1.94556887e-01 2.14192330e-01 2.30766768e-01 2.47562913e-01 2.64923794e-01 2.80668478e-01 2.89392693e-01 2.92264696e-01 2.90868108e-01 2.81096084e-01 2.68364751e-01 2.49777614e-01 2.33387208e-01 2.14466820e-01 2.04180221e-01 1.95274707e-01 1.86398482e-01 1.85450012e-01 1.88193756e-01 1.87443328e-01 1.93273129e-01 1.96475595e-01 2.03751845e-01 2.10351822e-01 2.18622451e-01 2.28601755e-01 2.36810318e-01 2.48284104e-01 2.62732227e-01 2.61089344e-01 2.52727378e-01 2.46266444e-01 1.81152926e-01 1.40408555e-01 1.77900702e-01 7.46361713e-02 5.84376825e-02 5.73798216e-02 1.62328321e-02 -2.04908428e-02 -7.98858357e-03 -3.85138911e-02 -3.93803591e-02 -7.24027598e-02 -1.21694538e-01 -1.17302457e-01 -2.17894952e-01 -1.63692393e-01
2.10000000e+01 -5.24307055e-01 -2.05458558e-01 -2.92871043e-01 -3.04322521e-01 -2.42380655e-01 -2.60595319e-01 -3.00881850e-01 -2.99720441e-01 -3.08435366e-01 -3.06501887e-01 -3.50531511e-01 -3.89965490e-01 -3.97770577e-01 -3.78752747e-01 -4.02468498e-01 -4.18596235e-01 -3.90408932e-01 -3.44955889e-01 -3.16482364e-01 -2.96014449e-01 -2.48548713e-01 -2.02652295e-01 -1.67825389e-01 -1.15653574e-01 -5.66787763e-02 1.13905573e-03 4.28830485e-02 7.01992633e-02 7.78819571e-02 6.43165671e-02 4.37194508e-02 2.03669342e-02 1.72923597e-03 -1.39008017e-02 -2.51938216e-02 -4.70372753e-02 -4.95559976e-02 -5.87381952e-02 -7.57781085e-02 -8.03129093e-02 -8.50456176e-02 -8.11328989e-02 -7.09962220e-02 -5.75514853e-02 -3.45116826e-02 -5.46513527e-03 2.68108878e-02 5.63269117e-02 8.76209433e-02 1.18590647e-01 1.46847524e-01 1.70697625e-01 1.92202960e-01 2.10871152e-01 2.26387520e-01 2.42019814e-01 2.58339938e-01 2.73384607e-01 2.81862581e-01 2.84969062e-01 2.84229097e-01 2.75286093e-01 2.63611262e-01 2.46071198e-01 2.30296371e-01 2.12124046e-01 2.02278538e-01 1.93753769e-01 1.85067865e-01 1.84291691e-01 1.87354072e-01 1.86683314e-01 1.92587185e-01 1.96100934e-01 2.03599553e-01 2.10292195e-01 2.18893609e-01 2.29269418e-01 2.37634305e-01 2.49615539e-01 2.64476310e-01 2.61706298e-01 2.53523608e-01 2.44689553e-01 1.80711797e-01 1.41606786e-01 1.78033927e-01 7.37022804e-02 6.10937921e-02 5.68366569e-02 1.82901673e-02 -2.01087280e-02 -7.15674155e-03 -3.53912677e-02 -3.86468212e-02 -6.74517831e-02 -1.18012986e-01 -1.14054727e-01 -2.14529571e-01 -1.55196079e-01
2.11000000e+01 -5.31846607e-01 -2.10191486e-01 -2.96075693e-01 -3.05968548e-01 -2.44064166e-01 -2.64974770e-01 -3.01996398e-01 -3.01511109e-01 -3.08666735e-01 -3.07356908e-01 -3.49790834e-01 -3.89656906e-01 -3.97035468e-01 -3.77963690e-01 -3.99400587e-01 -4.15022467e-01 -3.88432455e-01 -3.41653892e-01 -3.11894032e-01 -2.92896911e-01 -2.44458699e-01 -1.99383752e-01 -1.64853670e-01 -1.13383711e-01 -5.47216943e-02 2.79561106e-03 4.48332650e-02 7.19764391e-02 7.98604502e-02 6.62559347e-02 4.61023668e-02 2.29842339e-02 4.81532632e-03 -1.08611217e-02 -2.15558042e-02 -4.44294785e-02 -4.57681226e-02 -5.63517571e-02 -7.32695447e-02 -7.83727249e-02 -8.41443684e-02 -8.02076489e-02 -7.05860687e-02 -5.75217321e-02 -3.49087541e-02 -5.68705729e-03 2.64481821e-02 5.57664661e-02 8.69965215e-02 1.17575376e-01 1.45399008e-01 1.68952712e-01 1.89835168e-01 2.07542724e-01 2.22019422e-01 2.36499344e-01 2.51766669e-01 2.66104717e-01 2.74312536e-01 2.77665010e-01 2.77572536e-01 2.69451587e-01 2.58844016e-01 2.42370445e-01 2.27186521e-01 2.09800625e-01 2.00388638e-01 1.92227161e-01 1.83773997e-01 1.83152169e-01 1.86513666e-01 1.85959922e-01 1.91915658e-01 1.95742219e-01 2.03462218e-01 2.10245527e-01 2.19176030e-01 2.29940452e-01 2.38468845e-01 2.50945638e-01 2.66152084e-01 2.62227944e-01 2.54194224e-01 2.43002035e-01 1.80496431e-01 1.42733286e-01 1.78152707e-01 7.26415349e-02 6.39173089e-02 5.62417372e-02 2.02214731e-02 -1.93836592e-02 -6.72787057e-03 -3.20397693e-02 -3.79529849e-02 -6.26880424e-02 -1.14109196e-01 -1.10851915e-01 -2.11161841e-01 -1.46579387e-01
2.12000000e+01 -5.39299810e-01 -2.14992718e-01 -2.99159483e-01 -3.07473381e-01 -2.46066003e-01 -2.69327410e-01 -3.03020651e-01 -3.03528706e-01 -3.08703678e-01 -3.08397898e-01 -3.48971092e-01 -3.89382488e-01 -3.96210985e-01 -3.77232141e-01 -3.96215993e-01 -4.11328700e-01 -3.86268701e-01 -3.38322858e-01 -3.07328398e-01 -2.89776891e-01 -2.40393928e-01 -1.96163314e-01 -1.61890949e-01 -1.11201331e-01 -5.27333175e-02 4.30340080e-03 4.68097277e-02 7.36150408e-02 8.18663427e-02 6.80565378e-02 4.85164442e-02 2.55140185e-02 7.87782416e-03 -7.84419812e-03 -1.79599932e-02 -4.17876498e-02 -4.19972588e-02 -5.39350046e-02 -7.06933719e-02 -7.64080505e-02 -8.31669287e-02 -7.92275147e-02 -7.01784214e-02 -5.74364664e-02 -3.52931019e-02 -5.90704759e-03 2.60903698e-02 5.52012165e-02 8.64001947e-02 1.16557931e-01 1.43929753e-01 1.67187322e-01 1.87449985e-01 2.04205221e-01 2.17661667e-01 2.31001790e-01 2.45208508e-01 2.58832355e-01 2.66747059e-01 2.70356215e-01 2.70900961e-01 2.63592722e-01 2.54063391e-01 2.38672828e-01 2.24057613e-01 2.07493086e-01 1.98511359e-01 1.90693351e-01 1.82516713e-01 1.82031528e-01 1.85670875e-01 1.85273000e-01 1.91259709e-01 1.95399394e-01 2.03339518e-01 2.10212625e-01 2.19470289e-01 2.30613525e-01 2.39315538e-01 2.52273466e-01 2.67750800e-01 2.62653593e-01 2.54730327e-01 2.41239355e-01 1.80484482e-01 1.43796468e-01 1.78230697e-01 7.15117039e-02 6.68476351e-02 5.56316376e-02 2.20092412e-02 -1.83135124e-02 -6.67260189e-03 -2.85103088e-02 -3.72453851e-02 -5.81418872e-02 -1.09984218e-01 -1.07682248e-01 -2.07799559e-01 -1.37844135e-01
2.13000000e+01 -5.46665281e-01 -2.19860045e-01 -3.02107248e-01 -3.08858225e-01 -2.48394535e-01 -2.73617403e-01 -3.03993114e-01 -3.05738701e-01 -3.08576441e-01 -3.09600759e-01 -3.48091144e-01 -3.89131400e-01 -3.95305718e-01 -3.76541445e-01 -3.92922024e-01 -4.07529587e-01 -3.83907113e-01 -3.34958708e-01 -3.02798580e-01 -2.86647898e-01 -2.36367421e-01 -1.92984423e-01 -1.58943107e-01 -1.09098645e-01 -5.07151323e-02 5.66950532e-03 4.88074846e-02 7.51207517e-02 8.38945633e-02 6.97250351e-02 5.09580299e-02 2.79611626e-02 1.09138479e-02 -4.84638135e-03 -1.44140455e-02 -3.91050208e-02 -3.82547440e-02 -5.14834541e-02 -6.80515564e-02 -7.44235076e-02 -8.21066033e-02 -7.81944444e-02 -6.97712045e-02 -5.72977998e-02 -3.56603459e-02 -6.12558134e-03 2.57363122e-02 5.46312394e-02 8.58299822e-02 1.15538551e-01 1.42440564e-01 1.65398694e-01 1.85044020e-01 2.00856780e-01 2.13313390e-01 2.25527122e-01 2.38670092e-01 2.51570792e-01 2.59170912e-01 2.63046376e-01 2.64216757e-01 2.57709880e-01 2.49269845e-01 2.34975435e-01 2.20910201e-01 2.05197624e-01 1.96647432e-01 1.89151189e-01 1.81295432e-01 1.80929891e-01 1.84824267e-01 1.84622179e-01 1.90620513e-01 1.95072546e-01 2.03231093e-01 2.10194190e-01 2.19777068e-01 2.31287149e-01 2.40175887e-01 2.53597847e-01 2.69263756e-01 2.62982758e-01 2.55124532e-01 2.39437614e-01 1.80649564e-01 1.44806611e-01 1.78241899e-01 7.03715380e-02 6.98218993e-02 5.50432934e-02 2.36406609e-02 -1.69061665e-02 -6.95074294e-03 -2.48597904e-02 -3.64712694e-02 -5.38384710e-02 -1.05643951e-01 -1.04531947e-01 -2.04450444e-01 -1.28992588e-01
2.14000000e+01 -5.53941975e-01 -2.24790346e-01 -3.04904343e-01 -3.10147269e-01 -2.51052638e-01 -2.77811819e-01 -3.04953650e-01 -3.08101723e-01 -3.08321631e-01 -3.10935949e-01 -3.47173111e-01 -3.88890652e-01 -3.94330496e-01 -3.75872366e-01 -3.89527808e-01 -4.03638584e-01 -3.81339081e-01 -3.31557188e-01 -2.98316816e-01 -2.83503398e-01 -2.32392230e-01 -1.89840049e-01 -1.56017011e-01 -1.07066209e-01 -4.86709542e-02 6.90370839e-03 5.08190820e-02 7.65017676e-02 8.59371661e-02 7.12708529e-02 5.34212611e-02 3.03318372e-02 1.39200574e-02 -1.86397620e-03 -1.09252593e-02 -3.63754836e-02 -3.45509766e-02 -4.89933550e-02 -6.53462096e-02 -7.24229560e-02 -8.09574639e-02 -7.71106153e-02 -6.93614450e-02 -5.71084550e-02 -3.60061024e-02 -6.34310847e-03 2.53847707e-02 5.40570784e-02 8.52833635e-02 1.14517754e-01 1.40932138e-01 1.63584283e-01 1.82614028e-01 1.97495530e-01 2.08973635e-01 2.20075056e-01 2.32156084e-01 2.44323085e-01 2.51589069e-01 2.55739237e-01 2.57522128e-01 2.51803724e-01 2.44463872e-01 2.31274986e-01 2.17745413e-01 2.02910204e-01 1.94797375e-01 1.87599955e-01 1.80109146e-01 1.79847434e-01 1.83972656e-01 1.84006875e-01 1.89999242e-01 1.94761865e-01 2.03136556e-01 2.10190834e-01 2.20097161e-01 2.31959682e-01 2.41051271e-01 2.54917311e-01 2.70682383e-01 2.63215125e-01 2.55371296e-01 2.37632740e-01 1.80962053e-01 1.45775346e-01 1.78161551e-01 6.92791114e-02 7.27767138e-02 5.45129332e-02 2.51078729e-02 -1.51790047e-02 -7.51256016e-03 -2.11493550e-02 -3.55801510e-02 -4.97969656e-02 -1.01099159e-01 -1.01385512e-01 -2.01121945e-01 -1.20027505e-01
2.15000000e+01 -5.61129170e-01 -2.29779521e-01 -3.07537000e-01 -3.11367268e-01 -2.54037593e-01 -2.81881452e-01 -3.05942236e-01 -3.10574942e-01 -3.07980872e-01 -3.12369588e-01 -3.46241578e-01 -3.88645608e-01 -3.93297920e-01 -3.75203597e-01 -3.86044097e-01 -3.99667738e-01 -3.78558119e-01 -3.28113968e-01 -2.93894272e-01 -2.80337030e-01 -2.28481148e-01 -1.86722961e-01 -1.53120210e-01 -1.05093229e-01 -4.66066964e-02 8.01823283e-03 5.28348638e-02 7.77684987e-02 8.79836394e-02 7.27058918e-02 5.58983303e-02 3.26332531e-02 1.68928211e-02 1.10660864e-03 -7.50039632e-03 -3.35937979e-02 -3.08952035e-02 -4.64617729e-02 -6.25796242e-02 -7.04093768e-02 -7.97144858e-02 -7.59783727e-02 -6.89453358e-02 -5.68716267e-02 -3.63260915e-02 -6.56002609e-03 2.50344276e-02 5.34797235e-02 8.47573210e-02 1.13496264e-01 1.39405075e-01 1.61741790e-01 1.80156914e-01 1.94119628e-01 2.04641303e-01 2.14645119e-01 2.25671066e-01 2.37092152e-01 2.44006666e-01 2.48438599e-01 2.50819085e-01 2.45875228e-01 2.39645959e-01 2.27567868e-01 2.14564889e-01 2.00626673e-01 1.92961377e-01 1.86039388e-01 1.78956427e-01 1.78784398e-01 1.83115139e-01 1.83426284e-01 1.89397056e-01 1.94467606e-01 2.03055512e-01 2.10203093e-01 2.20431467e-01 2.32629345e-01 2.41942910e-01 2.56230046e-01 2.71998335e-01 2.63350517e-01 2.55467216e-01 2.35859671e-01 1.81389943e-01 1.46715100e-01 1.77966990e-01 6.82901937e-02 7.56499275e-02 5.40750444e-02 2.64080641e-02 -1.31581335e-02 -8.30034963e-03 -1.74424777e-02 -3.45253226e-02 -4.60299236e-02 -9.63653527e-02 -9.82260672e-02 -1.97821032e-01 -1.10952187e-01
2.16000000e+01 -5.68226444e-01 -2.34822448e-01 -3.09992688e-01 -3.12547036e-01 -2.57341099e-01 -2.85801552e-01 -3.06997713e-01 -3.13113569e-01 -3.07599301e-01 -3.13864731e-01 -3.45322689e-01 -3.88380575e-01 -3.92221833e-01 -3.74512333e-01 -3.82483011e-01 -3.95627528e-01 -3.75559993e-01 -3.24624748e-01 -2.89540879e-01 -2.77142792e-01 -2.24646421e-01 -1.83626028e-01 -1.50260607e-01 -1.03167895e-01 -4.45300771e-02 9.02740937e-03 5.48433288e-02 7.89332110e-02 9.00212976e-02 7.40441567e-02 5.83797981e-02 3.48733829e-02 1.98283927e-02 4.06871194e-03 -4.14551501e-03 -3.07557797e-02 -2.72953343e-02 -4.38866447e-02 -5.97543137e-02 -6.83847786e-02 -7.83736706e-02 -7.48001582e-02 -6.85183156e-02 -5.65908496e-02 -3.66162290e-02 -6.77664545e-03 2.46839110e-02 5.29005820e-02 8.42483909e-02 1.12474905e-01 1.37859904e-01 1.59869160e-01 1.77669744e-01 1.90727290e-01 2.00315127e-01 2.09236717e-01 2.19219425e-01 2.29880860e-01 2.36428942e-01 2.41148322e-01 2.44109431e-01 2.39925715e-01 2.34816532e-01 2.23850197e-01 2.11370707e-01 1.98342878e-01 1.91139214e-01 1.84469701e-01 1.77835451e-01 1.77741091e-01 1.82251117e-01 1.82879373e-01 1.88815091e-01 1.94190052e-01 2.02987573e-01 2.10231455e-01 2.20780980e-01 2.33294236e-01 2.42851846e-01 2.57533840e-01 2.73203580e-01 2.63388852e-01 2.55411293e-01 2.34151549e-01 1.81899760e-01 1.47638551e-01 1.77638468e-01 6.74566945e-02 7.83823258e-02 5.37613991e-02 2.75434081e-02 -1.08773476e-02 -9.25024450e-03 -1.38029773e-02 -3.32652840e-02 -4.25428127e-02 -9.14625322e-02 -9.50357646e-02 -1.94553996e-01 -1.01770523e-01
2.17000000e+01 -5.75233636e-01 -2.39912960e-01 -3.12260471e-01 -3.13716882e-01 -2.60949432e-01 -2.89552436e-01 -3.08156573e-01 -3.15672420e-01 -3.07223945e-01 -3.15382741e-01 -3.44443173e-01 -3.88079452e-01 -3.91116732e-01 -3.73774901e-01 -3.78857728e-01 -3.91526776e-01 -3.72342804e-01 -3.21085365e-01 -2.85265198e-01 -2.73915220e-01 -2.20899483e-01 -1.80542504e-01 -1.47446111e-01 -1.01277762e-01 -4.24502754e-02 9.94728945e-03 5.68315346e-02 8.00096182e-02 9.20357390e-02 7.53013225e-02 6.08549424e-02 3.70606738e-02 2.27230912e-02 7.02527506e-03 -8.65819746e-04 -2.78584681e-02 -2.37577889e-02 -4.12668081e-02 -5.68730500e-02 -6.63501260e-02 -7.69321514e-02 -7.35784287e-02 -6.80751675e-02 -5.62698746e-02 -3.68726965e-02 -6.99316220e-03 2.43318249e-02 5.23214411e-02 8.37527207e-02 1.11454504e-01 1.36297127e-01 1.57964584e-01 1.75149753e-01 1.87316827e-01 1.95993651e-01 2.03849195e-01 2.12805254e-01 2.22692100e-01 2.28861186e-01 2.33872327e-01 2.37394775e-01 2.33956870e-01 2.29975908e-01 2.20117882e-01 2.08165284e-01 1.96054773e-01 1.89330173e-01 1.82891584e-01 1.76744030e-01 1.76717875e-01 1.81380326e-01 1.82364875e-01 1.88254446e-01 1.93929481e-01 2.02932378e-01 2.10276378e-01 2.21146759e-01 2.33952369e-01 2.43778924e-01 2.58826027e-01 2.74290496e-01 2.63330118e-01 2.55205138e-01 2.32538953e-01 1.82457482e-01 1.48558066e-01 1.77159902e-01 6.68252213e-02 8.09192341e-02 5.36001641e-02 2.85208579e-02 -8.37687837e-03 -1.02942008e-02 -1.02930017e-02 -3.17650345e-02 -3.93337418e-02 -8.64147878e-02 -9.17962313e-02 -1.91326242e-01 -9.24870193e-02
2.18000000e+01 -5.82150810e-01 -2.45043843e-01 -3.14331341e-01 -3.14907978e-01 -2.64843727e-01 -2.93119966e-01 -3.09451811e-01 -3.18207470e-01 -3.06902050e-01 -3.16884715e-01 -3.43629330e-01 -3.87726398e-01 -3.89997150e-01 -3.72967423e-01 -3.75182118e-01 -3.87372625e-01 -3.68907009e-01 -3.17491893e-01 -2.81074320e-01 -2.70649533e-01 -2.17250710e-01 -1.77466308e-01 -1.44684290e-01 -9.94101434e-02 -4.03775463e-02 1.07952135e-02 5.87855357e-02 8.10124402e-02 9.40113548e-02 7.64942515e-02 6.33121331e-02 3.92037614e-02 2.55734806e-02 9.97870319e-03 2.33447267e-03 -2.49002642e-02 -2.02873830e-02 -3.86020051e-02 -5.39389009e-02 -6.43052938e-02 -7.53882735e-02 -7.23155669e-02 -6.76101390e-02 -5.59125532e-02 -3.70919912e-02 -7.20963818e-03 2.39767867e-02 5.17444208e-02 8.32661341e-02 1.10435790e-01 1.34717240e-01 1.56026486e-01 1.72594364e-01 1.83886656e-01 1.91675233e-01 1.98481894e-01 2.06432255e-01 2.15528862e-01 2.21308690e-01 2.26614577e-01 2.30676533e-01 2.27970753e-01 2.25124243e-01 2.16366714e-01 2.04951263e-01 1.93758526e-01 1.87533023e-01 1.81306165e-01 1.75679668e-01 1.75715146e-01 1.80502864e-01 1.81881280e-01 1.87716166e-01 1.93686146e-01 2.02889607e-01 2.10338318e-01 2.21529886e-01 2.34601719e-01 2.44724767e-01 2.60103441e-01 2.75251953e-01 2.63174343e-01 2.54853120e-01 2.31049183e-01 1.83029462e-01 1.49485178e-01 1.76519522e-01 6.64357929e-02 8.32119799e-02 5.36151187e-02 2.93518038e-02 -5.70197057e-03 -1.13620979e-02 -6.97105376e-03 -2.99971878e-02 -3.63933939e-02 -8.12497744e-02 -8.84890573e-02 -1.88142107e-01 -8.31068283e-02
2.19000000e+01 -5.88978202e-01 -2.50206865e-01 -3.16198539e-01 -3.16151700e-01 -2.69000396e-01 -2.96495874e-01 -3.10911894e-01 -3.20677377e-01 -3.06679409e-01 -3.18332921e-01 -3.42906022e-01 -3.87306513e-01 -3.88877021e-01 -3.72066492e-01 -3.71470352e-01 -3.83170574e-01 -3.65255397e-01 -3.13840745e-01 -2.76973790e-01 -2.67341754e-01 -2.13709194e-01 -1.74392291e-01 -1.41982025e-01 -9.75525086e-02 -3.83228083e-02 1.15893476e-02 6.06908430e-02 8.19569380e-02 9.59318709e-02 7.76404778e-02 6.57392224e-02 4.13111932e-02 2.83765451e-02 1.29307352e-02 5.45224506e-03 -2.18810377e-02 -1.68872583e-02 -3.58928621e-02 -5.09552598e-02 -6.22490484e-02 -7.37416460e-02 -7.10137896e-02 -6.71170797e-02 -5.55227247e-02 -3.72709543e-02 -7.42599990e-03 2.36174711e-02 5.11719118e-02 8.27842019e-02 1.09419319e-01 1.33120751e-01 1.54053506e-01 1.70001198e-01 1.80435307e-01 1.87358063e-01 1.93134201e-01 2.00103658e-01 2.08394287e-01 2.13776708e-01 2.19379074e-01 2.23955954e-01 2.21969798e-01 2.20261489e-01 2.12592457e-01 2.01731392e-01 1.91450605e-01 1.85746009e-01 1.79714960e-01 1.74639624e-01 1.74733299e-01 1.79619206e-01 1.81426829e-01 1.87201234e-01 1.93460258e-01 2.02859002e-01 2.10417756e-01 2.21931414e-01 2.35240286e-01 2.45689755e-01 2.61362368e-01 2.76081402e-01 2.62921597e-01 2.54362437e-01 2.29705615e-01 1.83583326e-01 1.50430081e-01 1.75710406e-01 6.63207469e-02 8.52191748e-02 5.38250007e-02 3.00516127e-02 -2.90133485e-03 -1.23838858e-02 -3.89012205e-03 -2.79428693e-02 -3.37051727e-02 -7.59980649e-02 -8.50963043e-02 -1.85004679e-01 -7.36357592e-02
2.20000000e+01 -5.95716163e-01 -2.55392838e-01 -3.17857826e-01 -3.17478930e-01 -2.73391661e-01 -2.99677923e-01 -3.12559874e-01 -3.23044889e-01 -3.06598758e-01 -3.19692186e-01 -3.42295706e-01 -3.86806492e-01 -3.87769067e-01 -3.71049848e-01 -3.67736471e-01 -3.78924579e-01 -3.61393019e-01 -3.10128763e-01 -2.72967562e-01 -2.63988811e-01 -2.10282561e-01 -1.71316467e-01 -1.39345196e-01 -9.56928814e-02 -3.62972171e-02 1.23482032e-02 6.25328935e-02 8.28584396e-02 9.77809033e-02 7.87576742e-02 6.81239408e-02 4.33911667e-02 3.11298552e-02 1.58823252e-02 8.48556654e-03 -1.88021927e-02 -1.35588612e-02 -3.31408474e-02 -4.79258683e-02 -6.01790589e-02 -7.19931578e-02 -6.96750588e-02 -6.65895936e-02 -5.51041075e-02 -3.74067836e-02 -7.64205383e-03 2.32526627e-02 5.06064968e-02 8.23023191e-02 1.08405431e-01 1.31508170e-01 1.52044486e-01 1.67368107e-01 1.76961408e-01 1.83040211e-01 1.87805588e-01 1.93822166e-01 2.01291694e-01 2.06270423e-01 2.12169827e-01 2.17234146e-01 2.15956800e-01 2.15387369e-01 2.08790945e-01 1.98508395e-01 1.89127845e-01 1.83966890e-01 1.78119792e-01 1.73620992e-01 1.73772686e-01 1.78730224e-01 1.80999523e-01 1.86710556e-01 1.93251985e-01 2.02840367e-01 2.10515218e-01 2.22352309e-01 2.35866168e-01 2.46673997e-01 2.62598522e-01 2.76772948e-01 2.62572008e-01 2.53743113e-01 2.28527147e-01 1.84088816e-01 1.51401194e-01 1.74730856e-01 6.65038768e-02 8.69077803e-02 5.42430003e-02 3.06390645e-02 -2.55287386e-05 -1.32917101e-02 -1.09597751e-03 -2.55923635e-02 -3.12455673e-02 -7.06923984e-02 -8.16010235e-02 -1.81915656e-01 -6.40802777e-02
2.21000000e+01 -6.02365099e-01 -2.60591704e-01 -3.19307726e-01 -3.18919363e-01 -2.77986196e-01 -3.02669891e-01 -3.14412674e-01 -3.25278106e-01 -3.06698289e-01 -3.20931185e-01 -3.41817545e-01 -3.86215221e-01 -3.86684209e-01 -3.69897033e-01 -3.63993959e-01 -3.74637204e-01 -3.57327066e-01 -3.06353309e-01 -2.69057986e-01 -2.60588609e-01 -2.06976820e-01 -1.68236220e-01 -1.36778387e-01 -9.38202115e-02 -3.43117394e-02 1.30901541e-02 6.42975143e-02 8.37318661e-02 9.95425113e-02 7.98631192e-02 7.04542909e-02 4.54512871e-02 3.38317212e-02 1.88335386e-02 1.14337489e-02 -1.56666886e-02 -1.03019751e-02 -3.03482057e-02 -4.48548253e-02 -5.80919415e-02 -7.01449555e-02 -6.83010041e-02 -6.60212016e-02 -5.46601891e-02 -3.74970361e-02 -7.85751253e-03 2.28813138e-02 5.00508527e-02 8.18157863e-02 1.07394224e-01 1.29879997e-01 1.49998443e-01 1.64693202e-01 1.73463649e-01 1.78719688e-01 1.82495641e-01 1.87589912e-01 1.94224589e-01 1.98794931e-01 2.04990838e-01 2.10512103e-01 2.09934895e-01 2.10501349e-01 2.04958175e-01 1.95284854e-01 1.86787491e-01 1.82192999e-01 1.76522690e-01 1.72620782e-01 1.72833567e-01 1.77837192e-01 1.80597131e-01 1.86244950e-01 1.93061448e-01 2.02833577e-01 2.10631294e-01 2.22793380e-01 2.36477644e-01 2.47677295e-01 2.63807029e-01 2.77321417e-01 2.62125795e-01 2.53007911e-01 2.27527755e-01 1.84518576e-01 1.52404783e-01 1.73584620e-01 6.69998280e-02 8.82539275e-02 5.48764173e-02 3.11357035e-02 2.87468089e-03 -1.40219450e-02 1.37430837e-03 -2.29454859e-02 -2.89847288e-02 -6.53668418e-02 -7.79877668e-02 -1.78875224e-01 -5.44474898e-02
2.22000000e+01 -6.08925396e-01 -2.65792661e-01 -3.20549705e-01 -3.20500811e-01 -2.82749864e-01 -3.05481388e-01 -3.16480580e-01 -3.27351555e-01 -3.07010330e-01 -3.22023585e-01 -3.41486637e-01 -3.85524298e-01 -3.85631053e-01 -3.68589991e-01 -3.60255305e-01 -3.70309809e-01 -3.53066712e-01 -3.02512337e-01 -2.65245817e-01 -2.57140072e-01 -2.03796250e-01 -1.65150469e-01 -1.34284636e-01 -9.19247194e-02 -3.23767422e-02 1.38329662e-02 6.59713720e-02 8.45912736e-02 1.01201728e-01 8.09731792e-02 7.27189304e-02 4.74983470e-02 3.64813261e-02 2.17834689e-02 1.42973670e-02 -1.24790073e-02 -7.11480754e-03 -2.75178713e-02 -4.17465821e-02 -5.59833374e-02 -6.82003797e-02 -6.68928598e-02 -6.54055076e-02 -5.41941157e-02 -3.75396304e-02 -8.07202154e-03 2.25026038e-02 4.95076367e-02 8.13198965e-02 1.06385552e-01 1.28236683e-01 1.47914543e-01 1.61974892e-01 1.69940740e-01 1.74394530e-01 1.77204073e-01 1.81408449e-01 1.87196653e-01 1.91355226e-01 1.97846070e-01 2.03790751e-01 2.03907527e-01 2.05602631e-01 2.01090407e-01 1.92063086e-01 1.84427215e-01 1.80421340e-01 1.74925777e-01 1.71636012e-01 1.71916059e-01 1.76941786e-01 1.80217206e-01 1.85805146e-01 1.92888722e-01 2.02838579e-01 2.10766653e-01 2.23255220e-01 2.37073253e-01 2.48699102e-01 2.64982427e-01 2.77722423e-01 2.61583334e-01 2.52172159e-01 2.26716161e-01 1.84848831e-01 1.53444678e-01 1.72280920e-01 6.78137730e-02 8.92434685e-02 5.57264921e-02 3.15651259e-02 5.74992164e-03 -1.45170700e-02 3.49357399e-03 -2.00116631e-02 -2.68872474e-02 -6.00558863e-02 -7.42430749e-02 -1.75881975e-01 -4.47451107e-02
2.23000000e+01 -6.15397354e-01 -2.70984309e-01 -3.21588290e-01 -3.22248547e-01 -2.87646523e-01 -3.08127494e-01 -3.18766951e-01 -3.29247018e-01 -3.07560251e-01 -3.22949011e-01 -3.41313381e-01 -3.84728448e-01 -3.84615454e-01 -3.67113606e-01 -3.56531601e-01 -3.65942778e-01 -3.48622918e-01 -2.98604470e-01 -2.61530253e-01 -2.53643165e-01 -2.00743326e-01 -1.62059789e-01 -1.31865230e-01 -8.99981980e-02 -3.05016114e-02 1.45933555e-02 6.75423907e-02 8.54494196e-02 1.02745053e-01 8.21028218e-02 7.49075340e-02 4.95381340e-02 3.90788337e-02 2.47301807e-02 1.70782383e-02 -9.24506381e-03 -3.99413045e-03 -2.46533608e-02 -3.86059214e-02 -5.38480274e-02 -6.61638598e-02 -6.54514218e-02 -6.47363649e-02 -5.37085815e-02 -3.75328574e-02 -8.28517504e-03 2.21159932e-02 4.89793615e-02 8.08100251e-02 1.05379040e-01 1.26578611e-01 1.45792071e-01 1.59211915e-01 1.66391356e-01 1.70062873e-01 1.71930732e-01 1.75278753e-01 1.80211713e-01 1.83956193e-01 1.90739416e-01 1.97070990e-01 1.97878417e-01 2.00690150e-01 1.97184250e-01 1.88845043e-01 1.82045114e-01 1.78648699e-01 1.73331153e-01 1.70663786e-01 1.71020084e-01 1.76046074e-01 1.79857112e-01 1.85391783e-01 1.92733831e-01 2.02855386e-01 2.10922055e-01 2.23738145e-01 2.37651873e-01 2.49738485e-01 2.66118680e-01 2.77972414e-01 2.60945237e-01 2.51253503e-01 2.26095630e-01 1.85059958e-01 1.54522100e-01 1.70834281e-01 6.89413759e-02 8.98722470e-02 5.67884149e-02 3.19522230e-02 8.55373636e-03 -1.47273286e-02 5.24546646e-03 -1.68097126e-02 -2.49131111e-02 -5.47935042e-02 -7.03559274e-02 -1.72932868e-01 -3.49814184e-02
2.24000000e+01 -6.21781102e-01 -2.76154838e-01 -3.22431131e-01 -3.24184685e-01 -2.92638890e-01 -3.10628239e-01 -3.21268155e-01 -3.30954116e-01 -3.08365609e-01 -3.23693778e-01 -3.41303020e-01 -3.83825818e-01 -3.83640178e-01 -3.65456155e-01 -3.52832177e-01 -3.61535757e-01 -3.44008209e-01 -2.94629058e-01 -2.57908988e-01 -2.50098892e-01 -1.97818691e-01 -1.58966486e-01 -1.29519561e-01 -8.80342621e-02 -2.86944139e-02 1.53865852e-02 6.90001311e-02 8.63173706e-02 1.04160893e-01 8.32651760e-02 7.70111269e-02 5.15752710e-02 4.16254604e-02 2.76706869e-02 1.97793559e-02 -5.97205845e-03 -9.35470484e-04 -2.17586475e-02 -3.54379208e-02 -5.16800809e-02 -6.40407709e-02 -6.39770252e-02 -6.40080372e-02 -5.32057171e-02 -3.74754081e-02 -8.49650994e-03 2.17212664e-02 4.84682686e-02 8.02817231e-02 1.04374090e-01 1.24906073e-01 1.43630400e-01 1.56403363e-01 1.62814091e-01 1.65723036e-01 1.66675597e-01 1.69201249e-01 1.73273698e-01 1.76602613e-01 1.83674667e-01 1.90353749e-01 1.91851504e-01 1.95762585e-01 1.93236745e-01 1.85632228e-01 1.79639678e-01 1.76871759e-01 1.71740786e-01 1.69701375e-01 1.70145329e-01 1.75152499e-01 1.79514042e-01 1.85005425e-01 1.92596752e-01 2.02884071e-01 2.11098350e-01 2.24242150e-01 2.38212778e-01 2.50794084e-01 2.67209206e-01 2.78068718e-01 2.60212453e-01 2.50271577e-01 2.25663907e-01 1.85136926e-01 1.55635593e-01 1.69264176e-01 7.03690461e-02 9.01460820e-02 5.80515112e-02 3.23224035e-02 1.12439751e-02 -1.46121197e-02 6.62499788e-03 -1.33673259e-02 -2.30188209e-02 -4.96121912e-02 -6.63181373e-02 -1.70023231e-01 -2.51651922e-02
2.25000000e+01 -6.28076526e-01 -2.81292231e-01 -3.23088984e-01 -3.26327627e-01 -2.97689441e-01 -3.13007938e-01 -3.23973746e-01 -3.32470608e-01 -3.09435592e-01 -3.24251394e-01 -3.41455366e-01 -3.82818132e-01 -3.82704691e-01 -3.63609648e-01 -3.49164295e-01 -3.57087888e-01 -3.39236429e-01 -2.90586235e-01 -2.54378302e-01 -2.46509271e-01 -1.95021160e-01 -1.55874614e-01 -1.27245034e-01 -8.60285371e-02 -2.69616145e-02 1.62261144e-02 7.03361175e-02 8.72041621e-02 1.05439938e-01 8.44711529e-02 7.90223771e-02 5.36130949e-02 4.41235048e-02 3.06009668e-02 2.24047756e-02 -2.66827374e-03 2.06665882e-03 -1.88380200e-02 -3.22479037e-02 -4.94730355e-02 -6.18372587e-02 -6.24695433e-02 -6.32153467e-02 -5.26869831e-02 -3.73664194e-02 -8.70547374e-03 2.13185561e-02 4.79762101e-02 7.97308103e-02 1.03369893e-01 1.23219245e-01 1.41428974e-01 1.53548686e-01 1.59207430e-01 1.61373577e-01 1.61438768e-01 1.63175852e-01 1.66386591e-01 1.69299167e-01 1.76655465e-01 1.83640049e-01 1.85830894e-01 1.90818377e-01 1.89245434e-01 1.82425628e-01 1.77209751e-01 1.75087225e-01 1.70156414e-01 1.68746272e-01 1.69291218e-01 1.74263841e-01 1.79185051e-01 1.84646573e-01 1.92477407e-01 2.02924762e-01 2.11296465e-01 2.24766867e-01 2.38755693e-01 2.51864075e-01 2.68246926e-01 2.78009572e-01 2.59386394e-01 2.49247614e-01 2.25413284e-01 1.85069578e-01 1.56781087e-01 1.67594478e-01 7.20744705e-02 9.00804676e-02 5.94995965e-02 3.27008179e-02 1.37840174e-02 -1.41410767e-02 7.63874012e-03 -9.72026539e-03 -2.11586320e-02 -4.45420241e-02 -6.21246797e-02 -1.67146813e-01 -1.53056366e-02
2.26000000e+01 -6.34283185e-01 -2.86384492e-01 -3.23575621e-01 -3.28691590e-01 -3.02761304e-01 -3.15294383e-01 -3.26866862e-01 -3.33802400e-01 -3.10770752e-01 -3.24622779e-01 -3.41764728e-01 -3.81710699e-01 -3.81805064e-01 -3.61570060e-01 -3.45532917e-01 -3.52598040e-01 -3.34322479e-01 -2.86476961e-01 -2.50933151e-01 -2.42877282e-01 -1.92347764e-01 -1.52789942e-01 -1.25037054e-01 -8.39787783e-02 -2.53078585e-02 1.71233071e-02 7.15441055e-02 8.81165246e-02 1.06575454e-01 8.57291397e-02 8.09358367e-02 5.56535822e-02 4.65763241e-02 3.35160329e-02 2.49594583e-02 6.57174357e-04 5.01849304e-03 -1.58959297e-02 -2.90413788e-02 -4.72201025e-02 -5.95600411e-02 -6.09284039e-02 -6.23538050e-02 -5.21530717e-02 -3.72055368e-02 -8.91136884e-03 2.09083461e-02 4.75045493e-02 7.91534677e-02 1.02365431e-01 1.21518185e-01 1.39187301e-01 1.50647673e-01 1.55569748e-01 1.57013329e-01 1.56220447e-01 1.57202020e-01 1.59554383e-01 1.62050438e-01 1.69685263e-01 1.76931069e-01 1.79820786e-01 1.85855759e-01 1.85208428e-01 1.79225666e-01 1.74754476e-01 1.73291932e-01 1.68579459e-01 1.67796244e-01 1.68456886e-01 1.73383176e-01 1.78867087e-01 1.84315693e-01 1.92375672e-01 2.02977635e-01 2.11517390e-01 2.25311553e-01 2.39280823e-01 2.52946140e-01 2.69224321e-01 2.77794136e-01 2.58469070e-01 2.48203993e-01 2.25330807e-01 1.84852773e-01 1.57952079e-01 1.65852755e-01 7.40274040e-02 8.97000015e-02 6.11114864e-02 3.31116095e-02 1.61437884e-02 -1.32948044e-02 8.30465029e-03 -5.91129831e-03 -1.92858854e-02 -3.96097608e-02 -5.77739379e-02 -1.64295890e-01 -5.41229265e-03
2.27000000e+01 -6.40400241e-01 -2.91419894e-01 -3.23907672e-01 -3.31286223e-01 -3.07819155e-01 -3.17517949e-01 -3.29924843e-01 -3.34963270e-01 -3.12363053e-01 -3.24816230e-01 -3.42220043e-01 -3.80512271e-01 -3.80934020e-01 -3.59337439e-01 -3.41940556e-01 -3.48065016e-01 -3.29282053e-01 -2.82303065e-01 -2.47567293e-01 -2.39206804e-01 -1.89793831e-01 -1.49719857e-01 -1.22889078e-01 -8.18849151e-02 -2.37358261e-02 1.80872079e-02 7.26202831e-02 8.90586850e-02 1.07563497e-01 8.70447777e-02 8.27481217e-02 5.76973251e-02 4.89882547e-02 3.64100468e-02 2.74490759e-02 3.99461770e-03 7.92673303e-03 -1.29368328e-02 -2.58239719e-02 -4.49143892e-02 -5.72161981e-02 -5.93526220e-02 -6.14197186e-02 -5.16038257e-02 -3.69929795e-02 -9.11328337e-03 2.04914494e-02 4.70540870e-02 7.85463246e-02 1.01359467e-01 1.19802821e-01 1.36904949e-01 1.47700408e-01 1.51899337e-01 1.52641417e-01 1.51020920e-01 1.51278811e-01 1.52781017e-01 1.54860917e-01 1.62767272e-01 1.70228218e-01 1.73825398e-01 1.80872791e-01 1.81124440e-01 1.76032172e-01 1.72273234e-01 1.71482941e-01 1.67010980e-01 1.66849352e-01 1.67641191e-01 1.72513802e-01 1.78557024e-01 1.84013234e-01 1.92291380e-01 2.03042899e-01 2.11762137e-01 2.25875083e-01 2.39788866e-01 2.54037440e-01 2.70133503e-01 2.77422498e-01 2.57463237e-01 2.47163737e-01 2.25398608e-01 1.84486369e-01 1.59139908e-01 1.64069426e-01 7.61906900e-02 8.90375594e-02 6.28616466e-02 3.35772146e-02 1.83005396e-02 -1.20652527e-02 8.65153193e-03 -1.98889617e-03 -1.73543915e-02 -3.48380133e-02 -5.32678617e-02 -1.61461416e-01 4.50506284e-03
2.28000000e+01 -6.46426382e-01 -2.96387232e-01 -3.24104393e-01 -3.34116329e-01 -3.12830057e-01 -3.19710605e-01 -3.33120042e-01 -3.35974316e-01 -3.14196229e-01 -3.24847107e-01 -3.42805209e-01 -3.79234761e-01 -3.80081095e-01 -3.56915889e-01 -3.38387202e-01 -3.43487734e-01 -3.24131368e-01 -2.78067267e-01 -2.44273419e-01 -2.35502528e-01 -1.87353103e-01 -1.46673204e-01 -1.20792745e-01 -7.97490175e-02 -2.22461648e-02 1.91243911e-02 7.35634012e-02 9.00322527e-02 1.08403029e-01 8.84208329e-02 8.44580202e-02 5.97435644e-02 5.13644724e-02 3.92764856e-02 2.98797914e-02 7.33413294e-03 1.07982546e-02 -9.96503246e-03 -2.26013519e-02 -4.25491277e-02 -5.48129619e-02 -5.77408451e-02 -6.04102649e-02 -5.10381825e-02 -3.67295959e-02 -9.31002363e-03 2.00689655e-02 4.66250202e-02 7.79065362e-02 1.00350535e-01 1.18072948e-01 1.34581562e-01 1.44707210e-01 1.48194465e-01 1.48257240e-01 1.45840534e-01 1.45404943e-01 1.46070348e-01 1.47735005e-01 1.55904425e-01 1.63533209e-01 1.67848875e-01 1.75867417e-01 1.76992825e-01 1.72844370e-01 1.69765601e-01 1.69657613e-01 1.65451637e-01 1.65903963e-01 1.66842719e-01 1.71659168e-01 1.78251712e-01 1.83739644e-01 1.92224347e-01 2.03120794e-01 2.12031703e-01 2.26455960e-01 2.40281013e-01 2.55134596e-01 2.70966308e-01 2.76895664e-01 2.56372554e-01 2.46149971e-01 2.25594367e-01 1.83975069e-01 1.60334138e-01 1.62276818e-01 7.85214784e-02 8.81332415e-02 6.47209624e-02 3.41177330e-02 2.02393712e-02 -1.04557176e-02 8.71814864e-03 1.99426113e-03 -1.53198248e-02 -3.02445171e-02 -4.86120257e-02 -1.58633220e-01 1.44365281e-02
2.29000000e+01 -6.52359761e-01 -3.01276087e-01 -3.24187354e-01 -3.37181702e-01 -3.17764249e-01 -3.21904884e-01 -3.36420803e-01 -3.36863145e-01 -3.16246426e-01 -3.24737264e-01 -3.43499600e-01 -3.77892821e-01 -3.79232936e-01 -3.54313432e-01 -3.34870345e-01 -3.38865381e-01 -3.18886900e-01 -2.73773192e-01 -2.41043301e-01 -2.31769859e-01 -1.85017876e-01 -1.43660076e-01 -1.18738082e-01 -7.75751852e-02 -2.08374994e-02 2.02388864e-02 7.43748289e-02 9.10361916e-02 1.09095947e-01 8.98571623e-02 8.60665229e-02 6.17902777e-02 5.37107997e-02 4.21083500e-02 3.22580271e-02 1.06658367e-02 1.36398250e-02 -6.98452815e-03 -1.93791531e-02 -4.01179025e-02 -5.23575177e-02 -5.60914085e-02 -5.93235342e-02 -5.04541500e-02 -3.64168899e-02 -9.50006333e-03 1.96422209e-02 4.62169322e-02 7.72318507e-02 9.93369150e-02 1.16328232e-01 1.32216876e-01 1.41668552e-01 1.44453449e-01 1.43860446e-01 1.40679676e-01 1.39578859e-01 1.39426098e-01 1.40677005e-01 1.49099333e-01 1.56848127e-01 1.61895209e-01 1.70837523e-01 1.72813579e-01 1.69660885e-01 1.67231295e-01 1.67813655e-01 1.63901688e-01 1.64958737e-01 1.66059821e-01 1.70822770e-01 1.77948031e-01 1.83495381e-01 1.92174390e-01 2.03211579e-01 2.12327016e-01 2.27052338e-01 2.40758924e-01 2.56233674e-01 2.71714395e-01 2.76215545e-01 2.55201728e-01 2.45185355e-01 2.25891882e-01 1.83328127e-01 1.61522989e-01 1.60508149e-01 8.09725998e-02 8.70331244e-02 6.66576028e-02 3.47503888e-02 2.19534836e-02 -8.48047704e-03 8.55201859e-03 5.98293188e-03 -1.31410876e-02 -2.58415264e-02 -4.38155859e-02 -1.55800255e-01 2.43721954e-02
2.30000000e+01 -6.58197938e-01 -3.06077088e-01 -3.24180085e-01 -3.40477080e-01 -3.22595838e-01 -3.24132835e-01 -3.39792572e-01 -3.37662839e-01 -3.18483117e-01 -3.24514252e-01 -3.44278751e-01 -3.76503307e-01 -3.78373699e-01 -3.51541751e-01 -3.31385074e-01 -3.34197543e-01 -3.13565128e-01 -2.69425365e-01 -2.37867960e-01 -2.28014803e-01 -1.82779183e-01 -1.40691538e-01 -1.16713779e-01 -7.53693626e-02 -1.95065170e-02 2.14321839e-02 7.50585315e-02 9.20668794e-02 1.09647008e-01 9.13507776e-02 8.75767728e-02 6.38343228e-02 5.60334667e-02 4.48984043e-02 3.45902346e-02 1.39801632e-02 1.64578386e-02 -3.99887934e-03 -1.61628962e-02 -3.76148648e-02 -4.98568236e-02 -5.44023990e-02 -5.81585364e-02 -4.98488229e-02 -3.60570103e-02 -9.68152194e-03 1.92127020e-02 4.58288112e-02 7.65206617e-02 9.83166106e-02 1.14568224e-01 1.29810722e-01 1.38584993e-01 1.40674744e-01 1.39450885e-01 1.35538753e-01 1.33798776e-01 1.32851823e-01 1.33691109e-01 1.42354268e-01 1.50175493e-01 1.55968146e-01 1.65781016e-01 1.68587329e-01 1.66479762e-01 1.64670147e-01 1.65949136e-01 1.62361010e-01 1.64012606e-01 1.65290656e-01 1.70008053e-01 1.77642958e-01 1.83280900e-01 1.92141364e-01 2.03315532e-01 2.12648882e-01 2.27662058e-01 2.41224695e-01 2.57330174e-01 2.72369361e-01 2.75384933e-01 2.53956655e-01 2.44291490e-01 2.26261751e-01 1.82558942e-01 1.62693838e-01 1.58796484e-01 8.34940564e-02 8.57878542e-02 6.86379558e-02 3.54890932e-02 2.34441544e-02 -6.16407574e-03 8.20792922e-03 9.92105902e-03 -1.07815998e-02 -2.16353514e-02 -3.88911308e-02 -1.52950875e-01 3.43022770e-02
2.31000000e+01 -6.63937841e-01 -3.10782162e-01 -3.24107644e-01 -3.43992223e-01 -3.27303388e-01 -3.26424995e-01 -3.43199107e-01 -3.38410722e-01 -3.20870244e-01 -3.24210306e-01 -3.45115191e-01 -3.75084647e-01 -3.77485544e-01 -3.48615830e-01 -3.27924254e-01 -3.29484309e-01 -3.08182294e-01 -2.65029194e-01 -2.34737846e-01 -2.24243852e-01 -1.80626980e-01 -1.37779307e-01 -1.14707529e-01 -7.31390873e-02 -1.82481210e-02 2.27033188e-02 7.56209713e-02 9.31182494e-02 1.10063680e-01 9.28960016e-02 8.89939344e-02 6.58716277e-02 5.83388412e-02 4.76394336e-02 3.68826787e-02 1.72681103e-02 1.92580834e-02 -1.01108913e-03 -1.29579092e-02 -3.50349282e-02 -4.73174545e-02 -5.26717249e-02 -5.69151725e-02 -4.92184398e-02 -3.56526940e-02 -9.85217921e-03 1.87819911e-02 4.54590913e-02 7.57720442e-02 9.72873203e-02 1.12792375e-01 1.27363034e-01 1.35457105e-01 1.36857031e-01 1.35028560e-01 1.30418188e-01 1.28062738e-01 1.26350875e-01 1.26781378e-01 1.35671153e-01 1.43518309e-01 1.50071103e-01 1.60695908e-01 1.64315294e-01 1.63298497e-01 1.62082085e-01 1.64062482e-01 1.60829132e-01 1.63064739e-01 1.64533241e-01 1.69218299e-01 1.77333637e-01 1.83096630e-01 1.92125184e-01 2.03432953e-01 2.12997934e-01 2.28282688e-01 2.41680796e-01 2.58419032e-01 2.72922864e-01 2.74407478e-01 2.52644526e-01 2.43488324e-01 2.26672145e-01 1.81684543e-01 1.63833723e-01 1.57173683e-01 8.60345842e-02 8.44511235e-02 7.06276076e-02 3.63441220e-02 2.47204483e-02 -3.54029053e-03 7.74622086e-03 1.37535613e-02 -8.21047429e-03 -1.76260605e-02 -3.38544292e-02 -1.50073152e-01 4.42172346e-02
2.32000000e+01 -6.69575733e-01 -3.15384772e-01 -3.23996148e-01 -3.47712113e-01 -3.31870387e-01 -3.28809405e-01 -3.46603737e-01 -3.39146990e-01 -3.23367549e-01 -3.23861175e-01 -3.45979378e-01 -3.73656137e-01 -3.76549218e-01 -3.45553493e-01 -3.24478782e-01 -3.24726342e-01 -3.02754176e-01 -2.60590916e-01 -2.31643026e-01 -2.20463853e-01 -1.78550370e-01 -1.34935389e-01 -1.12706424e-01 -7.08931849e-02 -1.70556430e-02 2.40490306e-02 7.60709296e-02 9.41820123e-02 1.10355902e-01 9.44847101e-02 9.03249889e-02 6.78974194e-02 6.06331437e-02 5.03245016e-02 3.91412473e-02 2.05214468e-02 2.20455482e-02 1.97648648e-03 -9.76925189e-03 -3.23739386e-02 -4.47454733e-02 -5.08971908e-02 -5.55941765e-02 -4.85584814e-02 -3.52071650e-02 -1.00095266e-02 1.83517146e-02 4.51057081e-02 7.49857710e-02 9.62464115e-02 1.11000082e-01 1.24873827e-01 1.32285420e-01 1.32999295e-01 1.30593568e-01 1.25318418e-01 1.22368656e-01 1.19926375e-01 1.19951716e-01 1.29051568e-01 1.36880099e-01 1.44207087e-01 1.55580413e-01 1.59999234e-01 1.60114086e-01 1.59467129e-01 1.62152441e-01 1.59305285e-01 1.62114505e-01 1.63785508e-01 1.68456520e-01 1.77017459e-01 1.82942940e-01 1.92125853e-01 2.03564178e-01 2.13374575e-01 2.28911580e-01 2.42130003e-01 2.59494626e-01 2.73366756e-01 2.73287668e-01 2.51273902e-01 2.42793569e-01 2.27089657e-01 1.80724986e-01 1.64929875e-01 1.55669388e-01 8.85432411e-02 8.30780762e-02 7.25923380e-02 3.73219129e-02 2.57986752e-02 -6.50814081e-04 7.23089614e-03 1.74281117e-02 -5.40353776e-03 -1.38073556e-02 -2.87240780e-02 -1.47155214e-01 5.41079087e-02
2.33000000e+01 -6.75107203e-01 -3.19880129e-01 -3.23872270e-01 -3.51617273e-01 -3.36285569e-01 -3.31310713e-01 -3.49970636e-01 -3.39913238e-01 -3.25932046e-01 -3.23504815e-01 -3.46840724e-01 -3.72237191e-01 -3.75544685e-01 -3.42374857e-01 -3.21037909e-01 -3.19924925e-01 -2.97295888e-01 -2.56117539e-01 -2.28573391e-01 -2.16681887e-01 -1.76537829e-01 -1.32171686e-01 -1.10697394e-01 -6.86414204e-02 -1.59210996e-02 2.54639929e-02 7.64192530e-02 9.52479486e-02 1.10535777e-01 9.61066477e-02 9.15784659e-02 6.99064785e-02 6.29221640e-02 5.29471957e-02 4.13712922e-02 2.37328722e-02 2.48242776e-02 4.96219913e-03 -6.60164560e-03 -2.96288156e-02 -4.21463259e-02 -4.90765722e-02 -5.41970311e-02 -4.78638066e-02 -3.47239956e-02 -1.01508514e-02 1.79235106e-02 4.47661631e-02 7.41623079e-02 9.51909030e-02 1.09190718e-01 1.22343169e-01 1.29070395e-01 1.29100901e-01 1.26146050e-01 1.20239909e-01 1.16714348e-01 1.13581176e-01 1.13205838e-01 1.22496769e-01 1.30264927e-01 1.38378630e-01 1.50433040e-01 1.55641373e-01 1.56923076e-01 1.56825395e-01 1.60218042e-01 1.57788454e-01 1.61161429e-01 1.63045357e-01 1.67725372e-01 1.76692133e-01 1.82820089e-01 1.92143479e-01 2.03709588e-01 2.13778941e-01 2.29545922e-01 2.42575297e-01 2.60550800e-01 2.73693223e-01 2.72030808e-01 2.49854746e-01 2.42222144e-01 2.27480213e-01 1.79702684e-01 1.65970229e-01 1.54310062e-01 9.09709761e-02 8.17236844e-02 7.44991067e-02 3.84249838e-02 2.67016204e-02 2.45629461e-03 6.72761735e-03 2.08968448e-02 -2.34416291e-03 -1.01666316e-02 -2.35210592e-02 -1.44185602e-01 6.39656455e-02
2.34000000e+01 -6.80527169e-01 -3.24265383e-01 -3.23762709e-01 -3.55684200e-01 -3.40543088e-01 -3.33949387e-01 -3.53266063e-01 -3.40750947e-01 -3.28519572e-01 -3.23180012e-01 -3.47668656e-01 -3.70846571e-01 -3.74451795e-01 -3.39101720e-01 -3.17589618e-01 -3.15081976e-01 -2.91821703e-01 -2.51616742e-01 -2.25518861e-01 -2.12905142e-01 -1.74577445e-01 -1.29499594e-01 -1.08667662e-01 -6.63941256e-02 -1.48354807e-02 2.69411022e-02 7.66785286e-02 9.63042683e-02 1.10617204e-01 9.77498045e-02 9.27641218e-02 7.18934081e-02 6.52109937e-02 5.55018480e-02 4.35775064e-02 2.68961290e-02 2.75972787e-02 7.94513504e-03 -3.45940880e-03 -2.67976657e-02 -3.95247590e-02 -4.72076855e-02 -5.27258682e-02 -4.71288173e-02 -3.42069385e-02 -1.02733452e-02 1.74990181e-02 4.44375929e-02 7.33027812e-02 9.41174635e-02 1.07363682e-01 1.19771137e-01 1.25812399e-01 1.25161641e-01 1.21686130e-01 1.15183179e-01 1.11097581e-01 1.07317834e-01 1.06547249e-01 1.16007723e-01 1.23677398e-01 1.32587731e-01 1.45252694e-01 1.51244322e-01 1.53721629e-01 1.54157110e-01 1.58258528e-01 1.56277438e-01 1.60205149e-01 1.62310716e-01 1.67027072e-01 1.76355750e-01 1.82728177e-01 1.92178279e-01 2.03869640e-01 2.14210865e-01 2.30182809e-01 2.43019767e-01 2.61580893e-01 2.73894917e-01 2.70642998e-01 2.48398395e-01 2.41785668e-01 2.27810007e-01 1.78641682e-01 1.66943908e-01 1.53118130e-01 9.32721321e-02 8.04411474e-02 7.63170003e-02 3.96519734e-02 2.74575797e-02 5.72833855e-03 6.30165793e-03 2.41179381e-02 9.76119292e-04 -6.68522144e-03 -1.82682157e-02 -1.41153630e-01 7.37824147e-02
2.35000000e+01 -6.85829904e-01 -3.28539762e-01 -3.23693646e-01 -3.59885901e-01 -3.44642538e-01 -3.36741059e-01 -3.56459525e-01 -3.41699973e-01 -3.31086375e-01 -3.22924967e-01 -3.48433685e-01 -3.69501632e-01 -3.73250980e-01 -3.35756903e-01 -3.14121055e-01 -3.10200036e-01 -2.86344909e-01 -2.47096768e-01 -2.22469595e-01 -2.09140784e-01 -1.72657161e-01 -1.26929586e-01 -1.06605215e-01 -6.41618144e-02 -1.37890526e-02 2.84718145e-02 7.68626988e-02 9.73380265e-02 1.10615469e-01 9.94008375e-02 9.38925834e-02 7.38529034e-02 6.75037839e-02 5.79837255e-02 4.57638380e-02 3.00060666e-02 3.03664832e-02 1.09251065e-02 -3.46399938e-04 -2.38798685e-02 -3.68847566e-02 -4.52884501e-02 -5.11833608e-02 -4.63476401e-02 -3.36597443e-02 -1.03742242e-02 1.70798834e-02 4.41168420e-02 7.24089166e-02 9.30224342e-02 1.05518423e-01 1.17157771e-01 1.22511714e-01 1.21181767e-01 1.17213877e-01 1.10148818e-01 1.05516101e-01 1.01138568e-01 9.99792128e-02 1.09585142e-01 1.17122636e-01 1.26835822e-01 1.40038762e-01 1.46810985e-01 1.50505579e-01 1.51462633e-01 1.56273304e-01 1.54770902e-01 1.59245362e-01 1.61579588e-01 1.66363353e-01 1.76006837e-01 1.82667101e-01 1.92230571e-01 2.04044881e-01 2.14669852e-01 2.30819309e-01 2.43466479e-01 2.62577787e-01 2.73965095e-01 2.69131111e-01 2.46917489e-01 2.41492022e-01 2.28046446e-01 1.77566904e-01 1.67841674e-01 1.52111220e-01 9.54058372e-02 7.92803566e-02 7.80181135e-02 4.09977978e-02 2.80992340e-02 9.10983053e-03 6.01587507e-03 2.70570132e-02 4.55725073e-03 -3.33882318e-03 -1.29896598e-02 -1.38049742e-01 8.35509170e-02
2.36000000e+01 -6.91009077e-01 -3.32704683e-01 -3.23690207e-01 -3.64192523e-01 -3.48588809e-01 -3.39696039e-01 -3.59524822e-01 -3.42797110e-01 -3.33590666e-01 -3.22775907e-01 -3.49108436e-01 -3.68217591e-01 -3.71923923e-01 -3.32363562e-01 -3.10618981e-01 -3.05282219e-01 -2.80877700e-01 -2.42566295e-01 -2.19416194e-01 -2.05395844e-01 -1.70765011e-01 -1.24470826e-01 -1.04499255e-01 -6.19548044e-02 -1.27716640e-02 3.00465127e-02 7.69866274e-02 9.83355848e-02 1.10546788e-01 1.01045520e-01 9.49749695e-02 7.57800122e-02 6.98035393e-02 6.03891856e-02 4.79334374e-02 3.30586598e-02 3.31327613e-02 1.39026075e-02 2.73403374e-03 -2.08761383e-02 -3.42294898e-02 -4.33169380e-02 -4.95726152e-02 -4.55143126e-02 -3.30859789e-02 -1.04508504e-02 1.66677760e-02 4.38005416e-02 7.14829475e-02 9.19018807e-02 1.03654453e-01 1.14503037e-01 1.19168557e-01 1.17162000e-01 1.12729267e-01 1.05137512e-01 9.99676887e-02 9.50452176e-02 9.35047447e-02 1.03229523e-01 1.10606249e-01 1.21123743e-01 1.34791192e-01 1.42344475e-01 1.47270497e-01 1.48742468e-01 1.54261878e-01 1.53267422e-01 1.58281777e-01 1.60850103e-01 1.65735431e-01 1.75644381e-01 1.82636520e-01 1.92300753e-01 2.04235974e-01 2.15155068e-01 2.31452542e-01 2.43918358e-01 2.63533963e-01 2.73897746e-01 2.67502773e-01 2.45425838e-01 2.41345000e-01 2.28159062e-01 1.76503391e-01 1.68656318e-01 1.51301561e-01 9.73372389e-02 7.82864744e-02 7.95783344e-02 4.24539199e-02 2.86624067e-02 1.25443981e-02 5.92877000e-03 2.96883124e-02 8.39053690e-03 -9.81017055e-05 -7.71013063e-03 -1.34865858e-01 9.32646761e-02
2.37000000e+01 -6.96057824e-01 -3.36763798e-01 -3.23775949e-01 -3.68572051e-01 -3.52391798e-01 -3.42818992e-01 -3.62440943e-01 -3.44074755e-01 -3.35994091e-01 -3.22765768e-01 -3.49668612e-01 -3.67006877e-01 -3.70454215e-01 -3.28944495e-01 -3.07070249e-01 -3.00332146e-01 -2.75431098e-01 -2.38034287e-01 -2.16349886e-01 -2.01677107e-01 -1.68889349e-01 -1.22130804e-01 -1.02340620e-01 -5.97828581e-02 -1.17730399e-02 3.16548899e-02 7.70656362e-02 9.92831037e-02 1.10427843e-01 1.02669202e-01 9.60225090e-02 7.76703750e-02 7.21119518e-02 6.27157962e-02 5.00886359e-02 3.60509856e-02 3.58959832e-02 1.68787347e-02 5.77910231e-03 -1.77885645e-02 -3.15612781e-02 -4.12914112e-02 -4.78970704e-02 -4.46229571e-02 -3.24888578e-02 -1.05008381e-02 1.62644042e-02 4.34851936e-02 7.05274946e-02 9.07516738e-02 1.01771330e-01 1.11806803e-01 1.15783109e-01 1.13103521e-01 1.08232161e-01 1.00150051e-01 9.44502024e-02 8.90392073e-02 8.71266020e-02 9.69411885e-02 1.04134267e-01 1.15451750e-01 1.29510555e-01 1.37848018e-01 1.44011750e-01 1.45997278e-01 1.52223815e-01 1.51765533e-01 1.57314056e-01 1.60120565e-01 1.65144001e-01 1.75267857e-01 1.82635839e-01 1.92389265e-01 2.04443717e-01 2.15665339e-01 2.32079749e-01 2.44378063e-01 2.64441562e-01 2.73687708e-01 2.65766336e-01 2.43938238e-01 2.41344064e-01 2.28120362e-01 1.75475556e-01 1.69382988e-01 1.50695531e-01 9.90385413e-02 7.74986721e-02 8.09780103e-02 4.40087201e-02 2.91847456e-02 1.59766819e-02 6.09269903e-03 3.19956100e-02 1.24588053e-02 3.07055030e-03 -2.45431870e-03 -1.31595681e-01 1.02918113e-01
2.38000000e+01 -7.00968830e-01 -3.40722999e-01 -3.23972366e-01 -3.72991078e-01 -3.56065959e-01 -3.46108810e-01 -3.65192770e-01 -3.45559745e-01 -3.38263072e-01 -3.22922994e-01 -3.50093847e-01 -3.65878554e-01 -3.68827948e-01 -3.25521473e-01 -3.03462285e-01 -2.95353845e-01 -2.70014910e-01 -2.33509854e-01 -2.13262697e-01 -1.97991008e-01 -1.67019059e-01 -1.19915020e-01 -1.00122154e-01 -5.76548569e-02 -1.07830569e-02 3.32863288e-02 7.71150309e-02 1.00167048e-01 1.10275298e-01 1.04257268e-01 9.70461704e-02 7.95204340e-02 7.44292809e-02 6.49624198e-02 5.22309497e-02 3.89811646e-02 3.86551220e-02 1.98550778e-02 8.78661468e-03 -1.46206298e-02 -2.88815592e-02 -3.92103517e-02 -4.61604058e-02 -4.36679328e-02 -3.18711099e-02 -1.05221357e-02 1.58715213e-02 4.31672623e-02 6.95454233e-02 8.95675938e-02 9.98686176e-02 1.09068838e-01 1.12355553e-01 1.09007930e-01 1.03722294e-01 9.51873219e-02 8.89616419e-02 8.31214973e-02 8.08472882e-02 9.07203238e-02 9.77130678e-02 1.09819529e-01 1.24198096e-01 1.33324874e-01 1.40724571e-01 1.43227891e-01 1.50158703e-01 1.50263758e-01 1.56341761e-01 1.59389493e-01 1.64589248e-01 1.74877223e-01 1.82664205e-01 1.92496540e-01 2.04669063e-01 2.16199152e-01 2.32698367e-01 2.44847868e-01 2.65292451e-01 2.73330776e-01 2.63930843e-01 2.42470238e-01 2.41484227e-01 2.27906603e-01 1.74506470e-01 1.70019429e-01 1.50293396e-01 1.00489808e-01 7.69490672e-02 8.22024701e-02 4.56479574e-02 2.97043757e-02 1.93541639e-02 6.55229399e-03 3.39728273e-02 1.67368302e-02 6.20411104e-03 2.75382355e-03 -1.28234974e-01 1.12506600e-01
2.39000000e+01 -7.05734443e-01 -3.44590354e-01 -3.24298449e-01 -3.77415599e-01 -3.59629739e-01 -3.49558674e-01 -3.67771582e-01 -3.47272385e-01 -3.40369958e-01 -3.23270499e-01 -3.50368414e-01 -3.64837861e-01 -3.67034240e-01 -3.22114606e-01 -2.99783544e-01 -2.90351641e-01 -2.64637713e-01 -2.29002098e-01 -2.10147588e-01 -1.94343547e-01 -1.65143749e-01 -1.17826725e-01 -9.78390124e-02 -5.55785182e-02 -9.79199026e-03 3.49302631e-02 7.71496369e-02 1.00974686e-01 1.10105329e-01 1.05795576e-01 9.80563166e-02 8.13276037e-02 7.67542826e-02 6.71292594e-02 5.43611078e-02 4.18482741e-02 4.14083866e-02 2.28335860e-02 1.17550147e-02 -1.13772054e-02 -2.61908684e-02 -3.70724876e-02 -4.43664577e-02 -4.26439562e-02 -3.12348837e-02 -1.05130707e-02 1.54909164e-02 4.28432711e-02 6.85396866e-02 8.83454495e-02 9.79458240e-02 1.06288834e-01 1.08886115e-01 1.04877207e-01 9.91992807e-02 9.02502847e-02 8.35002123e-02 7.72925460e-02 7.46690612e-02 8.45670094e-02 9.13492831e-02 1.04226241e-01 1.18855762e-01 1.28778253e-01 1.37404118e-01 1.40435288e-01 1.48066129e-01 1.48760631e-01 1.55364306e-01 1.58655651e-01 1.64070867e-01 1.74472917e-01 1.82720523e-01 1.92622939e-01 2.04913135e-01 2.16754673e-01 2.33306091e-01 2.45329561e-01 2.66078295e-01 2.72823797e-01 2.62005991e-01 2.41037862e-01 2.41756059e-01 2.27498445e-01 1.73617210e-01 1.70566134e-01 1.50089238e-01 1.01679503e-01 7.66618970e-02 8.32423872e-02 4.73553061e-02 3.02585681e-02 2.26288646e-02 7.34314356e-03 3.56243292e-02 2.11920146e-02 9.34191236e-03 7.89176323e-03 -1.24781775e-01 1.22026492e-01
2.40000000e+01 -7.10346797e-01 -3.48375989e-01 -3.24770298e-01 -3.81811829e-01 -3.63104877e-01 -3.53156295e-01 -3.70175327e-01 -3.49225722e-01 -3.42293962e-01 -3.23824831e-01 -3.50481774e-01 -3.63885883e-01 -3.65065662e-01 -3.18741776e-01 -2.96023946e-01 -2.85330039e-01 -2.59306859e-01 -2.24519981e-01 -2.06998567e-01 -1.90740207e-01 -1.63253917e-01 -1.15866734e-01 -9.54888833e-02 -5.35601641e-02 -8.79072972e-03 3.65765027e-02 7.71833657e-02 1.01694561e-01 1.09933164e-01 1.07270868e-01 9.90623986e-02 8.30903933e-02 7.90841918e-02 6.92178650e-02 5.64790992e-02 4.46522402e-02 4.41533750e-02 2.58164166e-02 1.46834092e-02 -8.06451730e-03 -2.34888309e-02 -3.48768210e-02 -4.25191430e-02 -4.15461906e-02 -3.05817001e-02 -1.04723537e-02 1.51243874e-02 4.25099002e-02 6.75131659e-02 8.70812020e-02 9.60023292e-02 1.03466441e-01 1.05375107e-01 1.00713656e-01 9.46626251e-02 8.53399372e-02 7.80643938e-02 7.15522768e-02 6.85939419e-02 7.84812533e-02 8.50496977e-02 9.86705747e-02 1.13486218e-01 1.24211241e-01 1.34045551e-01 1.37620579e-01 1.45945671e-01 1.47254713e-01 1.54380917e-01 1.57918074e-01 1.63588103e-01 1.74055845e-01 1.82803486e-01 1.92768692e-01 2.05177234e-01 2.17329763e-01 2.33900927e-01 2.45824360e-01 2.66790622e-01 2.72164748e-01 2.60002087e-01 2.39657287e-01 2.42145830e-01 2.26881484e-01 1.72826271e-01 1.71026394e-01 1.50071097e-01 1.02604753e-01 7.66529543e-02 8.40939730e-02 4.91129475e-02 3.08824705e-02 2.57588514e-02 8.49077861e-03 3.69648892e-02 2.57853115e-02 1.25245347e-02 1.29390397e-02 -1.21236559e-01 1.31475131e-01
2.41000000e+01 -7.14797964e-01 -3.52091904e-01 -3.25400807e-01 -3.86147020e-01 -3.66515625e-01 -3.56884354e-01 -3.72408661e-01 -3.51425068e-01 -3.44021838e-01 -3.24595565e-01 -3.50428929e-01 -3.63019370e-01 -3.62918554e-01 -3.15418151e-01 -2.92175261e-01 -2.80293595e-01 -2.54028507e-01 -2.20072196e-01 -2.03810767e-01 -1.87185888e-01 -1.61341094e-01 -1.14033309e-01 -9.30721209e-02 -5.16045466e-02 -7.77096133e-03 3.82155141e-02 7.72288284e-02 1.02316920e-01 1.09772662e-01 1.08671144e-01 1.00072697e-01 8.48084778e-02 8.14147581e-02 7.12310979e-02 5.85842367e-02 4.73937161e-02 4.68872366e-02 2.88057788e-02 1.75715843e-02 -4.69007791e-03 -2.07741730e-02 -3.26226597e-02 -4.06223840e-02 -4.03703093e-02 -2.99124489e-02 -1.03990414e-02 1.47736957e-02 4.21640798e-02 6.64685194e-02 8.57710823e-02 9.40373109e-02 1.00601318e-01 1.01822959e-01 9.65198475e-02 9.01117394e-02 8.04572651e-02 7.26530109e-02 6.59000557e-02 6.26237182e-02 7.24630212e-02 7.88211375e-02 9.31508128e-02 1.08092843e-01 1.19626735e-01 1.30644114e-01 1.34784968e-01 1.43796908e-01 1.45744596e-01 1.53390597e-01 1.57176076e-01 1.63139785e-01 1.73627366e-01 1.82911603e-01 1.92933825e-01 2.05462846e-01 2.17922002e-01 2.34481233e-01 2.46332845e-01 2.67420892e-01 2.71352809e-01 2.57929989e-01 2.38344495e-01 2.42635780e-01 2.26046635e-01 1.72149081e-01 1.71406230e-01 1.50221312e-01 1.03271320e-01 7.69293030e-02 8.47589985e-02 5.09021938e-02 3.16079432e-02 2.87095097e-02 1.00099941e-02 3.80193212e-02 3.04723587e-02 1.57926462e-02 1.78778672e-02 -1.17602327e-01 1.40850823e-01
2.42000000e+01 -7.19080115e-01 -3.55751742e-01 -3.26199426e-01 -3.90390237e-01 -3.69887884e-01 -3.60721088e-01 -3.74482747e-01 -3.53867806e-01 -3.45548287e-01 -3.25584948e-01 -3.50210572e-01 -3.62230709e-01 -3.60593215e-01 -3.12155800e-01 -2.88231440e-01 -2.75246803e-01 -2.48807654e-01 -2.15667056e-01 -2.00580494e-01 -1.83684844e-01 -1.59397969e-01 -1.12322126e-01 -9.05917834e-02 -4.97147332e-02 -6.72531543e-03 3.98386451e-02 7.72970115e-02 1.02834074e-01 1.09635935e-01 1.09985994e-01 1.01094118e-01 8.64827138e-02 8.37403361e-02 7.31730525e-02 6.06752362e-02 5.00739556e-02 4.96068344e-02 3.18037796e-02 2.04200054e-02 -1.26257868e-03 -1.80447602e-02 -3.03096504e-02 -3.86800353e-02 -3.91125394e-02 -2.92274182e-02 -1.02924661e-02 1.44405063e-02 4.18030743e-02 6.54080479e-02 8.44116972e-02 9.20496772e-02 9.76931827e-02 9.82302430e-02 9.22985732e-02 8.55459669e-02 7.56031878e-02 6.72652981e-02 6.03346852e-02 5.67599409e-02 6.65122720e-02 7.26703513e-02 8.76649121e-02 1.02679715e-01 1.15027388e-01 1.27195219e-01 1.31929697e-01 1.41619434e-01 1.44228900e-01 1.52392116e-01 1.56429250e-01 1.62724372e-01 1.73189276e-01 1.83043236e-01 1.93118112e-01 2.05771645e-01 2.18528718e-01 2.35045742e-01 2.46854910e-01 2.67960571e-01 2.70388414e-01 2.55801052e-01 2.37114900e-01 2.43204509e-01 2.24990373e-01 1.71597605e-01 1.71714225e-01 1.50517060e-01 1.03693290e-01 7.74892776e-02 8.52446473e-02 5.27041189e-02 3.24625400e-02 3.14545352e-02 1.19045288e-02 3.88217876e-02 3.52047969e-02 1.91858194e-02 2.26936669e-02 -1.13884620e-01 1.50152792e-01
2.43000000e+01 -7.23185698e-01 -3.59370488e-01 -3.27172002e-01 -3.94513097e-01 -3.73248304e-01 -3.64641039e-01 -3.76414828e-01 -3.56543475e-01 -3.46876069e-01 -3.26787805e-01 -3.49833026e-01 -3.61508063e-01 -3.58093958e-01 -3.08963413e-01 -2.84188877e-01 -2.70193980e-01 -2.43648191e-01 -2.11312400e-01 -1.97305249e-01 -1.80240626e-01 -1.57418483e-01 -1.10726316e-01 -8.80535744e-02 -4.78920510e-02 -5.64748057e-03 4.14382895e-02 7.73970244e-02 1.03240691e-01 1.09533021e-01 1.11206875e-01 1.02132043e-01 8.81151037e-02 8.60540293e-02 7.50489338e-02 6.27503064e-02 5.26946868e-02 5.23088981e-02 3.48122827e-02 2.32297996e-02 2.20825885e-03 -1.52976682e-02 -2.79378087e-02 -3.66958083e-02 -3.77696984e-02 -2.85263414e-02 -1.01521479e-02 1.41263179e-02 4.14245530e-02 6.43335879e-02 8.30001168e-02 9.00380133e-02 9.47418545e-02 9.45976852e-02 8.80528092e-02 8.09646067e-02 7.07785015e-02 6.19009579e-02 5.48544156e-02 5.10039053e-02 6.06289970e-02 6.66038894e-02 8.22105922e-02 9.72515735e-02 1.10415564e-01 1.23694547e-01 1.29055973e-01 1.39412888e-01 1.42706265e-01 1.51384012e-01 1.55677449e-01 1.62339993e-01 1.72743793e-01 1.83196627e-01 1.93321029e-01 2.06105479e-01 2.19147017e-01 2.35593561e-01 2.47389731e-01 2.68401204e-01 2.69273291e-01 2.53627057e-01 2.35982963e-01 2.43827476e-01 2.23714811e-01 1.71180078e-01 1.71961247e-01 1.50931076e-01 1.03892488e-01 7.83227614e-02 8.55632102e-02 5.45001712e-02 3.34686697e-02 3.39766181e-02 1.41671112e-02 3.94148030e-02 3.99317308e-02 2.27413616e-02 2.73755089e-02 -1.10091458e-01 1.59381103e-01
2.44000000e+01 -7.27107629e-01 -3.62964134e-01 -3.28320716e-01 -3.98490430e-01 -3.76623363e-01 -3.68615917e-01 -3.78227576e-01 -3.59434128e-01 -3.48015819e-01 -3.28191710e-01 -3.49307975e-01 -3.60835672e-01 -3.55429023e-01 -3.05846148e-01 -2.80046591e-01 -2.65139177e-01 -2.38552958e-01 -2.07015513e-01 -1.93983728e-01 -1.76856033e-01 -1.55397907e-01 -1.09236585e-01 -8.54656926e-02 -4.61360892e-02 -4.53228484e-03 4.30079922e-02 7.75359259e-02 1.03534000e-01 1.09471635e-01 1.12327335e-01 1.03190239e-01 8.97087112e-02 8.83478849e-02 7.68648930e-02 6.48072474e-02 5.52579912e-02 5.49901640e-02 3.78327855e-02 2.60027184e-02 5.71187191e-03 -1.25292935e-02 -2.55075368e-02 -3.46731960e-02 -3.63392320e-02 -2.78084452e-02 -9.97770200e-03 1.38323910e-02 4.10266454e-02 6.32464342e-02 8.15339411e-02 8.80005458e-02 9.17472961e-02 9.09261627e-02 8.37856915e-02 7.63669430e-02 6.59838236e-02 5.65602087e-02 4.94569763e-02 4.53566201e-02 5.48132684e-02 6.06279754e-02 7.67854340e-02 9.18137712e-02 1.05793309e-01 1.20138145e-01 1.26164896e-01 1.37176994e-01 1.41175335e-01 1.50364612e-01 1.54920757e-01 1.61984500e-01 1.72293533e-01 1.83369926e-01 1.93541736e-01 2.06466351e-01 2.19773822e-01 2.36124166e-01 2.47935739e-01 2.68734507e-01 2.68010479e-01 2.51420134e-01 2.34961799e-01 2.44477578e-01 2.22227626e-01 1.70900857e-01 1.72160066e-01 1.51432535e-01 1.03897652e-01 7.94117273e-02 8.57316358e-02 5.62727437e-02 3.46429629e-02 3.62678018e-02 1.67798667e-02 3.98479655e-02 4.46012927e-02 2.64931939e-02 3.19164484e-02 -1.06233203e-01 1.68536557e-01
2.45000000e+01 -7.30839476e-01 -3.66549291e-01 -3.29644112e-01 -4.02300858e-01 -3.80038453e-01 -3.72615563e-01 -3.79948263e-01 -3.62514964e-01 -3.48985591e-01 -3.29777422e-01 -3.48651990e-01 -3.60194306e-01 -3.52610357e-01 -3.02805594e-01 -2.75806334e-01 -2.60086101e-01 -2.33523816e-01 -2.02783063e-01 -1.90615803e-01 -1.73533060e-01 -1.53332888e-01 -1.07841394e-01 -8.28385997e-02 -4.44447531e-02 -3.37574613e-03 4.45424956e-02 7.77186326e-02 1.03713913e-01 1.09456991e-01 1.13343176e-01 1.04270819e-01 9.12675386e-02 9.06131353e-02 7.86278252e-02 6.68435532e-02 5.77661929e-02 5.76474968e-02 4.08663186e-02 2.87410819e-02 9.23708111e-03 -9.73550581e-03 -2.30196229e-02 -3.26153979e-02 -3.48192601e-02 -2.70724849e-02 -9.76876045e-03 1.35596825e-02 4.06079791e-02 6.21472979e-02 8.00113434e-02 8.59351258e-02 8.87096369e-02 8.72166903e-02 7.95005017e-02 7.17522772e-02 6.12195402e-02 5.12438198e-02 4.41396268e-02 3.98187617e-02 4.90652939e-02 5.47483763e-02 7.13869878e-02 8.63722074e-02 1.01162330e-01 1.16522530e-01 1.23257371e-01 1.34911591e-01 1.39634740e-01 1.49332067e-01 1.54159451e-01 1.61655506e-01 1.71841487e-01 1.83561207e-01 1.93779075e-01 2.06856376e-01 2.20405922e-01 2.36637372e-01 2.48490606e-01 2.68952465e-01 2.66604331e-01 2.49192691e-01 2.34062807e-01 2.45125807e-01 2.20541840e-01 1.70760404e-01 1.72324892e-01 1.51988059e-01 1.03743379e-01 8.07310190e-02 8.57709532e-02 5.80056836e-02 3.59958642e-02 3.83295104e-02 1.97150692e-02 4.01764550e-02 4.91622584e-02 3.04708139e-02 3.63137410e-02 -1.02322340e-01 1.77620577e-01
2.46000000e+01 -7.34375664e-01 -3.70142777e-01 -3.31137219e-01 -4.05927268e-01 -3.83517012e-01 -3.76608968e-01 -3.81607747e-01 -3.65755186e-01 -3.49810126e-01 -3.31519553e-01 -3.47885876e-01 -3.59561858e-01 -3.49653257e-01 -2.99839861e-01 -2.71472598e-01 -2.55038060e-01 -2.28561715e-01 -1.98621047e-01 -1.87202498e-01 -1.70272854e-01 -1.51221477e-01 -1.06527210e-01 -8.01847188e-02 -4.28143644e-02 -2.17509392e-03 4.60377356e-02 7.79479061e-02 1.03783045e-01 1.09491715e-01 1.14252545e-01 1.05374243e-01 9.27963736e-02 9.28404786e-02 8.03451358e-02 6.88565164e-02 6.02217602e-02 6.02779925e-02 4.39133659e-02 3.14477085e-02 1.27723440e-02 -6.91183877e-03 -2.04752180e-02 -3.05252468e-02 -3.32086329e-02 -2.63167608e-02 -9.52491524e-03 1.33087968e-02 4.01676988e-02 6.10362965e-02 7.84310894e-02 8.38392310e-02 8.56291880e-02 8.34703977e-02 7.52006567e-02 6.71199682e-02 5.64857586e-02 4.59531309e-02 3.88992247e-02 3.43906175e-02 4.33854770e-02 4.89702683e-02 6.60128896e-02 8.09332444e-02 9.65239907e-02 1.12844795e-01 1.20334025e-01 1.32616683e-01 1.38083069e-01 1.48284403e-01 1.53393956e-01 1.61350431e-01 1.71390981e-01 1.83768493e-01 1.94031596e-01 2.07277733e-01 2.21040020e-01 2.37133292e-01 2.49051237e-01 2.69047443e-01 2.65060487e-01 2.46957334e-01 2.33295307e-01 2.45741950e-01 2.18675454e-01 1.70755391e-01 1.72470843e-01 1.52562813e-01 1.03468905e-01 8.22493402e-02 8.57055874e-02 5.96847276e-02 3.75314563e-02 4.01722506e-02 2.29362094e-02 4.04593464e-02 5.35656680e-02 3.46983743e-02 4.05689277e-02 -9.83731897e-02 1.86635057e-01
2.47000000e+01 -7.37711655e-01 -3.73761173e-01 -3.32791756e-01 -4.09357161e-01 -3.87079719e-01 -3.80565322e-01 -3.83239353e-01 -3.69119081e-01 -3.50519885e-01 -3.33387455e-01 -3.47033853e-01 -3.58914061e-01 -3.46575903e-01 -2.96943778e-01 -2.67052552e-01 -2.49997937e-01 -2.23666788e-01 -1.94534744e-01 -1.83745939e-01 -1.67075687e-01 -1.49063108e-01 -1.05278806e-01 -7.75180763e-02 -4.12397979e-02 -9.28765498e-04 4.74907930e-02 7.82244153e-02 1.03746661e-01 1.09575847e-01 1.15055957e-01 1.06499371e-01 9.43006174e-02 9.50203879e-02 8.20244824e-02 7.08433311e-02 6.26272232e-02 6.28790612e-02 4.69738054e-02 3.41258315e-02 1.63060297e-02 -4.05371532e-03 -1.78757919e-02 -2.84051395e-02 -3.15069972e-02 -2.55391134e-02 -9.24569035e-03 1.30799610e-02 3.97054639e-02 5.99129764e-02 7.67925323e-02 8.17099856e-02 8.25064452e-02 7.96885015e-02 7.08896937e-02 6.24694786e-02 5.17822666e-02 4.06900544e-02 3.37323116e-02 2.90720218e-02 3.77744769e-02 4.32981058e-02 6.06609851e-02 7.55036076e-02 9.18793232e-02 1.09102699e-01 1.17395136e-01 1.30292458e-01 1.36518849e-01 1.47219582e-01 1.52624799e-01 1.61066546e-01 1.70945632e-01 1.83989765e-01 1.94297600e-01 2.07732578e-01 2.21672796e-01 2.37612285e-01 2.49613765e-01 2.69012313e-01 2.63385822e-01 2.44726787e-01 2.32666214e-01 2.46295330e-01 2.16650961e-01 1.70878929e-01 1.72613349e-01 1.53121665e-01 1.03116738e-01 8.39304190e-02 8.55625890e-02 6.12978549e-02 3.92475154e-02 4.18150037e-02 2.63993405e-02 4.07577926e-02 5.77663972e-02 3.91939071e-02 4.46877850e-02 -9.44015529e-02 1.95582215e-01
2.48000000e+01 -7.40844140e-01 -3.77420376e-01 -3.34596429e-01 -4.12582889e-01 -3.90743782e-01 -3.84455060e-01 -3.84877642e-01 -3.72567267e-01 -3.51149880e-01 -3.35346296e-01 -3.46122611e-01 -3.58225296e-01 -3.43398787e-01 -2.94109198e-01 -2.62555887e-01 -2.44968182e-01 -2.18838433e-01 -1.90528682e-01 -1.80249317e-01 -1.63940926e-01 -1.46858560e-01 -1.04079597e-01 -7.48539056e-02 -3.97146472e-02 3.63619557e-04 4.88998129e-02 7.85468664e-02 1.03612524e-01 1.09706934e-01 1.15756246e-01 1.07643539e-01 9.57861021e-02 9.71434368e-02 8.36735029e-02 7.28011926e-02 6.49851078e-02 6.54484895e-02 5.00468678e-02 3.67790077e-02 1.98267035e-02 -1.15669565e-03 -1.52230709e-02 -2.62569734e-02 -2.97148649e-02 -2.47369044e-02 -8.93054039e-03 1.28730266e-02 3.92214239e-02 5.87763601e-02 7.50955853e-02 7.95441982e-02 7.93420832e-02 7.58722793e-02 6.65712431e-02 5.78004289e-02 4.71085012e-02 3.54570582e-02 2.86352101e-02 2.38622915e-02 3.22332618e-02 3.77354970e-02 5.53294559e-02 7.00902709e-02 8.72290518e-02 1.05294748e-01 1.14440569e-01 1.27939312e-01 1.34940516e-01 1.46135570e-01 1.51852565e-01 1.60801013e-01 1.70509287e-01 1.84222980e-01 1.94575212e-01 2.08222952e-01 2.22300978e-01 2.38074893e-01 2.50173560e-01 2.68840587e-01 2.61588371e-01 2.42513820e-01 2.32179747e-01 2.46755549e-01 2.14494736e-01 1.71120908e-01 1.72767547e-01 1.53630353e-01 1.02731210e-01 8.57343046e-02 8.53708020e-02 6.28355536e-02 4.11357872e-02 4.32843346e-02 3.00546553e-02 4.11331350e-02 6.17246318e-02 4.39687185e-02 4.86801371e-02 -9.04242927e-02 2.04464416e-01
2.49000000e+01 -7.43771202e-01 -3.81135145e-01 -3.36537307e-01 -4.15601741e-01 -3.94522341e-01 -3.88250853e-01 -3.86557148e-01 -3.76058056e-01 -3.51738343e-01 -3.37358276e-01 -3.45180269e-01 -3.57469472e-01 -3.40144061e-01 -2.91325397e-01 -2.57994591e-01 -2.39950836e-01 -2.14075412e-01 -1.86606598e-01 -1.76716828e-01 -1.60867039e-01 -1.44609870e-01 -1.02912022e-01 -7.22082233e-02 -3.82314114e-02 1.70130314e-03 5.02638976e-02 7.89121911e-02 1.03390667e-01 1.09880215e-01 1.16358434e-01 1.08802672e-01 9.72589059e-02 9.92006266e-02 8.52995383e-02 7.47273938e-02 6.72978891e-02 6.79844833e-02 5.31311119e-02 3.94110225e-02 2.33234106e-02 1.78326433e-03 -1.25189667e-02 -2.40820905e-02 -2.78336738e-02 -2.39069945e-02 -8.57886948e-03 1.26874988e-02 3.87161722e-02 5.76250146e-02 7.33406751e-02 7.73384153e-02 7.61369429e-02 7.20230471e-02 6.22489836e-02 5.31126580e-02 4.24635293e-02 3.02571287e-02 2.36041312e-02 1.87601676e-02 2.67631483e-02 3.22850953e-02 5.00169459e-02 6.47003312e-02 8.25736322e-02 1.01420264e-01 1.11469734e-01 1.25557857e-01 1.33346399e-01 1.45030401e-01 1.51077856e-01 1.60550929e-01 1.70085941e-01 1.84466090e-01 1.94862469e-01 2.08750667e-01 2.22921408e-01 2.38521775e-01 2.50725243e-01 2.68526550e-01 2.59677234e-01 2.40331176e-01 2.31837188e-01 2.47093245e-01 2.12236337e-01 1.71468420e-01 1.72947654e-01 1.54056640e-01 1.02356982e-01 8.76187537e-02 8.51599947e-02 6.42910010e-02 4.31824672e-02 4.46132530e-02 3.38482397e-02 4.16450034e-02 6.54071947e-02 4.90269755e-02 5.25595345e-02 -8.64588679e-02 2.13284003e-01
2.50000000e+01 -7.46492474e-01 -3.84918659e-01 -3.38598252e-01 -4.18415908e-01 -3.98424013e-01 -3.91928531e-01 -3.88311107e-01 -3.79548912e-01 -3.52325283e-01 -3.39383945e-01 -3.44235269e-01 -3.56620942e-01 -3.36834839e-01 -2.88579548e-01 -2.53382648e-01 -2.34947569e-01 -2.09375958e-01 -1.82771405e-01 -1.73153623e-01 -1.57851605e-01 -1.42320210e-01 -1.01757937e-01 -6.95973913e-02 -3.67816973e-02 3.08244735e-03 5.15829839e-02 7.93157834e-02 1.03093094e-01 1.10088886e-01 1.16869541e-01 1.09971426e-01 9.87251706e-02 1.01183700e-01 8.69093615e-02 7.66194174e-02 6.95679628e-02 7.04856918e-02 5.62244157e-02 4.20257958e-02 2.67859452e-02 4.76955907e-03 -9.76550142e-03 -2.18812346e-02 -2.58658288e-02 -2.30457320e-02 -8.19006030e-03 1.25225856e-02 3.81906805e-02 5.64571312e-02 7.15286808e-02 7.50889897e-02 7.28920148e-02 6.81421457e-02 5.79265766e-02 4.84062848e-02 3.78460448e-02 2.50937128e-02 1.86352849e-02 1.37637706e-02 2.13658203e-02 2.69485135e-02 4.47226787e-02 5.93408753e-02 7.79133046e-02 9.74794188e-02 1.08481557e-01 1.23148904e-01 1.31734700e-01 1.43902242e-01 1.50301260e-01 1.60313377e-01 1.69679653e-01 1.84717055e-01 1.95157417e-01 2.09317177e-01 2.23531124e-01 2.38953633e-01 2.51262717e-01 2.68065403e-01 2.57662452e-01 2.38191495e-01 2.31636683e-01 2.47280818e-01 2.09907717e-01 1.71906262e-01 1.73166370e-01 1.54371400e-01 1.02037558e-01 8.95406604e-02 8.49599811e-02 6.56601570e-02 4.53688593e-02 4.58398700e-02 3.77239429e-02 4.23494667e-02 6.87886846e-02 5.43654990e-02 5.63428063e-02 -8.25228253e-02 2.22043112e-01
2.51000000e+01 -7.49009266e-01 -3.88782103e-01 -3.40761420e-01 -4.21032304e-01 -4.02452574e-01 -3.95467883e-01 -3.90170229e-01 -3.82997912e-01 -3.52950982e-01 -3.41383573e-01 -3.43315264e-01 -3.55655410e-01 -3.33494463e-01 -2.85857258e-01 -2.48735696e-01 -2.29959743e-01 -2.04737876e-01 -1.79025152e-01 -1.69565748e-01 -1.54891366e-01 -1.39993733e-01 -1.00599024e-01 -6.70376756e-02 -3.53564325e-02 4.50420570e-03 5.28577096e-02 7.97517749e-02 1.02733418e-01 1.10324434e-01 1.17298326e-01 1.11143359e-01 1.00190924e-01 1.03085424e-01 8.85089212e-02 7.84750245e-02 7.17976325e-02 7.29512125e-02 5.93239850e-02 4.46272924e-02 3.02050925e-02 7.80469947e-03 -6.96473751e-03 -1.96545245e-02 -2.38147112e-02 -2.21489673e-02 -7.76350267e-03 1.23772593e-02 3.76462187e-02 5.52706134e-02 6.96608621e-02 7.27921608e-02 6.96084187e-02 6.42309366e-02 5.36075829e-02 4.36817686e-02 3.32543818e-02 1.99706427e-02 1.37249890e-02 8.87057604e-03 1.60433211e-02 2.17262707e-02 3.94465636e-02 5.40188453e-02 7.32481566e-02 9.34732551e-02 1.05474475e-01 1.20713444e-01 1.30103488e-01 1.42749460e-01 1.49523314e-01 1.60085473e-01 1.69294438e-01 1.84973859e-01 1.95458222e-01 2.09923452e-01 2.24127427e-01 2.39371135e-01 2.51779218e-01 2.67453389e-01 2.55554882e-01 2.36107239e-01 2.31573124e-01 2.47293125e-01 2.07542390e-01 1.72417485e-01 1.73434330e-01 1.54549617e-01 1.01813852e-01 9.14574824e-02 8.47997559e-02 6.69417750e-02 4.76721864e-02 4.70059014e-02 4.16253010e-02 4.32972954e-02 7.18523856e-02 5.99737734e-02 6.00494980e-02 -7.86332661e-02 2.30743497e-01
2.52000000e+01 -7.51324669e-01 -3.92734278e-01 -3.43007790e-01 -4.23462259e-01 -4.06606819e-01 -3.98853333e-01 -3.92161560e-01 -3.86365191e-01 -3.53654488e-01 -3.43318521e-01 -3.42446020e-01 -3.54550820e-01 -3.30145778e-01 -2.83143140e-01 -2.44070620e-01 -2.24988496e-01 -2.00158665e-01 -1.75368993e-01 -1.65960083e-01 -1.51982294e-01 -1.37635379e-01 -9.94172121e-02 -6.45448070e-02 -3.39460892e-02 5.96280506e-03 5.40892754e-02 8.02133356e-02 1.02326449e-01 1.10577031e-01 1.17654984e-01 1.12311130e-01 1.01661909e-01 1.04899842e-01 9.01031127e-02 8.02923365e-02 7.39891112e-02 7.53805803e-02 6.24263800e-02 4.72194405e-02 3.35728315e-02 1.08901142e-02 -4.11871519e-03 -1.74014502e-02 -2.16846472e-02 -2.12121015e-02 -7.29861296e-03 1.22503216e-02 3.70842663e-02 5.40631651e-02 6.77387830e-02 7.04441435e-02 6.62873827e-02 6.02908082e-02 4.92953666e-02 3.89399627e-02 2.86865475e-02 1.48920419e-02 8.86977304e-03 4.07741515e-03 1.07980182e-02 1.66177748e-02 3.41892812e-02 4.87409062e-02 6.85781956e-02 8.94036763e-02 1.02446443e-01 1.18252609e-01 1.28450703e-01 1.41570672e-01 1.48744482e-01 1.59864422e-01 1.68934160e-01 1.85234525e-01 1.95763282e-01 2.10569854e-01 2.24707957e-01 2.39774845e-01 2.52267373e-01 2.66687912e-01 2.53366051e-01 2.34090602e-01 2.31638085e-01 2.47108119e-01 2.05174556e-01 1.72983974e-01 1.73759621e-01 1.54571259e-01 1.01722851e-01 9.33286174e-02 8.47066723e-02 6.81373317e-02 5.00665192e-02 4.81550711e-02 4.54974481e-02 4.45323934e-02 7.45909187e-02 6.58341740e-02 6.37012110e-02 -7.48062995e-02 2.39386353e-01
2.53000000e+01 -7.53443629e-01 -3.96781270e-01 -3.45317721e-01 -4.25721097e-01 -4.10880575e-01 -4.02074445e-01 -3.94307466e-01 -3.89614295e-01 -3.54472152e-01 -3.45152571e-01 -3.41650390e-01 -3.53288172e-01 -3.26810418e-01 -2.80421418e-01 -2.39405123e-01 -2.20034834e-01 -1.95635629e-01 -1.71803152e-01 -1.62344269e-01 -1.49119695e-01 -1.35250661e-01 -9.81950737e-02 -6.21335536e-02 -3.25409168e-02 7.45363741e-03 5.52793076e-02 8.06929889e-02 1.01887748e-01 1.10835959e-01 1.17950796e-01 1.13466735e-01 1.03143419e-01 1.06622458e-01 9.16955888e-02 8.20699100e-02 7.61445302e-02 7.77737396e-02 6.55275608e-02 4.98060600e-02 3.68824911e-02 1.40259999e-02 -1.22940282e-03 -1.51208924e-02 -1.94808331e-02 -2.02301736e-02 -6.79483991e-03 1.21404652e-02 3.65064223e-02 5.28323759e-02 6.57642319e-02 6.80412243e-02 6.29302204e-02 5.63231909e-02 4.49929925e-02 3.41821571e-02 2.41402722e-02 9.86221817e-03 4.06647057e-03 -6.19497182e-04 5.63253840e-03 1.16213461e-02 2.89523444e-02 4.35133203e-02 6.39034265e-02 8.52734131e-02 9.93949588e-02 1.15767631e-01 1.26774162e-01 1.40364792e-01 1.47965120e-01 1.59647573e-01 1.68602422e-01 1.85497129e-01 1.96071318e-01 2.11256024e-01 2.25270751e-01 2.40165144e-01 2.52719287e-01 2.65767645e-01 2.51108013e-01 2.32153400e-01 2.31819853e-01 2.46707413e-01 2.02838218e-01 1.73587036e-01 1.74147391e-01 1.54421994e-01 1.01796418e-01 9.51166846e-02 8.47056834e-02 6.92508812e-02 5.25237919e-02 4.93314736e-02 4.92889505e-02 4.60904503e-02 7.70066092e-02 7.19224097e-02 6.73208620e-02 -7.10565003e-02 2.47972156e-01
2.54000000e+01 -7.55372986e-01 -4.00926170e-01 -3.47671517e-01 -4.27827596e-01 -4.15262887e-01 -4.05126249e-01 -3.96624780e-01 -3.92713409e-01 -3.55436269e-01 -3.46853148e-01 -3.40947392e-01 -3.51852245e-01 -3.23508150e-01 -2.77676533e-01 -2.34757273e-01 -2.15099731e-01 -1.91166007e-01 -1.68326906e-01 -1.58726616e-01 -1.46298333e-01 -1.32845433e-01 -9.69162200e-02 -5.98173093e-02 -3.11311833e-02 8.97136085e-03 5.64297248e-02 8.11829253e-02 1.01433172e-01 1.11090055e-01 1.18197767e-01 1.14601765e-01 1.04640139e-01 1.08250383e-01 9.32886211e-02 8.38067992e-02 7.82659514e-02 8.01310039e-02 6.86229516e-02 5.23907976e-02 4.01288544e-02 1.72112299e-02 1.70133771e-03 -1.28111699e-02 -1.72092185e-02 -1.91979815e-02 -6.25165721e-03 1.20463288e-02 3.59143180e-02 5.15757998e-02 6.37391412e-02 6.55798613e-02 5.95383063e-02 5.23295789e-02 4.07031263e-02 2.94101099e-02 1.96130748e-02 4.88554136e-03 -6.87700879e-04 -5.22450624e-03 5.49678757e-04 6.73428051e-03 2.37381318e-02 3.83418306e-02 5.92239331e-02 8.10859705e-02 9.63170998e-02 1.13259784e-01 1.25071582e-01 1.39131066e-01 1.47185449e-01 1.59432470e-01 1.68302472e-01 1.85759816e-01 1.96381465e-01 2.11980785e-01 2.25814309e-01 2.40542165e-01 2.53126641e-01 2.64692617e-01 2.48793204e-01 2.30306934e-01 2.32103545e-01 2.46076761e-01 2.00566319e-01 1.74207977e-01 1.74599573e-01 1.54093733e-01 1.02060281e-01 9.67886710e-02 8.48186718e-02 7.02888387e-02 5.50148670e-02 5.05779520e-02 5.29535024e-02 4.79978600e-02 7.91115581e-02 7.82081680e-02 7.09318864e-02 -6.73963874e-02 2.56500512e-01
2.55000000e+01 -7.57121479e-01 -4.05168854e-01 -3.50049982e-01 -4.29803368e-01 -4.19738359e-01 -4.08009389e-01 -3.99124144e-01 -3.95636407e-01 -3.56573870e-01 -3.48392413e-01 -3.40351420e-01 -3.50232203e-01 -3.20256284e-01 -2.74893730e-01 -2.30145037e-01 -2.10184236e-01 -1.86747092e-01 -1.64938582e-01 -1.55115989e-01 -1.43512587e-01 -1.30425638e-01 -9.55656635e-02 -5.76077067e-02 -2.97074230e-02 1.05100098e-02 5.75426141e-02 8.16753041e-02 1.00978422e-01 1.11328159e-01 1.18408240e-01 1.15707696e-01 1.06155992e-01 1.09782408e-01 9.48830233e-02 8.55026029e-02 8.03553773e-02 8.24530030e-02 7.17075217e-02 5.49770693e-02 4.33082127e-02 2.04433273e-02 4.67176767e-03 -1.04701108e-02 -1.48763531e-02 -1.81102278e-02 -5.66854768e-03 1.19665472e-02 3.53095375e-02 5.02910279e-02 6.16655055e-02 6.30567850e-02 5.61130484e-02 4.83115559e-02 3.64279422e-02 2.46260676e-02 1.51023406e-02 -3.36876602e-05 -5.39507546e-03 -9.74243536e-03 -4.44770298e-03 1.95294768e-03 1.85498878e-02 3.32315571e-02 5.45399598e-02 7.68455550e-02 9.32095762e-02 1.10730339e-01 1.23340617e-01 1.37869094e-01 1.46405528e-01 1.59216887e-01 1.68037108e-01 1.86020818e-01 1.96693323e-01 2.12742080e-01 2.26337627e-01 2.40905727e-01 2.53480804e-01 2.63464280e-01 2.46434291e-01 2.28561829e-01 2.32471328e-01 2.45206437e-01 1.98389912e-01 1.74828650e-01 1.75114723e-01 1.53584961e-01 1.02533229e-01 9.83169053e-02 8.50638871e-02 7.12597046e-02 5.75106133e-02 5.19345499e-02 5.64514268e-02 5.02709408e-02 8.09274087e-02 8.46559469e-02 7.45574084e-02 -6.38359397e-02 2.64970032e-01
2.56000000e+01 -7.58699713e-01 -4.09505854e-01 -3.52434945e-01 -4.31672157e-01 -4.24287647e-01 -4.10730063e-01 -4.01809569e-01 -3.98363689e-01 -3.57905709e-01 -3.49748163e-01 -3.39871635e-01 -3.48422053e-01 -3.17069169e-01 -2.72059618e-01 -2.25585824e-01 -2.05289578e-01 -1.82376355e-01 -1.61635576e-01 -1.51521671e-01 -1.40756619e-01 -1.27997071e-01 -9.41301502e-02 -5.55142618e-02 -2.82606869e-02 1.20631142e-02 5.86201194e-02 8.21625300e-02 1.00538614e-01 1.11539529e-01 1.18594521e-01 1.16776194e-01 1.07693989e-01 1.11219023e-01 9.64781405e-02 8.71574915e-02 8.24147540e-02 8.47406254e-02 7.47758799e-02 5.75680055e-02 4.64183719e-02 2.37185021e-02 7.68026805e-03 -8.09514158e-03 -1.24892093e-02 -1.69616778e-02 -5.04498661e-03 1.18997994e-02 3.46935475e-02 4.89757533e-02 5.95452974e-02 6.04690982e-02 5.26558596e-02 4.42708206e-02 3.21690446e-02 1.98327746e-02 1.06054080e-02 -4.89137581e-03 -1.00574913e-02 -1.41784807e-02 -9.35681060e-03 -2.72708063e-03 1.33916911e-02 2.81869074e-02 4.98519930e-02 7.25569869e-02 9.00687987e-02 1.08180501e-01 1.21578898e-01 1.36578831e-01 1.45625220e-01 1.58998860e-01 1.67808621e-01 1.86278467e-01 1.97006998e-01 2.13536918e-01 2.26840235e-01 2.41255275e-01 2.53772962e-01 2.62085557e-01 2.44044036e-01 2.26927837e-01 2.32902734e-01 2.44091495e-01 1.96337393e-01 1.75431965e-01 1.75687994e-01 1.52900858e-01 1.03226556e-01 9.96798312e-02 8.54555061e-02 7.21737382e-02 5.99829597e-02 5.34370882e-02 5.97509320e-02 5.29154831e-02 8.24848167e-02 9.12260460e-02 7.82194052e-02 -6.03821675e-02 2.73378226e-01
2.57000000e+01 -7.60120087e-01 -4.13930295e-01 -3.54809752e-01 -4.33459096e-01 -4.28888085e-01 -4.13299777e-01 -4.04678224e-01 -4.00882785e-01 -3.59445482e-01 -3.50904521e-01 -3.39511542e-01 -3.46420945e-01 -3.13957801e-01 -2.69162686e-01 -2.21096048e-01 -2.00417264e-01 -1.78051563e-01 -1.58414385e-01 -1.47953200e-01 -1.38024566e-01 -1.25565134e-01 -9.25984517e-02 -5.35440609e-02 -2.67827897e-02 1.36238280e-02 5.96643415e-02 8.26374990e-02 1.00127895e-01 1.11714237e-01 1.18768505e-01 1.17799431e-01 1.09256088e-01 1.12562386e-01 9.80719061e-02 8.87722113e-02 8.44459679e-02 8.69949572e-02 7.78223801e-02 6.01663975e-02 4.94586213e-02 2.70317454e-02 1.07253135e-02 -5.68338670e-03 -1.00549915e-02 -1.57473152e-02 -4.38043237e-03 1.18448596e-02 3.40676337e-02 4.76278328e-02 5.73803808e-02 5.78143699e-02 4.91681279e-02 4.02092074e-02 2.79274090e-02 1.50334747e-02 6.11965968e-03 -9.68377754e-03 -1.46762603e-02 -1.85380874e-02 -1.41750368e-02 -7.31088139e-03 8.26839082e-03 2.32115046e-02 4.51608382e-02 6.82255976e-02 8.68909637e-02 1.05611354e-01 1.19784085e-01 1.35260581e-01 1.44844175e-01 1.58776690e-01 1.67618739e-01 1.86531228e-01 1.97323099e-01 2.14361369e-01 2.27322203e-01 2.41589838e-01 2.53994256e-01 2.60560866e-01 2.41635146e-01 2.25413619e-01 2.33375065e-01 2.42731920e-01 1.94433809e-01 1.76002337e-01 1.76311234e-01 1.52053177e-01 1.04143763e-01 1.00862560e-01 8.60033270e-02 7.30425936e-02 6.24058879e-02 5.51159159e-02 6.28290834e-02 5.59266392e-02 8.38226345e-02 9.78756904e-02 8.19378911e-02 -5.70387536e-02 2.81721433e-01
2.58000000e+01 -7.61396680e-01 -4.18431926e-01 -3.57159690e-01 -4.35189925e-01 -4.33514421e-01 -4.15734911e-01 -4.07720460e-01 -4.03188694e-01 -3.61199302e-01 -3.51852390e-01 -3.39268781e-01 -3.44233294e-01 -3.10929551e-01 -2.66193738e-01 -2.16690721e-01 -1.95569168e-01 -1.73770890e-01 -1.55270648e-01 -1.44420203e-01 -1.35310719e-01 -1.23134630e-01 -9.09616085e-02 -5.17014987e-02 -2.52665448e-02 1.51850656e-02 6.06772530e-02 8.30938096e-02 9.97591019e-02 1.11843511e-01 1.18941330e-01 1.18770401e-01 1.10843050e-01 1.13816242e-01 9.96609609e-02 9.03480628e-02 8.64508364e-02 8.92172235e-02 8.08412318e-02 6.27746424e-02 5.24296710e-02 3.03769731e-02 1.38054230e-02 -3.23176758e-03 -7.58094490e-03 -1.44624847e-02 -3.67433002e-03 1.18006564e-02 3.34328399e-02 4.62453462e-02 5.51724243e-02 5.50907195e-02 4.56511901e-02 3.61286978e-02 2.37033465e-02 1.02319042e-02 1.64261301e-03 -1.44076290e-02 -1.92521561e-02 -2.28268125e-02 -1.89000885e-02 -1.18040178e-02 3.18551249e-03 1.83081339e-02 4.04676939e-02 6.38571143e-02 8.36721575e-02 1.03023807e-01 1.17953928e-01 1.33914969e-01 1.44061801e-01 1.58548946e-01 1.67468610e-01 1.86777722e-01 1.97642719e-01 2.15210584e-01 2.27784129e-01 2.41907996e-01 2.54135921e-01 2.58896122e-01 2.39220140e-01 2.24026514e-01 2.33863890e-01 2.41132649e-01 1.92700265e-01 1.76526064e-01 1.76973225e-01 1.51059909e-01 1.05280527e-01 1.01857196e-01 8.67126020e-02 7.38789338e-02 6.47563308e-02 5.69948758e-02 6.56724600e-02 5.92891595e-02 8.49868352e-02 1.04560251e-01 8.57301492e-02 -5.38057796e-02 2.89994782e-01
2.59000000e+01 -7.62545109e-01 -4.22997239e-01 -3.59472351e-01 -4.36890210e-01 -4.38139649e-01 -4.18056119e-01 -4.10920084e-01 -4.05283951e-01 -3.63165460e-01 -3.52589645e-01 -3.39135145e-01 -3.41868719e-01 -3.07988023e-01 -2.63146262e-01 -2.12383094e-01 -1.90747603e-01 -1.69533008e-01 -1.52199201e-01 -1.40932235e-01 -1.32609702e-01 -1.20709579e-01 -8.92131183e-02 -4.99880806e-02 -2.37059780e-02 1.67396459e-02 6.16606245e-02 8.35259391e-02 9.94434815e-02 1.11920022e-01 1.19123058e-01 1.19683220e-01 1.12454319e-01 1.14985805e-01 1.01240827e-01 9.18868516e-02 8.84311000e-02 9.14087323e-02 8.38266153e-02 6.53946871e-02 5.53335687e-02 3.37472061e-02 1.69190877e-02 -7.37092488e-04 -5.07417633e-03 -1.31030132e-02 -2.92613045e-03 1.17663410e-02 3.27899069e-02 4.48266544e-02 5.29228162e-02 5.22968856e-02 4.21063115e-02 3.20314187e-02 1.94964949e-02 5.43227568e-03 -2.82799428e-03 -1.90602683e-02 -2.37854196e-02 -2.70501804e-02 -2.35301041e-02 -1.62123708e-02 -1.85086101e-03 1.34787087e-02 3.57742179e-02 5.94575335e-02 8.04084773e-02 1.00418542e-01 1.16086319e-01 1.32542905e-01 1.43277265e-01 1.58314439e-01 1.67358788e-01 1.87016763e-01 1.97967383e-01 2.16078847e-01 2.28227095e-01 2.42207855e-01 2.54189442e-01 2.57098704e-01 2.36811208e-01 2.22772304e-01 2.34343599e-01 2.39303479e-01 1.91153440e-01 1.76991633e-01 1.77660028e-01 1.49944716e-01 1.06624938e-01 1.02662926e-01 8.75840075e-02 7.46960329e-02 6.70149472e-02 5.90905156e-02 6.82774753e-02 6.29779663e-02 8.60292061e-02 1.11234521e-01 8.96100363e-02 -5.06795487e-02 2.98192192e-01
2.60000000e+01 -7.63582340e-01 -4.27609673e-01 -3.61737909e-01 -4.38584575e-01 -4.42735895e-01 -4.20287573e-01 -4.14254843e-01 -4.07178426e-01 -3.65334464e-01 -3.53121069e-01 -3.39096804e-01 -3.39341803e-01 -3.05133051e-01 -2.60016692e-01 -2.08184358e-01 -1.85955382e-01 -1.65337173e-01 -1.49194129e-01 -1.37498620e-01 -1.29916616e-01 -1.18293076e-01 -8.73490630e-02 -4.84022980e-02 -2.20965085e-02 1.82804415e-02 6.26159609e-02 8.39293905e-02 9.91904635e-02 1.11938126e-01 1.19322388e-01 1.20533395e-01 1.14087912e-01 1.16077610e-01 1.02806120e-01 9.33908117e-02 9.03884230e-02 9.35708202e-02 8.67727992e-02 6.80279708e-02 5.81735993e-02 3.71347750e-02 2.00646812e-02 1.80386749e-03 -2.54149262e-03 -1.16653050e-02 -2.13532372e-03 1.17413626e-02 3.21392074e-02 4.33704565e-02 5.06325902e-02 4.94322762e-02 3.85346743e-02 2.79196276e-02 1.53058391e-02 6.39251126e-04 -7.29412881e-03 -2.36397345e-02 -2.82757819e-02 -3.12135380e-02 -2.80637582e-02 -2.05419707e-02 -6.83422966e-03 8.72425826e-03 3.10825848e-02 5.50329869e-02 7.70961657e-02 9.77959613e-02 1.14179351e-01 1.31145531e-01 1.42489490e-01 1.58072196e-01 1.67289245e-01 1.87247397e-01 1.98298972e-01 2.16959672e-01 2.28652600e-01 2.42487048e-01 2.54146699e-01 2.55177409e-01 2.34420087e-01 2.21654984e-01 2.34788007e-01 2.37258849e-01 1.89805225e-01 1.77389928e-01 1.78355455e-01 1.48736169e-01 1.08157981e-01 1.03285893e-01 8.86137470e-02 7.55073827e-02 6.91667467e-02 6.14115704e-02 7.06503574e-02 6.69590449e-02 8.70058519e-02 1.17854020e-01 9.35873861e-02 -4.76525139e-02 3.06306415e-01
2.61000000e+01 -7.64526473e-01 -4.32249912e-01 -3.63949316e-01 -4.40295981e-01 -4.47275345e-01 -4.22456091e-01 -4.17697132e-01 -4.08888853e-01 -3.67689366e-01 -3.53458031e-01 -3.39134763e-01 -3.36671671e-01 -3.02360834e-01 -2.56804573e-01 -2.04103415e-01 -1.81195856e-01 -1.61183280e-01 -1.46248837e-01 -1.34128324e-01 -1.27227156e-01 -1.15887205e-01 -8.53681679e-02 -4.69395880e-02 -2.04350894e-02 1.98005311e-02 6.35444461e-02 8.43008107e-02 9.90074892e-02 1.11894040e-01 1.19546424e-01 1.21318044e-01 1.15740346e-01 1.17099335e-01 1.04350799e-01 9.48625021e-02 9.23244092e-02 9.57047955e-02 8.96742601e-02 7.06753710e-02 6.09541710e-02 4.05315385e-02 2.32403619e-02 4.39431593e-03 1.07386150e-05 -1.01464134e-02 -1.30148233e-03 1.17255469e-02 3.14806804e-02 4.18758415e-02 4.83023649e-02 4.64969970e-02 3.49373761e-02 2.37956822e-02 1.11297604e-02 -4.14209959e-03 -1.17574006e-02 -2.81448389e-02 -3.27225021e-02 -3.53219159e-02 -3.25003507e-02 -2.47988326e-02 -1.17578314e-02 4.04493642e-03 2.63955318e-02 5.05896054e-02 7.37317532e-02 9.51561551e-02 1.12231354e-01 1.29724175e-01 1.41697171e-01 1.57821424e-01 1.67259391e-01 1.87468933e-01 1.98639631e-01 2.17845929e-01 2.29062458e-01 2.42742747e-01 2.54000123e-01 2.53142357e-01 2.32057939e-01 2.20676558e-01 2.35170992e-01 2.35017514e-01 1.88662498e-01 1.77714354e-01 1.79041623e-01 1.47466816e-01 1.09854250e-01 1.03738857e-01 8.97937769e-02 7.63263147e-02 7.12015472e-02 6.39587292e-02 7.28067904e-02 7.11906237e-02 8.79755516e-02 1.24376266e-01 9.76675321e-02 -4.47133193e-02 3.14329118e-01
2.62000000e+01 -7.65396496e-01 -4.36896252e-01 -3.66102392e-01 -4.42045052e-01 -4.51731171e-01 -4.24590166e-01 -4.21214874e-01 -4.10438114e-01 -3.70206354e-01 -3.53617923e-01 -3.39225496e-01 -3.33881411e-01 -2.99664202e-01 -2.53512610e-01 -2.00146714e-01 -1.76472929e-01 -1.57071903e-01 -1.43356128e-01 -1.30829832e-01 -1.24537691e-01 -1.13492996e-01 -8.32717920e-02 -4.55923812e-02 -1.87202965e-02 2.12933518e-02 6.44468939e-02 8.46380843e-02 9.88998915e-02 1.11785966e-01 1.19800486e-01 1.22036062e-01 1.17406605e-01 1.18059611e-01 1.05868419e-01 9.63046826e-02 9.42406385e-02 9.78118755e-02 9.25258034e-02 7.33371565e-02 6.36806876e-02 4.39291019e-02 2.64439784e-02 7.03737704e-03 2.57670730e-03 -8.54409161e-03 -4.24308638e-04 1.17191675e-02 3.08137714e-02 4.03423286e-02 4.59323063e-02 4.34918575e-02 3.13154376e-02 1.96620010e-02 6.96611223e-03 -8.90635621e-03 -1.62190189e-02 -3.25752035e-02 -3.71244181e-02 -3.93799039e-02 -3.68398776e-02 -2.89888007e-02 -1.66148062e-02 -5.59948196e-04 2.17163881e-02 4.61333868e-02 7.03121992e-02 9.24988673e-02 1.10240930e-01 1.28280293e-01 1.40898803e-01 1.57561469e-01 1.67268118e-01 1.87680965e-01 1.98991673e-01 2.18729997e-01 2.29458672e-01 2.42971678e-01 2.53742843e-01 2.51004884e-01 2.29735241e-01 2.19836854e-01 2.35467129e-01 2.32602112e-01 1.87727026e-01 1.77960868e-01 1.79699588e-01 1.46172101e-01 1.11682867e-01 1.04040659e-01 9.11121477e-02 7.71656474e-02 7.31142517e-02 6.67246894e-02 7.47712337e-02 7.56246016e-02 8.89980207e-02 1.30761999e-01 1.01850969e-01 -4.18469560e-02 3.22251005e-01
2.63000000e+01 -7.66212009e-01 -4.41525065e-01 -3.68195825e-01 -4.43849501e-01 -4.56078428e-01 -4.26718944e-01 -4.24772565e-01 -4.11854302e-01 -3.72855577e-01 -3.53623384e-01 -3.39341776e-01 -3.30997347e-01 -2.97033009e-01 -2.50146610e-01 -1.96318173e-01 -1.71791055e-01 -1.53004301e-01 -1.40508311e-01 -1.27611042e-01 -1.21845296e-01 -1.11110448e-01 -8.10638498e-02 -4.43502436e-02 -1.69523603e-02 2.27528465e-02 6.53237036e-02 8.49403997e-02 9.88708264e-02 1.11614158e-01 1.20087983e-01 1.22688200e-01 1.19080160e-01 1.18967802e-01 1.07352397e-01 9.77201771e-02 9.61387192e-02 9.98931156e-02 9.53226845e-02 7.60129532e-02 6.63594034e-02 4.73190277e-02 2.96729937e-02 9.73604254e-03 5.15126030e-03 -6.85682625e-03 4.96319425e-04 1.17230028e-02 3.01373898e-02 3.87698891e-02 4.35221134e-02 4.04183587e-02 2.76698155e-02 1.55210167e-02 2.81231795e-03 -1.36478235e-02 -2.06797667e-02 -3.69312674e-02 -4.14800078e-02 -4.33915458e-02 -4.10830812e-02 -3.31174033e-02 -2.13983634e-02 -5.09187971e-03 1.70490847e-02 4.16700765e-02 6.68350237e-02 8.98234823e-02 1.08206961e-01 1.26815419e-01 1.40092715e-01 1.57291779e-01 1.67313842e-01 1.87883383e-01 1.99357471e-01 2.19603952e-01 2.29843289e-01 2.43170159e-01 2.53368839e-01 2.48777392e-01 2.27461699e-01 2.19133390e-01 2.35652320e-01 2.30038644e-01 1.86995516e-01 1.78127911e-01 1.80310030e-01 1.44889199e-01 1.13608562e-01 1.04215510e-01 9.25534468e-02 7.80373692e-02 7.49049379e-02 6.96944954e-02 7.65759480e-02 8.02081767e-02 9.01321322e-02 1.36976298e-01 1.06133168e-01 -3.90350329e-02 3.30061977e-01
2.64000000e+01 -7.66992933e-01 -4.46111305e-01 -3.70231070e-01 -4.45723634e-01 -4.60294900e-01 -4.28871171e-01 -4.28332423e-01 -4.13169596e-01 -3.75602197e-01 -3.53501326e-01 -3.39453637e-01 -3.28048200e-01 -2.94454634e-01 -2.46715316e-01 -1.92619172e-01 -1.67155214e-01 -1.48982403e-01 -1.37697329e-01 -1.24479163e-01 -1.19147762e-01 -1.08738590e-01 -7.87506657e-02 -4.32001102e-02 -1.51331371e-02 2.41736025e-02 6.61748226e-02 8.52082856e-02 9.89212558e-02 1.11380941e-01 1.20410346e-01 1.23277074e-01 1.20753058e-01 1.19833773e-01 1.08796263e-01 9.91117329e-02 9.80203528e-02 1.01949331e-01 9.80607236e-02 7.87017293e-02 6.89972584e-02 5.06930328e-02 3.29244377e-02 1.24931125e-02 7.72998321e-03 -5.08385688e-03 1.46030981e-03 1.17383693e-02 2.94498918e-02 3.71589451e-02 4.10710310e-02 3.72786656e-02 2.40014157e-02 1.13751303e-02 -1.33451438e-03 -1.83606247e-02 -2.51399919e-02 -4.12142588e-02 -4.57874584e-02 -4.73602620e-02 -4.52314762e-02 -3.71897237e-02 -2.61019467e-02 -9.55306086e-03 1.23981410e-02 3.72050662e-02 6.32984204e-02 8.71290254e-02 1.06128608e-01 1.25331115e-01 1.39277113e-01 1.57011878e-01 1.67394578e-01 1.88076352e-01 1.99739359e-01 2.20459758e-01 2.30218242e-01 2.43334140e-01 2.52873077e-01 2.46473182e-01 2.25246172e-01 2.18561266e-01 2.35704400e-01 2.27355865e-01 1.86459801e-01 1.78216267e-01 1.80853954e-01 1.43655782e-01 1.15592899e-01 1.04292125e-01 9.40993329e-02 7.89523634e-02 7.65787614e-02 7.28461440e-02 7.82597626e-02 8.48856198e-02 9.14341526e-02 1.42989575e-01 1.10504551e-01 -3.62561574e-02 3.37751322e-01
2.65000000e+01 -7.67759199e-01 -4.50629087e-01 -3.72212147e-01 -4.47677984e-01 -4.64361848e-01 -4.31074166e-01 -4.31855619e-01 -4.14418995e-01 -3.78407595e-01 -3.53281822e-01 -3.39529456e-01 -3.25064153e-01 -2.91914571e-01 -2.43230138e-01 -1.89048622e-01 -1.62570869e-01 -1.45008759e-01 -1.34914925e-01 -1.21440603e-01 -1.16443568e-01 -1.06375593e-01 -7.63407680e-02 -4.21266047e-02 -1.32660192e-02 2.55509742e-02 6.69997183e-02 8.54436073e-02 9.90499860e-02 1.11090669e-01 1.20767033e-01 1.23807082e-01 1.22416071e-01 1.20667654e-01 1.10193898e-01 1.00481892e-01 9.98873953e-02 1.03981020e-01 1.00736410e-01 8.14018039e-02 7.16016918e-02 5.40431681e-02 3.61948937e-02 1.53111262e-02 1.03092631e-02 -3.22518198e-03 2.46732920e-03 1.17671242e-02 2.87491013e-02 3.55103409e-02 3.85778865e-02 3.40755703e-02 2.03111015e-02 7.22666937e-03 -5.47746696e-03 -2.30388100e-02 -2.95996140e-02 -4.54261387e-02 -5.00447393e-02 -5.12888027e-02 -4.92873496e-02 -4.12102896e-02 -3.07193941e-02 -1.39463173e-02 7.76862575e-03 3.27433180e-02 5.97013439e-02 8.44141795e-02 1.04005291e-01 1.23828934e-01 1.38450122e-01 1.56721332e-01 1.67508007e-01 1.88260275e-01 2.00139550e-01 2.21289465e-01 2.30585182e-01 2.43459246e-01 2.52251651e-01 2.44106258e-01 2.23096616e-01 2.18113119e-01 2.35603681e-01 2.24584618e-01 1.86107149e-01 1.78228849e-01 1.81313401e-01 1.42508774e-01 1.17595586e-01 1.04302729e-01 9.57291465e-02 7.99201828e-02 7.81456783e-02 7.61514338e-02 7.98666312e-02 8.96001361e-02 9.29560499e-02 1.48778389e-01 1.14950633e-01 -3.34864205e-02 3.45307939e-01
2.66000000e+01 -7.68530430e-01 -4.55052294e-01 -3.74145356e-01 -4.49719057e-01 -4.68264654e-01 -4.33352835e-01 -4.35303531e-01 -4.15638952e-01 -3.81230709e-01 -3.52996876e-01 -3.39537102e-01 -3.22075860e-01 -2.89397091e-01 -2.39704806e-01 -1.85603104e-01 -1.58043912e-01 -1.41086465e-01 -1.32152820e-01 -1.18500859e-01 -1.13731839e-01 -1.04018910e-01 -7.38446272e-02 -4.11124331e-02 -1.13557877e-02 2.68811857e-02 6.77973629e-02 8.56495184e-02 9.92537651e-02 1.10749637e-01 1.21155590e-01 1.24284246e-01 1.24058915e-01 1.21479583e-01 1.11539736e-01 1.01832883e-01 1.01741905e-01 1.05988295e-01 1.03346987e-01 8.41108810e-02 7.41804328e-02 5.73619841e-02 3.94805184e-02 1.81922835e-02 1.28863293e-02 -1.28155115e-03 3.51679063e-03 1.18116324e-02 2.80323729e-02 3.38252885e-02 3.60411495e-02 3.08124484e-02 1.65996940e-02 3.07785451e-03 -9.61968258e-03 -2.76764781e-02 -3.40581428e-02 -4.95695186e-02 -5.42496782e-02 -5.51792362e-02 -5.32537306e-02 -4.51829844e-02 -3.52450877e-02 -1.82749815e-02 3.16609219e-03 2.82893174e-02 5.60435665e-02 8.16773193e-02 1.01836660e-01 1.22310389e-01 1.37609827e-01 1.56419729e-01 1.67651564e-01 1.88435740e-01 2.00560049e-01 2.22085411e-01 2.30945318e-01 2.43540831e-01 2.51501904e-01 2.41691116e-01 2.21020052e-01 2.17779119e-01 2.35333459e-01 2.21757113e-01 1.85920695e-01 1.78170428e-01 1.81672112e-01 1.41483134e-01 1.19575844e-01 1.04281959e-01 9.74205830e-02 8.09488782e-02 7.96200003e-02 7.95770252e-02 8.14440281e-02 9.42957492e-02 9.47439264e-02 1.54326087e-01 1.19452333e-01 -3.06999731e-02 3.52720583e-01
2.67000000e+01 -7.69325621e-01 -4.59355218e-01 -3.76038914e-01 -4.51849209e-01 -4.71993324e-01 -4.35728779e-01 -4.38638996e-01 -4.16865957e-01 -3.84029456e-01 -3.52679140e-01 -3.39445124e-01 -3.19113442e-01 -2.86885939e-01 -2.36154941e-01 -1.82277071e-01 -1.53580597e-01 -1.37219053e-01 -1.29402928e-01 -1.15664390e-01 -1.11012288e-01 -1.01665445e-01 -7.12743491e-02 -4.01388365e-02 -9.40841913e-03 2.81614053e-02 6.85662413e-02 8.58303577e-02 9.95274455e-02 1.10365925e-01 1.21571787e-01 1.24715984e-01 1.25670522e-01 1.22279459e-01 1.12828947e-01 1.03166547e-01 1.03586160e-01 1.07970838e-01 1.05890503e-01 8.68261095e-02 7.67412713e-02 6.06426845e-02 4.27770894e-02 2.11383589e-02 1.54592695e-02 7.45555093e-04 4.60785820e-03 1.18746992e-02 2.72966968e-02 3.21052897e-02 3.34590105e-02 2.74932099e-02 1.28679642e-02 -1.06922409e-03 -1.37642368e-02 -3.22679032e-02 -3.85147064e-02 -5.36475588e-02 -5.84000333e-02 -5.90329730e-02 -5.71343311e-02 -4.91109819e-02 -3.96740950e-02 -2.25427578e-02 -1.40351320e-03 2.38470570e-02 5.23257025e-02 7.89165602e-02 9.96225526e-02 1.20776926e-01 1.36754313e-01 1.56106661e-01 1.67822522e-01 1.88603445e-01 2.01002599e-01 2.22840392e-01 2.31299270e-01 2.43574039e-01 2.50622536e-01 2.39242519e-01 2.19022540e-01 2.17547028e-01 2.34880436e-01 2.18906170e-01 1.85879973e-01 1.78047324e-01 1.81916146e-01 1.40610702e-01 1.21493780e-01 1.04265697e-01 9.91504061e-02 8.20448859e-02 8.10198012e-02 8.30856717e-02 8.30412420e-02 9.89191474e-02 9.68366272e-02 1.59623224e-01 1.23986440e-01 -2.78696818e-02 3.59978124e-01
2.68000000e+01 -7.70162823e-01 -4.63513201e-01 -3.77902516e-01 -4.54066655e-01 -4.75542841e-01 -4.38219523e-01 -4.41827488e-01 -4.18135126e-01 -3.86762170e-01 -3.52360606e-01 -3.39223918e-01 -3.16205487e-01 -2.84365056e-01 -2.32597580e-01 -1.79063121e-01 -1.49187455e-01 -1.33410369e-01 -1.26657573e-01 -1.12934489e-01 -1.08285154e-01 -9.93117348e-02 -6.86433331e-02 -3.91860800e-02 -7.43085669e-03 2.93897901e-02 6.93043848e-02 8.59914909e-02 9.98642095e-02 1.09949192e-01 1.22009810e-01 1.25110830e-01 1.27239358e-01 1.23076701e-01 1.14057570e-01 1.04484299e-01 1.05422643e-01 1.09927891e-01 1.08365833e-01 8.95441656e-02 7.92918158e-02 6.38792702e-02 4.60800707e-02 2.41506130e-02 1.80270220e-02 2.85395493e-03 5.73947042e-03 1.19594682e-02 2.65388421e-02 3.03520415e-02 3.08294750e-02 2.41222444e-02 9.11662093e-03 -5.21262072e-03 -1.79140186e-02 -3.68076627e-02 -4.29680831e-02 -5.76638538e-02 -6.24935619e-02 -6.28508233e-02 -6.09334581e-02 -5.29967049e-02 -4.40022976e-02 -2.67535714e-02 -5.93396539e-03 1.94200499e-02 4.85492014e-02 7.61298199e-02 9.73629476e-02 1.19229910e-01 1.35881712e-01 1.55781706e-01 1.68018070e-01 1.88764126e-01 2.01468617e-01 2.23547828e-01 2.31646942e-01 2.43553872e-01 2.49613689e-01 2.36775269e-01 2.17109160e-01 2.17402316e-01 2.34235064e-01 2.16064459e-01 1.85961526e-01 1.77867062e-01 1.82034408e-01 1.39919161e-01 1.23311730e-01 1.04289874e-01 1.00895184e-01 8.32129747e-02 8.23661969e-02 8.66375757e-02 8.47076305e-02 1.03421428e-01 9.92645685e-02 1.64667749e-01 1.28526229e-01 -2.49678457e-02 3.67069822e-01
2.69000000e+01 -7.71058841e-01 -4.67503276e-01 -3.79746855e-01 -4.56365607e-01 -4.78913354e-01 -4.40837884e-01 -4.44838210e-01 -4.19478840e-01 -3.89389022e-01 -3.52071339e-01 -3.38846847e-01 -3.13378104e-01 -2.81819282e-01 -2.29050650e-01 -1.75952308e-01 -1.44871213e-01 -1.29664432e-01 -1.23909711e-01 -1.10313164e-01 -1.05551131e-01 -9.69541385e-02 -6.59659093e-02 -3.82339560e-02 -5.43076378e-03 3.05654973e-02 7.00094396e-02 8.61390944e-02 1.00255858e-01 1.09510404e-01 1.22462511e-01 1.25478126e-01 1.28753764e-01 1.23880016e-01 1.15222615e-01 1.05787135e-01 1.07253982e-01 1.11858287e-01 1.10772659e-01 9.22613529e-02 8.18392470e-02 6.70666727e-02 4.93846894e-02 2.72297047e-02 2.05893482e-02 5.04079953e-03 6.91038248e-03 1.20692934e-02 2.57555280e-02 2.85673335e-02 2.81504684e-02 2.07043553e-02 5.34630032e-03 -9.35054053e-03 -2.20716255e-02 -4.12907568e-02 -4.74167356e-02 -6.16223121e-02 -6.65280796e-02 -6.66330827e-02 -6.46559015e-02 -5.68418066e-02 -4.82265092e-02 -3.09114048e-02 -1.04188962e-02 1.50113718e-02 4.47163139e-02 7.33148872e-02 9.50579249e-02 1.17670602e-01 1.34990240e-01 1.55444411e-01 1.68235378e-01 1.88918497e-01 2.01959150e-01 2.24201893e-01 2.31987415e-01 2.43475264e-01 2.48477004e-01 2.34303974e-01 2.15284011e-01 2.17328343e-01 2.33391804e-01 2.13263735e-01 1.86139589e-01 1.77638036e-01 1.82019089e-01 1.39431122e-01 1.24995512e-01 1.04389279e-01 1.02632018e-01 8.44562539e-02 8.36825300e-02 9.01918210e-02 8.64908940e-02 1.07759681e-01 1.02048823e-01 1.69464978e-01 1.33042208e-01 -2.19669560e-02 3.73985611e-01
2.70000000e+01 -7.72028950e-01 -4.71304777e-01 -3.81583100e-01 -4.58736529e-01 -4.82110194e-01 -4.43591521e-01 -4.47645041e-01 -4.20925483e-01 -3.91873354e-01 -3.51838288e-01 -3.38291259e-01 -3.10654060e-01 -2.79235028e-01 -2.25532436e-01 -1.72934504e-01 -1.40638683e-01 -1.25985289e-01 -1.21153145e-01 -1.07801033e-01 -1.02811303e-01 -9.45890258e-02 -6.32569663e-02 -3.72622779e-02 -3.41627570e-03 3.16886632e-02 7.06787706e-02 8.62798899e-02 1.00693150e-01 1.09061514e-01 1.22921704e-01 1.25827685e-01 1.30202314e-01 1.24697189e-01 1.16322122e-01 1.07075661e-01 1.09082863e-01 1.13760526e-01 1.13111409e-01 9.49737128e-02 8.43900814e-02 7.02008706e-02 5.26860162e-02 3.03756072e-02 2.31467905e-02 7.30260787e-03 8.11922565e-03 1.22075912e-02 2.49436083e-02 2.67529439e-02 2.54199481e-02 1.72446796e-02 1.55756392e-03 -1.34813414e-02 -2.62392778e-02 -4.57127154e-02 -5.18588410e-02 -6.55270386e-02 -7.05015123e-02 -7.03796376e-02 -6.83068049e-02 -6.06471716e-02 -5.23445796e-02 -3.50201267e-02 -1.48519458e-02 1.06237251e-02 4.08300362e-02 7.04694914e-02 9.27076299e-02 1.16100137e-01 1.34078256e-01 1.55094269e-01 1.68471652e-01 1.89067193e-01 2.02474824e-01 2.24797619e-01 2.32318880e-01 2.43333171e-01 2.47215654e-01 2.31842828e-01 2.13550191e-01 2.17306599e-01 2.32349281e-01 2.10534111e-01 1.86386798e-01 1.77369156e-01 1.81865992e-01 1.39163391e-01 1.26515570e-01 1.04596418e-01 1.04339252e-01 8.57762372e-02 8.49934881e-02 9.37078279e-02 8.84354320e-02 1.11898359e-01 1.05200490e-01 1.74027312e-01 1.37502973e-01 -1.88404745e-02 3.80716362e-01
2.71000000e+01 -7.73086639e-01 -4.74899914e-01 -3.83422357e-01 -4.61166513e-01 -4.85143714e-01 -4.46482666e-01 -4.50227311e-01 -4.22498327e-01 -3.94182900e-01 -3.51684226e-01 -3.37539378e-01 -3.08052032e-01 -2.76600890e-01 -2.22061034e-01 -1.69998783e-01 -1.36496654e-01 -1.22376881e-01 -1.18382707e-01 -1.05397247e-01 -1.00067067e-01 -9.22129603e-02 -6.05315843e-02 -3.62513427e-02 -1.39576408e-03 3.27603538e-02 7.13095969e-02 8.64208403e-02 1.01166186e-01 1.08615088e-01 1.23378491e-01 1.26169465e-01 1.31574156e-01 1.25534899e-01 1.17355185e-01 1.08350160e-01 1.10911907e-01 1.15632893e-01 1.15383170e-01 9.76771395e-02 8.69499579e-02 7.32789824e-02 5.59790479e-02 3.35875306e-02 2.57006240e-02 9.63530096e-03 9.36457948e-03 1.23776829e-02 2.41002575e-02 2.49105436e-02 2.26360186e-02 1.37485914e-02 -2.24908928e-03 -1.76035348e-02 -3.04187548e-02 -5.00696875e-02 -5.62923153e-02 -6.93822264e-02 -7.44119406e-02 -7.40900820e-02 -7.18915262e-02 -6.44129347e-02 -5.63554834e-02 -3.90833193e-02 -1.92269239e-02 6.25952131e-03 3.68940412e-02 6.75913665e-02 9.03122520e-02 1.14519491e-01 1.33144315e-01 1.54730702e-01 1.68724156e-01 1.89210746e-01 2.03015799e-01 2.25330966e-01 2.32638597e-01 2.43122654e-01 2.45834338e-01 2.29405392e-01 2.11909790e-01 2.17317019e-01 2.31110335e-01 2.07903367e-01 1.86674920e-01 1.77069524e-01 1.81574740e-01 1.39126410e-01 1.27847956e-01 1.04940448e-01 1.05997123e-01 8.71729579e-02 8.63241917e-02 9.71467803e-02 9.05808373e-02 1.15810389e-01 1.08720373e-01 1.78373748e-01 1.41876154e-01 -1.55636111e-02 3.87254160e-01
2.72000000e+01 -7.74243382e-01 -4.78274284e-01 -3.85275132e-01 -4.63639742e-01 -4.88028960e-01 -4.49508057e-01 -4.52570385e-01 -4.24214606e-01 -3.96290819e-01 -3.51626855e-01 -3.36579020e-01 -3.05585996e-01 -2.73908175e-01 -2.18653825e-01 -1.67133819e-01 -1.32451771e-01 -1.18842923e-01 -1.15594415e-01 -1.03099451e-01 -9.73200743e-02 -8.98228684e-02 -5.78046803e-02 -3.51823472e-02 6.22375626e-04 3.37824937e-02 7.18991524e-02 8.65688248e-02 1.01664800e-01 1.08183923e-01 1.23823618e-01 1.26513245e-01 1.32859342e-01 1.26398558e-01 1.18321954e-01 1.09610663e-01 1.12743538e-01 1.17473603e-01 1.17589569e-01 1.00367493e-01 8.95234619e-02 7.62993274e-02 5.92587876e-02 3.68638544e-02 2.82528025e-02 1.20342375e-02 1.06450503e-02 1.25826362e-02 2.32231398e-02 2.30416127e-02 1.97970458e-02 1.02215882e-02 -6.07319472e-03 -2.17157887e-02 -3.46113515e-02 -5.43585108e-02 -6.07148275e-02 -7.31920645e-02 -7.82576403e-02 -7.77638329e-02 -7.54154944e-02 -6.81385162e-02 -6.02593887e-02 -4.31041122e-02 -2.35379739e-02 1.92097271e-03 3.29126018e-02 6.46783062e-02 8.78720186e-02 1.12929444e-01 1.32187232e-01 1.54353040e-01 1.68990217e-01 1.89349579e-01 2.03581722e-01 2.25798872e-01 2.32942890e-01 2.42838986e-01 2.44339250e-01 2.27004402e-01 2.10363867e-01 2.17338349e-01 2.29681973e-01 2.05396339e-01 1.86975583e-01 1.76748123e-01 1.81148861e-01 1.39323906e-01 1.28975120e-01 1.05446245e-01 1.07588340e-01 8.86451271e-02 8.76992848e-02 1.00472974e-01 9.29605804e-02 1.19477985e-01 1.12598969e-01 1.82529175e-01 1.46129406e-01 -1.21140742e-02 3.93592538e-01
2.73000000e+01 -7.75508455e-01 -4.81417314e-01 -3.87150813e-01 -4.66138047e-01 -4.90785183e-01 -4.52659064e-01 -4.54666020e-01 -4.26084796e-01 -3.98176539e-01 -3.51678109e-01 -3.35404115e-01 -3.03264784e-01 -2.71151340e-01 -2.15326991e-01 -1.64328277e-01 -1.28510408e-01 -1.15386809e-01 -1.12785587e-01 -1.00903769e-01 -9.45721709e-02 -8.74161920e-02 -5.50906739e-02 -3.40377458e-02 2.62990769e-03 3.47577783e-02 7.24448558e-02 8.67303123e-02 1.02178962e-01 1.07780639e-01 1.24247822e-01 1.26868326e-01 1.34049119e-01 1.27292187e-01 1.19223609e-01 1.10857019e-01 1.14579842e-01 1.19280972e-01 1.19732648e-01 1.03040706e-01 9.21139953e-02 7.92614486e-02 6.25203241e-02 4.02020742e-02 3.08059016e-02 1.44942553e-02 1.19593485e-02 1.28251165e-02 2.23105506e-02 2.11473757e-02 1.69017692e-02 6.66916433e-03 -9.91427999e-03 -2.58169339e-02 -3.88178516e-02 -5.85767640e-02 -6.51238031e-02 -7.69606651e-02 -8.20371192e-02 -8.14002397e-02 -7.88840707e-02 -7.18226706e-02 -6.40577027e-02 -4.70850293e-02 -2.77797315e-02 -2.38981392e-03 2.88905137e-02 6.17282065e-02 8.53872043e-02 1.11330534e-01 1.31206139e-01 1.53960496e-01 1.69267215e-01 1.89484023e-01 2.04171673e-01 2.26199263e-01 2.33227175e-01 2.42477741e-01 2.42738011e-01 2.24651583e-01 2.08912421e-01 2.17348581e-01 2.28075205e-01 2.03034373e-01 1.87260977e-01 1.76413551e-01 1.80595743e-01 1.39752750e-01 1.29886495e-01 1.06133619e-01 1.09098581e-01 9.01903240e-02 8.91420616e-02 1.03655039e-01 9.56009263e-02 1.22893136e-01 1.16816778e-01 1.86523482e-01 1.50231430e-01 -8.47277248e-03 3.99726697e-01
2.74000000e+01 -7.76888782e-01 -4.84322619e-01 -3.89057186e-01 -4.68641517e-01 -4.93435203e-01 -4.55922021e-01 -4.56512506e-01 -4.28112152e-01 -3.99826349e-01 -3.51843694e-01 -3.34015016e-01 -3.01091814e-01 -2.68328306e-01 -2.12095068e-01 -1.61571200e-01 -1.24678543e-01 -1.12011534e-01 -1.09954913e-01 -9.88048349e-02 -9.18253521e-02 -8.49910169e-02 -5.24031753e-02 -3.28015495e-02 4.61891027e-03 3.56895807e-02 7.29444778e-02 8.69110551e-02 1.02699142e-01 1.07417304e-01 1.24642177e-01 1.27243255e-01 1.35136183e-01 1.28218310e-01 1.20062327e-01 1.12088965e-01 1.16422437e-01 1.21053581e-01 1.21814731e-01 1.05692880e-01 9.47236981e-02 8.21660959e-02 6.57589090e-02 4.35987673e-02 3.33630556e-02 1.70097229e-02 1.33063566e-02 1.31072545e-02 2.13615190e-02 1.92287561e-02 1.39494098e-02 3.09667802e-03 -1.37718132e-02 -2.99059747e-02 -4.30385117e-02 -6.27228055e-02 -6.95164164e-02 -8.06920098e-02 -8.57491535e-02 -8.49986781e-02 -8.23024187e-02 -7.54635500e-02 -6.77530877e-02 -5.10278579e-02 -3.19474698e-02 -6.67074932e-03 2.48330188e-02 5.87390985e-02 8.28581521e-02 1.09723014e-01 1.30200539e-01 1.53552157e-01 1.69552551e-01 1.89614352e-01 2.04784129e-01 2.26531043e-01 2.33486014e-01 2.42034899e-01 2.41039583e-01 2.22357501e-01 2.07554356e-01 2.17325429e-01 2.26304784e-01 2.00834890e-01 1.87504517e-01 1.76073780e-01 1.79926466e-01 1.40403026e-01 1.30578846e-01 1.07016711e-01 1.10516875e-01 9.18052083e-02 9.06736599e-02 1.06666999e-01 9.85201211e-02 1.26057758e-01 1.21344913e-01 1.90390517e-01 1.54152983e-01 -4.62444703e-03 4.05653696e-01
2.75000000e+01 -7.78388843e-01 -4.86988258e-01 -3.91000014e-01 -4.71129155e-01 -4.96004646e-01 -4.59278742e-01 -4.58114563e-01 -4.30292488e-01 -4.01233742e-01 -3.52122863e-01 -3.32418565e-01 -2.99065023e-01 -2.65440650e-01 -2.08970573e-01 -1.58852355e-01 -1.20961635e-01 -1.08719653e-01 -1.07102484e-01 -9.67958485e-02 -8.90817343e-02 -8.25461763e-02 -4.97546981e-02 -3.14595675e-02 6.58190314e-03 3.65818569e-02 7.33962899e-02 8.71158224e-02 1.03216636e-01 1.07105071e-01 1.24998420e-01 1.27645587e-01 1.36114889e-01 1.29177884e-01 1.20841241e-01 1.13306169e-01 1.18272359e-01 1.22790432e-01 1.23838302e-01 1.08320373e-01 9.73534212e-02 8.50151694e-02 6.89700301e-02 4.70495849e-02 3.59278844e-02 1.95746050e-02 1.46851803e-02 1.34305394e-02 2.03758642e-02 1.72863520e-02 1.09397719e-02 -4.90780872e-04 -1.76451486e-02 -3.39821018e-02 -4.72730489e-02 -6.67958045e-02 -7.38895750e-02 -8.43899136e-02 -8.93928220e-02 -8.85586261e-02 -8.56753870e-02 -7.90587818e-02 -7.13494414e-02 -5.49335471e-02 -3.60372230e-02 -1.09196867e-02 2.07457330e-02 5.57091739e-02 8.02853016e-02 1.08106807e-01 1.29170330e-01 1.53126969e-01 1.69843608e-01 1.89740831e-01 2.05416923e-01 2.26794055e-01 2.33713189e-01 2.41506946e-01 2.39254136e-01 2.20131430e-01 2.06287445e-01 2.17246850e-01 2.24388846e-01 1.98811043e-01 1.87681448e-01 1.75735974e-01 1.79155512e-01 1.41258309e-01 1.31056377e-01 1.08103598e-01 1.11835873e-01 9.34857439e-02 9.23123492e-02 1.09489126e-01 1.01727872e-01 1.28983492e-01 1.26146005e-01 1.94166921e-01 1.57867846e-01 -5.58211237e-04 4.11372591e-01
2.76000000e+01 -7.80010620e-01 -4.89416890e-01 -3.92982676e-01 -4.73579555e-01 -4.98521083e-01 -4.62707194e-01 -4.59483025e-01 -4.32614230e-01 -4.02399496e-01 -3.52508450e-01 -3.30627929e-01 -2.97176988e-01 -2.62493657e-01 -2.05963701e-01 -1.56162556e-01 -1.17364508e-01 -1.05513250e-01 -1.04229788e-01 -9.48686554e-02 -8.63435436e-02 -8.00813237e-02 -4.71563975e-02 -2.99995996e-02 8.51195503e-03 3.74390559e-02 7.37991859e-02 8.73481879e-02 1.03723819e-01 1.06853880e-01 1.25309240e-01 1.28081678e-01 1.36981406e-01 1.30170266e-01 1.21564391e-01 1.14508273e-01 1.20129969e-01 1.24491070e-01 1.25805900e-01 1.10919869e-01 1.00002748e-01 8.78116260e-02 7.21494821e-02 5.05492730e-02 3.85044081e-02 2.21825449e-02 1.60951767e-02 1.37957403e-02 1.93542085e-02 1.53204315e-02 7.87333507e-03 -4.08851305e-03 -2.15334746e-02 -3.80447078e-02 -5.15206272e-02 -7.07957680e-02 -7.82399001e-02 -8.80580004e-02 -9.29675355e-02 -9.20797195e-02 -8.90074098e-02 -8.26055604e-02 -7.48518391e-02 -5.88021428e-02 -4.00458816e-02 -1.51343651e-02 1.66345784e-02 5.26368076e-02 7.76692223e-02 1.06481479e-01 1.28115819e-01 1.52683749e-01 1.70137711e-01 1.89863763e-01 2.06067218e-01 2.26989029e-01 2.33901805e-01 2.40890972e-01 2.37392904e-01 2.17981254e-01 2.05108284e-01 2.17091582e-01 2.22348455e-01 1.96971490e-01 1.87769394e-01 1.75406346e-01 1.78300358e-01 1.42296147e-01 1.31330591e-01 1.09396106e-01 1.13052000e-01 9.52274231e-02 9.40729372e-02 1.12108569e-01 1.05225134e-01 1.31691181e-01 1.31175357e-01 1.97890879e-01 1.61353721e-01 3.73201779e-03 4.16884544e-01
2.77000000e+01 -7.81753596e-01 -4.91615816e-01 -3.95005903e-01 -4.75971573e-01 -5.01013096e-01 -4.66182332e-01 -4.60634302e-01 -4.35058724e-01 -4.03331480e-01 -3.52987158e-01 -3.28662200e-01 -2.95415246e-01 -2.59496244e-01 -2.03082113e-01 -1.53493927e-01 -1.13891258e-01 -1.02393934e-01 -1.01339664e-01 -9.30138571e-02 -8.36131200e-02 -7.75969744e-02 -4.46178383e-02 -2.84115911e-02 1.04027769e-02 3.82660366e-02 7.41527675e-02 8.76103835e-02 1.04214342e-01 1.06672199e-01 1.25568527e-01 1.28556523e-01 1.37733827e-01 1.31193201e-01 1.22236662e-01 1.15694911e-01 1.21994896e-01 1.26155671e-01 1.27720030e-01 1.13488438e-01 1.02670056e-01 9.05593537e-02 7.52934333e-02 5.40917267e-02 4.10969454e-02 2.48269624e-02 1.75359537e-02 1.42028613e-02 1.82979485e-02 1.33309458e-02 4.75133124e-03 -7.69231513e-03 -2.54357693e-02 -4.20934033e-02 -5.57798409e-02 -7.47235649e-02 -8.25637105e-02 -9.16996852e-02 -9.64730593e-02 -9.55617854e-02 -9.23024288e-02 -8.61007547e-02 -7.82664298e-02 -6.26327617e-02 -4.39712550e-02 -1.93123757e-02 1.25057189e-02 4.95205832e-02 7.50106446e-02 1.04846219e-01 1.27037699e-01 1.52221193e-01 1.70432092e-01 1.89983530e-01 2.06731501e-01 2.27117495e-01 2.34044394e-01 2.40184777e-01 2.35468001e-01 2.15913405e-01 2.04012263e-01 2.16839698e-01 2.20207078e-01 1.95320287e-01 1.87748821e-01 1.75090065e-01 1.77380960e-01 1.43488727e-01 1.31419915e-01 1.10889839e-01 1.14165480e-01 9.70254816e-02 9.59663131e-02 1.14519736e-01 1.09004219e-01 1.34210011e-01 1.36382326e-01 2.01600831e-01 1.64593015e-01 8.24721318e-03 4.22192874e-01
2.78000000e+01 -7.83614808e-01 -4.93596905e-01 -3.97067605e-01 -4.78284976e-01 -5.03509298e-01 -4.69677030e-01 -4.61589659e-01 -4.37600795e-01 -4.04044209e-01 -3.53540084e-01 -3.26545769e-01 -2.93762803e-01 -2.56460731e-01 -2.00330804e-01 -1.50840124e-01 -1.10545171e-01 -9.93628425e-02 -9.84362253e-02 -9.12209444e-02 -8.08929322e-02 -7.50945161e-02 -4.21467937e-02 -2.66877586e-02 1.22488075e-02 3.90679899e-02 7.44573946e-02 8.79032244e-02 1.04683236e-01 1.06566832e-01 1.25771579e-01 1.29073632e-01 1.38372231e-01 1.32242854e-01 1.22863712e-01 1.16865734e-01 1.23866000e-01 1.27785087e-01 1.29583111e-01 1.16023577e-01 1.05352621e-01 9.32630182e-02 7.83984869e-02 5.76700764e-02 4.37099961e-02 2.75011683e-02 1.90073370e-02 1.46511289e-02 1.72091980e-02 1.13175557e-02 1.57580054e-03 -1.12985616e-02 -2.93507638e-02 -4.61280352e-02 -6.00486958e-02 -7.85809427e-02 -8.68570181e-02 -9.53181551e-02 -9.99095281e-02 -9.90048529e-02 -9.55638390e-02 -8.95410290e-02 -8.16002869e-02 -6.64236103e-02 -4.78120975e-02 -2.34511523e-02 8.36550112e-03 4.63593216e-02 7.23104903e-02 1.03199827e-01 1.25937006e-01 1.51737905e-01 1.70723850e-01 1.90100632e-01 2.07405593e-01 2.27181698e-01 2.34133033e-01 2.39386972e-01 2.33492225e-01 2.13932828e-01 2.02993538e-01 2.16473137e-01 2.17989997e-01 1.93856891e-01 1.87603425e-01 1.74791212e-01 1.76419159e-01 1.44803720e-01 1.31349087e-01 1.12574420e-01 1.15180245e-01 9.88750992e-02 9.79991428e-02 1.16724424e-01 1.13049193e-01 1.36576380e-01 1.41711886e-01 2.05334181e-01 1.67573504e-01 1.29830701e-02 4.27303061e-01
2.79000000e+01 -7.85588944e-01 -4.95376400e-01 -3.99162798e-01 -4.80501040e-01 -5.06037349e-01 -4.73163101e-01 -4.62374325e-01 -4.40209523e-01 -4.04558158e-01 -3.54143472e-01 -3.24307508e-01 -2.92198810e-01 -2.53402498e-01 -1.97712078e-01 -1.48196493e-01 -1.07328672e-01 -9.64206487e-02 -9.55247556e-02 -8.94784579e-02 -7.81855968e-02 -7.25761894e-02 -3.97490821e-02 -2.48226935e-02 1.40452951e-02 3.98503625e-02 7.47141996e-02 8.82261069e-02 1.05126962e-01 1.06542779e-01 1.25915263e-01 1.29634948e-01 1.38898681e-01 1.33313888e-01 1.23451873e-01 1.18020420e-01 1.25741368e-01 1.29380840e-01 1.31397435e-01 1.18523239e-01 1.08046742e-01 9.59278884e-02 8.14617395e-02 6.12768012e-02 4.63481101e-02 3.01984896e-02 2.05093071e-02 1.51390097e-02 1.60907119e-02 9.27966820e-03 -1.65038062e-03 -1.49042589e-02 -3.32769154e-02 -5.01487056e-02 -6.43245910e-02 -8.23705298e-02 -9.11155411e-02 -9.89163457e-02 -1.03277450e-01 -1.02409143e-01 -9.87944604e-02 -9.29229791e-02 -8.48612131e-02 -7.01720473e-02 -5.15680975e-02 -2.75479874e-02 4.22040070e-03 4.31521133e-02 6.95699011e-02 1.01540719e-01 1.24815054e-01 1.51232438e-01 1.71009939e-01 1.90215694e-01 2.08084679e-01 2.27184476e-01 2.34159474e-01 2.38497082e-01 2.31478838e-01 2.12042968e-01 2.02045026e-01 2.15976208e-01 2.15723669e-01 1.92576279e-01 1.87320433e-01 1.74512777e-01 1.75438002e-01 1.46205260e-01 1.31148351e-01 1.14433921e-01 1.16103735e-01 1.00771578e-01 1.00173722e-01 1.18731679e-01 1.17336584e-01 1.38832507e-01 1.47106312e-01 2.09126045e-01 1.70288831e-01 1.79299842e-02 4.32222693e-01
2.80000000e+01 -7.87668497e-01 -4.96974622e-01 -4.01283646e-01 -4.82603085e-01 -5.08622985e-01 -4.76612361e-01 -4.63016482e-01 -4.42849226e-01 -4.04898863e-01 -3.54769648e-01 -3.21979777e-01 -2.90699384e-01 -2.50339517e-01 -1.95225601e-01 -1.45560175e-01 -1.04243290e-01 -9.35675726e-02 -9.26115793e-02 -8.77741742e-02 -7.54938946e-02 -7.00450407e-02 -3.74284453e-02 -2.28134464e-02 1.57883775e-02 4.06187802e-02 7.49250704e-02 8.85770750e-02 1.05543381e-01 1.06603163e-01 1.25998126e-01 1.30240807e-01 1.39317176e-01 1.34399579e-01 1.24008032e-01 1.19158696e-01 1.27618335e-01 1.30945088e-01 1.33165157e-01 1.20985836e-01 1.10747900e-01 9.85596488e-02 8.44808330e-02 6.49038646e-02 4.90157457e-02 3.29124015e-02 2.20419093e-02 1.56642549e-02 1.49458040e-02 7.21647699e-03 -4.92350214e-03 -1.85070692e-02 -3.72123894e-02 -5.41557934e-02 -6.86043073e-02 -8.60958158e-02 -9.53347408e-02 -1.02496910e-01 -1.06577707e-01 -1.05775036e-01 -1.01996536e-01 -9.62432809e-02 -8.80575014e-02 -7.38746881e-02 -5.52398330e-02 -3.16000710e-02 7.69741284e-05 3.98983536e-02 6.67902661e-02 9.98669266e-02 1.23673355e-01 1.50703334e-01 1.71287153e-01 1.90329459e-01 2.08763365e-01 2.27129132e-01 2.34115272e-01 2.37515640e-01 2.29441343e-01 2.10245785e-01 2.01158433e-01 2.15336040e-01 2.13435073e-01 1.91469174e-01 1.86890811e-01 1.74256699e-01 1.74461031e-01 1.47655061e-01 1.30852460e-01 1.16447466e-01 1.16946588e-01 1.02710497e-01 1.02487988e-01 1.20557422e-01 1.21836334e-01 1.41024849e-01 1.52506943e-01 2.13008092e-01 1.72738837e-01 2.30731814e-02 4.36961361e-01
2.81000000e+01 -7.89843954e-01 -4.98415556e-01 -4.03419611e-01 -4.84576926e-01 -5.11289110e-01 -4.79997695e-01 -4.63546150e-01 -4.45480595e-01 -4.05095846e-01 -3.55388126e-01 -3.19597301e-01 -2.89238546e-01 -2.47291784e-01 -1.92868556e-01 -1.42930153e-01 -1.01289652e-01 -9.08033851e-02 -8.97039126e-02 -8.60953196e-02 -7.28207754e-02 -6.75048503e-02 -3.51864732e-02 -2.06595880e-02 1.74751586e-02 4.13789643e-02 7.50926070e-02 8.89529482e-02 1.05931676e-01 1.06749204e-01 1.26020452e-01 1.30889941e-01 1.39633549e-01 1.35491989e-01 1.24539484e-01 1.20280361e-01 1.29493523e-01 1.32480550e-01 1.34888314e-01 1.23410227e-01 1.13450925e-01 1.01164204e-01 8.74540025e-02 6.85428615e-02 5.17171233e-02 3.56366588e-02 2.36051465e-02 1.62239643e-02 1.37782670e-02 5.12700309e-03 -8.23905334e-03 -2.21053041e-02 -4.11550529e-02 -5.81499759e-02 -7.28840054e-02 -8.97611025e-02 -9.95098833e-02 -1.06062176e-01 -1.09811548e-01 -1.09103020e-01 -1.05171751e-01 -9.94988499e-02 -9.11976621e-02 -7.75275486e-02 -5.88286965e-02 -3.56045483e-02 -4.05818282e-03 3.65977756e-02 6.39732497e-02 9.81761073e-02 1.22513533e-01 1.50149181e-01 1.71552138e-01 1.90442758e-01 2.09435760e-01 2.27019290e-01 2.33991927e-01 2.36444273e-01 2.27393251e-01 2.08541786e-01 2.00324305e-01 2.14542963e-01 2.11151038e-01 1.90522376e-01 1.86309379e-01 1.74023929e-01 1.73511538e-01 1.49113607e-01 1.30499553e-01 1.18589985e-01 1.17722246e-01 1.04687839e-01 1.04935688e-01 1.22223836e-01 1.26512980e-01 1.43202366e-01 1.57855965e-01 2.17007489e-01 1.74929695e-01 2.83929986e-02 4.41530501e-01
2.82000000e+01 -7.92104034e-01 -4.99726343e-01 -4.05557706e-01 -4.86411227e-01 -5.14054961e-01 -4.83294089e-01 -4.63994038e-01 -4.48061944e-01 -4.05181406e-01 -3.55966812e-01 -3.17195956e-01 -2.87789236e-01 -2.44280670e-01 -1.90635868e-01 -1.40307248e-01 -9.84674873e-02 -8.81274118e-02 -8.68097008e-02 -8.44288060e-02 -7.01693483e-02 -6.49600413e-02 -3.30225784e-02 -1.83632420e-02 1.91037775e-02 4.21366429e-02 7.52200565e-02 8.93494987e-02 1.06292209e-01 1.06980265e-01 1.25984285e-01 1.31579511e-01 1.39855310e-01 1.36582181e-01 1.25053769e-01 1.21385313e-01 1.31362901e-01 1.33990407e-01 1.36568856e-01 1.25795681e-01 1.16150173e-01 1.03747490e-01 9.03801155e-02 7.21851716e-02 5.44560756e-02 3.83654223e-02 2.51988655e-02 1.68146643e-02 1.25922989e-02 3.01013387e-03 -1.15917837e-02 -2.56978891e-02 -4.51024813e-02 -6.21322470e-02 -7.71592384e-02 -9.33714225e-02 -1.03636124e-01 -1.09614101e-01 -1.12980594e-01 -1.12393632e-01 -1.08321269e-01 -1.02687007e-01 -9.42901244e-02 -8.11262196e-02 -6.23367969e-02 -3.95585898e-02 -8.17847106e-03 3.32504783e-02 6.11208197e-02 9.64655518e-02 1.21337238e-01 1.49568663e-01 1.71801402e-01 1.90556462e-01 2.10095578e-01 2.26858723e-01 2.33781026e-01 2.35285765e-01 2.25347859e-01 2.06930065e-01 1.99532130e-01 2.13590798e-01 2.08897587e-01 1.89719178e-01 1.85574837e-01 1.73814524e-01 1.72611828e-01 1.50541394e-01 1.30129913e-01 1.20833083e-01 1.18446489e-01 1.06700088e-01 1.07506691e-01 1.23758551e-01 1.31327023e-01 1.45414702e-01 1.63098154e-01 2.21146019e-01 1.76873849e-01 3.38653111e-02 4.45943180e-01
2.83000000e+01 -7.94435951e-01 -5.00936689e-01 -4.07682855e-01 -4.88097746e-01 -5.16935392e-01 -4.86479593e-01 -4.64390375e-01 -4.50550535e-01 -4.05189313e-01 -3.56473286e-01 -3.14811516e-01 -2.86324374e-01 -2.41328216e-01 -1.88520510e-01 -1.37694070e-01 -9.57756579e-02 -8.55385339e-02 -8.39374432e-02 -8.27614851e-02 -6.75428542e-02 -6.24155723e-02 -3.09340242e-02 -1.59290787e-02 2.06734649e-02 4.28974580e-02 7.53112322e-02 8.97616653e-02 1.06626356e-01 1.07293939e-01 1.25893387e-01 1.32305186e-01 1.39991451e-01 1.37660484e-01 1.25558484e-01 1.22473583e-01 1.33221854e-01 1.35478182e-01 1.38208701e-01 1.28141825e-01 1.18839706e-01 1.06315286e-01 9.32587008e-02 7.58221112e-02 5.72358980e-02 4.10933730e-02 2.68226510e-02 1.74323928e-02 1.13924364e-02 8.64661663e-04 -1.49757871e-02 -2.92843046e-02 -4.90519810e-02 -6.61039250e-02 -8.14249825e-02 -9.69324272e-02 -1.07708611e-01 -1.13154217e-01 -1.16086843e-01 -1.15647375e-01 -1.11445781e-01 -1.05805649e-01 -9.73429296e-02 -8.46660642e-02 -6.57668459e-02 -4.34594686e-02 -1.22773192e-02 2.98569473e-02 5.82352753e-02 9.47321961e-02 1.20146060e-01 1.48960610e-01 1.72031342e-01 1.90671407e-01 2.10736262e-01 2.26651188e-01 2.33474399e-01 2.34044103e-01 2.23318036e-01 2.05408352e-01 1.98770480e-01 2.12477065e-01 2.06699301e-01 1.89039860e-01 1.84689690e-01 1.73627756e-01 1.71782510e-01 1.51900183e-01 1.29784672e-01 1.23146002e-01 1.19136905e-01 1.08744299e-01 1.10187419e-01 1.25193659e-01 1.36236406e-01 1.47710346e-01 1.68182519e-01 2.25439364e-01 1.78589751e-01 3.94620966e-02 4.50213845e-01
2.84000000e+01 -7.96825716e-01 -5.02078199e-01 -4.09778333e-01 -4.89631468e-01 -5.19940287e-01 -4.89536174e-01 -4.64763785e-01 -4.52903932e-01 -4.05153471e-01 -3.56876098e-01 -3.12478390e-01 -2.84817918e-01 -2.38456396e-01 -1.86513856e-01 -1.35094923e-01 -9.32121968e-02 -8.30351919e-02 -8.10960127e-02 -8.10804132e-02 -6.49446227e-02 -5.98768173e-02 -2.89160076e-02 -1.33642657e-02 2.21845784e-02 4.36668724e-02 7.53704199e-02 9.01837877e-02 1.06936293e-01 1.07686202e-01 1.25753163e-01 1.33061254e-01 1.40052201e-01 1.38716791e-01 1.26061098e-01 1.23545376e-01 1.35065262e-01 1.36947615e-01 1.39809803e-01 1.30448576e-01 1.21513464e-01 1.08873059e-01 9.60899629e-02 7.94450794e-02 6.00592007e-02 4.38158116e-02 2.84757366e-02 1.80727860e-02 1.01834933e-02 -1.31067295e-03 -1.83846062e-02 -3.28645081e-02 -5.30006310e-02 -7.00666435e-02 -8.56756885e-02 -1.00450248e-01 -1.11722602e-01 -1.16683577e-01 -1.19132690e-01 -1.18864652e-01 -1.14545550e-01 -1.08853405e-01 -1.00363430e-01 -8.81424266e-02 -6.91220353e-02 -4.73046341e-02 -1.63482111e-02 2.64180642e-02 5.53192707e-02 9.29726395e-02 1.18941452e-01 1.48324052e-01 1.72238277e-01 1.90788324e-01 2.11351122e-01 2.26400239e-01 2.33064281e-01 2.32724479e-01 2.21316018e-01 2.03973082e-01 1.98027188e-01 2.11203088e-01 2.04578724e-01 1.88462255e-01 1.83660098e-01 1.73462244e-01 1.71041844e-01 1.53154212e-01 1.29504487e-01 1.25496641e-01 1.19812320e-01 1.10818138e-01 1.12961398e-01 1.26564599e-01 1.41198086e-01 1.50134823e-01 1.73063812e-01 2.29896611e-01 1.80101401e-01 4.51521226e-02 4.54358021e-01
2.85000000e+01 -7.99258453e-01 -5.03183659e-01 -4.11826291e-01 -4.91010623e-01 -5.23074127e-01 -4.92450429e-01 -4.65140248e-01 -4.55081321e-01 -4.05106571e-01 -3.57146035e-01 -3.10228419e-01 -2.83245898e-01 -2.35686380e-01 -1.84606081e-01 -1.32515663e-01 -9.07743672e-02 -8.06153932e-02 -7.82944666e-02 -7.93731198e-02 -6.23780173e-02 -5.73494338e-02 -2.69617998e-02 -1.06783678e-02 2.36386102e-02 4.44500844e-02 7.54022774e-02 9.06098477e-02 1.07224781e-01 1.08151606e-01 1.25570526e-01 1.33840769e-01 1.40048767e-01 1.39740883e-01 1.26568744e-01 1.24601115e-01 1.36887588e-01 1.38402520e-01 1.41374221e-01 1.32716068e-01 1.24165426e-01 1.11425813e-01 9.88747810e-02 8.30456951e-02 6.29277668e-02 4.65287369e-02 3.01569434e-02 1.87311648e-02 8.97049633e-03 -3.51712661e-03 -2.18113546e-02 -3.64388425e-02 -5.69453429e-02 -7.40223186e-02 -8.99053558e-02 -1.03931335e-01 -1.15673579e-01 -1.20202702e-01 -1.22120963e-01 -1.22045691e-01 -1.17620458e-01 -1.11829782e-01 -1.03358016e-01 -9.15508407e-02 -7.24059156e-02 -5.10917782e-02 -2.03847112e-02 2.29351064e-02 5.23758328e-02 9.11831735e-02 1.17724661e-01 1.47658258e-01 1.72418474e-01 1.90907755e-01 2.11933471e-01 2.26109051e-01 2.32543487e-01 2.31333268e-01 2.19353220e-01 2.02619463e-01 1.97289575e-01 2.09773994e-01 2.02555814e-01 1.87962361e-01 1.82495627e-01 1.73316076e-01 1.70405164e-01 1.54271340e-01 1.29328246e-01 1.27852610e-01 1.20492210e-01 1.12919894e-01 1.15809881e-01 1.27908951e-01 1.46169604e-01 1.52728995e-01 1.77703835e-01 2.34519969e-01 1.81437702e-01 5.09017376e-02 4.58391990e-01
2.86000000e+01 -8.01718732e-01 -5.04286279e-01 -4.13808339e-01 -4.92236589e-01 -5.26335727e-01 -4.95214132e-01 -4.65542164e-01 -4.57044770e-01 -4.05078819e-01 -3.57257310e-01 -3.08089755e-01 -2.81587359e-01 -2.33037822e-01 -1.82786594e-01 -1.29963515e-01 -8.84587383e-02 -7.82767288e-02 -7.55418523e-02 -7.76278696e-02 -5.98463754e-02 -5.48392182e-02 -2.50629441e-02 -7.88319616e-03 2.50381613e-02 4.52519528e-02 7.54117302e-02 9.10337045e-02 1.07494945e-01 1.08683511e-01 1.25353724e-01 1.34635729e-01 1.39993039e-01 1.40722771e-01 1.27088018e-01 1.25641482e-01 1.38682965e-01 1.39846653e-01 1.42904188e-01 1.34944581e-01 1.26789755e-01 1.13977965e-01 1.01614691e-01 8.66159211e-02 6.58424212e-02 4.92289010e-02 3.18646494e-02 1.94026192e-02 7.75861470e-03 -5.75588086e-03 -2.52488548e-02 -4.00079377e-02 -6.08829368e-02 -7.79730864e-02 -9.41076317e-02 -1.07382292e-01 -1.19557373e-01 -1.23711536e-01 -1.25054961e-01 -1.25190490e-01 -1.20670044e-01 -1.14735279e-01 -1.06331880e-01 -9.48872261e-02 -7.56222786e-02 -5.48188868e-02 -2.43804888e-02 1.94097357e-02 4.94083682e-02 8.93598253e-02 1.16496664e-01 1.46962775e-01 1.72568182e-01 1.91029973e-01 2.12476767e-01 2.25780249e-01 2.31905595e-01 2.29877958e-01 2.17440067e-01 2.01341567e-01 1.96544703e-01 2.08198628e-01 2.00647452e-01 1.87514993e-01 1.81208933e-01 1.73186952e-01 1.69884396e-01 1.55224067e-01 1.29291826e-01 1.30182274e-01 1.21196103e-01 1.15048460e-01 1.18712543e-01 1.29265185e-01 1.51110617e-01 1.55527514e-01 1.82072522e-01 2.39304721e-01 1.82631647e-01 5.66757476e-02 4.62332435e-01
2.87000000e+01 -8.04190911e-01 -5.05418924e-01 -4.15706167e-01 -4.93313684e-01 -5.29718153e-01 -4.97824593e-01 -4.65987587e-01 -4.58760371e-01 -4.05096751e-01 -3.57188640e-01 -3.06085877e-01 -2.79825214e-01 -2.30528197e-01 -1.81044472e-01 -1.27446854e-01 -8.62612748e-02 -7.60164018e-02 -7.28470066e-02 -7.58339128e-02 -5.73529453e-02 -5.23519476e-02 -2.32095095e-02 -4.99260785e-03 2.63868796e-02 4.60769389e-02 7.54038694e-02 9.14493135e-02 1.07750062e-01 1.09274344e-01 1.25112118e-01 1.35437288e-01 1.39897292e-01 1.41653037e-01 1.27624786e-01 1.26667468e-01 1.40445290e-01 1.41283578e-01 1.44402160e-01 1.37134476e-01 1.29380926e-01 1.16533248e-01 1.04311852e-01 9.01481727e-02 6.88029223e-02 5.19138339e-02 3.35967911e-02 2.00820933e-02 6.55307323e-03 -8.02794809e-03 -2.86897893e-02 -4.35726090e-02 -6.48102294e-02 -8.19212133e-02 -9.82759344e-02 -1.10809695e-01 -1.23370263e-01 -1.27209408e-01 -1.27938496e-01 -1.28298783e-01 -1.23693535e-01 -1.17571459e-01 -1.09288841e-01 -9.81480624e-02 -7.87750525e-02 -5.84842734e-02 -2.83293439e-02 1.58439817e-02 4.64206583e-02 8.74984173e-02 1.15258120e-01 1.46237445e-01 1.72683653e-01 1.91154916e-01 2.12974734e-01 2.25415753e-01 2.31145136e-01 2.28367040e-01 2.15585832e-01 2.00132439e-01 1.95779649e-01 2.06489363e-01 1.98867027e-01 1.87094464e-01 1.79815378e-01 1.73072309e-01 1.69487692e-01 1.55990415e-01 1.29426965e-01 1.32455761e-01 1.21942999e-01 1.17203295e-01 1.21648201e-01 1.30671414e-01 1.55984335e-01 1.58557487e-01 1.86148753e-01 2.44239410e-01 1.83719364e-01 6.24383512e-02 4.66196082e-01
2.88000000e+01 -8.06659470e-01 -5.06613347e-01 -4.17502196e-01 -4.94248867e-01 -5.33208811e-01 -5.00284806e-01 -4.66489631e-01 -4.60199227e-01 -4.05182204e-01 -3.56924147e-01 -3.04234767e-01 -2.77946940e-01 -2.28172222e-01 -1.79368902e-01 -1.24974947e-01 -8.41774401e-02 -7.38312702e-02 -7.02183478e-02 -7.39817200e-02 -5.49008262e-02 -4.98932078e-02 -2.13903969e-02 -2.02225699e-03 2.76893606e-02 4.69290645e-02 7.53838557e-02 9.18509235e-02 1.07993379e-01 1.09915867e-01 1.24855930e-01 1.36235974e-01 1.39773886e-01 1.42523158e-01 1.28183998e-01 1.27680413e-01 1.42168323e-01 1.42716547e-01 1.45870855e-01 1.39286143e-01 1.31933845e-01 1.19094625e-01 1.06969003e-01 9.36354072e-02 7.18078827e-02 5.45818345e-02 3.53508928e-02 2.07644732e-02 5.35904729e-03 -1.03340557e-02 -3.21268603e-02 -4.71337574e-02 -6.87241244e-02 -8.58689818e-02 -1.02403599e-01 -1.14219928e-01 -1.27109066e-01 -1.30695011e-01 -1.30775929e-01 -1.31370025e-01 -1.26689867e-01 -1.20340974e-01 -1.12231237e-01 -1.01330530e-01 -8.18682116e-02 -6.20865936e-02 -3.22252357e-02 1.22402215e-02 4.34168387e-02 8.55946417e-02 1.14009328e-01 1.45482418e-01 1.72761169e-01 1.91282126e-01 2.13421473e-01 2.25016655e-01 2.30257793e-01 2.26809867e-01 2.13798493e-01 1.98984218e-01 1.94981799e-01 2.04661828e-01 1.97224099e-01 1.86675260e-01 1.78332585e-01 1.72969450e-01 1.69219186e-01 1.56554617e-01 1.29760265e-01 1.34645909e-01 1.22750812e-01 1.19384356e-01 1.24595554e-01 1.32164190e-01 1.60758794e-01 1.61837399e-01 1.89920876e-01 2.49306239e-01 1.84739043e-01 6.81541076e-02 4.69999331e-01
2.89000000e+01 -8.09109344e-01 -5.07899442e-01 -4.19180216e-01 -4.95051343e-01 -5.36789723e-01 -5.02603397e-01 -4.67056076e-01 -4.61338257e-01 -4.05351464e-01 -3.56454078e-01 -3.02548291e-01 -2.75945117e-01 -2.25981370e-01 -1.77749603e-01 -1.22557670e-01 -8.22023084e-02 -7.17179083e-02 -6.76636642e-02 -7.20631972e-02 -5.24929099e-02 -4.74682083e-02 -1.95936870e-02 1.01069609e-03 2.89510171e-02 4.78118834e-02 7.53568320e-02 9.22332490e-02 1.08227950e-01 1.10599447e-01 1.24595963e-01 1.37021932e-01 1.39634973e-01 1.43325801e-01 1.28769533e-01 1.28682042e-01 1.43845788e-01 1.44148394e-01 1.47313265e-01 1.41399968e-01 1.34443937e-01 1.21664221e-01 1.09589406e-01 9.70711920e-02 7.48547293e-02 5.72319268e-02 3.71241200e-02 2.14446770e-02 4.18153799e-03 -1.26745127e-02 -3.55529514e-02 -5.06922749e-02 -7.26216993e-02 -8.98185582e-02 -1.06484044e-01 -1.17619018e-01 -1.30771208e-01 -1.34166400e-01 -1.33572183e-01 -1.34403406e-01 -1.29657701e-01 -1.23047543e-01 -1.15159888e-01 -1.04432610e-01 -8.49057050e-02 -6.56248403e-02 -3.60623153e-02 8.60116411e-03 4.04013639e-02 8.36441483e-02 1.12750211e-01 1.44698133e-01 1.72797070e-01 1.91410706e-01 2.13811543e-01 2.24583108e-01 2.29240593e-01 2.25216465e-01 2.12084613e-01 1.97888285e-01 1.94139138e-01 2.02734556e-01 1.95724164e-01 1.86232712e-01 1.76779955e-01 1.72875648e-01 1.69078887e-01 1.56907622e-01 1.30312372e-01 1.36729100e-01 1.23635875e-01 1.21592010e-01 1.27533903e-01 1.33777383e-01 1.65407946e-01 1.65376334e-01 1.93386936e-01 2.54481689e-01 1.85729787e-01 7.37889115e-02 4.73757896e-01
2.90000000e+01 -8.11526231e-01 -5.09304547e-01 -4.20726018e-01 -4.95732109e-01 -5.40437965e-01 -5.04794351e-01 -4.67689198e-01 -4.62160791e-01 -4.05614635e-01 -3.55775290e-01 -3.01031792e-01 -2.73817783e-01 -2.23963498e-01 -1.76177208e-01 -1.20205211e-01 -8.03306817e-02 -6.96726839e-02 -6.51898981e-02 -7.00718843e-02 -5.01318247e-02 -4.50815911e-02 -1.78070213e-02 4.08791286e-03 3.01779236e-02 4.87284622e-02 7.53278484e-02 9.25916189e-02 1.08456523e-01 1.11316315e-01 1.24343303e-01 1.37785162e-01 1.39492228e-01 1.44055062e-01 1.29384074e-01 1.29674486e-01 1.45471484e-01 1.45581453e-01 1.48732636e-01 1.43476312e-01 1.36907224e-01 1.24243279e-01 1.12176786e-01 1.00449754e-01 7.79397034e-02 5.98637798e-02 3.89133492e-02 2.21177469e-02 3.02523265e-03 -1.50490673e-02 -3.89612839e-02 -5.42489584e-02 -7.65002804e-02 -9.37718532e-02 -1.10510957e-01 -1.21012487e-01 -1.34354765e-01 -1.37621013e-01 -1.36332729e-01 -1.37397882e-01 -1.32595440e-01 -1.25695869e-01 -1.18074130e-01 -1.07453144e-01 -8.78914047e-02 -6.90983227e-02 -3.98349661e-02 4.92984356e-03 3.73789541e-02 8.16426400e-02 1.11480307e-01 1.43885283e-01 1.72787779e-01 1.91539282e-01 2.14140021e-01 2.24114267e-01 2.28092095e-01 2.23597326e-01 2.10449233e-01 1.96835418e-01 1.93240539e-01 2.00728560e-01 1.94368521e-01 1.85743627e-01 1.75178153e-01 1.72788251e-01 1.69062699e-01 1.57047371e-01 1.31097355e-01 1.38685974e-01 1.24612493e-01 1.23826942e-01 1.30443832e-01 1.35541191e-01 1.69912500e-01 1.69173509e-01 1.96554589e-01 2.59737311e-01 1.86730416e-01 7.93109427e-02 4.77486468e-01
2.91000000e+01 -8.13896885e-01 -5.10852805e-01 -4.22127970e-01 -4.96303437e-01 -5.44126256e-01 -5.06876535e-01 -4.68385816e-01 -4.62656930e-01 -4.05975235e-01 -3.54891494e-01 -2.99683927e-01 -2.71568585e-01 -2.22122607e-01 -1.74643606e-01 -1.17927771e-01 -7.85572080e-02 -6.76918523e-02 -6.28029332e-02 -6.80031346e-02 -4.78198810e-02 -4.27372409e-02 -1.60180004e-02 7.19023398e-03 3.13766482e-02 4.96813618e-02 7.53017963e-02 9.29221040e-02 1.08681449e-01 1.12057805e-01 1.24109024e-01 1.38515746e-01 1.39356614e-01 1.44706643e-01 1.30029034e-01 1.30660293e-01 1.47039397e-01 1.47017488e-01 1.50132437e-01 1.45515511e-01 1.39320386e-01 1.26832127e-01 1.14735264e-01 1.03766012e-01 8.10579020e-02 6.24775967e-02 4.07152506e-02 2.27789370e-02 1.89435921e-03 -1.74567661e-02 -4.23455582e-02 -5.78044331e-02 -8.03575019e-02 -9.77303794e-02 -1.14478484e-01 -1.24405221e-01 -1.37858483e-01 -1.41055719e-01 -1.39063541e-01 -1.40352234e-01 -1.35501250e-01 -1.28291524e-01 -1.20971922e-01 -1.10391844e-01 -9.08290720e-02 -7.25066305e-02 -4.35378528e-02 1.22962459e-03 3.43545273e-02 7.95859736e-02 1.10198788e-01 1.43044755e-01 1.72729846e-01 1.91665982e-01 2.14402540e-01 2.23608251e-01 2.26812550e-01 2.21963181e-01 2.08895789e-01 1.95815964e-01 1.92276035e-01 1.98666846e-01 1.93154257e-01 1.85186880e-01 1.73548575e-01 1.72704755e-01 1.69162567e-01 1.56978862e-01 1.32122303e-01 1.40501992e-01 1.25692579e-01 1.26090043e-01 1.33307833e-01 1.37481306e-01 1.74260509e-01 1.73218152e-01 1.99440719e-01 2.65040680e-01 1.87778263e-01 8.46915656e-02 4.81198393e-01
2.92000000e+01 -8.16209369e-01 -5.12564608e-01 -4.23377535e-01 -4.96778337e-01 -5.47823690e-01 -5.08873032e-01 -4.69137557e-01 -4.62823674e-01 -4.06430049e-01 -3.53813252e-01 -2.98496738e-01 -2.69206729e-01 -2.20458736e-01 -1.73142221e-01 -1.15735270e-01 -7.68764979e-02 -6.57716592e-02 -6.05073896e-02 -6.58542744e-02 -4.55590176e-02 -4.04381049e-02 -1.42145844e-02 1.02980577e-02 3.25540815e-02 5.06726156e-02 7.52833514e-02 9.32216250e-02 1.08904634e-01 1.12815564e-01 1.23903892e-01 1.39204076e-01 1.39238185e-01 1.45277939e-01 1.30704543e-01 1.31642411e-01 1.48543828e-01 1.48457654e-01 1.51516296e-01 1.47517881e-01 1.41680798e-01 1.29430167e-01 1.17269279e-01 1.07015598e-01 8.42033549e-02 6.50739798e-02 4.25263756e-02 2.34237933e-02 7.92545420e-04 -1.98958278e-02 -4.57000716e-02 -6.13590884e-02 -8.41913473e-02 -1.01695115e-01 -1.18381436e-01 -1.27801348e-01 -1.41281784e-01 -1.44466893e-01 -1.41771012e-01 -1.43265124e-01 -1.38373076e-01 -1.30840781e-01 -1.23850007e-01 -1.13249268e-01 -9.37223407e-02 -7.58495885e-02 -4.71659797e-02 -2.49577653e-03 3.13331154e-02 7.74702615e-02 1.08904486e-01 1.42177547e-01 1.72619993e-01 1.91788423e-01 2.14595303e-01 2.23062153e-01 2.25404027e-01 2.20324765e-01 2.07426049e-01 1.94820018e-01 1.91237069e-01 1.96573870e-01 1.92074348e-01 1.84543922e-01 1.71912826e-01 1.72622872e-01 1.69366752e-01 1.56713978e-01 1.33387151e-01 1.42167823e-01 1.26885376e-01 1.28382296e-01 1.36110845e-01 1.39618256e-01 1.78447662e-01 1.77489719e-01 2.02070772e-01 2.70356473e-01 1.88908012e-01 8.99061486e-02 4.84905396e-01
2.93000000e+01 -8.18453280e-01 -5.14456129e-01 -4.24469714e-01 -4.97169999e-01 -5.51496572e-01 -5.10810303e-01 -4.69931329e-01 -4.62664804e-01 -4.06969227e-01 -3.52557704e-01 -2.97455972e-01 -2.66746729e-01 -2.18967997e-01 -1.71668210e-01 -1.13637077e-01 -7.52832360e-02 -6.39084493e-02 -5.83064396e-02 -6.36247386e-02 -4.33507497e-02 -3.81860360e-02 -1.23854784e-02 1.33917288e-02 3.37172753e-02 5.17036989e-02 7.52769228e-02 9.34880418e-02 1.09127521e-01 1.13581732e-01 1.23738096e-01 1.39841053e-01 1.39145936e-01 1.45768050e-01 1.31409482e-01 1.32624145e-01 1.49979518e-01 1.49902460e-01 1.52887933e-01 1.49483736e-01 1.43986553e-01 1.32035885e-01 1.19783512e-01 1.10194868e-01 8.73691314e-02 6.76537787e-02 4.43432450e-02 2.40482198e-02 -2.77306638e-04 -2.23635425e-02 -4.90198059e-02 -6.49130280e-02 -8.80001743e-02 -1.05666376e-01 -1.22215473e-01 -1.31204148e-01 -1.44624740e-01 -1.47850515e-01 -1.44461834e-01 -1.46135171e-01 -1.41208684e-01 -1.33350433e-01 -1.26704112e-01 -1.16026755e-01 -9.65747088e-02 -7.91272049e-02 -5.07147582e-02 -6.24225796e-03 2.83197671e-02 7.52919759e-02 1.07595936e-01 1.41284676e-01 1.72455171e-01 1.91903697e-01 2.14715075e-01 2.22472082e-01 2.23870491e-01 2.18692588e-01 2.06040083e-01 1.93837604e-01 1.90116724e-01 1.94474958e-01 1.91117891e-01 1.83799219e-01 1.70292197e-01 1.72540569e-01 1.69660209e-01 1.56271116e-01 1.34884745e-01 1.43679560e-01 1.28197276e-01 1.30704670e-01 1.38840699e-01 1.41966960e-01 1.82477284e-01 1.81958443e-01 2.04477825e-01 2.75647623e-01 1.90150595e-01 9.49347790e-02 4.88617341e-01
2.94000000e+01 -8.20619926e-01 -5.16538972e-01 -4.25403374e-01 -4.97491258e-01 -5.55109341e-01 -5.12717207e-01 -4.70749985e-01 -4.62190538e-01 -4.07576638e-01 -3.51148064e-01 -2.96541632e-01 -2.64207959e-01 -2.17642746e-01 -1.70218600e-01 -1.11641764e-01 -7.37722851e-02 -6.20987699e-02 -5.62016548e-02 -6.13161735e-02 -4.11961201e-02 -3.59816664e-02 -1.05204879e-02 1.64519282e-02 3.48732996e-02 5.27754888e-02 7.52866067e-02 9.37202241e-02 1.09351095e-01 1.14349083e-01 1.23620992e-01 1.40418288e-01 1.39087689e-01 1.46177708e-01 1.32141603e-01 1.33609089e-01 1.51341781e-01 1.51351767e-01 1.54251076e-01 1.51413404e-01 1.46236478e-01 1.34646886e-01 1.22282782e-01 1.13300919e-01 9.05474720e-02 7.02179314e-02 4.61624310e-02 2.46485313e-02 -1.31312327e-03 -2.48562052e-02 -5.23004792e-02 -6.84660330e-02 -9.17827272e-02 -1.09643708e-01 -1.25977290e-01 -1.34615973e-01 -1.47888049e-01 -1.51202293e-01 -1.47142856e-01 -1.48961015e-01 -1.44005701e-01 -1.35827584e-01 -1.29529188e-01 -1.18726349e-01 -9.93895334e-02 -8.23396174e-02 -5.41800828e-02 -1.00052889e-02 2.53194400e-02 7.30480527e-02 1.06271411e-01 1.40367081e-01 1.72232618e-01 1.92008375e-01 2.14759155e-01 2.21833256e-01 2.22217834e-01 2.17076726e-01 2.04736249e-01 1.92858845e-01 1.88909914e-01 1.92395692e-01 1.90270443e-01 1.82940580e-01 1.68707181e-01 1.72456096e-01 1.70025066e-01 1.55674587e-01 1.36601138e-01 1.45038748e-01 1.29631721e-01 1.33058015e-01 1.41488445e-01 1.44536498e-01 1.86360045e-01 1.86586203e-01 2.06701434e-01 2.80876532e-01 1.91532213e-01 9.97628495e-02 4.92342047e-01
2.95000000e+01 -8.22702460e-01 -5.18819925e-01 -4.26181475e-01 -4.97754079e-01 -5.58625546e-01 -5.14623911e-01 -4.71573153e-01 -4.61416974e-01 -4.08230447e-01 -3.49612874e-01 -2.95728739e-01 -2.61614033e-01 -2.16471881e-01 -1.68792325e-01 -1.09756903e-01 -7.23387806e-02 -6.03394643e-02 -5.41928989e-02 -5.89325010e-02 -3.90956547e-02 -3.38243232e-02 -8.61083115e-03 1.94600513e-02 3.60291241e-02 5.38882187e-02 7.53161473e-02 9.39180982e-02 1.09575917e-01 1.15111127e-01 1.23560885e-01 1.40928273e-01 1.39070030e-01 1.46509132e-01 1.32897684e-01 1.34601015e-01 1.52626634e-01 1.52804783e-01 1.55609381e-01 1.53307239e-01 1.48430130e-01 1.37259946e-01 1.24771948e-01 1.16331589e-01 9.37299413e-02 7.27673045e-02 4.79806279e-02 2.52214933e-02 -2.31373488e-03 -2.73690869e-02 -5.55385607e-02 -7.20175389e-02 -9.55381377e-02 -1.13625787e-01 -1.29664764e-01 -1.38038191e-01 -1.51072991e-01 -1.54517789e-01 -1.49820922e-01 -1.51741377e-01 -1.46761675e-01 -1.38279433e-01 -1.32319650e-01 -1.21350696e-01 -1.02170021e-01 -8.54870395e-02 -5.75584120e-02 -1.37798622e-02 2.23368852e-02 7.07359982e-02 1.04928958e-01 1.39425537e-01 1.71949912e-01 1.92098517e-01 2.14725333e-01 2.21140119e-01 2.20453836e-01 2.15486629e-01 2.03511206e-01 1.91874146e-01 1.87613556e-01 1.90361279e-01 1.89514471e-01 1.81959395e-01 1.67177017e-01 1.72367994e-01 1.70441190e-01 1.54953851e-01 1.38516097e-01 1.46252233e-01 1.31189219e-01 1.35442966e-01 1.44048559e-01 1.47330091e-01 1.90113381e-01 1.91327679e-01 2.08786293e-01 2.86006274e-01 1.93073484e-01 1.04381497e-01 4.96085149e-01
2.96000000e+01 -8.24695968e-01 -5.21300855e-01 -4.26811166e-01 -4.97969100e-01 -5.62008848e-01 -5.16560727e-01 -4.72378186e-01 -4.60365336e-01 -4.08903905e-01 -3.47985070e-01 -2.94988282e-01 -2.58992026e-01 -2.15441257e-01 -1.67390206e-01 -1.07988902e-01 -7.09782103e-02 -5.86277473e-02 -5.22782736e-02 -5.64799334e-02 -3.70493254e-02 -3.17119911e-02 -6.64939547e-03 2.23985653e-02 3.71915259e-02 5.50414297e-02 7.53689055e-02 9.40826664e-02 1.09802163e-01 1.15862173e-01 1.23564836e-01 1.41364556e-01 1.39098258e-01 1.46765833e-01 1.33673743e-01 1.35603747e-01 1.53830914e-01 1.54260097e-01 1.56966350e-01 1.55165626e-01 1.50567791e-01 1.39871093e-01 1.27255786e-01 1.19285473e-01 9.69075955e-02 7.53025412e-02 4.97947066e-02 2.57643525e-02 -3.27892329e-03 -2.98964470e-02 -5.87312527e-02 -7.55666249e-02 -9.92659182e-02 -1.17610360e-01 -1.33277063e-01 -1.41471157e-01 -1.54181385e-01 -1.57792559e-01 -1.52502701e-01 -1.54475114e-01 -1.49474153e-01 -1.40713061e-01 -1.35069629e-01 -1.23902956e-01 -1.04919209e-01 -8.85697121e-02 -6.08468494e-02 -1.75604508e-02 1.93765296e-02 6.83539979e-02 1.03566416e-01 1.38460586e-01 1.71605013e-01 1.92169689e-01 2.14611828e-01 2.20386503e-01 2.18588087e-01 2.13930964e-01 2.02359958e-01 1.90874346e-01 1.86226694e-01 1.88395915e-01 1.88829896e-01 1.80850755e-01 1.65719279e-01 1.72275081e-01 1.70886825e-01 1.54142574e-01 1.40603824e-01 1.47331843e-01 1.32867439e-01 1.37859871e-01 1.46519029e-01 1.50345308e-01 1.93760658e-01 1.96131753e-01 2.10780748e-01 2.91001769e-01 1.94788777e-01 1.08787880e-01 4.99850031e-01
2.97000000e+01 -8.26597503e-01 -5.23978717e-01 -4.27303752e-01 -4.98145239e-01 -5.65224008e-01 -5.18556919e-01 -4.73141224e-01 -4.59061077e-01 -4.09566315e-01 -3.46300868e-01 -2.94288323e-01 -2.56371567e-01 -2.14534206e-01 -1.66014838e-01 -1.06342886e-01 -6.96864773e-02 -5.69612622e-02 -5.04541259e-02 -5.39669351e-02 -3.50565232e-02 -2.96413259e-02 -4.63093455e-03 2.52513380e-02 3.83670189e-02 5.62339296e-02 7.54478431e-02 9.42159931e-02 1.10029676e-01 1.16597357e-01 1.23638517e-01 1.41721901e-01 1.39176370e-01 1.46952384e-01 1.34465282e-01 1.36621005e-01 1.54952377e-01 1.55715719e-01 1.58325256e-01 1.56988980e-01 1.52650457e-01 1.42475700e-01 1.29738861e-01 1.22161921e-01 1.00071161e-01 7.78239200e-02 5.16017518e-02 2.62748602e-02 -4.20943976e-03 -3.24315840e-02 -6.18764423e-02 -7.91120120e-02 -1.02965946e-01 -1.21594206e-01 -1.36814717e-01 -1.44914205e-01 -1.57215548e-01 -1.61022281e-01 -1.55194512e-01 -1.57161269e-01 -1.52140762e-01 -1.43135223e-01 -1.37773209e-01 -1.26386708e-01 -1.07639929e-01 -9.15878608e-02 -6.40432212e-02 -2.13409720e-02 1.64423585e-02 6.59010256e-02 1.02181424e-01 1.37472488e-01 1.71196280e-01 1.92217008e-01 2.14417209e-01 2.19565813e-01 2.16631848e-01 2.12417480e-01 2.01275916e-01 1.89850883e-01 1.84750590e-01 1.86522170e-01 1.88194707e-01 1.79613467e-01 1.64349527e-01 1.72176421e-01 1.71339279e-01 1.53277562e-01 1.42833844e-01 1.48293903e-01 1.34661389e-01 1.40308731e-01 1.48901306e-01 1.53574463e-01 1.97330103e-01 2.00943111e-01 2.12735220e-01 2.95830875e-01 1.96685731e-01 1.12985275e-01 5.03637812e-01
2.98000000e+01 -8.28406070e-01 -5.26845697e-01 -4.27674530e-01 -4.98289390e-01 -5.68237835e-01 -5.20639516e-01 -4.73838296e-01 -4.57532848e-01 -4.10184138e-01 -3.44598527e-01 -2.93595207e-01 -2.53783844e-01 -2.13732126e-01 -1.64670426e-01 -1.04822630e-01 -6.84599425e-02 -5.53381157e-02 -4.87151156e-02 -5.14041250e-02 -3.31160436e-02 -2.76077165e-02 -2.55220245e-03 2.80039303e-02 3.95617987e-02 5.74637634e-02 7.55555241e-02 9.43211550e-02 1.10258021e-01 1.17312638e-01 1.23786094e-01 1.41996427e-01 1.39307052e-01 1.47074189e-01 1.35267538e-01 1.37656230e-01 1.55989779e-01 1.57169156e-01 1.59689067e-01 1.58777726e-01 1.54679819e-01 1.45068598e-01 1.32225389e-01 1.24961043e-01 1.03211216e-01 8.03312336e-02 5.33990809e-02 2.67512895e-02 -5.10699191e-03 -3.49669234e-02 -6.49726290e-02 -8.26520717e-02 -1.06638439e-01 -1.25573143e-01 -1.40279626e-01 -1.48365669e-01 -1.60178255e-01 -1.64202872e-01 -1.57902159e-01 -1.59799110e-01 -1.54759307e-01 -1.45552143e-01 -1.40424655e-01 -1.28805869e-01 -1.10334761e-01 -9.45416632e-02 -6.71461422e-02 -2.51147689e-02 1.35378058e-02 6.33769494e-02 1.00771409e-01 1.36461204e-01 1.70722474e-01 1.92235188e-01 2.14140312e-01 2.18671227e-01 2.14597875e-01 2.10952895e-01 2.00250997e-01 1.88795933e-01 1.83188768e-01 1.84760397e-01 1.87585633e-01 1.78249976e-01 1.63081011e-01 1.72071282e-01 1.71775649e-01 1.52397589e-01 1.45172040e-01 1.49158620e-01 1.36563685e-01 1.42789163e-01 1.51200140e-01 1.57005199e-01 2.00853552e-01 2.05703998e-01 2.14700590e-01 3.00465362e-01 1.98765001e-01 1.16983001e-01 5.07447400e-01
2.99000000e+01 -8.30122566e-01 -5.29889477e-01 -4.27942486e-01 -4.98406202e-01 -5.71020061e-01 -5.22832173e-01 -4.74446435e-01 -4.55811403e-01 -4.10722201e-01 -3.42917030e-01 -2.92874854e-01 -2.51260534e-01 -2.13015148e-01 -1.63362555e-01 -1.03430544e-01 -6.72954448e-02 -5.37568928e-02 -4.70543389e-02 -4.88041220e-02 -3.12260866e-02 -2.56053912e-02 -4.12027450e-04 3.06438504e-02 4.07816900e-02 5.87282058e-02 7.56941393e-02 9.44021506e-02 1.10486536e-01 1.18004766e-01 1.24010164e-01 1.42185741e-01 1.39491673e-01 1.47137255e-01 1.36075741e-01 1.38712418e-01 1.56942918e-01 1.58617508e-01 1.61060381e-01 1.60532284e-01 1.56658229e-01 1.47644207e-01 1.34719098e-01 1.27683706e-01 1.06318368e-01 8.28236907e-02 5.51842473e-02 2.71924416e-02 -5.97419587e-03 -3.74941433e-02 -6.80188334e-02 -8.61848419e-02 -1.10283919e-01 -1.29542074e-01 -1.43675009e-01 -1.51822928e-01 -1.63072705e-01 -1.67330592e-01 -1.60630760e-01 -1.62388171e-01 -1.57327865e-01 -1.47969336e-01 -1.43018619e-01 -1.31164621e-01 -1.13005970e-01 -9.74312273e-02 -7.01550659e-02 -2.88746084e-02 1.06656570e-02 6.07826288e-02 9.93335787e-02 1.35426396e-01 1.70182721e-01 1.92218619e-01 2.13780138e-01 2.17695919e-01 2.12500215e-01 2.09542804e-01 1.99275755e-01 1.87702545e-01 1.81547006e-01 1.83128199e-01 1.86978838e-01 1.76766178e-01 1.61924443e-01 1.71959067e-01 1.72173567e-01 1.51542178e-01 1.47581797e-01 1.49949345e-01 1.38564867e-01 1.45300389e-01 1.53423309e-01 1.60621219e-01 2.04365052e-01 2.10356049e-01 2.16726600e-01 3.04881742e-01 2.01020216e-01 1.20796157e-01 5.11275605e-01
3.00000000e+01 -8.31749669e-01 -5.33093615e-01 -4.28129882e-01 -4.98497975e-01 -5.73544122e-01 -5.25154127e-01 -4.74944761e-01 -4.53928456e-01 -4.11144955e-01 -3.41294719e-01 -2.92094065e-01 -2.48832723e-01 -2.12362826e-01 -1.62097918e-01 -1.02167698e-01 -6.61902984e-02 -5.22166539e-02 -4.54635054e-02 -4.61813315e-02 -2.93842741e-02 -2.36275565e-02 1.78867074e-03 3.31607643e-02 4.20320874e-02 6.00237774e-02 7.58655553e-02 9.44637724e-02 1.10714383e-01 1.18671229e-01 1.24311729e-01 1.42289033e-01 1.39730293e-01 1.47147997e-01 1.36885334e-01 1.39791949e-01 1.57812650e-01 1.60057595e-01 1.62441351e-01 1.62253059e-01 1.58588658e-01 1.50196675e-01 1.37223096e-01 1.30331513e-01 1.09383416e-01 8.52998483e-02 5.69550299e-02 2.75976389e-02 -6.81448936e-03 -4.00043327e-02 -7.10144942e-02 -8.97080525e-02 -1.13903165e-01 -1.33495080e-01 -1.47005302e-01 -1.55282490e-01 -1.65902486e-01 -1.70402135e-01 -1.63384587e-01 -1.64928300e-01 -1.59844885e-01 -1.50391431e-01 -1.45550329e-01 -1.33467340e-01 -1.15655447e-01 -1.00256584e-01 -7.30703122e-02 -3.26127031e-02 7.82796913e-03 5.81199944e-02 9.78649003e-02 1.34367451e-01 1.69576464e-01 1.92161444e-01 2.13335764e-01 2.16633278e-01 2.10353970e-01 2.08191599e-01 1.98339539e-01 1.86564753e-01 1.79833276e-01 1.81639951e-01 1.86350625e-01 1.75171164e-01 1.60887845e-01 1.71839245e-01 1.72511928e-01 1.50750354e-01 1.50025222e-01 1.50691736e-01 1.40653794e-01 1.47841239e-01 1.55581241e-01 1.64403146e-01 2.07899370e-01 2.14842160e-01 2.18860309e-01 3.09061921e-01 2.03438181e-01 1.24445185e-01 5.15117313e-01
3.01000000e+01 -8.33291686e-01 -5.36438025e-01 -4.28261710e-01 -4.98564646e-01 -5.75787812e-01 -5.27619276e-01 -4.75315487e-01 -4.51915559e-01 -4.11417738e-01 -3.39767947e-01 -2.91221810e-01 -2.46529828e-01 -2.11754854e-01 -1.60884013e-01 -1.01033892e-01 -6.51422683e-02 -5.07169133e-02 -4.39331592e-02 -4.35516779e-02 -2.75876856e-02 -2.16665625e-02 4.04691673e-03 3.55466616e-02 4.33178812e-02 6.13462887e-02 7.60713852e-02 9.45114447e-02 1.10940589e-01 1.19310186e-01 1.24690217e-01 1.42307146e-01 1.40021676e-01 1.47113074e-01 1.37692184e-01 1.40896434e-01 1.58600871e-01 1.61486095e-01 1.63833618e-01 1.63940427e-01 1.60474620e-01 1.52720033e-01 1.39739748e-01 1.32906785e-01 1.12397500e-01 8.77575752e-02 5.87094106e-02 2.79666994e-02 -7.63200394e-03 -4.24881814e-02 -7.39593583e-02 -9.32191578e-02 -1.17497147e-01 -1.37425550e-01 -1.50275993e-01 -1.58740095e-01 -1.68671544e-01 -1.73414694e-01 -1.66166920e-01 -1.67419689e-01 -1.62309285e-01 -1.52822030e-01 -1.48015762e-01 -1.35718537e-01 -1.18284633e-01 -1.03017694e-01 -7.58930707e-02 -3.63207542e-02 5.02601683e-03 5.53921016e-02 9.63620975e-02 1.33283511e-01 1.68903394e-01 1.92057656e-01 2.12806244e-01 2.15477130e-01 2.08175035e-01 2.06902406e-01 1.97430696e-01 1.85377682e-01 1.78057617e-01 1.80306415e-01 1.85678120e-01 1.73476891e-01 1.59976452e-01 1.71711263e-01 1.72771599e-01 1.50059419e-01 1.52464387e-01 1.51412855e-01 1.42818069e-01 1.50410175e-01 1.57686574e-01 1.68329453e-01 2.11490476e-01 2.19108317e-01 2.21144676e-01 3.12993647e-01 2.05999300e-01 1.27955267e-01 5.18965716e-01
3.02000000e+01 -8.34754368e-01 -5.39899555e-01 -4.28365067e-01 -4.98603894e-01 -5.77733793e-01 -5.30235417e-01 -4.75544805e-01 -4.49803026e-01 -4.11508012e-01 -3.38369783e-01 -2.90230448e-01 -2.44378575e-01 -2.11171765e-01 -1.59728815e-01 -1.00027758e-01 -6.41495281e-02 -4.92576009e-02 -4.24529414e-02 -4.09322863e-02 -2.58329139e-02 -1.97140827e-02 6.35776501e-03 3.77959714e-02 4.46433647e-02 6.26909101e-02 7.63130776e-02 9.45510368e-02 1.11164090e-01 1.19920394e-01 1.25143535e-01 1.42242599e-01 1.40363317e-01 1.47039258e-01 1.38492729e-01 1.42026591e-01 1.59310477e-01 1.62899693e-01 1.65238247e-01 1.65594751e-01 1.62320072e-01 1.55208363e-01 1.42270574e-01 1.35412512e-01 1.15352226e-01 9.01940490e-02 6.04455400e-02 2.82998946e-02 -8.43139845e-03 -4.49361947e-02 -7.68533723e-02 -9.67153764e-02 -1.21066951e-01 -1.41326364e-01 -1.53493414e-01 -1.62190853e-01 -1.71384142e-01 -1.76366024e-01 -1.68979901e-01 -1.69862920e-01 -1.64720536e-01 -1.55263569e-01 -1.50411785e-01 -1.37922778e-01 -1.20894470e-01 -1.05714466e-01 -7.86253787e-02 -3.99900183e-02 2.26026843e-03 5.26031489e-02 9.48216577e-02 1.32173520e-01 1.68163371e-01 1.91901187e-01 2.12190532e-01 2.14221963e-01 2.05979826e-01 2.05677031e-01 1.96536802e-01 1.84137613e-01 1.76231963e-01 1.79134438e-01 1.84939927e-01 1.71697784e-01 1.59192698e-01 1.71574466e-01 1.72936074e-01 1.49503793e-01 1.54862572e-01 1.52140225e-01 1.45044511e-01 1.53005333e-01 1.59753640e-01 1.72377454e-01 2.15170037e-01 2.23105336e-01 2.23617293e-01 3.16670753e-01 2.08678213e-01 1.31355580e-01 5.22812591e-01
3.03000000e+01 -8.36144685e-01 -5.43452634e-01 -4.28468427e-01 -4.98611334e-01 -5.79369963e-01 -5.33003677e-01 -4.75623625e-01 -4.47618954e-01 -4.11386496e-01 -3.37128830e-01 -2.89096833e-01 -2.42402060e-01 -2.10595604e-01 -1.58640445e-01 -9.91468865e-02 -6.32106015e-02 -4.78390063e-02 -4.10118889e-02 -3.83411195e-02 -2.41161396e-02 -1.77613042e-02 8.71443283e-03 3.99056249e-02 4.60121272e-02 6.40522653e-02 7.65920121e-02 9.45886646e-02 1.11383771e-01 1.20501130e-01 1.25668162e-01 1.42099576e-01 1.40751493e-01 1.46933338e-01 1.39284107e-01 1.43182137e-01 1.59945299e-01 1.64295217e-01 1.66655672e-01 1.67216400e-01 1.64129277e-01 1.57655977e-01 1.44816174e-01 1.37852283e-01 1.18239777e-01 9.26057832e-02 6.21616906e-02 2.85978956e-02 -9.21766246e-03 -4.73389259e-02 -7.96965817e-02 -1.00193732e-01 -1.24613695e-01 -1.45190085e-01 -1.56664487e-01 -1.65629397e-01 -1.74044812e-01 -1.79254482e-01 -1.71824430e-01 -1.72258991e-01 -1.67078745e-01 -1.57717227e-01 -1.52736279e-01 -1.40084615e-01 -1.23485356e-01 -1.08346788e-01 -8.12700736e-02 -4.36113966e-02 -4.69602129e-04 4.97584547e-02 9.32398621e-02 1.31036257e-01 1.67356346e-01 1.91685992e-01 2.11487409e-01 2.12863132e-01 2.03784974e-01 2.04515933e-01 1.95644922e-01 1.82842037e-01 1.74369904e-01 1.78126759e-01 1.84116712e-01 1.69850307e-01 1.58536261e-01 1.71428021e-01 1.72992051e-01 1.49113949e-01 1.57185450e-01 1.52900876e-01 1.47319640e-01 1.55624567e-01 1.61797933e-01 1.76524288e-01 2.18965992e-01 2.26790443e-01 2.26309318e-01 3.20093183e-01 2.11444639e-01 1.34678408e-01 5.26648618e-01
3.04000000e+01 -8.37470582e-01 -5.47069972e-01 -4.28600870e-01 -4.98580810e-01 -5.80689643e-01 -5.35918151e-01 -4.75548131e-01 -4.45388368e-01 -4.11028188e-01 -3.36068185e-01 -2.87803267e-01 -2.40618929e-01 -2.10010526e-01 -1.57626843e-01 -9.83879762e-02 -6.23242963e-02 -4.64617047e-02 -3.95987626e-02 -3.57965767e-02 -2.24332263e-02 -1.57991237e-02 1.11084768e-02 4.18750618e-02 4.74269392e-02 6.54245424e-02 7.69095912e-02 9.46304953e-02 1.11598499e-01 1.21052125e-01 1.26259246e-01 1.41883863e-01 1.41181341e-01 1.46802045e-01 1.40064224e-01 1.44361717e-01 1.60510038e-01 1.65669756e-01 1.68085662e-01 1.68805787e-01 1.65906635e-01 1.60057610e-01 1.47376181e-01 1.40230193e-01 1.21053012e-01 9.49886790e-02 6.38561983e-02 2.88617152e-02 -9.99590277e-03 -4.96872155e-02 -8.24890417e-02 -1.03651096e-01 -1.28138436e-01 -1.49009188e-01 -1.59796458e-01 -1.69050057e-01 -1.76658299e-01 -1.82079056e-01 -1.74700075e-01 -1.74609337e-01 -1.69384727e-01 -1.60182845e-01 -1.54988235e-01 -1.42208501e-01 -1.26057126e-01 -1.10914565e-01 -8.38307243e-02 -4.71755445e-02 -3.16466524e-03 4.68643890e-02 9.16128389e-02 1.29870373e-01 1.66482289e-01 1.91406132e-01 2.10695439e-01 2.11397065e-01 2.01607015e-01 2.03418213e-01 1.94741896e-01 1.81489673e-01 1.72486401e-01 1.77281932e-01 1.83191735e-01 1.67952480e-01 1.58004179e-01 1.71270845e-01 1.72929912e-01 1.48915477e-01 1.59402185e-01 1.53720411e-01 1.49630174e-01 1.58265508e-01 1.63835546e-01 1.80747876e-01 2.22901256e-01 2.30128668e-01 2.29244635e-01 3.23266788e-01 2.14264388e-01 1.37958169e-01 5.30463732e-01
3.05000000e+01 -8.38740719e-01 -5.50723301e-01 -4.28791263e-01 -4.98504766e-01 -5.81691607e-01 -5.38965770e-01 -4.75320126e-01 -4.43132539e-01 -4.10413217e-01 -3.35204589e-01 -2.86338263e-01 -2.39042714e-01 -2.09403334e-01 -1.56695457e-01 -9.77469874e-02 -6.14896329e-02 -4.51264662e-02 -3.82023982e-02 -3.33170664e-02 -2.07798308e-02 -1.38183480e-02 1.35300082e-02 4.37061779e-02 4.88896447e-02 6.68016180e-02 7.72673174e-02 9.46825694e-02 1.11807165e-01 1.21573507e-01 1.26910733e-01 1.41602753e-01 1.41646966e-01 1.46651991e-01 1.40831798e-01 1.45562858e-01 1.61010198e-01 1.67020734e-01 1.69527313e-01 1.70363420e-01 1.67656499e-01 1.62408611e-01 1.49949255e-01 1.42550706e-01 1.23785556e-01 9.73380951e-02 6.55273901e-02 2.90926559e-02 -1.07711287e-02 -5.19724274e-02 -8.52307429e-02 -1.07084224e-01 -1.31642078e-01 -1.52776290e-01 -1.62896612e-01 -1.72447038e-01 -1.79229500e-01 -1.84839367e-01 -1.77605035e-01 -1.76915829e-01 -1.71640056e-01 -1.62658896e-01 -1.57167811e-01 -1.44298705e-01 -1.28609057e-01 -1.13417751e-01 -8.63115446e-02 -5.06729997e-02 -5.82664855e-03 4.39282617e-02 8.99366409e-02 1.28674417e-01 1.65541131e-01 1.91055829e-01 2.09812932e-01 2.09821440e-01 1.99462053e-01 2.02381623e-01 1.93814636e-01 1.80080462e-01 1.70597458e-01 1.76594356e-01 1.82151287e-01 1.66023379e-01 1.57591029e-01 1.71101562e-01 1.72744098e-01 1.48928315e-01 1.61486409e-01 1.54622133e-01 1.51963502e-01 1.60925615e-01 1.65882632e-01 1.85027802e-01 2.26992597e-01 2.33093974e-01 2.32439265e-01 3.26202932e-01 2.17100512e-01 1.41230354e-01 5.34247494e-01
3.06000000e+01 -8.39964194e-01 -5.54384133e-01 -4.29067431e-01 -4.98374683e-01 -5.82379943e-01 -5.42126392e-01 -4.74947165e-01 -4.40868475e-01 -4.09527499e-01 -3.34547802e-01 -2.84697087e-01 -2.37681344e-01 -2.08763897e-01 -1.55852960e-01 -9.72192995e-02 -6.07057767e-02 -4.38341513e-02 -3.68120688e-02 -3.09205635e-02 -1.91515268e-02 -1.18098987e-02 1.59679384e-02 4.54032147e-02 5.04010701e-02 6.81771873e-02 7.76668434e-02 9.47506524e-02 1.12008711e-01 1.22065754e-01 1.27615488e-01 1.41264911e-01 1.42141580e-01 1.46489624e-01 1.41586368e-01 1.46781963e-01 1.61452025e-01 1.68345924e-01 1.70979076e-01 1.71889949e-01 1.69382973e-01 1.64705126e-01 1.52533106e-01 1.44818496e-01 1.26431883e-01 9.96489285e-02 6.71735038e-02 2.92922687e-02 -1.15480510e-02 -5.41866693e-02 -8.79215507e-02 -1.10489789e-01 -1.35125285e-01 -1.56484366e-01 -1.65971995e-01 -1.75814587e-01 -1.81763387e-01 -1.87535663e-01 -1.80536148e-01 -1.79180763e-01 -1.73847104e-01 -1.65142480e-01 -1.59276363e-01 -1.46359218e-01 -1.31139896e-01 -1.15856381e-01 -8.87172911e-02 -5.40943251e-02 -8.45781771e-03 4.09581734e-02 8.82073424e-02 1.27446841e-01 1.64532720e-01 1.90629516e-01 2.08837936e-01 2.08135355e-01 1.97365437e-01 2.01402602e-01 1.92850440e-01 1.78615538e-01 1.68719760e-01 1.76054422e-01 1.80985037e-01 1.64082616e-01 1.57289156e-01 1.70918474e-01 1.72433343e-01 1.49166161e-01 1.63417035e-01 1.55626251e-01 1.54308137e-01 1.63602233e-01 1.67954885e-01 1.89346094e-01 2.31249730e-01 2.35670117e-01 2.35901040e-01 3.28917894e-01 2.19914573e-01 1.44530432e-01 5.37989474e-01
3.07000000e+01 -8.41150271e-01 -5.58024500e-01 -4.29455341e-01 -4.98181558e-01 -5.82763758e-01 -5.45373141e-01 -4.74442451e-01 -4.38608628e-01 -4.08363183e-01 -3.34100209e-01 -2.82882068e-01 -2.36536846e-01 -2.08085458e-01 -1.55105007e-01 -9.67998628e-02 -5.99719763e-02 -4.25855997e-02 -3.54178436e-02 -2.86241664e-02 -1.75439326e-02 -9.76502360e-03 1.84102478e-02 4.69725938e-02 5.19609651e-02 6.95448942e-02 7.81099902e-02 9.48401238e-02 1.12202172e-01 1.22529666e-01 1.28365417e-01 1.40880209e-01 1.42657673e-01 1.46321175e-01 1.42328280e-01 1.48014331e-01 1.61842457e-01 1.69643421e-01 1.72438813e-01 1.73386219e-01 1.71089724e-01 1.66944258e-01 1.55124547e-01 1.47038270e-01 1.28987397e-01 1.01915700e-01 6.87926040e-02 2.94623252e-02 -1.23309058e-02 -5.63229879e-02 -9.05611547e-02 -1.13864425e-01 -1.38588400e-01 -1.60126955e-01 -1.69029163e-01 -1.79147152e-01 -1.84264940e-01 -1.90168793e-01 -1.83488948e-01 -1.81406819e-01 -1.76009047e-01 -1.67629379e-01 -1.61316432e-01 -1.48393674e-01 -1.33647917e-01 -1.18230602e-01 -9.10531531e-02 -5.74302613e-02 -1.10608334e-02 3.79628399e-02 8.64211507e-02 1.26186003e-01 1.63456791e-01 1.90121875e-01 2.07768251e-01 2.06339450e-01 1.95331436e-01 2.00476328e-01 1.91837290e-01 1.77097165e-01 1.66870283e-01 1.75648777e-01 1.79686282e-01 1.62149810e-01 1.57088967e-01 1.70719553e-01 1.72000776e-01 1.49636099e-01 1.65178889e-01 1.56749216e-01 1.56654106e-01 1.66292645e-01 1.70067080e-01 1.93687858e-01 2.35674668e-01 2.37851182e-01 2.39629550e-01 3.31432104e-01 2.22667960e-01 1.47892741e-01 5.41679628e-01
3.08000000e+01 -8.42308108e-01 -5.61617679e-01 -4.29978325e-01 -4.97916419e-01 -5.82856728e-01 -5.48672950e-01 -4.73824511e-01 -4.36360802e-01 -4.06918868e-01 -3.33856685e-01 -2.80902646e-01 -2.35605264e-01 -2.07364813e-01 -1.54456038e-01 -9.64833378e-02 -5.92875150e-02 -4.13815173e-02 -3.40109301e-02 -2.64436676e-02 -1.59528358e-02 -7.67551487e-03 2.08442695e-02 4.84227028e-02 5.35679828e-02 7.08984586e-02 7.85987291e-02 9.49559032e-02 1.12386709e-01 1.22966347e-01 1.29151599e-01 1.40459531e-01 1.43187205e-01 1.46152615e-01 1.43058640e-01 1.49254225e-01 1.62189077e-01 1.70911560e-01 1.73903879e-01 1.74853316e-01 1.72779819e-01 1.69124191e-01 1.57719578e-01 1.49214583e-01 1.31448497e-01 1.04132640e-01 7.03825007e-02 2.96047992e-02 -1.31233106e-02 -5.83755281e-02 -9.31490267e-02 -1.17204762e-01 -1.42031380e-01 -1.63698327e-01 -1.72073963e-01 -1.82439515e-01 -1.86739065e-01 -1.92740164e-01 -1.86457777e-01 -1.83597009e-01 -1.78129842e-01 -1.70114149e-01 -1.63291689e-01 -1.50405280e-01 -1.36130987e-01 -1.20540681e-01 -9.33246333e-02 -6.06718825e-02 -1.36385952e-02 3.49514013e-02 8.45745224e-02 1.24890152e-01 1.62312947e-01 1.89527859e-01 2.06601458e-01 2.04436004e-01 1.93372934e-01 1.99596785e-01 1.90764155e-01 1.75528664e-01 1.65065900e-01 1.75360686e-01 1.78252094e-01 1.60244072e-01 1.56979256e-01 1.70502468e-01 1.71453882e-01 1.50338432e-01 1.66763136e-01 1.58003190e-01 1.58993284e-01 1.68994120e-01 1.72232675e-01 1.98041768e-01 2.40261343e-01 2.39641808e-01 2.43616351e-01 3.33769250e-01 2.25323245e-01 1.51349403e-01 5.45308666e-01
3.09000000e+01 -8.43446499e-01 -5.65138861e-01 -4.30656371e-01 -4.97570838e-01 -5.82676539e-01 -5.51987331e-01 -4.73116652e-01 -4.34128274e-01 -4.05199584e-01 -3.33804725e-01 -2.78775174e-01 -2.34876785e-01 -2.06602349e-01 -1.53909139e-01 -9.62642186e-02 -5.86516763e-02 -4.02223713e-02 -3.25839835e-02 -2.43931517e-02 -1.43743071e-02 -5.53393678e-03 2.32569830e-02 4.97636392e-02 5.52197023e-02 7.22317968e-02 7.91351260e-02 9.51024124e-02 1.12561654e-01 1.23377197e-01 1.29964409e-01 1.40014557e-01 1.43721812e-01 1.45989605e-01 1.43779257e-01 1.50494976e-01 1.62500065e-01 1.72148791e-01 1.75371231e-01 1.76292591e-01 1.74455599e-01 1.71244263e-01 1.60313472e-01 1.51351662e-01 1.33812629e-01 1.06293776e-01 7.19406800e-02 2.97218521e-02 -1.39281564e-02 -6.03396511e-02 -9.56843862e-02 -1.20507476e-01 -1.45453743e-01 -1.67193616e-01 -1.75111358e-01 -1.85686905e-01 -1.89190520e-01 -1.95251693e-01 -1.89435931e-01 -1.85754618e-01 -1.80214166e-01 -1.72590273e-01 -1.65206845e-01 -1.52396757e-01 -1.38586651e-01 -1.22787023e-01 -9.55374269e-02 -6.38107501e-02 -1.61940823e-02 3.19332284e-02 8.26642790e-02 1.23557410e-01 1.61100655e-01 1.88842710e-01 2.05334975e-01 2.02428984e-01 1.91501167e-01 1.98756851e-01 1.89621259e-01 1.73914316e-01 1.63322972e-01 1.75170496e-01 1.76683356e-01 1.58383507e-01 1.56947562e-01 1.70264617e-01 1.70804306e-01 1.51266751e-01 1.68167485e-01 1.59395689e-01 1.61319642e-01 1.71703960e-01 1.74463491e-01 2.02400364e-01 2.44995520e-01 2.41057062e-01 2.47845422e-01 3.35955268e-01 2.27845497e-01 1.54929301e-01 5.48868392e-01
3.10000000e+01 -8.44573639e-01 -5.68565754e-01 -4.31505495e-01 -4.97137430e-01 -5.82244205e-01 -5.55273311e-01 -4.72346208e-01 -4.31910120e-01 -4.03216555e-01 -3.33924816e-01 -2.76522467e-01 -2.34336079e-01 -2.05801947e-01 -1.53465958e-01 -9.61369359e-02 -5.80637251e-02 -3.91082968e-02 -3.11313719e-02 -2.24846344e-02 -1.28047932e-02 -3.33386213e-03 2.56353150e-02 5.10069210e-02 5.69126929e-02 7.35391377e-02 7.97212524e-02 9.52835675e-02 1.12726554e-01 1.23763907e-01 1.30793654e-01 1.39557519e-01 1.44253024e-01 1.45837436e-01 1.44492557e-01 1.51729139e-01 1.62784135e-01 1.73353561e-01 1.76837528e-01 1.77705687e-01 1.76118605e-01 1.73304991e-01 1.62900878e-01 1.53453263e-01 1.36078308e-01 1.08393016e-01 7.34642527e-02 2.98158155e-02 -1.47475343e-02 -6.22120027e-02 -9.81661747e-02 -1.23769336e-01 -1.48854533e-01 -1.70608905e-01 -1.78145304e-01 -1.88885083e-01 -1.91623833e-01 -1.97705758e-01 -1.92415837e-01 -1.87883124e-01 -1.82267311e-01 -1.75050357e-01 -1.67067506e-01 -1.54370321e-01 -1.41012216e-01 -1.24970176e-01 -9.76972982e-02 -6.68390561e-02 -1.87302018e-02 2.89177362e-02 8.06877111e-02 1.22185754e-01 1.59819232e-01 1.88061973e-01 2.03966140e-01 2.00324036e-01 1.89725491e-01 1.97948401e-01 1.88400329e-01 1.72259261e-01 1.61656950e-01 1.75056182e-01 1.74984703e-01 1.56584751e-01 1.56980546e-01 1.70003196e-01 1.70067536e-01 1.52408220e-01 1.69396164e-01 1.60929392e-01 1.63629415e-01 1.74419539e-01 1.76769482e-01 2.06760175e-01 2.49855010e-01 2.42122003e-01 2.52293865e-01 3.38017283e-01 2.30203545e-01 1.58657139e-01 5.52352014e-01
3.11000000e+01 -8.45696905e-01 -5.71879103e-01 -4.32537226e-01 -4.96610315e-01 -5.81583314e-01 -5.58484537e-01 -4.71543629e-01 -4.29701723e-01 -4.00986738e-01 -3.34191055e-01 -2.74173114e-01 -2.33962829e-01 -2.04970754e-01 -1.53126689e-01 -9.60959401e-02 -5.75229028e-02 -3.80390233e-02 -2.96493894e-02 -2.07277525e-02 -1.12411842e-02 -1.07011604e-03 2.79664469e-02 5.21651732e-02 5.86426110e-02 7.48151377e-02 8.03590686e-02 9.55027900e-02 1.12881228e-01 1.24128451e-01 1.31628716e-01 1.39100936e-01 1.44772485e-01 1.45700985e-01 1.45201477e-01 1.52948696e-01 1.63050445e-01 1.74524192e-01 1.78299241e-01 1.79094527e-01 1.77769553e-01 1.75308039e-01 1.65475913e-01 1.55522557e-01 1.38245103e-01 1.10424244e-01 7.49499222e-02 2.98891659e-02 -1.55826948e-02 -6.39905332e-02 -1.00593045e-01 -1.26987250e-01 -1.52232301e-01 -1.73941276e-01 -1.81178675e-01 -1.92030405e-01 -1.94043222e-01 -2.00105146e-01 -1.95389254e-01 -1.89986141e-01 -1.84295048e-01 -1.77486381e-01 -1.68880000e-01 -1.56327675e-01 -1.43404835e-01 -1.27090843e-01 -9.98099583e-02 -6.97497517e-02 -2.12496508e-02 2.59142111e-02 7.86426695e-02 1.20772990e-01 1.58467843e-01 1.87181500e-01 2.02492308e-01 1.98128431e-01 1.88053200e-01 1.97162424e-01 1.87094797e-01 1.70569380e-01 1.60081988e-01 1.74993959e-01 1.73164359e-01 1.54862559e-01 1.57064373e-01 1.69715283e-01 1.69262440e-01 1.53744071e-01 1.70459673e-01 1.62602144e-01 1.65921173e-01 1.77138338e-01 1.79158591e-01 2.11121647e-01 2.54810166e-01 2.42870926e-01 2.56932792e-01 3.39982514e-01 2.32371120e-01 1.62552628e-01 5.55754407e-01
3.12000000e+01 -8.46822672e-01 -5.75063113e-01 -4.33758212e-01 -4.95985525e-01 -5.80719221e-01 -5.61572495e-01 -4.70741406e-01 -4.27495443e-01 -3.98532173e-01 -3.34571984e-01 -2.71760590e-01 -2.33732443e-01 -2.04118827e-01 -1.52890108e-01 -9.61357632e-02 -5.70284325e-02 -3.70138204e-02 -2.81364110e-02 -1.91295155e-02 -9.68085216e-03 1.26097805e-03 3.02381265e-02 5.32517991e-02 6.04043181e-02 7.60549990e-02 8.10502860e-02 9.57630319e-02 1.13025821e-01 1.24473071e-01 1.32458714e-01 1.38657341e-01 1.45272155e-01 1.45584652e-01 1.45909330e-01 1.54145299e-01 1.63308475e-01 1.75658802e-01 1.79752739e-01 1.80461308e-01 1.79408360e-01 1.77256143e-01 1.68032265e-01 1.57562061e-01 1.40313583e-01 1.12381417e-01 7.63939762e-02 2.99444873e-02 -1.64340336e-02 -6.56744669e-02 -1.02963368e-01 -1.30158289e-01 -1.55585113e-01 -1.77188824e-01 -1.84213245e-01 -1.95119871e-01 -1.96452516e-01 -2.02453003e-01 -1.98347475e-01 -1.92067349e-01 -1.86303445e-01 -1.79889968e-01 -1.70651171e-01 -1.58270036e-01 -1.45761579e-01 -1.29149893e-01 -1.01880945e-01 -7.25366578e-02 -2.37547967e-02 2.29316562e-02 7.65276373e-02 1.19316752e-01 1.57045488e-01 1.86197453e-01 2.00910971e-01 1.95850956e-01 1.86489394e-01 1.96389160e-01 1.85699963e-01 1.68851181e-01 1.58610581e-01 1.74958948e-01 1.71233889e-01 1.53229456e-01 1.57185081e-01 1.69397941e-01 1.68410695e-01 1.55250306e-01 1.71374315e-01 1.64407132e-01 1.68195811e-01 1.79857971e-01 1.81636714e-01 2.15488885e-01 2.59824663e-01 2.43346324e-01 2.61728389e-01 3.41877206e-01 2.34327852e-01 1.66629811e-01 5.59072331e-01
3.13000000e+01 -8.47956169e-01 -5.78105768e-01 -4.35169972e-01 -4.95261334e-01 -5.79678214e-01 -5.64487820e-01 -4.69972911e-01 -4.25281423e-01 -3.95879162e-01 -3.35031613e-01 -2.69322177e-01 -2.33616914e-01 -2.03258681e-01 -1.52753672e-01 -9.62510626e-02 -5.65795293e-02 -3.60314678e-02 -2.65929897e-02 -1.76941248e-02 -8.12166045e-03 3.66135889e-03 3.24389816e-02 5.42806451e-02 6.21920050e-02 7.72545982e-02 8.17962210e-02 9.60668030e-02 1.13160866e-01 1.24800244e-01 1.33272686e-01 1.38238981e-01 1.45744520e-01 1.45492317e-01 1.46619654e-01 1.55310562e-01 1.63567864e-01 1.76755271e-01 1.81194356e-01 1.81808468e-01 1.81034212e-01 1.79152997e-01 1.70563274e-01 1.59573605e-01 1.42285212e-01 1.14258670e-01 7.77922972e-02 2.99844207e-02 -1.73011002e-02 -6.72642261e-02 -1.05275271e-01 -1.33279692e-01 -1.58910564e-01 -1.80350641e-01 -1.87249702e-01 -1.98151152e-01 -1.98855079e-01 -2.04752788e-01 -2.01281536e-01 -1.94130443e-01 -1.88298672e-01 -1.82252684e-01 -1.72388153e-01 -1.60198178e-01 -1.48079507e-01 -1.31148392e-01 -1.03915506e-01 -7.51945556e-02 -2.62475793e-02 1.99786566e-02 7.43417843e-02 1.17814488e-01 1.55550998e-01 1.85106303e-01 1.99219886e-01 1.93501754e-01 1.85036897e-01 1.95618249e-01 1.84213103e-01 1.67111680e-01 1.57253228e-01 1.74925868e-01 1.69207865e-01 1.51695458e-01 1.57328933e-01 1.69048337e-01 1.67536115e-01 1.56898555e-01 1.72161530e-01 1.66333228e-01 1.70456449e-01 1.82576200e-01 1.84207737e-01 2.19869233e-01 2.64856514e-01 2.43597606e-01 2.66643101e-01 3.43725620e-01 2.36060075e-01 1.70896564e-01 5.62304583e-01
3.14000000e+01 -8.49101357e-01 -5.80999023e-01 -4.36768787e-01 -4.94438501e-01 -5.78486683e-01 -5.67181639e-01 -4.69271154e-01 -4.23048486e-01 -3.93057315e-01 -3.35530590e-01 -2.66897752e-01 -2.33585797e-01 -2.02404745e-01 -1.52713659e-01 -9.64366484e-02 -5.61754092e-02 -3.50902478e-02 -2.50218943e-02 -1.64228650e-02 -6.56195042e-03 6.13100721e-03 3.45588302e-02 5.52656687e-02 6.39993104e-02 7.84106244e-02 8.25976494e-02 9.64161970e-02 1.13287340e-01 1.25112628e-01 1.34059789e-01 1.37857536e-01 1.46182772e-01 1.45427298e-01 1.47336030e-01 1.56436370e-01 1.63838204e-01 1.77811274e-01 1.82620441e-01 1.83138640e-01 1.82645672e-01 1.81003112e-01 1.73062027e-01 1.61558339e-01 1.44162208e-01 1.16050434e-01 7.91403925e-02 3.00116027e-02 -1.81826232e-02 -6.87613168e-02 -1.07526694e-01 -1.36348848e-01 -1.62205822e-01 -1.83426779e-01 -1.90287706e-01 -2.01122600e-01 -2.01253739e-01 -2.07008228e-01 -2.04182418e-01 -1.96179082e-01 -1.90286798e-01 -1.84566330e-01 -1.74098146e-01 -1.62112491e-01 -1.50355715e-01 -1.33087625e-01 -1.05918478e-01 -7.77192601e-02 -2.87294319e-02 1.70632643e-02 7.20850021e-02 1.16263469e-01 1.53983027e-01 1.83904818e-01 1.97417207e-01 1.91092136e-01 1.83696222e-01 1.94838896e-01 1.82633524e-01 1.65358287e-01 1.56018142e-01 1.74869731e-01 1.67103463e-01 1.50267880e-01 1.57482747e-01 1.68663884e-01 1.66663897e-01 1.58657095e-01 1.72847052e-01 1.68365492e-01 1.72708254e-01 1.85290949e-01 1.86873676e-01 2.24272687e-01 2.69859311e-01 2.43679607e-01 2.71636908e-01 3.45549115e-01 2.37561428e-01 1.75354274e-01 5.65452095e-01
3.15000000e+01 -8.50260863e-01 -5.83738889e-01 -4.38545756e-01 -4.93520408e-01 -5.77170320e-01 -5.69606927e-01 -4.68667531e-01 -4.20785092e-01 -3.90098497e-01 -3.36027492e-01 -2.64528468e-01 -2.33607268e-01 -2.01572749e-01 -1.52765352e-01 -9.66874971e-02 -5.58152924e-02 -3.41879641e-02 -2.34280915e-02 -1.53140668e-02 -5.00051274e-03 8.66776057e-03 3.65889774e-02 5.62206170e-02 6.58194225e-02 7.95207265e-02 8.34546748e-02 9.68129086e-02 1.13406717e-01 1.25412995e-01 1.34809514e-01 1.37523827e-01 1.46580985e-01 1.45392331e-01 1.48061892e-01 1.57515194e-01 1.64128808e-01 1.78824359e-01 1.84027389e-01 1.84454601e-01 1.84240806e-01 1.82811655e-01 1.75521443e-01 1.63516765e-01 1.45947375e-01 1.17751547e-01 8.04334394e-02 3.00285956e-02 -1.90765490e-02 -7.01681852e-02 -1.09715476e-01 -1.39363246e-01 -1.65467674e-01 -1.86418188e-01 -1.93325972e-01 -2.04033248e-01 -2.03650733e-01 -2.09223277e-01 -2.07041230e-01 -1.98216839e-01 -1.92273578e-01 -1.86823223e-01 -1.75788189e-01 -1.64013045e-01 -1.52587391e-01 -1.34969137e-01 -1.07894182e-01 -8.01076803e-02 -3.12012230e-02 1.41929018e-02 6.97579242e-02 1.14660792e-01 1.52340052e-01 1.82590053e-01 1.95501612e-01 1.88634358e-01 1.82465580e-01 1.94040056e-01 1.80962568e-01 1.63598680e-01 1.54911005e-01 1.74766523e-01 1.64940000e-01 1.48951232e-01 1.57634178e-01 1.68242380e-01 1.65819818e-01 1.60491966e-01 1.73459917e-01 1.70485807e-01 1.74958199e-01 1.88000302e-01 1.89634881e-01 2.28711183e-01 2.74783628e-01 2.43650946e-01 2.76668631e-01 3.47365370e-01 2.38833206e-01 1.79997721e-01 5.68517958e-01
3.16000000e+01 -8.51435943e-01 -5.86325390e-01 -4.40486996e-01 -4.92513091e-01 -5.75753377e-01 -5.71719814e-01 -4.68190590e-01 -4.18480312e-01 -3.87035716e-01 -3.36480178e-01 -2.62255390e-01 -2.33649234e-01 -2.00779086e-01 -1.52903246e-01 -9.69987546e-02 -5.54983957e-02 -3.33219880e-02 -2.18186703e-02 -1.43631415e-02 -3.43655545e-03 1.12671805e-02 3.85224903e-02 5.71587236e-02 6.76451623e-02 8.05836605e-02 8.43666188e-02 9.72582412e-02 1.13521009e-01 1.25704129e-01 1.35511908e-01 1.37247561e-01 1.46934268e-01 1.45389553e-01 1.48800325e-01 1.58540410e-01 1.64448457e-01 1.79792081e-01 1.85411650e-01 1.85759203e-01 1.85817334e-01 1.84584274e-01 1.77934364e-01 1.65448793e-01 1.47643904e-01 1.19357362e-01 8.16663448e-02 3.00378144e-02 -1.99800909e-02 -7.14880568e-02 -1.11839460e-01 -1.42320408e-01 -1.68692600e-01 -1.89326646e-01 -1.96362379e-01 -2.06882787e-01 -2.06047660e-01 -2.11402073e-01 -2.09849388e-01 -2.00247163e-01 -1.94264270e-01 -1.89016449e-01 -1.77464956e-01 -1.65899648e-01 -1.54771854e-01 -1.36794762e-01 -1.09846307e-01 -8.23578694e-02 -3.36632134e-02 1.13742837e-02 6.73619331e-02 1.13003394e-01 1.50620385e-01 1.81159342e-01 1.93472406e-01 1.86141388e-01 1.81340937e-01 1.93210630e-01 1.79203564e-01 1.61840690e-01 1.53934782e-01 1.74593845e-01 1.62738422e-01 1.47747208e-01 1.57771975e-01 1.67782166e-01 1.65029400e-01 1.62368159e-01 1.74031352e-01 1.72673621e-01 1.77214753e-01 1.90702502e-01 1.92490301e-01 2.33197785e-01 2.79578551e-01 2.43572284e-01 2.81697237e-01 3.49187761e-01 2.39884467e-01 1.84815159e-01 5.71507381e-01
3.17000000e+01 -8.52626491e-01 -5.88762399e-01 -4.42573996e-01 -4.91425162e-01 -5.74258001e-01 -5.73480812e-01 -4.67864877e-01 -4.16124771e-01 -3.83901999e-01 -3.36847156e-01 -2.60118119e-01 -2.33680438e-01 -2.00040141e-01 -1.53121283e-01 -9.73657308e-02 -5.52239130e-02 -3.24893353e-02 -2.02027108e-02 -1.35626816e-02 -1.86967910e-03 1.39224877e-02 4.03544367e-02 5.80924298e-02 6.94690474e-02 8.15994242e-02 8.53319442e-02 9.77531042e-02 1.13632787e-01 1.25988723e-01 1.36157802e-01 1.37037102e-01 1.47238887e-01 1.45420522e-01 1.49553875e-01 1.59506573e-01 1.64805135e-01 1.80712163e-01 1.86769748e-01 1.87055293e-01 1.87372794e-01 1.86326914e-01 1.80293651e-01 1.67353808e-01 1.49255182e-01 1.20863841e-01 8.28338161e-02 3.00414567e-02 -2.08897857e-02 -7.27247712e-02 -1.13896603e-01 -1.45217806e-01 -1.71876844e-01 -1.92154661e-01 -1.99394096e-01 -2.09671531e-01 -2.08445471e-01 -2.13548886e-01 -2.12598776e-01 -2.02273326e-01 -1.96263468e-01 -1.91140079e-01 -1.79134568e-01 -1.67771911e-01 -1.56906608e-01 -1.38566646e-01 -1.11777814e-01 -8.44690708e-02 -3.61150285e-02 8.61335322e-03 6.48991580e-02 1.11288061e-01 1.48822191e-01 1.79610285e-01 1.91329616e-01 1.83626660e-01 1.80316102e-01 1.92339663e-01 1.77361724e-01 1.60092177e-01 1.53089600e-01 1.74331491e-01 1.60520762e-01 1.46654760e-01 1.57886186e-01 1.67282268e-01 1.64317079e-01 1.64250846e-01 1.74593603e-01 1.74906771e-01 1.79487532e-01 1.93395948e-01 1.95437795e-01 2.37745804e-01 2.84193280e-01 2.43504538e-01 2.86683083e-01 3.51024931e-01 2.40731869e-01 1.89788600e-01 5.74427581e-01
3.18000000e+01 -8.53831082e-01 -5.91057377e-01 -4.44784106e-01 -4.90267609e-01 -5.72703677e-01 -5.74855913e-01 -4.67709885e-01 -4.13711525e-01 -3.80729304e-01 -3.37088928e-01 -2.58153472e-01 -2.33671542e-01 -1.99371644e-01 -1.53413081e-01 -9.77838902e-02 -5.49909823e-02 -3.16867758e-02 -1.85910938e-02 -1.29026263e-02 -2.99866785e-04 1.66245783e-02 4.20820780e-02 5.90331360e-02 7.12833440e-02 8.25693634e-02 8.63482153e-02 9.82980012e-02 1.13745189e-01 1.26269257e-01 1.36739025e-01 1.36899282e-01 1.47492374e-01 1.45486243e-01 1.50324368e-01 1.60409663e-01 1.65205779e-01 1.81582669e-01 1.88098286e-01 1.88345622e-01 1.88904709e-01 1.88045625e-01 1.82592284e-01 1.69230742e-01 1.50784600e-01 1.22267629e-01 8.39304397e-02 3.00414408e-02 -2.18015567e-02 -7.38826237e-02 -1.15885085e-01 -1.48052785e-01 -1.75016506e-01 -1.94905364e-01 -2.02417713e-01 -2.12400368e-01 -2.10844464e-01 -2.15668066e-01 -2.15281882e-01 -2.04298386e-01 -1.98274956e-01 -1.93189356e-01 -1.80802425e-01 -1.69629287e-01 -1.58989383e-01 -1.40287260e-01 -1.13690843e-01 -8.64417599e-02 -3.85556430e-02 5.91523415e-03 6.23724658e-02 1.09511441e-01 1.46943523e-01 1.77940744e-01 1.89074044e-01 1.81103831e-01 1.79382858e-01 1.91416554e-01 1.75444000e-01 1.58360906e-01 1.52372696e-01 1.73961959e-01 1.58309574e-01 1.45670256e-01 1.57968318e-01 1.66742539e-01 1.63705401e-01 1.66106580e-01 1.75178716e-01 1.77162359e-01 1.81786906e-01 1.96079188e-01 1.98474474e-01 2.42367884e-01 2.88578743e-01 2.43507108e-01 2.91589078e-01 3.52880552e-01 2.41399257e-01 1.94894288e-01 5.77287603e-01
3.19000000e+01 -8.55047056e-01 -5.93220988e-01 -4.47091153e-01 -4.89053499e-01 -5.71106780e-01 -5.75817546e-01 -4.67739166e-01 -4.11236831e-01 -3.77547493e-01 -3.37169248e-01 -2.56394245e-01 -2.33596130e-01 -1.98788040e-01 -1.53772170e-01 -9.82488410e-02 -5.47986426e-02 -3.09109740e-02 -1.69962497e-02 -1.23704882e-02 1.27250729e-03 1.93621275e-02 4.37050016e-02 5.99909906e-02 7.30801132e-02 8.34962331e-02 8.74121032e-02 9.88930138e-02 1.13861894e-01 1.26547885e-01 1.37248595e-01 1.36839257e-01 1.47693584e-01 1.45587214e-01 1.51112771e-01 1.61247263e-01 1.65656054e-01 1.82402167e-01 1.89393970e-01 1.89632734e-01 1.90410766e-01 1.89746360e-01 1.84823482e-01 1.71078147e-01 1.52235389e-01 1.23566103e-01 8.49507634e-02 3.00393566e-02 -2.27107814e-02 -7.49662247e-02 -1.17803401e-01 -1.50822487e-01 -1.78107624e-01 -1.97582395e-01 -2.05429390e-01 -2.15070692e-01 -2.13244312e-01 -2.17763974e-01 -2.17891928e-01 -2.06325141e-01 -2.00301606e-01 -1.95160841e-01 -1.82473070e-01 -1.71471123e-01 -1.61018192e-01 -1.41959387e-01 -1.15586639e-01 -8.82776813e-02 -4.09833758e-02 3.28419608e-03 5.97854471e-02 1.07670053e-01 1.44982367e-01 1.76148842e-01 1.86707313e-01 1.78586538e-01 1.78531128e-01 1.90431257e-01 1.73458903e-01 1.56654423e-01 1.51778444e-01 1.73470868e-01 1.56127353e-01 1.44787721e-01 1.58011446e-01 1.66163789e-01 1.63214281e-01 1.67904456e-01 1.75817347e-01 1.79417643e-01 1.84123587e-01 1.98750925e-01 2.01597035e-01 2.47075103e-01 2.92689177e-01 2.43636181e-01 2.96381701e-01 3.54753306e-01 2.41916997e-01 2.00103365e-01 5.80098089e-01
3.20000000e+01 -8.56270629e-01 -5.95266646e-01 -4.49466168e-01 -4.87797573e-01 -5.69480263e-01 -5.76345330e-01 -4.67959626e-01 -4.08700769e-01 -3.74383430e-01 -3.37056264e-01 -2.54868117e-01 -2.33431615e-01 -1.98301917e-01 -1.54192206e-01 -9.87563270e-02 -5.46457864e-02 -3.01586566e-02 -1.54318465e-02 -1.19516395e-02 2.84665190e-03 2.21217832e-02 4.52251843e-02 6.09747223e-02 7.48512612e-02 8.43842008e-02 8.85194336e-02 9.95377841e-02 1.13987070e-01 1.26826341e-01 1.37680880e-01 1.36860419e-01 1.47842728e-01 1.45723482e-01 1.51919088e-01 1.62018675e-01 1.66160177e-01 1.83169868e-01 1.90653633e-01 1.90918847e-01 1.91888993e-01 1.91434768e-01 1.86980819e-01 1.72894251e-01 1.53610486e-01 1.24757400e-01 8.58893780e-02 3.00364318e-02 -2.36123644e-02 -7.59803815e-02 -1.19650435e-01 -1.53523797e-01 -1.81146266e-01 -2.00189768e-01 -2.08424985e-01 -2.17684336e-01 -2.15644116e-01 -2.19840912e-01 -2.20422979e-01 -2.08356094e-01 -2.02345289e-01 -1.97052521e-01 -1.84150067e-01 -1.73296692e-01 -1.62991368e-01 -1.43586095e-01 -1.17465498e-01 -8.99798770e-02 -4.33958960e-02 7.23632909e-04 5.71423956e-02 1.05760293e-01 1.42936698e-01 1.74232961e-01 1.84231873e-01 1.76088157e-01 1.77749167e-01 1.89374463e-01 1.71416297e-01 1.54979925e-01 1.51298452e-01 1.72847288e-01 1.53995967e-01 1.43999129e-01 1.58010279e-01 1.65547889e-01 1.62860348e-01 1.69617164e-01 1.76537623e-01 1.81650911e-01 1.86508204e-01 2.01410020e-01 2.04802107e-01 2.51876110e-01 2.96483616e-01 2.43943147e-01 3.01031866e-01 3.56637077e-01 2.42321072e-01 2.05382694e-01 5.82870978e-01
3.21000000e+01 -8.57497033e-01 -5.97209975e-01 -4.51878187e-01 -4.86515764e-01 -5.67833477e-01 -5.76426631e-01 -4.68371036e-01 -4.06107700e-01 -3.71260217e-01 -3.36723492e-01 -2.53596719e-01 -2.33160007e-01 -1.97923507e-01 -1.54667170e-01 -9.93022220e-02 -5.45311147e-02 -2.94267964e-02 -1.39124197e-02 -1.16296543e-02 4.42131953e-03 2.48884447e-02 4.66469750e-02 6.19915198e-02 7.65886008e-02 8.52387813e-02 8.96652785e-02 1.00231501e-01 1.14125301e-01 1.27105856e-01 1.38031724e-01 1.36964346e-01 1.47941365e-01 1.45894701e-01 1.52742307e-01 1.62724965e-01 1.66720793e-01 1.83885725e-01 1.91874278e-01 1.92205723e-01 1.93337935e-01 1.93115983e-01 1.89058366e-01 1.74677002e-01 1.54912434e-01 1.25840433e-01 8.67409923e-02 3.00335156e-02 -2.45008186e-02 -7.69300034e-02 -1.21425500e-01 -1.56153311e-01 -1.84128613e-01 -2.02731746e-01 -2.11400185e-01 -2.20243503e-01 -2.18042463e-01 -2.21903032e-01 -2.22870039e-01 -2.10393418e-01 -2.04406828e-01 -1.98863890e-01 -1.85835911e-01 -1.75105232e-01 -1.64907618e-01 -1.45170694e-01 -1.19326734e-01 -9.15527019e-02 -4.57902377e-02 -1.76394695e-03 5.44482801e-02 1.03778453e-01 1.40804555e-01 1.72191740e-01 1.81651002e-01 1.73621560e-01 1.77023791e-01 1.88237762e-01 1.69327168e-01 1.53344124e-01 1.50921747e-01 1.72083970e-01 1.51936110e-01 1.43294759e-01 1.57961168e-01 1.64897850e-01 1.62656395e-01 1.71221914e-01 1.77364106e-01 1.83842313e-01 1.88950885e-01 2.04055506e-01 2.08086550e-01 2.56776359e-01 2.99927235e-01 2.44473206e-01 3.05515594e-01 3.58521344e-01 2.42651990e-01 2.10695822e-01 5.85619176e-01
3.22000000e+01 -8.58720685e-01 -5.99068219e-01 -4.54295131e-01 -4.85224637e-01 -5.66172136e-01 -5.76056889e-01 -4.68965788e-01 -4.03466525e-01 -3.68196610e-01 -3.36150601e-01 -2.52594914e-01 -2.32768518e-01 -1.97660266e-01 -1.55191534e-01 -9.98825279e-02 -5.44531030e-02 -2.87128003e-02 -1.24529551e-02 -1.13867006e-02 5.99475948e-03 2.76456175e-02 4.79769925e-02 6.30469625e-02 7.82839325e-02 8.60667031e-02 9.08440821e-02 1.00972898e-01 1.14281485e-01 1.27387127e-01 1.38298530e-01 1.37150806e-01 1.47992363e-01 1.46100180e-01 1.53580403e-01 1.63368938e-01 1.67338920e-01 1.84550488e-01 1.93053127e-01 1.93494547e-01 1.94756814e-01 1.94794410e-01 1.91050832e-01 1.76424092e-01 1.56143320e-01 1.26814876e-01 8.75005019e-02 3.00310779e-02 -2.53703558e-02 -7.78200261e-02 -1.23128365e-01 -1.58707328e-01 -1.87051023e-01 -2.05212706e-01 -2.14350604e-01 -2.22750700e-01 -2.20437501e-01 -2.23954242e-01 -2.25229140e-01 -2.12438919e-01 -2.06485970e-01 -2.00595993e-01 -1.87531978e-01 -1.76895970e-01 -1.66766045e-01 -1.46716669e-01 -1.21168679e-01 -9.30018189e-02 -4.81628223e-02 -4.17692012e-03 5.17087037e-02 1.01720732e-01 1.38584112e-01 1.70024079e-01 1.78968784e-01 1.71198875e-01 1.76340629e-01 1.87013789e-01 1.67203399e-01 1.51753115e-01 1.50635018e-01 1.71177475e-01 1.49966778e-01 1.42663575e-01 1.57862078e-01 1.64217878e-01 1.62610971e-01 1.72701189e-01 1.78316907e-01 1.85974610e-01 1.91460861e-01 2.06686614e-01 2.11447725e-01 2.61777442e-01 3.02992507e-01 2.45264171e-01 3.09814484e-01 3.60391769e-01 2.42953505e-01 2.16004061e-01 5.88356176e-01
3.23000000e+01 -8.59935361e-01 -6.00859615e-01 -4.56684701e-01 -4.83940786e-01 -5.64498411e-01 -5.75239711e-01 -4.69728890e-01 -4.00790738e-01 -3.65206626e-01 -3.35323970e-01 -2.51870290e-01 -2.32249989e-01 -1.97516575e-01 -1.55760391e-01 -1.00493375e-01 -5.44099853e-02 -2.80146874e-02 -1.10684395e-02 -1.12039717e-02 7.56466960e-03 3.03758315e-02 4.92239375e-02 6.41449959e-02 7.99291514e-02 8.68757108e-02 9.20498107e-02 1.01760263e-01 1.14460713e-01 1.27670300e-01 1.38480307e-01 1.37417798e-01 1.47999825e-01 1.46338923e-01 1.54430387e-01 1.63955047e-01 1.68013956e-01 1.85165712e-01 1.94187672e-01 1.94785818e-01 1.96145675e-01 1.96473526e-01 1.92953709e-01 1.78132948e-01 1.57304756e-01 1.27681149e-01 8.81630497e-02 3.00292213e-02 -2.62149915e-02 -7.86553466e-02 -1.24759254e-01 -1.61181869e-01 -1.89910089e-01 -2.07637026e-01 -2.17271864e-01 -2.25208684e-01 -2.22827014e-01 -2.25998115e-01 -2.27497414e-01 -2.14494001e-01 -2.08581396e-01 -2.02251431e-01 -1.89238502e-01 -1.78668157e-01 -1.68566181e-01 -1.48227602e-01 -1.22988708e-01 -9.43341708e-02 -5.05094885e-02 -6.51454014e-03 4.89298484e-02 9.95832673e-02 1.36273767e-01 1.67729138e-01 1.76190085e-01 1.68831244e-01 1.75684396e-01 1.85696327e-01 1.65057524e-01 1.50212244e-01 1.50422931e-01 1.70128213e-01 1.48104804e-01 1.42093632e-01 1.57712507e-01 1.63513382e-01 1.62728112e-01 1.74043310e-01 1.79410962e-01 1.88033825e-01 1.94046097e-01 2.09302801e-01 2.14883706e-01 2.66876578e-01 3.05660137e-01 2.46345530e-01 3.13915970e-01 3.62230946e-01 2.43271223e-01 2.21267643e-01 5.91095664e-01
3.24000000e+01 -8.61134386e-01 -6.02602749e-01 -4.59015294e-01 -4.82680201e-01 -5.62811162e-01 -5.73986727e-01 -4.70638221e-01 -3.98098264e-01 -3.62299367e-01 -3.34237020e-01 -2.51422897e-01 -2.31603113e-01 -1.97493549e-01 -1.56369540e-01 -1.01131022e-01 -5.43997610e-02 -2.73312437e-02 -9.77340019e-03 -1.10621442e-02 9.12815263e-03 3.30611034e-02 5.03983263e-02 6.52879457e-02 8.15163871e-02 8.76743166e-02 9.32761124e-02 1.02591469e-01 1.14668136e-01 1.27954998e-01 1.38577695e-01 1.37761623e-01 1.47968994e-01 1.46609644e-01 1.55288400e-01 1.64489250e-01 1.68743746e-01 1.85733735e-01 1.95275732e-01 1.96079268e-01 1.97505483e-01 1.98155696e-01 1.94763418e-01 1.79800714e-01 1.58397898e-01 1.28440380e-01 8.87240820e-02 3.00276999e-02 -2.70286633e-02 -7.94407610e-02 -1.26318827e-01 -1.63572722e-01 -1.92702673e-01 -2.10008973e-01 -2.20159645e-01 -2.27620426e-01 -2.25208498e-01 -2.28037782e-01 -2.29673156e-01 -2.16559627e-01 -2.10690758e-01 -2.03834329e-01 -1.90954596e-01 -1.80421080e-01 -1.70307996e-01 -1.49707081e-01 -1.24783293e-01 -9.55579242e-02 -5.28255268e-02 -8.77692456e-03 4.61184029e-02 9.73621774e-02 1.33872219e-01 1.65306335e-01 1.73320510e-01 1.66528574e-01 1.75039179e-01 1.84280411e-01 1.62902501e-01 1.48725985e-01 1.50268494e-01 1.68940392e-01 1.46364441e-01 1.41572495e-01 1.57513385e-01 1.62790950e-01 1.63007225e-01 1.75242782e-01 1.80655510e-01 1.90009771e-01 1.96712971e-01 2.11903785e-01 2.18393429e-01 2.72066258e-01 3.07919727e-01 2.47737785e-01 3.17813358e-01 3.64019303e-01 2.43651111e-01 2.26446928e-01 5.93851111e-01
3.25000000e+01 -8.62310833e-01 -6.04315917e-01 -4.61256885e-01 -4.81457635e-01 -5.61106272e-01 -5.72317226e-01 -4.71665034e-01 -3.95411083e-01 -3.59479049e-01 -3.32890296e-01 -2.51245228e-01 -2.30832461e-01 -1.97588975e-01 -1.57015527e-01 -1.01791858e-01 -5.44202242e-02 -2.66621441e-02 -8.58145573e-03 -1.09418458e-02 1.06816829e-02 3.56834215e-02 5.15121609e-02 6.64765560e-02 8.30381763e-02 8.84715187e-02 9.45164717e-02 1.03464025e-01 1.14908825e-01 1.28240354e-01 1.38592956e-01 1.38176981e-01 1.47906152e-01 1.46910768e-01 1.56149842e-01 1.64978826e-01 1.69524694e-01 1.86257627e-01 1.96315488e-01 1.97373825e-01 1.98838175e-01 1.99842023e-01 1.96477432e-01 1.81424213e-01 1.59423486e-01 1.29094349e-01 8.91794062e-02 3.00259400e-02 -2.78053640e-02 -8.01808953e-02 -1.27808149e-01 -1.65875513e-01 -1.95425907e-01 -2.12332625e-01 -2.23009718e-01 -2.29989068e-01 -2.27579229e-01 -2.30075850e-01 -2.31755877e-01 -2.18636276e-01 -2.12810741e-01 -2.05350268e-01 -1.92678318e-01 -1.82154084e-01 -1.71991898e-01 -1.51158604e-01 -1.26548094e-01 -9.66823825e-02 -5.51057192e-02 -1.09650401e-02 4.32814727e-02 9.50536157e-02 1.31378542e-01 1.62755364e-01 1.70366363e-01 1.64299301e-01 1.74388737e-01 1.82762391e-01 1.60751469e-01 1.47297823e-01 1.50153456e-01 1.67621881e-01 1.44757020e-01 1.41087642e-01 1.57266936e-01 1.62058273e-01 1.63443149e-01 1.76300424e-01 1.82053785e-01 1.91896434e-01 1.99466012e-01 2.14489597e-01 2.21976764e-01 2.77334085e-01 3.09770173e-01 2.49452073e-01 3.21505660e-01 3.65736093e-01 2.44137980e-01 2.31503614e-01 5.96635361e-01
3.26000000e+01 -8.63457706e-01 -6.06016511e-01 -4.63381863e-01 -4.80285981e-01 -5.59377090e-01 -5.70257566e-01 -4.72774682e-01 -3.92754660e-01 -3.56745238e-01 -3.31291311e-01 -2.51322440e-01 -2.29948298e-01 -1.97797380e-01 -1.57695641e-01 -1.02472406e-01 -5.44690157e-02 -2.60080347e-02 -7.50489752e-03 -1.08241164e-02 1.22210895e-02 3.82252281e-02 5.25785547e-02 6.77100421e-02 8.44876665e-02 8.92765035e-02 9.57643499e-02 1.04375142e-01 1.15187629e-01 1.28525074e-01 1.38529964e-01 1.38657082e-01 1.47818483e-01 1.47240418e-01 1.57009525e-01 1.65432165e-01 1.70351907e-01 1.86741134e-01 1.97305515e-01 1.98667617e-01 2.00146661e-01 2.01532256e-01 1.98094380e-01 1.82999912e-01 1.60381911e-01 1.29645418e-01 8.95252523e-02 3.00230593e-02 -2.85392864e-02 -8.08801267e-02 -1.29228658e-01 -1.68085800e-01 -1.98077181e-01 -2.14611805e-01 -2.25817958e-01 -2.32317900e-01 -2.29936333e-01 -2.32114321e-01 -2.33746327e-01 -2.20723904e-01 -2.14937154e-01 -2.06806170e-01 -1.94406774e-01 -1.83866578e-01 -1.73618729e-01 -1.52585482e-01 -1.28278076e-01 -9.77178683e-02 -5.73443867e-02 -1.30806868e-02 4.04264740e-02 9.26538486e-02 1.28792242e-01 1.60076205e-01 1.67334594e-01 1.62150153e-01 1.73716792e-01 1.81140006e-01 1.58617515e-01 1.45930165e-01 1.50058731e-01 1.66183995e-01 1.43290686e-01 1.40626856e-01 1.56976536e-01 1.61324021e-01 1.64026357e-01 1.77223267e-01 1.83602920e-01 1.93692205e-01 2.02307696e-01 2.17060621e-01 2.25634517e-01 2.82662791e-01 3.11219751e-01 2.51490088e-01 3.24997234e-01 3.67360466e-01 2.44773973e-01 2.36401915e-01 5.99460238e-01
3.27000000e+01 -8.64568123e-01 -6.07720448e-01 -4.65365785e-01 -4.79175713e-01 -5.57614941e-01 -5.67840397e-01 -4.73927570e-01 -3.90157181e-01 -3.54093285e-01 -3.29454163e-01 -2.51632815e-01 -2.28966197e-01 -1.98110223e-01 -1.58407849e-01 -1.03169328e-01 -5.45436907e-02 -2.53705743e-02 -6.55431959e-03 -1.06908444e-02 1.37415609e-02 4.06698738e-02 5.36113363e-02 6.89861460e-02 8.58588411e-02 9.00983504e-02 9.70133065e-02 1.05321814e-01 1.15509037e-01 1.28807501e-01 1.38394170e-01 1.39193778e-01 1.47713946e-01 1.47596392e-01 1.57861844e-01 1.65858527e-01 1.71219377e-01 1.87188608e-01 1.98244786e-01 1.99958020e-01 2.01434742e-01 2.03224747e-01 1.99614106e-01 1.84523889e-01 1.61273287e-01 1.30096445e-01 8.97583424e-02 3.00178821e-02 -2.92249761e-02 -8.15424939e-02 -1.30582108e-01 -1.70199185e-01 -2.00654091e-01 -2.16850038e-01 -2.28580357e-01 -2.34610316e-01 -2.32276853e-01 -2.34154528e-01 -2.35646507e-01 -2.22821913e-01 -2.17065040e-01 -2.08210141e-01 -1.96136252e-01 -1.85558047e-01 -1.75189728e-01 -1.53990743e-01 -1.29967654e-01 -9.86755729e-02 -5.95354476e-02 -1.51264806e-02 3.75610137e-02 9.01593495e-02 1.26113294e-01 1.57269160e-01 1.64232732e-01 1.60085947e-01 1.73007317e-01 1.79412426e-01 1.56513435e-01 1.44624281e-01 1.49964844e-01 1.64641205e-01 1.41970213e-01 1.40178591e-01 1.56646546e-01 1.60597665e-01 1.64743330e-01 1.78024240e-01 1.85294075e-01 1.95399960e-01 2.05238320e-01 2.19617650e-01 2.29368343e-01 2.88030462e-01 3.12285923e-01 2.53844300e-01 3.28297242e-01 3.68872558e-01 2.45597128e-01 2.41109679e-01 6.02336177e-01
3.28000000e+01 -8.65635485e-01 -6.09441662e-01 -4.67188027e-01 -4.78134375e-01 -5.55809697e-01 -5.65103723e-01 -4.75080278e-01 -3.87648644e-01 -3.51514930e-01 -3.27398933e-01 -2.52148447e-01 -2.27906481e-01 -1.98516197e-01 -1.59150703e-01 -1.03879430e-01 -5.46417987e-02 -2.47524357e-02 -5.73830672e-03 -1.05251677e-02 1.52376772e-02 4.30020211e-02 5.46246528e-02 7.03011938e-02 8.71467526e-02 9.09457510e-02 9.82571030e-02 1.06300899e-01 1.15877045e-01 1.29085687e-01 1.38192554e-01 1.39777704e-01 1.47601110e-01 1.47976150e-01 1.58700963e-01 1.66267787e-01 1.72120167e-01 1.87604955e-01 1.99132657e-01 2.01241752e-01 2.02706990e-01 2.04916473e-01 2.01037692e-01 1.85991832e-01 1.62097524e-01 1.30450679e-01 8.98759681e-02 3.00089536e-02 -2.98574868e-02 -8.21716018e-02 -1.31870519e-01 -1.72211457e-01 -2.03154372e-01 -2.19050531e-01 -2.31293044e-01 -2.36869769e-01 -2.34597814e-01 -2.36197107e-01 -2.37459639e-01 -2.24929129e-01 -2.19188803e-01 -2.09571281e-01 -1.97862393e-01 -1.87228052e-01 -1.76706497e-01 -1.55377046e-01 -1.31610870e-01 -9.95673745e-02 -6.16724943e-02 -1.71058298e-02 3.46927584e-02 8.75669109e-02 1.23342148e-01 1.54334893e-01 1.61068820e-01 1.58109407e-01 1.72244796e-01 1.77580303e-01 1.54451497e-01 1.43380260e-01 1.49852368e-01 1.63010773e-01 1.40796922e-01 1.39732299e-01 1.56282157e-01 1.59889260e-01 1.65577063e-01 1.78721637e-01 1.87112774e-01 1.97026974e-01 2.08255944e-01 2.22161932e-01 2.33180593e-01 2.93410947e-01 3.12994838e-01 2.56498445e-01 3.31418968e-01 3.70254560e-01 2.46640036e-01 2.45599400e-01 6.05271885e-01
3.29000000e+01 -8.66653616e-01 -6.11191672e-01 -4.68832312e-01 -4.77166175e-01 -5.53950372e-01 -5.62089818e-01 -4.76186833e-01 -3.85259819e-01 -3.48999053e-01 -3.25150896e-01 -2.52836120e-01 -2.26793489e-01 -1.99001640e-01 -1.59923192e-01 -1.04599684e-01 -5.47609691e-02 -2.41572713e-02 -5.06318695e-03 -1.03118266e-02 1.67034725e-02 4.52079773e-02 5.56325901e-02 7.16501555e-02 8.83477465e-02 9.18267519e-02 9.94897968e-02 1.07309202e-01 1.16295034e-01 1.29357482e-01 1.37933545e-01 1.40398440e-01 1.47488987e-01 1.48376811e-01 1.59520995e-01 1.66670153e-01 1.73046625e-01 1.87995566e-01 1.99968835e-01 2.02514993e-01 2.03968559e-01 2.06603127e-01 2.02367427e-01 1.87399051e-01 1.62854386e-01 1.30711649e-01 8.98760734e-02 2.99945539e-02 -3.04325282e-02 -8.27705300e-02 -1.33096108e-01 -1.74118728e-01 -2.05575814e-01 -2.21216157e-01 -2.33952308e-01 -2.39099701e-01 -2.36896287e-01 -2.38241984e-01 -2.39190112e-01 -2.27043808e-01 -2.21302341e-01 -2.10899457e-01 -1.99580371e-01 -1.88876246e-01 -1.78170933e-01 -1.56746605e-01 -1.33201585e-01 -1.00405627e-01 -6.37488937e-02 -1.90228973e-02 3.18292961e-02 8.48737696e-02 1.20479709e-01 1.51274486e-01 1.57851328e-01 1.56221033e-01 1.71414471e-01 1.75645797e-01 1.52443205e-01 1.42197016e-01 1.49702365e-01 1.61312319e-01 1.39768680e-01 1.39278719e-01 1.55889220e-01 1.59209176e-01 1.66507697e-01 1.79338407e-01 1.89039441e-01 1.98584686e-01 2.11356421e-01 2.24695212e-01 2.37074082e-01 2.98774442e-01 3.13380565e-01 2.59428277e-01 3.34379022e-01 3.71491735e-01 2.47928676e-01 2.49849094e-01 6.08274061e-01
3.30000000e+01 -8.67616887e-01 -6.12979237e-01 -4.70287099e-01 -4.76271678e-01 -5.52025732e-01 -5.58844052e-01 -4.77200084e-01 -3.83021123e-01 -3.46532544e-01 -3.22739579e-01 -2.53658358e-01 -2.25654710e-01 -1.99551029e-01 -1.60724563e-01 -1.05327250e-01 -5.48989976e-02 -2.35896456e-02 -4.53285065e-03 -1.00374642e-02 1.81325295e-02 4.72759482e-02 5.66488219e-02 7.30267162e-02 8.94596588e-02 9.27485264e-02 1.00705834e-01 1.08343543e-01 1.16765661e-01 1.29620632e-01 1.37626896e-01 1.41044712e-01 1.47386826e-01 1.48795181e-01 1.60316195e-01 1.67075869e-01 1.73990618e-01 1.88366266e-01 2.00753324e-01 2.03773539e-01 2.05224966e-01 2.08279263e-01 2.03606722e-01 1.88740540e-01 1.63543541e-01 1.30883040e-01 8.97573396e-02 2.99727169e-02 -3.09465978e-02 -8.33417561e-02 -1.34261217e-01 -1.75917592e-01 -2.07916172e-01 -2.23349445e-01 -2.36554645e-01 -2.41303470e-01 -2.39169451e-01 -2.40288408e-01 -2.40843376e-01 -2.29163653e-01 -2.23399203e-01 -2.12205052e-01 -2.01285090e-01 -1.90502380e-01 -1.79585154e-01 -1.58101127e-01 -1.34733689e-01 -1.01202923e-01 -6.57579175e-02 -2.08825432e-02 2.89779933e-02 8.20777409e-02 1.17527289e-01 1.48089497e-01 1.54589054e-01 1.54419021e-01 1.70502550e-01 1.73612596e-01 1.50499056e-01 1.41072313e-01 1.49496827e-01 1.59567318e-01 1.38880009e-01 1.38810118e-01 1.55474084e-01 1.58567807e-01 1.67513255e-01 1.79901270e-01 1.91050110e-01 2.00088320e-01 2.14533499e-01 2.27219758e-01 2.41051809e-01 3.04088244e-01 3.13484086e-01 2.62602552e-01 3.37196459e-01 3.72573324e-01 2.49481439e-01 2.53843014e-01 6.11347156e-01
3.31000000e+01 -8.68520310e-01 -6.14810112e-01 -4.71545818e-01 -4.75447621e-01 -5.50024872e-01 -5.55413651e-01 -4.78073139e-01 -3.80961453e-01 -3.44101245e-01 -3.20197685e-01 -2.54574612e-01 -2.24519812e-01 -2.00147537e-01 -1.61554122e-01 -1.06059509e-01 -5.50539273e-02 -2.30549408e-02 -4.14863610e-03 -9.69087338e-03 1.95181037e-02 4.91962080e-02 5.76862932e-02 7.44233681e-02 9.04819705e-02 9.37171771e-02 1.01900144e-01 1.09400809e-01 1.17290761e-01 1.29872892e-01 1.37283528e-01 1.41704608e-01 1.47303887e-01 1.49227815e-01 1.61081126e-01 1.67494898e-01 1.74943773e-01 1.88723246e-01 2.01486358e-01 2.05012972e-01 2.06481846e-01 2.09938483e-01 2.04759981e-01 1.90011058e-01 1.64164582e-01 1.30968575e-01 8.95192680e-02 2.99412546e-02 -3.13970859e-02 -8.38871047e-02 -1.35368232e-01 -1.77605268e-01 -2.10173075e-01 -2.25452579e-01 -2.39096813e-01 -2.43484251e-01 -2.41414645e-01 -2.42335003e-01 -2.42425803e-01 -2.31285866e-01 -2.25472736e-01 -2.13498691e-01 -2.02971381e-01 -1.92106325e-01 -1.80951407e-01 -1.59441757e-01 -1.36201319e-01 -1.01971840e-01 -6.76929025e-02 -2.26902387e-02 2.61458517e-02 7.91773536e-02 1.14486532e-01 1.44782032e-01 1.51291017e-01 1.52699245e-01 1.69496388e-01 1.71485918e-01 1.48628309e-01 1.40002823e-01 1.49219093e-01 1.57798539e-01 1.38122280e-01 1.38320482e-01 1.55043437e-01 1.57975255e-01 1.68570449e-01 1.80439712e-01 1.93117293e-01 2.01556375e-01 2.17778999e-01 2.29738381e-01 2.45116618e-01 3.09317627e-01 3.13352064e-01 2.65984190e-01 3.39891858e-01 3.73493310e-01 2.51308386e-01 2.57572181e-01 6.14493215e-01
3.32000000e+01 -8.69359594e-01 -6.16686902e-01 -4.72606945e-01 -4.74686860e-01 -5.47937773e-01 -5.51846438e-01 -4.78760814e-01 -3.79107019e-01 -3.41690940e-01 -3.17559946e-01 -2.55542535e-01 -2.23419595e-01 -2.00773640e-01 -1.62411011e-01 -1.06794106e-01 -5.52241217e-02 -2.25592373e-02 -3.90928169e-03 -9.26318825e-03 2.08532737e-02 5.09611909e-02 5.87569360e-02 7.58315370e-02 9.14159067e-02 9.47375722e-02 1.03068252e-01 1.10477990e-01 1.17871261e-01 1.30112160e-01 1.36915300e-01 1.42365845e-01 1.47249193e-01 1.49671108e-01 1.61810827e-01 1.67936600e-01 1.75897732e-01 1.89072992e-01 2.02168338e-01 2.06228833e-01 2.07744707e-01 2.11573660e-01 2.05832430e-01 1.91205254e-01 1.64717047e-01 1.30971890e-01 8.91622560e-02 2.98977853e-02 -3.17823432e-02 -8.44077308e-02 -1.36419502e-01 -1.79179733e-01 -2.12343960e-01 -2.27527381e-01 -2.41575891e-01 -2.45644944e-01 -2.43629425e-01 -2.44379853e-01 -2.43944518e-01 -2.33407217e-01 -2.27516250e-01 -2.14790960e-01 -2.04634182e-01 -1.93688085e-01 -1.82271981e-01 -1.60769043e-01 -1.37599075e-01 -1.02724675e-01 -6.95474411e-02 -2.44519494e-02 2.33393697e-02 7.61719779e-02 1.11359327e-01 1.41354804e-01 1.47966326e-01 1.51055302e-01 1.68384645e-01 1.69272490e-01 1.46838755e-01 1.38984202e-01 1.48854266e-01 1.56029427e-01 1.37484009e-01 1.37805661e-01 1.54604135e-01 1.57441015e-01 1.69655532e-01 1.80984874e-01 1.95210972e-01 2.03010003e-01 2.21083062e-01 2.32254427e-01 2.49270837e-01 3.14426829e-01 3.13035452e-01 2.69531594e-01 3.42486396e-01 3.74251021e-01 2.53410768e-01 2.61034716e-01 6.17711774e-01
3.33000000e+01 -8.70131186e-01 -6.18609035e-01 -4.73473918e-01 -4.73978450e-01 -5.45755782e-01 -5.48189582e-01 -4.79221046e-01 -3.77480218e-01 -3.39288327e-01 -3.14861934e-01 -2.56519309e-01 -2.22384911e-01 -2.01411739e-01 -1.63293990e-01 -1.07529007e-01 -5.54083259e-02 -2.21091747e-02 -3.81094404e-03 -8.74802419e-03 2.21311097e-02 5.25655161e-02 5.98714132e-02 7.72417505e-02 9.22644705e-02 9.58132161e-02 1.04206383e-01 1.11572198e-01 1.18507120e-01 1.30336618e-01 1.36534754e-01 1.43016059e-01 1.47231263e-01 1.50121416e-01 1.62500948e-01 1.68409424e-01 1.76844414e-01 1.89422192e-01 2.02799763e-01 2.07416803e-01 2.09018683e-01 2.13177171e-01 2.06829909e-01 1.92317800e-01 1.65200416e-01 1.30896416e-01 8.86876643e-02 2.98397656e-02 -3.21017081e-02 -8.49041408e-02 -1.37417252e-01 -1.80639821e-01 -2.14426013e-01 -2.29575306e-01 -2.43989336e-01 -2.47788091e-01 -2.45811597e-01 -2.46420606e-01 -2.45407188e-01 -2.35524140e-01 -2.29523186e-01 -2.16092115e-01 -2.06268722e-01 -1.95247820e-01 -1.83549116e-01 -1.62082892e-01 -1.38922229e-01 -1.03473172e-01 -7.13155940e-02 -2.61739893e-02 2.05644125e-02 7.30619389e-02 1.08147709e-01 1.37811193e-01 1.44624049e-01 1.49478609e-01 1.67157411e-01 1.66980501e-01 1.45136508e-01 1.38011184e-01 1.48389593e-01 1.54283463e-01 1.36951220e-01 1.37263458e-01 1.54163047e-01 1.56973672e-01 1.70745163e-01 1.81568383e-01 1.97299683e-01 2.04472298e-01 2.24434451e-01 2.34771762e-01 2.53515899e-01 3.19380113e-01 3.12587967e-01 2.73200065e-01 3.45000958e-01 3.74851515e-01 2.55780836e-01 2.64235943e-01 6.20999836e-01
3.34000000e+01 -8.70832259e-01 -6.20572830e-01 -4.74154898e-01 -4.73307869e-01 -5.43472028e-01 -5.44488417e-01 -4.79416222e-01 -3.76098609e-01 -3.36881953e-01 -3.12138875e-01 -2.57462971e-01 -2.21445589e-01 -2.02044783e-01 -1.64201226e-01 -1.08262546e-01 -5.56057136e-02 -2.17117954e-02 -3.84728153e-03 -8.14156484e-03 2.33448498e-02 5.40059605e-02 6.10388830e-02 7.86438557e-02 9.30324083e-02 9.69461561e-02 1.05311583e-01 1.12680668e-01 1.19197274e-01 1.30544877e-01 1.36154809e-01 1.43643129e-01 1.47257846e-01 1.50575191e-01 1.63147876e-01 1.68920622e-01 1.77776258e-01 1.89777621e-01 2.03381193e-01 2.08572867e-01 2.10308325e-01 2.14741139e-01 2.07758654e-01 1.93343541e-01 1.65614108e-01 1.30745273e-01 8.80978716e-02 2.97645188e-02 -3.23554916e-02 -8.53762512e-02 -1.38363506e-01 -1.81985305e-01 -2.16416144e-01 -2.31597425e-01 -2.46335037e-01 -2.49915789e-01 -2.47959258e-01 -2.48454586e-01 -2.46821811e-01 -2.37632836e-01 -2.31487283e-01 -2.17411793e-01 -2.07870682e-01 -1.96785843e-01 -1.84784929e-01 -1.63382550e-01 -1.40166917e-01 -1.04228267e-01 -7.29921174e-02 -2.78628524e-02 1.78260987e-02 6.98486072e-02 1.04853762e-01 1.34155296e-01 1.41273058e-01 1.47958563e-01 1.65806318e-01 1.64619523e-01 1.43525812e-01 1.37077690e-01 1.47814817e-01 1.52583501e-01 1.36507894e-01 1.36693670e-01 1.53726892e-01 1.56580633e-01 1.71817251e-01 1.82221169e-01 1.99351662e-01 2.05967515e-01 2.27820892e-01 2.37294729e-01 2.57851968e-01 3.24142845e-01 3.12064504e-01 2.76943273e-01 3.47455304e-01 3.75305760e-01 2.58401931e-01 2.67188295e-01 6.24351917e-01
3.35000000e+01 -8.71460689e-01 -6.22571674e-01 -4.74662367e-01 -4.72657365e-01 -5.41081739e-01 -5.40785331e-01 -4.79314388e-01 -3.74974013e-01 -3.34463056e-01 -3.09424517e-01 -2.58333696e-01 -2.20629392e-01 -2.02656861e-01 -1.65130104e-01 -1.08993482e-01 -5.58159214e-02 -2.13743754e-02 -4.00960077e-03 -7.44259629e-03 2.44880736e-02 5.52813952e-02 6.22667783e-02 8.00272837e-02 9.37261049e-02 9.81369263e-02 1.06381829e-01 1.13800746e-01 1.19939619e-01 1.30736116e-01 1.35788435e-01 1.44235504e-01 1.47335668e-01 1.51029115e-01 1.63748838e-01 1.69475996e-01 1.78686464e-01 1.90146008e-01 2.03913227e-01 2.09693461e-01 2.11617405e-01 2.16257655e-01 2.08625076e-01 1.94277634e-01 1.65957481e-01 1.30521169e-01 8.73963149e-02 2.96692599e-02 -3.25449237e-02 -8.58234805e-02 -1.39260019e-01 -1.83216929e-01 -2.18310983e-01 -2.33594414e-01 -2.48611347e-01 -2.52029635e-01 -2.50070829e-01 -2.50478901e-01 -2.48196490e-01 -2.39729384e-01 -2.33402756e-01 -2.18758727e-01 -2.09436342e-01 -1.98302624e-01 -1.85981362e-01 -1.64666579e-01 -1.41330305e-01 -1.04999829e-01 -7.45726953e-02 -2.95250327e-02 1.51287072e-02 6.65344606e-02 1.01479537e-01 1.30391957e-01 1.37921877e-01 1.46482742e-01 1.64324637e-01 1.62200385e-01 1.42008890e-01 1.36176942e-01 1.47122481e-01 1.50951127e-01 1.36136453e-01 1.36098076e-01 1.53302081e-01 1.56267889e-01 1.72851756e-01 1.82972293e-01 2.01336008e-01 2.07520262e-01 2.31229454e-01 2.39828089e-01 2.62277592e-01 3.28682576e-01 3.11519513e-01 2.80714720e-01 3.49867349e-01 3.75630576e-01 2.61248874e-01 2.69910981e-01 6.27760167e-01
3.36000000e+01 -8.72014987e-01 -6.24596294e-01 -4.75012603e-01 -4.72006434e-01 -5.38582457e-01 -5.37118792e-01 -4.78890288e-01 -3.74111784e-01 -3.32026286e-01 -3.06750090e-01 -2.59094998e-01 -2.19961053e-01 -2.03233745e-01 -1.66077071e-01 -1.09721041e-01 -5.60390703e-02 -2.11042453e-02 -4.28706136e-03 -6.65248659e-03 2.55548611e-02 5.63926991e-02 6.35606000e-02 8.13813542e-02 9.43534155e-02 9.93845289e-02 1.07416121e-01 1.14929867e-01 1.20731009e-01 1.30910211e-01 1.35448324e-01 1.44782531e-01 1.47470192e-01 1.51480226e-01 1.64301977e-01 1.70079714e-01 1.79569196e-01 1.90533872e-01 2.04396521e-01 2.10775589e-01 2.12948772e-01 2.17719003e-01 2.09435546e-01 1.95115665e-01 1.66229836e-01 1.30226326e-01 8.65875108e-02 2.95511137e-02 -3.26720681e-02 -8.62448670e-02 -1.40108212e-01 -1.84336410e-01 -2.20106907e-01 -2.35566533e-01 -2.50817101e-01 -2.54130678e-01 -2.52145095e-01 -2.52490549e-01 -2.49539226e-01 -2.41809854e-01 -2.35264463e-01 -2.20140483e-01 -2.10962714e-01 -1.99798762e-01 -1.87140161e-01 -1.65932856e-01 -1.42410722e-01 -1.05796438e-01 -7.60541634e-02 -3.11668438e-02 1.24756110e-02 6.31231125e-02 9.80269840e-02 1.26526780e-01 1.34578526e-01 1.45037134e-01 1.62707360e-01 1.59735009e-01 1.40585841e-01 1.35301588e-01 1.46308159e-01 1.49406045e-01 1.35818296e-01 1.35480379e-01 1.52894569e-01 1.56039841e-01 1.73831406e-01 1.83847841e-01 2.03223836e-01 2.09154667e-01 2.34646932e-01 2.42376950e-01 2.66789387e-01 3.32970066e-01 3.11005419e-01 2.84469175e-01 3.52252555e-01 3.75848335e-01 2.64288639e-01 2.72429463e-01 6.31214558e-01
3.37000000e+01 -8.72494215e-01 -6.26635117e-01 -4.75225021e-01 -4.71332414e-01 -5.35974151e-01 -5.33522517e-01 -4.78126196e-01 -3.73510292e-01 -3.29570265e-01 -3.04143389e-01 -2.59714792e-01 -2.19461414e-01 -2.03763356e-01 -1.67037525e-01 -1.10444946e-01 -5.62757761e-02 -2.09086061e-02 -4.66693188e-03 -5.77510972e-03 2.65399263e-02 5.73426602e-02 6.49237276e-02 8.26956050e-02 9.49234434e-02 1.00686454e-01 1.08414561e-01 1.16065529e-01 1.21567283e-01 1.31067837e-01 1.35146564e-01 1.45274767e-01 1.47665431e-01 1.51926007e-01 1.64806430e-01 1.70734180e-01 1.80419760e-01 1.90947332e-01 2.04831847e-01 2.11816903e-01 2.14304217e-01 2.19117847e-01 2.10196203e-01 1.95853735e-01 1.66430440e-01 1.29862415e-01 8.56770528e-02 2.94071280e-02 -3.27397154e-02 -8.66392049e-02 -1.40909123e-01 -1.85346411e-01 -2.21800083e-01 -2.37513620e-01 -2.52951614e-01 -2.56219387e-01 -2.54181242e-01 -2.54486489e-01 -2.50857737e-01 -2.43870402e-01 -2.37068073e-01 -2.21563212e-01 -2.12447652e-01 -2.01274944e-01 -1.88262869e-01 -1.67178581e-01 -1.43407766e-01 -1.06625177e-01 -7.74347147e-02 -3.27942518e-02 9.86923993e-03 5.96193046e-02 9.44979236e-02 1.22566122e-01 1.31250370e-01 1.43606401e-01 1.60951264e-01 1.57236194e-01 1.39254595e-01 1.34443832e-01 1.45370628e-01 1.47965524e-01 1.35534338e-01 1.34846095e-01 1.52509718e-01 1.55899171e-01 1.74742322e-01 1.84869909e-01 2.04989361e-01 2.10893575e-01 2.38060239e-01 2.44946664e-01 2.71381788e-01 3.36980228e-01 3.10571121e-01 2.88163999e-01 3.54623475e-01 3.75986440e-01 2.67481287e-01 2.74774726e-01 6.34703134e-01
3.38000000e+01 -8.72897873e-01 -6.28674699e-01 -4.75321422e-01 -4.70611164e-01 -5.33259210e-01 -5.30024807e-01 -4.77012534e-01 -3.73160624e-01 -3.27097966e-01 -3.01628018e-01 -2.60166304e-01 -2.19146707e-01 -2.04236149e-01 -1.68005747e-01 -1.11165429e-01 -5.65271501e-02 -2.07943432e-02 -5.13488773e-03 -4.81671583e-03 2.74387167e-02 5.81358747e-02 6.63572545e-02 8.39601267e-02 9.54462781e-02 1.02038735e-01 1.09378396e-01 1.17205261e-01 1.22443319e-01 1.31210539e-01 1.34894343e-01 1.45704257e-01 1.47923784e-01 1.52364455e-01 1.65262366e-01 1.71439971e-01 1.81234743e-01 1.91391910e-01 2.05220169e-01 2.12815757e-01 2.15684388e-01 2.20447416e-01 2.10912776e-01 1.96488515e-01 1.66558569e-01 1.29430529e-01 8.46715792e-02 2.92342876e-02 -3.27512633e-02 -8.70051895e-02 -1.41663363e-01 -1.86250474e-01 -2.23386533e-01 -2.39435074e-01 -2.55014671e-01 -2.58295625e-01 -2.56178905e-01 -2.56463708e-01 -2.52159306e-01 -2.45907341e-01 -2.38810225e-01 -2.23031447e-01 -2.13889931e-01 -2.02731889e-01 -1.89350853e-01 -1.68400310e-01 -1.44322358e-01 -1.07491459e-01 -7.87140735e-02 -3.44127314e-02 7.31107235e-03 5.60288649e-02 9.08940482e-02 1.18517052e-01 1.27943978e-01 1.42174157e-01 1.59054961e-01 1.54717349e-01 1.38010933e-01 1.33595570e-01 1.44311949e-01 1.46643918e-01 1.35265560e-01 1.34202392e-01 1.52152179e-01 1.55846783e-01 1.75574513e-01 1.86055721e-01 2.06610896e-01 2.12757785e-01 2.41456780e-01 2.47542719e-01 2.76046874e-01 3.40692947e-01 3.10260624e-01 2.91760358e-01 3.56989457e-01 3.76076586e-01 2.70781146e-01 2.76982389e-01 6.38212322e-01
3.39000000e+01 -8.73225771e-01 -6.30700215e-01 -4.75325160e-01 -4.69817823e-01 -5.30442340e-01 -5.26648076e-01 -4.75548223e-01 -3.73046532e-01 -3.24616892e-01 -2.99222825e-01 -2.60428785e-01 -2.19027996e-01 -2.04645380e-01 -1.68974893e-01 -1.11883220e-01 -5.67947925e-02 -2.07678414e-02 -5.67534062e-03 -3.78575305e-03 2.82474772e-02 5.87786453e-02 6.78598577e-02 8.51658824e-02 9.59327099e-02 1.03436047e-01 1.10310034e-01 1.18346595e-01 1.23353124e-01 1.31340778e-01 1.34701680e-01 1.46064771e-01 1.48245934e-01 1.52794110e-01 1.65671016e-01 1.72195855e-01 1.82012109e-01 1.91872315e-01 2.05562755e-01 2.13771217e-01 2.17088716e-01 2.21701666e-01 2.11590438e-01 1.97017258e-01 1.66613549e-01 1.28931184e-01 8.35787071e-02 2.90295326e-02 -3.27105974e-02 -8.73415627e-02 -1.42371089e-01 -1.87052930e-01 -2.24862234e-01 -2.41329841e-01 -2.57006492e-01 -2.60358639e-01 -2.58138213e-01 -2.58419251e-01 -2.53450674e-01 -2.47917199e-01 -2.40488668e-01 -2.24547938e-01 -2.15289300e-01 -2.04170289e-01 -1.90405342e-01 -1.69594011e-01 -1.45156769e-01 -1.08398897e-01 -7.98936260e-02 -3.60271525e-02 4.80165378e-03 5.23586344e-02 8.72169572e-02 1.14387300e-01 1.24664997e-01 1.40723258e-01 1.57018921e-01 1.52192192e-01 1.36848577e-01 1.32748530e-01 1.43137460e-01 1.45452274e-01 1.34993542e-01 1.33557897e-01 1.51825799e-01 1.55881804e-01 1.76322240e-01 1.87416915e-01 2.08071717e-01 2.14765362e-01 2.44824798e-01 2.50170601e-01 2.80774268e-01 3.44093746e-01 3.10111836e-01 2.95224253e-01 3.59356513e-01 3.76153821e-01 2.74138182e-01 2.79091661e-01 6.41727283e-01
3.40000000e+01 -8.73477882e-01 -6.32695992e-01 -4.75260271e-01 -4.68927616e-01 -5.27530346e-01 -5.23408576e-01 -4.73740786e-01 -3.73144634e-01 -3.22139044e-01 -2.96941527e-01 -2.60488009e-01 -2.19110794e-01 -2.04987265e-01 -1.69937039e-01 -1.12599521e-01 -5.70807792e-02 -2.08348036e-02 -6.27178956e-03 -2.69264961e-03 2.89632778e-02 5.92788833e-02 6.94277129e-02 8.63049913e-02 9.63939394e-02 1.04871830e-01 1.11213010e-01 1.19487034e-01 1.24289938e-01 1.31461933e-01 1.34577213e-01 1.46351992e-01 1.48630786e-01 1.53214059e-01 1.66034665e-01 1.72998874e-01 1.82751250e-01 1.92392239e-01 2.05861288e-01 2.14683050e-01 2.18515375e-01 2.22875425e-01 2.12233670e-01 1.97437796e-01 1.66594821e-01 1.28364349e-01 8.24069298e-02 2.87897878e-02 -3.26219812e-02 -8.76472464e-02 -1.43031976e-01 -1.87758778e-01 -2.26223222e-01 -2.43196410e-01 -2.58927699e-01 -2.62407059e-01 -2.60059825e-01 -2.60350238e-01 -2.54737965e-01 -2.49896743e-01 -2.42102374e-01 -2.26113548e-01 -2.16646500e-01 -2.05590739e-01 -1.91427469e-01 -1.70755146e-01 -1.45914595e-01 -1.09349209e-01 -8.09764969e-02 -3.76417020e-02 2.34063558e-03 4.86163690e-02 8.34682219e-02 1.10185174e-01 1.21418046e-01 1.39236102e-01 1.54845473e-01 1.49674415e-01 1.35759343e-01 1.31894429e-01 1.41855685e-01 1.44398030e-01 1.34700960e-01 1.32922447e-01 1.51533546e-01 1.56001641e-01 1.76984228e-01 1.88959010e-01 2.09360758e-01 2.16931039e-01 2.48153690e-01 2.52835651e-01 2.85551138e-01 3.47174281e-01 3.10155587e-01 2.98527370e-01 3.61727353e-01 3.76255453e-01 2.77499540e-01 2.81144188e-01 6.45232308e-01
3.41000000e+01 -8.73654195e-01 -6.34646055e-01 -4.75150571e-01 -4.67916679e-01 -5.24531839e-01 -5.20316314e-01 -4.71606176e-01 -3.73424867e-01 -3.19680675e-01 -2.94792559e-01 -2.60336550e-01 -2.19394881e-01 -2.05261018e-01 -1.70883287e-01 -1.13315956e-01 -5.73876468e-02 -2.10000761e-02 -6.90718418e-03 -1.54956623e-03 2.95840110e-02 5.96460090e-02 7.10544654e-02 8.73709633e-02 9.68412943e-02 1.06338452e-01 1.12091916e-01 1.20624027e-01 1.25246380e-01 1.31578261e-01 1.34528027e-01 1.46563639e-01 1.49075467e-01 1.53623922e-01 1.66356609e-01 1.73844488e-01 1.83452994e-01 1.92954165e-01 2.06117972e-01 2.15551685e-01 2.19961270e-01 2.23964520e-01 2.12846149e-01 1.97748514e-01 1.66501988e-01 1.27729517e-01 8.11654803e-02 2.85120054e-02 -3.24899676e-02 -8.79214551e-02 -1.43645223e-01 -1.88373543e-01 -2.27465731e-01 -2.45032795e-01 -2.60779272e-01 -2.64438906e-01 -2.61944952e-01 -2.62253875e-01 -2.56026637e-01 -2.51842986e-01 -2.43651627e-01 -2.27727200e-01 -2.17963239e-01 -2.06993682e-01 -1.92418320e-01 -1.71878784e-01 -1.46600690e-01 -1.10342186e-01 -8.19675653e-02 -3.92598412e-02 -7.31727667e-05 4.48106231e-02 7.96494684e-02 1.05919466e-01 1.18206628e-01 1.37694938e-01 1.52538765e-01 1.47177333e-01 1.34733349e-01 1.31025125e-01 1.40478160e-01 1.43484821e-01 1.34372047e-01 1.32306823e-01 1.51277473e-01 1.56202105e-01 1.77563719e-01 1.90681089e-01 2.10473126e-01 2.19265740e-01 2.51434264e-01 2.55542896e-01 2.90362299e-01 3.49932635e-01 3.10414885e-01 3.01647701e-01 3.64101584e-01 3.76419825e-01 2.80811191e-01 2.83182828e-01 6.48711235e-01
3.42000000e+01 -8.73754554e-01 -6.36534686e-01 -4.75018777e-01 -4.66762883e-01 -5.21456858e-01 -5.17375170e-01 -4.69168351e-01 -3.73851175e-01 -3.17261841e-01 -2.92779126e-01 -2.59973826e-01 -2.19874316e-01 -2.05468761e-01 -1.71803930e-01 -1.14034497e-01 -5.77183766e-02 -2.12674796e-02 -7.56429300e-03 -3.70128070e-04 3.01083661e-02 5.98908475e-02 7.27312601e-02 8.83588761e-02 9.72859654e-02 1.07827390e-01 1.12952285e-01 1.21754953e-01 1.26214603e-01 1.31694826e-01 1.34559542e-01 1.46699534e-01 1.49575380e-01 1.54023821e-01 1.66641072e-01 1.74726778e-01 1.84119553e-01 1.93559211e-01 2.06335630e-01 2.16378149e-01 2.21422048e-01 2.24965885e-01 2.13430654e-01 1.97948320e-01 1.66334863e-01 1.27025800e-01 7.98641648e-02 2.81932242e-02 -3.23193386e-02 -8.81637753e-02 -1.44209560e-01 -1.88903100e-01 -2.28586352e-01 -2.46836524e-01 -2.62562507e-01 -2.66451621e-01 -2.63795356e-01 -2.64127454e-01 -2.57321461e-01 -2.53753183e-01 -2.45138061e-01 -2.29385897e-01 -2.19242139e-01 -2.08379367e-01 -1.93378957e-01 -1.72959741e-01 -1.47221059e-01 -1.11375710e-01 -8.28734158e-02 -4.08842952e-02 -2.44174525e-03 4.09506248e-02 7.57624681e-02 1.01599341e-01 1.15033064e-01 1.36082180e-01 1.50104692e-01 1.44713533e-01 1.33759270e-01 1.30132782e-01 1.39019168e-01 1.42712381e-01 1.33993003e-01 1.31722457e-01 1.51058698e-01 1.56477587e-01 1.78068363e-01 1.92575706e-01 2.11410398e-01 2.21776235e-01 2.54658951e-01 2.58296882e-01 2.95190407e-01 3.52373412e-01 3.10904424e-01 3.04569947e-01 3.66476050e-01 3.76685012e-01 2.84019633e-01 2.85250372e-01 6.52147883e-01
3.43000000e+01 -8.73778511e-01 -6.38346960e-01 -4.74885668e-01 -4.65446610e-01 -5.18316440e-01 -5.14583197e-01 -4.66458600e-01 -3.74382425e-01 -3.14905758e-01 -2.90899470e-01 -2.59405921e-01 -2.20537638e-01 -2.05615318e-01 -1.72688665e-01 -1.14757368e-01 -5.80763823e-02 -2.16396504e-02 -8.22607114e-03 8.30857757e-04 3.05357885e-02 6.00255123e-02 7.44468335e-02 8.92654952e-02 9.77387664e-02 1.09329445e-01 1.13800436e-01 1.22877109e-01 1.27186470e-01 1.31817386e-01 1.34675462e-01 1.46761599e-01 1.50124315e-01 1.54414343e-01 1.66893094e-01 1.75638684e-01 1.84754442e-01 1.94207014e-01 2.06517763e-01 2.17164000e-01 2.22892150e-01 2.25877646e-01 2.13988990e-01 1.98036617e-01 1.66093481e-01 1.26252046e-01 7.85131739e-02 2.78306437e-02 -3.21150783e-02 -8.83742045e-02 -1.44723299e-01 -1.89353488e-01 -2.29582202e-01 -2.48604618e-01 -2.64278968e-01 -2.68442109e-01 -2.65613303e-01 -2.65968370e-01 -2.58626508e-01 -2.55624817e-01 -2.46564651e-01 -2.31084800e-01 -2.20486652e-01 -2.09747817e-01 -1.94310430e-01 -1.73992744e-01 -1.47782703e-01 -1.12445840e-01 -8.37022279e-02 -4.25170720e-02 -4.76778101e-03 3.70461501e-02 7.18092251e-02 9.72342204e-02 1.11898452e-01 1.34380728e-01 1.47550783e-01 1.42294535e-01 1.32824613e-01 1.29210048e-01 1.37495408e-01 1.42076560e-01 1.33552333e-01 1.31181118e-01 1.50877409e-01 1.56821282e-01 1.78509964e-01 1.94629017e-01 2.12180706e-01 2.24464936e-01 2.57821951e-01 2.61101492e-01 3.00016260e-01 3.54507618e-01 3.11630382e-01 3.07285680e-01 3.68845300e-01 3.77087475e-01 2.87073603e-01 2.87388277e-01 6.55526480e-01
3.44000000e+01 -8.73725181e-01 -6.40069253e-01 -4.74769310e-01 -4.63951482e-01 -5.15122158e-01 -5.11933086e-01 -4.63514641e-01 -3.74973515e-01 -3.12637996e-01 -2.89147322e-01 -2.58645184e-01 -2.21368256e-01 -2.05707911e-01 -1.73526864e-01 -1.15486929e-01 -5.84654983e-02 -2.21178947e-02 -8.87602318e-03 2.03769680e-03 3.08664290e-02 6.00632697e-02 7.61876632e-02 9.00893416e-02 9.82099160e-02 1.10834959e-01 1.14643284e-01 1.23987714e-01 1.28153735e-01 1.31952249e-01 1.34877771e-01 1.46753786e-01 1.50714621e-01 1.54796497e-01 1.67118377e-01 1.76572257e-01 1.85362344e-01 1.94895690e-01 2.06668583e-01 2.17911235e-01 2.24364878e-01 2.26699175e-01 2.14521930e-01 1.98013285e-01 1.65778104e-01 1.25406977e-01 7.71228804e-02 2.74217137e-02 -3.18823797e-02 -8.85531468e-02 -1.45184391e-01 -1.89730707e-01 -2.30451101e-01 -2.50333580e-01 -2.65930454e-01 -2.70406811e-01 -2.67401496e-01 -2.67774152e-01 -2.59945148e-01 -2.57455589e-01 -2.47935652e-01 -2.32817369e-01 -2.21700948e-01 -2.11098828e-01 -1.95213766e-01 -1.74972621e-01 -1.48293422e-01 -1.13546951e-01 -8.44636085e-02 -4.41595044e-02 -7.05464981e-03 3.31074016e-02 6.77920504e-02 9.28336629e-02 1.08802635e-01 1.32574302e-01 1.44886039e-01 1.39930483e-01 1.31916021e-01 1.28250225e-01 1.35925587e-01 1.41569445e-01 1.33041122e-01 1.30694610e-01 1.50732894e-01 1.57225466e-01 1.78904068e-01 1.96821139e-01 2.12798590e-01 2.27329848e-01 2.60919316e-01 2.63959773e-01 3.04819175e-01 3.56352331e-01 3.12590479e-01 3.09793278e-01 3.71202166e-01 3.77660732e-01 2.89925731e-01 2.89635424e-01 6.58832087e-01
3.45000000e+01 -8.73593108e-01 -6.41689688e-01 -4.74684388e-01 -4.62264982e-01 -5.11885632e-01 -5.09412775e-01 -4.60379540e-01 -3.75576649e-01 -3.10485531e-01 -2.87512524e-01 -2.57709644e-01 -2.22344996e-01 -2.05755745e-01 -1.74307873e-01 -1.16225549e-01 -5.88899682e-02 -2.27020634e-02 -9.49855769e-03 3.23411490e-03 3.11010911e-02 6.00183768e-02 7.79381703e-02 9.08307174e-02 9.87088420e-02 1.12334053e-01 1.15488120e-01 1.25083929e-01 1.29108229e-01 1.32106105e-01 1.35166777e-01 1.46681948e-01 1.51337431e-01 1.55171664e-01 1.67323115e-01 1.77518924e-01 1.85948939e-01 1.95621845e-01 2.06793004e-01 2.18622209e-01 2.25832503e-01 2.27431117e-01 2.15029182e-01 1.97878672e-01 1.65389191e-01 1.24489322e-01 7.57036318e-02 2.69642345e-02 -3.16266802e-02 -8.87013657e-02 -1.45590526e-01 -1.90040521e-01 -2.31191742e-01 -2.52019373e-01 -2.67518963e-01 -2.72341790e-01 -2.69162947e-01 -2.69542500e-01 -2.61280054e-01 -2.59243413e-01 -2.49256485e-01 -2.34575556e-01 -2.22889790e-01 -2.12431973e-01 -1.96089932e-01 -1.75894498e-01 -1.48761587e-01 -1.14671947e-01 -8.51683774e-02 -4.58123114e-02 -9.30634212e-03 2.91448986e-02 6.37136170e-02 8.84072415e-02 1.05744190e-01 1.30647774e-01 1.42120743e-01 1.37629872e-01 1.31019574e-01 1.27247446e-01 1.34329963e-01 1.41179583e-01 1.32453228e-01 1.30274450e-01 1.50623579e-01 1.57681808e-01 1.79269421e-01 1.99126718e-01 2.13284644e-01 2.30364658e-01 2.63948958e-01 2.66873770e-01 3.09577450e-01 3.57930177e-01 3.13774318e-01 3.12097640e-01 3.73538404e-01 3.78434087e-01 2.92534098e-01 2.92026969e-01 6.62050995e-01
3.46000000e+01 -8.73380157e-01 -6.43198528e-01 -4.74641646e-01 -4.60378974e-01 -5.08618063e-01 -5.07006182e-01 -4.57100452e-01 -3.76142730e-01 -3.08475696e-01 -2.85981784e-01 -2.56622249e-01 -2.23442804e-01 -2.05769527e-01 -1.75021351e-01 -1.16975456e-01 -5.93544234e-02 -2.33904558e-02 -1.00793299e-02 4.40358102e-03 3.12411767e-02 5.99058875e-02 7.96809702e-02 9.14916943e-02 9.92440005e-02 1.13816870e-01 1.16342378e-01 1.26162881e-01 1.30042039e-01 1.32285842e-01 1.35541204e-01 1.46553658e-01 1.51982927e-01 1.55541549e-01 1.67513816e-01 1.78469731e-01 1.86520712e-01 1.96380681e-01 2.06896597e-01 2.19299544e-01 2.27286387e-01 2.28075385e-01 2.15509381e-01 1.97633597e-01 1.64927356e-01 1.23497957e-01 7.42655473e-02 2.64564659e-02 -3.13537179e-02 -8.88199017e-02 -1.45939235e-01 -1.90288270e-01 -2.31803843e-01 -2.53657413e-01 -2.69046659e-01 -2.74242842e-01 -2.70900832e-01 -2.71271359e-01 -2.62633199e-01 -2.60986417e-01 -2.50533565e-01 -2.36350051e-01 -2.24058394e-01 -2.13746631e-01 -1.96939784e-01 -1.76753994e-01 -1.49195880e-01 -1.15812521e-01 -8.58283155e-02 -4.74756763e-02 -1.15274222e-02 2.51693773e-02 5.95769930e-02 8.39644297e-02 1.02720430e-01 1.28587500e-01 1.39266217e-01 1.35399330e-01 1.30121090e-01 1.26196839e-01 1.32729831e-01 1.40892307e-01 1.31785404e-01 1.29931580e-01 1.50547082e-01 1.58181709e-01 1.79627314e-01 2.01515690e-01 2.13664945e-01 2.33558984e-01 2.66910602e-01 2.69844382e-01 3.14268889e-01 3.59268624e-01 3.15163967e-01 3.14209701e-01 3.75845389e-01 3.79431465e-01 2.94863625e-01 2.94593288e-01 6.65171083e-01
3.47000000e+01 -8.73083422e-01 -6.44588481e-01 -4.74647473e-01 -4.58290087e-01 -5.05329783e-01 -5.04694020e-01 -4.53727266e-01 -3.76622831e-01 -3.06635076e-01 -2.84539546e-01 -2.55409966e-01 -2.24633555e-01 -2.05760917e-01 -1.75657620e-01 -1.17738598e-01 -5.98638478e-02 -2.41797615e-02 -1.06055690e-02 5.52964637e-03 3.12886344e-02 5.97414197e-02 8.13971716e-02 9.20760697e-02 9.98227088e-02 1.15273812e-01 1.17213389e-01 1.27221719e-01 1.30947687e-01 1.32498344e-01 1.35998319e-01 1.46377988e-01 1.52640635e-01 1.55908109e-01 1.67697122e-01 1.79415576e-01 1.87084720e-01 1.97166162e-01 2.06985507e-01 2.19946041e-01 2.28717123e-01 2.28635109e-01 2.15960113e-01 1.97279349e-01 1.64393307e-01 1.22432017e-01 7.28183255e-02 2.58972376e-02 -3.10695961e-02 -8.89099666e-02 -1.46228017e-01 -1.90478711e-01 -2.32288262e-01 -2.55242576e-01 -2.70515843e-01 -2.76105620e-01 -2.72618309e-01 -2.72958994e-01 -2.64005869e-01 -2.62682964e-01 -2.51774101e-01 -2.38130559e-01 -2.25212274e-01 -2.15042024e-01 -1.97764005e-01 -1.77547405e-01 -1.49605027e-01 -1.16959462e-01 -8.64558845e-02 -4.91493369e-02 -1.37229807e-02 2.11917015e-02 5.53856555e-02 7.95144969e-02 9.97274137e-02 1.26381641e-01 1.36334557e-01 1.33243444e-01 1.29206427e-01 1.25094679e-01 1.31146973e-01 1.40690157e-01 1.31037337e-01 1.29676065e-01 1.50500285e-01 1.58716664e-01 1.80000831e-01 2.03954203e-01 2.13970317e-01 2.36898742e-01 2.69805659e-01 2.72871234e-01 3.18871363e-01 3.60399122e-01 3.16734778e-01 3.16145775e-01 3.78114818e-01 3.80670403e-01 2.96887263e-01 2.97359082e-01 6.68182136e-01
3.48000000e+01 -8.72699158e-01 -6.45854925e-01 -4.74703632e-01 -4.55999950e-01 -5.02029857e-01 -5.02454675e-01 -4.50311163e-01 -3.76969699e-01 -3.04988371e-01 -2.83168914e-01 -2.54102779e-01 -2.25886959e-01 -2.05741947e-01 -1.76208022e-01 -1.18516502e-01 -6.04235199e-02 -2.50650458e-02 -1.10663856e-02 6.59629846e-03 3.12459134e-02 5.95408789e-02 8.30667251e-02 9.25892922e-02 1.00450990e-01 1.16695781e-01 1.18108143e-01 1.28257659e-01 1.31818292e-01 1.32750290e-01 1.36534087e-01 1.46165247e-01 1.53299744e-01 1.56273493e-01 1.67879635e-01 1.80347410e-01 1.87648349e-01 1.97971253e-01 2.07066343e-01 2.20564594e-01 2.30114700e-01 2.29114547e-01 2.16377974e-01 1.96817689e-01 1.63787791e-01 1.21291010e-01 7.13710716e-02 2.52860550e-02 -3.07808455e-02 -8.89728289e-02 -1.46454452e-01 -1.90615911e-01 -2.32647068e-01 -2.56769206e-01 -2.71928916e-01 -2.77925770e-01 -2.74318334e-01 -2.74604071e-01 -2.65398671e-01 -2.64331669e-01 -2.52985846e-01 -2.39906112e-01 -2.26357095e-01 -2.16317251e-01 -1.98563046e-01 -1.78271860e-01 -1.49997530e-01 -1.18103008e-01 -8.70639304e-02 -5.08326840e-02 -1.58985830e-02 1.72227793e-02 5.11434886e-02 7.50664144e-02 9.67599670e-02 1.24020461e-01 1.33338346e-01 1.31164657e-01 1.28261767e-01 1.23938508e-01 1.29603086e-01 1.40553377e-01 1.30211617e-01 1.29516828e-01 1.50479416e-01 1.59278625e-01 1.80414033e-01 2.06405676e-01 2.14235423e-01 2.40366638e-01 2.72637047e-01 2.75952591e-01 3.23363402e-01 3.61356106e-01 3.18456404e-01 3.17926746e-01 3.80339389e-01 3.82161229e-01 2.98586946e-01 3.00342645e-01 6.71076101e-01
3.49000000e+01 -8.72222742e-01 -6.46996032e-01 -4.74807153e-01 -4.53515273e-01 -4.98725750e-01 -5.00265113e-01 -4.46903159e-01 -3.77139229e-01 -3.03557299e-01 -2.81852613e-01 -2.52732620e-01 -2.27171513e-01 -2.05724420e-01 -1.76665265e-01 -1.19310147e-01 -6.10389269e-02 -2.60397824e-02 -1.14530559e-02 7.58832407e-03 3.11159236e-02 5.93201374e-02 8.46688250e-02 9.30383503e-02 1.01133432e-01 1.18074396e-01 1.19033054e-01 1.29268056e-01 1.32647733e-01 1.33047938e-01 1.37143356e-01 1.45926714e-01 1.53949421e-01 1.56639962e-01 1.68067760e-01 1.81256426e-01 1.88219056e-01 1.98788214e-01 2.07146039e-01 2.21158112e-01 2.31468671e-01 2.29518939e-01 2.16758657e-01 1.96250844e-01 1.63111542e-01 1.20074901e-01 6.99321475e-02 2.46231904e-02 -3.04944667e-02 -8.90097048e-02 -1.46616313e-01 -1.90703171e-01 -2.32883565e-01 -2.58231161e-01 -2.73288328e-01 -2.79699083e-01 -2.76003462e-01 -2.76205744e-01 -2.66811543e-01 -2.65931438e-01 -2.54176847e-01 -2.41665396e-01 -2.27498508e-01 -2.17571327e-01 -1.99337086e-01 -1.78925437e-01 -1.50381406e-01 -1.19233207e-01 -8.76653793e-02 -5.25248656e-02 -1.80602092e-02 1.32734791e-02 4.68547779e-02 7.06287725e-02 9.38117245e-02 1.21496582e-01 1.30290351e-01 1.29163214e-01 1.27273887e-01 1.22727238e-01 1.28119192e-01 1.40460491e-01 1.29313635e-01 1.29461389e-01 1.50480165e-01 1.59860356e-01 1.80891090e-01 2.08831957e-01 2.14497744e-01 2.43942758e-01 2.75408952e-01 2.79085296e-01 3.27724786e-01 3.62175913e-01 3.20293973e-01 3.19577153e-01 3.82513429e-01 3.83906471e-01 2.99954251e-01 3.03555340e-01 6.73847282e-01
3.50000000e+01 -8.71648663e-01 -6.48012806e-01 -4.74950388e-01 -4.50847761e-01 -4.95423070e-01 -4.98101776e-01 -4.43552658e-01 -3.77091879e-01 -3.02359562e-01 -2.80573925e-01 -2.51332267e-01 -2.28455484e-01 -2.05719322e-01 -1.77023745e-01 -1.20119863e-01 -6.17156508e-02 -2.70959315e-02 -1.17592768e-02 8.49167060e-03 3.09020049e-02 5.90946682e-02 8.61823656e-02 9.34316244e-02 1.01873065e-01 1.19402198e-01 1.19993758e-01 1.30250462e-01 1.33430792e-01 1.33396920e-01 1.37820061e-01 1.45674356e-01 1.54579115e-01 1.57009817e-01 1.68267560e-01 1.82134220e-01 1.88804098e-01 1.99608927e-01 2.07231715e-01 2.21729437e-01 2.32768346e-01 2.29854326e-01 2.17097086e-01 1.95581485e-01 1.62365229e-01 1.18784175e-01 6.85090505e-02 2.39097523e-02 -3.02179441e-02 -8.90216694e-02 -1.46711654e-01 -1.90743018e-01 -2.33002255e-01 -2.59621862e-01 -2.74596518e-01 -2.81421646e-01 -2.77675684e-01 -2.77763725e-01 -2.68243780e-01 -2.67481495e-01 -2.55355164e-01 -2.43397100e-01 -2.28641998e-01 -2.18803206e-01 -2.00086017e-01 -1.79507239e-01 -1.50763959e-01 -1.20340293e-01 -8.82729379e-02 -5.42248883e-02 -2.02141826e-02 9.35453946e-03 4.25242086e-02 6.62097019e-02 9.08751895e-02 1.18805187e-01 1.27203222e-01 1.27237172e-01 1.26230419e-01 1.21461211e-01 1.26715048e-01 1.40388925e-01 1.28351418e-01 1.29515633e-01 1.50497805e-01 1.60455758e-01 1.81455415e-01 2.11194544e-01 2.14796463e-01 2.47605230e-01 2.78126535e-01 2.82264757e-01 3.31937122e-01 3.62895637e-01 3.22209387e-01 3.21124197e-01 3.84633440e-01 3.85900515e-01 3.00990768e-01 3.07001272e-01 6.76492470e-01
3.51000000e+01 -8.70970542e-01 -6.48909011e-01 -4.75121225e-01 -4.48013871e-01 -4.92125401e-01 -4.95941452e-01 -4.40306083e-01 -3.76793946e-01 -3.01407927e-01 -2.79317584e-01 -2.49934256e-01 -2.29707868e-01 -2.05736277e-01 -1.77279820e-01 -1.20945249e-01 -6.24592258e-02 -2.82240598e-02 -1.19813845e-02 9.29379062e-03 3.06079100e-02 5.88791425e-02 8.75864467e-02 9.37786956e-02 1.02671268e-01 1.20672813e-01 1.20994944e-01 1.31202692e-01 1.34163280e-01 1.33802033e-01 1.38557438e-01 1.45420543e-01 1.55178845e-01 1.57385322e-01 1.68484628e-01 1.82972948e-01 1.89410267e-01 2.00425246e-01 2.07330526e-01 2.22281261e-01 2.34002986e-01 2.30127315e-01 2.17387565e-01 1.94812700e-01 1.61549428e-01 1.17419890e-01 6.71083218e-02 2.31477224e-02 -2.99592183e-02 -8.90095991e-02 -1.46738889e-01 -1.90737232e-01 -2.33008755e-01 -2.60934378e-01 -2.75855830e-01 -2.83089994e-01 -2.79336272e-01 -2.79278333e-01 -2.69694051e-01 -2.68981422e-01 -2.56528609e-01 -2.45090258e-01 -2.29792727e-01 -2.20011789e-01 -2.00809460e-01 -1.80017418e-01 -1.51151582e-01 -1.21415045e-01 -8.88988089e-02 -5.59317141e-02 -2.23670831e-02 5.47646659e-03 3.81568777e-02 6.18167953e-02 8.79418273e-02 1.15944160e-01 1.24089197e-01 1.25382471e-01 1.25120070e-01 1.20142235e-01 1.25408577e-01 1.40315674e-01 1.27335406e-01 1.29683609e-01 1.50527349e-01 1.61060162e-01 1.82128796e-01 2.13455825e-01 2.15171306e-01 2.51330942e-01 2.80795608e-01 2.85484968e-01 3.35984388e-01 3.63551959e-01 3.24162696e-01 3.22596707e-01 3.86698527e-01 3.88129534e-01 3.01708148e-01 3.10677196e-01 6.79010994e-01
3.52000000e+01 -8.70181172e-01 -6.49691021e-01 -4.75303454e-01 -4.45034413e-01 -4.88834233e-01 -4.93762078e-01 -4.37205607e-01 -3.76218697e-01 -3.00709455e-01 -2.78070573e-01 -2.48569844e-01 -2.30899305e-01 -2.05783062e-01 -1.77432030e-01 -1.21785133e-01 -6.32749717e-02 -2.94134958e-02 -1.21185271e-02 9.98395056e-03 3.02378005e-02 5.86870008e-02 8.88609153e-02 9.40901153e-02 1.03527713e-01 1.21881082e-01 1.22040221e-01 1.32122876e-01 1.34842153e-01 1.34267058e-01 1.39348245e-01 1.45177778e-01 1.55739452e-01 1.57768639e-01 1.68723966e-01 1.83765485e-01 1.90043627e-01 2.01229341e-01 2.07449524e-01 2.22816047e-01 2.35162011e-01 2.30344816e-01 2.17623954e-01 1.93947965e-01 1.60664589e-01 1.15983696e-01 6.57354860e-02 2.23399541e-02 -2.97266104e-02 -8.89741511e-02 -1.46696840e-01 -1.90686912e-01 -2.32909672e-01 -2.62161525e-01 -2.77068410e-01 -2.84701254e-01 -2.80985675e-01 -2.80750527e-01 -2.71160444e-01 -2.70431188e-01 -2.57704479e-01 -2.46734592e-01 -2.30955390e-01 -2.21195919e-01 -2.01506826e-01 -1.80457161e-01 -1.51549607e-01 -1.22449119e-01 -8.95544315e-02 -5.76443467e-02 -2.45256447e-02 1.64941610e-03 3.37583240e-02 5.74570241e-02 8.50021970e-02 1.12914142e-01 1.20959836e-01 1.23593049e-01 1.23932826e-01 1.18773580e-01 1.24215325e-01 1.40217982e-01 1.26278172e-01 1.29967360e-01 1.50563727e-01 1.61670562e-01 1.82930583e-01 2.15580313e-01 2.15661357e-01 2.55096280e-01 2.83422280e-01 2.88738587e-01 3.39853413e-01 3.64179999e-01 3.26113496e-01 3.24024113e-01 3.88710705e-01 3.90571694e-01 3.02127826e-01 3.14572643e-01 6.81404700e-01
3.53000000e+01 -8.69272596e-01 -6.50367572e-01 -4.75477282e-01 -4.41933998e-01 -4.85548994e-01 -4.91543461e-01 -4.34288035e-01 -3.75347274e-01 -3.00264923e-01 -2.76822796e-01 -2.47268056e-01 -2.32002914e-01 -2.05865208e-01 -1.77481235e-01 -1.22637564e-01 -6.41678088e-02 -3.06525156e-02 -1.21727793e-02 1.05534843e-02 2.97962599e-02 5.85300137e-02 8.99869254e-02 9.43771341e-02 1.04440360e-01 1.23023143e-01 1.23132027e-01 1.33009504e-01 1.35465580e-01 1.34794600e-01 1.40184974e-01 1.44958435e-01 1.56252827e-01 1.58161766e-01 1.68989883e-01 1.84505571e-01 1.90709268e-01 2.02014027e-01 2.07595529e-01 2.23335944e-01 2.36235216e-01 2.30513753e-01 2.17799847e-01 1.92991112e-01 1.59711020e-01 1.14477855e-01 6.43950190e-02 2.14901281e-02 -2.95286975e-02 -8.89157807e-02 -1.46584781e-01 -1.90592556e-01 -2.32712444e-01 -2.63295992e-01 -2.78236094e-01 -2.86253272e-01 -2.82623445e-01 -2.82181898e-01 -2.72640512e-01 -2.71831165e-01 -2.58889325e-01 -2.48320831e-01 -2.32134076e-01 -2.22354366e-01 -2.02177394e-01 -1.80828631e-01 -1.51962193e-01 -1.23435333e-01 -9.02502570e-02 -5.93619087e-02 -2.66966333e-02 -2.11694230e-03 2.93345746e-02 5.31366483e-02 8.20461259e-02 1.09718511e-01 1.17825770e-01 1.21861010e-01 1.22660112e-01 1.17359941e-01 1.23147992e-01 1.40074012e-01 1.25194100e-01 1.30366803e-01 1.50601968e-01 1.62285783e-01 1.83876934e-01 2.17535820e-01 2.16303912e-01 2.58877869e-01 2.86012578e-01 2.92017044e-01 3.43534291e-01 3.64812222e-01 3.28022318e-01 3.25435448e-01 3.90675053e-01 3.93197641e-01 3.02280439e-01 3.18670272e-01 6.83677857e-01
3.54000000e+01 -8.68236204e-01 -6.50949439e-01 -4.75619963e-01 -4.38740369e-01 -4.82267175e-01 -4.89267891e-01 -4.31583868e-01 -3.74169382e-01 -3.00068446e-01 -2.75567610e-01 -2.46054847e-01 -2.32995025e-01 -2.05985712e-01 -1.77430675e-01 -1.23499838e-01 -6.51420615e-02 -3.19285543e-02 -1.21491821e-02 1.09959744e-02 2.92883236e-02 5.84178525e-02 9.09474894e-02 9.46513997e-02 1.05405499e-01 1.24096466e-01 1.24271576e-01 1.33861463e-01 1.36032999e-01 1.35385961e-01 1.41060053e-01 1.44774515e-01 1.56712090e-01 1.58566488e-01 1.69285893e-01 1.85187976e-01 1.91411093e-01 2.02773042e-01 2.07775029e-01 2.23842704e-01 2.37212995e-01 2.30640769e-01 2.17908748e-01 1.91946309e-01 1.58688871e-01 1.12905224e-01 6.30903409e-02 2.06026645e-02 -2.93741403e-02 -8.88347909e-02 -1.46402458e-01 -1.90454156e-01 -2.32425153e-01 -2.64330482e-01 -2.79360284e-01 -2.87744710e-01 -2.84248227e-01 -2.83574639e-01 -2.74131340e-01 -2.73182129e-01 -2.60088750e-01 -2.49841001e-01 -2.33332146e-01 -2.23485803e-01 -2.02820420e-01 -1.81134877e-01 -1.52392272e-01 -1.24367894e-01 -9.09955637e-02 -6.10837095e-02 -2.88867066e-02 -5.81357546e-03 2.48922002e-02 4.88611197e-02 7.90629283e-02 1.06363277e-01 1.14696492e-01 1.20176814e-01 1.21294927e-01 1.15907362e-01 1.22216015e-01 1.39863496e-01 1.24099024e-01 1.30879657e-01 1.50637404e-01 1.62906594e-01 1.84980170e-01 2.19294547e-01 2.17133385e-01 2.62653282e-01 2.88572085e-01 2.95310707e-01 3.47020705e-01 3.65477437e-01 3.29851946e-01 3.26858423e-01 3.92599710e-01 3.95971246e-01 3.02204935e-01 3.22946427e-01 6.85836993e-01
3.55000000e+01 -8.67062848e-01 -6.51449052e-01 -4.75706539e-01 -4.35483617e-01 -4.78984550e-01 -4.86920627e-01 -4.29116568e-01 -3.72683699e-01 -3.00107341e-01 -2.74302171e-01 -2.44952411e-01 -2.33855769e-01 -2.06144855e-01 -1.77285931e-01 -1.24368563e-01 -6.62012601e-02 -3.32284437e-02 -1.20556970e-02 1.13073499e-02 2.87195236e-02 5.83576905e-02 9.17279963e-02 9.49246285e-02 1.06417862e-01 1.25099860e-01 1.25458828e-01 1.34678066e-01 1.36545117e-01 1.36041073e-01 1.41966022e-01 1.44637412e-01 1.57111744e-01 1.58984339e-01 1.69614635e-01 1.85808654e-01 1.92151634e-01 2.03501268e-01 2.07994093e-01 2.24337604e-01 2.38086554e-01 2.30731941e-01 2.17944234e-01 1.90818039e-01 1.57598122e-01 1.11269250e-01 6.18238321e-02 1.96825944e-02 -2.92714762e-02 -8.87314075e-02 -1.46150102e-01 -1.90271289e-01 -2.32056337e-01 -2.65257870e-01 -2.80441827e-01 -2.89175103e-01 -2.85857780e-01 -2.84931473e-01 -2.75629638e-01 -2.74485241e-01 -2.61307240e-01 -2.51288683e-01 -2.34552120e-01 -2.24588786e-01 -2.03435242e-01 -1.81379723e-01 -1.52841539e-01 -1.25242562e-01 -9.17983124e-02 -6.28093066e-02 -3.11022582e-02 -9.43224827e-03 2.04383707e-02 4.46349872e-02 7.60416624e-02 1.02856907e-01 1.11580175e-01 1.18529500e-01 1.19831946e-01 1.14423125e-01 1.21425271e-01 1.39568321e-01 1.23009835e-01 1.31501429e-01 1.50665866e-01 1.63535729e-01 1.86248228e-01 2.20834049e-01 2.18180316e-01 2.66401696e-01 2.91105577e-01 2.98609085e-01 3.50310137e-01 3.66199921e-01 3.31568633e-01 3.28318604e-01 3.94495720e-01 3.98850611e-01 3.01947420e-01 3.27371888e-01 6.87890665e-01
3.56000000e+01 -8.65742986e-01 -6.51880052e-01 -4.75710653e-01 -4.32195318e-01 -4.75695479e-01 -4.84490256e-01 -4.26902060e-01 -3.70898021e-01 -3.00362219e-01 -2.73027607e-01 -2.43978648e-01 -2.34569536e-01 -2.06340158e-01 -1.77054803e-01 -1.25239758e-01 -6.73479462e-02 -3.45386737e-02 -1.19030648e-02 1.14858981e-02 2.80959434e-02 5.83538587e-02 9.23166716e-02 9.52082618e-02 1.07470781e-01 1.26033436e-01 1.26692482e-01 1.35459084e-01 1.37003882e-01 1.36758476e-01 1.42895685e-01 1.44557709e-01 1.57447780e-01 1.59416571e-01 1.69977802e-01 1.86364884e-01 1.92931920e-01 2.04194875e-01 2.08258314e-01 2.24821371e-01 2.38848127e-01 2.30792523e-01 2.17900089e-01 1.89611083e-01 1.56438577e-01 1.09573936e-01 6.05968647e-02 1.87353994e-02 -2.92288868e-02 -8.86058691e-02 -1.45828437e-01 -1.90043201e-01 -2.31614791e-01 -2.66071366e-01 -2.81480921e-01 -2.90544871e-01 -2.87449061e-01 -2.86255558e-01 -2.77131843e-01 -2.75742012e-01 -2.62548054e-01 -2.52659208e-01 -2.35795590e-01 -2.25661749e-01 -2.04021381e-01 -1.81567648e-01 -1.53310493e-01 -1.26056743e-01 -9.26650437e-02 -6.45385651e-02 -3.33492514e-02 -1.29656895e-02 1.59808970e-02 4.04618081e-02 7.29714169e-02 9.92100805e-02 1.08483535e-01 1.16906915e-01 1.18267606e-01 1.12915596e-01 1.20777861e-01 1.39173056e-01 1.21944068e-01 1.32225458e-01 1.50683879e-01 1.64177847e-01 1.87684267e-01 2.22138045e-01 2.19470500e-01 2.70104469e-01 2.93616700e-01 3.01901071e-01 3.53403973e-01 3.66998700e-01 3.33143176e-01 3.29838711e-01 3.96376712e-01 4.01789275e-01 3.01559761e-01 3.31912794e-01 6.89849177e-01
3.57000000e+01 -8.64266818e-01 -6.52256818e-01 -4.75605415e-01 -4.28907611e-01 -4.72393281e-01 -4.81968908e-01 -4.24948462e-01 -3.68829122e-01 -3.00807328e-01 -2.71748993e-01 -2.43146810e-01 -2.35125266e-01 -2.06566443e-01 -1.76747098e-01 -1.26108978e-01 -6.85834897e-02 -3.58456814e-02 -1.17045636e-02 1.15321926e-02 2.74242723e-02 5.84075766e-02 9.27049595e-02 9.55131157e-02 1.08556403e-01 1.26898551e-01 1.27969966e-01 1.36204776e-01 1.37412415e-01 1.37535353e-01 1.43842236e-01 1.44544990e-01 1.57717746e-01 1.59864135e-01 1.70376102e-01 1.86855395e-01 1.93751411e-01 2.04851393e-01 2.08572775e-01 2.25294122e-01 2.39491161e-01 2.30826718e-01 2.17770425e-01 1.88330503e-01 1.55209875e-01 1.07823820e-01 5.94098505e-02 1.77668277e-02 -2.92539587e-02 -8.84585226e-02 -1.45438664e-01 -1.89768886e-01 -2.31109370e-01 -2.66764666e-01 -2.82477037e-01 -2.91855276e-01 -2.89018342e-01 -2.87550360e-01 -2.78634244e-01 -2.76954242e-01 -2.63813147e-01 -2.53949804e-01 -2.37063148e-01 -2.26703008e-01 -2.04578609e-01 -1.81703660e-01 -1.53798512e-01 -1.26809517e-01 -9.36008090e-02 -6.62717177e-02 -3.56330503e-02 -1.64077531e-02 1.15282514e-02 3.63440790e-02 6.98416163e-02 9.54354013e-02 1.05411729e-01 1.15295949e-01 1.16600156e-01 1.11394030e-01 1.20272036e-01 1.38665384e-01 1.20919480e-01 1.33043011e-01 1.50688842e-01 1.64839411e-01 1.89286418e-01 2.23197040e-01 2.21024277e-01 2.73745616e-01 2.96107684e-01 3.05175214e-01 3.56307479e-01 3.67887013e-01 3.34551812e-01 3.31438059e-01 3.98258442e-01 4.04737612e-01 3.01098006e-01 3.36531698e-01 6.91724246e-01
3.58000000e+01 -8.62624454e-01 -6.52593970e-01 -4.75364292e-01 -4.25652262e-01 -4.69070657e-01 -4.79352331e-01 -4.23256065e-01 -3.66502329e-01 -3.01411135e-01 -2.70475134e-01 -2.42465320e-01 -2.35516582e-01 -2.06816026e-01 -1.76374347e-01 -1.26971461e-01 -6.99079242e-02 -3.71361670e-02 -1.14756705e-02 1.14489511e-02 2.67118501e-02 5.85167778e-02 9.28878126e-02 9.58490357e-02 1.09665943e-01 1.27697733e-01 1.29287445e-01 1.36915938e-01 1.37774901e-01 1.38367612e-01 1.44799351e-01 1.44607681e-01 1.57920780e-01 1.60327661e-01 1.70809252e-01 1.87280443e-01 1.94607979e-01 2.05469699e-01 2.08942031e-01 2.25755319e-01 2.40010486e-01 2.30837520e-01 2.17549770e-01 1.86981602e-01 1.53911505e-01 1.06023933e-01 5.82622989e-02 1.67826993e-02 -2.93534515e-02 -8.82899174e-02 -1.44982448e-01 -1.89447168e-01 -2.30548801e-01 -2.67332101e-01 -2.83428895e-01 -2.93108322e-01 -2.90561374e-01 -2.88819516e-01 -2.80133115e-01 -2.78123963e-01 -2.65103151e-01 -2.55159668e-01 -2.38354345e-01 -2.27710790e-01 -2.05106988e-01 -1.81793183e-01 -1.54303970e-01 -1.27501600e-01 -9.46091308e-02 -6.80094269e-02 -3.79582573e-02 -1.97535655e-02 7.08955633e-03 3.22831923e-02 6.66423287e-02 9.15470575e-02 1.02368295e-01 1.13682777e-01 1.14829704e-01 1.09868339e-01 1.19902221e-01 1.38036431e-01 1.19953633e-01 1.33943436e-01 1.50679200e-01 1.65528492e-01 1.91047704e-01 2.24008751e-01 2.22855997e-01 2.77312169e-01 2.98579129e-01 3.08420018e-01 3.59029648e-01 3.68871975e-01 3.35776911e-01 3.33132159e-01 4.00158212e-01 4.07644357e-01 3.00620650e-01 3.41188738e-01 6.93528631e-01
3.59000000e+01 -8.60806063e-01 -6.52905869e-01 -4.74961980e-01 -4.22459722e-01 -4.65720155e-01 -4.76639833e-01 -4.21817549e-01 -3.63950836e-01 -3.02137119e-01 -2.69218171e-01 -2.41937779e-01 -2.35741759e-01 -2.07079013e-01 -1.75949460e-01 -1.27822288e-01 -7.13198054e-02 -3.83974358e-02 -1.12336355e-02 1.12408336e-02 2.59666866e-02 5.86760445e-02 9.28638807e-02 9.62245691e-02 1.10789966e-01 1.28434576e-01 1.30639823e-01 1.37593954e-01 1.38096463e-01 1.39250006e-01 1.45761267e-01 1.44752923e-01 1.58057598e-01 1.60807441e-01 1.71276010e-01 1.87641839e-01 1.95497971e-01 2.06049937e-01 2.09370101e-01 2.26203745e-01 2.40402443e-01 2.30826591e-01 2.17233140e-01 1.85569874e-01 1.52542850e-01 1.04179765e-01 5.71528867e-02 1.57887121e-02 -2.95330853e-02 -8.81008920e-02 -1.44461880e-01 -1.89076777e-01 -2.29941513e-01 -2.67768765e-01 -2.84334467e-01 -2.94306613e-01 -2.92073566e-01 -2.90066686e-01 -2.81624832e-01 -2.79253370e-01 -2.66417391e-01 -2.56289971e-01 -2.39667679e-01 -2.28683268e-01 -2.05606870e-01 -1.81841962e-01 -1.54824373e-01 -1.28135264e-01 -9.56919849e-02 -6.97528499e-02 -4.03285666e-02 -2.29996491e-02 2.67454075e-03 2.82794263e-02 6.33645662e-02 8.75604610e-02 9.93551278e-02 1.12053097e-01 1.12958220e-01 1.08348822e-01 1.19659175e-01 1.37280996e-01 1.19063478e-01 1.34914366e-01 1.50654590e-01 1.66254502e-01 1.92956126e-01 2.24578300e-01 2.24973677e-01 2.80794405e-01 3.01029848e-01 3.11624250e-01 3.61582927e-01 3.69954451e-01 3.36807458e-01 3.34932476e-01 4.02094180e-01 4.10458223e-01 3.00186826e-01 3.45842863e-01 6.95275743e-01
3.60000000e+01 -8.58802033e-01 -6.53206143e-01 -4.74375251e-01 -4.19358238e-01 -4.62334643e-01 -4.73834102e-01 -4.20618430e-01 -3.61214771e-01 -3.02944775e-01 -2.67993023e-01 -2.41563140e-01 -2.35803547e-01 -2.07343684e-01 -1.75486325e-01 -1.28656552e-01 -7.28160992e-02 -3.96177588e-02 -1.09969826e-02 1.09141977e-02 2.51974453e-02 5.88766596e-02 9.26355938e-02 9.66466665e-02 1.11918682e-01 1.29113630e-01 1.32020762e-01 1.38240865e-01 1.38382999e-01 1.40176276e-01 1.46722845e-01 1.44986467e-01 1.58130463e-01 1.61303409e-01 1.71774251e-01 1.87942914e-01 1.96416325e-01 2.06593390e-01 2.09860457e-01 2.26637508e-01 2.40664972e-01 2.30794209e-01 2.16816088e-01 1.84100937e-01 1.51103247e-01 1.02297209e-01 5.60795372e-02 1.47902577e-02 -2.97973569e-02 -8.78926469e-02 -1.43879439e-01 -1.88656431e-01 -2.29295469e-01 -2.68070623e-01 -2.85191032e-01 -2.95453159e-01 -2.93550192e-01 -2.91295413e-01 -2.83105988e-01 -2.80344758e-01 -2.67753944e-01 -2.57343797e-01 -2.41000624e-01 -2.29618612e-01 -2.06078854e-01 -1.81855984e-01 -1.55356504e-01 -1.28714212e-01 -9.68498034e-02 -7.15037008e-02 -4.27466405e-02 -2.61440135e-02 -1.70653991e-03 2.43319711e-02 6.00005661e-02 8.34918653e-02 9.63724989e-02 1.10392373e-01 1.10989528e-01 1.06845868e-01 1.19530256e-01 1.36397655e-01 1.18264971e-01 1.35941969e-01 1.50615965e-01 1.67027869e-01 1.94994934e-01 2.24918181e-01 2.27378862e-01 2.84185934e-01 3.03456794e-01 3.14777254e-01 3.63982817e-01 3.71129148e-01 3.37639297e-01 3.36846352e-01 4.04084603e-01 4.13129541e-01 2.99854458e-01 3.50453105e-01 6.96979235e-01
3.61000000e+01 -8.56603115e-01 -6.53507228e-01 -4.73583723e-01 -4.16373023e-01 -4.58907775e-01 -4.70940910e-01 -4.19637711e-01 -3.58340041e-01 -3.03790774e-01 -2.66816680e-01 -2.41336043e-01 -2.35708840e-01 -2.07596962e-01 -1.74999387e-01 -1.29469528e-01 -7.43921037e-02 -4.07867414e-02 -1.07849589e-02 1.04768231e-02 2.44133815e-02 5.91067803e-02 9.22091397e-02 9.71204278e-02 1.13042234e-01 1.29740259e-01 1.33422718e-01 1.38859431e-01 1.38641008e-01 1.41139302e-01 1.47679617e-01 1.45312610e-01 1.58143125e-01 1.61815109e-01 1.72301091e-01 1.88188413e-01 1.97356740e-01 2.07102316e-01 2.10415996e-01 2.27054089e-01 2.40797662e-01 2.30739253e-01 2.16294753e-01 1.82580435e-01 1.49592069e-01 1.00382497e-01 5.50395102e-02 1.37922576e-02 -3.01493900e-02 -8.76668026e-02 -1.43237942e-01 -1.88184919e-01 -2.28618030e-01 -2.68234604e-01 -2.85995252e-01 -2.96551159e-01 -2.94986588e-01 -2.92508999e-01 -2.84573478e-01 -2.81400474e-01 -2.69109734e-01 -2.58326002e-01 -2.42349688e-01 -2.30515047e-01 -2.06523732e-01 -1.81841426e-01 -1.55896579e-01 -1.29243437e-01 -9.80814950e-02 -7.32643062e-02 -4.52140165e-02 -2.91862075e-02 -6.04301642e-03 2.04389911e-02 5.65440439e-02 7.93579758e-02 9.34191063e-02 1.08686090e-01 1.08929249e-01 1.05369642e-01 1.19499790e-01 1.35388770e-01 1.17572706e-01 1.37011235e-01 1.50565692e-01 1.67859646e-01 1.97143049e-01 2.25047996e-01 2.30066690e-01 2.87483646e-01 3.05855079e-01 3.17869260e-01 3.66247368e-01 3.72384914e-01 3.38275144e-01 3.38877086e-01 4.06147032e-01 4.15611884e-01 2.99678449e-01 3.54979825e-01 6.98652603e-01
3.62000000e+01 -8.54200567e-01 -6.53819973e-01 -4.72570539e-01 -4.13525528e-01 -4.55434441e-01 -4.67968727e-01 -4.18848725e-01 -3.55377000e-01 -3.04630253e-01 -2.65707392e-01 -2.41247293e-01 -2.35468230e-01 -2.07824940e-01 -1.74503189e-01 -1.30256830e-01 -7.60414084e-02 -4.18956839e-02 -1.06169559e-02 9.93761906e-03 2.36242301e-02 5.93517278e-02 9.15943383e-02 9.76489030e-02 1.14150975e-01 1.30320489e-01 1.34837009e-01 1.39453188e-01 1.38877416e-01 1.42131261e-01 1.48627834e-01 1.45734152e-01 1.58100744e-01 1.62341659e-01 1.72853034e-01 1.88384325e-01 1.98311899e-01 2.07579774e-01 2.11038986e-01 2.27450414e-01 2.40801747e-01 2.30659238e-01 2.15665892e-01 1.81013936e-01 1.48008818e-01 9.84421233e-02 5.40294997e-02 1.27990214e-02 -3.05908199e-02 -8.74254366e-02 -1.42540504e-01 -1.87661176e-01 -2.27915814e-01 -2.68258693e-01 -2.86743281e-01 -2.97603771e-01 -2.96378347e-01 -2.93710404e-01 -2.86024546e-01 -2.82422882e-01 -2.70480658e-01 -2.59243024e-01 -2.43710516e-01 -2.31370892e-01 -2.06942402e-01 -1.81804621e-01 -1.56440391e-01 -1.29729061e-01 -9.93844902e-02 -7.50376422e-02 -4.77310478e-02 -3.21273297e-02 -1.03239494e-02 1.65977199e-02 5.29904119e-02 7.51755607e-02 9.04921607e-02 1.06920009e-01 1.06784701e-01 1.03929767e-01 1.19549527e-01 1.34260373e-01 1.16999596e-01 1.38106298e-01 1.50507611e-01 1.68761089e-01 1.99375653e-01 2.24993976e-01 2.33026158e-01 2.90687532e-01 3.08218065e-01 3.20891670e-01 3.68396573e-01 3.73705245e-01 3.38724378e-01 3.41024155e-01 4.08297499e-01 4.17863605e-01 2.99708959e-01 3.59385919e-01 7.00308785e-01
3.63000000e+01 -8.51586269e-01 -6.54153296e-01 -4.71322934e-01 -4.10832835e-01 -4.51911154e-01 -4.64928265e-01 -4.18220124e-01 -3.52378976e-01 -3.05418200e-01 -2.64683770e-01 -2.41284453e-01 -2.35095450e-01 -2.08013449e-01 -1.74011922e-01 -1.31014564e-01 -7.77558926e-02 -4.29379142e-02 -1.05119297e-02 9.30632256e-03 2.28400441e-02 5.95943851e-02 9.08044164e-02 9.82329594e-02 1.15235710e-01 1.30860839e-01 1.36253914e-01 1.40026476e-01 1.39099402e-01 1.43143777e-01 1.49564494e-01 1.46252380e-01 1.58009806e-01 1.62881709e-01 1.73426166e-01 1.88537650e-01 1.99273725e-01 2.08029452e-01 2.11730989e-01 2.27822977e-01 2.40680065e-01 2.30550383e-01 2.14926925e-01 1.79406804e-01 1.46353228e-01 9.64827514e-02 5.30457409e-02 1.18141327e-02 -3.11217133e-02 -8.71710994e-02 -1.41790501e-01 -1.87084358e-01 -2.27194587e-01 -2.68142008e-01 -2.87430869e-01 -2.98613885e-01 -2.97721482e-01 -2.94902176e-01 -2.87456804e-01 -2.83414340e-01 -2.71861730e-01 -2.60102633e-01 -2.45078011e-01 -2.32184610e-01 -2.07335792e-01 -1.81752034e-01 -1.56983444e-01 -1.30178159e-01 -1.00754815e-01 -7.68273455e-02 -5.02968791e-02 -3.49699976e-02 -1.45383000e-02 1.28045852e-02 4.93369571e-02 7.09610726e-02 8.75874982e-02 1.05080437e-01 1.04564751e-01 1.02535015e-01 1.19659167e-01 1.33021967e-01 1.16556585e-01 1.39210783e-01 1.50447062e-01 1.69743197e-01 2.01664899e-01 2.24788286e-01 2.36240563e-01 2.93800367e-01 3.10537547e-01 3.23837325e-01 3.70451690e-01 3.75068971e-01 3.39002611e-01 3.43283558e-01 4.10549735e-01 4.19849245e-01 2.99989822e-01 3.63637935e-01 7.01959800e-01
3.64000000e+01 -8.48752828e-01 -6.54513918e-01 -4.69832666e-01 -4.08307193e-01 -4.48336390e-01 -4.61831968e-01 -4.17716985e-01 -3.49400707e-01 -3.06110861e-01 -2.63763850e-01 -2.41432527e-01 -2.34606745e-01 -2.08148641e-01 -1.73538975e-01 -1.31739461e-01 -7.95257636e-02 -4.39090742e-02 -1.04878447e-02 8.59319872e-03 2.20709899e-02 5.98156868e-02 8.98556908e-02 9.88712215e-02 1.16287906e-01 1.31368139e-01 1.37662810e-01 1.40584429e-01 1.39314235e-01 1.44168069e-01 1.50487358e-01 1.46867082e-01 1.57878037e-01 1.63433399e-01 1.74016339e-01 1.88656116e-01 2.00233659e-01 2.08455516e-01 2.12492740e-01 2.28167994e-01 2.40436968e-01 2.30407709e-01 2.14075970e-01 1.77764081e-01 1.44625355e-01 9.45111151e-02 5.20841197e-02 1.08403623e-02 -3.17405200e-02 -8.69068094e-02 -1.40991544e-01 -1.86453896e-01 -2.26459151e-01 -2.67884880e-01 -2.88053470e-01 -2.99583920e-01 -2.99012561e-01 -2.96086406e-01 -2.88868222e-01 -2.84377200e-01 -2.73247252e-01 -2.60913651e-01 -2.46446490e-01 -2.32954833e-01 -2.07704786e-01 -1.81690253e-01 -1.57521076e-01 -1.30598589e-01 -1.02187200e-01 -7.86376864e-02 -5.29094564e-02 -3.77182790e-02 -1.86751237e-02 9.05535939e-03 4.55829713e-02 6.67302918e-02 8.46997158e-02 1.03154503e-01 1.02279609e-01 1.01193026e-01 1.19806928e-01 1.31686230e-01 1.16252414e-01 1.40308167e-01 1.50390866e-01 1.70816248e-01 2.03980734e-01 2.24468170e-01 2.39688121e-01 2.96827292e-01 3.12804016e-01 3.26700730e-01 3.72434504e-01 3.76451107e-01 3.39131070e-01 3.45648276e-01 4.12914439e-01 4.21540758e-01 3.00557170e-01 3.67707064e-01 7.03616409e-01
3.65000000e+01 -8.45693658e-01 -6.54906175e-01 -4.68096292e-01 -4.05955713e-01 -4.44710834e-01 -4.58693476e-01 -4.17302002e-01 -3.46496742e-01 -3.06667146e-01 -2.62964149e-01 -2.41674701e-01 -2.34020180e-01 -2.08217576e-01 -1.73096511e-01 -1.32428985e-01 -8.13396357e-02 -4.48073434e-02 -1.05611628e-02 7.80875046e-03 2.13271072e-02 5.99951832e-02 8.87671676e-02 9.95600848e-02 1.17299858e-01 1.31849357e-01 1.39052352e-01 1.41132916e-01 1.39529150e-01 1.45195095e-01 1.51394954e-01 1.47576570e-01 1.57714304e-01 1.63994329e-01 1.74619366e-01 1.88747872e-01 2.01182950e-01 2.08862476e-01 2.13324007e-01 2.28481591e-01 2.40078187e-01 2.30225159e-01 2.13111883e-01 1.76090363e-01 1.42825674e-01 9.25339175e-02 5.11402833e-02 9.87960921e-03 -3.24440575e-02 -8.66360252e-02 -1.40147467e-01 -1.85769549e-01 -2.25713258e-01 -2.67488935e-01 -2.88606337e-01 -3.00515657e-01 -3.00248811e-01 -2.97264711e-01 -2.90257085e-01 -2.85313808e-01 -2.74630978e-01 -2.61685648e-01 -2.47809834e-01 -2.33680391e-01 -2.08050173e-01 -1.81625969e-01 -1.58048569e-01 -1.30998816e-01 -1.03675225e-01 -8.04734990e-02 -5.55655694e-02 -4.03775910e-02 -2.27237823e-02 5.34533445e-03 4.17298267e-02 6.24980007e-02 8.18223241e-02 1.01130434e-01 9.99405708e-02 9.99100637e-02 1.19970148e-01 1.30268651e-01 1.16093429e-01 1.41382143e-01 1.50347274e-01 1.71989343e-01 2.06291805e-01 2.24074941e-01 2.43342711e-01 2.99775299e-01 3.15006978e-01 3.29478237e-01 3.74366560e-01 3.77823825e-01 3.39135798e-01 3.48108802e-01 4.15398648e-01 4.22918505e-01 3.01438291e-01 3.71569978e-01 7.05287834e-01
3.66000000e+01 -8.42403037e-01 -6.55331923e-01 -4.66115294e-01 -4.03780234e-01 -4.41037541e-01 -4.55527078e-01 -4.16936705e-01 -3.43719841e-01 -3.07049966e-01 -2.62298762e-01 -2.41993102e-01 -2.33354935e-01 -2.08208781e-01 -1.72695084e-01 -1.33081415e-01 -8.31846500e-02 -4.56335865e-02 -1.07463954e-02 6.96344793e-03 2.06180445e-02 6.01116574e-02 8.75600687e-02 1.00293803e-01 1.18264814e-01 1.32311418e-01 1.40410681e-01 1.41678425e-01 1.39751236e-01 1.46215705e-01 1.52286539e-01 1.48377742e-01 1.57528508e-01 1.64561558e-01 1.75231186e-01 1.88821177e-01 2.02112946e-01 2.09255082e-01 2.14223440e-01 2.28760015e-01 2.39610655e-01 2.29995743e-01 2.12034286e-01 1.74389692e-01 1.40955141e-01 9.05577374e-02 5.02097440e-02 8.93286994e-03 -3.32275281e-02 -8.63625995e-02 -1.39262327e-01 -1.85031440e-01 -2.24959538e-01 -2.66957151e-01 -2.89084602e-01 -3.01410109e-01 -3.01428175e-01 -2.98438239e-01 -2.91621939e-01 -2.86226522e-01 -2.76006292e-01 -2.62428636e-01 -2.49161647e-01 -2.34360334e-01 -2.08372612e-01 -1.81565945e-01 -1.58561256e-01 -1.31387723e-01 -1.05211509e-01 -8.23400626e-02 -5.82609229e-02 -4.29545714e-02 -2.66741705e-02 1.66951735e-03 3.77809908e-02 5.82777008e-02 7.89479118e-02 9.89978322e-02 9.75597182e-02 9.86908187e-02 1.20125880e-01 1.28787106e-01 1.16083448e-01 1.42416989e-01 1.50325857e-01 1.73269971e-01 2.08566395e-01 2.23652863e-01 2.47174743e-01 3.02652646e-01 3.17135345e-01 3.32168179e-01 3.76268392e-01 3.79157530e-01 3.39046733e-01 3.50653735e-01 4.18005223e-01 4.23971987e-01 3.02650769e-01 3.75209490e-01 7.06981518e-01
3.67000000e+01 -8.38876135e-01 -6.55790528e-01 -4.63896038e-01 -4.01777359e-01 -4.37321994e-01 -4.52347189e-01 -4.16582687e-01 -3.41119454e-01 -3.07227473e-01 -2.61778525e-01 -2.42369545e-01 -2.32630600e-01 -2.08112766e-01 -1.72343307e-01 -1.33695901e-01 -8.50466368e-02 -4.63914163e-02 -1.10557317e-02 6.06748748e-03 1.99527783e-02 6.01437745e-02 8.62572970e-02 1.01064641e-01 1.19177070e-01 1.32761045e-01 1.41725667e-01 1.42227891e-01 1.39987363e-01 1.47220802e-01 1.53162038e-01 1.49266150e-01 1.57331459e-01 1.65131626e-01 1.75848001e-01 1.88884103e-01 2.03015362e-01 2.09638230e-01 2.15188423e-01 2.28999852e-01 2.39042296e-01 2.29711707e-01 2.10843586e-01 1.72665468e-01 1.39015241e-01 8.85889506e-02 4.92879712e-02 8.00023441e-03 -3.40845705e-02 -8.60907148e-02 -1.38340402e-01 -1.84240085e-01 -2.24199442e-01 -2.66293901e-01 -2.89483350e-01 -3.02267435e-01 -3.02549347e-01 -2.99607685e-01 -2.92961533e-01 -2.87117727e-01 -2.77366366e-01 -2.63152775e-01 -2.50495387e-01 -2.34993954e-01 -2.08672624e-01 -1.81516963e-01 -1.59054627e-01 -1.31774439e-01 -1.06787933e-01 -8.42429364e-02 -6.09902360e-02 -4.54569284e-02 -3.05169506e-02 -1.97715553e-03 3.37419780e-02 5.40813790e-02 7.60683184e-02 9.67479318e-02 9.51495897e-02 9.75382661e-02 1.20251491e-01 1.27261384e-01 1.16223681e-01 1.43397923e-01 1.50337370e-01 1.74663612e-01 2.10773395e-01 2.23247970e-01 2.51152095e-01 3.05468223e-01 3.19177855e-01 3.34770944e-01 3.78158770e-01 3.80421998e-01 3.38896668e-01 3.53270391e-01 4.20732483e-01 4.24700283e-01 3.04201934e-01 3.78615014e-01 7.08702959e-01
3.68000000e+01 -8.35109023e-01 -6.56278953e-01 -4.61449574e-01 -3.99938671e-01 -4.33572049e-01 -4.49167856e-01 -4.16202780e-01 -3.38740297e-01 -3.07174132e-01 -2.61410299e-01 -2.42786241e-01 -2.31866507e-01 -2.07922473e-01 -1.72047592e-01 -1.34272470e-01 -8.69103227e-02 -4.70871671e-02 -1.14987492e-02 5.13059061e-03 1.93393241e-02 6.00707419e-02 8.48828552e-02 1.01863087e-01 1.20032024e-01 1.33204607e-01 1.42985175e-01 1.42788477e-01 1.40244135e-01 1.48201515e-01 1.54021948e-01 1.50236100e-01 1.57134727e-01 1.65700630e-01 1.76466362e-01 1.88944286e-01 2.03882533e-01 2.10016873e-01 2.16214957e-01 2.29198248e-01 2.38381775e-01 2.29364722e-01 2.09540965e-01 1.70920377e-01 1.37008015e-01 8.66336735e-02 4.83704661e-02 7.08090970e-03 -3.50073503e-02 -8.58248033e-02 -1.37386192e-01 -1.83396427e-01 -2.23433226e-01 -2.65504944e-01 -2.89797686e-01 -3.03086900e-01 -3.03611767e-01 -3.00773318e-01 -2.94274758e-01 -2.87989853e-01 -2.78704320e-01 -2.63868095e-01 -2.51804487e-01 -2.35580813e-01 -2.08950597e-01 -1.81485751e-01 -1.59524447e-01 -1.32168140e-01 -1.08395887e-01 -8.61877537e-02 -6.37473666e-02 -4.78932704e-02 -3.42437895e-02 -5.59959063e-03 2.96202354e-02 4.99193319e-02 7.31748123e-02 9.43738360e-02 9.27228337e-02 9.64535696e-02 1.20325220e-01 1.25712696e-01 1.16512700e-01 1.44311445e-01 1.50393566e-01 1.76173401e-01 2.12883234e-01 2.22906841e-01 2.55241104e-01 3.08230894e-01 3.21123526e-01 3.37288983e-01 3.80054003e-01 3.81587521e-01 3.38720157e-01 3.55945425e-01 4.23574008e-01 4.25112181e-01 3.06088635e-01 3.81782814e-01 7.10455598e-01
3.69000000e+01 -8.31098654e-01 -6.56791928e-01 -4.58791279e-01 -3.98251108e-01 -4.29797784e-01 -4.46002315e-01 -4.15762158e-01 -3.36621091e-01 -3.06871616e-01 -2.61196386e-01 -2.43226426e-01 -2.31081117e-01 -2.07633640e-01 -1.71811968e-01 -1.34811999e-01 -8.87595825e-02 -4.77297785e-02 -1.20822139e-02 4.16185197e-03 1.87844433e-02 5.98729613e-02 8.34612351e-02 1.02678106e-01 1.20826218e-01 1.33647984e-01 1.44177336e-01 1.43367308e-01 1.40527849e-01 1.49149400e-01 1.54867214e-01 1.51280768e-01 1.56950463e-01 1.66264333e-01 1.77083214e-01 1.89008728e-01 2.04707631e-01 2.10395928e-01 2.17297587e-01 2.29353108e-01 2.37638217e-01 2.28946085e-01 2.08128345e-01 1.69156367e-01 1.34936059e-01 8.46977310e-02 4.74528144e-02 6.17327098e-03 -3.59866893e-02 -8.55694540e-02 -1.36404414e-01 -1.82501860e-01 -2.22659952e-01 -2.64597384e-01 -2.90022812e-01 -3.03866863e-01 -3.04615597e-01 -3.01935007e-01 -2.95560596e-01 -2.88845384e-01 -2.80013374e-01 -2.64584249e-01 -2.53082443e-01 -2.36120773e-01 -2.09206811e-01 -1.81478874e-01 -1.59966883e-01 -1.32577873e-01 -1.10026548e-01 -8.81799851e-02 -6.65254606e-02 -5.02729187e-02 -3.78475894e-02 -9.20230360e-03 2.54249708e-02 4.58000484e-02 7.02582734e-02 9.18707128e-02 9.02918649e-02 9.54360338e-02 1.20326715e-01 1.24163145e-01 1.16946466e-01 1.45145656e-01 1.50506972e-01 1.77799857e-01 2.14868785e-01 2.22675394e-01 2.59407557e-01 3.10948846e-01 3.22962121e-01 3.39726754e-01 3.81967311e-01 3.82626050e-01 3.38552386e-01 3.58665419e-01 4.26518612e-01 4.25225982e-01 3.08297352e-01 3.84716029e-01 7.12240782e-01
3.70000000e+01 -8.26842818e-01 -6.57322197e-01 -4.55940364e-01 -3.96697493e-01 -4.26011236e-01 -4.42862626e-01 -4.15229328e-01 -3.34793493e-01 -3.06309463e-01 -2.61134124e-01 -2.43674900e-01 -2.30291489e-01 -2.07245076e-01 -1.71637989e-01 -1.35316132e-01 -9.05777371e-02 -4.83305913e-02 -1.28099698e-02 3.16964262e-03 1.82933533e-02 5.95326539e-02 8.20167961e-02 1.03497427e-01 1.21557345e-01 1.34096455e-01 1.45290836e-01 1.43971187e-01 1.40844474e-01 1.50056636e-01 1.55699070e-01 1.52392347e-01 1.56791185e-01 1.66818322e-01 1.77695896e-01 1.89083657e-01 2.05484849e-01 2.10780173e-01 2.18429394e-01 2.29463268e-01 2.36820921e-01 2.28446940e-01 2.06608339e-01 1.67374631e-01 1.32802504e-01 8.27866471e-02 4.65307168e-02 5.27493991e-03 -3.70122372e-02 -8.53293100e-02 -1.35399988e-01 -1.81558261e-01 -2.21877530e-01 -2.63579561e-01 -2.90154111e-01 -3.04604802e-01 -3.05561670e-01 -3.03092248e-01 -2.96818084e-01 -2.89686865e-01 -2.81286986e-01 -2.65310290e-01 -2.54322892e-01 -2.36614025e-01 -2.09441475e-01 -1.81502593e-01 -1.60378645e-01 -1.33012363e-01 -1.11671155e-01 -9.02246869e-02 -6.93171232e-02 -5.26057053e-02 -4.13227033e-02 -1.27891899e-02 2.11669276e-02 4.17301549e-02 6.73093805e-02 8.92359433e-02 8.78685368e-02 9.44830956e-02 1.20237517e-01 1.22635205e-01 1.17518417e-01 1.45890550e-01 1.50690638e-01 1.79540683e-01 2.16706181e-01 2.22597709e-01 2.63617675e-01 3.13628960e-01 3.24684607e-01 3.42090603e-01 3.83908306e-01 3.83512265e-01 3.38428053e-01 3.61417429e-01 4.29550513e-01 4.25068995e-01 3.10804635e-01 3.87424484e-01 7.14057791e-01
3.71000000e+01 -8.22340089e-01 -6.57860845e-01 -4.52919250e-01 -3.95257196e-01 -4.22226044e-01 -4.39759376e-01 -4.14576982e-01 -3.33281254e-01 -3.05485495e-01 -2.61215658e-01 -2.44118448e-01 -2.29512840e-01 -2.06758816e-01 -1.71524727e-01 -1.35787162e-01 -9.23478944e-02 -4.89030598e-02 -1.36829195e-02 2.16156937e-03 1.78694474e-02 5.90344403e-02 8.05731544e-02 1.04307849e-01 1.22224257e-01 1.34554588e-01 1.46315203e-01 1.44606286e-01 1.41199624e-01 1.50916245e-01 1.56518879e-01 1.53562201e-01 1.56669551e-01 1.67358186e-01 1.78302101e-01 1.89174449e-01 2.06209548e-01 2.11174129e-01 2.19602057e-01 2.29528614e-01 2.35939066e-01 2.27858488e-01 2.04984168e-01 1.65575642e-01 1.30610984e-01 8.09056542e-02 4.55999977e-02 4.38289025e-03 -3.80726843e-02 -8.51089592e-02 -1.34378009e-01 -1.80568020e-01 -2.21082797e-01 -2.62460889e-01 -2.90187250e-01 -3.05297363e-01 -3.06451424e-01 -3.04244193e-01 -2.98046285e-01 -2.90516882e-01 -2.82519001e-01 -2.66054479e-01 -2.55519673e-01 -2.37061121e-01 -2.09654768e-01 -1.81562711e-01 -1.60757136e-01 -1.33479831e-01 -1.13321289e-01 -9.23262463e-02 -7.21146117e-02 -5.49017574e-02 -4.46651224e-02 -1.63633116e-02 1.68581194e-02 3.77144172e-02 6.43188024e-02 8.64692110e-02 8.54638431e-02 9.35903507e-02 1.20041497e-01 1.21151192e-01 1.18219596e-01 1.46538270e-01 1.50957845e-01 1.81390665e-01 2.18375542e-01 2.22714934e-01 2.67839032e-01 3.16276241e-01 3.26283589e-01 3.44388572e-01 3.85882579e-01 3.84224562e-01 3.38380308e-01 3.64189454e-01 4.32649675e-01 4.24676727e-01 3.13577865e-01 3.89924288e-01 7.15903935e-01
3.72000000e+01 -8.17589743e-01 -6.58397672e-01 -4.49752847e-01 -3.93906913e-01 -4.18457016e-01 -4.36701476e-01 -4.13782682e-01 -3.32099629e-01 -3.04405962e-01 -2.61427923e-01 -2.44546145e-01 -2.28758219e-01 -2.06180170e-01 -1.71468858e-01 -1.36227856e-01 -9.40533276e-02 -4.94623910e-02 -1.46990916e-02 1.14448482e-03 1.75140372e-02 5.83658591e-02 7.91526028e-02 1.05095555e-01 1.22826938e-01 1.35026158e-01 1.47241074e-01 1.45277861e-01 1.41598525e-01 1.51722292e-01 1.57327959e-01 1.54781045e-01 1.56598093e-01 1.67879724e-01 1.78899826e-01 1.89285587e-01 2.06878375e-01 2.11581925e-01 2.20805984e-01 2.29550156e-01 2.35001431e-01 2.27172194e-01 2.03259576e-01 1.63759196e-01 1.28365591e-01 7.90597091e-02 4.46566006e-02 3.49357878e-03 -3.91560121e-02 -8.49128228e-02 -1.33343717e-01 -1.79534053e-01 -2.20271628e-01 -2.61251644e-01 -2.90118300e-01 -3.05940423e-01 -3.07286808e-01 -3.05389670e-01 -2.99244271e-01 -2.91338046e-01 -2.83703794e-01 -2.66824106e-01 -2.56666886e-01 -2.37462983e-01 -2.09846893e-01 -1.81664396e-01 -1.61100605e-01 -1.33987834e-01 -1.14969132e-01 -9.44881411e-02 -7.49100444e-02 -5.71712749e-02 -4.78726258e-02 -1.99267124e-02 1.25115369e-02 3.37557968e-02 6.12773925e-02 8.35725281e-02 8.30876543e-02 9.27516126e-02 1.19725239e-01 1.19732746e-01 1.19038846e-01 1.47083328e-01 1.51321794e-01 1.83341654e-01 2.19861581e-01 2.23064287e-01 2.72041396e-01 3.18893321e-01 3.27753715e-01 3.46630149e-01 3.87891439e-01 3.84745906e-01 3.38439754e-01 3.66970822e-01 4.35792331e-01 4.24091796e-01 3.16576306e-01 3.92237232e-01 7.17774707e-01
3.73000000e+01 -8.12591665e-01 -6.58921621e-01 -4.46467750e-01 -3.92621520e-01 -4.14719625e-01 -4.33696046e-01 -4.12829367e-01 -3.31255055e-01 -3.03085415e-01 -2.61752820e-01 -2.44949515e-01 -2.28038288e-01 -2.05517658e-01 -1.71464831e-01 -1.36641249e-01 -9.56778823e-02 -5.00251166e-02 -1.58537921e-02 1.24535551e-04 1.72261335e-02 5.75178077e-02 7.77755802e-02 1.05846422e-01 1.23366475e-01 1.35514064e-01 1.48060468e-01 1.45989978e-01 1.42045980e-01 1.52470071e-01 1.58127420e-01 1.56039128e-01 1.56588956e-01 1.68379146e-01 1.79487298e-01 1.89420656e-01 2.07489344e-01 2.12007162e-01 2.22030510e-01 2.29530028e-01 2.34016162e-01 2.26379971e-01 2.01438735e-01 1.61924477e-01 1.26070832e-01 7.72535054e-02 4.36965775e-02 2.60309734e-03 -4.02497766e-02 -8.47450464e-02 -1.32302449e-01 -1.78459810e-01 -2.19439095e-01 -2.59962698e-01 -2.89943869e-01 -3.06529182e-01 -3.08070177e-01 -3.06527211e-01 -3.00411117e-01 -2.92152939e-01 -2.84836418e-01 -2.67625342e-01 -2.57758972e-01 -2.37820913e-01 -2.10018124e-01 -1.81812000e-01 -1.61408292e-01 -1.34543104e-01 -1.16607698e-01 -9.67127238e-02 -7.76956229e-02 -5.94243032e-02 -5.09448808e-02 -2.34802719e-02 8.14084052e-03 2.98555512e-02 5.81763842e-02 8.05501959e-02 8.07484967e-02 9.19590031e-02 1.19278354e-01 1.18400340e-01 1.19963048e-01 1.47522768e-01 1.51795277e-01 1.85382648e-01 2.21154083e-01 2.23678185e-01 2.76197459e-01 3.21480062e-01 3.29092028e-01 3.48825960e-01 3.89931787e-01 3.85064531e-01 3.38633580e-01 3.69752485e-01 4.38951675e-01 4.23362596e-01 3.19752416e-01 3.94390015e-01 7.19664002e-01
3.74000000e+01 -8.07346256e-01 -6.59421226e-01 -4.43091385e-01 -3.91374988e-01 -4.11029459e-01 -4.30748390e-01 -4.11705670e-01 -3.30745104e-01 -3.01546304e-01 -2.62167606e-01 -2.45322570e-01 -2.27361223e-01 -2.04782828e-01 -1.71505119e-01 -1.37030406e-01 -9.72064005e-02 -5.06086119e-02 -1.71398319e-02 -8.92768952e-04 1.70022867e-02 5.64848927e-02 7.64602064e-02 1.06546333e-01 1.23844993e-01 1.36020261e-01 1.48767016e-01 1.46745286e-01 1.42546324e-01 1.53156252e-01 1.58918023e-01 1.57326428e-01 1.56653641e-01 1.68853277e-01 1.80062915e-01 1.89582355e-01 2.08041887e-01 2.12452787e-01 2.23264133e-01 2.29471427e-01 2.32990578e-01 2.25474341e-01 1.99526153e-01 1.60070131e-01 1.23731590e-01 7.54914688e-02 4.27160847e-02 1.70733863e-03 -4.13414169e-02 -8.46093970e-02 -1.31259598e-01 -1.77349240e-01 -2.18579658e-01 -2.58605231e-01 -2.89661237e-01 -3.07058259e-01 -3.08804175e-01 -3.07655073e-01 -3.01545904e-01 -2.92964060e-01 -2.85912746e-01 -2.68463097e-01 -2.58790796e-01 -2.38136572e-01 -2.10168855e-01 -1.82008895e-01 -1.61680564e-01 -1.35151425e-01 -1.18231027e-01 -9.90010424e-02 -8.04638611e-02 -6.16705096e-02 -5.38834899e-02 -2.70236078e-02 3.76005602e-03 2.60133679e-02 5.50075831e-02 7.74087038e-02 7.84533729e-02 9.12030748e-02 1.18693721e-01 1.17172806e-01 1.20977399e-01 1.47856292e-01 1.52390328e-01 1.87499971e-01 2.22248226e-01 2.24583528e-01 2.80283437e-01 3.24033273e-01 3.30298248e-01 3.50987423e-01 3.91996150e-01 3.85174456e-01 3.38984822e-01 3.72527195e-01 4.42098677e-01 4.22541766e-01 3.23053380e-01 3.96413320e-01 7.21564380e-01
3.75000000e+01 -8.01854326e-01 -6.59885083e-01 -4.39651136e-01 -3.90141322e-01 -4.07401647e-01 -4.27862050e-01 -4.10406039e-01 -3.30558713e-01 -2.99818320e-01 -2.62645461e-01 -2.45661716e-01 -2.26732718e-01 -2.03989969e-01 -1.71580529e-01 -1.37398159e-01 -9.86251453e-02 -5.12305728e-02 -1.85478211e-02 -1.90248695e-03 1.68365062e-02 5.52656769e-02 7.52218934e-02 1.07181471e-01 1.24265573e-01 1.36545709e-01 1.49356167e-01 1.47544844e-01 1.43103379e-01 1.53778989e-01 1.59700066e-01 1.58632844e-01 1.56802749e-01 1.69299738e-01 1.80625192e-01 1.89772515e-01 2.08536858e-01 2.12920975e-01 2.24494792e-01 2.29378488e-01 2.31931048e-01 2.24448564e-01 1.97526586e-01 1.58194333e-01 1.21353106e-01 7.37777245e-02 4.17113974e-02 8.02166058e-04 -4.24185752e-02 -8.45091716e-02 -1.30220556e-01 -1.76206744e-01 -2.17687392e-01 -2.57190412e-01 -2.89268500e-01 -3.07521809e-01 -3.09491597e-01 -3.08771259e-01 -3.02647734e-01 -2.93773749e-01 -2.86929608e-01 -2.69340900e-01 -2.59757753e-01 -2.38411941e-01 -2.10299645e-01 -1.82257339e-01 -1.61919009e-01 -1.35817534e-01 -1.19834329e-01 -1.01352707e-01 -8.32078142e-02 -6.39189681e-02 -5.66919780e-02 -3.05550318e-02 -6.16713362e-04 2.22275188e-02 5.17635507e-02 7.41565730e-02 7.62076265e-02 9.04729685e-02 1.17967647e-01 1.16066921e-01 1.22065741e-01 1.48086321e-01 1.53117882e-01 1.89677545e-01 2.23144763e-01 2.25801144e-01 2.84279513e-01 3.26546560e-01 3.31374988e-01 3.53126353e-01 3.94072862e-01 3.85075808e-01 3.39511782e-01 3.75289586e-01 4.45203024e-01 4.21684498e-01 3.26422800e-01 3.98340762e-01 7.23467366e-01
3.76000000e+01 -7.96116993e-01 -6.60302300e-01 -4.36173478e-01 -3.88895486e-01 -4.03850281e-01 -4.25038941e-01 -4.08930669e-01 -3.30676671e-01 -2.97937488e-01 -2.63156243e-01 -2.45965533e-01 -2.26156105e-01 -2.03155731e-01 -1.71680586e-01 -1.37746850e-01 -9.99222109e-02 -5.19084670e-02 -2.00665193e-02 -2.90019304e-03 1.67202761e-02 5.38628155e-02 7.40730408e-02 1.07738604e-01 1.24632129e-01 1.37090329e-01 1.49825345e-01 1.48388013e-01 1.43720398e-01 1.54337976e-01 1.60473302e-01 1.59948389e-01 1.57045766e-01 1.69717095e-01 1.81172728e-01 1.89992118e-01 2.08976507e-01 2.13413055e-01 2.25710146e-01 2.29256092e-01 2.30842935e-01 2.23296742e-01 1.95444965e-01 1.56294853e-01 1.18940966e-01 7.21160282e-02 4.06789514e-02 -1.16422737e-04 -4.34694167e-02 -8.44471195e-02 -1.29190678e-01 -1.75037072e-01 -2.16756239e-01 -2.55729090e-01 -2.88764689e-01 -3.07913644e-01 -3.10135264e-01 -3.09873532e-01 -3.03715758e-01 -2.94584104e-01 -2.87884908e-01 -2.70260796e-01 -2.60655896e-01 -2.38649262e-01 -2.10411253e-01 -1.82558385e-01 -1.62126510e-01 -1.36545054e-01 -1.21414079e-01 -1.03765802e-01 -8.59213002e-02 -6.61779572e-02 -5.93757255e-02 -3.40715622e-02 -4.97554324e-03 1.84950236e-02 4.84377770e-02 7.08041518e-02 7.40148483e-02 8.97566033e-02 1.17099943e-01 1.15097023e-01 1.23210906e-01 1.48217997e-01 1.53987427e-01 1.91897244e-01 2.23850031e-01 2.27345414e-01 2.88170131e-01 3.29010310e-01 3.32327875e-01 3.55254553e-01 3.96146404e-01 3.84774934e-01 3.40227626e-01 3.78036147e-01 4.48234134e-01 4.20846757e-01 3.29802512e-01 4.00207766e-01 7.25363783e-01
3.77000000e+01 -7.90135585e-01 -6.60662942e-01 -4.32683147e-01 -3.87614285e-01 -4.00387859e-01 -4.22279548e-01 -4.07285253e-01 -3.31072357e-01 -2.95945046e-01 -2.63667387e-01 -2.46234455e-01 -2.25632561e-01 -2.02298662e-01 -1.71793945e-01 -1.38078067e-01 -1.01087898e-01 -5.26589794e-02 -2.16832253e-02 -3.88195818e-03 1.66426757e-02 5.22830775e-02 7.30228184e-02 1.08205355e-01 1.24949273e-01 1.37652989e-01 1.50174060e-01 1.49272416e-01 1.44400018e-01 1.54834453e-01 1.61236900e-01 1.61263376e-01 1.57390855e-01 1.70104978e-01 1.81704196e-01 1.90241319e-01 2.09364400e-01 2.13929460e-01 2.26897845e-01 2.29109644e-01 2.29730598e-01 2.22013895e-01 1.93286329e-01 1.54369112e-01 1.16501112e-01 7.05096611e-02 3.96154181e-02 -1.05214830e-03 -4.44829338e-02 -8.44253814e-02 -1.28175228e-01 -1.73845214e-01 -2.15780268e-01 -2.54231499e-01 -2.88149874e-01 -3.08227368e-01 -3.10737888e-01 -3.10959424e-01 -3.04749208e-01 -2.95396895e-01 -2.88777713e-01 -2.71223268e-01 -2.61482064e-01 -2.38850963e-01 -2.10504664e-01 -1.82911842e-01 -1.62307255e-01 -1.37336463e-01 -1.22968058e-01 -1.06236857e-01 -8.85991060e-02 -6.84547778e-02 -6.19418476e-02 -3.75689917e-02 -9.30290324e-03 1.48118132e-02 4.50248361e-02 6.73633730e-02 7.18768237e-02 8.90409020e-02 1.16093905e-01 1.14274704e-01 1.24395098e-01 1.48259127e-01 1.55006683e-01 1.94139333e-01 2.24375808e-01 2.29224082e-01 2.91944105e-01 3.31411828e-01 3.33165582e-01 3.57383388e-01 3.98197872e-01 3.84284309e-01 3.41140155e-01 3.80765090e-01 4.51162212e-01 4.20083449e-01 3.33134443e-01 4.02050384e-01 7.27244105e-01
3.78000000e+01 -7.83911557e-01 -6.60958427e-01 -4.29202377e-01 -3.86277184e-01 -3.97024772e-01 -4.19583168e-01 -4.05480569e-01 -3.31712693e-01 -2.93886154e-01 -2.64144919e-01 -2.46470355e-01 -2.25161396e-01 -2.01438673e-01 -1.71908847e-01 -1.38392418e-01 -1.02115039e-01 -5.34974703e-02 -2.33841939e-02 -4.84436731e-03 1.65906057e-02 5.05372516e-02 7.20770367e-02 1.08570451e-01 1.25222140e-01 1.38231504e-01 1.50403955e-01 1.50193968e-01 1.45144208e-01 1.55271169e-01 1.61989433e-01 1.62568593e-01 1.57844695e-01 1.70464155e-01 1.82218360e-01 1.90519469e-01 2.09705307e-01 2.14469728e-01 2.28045791e-01 2.28944810e-01 2.28597446e-01 2.20596017e-01 1.91055775e-01 1.52414239e-01 1.14039858e-01 6.89612926e-02 3.85178099e-02 -2.00832395e-03 -4.54492205e-02 -8.44454450e-02 -1.27179352e-01 -1.72636256e-01 -2.14753931e-01 -2.52707001e-01 -2.87425228e-01 -3.08456507e-01 -3.11301965e-01 -3.12026232e-01 -3.05747448e-01 -2.96213479e-01 -2.89608312e-01 -2.72227187e-01 -2.62234013e-01 -2.39019564e-01 -2.10581100e-01 -1.83316303e-01 -1.62466696e-01 -1.38193095e-01 -1.24495344e-01 -1.08760855e-01 -9.12371673e-02 -7.07555975e-02 -6.43990302e-02 -4.10420070e-02 -1.35858263e-02 1.11728859e-02 4.15205253e-02 6.38474784e-02 6.97935211e-02 8.83120471e-02 1.14956214e-01 1.13608566e-01 1.25600274e-01 1.48220064e-01 1.56181302e-01 1.96382965e-01 2.24739021e-01 2.31438250e-01 2.95594574e-01 3.33735606e-01 3.33899762e-01 3.59523357e-01 4.00205590e-01 3.83622220e-01 3.42251767e-01 3.83476151e-01 4.53959310e-01 4.19446627e-01 3.36362469e-01 4.03904110e-01 7.29098811e-01
3.79000000e+01 -7.77446417e-01 -6.61181871e-01 -4.25750230e-01 -3.84867010e-01 -3.93768851e-01 -4.16948195e-01 -4.03531913e-01 -3.32559276e-01 -2.91808449e-01 -2.64554559e-01 -2.46676067e-01 -2.24740406e-01 -2.00596463e-01 -1.72013569e-01 -1.38689343e-01 -1.02999253e-01 -5.44374675e-02 -2.51550606e-02 -5.78457265e-03 1.65491110e-02 4.86399423e-02 7.12381004e-02 1.08823955e-01 1.25456200e-01 1.38822665e-01 1.50518810e-01 1.51146961e-01 1.45954219e-01 1.55652309e-01 1.62728917e-01 1.63855470e-01 1.58412338e-01 1.70796561e-01 1.82714108e-01 1.90825147e-01 2.10005035e-01 2.15032536e-01 2.29142355e-01 2.28767251e-01 2.27446033e-01 2.19040114e-01 1.88758414e-01 1.50427128e-01 1.11563905e-01 6.74728241e-02 3.73836089e-02 -2.98775531e-03 -4.63597073e-02 -8.45081151e-02 -1.26208042e-01 -1.71415246e-01 -2.13672298e-01 -2.51163888e-01 -2.86593041e-01 -3.08594654e-01 -3.11829673e-01 -3.13071013e-01 -3.06710016e-01 -2.97034733e-01 -2.90378238e-01 -2.73269798e-01 -2.62910539e-01 -2.39157582e-01 -2.10642029e-01 -1.83769237e-01 -1.62611461e-01 -1.39115179e-01 -1.25996260e-01 -1.11331289e-01 -9.38327135e-02 -7.30853284e-02 -6.67573251e-02 -4.44843528e-02 -1.78120342e-02 7.57245703e-03 3.79219845e-02 6.02707190e-02 6.77631190e-02 8.75557652e-02 1.13696735e-01 1.13104049e-01 1.26808536e-01 1.48113514e-01 1.57514616e-01 1.98606728e-01 2.24961297e-01 2.33982557e-01 2.99118791e-01 3.35963736e-01 3.34544881e-01 3.61683676e-01 4.02145814e-01 3.82812273e-01 3.43559589e-01 3.86170301e-01 4.56600348e-01 4.18983770e-01 3.39434201e-01 4.05802728e-01 7.30918736e-01
3.80000000e+01 -7.70741667e-01 -6.61328367e-01 -4.22342037e-01 -3.83370537e-01 -3.90625003e-01 -4.14372414e-01 -4.01458429e-01 -3.33569659e-01 -2.89760526e-01 -2.64862866e-01 -2.46854861e-01 -2.24366281e-01 -1.99792905e-01 -1.72096885e-01 -1.38966978e-01 -1.03739121e-01 -5.54902097e-02 -2.69812603e-02 -6.70037537e-03 1.65017841e-02 4.66092646e-02 7.05050408e-02 1.08957479e-01 1.25657046e-01 1.39422302e-01 1.50524479e-01 1.52124203e-01 1.46830540e-01 1.55983380e-01 1.63452867e-01 1.65116225e-01 1.59097101e-01 1.71105281e-01 1.83190508e-01 1.91156208e-01 2.10270234e-01 2.15615765e-01 2.30176570e-01 2.28582366e-01 2.26278162e-01 2.17344230e-01 1.86399330e-01 1.48404509e-01 1.09080344e-01 6.60452291e-02 3.62109036e-02 -3.99266369e-03 -4.72073480e-02 -8.46134960e-02 -1.25266119e-01 -1.70187056e-01 -2.12531259e-01 -2.49609240e-01 -2.85656688e-01 -3.08635604e-01 -3.12322795e-01 -3.14090571e-01 -3.07636668e-01 -2.97860993e-01 -2.91090243e-01 -2.74346741e-01 -2.63511565e-01 -2.39267445e-01 -2.10689149e-01 -1.84267140e-01 -1.62749203e-01 -1.40101911e-01 -1.27472290e-01 -1.13940258e-01 -9.63843679e-02 -7.54475468e-02 -6.90279156e-02 -4.78890327e-02 -2.19700260e-02 4.00410520e-03 3.42277968e-02 5.66480363e-02 6.57820720e-02 8.67576334e-02 1.12328252e-01 1.12763344e-01 1.28002513e-01 1.47954297e-01 1.59007427e-01 2.00789221e-01 2.25068402e-01 2.36845522e-01 3.02517755e-01 3.38076443e-01 3.35117961e-01 3.63871890e-01 4.03993548e-01 3.81882705e-01 3.45055778e-01 3.88849417e-01 4.59064057e-01 4.18736206e-01 3.42302647e-01 4.07777216e-01 7.32695406e-01
3.81000000e+01 -7.63798772e-01 -6.61395194e-01 -4.18988977e-01 -3.81778923e-01 -3.87594946e-01 -4.11853309e-01 -3.99282322e-01 -3.34698730e-01 -2.87790372e-01 -2.65038384e-01 -2.47009906e-01 -2.24035026e-01 -1.99048424e-01 -1.72148479e-01 -1.39222095e-01 -1.04336276e-01 -5.66642562e-02 -2.88484244e-02 -7.59032488e-03 1.64312279e-02 4.44664495e-02 6.98736197e-02 1.08964365e-01 1.25830176e-01 1.40025365e-01 1.50428784e-01 1.53117194e-01 1.47772865e-01 1.56271081e-01 1.64158390e-01 1.66343982e-01 1.59900499e-01 1.71394490e-01 1.83646865e-01 1.91509853e-01 2.10508161e-01 2.16216600e-01 2.31138286e-01 2.28395057e-01 2.25094993e-01 2.15507465e-01 1.83983546e-01 1.46343032e-01 1.06596647e-01 6.46784116e-02 3.49985169e-02 -5.02463025e-03 -4.79867552e-02 -8.47609806e-02 -1.24358215e-01 -1.68956278e-01 -2.11327676e-01 -2.48048858e-01 -2.84620533e-01 -3.08573491e-01 -3.12782666e-01 -3.15081455e-01 -3.08527401e-01 -2.98692038e-01 -2.91748247e-01 -2.75452112e-01 -2.64038194e-01 -2.39351407e-01 -2.10724366e-01 -1.84805731e-01 -1.62888406e-01 -1.41151545e-01 -1.28925958e-01 -1.16578583e-01 -9.88921925e-02 -7.78444630e-02 -7.12228563e-02 -5.12485340e-02 -2.60491438e-02 4.60921078e-04 3.04380700e-02 5.29947283e-02 6.38452145e-02 8.59034000e-02 1.10866113e-01 1.12585376e-01 1.29165722e-01 1.47759038e-01 1.60657862e-01 2.02909634e-01 2.25089563e-01 2.40010045e-01 3.05795723e-01 3.40052721e-01 3.35638226e-01 3.66093514e-01 4.05723407e-01 3.80865550e-01 3.46727971e-01 3.91515914e-01 4.61333811e-01 4.18737736e-01 3.44927692e-01 4.09854762e-01 7.34421343e-01
3.82000000e+01 -7.56619134e-01 -6.61381930e-01 -4.15697803e-01 -3.80087978e-01 -3.84677054e-01 -4.09388346e-01 -3.97028034e-01 -3.35900137e-01 -2.85943813e-01 -2.65052744e-01 -2.47143736e-01 -2.23742401e-01 -1.98382396e-01 -1.72159331e-01 -1.39450109e-01 -1.04795394e-01 -5.79651729e-02 -3.07427428e-02 -8.45382554e-03 1.63195559e-02 4.22353749e-02 6.93364971e-02 1.08839844e-01 1.25980764e-01 1.40626034e-01 1.50241365e-01 1.54116326e-01 1.48780060e-01 1.56523152e-01 1.64842292e-01 1.67532871e-01 1.60822212e-01 1.71669354e-01 1.84082786e-01 1.91882724e-01 2.10726439e-01 2.16831630e-01 2.32018295e-01 2.28209530e-01 2.23897140e-01 2.13529993e-01 1.81515973e-01 1.44239371e-01 1.04120628e-01 6.33711006e-02 3.37461070e-02 -6.08455680e-03 -4.86942861e-02 -8.49492462e-02 -1.23488764e-01 -1.67727141e-01 -2.10059487e-01 -2.46487255e-01 -2.83489785e-01 -3.08402928e-01 -3.13210129e-01 -3.16039963e-01 -3.09382463e-01 -2.99527086e-01 -2.92357242e-01 -2.76578571e-01 -2.64492718e-01 -2.39411487e-01 -2.10749761e-01 -1.85380184e-01 -1.63038163e-01 -1.42261524e-01 -1.30360694e-01 -1.19235960e-01 -1.01357671e-01 -8.02769440e-02 -7.33547977e-02 -5.45550686e-02 -3.00396274e-02 -3.06433256e-03 2.65544973e-02 4.93261090e-02 6.19458988e-02 8.49793122e-02 1.09327826e-01 1.12565878e-01 1.30282907e-01 1.47545818e-01 1.62461301e-01 2.04948316e-01 2.25056708e-01 2.43454044e-01 3.08959604e-01 3.41871059e-01 3.36126674e-01 3.68351730e-01 4.07310529e-01 3.79795668e-01 3.48559868e-01 3.94172372e-01 4.63398308e-01 4.19013495e-01 3.47277350e-01 4.12057911e-01 7.36090327e-01
3.83000000e+01 -7.49204106e-01 -6.61290490e-01 -4.12470719e-01 -3.78298266e-01 -3.81866328e-01 -4.06975227e-01 -3.94721363e-01 -3.37127725e-01 -2.84263029e-01 -2.64881687e-01 -2.47257768e-01 -2.23484336e-01 -1.97812571e-01 -1.72122042e-01 -1.39645163e-01 -1.05124094e-01 -5.93953042e-02 -3.26512771e-02 -9.29124246e-03 1.61489092e-02 3.99420349e-02 6.88834563e-02 1.08581155e-01 1.26113447e-01 1.41217861e-01 1.49973481e-01 1.55111103e-01 1.49850149e-01 1.56748212e-01 1.65501201e-01 1.68678086e-01 1.61860095e-01 1.71935900e-01 1.84498232e-01 1.92271018e-01 2.10932791e-01 2.17456972e-01 2.32808427e-01 2.28029132e-01 2.22684743e-01 2.11413073e-01 1.79001361e-01 1.42090335e-01 1.01660377e-01 6.21207984e-02 3.24542276e-02 -7.17263996e-03 -4.93280787e-02 -8.51762560e-02 -1.22661991e-01 -1.66503450e-01 -2.08725768e-01 -2.44927703e-01 -2.82270309e-01 -3.08119148e-01 -3.13605492e-01 -3.16962181e-01 -3.10202331e-01 -3.00364838e-01 -2.92923168e-01 -2.77717479e-01 -2.64878575e-01 -2.39449431e-01 -2.10767537e-01 -1.85985384e-01 -1.63207927e-01 -1.43428621e-01 -1.31780677e-01 -1.21901133e-01 -1.03783623e-01 -8.27445923e-02 -7.54367013e-02 -5.78008165e-02 -3.39326725e-02 -6.57904295e-03 2.25803974e-02 4.56571666e-02 6.00761650e-02 8.39724390e-02 1.07732597e-01 1.12697521e-01 1.31340340e-01 1.47333787e-01 1.64410370e-01 2.06887315e-01 2.25003643e-01 2.47151189e-01 3.12018267e-01 3.43510219e-01 3.36605568e-01 3.70647145e-01 4.08731485e-01 3.78709692e-01 3.50531910e-01 3.96821161e-01 4.65252071e-01 4.19579100e-01 3.49328743e-01 4.14403868e-01 7.37697622e-01
3.84000000e+01 -7.41555012e-01 -6.61125063e-01 -4.09305425e-01 -3.76415021e-01 -3.79154495e-01 -4.04612112e-01 -3.92388602e-01 -3.38336930e-01 -2.82785185e-01 -2.64505969e-01 -2.47351868e-01 -2.23257308e-01 -1.97354563e-01 -1.72031087e-01 -1.39800287e-01 -1.05332760e-01 -6.09536363e-02 -3.45622148e-02 -1.01040008e-02 1.59019700e-02 3.76139615e-02 6.85016811e-02 1.08187620e-01 1.26232123e-01 1.41793921e-01 1.49637774e-01 1.56090370e-01 1.50980310e-01 1.56955577e-01 1.66131697e-01 1.69775912e-01 1.63010226e-01 1.72200853e-01 1.84893563e-01 1.92670624e-01 2.11134788e-01 2.18088377e-01 2.33501622e-01 2.27856231e-01 2.21457517e-01 2.09159070e-01 1.76444233e-01 1.39892989e-01 9.92241585e-02 6.09237949e-02 3.11243379e-02 -8.28835650e-03 -4.98880425e-02 -8.54392699e-02 -1.21881901e-01 -1.65288561e-01 -2.07326745e-01 -2.43372331e-01 -2.80968404e-01 -3.07718146e-01 -3.13968497e-01 -3.17844032e-01 -3.10987669e-01 -3.01203546e-01 -2.93452763e-01 -2.78859071e-01 -2.65200262e-01 -2.39466704e-01 -2.10779964e-01 -1.86616167e-01 -1.63407257e-01 -1.44649088e-01 -1.33190679e-01 -1.24562105e-01 -1.06174055e-01 -8.52458753e-02 -7.74815571e-02 -6.09781618e-02 -3.77205018e-02 -1.00905472e-02 1.85207289e-02 4.20022290e-02 5.82269352e-02 8.28709811e-02 1.06100831e-01 1.12970129e-01 1.32326076e-01 1.47142745e-01 1.66495020e-01 2.08710864e-01 2.24965206e-01 2.51071725e-01 3.14981804e-01 3.44950053e-01 3.37097883e-01 3.72977624e-01 4.09965176e-01 3.77644906e-01 3.52622038e-01 3.99464111e-01 4.66895757e-01 4.20440113e-01 3.51068783e-01 4.16903991e-01 7.39240138e-01
3.85000000e+01 -7.33673202e-01 -6.60891965e-01 -4.06195316e-01 -3.74447898e-01 -3.76530228e-01 -4.02297778e-01 -3.90055692e-01 -3.39486076e-01 -2.81541218e-01 -2.63912106e-01 -2.47424013e-01 -2.23058659e-01 -1.97021405e-01 -1.71883005e-01 -1.39907616e-01 -1.05434263e-01 -6.26357543e-02 -3.64650569e-02 -1.08946745e-02 1.55624588e-02 3.52796112e-02 6.81760820e-02 1.07660667e-01 1.26339786e-01 1.42346987e-01 1.49247998e-01 1.57042553e-01 1.52166885e-01 1.57155079e-01 1.66730452e-01 1.70823723e-01 1.64266992e-01 1.72471460e-01 1.85269560e-01 1.93077282e-01 2.11339611e-01 2.18721349e-01 2.34091982e-01 2.27692130e-01 2.20214777e-01 2.06771461e-01 1.73848824e-01 1.37644784e-01 9.68202881e-02 5.97752496e-02 2.97587601e-02 -9.43045913e-03 -5.03758084e-02 -8.57348694e-02 -1.21152263e-01 -1.64085375e-01 -2.05863778e-01 -2.41822236e-01 -2.79590571e-01 -3.07196826e-01 -3.14298262e-01 -3.18681366e-01 -3.11739264e-01 -3.02041116e-01 -2.93953380e-01 -2.79992664e-01 -2.65463204e-01 -2.39464499e-01 -2.10789313e-01 -1.87267557e-01 -1.63645564e-01 -1.45918814e-01 -1.34595895e-01 -1.27206366e-01 -1.08533947e-01 -8.77782973e-02 -7.95021082e-02 -6.40799131e-02 -4.13964539e-02 -1.36059094e-02 1.43820783e-02 3.83746483e-02 5.63882291e-02 8.16645592e-02 1.04453618e-01 1.13370942e-01 1.33230160e-01 1.46992714e-01 1.68702665e-01 2.10405807e-01 2.24976396e-01 2.55183342e-01 3.17860754e-01 3.46172322e-01 3.37626694e-01 3.75338198e-01 4.10993663e-01 3.76638113e-01 3.54806501e-01 4.02102215e-01 4.68336245e-01 4.21591835e-01 3.52494525e-01 4.19563484e-01 7.40716537e-01
3.86000000e+01 -7.25560120e-01 -6.60599411e-01 -4.03129829e-01 -3.72410555e-01 -3.73979495e-01 -4.00031718e-01 -3.87747437e-01 -3.40537562e-01 -2.80554830e-01 -2.63092946e-01 -2.47470048e-01 -2.22886844e-01 -1.96823204e-01 -1.71676507e-01 -1.39958677e-01 -1.05443623e-01 -6.44338972e-02 -3.83507349e-02 -1.16670595e-02 1.51155998e-02 3.29677262e-02 6.78896688e-02 1.07003796e-01 1.26438398e-01 1.42869727e-01 1.48818710e-01 1.57955904e-01 1.53405394e-01 1.57356861e-01 1.67294366e-01 1.71819941e-01 1.65623215e-01 1.72755301e-01 1.85627451e-01 1.93486737e-01 2.11553831e-01 2.19351238e-01 2.34574809e-01 2.27537018e-01 2.18955453e-01 2.04254850e-01 1.71219014e-01 1.35343663e-01 9.44569707e-02 5.86693406e-02 2.83605902e-02 -1.05969834e-02 -5.07946402e-02 -8.60590017e-02 -1.20476570e-01 -1.62896349e-01 -2.04339314e-01 -2.40277621e-01 -2.78143289e-01 -3.06553137e-01 -3.14593227e-01 -3.19470054e-01 -3.12457953e-01 -3.02875225e-01 -2.94432787e-01 -2.81106884e-01 -2.65673600e-01 -2.39443777e-01 -2.10797790e-01 -1.87934963e-01 -1.63931881e-01 -1.47233468e-01 -1.36001782e-01 -1.29821165e-01 -1.10868991e-01 -9.03386003e-02 -8.15105921e-02 -6.70994997e-02 -4.49550885e-02 -1.71316785e-02 1.01726150e-02 3.47865116e-02 5.45493931e-02 8.03444697e-02 1.02812200e-01 1.13884943e-01 1.34044777e-01 1.46903504e-01 1.71018405e-01 2.11961956e-01 2.25071533e-01 2.59452067e-01 3.20665347e-01 3.47161489e-01 3.38214554e-01 3.77721075e-01 4.11802921e-01 3.75724513e-01 3.57060672e-01 4.04735406e-01 4.69586501e-01 4.23019446e-01 3.53613196e-01 4.22381287e-01 7.42127284e-01
3.87000000e+01 -7.17217391e-01 -6.60257207e-01 -4.00094930e-01 -3.70320085e-01 -3.71486004e-01 -3.97814183e-01 -3.85486797e-01 -3.41458866e-01 -2.79841707e-01 -2.62048033e-01 -2.47483573e-01 -2.22741585e-01 -1.96766886e-01 -1.71412508e-01 -1.39944708e-01 -1.05377596e-01 -6.63371056e-02 -4.02116619e-02 -1.24262265e-02 1.45485471e-02 3.07066804e-02 6.76239677e-02 1.06222482e-01 1.26528816e-01 1.43354899e-01 1.48364931e-01 1.58818757e-01 1.54690570e-01 1.57571172e-01 1.67820716e-01 1.72763969e-01 1.67070285e-01 1.73060088e-01 1.85968912e-01 1.93894897e-01 2.11783219e-01 2.19973337e-01 2.34946631e-01 2.27389938e-01 2.17678082e-01 2.01614966e-01 1.68558264e-01 1.32988177e-01 9.21421256e-02 5.75994655e-02 2.69335729e-02 -1.17852674e-02 -5.11493151e-02 -8.64070458e-02 -1.19858001e-01 -1.61723531e-01 -2.02756822e-01 -2.38737932e-01 -2.76632809e-01 -3.05786202e-01 -3.14851092e-01 -3.20206106e-01 -3.13144549e-01 -3.03703445e-01 -2.94898939e-01 -2.82189925e-01 -2.65838241e-01 -2.39405319e-01 -2.10807479e-01 -1.88614340e-01 -1.64274642e-01 -1.48588634e-01 -1.37413899e-01 -1.32393808e-01 -1.13185295e-01 -9.29229796e-02 -8.35185034e-02 -7.00311400e-02 -4.83923043e-02 -2.06736352e-02 5.90201269e-03 3.12483897e-02 5.26993405e-02 7.89039041e-02 1.01197452e-01 1.14495222e-01 1.34764348e-01 1.46894278e-01 1.73425298e-01 2.13372369e-01 2.25283441e-01 2.63843149e-01 3.23404773e-01 3.47905466e-01 3.38882847e-01 3.80115733e-01 4.12383473e-01 3.74936643e-01 3.59359861e-01 4.07362407e-01 4.70665224e-01 4.24698484e-01 3.54441872e-01 4.25350188e-01 7.43474624e-01
3.88000000e+01 -7.08646927e-01 -6.59876372e-01 -3.97073724e-01 -3.68196320e-01 -3.69031759e-01 -3.95646153e-01 -3.83294282e-01 -3.42223373e-01 -2.79409007e-01 -2.60783748e-01 -2.47455946e-01 -2.22623935e-01 -1.96856043e-01 -1.71094093e-01 -1.39857026e-01 -1.05254208e-01 -6.83314613e-02 -4.20417264e-02 -1.31785440e-02 1.38507636e-02 2.85238232e-02 6.73594806e-02 1.05324025e-01 1.26610754e-01 1.43795567e-01 1.47901778e-01 1.59619786e-01 1.56016393e-01 1.57808141e-01 1.68307310e-01 1.73656108e-01 1.68598332e-01 1.73393470e-01 1.86296080e-01 1.94297985e-01 2.12032593e-01 2.20582968e-01 2.35205211e-01 2.27248788e-01 2.16380822e-01 1.98858646e-01 1.65869567e-01 1.30577559e-01 8.98832023e-02 5.65584772e-02 2.54819550e-02 -1.29919858e-02 -5.14459752e-02 -8.67739027e-02 -1.19299344e-01 -1.60568602e-01 -2.01120700e-01 -2.37201994e-01 -2.75064991e-01 -3.04896414e-01 -3.15068753e-01 -3.20885775e-01 -3.13799776e-01 -3.04523370e-01 -2.95359742e-01 -2.83229814e-01 -2.65964316e-01 -2.39349793e-01 -2.10820297e-01 -1.89302298e-01 -1.64681503e-01 -1.49979916e-01 -1.38837747e-01 -1.34911967e-01 -1.15489073e-01 -9.55272970e-02 -8.55363825e-02 -7.28699796e-02 -5.17054592e-02 -2.42365392e-02 1.58133485e-03 2.77691283e-02 5.08267978e-02 7.73381224e-02 9.96293706e-02 1.15183384e-01 1.35385564e-01 1.46983149e-01 1.75904691e-01 2.14633545e-01 2.25642695e-01 2.68321912e-01 3.26086517e-01 3.48396282e-01 3.39651161e-01 3.82509112e-01 4.12730897e-01 3.74303405e-01 3.61680080e-01 4.09980662e-01 4.71596281e-01 4.26595649e-01 3.55006852e-01 4.28457131e-01 7.44762508e-01
3.89000000e+01 -6.99851042e-01 -6.59468719e-01 -3.94047158e-01 -3.66061033e-01 -3.66597678e-01 -3.93529242e-01 -3.81187457e-01 -3.42810975e-01 -2.79255115e-01 -2.59313227e-01 -2.47376429e-01 -2.22536249e-01 -1.97090894e-01 -1.70726401e-01 -1.39687415e-01 -1.05092243e-01 -7.04004075e-02 -4.38362434e-02 -1.39316635e-02 1.30143441e-02 2.64448317e-02 6.70761798e-02 1.04317345e-01 1.26682795e-01 1.44185313e-01 1.47444078e-01 1.60348284e-01 1.57376145e-01 1.58077545e-01 1.68752640e-01 1.74497442e-01 1.70196390e-01 1.73762843e-01 1.86611556e-01 1.94692662e-01 2.12305688e-01 2.21175563e-01 2.35349555e-01 2.27110333e-01 2.15061455e-01 1.95993792e-01 1.63155409e-01 1.28111793e-01 8.76870007e-02 5.55389309e-02 2.40103345e-02 -1.42132030e-02 -5.16919569e-02 -8.71541045e-02 -1.18802920e-01 -1.59432941e-01 -1.99436181e-01 -2.35668142e-01 -2.73445186e-01 -3.03885508e-01 -3.15242258e-01 -3.21505646e-01 -3.14424228e-01 -3.05332721e-01 -2.95822809e-01 -2.84214692e-01 -2.66059220e-01 -2.39277827e-01 -2.10837968e-01 -1.89996171e-01 -1.65159188e-01 -1.51403037e-01 -1.40278617e-01 -1.37364012e-01 -1.17786342e-01 -9.81472777e-02 -8.75736341e-02 -7.56121996e-02 -5.48934790e-02 -2.78238921e-02 -2.77711308e-03 2.43556896e-02 4.89205550e-02 7.56445779e-02 9.81265971e-02 1.15929982e-01 1.35907366e-01 1.47186782e-01 1.78436589e-01 2.15745537e-01 2.26176941e-01 2.72854554e-01 3.28715785e-01 3.48630643e-01 3.40536687e-01 3.84885896e-01 4.12846167e-01 3.73849217e-01 3.63998748e-01 4.12586354e-01 4.72407938e-01 4.28669909e-01 3.55342719e-01 4.31683718e-01 7.45996456e-01
3.90000000e+01 -6.90832573e-01 -6.59046387e-01 -3.90994806e-01 -3.63937059e-01 -3.64164275e-01 -3.91465554e-01 -3.79180581e-01 -3.43208447e-01 -2.79369693e-01 -2.57656041e-01 -2.47232463e-01 -2.22482054e-01 -1.97468333e-01 -1.70316463e-01 -1.39428521e-01 -1.04910701e-01 -7.25251419e-02 -4.55918807e-02 -1.46944566e-02 1.20342781e-02 2.44930900e-02 6.67540312e-02 1.03212733e-01 1.26742432e-01 1.44518437e-01 1.47005974e-01 1.60994426e-01 1.58762470e-01 1.58388574e-01 1.69156043e-01 1.75289728e-01 1.71852571e-01 1.74175171e-01 1.86918410e-01 1.95076137e-01 2.12605069e-01 2.21746742e-01 2.35379905e-01 2.26970233e-01 2.13717415e-01 1.93029305e-01 1.60417761e-01 1.25591646e-01 8.55595095e-02 5.45333217e-02 2.25235185e-02 -1.54444448e-02 -5.18955998e-02 -8.75419397e-02 -1.18370482e-01 -1.58317695e-01 -1.97709213e-01 -2.34134338e-01 -2.71778165e-01 -3.02756582e-01 -3.15366787e-01 -3.22062701e-01 -3.15018339e-01 -3.06129438e-01 -2.96295215e-01 -2.85133100e-01 -2.66130355e-01 -2.39190072e-01 -2.10862022e-01 -1.90694028e-01 -1.65713378e-01 -1.52853907e-01 -1.41741434e-01 -1.39739326e-01 -1.20082641e-01 -1.00778681e-01 -8.96383766e-02 -7.82551004e-02 -5.79569431e-02 -3.14377318e-02 -7.15996049e-03 2.10130431e-02 4.69697171e-02 7.38229892e-02 9.67059732e-02 1.16714975e-01 1.36330877e-01 1.47520044e-01 1.81000060e-01 2.16711968e-01 2.26910308e-01 2.77408862e-01 3.31295026e-01 3.48610381e-01 3.41553664e-01 3.87228873e-01 4.12735837e-01 3.73593314e-01 3.66295308e-01 4.15174518e-01 4.73131923e-01 4.30873864e-01 3.55491135e-01 4.35006886e-01 7.47183366e-01
3.91000000e+01 -6.81595008e-01 -6.58621352e-01 -3.87895697e-01 -3.61847379e-01 -3.61712361e-01 -3.89457479e-01 -3.77284369e-01 -3.43409585e-01 -2.79734004e-01 -2.55837658e-01 -2.47010070e-01 -2.22465840e-01 -1.97982083e-01 -1.69872973e-01 -1.39074250e-01 -1.04728242e-01 -7.46850674e-02 -4.73065751e-02 -1.54769006e-02 1.09086459e-02 2.26891102e-02 6.63735323e-02 1.02021581e-01 1.26786125e-01 1.44790152e-01 1.46600532e-01 1.61549546e-01 1.60167442e-01 1.58749587e-01 1.69517847e-01 1.76035274e-01 1.73554238e-01 1.74636830e-01 1.87220187e-01 1.95446240e-01 2.12932068e-01 2.22292370e-01 2.35297723e-01 2.26823095e-01 2.12345832e-01 1.89974977e-01 1.57658080e-01 1.23018680e-01 8.35057733e-02 5.35342924e-02 2.10263996e-02 -1.66807923e-02 -5.20660412e-02 -8.79315843e-02 -1.18003121e-01 -1.57223843e-01 -1.95946340e-01 -2.32598282e-01 -2.70068097e-01 -3.01514079e-01 -3.15436664e-01 -3.22554349e-01 -3.15582388e-01 -3.06911747e-01 -2.96783265e-01 -2.85974258e-01 -2.66184944e-01 -2.39087269e-01 -2.10893814e-01 -1.91394648e-01 -1.66348636e-01 -1.54328688e-01 -1.43230619e-01 -1.42028600e-01 -1.22382794e-01 -1.03417431e-01 -9.17373259e-02 -8.07971632e-02 -6.08981302e-02 -3.50784743e-02 -1.15529711e-02 1.77441097e-02 4.49639538e-02 7.18753554e-02 9.53821432e-02 1.17518179e-01 1.36659279e-01 1.47995691e-01 1.83573667e-01 2.17539968e-01 2.27862925e-01 2.81954842e-01 3.33823591e-01 3.48342746e-01 3.42712892e-01 3.89519375e-01 4.12412044e-01 3.73549214e-01 3.68551735e-01 4.17739226e-01 4.73802352e-01 4.33155330e-01 3.55499407e-01 4.38399734e-01 7.48331283e-01
3.92000000e+01 -6.72142607e-01 -6.58204937e-01 -3.84729163e-01 -3.59814182e-01 -3.59223758e-01 -3.87507459e-01 -3.75505895e-01 -3.43415108e-01 -2.80321510e-01 -2.53888689e-01 -2.46694362e-01 -2.22492764e-01 -1.98622934e-01 -1.69406027e-01 -1.38620148e-01 -1.04562628e-01 -7.68582862e-02 -4.89794510e-02 -1.62899094e-02 9.63874348e-03 2.10500138e-02 6.59162503e-02 1.00756084e-01 1.26809381e-01 1.44996743e-01 1.46239381e-01 1.62006390e-01 1.61582650e-01 1.59167892e-01 1.69839504e-01 1.76736824e-01 1.75288173e-01 1.75153469e-01 1.87520905e-01 1.95801468e-01 2.13286771e-01 2.22808620e-01 2.35105654e-01 2.26662533e-01 2.10943589e-01 1.86841361e-01 1.54877353e-01 1.20395239e-01 8.15297914e-02 5.25348028e-02 1.95238553e-02 -1.79169943e-02 -5.22129965e-02 -8.83172353e-02 -1.17701176e-01 -1.56152264e-01 -1.94154584e-01 -2.31057510e-01 -2.68318575e-01 -3.00163709e-01 -3.15445423e-01 -3.22978420e-01 -3.16116512e-01 -3.07678196e-01 -2.97292281e-01 -2.86728351e-01 -2.66229841e-01 -2.38970294e-01 -2.10934571e-01 -1.92097449e-01 -1.67068373e-01 -1.55823840e-01 -1.44749953e-01 -1.44224090e-01 -1.24690727e-01 -1.06059718e-01 -9.38757104e-02 -8.32380956e-02 -6.37210136e-02 -3.87448149e-02 -1.59412583e-02 1.45497560e-02 4.28937436e-02 6.98059155e-02 9.41672108e-02 1.18319724e-01 1.36897659e-01 1.48624097e-01 1.86135901e-01 2.18240015e-01 2.29050560e-01 2.86465230e-01 3.36297518e-01 3.47840552e-01 3.44021325e-01 3.91737778e-01 4.11892331e-01 3.73724379e-01 3.70752939e-01 4.20273858e-01 4.74454534e-01 4.35459091e-01 3.55418880e-01 4.41832473e-01 7.49449122e-01
3.93000000e+01 -6.62480522e-01 -6.57807328e-01 -3.81475673e-01 -3.57857958e-01 -3.56681981e-01 -3.85617726e-01 -3.73848617e-01 -3.43232338e-01 -2.81098722e-01 -2.51843962e-01 -2.46270144e-01 -2.22568296e-01 -1.99379063e-01 -1.68926823e-01 -1.38063735e-01 -1.04430192e-01 -7.90221223e-02 -5.06107457e-02 -1.71451162e-02 8.22913387e-03 1.95890898e-02 6.53653448e-02 9.94289436e-02 1.26806834e-01 1.45135704e-01 1.45932387e-01 1.62359351e-01 1.62999290e-01 1.59649532e-01 1.70123692e-01 1.77397449e-01 1.77040740e-01 1.75729921e-01 1.87825039e-01 1.96141000e-01 2.13668038e-01 2.23291994e-01 2.34807480e-01 2.26481260e-01 2.09507389e-01 1.83639602e-01 1.52076161e-01 1.17724416e-01 7.96344522e-02 5.15282541e-02 1.80206689e-02 -1.91475955e-02 -5.23465317e-02 -8.86932362e-02 -1.17464176e-01 -1.55103780e-01 -1.92341322e-01 -2.29509477e-01 -2.66532668e-01 -2.98712334e-01 -3.15385915e-01 -3.23333125e-01 -3.16620742e-01 -3.08427674e-01 -2.97826412e-01 -2.87386789e-01 -2.66271364e-01 -2.38840203e-01 -2.10985450e-01 -1.92802395e-01 -1.67874850e-01 -1.57336168e-01 -1.46302458e-01 -1.46319815e-01 -1.27009349e-01 -1.08702046e-01 -9.60572220e-02 -8.55788631e-02 -6.64311966e-02 -4.24336979e-02 -2.03095093e-02 1.14288394e-02 4.07506079e-02 6.76210507e-02 9.30704569e-02 1.19100484e-01 1.37052811e-01 1.49413047e-01 1.88665632e-01 2.18825698e-01 2.30484379e-01 2.90915878e-01 3.38709467e-01 3.47122150e-01 3.45481766e-01 3.93864049e-01 4.11199299e-01 3.74120060e-01 3.72887028e-01 4.22771422e-01 4.75123731e-01 4.37728750e-01 3.55303194e-01 4.45273462e-01 7.50546364e-01
3.94000000e+01 -6.52614900e-01 -6.57437126e-01 -3.78117635e-01 -3.55996645e-01 -3.54072878e-01 -3.83790032e-01 -3.72312524e-01 -3.42874660e-01 -2.82026271e-01 -2.49741432e-01 -2.45722583e-01 -2.22697819e-01 -2.00236421e-01 -1.68447339e-01 -1.37404804e-01 -1.04345339e-01 -8.11536556e-02 -5.22017409e-02 -1.80546152e-02 6.68762186e-03 1.83154397e-02 6.47060566e-02 9.80530613e-02 1.26772330e-01 1.45205828e-01 1.45687380e-01 1.62604669e-01 1.64408262e-01 1.60199113e-01 1.70374370e-01 1.78020449e-01 1.78798043e-01 1.76370127e-01 1.88137486e-01 1.96464676e-01 2.14073571e-01 2.23739343e-01 2.34408045e-01 2.26271188e-01 2.08033836e-01 1.80381263e-01 1.49254763e-01 1.15010002e-01 7.78214956e-02 5.05085769e-02 1.65214657e-02 -2.03670733e-02 -5.24768284e-02 -8.90541931e-02 -1.17290807e-01 -1.54079183e-01 -1.90514177e-01 -2.27951631e-01 -2.64713011e-01 -2.97167794e-01 -3.15250473e-01 -3.23616987e-01 -3.17095031e-01 -3.09159410e-01 -2.98388477e-01 -2.87942458e-01 -2.66315130e-01 -2.38698266e-01 -2.11047605e-01 -1.93509877e-01 -1.68769212e-01 -1.58862862e-01 -1.47890309e-01 -1.48311702e-01 -1.29340488e-01 -1.11341251e-01 -9.82839990e-02 -8.78217071e-02 -6.90357861e-02 -4.61403562e-02 -2.46422141e-02 8.37830236e-03 3.85273292e-02 6.53291337e-02 9.20981275e-02 1.19842475e-01 1.37133019e-01 1.50367584e-01 1.91142544e-01 2.19313390e-01 2.32170835e-01 2.95286020e-01 3.41048800e-01 3.46211241e-01 3.47092663e-01 3.95878335e-01 4.10360091e-01 3.74731349e-01 3.74945461e-01 4.25224928e-01 4.75843886e-01 4.39908631e-01 3.55206481e-01 4.48690306e-01 7.51632741e-01
3.95000000e+01 -6.42552974e-01 -6.57100943e-01 -3.74640110e-01 -3.54244853e-01 -3.51385183e-01 -3.82025384e-01 -3.70894392e-01 -3.42360812e-01 -2.83060158e-01 -2.47620977e-01 -2.45037917e-01 -2.22886191e-01 -2.01179172e-01 -1.67980000e-01 -1.36645655e-01 -1.04320103e-01 -8.32302511e-02 -5.37546950e-02 -1.90306751e-02 5.02515173e-03 1.72337210e-02 6.39261501e-02 9.66412449e-02 1.26699034e-01 1.45207249e-01 1.45509960e-01 1.62740586e-01 1.65800279e-01 1.60819662e-01 1.70596790e-01 1.78609271e-01 1.80546094e-01 1.77077115e-01 1.88463520e-01 1.96772952e-01 2.14500015e-01 2.24147854e-01 2.33913150e-01 2.26023566e-01 2.06519511e-01 1.77078128e-01 1.46413206e-01 1.12256430e-01 7.60915003e-02 4.94702890e-02 1.50306583e-02 -2.15699766e-02 -5.26139479e-02 -8.93950769e-02 -1.17178915e-01 -1.53079247e-01 -1.88680910e-01 -2.26381476e-01 -2.62861902e-01 -2.95538702e-01 -3.15031124e-01 -3.23828755e-01 -3.17539287e-01 -3.09872945e-01 -2.98979846e-01 -2.88389951e-01 -2.66365903e-01 -2.38545991e-01 -2.11122261e-01 -1.94220593e-01 -1.69751548e-01 -1.60401530e-01 -1.49514756e-01 -1.50197649e-01 -1.31684893e-01 -1.13974488e-01 -1.00556645e-01 -8.99701480e-02 -7.15432062e-02 -4.98584174e-02 -2.89238948e-02 5.39331516e-03 3.62181453e-02 6.29403290e-02 9.12532961e-02 1.20529216e-01 1.37147816e-01 1.51489923e-01 1.93547553e-01 2.19721868e-01 2.34111687e-01 2.99558392e-01 3.43301817e-01 3.45136503e-01 3.48848029e-01 3.97761569e-01 4.09405715e-01 3.75547418e-01 3.76923064e-01 4.27627787e-01 4.76646378e-01 4.41945652e-01 3.55181556e-01 4.52050962e-01 7.52717903e-01
3.96000000e+01 -6.32303131e-01 -6.56803050e-01 -3.71031451e-01 -3.52613218e-01 -3.48610985e-01 -3.80323800e-01 -3.69588122e-01 -3.41714002e-01 -2.84153154e-01 -2.45523130e-01 -2.44204171e-01 -2.23137304e-01 -2.02190182e-01 -1.67537336e-01 -1.35791261e-01 -1.04363774e-01 -8.52300678e-02 -5.52727700e-02 -2.00854338e-02 3.25562667e-03 1.63439929e-02 6.30162933e-02 9.52059159e-02 1.26579545e-01 1.45141427e-01 1.45403368e-01 1.62767451e-01 1.67165980e-01 1.61512539e-01 1.70797443e-01 1.79167433e-01 1.82270974e-01 1.77852997e-01 1.88808709e-01 1.97066834e-01 2.14943108e-01 2.24515025e-01 2.33329423e-01 2.25729131e-01 2.04961048e-01 1.73742020e-01 1.43551433e-01 1.09468708e-01 7.44438862e-02 4.84085393e-02 1.35523911e-02 -2.27510604e-02 -5.27675983e-02 -8.97113132e-02 -1.17125551e-01 -1.52104716e-01 -1.86849326e-01 -2.24796629e-01 -2.60981413e-01 -2.93834202e-01 -3.14719843e-01 -3.23967302e-01 -3.17953393e-01 -3.10568098e-01 -2.99600366e-01 -2.88725757e-01 -2.66427462e-01 -2.38385158e-01 -2.11210767e-01 -1.94935422e-01 -1.70820961e-01 -1.61950226e-01 -1.51176092e-01 -1.51977540e-01 -1.34042280e-01 -1.16599191e-01 -1.02874284e-01 -9.20289692e-02 -7.39629613e-02 -5.35800666e-02 -3.31393339e-02 2.46746413e-03 3.38189126e-02 6.04663513e-02 9.05358068e-02 1.21146031e-01 1.37107723e-01 1.52779423e-01 1.95863197e-01 2.20071857e-01 2.36304139e-01 3.03719220e-01 3.45452127e-01 3.43931066e-01 3.50737474e-01 3.99496074e-01 4.08370251e-01 3.76551943e-01 3.78817931e-01 4.29974210e-01 4.77558861e-01 4.43791121e-01 3.55278155e-01 4.55324835e-01 7.53811092e-01
3.97000000e+01 -6.21874953e-01 -6.56545114e-01 -3.67283812e-01 -3.51107878e-01 -3.45746076e-01 -3.78684099e-01 -3.68385156e-01 -3.40960908e-01 -2.85256296e-01 -2.43487764e-01 -2.43211856e-01 -2.23453648e-01 -2.03251516e-01 -1.67131657e-01 -1.34849362e-01 -1.04482612e-01 -8.71325312e-02 -5.67599472e-02 -2.12305858e-02 1.39564892e-03 1.56416701e-02 6.19703631e-02 9.37588301e-02 1.26406043e-01 1.45011079e-01 1.45368446e-01 1.62687761e-01 1.68496051e-01 1.62277390e-01 1.70983958e-01 1.79698459e-01 1.83959019e-01 1.78698989e-01 1.89178820e-01 1.97347799e-01 2.15397842e-01 2.24838636e-01 2.32664149e-01 2.25378281e-01 2.03355194e-01 1.70384624e-01 1.40669407e-01 1.06652346e-01 7.28769262e-02 4.73191468e-02 1.20904822e-02 -2.39054104e-02 -5.29469104e-02 -8.99988605e-02 -1.17127038e-01 -1.51156280e-01 -1.85027177e-01 -2.23194864e-01 -2.59073494e-01 -2.92063700e-01 -3.14308839e-01 -3.24031532e-01 -3.18337211e-01 -3.11244915e-01 -3.00248329e-01 -2.88948416e-01 -2.66502487e-01 -2.38217855e-01 -2.11314638e-01 -1.95655322e-01 -1.71975663e-01 -1.63507464e-01 -1.52873632e-01 -1.53653194e-01 -1.36411409e-01 -1.19213023e-01 -1.05234648e-01 -9.40041809e-02 -7.63053608e-02 -5.72962558e-02 -3.72737990e-02 -4.07017508e-04 3.13272304e-02 5.79201910e-02 8.99423004e-02 1.21680308e-01 1.37023988e-01 1.54232620e-01 1.98073984e-01 2.20385547e-01 2.38741095e-01 3.07758086e-01 3.47481168e-01 3.42631826e-01 3.52746375e-01 4.01066155e-01 4.07289931e-01 3.77723701e-01 3.80631223e-01 4.32259600e-01 4.78604202e-01 4.45402381e-01 3.55541298e-01 4.58483808e-01 7.54920842e-01
3.98000000e+01 -6.11279235e-01 -6.56326001e-01 -3.63393527e-01 -3.49730119e-01 -3.42790163e-01 -3.77103742e-01 -3.67274937e-01 -3.40130592e-01 -2.86320431e-01 -2.41552801e-01 -2.42054618e-01 -2.23835904e-01 -2.04344952e-01 -1.66774730e-01 -1.33830484e-01 -1.04679657e-01 -8.89187560e-02 -5.82209274e-02 -2.24770694e-02 -5.35820186e-04 1.51175889e-02 6.07856647e-02 9.23108122e-02 1.26170470e-01 1.44820039e-01 1.45403678e-01 1.62506140e-01 1.69781352e-01 1.63112156e-01 1.71164941e-01 1.80205821e-01 1.85597013e-01 1.79615442e-01 1.89579697e-01 1.97617717e-01 2.15858646e-01 2.25116707e-01 2.31925076e-01 2.24961271e-01 2.01698865e-01 1.67017339e-01 1.37767212e-01 1.03813293e-01 7.13877641e-02 4.61986428e-02 1.06483619e-02 -2.50285575e-02 -5.31602313e-02 -9.02542810e-02 -1.17179060e-01 -1.50234556e-01 -1.83222078e-01 -2.21574166e-01 -2.57140064e-01 -2.90236585e-01 -3.13790853e-01 -3.24020288e-01 -3.18690567e-01 -3.11903605e-01 -3.00920489e-01 -2.89058617e-01 -2.66592465e-01 -2.38046502e-01 -2.11435574e-01 -1.96381243e-01 -1.73213054e-01 -1.65072219e-01 -1.54605726e-01 -1.55228278e-01 -1.38790181e-01 -1.21813817e-01 -1.07634195e-01 -9.59029606e-02 -7.85812215e-02 -6.09969424e-02 -4.13132631e-02 -3.23898184e-03 2.87425171e-02 5.53158170e-02 8.94663240e-02 1.22121688e-01 1.36908312e-01 1.55843323e-01 2.00166701e-01 2.20686059e-01 2.41411517e-01 3.11667667e-01 3.49368833e-01 3.41278615e-01 3.54856158e-01 4.02458659e-01 4.06202150e-01 3.79037302e-01 3.82366868e-01 4.34480901e-01 4.79799596e-01 4.46744250e-01 3.56009805e-01 4.61503189e-01 7.56054684e-01
3.99000000e+01 -6.00527965e-01 -6.56141680e-01 -3.59361344e-01 -3.48476185e-01 -3.39746954e-01 -3.75578720e-01 -3.66245398e-01 -3.39253364e-01 -2.87297755e-01 -2.39752977e-01 -2.40729803e-01 -2.24282592e-01 -2.05452469e-01 -1.66477495e-01 -1.32747865e-01 -1.04954638e-01 -9.05719072e-02 -5.96610150e-02 -2.38347604e-02 -2.51787964e-03 1.47581907e-02 5.94630513e-02 9.08715128e-02 1.25864745e-01 1.44573070e-01 1.45505305e-01 1.62229259e-01 1.71013041e-01 1.64013136e-01 1.71349783e-01 1.80692890e-01 1.87172404e-01 1.80601876e-01 1.90017126e-01 1.97878782e-01 2.16319569e-01 2.25347467e-01 2.31120192e-01 2.24468412e-01 1.99989183e-01 1.63651147e-01 1.34845167e-01 1.00957866e-01 6.99724377e-02 4.50443179e-02 9.22901346e-03 -2.61165818e-02 -5.34149408e-02 -9.04748056e-02 -1.17276754e-01 -1.49340070e-01 -1.81441418e-01 -2.19932772e-01 -2.55183099e-01 -2.88361943e-01 -3.13159459e-01 -3.23932273e-01 -3.19013230e-01 -3.12544478e-01 -3.01612128e-01 -2.89059235e-01 -2.66697645e-01 -2.37873896e-01 -2.11575448e-01 -1.97114081e-01 -1.74529816e-01 -1.66643915e-01 -1.56369780e-01 -1.56708188e-01 -1.41175738e-01 -1.24399536e-01 -1.10068261e-01 -9.77335707e-02 -8.08015656e-02 -6.46713437e-02 -4.52446167e-02 -6.03806779e-03 2.60660357e-02 5.26678660e-02 8.90985210e-02 1.22462192e-01 1.36772584e-01 1.57602757e-01 2.02130659e-01 2.20996916e-01 2.44300870e-01 3.15443375e-01 3.51094214e-01 3.39913256e-01 3.57044703e-01 4.03663468e-01 4.05144423e-01 3.80464048e-01 3.84031180e-01 4.36636894e-01 4.81155855e-01 4.47790219e-01 3.56715042e-01 4.64362527e-01 7.57218906e-01
4.00000000e+01 -5.89634277e-01 -6.55985219e-01 -3.55192504e-01 -3.47337269e-01 -3.36624079e-01 -3.74103523e-01 -3.65283465e-01 -3.38359645e-01 -2.88143301e-01 -2.38118706e-01 -2.39238920e-01 -2.24789788e-01 -2.06556710e-01 -1.66249815e-01 -1.31617312e-01 -1.05304001e-01 -9.20774939e-02 -6.10859850e-02 -2.53121792e-02 -4.52818367e-03 1.45458257e-02 5.80069353e-02 8.94491943e-02 1.25481010e-01 1.44275627e-01 1.45667516e-01 1.61865680e-01 1.72182698e-01 1.64975091e-01 1.71548421e-01 1.81162884e-01 1.88673521e-01 1.81657004e-01 1.90496678e-01 1.98133469e-01 2.16774459e-01 2.25529323e-01 2.30257496e-01 2.23890276e-01 1.98223497e-01 1.60296515e-01 1.31903910e-01 9.80926878e-02 6.86259100e-02 4.38542671e-02 7.83492553e-03 -2.71662091e-02 -5.37172970e-02 -9.06583970e-02 -1.17414798e-01 -1.48473244e-01 -1.79692280e-01 -2.18269220e-01 -2.53204687e-01 -2.86448287e-01 -3.12409345e-01 -3.23765992e-01 -3.19304873e-01 -3.13167880e-01 -3.02317163e-01 -2.88955298e-01 -2.66817014e-01 -2.37703227e-01 -2.11736270e-01 -1.97854659e-01 -1.75921983e-01 -1.68222395e-01 -1.58162305e-01 -1.58099911e-01 -1.43564555e-01 -1.26968231e-01 -1.12531223e-01 -9.95052530e-02 -8.29773291e-02 -6.83081920e-02 -4.90558701e-02 -8.81437881e-03 2.33008613e-02 4.99913298e-02 8.88268982e-02 1.22696280e-01 1.36628613e-01 1.59499753e-01 2.03957885e-01 2.21341497e-01 2.47391638e-01 3.19082917e-01 3.52636405e-01 3.38578516e-01 3.59286864e-01 4.04673928e-01 4.04153328e-01 3.81972882e-01 3.85632426e-01 4.38728420e-01 4.82676928e-01 4.48523343e-01 3.57679913e-01 4.67046291e-01 7.58418342e-01
4.01000000e+01 -5.78612375e-01 -6.55846877e-01 -3.50896660e-01 -3.46299681e-01 -3.33432881e-01 -3.72671164e-01 -3.64375537e-01 -3.37478855e-01 -2.88816328e-01 -2.36675090e-01 -2.37587974e-01 -2.25350923e-01 -2.07641394e-01 -1.66100272e-01 -1.30456961e-01 -1.05721035e-01 -9.34235915e-02 -6.25019353e-02 -2.69162162e-02 -6.54350346e-03 1.44591784e-02 5.64251848e-02 8.80505565e-02 1.25011900e-01 1.43933581e-01 1.45882700e-01 1.61425658e-01 1.73282443e-01 1.65991409e-01 1.71771083e-01 1.81618830e-01 1.90089805e-01 1.82778751e-01 1.91023544e-01 1.98384505e-01 2.17217122e-01 2.25660828e-01 2.29344766e-01 2.23217897e-01 1.96399386e-01 1.56963313e-01 1.28944487e-01 9.52246205e-02 6.73421140e-02 4.26274255e-02 6.46806520e-03 -2.81749004e-02 -5.40723140e-02 -9.08038099e-02 -1.17587496e-01 -1.47634401e-01 -1.77981357e-01 -2.16582399e-01 -2.51207076e-01 -2.84503294e-01 -3.11536551e-01 -3.23519706e-01 -3.19565038e-01 -3.13774125e-01 -3.03028297e-01 -2.88753878e-01 -2.66948338e-01 -2.37538094e-01 -2.11920141e-01 -1.98603743e-01 -1.77385007e-01 -1.69807874e-01 -1.59978980e-01 -1.59411877e-01 -1.45952518e-01 -1.29518034e-01 -1.15016677e-01 -1.01228103e-01 -8.51190941e-02 -7.18959763e-02 -5.27363438e-02 -1.15781438e-02 2.04517955e-02 4.73012500e-02 8.86371585e-02 1.22820849e-01 1.36487883e-01 1.61520983e-01 2.05643248e-01 2.21742509e-01 2.50663886e-01 3.22585786e-01 3.53975368e-01 3.37317001e-01 3.61555077e-01 4.05487182e-01 4.03263464e-01 3.83531385e-01 3.87180355e-01 4.40758516e-01 4.84359651e-01 4.48936820e-01 3.58918151e-01 4.69544363e-01 7.59656218e-01
4.02000000e+01 -5.67477421e-01 -6.55714289e-01 -3.46487651e-01 -3.45345198e-01 -3.30188058e-01 -3.71273289e-01 -3.63507943e-01 -3.36638378e-01 -2.89281565e-01 -2.35441096e-01 -2.35787645e-01 -2.25956692e-01 -2.08691671e-01 -1.66036015e-01 -1.29286966e-01 -1.06196110e-01 -9.46009934e-02 -6.39151249e-02 -2.86518838e-02 -8.54034088e-03 1.44738075e-02 5.47289041e-02 8.66806090e-02 1.24450817e-01 1.43552931e-01 1.46141744e-01 1.60920885e-01 1.74305028e-01 1.67054309e-01 1.72028015e-01 1.82063530e-01 1.91412015e-01 1.83964277e-01 1.91602371e-01 1.98634867e-01 2.17641475e-01 2.25740655e-01 2.28389342e-01 2.22442960e-01 1.94514654e-01 1.53660757e-01 1.25968421e-01 9.23607066e-02 6.61140175e-02 4.13635850e-02 5.12987911e-03 -2.91409353e-02 -5.44836723e-02 -9.09106482e-02 -1.17788842e-01 -1.46823777e-01 -1.76314885e-01 -2.14871600e-01 -2.49192698e-01 -2.82533595e-01 -3.10538665e-01 -3.23191406e-01 -3.19793103e-01 -3.14363436e-01 -3.03737199e-01 -2.88463918e-01 -2.67088236e-01 -2.37382490e-01 -2.12129188e-01 -1.99362090e-01 -1.78913814e-01 -1.71400884e-01 -1.61814733e-01 -1.60653803e-01 -1.48334986e-01 -1.32047157e-01 -1.17517622e-01 -1.02912924e-01 -8.72368552e-02 -7.54231616e-02 -5.62768460e-02 -1.43393683e-02 1.75252277e-02 4.46124260e-02 8.85130916e-02 1.22835153e-01 1.36361321e-01 1.63651231e-01 2.07184521e-01 2.22221490e-01 2.54095847e-01 3.25952725e-01 3.55092801e-01 3.36170014e-01 3.63820057e-01 4.06104406e-01 4.02506460e-01 3.85106814e-01 3.88685698e-01 4.42732452e-01 4.86193761e-01 4.49034218e-01 3.60433911e-01 4.71852360e-01 7.60934046e-01
4.03000000e+01 -5.56245403e-01 -6.55572743e-01 -3.41983118e-01 -3.44451562e-01 -3.26907176e-01 -3.69900348e-01 -3.62667349e-01 -3.35862623e-01 -2.89510271e-01 -2.34428946e-01 -2.33853305e-01 -2.26595061e-01 -2.09694404e-01 -1.66062664e-01 -1.28129108e-01 -1.06717003e-01 -9.56032969e-02 -6.53318010e-02 -3.05221035e-02 -1.04955750e-02 1.45627874e-02 5.29321065e-02 8.53425988e-02 1.23792193e-01 1.43139520e-01 1.46434369e-01 1.60364196e-01 1.75243919e-01 1.68155092e-01 1.72329198e-01 1.82499536e-01 1.92632419e-01 1.85209990e-01 1.92237106e-01 1.98887784e-01 2.18041674e-01 2.25767563e-01 2.27397942e-01 2.21557968e-01 1.92567303e-01 1.50397361e-01 1.22977768e-01 8.95081075e-02 6.49337102e-02 4.00633844e-02 3.82132460e-03 -3.00634829e-02 -5.49536619e-02 -9.09794138e-02 -1.18012588e-01 -1.46041541e-01 -1.74698570e-01 -2.13136553e-01 -2.47164178e-01 -2.80544593e-01 -3.09414943e-01 -3.22778818e-01 -3.19988256e-01 -3.14935886e-01 -3.04434718e-01 -2.88095987e-01 -2.67232320e-01 -2.37240758e-01 -2.12365509e-01 -2.00130505e-01 -1.80502850e-01 -1.73002203e-01 -1.63663843e-01 -1.61836520e-01 -1.50706853e-01 -1.34553903e-01 -1.20026642e-01 -1.04571072e-01 -8.93398234e-02 -7.88783804e-02 -5.96698357e-02 -1.71074831e-02 1.45289543e-02 4.19391448e-02 8.84370081e-02 1.22740667e-01 1.36259079e-01 1.65873696e-01 2.08582375e-01 2.22798346e-01 2.57664524e-01 3.29185176e-01 3.55972993e-01 3.35176420e-01 3.66051558e-01 4.06530930e-01 4.01910064e-01 3.86667111e-01 3.90159685e-01 4.44657666e-01 4.88162151e-01 4.48829359e-01 3.62221694e-01 4.73971748e-01 7.62251585e-01
4.04000000e+01 -5.44932975e-01 -6.55405537e-01 -3.37404003e-01 -3.43593140e-01 -3.23610072e-01 -3.68541836e-01 -3.61841109e-01 -3.35172218e-01 -2.89481086e-01 -2.33643732e-01 -2.31804858e-01 -2.27251395e-01 -2.10638395e-01 -1.66184267e-01 -1.27006341e-01 -1.07269311e-01 -9.64269267e-02 -6.67580164e-02 -3.25275363e-02 -1.23871182e-02 1.46974324e-02 5.10512926e-02 8.40379958e-02 1.23031726e-01 1.42698762e-01 1.46749487e-01 1.59769249e-01 1.76093335e-01 1.69284422e-01 1.72684069e-01 1.82929147e-01 1.93744940e-01 1.86511579e-01 1.92930859e-01 1.99146747e-01 2.18412232e-01 2.25740358e-01 2.26376509e-01 2.20556394e-01 1.90555511e-01 1.47180889e-01 1.19975159e-01 8.66740472e-02 6.37925140e-02 3.87282696e-02 2.54292781e-03 -3.09426563e-02 -5.54831585e-02 -9.10115427e-02 -1.18252299e-01 -1.45287815e-01 -1.73137539e-01 -2.11377469e-01 -2.45124326e-01 -2.78540358e-01 -3.08166360e-01 -3.22279418e-01 -3.20149484e-01 -3.15491336e-01 -3.05111105e-01 -2.87661990e-01 -2.67375366e-01 -2.37117513e-01 -2.12631125e-01 -2.00909916e-01 -1.82146132e-01 -1.74612773e-01 -1.65520070e-01 -1.62971789e-01 -1.53062613e-01 -1.37036690e-01 -1.22536074e-01 -1.06214276e-01 -9.14362693e-02 -8.22505959e-02 -6.29095700e-02 -1.98909997e-02 1.14719642e-02 3.92949356e-02 8.83902052e-02 1.22540887e-01 1.36190357e-01 1.68170325e-01 2.09840309e-01 2.23490946e-01 2.61346267e-01 3.32284743e-01 3.56603630e-01 3.34371552e-01 3.68219169e-01 4.06776245e-01 4.01497339e-01 3.88181888e-01 3.91613568e-01 4.46543590e-01 4.90241386e-01 4.48345847e-01 3.64266592e-01 4.75909766e-01 7.63606849e-01
4.05000000e+01 -5.33557280e-01 -6.55194404e-01 -3.32773918e-01 -3.42741696e-01 -3.20318162e-01 -3.67186592e-01 -3.61017542e-01 -3.34583360e-01 -2.89180632e-01 -2.33083270e-01 -2.29666409e-01 -2.27908696e-01 -2.11514520e-01 -1.66403311e-01 -1.25942285e-01 -1.07836923e-01 -9.70711042e-02 -6.81994411e-02 -3.46664634e-02 -1.41945597e-02 1.48480781e-02 4.91049544e-02 8.27665386e-02 1.22166567e-01 1.42235401e-01 1.47075555e-01 1.59150197e-01 1.76848279e-01 1.70432626e-01 1.73101236e-01 1.83354411e-01 1.94745261e-01 1.87864052e-01 1.93685796e-01 1.99415507e-01 2.18748114e-01 2.25657857e-01 2.25330095e-01 2.19432792e-01 1.88477603e-01 1.44018329e-01 1.16963819e-01 8.38657612e-02 6.26811148e-02 3.73604282e-02 1.29486111e-03 -3.17795406e-02 -5.60716337e-02 -9.10094203e-02 -1.18501416e-01 -1.44562678e-01 -1.71636299e-01 -2.09595063e-01 -2.43076113e-01 -2.76523577e-01 -3.06795577e-01 -3.21690494e-01 -3.20275570e-01 -3.16029379e-01 -3.05756265e-01 -2.87174825e-01 -2.67511535e-01 -2.37017525e-01 -2.12927951e-01 -2.01701436e-01 -1.83837297e-01 -1.76233613e-01 -1.67376814e-01 -1.64072084e-01 -1.55396438e-01 -1.39494061e-01 -1.25038176e-01 -1.07854460e-01 -9.35334027e-02 -8.55292428e-02 -6.59922305e-02 -2.26971832e-02 8.36420438e-03 3.66923517e-02 8.83534501e-02 1.22241075e-01 1.36163248e-01 1.70522160e-01 2.10964513e-01 2.24314764e-01 2.65117326e-01 3.35252693e-01 3.56976511e-01 3.33786196e-01 3.70293131e-01 4.06853885e-01 4.01285996e-01 3.89623327e-01 3.93058195e-01 4.48401375e-01 4.92402450e-01 4.47616268e-01 3.66544846e-01 4.77679151e-01 7.64996184e-01
4.06000000e+01 -5.22135755e-01 -6.54919997e-01 -3.28118438e-01 -3.41867259e-01 -3.17053676e-01 -3.65823141e-01 -3.60186142e-01 -3.34107336e-01 -2.88603865e-01 -2.32738205e-01 -2.27465754e-01 -2.28547951e-01 -2.12315801e-01 -1.66720775e-01 -1.24960678e-01 -1.08402554e-01 -9.75377675e-02 -6.96611729e-02 -3.69347230e-02 -1.58997730e-02 1.49848952e-02 4.71130290e-02 8.15263355e-02 1.21195452e-01 1.41753318e-01 1.47400920e-01 1.58521348e-01 1.77504536e-01 1.71590008e-01 1.73588227e-01 1.83777147e-01 1.95630878e-01 1.89261800e-01 1.94503066e-01 1.99698050e-01 2.19044824e-01 2.25518853e-01 2.24262793e-01 2.18182887e-01 1.86332030e-01 1.40915858e-01 1.13947551e-01 8.10904527e-02 6.15897079e-02 3.59627027e-02 7.70292086e-05 -3.25761887e-02 -5.67172000e-02 -9.09763688e-02 -1.18753325e-01 -1.43866168e-01 -1.70198715e-01 -2.07790563e-01 -2.41022634e-01 -2.74495576e-01 -3.05306844e-01 -3.21009217e-01 -3.20365110e-01 -3.16549271e-01 -3.06360012e-01 -2.86648025e-01 -2.67634615e-01 -2.36945582e-01 -2.13257790e-01 -2.02506419e-01 -1.85569681e-01 -1.77865709e-01 -1.69227296e-01 -1.65150356e-01 -1.57702294e-01 -1.41924686e-01 -1.27525268e-01 -1.09503552e-01 -9.56372836e-02 -8.87043562e-02 -6.89160221e-02 -2.55317535e-02 5.21633724e-03 3.41427854e-02 8.83074667e-02 1.21847968e-01 1.36184612e-01 1.72909706e-01 2.11963685e-01 2.25282600e-01 2.68954360e-01 3.38089514e-01 3.57088153e-01 3.33445685e-01 3.72245158e-01 4.06781193e-01 4.01287880e-01 3.90966990e-01 3.94503627e-01 4.50243521e-01 4.94611706e-01 4.46681086e-01 3.69024707e-01 4.79297681e-01 7.66414391e-01
4.07000000e+01 -5.10685930e-01 -6.54562416e-01 -3.23464311e-01 -3.40939064e-01 -3.13838857e-01 -3.64440073e-01 -3.59337700e-01 -3.33750221e-01 -2.87754158e-01 -2.32592358e-01 -2.25233713e-01 -2.29148581e-01 -2.13037408e-01 -1.67136230e-01 -1.24084812e-01 -1.08948301e-01 -9.78314492e-02 -7.11475502e-02 -3.93257058e-02 -1.74874695e-02 1.50787069e-02 4.50963257e-02 8.03140194e-02 1.20118764e-01 1.41255382e-01 1.47714143e-01 1.57896844e-01 1.78058655e-01 1.72747136e-01 1.74151247e-01 1.84198986e-01 1.96401112e-01 1.90698661e-01 1.95382768e-01 1.99998555e-01 2.19298467e-01 2.25322090e-01 2.23177705e-01 2.16803623e-01 1.84117362e-01 1.37878820e-01 1.10930700e-01 7.83552561e-02 6.05081523e-02 3.45384916e-02 -1.11084686e-03 -3.33355804e-02 -5.74166921e-02 -9.09166014e-02 -1.19001437e-01 -1.43198261e-01 -1.68828000e-01 -2.05965711e-01 -2.38967059e-01 -2.72456407e-01 -3.03705826e-01 -3.20232758e-01 -3.20416527e-01 -3.17049872e-01 -3.06912329e-01 -2.86095372e-01 -2.67738290e-01 -2.36906315e-01 -2.13622341e-01 -2.03326486e-01 -1.87336397e-01 -1.79509912e-01 -1.71064765e-01 -1.66219768e-01 -1.59974077e-01 -1.44327344e-01 -1.29989879e-01 -1.11173284e-01 -9.77527602e-02 -9.17666993e-02 -7.16812345e-02 -2.83986262e-02 2.03949908e-03 3.16563165e-02 8.82334109e-02 1.21369448e-01 1.36259996e-01 1.75313297e-01 2.12848783e-01 2.26404357e-01 2.72834883e-01 3.40794552e-01 3.56940254e-01 3.33369130e-01 3.74049223e-01 4.06578973e-01 4.01508625e-01 3.92192500e-01 3.95958820e-01 4.52083422e-01 4.96832029e-01 4.45587263e-01 3.71667552e-01 4.80787556e-01 7.67854907e-01
4.08000000e+01 -4.99225213e-01 -6.54101754e-01 -3.18838640e-01 -3.39926521e-01 -3.10695139e-01 -3.63026429e-01 -3.58464363e-01 -3.33512778e-01 -2.86643113e-01 -2.32623305e-01 -2.23003329e-01 -2.29688978e-01 -2.13676592e-01 -1.67647970e-01 -1.23336957e-01 -1.09456222e-01 -9.79591170e-02 -7.26619764e-02 -4.18304076e-02 -1.89456812e-02 1.51017865e-02 4.30759484e-02 7.91249453e-02 1.18938525e-01 1.40743342e-01 1.48004284e-01 1.57290348e-01 1.78507936e-01 1.73895105e-01 1.74794977e-01 1.84621414e-01 1.97057071e-01 1.92168006e-01 1.96323943e-01 2.00321329e-01 2.19505805e-01 2.25066252e-01 2.22076951e-01 2.15293169e-01 1.81832296e-01 1.34911711e-01 1.07918079e-01 7.56672061e-02 5.94261273e-02 3.30916458e-02 -2.26915802e-03 -3.40615440e-02 -5.81657836e-02 -9.08351398e-02 -1.19239275e-01 -1.42558839e-01 -1.67526717e-01 -2.04122748e-01 -2.36912575e-01 -2.70404978e-01 -3.01999386e-01 -3.19358411e-01 -3.20428098e-01 -3.17529569e-01 -3.07403634e-01 -2.85530517e-01 -2.67816408e-01 -2.36904032e-01 -2.14023218e-01 -2.04163525e-01 -1.89130447e-01 -1.81166820e-01 -1.72882715e-01 -1.67293407e-01 -1.62205796e-01 -1.46700888e-01 -1.32424864e-01 -1.12875001e-01 -9.98834267e-02 -9.47078984e-02 -7.42902564e-02 -3.12997047e-02 -1.15493302e-03 2.92416000e-02 8.81133200e-02 1.20814203e-01 1.36393579e-01 1.77713463e-01 2.13632744e-01 2.27686898e-01 2.76737646e-01 3.43365737e-01 3.56539999e-01 3.33568816e-01 3.75682299e-01 4.06271036e-01 4.01947499e-01 3.93284083e-01 3.97431380e-01 4.53934844e-01 4.99024095e-01 4.44386670e-01 3.74429233e-01 4.82174622e-01 7.69310026e-01
4.09000000e+01 -4.87770685e-01 -6.53518655e-01 -3.14268043e-01 -3.38800184e-01 -3.07642346e-01 -3.61572098e-01 -3.57559605e-01 -3.33390532e-01 -2.85290118e-01 -2.32803165e-01 -2.20808944e-01 -2.30147110e-01 -2.14232553e-01 -1.68253175e-01 -1.22737805e-01 -1.09908918e-01 -9.79299814e-02 -7.42067604e-02 -4.44375373e-02 -2.02661590e-02 1.50286086e-02 4.10727326e-02 7.79534265e-02 1.17658331e-01 1.40217783e-01 1.48261147e-01 1.56714759e-01 1.78850409e-01 1.75025755e-01 1.75522413e-01 1.85045828e-01 1.97601584e-01 1.93662826e-01 1.97324600e-01 2.00670719e-01 2.19664289e-01 2.24749965e-01 2.20961713e-01 2.13650895e-01 1.79475686e-01 1.32018168e-01 1.04914876e-01 7.30332060e-02 5.83332893e-02 3.16263657e-02 -3.39835478e-03 -3.47586436e-02 -5.89591347e-02 -9.07376963e-02 -1.19460574e-01 -1.41947641e-01 -1.66296800e-01 -2.02264390e-01 -2.34862325e-01 -2.68339228e-01 -3.00195338e-01 -3.18383740e-01 -3.20397977e-01 -3.17986215e-01 -3.07825038e-01 -2.84966606e-01 -2.67863257e-01 -2.36942543e-01 -2.14461986e-01 -2.05019667e-01 -1.90944839e-01 -1.82836666e-01 -1.74675110e-01 -1.68383986e-01 -1.64391760e-01 -1.49044196e-01 -1.34823526e-01 -1.14619463e-01 -1.02031600e-01 -9.75205918e-02 -7.67475331e-02 -3.42347298e-02 -4.35556344e-03 2.69057943e-02 8.79305222e-02 1.20191372e-01 1.36588166e-01 1.80091277e-01 2.14330157e-01 2.29133984e-01 2.80642941e-01 3.45799413e-01 3.55900186e-01 3.34049789e-01 3.77125034e-01 4.05883638e-01 4.02597424e-01 3.94230949e-01 3.98927390e-01 4.55811360e-01 5.01147750e-01 4.43134314e-01 3.77261604e-01 4.83487487e-01 7.70771161e-01
4.10000000e+01 -4.76338888e-01 -6.52794867e-01 -3.09777838e-01 -3.37532688e-01 -3.04697934e-01 -3.60068191e-01 -3.56618149e-01 -3.33374035e-01 -2.83721664e-01 -2.33099573e-01 -2.18685195e-01 -2.30501179e-01 -2.14706259e-01 -1.68948094e-01 -1.22305932e-01 -1.10290090e-01 -9.77552733e-02 -7.57829831e-02 -4.71336710e-02 -2.14446772e-02 1.48365293e-02 3.91067121e-02 7.67929977e-02 1.16283216e-01 1.39678117e-01 1.48475502e-01 1.56181956e-01 1.79084839e-01 1.76131827e-01 1.76334758e-01 1.85473586e-01 1.98039112e-01 1.95175817e-01 1.98381755e-01 2.01051025e-01 2.19772083e-01 2.24371817e-01 2.19832301e-01 2.11877302e-01 1.77046597e-01 1.29200964e-01 1.01926542e-01 7.04599867e-02 5.72194291e-02 3.01470985e-02 -4.49891819e-03 -3.54320376e-02 -5.97905660e-02 -9.06305216e-02 -1.19659380e-01 -1.41364221e-01 -1.65139562e-01 -2.00393806e-01 -2.32819342e-01 -2.66256328e-01 -2.98302183e-01 -3.17306719e-01 -3.20324214e-01 -3.18417064e-01 -3.08168586e-01 -2.84415925e-01 -2.67873821e-01 -2.37025012e-01 -2.14940185e-01 -2.05897229e-01 -1.92772709e-01 -1.84519222e-01 -1.76436595e-01 -1.69503551e-01 -1.66526791e-01 -1.51356116e-01 -1.37179726e-01 -1.16416647e-01 -1.04198316e-01 -1.00198592e-01 -7.90594615e-02 -3.72011935e-02 -7.55118853e-03 2.46545344e-02 8.76699940e-02 1.19510214e-01 1.36845210e-01 1.82428689e-01 2.14956901e-01 2.30746281e-01 2.84532823e-01 3.48090285e-01 3.55039162e-01 3.34809632e-01 3.78362340e-01 4.05444854e-01 4.03445200e-01 3.95027506e-01 4.00451323e-01 4.57725750e-01 5.03163439e-01 4.41886476e-01 3.80114178e-01 4.84756541e-01 7.72229132e-01
4.11000000e+01 -4.64945633e-01 -6.51913749e-01 -3.05391267e-01 -3.36099619e-01 -3.01876304e-01 -3.58507374e-01 -3.55635828e-01 -3.33449286e-01 -2.81970451e-01 -2.33476798e-01 -2.16665955e-01 -2.30730303e-01 -2.15100215e-01 -1.69728246e-01 -1.22057314e-01 -1.10585078e-01 -9.74479943e-02 -7.73903949e-02 -4.99034459e-02 -2.24812364e-02 1.45063774e-02 3.71966282e-02 7.56366964e-02 1.14819474e-01 1.39122608e-01 1.48639249e-01 1.55702558e-01 1.79210749e-01 1.77207057e-01 1.77231356e-01 1.85906060e-01 1.98375631e-01 1.96699468e-01 1.99491492e-01 2.01466391e-01 2.19828070e-01 2.23930396e-01 2.18688249e-01 2.09973926e-01 1.74544376e-01 1.26462005e-01 9.89586865e-02 6.79540492e-02 5.60746333e-02 2.86584361e-02 -5.57135439e-03 -3.60873140e-02 -6.06532492e-02 -9.05202282e-02 -1.19830153e-01 -1.40807897e-01 -1.64055727e-01 -1.98514586e-01 -2.30786481e-01 -2.64152892e-01 -2.96328855e-01 -3.16125868e-01 -3.20204767e-01 -3.18818727e-01 -3.08427481e-01 -2.83889585e-01 -2.67844014e-01 -2.37153834e-01 -2.15459357e-01 -2.06798631e-01 -1.94607451e-01 -1.86213718e-01 -1.78162676e-01 -1.70663196e-01 -1.68606410e-01 -1.53635419e-01 -1.39487989e-01 -1.18275556e-01 -1.06383340e-01 -1.02737057e-01 -8.12342203e-02 -4.01943193e-02 -1.07309953e-02 2.24919493e-02 8.73186569e-02 1.18779790e-01 1.37164870e-01 1.84708826e-01 2.15529759e-01 2.32521453e-01 2.88391248e-01 3.50231471e-01 3.53980582e-01 3.35838458e-01 3.79383866e-01 4.04983872e-01 4.04471894e-01 3.95673408e-01 4.02006022e-01 4.59689411e-01 5.05033626e-01 4.40698789e-01 3.82935848e-01 4.86012927e-01 7.73674468e-01
4.12000000e+01 -4.53605818e-01 -6.50860756e-01 -3.01128793e-01 -3.34480283e-01 -2.99188218e-01 -3.56884155e-01 -3.54609401e-01 -3.33598304e-01 -2.80074306e-01 -2.33896973e-01 -2.14783262e-01 -2.30815205e-01 -2.15418201e-01 -1.70588635e-01 -1.22004895e-01 -1.10781345e-01 -9.70226432e-02 -7.90273502e-02 -5.27297849e-02 -2.33801609e-02 1.40229350e-02 3.53594903e-02 7.44773541e-02 1.13274441e-01 1.38548439e-01 1.48745571e-01 1.55285722e-01 1.79228464e-01 1.78246207e-01 1.78209685e-01 1.86344660e-01 1.98618511e-01 1.98226133e-01 2.00649040e-01 2.01920706e-01 2.19831839e-01 2.23424351e-01 2.17528404e-01 2.07943224e-01 1.71968741e-01 1.23802320e-01 9.60169767e-02 6.55215792e-02 5.48894513e-02 2.71650084e-02 -6.61620979e-03 -3.67303096e-02 -6.15399088e-02 -9.04135932e-02 -1.19967874e-01 -1.40277722e-01 -1.63045438e-01 -1.96630720e-01 -2.28766351e-01 -2.62025196e-01 -2.94284478e-01 -3.14840370e-01 -3.20037501e-01 -3.19187145e-01 -3.08596260e-01 -2.83397248e-01 -2.67770887e-01 -2.37330554e-01 -2.16021063e-01 -2.07726301e-01 -1.96442833e-01 -1.87918800e-01 -1.79849877e-01 -1.71872824e-01 -1.70626998e-01 -1.55880756e-01 -1.41743612e-01 -1.20204027e-01 -1.08585203e-01 -1.05132658e-01 -8.32815383e-02 -4.32071087e-02 -1.38847471e-02 2.04207211e-02 8.68656074e-02 1.18008676e-01 1.37546099e-01 1.86916258e-01 2.16066013e-01 2.34454334e-01 2.92204121e-01 3.52214678e-01 3.52752979e-01 3.37119107e-01 3.80184365e-01 4.04530248e-01 4.05653416e-01 3.96173423e-01 4.03592760e-01 4.61711779e-01 5.06724167e-01 4.39624350e-01 3.85676629e-01 4.87287484e-01 7.75097727e-01
4.13000000e+01 -4.42333269e-01 -6.49623843e-01 -2.97007502e-01 -3.32658351e-01 -2.96640334e-01 -3.55195102e-01 -3.53536352e-01 -3.33799816e-01 -2.78074963e-01 -2.34321384e-01 -2.13066269e-01 -2.30738873e-01 -2.15664986e-01 -1.71523950e-01 -1.22158228e-01 -1.10868913e-01 -9.64949220e-02 -8.06907799e-02 -5.55941436e-02 -2.41500906e-02 1.33752985e-02 3.36101959e-02 7.33078861e-02 1.11656256e-01 1.37951801e-01 1.48789043e-01 1.54938955e-01 1.79139187e-01 1.79245043e-01 1.79265400e-01 1.86790857e-01 1.98776387e-01 1.99748094e-01 2.01848859e-01 2.02417494e-01 2.19783660e-01 2.22852455e-01 2.16351027e-01 2.05788436e-01 1.69319879e-01 1.21222058e-01 9.31070690e-02 6.31683318e-02 5.36550707e-02 2.56713708e-02 -7.63410190e-03 -3.73669174e-02 -6.24430268e-02 -9.03173524e-02 -1.20068141e-01 -1.39772457e-01 -1.62108278e-01 -1.94746577e-01 -2.26761243e-01 -2.59869402e-01 -2.92178149e-01 -3.13450152e-01 -3.19820179e-01 -3.19517589e-01 -3.08670943e-01 -2.82946917e-01 -2.67652784e-01 -2.37555837e-01 -2.16626881e-01 -2.08682569e-01 -1.98273105e-01 -1.89632519e-01 -1.81495838e-01 -1.73140933e-01 -1.72585910e-01 -1.58090640e-01 -1.43942771e-01 -1.22208541e-01 -1.10801266e-01 -1.07383746e-01 -8.52124088e-02 -4.62304523e-02 -1.70029533e-02 1.84421821e-02 8.63022774e-02 1.17204723e-01 1.37986752e-01 1.89037228e-01 2.16583017e-01 2.36537165e-01 2.95959261e-01 3.54030474e-01 3.51389153e-01 3.38627560e-01 3.80763918e-01 4.04113144e-01 4.06961235e-01 3.96537150e-01 4.05211357e-01 4.63799808e-01 5.08205577e-01 4.38711919e-01 3.88289347e-01 4.88609711e-01 7.76489797e-01
4.14000000e+01 -4.31140602e-01 -6.48193808e-01 -2.93040609e-01 -3.30622353e-01 -2.94234884e-01 -3.53438979e-01 -3.52414673e-01 -3.34030041e-01 -2.76016746e-01 -2.34711783e-01 -2.11540251e-01 -2.30487179e-01 -2.15846033e-01 -1.72528767e-01 -1.22523193e-01 -1.10840730e-01 -9.58814295e-02 -8.23761994e-02 -5.84767765e-02 -2.48038667e-02 1.25571084e-02 3.19612155e-02 7.21215718e-02 1.09973608e-01 1.37327992e-01 1.48765726e-01 1.54667952e-01 1.78945087e-01 1.80200256e-01 1.80392426e-01 1.87246179e-01 1.98859025e-01 2.01257613e-01 2.03084756e-01 2.02959803e-01 2.19684446e-01 2.22213686e-01 2.15153876e-01 2.03513464e-01 1.66598546e-01 1.18720475e-01 9.02345653e-02 6.08994847e-02 5.23634989e-02 2.41818846e-02 -8.62575986e-03 -3.80028889e-02 -6.33550477e-02 -9.02379928e-02 -1.20127261e-01 -1.39290570e-01 -1.61243272e-01 -1.92866889e-01 -2.24773069e-01 -2.57681768e-01 -2.90018744e-01 -3.11955948e-01 -3.19550439e-01 -3.19804688e-01 -3.08649120e-01 -2.82544776e-01 -2.67489455e-01 -2.37829472e-01 -2.17278391e-01 -2.09669546e-01 -2.00093086e-01 -1.91352363e-01 -1.83099384e-01 -1.74474461e-01 -1.74481531e-01 -1.60263443e-01 -1.46082619e-01 -1.24294047e-01 -1.13027808e-01 -1.09490483e-01 -8.70387629e-02 -4.92532979e-02 -2.00770167e-02 1.65564420e-02 8.56225260e-02 1.16374849e-01 1.38483709e-01 1.91059835e-01 2.17097778e-01 2.38759902e-01 2.99646290e-01 3.55668668e-01 3.49925417e-01 3.40333539e-01 3.81128019e-01 4.03760552e-01 4.08363236e-01 3.96778579e-01 4.06860358e-01 4.65957519e-01 5.09454151e-01 4.38004259e-01 3.90731232e-01 4.90006780e-01 7.77842205e-01
4.15000000e+01 -4.20039118e-01 -6.46564550e-01 -2.89237108e-01 -3.28366009e-01 -2.91969504e-01 -3.51616795e-01 -3.51242649e-01 -3.34263532e-01 -2.73945186e-01 -2.35031680e-01 -2.10225709e-01 -2.30049416e-01 -2.15967219e-01 -1.73597724e-01 -1.23101803e-01 -1.10692955e-01 -9.51993474e-02 -8.40777482e-02 -6.13570184e-02 -2.53583145e-02 1.15666481e-02 3.04223469e-02 7.09123161e-02 1.08235483e-01 1.36671545e-01 1.48673237e-01 1.54476461e-01 1.78649400e-01 1.81109355e-01 1.81583097e-01 1.87712179e-01 1.98877194e-01 2.02746971e-01 2.04350006e-01 2.03550101e-01 2.19535709e-01 2.21507309e-01 2.13934270e-01 2.01122745e-01 1.63806148e-01 1.16295934e-01 8.74050019e-02 5.87194669e-02 5.10077456e-02 2.27005954e-02 -9.59206861e-03 -3.86436347e-02 -6.42685770e-02 -9.01815533e-02 -1.20142341e-01 -1.38830239e-01 -1.60448879e-01 -1.90996744e-01 -2.22803299e-01 -2.55458853e-01 -2.87814744e-01 -3.10359326e-01 -3.19225770e-01 -3.20042491e-01 -3.08529993e-01 -2.82195106e-01 -2.67282111e-01 -2.38150435e-01 -2.17977143e-01 -2.10689015e-01 -2.01898231e-01 -1.93075317e-01 -1.84660534e-01 -1.75878679e-01 -1.76313283e-01 -1.62397410e-01 -1.48161380e-01 -1.26463790e-01 -1.15260149e-01 -1.11454953e-01 -8.87731174e-02 -5.22628701e-02 -2.30993518e-02 1.47625363e-02 8.48226659e-02 1.15524882e-01 1.39033013e-01 1.92974178e-01 2.17626534e-01 2.41110575e-01 3.03256455e-01 3.57118761e-01 3.48400697e-01 3.42201306e-01 3.81287514e-01 4.03498558e-01 4.09824671e-01 3.96915524e-01 4.08537249e-01 4.68185637e-01 5.10452892e-01 4.37536695e-01 3.92965341e-01 4.91502636e-01 7.79147378e-01
4.16000000e+01 -4.09038723e-01 -6.44733232e-01 -2.85601565e-01 -3.25888381e-01 -2.89837225e-01 -3.49731756e-01 -3.50018661e-01 -3.34474044e-01 -2.71905640e-01 -2.35247560e-01 -2.09137605e-01 -2.29418745e-01 -2.16034567e-01 -1.74725662e-01 -1.23892109e-01 -1.10425176e-01 -9.44661294e-02 -8.57882535e-02 -6.42135854e-02 -2.58339229e-02 1.04068103e-02 2.90005409e-02 6.96748847e-02 1.06450933e-01 1.35976357e-01 1.48510781e-01 1.54366179e-01 1.78256518e-01 1.81970534e-01 1.82828337e-01 1.88190398e-01 1.98842526e-01 2.04208496e-01 2.05637496e-01 2.04190159e-01 2.19339512e-01 2.20732943e-01 2.12689144e-01 1.98621148e-01 1.60944821e-01 1.13945909e-01 8.46238655e-02 5.66317738e-02 4.95819980e-02 2.12311132e-02 -1.05341118e-02 -3.92940326e-02 -6.51765717e-02 -9.01534407e-02 -1.20111357e-01 -1.38389384e-01 -1.59722982e-01 -1.89141569e-01 -2.20852918e-01 -2.53197700e-01 -2.85574083e-01 -3.08662695e-01 -3.18843473e-01 -3.20224555e-01 -3.08314369e-01 -2.81900255e-01 -2.67033427e-01 -2.38516974e-01 -2.18724613e-01 -2.11742327e-01 -2.03684681e-01 -1.94797955e-01 -1.86180490e-01 -1.77357136e-01 -1.78081576e-01 -1.64490688e-01 -1.50178421e-01 -1.28719180e-01 -1.17492800e-01 -1.13281226e-01 -9.04282165e-02 -5.52449310e-02 -2.60634661e-02 1.30585875e-02 8.39014289e-02 1.14659452e-01 1.39630003e-01 1.94772447e-01 2.18184354e-01 2.43575686e-01 3.06782389e-01 3.58370474e-01 3.46855522e-01 3.44190608e-01 3.81258392e-01 4.03350637e-01 4.11309194e-01 3.96968947e-01 4.10238697e-01 4.70481353e-01 5.11192221e-01 4.37335922e-01 3.94961796e-01 4.93117200e-01 7.80398897e-01
4.17000000e+01 -3.98147887e-01 -6.42700343e-01 -2.82134059e-01 -3.23193842e-01 -2.87826630e-01 -3.47789125e-01 -3.48741014e-01 -3.34635408e-01 -2.69941936e-01 -2.35329992e-01 -2.08284761e-01 -2.28592525e-01 -2.16054015e-01 -1.75907732e-01 -1.24888197e-01 -1.10040526e-01 -9.36991968e-02 -8.74993145e-02 -6.70248966e-02 -2.62544240e-02 9.08493697e-03 2.76997999e-02 6.84051070e-02 1.04628852e-01 1.35235830e-01 1.48279163e-01 1.54336685e-01 1.77772064e-01 1.82782531e-01 1.84117877e-01 1.88682303e-01 1.98767390e-01 2.05634585e-01 2.06939879e-01 2.04880950e-01 2.19098425e-01 2.19890622e-01 2.11415078e-01 1.96013890e-01 1.58017468e-01 1.11667021e-01 8.18966264e-02 5.46387834e-02 4.80817775e-02 1.97765030e-02 -1.14532094e-02 -3.99582487e-02 -6.60725175e-02 -9.01582694e-02 -1.20033208e-01 -1.37965706e-01 -1.59062867e-01 -1.87307117e-01 -2.18922401e-01 -2.50896004e-01 -2.83304009e-01 -3.06869296e-01 -3.18400633e-01 -3.20344056e-01 -3.08004593e-01 -2.81660675e-01 -2.66747487e-01 -2.38926729e-01 -2.19522162e-01 -2.12830302e-01 -2.05449278e-01 -1.96516552e-01 -1.87661584e-01 -1.78911641e-01 -1.79787740e-01 -1.66541365e-01 -1.52134299e-01 -1.31059673e-01 -1.19719642e-01 -1.14975360e-01 -9.20166824e-02 -5.81840755e-02 -2.89639961e-02 1.14419684e-02 8.28598771e-02 1.13781919e-01 1.40269460e-01 1.96448978e-01 2.18784766e-01 2.46140630e-01 3.10217838e-01 3.59414301e-01 3.45330937e-01 3.46257768e-01 3.81061435e-01 4.03337028e-01 4.12779933e-01 3.96962189e-01 4.11960808e-01 4.72838204e-01 5.11670424e-01 4.37419107e-01 3.96698757e-01 4.94865725e-01 7.81591689e-01
4.18000000e+01 -3.87373629e-01 -6.40469676e-01 -2.78830281e-01 -3.20291862e-01 -2.85922170e-01 -3.45795979e-01 -3.47407811e-01 -3.34722365e-01 -2.68095104e-01 -2.35254590e-01 -2.07669440e-01 -2.27572513e-01 -2.16031230e-01 -1.77139458e-01 -1.26080291e-01 -1.09545727e-01 -9.29156497e-02 -8.92013991e-02 -6.97694205e-02 -2.66462742e-02 7.61253756e-03 2.65211484e-02 6.71000420e-02 1.02777785e-01 1.34443025e-01 1.47980747e-01 1.54385422e-01 1.77202917e-01 1.83544490e-01 1.85440500e-01 1.89189220e-01 1.98664746e-01 2.07017727e-01 2.08249734e-01 2.05622552e-01 2.18815483e-01 2.18980831e-01 2.10108315e-01 1.93306464e-01 1.55027783e-01 1.09455087e-01 7.92287810e-02 5.27415931e-02 4.65040666e-02 1.83391937e-02 -1.23509474e-02 -4.06395808e-02 -6.69505872e-02 -9.01997320e-02 -1.19907750e-01 -1.37556733e-01 -1.58465198e-01 -1.85499446e-01 -2.17011717e-01 -2.48552251e-01 -2.81010967e-01 -3.04983168e-01 -3.17894091e-01 -3.20393923e-01 -3.07604443e-01 -2.81475008e-01 -2.66429673e-01 -2.39376860e-01 -2.20370989e-01 -2.13953158e-01 -2.07189571e-01 -1.98227196e-01 -1.89107202e-01 -1.80542299e-01 -1.81433918e-01 -1.68547511e-01 -1.54030774e-01 -1.33482715e-01 -1.21934124e-01 -1.16545358e-01 -9.35506930e-02 -6.10640535e-02 -3.17966961e-02 9.90945936e-03 8.17012686e-02 1.12894346e-01 1.40945742e-01 1.98000255e-01 2.19439423e-01 2.48790118e-01 3.13557359e-01 3.60242097e-01 3.43867368e-01 3.48356878e-01 3.80721729e-01 4.03474183e-01 4.14200580e-01 3.96920155e-01 4.13699381e-01 4.75246098e-01 5.11893833e-01 4.37793331e-01 3.98163133e-01 4.96758305e-01 7.82722191e-01
4.19000000e+01 -3.76721542e-01 -6.38048193e-01 -2.75681780e-01 -3.17196625e-01 -2.84104629e-01 -3.43760887e-01 -3.46016864e-01 -3.34711341e-01 -2.66402215e-01 -2.35002789e-01 -2.07287134e-01 -2.26364927e-01 -2.15971464e-01 -1.78416745e-01 -1.27454952e-01 -1.08951033e-01 -9.21319971e-02 -9.08839531e-02 -7.24260493e-02 -2.70380420e-02 6.00489653e-03 2.54626737e-02 6.57581031e-02 1.00905771e-01 1.33590819e-01 1.47619373e-01 1.54507734e-01 1.76557206e-01 1.84255832e-01 1.86784304e-01 1.89712267e-01 1.98548004e-01 2.08350531e-01 2.09559708e-01 2.06414079e-01 2.18494142e-01 2.18004517e-01 2.08764777e-01 1.90504583e-01 1.51980243e-01 1.07305204e-01 7.66258892e-02 5.09398924e-02 4.48473938e-02 1.69209091e-02 -1.32291982e-02 -4.13403313e-02 -6.78057729e-02 -9.02805058e-02 -1.19735795e-01 -1.37159892e-01 -1.57926008e-01 -1.83724875e-01 -2.15120348e-01 -2.46165824e-01 -2.78700498e-01 -3.03009109e-01 -3.17320427e-01 -3.20366985e-01 -3.07118986e-01 -2.81340223e-01 -2.66086515e-01 -2.39864191e-01 -2.21272108e-01 -2.15110443e-01 -2.08903788e-01 -1.99925912e-01 -1.90521683e-01 -1.82247569e-01 -1.83022970e-01 -1.70507224e-01 -1.55870795e-01 -1.35983712e-01 -1.24129486e-01 -1.18001036e-01 -9.50416952e-02 -6.38681145e-02 -3.45583743e-02 8.45739234e-03 8.04308835e-02 1.11997520e-01 1.41652920e-01 1.99424872e-01 2.20157825e-01 2.51508598e-01 3.16796012e-01 3.60847653e-01 3.42503474e-01 3.50441064e-01 3.80268057e-01 4.03774322e-01 4.15536450e-01 3.96868452e-01 4.15450152e-01 4.77691477e-01 5.11876722e-01 4.38455360e-01 3.99350983e-01 4.98799560e-01 7.83788447e-01
4.20000000e+01 -3.66195842e-01 -6.35445808e-01 -2.72676346e-01 -3.13926486e-01 -2.82351723e-01 -3.41693501e-01 -3.44565664e-01 -3.34581137e-01 -2.64895380e-01 -2.34562419e-01 -2.07126565e-01 -2.24980375e-01 -2.15879457e-01 -1.79735851e-01 -1.28995377e-01 -1.08270097e-01 -9.13639118e-02 -9.25355177e-02 -7.49744980e-02 -2.74597099e-02 4.28057944e-03 2.45196345e-02 6.43791373e-02 9.90202104e-02 1.32672076e-01 1.47200217e-01 1.54696969e-01 1.75844240e-01 1.84916152e-01 1.88136967e-01 1.90252290e-01 1.98430861e-01 2.09625780e-01 2.10862659e-01 2.07253618e-01 2.18138233e-01 2.16963089e-01 2.07380067e-01 1.87614137e-01 1.48880077e-01 1.05211867e-01 7.40935984e-02 4.92318897e-02 4.31118671e-02 1.55226284e-02 -1.40901311e-02 -4.20617154e-02 -6.86339866e-02 -9.04022020e-02 -1.19519082e-01 -1.36772578e-01 -1.57440687e-01 -1.81989931e-01 -2.13247342e-01 -2.43737086e-01 -2.76377165e-01 -3.00952621e-01 -3.16675945e-01 -3.20256119e-01 -3.06554393e-01 -2.81251793e-01 -2.65725493e-01 -2.40385340e-01 -2.22226328e-01 -2.16301012e-01 -2.10590799e-01 -2.01608779e-01 -1.91910192e-01 -1.84024364e-01 -1.84558368e-01 -1.72418673e-01 -1.57658455e-01 -1.38556058e-01 -1.26298989e-01 -1.19353842e-01 -9.65001665e-02 -6.65793701e-02 -3.72467816e-02 7.08177885e-03 7.90558212e-02 1.11091006e-01 1.42384918e-01 2.00723443e-01 2.20947103e-01 2.54280630e-01 3.19929061e-01 3.61227249e-01 3.41275023e-01 3.52463793e-01 3.79732187e-01 4.04245102e-01 4.16755497e-01 3.96832540e-01 4.17209005e-01 4.80157625e-01 5.11640921e-01 4.39391790e-01 4.00267609e-01 5.00988510e-01 7.84790163e-01
4.21000000e+01 -3.55799451e-01 -6.32675084e-01 -2.69798529e-01 -3.10503280e-01 -2.80638812e-01 -3.39604088e-01 -3.43051399e-01 -3.34313511e-01 -2.63600926e-01 -2.33928045e-01 -2.07169908e-01 -2.23433631e-01 -2.15759396e-01 -1.81093305e-01 -1.30681797e-01 -1.07519739e-01 -9.06260140e-02 -9.41438560e-02 -7.73957272e-02 -2.79419021e-02 2.46085211e-03 2.36846336e-02 6.29644554e-02 9.71277684e-02 1.31679824e-01 1.46729598e-01 1.54944639e-01 1.75074391e-01 1.85525132e-01 1.89486014e-01 1.90809809e-01 1.98327124e-01 2.10836494e-01 2.12151758e-01 2.08138206e-01 2.17751912e-01 2.15858392e-01 2.05949490e-01 1.84641148e-01 1.45733215e-01 1.03169100e-01 7.16376436e-02 4.76143033e-02 4.12991514e-02 1.41445763e-02 -1.49362130e-02 -4.28038098e-02 -6.94321217e-02 -9.05653598e-02 -1.19260207e-01 -1.36392233e-01 -1.57004006e-01 -1.80301259e-01 -2.11391383e-01 -2.41267426e-01 -2.74044506e-01 -2.98819835e-01 -3.15956686e-01 -3.20054407e-01 -3.05917724e-01 -2.81203916e-01 -2.65354805e-01 -2.40936853e-01 -2.23234253e-01 -2.17523016e-01 -2.12250059e-01 -2.03272033e-01 -1.93278570e-01 -1.85868166e-01 -1.86044095e-01 -1.74280143e-01 -1.59398913e-01 -1.41191199e-01 -1.28436154e-01 -1.20616586e-01 -9.79354266e-02 -6.91811702e-02 -3.98604562e-02 5.77841884e-03 7.75847726e-02 1.10173235e-01 1.43135637e-01 2.01898463e-01 2.21811880e-01 2.57091223e-01 3.22951701e-01 3.61380146e-01 3.40213829e-01 3.54380176e-01 3.79148065e-01 4.04889405e-01 4.17829243e-01 3.96836899e-01 4.18972157e-01 4.82625113e-01 5.11215162e-01 4.40579524e-01 4.00927334e-01 5.03318639e-01 7.85728691e-01
4.22000000e+01 -3.45534105e-01 -6.29750854e-01 -2.67030251e-01 -3.06951526e-01 -2.78939702e-01 -3.37503010e-01 -3.41471031e-01 -3.33893635e-01 -2.62538774e-01 -2.33101079e-01 -2.07393216e-01 -2.21743292e-01 -2.15614914e-01 -1.82485797e-01 -1.32491948e-01 -1.06719627e-01 -8.99316876e-02 -9.56960909e-02 -7.96723789e-02 -2.85150549e-02 5.69028414e-04 2.29478526e-02 6.15168085e-02 9.52343122e-02 1.30607433e-01 1.46214729e-01 1.55240648e-01 1.74258932e-01 1.86082478e-01 1.90819068e-01 1.91384988e-01 1.98250524e-01 2.11976037e-01 2.13420568e-01 2.09063828e-01 2.17339593e-01 2.14692677e-01 2.04468068e-01 1.81591734e-01 1.42546218e-01 1.01170622e-01 6.92638174e-02 4.60824231e-02 3.94123885e-02 1.27862436e-02 -1.57701994e-02 -4.35655454e-02 -7.01980734e-02 -9.07694856e-02 -1.18962540e-01 -1.36016434e-01 -1.56610156e-01 -1.78665526e-01 -2.09550870e-01 -2.38759272e-01 -2.71705016e-01 -2.96617431e-01 -3.15158438e-01 -3.19755286e-01 -3.05216702e-01 -2.81189756e-01 -2.64983112e-01 -2.41515327e-01 -2.24296273e-01 -2.18773934e-01 -2.13881551e-01 -2.04912166e-01 -1.94633162e-01 -1.87773180e-01 -1.87484562e-01 -1.76090076e-01 -1.61098301e-01 -1.43878740e-01 -1.30535003e-01 -1.21803128e-01 -9.93555029e-02 -7.16574867e-02 -4.23985331e-02 4.54299246e-03 7.60277738e-02 1.09241633e-01 1.43899086e-01 2.02954123e-01 2.22754215e-01 2.59926115e-01 3.25858819e-01 3.61309012e-01 3.39346777e-01 3.56148244e-01 3.78550948e-01 4.05705253e-01 4.18733598e-01 3.96904251e-01 4.20736290e-01 4.85072361e-01 5.10634168e-01 4.41986595e-01 4.01352973e-01 5.05778141e-01 7.86606974e-01
4.23000000e+01 -3.35400485e-01 -6.26689785e-01 -2.64351520e-01 -3.03297536e-01 -2.77227502e-01 -3.35400182e-01 -3.39821415e-01 -3.33310417e-01 -2.61722040e-01 -2.32089647e-01 -2.07767061e-01 -2.19931307e-01 -2.15449135e-01 -1.83910023e-01 -1.34401634e-01 -1.05891879e-01 -8.92929295e-02 -9.71788564e-02 -8.17892148e-02 -2.92085496e-02 -1.37023526e-03 2.22973444e-02 6.00403095e-02 9.33448758e-02 1.29448801e-01 1.45663438e-01 1.55573558e-01 1.73409834e-01 1.86587883e-01 1.92124076e-01 1.91977607e-01 1.98214504e-01 2.13038234e-01 2.14663093e-01 2.10025448e-01 2.16905875e-01 2.13468557e-01 2.02930570e-01 1.78472080e-01 1.39326193e-01 9.92100077e-02 6.69779070e-02 4.46302410e-02 3.74560678e-02 1.14464363e-02 -1.65951182e-02 -4.43447454e-02 -7.09307170e-02 -9.10131325e-02 -1.18630094e-01 -1.35642975e-01 -1.56252814e-01 -1.77089288e-01 -2.07724010e-01 -2.36216076e-01 -2.69360166e-01 -2.94352536e-01 -3.14276770e-01 -3.19352683e-01 -3.04459461e-01 -2.81201722e-01 -2.64619271e-01 -2.42117533e-01 -2.25412554e-01 -2.20050636e-01 -2.15485706e-01 -2.06526000e-01 -1.95980622e-01 -1.89732494e-01 -1.88884528e-01 -1.77847109e-01 -1.62763601e-01 -1.46606592e-01 -1.32590280e-01 -1.22928008e-01 -1.00767048e-01 -7.39932943e-02 -4.48605290e-02 3.37113740e-03 7.43959468e-02 1.08292781e-01 1.44669498e-01 2.03896080e-01 2.23773630e-01 2.62771973e-01 3.28644817e-01 3.61020245e-01 3.38694980e-01 3.57730151e-01 3.77976495e-01 4.06685858e-01 4.19449548e-01 3.97054862e-01 4.22498646e-01 4.87476316e-01 5.09937530e-01 4.43573279e-01 4.01575024e-01 5.08350349e-01 7.87429424e-01
4.24000000e+01 -3.25398365e-01 -6.23509892e-01 -2.61741188e-01 -2.99568474e-01 -2.75475514e-01 -3.33304514e-01 -3.38099472e-01 -3.32556676e-01 -2.61156861e-01 -2.30908229e-01 -2.08257347e-01 -2.18022394e-01 -2.15264751e-01 -1.85362525e-01 -1.36385336e-01 -1.05060577e-01 -8.87202356e-02 -9.85784667e-02 -8.37335402e-02 -3.00498349e-02 -3.33167935e-03 2.17193783e-02 5.85403003e-02 9.14636556e-02 1.28198531e-01 1.45083846e-01 1.55930913e-01 1.72539546e-01 1.87041002e-01 1.93389507e-01 1.92587061e-01 1.98232006e-01 2.14017524e-01 2.15873782e-01 2.11017064e-01 2.16455454e-01 2.12188966e-01 2.01331562e-01 1.75288423e-01 1.36080687e-01 9.72808702e-02 6.47855977e-02 4.32506404e-02 3.54358576e-02 1.01233508e-02 -1.74142458e-02 -4.51382073e-02 -7.16298456e-02 -9.12940154e-02 -1.18267400e-01 -1.35269941e-01 -1.55925239e-01 -1.75578850e-01 -2.05908898e-01 -2.33642273e-01 -2.67010442e-01 -2.92032629e-01 -3.13307072e-01 -3.18841135e-01 -3.03654301e-01 -2.81231760e-01 -2.64272057e-01 -2.42740527e-01 -2.26583007e-01 -2.21349491e-01 -2.17063339e-01 -2.08110760e-01 -1.97327704e-01 -1.91738267e-01 -1.90249030e-01 -1.79550120e-01 -1.64402501e-01 -1.49361160e-01 -1.34597660e-01 -1.24006046e-01 -1.02175305e-01 -7.61749403e-02 -4.72461173e-02 2.25851627e-03 7.27012267e-02 1.07322593e-01 1.45441447e-01 2.04731178e-01 2.24867225e-01 2.65616535e-01 3.31303488e-01 3.60524184e-01 3.38273087e-01 3.59093271e-01 3.77459835e-01 4.07819796e-01 4.19963694e-01 3.97305934e-01 4.24257065e-01 4.89813204e-01 5.09168390e-01 4.45293486e-01 4.01630592e-01 5.11014317e-01 7.88201759e-01
4.25000000e+01 -3.15526777e-01 -6.20230017e-01 -2.59177762e-01 -2.95791391e-01 -2.73658118e-01 -3.31223382e-01 -3.36302385e-01 -3.31629184e-01 -2.60842442e-01 -2.29577071e-01 -2.08826288e-01 -2.16043377e-01 -2.15064137e-01 -1.86839509e-01 -1.38416876e-01 -1.04251215e-01 -8.82225224e-02 -9.98811052e-02 -8.54955940e-02 -3.10635677e-02 -5.29019396e-03 2.11988327e-02 5.70231685e-02 8.95940326e-02 1.26852103e-01 1.44484040e-01 1.56299577e-01 1.71660757e-01 1.87441444e-01 1.94604534e-01 1.93212370e-01 1.98315233e-01 2.14909118e-01 2.17047525e-01 2.12031795e-01 2.15993037e-01 2.10857104e-01 1.99665464e-01 1.72047037e-01 1.32817568e-01 9.53770262e-02 6.26923486e-02 4.19356286e-02 3.33584130e-02 8.81466997e-03 -1.82310789e-02 -4.59418265e-02 -7.22960732e-02 -9.16091507e-02 -1.17879356e-01 -1.34895780e-01 -1.55620385e-01 -1.74140112e-01 -2.04103593e-01 -2.31043221e-01 -2.64655415e-01 -2.89665424e-01 -3.12244620e-01 -3.18215889e-01 -3.02809441e-01 -2.81271648e-01 -2.63949897e-01 -2.43381761e-01 -2.27807231e-01 -2.22666496e-01 -2.18615561e-01 -2.09664132e-01 -1.98681053e-01 -1.93781927e-01 -1.91583319e-01 -1.81198260e-01 -1.66023216e-01 -1.52127576e-01 -1.36553922e-01 -1.25051948e-01 -1.03584114e-01 -7.81904890e-02 -4.95549054e-02 1.20087833e-03 7.09560825e-02 1.06326534e-01 1.46209942e-01 2.05467146e-01 2.26029868e-01 2.68448663e-01 3.33827972e-01 3.59835179e-01 3.38088771e-01 3.60211162e-01 3.77034658e-01 4.09091309e-01 4.20268619e-01 3.97671117e-01 4.26009973e-01 4.92059350e-01 5.08371998e-01 4.47096361e-01 4.01562109e-01 5.13745550e-01 7.88930792e-01
4.26000000e+01 -3.05784182e-01 -6.16869300e-01 -2.56640203e-01 -2.91992269e-01 -2.71751624e-01 -3.29162117e-01 -3.34427825e-01 -3.30528557e-01 -2.60771335e-01 -2.28121417e-01 -2.09433521e-01 -2.14022439e-01 -2.14849484e-01 -1.88336664e-01 -1.40470099e-01 -1.03490092e-01 -8.78070839e-02 -1.01073037e-01 -8.70688841e-02 -3.22708030e-02 -7.22156495e-03 2.07196270e-02 5.54961236e-02 8.77386161e-02 1.25406031e-01 1.43871739e-01 1.56666099e-01 1.70786154e-01 1.87788777e-01 1.95759166e-01 1.93852208e-01 1.98475422e-01 2.15709169e-01 2.18179613e-01 2.13061988e-01 2.15523238e-01 2.09476385e-01 1.97926623e-01 1.68754247e-01 1.29544892e-01 9.34926585e-02 6.07032452e-02 4.06765911e-02 3.12311760e-02 7.51767785e-03 -1.90493013e-02 -4.67507552e-02 -7.29307115e-02 -9.19550112e-02 -1.17471078e-01 -1.34519363e-01 -1.55331029e-01 -1.72778414e-01 -2.02306192e-01 -2.28425114e-01 -2.62293831e-01 -2.87258771e-01 -3.11084645e-01 -3.17472968e-01 -3.01932782e-01 -2.81313304e-01 -2.63660626e-01 -2.44039184e-01 -2.29084429e-01 -2.23997439e-01 -2.20143698e-01 -2.11184319e-01 -2.00046987e-01 -1.95854377e-01 -1.92892796e-01 -1.82791006e-01 -1.67634281e-01 -1.54889975e-01 -1.38457062e-01 -1.26079904e-01 -1.04995950e-01 -8.00300301e-02 -5.17862284e-02 1.94119111e-04 6.91732335e-02 1.05299849e-01 1.46970507e-01 2.06112275e-01 2.27254448e-01 2.71258351e-01 3.36210782e-01 3.58971529e-01 3.38142428e-01 3.61064353e-01 3.76732327e-01 4.10480717e-01 4.20363075e-01 3.98160150e-01 4.27756327e-01 4.94192020e-01 5.07594171e-01 4.48928049e-01 4.01415865e-01 5.16516846e-01 7.89624196e-01
4.27000000e+01 -2.96168648e-01 -6.13446651e-01 -2.54108717e-01 -2.88195120e-01 -2.69735064e-01 -3.27123570e-01 -3.32474187e-01 -3.29259024e-01 -2.60929899e-01 -2.26570550e-01 -2.10037309e-01 -2.11988342e-01 -2.14622945e-01 -1.89848991e-01 -1.42519569e-01 -1.02803665e-01 -8.74795847e-02 -1.02140839e-01 -8.84504494e-02 -3.36882665e-02 -9.10319362e-03 2.02651841e-02 5.39669419e-02 8.58993041e-02 1.23858009e-01 1.43253973e-01 1.57017073e-01 1.69928182e-01 1.88082540e-01 1.96844372e-01 1.94504939e-01 1.98722596e-01 2.16414934e-01 2.19265697e-01 2.14099358e-01 2.15050487e-01 2.08050370e-01 1.96109417e-01 1.65416436e-01 1.26270758e-01 9.16224606e-02 5.88228379e-02 3.94645466e-02 2.90621857e-02 6.22938560e-03 -1.98727472e-02 -4.75595893e-02 -7.35356274e-02 -9.23276854e-02 -1.17047751e-01 -1.34140025e-01 -1.55049915e-01 -1.71498380e-01 -2.00514882e-01 -2.25794894e-01 -2.59923715e-01 -2.84820529e-01 -3.09822421e-01 -3.16609218e-01 -3.01031687e-01 -2.81349084e-01 -2.63411263e-01 -2.44711322e-01 -2.30413312e-01 -2.25338072e-01 -2.21649203e-01 -2.12670098e-01 -2.01431295e-01 -1.97946209e-01 -1.94182948e-01 -1.84328200e-01 -1.69244315e-01 -1.57631813e-01 -1.40306366e-01 -1.27103236e-01 -1.06411984e-01 -8.16859402e-02 -5.39389709e-02 -7.65661468e-04 6.73653660e-02 1.04237810e-01 1.47719239e-01 2.06675091e-01 2.28532183e-01 2.74036650e-01 3.38443904e-01 3.57955262e-01 3.38427080e-01 3.61640936e-01 3.76581068e-01 4.11964948e-01 4.20251990e-01 3.98778631e-01 4.29495510e-01 4.96190271e-01 5.06879716e-01 4.50733554e-01 4.01240425e-01 5.19299222e-01 7.90290225e-01
4.28000000e+01 -2.86678022e-01 -6.09980235e-01 -2.51565483e-01 -2.84421153e-01 -2.67590880e-01 -3.25107738e-01 -3.30440818e-01 -3.27828084e-01 -2.61298959e-01 -2.24956713e-01 -2.10595818e-01 -2.09969615e-01 -2.14386789e-01 -1.91370649e-01 -1.44541237e-01 -1.02217885e-01 -8.72440854e-02 -1.03071655e-01 -8.96410308e-02 -3.53277363e-02 -1.09147711e-02 1.98189115e-02 5.24436948e-02 8.40773552e-02 1.22207038e-01 1.42636780e-01 1.57339501e-01 1.69098812e-01 1.88322267e-01 1.97852163e-01 1.95168673e-01 1.99065336e-01 2.17024927e-01 2.20301728e-01 2.15135131e-01 2.14578927e-01 2.06582699e-01 1.94208363e-01 1.62040066e-01 1.23003165e-01 8.97617618e-02 5.70549745e-02 3.82903831e-02 2.68599077e-02 4.94666406e-03 -2.07053596e-02 -4.83625744e-02 -7.41130936e-02 -9.27230334e-02 -1.16614488e-01 -1.33757602e-01 -1.54769899e-01 -1.70303769e-01 -1.98728006e-01 -2.23160136e-01 -2.57542506e-01 -2.82358450e-01 -3.08453373e-01 -3.15622326e-01 -3.00112774e-01 -2.81372057e-01 -2.63207829e-01 -2.45397342e-01 -2.31791989e-01 -2.26684278e-01 -2.23133580e-01 -2.14120874e-01 -2.02839061e-01 -2.00047908e-01 -1.95459280e-01 -1.85810113e-01 -1.70861757e-01 -1.60336226e-01 -1.42102402e-01 -1.28134079e-01 -1.07832169e-01 -8.31530894e-02 -5.60114222e-02 -1.68210419e-03 6.55448594e-02 1.03135975e-01 1.48452838e-01 2.07164029e-01 2.29852957e-01 2.76775562e-01 3.40518973e-01 3.56811772e-01 3.38928523e-01 3.61936941e-01 3.76605236e-01 4.13518155e-01 4.19946284e-01 3.99527933e-01 4.31227207e-01 4.98035758e-01 5.06270880e-01 4.52458648e-01 4.01084977e-01 5.22062894e-01 7.90937437e-01
4.29000000e+01 -2.77310098e-01 -6.06486999e-01 -2.48995318e-01 -2.80688060e-01 -2.65305502e-01 -3.23111504e-01 -3.28328233e-01 -3.26246055e-01 -2.61854604e-01 -2.23313929e-01 -2.11068401e-01 -2.07993744e-01 -2.14143537e-01 -1.92894832e-01 -1.46513083e-01 -1.01757536e-01 -8.71031015e-02 -1.03853451e-01 -9.06451387e-02 -3.71955605e-02 -1.26388894e-02 1.93646876e-02 5.09344716e-02 8.22734652e-02 1.20453541e-01 1.42024936e-01 1.57621124e-01 1.68309311e-01 1.88507515e-01 1.98775651e-01 1.95841334e-01 1.99510543e-01 2.17539053e-01 2.21283903e-01 2.16160223e-01 2.14112323e-01 2.05077011e-01 1.92218250e-01 1.58631687e-01 1.19749877e-01 8.79066305e-02 5.54026339e-02 3.71450604e-02 2.46330931e-02 3.66637561e-03 -2.15511426e-02 -4.91538209e-02 -7.46656390e-02 -9.31368322e-02 -1.16176190e-01 -1.33372437e-01 -1.54484098e-01 -1.69197341e-01 -1.96944127e-01 -2.20528917e-01 -2.55147197e-01 -2.79880038e-01 -3.06973191e-01 -3.14510814e-01 -2.99181730e-01 -2.81376255e-01 -2.63055215e-01 -2.46097082e-01 -2.33217864e-01 -2.28032227e-01 -2.24598304e-01 -2.15536732e-01 -2.04274512e-01 -2.02150040e-01 -1.96727233e-01 -1.87237502e-01 -1.72494579e-01 -1.62986412e-01 -1.43846960e-01 -1.29183127e-01 -1.09255331e-01 -8.44289886e-02 -5.80011691e-02 -2.55854295e-03 6.37235278e-02 1.01990443e-01 1.49168616e-01 2.07587138e-01 2.31205674e-01 2.79467891e-01 3.42427514e-01 3.55569305e-01 3.39625688e-01 3.61956481e-01 3.76824687e-01 4.15112411e-01 4.19462507e-01 4.00405257e-01 4.32951236e-01 4.99713489e-01 5.05805865e-01 4.54051735e-01 4.00997668e-01 5.24778285e-01 7.91574395e-01
4.30000000e+01 -2.68062773e-01 -6.02982252e-01 -2.46386230e-01 -2.77009428e-01 -2.62869779e-01 -3.21128472e-01 -3.26138299e-01 -3.24525561e-01 -2.62569108e-01 -2.21676756e-01 -2.11416873e-01 -2.06086400e-01 -2.13896089e-01 -1.94413683e-01 -1.48415697e-01 -1.01445598e-01 -8.70576903e-02 -1.04475288e-01 -9.14710101e-02 -3.92923277e-02 -1.42615702e-02 1.88873374e-02 4.94471070e-02 8.04878479e-02 1.18599450e-01 1.41421717e-01 1.57850737e-01 1.67570035e-01 1.88637913e-01 1.99609082e-01 1.96520734e-01 2.00063239e-01 2.17958716e-01 2.22208608e-01 2.17165410e-01 2.13653962e-01 2.03536860e-01 1.90134280e-01 1.55197942e-01 1.16518302e-01 8.60539518e-02 5.38677685e-02 3.60197745e-02 2.23906664e-02 2.38549796e-03 -2.24141039e-02 -4.99275179e-02 -7.51959074e-02 -9.35649066e-02 -1.15737430e-01 -1.32985382e-01 -1.54186034e-01 -1.68180724e-01 -1.95162105e-01 -2.17909675e-01 -2.52734507e-01 -2.77392395e-01 -3.05377964e-01 -3.13274023e-01 -2.98243152e-01 -2.81356879e-01 -2.62957092e-01 -2.46811058e-01 -2.34687556e-01 -2.29378503e-01 -2.26044767e-01 -2.16918484e-01 -2.05740913e-01 -2.04243422e-01 -1.97992109e-01 -1.88611681e-01 -1.74149995e-01 -1.65566034e-01 -1.45542922e-01 -1.30259437e-01 -1.10679271e-01 -8.55138732e-02 -5.99050269e-02 -3.39796887e-03 6.19123867e-02 1.00798103e-01 1.49864468e-01 2.07951811e-01 2.32578625e-01 2.82107061e-01 3.44161236e-01 3.54258323e-01 3.40491235e-01 3.61711648e-01 3.77254278e-01 4.16718468e-01 4.18822313e-01 4.01403820e-01 4.34667380e-01 5.01212473e-01 5.05517478e-01 4.55465630e-01 4.01023978e-01 5.27417009e-01 7.92209374e-01
4.31000000e+01 -2.58934183e-01 -5.99479306e-01 -2.43729859e-01 -2.73394309e-01 -2.60279255e-01 -3.19148935e-01 -3.23874373e-01 -3.22680954e-01 -2.63411936e-01 -2.20079046e-01 -2.11606714e-01 -2.04270713e-01 -2.13647813e-01 -1.95918248e-01 -1.50232783e-01 -1.01302652e-01 -8.71075642e-02 -1.04927584e-01 -9.21304489e-02 -4.16127056e-02 -1.57726957e-02 1.83730796e-02 4.79889241e-02 7.87203159e-02 1.16648270e-01 1.40828718e-01 1.58018448e-01 1.66890224e-01 1.88713205e-01 2.00347839e-01 1.97204653e-01 2.00726374e-01 2.18286890e-01 2.23072371e-01 2.18141519e-01 2.13206563e-01 2.01965638e-01 1.87952213e-01 1.51745558e-01 1.13315396e-01 8.42014793e-02 5.24511605e-02 3.49060835e-02 2.01416374e-02 1.10123191e-03 -2.32981867e-02 -5.06781383e-02 -7.57065294e-02 -9.40032437e-02 -1.15302349e-01 -1.32597770e-01 -1.53869767e-01 -1.67254302e-01 -1.93381197e-01 -2.15311028e-01 -2.50301073e-01 -2.74902051e-01 -3.03664326e-01 -3.11912071e-01 -2.97300409e-01 -2.81310452e-01 -2.62915881e-01 -2.47540426e-01 -2.36196845e-01 -2.30720190e-01 -2.27474243e-01 -2.18267697e-01 -2.07240502e-01 -2.06319263e-01 -1.99258986e-01 -1.89934589e-01 -1.75834171e-01 -1.68059619e-01 -1.47194085e-01 -1.31370292e-01 -1.12100882e-01 -8.64107253e-02 -6.17190069e-02 -4.20300942e-03 6.01214534e-02 9.95568651e-02 1.50538825e-01 2.08264552e-01 2.33959825e-01 2.84686935e-01 3.45712369e-01 3.52910754e-01 3.41492349e-01 3.61222185e-01 3.77903497e-01 4.18306557e-01 4.18051775e-01 4.02513163e-01 4.36375212e-01 5.02526252e-01 5.05431952e-01 4.56659179e-01 4.01205206e-01 5.29952816e-01 7.92850078e-01
4.32000000e+01 -2.49922821e-01 -5.95989188e-01 -2.41021787e-01 -2.69846958e-01 -2.57534267e-01 -3.17159970e-01 -3.21541387e-01 -3.20727713e-01 -2.64350795e-01 -2.18552716e-01 -2.11608175e-01 -2.02566639e-01 -2.13402599e-01 -1.97398494e-01 -1.51951578e-01 -1.01346348e-01 -8.72512234e-02 -1.05202372e-01 -9.26385506e-02 -4.41454525e-02 -1.71663243e-02 1.78099279e-02 4.65664985e-02 7.69703618e-02 1.14605109e-01 1.40245720e-01 1.58115904e-01 1.66277830e-01 1.88733310e-01 2.00988425e-01 1.97890920e-01 2.01500691e-01 2.18528156e-01 2.23871826e-01 2.19079599e-01 2.12772188e-01 2.00366499e-01 1.85668503e-01 1.48281331e-01 1.10147592e-01 8.23478597e-02 5.11522957e-02 3.37960065e-02 1.78950299e-02 -1.88914244e-04 -2.42071861e-02 -5.14006263e-02 -7.62000108e-02 -9.44480908e-02 -1.14874580e-01 -1.32211375e-01 -1.53530013e-01 -1.66417120e-01 -1.91601169e-01 -2.12741587e-01 -2.47843653e-01 -2.72414783e-01 -3.01829604e-01 -3.10425812e-01 -2.96355553e-01 -2.81234903e-01 -2.62932769e-01 -2.48286932e-01 -2.37740655e-01 -2.32054927e-01 -2.28887860e-01 -2.19586697e-01 -2.08774478e-01 -2.08369281e-01 -2.00532630e-01 -1.91208847e-01 -1.77551955e-01 -1.70452953e-01 -1.48804943e-01 -1.32521129e-01 -1.13516259e-01 -8.71252316e-02 -6.34383191e-02 -4.97592368e-03 5.83595876e-02 9.82658623e-02 1.51190585e-01 2.08530795e-01 2.35337349e-01 2.87201616e-01 3.47074025e-01 3.51559150e-01 3.42591719e-01 3.60514918e-01 3.78776239e-01 4.19847197e-01 4.17180576e-01 4.03719572e-01 4.38073925e-01 5.03653284e-01 5.05567986e-01 4.57598673e-01 4.01577093e-01 5.32362457e-01 7.93503384e-01
4.33000000e+01 -2.41027635e-01 -5.92520437e-01 -2.38261692e-01 -2.66366743e-01 -2.54639879e-01 -3.15145659e-01 -3.19145873e-01 -3.18681830e-01 -2.65352697e-01 -2.17126614e-01 -2.11397238e-01 -2.00990422e-01 -2.13164860e-01 -1.98843376e-01 -1.53563162e-01 -1.01590943e-01 -8.74861010e-02 -1.05293558e-01 -9.30133143e-02 -4.68736019e-02 -1.84408804e-02 1.71880284e-02 4.51854544e-02 7.52372407e-02 1.12476671e-01 1.39670627e-01 1.58136453e-01 1.65739363e-01 1.88698372e-01 2.01528432e-01 1.98577480e-01 2.02384633e-01 2.18688680e-01 2.24603693e-01 2.19971095e-01 2.12352152e-01 1.98742304e-01 1.83280420e-01 1.44812096e-01 1.07020754e-01 8.04926295e-02 4.99692584e-02 3.26821079e-02 1.56598119e-02 -1.48706876e-03 -2.51446488e-02 -5.20905632e-02 -7.66786387e-02 -9.48960352e-02 -1.14457194e-01 -1.31828349e-01 -1.53162239e-01 -1.65666813e-01 -1.89822404e-01 -2.10209748e-01 -2.45359344e-01 -2.69935439e-01 -2.99871968e-01 -3.08816771e-01 -2.95409271e-01 -2.81129577e-01 -2.63007778e-01 -2.49052825e-01 -2.39313078e-01 -2.33380932e-01 -2.30286599e-01 -2.20878552e-01 -2.10343024e-01 -2.10385795e-01 -2.01817420e-01 -1.92437803e-01 -1.79306640e-01 -1.72733446e-01 -1.50380446e-01 -1.33715523e-01 -1.14920828e-01 -8.76656800e-02 -6.50574081e-02 -5.71861250e-03 5.66343787e-02 9.69256214e-02 1.51819026e-01 2.08754755e-01 2.36699624e-01 2.89645264e-01 3.48240565e-01 3.50235791e-01 3.43748667e-01 3.59622993e-01 3.79870731e-01 4.21312009e-01 4.16241092e-01 4.05006585e-01 4.39762192e-01 5.04597166e-01 5.05936043e-01 4.58258994e-01 4.02168647e-01 5.34626442e-01 7.94175101e-01
4.34000000e+01 -2.32248088e-01 -5.89078994e-01 -2.35453370e-01 -2.62948251e-01 -2.51605634e-01 -3.13087448e-01 -3.16695918e-01 -3.16559220e-01 -2.66384988e-01 -2.15825487e-01 -2.10956401e-01 -1.99554193e-01 -2.12939481e-01 -2.00240979e-01 -1.55062656e-01 -1.02046931e-01 -8.78087116e-02 -1.05197165e-01 -9.32751496e-02 -4.97748144e-02 -1.95992101e-02 1.64999185e-02 4.38502988e-02 7.35200512e-02 1.10271197e-01 1.39099460e-01 1.58075255e-01 1.65279773e-01 1.88608811e-01 2.01966502e-01 1.99262433e-01 2.03374320e-01 2.18776145e-01 2.25264783e-01 2.20807995e-01 2.11946952e-01 1.97095576e-01 1.80786148e-01 1.41344700e-01 1.03940168e-01 7.86361861e-02 4.88986495e-02 3.15575824e-02 1.34448190e-02 -2.79497030e-03 -2.61137587e-02 -5.27443096e-02 -7.71444041e-02 -9.53440663e-02 -1.14052688e-01 -1.31451139e-01 -1.52762740e-01 -1.64999557e-01 -1.88046017e-01 -2.07723480e-01 -2.42845801e-01 -2.67467765e-01 -2.97790563e-01 -3.07087082e-01 -2.94460891e-01 -2.80995181e-01 -2.63139867e-01 -2.49840766e-01 -2.40907442e-01 -2.34696986e-01 -2.31671291e-01 -2.22147026e-01 -2.11945365e-01 -2.12361803e-01 -2.03117267e-01 -1.93625559e-01 -1.81099764e-01 -1.74890466e-01 -1.51925741e-01 -1.34955221e-01 -1.16309466e-01 -8.80427963e-02 -6.65700243e-02 -6.43264059e-03 5.49520815e-02 9.55381935e-02 1.52423700e-01 2.08939341e-01 2.38035684e-01 2.92011929e-01 3.49207952e-01 3.48971763e-01 3.44920405e-01 3.58584915e-01 3.81179611e-01 4.22674494e-01 4.15267406e-01 4.06355581e-01 4.41438048e-01 5.05366667e-01 5.06537926e-01 4.58624471e-01 4.03001208e-01 5.36729667e-01 7.94869778e-01
4.35000000e+01 -2.23584209e-01 -5.85668163e-01 -2.32604597e-01 -2.59581552e-01 -2.48445147e-01 -3.10964608e-01 -3.14201051e-01 -3.14375162e-01 -2.67416323e-01 -2.14669113e-01 -2.10275254e-01 -1.98265708e-01 -2.12731707e-01 -2.01578721e-01 -1.56449291e-01 -1.02720773e-01 -8.82147908e-02 -1.04911570e-01 -9.34462918e-02 -5.28218821e-02 -2.06484997e-02 1.57406924e-02 4.25643034e-02 7.18178160e-02 1.07998370e-01 1.38526423e-01 1.57929337e-01 1.64902373e-01 1.88465349e-01 2.02302295e-01 1.99944062e-01 2.04463595e-01 2.18799627e-01 2.25852020e-01 2.21582951e-01 2.11556204e-01 1.95428480e-01 1.78184861e-01 1.37885959e-01 1.00910540e-01 7.67797360e-02 4.79355305e-02 3.04163512e-02 1.12586617e-02 -4.11396828e-03 -2.71172098e-02 -5.33591236e-02 -7.75989399e-02 -9.57896183e-02 -1.13662997e-01 -1.31082386e-01 -1.52328686e-01 -1.64410069e-01 -1.86273941e-01 -2.05290116e-01 -2.40301431e-01 -2.65014270e-01 -2.95585625e-01 -3.05239416e-01 -2.93508450e-01 -2.80833652e-01 -2.63327058e-01 -2.50653715e-01 -2.42516413e-01 -2.36002415e-01 -2.33042622e-01 -2.23396499e-01 -2.13579849e-01 -2.14291053e-01 -2.04435537e-01 -1.94776971e-01 -1.82930978e-01 -1.76915614e-01 -1.53445927e-01 -1.36240226e-01 -1.17676629e-01 -8.82695242e-02 -6.79693279e-02 -7.11926691e-03 5.33175998e-02 9.41072425e-02 1.53004334e-01 2.09086103e-01 2.39335385e-01 2.94295413e-01 3.49974085e-01 3.47796032e-01 3.46063360e-01 3.57443444e-01 3.82690147e-01 4.23910759e-01 4.14294271e-01 4.07746415e-01 4.43098820e-01 5.05975594e-01 5.07366655e-01 4.58689403e-01 4.04087763e-01 5.38661887e-01 7.95590549e-01
4.36000000e+01 -2.15036605e-01 -5.82288681e-01 -2.29726854e-01 -2.56252643e-01 -2.45175544e-01 -3.08754819e-01 -3.11672058e-01 -3.12143793e-01 -2.68417535e-01 -2.13671618e-01 -2.09350830e-01 -1.97128237e-01 -2.12546967e-01 -2.02843626e-01 -1.57726353e-01 -1.03614730e-01 -8.86994159e-02 -1.04437745e-01 -9.35501427e-02 -5.59833687e-02 -2.16000596e-02 1.49080643e-02 4.13294399e-02 7.01295585e-02 1.05669165e-01 1.37944026e-01 1.57697592e-01 1.64608797e-01 1.88269026e-01 2.02536465e-01 2.00620807e-01 2.05644138e-01 2.18769417e-01 2.26362484e-01 2.22289369e-01 2.11178591e-01 1.93742818e-01 1.75476769e-01 1.34442616e-01 9.79360307e-02 7.49252235e-02 4.70733977e-02 2.92531729e-02 9.10961215e-03 -5.44504235e-03 -2.81570745e-02 -5.39332581e-02 -7.80434727e-02 -9.62305951e-02 -1.13289550e-01 -1.30724814e-01 -1.51858148e-01 -1.63891634e-01 -1.84508983e-01 -2.02916171e-01 -2.37725567e-01 -2.62576132e-01 -2.93258551e-01 -3.03276910e-01 -2.92548813e-01 -2.80647967e-01 -2.63566590e-01 -2.51494816e-01 -2.44132133e-01 -2.37297053e-01 -2.34401141e-01 -2.24631879e-01 -2.15244044e-01 -2.16168107e-01 -2.05774978e-01 -1.95897628e-01 -1.84797964e-01 -1.78802945e-01 -1.54945821e-01 -1.37568914e-01 -1.19016475e-01 -8.83607541e-02 -6.92480270e-02 -7.77947910e-03 5.17345166e-02 9.26380899e-02 1.53560712e-01 2.09195226e-01 2.40589569e-01 2.96489165e-01 3.50539072e-01 3.46734569e-01 3.47134534e-01 3.56244366e-01 3.84384610e-01 4.25000174e-01 4.13356065e-01 4.09158083e-01 4.44741102e-01 5.06442461e-01 5.08406647e-01 4.58458238e-01 4.05432569e-01 5.40418032e-01 7.96339028e-01
4.37000000e+01 -2.06606451e-01 -5.78938853e-01 -2.26834916e-01 -2.52944036e-01 -2.41816780e-01 -3.06434830e-01 -3.09120732e-01 -3.09877686e-01 -2.69362385e-01 -2.12841001e-01 -2.08187716e-01 -1.96140615e-01 -2.12390652e-01 -2.04022659e-01 -1.58900994e-01 -1.04726810e-01 -8.92570975e-02 -1.03779482e-01 -9.36105584e-02 -5.92243636e-02 -2.24689786e-02 1.40023219e-02 4.01463756e-02 6.84543731e-02 1.03295660e-01 1.37343265e-01 1.57380737e-01 1.64399013e-01 1.88021177e-01 2.02670653e-01 2.01291223e-01 2.06905662e-01 2.18696806e-01 2.26793472e-01 2.22921455e-01 2.10811844e-01 1.92040043e-01 1.72663146e-01 1.31021292e-01 9.50202998e-02 7.30752462e-02 4.63041900e-02 2.80637649e-02 7.00547510e-03 -6.78883140e-03 -2.92346757e-02 -5.44660363e-02 -7.84787873e-02 -9.66653752e-02 -1.12933345e-01 -1.30381091e-01 -1.51350103e-01 -1.63436185e-01 -1.82754841e-01 -2.00607189e-01 -2.35118591e-01 -2.60153148e-01 -2.90811937e-01 -3.01203109e-01 -2.91577854e-01 -2.80441907e-01 -2.63855063e-01 -2.52367271e-01 -2.45746385e-01 -2.38581201e-01 -2.35747253e-01 -2.25858477e-01 -2.16934832e-01 -2.17988405e-01 -2.07137640e-01 -1.96993805e-01 -1.86696432e-01 -1.80549126e-01 -1.56429751e-01 -1.38938181e-01 -1.20322982e-01 -8.83330076e-02 -7.03985480e-02 -8.41402826e-03 5.02051655e-02 9.11377159e-02 1.54092568e-01 2.09265568e-01 2.41790176e-01 2.98586216e-01 3.50905457e-01 3.45809528e-01 3.48092869e-01 3.55035177e-01 3.86240768e-01 4.25925932e-01 4.12485767e-01 4.10569402e-01 4.46360777e-01 5.06789987e-01 5.09634200e-01 4.57945399e-01 4.07031054e-01 5.41998334e-01 7.97115256e-01
4.38000000e+01 -1.98295458e-01 -5.75614776e-01 -2.23946321e-01 -2.49635479e-01 -2.38390838e-01 -3.03981189e-01 -3.06559565e-01 -3.07587495e-01 -2.70228175e-01 -2.12178894e-01 -2.06797913e-01 -1.95297448e-01 -2.12267830e-01 -2.05103117e-01 -1.59983919e-01 -1.06050844e-01 -8.98818386e-02 -1.02943606e-01 -9.36511104e-02 -6.25073266e-02 -2.32736594e-02 1.30261710e-02 3.90145279e-02 6.67914881e-02 1.00890817e-01 1.36713843e-01 1.56981221e-01 1.64271365e-01 1.87723404e-01 2.02707486e-01 2.01953905e-01 2.08236152e-01 2.18593839e-01 2.27142560e-01 2.23474230e-01 2.10452736e-01 1.90321285e-01 1.69746330e-01 1.27628419e-01 9.21665686e-02 7.12329619e-02 4.56183355e-02 2.68449226e-02 4.95344666e-03 -8.14566240e-03 -3.03504730e-02 -5.49579074e-02 -7.89052041e-02 -9.70927996e-02 -1.12595047e-01 -1.30053710e-01 -1.50804428e-01 -1.63034417e-01 -1.81016079e-01 -1.98367623e-01 -2.32482009e-01 -2.57743757e-01 -2.88249548e-01 -2.99021915e-01 -2.90590666e-01 -2.80219788e-01 -2.64188601e-01 -2.53274212e-01 -2.47350788e-01 -2.39855585e-01 -2.37081222e-01 -2.27081888e-01 -2.18648508e-01 -2.19748318e-01 -2.08524806e-01 -1.98072394e-01 -1.88620183e-01 -1.82153502e-01 -1.57901385e-01 -1.40343611e-01 -1.21590062e-01 -8.82040868e-02 -7.14132350e-02 -9.02346069e-03 4.87307378e-02 8.96147170e-02 1.54599478e-01 2.09294738e-01 2.42930307e-01 3.00579169e-01 3.51078369e-01 3.45038532e-01 3.48900547e-01 3.53863728e-01 3.88232499e-01 4.26675503e-01 4.11713981e-01 4.11959666e-01 4.47953101e-01 5.07044437e-01 5.11018263e-01 4.57174764e-01 4.08870035e-01 5.43408289e-01 7.97917698e-01
4.39000000e+01 -1.90105816e-01 -5.72310627e-01 -2.21080746e-01 -2.46304780e-01 -2.34920864e-01 -3.01371014e-01 -3.04001390e-01 -3.05281708e-01 -2.70996188e-01 -2.11680544e-01 -2.05200457e-01 -1.94589465e-01 -2.12182944e-01 -2.06073056e-01 -1.60988950e-01 -1.07576667e-01 -9.05671610e-02 -1.01940161e-01 -9.36943444e-02 -6.57929982e-02 -2.40352474e-02 1.19844747e-02 3.79321734e-02 6.51403187e-02 9.84682322e-02 1.36044428e-01 1.56503090e-01 1.64222664e-01 1.87377518e-01 2.02650585e-01 2.02607400e-01 2.09622163e-01 2.18473046e-01 2.27407674e-01 2.23943504e-01 2.10097102e-01 1.88587388e-01 1.66729721e-01 1.24270172e-01 8.93776896e-02 6.94019920e-02 4.50048430e-02 2.55946203e-02 2.95997292e-03 -9.51557167e-03 -3.15039731e-02 -5.54104778e-02 -7.93225721e-02 -9.75121452e-02 -1.12275085e-01 -1.29744855e-01 -1.50221873e-01 -1.62675940e-01 -1.79298052e-01 -1.96200775e-01 -2.29818476e-01 -2.55345111e-01 -2.85576245e-01 -2.96737553e-01 -2.89581795e-01 -2.79986171e-01 -2.64562992e-01 -2.54218564e-01 -2.48937003e-01 -2.41121307e-01 -2.38403165e-01 -2.28307850e-01 -2.20380876e-01 -2.21445200e-01 -2.09936927e-01 -1.99140798e-01 -1.90561244e-01 -1.83618099e-01 -1.59363598e-01 -1.41779659e-01 -1.22811668e-01 -8.79926942e-02 -7.22845751e-02 -9.60814359e-03 4.73114183e-02 8.80792238e-02 1.55080750e-01 2.09279211e-01 2.44004239e-01 3.02460223e-01 3.51065590e-01 3.44434076e-01 3.49524211e-01 3.52776859e-01 3.90330506e-01 4.27240968e-01 4.11068042e-01 4.13309278e-01 4.49512832e-01 5.07234808e-01 5.12521466e-01 4.56178830e-01 4.10928212e-01 5.44658432e-01 7.98743301e-01
4.40000000e+01 -1.82040121e-01 -5.69019006e-01 -2.18259293e-01 -2.42928701e-01 -2.31430249e-01 -2.98582784e-01 -3.01458988e-01 -3.02966488e-01 -2.71651971e-01 -2.11335043e-01 -2.03420808e-01 -1.94004003e-01 -2.12139474e-01 -2.06921748e-01 -1.61932490e-01 -1.09290419e-01 -9.13061103e-02 -1.00782539e-01 -9.37610680e-02 -6.90413497e-02 -2.47769704e-02 1.08839032e-02 3.68966019e-02 6.35005107e-02 9.60418646e-02 1.35322947e-01 1.55951824e-01 1.64248298e-01 1.86985483e-01 2.02504551e-01 2.03250116e-01 2.11049139e-01 2.18347184e-01 2.27587144e-01 2.24325828e-01 2.09739881e-01 1.86838951e-01 1.63617750e-01 1.20952396e-01 8.66562208e-02 6.75863241e-02 4.44514390e-02 2.43120758e-02 1.03061908e-03 -1.08983147e-02 -3.26936728e-02 -5.58265155e-02 -7.97302781e-02 -9.79230832e-02 -1.11973746e-01 -1.29456296e-01 -1.49604033e-01 -1.62349471e-01 -1.77606794e-01 -1.94108771e-01 -2.27131753e-01 -2.52953214e-01 -2.82797859e-01 -2.94354569e-01 -2.88545491e-01 -2.79745576e-01 -2.64973844e-01 -2.55202911e-01 -2.50496943e-01 -2.42379796e-01 -2.39713047e-01 -2.29542102e-01 -2.22127354e-01 -2.23077411e-01 -2.11373580e-01 -2.00206805e-01 -1.92510070e-01 -1.84947538e-01 -1.60818383e-01 -1.43239826e-01 -1.23981904e-01 -8.77180311e-02 -7.30054446e-02 -1.01682828e-02 4.59465436e-02 8.65427780e-02 1.55535338e-01 2.09214476e-01 2.45007385e-01 3.04221257e-01 3.50877537e-01 3.44003073e-01 3.49936051e-01 3.51819061e-01 3.92503117e-01 4.27619219e-01 4.10571222e-01 4.14600327e-01 4.51034406e-01 5.07391914e-01 5.14101379e-01 4.54997568e-01 4.13176952e-01 5.45763956e-01 7.99587596e-01
4.41000000e+01 -1.74101285e-01 -5.65731328e-01 -2.15503736e-01 -2.39483897e-01 -2.27941712e-01 -2.95597107e-01 -2.98944672e-01 -3.00645620e-01 -2.72185436e-01 -2.11125763e-01 -2.01490027e-01 -1.93525600e-01 -2.12139611e-01 -2.07640133e-01 -1.62832903e-01 -1.11174952e-01 -9.20912516e-02 -9.94875455e-02 -9.38696916e-02 -7.22125494e-02 -2.55234073e-02 9.73251085e-03 3.59042999e-02 6.18719773e-02 9.36257603e-02 1.34536902e-01 1.55334133e-01 1.64342379e-01 1.86549362e-01 2.02274940e-01 2.03880240e-01 2.12501747e-01 2.18228976e-01 2.27679754e-01 2.24618416e-01 2.09375181e-01 1.85076368e-01 1.60415852e-01 1.17680527e-01 8.40044960e-02 6.57902153e-02 4.39447521e-02 2.29977653e-02 -8.30038748e-04 -1.22933638e-02 -3.39170432e-02 -5.62099214e-02 -8.01272729e-02 -9.83256275e-02 -1.11691247e-01 -1.29189313e-01 -1.48953299e-01 -1.62043042e-01 -1.75948866e-01 -1.92092596e-01 -2.24426638e-01 -2.50563102e-01 -2.79921019e-01 -2.91877834e-01 -2.87475940e-01 -2.79502219e-01 -2.65416717e-01 -2.56229348e-01 -2.52022992e-01 -2.43632743e-01 -2.41010694e-01 -2.30790238e-01 -2.23883074e-01 -2.24644320e-01 -2.12833456e-01 -2.01278417e-01 -1.94455810e-01 -1.86148880e-01 -1.62266790e-01 -1.44716843e-01 -1.25095129e-01 -8.73993797e-02 -7.35693710e-02 -1.07039317e-02 4.46347763e-02 8.50181735e-02 1.55961749e-01 2.09095222e-01 2.45936223e-01 3.05853946e-01 3.50527157e-01 3.43746562e-01 3.50114721e-01 3.51031217e-01 3.94717135e-01 4.27812026e-01 4.10242070e-01 4.15817091e-01 4.52512153e-01 5.07547371e-01 5.15711957e-01 4.53677028e-01 4.15581299e-01 5.46744164e-01 8.00444850e-01
4.42000000e+01 -1.66292431e-01 -5.62438237e-01 -2.12835734e-01 -2.35947856e-01 -2.24476395e-01 -2.92397459e-01 -2.96469866e-01 -2.98320545e-01 -2.72590800e-01 -2.11031015e-01 -1.99443766e-01 -1.93136690e-01 -2.12183939e-01 -2.08221263e-01 -1.63709822e-01 -1.13210311e-01 -9.29146768e-02 -9.80753597e-02 -9.40356504e-02 -7.52679191e-02 -2.62997093e-02 8.53926955e-03 3.49511468e-02 6.02549311e-02 9.12337647e-02 1.33673711e-01 1.54657721e-01 1.64497891e-01 1.86071273e-01 2.01968196e-01 2.04495685e-01 2.13964211e-01 2.18130869e-01 2.27684773e-01 2.24819065e-01 2.08996361e-01 1.83299852e-01 1.57130431e-01 1.14459523e-01 8.14246873e-02 6.40180962e-02 4.34705402e-02 2.16533782e-02 -2.61848830e-03 -1.36998984e-02 -3.51705580e-02 -5.65656677e-02 -8.05121164e-02 -9.87200711e-02 -1.11427786e-01 -1.28944640e-01 -1.48272801e-01 -1.61744234e-01 -1.74331168e-01 -1.90152158e-01 -2.21708836e-01 -2.48169062e-01 -2.76952957e-01 -2.89312570e-01 -2.86367474e-01 -2.79259765e-01 -2.65887264e-01 -2.57299346e-01 -2.53508211e-01 -2.44882033e-01 -2.42295805e-01 -2.32057560e-01 -2.25642999e-01 -2.26146278e-01 -2.14314387e-01 -2.02363658e-01 -1.96386624e-01 -1.87231399e-01 -1.63708908e-01 -1.46202835e-01 -1.26146076e-01 -8.70556747e-02 -7.39708016e-02 -1.12149907e-02 4.33742876e-02 8.35192624e-02 1.56357977e-01 2.08915546e-01 2.46788175e-01 3.07349926e-01 3.50029728e-01 3.43659594e-01 3.50046066e-01 3.50449447e-01 3.96938734e-01 4.27825955e-01 4.10093893e-01 4.16946468e-01 4.53940546e-01 5.07732537e-01 5.17305118e-01 4.52267741e-01 4.18101205e-01 5.47621801e-01 8.01308260e-01
4.43000000e+01 -1.58616783e-01 -5.59130042e-01 -2.10276051e-01 -2.32299820e-01 -2.21053027e-01 -2.88970848e-01 -2.94044691e-01 -2.95990494e-01 -2.72866362e-01 -2.11024880e-01 -1.97321107e-01 -1.92818352e-01 -2.12271153e-01 -2.08660700e-01 -1.64583441e-01 -1.15374284e-01 -9.37680389e-02 -9.65693778e-02 -9.42709299e-02 -7.81708587e-02 -2.71307962e-02 7.31358455e-03 3.40326056e-02 5.86499178e-02 8.88792343e-02 1.32721065e-01 1.53931035e-01 1.64706861e-01 1.85553364e-01 2.01591548e-01 2.05094064e-01 2.15420622e-01 2.18064809e-01 2.27601974e-01 2.24926062e-01 2.08596129e-01 1.81509455e-01 1.53768819e-01 1.11293804e-01 7.89188549e-02 6.22744736e-02 4.30139534e-02 2.02817134e-02 -4.33231479e-03 -1.51167909e-02 -3.64497670e-02 -5.68997004e-02 -8.08830376e-02 -9.91069121e-02 -1.11183569e-01 -1.28722458e-01 -1.47566333e-01 -1.61440421e-01 -1.72760738e-01 -1.88286401e-01 -2.18984815e-01 -2.45764875e-01 -2.73901293e-01 -2.86664391e-01 -2.85214760e-01 -2.79021134e-01 -2.66381367e-01 -2.58413603e-01 -2.54946526e-01 -2.46129653e-01 -2.43567991e-01 -2.33348917e-01 -2.27402048e-01 -2.27584559e-01 -2.15813420e-01 -2.03470346e-01 -1.98290035e-01 -1.88206300e-01 -1.65143881e-01 -1.47689485e-01 -1.27129970e-01 -8.67050710e-02 -7.42053733e-02 -1.17012014e-02 4.21629463e-02 8.20607273e-02 1.56721455e-01 2.08669188e-01 2.47561462e-01 3.08700980e-01 3.49402572e-01 3.43731289e-01 3.49723623e-01 3.50104096e-01 3.99134360e-01 4.27672159e-01 4.10134402e-01 4.17978308e-01 4.55314464e-01 5.07977438e-01 5.18832398e-01 4.50822966e-01 4.20692920e-01 5.48422266e-01 8.02170187e-01
4.44000000e+01 -1.51077554e-01 -5.55797142e-01 -2.07843808e-01 -2.28521629e-01 -2.17687176e-01 -2.85308386e-01 -2.91677581e-01 -2.93652689e-01 -2.73014129e-01 -2.11078193e-01 -1.95163290e-01 -1.92551091e-01 -2.12397827e-01 -2.08956849e-01 -1.65473788e-01 -1.17642996e-01 -9.46426273e-02 -9.49959269e-02 -9.45837124e-02 -8.08877171e-02 -2.80405522e-02 6.06482257e-03 3.31438936e-02 5.70578540e-02 8.65747472e-02 1.31667311e-01 1.53162982e-01 1.64960519e-01 1.84997811e-01 2.01152859e-01 2.05672695e-01 2.16855236e-01 2.18042031e-01 2.27431646e-01 2.24938098e-01 2.08166650e-01 1.79705065e-01 1.50339238e-01 1.08187216e-01 7.64889828e-02 6.05638308e-02 4.25598231e-02 1.88865223e-02 -5.97018995e-03 -1.65425986e-02 -3.77494092e-02 -5.72188122e-02 -8.12380110e-02 -9.94867705e-02 -1.10958823e-01 -1.28522415e-01 -1.46838255e-01 -1.61119019e-01 -1.71244525e-01 -1.86493438e-01 -2.16261631e-01 -2.43344064e-01 -2.70773828e-01 -2.83939329e-01 -2.84012945e-01 -2.78788347e-01 -2.66895255e-01 -2.59571920e-01 -2.56332894e-01 -2.47377603e-01 -2.44826830e-01 -2.34668561e-01 -2.29155221e-01 -2.28961273e-01 -2.17326930e-01 -2.04605853e-01 -2.00153308e-01 -1.89086385e-01 -1.66569952e-01 -1.49168165e-01 -1.28042665e-01 -8.63645187e-02 -7.42701699e-02 -1.21621352e-02 4.09985071e-02 8.06578233e-02 1.57049029e-01 2.08349770e-01 2.48254937e-01 3.09899254e-01 3.48664692e-01 3.43945092e-01 3.49148883e-01 3.50018897e-01 4.01271617e-01 4.27366026e-01 4.10365528e-01 4.18905645e-01 4.56629471e-01 5.08309712e-01 5.20246637e-01 4.49396847e-01 4.23310497e-01 5.49172746e-01 8.03022402e-01
4.45000000e+01 -1.43677826e-01 -5.52430440e-01 -2.05555783e-01 -2.24598491e-01 -2.14390616e-01 -2.81405747e-01 -2.89374937e-01 -2.91302621e-01 -2.73039328e-01 -2.11159650e-01 -1.93012365e-01 -1.92315632e-01 -2.12558244e-01 -2.09111225e-01 -1.66400022e-01 -1.19991513e-01 -9.55294914e-02 -9.33838464e-02 -9.49781585e-02 -8.33885909e-02 -2.90510433e-02 4.80187630e-03 3.22801222e-02 5.54800721e-02 8.43318183e-02 1.30501826e-01 1.52362637e-01 1.65249470e-01 1.84406830e-01 2.00660445e-01 2.06228647e-01 2.18252739e-01 2.18072853e-01 2.27174606e-01 2.24854183e-01 2.07699675e-01 1.77886393e-01 1.46850763e-01 1.05142999e-01 7.41370014e-02 5.88905226e-02 4.20929678e-02 1.74723109e-02 -7.53181821e-03 -1.79755655e-02 -3.90635564e-02 -5.75304900e-02 -8.15748431e-02 -9.98602957e-02 -1.10753796e-01 -1.28343671e-01 -1.46093376e-01 -1.60767735e-01 -1.69789170e-01 -1.84770707e-01 -2.13546734e-01 -2.40900153e-01 -2.67578337e-01 -2.81143860e-01 -2.82757779e-01 -2.78562410e-01 -2.67425632e-01 -2.60773077e-01 -2.57663443e-01 -2.48627787e-01 -2.46071933e-01 -2.36020003e-01 -2.30897720e-01 -2.30279258e-01 -2.18850774e-01 -2.05776866e-01 -2.01963833e-01 -1.89885681e-01 -1.67984542e-01 -1.50630064e-01 -1.28880777e-01 -8.60493587e-02 -7.41639582e-02 -1.25971834e-02 3.98787988e-02 7.93260919e-02 1.57336955e-01 2.07951053e-01 2.48867898e-01 3.10937480e-01 3.47836337e-01 3.44279191e-01 3.48331301e-01 3.50210337e-01 4.03320120e-01 4.26926716e-01 4.10783411e-01 4.19724821e-01 4.57882080e-01 5.08753613e-01 5.21503622e-01 4.48042551e-01 4.25907368e-01 5.49901295e-01 8.03856368e-01
4.46000000e+01 -1.36420444e-01 -5.49021725e-01 -2.03425806e-01 -2.20519612e-01 -2.11170843e-01 -2.77263485e-01 -2.87140846e-01 -2.88934374e-01 -2.72949805e-01 -2.11236982e-01 -1.90909831e-01 -1.92093674e-01 -2.12744306e-01 -2.09128613e-01 -1.67379790e-01 -1.22394452e-01 -9.64196112e-02 -9.17639483e-02 -9.54543279e-02 -8.56480317e-02 -3.01817774e-02 3.53278458e-03 3.14364003e-02 5.39183690e-02 8.21606241e-02 1.29215408e-01 1.51538945e-01 1.65563857e-01 1.83782705e-01 2.00122865e-01 2.06758801e-01 2.19598490e-01 2.18166487e-01 2.26832199e-01 2.24673573e-01 2.07186666e-01 1.76052944e-01 1.43313276e-01 1.02163786e-01 7.18647990e-02 5.72586641e-02 4.15985032e-02 1.60441171e-02 -9.01784702e-03 -1.94136417e-02 -4.03857737e-02 -5.78427455e-02 -8.18912692e-02 -1.00228072e-01 -1.10568766e-01 -1.28184964e-01 -1.45336818e-01 -1.60374815e-01 -1.68400792e-01 -1.83115138e-01 -2.10847770e-01 -2.38426909e-01 -2.64322404e-01 -2.78284899e-01 -2.81445702e-01 -2.78343255e-01 -2.67969770e-01 -2.62014745e-01 -2.58935567e-01 -2.49881907e-01 -2.47303032e-01 -2.37405885e-01 -2.32625073e-01 -2.31541960e-01 -2.20380457e-01 -2.06989148e-01 -2.03709502e-01 -1.90619046e-01 -1.69384356e-01 -1.52066298e-01 -1.29641814e-01 -8.57729564e-02 -7.38873904e-02 -1.30055502e-02 3.88019067e-02 7.80810519e-02 1.57580925e-01 2.07467184e-01 2.49399899e-01 3.11809207e-01 3.46938503e-01 3.44707120e-01 3.47288054e-01 3.50687235e-01 4.05252278e-01 4.26376580e-01 4.11378563e-01 4.20435506e-01 4.59070005e-01 5.09329121e-01 5.22563635e-01 4.46810434e-01 4.28437920e-01 5.50635891e-01 8.04663519e-01
4.47000000e+01 -1.29307920e-01 -5.45564005e-01 -2.01464239e-01 -2.16278704e-01 -2.08030753e-01 -2.72887203e-01 -2.84976865e-01 -2.86540982e-01 -2.72755359e-01 -2.11278166e-01 -1.88895283e-01 -1.91868598e-01 -2.12945529e-01 -2.09017135e-01 -1.68428631e-01 -1.24826570e-01 -9.73041070e-02 -9.01683771e-02 -9.60082409e-02 -8.76456468e-02 -3.14490291e-02 2.26442071e-03 3.06078996e-02 5.23750532e-02 8.00697506e-02 1.27800632e-01 1.50700416e-01 1.65893524e-01 1.83127819e-01 1.99548703e-01 2.07259936e-01 2.20878743e-01 2.18330837e-01 2.26406318e-01 2.24395715e-01 2.06618938e-01 1.74203982e-01 1.39737430e-01 9.92516014e-02 6.96742269e-02 5.56720101e-02 4.10621513e-02 1.46072807e-02 -1.04297516e-02 -2.08545243e-02 -4.17092829e-02 -5.81639314e-02 -8.21850548e-02 -1.00590523e-01 -1.10404038e-01 -1.28044678e-01 -1.44573874e-01 -1.59929264e-01 -1.67084784e-01 -1.81523329e-01 -2.08172368e-01 -2.35918577e-01 -2.61013279e-01 -2.75369762e-01 -2.80073912e-01 -2.78129713e-01 -2.68525590e-01 -2.63293426e-01 -2.60147994e-01 -2.51141363e-01 -2.48520063e-01 -2.38827877e-01 -2.34333225e-01 -2.32753306e-01 -2.21911323e-01 -2.08247329e-01 -2.05379056e-01 -1.91301761e-01 -1.70765514e-01 -1.53468004e-01 -1.30324284e-01 -8.55463917e-02 -7.34431623e-02 -1.33862511e-02 3.77663488e-02 7.69378725e-02 1.57776124e-01 2.06892930e-01 2.49850568e-01 3.12509022e-01 3.45992393e-01 3.45198511e-01 3.46043559e-01 3.51450556e-01 4.07043991e-01 4.25740497e-01 4.12136202e-01 4.21040612e-01 4.60192383e-01 5.10051174e-01 5.23392857e-01 4.45746322e-01 4.30859032e-01 5.51403508e-01 8.05435540e-01
4.48000000e+01 -1.22342342e-01 -5.42051791e-01 -1.99677583e-01 -2.11874315e-01 -2.04968491e-01 -2.68287562e-01 -2.82881887e-01 -2.84114815e-01 -2.72467028e-01 -2.11252623e-01 -1.87005135e-01 -1.91626077e-01 -2.13149134e-01 -2.08788203e-01 -1.69559478e-01 -1.27263319e-01 -9.81744769e-02 -8.86298966e-02 -9.66320723e-02 -8.93665753e-02 -3.28652498e-02 1.00225616e-03 2.97898884e-02 5.08529794e-02 7.80659755e-02 1.26252186e-01 1.49854839e-01 1.66228164e-01 1.82444687e-01 1.98946357e-01 2.07728817e-01 2.22080842e-01 2.18572311e-01 2.25899408e-01 2.24020193e-01 2.05987800e-01 1.72338489e-01 1.36134589e-01 9.64078831e-02 6.75671013e-02 5.41338246e-02 4.04705385e-02 1.31672186e-02 -1.17697062e-02 -2.22957191e-02 -4.30271149e-02 -5.85025502e-02 -8.24541033e-02 -1.00947825e-01 -1.10259970e-01 -1.27920909e-01 -1.43809859e-01 -1.59421064e-01 -1.65845645e-01 -1.79991709e-01 -2.05527928e-01 -2.33370099e-01 -2.57657770e-01 -2.72406094e-01 -2.78640412e-01 -2.77919535e-01 -2.69091704e-01 -2.64604437e-01 -2.61300804e-01 -2.52407166e-01 -2.49723243e-01 -2.40286612e-01 -2.36018622e-01 -2.33917594e-01 -2.23438720e-01 -2.09554732e-01 -2.06962403e-01 -1.91949120e-01 -1.72123695e-01 -1.54826440e-01 -1.30927754e-01 -8.53782238e-02 -7.28361191e-02 -1.37381185e-02 3.67712405e-02 7.59110348e-02 1.57917309e-01 2.06223896e-01 2.50219431e-01 3.13032764e-01 3.45018841e-01 3.45719977e-01 3.44628750e-01 3.52493455e-01 4.08675243e-01 4.25045140e-01 4.13036730e-01 4.21546102e-01 4.61249950e-01 5.10929065e-01 5.23964570e-01 4.44889945e-01 4.33131518e-01 5.52229218e-01 8.06164639e-01
4.49000000e+01 -1.15525304e-01 -5.38481307e-01 -1.98068212e-01 -2.07309997e-01 -2.01977494e-01 -2.63480119e-01 -2.80852099e-01 -2.81647956e-01 -2.72096359e-01 -2.11132363e-01 -1.85271453e-01 -1.91354588e-01 -2.13340238e-01 -2.08456356e-01 -1.70782257e-01 -1.29681351e-01 -9.90228485e-02 -8.71811333e-02 -9.73144694e-02 -9.08018243e-02 -3.44385840e-02 -2.49798057e-04 2.89777390e-02 4.93555614e-02 7.61541015e-02 1.24567143e-01 1.49009009e-01 1.66557468e-01 1.81735979e-01 1.98323850e-01 2.08162276e-01 2.23193401e-01 2.18895634e-01 2.25314492e-01 2.23546701e-01 2.05284707e-01 1.70455128e-01 1.32516774e-01 9.36335072e-02 6.55452043e-02 5.26467418e-02 3.98114775e-02 1.17292179e-02 -1.30404531e-02 -2.37346194e-02 -4.43322455e-02 -5.88670546e-02 -8.26965660e-02 -1.01299834e-01 -1.10136984e-01 -1.27811533e-01 -1.43049969e-01 -1.58841361e-01 -1.64686838e-01 -1.78516702e-01 -2.02921419e-01 -2.30777301e-01 -2.54262186e-01 -2.69401751e-01 -2.77144044e-01 -2.77709453e-01 -2.69667416e-01 -2.65941946e-01 -2.62395411e-01 -2.53679867e-01 -2.50913133e-01 -2.41781650e-01 -2.37678266e-01 -2.35039375e-01 -2.24958158e-01 -2.10913239e-01 -2.08450889e-01 -1.92576021e-01 -1.73454293e-01 -1.56133085e-01 -1.31452871e-01 -8.52743438e-02 -7.20733028e-02 -1.40598118e-02 3.58164441e-02 7.50139906e-02 1.57998914e-01 2.05456713e-01 2.50505768e-01 3.13377710e-01 3.44037729e-01 3.46236110e-01 3.43080158e-01 3.53801555e-01 4.10130569e-01 4.24318194e-01 4.14056362e-01 4.21960721e-01 4.62245167e-01 5.11966022e-01 5.24260121e-01 4.44273589e-01 4.35221420e-01 5.53135378e-01 8.06843798e-01
4.50000000e+01 -1.08857855e-01 -5.34850634e-01 -1.96634252e-01 -2.02594295e-01 -1.99046704e-01 -2.58485010e-01 -2.78881028e-01 -2.79132577e-01 -2.71654696e-01 -2.10893035e-01 -1.83720923e-01 -1.91045790e-01 -2.13502154e-01 -2.08038987e-01 -1.72103588e-01 -1.32058971e-01 -9.98422315e-02 -8.58538071e-02 -9.80409775e-02 -9.19484496e-02 -3.61725172e-02 -1.48947293e-03 2.81669200e-02 4.78867501e-02 7.43368526e-02 1.22745180e-01 1.48168494e-01 1.66871259e-01 1.81004537e-01 1.97688673e-01 2.08557287e-01 2.24206453e-01 2.19303668e-01 2.24655186e-01 2.22975020e-01 2.04501406e-01 1.68552210e-01 1.28896573e-01 9.09288260e-02 6.36102835e-02 5.12126232e-02 3.90742252e-02 1.02982518e-02 -1.42451770e-02 -2.51685930e-02 -4.56177114e-02 -5.92656419e-02 -8.29109564e-02 -1.01646025e-01 -1.10035596e-01 -1.27714250e-01 -1.42299153e-01 -1.58182623e-01 -1.63610674e-01 -1.77094863e-01 -2.00359189e-01 -2.28137063e-01 -2.50832310e-01 -2.66364656e-01 -2.75584493e-01 -2.77495282e-01 -2.70252667e-01 -2.67299062e-01 -2.63434490e-01 -2.54959516e-01 -2.52090673e-01 -2.43311501e-01 -2.39309749e-01 -2.36123362e-01 -2.26465436e-01 -2.12323205e-01 -2.09837531e-01 -1.93196590e-01 -1.74752568e-01 -1.57379756e-01 -1.31901302e-01 -8.52379229e-02 -7.11639399e-02 -1.43498289e-02 3.49026985e-02 7.42588267e-02 1.58015185e-01 2.04589185e-01 2.50708487e-01 3.13542734e-01 3.43067400e-01 3.46710551e-01 3.41438805e-01 3.55353439e-01 4.11399389e-01 4.23587553e-01 4.15167865e-01 4.22295638e-01 4.63182281e-01 5.13158999e-01 5.24269605e-01 4.43921007e-01 4.37101115e-01 5.54140904e-01 8.07466995e-01
4.51000000e+01 -1.02340461e-01 -5.31159779e-01 -1.95369600e-01 -1.97740551e-01 -1.96160971e-01 -2.53326468e-01 -2.76959681e-01 -2.76561279e-01 -2.71152505e-01 -2.10514842e-01 -1.82374005e-01 -1.90694763e-01 -2.13616788e-01 -2.07555956e-01 -1.73526597e-01 -1.34376506e-01 -1.00626762e-01 -8.46779768e-02 -9.87945585e-02 -9.28095687e-02 -3.80656729e-02 -2.71614968e-03 2.73529829e-02 4.64509746e-02 7.26148422e-02 1.20788704e-01 1.47337436e-01 1.67159611e-01 1.80253372e-01 1.97047677e-01 2.08911023e-01 2.25111582e-01 2.19797262e-01 2.23925720e-01 2.22305007e-01 2.03630084e-01 1.66627684e-01 1.25287043e-01 8.82937190e-02 6.17640472e-02 4.98324202e-02 3.82497110e-02 8.87882234e-03 -1.53873910e-02 -2.65950650e-02 -4.68767139e-02 -5.97060414e-02 -8.30962669e-02 -1.01985456e-01 -1.09956424e-01 -1.27626633e-01 -1.41561992e-01 -1.57438784e-01 -1.62618238e-01 -1.75722995e-01 -1.97846802e-01 -2.25447443e-01 -2.47373412e-01 -2.63302631e-01 -2.73962283e-01 -2.77272057e-01 -2.70847933e-01 -2.68667978e-01 -2.64421875e-01 -2.56245647e-01 -2.53257187e-01 -2.44873675e-01 -2.40911263e-01 -2.37174352e-01 -2.27956739e-01 -2.13783417e-01 -2.11117203e-01 -1.93823822e-01 -1.76013793e-01 -1.58558738e-01 -1.32275618e-01 -8.52694583e-02 -7.01193686e-02 -1.46065177e-02 3.40317207e-02 7.36559467e-02 1.57960321e-01 2.03620408e-01 2.50826037e-01 3.13528433e-01 3.42124102e-01 3.47107110e-01 3.39748964e-01 3.57121349e-01 4.12476196e-01 4.22880521e-01 4.16341393e-01 4.22564028e-01 4.64067321e-01 5.14498670e-01 5.23992248e-01 4.43846633e-01 4.38750201e-01 5.55260670e-01 8.08029397e-01
4.52000000e+01 -9.59729856e-02 -5.27410667e-01 -1.94264086e-01 -1.92766539e-01 -1.93301614e-01 -2.48032207e-01 -2.75076776e-01 -2.73927401e-01 -2.70598771e-01 -2.09983305e-01 -1.81244287e-01 -1.90300095e-01 -2.13665134e-01 -2.07029105e-01 -1.75050853e-01 -1.36616609e-01 -1.01371929e-01 -8.36813220e-02 -9.95561818e-02 -9.33942009e-02 -4.01117761e-02 -3.93080079e-03 2.65315530e-02 4.50530429e-02 7.09866171e-02 1.18702903e-01 1.46518409e-01 1.67412970e-01 1.79485649e-01 1.96407003e-01 2.09220890e-01 2.25902012e-01 2.20375124e-01 2.23130953e-01 2.21536592e-01 2.02663505e-01 1.64679136e-01 1.21701580e-01 8.57276573e-02 6.00081492e-02 4.85060523e-02 3.73307254e-02 7.47482777e-03 -1.64708347e-02 -2.80115834e-02 -4.81027198e-02 -6.01952989e-02 -8.32520854e-02 -1.02316756e-01 -1.09900194e-01 -1.27546178e-01 -1.40842588e-01 -1.56605360e-01 -1.61709338e-01 -1.74398233e-01 -1.95388918e-01 -2.22707765e-01 -2.43890298e-01 -2.60223227e-01 -2.72278746e-01 -2.77034205e-01 -2.71454065e-01 -2.70040155e-01 -2.65362412e-01 -2.57537294e-01 -2.54414360e-01 -2.46464785e-01 -2.42481587e-01 -2.38197152e-01 -2.29428696e-01 -2.15291107e-01 -2.12286770e-01 -1.94469267e-01 -1.77233375e-01 -1.59662921e-01 -1.32579121e-01 -8.53669097e-02 -6.89529087e-02 -1.48280828e-02 3.32062753e-02 7.32137818e-02 1.57828635e-01 2.02550835e-01 2.50856361e-01 3.13337208e-01 3.41221466e-01 3.47390892e-01 3.38056804e-01 3.59072061e-01 4.13360590e-01 4.22223038e-01 4.17545389e-01 4.22780613e-01 4.64908019e-01 5.15969656e-01 5.23436479e-01 4.44055115e-01 4.40156125e-01 5.56505046e-01 8.08527507e-01
4.53000000e+01 -8.97547006e-02 -5.23607052e-01 -1.93303779e-01 -1.87693945e-01 -1.90447127e-01 -2.42632679e-01 -2.73219052e-01 -2.71225264e-01 -2.70000481e-01 -2.09289828e-01 -1.80338061e-01 -1.89863813e-01 -2.13627858e-01 -2.06481684e-01 -1.76672407e-01 -1.38764476e-01 -1.02074775e-01 -8.28884829e-02 -1.00305469e-01 -9.37169362e-02 -4.22997895e-02 -5.13587219e-03 2.56983293e-02 4.36980099e-02 6.94487727e-02 1.16495705e-01 1.45712327e-01 1.67622254e-01 1.78704669e-01 1.95772059e-01 2.09484540e-01 2.26572678e-01 2.21033737e-01 2.22276387e-01 2.20669781e-01 2.01595130e-01 1.62703823e-01 1.18153760e-01 8.32297841e-02 5.83441566e-02 4.72323162e-02 3.63120662e-02 6.08945541e-03 -1.74993851e-02 -2.94158577e-02 -4.92895685e-02 -6.07395588e-02 -8.33787059e-02 -1.02638137e-01 -1.09867725e-01 -1.27470350e-01 -1.40144456e-01 -1.55679554e-01 -1.60882481e-01 -1.73118095e-01 -1.92989209e-01 -2.19918651e-01 -2.40387376e-01 -2.57133558e-01 -2.70535970e-01 -2.76775735e-01 -2.72072085e-01 -2.71406557e-01 -2.66261785e-01 -2.58833035e-01 -2.55564181e-01 -2.48080683e-01 -2.44020062e-01 -2.39196532e-01 -2.30878403e-01 -2.16842017e-01 -2.13345180e-01 -1.95142759e-01 -1.78406974e-01 -1.60685952e-01 -1.32815619e-01 -8.55259164e-02 -6.76796782e-02 -1.50125890e-02 3.24302058e-02 7.29385424e-02 1.57614717e-01 2.01382307e-01 2.50796881e-01 3.12973301e-01 3.40370053e-01 3.47529401e-01 3.36408981e-01 3.61167903e-01 4.14057180e-01 4.21638949e-01 4.18747523e-01 4.22961166e-01 4.65713657e-01 5.17550957e-01 5.22619671e-01 4.44541185e-01 4.41314543e-01 5.57879597e-01 8.08959267e-01
4.54000000e+01 -8.36843022e-02 -5.19754367e-01 -1.92471412e-01 -1.82547703e-01 -1.87574010e-01 -2.37160236e-01 -2.71371661e-01 -2.68450377e-01 -2.69362212e-01 -2.08432071e-01 -1.79654140e-01 -1.89391162e-01 -2.13485947e-01 -2.05937709e-01 -1.78383947e-01 -1.40807976e-01 -1.02734069e-01 -8.23204714e-02 -1.01021372e-01 -9.37974458e-02 -4.46142180e-02 -6.33511743e-03 2.48490998e-02 4.23910226e-02 6.79961328e-02 1.14177644e-01 1.44918409e-01 1.67778955e-01 1.77913827e-01 1.95147520e-01 2.09699863e-01 2.27120254e-01 2.21767313e-01 2.21368158e-01 2.19704662e-01 2.00419220e-01 1.60698742e-01 1.14657165e-01 8.07990111e-02 5.67734934e-02 4.60088351e-02 3.51906318e-02 4.72509820e-03 -1.84769793e-02 -3.08057663e-02 -5.04315951e-02 -6.13438541e-02 -8.34772254e-02 -1.02947432e-01 -1.09859890e-01 -1.27396648e-01 -1.39470416e-01 -1.54660336e-01 -1.60134873e-01 -1.71880499e-01 -1.90650330e-01 -2.17082022e-01 -2.36868746e-01 -2.54040160e-01 -2.68736727e-01 -2.76490447e-01 -2.72702952e-01 -2.72757894e-01 -2.67126330e-01 -2.60131057e-01 -2.56708866e-01 -2.49716619e-01 -2.45526532e-01 -2.40177180e-01 -2.32303423e-01 -2.18430507e-01 -2.14293505e-01 -1.95852193e-01 -1.79530600e-01 -1.61622362e-01 -1.32989185e-01 -8.57400795e-02 -6.63163624e-02 -1.51579620e-02 3.17084259e-02 7.28340221e-02 1.57313598e-01 2.00118034e-01 2.50644528e-01 3.12442775e-01 3.39576979e-01 3.47493576e-01 3.34851211e-01 3.63367901e-01 4.14575328e-01 4.21149352e-01 4.19915645e-01 4.23122004e-01 4.66494845e-01 5.19216592e-01 5.21567586e-01 4.45289883e-01 4.42229390e-01 5.59384932e-01 8.09324118e-01
4.55000000e+01 -7.77599542e-02 -5.15859507e-01 -1.91746924e-01 -1.77355210e-01 -1.84657693e-01 -2.31648213e-01 -2.69518607e-01 -2.65599565e-01 -2.68685842e-01 -2.07414092e-01 -1.79183908e-01 -1.88890254e-01 -2.13221402e-01 -2.05421271e-01 -1.80175042e-01 -1.42737715e-01 -1.03350436e-01 -8.19941670e-02 -1.01682857e-01 -9.36598545e-02 -4.70355669e-02 -7.53339595e-03 2.39797711e-02 4.11371558e-02 6.66219812e-02 1.11761659e-01 1.44134208e-01 1.67875231e-01 1.77116575e-01 1.94537355e-01 2.09864972e-01 2.27543147e-01 2.22567801e-01 2.20413016e-01 2.18641423e-01 1.99130907e-01 1.58660722e-01 1.11225179e-01 7.84341292e-02 5.52973579e-02 4.48320595e-02 3.39654604e-02 3.38329814e-03 -1.94075479e-02 -3.21793341e-02 -5.15237672e-02 -6.20119098e-02 -8.35496175e-02 -1.03242163e-01 -1.09877552e-01 -1.27322669e-01 -1.38822492e-01 -1.53548514e-01 -1.59462438e-01 -1.70683747e-01 -1.88373935e-01 -2.14201038e-01 -2.33338308e-01 -2.50948877e-01 -2.66884387e-01 -2.76172139e-01 -2.73347321e-01 -2.74084882e-01 -2.67962829e-01 -2.61429240e-01 -2.57850763e-01 -2.51367410e-01 -2.47001278e-01 -2.41143679e-01 -2.33701753e-01 -2.20049711e-01 -2.15134917e-01 -1.96603363e-01 -1.80600699e-01 -1.62467685e-01 -1.33103905e-01 -8.60012903e-02 -6.48809415e-02 -1.52619909e-02 3.10468720e-02 7.29014608e-02 1.56920903e-01 1.98762536e-01 2.50395803e-01 3.11753449e-01 3.38845630e-01 3.47258730e-01 3.33426864e-01 3.65628994e-01 4.14928772e-01 4.20772025e-01 4.21018718e-01 4.23279483e-01 4.67263235e-01 5.20936426e-01 5.20313507e-01 4.46277100e-01 4.42912678e-01 5.61016734e-01 8.09623003e-01
4.56000000e+01 -7.19793442e-02 -5.11930549e-01 -1.91108085e-01 -1.72145462e-01 -1.81673511e-01 -2.26129973e-01 -2.67643246e-01 -2.62671042e-01 -2.67970386e-01 -2.06246279e-01 -1.78911615e-01 -1.88371579e-01 -2.12817952e-01 -2.04955826e-01 -1.82032476e-01 -1.44547030e-01 -1.03926441e-01 -8.19219080e-02 -1.02269589e-01 -9.33320036e-02 -4.95409287e-02 -8.73644812e-03 2.30864126e-02 3.99412514e-02 6.53183308e-02 1.09262805e-01 1.43355684e-01 1.67903985e-01 1.76316377e-01 1.93944867e-01 2.09978166e-01 2.27841461e-01 2.23424949e-01 2.19418266e-01 2.17480369e-01 1.97726234e-01 1.56586560e-01 1.07870774e-01 7.61339306e-02 5.39166120e-02 4.36973208e-02 3.26377085e-02 2.06472080e-03 -2.02949594e-02 -3.35346888e-02 -5.25618326e-02 -6.27459742e-02 -8.35987730e-02 -1.03519635e-01 -1.09921491e-01 -1.27246190e-01 -1.38201818e-01 -1.52346760e-01 -1.58859859e-01 -1.69526477e-01 -1.86160724e-01 -2.11280018e-01 -2.29799855e-01 -2.47864785e-01 -2.64982817e-01 -2.75814802e-01 -2.74005300e-01 -2.75378501e-01 -2.68778316e-01 -2.62725248e-01 -2.58992253e-01 -2.53027617e-01 -2.48444938e-01 -2.42100493e-01 -2.35071765e-01 -2.21691735e-01 -2.15874624e-01 -1.97399859e-01 -1.81614237e-01 -1.63218535e-01 -1.33163641e-01 -8.63000873e-02 -6.33923853e-02 -1.53223383e-02 3.04524194e-02 7.31394722e-02 1.56432991e-01 1.97321557e-01 2.50046878e-01 3.10914773e-01 3.38175492e-01 3.46805361e-01 3.32175633e-01 3.67907303e-01 4.15135132e-01 4.20520958e-01 4.22027707e-01 4.23449511e-01 4.68031169e-01 5.22677146e-01 5.18897126e-01 4.47470451e-01 4.43384008e-01 5.62765946e-01 8.09858330e-01
4.57000000e+01 -6.63397537e-02 -5.07976443e-01 -1.90531199e-01 -1.66948128e-01 -1.78597714e-01 -2.20637938e-01 -2.65728797e-01 -2.59664423e-01 -2.67211968e-01 -2.04945055e-01 -1.78814890e-01 -1.87847432e-01 -2.12261746e-01 -2.04563477e-01 -1.83940649e-01 -1.46231933e-01 -1.04466615e-01 -8.21111847e-02 -1.02762579e-01 -9.28446330e-02 -5.21046682e-02 -9.95065895e-03 2.21653107e-02 3.88077692e-02 6.40762192e-02 1.06697922e-01 1.42577348e-01 1.67858943e-01 1.75516664e-01 1.93372722e-01 2.10037913e-01 2.28016917e-01 2.24326432e-01 2.18391685e-01 2.16221963e-01 1.96202162e-01 1.54473165e-01 1.04606294e-01 7.38973395e-02 5.26316471e-02 4.25989402e-02 3.12105669e-02 7.69167496e-04 -2.11429761e-02 -3.48700044e-02 -5.35424676e-02 -6.35466873e-02 -8.36285037e-02 -1.03777044e-01 -1.09992311e-01 -1.27165234e-01 -1.37608559e-01 -1.51059626e-01 -1.58320636e-01 -1.68407598e-01 -1.84010527e-01 -2.08324321e-01 -2.26257189e-01 -2.44792153e-01 -2.63036268e-01 -2.75412805e-01 -2.74676232e-01 -2.76630225e-01 -2.69579885e-01 -2.64016609e-01 -2.60135655e-01 -2.54691705e-01 -2.49858411e-01 -2.43051963e-01 -2.36412143e-01 -2.23347884e-01 -2.16519733e-01 -1.98243015e-01 -1.82568770e-01 -1.63872647e-01 -1.33171831e-01 -8.66260243e-02 -6.18703214e-02 -1.53365623e-02 2.99327673e-02 7.35440367e-02 1.55847087e-01 1.95801932e-01 2.49593712e-01 3.09937653e-01 3.37562095e-01 3.46119800e-01 3.31132306e-01 3.70159403e-01 4.15215304e-01 4.20406003e-01 4.22916395e-01 4.23647090e-01 4.68811292e-01 5.24403375e-01 5.17363185e-01 4.48830412e-01 4.43669837e-01 5.64619119e-01 8.10033879e-01
4.58000000e+01 -6.08381391e-02 -5.04006656e-01 -1.89991845e-01 -1.61792597e-01 -1.75408456e-01 -2.15202650e-01 -2.63758877e-01 -2.56580675e-01 -2.66403918e-01 -2.03532379e-01 -1.78865467e-01 -1.87331252e-01 -2.11542010e-01 -2.04264294e-01 -1.85882028e-01 -1.47791010e-01 -1.04977418e-01 -8.25644421e-02 -1.03144797e-01 -9.22305151e-02 -5.46991715e-02 -1.11828204e-02 2.12130309e-02 3.77406569e-02 6.28860180e-02 1.04085242e-01 1.41792432e-01 1.67734708e-01 1.74720788e-01 1.92822987e-01 2.10042820e-01 2.28072744e-01 2.25258025e-01 2.17341385e-01 2.14866866e-01 1.94556544e-01 1.52317733e-01 1.01443222e-01 7.17235463e-02 5.14422340e-02 4.15303872e-02 2.96891145e-02 -5.04369300e-04 -2.19552240e-02 -3.61834420e-02 -5.44634123e-02 -6.44129991e-02 -8.36435055e-02 -1.04011608e-01 -1.10090345e-01 -1.27078141e-01 -1.37041870e-01 -1.49693499e-01 -1.57837170e-01 -1.67326203e-01 -1.81922394e-01 -2.05340219e-01 -2.22714203e-01 -2.41734443e-01 -2.61049267e-01 -2.74961041e-01 -2.75358519e-01 -2.77832244e-01 -2.70374511e-01 -2.65300802e-01 -2.61283148e-01 -2.56354180e-01 -2.51242768e-01 -2.44002314e-01 -2.37721793e-01 -2.25008906e-01 -2.17079068e-01 -1.99131927e-01 -1.83462506e-01 -1.64428872e-01 -1.33131318e-01 -8.69680353e-02 -6.03346868e-02 -1.53021546e-02 2.94962960e-02 7.41085585e-02 1.55161391e-01 1.94211442e-01 2.49032206e-01 3.08834226e-01 3.36997082e-01 3.45194687e-01 3.30325693e-01 3.72343564e-01 4.15192787e-01 4.20432639e-01 4.23662110e-01 4.23885908e-01 4.69616123e-01 5.26078867e-01 5.15759954e-01 4.50311720e-01 4.43802508e-01 5.66558894e-01 8.10154670e-01
4.59000000e+01 -5.54712189e-02 -5.00030811e-01 -1.89465635e-01 -1.56707041e-01 -1.72086735e-01 -2.09851875e-01 -2.61718012e-01 -2.53422017e-01 -2.65536988e-01 -2.02035047e-01 -1.79030087e-01 -1.86836931e-01 -2.10651626e-01 -2.04075667e-01 -1.87837641e-01 -1.49225300e-01 -1.05467134e-01 -8.32789924e-02 -1.03401721e-01 -9.15235658e-02 -5.72956256e-02 -1.24398993e-02 2.02264803e-02 3.67432386e-02 6.17377482e-02 1.01443984e-01 1.40993110e-01 1.67526805e-01 1.73931981e-01 1.92297147e-01 2.09991637e-01 2.28013530e-01 2.26203851e-01 2.16275653e-01 2.13415995e-01 1.92788087e-01 1.50117915e-01 9.83919684e-02 6.96121383e-02 5.03473680e-02 4.04844822e-02 2.80801096e-02 -1.75760435e-03 -2.27351776e-02 -3.74730947e-02 -5.53235830e-02 -6.53421444e-02 -8.36492834e-02 -1.04220693e-01 -1.10215571e-01 -1.26983620e-01 -1.36499886e-01 -1.48256530e-01 -1.57400861e-01 -1.66281490e-01 -1.79894700e-01 -2.02334745e-01 -2.19174973e-01 -2.38694346e-01 -2.59026495e-01 -2.74455052e-01 -2.76049480e-01 -2.78977640e-01 -2.71168890e-01 -2.66575316e-01 -2.62436710e-01 -2.58009703e-01 -2.52599163e-01 -2.44955668e-01 -2.38999764e-01 -2.26665255e-01 -2.17562942e-01 -2.00063523e-01 -1.84294367e-01 -1.64887140e-01 -1.33044234e-01 -8.73147849e-02 -5.88053669e-02 -1.52165960e-02 2.91518998e-02 7.48239838e-02 1.54375162e-01 1.92558638e-01 2.48358369e-01 3.07617581e-01 3.36468410e-01 3.44029242e-01 3.29777722e-01 3.74420931e-01 4.15092936e-01 4.20601866e-01 4.24246339e-01 4.24177978e-01 4.70457608e-01 5.27667753e-01 5.14137572e-01 4.51864947e-01 4.43819096e-01 5.68564624e-01 8.10226796e-01
4.60000000e+01 -5.02355641e-02 -4.96058313e-01 -1.88928967e-01 -1.51717518e-01 -1.68617248e-01 -2.04609803e-01 -2.59592125e-01 -2.50191785e-01 -2.64599687e-01 -2.00483832e-01 -1.79271554e-01 -1.86378085e-01 -2.09587624e-01 -2.04011739e-01 -1.89787585e-01 -1.50538139e-01 -1.05945697e-01 -8.42470405e-02 -1.03521832e-01 -9.07579598e-02 -5.98648009e-02 -1.37288160e-02 1.92029682e-02 3.58181184e-02 6.06213965e-02 9.87939147e-02 1.40170745e-01 1.67231690e-01 1.73153320e-01 1.91796120e-01 2.09883265e-01 2.27845038e-01 2.27146666e-01 2.15202741e-01 2.11870591e-01 1.90896280e-01 1.47871978e-01 9.54616643e-02 6.75632210e-02 4.93451211e-02 3.94536332e-02 2.63917294e-02 -2.99281454e-03 -2.34861620e-02 -3.87369397e-02 -5.61231501e-02 -6.63296781e-02 -8.36520442e-02 -1.04401931e-01 -1.10367534e-01 -1.26880773e-01 -1.35979753e-01 -1.46758503e-01 -1.57002226e-01 -1.65272684e-01 -1.77925235e-01 -1.99315547e-01 -2.15643823e-01 -2.35673846e-01 -2.56972684e-01 -2.73891110e-01 -2.76745279e-01 -2.80060536e-01 -2.71969288e-01 -2.67837705e-01 -2.63598084e-01 -2.59653173e-01 -2.53928759e-01 -2.45916047e-01 -2.40245163e-01 -2.28307344e-01 -2.17982876e-01 -2.01032689e-01 -1.85064022e-01 -1.65248376e-01 -1.32911929e-01 -8.76549995e-02 -5.73018307e-02 -1.50774260e-02 2.89087954e-02 7.56789764e-02 1.53488795e-01 1.90852654e-01 2.47568497e-01 3.06301448e-01 3.35960664e-01 3.42629341e-01 3.29502747e-01 3.76356600e-01 4.14942181e-01 4.20910229e-01 4.24655214e-01 4.24533350e-01 4.71346674e-01 5.29135795e-01 5.12546324e-01 4.53438222e-01 4.43760097e-01 5.70613093e-01 8.10257211e-01
4.61000000e+01 -4.51276865e-02 -4.92097987e-01 -1.88359741e-01 -1.46847148e-01 -1.64989128e-01 -1.99496355e-01 -2.57368969e-01 -2.46894258e-01 -2.63578702e-01 -1.98912473e-01 -1.79549905e-01 -1.85967351e-01 -2.08351558e-01 -2.04082914e-01 -1.91711552e-01 -1.51734984e-01 -1.06424467e-01 -8.54558192e-02 -1.03497017e-01 -8.99672685e-02 -6.23778098e-02 -1.50562338e-02 1.81402584e-02 3.49670971e-02 5.95272277e-02 9.61549168e-02 1.39316154e-01 1.66846748e-01 1.72387689e-01 1.91320272e-01 2.09716778e-01 2.27574000e-01 2.28068197e-01 2.14130643e-01 2.10232284e-01 1.88881338e-01 1.45578948e-01 9.26599806e-02 6.55775182e-02 4.84325143e-02 3.84300935e-02 2.46332658e-02 -4.21265914e-03 -2.42113697e-02 -3.99728021e-02 -5.68635765e-02 -6.73695684e-02 -8.36585625e-02 -1.04553321e-01 -1.10545296e-01 -1.26769103e-01 -1.35477715e-01 -1.45210679e-01 -1.56631029e-01 -1.64298971e-01 -1.76011303e-01 -1.96290733e-01 -2.12125374e-01 -2.32674306e-01 -2.54892506e-01 -2.73266279e-01 -2.77440884e-01 -2.81076203e-01 -2.72781409e-01 -2.69085624e-01 -2.64768755e-01 -2.61279786e-01 -2.55232666e-01 -2.46887376e-01 -2.41457081e-01 -2.29925794e-01 -2.18351300e-01 -2.02032446e-01 -1.85771913e-01 -1.65514397e-01 -1.32734941e-01 -8.79777733e-02 -5.58427655e-02 -1.48823226e-02 2.87763082e-02 7.66601450e-02 1.52503865e-01 1.89103006e-01 2.46659374e-01 3.04899841e-01 3.35455504e-01 3.41007368e-01 3.29507077e-01 3.78120570e-01 4.14767233e-01 4.21349964e-01 4.24879856e-01 4.24959883e-01 4.72292798e-01 5.30451594e-01 5.11034903e-01 4.54979031e-01 4.43668012e-01 5.72679307e-01 8.10253501e-01
4.62000000e+01 -4.01441216e-02 -4.88157743e-01 -1.87738023e-01 -1.42115402e-01 -1.61196528e-01 -1.94526633e-01 -2.55038492e-01 -2.43534470e-01 -2.62459400e-01 -1.97356569e-01 -1.79823647e-01 -1.85615712e-01 -2.06949756e-01 -2.04295478e-01 -1.93589353e-01 -1.52823219e-01 -1.06915943e-01 -8.68878304e-02 -1.03322913e-01 -8.91836418e-02 -6.48068224e-02 -1.64283609e-02 1.70366099e-02 3.41910945e-02 5.84460922e-02 9.35465551e-02 1.38419887e-01 1.66370256e-01 1.71637759e-01 1.90869418e-01 2.09491462e-01 2.27207885e-01 2.28949505e-01 2.13066844e-01 2.08503165e-01 1.86744134e-01 1.43238721e-01 8.99929823e-02 6.36564429e-02 4.76054211e-02 3.74062290e-02 2.28147970e-02 -5.41997987e-03 -2.49138921e-02 -4.11783291e-02 -5.75476125e-02 -6.84543422e-02 -8.36760279e-02 -1.04673296e-01 -1.10747413e-01 -1.26648487e-01 -1.34989232e-01 -1.43625577e-01 -1.56276427e-01 -1.63359457e-01 -1.74149798e-01 -1.93268717e-01 -2.08624570e-01 -2.29696574e-01 -2.52790486e-01 -2.72578436e-01 -2.78130101e-01 -2.82021126e-01 -2.73610280e-01 -2.70316869e-01 -2.65949956e-01 -2.62885065e-01 -2.56511899e-01 -2.47873466e-01 -2.42634539e-01 -2.31511653e-01 -2.18681220e-01 -2.03054176e-01 -1.86419267e-01 -1.65687786e-01 -1.32513009e-01 -8.82728484e-02 -5.44457159e-02 -1.46291871e-02 2.87636381e-02 7.77523142e-02 1.51423154e-01 1.87319379e-01 2.45628472e-01 3.03426683e-01 3.34932212e-01 3.39181878e-01 3.29788746e-01 3.79688543e-01 4.14594288e-01 4.21909267e-01 4.24916573e-01 4.25463098e-01 4.73303607e-01 5.31587726e-01 5.09648729e-01 4.56436026e-01 4.43585871e-01 5.74737352e-01 8.10223641e-01
4.63000000e+01 -3.52815022e-02 -4.84244270e-01 -1.87046621e-01 -1.37537509e-01 -1.57239040e-01 -1.89710524e-01 -2.52593128e-01 -2.40118017e-01 -2.61226382e-01 -1.95852390e-01 -1.80051041e-01 -1.85331879e-01 -2.05393420e-01 -2.04651321e-01 -1.95401432e-01 -1.53811922e-01 -1.07433450e-01 -8.85211894e-02 -1.02999140e-01 -8.84370505e-02 -6.71257242e-02 -1.78507645e-02 1.58908045e-02 3.34900754e-02 5.73697220e-02 9.09876564e-02 1.37472508e-01 1.65801329e-01 1.70905966e-01 1.90442836e-01 2.09206854e-01 2.26754658e-01 2.29771364e-01 2.12018076e-01 2.06685841e-01 1.84486148e-01 1.40852134e-01 8.74650283e-02 6.18021280e-02 4.68585140e-02 3.63747763e-02 2.09468533e-02 -6.61759896e-03 -2.55967588e-02 -4.23509766e-02 -5.81792485e-02 -6.95752737e-02 -8.37118808e-02 -1.04760770e-01 -1.10971937e-01 -1.26519111e-01 -1.34509150e-01 -1.42016741e-01 -1.55927128e-01 -1.62453138e-01 -1.72337289e-01 -1.90258076e-01 -2.05146678e-01 -2.26741093e-01 -2.50670929e-01 -2.71826280e-01 -2.78805628e-01 -2.82893034e-01 -2.74460155e-01 -2.71529399e-01 -2.67142677e-01 -2.64464875e-01 -2.57767344e-01 -2.48877986e-01 -2.43776457e-01 -2.33056601e-01 -2.18985876e-01 -2.04087883e-01 -1.87008081e-01 -1.65771749e-01 -1.32245121e-01 -8.85308679e-02 -5.31267320e-02 -1.43162265e-02 2.88796071e-02 7.89388306e-02 1.50250652e-01 1.85511419e-01 2.44474163e-01 3.01895412e-01 3.34368329e-01 3.37177049e-01 3.30337527e-01 3.81042541e-01 4.14448265e-01 4.22572672e-01 4.24766905e-01 4.26046099e-01 4.74384526e-01 5.32521747e-01 5.08428375e-01 4.57760790e-01 4.43555762e-01 5.76761261e-01 8.10175726e-01
4.64000000e+01 -3.05366189e-02 -4.80362779e-01 -1.86271576e-01 -1.33124030e-01 -1.53121923e-01 -1.85052484e-01 -2.50027984e-01 -2.36650865e-01 -2.59864073e-01 -1.94435667e-01 -1.80191362e-01 -1.85121775e-01 -2.03698587e-01 -2.05147792e-01 -1.97129350e-01 -1.54711619e-01 -1.07990791e-01 -9.03300630e-02 -1.02529456e-01 -8.77546080e-02 -6.93107013e-02 -1.93281956e-02 1.47021607e-02 3.28629761e-02 5.62910123e-02 8.84959092e-02 1.36464874e-01 1.65139842e-01 1.70194490e-01 1.90039278e-01 2.08862776e-01 2.26222542e-01 2.30514650e-01 2.10990085e-01 2.04783476e-01 1.82109429e-01 1.38420994e-01 8.50787238e-02 6.00174107e-02 4.61852582e-02 3.53290799e-02 1.90400983e-02 -7.80813407e-03 -2.62629792e-02 -4.34880097e-02 -5.87636250e-02 -7.07226053e-02 -8.37736414e-02 -1.04815152e-01 -1.11216449e-01 -1.26381390e-01 -1.34031896e-01 -1.40398451e-01 -1.55571571e-01 -1.61578871e-01 -1.70570088e-01 -1.87267414e-01 -2.01697263e-01 -2.23808010e-01 -2.48537870e-01 -2.71009318e-01 -2.79459171e-01 -2.83690879e-01 -2.75334429e-01 -2.72721368e-01 -2.68347680e-01 -2.66015433e-01 -2.58999752e-01 -2.49904406e-01 -2.44881637e-01 -2.34553121e-01 -2.19278394e-01 -2.05122495e-01 -1.87541088e-01 -1.65769959e-01 -1.31929597e-01 -8.87435994e-02 -5.19000324e-02 -1.39420304e-02 2.91323961e-02 8.02018929e-02 1.48991537e-01 1.83688521e-01 2.43195918e-01 3.00318581e-01 3.33740368e-01 3.35021967e-01 3.31135191e-01 3.82171330e-01 4.14352090e-01 4.23321528e-01 4.24437522e-01 4.26709571e-01 4.75538499e-01 5.33237038e-01 5.07408161e-01 4.58909491e-01 4.43617387e-01 5.78725875e-01 8.10117720e-01
4.65000000e+01 -2.59064655e-02 -4.76516805e-01 -1.85402534e-01 -1.28880584e-01 -1.48856126e-01 -1.80551497e-01 -2.47340934e-01 -2.33139178e-01 -2.58357320e-01 -1.93140389e-01 -1.80206127e-01 -1.84988113e-01 -2.01885925e-01 -2.05777674e-01 -1.98756250e-01 -1.55534010e-01 -1.08601892e-01 -9.22851976e-02 -1.01921797e-01 -8.71599898e-02 -7.13407471e-02 -2.08644289e-02 1.34705382e-02 3.23076324e-02 5.52042788e-02 8.60874925e-02 1.35388401e-01 1.64386354e-01 1.69505245e-01 1.89656986e-01 2.08459373e-01 2.25619779e-01 2.31160714e-01 2.09987423e-01 2.02799808e-01 1.79616575e-01 1.35948072e-01 8.28349312e-02 5.83057672e-02 4.55779586e-02 3.42632928e-02 1.71050435e-02 -8.99384629e-03 -2.69155801e-02 -4.45865175e-02 -5.93069041e-02 -7.18857925e-02 -8.38687390e-02 -1.04836348e-01 -1.11478115e-01 -1.26235860e-01 -1.33551705e-01 -1.38785430e-01 -1.55198127e-01 -1.60735357e-01 -1.68844336e-01 -1.84305245e-01 -1.98282125e-01 -2.20897281e-01 -2.46395039e-01 -2.70127838e-01 -2.80081571e-01 -2.84414790e-01 -2.76235580e-01 -2.73891162e-01 -2.69565522e-01 -2.67533299e-01 -2.60209732e-01 -2.50955932e-01 -2.45948776e-01 -2.35994642e-01 -2.19571439e-01 -2.06146193e-01 -1.88021702e-01 -1.65686396e-01 -1.31564195e-01 -8.89041285e-02 -5.07776873e-02 -1.35056378e-02 2.95292758e-02 8.15228979e-02 1.47652126e-01 1.81859632e-01 2.41794500e-01 2.98707484e-01 3.33024568e-01 3.32749739e-01 3.32156007e-01 3.83070640e-01 4.14326050e-01 4.24134561e-01 4.23939973e-01 4.27451845e-01 4.76765782e-01 5.33723466e-01 5.06614959e-01 4.59844369e-01 4.43806729e-01 5.80607672e-01 8.10057200e-01
4.66000000e+01 -2.13882667e-02 -4.72708067e-01 -1.84432989e-01 -1.24807765e-01 -1.44458117e-01 -1.76201222e-01 -2.44532600e-01 -2.29589165e-01 -2.56691967e-01 -1.91997645e-01 -1.80060220e-01 -1.84930102e-01 -1.99980383e-01 -2.06529293e-01 -2.00267257e-01 -1.56291676e-01 -1.09280431e-01 -9.43545264e-02 -1.01188207e-01 -8.66729672e-02 -7.31980816e-02 -2.24621198e-02 1.21963378e-02 3.18207084e-02 5.41054812e-02 8.37767431e-02 1.34235321e-01 1.63542008e-01 1.68839853e-01 1.89293721e-01 2.07997134e-01 2.24954413e-01 2.31691732e-01 2.09013272e-01 2.00739137e-01 1.77010724e-01 1.33437045e-01 8.07328370e-02 5.66711974e-02 4.50278576e-02 3.31725329e-02 1.51518121e-02 -1.01765327e-02 -2.75576333e-02 -4.56434451e-02 -5.98161042e-02 -7.30537639e-02 -8.40043433e-02 -1.04824744e-01 -1.11753769e-01 -1.26083056e-01 -1.33062849e-01 -1.37192506e-01 -1.54795318e-01 -1.59921085e-01 -1.67156083e-01 -1.81379888e-01 -1.94907222e-01 -2.18008766e-01 -2.44245851e-01 -2.69182870e-01 -2.80662966e-01 -2.85065982e-01 -2.77165113e-01 -2.75037436e-01 -2.70796572e-01 -2.69015378e-01 -2.61397766e-01 -2.52035419e-01 -2.46976490e-01 -2.37375662e-01 -2.19876871e-01 -2.07146768e-01 -1.88453932e-01 -1.65525184e-01 -1.31146247e-01 -8.90070188e-02 -4.97693311e-02 -1.30065922e-02 3.00763402e-02 8.28827936e-02 1.46239810e-01 1.80033068e-01 2.40272129e-01 2.97071800e-01 3.32197675e-01 3.30396488e-01 3.33367464e-01 3.83743163e-01 4.14387231e-01 4.24988512e-01 4.23290298e-01 4.28269027e-01 4.78063823e-01 5.33977818e-01 5.06067265e-01 4.60535007e-01 4.44154852e-01 5.82385525e-01 8.10001124e-01
4.67000000e+01 -1.69794892e-02 -4.68936402e-01 -1.83360407e-01 -1.20901231e-01 -1.39949505e-01 -1.71990325e-01 -2.41606239e-01 -2.26006970e-01 -2.54855408e-01 -1.91034566e-01 -1.79722912e-01 -1.84943300e-01 -1.98010686e-01 -2.07386752e-01 -2.01649833e-01 -1.56997782e-01 -1.10039476e-01 -9.65038464e-02 -1.00344643e-01 -8.63090703e-02 -7.48684837e-02 -2.41226809e-02 1.08805054e-02 3.13976301e-02 5.29924026e-02 8.15758732e-02 1.32998899e-01 1.62608452e-01 1.68199615e-01 1.88946795e-01 2.07476914e-01 2.24234092e-01 2.32091030e-01 2.08069327e-01 1.98606283e-01 1.74295566e-01 1.30892416e-01 7.87700698e-02 5.51180665e-02 4.45252804e-02 3.20529881e-02 1.31899614e-02 -1.13574684e-02 -2.81922676e-02 -4.66556430e-02 -6.02989017e-02 -7.42151920e-02 -8.41872025e-02 -1.04781185e-01 -1.12039999e-01 -1.25923404e-01 -1.32559877e-01 -1.35634282e-01 -1.54352074e-01 -1.59134272e-01 -1.65501387e-01 -1.78499390e-01 -1.91578568e-01 -2.15142311e-01 -2.42093408e-01 -2.68176133e-01 -2.81192965e-01 -2.85646646e-01 -2.78123519e-01 -2.76159173e-01 -2.72041014e-01 -2.70458920e-01 -2.62564233e-01 -2.53145269e-01 -2.47963361e-01 -2.38691839e-01 -2.20205412e-01 -2.08111994e-01 -1.88842270e-01 -1.65290437e-01 -1.30672807e-01 -8.90484368e-02 -4.88819126e-02 -1.24449818e-02 3.07782491e-02 8.42624309e-02 1.44762952e-01 1.78216362e-01 2.38632612e-01 2.95419289e-01 3.31237707e-01 3.28000237e-01 3.34731201e-01 3.84198343e-01 4.14549064e-01 4.25858811e-01 4.22508518e-01 4.29155189e-01 4.79427245e-01 5.34004009e-01 5.05774556e-01 4.60959333e-01 4.44686877e-01 5.84041376e-01 8.09955614e-01
4.68000000e+01 -1.26778335e-02 -4.65199770e-01 -1.82186199e-01 -1.17151963e-01 -1.35356480e-01 -1.67902969e-01 -2.38567512e-01 -2.22398587e-01 -2.52837058e-01 -1.90273373e-01 -1.79168720e-01 -1.85019591e-01 -1.96008703e-01 -2.08330291e-01 -2.02894054e-01 -1.57665790e-01 -1.10891127e-01 -9.86975545e-02 -9.94106508e-02 -8.60793887e-02 -7.63415357e-02 -2.58461833e-02 9.52454373e-03 3.10325253e-02 5.18647732e-02 7.94947498e-02 1.31673639e-01 1.61587752e-01 1.67585474e-01 1.88613118e-01 2.06899943e-01 2.23465891e-01 2.32343362e-01 2.07155708e-01 1.96406521e-01 1.71475358e-01 1.28319405e-01 7.69428618e-02 5.36509102e-02 4.40598206e-02 3.09019691e-02 1.12283669e-02 -1.25373949e-02 -2.88226654e-02 -4.76199365e-02 -6.07634053e-02 -7.53587705e-02 -8.44234862e-02 -1.04706957e-01 -1.12333237e-01 -1.25757111e-01 -1.32037827e-01 -1.34124789e-01 -1.53858005e-01 -1.58372757e-01 -1.63876429e-01 -1.75671446e-01 -1.88302124e-01 -2.12297829e-01 -2.39940498e-01 -2.67109963e-01 -2.81660842e-01 -2.86159823e-01 -2.79110239e-01 -2.77255755e-01 -2.73298840e-01 -2.71861524e-01 -2.63709454e-01 -2.54287328e-01 -2.48907989e-01 -2.39940067e-01 -2.20566331e-01 -2.09030021e-01 -1.89191553e-01 -1.64986108e-01 -1.30140809e-01 -8.90262388e-02 -4.81194930e-02 -1.18214625e-02 3.16379878e-02 8.56429114e-02 1.43230768e-01 1.76416144e-01 2.36881431e-01 2.93755547e-01 3.30124697e-01 3.25599737e-01 3.36204109e-01 3.84451947e-01 4.14820979e-01 4.26720295e-01 4.21618016e-01 4.30102607e-01 4.80847924e-01 5.33813035e-01 5.05736956e-01 4.61104340e-01 4.45421180e-01 5.85560788e-01 8.09925781e-01
4.69000000e+01 -8.48121066e-03 -4.61494329e-01 -1.80915573e-01 -1.13546704e-01 -1.30709074e-01 -1.63919476e-01 -2.35424177e-01 -2.18769828e-01 -2.50628769e-01 -1.89730596e-01 -1.78378104e-01 -1.85147331e-01 -1.94008679e-01 -2.09336754e-01 -2.03992806e-01 -1.58309173e-01 -1.11846176e-01 -1.00899428e-01 -9.84089112e-02 -8.59905144e-02 -7.76107840e-02 -2.76312805e-02 8.13053775e-03 3.07181756e-02 5.07243285e-02 7.75407437e-02 1.30255441e-01 1.60482320e-01 1.66997954e-01 1.88289251e-01 2.06267839e-01 2.22656155e-01 2.32435155e-01 2.06270931e-01 1.94145494e-01 1.68554950e-01 1.25723824e-01 7.52462402e-02 5.22742153e-02 4.36205562e-02 2.97179104e-02 9.27516797e-03 -1.37165485e-02 -2.94520410e-02 -4.85332116e-02 -6.12179116e-02 -7.64734924e-02 -8.47186326e-02 -1.04603769e-01 -1.12629854e-01 -1.25584092e-01 -1.31492419e-01 -1.32677154e-01 -1.53303682e-01 -1.57633882e-01 -1.62277637e-01 -1.72903336e-01 -1.85083694e-01 -2.09475366e-01 -2.37789607e-01 -2.65987233e-01 -2.82055735e-01 -2.86609269e-01 -2.80123626e-01 -2.78327041e-01 -2.74569828e-01 -2.73221150e-01 -2.64833745e-01 -2.55462772e-01 -2.49809059e-01 -2.41118509e-01 -2.20967154e-01 -2.09889765e-01 -1.89506801e-01 -1.64615865e-01 -1.29547226e-01 -8.89400182e-02 -4.74831027e-02 -1.11372620e-02 3.26566491e-02 8.70059245e-02 1.41653179e-01 1.74638055e-01 2.35025780e-01 2.92083832e-01 3.28841366e-01 3.23233265e-01 3.37739587e-01 3.84525451e-01 4.15208186e-01 4.27547927e-01 4.20644828e-01 4.31102035e-01 4.82315167e-01 5.33422696e-01 5.05945241e-01 4.60966468e-01 4.46368825e-01 5.86933384e-01 8.09915577e-01
4.70000000e+01 -4.38770236e-03 -4.57814580e-01 -1.79557256e-01 -1.10068527e-01 -1.26040280e-01 -1.60017104e-01 -2.32185695e-01 -2.15126328e-01 -2.48225134e-01 -1.89416454e-01 -1.77337962e-01 -1.85311613e-01 -1.92046362e-01 -2.10380172e-01 -2.04941901e-01 -1.58941168e-01 -1.12913778e-01 -1.03073436e-01 -9.73646689e-02 -8.60446211e-02 -7.86738211e-02 -2.94751560e-02 6.70118980e-03 3.04459860e-02 4.95747975e-02 7.57186563e-02 1.28741730e-01 1.59294846e-01 1.66437097e-01 1.87971476e-01 2.05582608e-01 2.21810371e-01 2.32354710e-01 2.05411910e-01 1.91829116e-01 1.65539807e-01 1.23111938e-01 7.36742381e-02 5.09921885e-02 4.31962841e-02 2.85003255e-02 7.33776502e-03 -1.48947150e-02 -3.00836051e-02 -4.93925162e-02 -6.16706540e-02 -7.75489253e-02 -8.50771979e-02 -1.04473744e-01 -1.12926232e-01 -1.25403914e-01 -1.30920207e-01 -1.31303279e-01 -1.52680929e-01 -1.56914345e-01 -1.60701825e-01 -1.70201852e-01 -1.81928840e-01 -2.06675182e-01 -2.35642903e-01 -2.64811242e-01 -2.82366853e-01 -2.86999322e-01 -2.81160914e-01 -2.79373471e-01 -2.75853484e-01 -2.74536142e-01 -2.65937481e-01 -2.56671999e-01 -2.50665420e-01 -2.42226608e-01 -2.21413415e-01 -2.10681287e-01 -1.89793033e-01 -1.64182982e-01 -1.28889231e-01 -8.87911091e-02 -4.69706662e-02 -1.03941613e-02 3.38332456e-02 8.83340694e-02 1.40040646e-01 1.72886711e-01 2.33074537e-01 2.90404982e-01 3.27373722e-01 3.20937433e-01 3.39288895e-01 3.84445240e-01 4.15711591e-01 4.28317503e-01 4.19616871e-01 4.32143019e-01 4.83815985e-01 5.32857062e-01 5.06381154e-01 4.60551675e-01 4.47533256e-01 5.88153126e-01 8.09927691e-01
4.71000000e+01 -3.95508105e-04 -4.54153569e-01 -1.78123100e-01 -1.06697546e-01 -1.21385052e-01 -1.56170937e-01 -2.28862771e-01 -2.11473594e-01 -2.45623705e-01 -1.89334435e-01 -1.76041933e-01 -1.85494680e-01 -1.90158049e-01 -2.11432433e-01 -2.05740110e-01 -1.59574540e-01 -1.14101155e-01 -1.05184563e-01 -9.63050517e-02 -8.62396705e-02 -7.95322926e-02 -3.13734914e-02 5.23985908e-03 3.02059821e-02 4.84218147e-02 7.40307236e-02 1.27131543e-01 1.58028242e-01 1.65902382e-01 1.87655882e-01 2.04846649e-01 2.20933051e-01 2.32092367e-01 2.04573988e-01 1.89463472e-01 1.62436036e-01 1.20490331e-01 7.22201124e-02 4.98085257e-02 4.27757646e-02 2.72497204e-02 5.42285783e-03 -1.60712990e-02 -3.07205143e-02 -5.01951680e-02 -6.21295607e-02 -7.85754744e-02 -8.55027070e-02 -1.04319418e-01 -1.13218824e-01 -1.25215785e-01 -1.30318690e-01 -1.30013567e-01 -1.51983078e-01 -1.56210068e-01 -1.59146340e-01 -1.67573228e-01 -1.78842812e-01 -2.03897824e-01 -2.33502226e-01 -2.63585602e-01 -2.82583694e-01 -2.87334775e-01 -2.82218194e-01 -2.80396154e-01 -2.77148982e-01 -2.75805259e-01 -2.67021167e-01 -2.57914540e-01 -2.51476166e-01 -2.43265043e-01 -2.21908454e-01 -2.11396149e-01 -1.90055082e-01 -1.63690259e-01 -1.28164334e-01 -8.85825440e-02 -4.65770024e-02 -9.59445275e-03 3.51645583e-02 8.96111576e-02 1.38403980e-01 1.71165691e-01 2.31038182e-01 2.88717406e-01 3.25711551e-01 3.18746042e-01 3.40802582e-01 3.84241675e-01 4.16327835e-01 4.29006328e-01 4.18563129e-01 4.33214223e-01 4.85335467e-01 5.32145733e-01 5.07018051e-01 4.59875163e-01 4.48910251e-01 5.89218458e-01 8.09963488e-01
4.72000000e+01 3.49712014e-03 -4.50503152e-01 -1.76627588e-01 -1.03411726e-01 -1.16779215e-01 -1.52354851e-01 -2.25466860e-01 -2.07817081e-01 -2.42825093e-01 -1.89481083e-01 -1.74490492e-01 -1.85676437e-01 -1.88379560e-01 -2.12464027e-01 -2.06389114e-01 -1.60221380e-01 -1.15413332e-01 -1.07199625e-01 -9.52583105e-02 -8.65697286e-02 -8.01918330e-02 -3.33204547e-02 3.75059362e-03 2.99868455e-02 4.72727603e-02 7.24766956e-02 1.25425583e-01 1.56685587e-01 1.65392648e-01 1.87338453e-01 2.04062740e-01 2.20027635e-01 2.31640636e-01 2.03750986e-01 1.87054730e-01 1.59250388e-01 1.17865766e-01 7.08765555e-02 4.87261954e-02 4.23479624e-02 2.59674782e-02 3.53650882e-03 -1.72453966e-02 -3.13658129e-02 -5.09388649e-02 -6.26020339e-02 -7.95446261e-02 -8.59975054e-02 -1.04143746e-01 -1.13504212e-01 -1.25018554e-01 -1.29686388e-01 -1.28816677e-01 -1.51205194e-01 -1.55516075e-01 -1.57609191e-01 -1.65023052e-01 -1.75830515e-01 -2.01144201e-01 -2.31369050e-01 -2.62314106e-01 -2.82696254e-01 -2.87620758e-01 -2.83290420e-01 -2.81396956e-01 -2.78455073e-01 -2.77027710e-01 -2.68085506e-01 -2.59188976e-01 -2.52240731e-01 -2.44235647e-01 -2.22453286e-01 -2.12027721e-01 -1.90297403e-01 -1.63139973e-01 -1.27370522e-01 -8.83189634e-02 -4.62939080e-02 -8.74087491e-03 3.66450276e-02 9.08224887e-02 1.36754152e-01 1.69477580e-01 2.28928654e-01 2.87017185e-01 3.23848793e-01 3.16689024e-01 3.42231929e-01 3.83948027e-01 4.17049461e-01 4.29593839e-01 4.17512820e-01 4.34303767e-01 4.86857212e-01 5.31322889e-01 5.07821832e-01 4.58960787e-01 4.50488142e-01 5.90132288e-01 8.10022995e-01
4.73000000e+01 7.29195360e-03 -4.46854301e-01 -1.75087267e-01 -1.00187759e-01 -1.12258327e-01 -1.48542512e-01 -2.22009640e-01 -2.04162301e-01 -2.39832967e-01 -1.89845990e-01 -1.72690842e-01 -1.85835065e-01 -1.86745196e-01 -2.13444846e-01 -2.06893389e-01 -1.60892922e-01 -1.16852905e-01 -1.09088063e-01 -9.42530098e-02 -8.70253711e-02 -8.06619314e-02 -3.53087102e-02 2.23814051e-03 2.97760018e-02 4.61365319e-02 7.10539810e-02 1.23626227e-01 1.55270084e-01 1.64906023e-01 1.87015179e-01 2.03234021e-01 2.19096408e-01 2.30994306e-01 2.02935276e-01 1.84609055e-01 1.55990265e-01 1.15245063e-01 6.96358916e-02 4.77472502e-02 4.19022788e-02 2.46557238e-02 1.68421606e-03 -1.84158609e-02 -3.20223707e-02 -5.16217893e-02 -6.30947633e-02 -8.04491600e-02 -8.65626183e-02 -1.03950103e-01 -1.13779134e-01 -1.24810754e-01 -1.29022869e-01 -1.27719345e-01 -1.50344234e-01 -1.54826422e-01 -1.56089171e-01 -1.62556184e-01 -1.72896512e-01 -1.98415657e-01 -2.29244456e-01 -2.61000583e-01 -2.82695241e-01 -2.87862620e-01 -2.84371431e-01 -2.82378545e-01 -2.79770009e-01 -2.78203202e-01 -2.69131446e-01 -2.60492892e-01 -2.52958982e-01 -2.45141272e-01 -2.23046553e-01 -2.12571425e-01 -1.90523894e-01 -1.62533850e-01 -1.26506376e-01 -8.80064736e-02 -4.61103239e-02 -7.83652687e-03 3.82666923e-02 9.19550938e-02 1.35102085e-01 1.67824029e-01 2.26759146e-01 2.85298248e-01 3.21783785e-01 3.14791498e-01 3.43530374e-01 3.83599337e-01 4.17865201e-01 4.30062154e-01 4.16494575e-01 4.35399569e-01 4.88363850e-01 5.30426174e-01 5.08752135e-01 4.57840173e-01 4.52248285e-01 5.90901822e-01 8.10104924e-01
4.74000000e+01 1.09908706e-02 -4.43197448e-01 -1.73520111e-01 -9.70019936e-02 -1.07856531e-01 -1.44708388e-01 -2.18502487e-01 -2.00514953e-01 -2.36653939e-01 -1.90411997e-01 -1.70656617e-01 -1.85947701e-01 -1.85286693e-01 -2.14345016e-01 -2.07260023e-01 -1.61599381e-01 -1.18419876e-01 -1.10822681e-01 -9.33172031e-02 -8.75941548e-02 -8.09557269e-02 -3.73294527e-02 7.07919597e-04 2.95597740e-02 4.50232577e-02 6.97578451e-02 1.21737503e-01 1.53785021e-01 1.64439863e-01 1.86682153e-01 2.02363963e-01 2.18140435e-01 2.30150509e-01 2.02117857e-01 1.82132535e-01 1.52663697e-01 1.12634979e-01 6.84902479e-02 4.68726749e-02 4.14287659e-02 2.33171812e-02 -1.29017985e-04 -1.95813560e-02 -3.26928232e-02 -5.22427039e-02 -6.36135761e-02 -8.12833208e-02 -8.71976263e-02 -1.03742293e-01 -1.14040515e-01 -1.24590645e-01 -1.28328745e-01 -1.26726261e-01 -1.49399126e-01 -1.54134185e-01 -1.54585924e-01 -1.60176679e-01 -1.70045041e-01 -1.95714018e-01 -2.27129094e-01 -2.59648768e-01 -2.82572276e-01 -2.88065812e-01 -2.85454030e-01 -2.83344396e-01 -2.81091471e-01 -2.79331968e-01 -2.70160228e-01 -2.61822856e-01 -2.53631316e-01 -2.45985610e-01 -2.23684553e-01 -2.13024899e-01 -1.90737741e-01 -1.61873071e-01 -1.25571191e-01 -8.76524549e-02 -4.60125824e-02 -6.88476614e-03 4.00191819e-02 9.29979402e-02 1.33458460e-01 1.66205850e-01 2.24543856e-01 2.83552644e-01 3.19519368e-01 3.13072972e-01 3.44654874e-01 3.83231238e-01 4.18760369e-01 4.30396540e-01 4.15535640e-01 4.36489670e-01 4.89837596e-01 5.29495449e-01 5.09763754e-01 4.56551564e-01 4.54165768e-01 5.91538262e-01 8.10206749e-01
4.75000000e+01 1.45959465e-02 -4.39522851e-01 -1.71944853e-01 -9.38313682e-02 -1.03605434e-01 -1.40828724e-01 -2.14955973e-01 -1.96881052e-01 -2.33297357e-01 -1.91155595e-01 -1.68407399e-01 -1.85991156e-01 -1.84032225e-01 -2.15135729e-01 -2.07498484e-01 -1.62349794e-01 -1.20111530e-01 -1.12380317e-01 -9.24776264e-02 -8.82611353e-02 -8.10897335e-02 -3.93724725e-02 -8.34051999e-04 2.93236128e-02 4.39439621e-02 6.85816459e-02 1.19765018e-01 1.52233743e-01 1.63990725e-01 1.86335677e-01 2.01456321e-01 2.17159520e-01 2.29108765e-01 2.01288461e-01 1.79631111e-01 1.49279315e-01 1.10042117e-01 6.74316953e-02 4.61022802e-02 4.09183173e-02 2.19550332e-02 -1.89863189e-03 -2.07403957e-02 -3.33795205e-02 -5.28010389e-02 -6.41633220e-02 -8.20429399e-02 -8.79005694e-02 -1.03524547e-01 -1.14285487e-01 -1.24356284e-01 -1.27605634e-01 -1.25840012e-01 -1.48370767e-01 -1.53431528e-01 -1.53099974e-01 -1.57887721e-01 -1.67280073e-01 -1.93041626e-01 -2.25023173e-01 -2.58262164e-01 -2.82320077e-01 -2.88235756e-01 -2.86530101e-01 -2.84298737e-01 -2.82416530e-01 -2.80414796e-01 -2.71173399e-01 -2.63174423e-01 -2.54258753e-01 -2.46772979e-01 -2.24361369e-01 -2.13388072e-01 -1.90941278e-01 -1.61158289e-01 -1.24565072e-01 -8.72653220e-02 -4.59847302e-02 -5.88909733e-03 4.18897657e-02 9.39420901e-02 1.31833519e-01 1.64623133e-01 2.22297685e-01 2.81770890e-01 3.17062851e-01 3.11546708e-01 3.45567152e-01 3.82878758e-01 4.19717346e-01 4.30585784e-01 4.14661137e-01 4.37562550e-01 4.91260836e-01 5.28571458e-01 5.10808227e-01 4.55138447e-01 4.56210326e-01 5.92056364e-01 8.10324809e-01
4.76000000e+01 1.81095467e-02 -4.35820975e-01 -1.70380305e-01 -9.06543191e-02 -9.95330566e-02 -1.36882455e-01 -2.11379400e-01 -1.93267068e-01 -2.29774997e-01 -1.92047512e-01 -1.65968073e-01 -1.85942662e-01 -1.83005485e-01 -2.15790048e-01 -2.07620349e-01 -1.63151882e-01 -1.21922391e-01 -1.13742417e-01 -9.17589403e-02 -8.90094111e-02 -8.10834921e-02 -4.14262577e-02 -2.38129201e-03 2.90524083e-02 4.29101955e-02 6.75170954e-02 1.17715861e-01 1.50619635e-01 1.63554349e-01 1.85972345e-01 2.00515082e-01 2.16152187e-01 2.27870969e-01 2.00435689e-01 1.77110498e-01 1.45846316e-01 1.07472836e-01 6.64523571e-02 4.54346419e-02 4.03628325e-02 2.05727932e-02 -3.62047084e-03 -2.18913673e-02 -3.40844883e-02 -5.32969702e-02 -6.47477881e-02 -8.27255017e-02 -8.86678933e-02 -1.03301504e-01 -1.14511399e-01 -1.24105598e-01 -1.26856086e-01 -1.25061095e-01 -1.47261929e-01 -1.52709850e-01 -1.51632680e-01 -1.55691584e-01 -1.64605374e-01 -1.90401327e-01 -2.22926460e-01 -2.56843923e-01 -2.81932635e-01 -2.88377690e-01 -2.87590791e-01 -2.85246432e-01 -2.83741644e-01 -2.81453019e-01 -2.72172809e-01 -2.64542181e-01 -2.54843017e-01 -2.47508087e-01 -2.25069071e-01 -2.13663147e-01 -1.91135886e-01 -1.60389672e-01 -1.23489038e-01 -8.68542427e-02 -4.60089131e-02 -4.85305971e-03 4.38634607e-02 9.47808084e-02 1.30236897e-01 1.63075374e-01 2.20035908e-01 2.79942391e-01 3.14425835e-01 3.10219282e-01 3.46234812e-01 3.82575166e-01 4.20716133e-01 4.30622450e-01 4.13893398e-01 4.38607416e-01 4.92616723e-01 5.27694445e-01 5.11835539e-01 4.53648007e-01 4.58347424e-01 5.92473894e-01 8.10454460e-01
4.77000000e+01 2.15344199e-02 -4.32082877e-01 -1.68844687e-01 -8.74516319e-02 -9.56628851e-02 -1.32852021e-01 -2.07780394e-01 -1.89680040e-01 -2.26100684e-01 -1.93053469e-01 -1.63368040e-01 -1.85780607e-01 -1.82224874e-01 -2.16283666e-01 -2.07638990e-01 -1.64011908e-01 -1.23844243e-01 -1.14895508e-01 -9.11830452e-02 -8.98206827e-02 -8.09591487e-02 -4.34781385e-02 -3.92704191e-03 2.87308818e-02 4.19336419e-02 6.65545341e-02 1.15598462e-01 1.48946124e-01 1.63125679e-01 1.85589110e-01 1.99544401e-01 2.15115693e-01 2.26441342e-01 1.99547166e-01 1.74576091e-01 1.42374416e-01 1.04933193e-01 6.55444880e-02 4.48670861e-02 3.97553509e-02 1.91741927e-02 -5.29077379e-03 -2.30325429e-02 -3.48094033e-02 -5.37314921e-02 -6.53696329e-02 -8.33301545e-02 -8.94944470e-02 -1.03078188e-01 -1.14715832e-01 -1.23836465e-01 -1.26083489e-01 -1.24388001e-01 -1.46077081e-01 -1.51960019e-01 -1.50186137e-01 -1.53589619e-01 -1.62024573e-01 -1.87796432e-01 -2.20838317e-01 -2.55396745e-01 -2.81405361e-01 -2.88496497e-01 -2.88626739e-01 -2.86192799e-01 -2.85062707e-01 -2.82448487e-01 -2.73160600e-01 -2.65919807e-01 -2.55386612e-01 -2.48195787e-01 -2.25798002e-01 -2.13854497e-01 -1.91321921e-01 -1.59566947e-01 -1.22345106e-01 -8.64288244e-02 -4.60658098e-02 -3.78012220e-03 4.59232010e-02 9.55096144e-02 1.28677463e-01 1.61561620e-01 2.17773820e-01 2.78055915e-01 3.11623900e-01 3.09090348e-01 3.46632259e-01 3.82350881e-01 4.21734971e-01 4.30503036e-01 4.13251382e-01 4.39614458e-01 4.93889764e-01 5.26902778e-01 5.12795883e-01 4.52129463e-01 4.60539487e-01 5.92810977e-01 8.10590247e-01
4.78000000e+01 2.48737867e-02 -4.28300565e-01 -1.67354988e-01 -8.42072025e-02 -9.20130681e-02 -1.28724052e-01 -2.04164579e-01 -1.86127678e-01 -2.22289850e-01 -1.94135086e-01 -1.60640309e-01 -1.85485241e-01 -1.81702832e-01 -2.16595584e-01 -2.07569246e-01 -1.64934561e-01 -1.25866224e-01 -1.15831543e-01 -9.07684879e-02 -9.06758150e-02 -8.07409646e-02 -4.55144782e-02 -5.46450366e-03 2.83440450e-02 4.10257155e-02 6.56832123e-02 1.13422422e-01 1.47216692e-01 1.62698898e-01 1.85183325e-01 1.98548530e-01 2.14046094e-01 2.24826306e-01 1.98609757e-01 1.72032860e-01 1.38873817e-01 1.02428894e-01 6.47005288e-02 4.43957101e-02 3.90901549e-02 1.77630869e-02 -6.90618083e-03 -2.41620809e-02 -3.55555789e-02 -5.41064838e-02 -6.60303342e-02 -8.38576681e-02 -9.03735413e-02 -1.02859954e-01 -1.14896601e-01 -1.23546801e-01 -1.25291935e-01 -1.23817352e-01 -1.44822143e-01 -1.51172665e-01 -1.48763005e-01 -1.51582274e-01 -1.59541230e-01 -1.85230645e-01 -2.18757757e-01 -2.53922795e-01 -2.80735214e-01 -2.88596501e-01 -2.89628354e-01 -2.87143393e-01 -2.86375141e-01 -2.83403507e-01 -2.74139160e-01 -2.67300167e-01 -2.55892868e-01 -2.48840845e-01 -2.26537107e-01 -2.13968479e-01 -1.91498666e-01 -1.58689460e-01 -1.21136376e-01 -8.59987777e-02 -4.61350974e-02 -2.67359315e-03 4.80500649e-02 9.61262738e-02 1.27163187e-01 1.60080611e-01 2.15526369e-01 2.76100103e-01 3.08676164e-01 3.08152604e-01 3.46741420e-01 3.82232484e-01 4.22750986e-01 4.30227999e-01 4.12750210e-01 4.40575071e-01 4.95066359e-01 5.26231623e-01 5.13641415e-01 4.50632341e-01 4.62747211e-01 5.93089393e-01 8.10726108e-01
4.79000000e+01 2.81314218e-02 -4.24467349e-01 -1.65926391e-01 -8.09086802e-02 -8.85957779e-02 -1.24489904e-01 -2.00535341e-01 -1.82618424e-01 -2.18359041e-01 -1.95250893e-01 -1.57820497e-01 -1.85039333e-01 -1.81445329e-01 -2.16708694e-01 -2.07427063e-01 -1.65922837e-01 -1.27974997e-01 -1.16548110e-01 -9.05299720e-02 -9.15553950e-02 -8.04547627e-02 -4.75209131e-02 -6.98710703e-03 2.78777045e-02 4.01971577e-02 6.48915741e-02 1.11198322e-01 1.45434897e-01 1.62267484e-01 1.84752761e-01 1.97531747e-01 2.12938337e-01 2.23034307e-01 1.97609805e-01 1.69485229e-01 1.35355160e-01 9.99652539e-02 6.39131480e-02 4.40154331e-02 3.83628407e-02 1.63433770e-02 -8.46375688e-03 -2.52780240e-02 -3.63239560e-02 -5.44247675e-02 -6.67301480e-02 -8.43103484e-02 -9.12970643e-02 -1.02652421e-01 -1.15051771e-01 -1.23234646e-01 -1.24486074e-01 -1.23344107e-01 -1.43504179e-01 -1.50338524e-01 -1.47366304e-01 -1.49669150e-01 -1.57158878e-01 -1.82707971e-01 -2.16683534e-01 -2.52423635e-01 -2.79920805e-01 -2.88681259e-01 -2.90586125e-01 -2.88103750e-01 -2.87674026e-01 -2.84320751e-01 -2.75111076e-01 -2.68675431e-01 -2.56365964e-01 -2.49447726e-01 -2.27274312e-01 -2.14013179e-01 -1.91664331e-01 -1.57756235e-01 -1.19867091e-01 -8.55735711e-02 -4.61959326e-02 -1.53654954e-03 5.02235584e-02 9.66307319e-02 1.25701037e-01 1.58630933e-01 2.13307787e-01 2.74064018e-01 3.05604730e-01 3.07391988e-01 3.46552229e-01 3.82241860e-01 4.23740856e-01 4.29801678e-01 4.12400804e-01 4.41482036e-01 4.96135301e-01 5.25711721e-01 5.14327934e-01 4.49204754e-01 4.64930926e-01 5.93331808e-01 8.10855591e-01
4.80000000e+01 3.13117241e-02 -4.20578137e-01 -1.64571762e-01 -7.75479723e-02 -8.54167653e-02 -1.20146025e-01 -1.96893703e-01 -1.79161475e-01 -2.14325403e-01 -1.96357440e-01 -1.54945778e-01 -1.84428748e-01 -1.81451523e-01 -2.16610254e-01 -2.07229138e-01 -1.66977964e-01 -1.30154980e-01 -1.17048510e-01 -9.04779862e-02 -9.24402739e-02 -8.01273246e-02 -4.94826393e-02 -8.48878407e-03 2.73189854e-02 3.94576459e-02 6.41675424e-02 1.08937503e-01 1.43604406e-01 1.61824284e-01 1.84295604e-01 1.96498271e-01 2.11786421e-01 2.21075560e-01 1.96533405e-01 1.66936963e-01 1.31829491e-01 9.75471724e-02 6.31752764e-02 4.37200647e-02 3.75703582e-02 1.49189466e-02 -9.96102625e-03 -2.63782981e-02 -3.71150944e-02 -5.46901547e-02 -6.74680787e-02 -8.46919182e-02 -9.22556524e-02 -1.02461372e-01 -1.15179656e-01 -1.22898253e-01 -1.23670948e-01 -1.22961800e-01 -1.42131074e-01 -1.49448804e-01 -1.45999181e-01 -1.47849070e-01 -1.54881041e-01 -1.80232610e-01 -2.14614244e-01 -2.50900188e-01 -2.78962465e-01 -2.88753351e-01 -2.91490939e-01 -2.89079123e-01 -2.88954265e-01 -2.85203143e-01 -2.76079060e-01 -2.70037223e-01 -2.56810915e-01 -2.50020403e-01 -2.27996918e-01 -2.13998119e-01 -1.91816068e-01 -1.56766040e-01 -1.18542685e-01 -8.51620874e-02 -4.62274338e-02 -3.71786996e-04 5.24219454e-02 9.70249901e-02 1.24296899e-01 1.57211165e-01 2.11131239e-01 2.71937686e-01 3.02434036e-01 3.06788074e-01 3.46062860e-01 3.82395492e-01 4.24681480e-01 4.29232099e-01 4.12209659e-01 4.42329660e-01 4.97088189e-01 5.25368303e-01 5.14816441e-01 4.47891738e-01 4.67051954e-01 5.93561002e-01 8.10972081e-01
4.81000000e+01 3.44197709e-02 -4.16629693e-01 -1.63301243e-01 -7.41215886e-02 -8.24751210e-02 -1.15694131e-01 -1.93238303e-01 -1.75766752e-01 -2.10206160e-01 -1.97410448e-01 -1.52053800e-01 -1.83642932e-01 -1.81713602e-01 -2.16292242e-01 -2.06992539e-01 -1.68099338e-01 -1.32388646e-01 -1.17341675e-01 -9.06185555e-02 -9.33120819e-02 -7.97857549e-02 -5.13847445e-02 -9.96422554e-03 2.66568416e-02 3.88154239e-02 6.34988048e-02 1.06651844e-01 1.41729033e-01 1.61361600e-01 1.83810431e-01 1.95452177e-01 2.10583591e-01 2.18961736e-01 1.95366717e-01 1.64391063e-01 1.28308211e-01 9.51791127e-02 6.24801454e-02 4.35023844e-02 3.67110210e-02 1.34936103e-02 -1.13960116e-02 -2.74607182e-02 -3.79291564e-02 -5.49074716e-02 -6.82418678e-02 -8.50073757e-02 -9.32389056e-02 -1.02292648e-01 -1.15278826e-01 -1.22536168e-01 -1.22851807e-01 -1.22662819e-01 -1.40711200e-01 -1.48495524e-01 -1.44664673e-01 -1.46120187e-01 -1.52711205e-01 -1.77808872e-01 -2.12548448e-01 -2.49352704e-01 -2.77862277e-01 -2.88814190e-01 -2.92334389e-01 -2.90074230e-01 -2.90210767e-01 -2.86053741e-01 -2.77045864e-01 -2.71376796e-01 -2.57233519e-01 -2.50562216e-01 -2.28691999e-01 -2.13933923e-01 -1.91950027e-01 -1.55717452e-01 -1.17169793e-01 -8.47722951e-02 -4.62091525e-02 8.18211216e-04 5.46226173e-02 9.73129308e-02 1.22955516e-01 1.55820018e-01 2.09008482e-01 2.69712630e-01 2.99190129e-01 3.06314667e-01 3.45279712e-01 3.82703936e-01 4.25550617e-01 4.28530676e-01 4.12178742e-01 4.43113865e-01 4.97919756e-01 5.25220186e-01 5.15074515e-01 4.46733713e-01 4.69073917e-01 5.93799090e-01 8.11069025e-01
4.82000000e+01 3.74613540e-02 -4.12620832e-01 -1.62121938e-01 -7.06308171e-02 -7.97632546e-02 -1.11141203e-01 -1.89565495e-01 -1.72444818e-01 -2.06018109e-01 -1.98365969e-01 -1.49181626e-01 -1.82675277e-01 -1.82216821e-01 -2.15751572e-01 -2.06734342e-01 -1.69284516e-01 -1.34656873e-01 -1.17441947e-01 -9.09531262e-02 -9.41537021e-02 -7.94568325e-02 -5.32125763e-02 -1.14090968e-02 2.58825237e-02 3.82769635e-02 6.28730974e-02 1.04353523e-01 1.39812762e-01 1.60871293e-01 1.83296180e-01 1.94397294e-01 2.09322581e-01 2.16705585e-01 1.94096272e-01 1.61849681e-01 1.24803013e-01 9.28650866e-02 6.18213300e-02 4.33542240e-02 3.57844859e-02 1.20710713e-02 -1.27672704e-02 -2.85230063e-02 -3.87658857e-02 -5.50825558e-02 -6.90480095e-02 -8.52628379e-02 -9.42356344e-02 -1.02152004e-01 -1.15348117e-01 -1.22147303e-01 -1.22033938e-01 -1.22438689e-01 -1.39253112e-01 -1.47471828e-01 -1.43365489e-01 -1.44480092e-01 -1.50652759e-01 -1.75441089e-01 -2.10484792e-01 -2.47780758e-01 -2.76624072e-01 -2.88863879e-01 -2.93109051e-01 -2.91093017e-01 -2.91438629e-01 -2.86875617e-01 -2.78014177e-01 -2.72685231e-01 -2.57640269e-01 -2.51075750e-01 -2.29346785e-01 -2.13831970e-01 -1.92061440e-01 -1.54608934e-01 -1.15756241e-01 -8.44109454e-02 -4.61215233e-02 2.03128945e-03 5.68024888e-02 9.75001007e-02 1.21680462e-01 1.54456476e-01 2.06949576e-01 2.67382366e-01 2.95899890e-01 3.05940594e-01 3.44217141e-01 3.83171477e-01 4.26327492e-01 4.27711822e-01 4.12305517e-01 4.43832244e-01 4.98628091e-01 5.25279084e-01 5.15077450e-01 4.45765106e-01 4.70963951e-01 5.94066789e-01 8.11140161e-01
4.83000000e+01 4.04429931e-02 -4.08552556e-01 -1.61037722e-01 -6.70817225e-02 -7.72670918e-02 -1.06499287e-01 -1.85869556e-01 -1.69206737e-01 -2.01777146e-01 -1.99181536e-01 -1.46364718e-01 -1.81523358e-01 -1.82939716e-01 -2.14990192e-01 -2.06471263e-01 -1.70529240e-01 -1.36939339e-01 -1.17368702e-01 -9.14785846e-02 -9.49496913e-02 -7.91663717e-02 -5.49521356e-02 -1.28201972e-02 2.49899781e-02 3.78466678e-02 6.22784858e-02 1.02054784e-01 1.37859776e-01 1.60344895e-01 1.82752101e-01 1.93337104e-01 2.07995888e-01 2.14320526e-01 1.92709299e-01 1.59314085e-01 1.21325798e-01 9.06086477e-02 6.11927991e-02 4.32665517e-02 3.47917056e-02 1.06548887e-02 -1.40739221e-02 -2.95628234e-02 -3.96245810e-02 -5.52222148e-02 -6.98818012e-02 -8.54653764e-02 -9.52341280e-02 -1.02044963e-01 -1.15386627e-01 -1.21731007e-01 -1.21222480e-01 -1.22280346e-01 -1.37765292e-01 -1.46372229e-01 -1.42103822e-01 -1.42925942e-01 -1.48708879e-01 -1.73133573e-01 -2.08422130e-01 -2.46183257e-01 -2.75253379e-01 -2.88901116e-01 -2.93808707e-01 -2.92138457e-01 -2.92633318e-01 -2.87671745e-01 -2.78986514e-01 -2.73953652e-01 -2.58038215e-01 -2.51562764e-01 -2.29949023e-01 -2.13704054e-01 -1.92144722e-01 -1.53438914e-01 -1.14310978e-01 -8.40833063e-02 -4.59462841e-02 3.26562282e-03 5.89384086e-02 9.75934580e-02 1.20474123e-01 1.53119904e-01 2.04962630e-01 2.64942852e-01 2.92590221e-01 3.05630639e-01 3.42896944e-01 3.83795977e-01 4.26993347e-01 4.26792482e-01 4.12583097e-01 4.44484066e-01 4.99214746e-01 5.25549159e-01 5.14809127e-01 4.45013206e-01 4.72693790e-01 5.94382731e-01 8.11179719e-01
4.84000000e+01 4.33719264e-02 -4.04428111e-01 -1.60049166e-01 -6.34849691e-02 -7.49664860e-02 -1.01785112e-01 -1.82143005e-01 -1.66063872e-01 -1.97497850e-01 -1.99817239e-01 -1.43635997e-01 -1.80189022e-01 -1.83854510e-01 -2.14015029e-01 -2.06219302e-01 -1.71827523e-01 -1.39214954e-01 -1.17145840e-01 -9.21874113e-02 -9.56866367e-02 -7.89386128e-02 -5.65904799e-02 -1.41955547e-02 2.39761576e-02 3.75266234e-02 6.17036352e-02 9.97677086e-02 1.35874463e-01 1.59773752e-01 1.82177704e-01 1.92274629e-01 2.06596065e-01 2.11820215e-01 1.91194031e-01 1.56784649e-01 1.17888574e-01 8.84128925e-02 6.05889678e-02 4.32295568e-02 3.37348543e-02 9.24845296e-03 -1.53156614e-02 -3.05778178e-02 -4.05040719e-02 -5.53341394e-02 -7.07374358e-02 -8.56228462e-02 -9.62224300e-02 -1.01976649e-01 -1.15393714e-01 -1.21287131e-01 -1.20422259e-01 -1.22178383e-01 -1.36255956e-01 -1.45192780e-01 -1.40881200e-01 -1.41454593e-01 -1.46882388e-01 -1.70890577e-01 -2.06359627e-01 -2.44558467e-01 -2.73757334e-01 -2.88923173e-01 -2.94428504e-01 -2.93212388e-01 -2.93790825e-01 -2.88444912e-01 -2.79965103e-01 -2.75173451e-01 -2.58434803e-01 -2.52024146e-01 -2.30487289e-01 -2.13562052e-01 -1.92193596e-01 -1.52205870e-01 -1.12843984e-01 -8.37929414e-02 -4.56668603e-02 4.51971045e-03 6.10075759e-02 9.76010946e-02 1.19337716e-01 1.51810157e-01 2.03053620e-01 2.62392854e-01 2.89287246e-01 3.05346618e-01 3.41347629e-01 3.84568936e-01 4.27531920e-01 4.25791594e-01 4.13000513e-01 4.45070246e-01 4.99684728e-01 5.26026827e-01 5.14262583e-01 4.44497273e-01 4.74240671e-01 5.94762867e-01 8.11182609e-01
4.85000000e+01 4.62560761e-02 -4.00252984e-01 -1.59153570e-01 -5.98554739e-02 -7.28358305e-02 -9.70195491e-02 -1.78377016e-01 -1.63027633e-01 -1.93193128e-01 -2.00236724e-01 -1.41025022e-01 -1.78678334e-01 -1.84927698e-01 -2.12837811e-01 -2.05993413e-01 -1.73171781e-01 -1.41462315e-01 -1.16801132e-01 -9.30679602e-02 -9.63534433e-02 -7.87956616e-02 -5.81161153e-02 -1.55344557e-02 2.28412273e-02 3.73164119e-02 6.11380647e-02 9.75039938e-02 1.33861417e-01 1.59149170e-01 1.81572696e-01 1.91212309e-01 2.05116025e-01 2.09218107e-01 1.89539994e-01 1.54260886e-01 1.14503320e-01 8.62804733e-02 6.00047445e-02 4.32327378e-02 3.26172290e-02 7.85497103e-03 -1.64927526e-02 -3.15656863e-02 -4.14027043e-02 -5.54267690e-02 -7.16081389e-02 -8.57437107e-02 -9.71886122e-02 -1.01951631e-01 -1.15368985e-01 -1.20816092e-01 -1.19637632e-01 -1.22123259e-01 -1.34732923e-01 -1.43931182e-01 -1.39698377e-01 -1.40062732e-01 -1.45175592e-01 -1.68716296e-01 -2.04296849e-01 -2.42904062e-01 -2.72144540e-01 -2.88925936e-01 -2.94965044e-01 -2.94315380e-01 -2.94907800e-01 -2.89197650e-01 -2.80951776e-01 -2.76336510e-01 -2.58837677e-01 -2.52459910e-01 -2.30951266e-01 -2.13417618e-01 -1.92201232e-01 -1.50908424e-01 -1.11366125e-01 -8.35415419e-02 -4.52687044e-02 5.79235912e-03 6.29879515e-02 9.75319387e-02 1.18271318e-01 1.50527643e-01 2.01226270e-01 2.59734229e-01 2.86015515e-01 3.05048554e-01 3.39603475e-01 3.85475730e-01 4.27929840e-01 4.24729510e-01 4.13543095e-01 4.45593276e-01 5.00046360e-01 5.26700834e-01 5.13440250e-01 4.44227929e-01 4.75588044e-01 5.95219967e-01 8.11144582e-01
4.86000000e+01 4.91039897e-02 -3.96034823e-01 -1.58345131e-01 -5.62119030e-02 -7.08448527e-02 -9.22269118e-02 -1.74561911e-01 -1.60109172e-01 -1.88873950e-01 -2.00408067e-01 -1.38557294e-01 -1.77001359e-01 -1.86120797e-01 -2.11474755e-01 -2.05807187e-01 -1.74553013e-01 -1.43660180e-01 -1.16365466e-01 -9.41048517e-02 -9.69415506e-02 -7.87569942e-02 -5.95193587e-02 -1.68374142e-02 2.15886576e-02 3.72129882e-02 6.05723755e-02 9.52747538e-02 1.31825432e-01 1.58462590e-01 1.80936909e-01 1.90151895e-01 2.03549325e-01 2.06527056e-01 1.87738265e-01 1.51741506e-01 1.11181838e-01 8.42136224e-02 5.94355679e-02 4.32649963e-02 3.14431303e-02 6.47745817e-03 -1.76060034e-02 -3.25242464e-02 -4.23183399e-02 -5.55091110e-02 -7.24863488e-02 -8.58368625e-02 -9.81210379e-02 -1.01973764e-01 -1.15312280e-01 -1.20318940e-01 -1.18872357e-01 -1.22105459e-01 -1.33203544e-01 -1.42586819e-01 -1.38555259e-01 -1.38747010e-01 -1.43590112e-01 -1.66614865e-01 -2.02233833e-01 -2.41217189e-01 -2.70424893e-01 -2.88904026e-01 -2.95416402e-01 -2.95446657e-01 -2.95981648e-01 -2.89932200e-01 -2.81947871e-01 -2.77435415e-01 -2.59254467e-01 -2.52869214e-01 -2.31331965e-01 -2.13281901e-01 -1.92160394e-01 -1.49545431e-01 -1.09888984e-01 -8.33288157e-02 -4.47395853e-02 7.08265675e-03 6.48586592e-02 9.73954456e-02 1.17273917e-01 1.49273369e-01 1.99482023e-01 2.56972104e-01 2.82797278e-01 3.04695904e-01 3.37703438e-01 3.86496046e-01 4.28176923e-01 4.23627378e-01 4.14192943e-01 4.46057128e-01 5.00311032e-01 5.27552587e-01 5.12353879e-01 4.44206871e-01 4.76726057e-01 5.95763234e-01 8.11062354e-01
4.87000000e+01 5.19247590e-02 -3.91783289e-01 -1.57615193e-01 -5.25760285e-02 -6.89595642e-02 -8.74341395e-02 -1.70687713e-01 -1.57319033e-01 -1.84549168e-01 -2.00304509e-01 -1.36253720e-01 -1.75171815e-01 -1.87391249e-01 -2.09946128e-01 -2.05672577e-01 -1.75961012e-01 -1.45787939e-01 -1.15871993e-01 -9.52794610e-02 -9.74450783e-02 -7.88390401e-02 -6.07926487e-02 -1.81060893e-02 2.02252013e-02 3.72106321e-02 5.99984457e-02 9.30903391e-02 1.29771481e-01 1.57705761e-01 1.80270216e-01 1.89094334e-01 2.01890435e-01 2.03758940e-01 1.85781694e-01 1.49224500e-01 1.07935587e-01 8.22141881e-02 5.88774251e-02 4.33147431e-02 3.02177279e-02 5.11873649e-03 -1.86567191e-02 -3.34515123e-02 -4.32483756e-02 -5.55905212e-02 -7.33639327e-02 -8.59114419e-02 -9.90086071e-02 -1.02046045e-01 -1.15223646e-01 -1.19797406e-01 -1.18129487e-01 -1.22115608e-01 -1.31674677e-01 -1.41160741e-01 -1.37450873e-01 -1.37504159e-01 -1.42126735e-01 -1.64590367e-01 -2.00171131e-01 -2.39494564e-01 -2.68609372e-01 -2.88850974e-01 -2.95782079e-01 -2.96604045e-01 -2.97010602e-01 -2.90650487e-01 -2.82954151e-01 -2.78463644e-01 -2.59692563e-01 -2.53250419e-01 -2.31621902e-01 -2.13165291e-01 -1.92063594e-01 -1.48116079e-01 -1.08424653e-01 -8.31524363e-02 -4.40698227e-02 8.38993482e-03 6.66003691e-02 9.72012839e-02 1.16343493e-01 1.48048945e-01 1.97820088e-01 2.54114941e-01 2.79651820e-01 3.04248811e-01 3.35689907e-01 3.87604488e-01 4.28266372e-01 4.22506521e-01 4.14929482e-01 4.46467119e-01 5.00492839e-01 5.28556754e-01 5.11024117e-01 4.44426887e-01 4.77651806e-01 5.96398056e-01 8.10933701e-01
4.88000000e+01 5.47279182e-02 -3.87509849e-01 -1.56952616e-01 -4.89719714e-02 -6.71433354e-02 -8.26698834e-02 -1.66744749e-01 -1.54666780e-01 -1.80225436e-01 -1.99905018e-01 -1.34130235e-01 -1.73206568e-01 -1.88693452e-01 -2.08275700e-01 -2.05599654e-01 -1.77384614e-01 -1.47826085e-01 -1.15355213e-01 -9.65704814e-02 -9.78609027e-02 -7.90548531e-02 -6.19307918e-02 -1.93431616e-02 1.87607561e-02 3.73009805e-02 5.94095829e-02 9.09601837e-02 1.27704689e-01 1.56870940e-01 1.79572436e-01 1.88039684e-01 2.00134972e-01 2.00924356e-01 1.83665083e-01 1.46707235e-01 1.04775515e-01 8.02836779e-02 5.83268498e-02 4.33700151e-02 2.89469174e-02 3.78143702e-03 -1.96466380e-02 -3.43457715e-02 -4.41897808e-02 -5.56804590e-02 -7.42324299e-02 -8.59766549e-02 -9.98409807e-02 -1.02170497e-01 -1.15103318e-01 -1.19253934e-01 -1.17411306e-01 -1.22144543e-01 -1.30152687e-01 -1.39655609e-01 -1.36383359e-01 -1.36331089e-01 -1.40785302e-01 -1.62646824e-01 -1.98109842e-01 -2.37732571e-01 -2.66709792e-01 -2.88759444e-01 -2.96062906e-01 -2.97783970e-01 -2.97993744e-01 -2.91354137e-01 -2.83970744e-01 -2.79415736e-01 -2.60158891e-01 -2.53601161e-01 -2.31815229e-01 -2.13077188e-01 -1.91903262e-01 -1.46619970e-01 -1.06985515e-01 -8.30080479e-02 -4.32524631e-02 9.71371994e-03 6.81956562e-02 9.69590257e-02 1.15477106e-01 1.46856550e-01 1.96237575e-01 2.51174485e-01 2.76594898e-01 3.03669346e-01 3.33607384e-01 3.88771329e-01 4.28194858e-01 4.21387816e-01 4.15730076e-01 4.46829761e-01 5.00608119e-01 5.29682084e-01 5.09479786e-01 4.44872197e-01 4.78369343e-01 5.97125877e-01 8.10757512e-01
4.89000000e+01 5.75233246e-02 -3.83227508e-01 -1.56344204e-01 -4.54253545e-02 -6.53580595e-02 -7.79635306e-02 -1.62724258e-01 -1.52160602e-01 -1.75907231e-01 -1.99194684e-01 -1.32197599e-01 -1.71125029e-01 -1.89979900e-01 -2.06490098e-01 -2.05596415e-01 -1.78811964e-01 -1.49756652e-01 -1.14850031e-01 -9.79545434e-02 -9.81886640e-02 -7.94138787e-02 -6.29311314e-02 -2.05521762e-02 1.72081241e-02 3.74731377e-02 5.88006301e-02 8.88926810e-02 1.25630305e-01 1.55951072e-01 1.78843227e-01 1.86987040e-01 1.98279876e-01 1.98032378e-01 1.81385313e-01 1.44186554e-01 1.01711885e-01 7.84233050e-02 5.77808995e-02 4.34186060e-02 2.76371741e-02 2.46800317e-03 -2.05778520e-02 -3.52056557e-02 -4.51391519e-02 -5.57882308e-02 -7.50833101e-02 -8.60415921e-02 -1.00608781e-01 -1.02348067e-01 -1.14951711e-01 -1.18691677e-01 -1.16719308e-01 -1.22183361e-01 -1.28643464e-01 -1.38075609e-01 -1.35350005e-01 -1.35224965e-01 -1.39564646e-01 -1.60788157e-01 -1.96051629e-01 -2.35927395e-01 -2.64738541e-01 -2.88621497e-01 -2.96260891e-01 -2.98981481e-01 -2.98931014e-01 -2.92044489e-01 -2.84997109e-01 -2.80287423e-01 -2.60659699e-01 -2.53918449e-01 -2.31907828e-01 -2.13025791e-01 -1.91671901e-01 -1.45057214e-01 -1.05584001e-01 -8.28893241e-02 -4.22833976e-02 1.10536767e-02 6.96293270e-02 9.66778489e-02 1.14671010e-01 1.45698862e-01 1.94729707e-01 2.48165592e-01 2.73638294e-01 3.02922675e-01 3.31501102e-01 3.89963401e-01 4.27962497e-01 4.20291096e-01 4.16570691e-01 4.47152581e-01 5.00674905e-01 5.30892445e-01 5.07756868e-01 4.45519084e-01 4.78889438e-01 5.97944223e-01 8.10533806e-01
4.90000000e+01 6.03210242e-02 -3.78950501e-01 -1.55775213e-01 -4.19624000e-02 -6.35653651e-02 -7.33441999e-02 -1.58618999e-01 -1.49806915e-01 -1.71596969e-01 -1.98164909e-01 -1.30461371e-01 -1.68948438e-01 -1.91202400e-01 -2.04618067e-01 -2.05668642e-01 -1.80230781e-01 -1.51563630e-01 -1.14390810e-01 -9.94068682e-02 -9.84307037e-02 -7.99218206e-02 -6.37936351e-02 -2.17373655e-02 1.55826796e-02 3.77138636e-02 5.81680237e-02 8.68950873e-02 1.23553657e-01 1.54939987e-01 1.78081975e-01 1.85934495e-01 1.96323545e-01 1.95090395e-01 1.78941429e-01 1.41658884e-01 9.87541189e-02 7.66340308e-02 5.72371145e-02 4.34482065e-02 2.62954118e-02 1.18069366e-03 -2.14527203e-02 -3.60302003e-02 -4.60927797e-02 -5.59227358e-02 -7.59082347e-02 -8.61150506e-02 -1.01303767e-01 -1.02578549e-01 -1.14769427e-01 -1.18114443e-01 -1.16054224e-01 -1.22223430e-01 -1.27152428e-01 -1.36426353e-01 -1.34347294e-01 -1.34183244e-01 -1.38462598e-01 -1.59018127e-01 -1.93998719e-01 -2.34075156e-01 -2.62708305e-01 -2.88428862e-01 -2.96379047e-01 -3.00190317e-01 -2.99823174e-01 -2.92722631e-01 -2.86032010e-01 -2.81075730e-01 -2.61200355e-01 -2.54198776e-01 -2.31897367e-01 -2.13017899e-01 -1.91362268e-01 -1.43428502e-01 -1.04232350e-01 -8.27880719e-02 -4.11614233e-02 1.24095447e-02 7.08887045e-02 9.63662617e-02 1.13920779e-01 1.44578945e-01 1.93290103e-01 2.45105952e-01 2.70789502e-01 3.01978142e-01 3.29415638e-01 3.91145075e-01 4.27572726e-01 4.19234591e-01 4.17426574e-01 4.47443925e-01 5.00712317e-01 5.32148030e-01 5.05897235e-01 4.46336812e-01 4.79229121e-01 5.98846843e-01 8.10263708e-01
4.91000000e+01 6.31311069e-02 -3.74693939e-01 -1.55229894e-01 -3.86089996e-02 -6.17278390e-02 -6.88397451e-02 -1.54423824e-01 -1.47609980e-01 -1.67295212e-01 -1.96813422e-01 -1.28922040e-01 -1.66699067e-01 -1.92313331e-01 -2.02689683e-01 -2.05819808e-01 -1.81628645e-01 -1.53233321e-01 -1.14010460e-01 -1.00901939e-01 -9.85919313e-02 -8.05806079e-02 -6.45209029e-02 -2.29034573e-02 1.39019645e-02 3.80078311e-02 5.75098022e-02 8.49734543e-02 1.21480107e-01 1.53832571e-01 1.77287675e-01 1.84879128e-01 1.94265904e-01 1.92104020e-01 1.76334662e-01 1.39120341e-01 9.59106457e-02 7.49165995e-02 5.66934639e-02 4.34465511e-02 2.49288509e-02 -7.84166116e-05 -2.22737811e-02 -3.68188881e-02 -4.70467265e-02 -5.60922275e-02 -7.66993109e-02 -8.62053581e-02 -1.01918993e-01 -1.02860524e-01 -1.14557288e-01 -1.17526586e-01 -1.15416102e-01 -1.22256405e-01 -1.25684537e-01 -1.34714755e-01 -1.33370991e-01 -1.33203692e-01 -1.37476046e-01 -1.57340243e-01 -1.91953898e-01 -2.32172068e-01 -2.60631790e-01 -2.88173204e-01 -2.96421201e-01 -3.01403001e-01 -3.00671763e-01 -2.93389435e-01 -2.87073530e-01 -2.81779041e-01 -2.61785169e-01 -2.54438232e-01 -2.31783339e-01 -2.13058731e-01 -1.90967534e-01 -1.41735195e-01 -1.02942356e-01 -8.26943778e-02 -3.98882522e-02 1.37810728e-02 7.19638631e-02 9.60318601e-02 1.13221445e-01 1.43500108e-01 1.91911129e-01 2.42015691e-01 2.68051563e-01 3.00810221e-01 3.27393566e-01 3.92279316e-01 4.27032067e-01 4.18234430e-01 4.18272949e-01 4.47712751e-01 5.00739899e-01 5.33406699e-01 5.03947176e-01 4.47288780e-01 4.79411007e-01 5.99823987e-01 8.09949394e-01
4.92000000e+01 6.59635532e-02 -3.70473436e-01 -1.54692064e-01 -3.53897951e-02 -5.98102149e-02 -6.44758032e-02 -1.50136194e-01 -1.45571552e-01 -1.63000966e-01 -1.95144101e-01 -1.27575317e-01 -1.64399383e-01 -1.93266925e-01 -2.00735509e-01 -2.06051046e-01 -1.82993264e-01 -1.54754652e-01 -1.13739579e-01 -1.02414174e-01 -9.86796210e-02 -8.13884589e-02 -6.51180997e-02 -2.40554773e-02 1.21852274e-02 3.83379450e-02 5.68255703e-02 8.31325850e-02 1.19414988e-01 1.52624934e-01 1.76458817e-01 1.83817033e-01 1.92108410e-01 1.89077088e-01 1.73568399e-01 1.36566841e-01 9.31887758e-02 7.32715594e-02 5.61482839e-02 4.34015667e-02 2.35448984e-02 -1.30743742e-03 -2.30436709e-02 -3.75716736e-02 -4.79969100e-02 -5.63040982e-02 -7.74493301e-02 -8.63201971e-02 -1.02448940e-01 -1.03191330e-01 -1.14316391e-01 -1.16932850e-01 -1.14804423e-01 -1.22274219e-01 -1.24244271e-01 -1.32948916e-01 -1.32416240e-01 -1.32284368e-01 -1.36601049e-01 -1.55757643e-01 -1.89920489e-01 -2.30214601e-01 -2.58521448e-01 -2.87846367e-01 -2.96391788e-01 -3.02610967e-01 -3.01479026e-01 -2.94045580e-01 -2.88119085e-01 -2.82397132e-01 -2.62417252e-01 -2.54632626e-01 -2.31567068e-01 -2.13151757e-01 -1.90481448e-01 -1.39979394e-01 -1.01725111e-01 -8.25967906e-02 -3.84684692e-02 1.51679530e-02 7.28478074e-02 9.56811253e-02 1.12567650e-01 1.42465721e-01 1.90584287e-01 2.38916891e-01 2.65423047e-01 2.99399298e-01 3.25474180e-01 3.93328766e-01 4.26349814e-01 4.17304194e-01 4.19085688e-01 4.47968415e-01 5.00776945e-01 5.34625401e-01 5.01955761e-01 4.48333869e-01 4.79462439e-01 6.00862797e-01 8.09593995e-01
4.93000000e+01 6.88280762e-02 -3.66304713e-01 -1.54145674e-01 -3.23272990e-02 -5.77804903e-02 -6.02749202e-02 -1.45756608e-01 -1.43690571e-01 -1.58712039e-01 -1.93166627e-01 -1.26412554e-01 -1.62071173e-01 -1.94020523e-01 -1.98785746e-01 -2.06361161e-01 -1.84312741e-01 -1.56119415e-01 -1.13605682e-01 -1.03918582e-01 -9.87031411e-02 -8.23400337e-02 -6.55928241e-02 -2.51985517e-02 1.04529231e-02 3.86857105e-02 5.61164193e-02 8.13760132e-02 1.17363540e-01 1.51314541e-01 1.75593278e-01 1.82743382e-01 1.89853997e-01 1.86011719e-01 1.70648108e-01 1.33994217e-01 9.05945903e-02 7.16992706e-02 5.56002152e-02 4.33015178e-02 2.21510388e-02 -2.50466443e-03 -2.37650563e-02 -3.82889822e-02 -4.89391945e-02 -5.65646910e-02 -7.81519835e-02 -8.64664296e-02 -1.02889638e-01 -1.03567049e-01 -1.14048182e-01 -1.16338164e-01 -1.14218261e-01 -1.22269089e-01 -1.22835615e-01 -1.31137982e-01 -1.31477679e-01 -1.31423586e-01 -1.35832978e-01 -1.54272980e-01 -1.87902314e-01 -2.28199657e-01 -2.56389231e-01 -2.87440578e-01 -2.96295670e-01 -3.03804710e-01 -3.02247829e-01 -2.94691576e-01 -2.89165460e-01 -2.82931169e-01 -2.63098397e-01 -2.54777604e-01 -2.31251688e-01 -2.13298566e-01 -1.89898486e-01 -1.38164023e-01 -1.00590752e-01 -8.24825397e-02 -3.69094401e-02 1.65697548e-02 7.35365880e-02 9.53192685e-02 1.11953795e-01 1.41479025e-01 1.89300643e-01 2.35833025e-01 2.62898197e-01 2.97732281e-01 3.23692335e-01 3.94256832e-01 4.25537642e-01 4.16454558e-01 4.19841962e-01 4.48220438e-01 5.00841817e-01 5.35761637e-01 4.99973115e-01 4.49427953e-01 4.79414483e-01 6.01947791e-01 8.09201475e-01
4.94000000e+01 7.17339633e-02 -3.62203208e-01 -1.53575365e-01 -2.94410873e-02 -5.56109340e-02 -5.62557887e-02 -1.41288942e-01 -1.41962914e-01 -1.54425454e-01 -1.90895989e-01 -1.25421281e-01 -1.59734687e-01 -1.94535763e-01 -1.96869385e-01 -2.06746697e-01 -1.85575825e-01 -1.57322443e-01 -1.13632524e-01 -1.05391390e-01 -9.86736246e-02 -8.34266636e-02 -6.59549239e-02 -2.63377120e-02 8.72618720e-03 3.90316454e-02 5.53848083e-02 7.97060044e-02 1.15330833e-01 1.49900334e-01 1.74688240e-01 1.81652522e-01 1.87506966e-01 1.82908457e-01 1.67581197e-01 1.31398338e-01 8.81328535e-02 7.01998984e-02 5.50481426e-02 4.31351463e-02 2.07547346e-02 -3.66857810e-03 -2.44405855e-02 -3.89716858e-02 -4.98694883e-02 -5.68791440e-02 -7.88020515e-02 -8.66499205e-02 -1.03238762e-01 -1.03982521e-01 -1.13754531e-01 -1.15747399e-01 -1.13656445e-01 -1.22233513e-01 -1.21462032e-01 -1.29292001e-01 -1.30549574e-01 -1.30619872e-01 -1.35166676e-01 -1.52888315e-01 -1.85903634e-01 -2.26124758e-01 -2.54246364e-01 -2.86948605e-01 -2.96137949e-01 -3.04973972e-01 -3.02981562e-01 -2.95327777e-01 -2.90208855e-01 -2.83383682e-01 -2.63829003e-01 -2.54868762e-01 -2.30842103e-01 -2.13498750e-01 -1.89213977e-01 -1.36292908e-01 -9.95481945e-02 -8.23377893e-02 -3.52211685e-02 1.79858586e-02 7.40293538e-02 9.49501295e-02 1.11374191e-01 1.40542917e-01 1.88051275e-01 2.32788322e-01 2.60467214e-01 2.95803001e-01 3.22077441e-01 3.95028745e-01 4.24609146e-01 4.15693006e-01 4.20520843e-01 4.48478289e-01 5.00951300e-01 5.36774909e-01 4.98048641e-01 4.50525492e-01 4.79300801e-01 6.03061435e-01 8.08776482e-01
4.95000000e+01 7.46899209e-02 -3.58183689e-01 -1.52966980e-01 -2.67470943e-02 -5.32789490e-02 -5.24326241e-02 -1.36740656e-01 -1.40381227e-01 -1.50137904e-01 -1.88351856e-01 -1.24585822e-01 -1.57407812e-01 -1.94779678e-01 -1.95013400e-01 -2.07202037e-01 -1.86772151e-01 -1.58361706e-01 -1.13839550e-01 -1.06810629e-01 -9.86035910e-02 -8.46366434e-02 -6.62162741e-02 -2.74777064e-02 7.02629595e-03 3.93557255e-02 5.46344091e-02 7.81235779e-02 1.13321681e-01 1.48382805e-01 1.73740125e-01 1.80538098e-01 1.85072817e-01 1.79766457e-01 1.64376839e-01 1.28775248e-01 8.58069433e-02 6.87733979e-02 5.44911409e-02 4.28918031e-02 1.93633298e-02 -4.79783743e-03 -2.50728604e-02 -3.96210521e-02 -5.07838433e-02 -5.72512687e-02 -7.93955617e-02 -8.68753667e-02 -1.03495705e-01 -1.04431403e-01 -1.13437801e-01 -1.15165133e-01 -1.13117745e-01 -1.22160282e-01 -1.20126443e-01 -1.27421766e-01 -1.29625952e-01 -1.29871902e-01 -1.34596609e-01 -1.51605030e-01 -1.83929060e-01 -2.23988223e-01 -2.52103155e-01 -2.86363865e-01 -2.95923808e-01 -3.06107946e-01 -3.03684015e-01 -2.95954384e-01 -2.91244939e-01 -2.83758514e-01 -2.64608030e-01 -2.54901757e-01 -2.30344909e-01 -2.13749844e-01 -1.88424209e-01 -1.34370851e-01 -9.86048816e-02 -8.21479303e-02 -3.34160966e-02 1.94153878e-02 7.43283401e-02 9.45761296e-02 1.10823201e-01 1.39659748e-01 1.86827713e-01 2.29807098e-01 2.58116695e-01 2.93612405e-01 3.20652622e-01 3.95612542e-01 4.23579346e-01 4.15023642e-01 4.21103840e-01 4.48751152e-01 5.01120000e-01 5.37628107e-01 4.96229281e-01 4.51581170e-01 4.79156454e-01 6.04184770e-01 8.08324173e-01
4.96000000e+01 7.77039247e-02 -3.54259885e-01 -1.52308017e-01 -2.42570310e-02 -5.07677663e-02 -4.88147023e-02 -1.32122874e-01 -1.38934832e-01 -1.45846214e-01 -1.85557838e-01 -1.23887988e-01 -1.55105336e-01 -1.94725635e-01 -1.93242017e-01 -2.07719550e-01 -1.87892451e-01 -1.59238328e-01 -1.14241462e-01 -1.08156659e-01 -9.85065365e-02 -8.59555730e-02 -6.63905276e-02 -2.86228149e-02 5.37412051e-03 3.96378599e-02 5.38699172e-02 7.66285505e-02 1.11340559e-01 1.46764037e-01 1.72744564e-01 1.79393204e-01 1.82558052e-01 1.76583723e-01 1.61045743e-01 1.26121297e-01 8.36188040e-02 6.74194898e-02 5.39284283e-02 4.25615736e-02 1.79839537e-02 -5.89126686e-03 -2.56644317e-02 -4.02386732e-02 -5.16785542e-02 -5.76834685e-02 -7.99299086e-02 -8.71461396e-02 -1.03661634e-01 -1.04906247e-01 -1.13100889e-01 -1.14595416e-01 -1.12601025e-01 -1.22042500e-01 -1.18831211e-01 -1.25538634e-01 -1.28700753e-01 -1.29178447e-01 -1.34116993e-01 -1.50423789e-01 -1.81983450e-01 -2.21789347e-01 -2.49968851e-01 -2.85680505e-01 -2.95658368e-01 -3.07195505e-01 -3.04359243e-01 -2.96571457e-01 -2.92268905e-01 -2.84060754e-01 -2.65432993e-01 -2.54872412e-01 -2.29768294e-01 -2.14047300e-01 -1.87526508e-01 -1.32403696e-01 -9.77665306e-02 -8.18979105e-02 -3.15088457e-02 2.08571366e-02 7.44387931e-02 9.41982828e-02 1.10295361e-01 1.38831135e-01 1.85622368e-01 2.26913058e-01 2.55830190e-01 2.91168535e-01 3.19434091e-01 3.95979966e-01 4.22464156e-01 4.14447098e-01 4.21575365e-01 4.49047712e-01 5.01359818e-01 5.38288778e-01 4.94557850e-01 4.52551512e-01 4.79016676e-01 6.05298084e-01 8.07850031e-01
4.97000000e+01 8.07830806e-02 -3.50444153e-01 -1.51588013e-01 -2.19779503e-02 -4.80669447e-02 -4.54060747e-02 -1.27450326e-01 -1.37609748e-01 -1.41547808e-01 -1.82540673e-01 -1.23307787e-01 -1.52838305e-01 -1.94354112e-01 -1.91576065e-01 -2.08289755e-01 -1.88928749e-01 -1.59956533e-01 -1.14847935e-01 -1.09412619e-01 -9.83965106e-02 -8.73667336e-02 -6.64928531e-02 -2.97766708e-02 3.78958382e-03 3.98583903e-02 5.30968330e-02 7.52196007e-02 1.09391514e-01 1.45047703e-01 1.71696405e-01 1.78210539e-01 1.79969941e-01 1.73357366e-01 1.57599902e-01 1.23433286e-01 8.15689179e-02 6.61376340e-02 5.33593258e-02 4.21353980e-02 1.66234203e-02 -6.94783668e-03 -2.62178123e-02 -4.08263763e-02 -5.25502476e-02 -5.81767038e-02 -8.04039294e-02 -8.74641556e-02 -1.03739492e-01 -1.05398632e-01 -1.12747225e-01 -1.14041582e-01 -1.12105381e-01 -1.21873615e-01 -1.17578143e-01 -1.23654352e-01 -1.27767983e-01 -1.28538312e-01 -1.33721902e-01 -1.49344534e-01 -1.80071775e-01 -2.19528553e-01 -2.47851526e-01 -2.84893438e-01 -2.95346552e-01 -3.08225450e-01 -3.05011399e-01 -2.97178925e-01 -2.93275529e-01 -2.84296639e-01 -2.66299985e-01 -2.54776815e-01 -2.29121900e-01 -2.14384513e-01 -1.86519295e-01 -1.30398385e-01 -9.70369002e-02 -8.15726016e-02 -2.95158955e-02 2.23094948e-02 7.43688344e-02 9.38162621e-02 1.09785485e-01 1.38057797e-01 1.84428911e-01 2.24128594e-01 2.53588876e-01 2.88486286e-01 3.18430726e-01 3.96107245e-01 4.21279847e-01 4.13960537e-01 4.21923105e-01 4.49375937e-01 5.01679525e-01 5.38730252e-01 4.93071524e-01 4.53396420e-01 4.78915651e-01 6.06381589e-01 8.07359671e-01
4.98000000e+01 8.39334993e-02 -3.46747182e-01 -1.50798838e-01 -1.99119719e-02 -4.51726638e-02 -4.22054692e-02 -1.22741138e-01 -1.36388794e-01 -1.37241151e-01 -1.79329353e-01 -1.22824169e-01 -1.50613524e-01 -1.93653243e-01 -1.90032446e-01 -2.08901519e-01 -1.89874531e-01 -1.60523495e-01 -1.15663450e-01 -1.10564803e-01 -9.82876982e-02 -8.88514896e-02 -6.65396649e-02 -3.09420887e-02 2.29112807e-03 3.99986073e-02 5.23212179e-02 7.38943520e-02 1.07478080e-01 1.43239016e-01 1.70589755e-01 1.76982576e-01 1.77316284e-01 1.70083886e-01 1.54052305e-01 1.20708611e-01 7.96562993e-02 6.49270023e-02 5.27832238e-02 4.16051909e-02 1.52881247e-02 -7.96663959e-03 -2.67355069e-02 -4.13861247e-02 -5.33959535e-02 -5.87305091e-02 -8.08179273e-02 -8.78297893e-02 -1.03733960e-01 -1.05899334e-01 -1.12380724e-01 -1.13506111e-01 -1.11630238e-01 -1.21647464e-01 -1.16368491e-01 -1.21780857e-01 -1.26821874e-01 -1.27950281e-01 -1.33405338e-01 -1.48366523e-01 -1.78198976e-01 -2.17207517e-01 -2.45758016e-01 -2.83998375e-01 -2.94992961e-01 -3.09186763e-01 -3.05644554e-01 -2.97776605e-01 -2.94259244e-01 -2.84473456e-01 -2.67203727e-01 -2.54611417e-01 -2.28416656e-01 -2.14752893e-01 -1.85402119e-01 -1.28362980e-01 -9.64175834e-02 -8.11571978e-02 -2.74552033e-02 2.37703703e-02 7.41292675e-02 9.34285191e-02 1.09288732e-01 1.37339442e-01 1.83242609e-01 2.21474112e-01 2.51372323e-01 2.85586971e-01 3.17643879e-01 3.95975715e-01 4.20042509e-01 4.13557749e-01 4.22138304e-01 4.49742885e-01 5.02084436e-01 5.38932564e-01 4.91800515e-01 4.54080585e-01 4.78885351e-01 6.07416103e-01 8.06858646e-01
4.99000000e+01 8.71601866e-02 -3.43177746e-01 -1.49934894e-01 -1.80561793e-02 -4.20877995e-02 -3.92063797e-02 -1.18016487e-01 -1.35251813e-01 -1.32926148e-01 -1.75954223e-01 -1.22415733e-01 -1.48433227e-01 -1.92619146e-01 -1.88623747e-01 -2.09542258e-01 -1.90724885e-01 -1.60949134e-01 -1.16687279e-01 -1.11602925e-01 -9.81940232e-02 -9.03897091e-02 -6.65483503e-02 -3.21209019e-02 8.95203617e-04 4.00412761e-02 5.15494307e-02 7.26494718e-02 1.05603204e-01 1.41344626e-01 1.69418070e-01 1.75701723e-01 1.74605162e-01 1.66759447e-01 1.50416632e-01 1.17945400e-01 7.78785089e-02 6.37864522e-02 5.21995501e-02 4.09639628e-02 1.39839346e-02 -8.94686781e-03 -2.72200485e-02 -4.19199198e-02 -5.42131510e-02 -5.93430636e-02 -8.11736379e-02 -8.82418451e-02 -1.03651355e-01 -1.06398533e-01 -1.12005697e-01 -1.12990564e-01 -1.11175392e-01 -1.21358342e-01 -1.15202966e-01 -1.19930088e-01 -1.25857044e-01 -1.27413061e-01 -1.33161274e-01 -1.47488392e-01 -1.76369822e-01 -2.14829250e-01 -2.43693899e-01 -2.82991852e-01 -2.94601763e-01 -3.10068858e-01 -3.06262495e-01 -2.98364232e-01 -2.95214213e-01 -2.84599408e-01 -2.68137638e-01 -2.54373133e-01 -2.27664586e-01 -2.15141979e-01 -1.84175663e-01 -1.26306657e-01 -9.59078412e-02 -8.06376349e-02 -2.53457727e-02 2.52371148e-02 7.37333293e-02 9.30324504e-02 1.08800646e-01 1.36674695e-01 1.82060592e-01 2.18967388e-01 2.49159313e-01 2.82497692e-01 3.17067417e-01 3.95572300e-01 4.18767544e-01 4.13229347e-01 4.22215925e-01 4.50154513e-01 5.02576213e-01 5.38883151e-01 4.90766994e-01 4.54574715e-01 4.78954465e-01 6.08383684e-01 8.06352256e-01
5.00000000e+01 9.04669535e-02 -3.39742513e-01 -1.48993219e-01 -1.64026900e-02 -3.88217838e-02 -3.63973410e-02 -1.13300122e-01 -1.34175996e-01 -1.28604488e-01 -1.72446086e-01 -1.22061416e-01 -1.46294905e-01 -1.91255996e-01 -1.87357982e-01 -2.10198160e-01 -1.91476615e-01 -1.61245825e-01 -1.17913587e-01 -1.12520300e-01 -9.81287874e-02 -9.19601970e-02 -6.65369924e-02 -3.33138178e-02 -3.84207093e-04 3.99711550e-02 5.07878506e-02 7.14807834e-02 1.03769184e-01 1.39372476e-01 1.68174281e-01 1.74360466e-01 1.71844710e-01 1.63380150e-01 1.46706943e-01 1.15142646e-01 7.62316905e-02 6.27145035e-02 5.16077386e-02 4.02059477e-02 1.27160832e-02 -9.88779526e-03 -2.76740347e-02 -4.24297122e-02 -5.49997824e-02 -6.00113151e-02 -8.14741371e-02 -8.86975968e-02 -1.03499465e-01 -1.06886065e-01 -1.11626706e-01 -1.12495580e-01 -1.10741015e-01 -1.21001080e-01 -1.14081746e-01 -1.18113801e-01 -1.24868656e-01 -1.26925227e-01 -1.32983685e-01 -1.46708235e-01 -1.74588778e-01 -2.12398137e-01 -2.41663493e-01 -2.81871249e-01 -2.94176570e-01 -3.10861826e-01 -3.06868530e-01 -2.98941497e-01 -2.96134423e-01 -2.84683474e-01 -2.69093928e-01 -2.54059438e-01 -2.26878579e-01 -2.15539597e-01 -1.82841746e-01 -1.24239663e-01 -9.55044875e-02 -8.00010142e-02 -2.32071857e-02 2.67064592e-02 7.31963924e-02 9.26246029e-02 1.08317170e-01 1.36061089e-01 1.80882033e-01 2.16623001e-01 2.46928708e-01 2.79250540e-01 3.16687980e-01 3.94889810e-01 4.17469191e-01 4.12963041e-01 4.22154718e-01 4.50615525e-01 5.03152791e-01 5.38577302e-01 4.89984302e-01 4.54856537e-01 4.79147462e-01 6.09268222e-01 8.05845377e-01
