# time site_0 site_1 site_2 site_3 site_4 site_5 site_6 site_7 site_8 site_9 site_10 site_11 site_12 site_13 site_14 site_15 site_16 site_17 site_18 site_19 site_20 site_21 site_22 site_23 site_24 site_25 site_26 site_27 site_28 site_29 site_30 site_31 site_32 site_33 site_34 site_35 site_36 site_37 site_38 site_39 site_40 site_41 site_42 site_43 site_44 site_45 site_46 site_47 site_48 site_49 site_50 site_51 site_52 site_53 site_54 site_55 site_56 site_57 site_58 site_59 site_60 site_61 site_62 site_63 site_64 site_65 site_66 site_67 site_68 site_69 site_70 site_71 site_72 site_73 site_74 site_75 site_76 site_77 site_78 site_79 site_80 site_81 site_82 site_83 site_84 site_85 site_86 site_87 site_88 site_89 site_90 site_91 site_92 site_93 site_94 site_95 site_96 site_97 site_98 site_99
0.00000000e+00 -2.69726042e-01 -1.80407653e-01 -1.02862872e-01 -3.88104750e-02 1.08998315e-02 4.62589319e-02 6.80236981e-02 7.76032249e-02 7.69149614e-02 6.82212692e-02 5.39576925e-02 3.65642560e-02 1.83303999e-02 1.26280913e-03 -1.30165282e-02 -2.33370264e-02 -2.90085624e-02 -2.98131517e-02 -2.59620790e-02 -1.80236312e-02 -6.82847454e-03 6.63892383e-03 2.13536930e-02 3.63595565e-02 5.08647920e-02 6.43176978e-02 7.64558157e-02 8.73252627e-02 9.72688732e-02 1.06884286e-01 1.16955456e-01 1.28363160e-01 1.41981767e-01 1.58570706e-01 1.78669651e-01 2.02506335e-01 2.29925213e-01 2.60343808e-01 2.92741766e-01 3.25685341e-01 3.57387548e-01 3.85801614e-01 4.08742848e-01 4.24031829e-01 4.29649984e-01 4.23897353e-01 4.05541759e-01 3.73948648e-01 3.29181725e-01 2.72065963e-01 2.04206682e-01 1.27960961e-01 4.63605281e-02 -3.70116397e-02 -1.18185823e-01 -1.93003181e-01 -2.57336153e-01 -3.07319537e-01 -3.39579015e-01 -3.51443635e-01 -3.41129206e-01 -3.07880921e-01 -2.52065499e-01 -1.75205863e-01 -7.99544650e-02 2.99951722e-02 1.50055588e-01 2.74944684e-01 3.98927565e-01 5.16088710e-01 6.20620326e-01 7.07111623e-01 7.70823429e-01 8.07933223e-01 8.15737091e-01 7.92797392e-01 7.39027798e-01 6.55710777e-01 5.45446274e-01 4.12034102e-01 2.60296175e-01 9.58480365e-02 -7.51681699e-02 -2.46375047e-01 -4.11460142e-01 -5.64469155e-01 -7.00076860e-01 -8.13821819e-01 -9.02293125e-01 -9.63260228e-01 -9.95740158e-01 -1.00000000e+00 -9.77496124e-01 -9.30755098e-01 -8.63204390e-01 -7.78963520e-01 -6.82608295e-01 -5.78921896e-01 -4.72646946e-01 -3.68252176e-01
1.00000000e-01 -2.69718583e-01 -1.80131819e-01 -1.02907945e-01 -3.88625882e-02 1.08461954e-02 4.62078628e-02 6.79780557e-02 7.75648869e-02 7.68850841e-02 6.82004209e-02 5.39459110e-02 3.65610342e-02 1.83347288e-02 1.27325218e-03 -1.30016795e-02 -2.33195950e-02 -2.89903233e-02 -2.97957063e-02 -2.59467569e-02 -1.80114148e-02 -6.81995214e-03 6.64358906e-03 2.13547498e-02 3.63576268e-02 5.08607857e-02 6.43127112e-02 7.64510092e-02 8.73217424e-02 9.72675782e-02 1.06885889e-01 1.16960286e-01 1.28371146e-01 1.41992413e-01 1.58583108e-01 1.78682542e-01 2.02518205e-01 2.29934440e-01 2.60348878e-01 2.92741434e-01 3.25678841e-01 3.57374591e-01 3.85782397e-01 4.08717794e-01 4.24001451e-01 4.29614679e-01 4.23857473e-01 4.05497854e-01 3.73901843e-01 3.29134229e-01 2.72021223e-01 2.04169284e-01 1.27935798e-01 4.63517572e-02 -3.70017888e-02 -1.18157609e-01 -1.92959196e-01 -2.57280237e-01 -3.07255444e-01 -3.39509270e-01 -3.51369346e-01 -3.41050742e-01 -3.07799298e-01 -2.51983969e-01 -1.75130876e-01 -7.98953413e-02 3.00284536e-02 1.50055663e-01 2.74910213e-01 3.98864611e-01 5.16010030e-01 6.20540836e-01 7.07043037e-01 7.70767567e-01 8.07883393e-01 8.15686090e-01 7.92739264e-01 7.38952747e-01 6.55611900e-01 5.45329997e-01 4.11918835e-01 2.60206414e-01 9.58053681e-02 -7.51518886e-02 -2.46302126e-01 -4.11346119e-01 -5.64338592e-01 -6.99954934e-01 -8.13728235e-01 -9.02233225e-01 -9.63269399e-01 -9.95741603e-01 -9.99884694e-01 -9.77583494e-01 -9.30702750e-01 -8.63151112e-01 -7.78898308e-01 -6.82542826e-01 -5.78867229e-01 -4.72222715e-01 -3.68960465e-01
2.00000000e-01 -2.69693951e-01 -1.79309229e-01 -1.03040562e-01 -3.90188859e-02 1.06853261e-02 4.60546810e-02 6.78411439e-02 7.74498817e-02 7.67954565e-02 6.81378766e-02 5.39105623e-02 3.65513609e-02 1.83477033e-02 1.30456703e-03 -1.29571488e-02 -2.32673158e-02 -2.89356194e-02 -2.97433812e-02 -2.59007988e-02 -1.79747707e-02 -6.79438635e-03 6.65758674e-03 2.13579253e-02 3.63518452e-02 5.08487759e-02 6.42977608e-02 7.64365989e-02 8.73111891e-02 9.72636986e-02 1.06890700e-01 1.16974775e-01 1.28395099e-01 1.42024345e-01 1.58620302e-01 1.78721203e-01 2.02553801e-01 2.29962107e-01 2.60364079e-01 2.92740434e-01 3.25659342e-01 3.57335722e-01 3.85724748e-01 4.08642637e-01 4.23910318e-01 4.29508762e-01 4.23737831e-01 4.05366141e-01 3.73761445e-01 3.28991771e-01 2.71887050e-01 2.04057138e-01 1.27860354e-01 4.63254667e-02 -3.69722424e-02 -1.18073000e-01 -1.92827287e-01 -2.57112526e-01 -3.07063186e-01 -3.39300036e-01 -3.51146470e-01 -3.40815344e-01 -3.07554451e-01 -2.51739440e-01 -1.74906013e-01 -7.97180814e-02 3.01282203e-02 1.50055891e-01 2.74806889e-01 3.98675895e-01 5.15774134e-01 6.20302456e-01 7.06837285e-01 7.70599920e-01 8.07733820e-01 8.15533004e-01 7.92564775e-01 7.38727519e-01 6.55315299e-01 5.44981319e-01 4.11573301e-01 2.59937409e-01 9.56775205e-02 -7.51030954e-02 -2.46083597e-01 -4.11004361e-01 -5.63947146e-01 -6.99589272e-01 -8.13447270e-01 -9.02053758e-01 -9.63297150e-01 -9.95744132e-01 -9.99541783e-01 -9.77842013e-01 -9.30548091e-01 -8.62990512e-01 -7.78702797e-01 -6.82346727e-01 -5.78699796e-01 -4.70960221e-01 -3.71078323e-01
3.00000000e-01 -2.69645440e-01 -1.77954512e-01 -1.03253004e-01 -3.92792212e-02 1.04173404e-02 4.57994617e-02 6.76130090e-02 7.72582362e-02 7.66460918e-02 6.80336374e-02 5.38516347e-02 3.65352115e-02 1.83692877e-02 1.35671084e-03 -1.28829820e-02 -2.31802329e-02 -2.88444905e-02 -2.96562094e-02 -2.58242292e-02 -1.79137137e-02 -6.75178133e-03 6.68092286e-03 2.13632354e-02 3.63422346e-02 5.08287904e-02 6.42728756e-02 7.64126125e-02 8.72936260e-02 9.72572512e-02 1.06898728e-01 1.16998921e-01 1.28435005e-01 1.42077539e-01 1.58682256e-01 1.78785596e-01 2.02613082e-01 2.30008179e-01 2.60389384e-01 2.92738753e-01 3.25626843e-01 3.57270954e-01 3.85628684e-01 4.08517388e-01 4.23758431e-01 4.29332228e-01 4.23538424e-01 4.05146631e-01 3.73527497e-01 3.28754439e-01 2.71663578e-01 2.03870397e-01 1.27734762e-01 4.62817234e-02 -3.69230194e-02 -1.17932094e-01 -1.92607585e-01 -2.56833138e-01 -3.06742824e-01 -3.38951315e-01 -3.50774973e-01 -3.40422997e-01 -3.07146443e-01 -2.51332098e-01 -1.74531577e-01 -7.94230191e-02 3.02942405e-02 1.50056278e-01 2.74634980e-01 3.98361866e-01 5.15381449e-01 6.19905460e-01 7.06494385e-01 7.70320300e-01 8.07484255e-01 8.15277580e-01 7.92273609e-01 7.38351884e-01 6.54821062e-01 5.44400709e-01 4.10998304e-01 2.59489983e-01 9.54649645e-02 -7.50219418e-02 -2.45720159e-01 -4.10435798e-01 -5.63295543e-01 -6.98980223e-01 -8.12978283e-01 -9.01755425e-01 -9.63344153e-01 -9.95742393e-01 -9.98980175e-01 -9.78261026e-01 -9.30298166e-01 -8.62720347e-01 -7.78377349e-01 -6.82020893e-01 -5.78409456e-01 -4.68889828e-01 -3.74584844e-01
4.00000000e-01 -2.69562036e-01 -1.76091679e-01 -1.03532681e-01 -3.96432775e-02 1.00424326e-02 4.54423310e-02 6.72937280e-02 7.69899948e-02 7.64370123e-02 6.78877055e-02 5.37691083e-02 3.65125451e-02 1.83994219e-02 1.42961221e-03 -1.27792555e-02 -2.30584204e-02 -2.87170033e-02 -2.95342462e-02 -2.57170889e-02 -1.78282688e-02 -6.69214403e-03 6.71360743e-03 2.13707062e-02 3.63288328e-02 5.08008753e-02 6.42381038e-02 7.63790962e-02 8.72690917e-02 9.72482636e-02 1.06909984e-01 1.17032721e-01 1.28490843e-01 1.42151955e-01 1.58768915e-01 1.78875657e-01 2.02695981e-01 2.30072596e-01 2.60424746e-01 2.92736369e-01 3.25581344e-01 3.57180306e-01 3.85494227e-01 4.08342067e-01 4.23545796e-01 4.29085070e-01 4.23259244e-01 4.04839342e-01 3.73200076e-01 3.28422381e-01 2.71351028e-01 2.03609314e-01 1.27559244e-01 4.62206383e-02 -3.68541511e-02 -1.17735053e-01 -1.92300306e-01 -2.56442266e-01 -3.06294458e-01 -3.38463109e-01 -3.50254804e-01 -3.39873677e-01 -3.06575384e-01 -2.50762250e-01 -1.74008072e-01 -7.90107085e-02 3.05261291e-02 1.50056833e-01 2.74394933e-01 3.97923265e-01 5.14832686e-01 6.19350301e-01 7.06014369e-01 7.69928401e-01 8.07134279e-01 8.14919398e-01 7.91865241e-01 7.37825460e-01 6.54129335e-01 5.43588947e-01 4.10195176e-01 2.58865505e-01 9.51684810e-02 -7.49086792e-02 -2.45212974e-01 -4.09641975e-01 -5.62384997e-01 -6.98128362e-01 -8.12320227e-01 -9.01339425e-01 -9.63411401e-01 -9.95727727e-01 -9.98214357e-01 -9.78823184e-01 -9.29964385e-01 -8.62337057e-01 -7.77922526e-01 -6.81566699e-01 -5.77979779e-01 -4.66061400e-01 -3.79445562e-01
5.00000000e-01 -2.69428671e-01 -1.73753573e-01 -1.03862535e-01 -4.01104650e-02 9.56087445e-03 4.49834657e-02 6.68834095e-02 7.66452201e-02 7.61682489e-02 6.77000839e-02 5.36629554e-02 3.64833048e-02 1.84380224e-02 1.52317128e-03 -1.26460765e-02 -2.29019815e-02 -2.85532507e-02 -2.93775686e-02 -2.55794351e-02 -1.77184706e-02 -6.61548417e-03 6.75565443e-03 2.13803743e-02 3.63116928e-02 5.07650950e-02 6.41935128e-02 7.63361144e-02 8.72376400e-02 9.72367746e-02 1.06924486e-01 1.17076169e-01 1.28562581e-01 1.42247541e-01 1.58880202e-01 1.78991297e-01 2.02802402e-01 2.30155275e-01 2.60470101e-01 2.92733252e-01 3.25522844e-01 3.57063807e-01 3.85321412e-01 4.08116702e-01 4.23272419e-01 4.28767276e-01 4.22900284e-01 4.04444299e-01 3.72779286e-01 3.27995803e-01 2.70949714e-01 2.03274241e-01 1.27334107e-01 4.61423663e-02 -3.67656812e-02 -1.17482104e-01 -1.91905756e-01 -2.55940179e-01 -3.05718230e-01 -3.37835423e-01 -3.49585889e-01 -3.39167353e-01 -3.05841425e-01 -2.50030327e-01 -1.73336199e-01 -7.84819222e-02 3.08233507e-02 1.50057570e-01 2.74087369e-01 3.97361127e-01 5.14128837e-01 6.18637615e-01 7.05397282e-01 7.69423790e-01 8.06683312e-01 8.14457868e-01 7.91338939e-01 7.37147720e-01 6.53240328e-01 5.42547127e-01 4.09165779e-01 2.58065883e-01 9.47891552e-02 -7.47636565e-02 -2.44563657e-01 -4.08625042e-01 -5.61217205e-01 -6.97034477e-01 -8.11471669e-01 -9.00807484e-01 -9.63500019e-01 -9.95688538e-01 -9.97263866e-01 -9.79505036e-01 -9.29562034e-01 -8.61836026e-01 -7.77339025e-01 -6.80985828e-01 -5.77388756e-01 -4.62543194e-01 -3.85613019e-01
6.00000000e-01 -2.69226559e-01 -1.70981120e-01 -1.04221593e-01 -4.06797833e-02 8.97301702e-03 4.44230933e-02 6.63821930e-02 7.62239929e-02 7.58398415e-02 6.74707764e-02 5.35331406e-02 3.64474171e-02 1.84849816e-02 1.63725981e-03 -1.24835823e-02 -2.27110491e-02 -2.83533525e-02 -2.91862757e-02 -2.54113412e-02 -1.75843638e-02 -6.52181432e-03 6.80708182e-03 2.13922866e-02 3.62908826e-02 5.07215324e-02 6.41391890e-02 7.62837500e-02 8.71993400e-02 9.72228338e-02 1.06942258e-01 1.17129258e-01 1.28650181e-01 1.42364224e-01 1.59016020e-01 1.79132400e-01 2.02932224e-01 2.30256107e-01 2.60525366e-01 2.92729364e-01 3.25451342e-01 3.56921491e-01 3.85110280e-01 4.07841328e-01 4.22938306e-01 4.28378831e-01 4.22461532e-01 4.03961534e-01 3.72265264e-01 3.27474971e-01 2.70460034e-01 2.02865630e-01 1.27059747e-01 4.60471057e-02 -3.66576655e-02 -1.17173538e-01 -1.91424324e-01 -2.55327223e-01 -3.05014321e-01 -3.37068264e-01 -3.48768135e-01 -3.38303985e-01 -3.04944764e-01 -2.49136884e-01 -1.72516856e-01 -7.78376474e-02 3.11852225e-02 1.50058507e-01 2.73713081e-01 3.96676771e-01 5.13271175e-01 6.17768217e-01 7.04643185e-01 7.68805919e-01 8.06130607e-01 8.13892230e-01 7.90693766e-01 7.36317991e-01 6.52154312e-01 5.41276653e-01 4.07912493e-01 2.57093548e-01 9.43283685e-02 -7.45873181e-02 -2.43774268e-01 -4.07387749e-01 -5.59794350e-01 -6.95699553e-01 -8.10430830e-01 -9.00161910e-01 -9.63611015e-01 -9.95610792e-01 -9.96152571e-01 -9.80277832e-01 -9.29109616e-01 -8.61211922e-01 -7.76627598e-01 -6.80280050e-01 -5.76609742e-01 -4.58420357e-01 -3.93027538e-01
7.00000000e-01 -2.68933620e-01 -1.67822404e-01 -1.04585640e-01 -4.13496573e-02 8.27929439e-03 4.37614930e-02 6.57902499e-02 7.57264120e-02 7.54518391e-02 6.71997874e-02 5.33796201e-02 3.64047924e-02 1.85401687e-02 1.77172124e-03 -1.22919406e-02 -2.24857854e-02 -2.81174545e-02 -2.89604887e-02 -2.52128970e-02 -1.74260029e-02 -6.41114981e-03 6.86791153e-03 2.14065004e-02 3.62664855e-02 5.06702882e-02 6.40752382e-02 7.62221040e-02 8.71542764e-02 9.72065020e-02 1.06963328e-01 1.17191981e-01 1.28753593e-01 1.42501920e-01 1.59176248e-01 1.79298828e-01 2.03085299e-01 2.30374962e-01 2.60590442e-01 2.92724656e-01 3.25366838e-01 3.56753400e-01 3.84860884e-01 4.07515987e-01 4.22543468e-01 4.27919720e-01 4.21942977e-01 4.03391090e-01 3.71658175e-01 3.26860208e-01 2.69882476e-01 2.02384031e-01 1.26736644e-01 4.59350976e-02 -3.65301716e-02 -1.16809704e-01 -1.90856482e-01 -2.54603818e-01 -3.04182953e-01 -3.36161643e-01 -3.47801434e-01 -3.37283531e-01 -3.03885647e-01 -2.48082600e-01 -1.71551138e-01 -7.70790816e-02 3.16109191e-02 1.50059668e-01 2.73273033e-01 3.95871801e-01 5.12261246e-01 6.16743099e-01 7.03752156e-01 7.68074124e-01 8.05475253e-01 8.13221551e-01 7.89928582e-01 7.35335466e-01 6.50871631e-01 5.39779247e-01 4.06438207e-01 2.55951444e-01 9.37877881e-02 -7.43801997e-02 -2.42847296e-01 -4.05933421e-01 -5.58119098e-01 -6.94124757e-01 -8.09195633e-01 -8.99405633e-01 -9.63744987e-01 -9.95478627e-01 -9.94907810e-01 -9.81108507e-01 -9.28628052e-01 -8.60459123e-01 -7.75788949e-01 -6.79450945e-01 -5.75612629e-01 -4.53793057e-01 -4.01618184e-01
8.00000000e-01 -2.68524977e-01 -1.64331572e-01 -1.04928003e-01 -4.21177545e-02 7.48023177e-03 4.29989955e-02 6.51077838e-02 7.51525952e-02 7.50042995e-02 6.68871221e-02 5.32023427e-02 3.63553249e-02 1.86034289e-02 1.92637087e-03 -1.20713492e-02 -2.22263818e-02 -2.78457293e-02 -2.87003505e-02 -2.49842083e-02 -1.72434523e-02 -6.28350885e-03 6.93816947e-03 2.14230831e-02 3.62385993e-02 5.06114816e-02 6.40017850e-02 7.61512956e-02 8.71025488e-02 9.71878505e-02 1.06987729e-01 1.17264327e-01 1.28872760e-01 1.42660528e-01 1.59360745e-01 1.79490414e-01 2.03261452e-01 2.30511684e-01 2.60665210e-01 2.92719072e-01 3.25269330e-01 3.56559584e-01 3.84573285e-01 4.07140730e-01 4.22087916e-01 4.27389923e-01 4.21344605e-01 4.02733016e-01 3.70958219e-01 3.26151900e-01 2.69217613e-01 2.01830091e-01 1.26365358e-01 4.58066250e-02 -3.63832786e-02 -1.16391013e-01 -1.90202783e-01 -2.53770456e-01 -3.03224389e-01 -3.35115574e-01 -3.46685661e-01 -3.36105944e-01 -3.02664366e-01 -2.46868274e-01 -1.70440327e-01 -7.62076273e-02 3.20994773e-02 1.50061080e-01 2.72768352e-01 3.94948089e-01 5.11100871e-01 6.15563433e-01 7.02724296e-01 7.67227628e-01 8.04716178e-01 8.12444724e-01 7.89042051e-01 7.34199204e-01 6.49392699e-01 5.38056945e-01 4.04746311e-01 2.54643012e-01 9.31693553e-02 -7.41429252e-02 -2.41785645e-01 -4.04265953e-01 -5.56194599e-01 -6.92311410e-01 -8.07763763e-01 -8.98542256e-01 -9.63901792e-01 -9.95275045e-01 -9.93559392e-01 -9.81960804e-01 -9.28139767e-01 -8.59572179e-01 -7.74823627e-01 -6.78499606e-01 -5.74365193e-01 -4.48774283e-01 -4.11303910e-01
9.00000000e-01 -2.67973513e-01 -1.60567619e-01 -1.05220420e-01 -4.29807952e-02 6.57645880e-03 4.21359842e-02 6.43350306e-02 7.45026789e-02 7.44972898e-02 6.65327863e-02 5.30012490e-02 3.62988926e-02 1.86745844e-02 2.10099602e-03 -1.18220360e-02 -2.19330590e-02 -2.75383756e-02 -2.84060259e-02 -2.47253974e-02 -1.70367861e-02 -6.13891246e-03 7.01788548e-03 2.14421122e-02 3.62073370e-02 5.05452494e-02 6.39189729e-02 7.60714619e-02 8.70442721e-02 9.71669617e-02 1.07015498e-01 1.17346286e-01 1.29007616e-01 1.42839931e-01 1.59569348e-01 1.79706969e-01 2.03460483e-01 2.30666097e-01 2.60749534e-01 2.92712547e-01 3.25158815e-01 3.56340099e-01 3.84247553e-01 4.06715614e-01 4.21571664e-01 4.26789420e-01 4.20666402e-01 4.01987373e-01 3.70165625e-01 3.25350490e-01 2.68466103e-01 2.01204551e-01 1.25946534e-01 4.56620121e-02 -3.62170768e-02 -1.15917933e-01 -1.89463862e-01 -2.52827701e-01 -3.02138930e-01 -3.33930078e-01 -3.45420677e-01 -3.34771179e-01 -3.01281266e-01 -2.45494832e-01 -1.69185894e-01 -7.52248854e-02 3.26498021e-02 1.50062776e-01 2.72200326e-01 3.93907776e-01 5.09792135e-01 6.14230563e-01 7.01559724e-01 7.66265545e-01 8.03852153e-01 8.11560468e-01 7.88032642e-01 7.32908146e-01 6.47718008e-01 5.36112099e-01 4.02840684e-01 2.53172166e-01 9.24752712e-02 -7.38762014e-02 -2.40592619e-01 -4.02389780e-01 -5.54024478e-01 -6.90260966e-01 -8.06132742e-01 -8.97576091e-01 -9.64080201e-01 -9.94982653e-01 -9.92138510e-01 -9.82796502e-01 -9.27667701e-01 -8.58546313e-01 -7.73731912e-01 -6.77426320e-01 -5.72834580e-01 -4.43487384e-01 -4.21994843e-01
1.00000000e+00 -2.67250483e-01 -1.56593063e-01 -1.05433961e-01 -4.39343636e-02 5.56872982e-03 4.11728960e-02 6.34722594e-02 7.37768186e-02 7.39308861e-02 6.61367866e-02 5.27762718e-02 3.62353572e-02 1.87534344e-02 2.29535614e-03 -1.15442584e-02 -2.16060666e-02 -2.71956183e-02 -2.80777014e-02 -2.44366025e-02 -1.68060880e-02 -5.97738456e-03 7.10709331e-03 2.14636753e-02 3.61728263e-02 5.04717464e-02 6.38269645e-02 7.59827579e-02 8.69795763e-02 9.71439282e-02 1.07046678e-01 1.17437844e-01 1.29158087e-01 1.43039998e-01 1.59801874e-01 1.79948277e-01 2.03682165e-01 2.30837997e-01 2.60843261e-01 2.92705005e-01 3.25035293e-01 3.56095005e-01 3.83883765e-01 4.06240701e-01 4.20994727e-01 4.26118186e-01 4.19908354e-01 4.01154235e-01 3.69280656e-01 3.24456482e-01 2.67628689e-01 2.00508246e-01 1.25480892e-01 4.55016229e-02 -3.60316670e-02 -1.15390986e-01 -1.88640427e-01 -2.51776187e-01 -3.00926920e-01 -3.32605180e-01 -3.44006335e-01 -3.33279193e-01 -2.99736741e-01 -2.43963322e-01 -1.67789494e-01 -7.41326486e-02 3.32606738e-02 1.50064796e-01 2.71570395e-01 3.92753253e-01 5.08337386e-01 6.12746008e-01 7.00258589e-01 7.65186890e-01 8.02881786e-01 8.10567325e-01 7.86898636e-01 7.31461117e-01 6.45848136e-01 5.33947376e-01 4.00725673e-01 2.51543278e-01 9.17079811e-02 -7.35808131e-02 -2.39271893e-01 -4.00309864e-01 -5.51612839e-01 -6.87974981e-01 -8.04300020e-01 -8.96512175e-01 -9.64277562e-01 -9.94584430e-01 -9.90676617e-01 -9.83576706e-01 -9.27234275e-01 -8.57377921e-01 -7.72513699e-01 -6.76230246e-01 -5.70988877e-01 -4.38063398e-01 -4.33593696e-01
1.10000000e+00 -2.66326157e-01 -1.52472554e-01 -1.05539985e-01 -4.49727342e-02 4.45795222e-03 4.01102225e-02 6.25197728e-02 7.29751895e-02 7.33051738e-02 6.56991297e-02 5.25273361e-02 3.61645645e-02 1.88397549e-02 2.50918309e-03 -1.12383035e-02 -2.12456832e-02 -2.68177084e-02 -2.77155853e-02 -2.41179781e-02 -1.65514516e-02 -5.79895194e-03 7.20583061e-03 2.14878698e-02 3.61352094e-02 5.03911449e-02 6.37259408e-02 7.58853563e-02 8.69086062e-02 9.71188536e-02 1.07081318e-01 1.17538987e-01 1.29324089e-01 1.43260580e-01 1.60058119e-01 1.80214099e-01 2.03926246e-01 2.31027162e-01 2.60946222e-01 2.92696364e-01 3.24898759e-01 3.55824370e-01 3.83482008e-01 4.05716062e-01 4.20357122e-01 4.25376200e-01 4.19070449e-01 4.00233685e-01 3.68303607e-01 3.23470439e-01 2.66706196e-01 1.99742102e-01 1.24969230e-01 4.53258606e-02 -3.58271602e-02 -1.14810749e-01 -1.87733263e-01 -2.50616615e-01 -2.99588739e-01 -3.31140914e-01 -3.42442476e-01 -3.31629951e-01 -2.98031245e-01 -2.42274914e-01 -1.66252957e-01 -7.29328925e-02 3.39307550e-02 1.50067186e-01 2.70880148e-01 3.91487158e-01 5.06739225e-01 6.11111457e-01 6.98821067e-01 7.63990577e-01 8.01803534e-01 8.09463655e-01 7.85638132e-01 7.29856841e-01 6.43783749e-01 5.31565761e-01 3.98406084e-01 2.49761146e-01 9.08701572e-02 -7.32576175e-02 -2.37827499e-01 -3.98031661e-01 -5.48964246e-01 -6.85455093e-01 -8.02263076e-01 -8.95356265e-01 -9.64489483e-01 -9.94064490e-01 -9.89204277e-01 -9.84263143e-01 -9.26860366e-01 -8.56065064e-01 -7.71168391e-01 -6.74909125e-01 -5.68798725e-01 -4.32638225e-01 -4.45997282e-01
1.20000000e+00 -2.65170490e-01 -1.48271447e-01 -1.05511083e-01 -4.60887213e-02 3.24522399e-03 3.89485123e-02 6.14779079e-02 7.20979866e-02 7.26202477e-02 6.52198232e-02 5.22543588e-02 3.60863442e-02 1.89332993e-02 2.74218131e-03 -1.09044876e-02 -2.08522160e-02 -2.64049227e-02 -2.73199072e-02 -2.37696946e-02 -1.62729800e-02 -5.60364429e-03 7.31413888e-03 2.15148027e-02 3.60946432e-02 5.03036346e-02 6.36161014e-02 7.57794474e-02 8.68315215e-02 9.70918516e-02 1.07119470e-01 1.17649698e-01 1.29505531e-01 1.43501514e-01 1.60337856e-01 1.80504170e-01 2.04192449e-01 2.31233342e-01 2.61058228e-01 2.92686529e-01 3.24749211e-01 3.55528267e-01 3.83042377e-01 4.05141773e-01 4.19658869e-01 4.24563435e-01 4.18152676e-01 3.99225820e-01 3.67234807e-01 3.22392984e-01 2.65699530e-01 1.98907133e-01 1.24412416e-01 4.51351656e-02 -3.56036768e-02 -1.14177846e-01 -1.86743225e-01 -2.49349749e-01 -2.98124811e-01 -3.29537325e-01 -3.40728939e-01 -3.29823429e-01 -2.96165285e-01 -2.40430903e-01 -1.64578286e-01 -7.16277677e-02 3.46585990e-02 1.50069997e-01 2.70131313e-01 3.90112358e-01 5.05000502e-01 6.09328768e-01 6.97247369e-01 7.62675430e-01 8.00615698e-01 8.08247641e-01 7.84249053e-01 7.28093954e-01 6.41525613e-01 5.28970556e-01 3.95887161e-01 2.47830975e-01 8.99646800e-02 -7.29075385e-02 -2.36263795e-01 -3.95561105e-01 -5.46083722e-01 -6.82702986e-01 -8.00019533e-01 -8.94114801e-01 -9.64709555e-01 -9.93408793e-01 -9.87750071e-01 -9.84819434e-01 -9.26564316e-01 -8.54607905e-01 -7.69694813e-01 -6.73459011e-01 -5.66238915e-01 -4.27349727e-01 -4.59098085e-01
1.30000000e+00 -2.63753793e-01 -1.44054370e-01 -1.05322010e-01 -4.72735643e-02 1.93188109e-03 3.76883742e-02 6.03470366e-02 7.11454256e-02 7.18762120e-02 6.46988750e-02 5.19572492e-02 3.60005103e-02 1.90337989e-02 2.99402812e-03 -1.05431560e-02 -2.04260010e-02 -2.59575640e-02 -2.68909186e-02 -2.33919383e-02 -1.59707858e-02 -5.39149426e-03 7.43206344e-03 2.15445907e-02 3.60512990e-02 5.02094223e-02 6.34976643e-02 7.56652386e-02 8.67484968e-02 9.70630461e-02 1.07161192e-01 1.17769958e-01 1.29702312e-01 1.43762624e-01 1.60640839e-01 1.80818202e-01 2.04480472e-01 2.31456270e-01 2.61179078e-01 2.92675400e-01 3.24586643e-01 3.55206772e-01 3.82564972e-01 4.04517915e-01 4.18899991e-01 4.23679867e-01 4.17155026e-01 3.98130754e-01 3.66074619e-01 3.21224800e-01 2.64609676e-01 1.98004439e-01 1.23811391e-01 4.49300144e-02 -3.53613459e-02 -1.13492950e-01 -1.85671237e-01 -2.47976419e-01 -2.96535597e-01 -3.27794468e-01 -3.38865561e-01 -3.27859616e-01 -2.94139433e-01 -2.38432704e-01 -1.62767652e-01 -7.02195897e-02 3.54426584e-02 1.50073292e-01 2.69325751e-01 3.88631940e-01 5.03124304e-01 6.07399962e-01 6.95537739e-01 7.61240189e-01 7.99316432e-01 8.06917282e-01 7.82729154e-01 7.26171009e-01 6.39074601e-01 5.26165378e-01 3.93174564e-01 2.45758342e-01 8.89946190e-02 -7.25315599e-02 -2.34585443e-01 -3.92904570e-01 -5.42976731e-01 -6.79720373e-01 -7.97567292e-01 -8.92794835e-01 -9.64929140e-01 -9.92605800e-01 -9.86339566e-01 -9.85212279e-01 -9.26361024e-01 -8.53009084e-01 -7.68091136e-01 -6.71874067e-01 -5.63289906e-01 -4.22334814e-01 -4.72785869e-01
1.40000000e+00 -2.62047401e-01 -1.39883833e-01 -1.04950544e-01 -4.85168571e-02 5.19554884e-04 3.63304811e-02 5.91275670e-02 7.01177426e-02 7.10731807e-02 6.41362931e-02 5.16359085e-02 3.59068605e-02 1.91409623e-02 3.26437396e-03 -1.01546826e-02 -1.99674023e-02 -2.54759606e-02 -2.64288920e-02 -2.29849116e-02 -1.56449912e-02 -5.16253742e-03 7.55965337e-03 2.15773600e-02 3.60053621e-02 5.01087319e-02 6.33708658e-02 7.55429547e-02 8.66597210e-02 9.70325715e-02 1.07206545e-01 1.17899748e-01 1.29914323e-01 1.44043716e-01 1.60966804e-01 1.81155882e-01 2.04789990e-01 2.31695652e-01 2.61308550e-01 2.92662864e-01 3.24411049e-01 3.54859966e-01 3.82049903e-01 4.03844575e-01 4.18080511e-01 4.22725473e-01 4.16077495e-01 3.96948614e-01 3.64823444e-01 3.19966632e-01 2.63437697e-01 1.97035203e-01 1.23167160e-01 4.47109183e-02 -3.51003047e-02 -1.12756774e-01 -1.84518284e-01 -2.46497511e-01 -2.94821598e-01 -3.25912411e-01 -3.36852181e-01 -3.25738520e-01 -2.91954322e-01 -2.36281854e-01 -1.60823384e-01 -6.87108286e-02 3.62812942e-02 1.50077138e-01 2.68465446e-01 3.87049194e-01 5.01113950e-01 6.05327223e-01 6.93692467e-01 7.59683514e-01 7.97903741e-01 8.05470395e-01 7.81076028e-01 7.24086499e-01 6.36431698e-01 5.23154155e-01 3.90274351e-01 2.43549170e-01 8.79632118e-02 -7.21307194e-02 -2.32797378e-01 -3.90068848e-01 -5.39649159e-01 -6.76508969e-01 -7.94904669e-01 -8.91403912e-01 -9.65137227e-01 -9.91647014e-01 -9.84994400e-01 -9.85412531e-01 -9.26261150e-01 -8.51274011e-01 -7.66354835e-01 -6.70146425e-01 -5.59939231e-01 -4.17726579e-01 -4.86949293e-01
1.50000000e+00 -2.60024321e-01 -1.35818891e-01 -1.04378265e-01 -4.98065295e-02 -9.89760862e-04 3.48755767e-02 5.78199439e-02 6.90151955e-02 7.02112776e-02 6.35320863e-02 5.12902302e-02 3.58051773e-02 1.92544767e-02 3.55284272e-03 -9.73946997e-03 -1.94768122e-02 -2.49604665e-02 -2.59341212e-02 -2.25488327e-02 -1.52957278e-02 -4.91681229e-03 7.69696145e-03 2.16132459e-02 3.59570319e-02 5.00018040e-02 6.32359600e-02 7.54128371e-02 8.65653975e-02 9.70005716e-02 1.07255597e-01 1.18039044e-01 1.30141448e-01 1.44344581e-01 1.61315462e-01 1.81516873e-01 2.05120652e-01 2.31951175e-01 2.61446411e-01 2.92648801e-01 3.24222424e-01 3.54487935e-01 3.81497285e-01 4.03121845e-01 4.17200457e-01 4.21700228e-01 4.14920082e-01 3.95679546e-01 3.63481716e-01 3.18619281e-01 2.62184733e-01 1.96000687e-01 1.22480791e-01 4.44784213e-02 -3.48206975e-02 -1.11970074e-01 -1.83285413e-01 -2.44913972e-01 -2.92983352e-01 -3.23891240e-01 -3.34688645e-01 -3.23460176e-01 -2.89610653e-01 -2.33980014e-01 -1.58747963e-01 -6.71040986e-02 3.71727852e-02 1.50081617e-01 2.67552499e-01 3.85367603e-01 4.98972977e-01 6.03112894e-01 6.91711884e-01 7.58003998e-01 7.96375487e-01 8.03904612e-01 7.79287115e-01 7.21838865e-01 6.33598014e-01 5.19941131e-01 3.87192956e-01 2.41209694e-01 8.68738434e-02 -7.17061016e-02 -2.30904782e-01 -3.87061115e-01 -5.36107294e-01 -6.73070479e-01 -7.92030542e-01 -8.89949921e-01 -9.65320379e-01 -9.90527417e-01 -9.83731518e-01 -9.85396101e-01 -9.26270468e-01 -8.49411041e-01 -7.64482673e-01 -6.68266133e-01 -5.56182732e-01 -4.13651564e-01 -5.01477495e-01
1.60000000e+00 -2.57659832e-01 -1.31913918e-01 -1.03591231e-01 -5.11288882e-02 -2.59363435e-03 3.33244839e-02 5.64246501e-02 6.78380639e-02 6.92906362e-02 6.28862633e-02 5.09200998e-02 3.56952271e-02 1.93740074e-02 3.85903207e-03 -9.29794843e-03 -1.89546508e-02 -2.44114608e-02 -2.54069213e-02 -2.20839353e-02 -1.49231365e-02 -4.65436040e-03 7.84404411e-03 2.16523929e-02 3.59065219e-02 4.98888956e-02 6.30932188e-02 7.52751443e-02 8.64657440e-02 9.69672006e-02 1.07308418e-01 1.18187823e-01 1.30383559e-01 1.44664996e-01 1.61686509e-01 1.81900817e-01 2.05472087e-01 2.32222504e-01 2.61592409e-01 2.92633079e-01 3.24020759e-01 3.54090763e-01 3.80907239e-01 4.02349820e-01 4.16259859e-01 4.20604111e-01 4.13682795e-01 3.94323716e-01 3.62049907e-01 3.17183613e-01 2.60851994e-01 1.94902231e-01 1.21753412e-01 4.42330984e-02 -3.45226747e-02 -1.11133641e-01 -1.81973728e-01 -2.43226800e-01 -2.91021440e-01 -3.21731055e-01 -3.32374809e-01 -3.21024645e-01 -2.87109197e-01 -2.31528961e-01 -1.56544017e-01 -6.54021460e-02 3.81153381e-02 1.50086815e-01 2.66589116e-01 3.83590825e-01 4.96705135e-01 6.00759471e-01 6.89596371e-01 7.56200167e-01 7.94729391e-01 8.02217383e-01 7.77359713e-01 7.19426511e-01 6.30574792e-01 5.16530856e-01 3.83937160e-01 2.38746427e-01 8.57300240e-02 -7.12588317e-02 -2.28913049e-01 -3.83888899e-01 -5.32357796e-01 -6.69406585e-01 -7.88944509e-01 -8.88440892e-01 -9.65462779e-01 -9.89245745e-01 -9.82562576e-01 -9.85144683e-01 -9.26389397e-01 -8.47431548e-01 -7.62470724e-01 -6.66221197e-01 -5.52025576e-01 -4.10227200e-01 -5.16261622e-01
1.70000000e+00 -2.54932053e-01 -1.28217494e-01 -1.02580515e-01 -5.24687195e-02 -4.28911321e-03 3.16781158e-02 5.49422078e-02 6.65866502e-02 6.83114004e-02 6.21988332e-02 5.05253950e-02 3.55767611e-02 1.94991987e-02 4.18251378e-03 -8.83057615e-03 -1.84013661e-02 -2.38293476e-02 -2.48476281e-02 -2.15904689e-02 -1.45273677e-02 -4.37522624e-03 8.00096132e-03 2.16949543e-02 3.58540589e-02 4.97702801e-02 6.29429317e-02 7.51301509e-02 8.63609921e-02 9.69326219e-02 1.07365084e-01 1.18346059e-01 1.30640524e-01 1.45004723e-01 1.62079619e-01 1.82307331e-01 2.05843897e-01 2.32509282e-01 2.61746277e-01 2.92615558e-01 3.23806042e-01 3.53668542e-01 3.80279892e-01 4.01528601e-01 4.15258748e-01 4.19437103e-01 4.12365646e-01 3.92881308e-01 3.60528530e-01 3.15660550e-01 2.59440766e-01 1.93741248e-01 1.20986207e-01 4.39755543e-02 -3.42063923e-02 -1.10248300e-01 -1.80584383e-01 -2.41437045e-01 -2.88936477e-01 -3.19431979e-01 -3.29910543e-01 -3.18432023e-01 -2.84450801e-01 -2.28930593e-01 -1.54214310e-01 -6.36078376e-02 3.91070975e-02 1.50092836e-01 2.65577602e-01 3.81722679e-01 4.94314369e-01 5.98269600e-01 6.87346364e-01 7.54270495e-01 7.92963038e-01 8.00405975e-01 7.75290984e-01 7.16847823e-01 6.27363416e-01 5.12928182e-01 3.80514071e-01 2.36166130e-01 8.45353678e-02 -7.07900682e-02 -2.26827763e-01 -3.80560051e-01 -5.28407668e-01 -6.65518947e-01 -7.85647043e-01 -8.86884760e-01 -9.65546366e-01 -9.87804631e-01 -9.81493545e-01 -9.84646262e-01 -9.26612712e-01 -8.45349851e-01 -7.60314426e-01 -6.63997724e-01 -5.47483022e-01 -4.07559485e-01 -5.31196270e-01
1.80000000e+00 -2.51822433e-01 -1.24771450e-01 -1.01342609e-01 -5.38094575e-02 -6.07263732e-03 2.99374908e-02 5.33731805e-02 6.52612800e-02 6.72737247e-02 6.14698055e-02 5.01059858e-02 3.54495151e-02 1.96296738e-02 4.52283414e-03 -8.33783862e-03 -1.78174332e-02 -2.32145561e-02 -2.42565986e-02 -2.10686985e-02 -1.41085806e-02 -4.07945733e-03 8.16777656e-03 2.17410924e-02 3.57998832e-02 4.96462466e-02 6.27854055e-02 7.49781477e-02 8.62513875e-02 9.68970084e-02 1.07425676e-01 1.18513722e-01 1.30912199e-01 1.45363510e-01 1.62494448e-01 1.82736009e-01 2.06235665e-01 2.32811132e-01 2.61907735e-01 2.92596089e-01 3.23578261e-01 3.53221361e-01 3.79615376e-01 4.00658292e-01 4.14197161e-01 4.18199188e-01 4.10968657e-01 3.91352530e-01 3.58918134e-01 3.14051075e-01 2.57952401e-01 1.92519219e-01 1.20180410e-01 4.37064205e-02 -3.38720100e-02 -1.09314903e-01 -1.79118579e-01 -2.39545803e-01 -2.86729119e-01 -3.16994156e-01 -3.27295740e-01 -3.15682446e-01 -2.81636386e-01 -2.26186926e-01 -1.51761736e-01 -6.17241481e-02 4.01461561e-02 1.50099793e-01 2.64520347e-01 3.79767129e-01 4.91804813e-01 5.95646074e-01 6.84962356e-01 7.52213411e-01 7.91073882e-01 7.98467472e-01 7.73077967e-01 7.14101183e-01 6.23965425e-01 5.09138262e-01 3.76931096e-01 2.33475773e-01 8.32935704e-02 -7.03009968e-02 -2.24654658e-01 -3.77082705e-01 -5.24264216e-01 -6.61409213e-01 -7.82139638e-01 -8.85289090e-01 -9.65551085e-01 -9.86210564e-01 -9.80524522e-01 -9.83895392e-01 -9.26929473e-01 -8.43183021e-01 -7.58008677e-01 -6.61580177e-01 -5.42580909e-01 -4.05740961e-01 -5.46180818e-01
1.90000000e+00 -2.48316185e-01 -1.21610082e-01 -9.98796519e-02 -5.51334161e-02 -7.93994997e-03 2.81037507e-02 5.17181746e-02 6.38623027e-02 6.61777740e-02 6.06991898e-02 4.96617341e-02 3.53132098e-02 1.97650353e-02 4.87951435e-03 -7.82024826e-03 -1.72033541e-02 -2.25675400e-02 -2.36342100e-02 -2.05189045e-02 -1.36669441e-02 -3.76710418e-03 8.34455664e-03 2.17909776e-02 3.57442482e-02 4.95171000e-02 6.26209636e-02 7.48194416e-02 8.61371890e-02 9.68605425e-02 1.07490277e-01 1.18690782e-01 1.31198434e-01 1.45741089e-01 1.62930631e-01 1.83186424e-01 2.06646951e-01 2.33127657e-01 2.62076487e-01 2.92574513e-01 3.23337402e-01 3.52749311e-01 3.78913825e-01 3.99739000e-01 4.13075136e-01 4.16890356e-01 4.09491861e-01 3.89737614e-01 3.57219311e-01 3.12356230e-01 2.56388318e-01 1.91237690e-01 1.19337304e-01 4.34263542e-02 -3.35196910e-02 -1.08334328e-01 -1.77577559e-01 -2.37554216e-01 -2.84400056e-01 -3.14417756e-01 -3.24530317e-01 -3.12776097e-01 -2.78666957e-01 -2.23300090e-01 -1.49189310e-01 -5.97541472e-02 4.12305651e-02 1.50107812e-01 2.63419820e-01 3.77728267e-01 4.89180772e-01 5.92891825e-01 6.82444900e-01 7.50027303e-01 7.89059247e-01 7.96398781e-01 7.70717587e-01 7.11184986e-01 6.20382518e-01 5.05166536e-01 3.73195911e-01 2.30682498e-01 8.20083880e-02 -6.97928237e-02 -2.22399593e-01 -3.73465247e-01 -5.19935009e-01 -6.57079038e-01 -7.78424960e-01 -8.83660776e-01 -9.65455224e-01 -9.84473705e-01 -9.79649758e-01 -9.82893232e-01 -9.27323158e-01 -8.40950550e-01 -7.55547965e-01 -6.58951738e-01 -5.37355839e-01 -4.04849013e-01 -5.61120635e-01
2.00000000e+00 -2.44402632e-01 -1.18759555e-01 -9.81995101e-02 -5.64220823e-02 -9.88601089e-03 2.61781838e-02 4.99778428e-02 6.23900927e-02 6.50237243e-02 5.98869961e-02 4.91924944e-02 3.51675507e-02 1.99048654e-02 5.25205094e-03 -7.27834407e-03 -1.65596579e-02 -2.18887777e-02 -2.29808602e-02 -1.99413825e-02 -1.32026358e-02 -3.43822032e-03 8.53137167e-03 2.18447891e-02 3.56874203e-02 4.93831605e-02 6.24499466e-02 7.46543551e-02 8.60186693e-02 9.68234153e-02 1.07558975e-01 1.18877206e-01 1.31499071e-01 1.46137179e-01 1.63387788e-01 1.83658127e-01 2.07077293e-01 2.33458440e-01 2.62252223e-01 2.92550659e-01 3.23083445e-01 3.52252485e-01 3.78175379e-01 3.98770834e-01 4.11892714e-01 4.15510598e-01 4.07935302e-01 3.88036817e-01 3.55432693e-01 3.10577116e-01 2.54750002e-01 1.89898271e-01 1.18458215e-01 4.31360357e-02 -3.31495999e-02 -1.07307473e-01 -1.75962605e-01 -2.35463466e-01 -2.81950018e-01 -3.11702977e-01 -3.21614220e-01 -3.09713210e-01 -2.75543602e-01 -2.20272328e-01 -1.46500157e-01 -5.77009865e-02 4.23583446e-02 1.50117038e-01 2.62278556e-01 3.75610301e-01 4.86446711e-01 5.90009921e-01 6.79794617e-01 7.47710531e-01 7.86916333e-01 7.94196631e-01 7.68206668e-01 7.08097658e-01 6.16616566e-01 5.01018730e-01 3.69316434e-01 2.27793590e-01 8.06836154e-02 -6.92667693e-02 -2.20068520e-01 -3.69716280e-01 -5.15427831e-01 -6.52530119e-01 -7.74506965e-01 -8.82005716e-01 -9.65235849e-01 -9.82607527e-01 -9.78857894e-01 -9.81647351e-01 -9.27772007e-01 -8.38673891e-01 -7.52926537e-01 -6.56094779e-01 -5.31855036e-01 -4.04944541e-01 -5.75928118e-01
2.10000000e+00 -2.40075467e-01 -1.16237500e-01 -9.63156736e-02 -5.76564643e-02 -1.19049150e-02 2.41622523e-02 4.81528865e-02 6.08450498e-02 6.38117629e-02 5.90332349e-02 4.86981131e-02 3.50122286e-02 2.00487265e-02 5.63991619e-03 -6.71269114e-03 -1.58868995e-02 -2.11787714e-02 -2.22969675e-02 -1.93364434e-02 -1.27158425e-02 -3.09286231e-03 8.72829491e-03 2.19027140e-02 3.56296784e-02 4.92447634e-02 6.22727110e-02 7.44832259e-02 8.58961138e-02 9.67858272e-02 1.07631862e-01 1.19072959e-01 1.31813941e-01 1.46551483e-01 1.63865518e-01 1.84150648e-01 2.07526210e-01 2.33803045e-01 2.62434619e-01 2.92524350e-01 3.22816369e-01 3.51730973e-01 3.77400179e-01 3.97753908e-01 4.10649941e-01 4.14059916e-01 4.06299037e-01 3.86250424e-01 3.53558956e-01 3.08714892e-01 2.53039000e-01 1.88502627e-01 1.17544508e-01 4.28361665e-02 -3.27619023e-02 -1.06235256e-01 -1.74275030e-01 -2.33274771e-01 -2.79379770e-01 -3.08850048e-01 -3.18547433e-01 -3.06494074e-01 -2.72267499e-01 -2.17105997e-01 -1.43697505e-01 -5.55678865e-02 4.35274941e-02 1.50127627e-01 2.61099146e-01 3.73417534e-01 4.83607242e-01 5.87003561e-01 6.77012198e-01 7.45261436e-01 7.84642225e-01 7.91857582e-01 7.65541943e-01 7.04837671e-01 6.12669621e-01 4.96700840e-01 3.65300799e-01 2.24816434e-01 7.93230657e-02 -6.87240621e-02 -2.17667456e-01 -3.65844584e-01 -5.10750629e-01 -6.47764246e-01 -7.70391016e-01 -8.80328480e-01 -9.64869309e-01 -9.80628324e-01 -9.78132402e-01 -9.80171297e-01 -9.28249560e-01 -8.36375890e-01 -7.50138598e-01 -6.52991431e-01 -5.26135896e-01 -4.06071014e-01 -5.90523585e-01
2.20000000e+00 -2.35332932e-01 -1.14052825e-01 -9.42469929e-02 -5.88174877e-02 -1.39898214e-02 2.20576250e-02 4.62440611e-02 5.92276003e-02 6.25420887e-02 5.81379170e-02 4.81784291e-02 3.48469198e-02 2.01961614e-02 6.04255866e-03 -6.12388028e-03 -1.51856603e-02 -2.04380475e-02 -2.15829700e-02 -1.87044129e-02 -1.22067600e-02 -2.73108973e-03 8.93540262e-03 2.19649474e-02 3.55713135e-02 4.91022586e-02 6.20896294e-02 7.43064070e-02 8.57698207e-02 9.67479869e-02 1.07709035e-01 1.19278003e-01 1.32142870e-01 1.46983693e-01 1.64363402e-01 1.84663496e-01 2.07993200e-01 2.34161019e-01 2.62623338e-01 2.92495397e-01 3.22536148e-01 3.51184865e-01 3.76588369e-01 3.96688335e-01 4.09346866e-01 4.12538314e-01 4.04583139e-01 3.84378749e-01 3.51598819e-01 3.06770776e-01 2.51256915e-01 1.87052475e-01 1.16597585e-01 4.25274673e-02 -3.23567628e-02 -1.05118604e-01 -1.72516174e-01 -2.30989383e-01 -2.76690111e-01 -3.05859233e-01 -3.15329981e-01 -3.03119046e-01 -2.68839916e-01 -2.13803559e-01 -1.40784674e-01 -5.33581224e-02 4.47360021e-02 1.50139756e-01 2.59884230e-01 3.71154351e-01 4.80667105e-01 5.83876066e-01 6.74098406e-01 7.42678345e-01 7.82233891e-01 7.89378024e-01 7.62720067e-01 7.01403563e-01 6.08543927e-01 4.92219122e-01 3.61157320e-01 2.21758484e-01 7.79305500e-02 -6.81659331e-02 -2.15202450e-01 -3.61859082e-01 -5.05911461e-01 -6.42783362e-01 -7.66083954e-01 -8.78631981e-01 -9.64331808e-01 -9.78554585e-01 -9.77452214e-01 -9.78483957e-01 -9.28725375e-01 -8.34080112e-01 -7.47178532e-01 -6.49624247e-01 -5.20265206e-01 -4.08253937e-01 -6.04835969e-01
2.30000000e+00 -2.30177893e-01 -1.12205728e-01 -9.20172532e-02 -5.98864284e-02 -1.61328966e-02 1.98662147e-02 4.42521809e-02 5.75381982e-02 6.12149127e-02 5.72010539e-02 4.76332735e-02 3.46712861e-02 2.03466935e-02 6.45940361e-03 -5.51252755e-03 -1.44565470e-02 -1.96671557e-02 -2.08393261e-02 -1.80456316e-02 -1.16755928e-02 -2.35296521e-03 9.15277396e-03 2.20316922e-02 3.55126287e-02 4.89560105e-02 6.19010902e-02 7.41242659e-02 8.56401010e-02 9.67101118e-02 1.07790591e-01 1.19492298e-01 1.32485674e-01 1.47433484e-01 1.64881006e-01 1.85196161e-01 2.08477741e-01 2.34531888e-01 2.62818028e-01 2.92463603e-01 3.22242753e-01 3.50614249e-01 3.75740094e-01 3.95574232e-01 4.07983541e-01 4.10945809e-01 4.02787695e-01 3.82422136e-01 3.49553047e-01 3.04746041e-01 2.49405410e-01 1.85549582e-01 1.15618879e-01 4.22106752e-02 -3.19343440e-02 -1.03958456e-01 -1.70687398e-01 -2.28608583e-01 -2.73881878e-01 -3.02730830e-01 -3.11961936e-01 -2.99588551e-01 -2.65262218e-01 -2.10367583e-01 -1.37765068e-01 -5.10750112e-02 4.59818568e-02 1.50153620e-01 2.58636483e-01 3.68825203e-01 4.77631158e-01 5.80630874e-01 6.71054081e-01 7.39959584e-01 7.79688192e-01 7.86754189e-01 7.59737632e-01 6.97793953e-01 6.04241928e-01 4.87580083e-01 3.56894465e-01 2.18627227e-01 7.65098585e-02 -6.75936106e-02 -2.12679559e-01 -3.57768797e-01 -5.00918437e-01 -6.37589645e-01 -7.61594150e-01 -8.76917159e-01 -9.63600012e-01 -9.76406260e-01 -9.76792504e-01 -9.76608733e-01 -9.29165898e-01 -8.31810098e-01 -7.44041159e-01 -6.45976929e-01 -5.14318078e-01 -4.11500719e-01 -6.18803343e-01
2.40000000e+00 -2.24617835e-01 -1.10687910e-01 -8.96546009e-02 -6.08453711e-02 -1.83252771e-02 1.75902206e-02 4.21781257e-02 5.57773263e-02 5.98304583e-02 5.62226576e-02 4.70624698e-02 3.44849752e-02 2.04998276e-02 6.88985357e-03 -4.87927379e-03 -1.37001915e-02 -1.88666693e-02 -2.00665134e-02 -1.73604549e-02 -1.11225546e-02 -1.95855437e-03 9.38049083e-03 2.21031586e-02 3.54539388e-02 4.88063976e-02 6.17074967e-02 7.39371847e-02 8.55072776e-02 9.66724273e-02 1.07876634e-01 1.19715802e-01 1.32842161e-01 1.47900519e-01 1.65417876e-01 1.85748111e-01 2.08979291e-01 2.34915162e-01 2.63018326e-01 2.92428760e-01 3.21936149e-01 3.50019212e-01 3.74855499e-01 3.94411716e-01 4.06560023e-01 4.09282422e-01 4.00912815e-01 3.80380963e-01 3.47422451e-01 3.02642017e-01 2.47486200e-01 1.83995757e-01 1.14609850e-01 4.18865426e-02 -3.14948052e-02 -1.02755755e-01 -1.68790081e-01 -2.26133680e-01 -2.70955939e-01 -2.99465182e-01 -3.08443425e-01 -2.95903091e-01 -2.61535867e-01 -2.06800740e-01 -1.34642163e-01 -4.87218980e-02 4.72630553e-02 1.50169431e-01 2.57358606e-01 3.66434589e-01 4.74504354e-01 5.77271534e-01 6.67880143e-01 7.37103483e-01 7.77001891e-01 7.83982159e-01 7.56591178e-01 6.94007563e-01 5.99766274e-01 4.82790459e-01 3.52520821e-01 2.15430148e-01 7.50647425e-02 -6.70083149e-02 -2.10104820e-01 -3.53582817e-01 -4.95779660e-01 -6.32185600e-01 -7.56931516e-01 -8.75182696e-01 -9.62651685e-01 -9.74203953e-01 -9.76125602e-01 -9.74572561e-01 -9.29535463e-01 -8.29588556e-01 -7.40721994e-01 -6.42035120e-01 -5.08376593e-01 -4.15800950e-01 -6.32373244e-01
2.50000000e+00 -2.18664753e-01 -1.09482993e-01 -8.71908374e-02 -6.16776790e-02 -2.05570554e-02 1.52321749e-02 4.00228499e-02 5.39454973e-02 5.83889620e-02 5.52027413e-02 4.64658341e-02 3.42876209e-02 2.06550496e-02 7.33328878e-03 -4.22478416e-03 -1.29172505e-02 -1.80371846e-02 -1.92650293e-02 -1.66492527e-02 -1.05478675e-02 -1.54792592e-03 9.61863771e-03 2.21795644e-02 3.53955697e-02 4.86538120e-02 6.15092673e-02 7.37455595e-02 8.53716853e-02 9.66351670e-02 1.07967269e-01 1.19948469e-01 1.33212133e-01 1.48384449e-01 1.65973542e-01 1.86318797e-01 2.09497292e-01 2.35310337e-01 2.63223854e-01 2.92390651e-01 3.21616295e-01 3.49399834e-01 3.73934728e-01 3.93200905e-01 4.05076373e-01 4.07548189e-01 3.98958625e-01 3.78255643e-01 3.45207890e-01 3.00460089e-01 2.45501052e-01 1.82392851e-01 1.13571980e-01 4.15558341e-02 -3.10383007e-02 -1.01511443e-01 -1.66825614e-01 -2.23566001e-01 -2.67913198e-01 -2.96062671e-01 -3.04774633e-01 -2.92063250e-01 -2.57662427e-01 -2.03105799e-01 -1.31419496e-01 -4.63021422e-02 4.85776133e-02 1.50187426e-01 2.56053318e-01 3.63987043e-01 4.71291734e-01 5.73801697e-01 6.64577594e-01 7.34108386e-01 7.74171651e-01 7.81057870e-01 7.53277209e-01 6.90043231e-01 5.95119830e-01 4.77857207e-01 3.48045069e-01 2.12174696e-01 7.35988968e-02 -6.64112542e-02 -2.07484223e-01 -3.49310249e-01 -4.90503170e-01 -6.26574164e-01 -7.52107467e-01 -8.73424776e-01 -9.61466315e-01 -9.71968066e-01 -9.75422005e-01 -9.72404811e-01 -9.29797370e-01 -8.27436539e-01 -7.37217523e-01 -6.37787226e-01 -5.02528213e-01 -4.21127057e-01 -6.45502817e-01
2.60000000e+00 -2.12334972e-01 -1.08567104e-01 -8.46606023e-02 -6.23684610e-02 -2.28172924e-02 1.27949940e-02 3.77873922e-02 5.20432562e-02 5.68906736e-02 5.41413190e-02 4.58431750e-02 3.40788434e-02 2.08118276e-02 7.78906781e-03 -3.54974763e-03 -1.21084048e-02 -1.71793203e-02 -1.84353902e-02 -1.59124092e-02 -9.95176257e-03 -1.12115157e-03 9.86730150e-03 2.22611342e-02 3.53378583e-02 4.84986592e-02 6.13068347e-02 7.35498001e-02 8.52336705e-02 9.65985720e-02 1.08062604e-01 1.20190252e-01 1.33595380e-01 1.48884910e-01 1.66547520e-01 1.86907653e-01 2.10031168e-01 2.35716890e-01 2.63434222e-01 2.92349050e-01 3.21283145e-01 3.48756196e-01 3.72977924e-01 3.91941919e-01 4.03532657e-01 4.05743153e-01 3.96925277e-01 3.76046624e-01 3.42910271e-01 2.98201696e-01 2.43451778e-01 1.80742746e-01 1.12506774e-01 4.12193249e-02 -3.05649786e-02 -1.00226462e-01 -1.64795390e-01 -2.20906895e-01 -2.64754589e-01 -2.92523730e-01 -3.00955814e-01 -2.88069705e-01 -2.53643567e-01 -1.99285622e-01 -1.28100658e-01 -4.38191047e-02 4.99235739e-02 1.50207861e-01 2.54723346e-01 3.61487118e-01 4.67998400e-01 5.70225110e-01 6.61147522e-01 7.30972660e-01 7.71194052e-01 7.77977127e-01 7.49792207e-01 6.85899928e-01 5.90305683e-01 4.72787481e-01 3.43475944e-01 2.08868256e-01 7.21159445e-02 -6.58036200e-02 -2.04823692e-01 -3.44960178e-01 -4.85096886e-01 -6.20758830e-01 -7.47134846e-01 -8.71636896e-01 -9.60025713e-01 -9.69717928e-01 -9.74651439e-01 -9.70136119e-01 -9.29915018e-01 -8.25372621e-01 -7.33525476e-01 -6.33225246e-01 -4.96863977e-01 -4.27435330e-01 -6.58158775e-01
2.70000000e+00 -2.05648873e-01 -1.07909628e-01 -8.21004667e-02 -6.29050204e-02 -2.50940613e-02 1.02820316e-02 3.54728887e-02 5.00711814e-02 5.53358571e-02 5.30384064e-02 4.51942937e-02 3.38582497e-02 2.09696118e-02 8.25652802e-03 -2.85487649e-03 -1.12743594e-02 -1.62937176e-02 -1.75781317e-02 -1.51503228e-02 -9.33447948e-03 -6.78306087e-04 1.01265713e-02 2.23480998e-02 3.52811518e-02 4.83413575e-02 6.11006457e-02 7.33503298e-02 8.50935908e-02 9.65628913e-02 1.08162752e-01 1.20441101e-01 1.33991689e-01 1.49401527e-01 1.67139306e-01 1.87514092e-01 2.10580323e-01 2.36134283e-01 2.63649030e-01 2.92303722e-01 3.20936645e-01 3.48088370e-01 3.71985228e-01 3.90634875e-01 4.01928945e-01 4.03867374e-01 3.94812944e-01 3.73754395e-01 3.40530550e-01 2.95868331e-01 2.41340237e-01 1.79047355e-01 1.11415750e-01 4.08777987e-02 -3.00749793e-02 -9.89017457e-02 -1.62700805e-01 -2.18157722e-01 -2.61481080e-01 -2.88848839e-01 -2.96987293e-01 -2.83923226e-01 -2.49481063e-01 -1.95343162e-01 -1.24689279e-01 -4.12761346e-02 5.12990168e-02 1.50231014e-01 2.53371412e-01 3.58939371e-01 4.64629508e-01 5.66545607e-01 6.57591097e-01 7.27694700e-01 7.68065591e-01 7.74735612e-01 7.46132647e-01 6.81576779e-01 5.85327146e-01 4.67588615e-01 3.38822211e-01 2.05518114e-01 7.06194219e-02 -6.51865843e-02 -2.02129057e-01 -3.40541623e-01 -4.79568551e-01 -6.14743774e-01 -7.42027799e-01 -8.69809750e-01 -9.58314570e-01 -9.67470945e-01 -9.73783937e-01 -9.67797173e-01 -9.29853043e-01 -8.23412102e-01 -7.29645093e-01 -6.28345588e-01 -4.91476557e-01 -4.34667268e-01 -6.70317182e-01
2.80000000e+00 -1.98630553e-01 -1.07474104e-01 -7.95479650e-02 -6.32772699e-02 -2.73745243e-02 7.69713354e-03 3.30805877e-02 4.80298875e-02 5.37247911e-02 5.18940204e-02 4.45189845e-02 3.36254336e-02 2.11278351e-02 8.73498621e-03 -2.14090586e-03 -1.04158422e-02 -1.53810398e-02 -1.66938076e-02 -1.43634058e-02 -8.69626646e-03 -2.19467298e-04 1.03965384e-02 2.24406991e-02 3.52258079e-02 4.81823381e-02 6.08911605e-02 7.31475849e-02 8.49518144e-02 9.65283808e-02 1.08267826e-01 1.20700964e-01 1.34400835e-01 1.49933911e-01 1.67748383e-01 1.88137512e-01 2.11144147e-01 2.36561965e-01 2.63867861e-01 2.92254422e-01 3.20576737e-01 3.47396426e-01 3.70956777e-01 3.89279895e-01 4.00265313e-01 4.01920921e-01 3.92621829e-01 3.71379482e-01 3.38069735e-01 2.93461535e-01 2.39168329e-01 1.77308618e-01 1.10300436e-01 4.05320455e-02 -2.95684341e-02 -9.75382174e-02 -1.60543251e-01 -2.15319856e-01 -2.58093670e-01 -2.85038536e-01 -2.92869473e-01 -2.79624685e-01 -2.45176799e-01 -1.91281454e-01 -1.21189022e-01 -3.86765565e-02 5.27020656e-02 1.50257189e-01 2.52000229e-01 3.56348349e-01 4.61190243e-01 5.62767096e-01 6.53909581e-01 7.24272939e-01 7.64782695e-01 7.71328901e-01 7.42295017e-01 6.77073074e-01 5.80187763e-01 4.62268103e-01 3.34092628e-01 2.02131431e-01 6.91127655e-02 -6.45612959e-02 -1.99406041e-01 -3.36063492e-01 -4.73925686e-01 -6.08533989e-01 -7.36801594e-01 -8.67931190e-01 -9.56320927e-01 -9.65241796e-01 -9.72790890e-01 -9.65417525e-01 -9.29578427e-01 -8.21566288e-01 -7.25577378e-01 -6.23149839e-01 -4.86458193e-01 -4.42751217e-01 -6.81963083e-01
2.90000000e+00 -1.91307426e-01 -1.07219233e-01 -7.70405916e-02 -6.34780984e-02 -2.96450437e-02 5.04469324e-03 3.06118673e-02 4.59200284e-02 5.20577697e-02 5.07081801e-02 4.38170345e-02 3.33799761e-02 2.12859134e-02 9.22373910e-03 -1.40859308e-03 -9.53360429e-03 -1.44419714e-02 -1.57829907e-02 -1.35520845e-02 -8.03738030e-03 2.55283912e-04 1.06772959e-02 2.25391768e-02 3.51721937e-02 4.80220441e-02 6.06788524e-02 7.29420140e-02 8.48087202e-02 9.64953035e-02 1.08377943e-01 1.20969784e-01 1.34822587e-01 1.50481663e-01 1.68374218e-01 1.88777296e-01 2.11722013e-01 2.36999369e-01 2.64090292e-01 2.92200895e-01 3.20203351e-01 3.46680427e-01 3.69892706e-01 3.87877095e-01 3.98541843e-01 3.99903883e-01 3.90352159e-01 3.68922456e-01 3.35528884e-01 2.90982902e-01 2.36937991e-01 1.75528491e-01 1.09162373e-01 4.01828601e-02 -2.90454636e-02 -9.61367856e-02 -1.58324107e-01 -2.12394674e-01 -2.54593385e-01 -2.81093412e-01 -2.88602844e-01 -2.75175063e-01 -2.40732772e-01 -1.87103615e-01 -1.17603568e-01 -3.60236585e-02 5.41308966e-02 1.50286714e-01 2.50612490e-01 3.53718575e-01 4.57685807e-01 5.58893558e-01 6.50104319e-01 7.20705856e-01 7.61341729e-01 7.67752475e-01 7.38275828e-01 6.72388288e-01 5.74891310e-01 4.56833578e-01 3.29295920e-01 1.98715216e-01 6.75993001e-02 -6.39288785e-02 -1.96660236e-01 -3.31534532e-01 -4.68175549e-01 -6.02135426e-01 -7.31472406e-01 -8.65986266e-01 -9.54036564e-01 -9.63041722e-01 -9.71646037e-01 -9.63024451e-01 -9.29061525e-01 -8.19841853e-01 -7.21325329e-01 -6.17645468e-01 -4.81898592e-01 -4.51604248e-01 -6.93089980e-01
3.00000000e+00 -1.83709755e-01 -1.07099972e-01 -7.46147919e-02 -6.35036755e-02 -3.18913289e-02 2.32970439e-03 2.80682565e-02 4.37423003e-02 5.03351033e-02 4.94809071e-02 4.30882240e-02 3.31214462e-02 2.14432462e-02 9.72206396e-03 -6.58717239e-04 -8.62841882e-03 -1.34772184e-02 -1.48462713e-02 -1.27167986e-02 -7.35808625e-03 7.45863571e-04 1.09689386e-02 2.26437834e-02 3.51206859e-02 4.78609305e-02 6.04642072e-02 7.27340783e-02 8.46646967e-02 9.64639292e-02 1.08493220e-01 1.21247504e-01 1.35256707e-01 1.51044371e-01 1.69016264e-01 1.89432809e-01 2.12313279e-01 2.37445917e-01 2.64315884e-01 2.92142877e-01 3.19816413e-01 3.45940429e-01 3.68793141e-01 3.86426594e-01 3.96758621e-01 3.97816363e-01 3.88004195e-01 3.66383929e-01 3.32909108e-01 2.88434073e-01 2.34651199e-01 1.73708950e-01 1.08003100e-01 3.98310397e-02 -2.85061767e-02 -9.46983410e-02 -1.56044740e-01 -2.09383557e-01 -2.50981285e-01 -2.77014124e-01 -2.84187987e-01 -2.70575456e-01 -2.36151092e-01 -1.82812834e-01 -1.13936608e-01 -3.33206799e-02 5.55837452e-02 1.50319940e-01 2.49210864e-01 3.51054535e-01 4.54121401e-01 5.54929028e-01 6.46176748e-01 7.16991978e-01 7.57739002e-01 7.64001737e-01 7.34071636e-01 6.67522093e-01 5.69441797e-01 4.51292788e-01 3.24440744e-01 1.95276299e-01 6.60822279e-02 -6.32904282e-02 -1.93897086e-01 -3.26963284e-01 -4.62325101e-01 -5.95555130e-01 -7.26057047e-01 -8.63957372e-01 -9.51457270e-01 -9.60877920e-01 -9.70326339e-01 -9.60641907e-01 -9.28276986e-01 -8.18240332e-01 -7.16894135e-01 -6.11846426e-01 -4.77882828e-01 -4.61134222e-01 -7.03699188e-01
3.10000000e+00 -1.75870158e-01 -1.07068693e-01 -7.23049758e-02 -6.33536807e-02 -3.40986176e-02 -4.42189800e-04 2.54514583e-02 4.14974461e-02 4.85571196e-02 4.82122253e-02 4.23323270e-02 3.28494003e-02 2.15992165e-02 1.02292192e-02 1.07921420e-04 -7.70108082e-03 -1.24875075e-02 -1.38842580e-02 -1.18580014e-02 -6.65865795e-03 1.25218461e-03 1.12715627e-02 2.27547753e-02 3.50716697e-02 4.76994635e-02 6.02477231e-02 7.25242506e-02 8.45201424e-02 9.64345340e-02 1.08613779e-01 1.21534063e-01 1.35702947e-01 1.51621611e-01 1.69673958e-01 1.90103403e-01 2.12917289e-01 2.37901018e-01 2.64544189e-01 2.92080097e-01 3.19415835e-01 3.45176481e-01 3.67658208e-01 3.84928511e-01 3.94915741e-01 3.95658482e-01 3.85578230e-01 3.63764560e-01 3.30211571e-01 2.85816738e-01 2.32309954e-01 1.71851980e-01 1.06824162e-01 3.94773829e-02 -2.79506687e-02 -9.32237526e-02 -1.53706493e-01 -2.06287888e-01 -2.47258455e-01 -2.72801388e-01 -2.79625583e-01 -2.65827080e-01 -2.31433982e-01 -1.78412369e-01 -1.10191832e-01 -3.05707999e-02 5.70589131e-02 1.50357246e-01 2.47797980e-01 3.48360662e-01 4.50502206e-01 5.50877594e-01 6.42128389e-01 7.13129891e-01 7.53970784e-01 7.60072029e-01 7.29679059e-01 6.62474372e-01 5.63843467e-01 4.45653568e-01 3.19535662e-01 1.91821310e-01 6.45646193e-02 -6.26470124e-02 -1.91121875e-01 -3.22358030e-01 -4.56380985e-01 -5.88801370e-01 -7.20572660e-01 -8.61824467e-01 -9.48582993e-01 -9.58753079e-01 -9.68812734e-01 -9.58289627e-01 -9.27204529e-01 -8.16757741e-01 -7.12291348e-01 -6.05773630e-01 -4.74489316e-01 -4.71241986e-01 -7.13799083e-01
3.20000000e+00 -1.67823077e-01 -1.07076369e-01 -7.01425828e-02 -6.30314476e-02 -3.62518898e-02 -3.26465390e-03 2.27633769e-02 3.91862609e-02 4.67241646e-02 4.69021623e-02 4.15491108e-02 3.25633836e-02 2.17531920e-02 1.07444448e-02 8.90502067e-04 -6.75240651e-03 -1.14735856e-02 -1.28975767e-02 -1.09761592e-02 -5.93937739e-03 1.77415682e-03 1.15852660e-02 2.28724146e-02 3.50255393e-02 4.75381204e-02 6.00299097e-02 7.23130150e-02 8.43754649e-02 9.64074003e-02 1.08739742e-01 1.21829398e-01 1.36161054e-01 1.52212950e-01 1.70346726e-01 1.90788415e-01 2.13533373e-01 2.38364067e-01 2.64774747e-01 2.92012273e-01 3.19001525e-01 3.44388625e-01 3.66488021e-01 3.83382959e-01 3.93013304e-01 3.93430380e-01 3.83074588e-01 3.61065055e-01 3.27437489e-01 2.83132628e-01 2.29916292e-01 1.69959572e-01 1.05627099e-01 3.91226876e-02 -2.73790206e-02 -9.17138640e-02 -1.51310688e-01 -2.03109042e-01 -2.43426012e-01 -2.68455993e-01 -2.74916416e-01 -2.60931277e-01 -2.26583780e-01 -1.73905539e-01 -1.06372918e-01 -2.77771273e-02 5.85547741e-02 1.50399036e-01 2.46376431e-01 3.45641330e-01 4.46833369e-01 5.46743377e-01 6.37960849e-01 7.09118243e-01 7.50033312e-01 7.55958649e-01 7.25094794e-01 6.57245233e-01 5.58100793e-01 4.39923822e-01 3.14589108e-01 1.88356655e-01 6.30494053e-02 -6.19996688e-02 -1.88339713e-01 -3.17726747e-01 -4.50349520e-01 -5.81883762e-01 -7.15036380e-01 -8.59565406e-01 -9.45417853e-01 -9.56665074e-01 -9.67090712e-01 -9.55982381e-01 -9.25829538e-01 -8.15384378e-01 -7.07526998e-01 -5.99455294e-01 -4.71787900e-01 -4.81823649e-01 -7.23404260e-01
3.30000000e+00 -1.59604225e-01 -1.07073760e-01 -6.81552246e-02 -6.25440143e-02 -3.83361123e-02 -6.13062631e-03 2.00061471e-02 3.68095975e-02 4.48366037e-02 4.55507490e-02 4.07383371e-02 3.22629297e-02 2.19045250e-02 1.12669631e-02 1.68818387e-03 -5.78323278e-03 -1.04362196e-02 -1.18868704e-02 -1.00717514e-02 -5.20053483e-03 2.31168685e-03 1.19101471e-02 2.29969684e-02 3.49826966e-02 4.73773889e-02 5.98112877e-02 7.21008665e-02 8.42310805e-02 9.63828160e-02 1.08871231e-01 1.22133441e-01 1.36630765e-01 1.52817942e-01 1.71033978e-01 1.91487168e-01 2.14160845e-01 2.38834451e-01 2.65007087e-01 2.91939113e-01 3.18573376e-01 3.43576893e-01 3.65282691e-01 3.81790055e-01 3.91051418e-01 3.91132219e-01 3.80493635e-01 3.58286169e-01 3.24588134e-01 2.80383520e-01 2.27472269e-01 1.68033723e-01 1.04413445e-01 3.87677495e-02 -2.67912972e-02 -9.01694907e-02 -1.48858614e-01 -1.99848388e-01 -2.39485095e-01 -2.63978796e-01 -2.70061382e-01 -2.55889518e-01 -2.21602942e-01 -1.69295718e-01 -1.02483521e-01 -2.49426901e-02 6.00697801e-02 1.50445741e-01 2.44948758e-01 3.42900836e-01 4.43119986e-01 5.42530526e-01 6.33675819e-01 7.04955750e-01 7.45922803e-01 7.51656872e-01 7.20315636e-01 6.51835022e-01 5.52218475e-01 4.34111494e-01 3.09609365e-01 1.84888502e-01 6.15393702e-02 -6.13494053e-02 -1.85555518e-01 -3.13077051e-01 -4.44236702e-01 -5.74813365e-01 -7.09464970e-01 -8.57156341e-01 -9.41970015e-01 -9.54606822e-01 -9.65150712e-01 -9.53729427e-01 -9.24143470e-01 -8.14104785e-01 -7.02613682e-01 -5.92927102e-01 -4.69838130e-01 -4.92772872e-01 -7.32534637e-01
3.40000000e+00 -1.51250029e-01 -1.07012570e-01 -6.63659302e-02 -6.19020742e-02 -4.03365067e-02 -9.03229655e-03 1.71821669e-02 3.43683744e-02 4.28948236e-02 4.41580209e-02 3.98997618e-02 3.19475611e-02 2.20525528e-02 1.17959794e-02 2.50010660e-03 -4.79441660e-03 -9.37619572e-03 -1.08527989e-02 -9.14527002e-03 -4.44242869e-03 2.86467813e-03 1.22463057e-02 2.31287090e-02 3.49435513e-02 4.72177664e-02 5.95923885e-02 7.18883107e-02 8.40874138e-02 9.63610748e-02 1.09008372e-01 1.22446124e-01 1.37111812e-01 1.53436132e-01 1.71735113e-01 1.92198975e-01 2.14799010e-01 2.39311543e-01 2.65240730e-01 2.91860316e-01 3.18131275e-01 3.42741310e-01 3.64042318e-01 3.80149912e-01 3.89030199e-01 3.88764183e-01 3.77835771e-01 3.55428707e-01 3.21664829e-01 2.77571232e-01 2.24979965e-01 1.66076424e-01 1.03184724e-01 3.84133613e-02 -2.61875462e-02 -8.85914166e-02 -1.46351529e-01 -1.96507282e-01 -2.35436875e-01 -2.59370734e-01 -2.65061494e-01 -2.50703413e-01 -2.16494037e-01 -1.64586330e-01 -9.85272646e-02 -2.20704257e-02 6.16024660e-02 1.50497816e-01 2.43517454e-01 3.40143394e-01 4.39367086e-01 5.38243205e-01 6.29275068e-01 7.00641200e-01 7.41635469e-01 7.47161971e-01 7.15338500e-01 6.46244331e-01 5.46201431e-01 4.28224539e-01 3.04604532e-01 1.81422761e-01 6.00371465e-02 -6.06971993e-02 -1.82774009e-01 -3.08416154e-01 -4.38048229e-01 -5.67602767e-01 -7.03874441e-01 -8.54572217e-01 -9.38251432e-01 -9.52566326e-01 -9.62988323e-01 -9.51534174e-01 -9.22144040e-01 -8.12897900e-01 -6.97566592e-01 -5.86232192e-01 -4.68687762e-01 -5.03983122e-01 -7.41214512e-01
3.50000000e+00 -1.42797089e-01 -1.06846551e-01 -6.47925131e-02 -6.11198256e-02 -4.22388385e-02 -1.19610965e-02 1.42941323e-02 3.18635843e-02 4.08992339e-02 4.27240185e-02 3.90331354e-02 3.16167901e-02 2.21965985e-02 1.23306824e-02 3.32539122e-03 -3.78683439e-03 -8.29431916e-03 -9.79603854e-03 -8.19721981e-03 -3.66536553e-03 3.43303084e-03 1.25938423e-02 2.32679131e-02 3.49085202e-02 4.70597603e-02 5.93737535e-02 7.16758629e-02 8.39448975e-02 9.63424754e-02 1.09151291e-01 1.22767374e-01 1.37603919e-01 1.54067056e-01 1.72449517e-01 1.92923134e-01 2.15447161e-01 2.39794711e-01 2.65475182e-01 2.91775574e-01 3.17675093e-01 3.41881889e-01 3.62766995e-01 3.78462641e-01 3.86949771e-01 3.86326479e-01 3.75101438e-01 3.52493525e-01 3.18668954e-01 2.74697621e-01 2.22441475e-01 1.64089662e-01 1.01942451e-01 3.80603111e-02 -2.55677972e-02 -8.69803907e-02 -1.43790650e-01 -1.93087069e-01 -2.31282545e-01 -2.54632816e-01 -2.59917886e-01 -2.45374711e-01 -2.11259750e-01 -1.59780840e-01 -9.45077294e-02 -1.91631728e-02 6.31514538e-02 1.50555743e-01 2.42084948e-01 3.37373120e-01 4.35579614e-01 5.33885578e-01 6.24760446e-01 6.96173458e-01 7.37167526e-01 7.42469236e-01 7.10160435e-01 6.40474008e-01 5.40054791e-01 4.22270900e-01 2.99582502e-01 1.77965070e-01 5.85452105e-02 -6.00439992e-02 -1.79999691e-01 -3.03750812e-01 -4.31789531e-01 -5.60266133e-01 -6.98279665e-01 -8.51787325e-01 -9.34277446e-01 -9.50526892e-01 -9.60604268e-01 -9.49394065e-01 -9.19835199e-01 -8.11737398e-01 -6.92403497e-01 -5.79420952e-01 -4.68371521e-01 -5.15349833e-01 -7.49471611e-01
3.60000000e+00 -1.34281636e-01 -1.06532520e-01 -6.34470809e-02 -6.02147197e-02 -4.40297179e-02 -1.49077077e-02 1.13450742e-02 2.92963045e-02 3.88502686e-02 4.12487878e-02 3.81382038e-02 3.12701185e-02 2.23359714e-02 1.28702446e-02 4.16314057e-03 -2.76138151e-03 -7.19141356e-03 -8.71728178e-03 -7.22811768e-03 -2.86965995e-03 4.01664187e-03 1.29528577e-02 2.34148619e-02 3.48780270e-02 4.69038865e-02 5.91559336e-02 7.14640480e-02 8.38039716e-02 9.63273214e-02 1.09300114e-01 1.23097117e-01 1.38106803e-01 1.54710238e-01 1.73176565e-01 1.93658934e-01 2.16104578e-01 2.40283308e-01 2.65709945e-01 2.91684567e-01 3.17204693e-01 3.40998632e-01 3.61456805e-01 3.76728352e-01 3.84810268e-01 3.83819339e-01 3.72291122e-01 3.49481534e-01 3.15601940e-01 2.71764578e-01 2.19858911e-01 1.62075415e-01 1.00688124e-01 3.77093815e-02 -2.49320600e-02 -8.53371247e-02 -1.41177154e-01 -1.89589072e-01 -2.27023328e-01 -2.49766140e-01 -2.54631825e-01 -2.39905305e-01 -2.05902879e-01 -1.54882748e-01 -9.04284441e-02 -1.62236630e-02 6.47154572e-02 1.50620032e-01 2.40653611e-01 3.34594024e-01 4.31762421e-01 5.29461801e-01 6.20133870e-01 6.91551469e-01 7.32515215e-01 7.37573999e-01 7.04778649e-01 6.34525166e-01 5.33783885e-01 4.16258479e-01 2.94550935e-01 1.74520784e-01 5.70658788e-02 -5.93907246e-02 -1.77236848e-01 -2.99087277e-01 -4.25465827e-01 -5.52819226e-01 -6.92694002e-01 -8.48775915e-01 -9.30066274e-01 -9.48467521e-01 -9.58004197e-01 -9.47300680e-01 -9.17226880e-01 -8.10592213e-01 -6.87144683e-01 -5.72550614e-01 -4.68910186e-01 -5.26772425e-01 -7.57336133e-01
3.70000000e+00 -1.25739032e-01 -1.06031275e-01 -6.23356985e-02 -5.92071107e-02 -4.56969056e-02 -1.78620870e-02 8.33839646e-03 2.66677089e-02 3.67483896e-02 3.97323816e-02 3.72147085e-02 3.09070385e-02 2.24699671e-02 1.34138234e-02 5.01243991e-03 -1.71897154e-03 -6.06832041e-03 -7.61723671e-03 -6.23849265e-03 -2.05563447e-03 4.61540474e-03 1.33234530e-02 2.35698405e-02 3.48525017e-02 4.67506697e-02 5.89394890e-02 7.12533998e-02 8.36650833e-02 9.63159210e-02 1.09454969e-01 1.23435274e-01 1.38620173e-01 1.55365195e-01 1.73915622e-01 1.94405653e-01 2.16770531e-01 2.40776683e-01 2.65944507e-01 2.91586965e-01 3.16719925e-01 3.40091531e-01 3.60111821e-01 3.74947152e-01 3.82611833e-01 3.81243025e-01 3.69405351e-01 3.46393698e-01 3.12465275e-01 2.68774033e-01 2.17234394e-01 1.60035646e-01 9.94232223e-02 3.73613485e-02 -2.42803242e-02 -8.36622897e-02 -1.38512173e-01 -1.86014596e-01 -2.22660470e-01 -2.44771884e-01 -2.49204708e-01 -2.34297240e-01 -2.00426334e-01 -1.49895581e-01 -8.62928761e-02 -1.32545136e-02 6.62932841e-02 1.50691215e-01 2.39225745e-01 3.31810005e-01 4.27920242e-01 5.24976006e-01 6.15397327e-01 6.86774260e-01 7.27674809e-01 7.32471658e-01 6.99190524e-01 6.28399191e-01 5.27394230e-01 4.10195110e-01 2.89517234e-01 1.71094965e-01 5.56013065e-02 -5.87382674e-02 -1.74489525e-01 -2.94431259e-01 -4.19082191e-01 -5.45279382e-01 -6.87128940e-01 -8.45512842e-01 -9.25638388e-01 -9.46363456e-01 -9.55198270e-01 -9.45240062e-01 -9.14334544e-01 -8.09427230e-01 -6.81812832e-01 -5.65684650e-01 -4.70309993e-01 -5.38156137e-01 -7.64839831e-01
3.80000000e+00 -1.17203306e-01 -1.05308385e-01 -6.14582148e-02 -5.81198150e-02 -4.72296151e-02 -2.08135129e-02 5.27791453e-03 2.39790821e-02 3.45940884e-02 3.81748598e-02 3.62623871e-02 3.05270329e-02 2.25978685e-02 1.39605613e-02 5.87235766e-03 -6.60535730e-04 -4.92589860e-03 -6.49662674e-03 -5.22888558e-03 -1.22361951e-03 5.22920954e-03 1.37057296e-02 2.37331377e-02 3.48323800e-02 4.66006426e-02 5.87249880e-02 7.10444604e-02 8.35286862e-02 9.63085861e-02 1.09615984e-01 1.23781763e-01 1.39143732e-01 1.56031433e-01 1.74666040e-01 1.95162557e-01 2.17444282e-01 2.41274175e-01 2.66178349e-01 2.91482432e-01 3.16220625e-01 3.39160566e-01 3.58732106e-01 3.73119148e-01 3.80354621e-01 3.78597823e-01 3.66444701e-01 3.43231038e-01 3.09260497e-01 2.65727946e-01 2.14570051e-01 1.57972301e-01 9.81492076e-02 3.70169814e-02 -2.36125578e-02 -8.19565141e-02 -1.35796786e-01 -1.82364921e-01 -2.18195241e-01 -2.39651318e-01 -2.43638075e-01 -2.28552709e-01 -1.94833137e-01 -1.44822888e-01 -8.21044224e-02 -1.02582213e-02 6.78838402e-02 1.50769852e-01 2.37803585e-01 3.29024834e-01 4.24057693e-01 5.20432291e-01 6.10552863e-01 6.81840946e-01 7.22642637e-01 7.27157700e-01 6.93393642e-01 6.22097742e-01 5.20891518e-01 4.04088533e-01 2.84488527e-01 1.67692375e-01 5.41534853e-02 -5.80874939e-02 -1.71761522e-01 -2.89787887e-01 -4.12643635e-01 -5.37665459e-01 -6.81593767e-01 -8.41974234e-01 -9.21015808e-01 -9.44186880e-01 -9.52200575e-01 -9.43193234e-01 -9.11178532e-01 -8.08204140e-01 -6.76432870e-01 -5.58891970e-01 -4.72562407e-01 -5.49413637e-01 -7.72015133e-01
3.90000000e+00 -1.08706730e-01 -1.04334840e-01 -6.08082573e-02 -5.69775894e-02 -4.86188021e-02 -2.37506528e-02 2.16789333e-03 2.12318351e-02 3.23878904e-02 3.65762911e-02 3.52809740e-02 3.01295758e-02 2.27189461e-02 1.45095866e-02 6.74194598e-03 4.12977648e-04 -3.76502385e-03 -5.35619022e-03 -4.19984890e-03 -3.73953270e-04 5.85794284e-03 1.40997888e-02 2.39050457e-02 3.48181034e-02 4.64543450e-02 5.85130070e-02 7.08377799e-02 8.33952400e-02 9.63056327e-02 1.09783286e-01 1.24136500e-01 1.39677177e-01 1.56708453e-01 1.75427163e-01 1.95928907e-01 2.18125082e-01 2.41775115e-01 2.66410941e-01 2.91370619e-01 3.15706619e-01 3.38205704e-01 3.57317712e-01 3.71244443e-01 3.78038797e-01 3.75884053e-01 3.63409795e-01 3.39994631e-01 3.05989199e-01 2.62628308e-01 2.11868014e-01 1.55887306e-01 9.68675180e-02 3.66770415e-02 -2.29287065e-02 -8.02203811e-02 -1.33032024e-01 -1.78641304e-01 -2.13628940e-01 -2.34405803e-01 -2.37933607e-01 -2.22674062e-01 -1.89126417e-01 -1.39668230e-01 -7.78664012e-02 -7.23715652e-03 6.94861303e-02 1.50856523e-01 2.36389289e-01 3.26242154e-01 4.20179247e-01 5.15834702e-01 6.05602580e-01 6.76750725e-01 7.17415094e-01 7.21627730e-01 6.87385799e-01 6.15622758e-01 5.14281594e-01 3.97946366e-01 2.79471643e-01 1.64317470e-01 5.27242435e-02 -5.74392453e-02 -1.69056381e-01 -2.85161675e-01 -4.06155204e-01 -5.29997725e-01 -6.76095294e-01 -8.38138153e-01 -9.16221337e-01 -9.41907714e-01 -9.49028378e-01 -9.41136902e-01 -9.07783236e-01 -8.06882432e-01 -6.71031760e-01 -5.52245937e-01 -4.75644244e-01 -5.60466370e-01 -7.78894327e-01
4.00000000e+00 -1.00279457e-01 -1.03087553e-01 -6.03733942e-02 -5.58065403e-02 -4.98574325e-02 -2.66616534e-02 -9.86916565e-04 1.84275232e-02 3.01303586e-02 3.49367534e-02 3.42702011e-02 2.97141328e-02 2.28324583e-02 1.50600139e-02 7.62024149e-03 1.50060396e-03 -2.58658811e-03 -4.19667995e-03 -3.15194642e-03 4.93018385e-04 6.50148762e-03 1.45057314e-02 2.40858594e-02 3.48101180e-02 4.63123241e-02 5.83041299e-02 7.06339155e-02 8.32652102e-02 9.63073801e-02 1.09957004e-01 1.24499398e-01 1.40220198e-01 1.57395744e-01 1.76198326e-01 1.96703954e-01 2.18812178e-01 2.42278827e-01 2.66641746e-01 2.91251167e-01 3.15177717e-01 3.37226898e-01 3.55868679e-01 3.69323139e-01 3.75664539e-01 3.73102063e-01 3.60301307e-01 3.36685612e-01 3.02653026e-01 2.59477136e-01 2.09130414e-01 1.53782565e-01 9.55795674e-02 3.63422821e-02 -2.22286928e-02 -7.84544260e-02 -1.30218861e-01 -1.74844970e-01 -2.08962889e-01 -2.29036793e-01 -2.32093137e-01 -2.16663806e-01 -1.83309406e-01 -1.34435173e-01 -7.35820440e-02 -4.19355856e-03 7.10992608e-02 1.50951835e-01 2.34984946e-01 3.23465468e-01 4.16289231e-01 5.11187225e-01 6.00548622e-01 6.71502888e-01 7.11988662e-01 7.15877491e-01 6.81165030e-01 6.08976459e-01 5.07570445e-01 3.91776078e-01 2.74473093e-01 1.60974393e-01 5.13152460e-02 -5.67943399e-02 -1.66377369e-01 -2.80556499e-01 -3.99622083e-01 -5.22297707e-01 -6.70637626e-01 -8.33985233e-01 -9.11277751e-01 -9.39494520e-01 -9.45701261e-01 -9.39044304e-01 -9.04176145e-01 -8.05420483e-01 -6.65638264e-01 -5.45823208e-01 -4.79518159e-01 -5.71245635e-01 -7.85508821e-01
4.10000000e+00 -9.19492084e-02 -1.01549701e-01 -6.01354582e-02 -5.46334799e-02 -5.09407185e-02 -2.95342541e-02 -4.18124591e-03 1.55678665e-02 2.78220983e-02 3.32563359e-02 3.32297983e-02 2.92801617e-02 2.29376524e-02 1.56109447e-02 8.50626591e-03 2.60136285e-03 -1.39149901e-03 -3.01886280e-03 -2.08575302e-03 1.37694198e-03 7.15972318e-03 1.49236577e-02 2.42758766e-02 3.48088748e-02 4.61751329e-02 5.80989471e-02 7.04334314e-02 8.31390673e-02 9.63141503e-02 1.10137265e-01 1.24870366e-01 1.40772480e-01 1.58092790e-01 1.76978856e-01 1.97486941e-01 2.19504805e-01 2.42784631e-01 2.66870219e-01 2.91123710e-01 3.14633715e-01 3.36224089e-01 3.54385035e-01 3.67355336e-01 3.73232039e-01 3.70252238e-01 3.57119962e-01 3.33305176e-01 2.99253671e-01 2.56276475e-01 2.06359379e-01 1.51659954e-01 9.42867435e-02 3.60134484e-02 -2.15124152e-02 -7.66591349e-02 -1.27358215e-01 -1.70977116e-01 -2.04198435e-01 -2.23545843e-01 -2.26118648e-01 -2.10524605e-01 -1.77385440e-01 -1.29127282e-01 -6.92544878e-02 -1.12953159e-03 7.27224401e-02 1.51056416e-01 2.33592564e-01 3.20698137e-01 4.12391810e-01 5.06493768e-01 5.95393175e-01 6.66096816e-01 7.06359927e-01 7.09902900e-01 6.74729626e-01 6.02161345e-01 5.00764173e-01 3.85584964e-01 2.69499059e-01 1.57666980e-01 4.99279949e-02 -5.61535736e-02 -1.63727469e-01 -2.75975580e-01 -3.93049714e-01 -5.14588001e-01 -6.65222005e-01 -8.29499279e-01 -9.06206996e-01 -9.36915448e-01 -9.42240154e-01 -9.36886180e-01 -9.00386776e-01 -8.03776745e-01 -6.60282666e-01 -5.39702437e-01 -4.84133487e-01 -5.81693367e-01 -7.91888494e-01
4.20000000e+00 -8.37410328e-02 -9.97108982e-02 -6.00710225e-02 -5.34852442e-02 -5.18663148e-02 -3.23559220e-02 -7.40927828e-03 1.26547712e-02 2.54637628e-02 3.15351400e-02 3.21594945e-02 2.88271128e-02 2.30337647e-02 1.61614682e-02 9.39902675e-03 3.71425890e-03 -1.80679258e-04 -1.82351924e-03 -1.00185442e-03 2.27745653e-03 7.83252505e-03 1.53536676e-02 2.44753969e-02 3.48148287e-02 4.60433306e-02 5.78980556e-02 7.02368976e-02 8.30172864e-02 9.63262682e-02 1.10324196e-01 1.25249309e-01 1.41333700e-01 1.58799067e-01 1.77768070e-01 1.98277103e-01 2.20202194e-01 2.43291837e-01 2.67095806e-01 2.90987867e-01 3.14074397e-01 3.35197201e-01 3.52866797e-01 3.65341131e-01 3.70741501e-01 3.67334994e-01 3.53866537e-01 3.29854576e-01 2.95792881e-01 2.53028390e-01 2.03557028e-01 1.49521319e-01 9.29904057e-02 3.56912768e-02 -2.07797473e-02 -7.48349424e-02 -1.24450943e-01 -1.67038906e-01 -1.99336953e-01 -2.17934606e-01 -2.20012280e-01 -2.04259284e-01 -1.71357948e-01 -1.23748114e-01 -6.48867682e-02 1.95295851e-03 7.43549795e-02 1.51170914e-01 2.32214076e-01 3.17943369e-01 4.08490979e-01 5.01758151e-01 5.90138450e-01 6.60531977e-01 7.00525598e-01 7.03700067e-01 6.68078153e-01 5.95180195e-01 4.93868975e-01 3.79380123e-01 2.64555375e-01 1.54398752e-01 4.85638314e-02 -5.55177216e-02 -1.61109362e-01 -2.71421479e-01 -3.86443920e-01 -5.06892025e-01 -6.59846725e-01 -8.24667794e-01 -9.01029396e-01 -9.34139208e-01 -9.38666324e-01 -9.34631815e-01 -8.96445543e-01 -8.01910964e-01 -6.54996475e-01 -5.33962849e-01 -4.89427408e-01 -5.91762608e-01 -7.98061149e-01
4.30000000e+00 -7.56771252e-02 -9.75672209e-02 -6.01520150e-02 -5.23879942e-02 -5.26344670e-02 -3.51140097e-02 -1.06646277e-02 9.69035422e-03 2.30560597e-02 2.97732811e-02 3.10590181e-02 2.83544298e-02 2.31200213e-02 1.67106614e-02 1.02975180e-02 4.83828229e-03 1.04493396e-03 -6.11442899e-04 9.91531009e-05 3.19419369e-03 8.51976485e-03 1.57958596e-02 2.46847220e-02 3.48284383e-02 4.59174813e-02 5.77020579e-02 7.00448899e-02 8.29003471e-02 9.63440606e-02 1.10517923e-01 1.25636130e-01 1.41903532e-01 1.59514045e-01 1.78565281e-01 1.99073672e-01 2.20903571e-01 2.43799752e-01 2.67317945e-01 2.90843250e-01 3.13499533e-01 3.34146144e-01 3.51313969e-01 3.63280622e-01 3.68193147e-01 3.64350786e-01 3.50541865e-01 3.26335125e-01 2.92272449e-01 2.49734967e-01 2.00725472e-01 1.47368476e-01 9.16918840e-02 3.53764955e-02 -2.00305377e-02 -7.29822298e-02 -1.21497843e-01 -1.63031471e-01 -1.94379842e-01 -2.12204840e-01 -2.13776335e-01 -1.97870828e-01 -1.65230457e-01 -1.18301209e-01 -6.04818132e-02 5.05208661e-03 7.59962933e-02 1.51295997e-01 2.30851337e-01 3.15204217e-01 4.04590554e-01 4.96984093e-01 5.84786677e-01 6.54807936e-01 6.94482527e-01 6.97265325e-01 6.61209473e-01 5.88036061e-01 4.86891121e-01 3.73168429e-01 2.59647513e-01 1.51172923e-01 4.72239375e-02 -5.48875379e-02 -1.58525414e-01 -2.66896102e-01 -3.79811021e-01 -4.99233736e-01 -6.54507126e-01 -8.19482419e-01 -8.95762912e-01 -9.31136026e-01 -9.35000343e-01 -9.32250121e-01 -8.92382600e-01 -7.99785412e-01 -6.49812097e-01 -5.28682729e-01 -4.95326415e-01 -6.01417694e-01 -8.04052055e-01
4.40000000e+00 -6.77767134e-02 -9.51210646e-02 -6.03464531e-02 -5.13665172e-02 -5.32481042e-02 -3.77959313e-02 -1.39403241e-02 6.67696858e-03 2.05997591e-02 2.79708907e-02 2.99280983e-02 2.78615501e-02 2.31956387e-02 1.72575901e-02 1.12007208e-02 5.97240947e-03 2.28438963e-03 6.16559920e-04 1.21666293e-03 4.12677777e-03 9.22131023e-03 1.62503314e-02 2.49041549e-02 3.48501656e-02 4.57981539e-02 5.75115617e-02 6.98579890e-02 8.27887323e-02 9.63678561e-02 1.10718574e-01 1.26030729e-01 1.42481641e-01 1.60237185e-01 1.79369794e-01 1.99875873e-01 2.21608156e-01 2.44307679e-01 2.67536067e-01 2.90689460e-01 3.12908874e-01 3.33070814e-01 3.49726544e-01 3.61173903e-01 3.65587213e-01 3.61300106e-01 3.47146835e-01 3.22748198e-01 2.88694215e-01 2.46398309e-01 1.97866806e-01 1.45203208e-01 9.03924777e-02 3.50698243e-02 -1.92646088e-02 -7.11013242e-02 -1.18499649e-01 -1.58955908e-01 -1.89328529e-01 -2.06358407e-01 -2.07413275e-01 -1.91362381e-01 -1.59006576e-01 -1.12790082e-01 -5.60424374e-02 8.16616996e-03 7.76458982e-02 1.51432354e-01 2.29506123e-01 3.12483576e-01 4.00694160e-01 4.92175193e-01 5.79340096e-01 6.48924346e-01 6.88227724e-01 6.90595264e-01 6.54122760e-01 5.80732265e-01 4.79836927e-01 3.66956511e-01 2.54780580e-01 1.47992396e-01 4.59093386e-02 -5.42637555e-02 -1.55977655e-01 -2.62400719e-01 -3.73157961e-01 -4.91637311e-01 -6.49195681e-01 -8.13939283e-01 -8.90422483e-01 -9.27878548e-01 -9.31261085e-01 -9.29710716e-01 -8.88226706e-01 -7.97366101e-01 -6.44762494e-01 -5.23937853e-01 -5.01748045e-01 -6.10634142e-01 -8.09883614e-01
4.50000000e+00 -6.00560086e-02 -9.23808613e-02 -6.06192768e-02 -5.04435491e-02 -5.37128699e-02 -4.03893557e-02 -1.72288081e-02 3.61723078e-03 1.80957016e-02 2.61281186e-02 2.87664660e-02 2.73479054e-02 2.32598242e-02 1.78013093e-02 1.21076041e-02 7.11560386e-03 3.53672349e-03 1.85967070e-03 2.35005843e-03 5.07482592e-03 9.93702473e-03 1.67171793e-02 2.51339996e-02 3.48804749e-02 4.56859211e-02 5.73271790e-02 6.96767797e-02 8.26829285e-02 9.63979846e-02 1.10926271e-01 1.26433000e-01 1.43067691e-01 1.60967947e-01 1.80180908e-01 2.00682926e-01 2.22315165e-01 2.44814912e-01 2.67749596e-01 2.90526086e-01 3.12302162e-01 3.31971087e-01 3.48104499e-01 3.59021068e-01 3.62923954e-01 3.58183486e-01 3.43682390e-01 3.19095229e-01 2.85060064e-01 2.43020534e-01 1.94983108e-01 1.43027261e-01 8.90934540e-02 3.47719750e-02 -1.84817566e-02 -6.91924970e-02 -1.15457031e-01 -1.54813275e-01 -1.84184469e-01 -2.00397278e-01 -2.00925727e-01 -1.84737244e-01 -1.52689999e-01 -1.07218221e-01 -5.15713368e-02 1.12936691e-02 7.93034124e-02 1.51580689e-01 2.28180128e-01 3.09784175e-01 3.96805228e-01 4.87334924e-01 5.73800941e-01 6.42880953e-01 6.81758384e-01 6.83686749e-01 6.46817520e-01 5.73272387e-01 4.72712730e-01 3.60750732e-01 2.49959301e-01 1.44859775e-01 4.46209057e-02 -5.36470851e-02 -1.53467767e-01 -2.57935992e-01 -3.66492417e-01 -4.84126789e-01 -6.43902162e-01 -8.08039227e-01 -8.85019465e-01 -9.24342663e-01 -9.27464785e-01 -9.26984953e-01 -8.84004153e-01 -7.94623922e-01 -6.39880834e-01 -5.19799907e-01 -5.08602815e-01 -6.19398268e-01 -8.15575121e-01
4.60000000e+00 -5.25282195e-02 -8.93606601e-02 -6.09332583e-02 -4.96391378e-02 -5.40370870e-02 -4.28824136e-02 -2.05219365e-02 5.14048907e-04 1.55448088e-02 2.42451353e-02 2.75738545e-02 2.68129226e-02 2.33117767e-02 1.83408638e-02 1.30171256e-02 8.26681652e-03 4.80095873e-03 3.11705922e-03 3.49871324e-03 6.03794820e-03 1.06667677e-02 1.71964977e-02 2.53745607e-02 3.49198332e-02 4.55813593e-02 5.71495261e-02 6.95018509e-02 8.25834244e-02 9.64347769e-02 1.11141140e-01 1.26842837e-01 1.43661338e-01 1.61705780e-01 1.80997918e-01 2.01494047e-01 2.23023810e-01 2.45320746e-01 2.67957948e-01 2.90352705e-01 3.11679119e-01 3.30846825e-01 3.46447803e-01 3.56822209e-01 3.60203640e-01 3.55001499e-01 3.40149535e-01 3.15377714e-01 2.81371926e-01 2.39603773e-01 1.92076437e-01 1.40842343e-01 8.77960473e-02 3.44836518e-02 -1.76817503e-02 -6.72559627e-02 -1.12370597e-01 -1.50604598e-01 -1.78949146e-01 -1.94323533e-01 -1.94316483e-01 -1.77998879e-01 -1.46284497e-01 -1.01589075e-01 -4.70710845e-02 1.44331878e-02 8.09685545e-02 1.51741723e-01 2.26874972e-01 3.07108578e-01 3.92926984e-01 4.82466617e-01 5.68171432e-01 6.36677595e-01 6.75071902e-01 6.76536956e-01 6.39293605e-01 5.65660262e-01 4.65524861e-01 3.54557169e-01 2.45188020e-01 1.41777365e-01 4.33593593e-02 -5.30382125e-02 -1.50997064e-01 -2.53502023e-01 -3.59822903e-01 -4.76725694e-01 -6.38613897e-01 -8.01787908e-01 -8.79561199e-01 -9.20508215e-01 -9.23624202e-01 -9.24046869e-01 -8.79737787e-01 -7.91535691e-01 -6.35200136e-01 -5.16334924e-01 -5.15796339e-01 -6.27706556e-01 -8.21142628e-01
4.70000000e+00 -4.52036243e-02 -8.60795903e-02 -6.12499608e-02 -4.89700651e-02 -5.42316547e-02 -4.52639129e-02 -2.38110006e-02 -2.62934849e-03 1.29480947e-02 2.23221352e-02 2.63500012e-02 2.62560243e-02 2.33506872e-02 1.88752887e-02 1.39282320e-02 9.42498685e-03 6.07610659e-03 4.38788403e-03 4.66199149e-03 7.01574767e-03 1.14103942e-02 1.76883796e-02 2.56261431e-02 3.49687091e-02 4.54850474e-02 5.69792223e-02 6.93337941e-02 8.24907114e-02 9.64785643e-02 1.11363300e-01 1.27260128e-01 1.44262235e-01 1.62450132e-01 1.81820115e-01 2.02308450e-01 2.23733303e-01 2.45824468e-01 2.68160534e-01 2.90168885e-01 3.11039454e-01 3.29697874e-01 3.44756409e-01 3.54577420e-01 3.57426565e-01 3.51754759e-01 3.36549334e-01 3.11597208e-01 2.77631772e-01 2.36150165e-01 1.89148830e-01 1.38650124e-01 8.65014589e-02 3.42055515e-02 -1.68643315e-02 -6.52918785e-02 -1.09240888e-01 -1.46330864e-01 -1.73624072e-01 -1.88139364e-01 -1.87588504e-01 -1.71150899e-01 -1.39793909e-01 -9.59060510e-02 -4.25441271e-02 1.75834731e-02 8.26411414e-02 1.51916191e-01 2.25592194e-01 3.04459180e-01 3.89062448e-01 4.77573450e-01 5.62453764e-01 6.30314200e-01 6.68165895e-01 6.69143399e-01 6.31551230e-01 5.57899962e-01 4.58279616e-01 3.48381591e-01 2.40470690e-01 1.38747181e-01 4.21252718e-02 -5.24377949e-02 -1.48566477e-01 -2.49098413e-01 -3.53158854e-01 -4.69456637e-01 -6.33316108e-01 -7.95195769e-01 -8.74050712e-01 -9.16359563e-01 -9.19747912e-01 -9.20874007e-01 -8.75446179e-01 -7.88085071e-01 -6.30752906e-01 -5.13601784e-01 -5.23231537e-01 -6.35564808e-01 -8.26598918e-01
4.80000000e+00 -3.80896966e-02 -8.25612245e-02 -6.15307208e-02 -4.84493462e-02 -5.43098753e-02 -4.75235590e-02 -2.70867583e-02 -5.80938366e-03 1.03066782e-02 2.03593397e-02 2.50946487e-02 2.56766295e-02 2.33757395e-02 1.94036100e-02 1.48398601e-02 1.05890433e-02 7.36116709e-03 5.67129299e-03 5.83924817e-03 8.00782052e-03 1.21677546e-02 1.81929158e-02 2.58890514e-02 3.50275727e-02 4.53975668e-02 5.68168899e-02 6.91732037e-02 8.24052820e-02 9.65296782e-02 1.11592874e-01 1.27684758e-01 1.44870029e-01 1.63200445e-01 1.82646786e-01 2.03125344e-01 2.24442850e-01 2.46325363e-01 2.68356757e-01 2.89974181e-01 3.10382860e-01 3.28524059e-01 3.43030259e-01 3.52286792e-01 3.54593041e-01 3.48443925e-01 3.32882907e-01 3.07755327e-01 2.73841612e-01 2.32661855e-01 1.86202296e-01 1.36452234e-01 8.52108561e-02 3.39383646e-02 -1.60292142e-02 -6.33003437e-02 -1.06068382e-01 -1.41993024e-01 -1.68210792e-01 -1.81847076e-01 -1.80744914e-01 -1.64197070e-01 -1.33222141e-01 -9.01725052e-02 -3.79927815e-02 2.07434133e-02 8.43210863e-02 1.52104842e-01 2.24333256e-01 3.01838205e-01 3.85214425e-01 4.72658432e-01 5.56650090e-01 6.23790791e-01 6.61038224e-01 6.61503953e-01 6.23590987e-01 5.49995788e-01 4.50983230e-01 3.42229446e-01 2.35810877e-01 1.35770953e-01 4.09190723e-02 -5.18464562e-02 -1.46176534e-01 -2.44724334e-01 -3.46510687e-01 -4.62340918e-01 -6.27992325e-01 -7.88277875e-01 -8.68486578e-01 -9.11885996e-01 -9.15839765e-01 -9.17448095e-01 -8.71142961e-01 -7.84263322e-01 -6.26570794e-01 -5.11650822e-01 -5.30810902e-01 -6.42987115e-01 -8.31953554e-01
4.90000000e+00 -3.11912788e-02 -7.88328609e-02 -6.17376266e-02 -4.80858211e-02 -5.42872128e-02 -4.96521735e-02 -3.03394803e-02 -9.02210168e-03 7.62179786e-03 1.83570015e-02 2.38075460e-02 2.50741545e-02 2.33861107e-02 1.99248455e-02 1.57509372e-02 1.17579039e-02 8.65512960e-03 6.96642374e-03 7.02982939e-03 9.01375620e-03 1.29386952e-02 1.87101946e-02 2.61635896e-02 3.50968948e-02 4.53195004e-02 5.66631532e-02 6.90206757e-02 8.23276303e-02 9.65884495e-02 1.11829978e-01 1.28116611e-01 1.45484365e-01 1.63956157e-01 1.83477214e-01 2.03943939e-01 2.25151658e-01 2.46822713e-01 2.68546015e-01 2.89768136e-01 3.09709015e-01 3.27325190e-01 3.41269282e-01 3.49950419e-01 3.51703403e-01 3.45069701e-01 3.29151440e-01 3.03853748e-01 2.70003492e-01 2.29140993e-01 1.83238816e-01 1.34250261e-01 8.39253720e-02 3.36827753e-02 -1.51760843e-02 -6.12813993e-02 -1.02853492e-01 -1.37591996e-01 -1.62710881e-01 -1.75449089e-01 -1.73789008e-01 -1.57141305e-01 -1.26573152e-01 -8.43917399e-02 -3.34192330e-02 2.39120367e-02 8.60083960e-02 1.52308436e-01 2.23099541e-01 2.99247705e-01 3.81385502e-01 4.67724399e-01 5.50762515e-01 6.17107479e-01 6.53687010e-01 6.53616886e-01 6.15413856e-01 5.41952254e-01 4.43641847e-01 3.36105845e-01 2.31211754e-01 1.32850134e-01 3.97410496e-02 -5.12647800e-02 -1.43827354e-01 -2.40378617e-01 -3.39889841e-01 -4.55398116e-01 -6.22624861e-01 -7.81053618e-01 -8.62862940e-01 -9.07081956e-01 -9.11898521e-01 -9.13755538e-01 -8.66836354e-01 -7.80069876e-01 -6.22684243e-01 -5.10522565e-01 -5.38438754e-01 -6.49994671e-01 -8.37213018e-01
5.00000000e+00 -2.45107966e-02 -7.49247480e-02 -6.18344666e-02 -4.78838506e-02 -5.41809867e-02 -5.16419064e-02 -3.35590130e-02 -1.22631441e-02 4.89482747e-03 1.63154090e-02 2.24884504e-02 2.44480137e-02 2.33809721e-02 2.04380049e-02 1.66603821e-02 1.29304775e-02 9.95697363e-03 8.27240428e-03 8.23307269e-03 1.00331375e-02 1.37230571e-02 1.92403022e-02 2.64500606e-02 3.51771466e-02 4.52514319e-02 5.65186381e-02 6.88768071e-02 8.22582506e-02 9.66552082e-02 1.12074730e-01 1.28555563e-01 1.46104884e-01 1.64716702e-01 1.84310683e-01 2.04763442e-01 2.25858935e-01 2.47315796e-01 2.68727699e-01 2.89550280e-01 3.09017579e-01 3.26101058e-01 3.39473396e-01 3.47568396e-01 3.48758008e-01 3.41632839e-01 3.25356176e-01 2.99894206e-01 2.66119497e-01 2.25589730e-01 1.80260341e-01 1.32045750e-01 8.26461062e-02 3.34394627e-02 -1.43045991e-02 -5.92350279e-02 -9.95965665e-02 -1.33128659e-01 -1.57125952e-01 -1.68947937e-01 -1.66724242e-01 -1.49987660e-01 -1.19850954e-01 -7.85669964e-02 -2.88255333e-02 2.70885092e-02 8.77031683e-02 1.52527743e-01 2.21892358e-01 2.96689560e-01 3.77578045e-01 4.62773995e-01 5.44793076e-01 6.10264468e-01 6.46110661e-01 6.45480883e-01 6.07021220e-01 5.33774068e-01 4.36261491e-01 3.30015544e-01 2.26676106e-01 1.29985913e-01 3.85913569e-02 -5.06933014e-02 -1.41518628e-01 -2.36059858e-01 -3.33308784e-01 -4.48645717e-01 -6.17195350e-01 -7.73546297e-01 -8.57169684e-01 -9.01947087e-01 -9.07917685e-01 -9.09787729e-01 -8.62528924e-01 -7.75512706e-01 -6.19122160e-01 -5.10246661e-01 -5.46023424e-01 -6.56614498e-01 -8.42380921e-01
5.10000000e+00 -1.80485060e-02 -7.08692725e-02 -6.17876215e-02 -4.78431292e-02 -5.40100058e-02 -5.34864350e-02 -3.67348568e-02 -1.55277249e-02 2.12729344e-03 1.42348912e-02 2.11371290e-02 2.37976204e-02 2.33594897e-02 2.09420907e-02 1.75671055e-02 1.41056637e-02 1.12656694e-02 9.58835348e-03 9.44830737e-03 1.10655405e-02 1.45206769e-02 1.97833217e-02 2.67487658e-02 3.52687993e-02 4.51939457e-02 5.63839712e-02 6.87421958e-02 8.21976375e-02 9.67302833e-02 1.12327243e-01 1.29001491e-01 1.46731221e-01 1.65481513e-01 1.85146474e-01 2.05583059e-01 2.26563886e-01 2.47803890e-01 2.68901195e-01 2.89320135e-01 3.08308199e-01 3.24851436e-01 3.37642506e-01 3.45140819e-01 3.45757239e-01 3.38134136e-01 3.21498424e-01 2.95878492e-01 2.62191739e-01 2.22010214e-01 1.77268790e-01 1.29840205e-01 8.13741240e-02 3.32091013e-02 -1.34143877e-02 -5.71611543e-02 -9.62978937e-02 -1.28603862e-01 -1.51457649e-01 -1.62346273e-01 -1.59554240e-01 -1.42740328e-01 -1.13059602e-01 -7.27014503e-02 -2.42136005e-02 3.02721308e-02 8.94055884e-02 1.52763544e-01 2.20712939e-01 2.94165478e-01 3.73794194e-01 4.57809670e-01 5.38743738e-01 6.03262054e-01 6.38307886e-01 6.37095072e-01 5.98414871e-01 5.25466121e-01 4.28848042e-01 3.23962941e-01 2.22206333e-01 1.27179215e-01 3.74700168e-02 -5.01324966e-02 -1.39249616e-01 -2.31766522e-01 -3.26780986e-01 -4.42098740e-01 -6.11685311e-01 -7.65782579e-01 -8.51392782e-01 -8.96486091e-01 -9.03885543e-01 -9.05541150e-01 -8.58217551e-01 -7.70608475e-01 -6.15911599e-01 -5.10841008e-01 -5.53479305e-01 -6.62878097e-01 -8.47458269e-01
5.20000000e+00 -1.18027658e-02 -6.67001333e-02 -6.15668779e-02 -4.79586187e-02 -5.37941501e-02 -5.51811429e-02 -3.98562605e-02 -1.88106104e-02 -6.79106375e-04 1.21158241e-02 1.97533608e-02 2.31223879e-02 2.33208252e-02 2.14360987e-02 1.84700110e-02 1.52823541e-02 1.25801786e-02 1.09133816e-02 1.06748548e-02 1.21105352e-02 1.53313862e-02 2.03393332e-02 2.70600051e-02 3.53723233e-02 4.51476259e-02 5.62597796e-02 6.86174392e-02 8.21462849e-02 9.68140020e-02 1.12587629e-01 1.29454266e-01 1.47363012e-01 1.66250018e-01 1.85983865e-01 2.06401997e-01 2.27265718e-01 2.48286267e-01 2.69065882e-01 2.89077205e-01 3.07580502e-01 3.23576080e-01 3.35776508e-01 3.42667787e-01 3.42701505e-01 3.34574440e-01 3.17579551e-01 2.91808456e-01 2.58222363e-01 2.18404590e-01 1.74266044e-01 1.27635083e-01 8.01104579e-02 3.29923618e-02 -1.25050500e-02 -5.50596454e-02 -9.29576988e-02 -1.24018422e-01 -1.45707657e-01 -1.55646863e-01 -1.52282783e-01 -1.35403634e-01 -1.06203184e-01 -6.67982072e-02 -1.95852182e-02 3.34623325e-02 9.11159255e-02 1.53016624e-01 2.19562442e-01 2.91676995e-01 3.70035867e-01 4.52833663e-01 5.32616373e-01 5.96100625e-01 6.30277719e-01 6.28459047e-01 5.89597019e-01 5.17033460e-01 4.21407202e-01 3.17952056e-01 2.17804455e-01 1.24430716e-01 3.63769255e-02 -4.95827711e-02 -1.37019143e-01 -2.27497072e-01 -3.20320861e-01 -4.35769427e-01 -6.06076745e-01 -7.57791870e-01 -8.45514776e-01 -8.90708409e-01 -8.99785402e-01 -9.01017270e-01 -8.53893635e-01 -7.65382466e-01 -6.13077460e-01 -5.12311116e-01 -5.60728725e-01 -6.68820080e-01 -8.52443770e-01
5.30000000e+00 -5.77032722e-03 -6.24515244e-02 -6.11461411e-02 -4.82206085e-02 -5.35539092e-02 -5.67232745e-02 -4.29123321e-02 -2.21061035e-02 -3.52248259e-03 9.95863731e-03 1.83369386e-02 2.24217305e-02 2.32641361e-02 2.19190189e-02 1.93679952e-02 1.64594330e-02 1.38994551e-02 1.22465909e-02 1.19120287e-02 1.31676849e-02 1.61550117e-02 2.09084137e-02 2.73840756e-02 3.54881881e-02 4.51130555e-02 5.61466900e-02 6.85031342e-02 8.21046858e-02 9.69066894e-02 1.12855996e-01 1.29913756e-01 1.47999886e-01 1.67021644e-01 1.86822139e-01 2.07219464e-01 2.27963640e-01 2.48762201e-01 2.69221133e-01 2.88820986e-01 3.06834102e-01 3.22274726e-01 3.33875284e-01 3.40149405e-01 3.39591239e-01 3.30954648e-01 3.13600989e-01 2.87686003e-01 2.54213541e-01 2.14774994e-01 1.71253952e-01 1.25431802e-01 7.88561074e-02 3.27899124e-02 -1.15761569e-02 -5.29303113e-02 -8.95761480e-02 -1.19373126e-01 -1.39877697e-01 -1.48852592e-01 -1.44913812e-01 -1.27982029e-01 -9.92858190e-02 -6.08602980e-02 -1.49420368e-02 3.66586724e-02 9.28345291e-02 1.53287778e-01 2.18441949e-01 2.89225476e-01 3.66304752e-01 4.47847998e-01 5.26412754e-01 5.88780663e-01 6.22019535e-01 6.19572896e-01 5.80570299e-01 5.08481274e-01 4.13944477e-01 3.11986530e-01 2.13472120e-01 1.21740852e-01 3.53118594e-02 -4.90444460e-02 -1.34825602e-01 -2.23250099e-01 -3.13943663e-01 -4.29666958e-01 -6.00352729e-01 -7.49605596e-01 -8.39515386e-01 -8.84627725e-01 -8.95596017e-01 -8.96222249e-01 -8.49543524e-01 -7.59868285e-01 -6.10642209e-01 -5.14649739e-01 -5.67703591e-01 -6.74476833e-01 -8.57334180e-01
5.40000000e+00 5.33680159e-05 -5.81573452e-02 -6.05040309e-02 -4.86149020e-02 -5.33098881e-02 -5.81120571e-02 -4.58921638e-02 -2.54080334e-02 -6.40073310e-03 7.76382165e-03 1.68876716e-02 2.16950643e-02 2.31885771e-02 2.23898356e-02 2.02599493e-02 1.76357780e-02 1.52224455e-02 1.35870761e-02 1.31591356e-02 1.42365468e-02 1.69913748e-02 2.14906365e-02 2.77212721e-02 3.56168614e-02 4.50908165e-02 5.60453279e-02 6.83998762e-02 8.20733314e-02 9.70086682e-02 1.13132451e-01 1.30379827e-01 1.48641472e-01 1.67795818e-01 1.87660575e-01 2.08034670e-01 2.28656860e-01 2.49230963e-01 2.69366318e-01 2.88550960e-01 3.06068595e-01 3.20947092e-01 3.31938707e-01 3.37585779e-01 3.36426907e-01 3.27275708e-01 3.09564230e-01 2.83513092e-01 2.50167469e-01 2.11123555e-01 1.68234320e-01 1.23231733e-01 7.76120402e-02 3.26024189e-02 -1.06272503e-02 -5.07729061e-02 -8.61533501e-02 -1.14668733e-01 -1.33969535e-01 -1.41966461e-01 -1.37451421e-01 -1.20480078e-01 -9.23116442e-02 -5.48906756e-02 -1.02855750e-02 3.98608309e-02 9.45618249e-02 1.53577802e-01 2.17352472e-01 2.86812118e-01 3.62602308e-01 4.42854476e-01 5.20134544e-01 5.81302744e-01 6.13533071e-01 6.10437215e-01 5.71337773e-01 4.99814871e-01 4.06465145e-01 3.06069618e-01 2.09210611e-01 1.19109823e-01 3.42744805e-02 -4.85177425e-02 -1.32666963e-01 -2.19024452e-01 -3.07665355e-01 -4.23797239e-01 -5.94498007e-01 -7.41256430e-01 -8.33372243e-01 -8.78261325e-01 -8.91292203e-01 -8.91166454e-01 -8.45149151e-01 -7.54107343e-01 -6.08625616e-01 -5.17836770e-01 -5.74346755e-01 -6.79885222e-01 -8.62124665e-01
5.50000000e+00 5.67388820e-03 -5.38504602e-02 -5.96243450e-02 -4.91231238e-02 -5.30822938e-02 -5.93487866e-02 -4.87849708e-02 -2.87097529e-02 -9.31152088e-03 5.53193787e-03 1.54053882e-02 2.09418091e-02 2.30933007e-02 2.28475285e-02 2.11447589e-02 1.88102606e-02 1.65480900e-02 1.49339250e-02 1.44154751e-02 1.53166722e-02 1.78402918e-02 2.20860711e-02 2.80718860e-02 3.57588088e-02 4.50814885e-02 5.59563172e-02 6.83082585e-02 8.20527109e-02 9.71202581e-02 1.13417096e-01 1.30852340e-01 1.49287397e-01 1.68571963e-01 1.88498456e-01 2.08846825e-01 2.29344591e-01 2.49691821e-01 2.69500799e-01 2.88266596e-01 3.05283561e-01 3.19592880e-01 3.29966641e-01 3.34977024e-01 3.33209001e-01 3.23538622e-01 3.05470829e-01 2.79291733e-01 2.46086363e-01 2.07452387e-01 1.65208916e-01 1.21036203e-01 7.63791933e-02 3.24305464e-02 -9.65784274e-03 -4.85871291e-02 -8.26893587e-02 -1.09905980e-01 -1.27984979e-01 -1.34991587e-01 -1.29899852e-01 -1.12902460e-01 -8.52848106e-02 -4.88922116e-02 -5.61722122e-03 4.30686062e-02 9.62983104e-02 1.53887497e-01 2.16294947e-01 2.84437949e-01 3.58929769e-01 4.37854666e-01 5.13783280e-01 5.73667537e-01 6.04818441e-01 6.01053133e-01 5.61902933e-01 4.91039656e-01 3.98974235e-01 3.00204179e-01 2.05020854e-01 1.16537607e-01 3.32643434e-02 -4.80027656e-02 -1.30540789e-01 -2.14819383e-01 -3.01502433e-01 -4.18162749e-01 -5.88499533e-01 -7.32777484e-01 -8.27061690e-01 -8.71629333e-01 -8.86845596e-01 -8.85863817e-01 -8.40688865e-01 -7.48148132e-01 -6.07044514e-01 -5.21839428e-01 -5.80613080e-01 -6.85081406e-01 -8.66809170e-01
5.60000000e+00 1.10975188e-02 -4.95620225e-02 -5.84963804e-02 -4.97231427e-02 -5.28904138e-02 -6.04368715e-02 -5.15802415e-02 -3.20041429e-02 -1.22522514e-02 3.26362635e-03 1.38899386e-02 2.01613888e-02 2.29774577e-02 2.32910735e-02 2.20213052e-02 1.99817471e-02 1.78753229e-02 1.62862191e-02 1.56803402e-02 1.64076061e-02 1.87015736e-02 2.26947830e-02 2.84362055e-02 3.59144933e-02 4.50856486e-02 5.58802796e-02 6.82288720e-02 8.20433104e-02 9.72417755e-02 1.13710030e-01 1.31331153e-01 1.49937285e-01 1.69349506e-01 1.89335066e-01 2.09655144e-01 2.30026049e-01 2.50144043e-01 2.69623933e-01 2.87967351e-01 3.04478564e-01 3.18211772e-01 3.27958940e-01 3.32323261e-01 3.29938045e-01 3.19744441e-01 3.01322402e-01 2.75023987e-01 2.41972460e-01 2.03763589e-01 1.62179469e-01 1.18846498e-01 7.51584739e-02 3.22749598e-02 -8.66741765e-03 -4.63726262e-02 -7.91841747e-02 -1.05085582e-01 -1.21925881e-01 -1.27931200e-01 -1.22263491e-01 -1.05253949e-01 -7.82094740e-02 -4.28676936e-02 -9.38237075e-04 4.62819087e-02 9.80445505e-02 1.54217666e-01 2.15270241e-01 2.82103836e-01 3.55288140e-01 4.32849900e-01 5.07360366e-01 5.65875814e-01 5.95876157e-01 5.91422332e-01 5.52269698e-01 4.82161109e-01 3.91476504e-01 2.94392682e-01 2.00903434e-01 1.14023967e-01 3.22809031e-02 -4.74994857e-02 -1.28444267e-01 -2.10634675e-01 -2.95471715e-01 -4.12762461e-01 -5.82346980e-01 -7.24201486e-01 -8.20559652e-01 -8.64753843e-01 -8.82225539e-01 -8.80331057e-01 -8.36138413e-01 -7.42045319e-01 -6.05912585e-01 -5.26612723e-01 -5.86470167e-01 -6.90099768e-01 -8.71380783e-01
5.70000000e+00 1.63309829e-02 -4.53208779e-02 -5.71151069e-02 -5.03895983e-02 -5.27521025e-02 -6.13818312e-02 -5.42678969e-02 -3.52836263e-02 -1.52200494e-02 9.59617891e-04 1.23411985e-02 1.93532334e-02 2.28401985e-02 2.37194428e-02 2.28884654e-02 2.11490992e-02 1.92030735e-02 1.76430340e-02 1.69530178e-02 1.75088877e-02 1.95750258e-02 2.33168332e-02 2.88145147e-02 3.60843746e-02 4.51038708e-02 5.58178338e-02 6.81623039e-02 8.20456131e-02 9.73735332e-02 1.14011349e-01 1.31816122e-01 1.50590758e-01 1.70127869e-01 1.90169693e-01 2.10458844e-01 2.30700450e-01 2.50586899e-01 2.69735073e-01 2.87652668e-01 3.03653149e-01 3.16803434e-01 3.25915450e-01 3.29624618e-01 3.26614596e-01 3.15894272e-01 2.97120625e-01 2.70711961e-01 2.37828012e-01 2.00059244e-01 1.59147664e-01 1.16663860e-01 7.39507609e-02 3.21363246e-02 -7.65542912e-03 -4.41289915e-02 -7.56377500e-02 -1.00208238e-01 -1.15794143e-01 -1.20788647e-01 -1.14546862e-01 -9.75394168e-02 -7.10897880e-02 -3.68198228e-02 3.75023966e-03 4.95007561e-02 9.98011733e-02 1.54569112e-01 2.14279148e-01 2.79810481e-01 3.51678198e-01 4.27841267e-01 5.00867067e-01 5.57928443e-01 5.86707142e-01 5.81547056e-01 5.42442415e-01 4.73184763e-01 3.83976419e-01 2.88637198e-01 1.96858599e-01 1.11568457e-01 3.13235232e-02 -4.70077206e-02 -1.26374235e-01 -2.06470776e-01 -2.89590100e-01 -4.07591846e-01 -5.76033174e-01 -7.15559985e-01 -8.13842526e-01 -8.57657993e-01 -8.77400061e-01 -8.74586806e-01 -8.31472061e-01 -7.35858664e-01 -6.05240160e-01 -5.32100203e-01 -5.91898742e-01 -6.94971998e-01 -8.75832080e-01
5.80000000e+00 2.13811809e-02 -4.11530600e-02 -5.54811899e-02 -5.10945181e-02 -5.26832884e-02 -6.21912457e-02 -5.68384562e-02 -3.85401919e-02 -1.82117369e-02 -1.37925432e-03 1.07590729e-02 1.85167804e-02 2.26806735e-02 2.41316060e-02 2.37451135e-02 2.23111751e-02 2.05302668e-02 1.90034400e-02 1.82327886e-02 1.86200505e-02 2.04604484e-02 2.39522780e-02 2.92070933e-02 3.62689088e-02 4.51367250e-02 5.57695945e-02 6.81091377e-02 8.20600979e-02 9.75158396e-02 1.14321146e-01 1.32307099e-01 1.51247439e-01 1.70906479e-01 1.91001627e-01 2.11257147e-01 2.31367016e-01 2.51019654e-01 2.69833563e-01 2.87321979e-01 3.02806848e-01 3.15367514e-01 3.23836008e-01 3.26881234e-01 3.23239245e-01 3.11989276e-01 2.92867234e-01 2.66357810e-01 2.33655282e-01 1.96341414e-01 1.56115144e-01 1.14489488e-01 7.27569065e-02 3.20153083e-02 -6.62130210e-03 -4.18557695e-02 -7.20499898e-02 -9.52746322e-02 -1.09591717e-01 -1.13567382e-01 -1.06754618e-01 -8.97638118e-02 -6.39298963e-02 -3.07512125e-02 8.44719093e-03 5.27252669e-02 1.01568864e-01 1.54942635e-01 2.13322393e-01 2.77558428e-01 3.48100497e-01 4.22829612e-01 4.94304494e-01 5.49826397e-01 5.77312745e-01 5.71430130e-01 5.32425853e-01 4.64116178e-01 3.76478135e-01 2.82939408e-01 1.92886281e-01 1.09170435e-01 3.03914856e-02 -4.65271162e-02 -1.24327235e-01 -2.02328919e-01 -2.83874298e-01 -4.02642950e-01 -5.69554441e-01 -7.06882581e-01 -8.06888069e-01 -8.50365006e-01 -8.72336913e-01 -8.68650666e-01 -8.26663787e-01 -7.29651810e-01 -6.05034053e-01 -5.38234967e-01 -5.96892685e-01 -6.99726344e-01 -8.80155453e-01
5.90000000e+00 2.62549547e-02 -3.70813858e-02 -5.36008665e-02 -5.18080084e-02 -5.26975170e-02 -6.28746552e-02 -5.92832048e-02 -4.17654293e-02 -2.12238105e-02 -3.75204167e-03 9.14350032e-03 1.76514762e-02 2.24980345e-02 2.45265309e-02 2.45901212e-02 2.34668296e-02 2.18558239e-02 2.03665030e-02 1.95189283e-02 1.97406224e-02 2.13576357e-02 2.46011689e-02 2.96142164e-02 3.64685474e-02 4.51847769e-02 5.57361726e-02 6.80699522e-02 8.20872394e-02 9.76689990e-02 1.14639508e-01 1.32803935e-01 1.51906948e-01 1.71684763e-01 1.91830161e-01 2.12049279e-01 2.32024972e-01 2.51441576e-01 2.69918745e-01 2.86974703e-01 3.01939175e-01 3.13903645e-01 3.21720446e-01 3.24093257e-01 3.19812615e-01 3.08030667e-01 2.88564024e-01 2.61963728e-01 2.29456546e-01 1.92612140e-01 1.53083511e-01 1.12324540e-01 7.15777376e-02 3.19125812e-02 -5.56443258e-03 -3.95524568e-02 -6.84207571e-02 -9.02854406e-02 -1.03320606e-01 -1.06270972e-01 -9.88915331e-02 -8.19321564e-02 -5.67339252e-02 -2.46643871e-02 1.31517139e-02 5.59556548e-02 1.03348363e-01 1.55339035e-01 2.12400629e-01 2.75348066e-01 3.44555368e-01 4.17815528e-01 4.87673603e-01 5.41570754e-01 5.67694755e-01 5.61074970e-01 5.22225192e-01 4.54960924e-01 3.68985482e-01 2.77300600e-01 1.88986102e-01 1.06829068e-01 2.94840009e-02 -4.60571281e-02 -1.22299560e-01 -1.98211228e-01 -2.78340534e-01 -3.97904567e-01 -5.62910871e-01 -6.98196239e-01 -7.99676246e-01 -8.42897241e-01 -8.67004616e-01 -8.62542248e-01 -8.21688535e-01 -7.23490967e-01 -6.05297413e-01 -5.44940922e-01 -6.01458709e-01 -7.04387044e-01 -8.84343396e-01
6.00000000e+00 3.09588812e-02 -3.31251569e-02 -5.14856801e-02 -5.24990014e-02 -5.28055422e-02 -6.34434094e-02 -6.15943615e-02 -4.49505747e-02 -2.42524219e-02 -6.15766587e-03 7.49445759e-03 1.67567785e-02 2.22914354e-02 2.49031840e-02 2.54223581e-02 2.46149152e-02 2.31786628e-02 2.17312846e-02 2.08107072e-02 2.08701256e-02 2.22663765e-02 2.52635519e-02 3.00361541e-02 3.66837374e-02 4.52485870e-02 5.57181737e-02 6.80453211e-02 8.21275071e-02 9.78333104e-02 1.14966521e-01 1.33306475e-01 1.52568906e-01 1.72462150e-01 1.92654594e-01 2.12834472e-01 2.32673549e-01 2.51851932e-01 2.69989954e-01 2.86610245e-01 3.01049627e-01 3.12411443e-01 3.19568589e-01 3.21260849e-01 3.16335367e-01 3.04019714e-01 2.84212848e-01 2.57531953e-01 2.25234085e-01 1.88873437e-01 1.50054321e-01 1.10170135e-01 7.04140576e-02 3.18288169e-02 -4.48418776e-03 -3.72185049e-02 -6.47498760e-02 -8.52413350e-02 -9.69828695e-02 -9.89030886e-02 -9.09624986e-02 -7.40495334e-02 -4.95059769e-02 -1.85617812e-02 1.78630161e-02 5.91922222e-02 1.05140457e-01 1.55759105e-01 2.11514438e-01 2.73179631e-01 3.41042919e-01 4.12799358e-01 4.80975188e-01 5.33162704e-01 5.57855415e-01 5.50485593e-01 5.11846019e-01 4.45724551e-01 3.61501950e-01 2.71721675e-01 1.85157390e-01 1.04543340e-01 2.86002201e-02 -4.55970042e-02 -1.20287326e-01 -1.94120807e-01 -2.73004244e-01 -3.93362482e-01 -5.56106464e-01 -6.89524676e-01 -7.92190009e-01 -8.35275289e-01 -8.61373491e-01 -8.56280228e-01 -8.16523455e-01 -7.17443519e-01 -6.06029605e-01 -5.52134258e-01 -6.05615711e-01 -7.08973953e-01 -8.88388758e-01
6.10000000e+00 3.54990965e-02 -2.92999701e-02 -4.91520852e-02 -5.31360361e-02 -5.30149793e-02 -6.39104666e-02 -6.37652405e-02 -4.80865691e-02 -2.72933588e-02 -8.59490362e-03 5.81196546e-03 1.58321575e-02 2.20600330e-02 2.52605315e-02 2.62406925e-02 2.57542828e-02 2.44976993e-02 2.30968428e-02 2.21073910e-02 2.20080770e-02 2.31864538e-02 2.59394678e-02 3.04731706e-02 3.69149204e-02 4.53287104e-02 5.57161977e-02 6.80358121e-02 8.21813649e-02 9.80090677e-02 1.15302264e-01 1.33814564e-01 1.53232932e-01 1.73238070e-01 1.93474231e-01 2.13611962e-01 2.33311979e-01 2.52249989e-01 2.70046520e-01 2.86228001e-01 3.00137685e-01 3.10890509e-01 3.17380258e-01 3.18384186e-01 3.12808201e-01 2.99957741e-01 2.79815613e-01 2.53064757e-01 2.20990184e-01 1.85127295e-01 1.47029090e-01 1.08027351e-01 6.92666484e-02 3.17646939e-02 -3.37990640e-03 -3.48533221e-02 -6.10371361e-02 -8.01429873e-02 -9.05806231e-02 -9.14675078e-02 -8.29725088e-02 -6.61210754e-02 -4.22501220e-02 -1.24457395e-02 2.25804094e-02 6.24353537e-02 1.06945978e-01 1.56203635e-01 2.10664335e-01 2.71053211e-01 3.37563042e-01 4.07781192e-01 4.74209874e-01 5.24603552e-01 5.47797429e-01 5.39666617e-01 5.01294311e-01 4.36412571e-01 3.54030679e-01 2.66203157e-01 1.81399195e-01 1.02312062e-01 2.77392473e-02 -4.51457686e-02 -1.18286545e-01 -1.90061811e-01 -2.67879749e-01 -3.88999794e-01 -5.49149170e-01 -6.80887871e-01 -7.84415989e-01 -8.27517145e-01 -8.55416628e-01 -8.49881460e-01 -8.11149104e-01 -7.11576606e-01 -6.07226121e-01 -5.59725107e-01 -6.09393799e-01 -7.13502350e-01 -8.92284955e-01
6.20000000e+00 3.98811558e-02 -2.56176349e-02 -4.66209340e-02 -5.36880549e-02 -5.33300307e-02 -6.42901463e-02 -6.57904043e-02 -5.11641284e-02 -3.03420303e-02 -1.10623703e-02 4.09609452e-03 1.48770986e-02 2.18029886e-02 2.55975398e-02 2.70439925e-02 2.68837823e-02 2.58118476e-02 2.44622329e-02 2.34082409e-02 2.31539882e-02 2.41176446e-02 2.66289511e-02 3.09255245e-02 3.71625318e-02 4.54256958e-02 5.57308383e-02 6.80419866e-02 8.22492704e-02 9.81965592e-02 1.15646812e-01 1.34328043e-01 1.53898647e-01 1.74011959e-01 1.94288379e-01 2.14380994e-01 2.33939503e-01 2.52635015e-01 2.70087764e-01 2.85827350e-01 2.99202814e-01 3.09340430e-01 3.15155270e-01 3.15463457e-01 3.09231851e-01 2.95846127e-01 2.75374282e-01 2.48564447e-01 2.16727128e-01 1.81375674e-01 1.44009289e-01 1.05897229e-01 6.81362719e-02 3.17208962e-02 -2.25089920e-03 -3.24562771e-02 -5.72822969e-02 -7.49910752e-02 -8.41160417e-02 -8.39681054e-02 -7.49266539e-02 -5.81519537e-02 -3.49703931e-02 -6.31851740e-03 2.73033047e-02 6.56855095e-02 1.08765793e-01 1.56673404e-01 2.09850764e-01 2.68968749e-01 3.34115412e-01 4.02760865e-01 4.67378120e-01 5.15894722e-01 5.37523976e-01 5.28623271e-01 4.90576425e-01 4.27030438e-01 3.46574449e-01 2.60745196e-01 1.77710297e-01 1.00133880e-01 2.69001543e-02 -4.47022086e-02 -1.16293207e-01 -1.86039487e-01 -2.62979942e-01 -3.84797316e-01 -5.42050810e-01 -6.72301685e-01 -7.76345053e-01 -8.19637490e-01 -8.49110751e-01 -8.43360182e-01 -8.05550558e-01 -7.05955702e-01 -6.08878520e-01 -5.67619346e-01 -6.12833048e-01 -7.17982939e-01 -8.96026134e-01
6.30000000e+00 4.41099269e-02 -2.20861961e-02 -4.39168651e-02 -5.41251911e-02 -5.37512941e-02 -6.45978378e-02 -6.76658013e-02 -5.41738258e-02 -3.33934544e-02 -1.35585025e-02 2.34697206e-03 1.38911049e-02 2.15194688e-02 2.59131767e-02 2.78311261e-02 2.80022635e-02 2.71200207e-02 2.58265076e-02 2.47125143e-02 2.43073656e-02 2.50597203e-02 2.73320306e-02 3.13934679e-02 3.74270008e-02 4.55400851e-02 5.57626821e-02 6.80643988e-02 8.23316744e-02 9.83960671e-02 1.16000237e-01 1.34846751e-01 1.54565671e-01 1.74783254e-01 1.95096354e-01 2.15140817e-01 2.34555364e-01 2.53006277e-01 2.70113007e-01 2.85407662e-01 2.98244463e-01 3.07760778e-01 3.12893440e-01 3.12498869e-01 3.05607094e-01 2.91686306e-01 2.70890871e-01 2.44033361e-01 2.12447203e-01 1.77620505e-01 1.40996347e-01 1.03780772e-01 6.70236726e-02 3.16981141e-02 -1.09644934e-03 -3.00267014e-02 -5.34850928e-02 -6.97862868e-02 -7.75913613e-02 -7.64088532e-02 -6.68301097e-02 -5.01473664e-02 -2.76707780e-02 -1.82281661e-04 3.20312055e-02 6.89432186e-02 1.10600805e-01 1.57169182e-01 2.09074098e-01 2.66926047e-01 3.30699495e-01 3.97737965e-01 4.60480214e-01 5.07037764e-01 5.27038711e-01 5.17361389e-01 4.79699079e-01 4.17583525e-01 3.39135674e-01 2.55347578e-01 1.74089226e-01 9.80072807e-02 2.60819955e-02 -4.42648639e-02 -1.14303379e-01 -1.82060188e-01 -2.58315971e-01 -3.80734030e-01 -5.34826881e-01 -6.63777628e-01 -7.67972733e-01 -8.11647111e-01 -8.42436966e-01 -8.36727360e-01 -7.99718393e-01 -7.00643238e-01 -6.10974404e-01 -5.75720508e-01 -6.15982007e-01 -7.22422017e-01 -8.99607289e-01
6.40000000e+00 4.81895199e-02 -1.87100545e-02 -4.10676090e-02 -5.44195275e-02 -5.42756591e-02 -6.48496715e-02 -6.93888867e-02 -5.71061851e-02 -3.64422511e-02 -1.60815403e-02 5.64789601e-04 1.28736994e-02 2.12086466e-02 2.62064119e-02 2.86009624e-02 2.91085765e-02 2.84211314e-02 2.71887180e-02 2.60194650e-02 2.54677106e-02 2.60124460e-02 2.80487283e-02 3.18772463e-02 3.77087495e-02 4.56724131e-02 5.58123083e-02 6.81035953e-02 8.24290205e-02 9.86078672e-02 1.16362604e-01 1.35370526e-01 1.55233625e-01 1.75551398e-01 1.95897479e-01 2.15890691e-01 2.35158812e-01 2.53363046e-01 2.70121559e-01 2.84968295e-01 2.97262067e-01 3.06151115e-01 3.10594579e-01 3.09490649e-01 3.01934745e-01 2.87479764e-01 2.66367445e-01 2.39473864e-01 2.08152686e-01 1.73863688e-01 1.37991651e-01 1.01678950e-01 6.59295790e-02 3.16970453e-02 8.41869712e-05 -2.75638927e-02 -4.96452374e-02 -6.45293267e-02 -7.10088813e-02 -6.87938147e-02 -5.86881262e-02 -4.21125270e-02 -2.03552141e-02 5.96088810e-03 3.67637008e-02 7.22090718e-02 1.12451944e-01 1.57691730e-01 2.08334642e-01 2.64924769e-01 3.27314545e-01 3.92711825e-01 4.53516274e-01 4.98034358e-01 5.16345779e-01 5.05887411e-01 4.68669335e-01 4.08077102e-01 3.31716402e-01 2.50009738e-01 1.70534275e-01 9.59306027e-02 2.52838244e-02 -4.38320215e-02 -1.12313297e-01 -1.78131359e-01 -2.53896955e-01 -3.76787595e-01 -5.27496246e-01 -6.55322767e-01 -7.59299490e-01 -8.03552483e-01 -8.35381348e-01 -8.29990183e-01 -7.93649496e-01 -6.95697288e-01 -6.13497431e-01 -5.83931743e-01 -6.18896017e-01 -7.26821798e-01 -9.03024346e-01
6.50000000e+00 5.21232500e-02 -1.54901764e-02 -3.81032364e-02 -5.45458045e-02 -5.48962995e-02 -6.50621583e-02 -7.09587191e-02 -5.99517852e-02 -3.94826403e-02 -1.86295084e-02 -1.25018869e-03 1.18244284e-02 2.08697032e-02 2.64762181e-02 2.93523718e-02 3.02015727e-02 2.97140927e-02 2.85479136e-02 2.73283436e-02 2.66345197e-02 2.69755811e-02 2.87790597e-02 3.23770979e-02 3.80081922e-02 4.58232063e-02 5.58802874e-02 6.81601144e-02 8.25417442e-02 9.88322287e-02 1.16733975e-01 1.35899201e-01 1.55902134e-01 1.76315837e-01 1.96691083e-01 2.16629880e-01 2.35749101e-01 2.53704590e-01 2.70112726e-01 2.84508592e-01 2.96255043e-01 3.04510988e-01 3.08258503e-01 3.06439040e-01 2.98215662e-01 2.83228043e-01 2.61806118e-01 2.34888345e-01 2.03845849e-01 1.70107087e-01 1.34996546e-01 9.95926988e-02 6.48547063e-02 3.17183956e-02 1.29177969e-03 -2.50671182e-02 -4.57624294e-02 -5.92209212e-02 -6.43709663e-02 -6.11271398e-02 -5.05060172e-02 -3.40526524e-02 -1.30275816e-02 1.21089977e-02 4.15004590e-02 7.54837147e-02 1.14320165e-01 1.58241792e-01 2.07632630e-01 2.62964446e-01 3.23959617e-01 3.87681536e-01 4.46486253e-01 4.88886324e-01 5.05449812e-01 4.94208371e-01 4.57494578e-01 3.98516326e-01 3.24318309e-01 2.44730771e-01 1.67043507e-01 9.39020433e-02 2.45047113e-02 -4.34017144e-02 -1.10319480e-01 -1.74261493e-01 -2.49729705e-01 -3.72934895e-01 -5.20080726e-01 -6.46939773e-01 -7.50330813e-01 -7.95355523e-01 -8.27935349e-01 -8.23151750e-01 -7.87347684e-01 -6.91170377e-01 -6.16427362e-01 -5.92157786e-01 -6.21635372e-01 -7.31180878e-01 -9.06274189e-01
6.60000000e+00 5.59136337e-02 -1.24243822e-02 -3.50553665e-02 -5.44820596e-02 -5.56027619e-02 -6.52518059e-02 -7.23760315e-02 -6.27013743e-02 -4.25084456e-02 -2.12001974e-02 -3.09761684e-03 1.07428645e-02 2.05018287e-02 2.67215718e-02 3.00842270e-02 3.12801052e-02 3.09978187e-02 2.99031437e-02 2.86383980e-02 2.78072847e-02 2.79488786e-02 2.95230331e-02 3.28932535e-02 3.83257355e-02 4.59929828e-02 5.59671810e-02 6.82344853e-02 8.26702726e-02 9.90694134e-02 1.17114406e-01 1.36432610e-01 1.56570820e-01 1.77076024e-01 1.97476501e-01 2.17357659e-01 2.36325493e-01 2.54030180e-01 2.70085810e-01 2.84027888e-01 2.95222796e-01 3.02839936e-01 3.05885024e-01 3.03344311e-01 2.94450745e-01 2.78932739e-01 2.57209049e-01 2.30279212e-01 1.99528953e-01 1.66352536e-01 1.32012339e-01 9.75229227e-02 6.37997578e-02 3.17628799e-02 2.52712412e-03 -2.25356181e-02 -4.18363579e-02 -5.38618241e-02 -5.76800474e-02 -5.34130599e-02 -4.22891480e-02 -2.59729509e-02 -5.69169885e-03 1.82601359e-02 4.62412202e-02 7.87678408e-02 1.16206436e-01 1.58820097e-01 2.06968229e-01 2.61044479e-01 3.20633562e-01 3.82645944e-01 4.39389945e-01 4.79595625e-01 4.94355934e-01 4.82331891e-01 4.46182497e-01 3.88906214e-01 3.16942708e-01 2.39509442e-01 1.63614778e-01 9.19196681e-02 2.37437617e-02 -4.29717265e-02 -1.08318835e-01 -1.70460043e-01 -2.45818503e-01 -3.69152615e-01 -5.12604586e-01 -6.38627119e-01 -7.41077144e-01 -7.87053531e-01 -8.20096026e-01 -8.16210941e-01 -7.80824089e-01 -6.87108406e-01 -6.19740163e-01 -6.00306890e-01 -6.24263404e-01 -7.35494801e-01 -9.09354665e-01
6.70000000e+00 5.95624138e-02 -9.50770108e-03 -3.19563624e-02 -5.42101795e-02 -5.63811511e-02 -6.54347205e-02 -7.36432704e-02 -6.53459915e-02 -4.55131058e-02 -2.37911449e-02 -4.97705688e-03 9.62861039e-03 2.01042245e-02 2.69414543e-02 3.07954038e-02 3.23430299e-02 3.22712250e-02 3.12534570e-02 2.99488737e-02 2.89854929e-02 2.89320856e-02 3.02806497e-02 3.34259358e-02 3.86617769e-02 4.61822516e-02 5.60735413e-02 6.83272280e-02 8.28150241e-02 9.93196761e-02 1.17503948e-01 1.36970583e-01 1.57239310e-01 1.77831417e-01 1.98253079e-01 2.18073311e-01 2.36887253e-01 2.54339090e-01 2.70040103e-01 2.83525504e-01 2.94164713e-01 3.01137489e-01 3.03473963e-01 3.00206752e-01 2.90640936e-01 2.74595497e-01 2.52578443e-01 2.25648893e-01 1.95204243e-01 1.62601828e-01 1.29040296e-01 9.54704967e-02 6.27654278e-02 3.18312228e-02 3.79103991e-03 -1.99686094e-02 -3.78667078e-02 -4.84528225e-02 -5.09386241e-02 -4.56558819e-02 -3.40429240e-02 -1.78786104e-02 1.64868336e-03 2.44124723e-02 5.09857892e-02 8.20621842e-02 1.18111744e-01 1.59427356e-01 2.06341532e-01 2.59164141e-01 3.17335037e-01 3.77603661e-01 4.32226988e-01 4.70164379e-01 4.83069759e-01 4.70266162e-01 4.34741057e-01 3.79251638e-01 3.09590548e-01 2.34344201e-01 1.60245740e-01 8.99814209e-02 2.30001349e-02 -4.25396048e-02 -1.06308768e-01 -1.66737310e-01 -2.42164907e-01 -3.65417812e-01 -5.05093951e-01 -6.30379409e-01 -7.31553642e-01 -7.78639324e-01 -8.11866066e-01 -8.09162513e-01 -7.74097313e-01 -6.83549749e-01 -6.23408143e-01 -6.08292666e-01 -6.26844515e-01 -7.39756716e-01 -9.12264545e-01
6.80000000e+00 6.30706111e-02 -6.73277742e-03 -2.88385328e-02 -5.37163506e-02 -5.72144094e-02 -6.56262031e-02 -7.47646028e-02 -6.78770957e-02 -4.84896932e-02 -2.63996169e-02 -6.88796790e-03 8.48130291e-03 1.96761041e-02 2.71348527e-02 3.14847815e-02 3.33892055e-02 3.35332295e-02 3.25979029e-02 3.12590141e-02 3.01686270e-02 2.99249428e-02 3.10519030e-02 3.39753594e-02 3.90167049e-02 4.63915119e-02 5.61999099e-02 6.84388520e-02 8.29764071e-02 9.95832633e-02 1.17902646e-01 1.37512950e-01 1.57907232e-01 1.78581480e-01 1.99020170e-01 2.18776127e-01 2.37433655e-01 2.54630591e-01 2.69974894e-01 2.83000752e-01 2.93080171e-01 2.99403165e-01 3.01025140e-01 2.97026679e-01 2.86787223e-01 2.70218016e-01 2.47916542e-01 2.20999826e-01 1.90873952e-01 1.58856724e-01 1.26081644e-01 9.34362686e-02 6.17524030e-02 3.19241596e-02 5.08436993e-03 -1.73652899e-02 -3.38531656e-02 -4.29947425e-02 -4.41492654e-02 -3.78599816e-02 -2.57727777e-02 -9.77478661e-03 8.98988647e-03 3.05642537e-02 5.57340282e-02 8.53675126e-02 1.20037078e-01 1.60064259e-01 2.05752565e-01 2.57322582e-01 3.14062509e-01 3.72553068e-01 4.24996873e-01 4.60594860e-01 4.71597391e-01 4.58019933e-01 4.23178476e-01 3.69557304e-01 3.02262425e-01 2.29233202e-01 1.56933861e-01 8.80851329e-02 2.22730640e-02 -4.21026775e-02 -1.04287293e-01 -1.63104297e-01 -2.38767619e-01 -3.61708495e-01 -4.97576157e-01 -6.22187831e-01 -7.21779776e-01 -7.70101547e-01 -8.03253619e-01 -8.01997385e-01 -7.67193324e-01 -6.80524521e-01 -6.27400149e-01 -6.16035786e-01 -6.29442243e-01 -7.43958082e-01 -9.15003471e-01
6.90000000e+00 6.64385984e-02 -4.09031541e-03 -2.57333635e-02 -5.29913969e-02 -5.80826844e-02 -6.58403516e-02 -7.57458859e-02 -7.02866970e-02 -5.14309404e-02 -2.90225907e-02 -8.82969411e-03 7.30061734e-03 1.92166953e-02 2.73007608e-02 3.21512440e-02 3.44174951e-02 3.47827530e-02 3.39355318e-02 3.25680611e-02 3.13561655e-02 3.09271849e-02 3.18367785e-02 3.45417298e-02 3.93908982e-02 4.66212526e-02 5.63468177e-02 6.85698565e-02 8.31548204e-02 9.98604139e-02 1.18310542e-01 1.38059539e-01 1.58574218e-01 1.79325684e-01 1.99777137e-01 2.19465409e-01 2.37963978e-01 2.54903958e-01 2.69889466e-01 2.82452930e-01 2.91968532e-01 2.97636478e-01 2.98538385e-01 2.93804435e-01 2.82890634e-01 2.65802044e-01 2.43225627e-01 2.16334460e-01 1.86540291e-01 1.55118945e-01 1.23137574e-01 9.14210608e-02 6.07613649e-02 3.20424368e-02 6.40797894e-03 -1.47248419e-02 -2.97954262e-02 -3.74884549e-02 -3.73146105e-02 -3.00297977e-02 -1.74841569e-02 -1.66659110e-03 1.63283086e-02 3.67138014e-02 6.04858492e-02 8.86846203e-02 1.21983435e-01 1.60731473e-01 2.05201281e-01 2.55518833e-01 3.10814261e-01 3.67492323e-01 4.17698958e-01 4.50889513e-01 4.59945417e-01 4.45602484e-01 4.11503200e-01 3.59827748e-01 2.94958590e-01 2.24174310e-01 1.53676432e-01 8.62285346e-02 2.15618745e-02 -4.16580817e-02 -1.02253138e-01 -1.59572526e-01 -2.35622402e-01 -3.58004171e-01 -4.90079055e-01 -6.14040711e-01 -7.11778779e-01 -7.61425161e-01 -7.94271950e-01 -7.94703132e-01 -7.60145104e-01 -6.78054039e-01 -6.31681807e-01 -6.23465506e-01 -6.32117395e-01 -7.48089401e-01 -9.17571872e-01
7.00000000e+00 6.96661926e-02 -1.56954615e-03 -2.26707978e-02 -5.20309948e-02 -5.89637763e-02 -6.60896786e-02 -7.65945994e-02 -7.25674907e-02 -5.43292761e-02 -3.16567376e-02 -1.08014520e-02 6.08627256e-03 1.87252422e-02 2.74381805e-02 3.27936802e-02 3.54267659e-02 3.60187198e-02 3.52653954e-02 3.38752554e-02 3.25475829e-02 3.19385401e-02 3.26352538e-02 3.51252437e-02 3.97847251e-02 4.68719517e-02 5.65147839e-02 6.87207289e-02 8.33506519e-02 1.00151358e-01 1.18727669e-01 1.38610176e-01 1.59239901e-01 1.80063507e-01 2.00523352e-01 2.20140467e-01 2.38477506e-01 2.55158468e-01 2.69783094e-01 2.81881328e-01 2.90829144e-01 2.95836937e-01 2.96013534e-01 2.90540389e-01 2.78952248e-01 2.61349379e-01 2.38508014e-01 2.11655250e-01 1.82205450e-01 1.51390175e-01 1.20209244e-01 8.94256727e-02 5.97929921e-02 3.21868129e-02 7.76275219e-03 -1.20464367e-02 -2.56931980e-02 -3.19348810e-02 -3.04373700e-02 -2.21698239e-02 -9.18251111e-03 6.44091984e-03 2.36604286e-02 4.28595070e-02 6.52412066e-02 9.20143209e-02 1.23951805e-01 1.61429637e-01 2.04687566e-01 2.53751806e-01 3.07588393e-01 3.62419371e-01 4.10332479e-01 4.41050959e-01 4.48120901e-01 4.33023607e-01 3.99723874e-01 3.50067321e-01 2.87678963e-01 2.19165127e-01 1.50470581e-01 8.44092669e-02 2.08660037e-02 -4.12027980e-02 -1.00205840e-01 -1.56153834e-01 -2.32722068e-01 -3.54286353e-01 -4.82630297e-01 -6.05924164e-01 -7.01576973e-01 -7.52592087e-01 -7.84938915e-01 -7.87264654e-01 -7.52992052e-01 -6.76150488e-01 -6.36215825e-01 -6.30520980e-01 -6.34926308e-01 -7.52140943e-01 -9.19970876e-01
7.10000000e+00 7.27527610e-02 8.41297150e-04 -1.96785857e-02 -5.08357619e-02 -5.98336545e-02 -6.63847562e-02 -7.73197398e-02 -7.47129894e-02 -5.71768700e-02 -3.42984095e-02 -1.28023170e-02 4.83803643e-03 1.82010071e-02 2.75461225e-02 3.34109852e-02 3.64158907e-02 3.72400582e-02 3.65865477e-02 3.51798370e-02 3.37423496e-02 3.29587303e-02 3.34472981e-02 3.57260879e-02 4.01985431e-02 4.71440756e-02 5.67043156e-02 6.88919451e-02 8.35642788e-02 1.00456317e-01 1.19154057e-01 1.39164687e-01 1.59903918e-01 1.80794436e-01 2.01258196e-01 2.20800624e-01 2.38973531e-01 2.55393396e-01 2.69655048e-01 2.81285225e-01 2.89661346e-01 2.94004045e-01 2.93450435e-01 2.87234942e-01 2.74973183e-01 2.56861865e-01 2.33766048e-01 2.06964651e-01 1.77871596e-01 1.47672062e-01 1.17297774e-01 8.74508832e-02 5.88479618e-02 3.23580589e-02 9.14959379e-03 -9.32923905e-03 -2.15462099e-02 -2.63349982e-02 -2.35203257e-02 -1.42846022e-02 -8.73279431e-04 1.45427566e-02 3.09828098e-02 4.89998290e-02 7.00000897e-02 9.53574402e-02 1.25943173e-01 1.62159363e-01 2.04211231e-01 2.52020301e-01 3.04382832e-01 3.57331955e-01 4.02896561e-01 4.31082002e-01 4.36131376e-01 4.20293573e-01 3.87849315e-01 3.40280185e-01 2.80423147e-01 2.14202999e-01 1.47313280e-01 8.26248940e-02 2.01850183e-02 -4.07336941e-02 -9.81458345e-02 -1.52860136e-01 -2.30056525e-01 -3.50539017e-01 -4.75256620e-01 -5.97822794e-01 -6.91202985e-01 -7.43581981e-01 -7.75276297e-01 -7.79665007e-01 -7.45779158e-01 -6.74816790e-01 -6.40962346e-01 -6.37152316e-01 -6.37919285e-01 -7.56103435e-01 -9.22202215e-01
7.20000000e+00 7.56973365e-02 3.15451041e-03 -1.67817150e-02 -4.94112168e-02 -6.06670313e-02 -6.67338969e-02 -7.79316758e-02 -7.67176499e-02 -5.99656868e-02 -3.69436260e-02 -1.48312084e-02 3.55573194e-03 1.76432730e-02 2.76236077e-02 3.40020605e-02 3.73837479e-02 3.84457014e-02 3.78980451e-02 3.64810453e-02 3.49399324e-02 3.39874711e-02 3.42728717e-02 3.63444395e-02 4.06326985e-02 4.74380789e-02 5.69159070e-02 6.90839684e-02 8.37960664e-02 1.00775504e-01 1.19589729e-01 1.39722895e-01 1.60565911e-01 1.81517964e-01 2.01981061e-01 2.21445210e-01 2.39451352e-01 2.55608022e-01 2.69504593e-01 2.80663889e-01 2.88464464e-01 2.92137302e-01 2.90848945e-01 2.83888528e-01 2.70954608e-01 2.52341392e-01 2.29002105e-01 2.02265120e-01 1.73540870e-01 1.43966212e-01 1.14404254e-01 8.54974529e-02 5.79269521e-02 3.25569591e-02 1.05694250e-02 -6.57241126e-03 -1.73542178e-02 -2.06898454e-02 -1.65663312e-02 -6.37871437e-03 7.43812288e-03 2.26340069e-02 3.82921032e-02 5.51332886e-02 7.47625155e-02 9.87148098e-02 1.27958514e-01 1.62921229e-01 2.03772018e-01 2.50323001e-01 3.01195336e-01 3.52227623e-01 3.95390240e-01 4.20985643e-01 4.23984830e-01 4.07423106e-01 3.75888479e-01 3.30470309e-01 2.73190442e-01 2.09285041e-01 1.44201362e-01 8.08729168e-02 1.95186308e-02 -4.02475770e-02 -9.60745257e-02 -1.49703178e-01 -2.27612897e-01 -3.46748983e-01 -4.67983148e-01 -5.89720439e-01 -6.80686902e-01 -7.34373107e-01 -7.65309024e-01 -7.71886355e-01 -7.38555973e-01 -6.74046666e-01 -6.45879353e-01 -6.43321357e-01 -6.41139246e-01 -7.59968693e-01 -9.24268127e-01
7.30000000e+00 7.84987371e-02 5.38246951e-03 -1.40019399e-02 -4.77676119e-02 -6.14379768e-02 -6.71428815e-02 -7.84419663e-02 -7.85769936e-02 -6.26875502e-02 -3.95880654e-02 -1.68868754e-02 2.23924384e-03 1.70513461e-02 2.76696685e-02 3.45658156e-02 3.83292227e-02 3.96345878e-02 3.91989471e-02 3.77781198e-02 3.61397945e-02 3.50244716e-02 3.51119263e-02 3.69804651e-02 4.10875256e-02 4.77544031e-02 5.71500390e-02 6.92972490e-02 8.40463684e-02 1.01109122e-01 1.20034704e-01 1.40284625e-01 1.61225524e-01 1.82233594e-01 2.02691350e-01 2.22073566e-01 2.39910272e-01 2.55801624e-01 2.69330987e-01 2.80016579e-01 2.87237816e-01 2.90236209e-01 2.88208937e-01 2.80501612e-01 2.66897735e-01 2.47789894e-01 2.24218582e-01 1.97559104e-01 1.69215384e-01 1.40274194e-01 1.11529745e-01 8.35661265e-02 5.70306437e-02 3.27843111e-02 1.20231820e-02 -3.77511817e-03 -1.31170105e-02 -1.50005280e-02 -9.57831089e-03 1.54322595e-03 1.57463171e-02 3.07098466e-02 4.55850502e-02 6.12584654e-02 7.95285213e-02 1.02087259e-01 1.29998783e-01 1.63715778e-01 2.03369597e-01 2.48658485e-01 2.98023503e-01 3.47103747e-01 3.87812476e-01 4.10765080e-01 4.11689693e-01 3.94423345e-01 3.63850440e-01 3.20641464e-01 2.65979870e-01 2.04408150e-01 1.41131524e-01 7.91507875e-02 1.88667141e-02 -3.97412532e-02 -9.39943460e-02 -1.46694265e-01 -2.25375705e-01 -3.42906223e-01 -4.60832746e-01 -5.81600923e-01 -6.70059365e-01 -7.24943289e-01 -7.55064293e-01 -7.63911020e-01 -7.31375404e-01 -6.73824907e-01 -6.50923131e-01 -6.49002175e-01 -6.44620626e-01 -7.63730170e-01 -9.26171266e-01
7.40000000e+00 8.11556861e-02 7.53721288e-03 -1.13574149e-02 -4.59196469e-02 -6.21205607e-02 -6.76147424e-02 -7.88631450e-02 -8.02877145e-02 -6.53342152e-02 -4.22270594e-02 -1.89678804e-02 8.88526024e-04 1.64245585e-02 2.76833502e-02 3.51011682e-02 3.92512073e-02 4.08056616e-02 4.04883169e-02 3.90703003e-02 3.73413959e-02 3.60694347e-02 3.59644044e-02 3.76343204e-02 4.15633462e-02 4.80934769e-02 5.74071785e-02 6.95322235e-02 8.43155259e-02 1.01457363e-01 1.20488993e-01 1.40849700e-01 1.61882407e-01 1.82940837e-01 2.03388476e-01 2.22685046e-01 2.40349603e-01 2.55973483e-01 2.69133483e-01 2.79342546e-01 2.85980709e-01 2.88300265e-01 2.85530299e-01 2.77074693e-01 2.62803821e-01 2.43209347e-01 2.19417898e-01 1.92849046e-01 1.64897221e-01 1.36597541e-01 1.08675276e-01 8.16576356e-02 5.61597221e-02 3.30409267e-02 1.35118144e-02 -9.36531771e-04 -8.83441677e-03 -9.26822358e-03 -2.55925982e-03 9.47658187e-03 2.40459741e-02 3.87655495e-02 5.28584855e-02 6.73739930e-02 8.42981575e-02 1.05475611e-01 1.32064913e-01 1.64543514e-01 2.03003566e-01 2.47025222e-01 2.94864770e-01 3.41957528e-01 3.80162175e-01 4.00423725e-01 3.99254820e-01 3.81305810e-01 3.51744350e-01 3.10797227e-01 2.58790187e-01 1.99569025e-01 1.38100343e-01 7.74559252e-02 1.82293124e-02 -3.92115965e-02 -9.19087915e-02 -1.43843988e-01 -2.23327124e-01 -3.39004075e-01 -4.53825433e-01 -5.73448793e-01 -6.59350665e-01 -7.15270890e-01 -7.44570662e-01 -7.55722574e-01 -7.24292368e-01 -6.74127814e-01 -6.56048775e-01 -6.54181249e-01 -6.48388554e-01 -7.67383401e-01 -9.27914632e-01
7.50000000e+00 8.36669287e-02 9.63006630e-03 -8.86244143e-03 -4.38860696e-02 -6.26895024e-02 -6.81496092e-02 -7.92084715e-02 -8.18477735e-02 -6.78974499e-02 -4.48555918e-02 -2.10725842e-02 -4.96390509e-04 1.57622717e-02 2.76637121e-02 3.56070452e-02 4.01486018e-02 4.19578736e-02 4.17652218e-02 4.03568274e-02 3.85441933e-02 3.71220565e-02 3.68302391e-02 3.83061500e-02 4.20604693e-02 4.84557148e-02 5.76877778e-02 6.97893144e-02 8.46038671e-02 1.01820412e-01 1.20952603e-01 1.41417941e-01 1.62536214e-01 1.83639213e-01 2.04071865e-01 2.23279013e-01 2.40768663e-01 2.56122882e-01 2.68911328e-01 2.78641030e-01 2.84692444e-01 2.86328973e-01 2.82812935e-01 2.73608309e-01 2.58674171e-01 2.38601765e-01 2.14602489e-01 1.88137373e-01 1.60588429e-01 1.32937746e-01 1.05841854e-01 7.97727009e-02 5.53148789e-02 3.33276316e-02 1.50362823e-02 1.94416386e-03 -4.50631183e-03 -3.49418586e-03 4.48775791e-03 1.74167021e-02 3.23318265e-02 4.67964969e-02 6.01093388e-02 7.34785549e-02 8.90714808e-02 1.08880670e-01 1.34157813e-01 1.65404898e-01 2.02673450e-01 2.45421574e-01 2.91716430e-01 3.36786017e-01 3.72438209e-01 3.89965208e-01 3.86689475e-01 3.68082360e-01 3.39579418e-01 3.00940977e-01 2.51619909e-01 1.94764184e-01 1.35104281e-01 7.57857325e-02 1.76066501e-02 -3.86556230e-02 -8.98224371e-02 -1.41161949e-01 -2.21447289e-01 -3.35039360e-01 -4.46977872e-01 -5.65250011e-01 -6.48589847e-01 -7.05335800e-01 -7.33857115e-01 -7.47306948e-01 -7.17362352e-01 -6.74923806e-01 -6.61210744e-01 -6.58857340e-01 -6.52458316e-01 -7.70926330e-01 -9.29501502e-01
7.60000000e+00 8.60313402e-02 1.16713185e-02 -6.52732928e-03 -4.16891780e-02 -6.31208134e-02 -6.87446243e-02 -7.94916572e-02 -8.32564743e-02 -7.03691246e-02 -4.74683016e-02 -2.31991292e-02 -1.91538887e-03 1.50638793e-02 2.76098294e-02 3.60823839e-02 4.10203149e-02 4.30901815e-02 4.30287336e-02 4.16369427e-02 3.97476404e-02 3.81820268e-02 3.77093539e-02 3.89960870e-02 4.25791907e-02 4.88415171e-02 5.79922741e-02 7.00689293e-02 8.49117070e-02 1.02198443e-01 1.21425533e-01 1.41989171e-01 1.63186605e-01 1.84328254e-01 2.04740951e-01 2.23854840e-01 2.41166775e-01 2.56249102e-01 2.68663765e-01 2.77911263e-01 2.83372313e-01 2.84321838e-01 2.80056770e-01 2.70103032e-01 2.54510135e-01 2.33969200e-01 2.09774804e-01 1.83426496e-01 1.56291023e-01 1.29296266e-01 1.03030456e-01 7.79120350e-02 5.44968137e-02 3.36452662e-02 1.65975541e-02 4.86776759e-03 -1.32623689e-04 2.32025035e-03 1.15596106e-02 2.53589299e-02 4.05986819e-02 5.47981866e-02 6.73346369e-02 7.95708798e-02 9.38485473e-02 1.12303223e-01 1.36278358e-01 1.66300346e-01 2.02378702e-01 2.43845800e-01 2.88575629e-01 3.31586128e-01 3.64639440e-01 3.79393385e-01 3.74003304e-01 3.54765154e-01 3.27364876e-01 2.91075904e-01 2.44467338e-01 1.89989981e-01 1.32139697e-01 7.41376124e-02 1.69991353e-02 -3.80705715e-02 -8.77409281e-02 -1.38656489e-01 -2.19714665e-01 -3.31012397e-01 -4.40302974e-01 -5.56992579e-01 -6.37803879e-01 -6.95120374e-01 -7.22952163e-01 -7.38653497e-01 -7.10639919e-01 -6.76174175e-01 -6.66363450e-01 -6.63041071e-01 -6.56835134e-01 -7.74359512e-01 -9.30935398e-01
7.70000000e+00 8.82480249e-02 1.36699545e-02 -4.35837327e-03 -3.93542378e-02 -6.33924140e-02 -6.93939311e-02 -7.97265682e-02 -8.45145191e-02 -7.27413086e-02 -5.00594928e-02 -2.53454240e-02 -3.36825687e-03 1.43288115e-02 2.75207945e-02 3.65261328e-02 4.18652644e-02 4.42015507e-02 4.42779293e-02 4.29098895e-02 4.09511885e-02 3.92490290e-02 3.86016629e-02 3.97042522e-02 4.31197920e-02 4.92512689e-02 5.83210889e-02 7.03714607e-02 8.52393470e-02 1.02591618e-01 1.21907780e-01 1.42563213e-01 1.63833243e-01 1.85007500e-01 2.05395184e-01 2.24411912e-01 2.41543273e-01 2.56351429e-01 2.68390030e-01 2.77152472e-01 2.82019606e-01 2.82278372e-01 2.77261752e-01 2.66559476e-01 2.50313107e-01 2.29313740e-01 2.04937300e-01 1.78718810e-01 1.52006984e-01 1.25674521e-01 1.00242041e-01 7.60763445e-02 5.37062358e-02 3.39946853e-02 1.81966039e-02 7.83505612e-03 4.28666024e-03 8.17366523e-03 1.86531011e-02 3.32986127e-02 4.88414341e-02 6.27662414e-02 7.45315047e-02 8.56497369e-02 9.86294062e-02 1.15744027e-01 1.38427387e-01 1.67230225e-01 2.02118701e-01 2.42296060e-01 2.85439382e-01 3.26354655e-01 3.56764740e-01 3.68712348e-01 3.61206317e-01 3.41366602e-01 3.15109953e-01 2.81205016e-01 2.37330578e-01 1.85242626e-01 1.29202857e-01 7.25089864e-02 1.64073597e-02 -3.74539886e-02 -8.56709445e-02 -1.36334429e-01 -2.18106460e-01 -3.26926916e-01 -4.33809595e-01 -5.48667073e-01 -6.27016894e-01 -6.84610313e-01 -7.11883011e-01 -7.29755991e-01 -7.04177200e-01 -6.77833951e-01 -6.71461872e-01 -6.66754201e-01 -6.61514236e-01 -7.77686182e-01 -9.32220056e-01
7.80000000e+00 9.03164006e-02 1.56334506e-02 -2.35794026e-03 -3.69088327e-02 -6.34847071e-02 -7.00887384e-02 -7.99269135e-02 -8.56240406e-02 -7.50063719e-02 -5.26231491e-02 -2.75091282e-02 -4.85467682e-03 1.35565386e-02 2.73957190e-02 3.69372525e-02 4.26823780e-02 4.52909547e-02 4.55118915e-02 4.41749128e-02 4.21542860e-02 4.03227398e-02 3.95070698e-02 4.04307544e-02 4.36825407e-02 4.96853399e-02 5.86746274e-02 7.06972854e-02 8.55870743e-02 1.03000089e-01 1.22399331e-01 1.43139888e-01 1.64475800e-01 1.85676501e-01 2.06034024e-01 2.24949625e-01 2.41897493e-01 2.56429146e-01 2.68089355e-01 2.76363874e-01 2.80633605e-01 2.80198093e-01 2.74427851e-01 2.62978294e-01 2.46084525e-01 2.24637502e-01 2.00092440e-01 1.74016682e-01 1.47738254e-01 1.22073895e-01 9.74775437e-02 7.42663332e-02 5.29438655e-02 3.43767581e-02 1.98344086e-02 1.08467788e-02 8.75148673e-03 1.40645503e-02 2.57649692e-02 4.12311112e-02 5.70550757e-02 7.06964167e-02 8.16971666e-02 9.17139323e-02 1.03414093e-01 1.19203804e-01 1.40605699e-01 1.68194848e-01 2.01892750e-01 2.40770408e-01 2.82304574e-01 3.21088291e-01 3.48813018e-01 3.57926426e-01 3.48308860e-01 3.27899324e-01 3.02823842e-01 2.71331140e-01 2.30207566e-01 1.80518203e-01 1.26289945e-01 7.08973129e-02 1.58320924e-02 -3.68038167e-02 -8.36201397e-02 -1.34200841e-01 -2.16599077e-01 -3.22789872e-01 -4.27502369e-01 -5.40267067e-01 -6.16249544e-01 -6.73795426e-01 -7.00674814e-01 -7.20613478e-01 -6.98022438e-01 -6.79852876e-01 -6.76462194e-01 -6.70028651e-01 -6.66481227e-01 -7.80912190e-01 -9.33359441e-01
7.90000000e+00 9.22362690e-02 1.75676343e-02 -5.24660347e-04 -3.43821659e-02 -6.33810948e-02 -7.08174623e-02 -8.01059238e-02 -8.65886070e-02 -7.71570917e-02 -5.51529554e-02 -2.96876371e-02 -6.37421464e-03 1.27465760e-02 2.72337355e-02 3.73147166e-02 4.34705939e-02 4.63573756e-02 4.67297086e-02 4.54312599e-02 4.33563794e-02 4.14028295e-02 4.04254684e-02 4.11756892e-02 4.42676893e-02 5.01440837e-02 5.90532780e-02 7.10467637e-02 8.59551618e-02 1.03423999e-01 1.22900171e-01 1.43719018e-01 1.65113952e-01 1.86334817e-01 2.06656944e-01 2.25467386e-01 2.42228780e-01 2.56481540e-01 2.67760968e-01 2.75544680e-01 2.79213594e-01 2.78080530e-01 2.71555064e-01 2.59360178e-01 2.41825873e-01 2.19942635e-01 1.95242688e-01 1.69322459e-01 1.43486736e-01 1.18495739e-01 9.47378833e-02 7.24827039e-02 5.22104354e-02 3.47923679e-02 2.15119451e-02 1.39036523e-02 1.32617305e-02 1.99913050e-02 3.28918950e-02 4.91518092e-02 6.52347088e-02 7.85846080e-02 8.88289470e-02 9.77623040e-02 1.08202625e-01 1.22683237e-01 1.42814045e-01 1.69194469e-01 2.01700079e-01 2.39266802e-01 2.79167973e-01 3.15783643e-01 3.40783245e-01 3.47040201e-01 3.35321585e-01 3.14376100e-01 2.90515679e-01 2.61456940e-01 2.23096097e-01 1.75812688e-01 1.23397072e-01 6.93001060e-02 1.52742686e-02 -3.61184826e-02 -8.15970506e-02 -1.32258833e-01 -2.15168589e-01 -3.18611162e-01 -4.21381657e-01 -5.31789439e-01 -6.05518489e-01 -6.62670278e-01 -6.89350076e-01 -7.11230997e-01 -6.92218601e-01 -6.82176435e-01 -6.81322444e-01 -6.72905283e-01 -6.71712729e-01 -7.84045813e-01 -9.34357756e-01
8.00000000e+00 9.40078681e-02 1.94766090e-02 1.14628800e-03 -3.18043334e-02 -6.30684216e-02 -7.15659420e-02 -8.02760300e-02 -8.74132001e-02 -7.91867608e-02 -5.76423270e-02 -3.18780693e-02 -7.92630832e-03 1.18984889e-02 2.70339996e-02 3.76575134e-02 4.42288615e-02 4.73998048e-02 4.79304759e-02 4.66781806e-02 4.45569130e-02 4.24889619e-02 4.13567423e-02 4.19391393e-02 4.48754751e-02 5.06278371e-02 5.94574121e-02 7.14202393e-02 8.63438676e-02 1.03863477e-01 1.23410276e-01 1.44300427e-01 1.65747383e-01 1.86982022e-01 2.07263427e-01 2.25964613e-01 2.42536486e-01 2.56507897e-01 2.67404092e-01 2.74694096e-01 2.77758852e-01 2.75925222e-01 2.68643416e-01 2.55705866e-01 2.37538678e-01 2.15231311e-01 1.90390507e-01 1.64638454e-01 1.39254293e-01 1.14941370e-01 9.20239609e-02 7.07261612e-02 5.15066921e-02 3.52424120e-02 2.32301870e-02 1.70063553e-02 1.78171880e-02 2.59522342e-02 4.00305020e-02 5.70561233e-02 7.33755563e-02 8.64268570e-02 9.59242706e-02 1.03793718e-01 1.12994992e-01 1.26182964e-01 1.45053128e-01 1.70229286e-01 2.01539841e-01 2.37783103e-01 2.76026236e-01 3.10437257e-01 3.32674480e-01 3.36058504e-01 3.22255422e-01 3.00809818e-01 2.78194510e-01 2.51584923e-01 2.15993845e-01 1.71121965e-01 1.20520288e-01 6.77149538e-02 1.47349710e-02 -3.53969846e-02 -7.96109816e-02 -1.30509386e-01 -2.13791235e-01 -3.14403253e-01 -4.15443627e-01 -5.23234537e-01 -5.94836032e-01 -6.51234660e-01 -6.77928191e-01 -7.01620096e-01 -6.86802135e-01 -6.84746928e-01 -6.86003124e-01 -6.75432475e-01 -6.77177275e-01 -7.87097443e-01 -9.35219495e-01
8.10000000e+00 9.56319089e-02 2.13627417e-02 2.66281073e-03 -2.92055887e-02 -6.25373327e-02 -7.23177281e-02 -8.04485482e-02 -8.81041635e-02 -8.10892965e-02 -6.00844448e-02 -3.40772539e-02 -9.51025567e-03 1.10118980e-02 2.67956921e-02 3.79646463e-02 4.49561420e-02 4.84172436e-02 4.91132952e-02 4.79149277e-02 4.57553292e-02 4.35807943e-02 4.23007645e-02 4.27211737e-02 4.55061196e-02 5.11369197e-02 5.98873829e-02 7.18180387e-02 8.67534350e-02 1.04318644e-01 1.23929618e-01 1.44883938e-01 1.66375781e-01 1.87617698e-01 2.07852974e-01 2.26440736e-01 2.42819969e-01 2.56507505e-01 2.67017947e-01 2.73811323e-01 2.76268661e-01 2.73731723e-01 2.65692962e-01 2.52016135e-01 2.33224505e-01 2.10505728e-01 1.85538350e-01 1.59966950e-01 1.35042750e-01 1.11412071e-01 8.93366639e-02 6.89974141e-02 5.08333970e-02 3.57278008e-02 2.49901014e-02 2.01555231e-02 2.24175716e-02 3.19455455e-02 4.71773615e-02 6.49395124e-02 8.14729720e-02 9.42193577e-02 1.02980663e-01 1.09807064e-01 1.17791157e-01 1.29703568e-01 1.47323592e-01 1.71299427e-01 2.01411112e-01 2.36317074e-01 2.72875920e-01 3.05045633e-01 3.24485893e-01 3.24986426e-01 3.09121546e-01 2.87213431e-01 2.65869270e-01 2.41717454e-01 2.08898395e-01 1.66441845e-01 1.17655596e-01 6.61395367e-02 1.42154061e-02 -3.46389773e-02 -7.76718620e-02 -1.28951217e-01 -2.12443913e-01 -3.10180736e-01 -4.09680456e-01 -5.14606206e-01 -5.84209920e-01 -6.39493913e-01 -6.66425161e-01 -6.91799127e-01 -6.81801872e-01 -6.87504564e-01 -6.90467827e-01 -6.77664539e-01 -6.82836422e-01 -7.90079176e-01 -9.35949498e-01
8.20000000e+00 9.71095932e-02 2.32267100e-02 4.03546319e-03 -2.66156203e-02 -6.17825382e-02 -7.30544363e-02 -8.06333800e-02 -8.86691204e-02 -8.28593478e-02 -6.24722993e-02 -3.62817216e-02 -1.11252016e-02 1.00864851e-02 2.65180214e-02 3.82351354e-02 4.56514095e-02 4.94087033e-02 5.02772762e-02 4.91407575e-02 4.69510690e-02 4.46779777e-02 4.32573974e-02 4.35218477e-02 4.61598282e-02 5.16716332e-02 6.03435255e-02 7.22404707e-02 8.71840916e-02 1.04789607e-01 1.24458164e-01 1.45469375e-01 1.66998845e-01 1.88241439e-01 2.08425095e-01 2.26895194e-01 2.43078594e-01 2.56479654e-01 2.66601749e-01 2.72895557e-01 2.74742304e-01 2.71499600e-01 2.62703789e-01 2.48291809e-01 2.28884966e-01 2.05768103e-01 1.80688662e-01 1.55310198e-01 1.30853886e-01 1.07909097e-01 8.66768676e-02 6.72971778e-02 5.01913275e-02 3.62494574e-02 2.67926456e-02 2.33517421e-02 2.70625041e-02 3.79693479e-02 5.43289970e-02 7.27974877e-02 8.95224503e-02 1.01958461e-01 1.09995749e-01 1.15801252e-01 1.22591044e-01 1.33245578e-01 1.49626021e-01 1.72404956e-01 2.01312889e-01 2.34866384e-01 2.69713488e-01 2.99605253e-01 3.16216797e-01 3.13829316e-01 2.95931343e-01 2.73599899e-01 2.53548758e-01 2.31856769e-01 2.01807267e-01 1.61768088e-01 1.14798961e-01 6.45716447e-02 1.37168719e-02 -3.38448491e-02 -7.57900791e-02 -1.27580704e-01 -2.11104658e-01 -3.05959817e-01 -4.04080654e-01 -5.05911684e-01 -5.73643315e-01 -6.27459044e-01 -6.54853504e-01 -6.81793321e-01 -6.77238139e-01 -6.90388533e-01 -6.94683806e-01 -6.79660022e-01 -6.88646031e-01 -7.93004317e-01 -9.36553021e-01
8.30000000e+00 9.84426154e-02 2.50676044e-02 5.27696298e-03 -2.40628605e-02 -6.08029739e-02 -7.37561598e-02 -8.08387358e-02 -8.91168617e-02 -8.44923978e-02 -6.47987416e-02 -3.84876968e-02 -1.27701247e-02 9.12200009e-03 2.62002266e-02 3.84680189e-02 4.63136513e-02 5.03732065e-02 5.14215360e-02 5.03549298e-02 4.81435722e-02 4.57801566e-02 4.42264928e-02 4.43412022e-02 4.68367899e-02 5.22322613e-02 6.08261565e-02 7.26878259e-02 8.76360498e-02 1.05276463e-01 1.24995874e-01 1.46056564e-01 1.67616278e-01 1.88852851e-01 2.08979313e-01 2.27327439e-01 2.43311735e-01 2.56423631e-01 2.66154711e-01 2.71945992e-01 2.73179069e-01 2.69228439e-01 2.59676020e-01 2.44533756e-01 2.24521707e-01 2.01020668e-01 1.75843873e-01 1.50670407e-01 1.26689442e-01 1.04433672e-01 8.40454375e-02 6.56261762e-02 4.95812780e-02 3.68083165e-02 2.86387634e-02 2.65955442e-02 3.17515128e-02 4.40216501e-02 6.14818891e-02 8.06256223e-02 9.75196354e-02 1.09640681e-01 1.16967256e-01 1.21775210e-01 1.27394539e-01 1.36809458e-01 1.51960935e-01 1.73545862e-01 2.01244092e-01 2.33428609e-01 2.66535324e-01 2.94112597e-01 3.07866669e-01 3.02592790e-01 2.82696374e-01 2.59982147e-01 2.41241614e-01 2.22004992e-01 1.94717938e-01 1.57096412e-01 1.11946328e-01 6.30091935e-02 1.32407202e-02 -3.30157920e-02 -7.39762901e-02 -1.26391849e-01 -2.09753103e-01 -3.01757762e-01 -3.98629482e-01 -4.97161352e-01 -5.63134931e-01 -6.15146677e-01 -6.43222337e-01 -6.71634602e-01 -6.73122096e-01 -6.93338051e-01 -6.98622501e-01 -6.81479933e-01 -6.94557698e-01 -7.95886814e-01 -9.37035816e-01
8.40000000e+00 9.96331479e-02 2.68830770e-02 6.40166709e-03 -2.15738452e-02 -5.96018554e-02 -7.44019299e-02 -8.10708897e-02 -8.94572040e-02 -8.59848599e-02 -6.70565412e-02 -4.06910938e-02 -1.44438242e-02 8.11826765e-03 2.58415797e-02 3.86623542e-02 4.69418691e-02 5.13097870e-02 5.25452005e-02 5.15567086e-02 4.93322776e-02 4.68869693e-02 4.52078918e-02 4.51792636e-02 4.75371763e-02 5.28190688e-02 6.13355728e-02 7.31603767e-02 8.81095059e-02 1.05779297e-01 1.25542705e-01 1.46645331e-01 1.68227793e-01 1.89451553e-01 2.09515167e-01 2.27736933e-01 2.43518769e-01 2.56338730e-01 2.65676046e-01 2.70961820e-01 2.71578250e-01 2.66917845e-01 2.56609813e-01 2.40742888e-01 2.20136415e-01 1.96265670e-01 1.71006395e-01 1.46049751e-01 1.22551114e-01 1.00986993e-01 8.14432313e-02 6.39851443e-02 4.90040607e-02 3.74053236e-02 3.05293812e-02 2.98874012e-02 3.64840254e-02 5.01003603e-02 6.86324808e-02 8.84195606e-02 1.05460329e-01 1.17262695e-01 1.23893009e-01 1.27727876e-01 1.32201484e-01 1.40395604e-01 1.54328783e-01 1.74722058e-01 2.01203557e-01 2.32001232e-01 2.63337739e-01 2.88564173e-01 2.99435177e-01 2.91282724e-01 2.69428339e-01 2.46373005e-01 2.28956297e-01 2.12164147e-01 1.87627872e-01 1.52422520e-01 1.09093634e-01 6.14502389e-02 1.27883113e-02 -3.21538607e-02 -7.22412150e-02 -1.25376306e-01 -2.08370898e-01 -2.97592305e-01 -3.93309473e-01 -4.88368369e-01 -5.52679342e-01 -6.02578806e-01 -6.31537657e-01 -6.61361164e-01 -6.69455313e-01 -6.96293344e-01 -7.02259998e-01 -6.83185956e-01 -7.00520259e-01 -7.98740653e-01 -9.37404215e-01
8.50000000e+00 1.00683812e-01 2.86695314e-02 7.42503052e-03 -1.91726403e-02 -5.81866234e-02 -7.49702153e-02 -8.13339724e-02 -8.97008202e-02 -8.73341636e-02 -6.92384525e-02 -4.28875156e-02 -1.61449057e-02 7.07519510e-03 2.54413891e-02 3.88172197e-02 4.75350796e-02 5.22174908e-02 5.36474043e-02 5.27453626e-02 5.05166232e-02 4.79980479e-02 4.62014244e-02 4.60360438e-02 4.82611419e-02 5.34323012e-02 6.18720522e-02 7.36583765e-02 8.86046402e-02 1.06298182e-01 1.26098607e-01 1.47235504e-01 1.68833110e-01 1.90037173e-01 2.10032209e-01 2.28123150e-01 2.43699082e-01 2.56224240e-01 2.65164962e-01 2.69942230e-01 2.69939149e-01 2.64567447e-01 2.53505365e-01 2.36920165e-01 2.15730812e-01 1.91505367e-01 1.66178616e-01 1.41450359e-01 1.18440556e-01 9.75702296e-02 7.88711015e-02 6.23748297e-02 4.84605063e-02 3.80414336e-02 3.24654043e-02 3.32277201e-02 4.12593644e-02 5.62032859e-02 7.57771842e-02 9.61750279e-02 1.13340500e-01 1.24821349e-01 1.30770931e-01 1.33658202e-01 1.37011670e-01 1.44004343e-01 1.56729938e-01 1.75933377e-01 2.01190038e-01 2.30581649e-01 2.60116985e-01 2.82956533e-01 2.90922210e-01 2.79905260e-01 2.56139034e-01 2.32785168e-01 2.16701068e-01 2.02336178e-01 1.80534544e-01 1.47742110e-01 1.06236827e-01 5.98929888e-02 1.23609623e-02 -3.12620175e-02 -7.05954164e-02 -1.24523459e-01 -2.06942076e-01 -2.93481055e-01 -3.88101019e-01 -4.79548193e-01 -5.42267433e-01 -5.89782381e-01 -6.19802785e-01 -6.51016805e-01 -6.66229603e-01 -6.99196558e-01 -7.05577402e-01 -6.84838686e-01 -7.06481342e-01 -8.01579239e-01 -9.37665207e-01
8.60000000e+00 1.01597636e-01 3.04223430e-02 8.36306312e-03 -1.68803496e-02 -5.65687817e-02 -7.54394469e-02 -8.16298098e-02 -8.98590437e-02 -8.85388294e-02 -7.13372865e-02 -4.50722577e-02 -1.78717679e-02 5.99278060e-03 2.49990033e-02 3.89317160e-02 4.80923154e-02 5.30953765e-02 5.47272915e-02 5.39201651e-02 5.16960468e-02 4.91130185e-02 4.72069097e-02 4.69115391e-02 4.90088233e-02 5.40721847e-02 6.24358523e-02 7.41820591e-02 8.91216168e-02 1.06833181e-01 1.26663525e-01 1.47826915e-01 1.69431960e-01 1.90609354e-01 2.10530002e-01 2.28485575e-01 2.43852069e-01 2.56079457e-01 2.64620669e-01 2.68886415e-01 2.68261076e-01 2.62176897e-01 2.50362914e-01 2.33066590e-01 2.11306657e-01 1.86742020e-01 1.61362902e-01 1.36874318e-01 1.14359377e-01 9.41845276e-02 7.63298971e-02 6.07959948e-02 4.79514645e-02 3.87176098e-02 3.44477129e-02 3.66168368e-02 4.60767436e-02 6.23281341e-02 8.29123859e-02 1.03887840e-01 1.21156288e-01 1.32313661e-01 1.37599045e-01 1.39565144e-01 1.41824838e-01 1.47635920e-01 1.59164693e-01 1.77179568e-01 2.01202209e-01 2.29167167e-01 2.56869268e-01 2.77286305e-01 2.82327896e-01 2.68466800e-01 2.42840317e-01 2.19231141e-01 2.04483970e-01 1.92522962e-01 1.73435462e-01 1.43050900e-01 1.03371879e-01 5.83358128e-02 1.19598899e-02 -3.03441627e-02 -6.90490688e-02 -1.23820562e-01 -2.05453362e-01 -2.89440899e-01 -3.82983011e-01 -4.70718013e-01 -5.31886993e-01 -5.76788736e-01 -6.08018970e-01 -6.40650039e-01 -6.63427120e-01 -7.01992580e-01 -7.08561128e-01 -6.86495947e-01 -7.12388911e-01 -8.04414773e-01 -9.37826508e-01
8.70000000e+00 1.02378005e-01 3.21361018e-02 9.23180103e-03 -1.47147160e-02 -5.47636318e-02 -7.57885543e-02 -8.19578130e-02 -8.99436510e-02 -8.95985288e-02 -7.33459888e-02 -4.72403157e-02 -1.96225886e-02 4.87112199e-03 2.45138142e-02 3.90049679e-02 4.86126258e-02 5.39425159e-02 5.57840156e-02 5.50803949e-02 5.28699860e-02 5.02315012e-02 4.82241558e-02 4.78057310e-02 4.97803391e-02 5.47389250e-02 6.30272107e-02 7.47316390e-02 8.96605834e-02 1.07384344e-01 1.27237400e-01 1.48419395e-01 1.70024077e-01 1.91167752e-01 2.11008127e-01 2.28823705e-01 2.43977128e-01 2.55903677e-01 2.64042375e-01 2.67793566e-01 2.66543357e-01 2.59745875e-01 2.47182740e-01 2.29183217e-01 2.06865739e-01 1.81977896e-01 1.56561588e-01 1.32323667e-01 1.10309147e-01 9.08310096e-02 7.38204661e-02 5.92494189e-02 4.74778046e-02 3.94348223e-02 3.64771579e-02 4.00550116e-02 5.09352634e-02 6.84725133e-02 9.00344548e-02 1.11553910e-01 1.28904012e-01 1.39736821e-01 1.44375467e-01 1.45447665e-01 1.46640674e-01 1.51290503e-01 1.61633256e-01 1.78460294e-01 2.01238652e-01 2.27755008e-01 2.53590755e-01 2.71550212e-01 2.73652628e-01 2.56974001e-01 2.29544065e-01 2.05723195e-01 1.92312813e-01 1.82726329e-01 1.66328191e-01 1.38344637e-01 1.00494808e-01 5.67772480e-02 1.15861478e-02 -2.94051468e-02 -6.76117244e-02 -1.23252924e-01 -2.03894414e-01 -2.85487436e-01 -3.77933519e-01 -4.61896112e-01 -5.21523422e-01 -5.63632884e-01 -5.96186116e-01 -6.30313009e-01 -6.61020709e-01 -7.04629754e-01 -7.11203084e-01 -6.88211228e-01 -7.18192744e-01 -8.07257675e-01 -9.37896617e-01
8.80000000e+00 1.03028596e-01 3.38048683e-02 1.00468079e-02 -1.26898252e-02 -5.27899124e-02 -7.59975025e-02 -8.23149236e-02 -8.99666247e-02 -9.05141266e-02 -7.52577238e-02 -4.93863977e-02 -2.13953123e-02 3.71042627e-03 2.39852617e-02 3.90361262e-02 4.90950782e-02 5.47579949e-02 5.68167410e-02 5.62253365e-02 5.40378787e-02 5.13531101e-02 4.92529599e-02 4.87185848e-02 5.05757891e-02 5.54327075e-02 6.36463441e-02 7.53073106e-02 9.02216715e-02 1.07951710e-01 1.27820168e-01 1.49012780e-01 1.70609210e-01 1.91712033e-01 2.11466176e-01 2.29137046e-01 2.44073669e-01 2.55696196e-01 2.63429289e-01 2.66662881e-01 2.64785328e-01 2.57274088e-01 2.43965168e-01 2.25271141e-01 2.02409881e-01 1.77215260e-01 1.51776976e-01 1.27800402e-01 1.06291389e-01 8.75107771e-02 7.13436574e-02 5.77358999e-02 4.70404156e-02 4.01940456e-02 3.85545567e-02 4.35424237e-02 5.58339080e-02 7.46339353e-02 9.71397484e-02 1.19169260e-01 1.36580175e-01 1.47088190e-01 1.51098412e-01 1.51304731e-01 1.51458804e-01 1.54968171e-01 1.64135747e-01 1.79775123e-01 2.01297867e-01 2.26342314e-01 2.50277593e-01 2.65745101e-01 2.64897088e-01 2.45433773e-01 2.16262130e-01 1.92273323e-01 1.80195161e-01 1.72948075e-01 1.59210377e-01 1.33619125e-01 9.76016967e-02 5.52160021e-02 1.12405593e-02 -2.84507627e-02 -6.62920801e-02 -1.22804159e-01 -2.02257978e-01 -2.81634451e-01 -3.72930466e-01 -4.53101181e-01 -5.11160519e-01 -5.50352704e-01 -5.84303615e-01 -6.20060235e-01 -6.58974502e-01 -7.07060495e-01 -7.13500736e-01 -6.90032286e-01 -7.23845826e-01 -8.10116054e-01 -9.37884855e-01
8.90000000e+00 1.03553320e-01 3.54224323e-02 1.08227198e-02 -1.08159167e-02 -5.06693524e-02 -7.60478110e-02 -8.26956188e-02 -8.99399027e-02 -9.12877050e-02 -7.70659616e-02 -5.15049426e-02 -2.31876373e-02 2.51101973e-03 2.34128381e-02 3.90243697e-02 4.95387587e-02 5.55409140e-02 5.78246427e-02 5.73542808e-02 5.51991639e-02 5.24774538e-02 5.02931083e-02 4.96500500e-02 5.13952549e-02 5.61536961e-02 6.42934484e-02 7.59092484e-02 9.08049963e-02 1.08535305e-01 1.28411760e-01 1.49606908e-01 1.71187115e-01 1.92241880e-01 2.11903756e-01 2.29425118e-01 2.44141106e-01 2.55456318e-01 2.62780622e-01 2.65493560e-01 2.62986346e-01 2.54761278e-01 2.40710569e-01 2.21331509e-01 1.97940931e-01 1.72456375e-01 1.47011334e-01 1.23306464e-01 1.02307585e-01 8.42249122e-02 6.89003228e-02 5.62562560e-02 4.66402059e-02 4.09962573e-02 4.06806891e-02 4.70791662e-02 6.07715422e-02 8.08098174e-02 1.04224621e-01 1.26730029e-01 1.44181468e-01 1.54365305e-01 1.57766184e-01 1.57135307e-01 1.56278797e-01 1.58668914e-01 1.66672189e-01 1.81123531e-01 2.01378261e-01 2.24926146e-01 2.46925919e-01 2.59867967e-01 2.56062269e-01 2.33853267e-01 2.03006303e-01 1.78893193e-01 1.68138319e-01 1.63189980e-01 1.52079766e-01 1.28870235e-01 9.46887101e-02 5.36509506e-02 1.09236482e-02 -2.74877186e-02 -6.50977523e-02 -1.22456471e-01 -2.00539971e-01 -2.77893453e-01 -3.67952301e-01 -4.44351623e-01 -5.00781334e-01 -5.36988049e-01 -5.72371229e-01 -6.09947229e-01 -6.57244735e-01 -7.09241777e-01 -7.15457066e-01 -6.91999943e-01 -7.29305586e-01 -8.12995251e-01 -9.37801374e-01
9.00000000e+00 1.03956245e-01 3.69825670e-02 1.15728450e-02 -9.09930514e-03 -4.84261510e-02 -7.59230456e-02 -8.30919781e-02 -8.98751184e-02 -9.19225665e-02 -7.87645685e-02 -5.35901440e-02 -2.49970051e-02 1.27335852e-03 2.27960933e-02 3.89689074e-02 4.99427738e-02 5.62903895e-02 5.88069077e-02 5.84665255e-02 5.63532816e-02 5.36041355e-02 5.13443769e-02 5.06000599e-02 5.22387992e-02 5.69020336e-02 6.49686978e-02 7.65376065e-02 9.14106566e-02 1.09135146e-01 1.29012106e-01 1.50201620e-01 1.71757557e-01 1.92756986e-01 2.12320490e-01 2.29687450e-01 2.44178863e-01 2.55183345e-01 2.62095588e-01 2.64284811e-01 2.61145784e-01 2.52207220e-01 2.37419361e-01 2.17365511e-01 1.93460764e-01 1.67703494e-01 1.42266890e-01 1.18843750e-01 9.83591777e-02 8.09744798e-02 6.64913189e-02 5.48113272e-02 4.62781035e-02 4.18424355e-02 4.28562927e-02 5.06652418e-02 6.57469085e-02 8.69974868e-02 1.11285433e-01 1.34232479e-01 1.51704776e-01 1.61565875e-01 1.64377183e-01 1.62938359e-01 1.61100157e-01 1.62392629e-01 1.69242508e-01 1.82504894e-01 2.01478152e-01 2.23503491e-01 2.43531878e-01 2.53915979e-01 2.47149487e-01 2.22239868e-01 1.89788269e-01 1.65594110e-01 1.56149319e-01 1.53453821e-01 1.44934224e-01 1.24093926e-01 9.17521182e-02 5.20811313e-02 1.06355668e-02 -2.65235873e-02 -6.40350651e-02 -1.22190988e-01 -1.98739472e-01 -2.74273275e-01 -3.62978633e-01 -4.35664854e-01 -4.90369040e-01 -5.23579818e-01 -5.60390007e-01 -6.00029032e-01 -6.55780773e-01 -7.11135513e-01 -7.17080397e-01 -6.94147117e-01 -7.34534964e-01 -8.15897488e-01 -9.37657140e-01
9.10000000e+00 1.04241533e-01 3.84792687e-02 1.23088288e-02 -7.54241136e-03 -4.60863983e-02 -7.56092660e-02 -8.34938106e-02 -8.97833381e-02 -9.24232134e-02 -8.03478987e-02 -5.56359796e-02 -2.68205902e-02 -1.96029339e-06 2.21346399e-02 3.88689814e-02 5.03062514e-02 5.70055539e-02 5.97627351e-02 5.95613758e-02 5.74996736e-02 5.47327537e-02 5.24065308e-02 5.15685317e-02 5.31064657e-02 5.76778408e-02 6.56722451e-02 7.71925186e-02 9.20387345e-02 1.09751238e-01 1.29621131e-01 1.50796763e-01 1.72320315e-01 1.93257062e-01 2.12716015e-01 2.29923585e-01 2.44186373e-01 2.54876586e-01 2.61373405e-01 2.63035851e-01 2.59263037e-01 2.49611724e-01 2.34092011e-01 2.13374383e-01 1.88971282e-01 1.62958858e-01 1.37545829e-01 1.14414101e-01 9.44475649e-02 7.77605282e-02 6.41175090e-02 5.34019768e-02 4.59550548e-02 4.27335562e-02 4.50820584e-02 5.43005586e-02 7.07586259e-02 9.31941840e-02 1.18318554e-01 1.41673002e-01 1.59147179e-01 1.68687779e-01 1.70929899e-01 1.68712852e-01 1.65922326e-01 1.66139115e-01 1.71846530e-01 1.83918483e-01 2.01595764e-01 2.22071265e-01 2.40091632e-01 2.47886505e-01 2.38160407e-01 2.10601181e-01 1.76619565e-01 1.52386978e-01 1.44234918e-01 1.43741389e-01 1.37771757e-01 1.19286265e-01 8.87883167e-02 5.05057323e-02 1.03760241e-02 -2.55667351e-02 -6.31088579e-02 -1.21988122e-01 -1.96858623e-01 -2.70779776e-01 -3.57990799e-01 -4.27056653e-01 -4.79907805e-01 -5.10169014e-01 -5.48363174e-01 -5.90358705e-01 -6.54526293e-01 -7.12708821e-01 -7.18384106e-01 -6.96498098e-01 -7.39503270e-01 -8.18821617e-01 -9.37463889e-01
9.20000000e+00 1.04413370e-01 3.99069773e-02 1.30403908e-02 -6.14389836e-03 -4.36774531e-02 -7.50954187e-02 -8.38888439e-02 -8.96748008e-02 -9.27953046e-02 -8.18108849e-02 -5.76362476e-02 -2.86552922e-02 -1.31418735e-03 2.14281598e-02 3.87238688e-02 5.06283421e-02 5.76855567e-02 6.06913365e-02 6.06381445e-02 5.86377835e-02 5.58629019e-02 5.34793241e-02 5.25553663e-02 5.39982786e-02 5.84812165e-02 6.64042209e-02 7.78740979e-02 9.26892955e-02 1.10383575e-01 1.30238755e-01 1.51392186e-01 1.72875177e-01 1.93741831e-01 2.13089985e-01 2.30133079e-01 2.44163077e-01 2.54535352e-01 2.60613297e-01 2.61745905e-01 2.57337525e-01 2.46974643e-01 2.30729038e-01 2.09359407e-01 1.84474402e-01 1.58224697e-01 1.32850294e-01 1.10019307e-01 9.05741057e-02 7.45840919e-02 6.17797648e-02 5.20290923e-02 4.56720242e-02 4.36705915e-02 4.73586262e-02 5.79849259e-02 7.58051877e-02 9.93970680e-02 1.25320378e-01 1.49048131e-01 1.66505953e-01 1.75729065e-01 1.77422912e-01 1.74457750e-01 1.70744679e-01 1.69908073e-01 1.74483970e-01 1.85363466e-01 2.01729227e-01 2.20626319e-01 2.36601383e-01 2.41777137e-01 2.29097054e-01 1.98945018e-01 1.63511541e-01 1.39282268e-01 1.32401584e-01 1.34054500e-01 1.30590526e-01 1.14443445e-01 8.57938478e-02 4.89240755e-02 1.01442163e-02 -2.46262271e-02 -6.23223195e-02 -1.21827965e-01 -1.94902461e-01 -2.67415621e-01 -3.52972370e-01 -4.18540559e-01 -4.69383627e-01 -4.96795835e-01 -5.36296974e-01 -5.80985835e-01 -6.53420602e-01 -7.13934176e-01 -7.19386212e-01 -6.99068096e-01 -7.44186817e-01 -8.21762992e-01 -9.37234043e-01
9.30000000e+00 1.04475905e-01 4.12607679e-02 1.37751379e-02 -4.89890600e-03 -4.12272950e-02 -7.43736640e-02 -8.42629702e-02 -8.95586676e-02 -9.30455874e-02 -8.31491275e-02 -5.95846082e-02 -3.04977300e-02 -2.66240921e-03 2.06764097e-02 3.85328848e-02 5.09082209e-02 5.83295654e-02 6.15919374e-02 6.16961529e-02 5.97670575e-02 5.69941695e-02 5.45625006e-02 5.35604483e-02 5.49142424e-02 5.93122371e-02 6.71647340e-02 7.85824364e-02 9.33623889e-02 1.11032140e-01 1.30864899e-01 1.51987742e-01 1.73421942e-01 1.94211032e-01 2.13442067e-01 2.30315498e-01 2.44108427e-01 2.54158961e-01 2.59814491e-01 2.60414215e-01 2.55368695e-01 2.44295869e-01 2.27331013e-01 2.05321910e-01 1.79972064e-01 1.53503220e-01 1.28182378e-01 1.05661108e-01 8.67401197e-02 7.14461928e-02 5.94789683e-02 5.06935866e-02 4.54299932e-02 4.46545068e-02 4.96865801e-02 6.17180509e-02 8.08849609e-02 1.05603222e-01 1.32287325e-01 1.56354543e-01 1.73778575e-01 1.82687949e-01 1.83854891e-01 1.80172013e-01 1.75566525e-01 1.73699102e-01 1.77154433e-01 1.86838898e-01 2.01876573e-01 2.19165441e-01 2.33057385e-01 2.35585717e-01 2.19961825e-01 1.87279381e-01 1.50475323e-01 1.26289979e-01 1.20655495e-01 1.24395005e-01 1.23388866e-01 1.09561802e-01 8.27654214e-02 4.73355949e-02 9.93875990e-03 -2.37117124e-02 -6.16768521e-02 -1.21690687e-01 -1.92878654e-01 -2.64180179e-01 -3.47909553e-01 -4.10127361e-01 -4.58785101e-01 -4.83498821e-01 -5.24201400e-01 -5.71955104e-01 -6.52400055e-01 -7.14789462e-01 -7.20108854e-01 -7.01863052e-01 -7.48569311e-01 -8.24713477e-01 -9.36980598e-01
9.40000000e+00 1.04433191e-01 4.25365112e-02 1.45184578e-02 -3.79937457e-03 -3.87638674e-02 -7.34396263e-02 -8.46005461e-02 -8.94427867e-02 -9.31818047e-02 -8.43589795e-02 -6.14746321e-02 -3.23442387e-02 -4.04553641e-03 1.98792290e-02 3.82953859e-02 5.11450880e-02 5.89367662e-02 6.24637771e-02 6.27347309e-02 6.08869446e-02 5.81261415e-02 5.56557932e-02 5.45836458e-02 5.58543415e-02 6.01709564e-02 6.79538705e-02 7.93176053e-02 9.40580474e-02 1.11696906e-01 1.31499479e-01 1.52583291e-01 1.73960422e-01 1.94664419e-01 2.13771948e-01 2.30470426e-01 2.44021887e-01 2.53746738e-01 2.58976227e-01 2.59040035e-01 2.53356023e-01 2.41575340e-01 2.23898558e-01 2.01263262e-01 1.75466223e-01 1.48796615e-01 1.23544126e-01 1.01341188e-01 8.29468880e-02 6.83478427e-02 5.72160144e-02 4.93963984e-02 4.52299595e-02 4.56862584e-02 5.20664440e-02 6.54995351e-02 8.59961860e-02 1.11809658e-01 1.39215853e-01 1.63589064e-01 1.80962722e-01 1.89562809e-01 1.90224595e-01 1.85854600e-01 1.80387107e-01 1.77511699e-01 1.79857408e-01 1.88343723e-01 2.02035739e-01 2.17685366e-01 2.29455961e-01 2.29310362e-01 2.10757502e-01 1.75612444e-01 1.37521766e-01 1.13419617e-01 1.09002532e-01 1.14764805e-01 1.16165300e-01 1.04637838e-01 7.96999353e-02 4.57398088e-02 9.75763055e-03 -2.28332876e-02 -6.11719721e-02 -1.21556945e-01 -1.90797176e-01 -2.61069507e-01 -3.42791502e-01 -4.01824681e-01 -4.48104091e-01 -4.70314096e-01 -5.12090809e-01 -5.63304959e-01 -6.51399509e-01 -7.15257925e-01 -7.20577667e-01 -7.04879736e-01 -7.52641990e-01 -8.27661571e-01 -9.36716976e-01
9.50000000e+00 1.04289137e-01 4.37309977e-02 1.52734891e-02 -2.83444491e-03 -3.63144318e-02 -7.22925620e-02 -8.48847396e-02 -8.93334802e-02 -9.32125786e-02 -8.54376248e-02 -6.32998545e-02 -3.41908689e-02 -5.46229148e-03 1.90365466e-02 3.80107729e-02 5.13381712e-02 5.95063652e-02 6.33061097e-02 6.37532179e-02 6.19968971e-02 5.92583994e-02 5.67589245e-02 5.56248102e-02 5.68185401e-02 6.10574052e-02 6.87716937e-02 8.00796542e-02 9.47762870e-02 1.12377835e-01 1.32142410e-01 1.53178697e-01 1.74490441e-01 1.95101761e-01 2.14079327e-01 2.30597457e-01 2.43902929e-01 2.53298016e-01 2.58097754e-01 2.57622638e-01 2.51299018e-01 2.38813043e-01 2.20432354e-01 1.97184879e-01 1.70958843e-01 1.44107046e-01 1.18937532e-01 9.70611779e-02 7.91956551e-02 6.52900447e-02 5.49918123e-02 4.81384920e-02 4.50729385e-02 4.67667904e-02 5.44986768e-02 6.93288705e-02 9.11369772e-02 1.18013325e-01 1.46102467e-01 1.70748678e-01 1.88056267e-01 1.96352184e-01 1.96530869e-01 1.91504466e-01 1.85205597e-01 1.81345255e-01 1.82592264e-01 1.89876768e-01 2.02204558e-01 2.16182781e-01 2.25793521e-01 2.22949484e-01 2.01487261e-01 1.63952533e-01 1.24661426e-01 1.00680169e-01 9.74482783e-02 1.05165854e-01 1.08918548e-01 9.96682404e-02 7.65944944e-02 4.41362876e-02 9.59810953e-03 -2.20013441e-02 -6.08052497e-02 -1.21408290e-01 -1.88669914e-01 -2.58076457e-01 -3.37610501e-01 -3.93636689e-01 -4.37336287e-01 -4.57274725e-01 -4.99984355e-01 -5.55066443e-01 -6.50353805e-01 -7.15328050e-01 -7.20821070e-01 -7.08106090e-01 -7.56403515e-01 -8.30592674e-01 -9.36456845e-01
9.60000000e+00 1.04047468e-01 4.48420239e-02 1.60411686e-02 -1.99092116e-03 -3.39049478e-02 -7.09354382e-02 -8.50979165e-02 -8.92353598e-02 -9.31472704e-02 -8.63831489e-02 -6.50538346e-02 -3.60333903e-02 -6.91119697e-03 1.81483893e-02 3.76784947e-02 5.14867271e-02 6.00375892e-02 6.41182051e-02 6.47509631e-02 6.30963714e-02 6.03905210e-02 5.78716067e-02 5.66837766e-02 5.78067817e-02 6.19715907e-02 6.96182440e-02 8.08686114e-02 9.55171075e-02 1.13074878e-01 1.32793604e-01 1.53773829e-01 1.75011835e-01 1.95522844e-01 2.14363923e-01 2.30696200e-01 2.43751037e-01 2.52812136e-01 2.57178330e-01 2.56161317e-01 2.49197224e-01 2.36009012e-01 2.16933133e-01 1.93088215e-01 1.66451903e-01 1.39436648e-01 1.14364535e-01 9.28226559e-02 7.54876294e-02 6.22737952e-02 5.28072881e-02 4.69208573e-02 4.49599627e-02 4.78970310e-02 5.69836690e-02 7.32054358e-02 9.63053246e-02 1.24211117e-01 1.52943723e-01 1.77830528e-01 1.95057282e-01 2.03054768e-01 2.02772644e-01 1.97120565e-01 1.90021104e-01 1.85199057e-01 1.85358247e-01 1.91436744e-01 2.02380768e-01 2.14654331e-01 2.22066583e-01 2.16501817e-01 1.92154674e-01 1.52308101e-01 1.11904519e-01 8.80800791e-02 8.59980186e-02 9.56001716e-02 1.01647547e-01 9.46499001e-02 7.34464280e-02 4.25246156e-02 9.45673947e-03 -2.12263980e-02 -6.05722931e-02 -1.21227548e-01 -1.86510230e-01 -2.55190865e-01 -3.32362043e-01 -3.85563937e-01 -4.26481624e-01 -4.44410219e-01 -4.87906242e-01 -5.47262212e-01 -6.49199201e-01 -7.14993357e-01 -7.20869485e-01 -7.11521828e-01 -7.59859636e-01 -8.33489462e-01 -9.36213915e-01
9.70000000e+00 1.03711691e-01 4.58684393e-02 1.68203477e-02 -1.25378042e-03 -3.15594977e-02 -6.93749200e-02 -8.52220588e-02 -8.91511754e-02 -9.29958203e-02 -8.71945995e-02 -6.67302206e-02 -3.78672982e-02 -8.39056386e-03 1.72148902e-02 3.72980523e-02 5.15900433e-02 6.05296866e-02 6.48993488e-02 6.57273259e-02 6.41848278e-02 6.15220809e-02 5.89935420e-02 5.77603633e-02 5.88189889e-02 6.29134969e-02 7.04935384e-02 8.16844830e-02 9.62804918e-02 1.13787975e-01 1.33452974e-01 1.54368561e-01 1.75524455e-01 1.95927466e-01 2.14625469e-01 2.30766277e-01 2.43565710e-01 2.52288449e-01 2.56217229e-01 2.54655387e-01 2.47050222e-01 2.33163334e-01 2.13401687e-01 1.88974767e-01 1.61947385e-01 1.34787528e-01 1.09827022e-01 8.86271456e-02 7.18239852e-02 5.93000848e-02 5.06633860e-02 4.57445086e-02 4.48920820e-02 4.90778886e-02 5.95217390e-02 7.71284931e-02 1.01499097e-01 1.30399877e-01 1.59736244e-01 1.84831921e-01 2.01964034e-01 2.09669408e-01 2.08948934e-01 2.02701848e-01 1.94832670e-01 1.89072287e-01 1.88154475e-01 1.93022239e-01 2.02562002e-01 2.13096631e-01 2.18271789e-01 2.09966438e-01 1.82763712e-01 1.40687710e-01 9.92608886e-02 7.56272367e-02 7.46567369e-02 8.60698441e-02 9.43514534e-02 8.95799345e-02 7.02533062e-02 4.09043485e-02 9.32929180e-03 -2.05189090e-02 -6.04667765e-02 -1.20999179e-01 -1.84332477e-01 -2.52399846e-01 -3.27044784e-01 -3.77603341e-01 -4.15544552e-01 -4.31746184e-01 -4.75885768e-01 -5.39905784e-01 -6.47874749e-01 -7.14252133e-01 -7.20754490e-01 -7.15099252e-01 -7.63022616e-01 -8.36332379e-01 -9.36001705e-01
9.80000000e+00 1.03285079e-01 4.68101551e-02 1.76079722e-02 -6.06713117e-04 -2.92997704e-02 -6.76212660e-02 -8.52392032e-02 -8.90817035e-02 -9.27685674e-02 -8.78720344e-02 -6.83228183e-02 -3.96878243e-02 -9.89848043e-03 1.62362979e-02 3.68690028e-02 5.16474399e-02 6.09819288e-02 6.56488434e-02 6.66816762e-02 6.52617316e-02 6.26526506e-02 6.01244221e-02 5.88543719e-02 5.98550627e-02 6.38830835e-02 7.13975700e-02 8.25272532e-02 9.70664068e-02 1.14517058e-01 1.34120428e-01 1.54962774e-01 1.76028163e-01 1.96315446e-01 2.14863717e-01 2.30807327e-01 2.43346456e-01 2.51726318e-01 2.55213739e-01 2.53104189e-01 2.44857633e-01 2.30276150e-01 2.09838862e-01 1.84846069e-01 1.57447275e-01 1.30161754e-01 1.05326819e-01 8.44761173e-02 6.82058634e-02 5.63699005e-02 4.85610696e-02 4.46104851e-02 4.48703625e-02 5.03102483e-02 6.21131295e-02 8.10971837e-02 1.06716047e-01 1.36576405e-01 1.66476723e-01 1.91750333e-01 2.08774980e-01 2.16195100e-01 2.15058836e-01 2.08247267e-01 1.99639270e-01 1.92964020e-01 1.90979936e-01 1.94631718e-01 2.02745793e-01 2.11506271e-01 2.14405923e-01 2.03342785e-01 1.73318748e-01 1.29099996e-01 8.67399746e-02 6.33289596e-02 6.34291190e-02 7.65770297e-02 8.70296565e-02 8.44557070e-02 6.70129527e-02 3.92749662e-02 9.21074754e-03 -1.98890903e-02 -6.04805160e-02 -1.20709597e-01 -1.82151496e-01 -2.49688161e-01 -3.21660387e-01 -3.69748291e-01 -4.04534148e-01 -4.19304146e-01 -4.63957146e-01 -5.33001042e-01 -6.46323556e-01 -7.13107123e-01 -7.20507960e-01 -7.18804259e-01 -7.65910483e-01 -8.39100222e-01 -9.35833294e-01
9.90000000e+00 1.02770658e-01 4.76681160e-02 1.83993170e-02 -3.26769783e-05 -2.71446167e-02 -6.56881332e-02 -8.51318914e-02 -8.90256783e-02 -9.24760546e-02 -8.84165554e-02 -6.98256642e-02 -4.14899528e-02 -1.14328019e-02 1.52129858e-02 3.63909642e-02 5.16582724e-02 6.13936106e-02 6.63660089e-02 6.76133951e-02 6.63265530e-02 6.37817989e-02 6.12639290e-02 5.99655868e-02 6.09148823e-02 6.48802859e-02 7.23303083e-02 8.33968837e-02 9.78748027e-02 1.15262046e-01 1.34795877e-01 1.55556354e-01 1.76522836e-01 1.96686613e-01 2.15078436e-01 2.30819003e-01 2.43092800e-01 2.51125116e-01 2.54167166e-01 2.51507089e-01 2.42619124e-01 2.27347656e-01 2.06245562e-01 1.80703694e-01 1.52953562e-01 1.25561360e-01 1.00865697e-01 8.03709872e-02 6.46343736e-02 5.34842270e-02 4.65013224e-02 4.35198505e-02 4.48958842e-02 5.15949674e-02 6.47580045e-02 8.51105260e-02 1.11953812e-01 1.42737471e-01 1.73161933e-01 1.98583406e-01 2.15488767e-01 2.22630981e-01 2.21101527e-01 2.13755775e-01 2.04439817e-01 1.96873225e-01 1.93833483e-01 1.96263521e-01 2.02929576e-01 2.09879827e-01 2.10465936e-01 1.96630678e-01 1.63824550e-01 1.17553650e-01 7.43507849e-02 5.11919867e-02 5.23195544e-02 6.71239597e-02 7.96817859e-02 7.92748486e-02 6.37234554e-02 3.76358221e-02 9.09529302e-03 -1.93467135e-02 -6.06035899e-02 -1.20347443e-01 -1.79982108e-01 -2.47038664e-01 -3.16213258e-01 -3.61988913e-01 -3.93464066e-01 -4.07101544e-01 -4.52159098e-01 -5.26542009e-01 -6.44493910e-01 -7.11565170e-01 -7.20161179e-01 -7.22597511e-01 -7.68546095e-01 -8.41770801e-01 -9.35721061e-01
1.00000000e+01 1.02171207e-01 4.84442380e-02 1.91882637e-02 4.85552165e-04 -2.51096892e-02 -6.35922966e-02 -8.48836191e-02 -8.89797694e-02 -9.21288212e-02 -8.88303269e-02 -7.12331004e-02 -4.32684402e-02 -1.29911410e-02 1.41454625e-02 3.58636206e-02 5.16219330e-02 6.17640520e-02 6.70501833e-02 6.85218748e-02 6.73787676e-02 6.49090915e-02 6.24117346e-02 6.10937758e-02 6.19983047e-02 6.59050153e-02 7.32916983e-02 8.42933134e-02 9.87056135e-02 1.16022848e-01 1.35479229e-01 1.56149191e-01 1.77008365e-01 1.97040816e-01 2.15269413e-01 2.30800973e-01 2.42804278e-01 2.50484232e-01 2.53076833e-01 2.49863487e-01 2.40334402e-01 2.24378109e-01 2.02622746e-01 1.76549247e-01 1.48468229e-01 1.20988340e-01 9.64453667e-02 7.63131190e-02 6.11105947e-02 5.06440488e-02 4.44851475e-02 4.24736938e-02 4.49697395e-02 5.29328723e-02 6.74564453e-02 8.91674130e-02 1.17209927e-01 1.48879814e-01 1.79788737e-01 2.05328956e-01 2.22104224e-01 2.28976330e-01 2.27076258e-01 2.19226332e-01 2.09233163e-01 2.00798767e-01 1.96713835e-01 1.97915861e-01 2.03110683e-01 2.08213872e-01 2.06448961e-01 1.89830335e-01 1.54286278e-01 1.06057382e-01 6.21018686e-02 3.92224724e-02 4.13321390e-02 5.77129387e-02 7.23077177e-02 7.40352777e-02 6.03831735e-02 3.59860906e-02 8.97633146e-03 -1.89009140e-02 -6.08245049e-02 -1.19903803e-01 -1.77838598e-01 -2.44432792e-01 -3.10710187e-01 -3.54312442e-01 -3.82352329e-01 -3.95151878e-01 -4.40534243e-01 -5.20512908e-01 -6.42340245e-01 -7.09636830e-01 -7.19743977e-01 -7.26435708e-01 -7.70956083e-01 -8.44321648e-01 -9.35676419e-01
1.01000000e+01 1.01489267e-01 4.91413166e-02 1.99676126e-02 9.64849052e-04 -2.32071734e-02 -6.13532906e-02 -8.44792735e-02 -8.89386086e-02 -9.17371865e-02 -8.91165763e-02 -7.25398515e-02 -4.50178405e-02 -1.45708603e-02 1.30343819e-02 3.52867270e-02 5.15378537e-02 6.20925986e-02 6.77007231e-02 6.94065190e-02 6.84178568e-02 6.60340917e-02 6.35675009e-02 6.22386890e-02 6.31051644e-02 6.69571575e-02 7.42816607e-02 8.52164582e-02 9.95587567e-02 1.16799360e-01 1.36170392e-01 1.56741180e-01 1.77484654e-01 1.97377917e-01 2.15436454e-01 2.30752922e-01 2.42480445e-01 2.49803066e-01 2.51942084e-01 2.48172814e-01 2.38003229e-01 2.21367823e-01 1.98971433e-01 1.72384369e-01 1.43993255e-01 1.16444643e-01 9.20674768e-02 7.23038234e-02 5.76355766e-02 4.78503516e-02 4.25135680e-02 4.14731296e-02 4.50930301e-02 5.43247540e-02 7.02084476e-02 9.32666100e-02 1.22481820e-01 1.55000157e-01 1.86354095e-01 2.11984970e-01 2.28620357e-01 2.35230561e-01 2.32982358e-01 2.24657901e-01 2.14018097e-01 2.04739408e-01 1.99619569e-01 1.99586820e-01 2.03286350e-01 2.06504985e-01 2.02352337e-01 1.82942390e-01 1.44709470e-01 9.46198958e-02 5.00012930e-02 2.74259852e-02 3.04706784e-02 4.83463419e-02 6.49075795e-02 6.87352206e-02 5.69907406e-02 3.43247122e-02 8.84651131e-03 -1.85600004e-02 -6.11304036e-02 -1.19372362e-01 -1.75734240e-01 -2.41851102e-01 -3.05159915e-01 -3.46703725e-01 -3.71220974e-01 -3.83465026e-01 -4.29128272e-01 -5.14888505e-01 -6.39823912e-01 -7.07335964e-01 -7.19283900e-01 -7.30272949e-01 -7.73169702e-01 -8.46730770e-01 -9.35709550e-01
1.02000000e+01 1.00727160e-01 4.97629086e-02 2.07294142e-02 1.42124234e-03 -2.14456177e-02 -5.89929802e-02 -8.39055469e-02 -8.88948667e-02 -9.13110312e-02 -8.92795761e-02 -7.37411017e-02 -4.67325363e-02 -1.61690658e-02 1.18805539e-02 3.46601157e-02 5.14055087e-02 6.23786235e-02 6.83170042e-02 7.02667431e-02 6.94433080e-02 6.71563597e-02 6.47308797e-02 6.34000594e-02 6.42352725e-02 6.80365734e-02 7.53000913e-02 8.61662104e-02 1.00434134e-01 1.17591470e-01 1.36869273e-01 1.57332224e-01 1.77951624e-01 1.97697794e-01 2.15579383e-01 2.30674549e-01 2.42120867e-01 2.49081035e-01 2.50762287e-01 2.46434539e-01 2.35625412e-01 2.18317174e-01 1.95292695e-01 1.68210728e-01 1.39530609e-01 1.11932176e-01 8.77336153e-02 6.83443596e-02 5.42103420e-02 4.51041244e-02 4.05876254e-02 4.05192983e-02 4.52668647e-02 5.57713646e-02 7.30139174e-02 9.74067540e-02 1.27766825e-01 1.61095211e-01 1.92855068e-01 2.18549603e-01 2.35036345e-01 2.41393218e-01 2.38819225e-01 2.30049459e-01 2.18793355e-01 2.08693806e-01 2.02549123e-01 2.01274352e-01 2.03453721e-01 2.04749762e-01 1.98173630e-01 1.75967902e-01 1.35100034e-01 8.32498544e-02 3.80566238e-02 1.58075104e-02 1.97386923e-02 3.90266123e-02 5.74817548e-02 6.33732301e-02 5.35450643e-02 3.26503406e-02 8.69777193e-03 -1.83312718e-02 -6.15073108e-02 -1.18749493e-01 -1.73680842e-01 -2.39273821e-01 -2.99572633e-01 -3.39145813e-01 -3.60095567e-01 -3.72047681e-01 -4.17988947e-01 -5.09634727e-01 -6.36913764e-01 -7.04679322e-01 -7.18805443e-01 -7.34062117e-01 -7.75217621e-01 -8.48977391e-01 -9.35829151e-01
1.03000000e+01 9.98870111e-02 5.03131949e-02 2.14653109e-02 1.86946635e-03 -1.98298640e-02 -5.65350746e-02 -8.31513161e-02 -8.88393803e-02 -9.08595784e-02 -8.93246065e-02 -7.48325709e-02 -4.84067737e-02 -1.77826028e-02 1.06849552e-02 3.39837018e-02 5.12244168e-02 6.26215279e-02 6.88984219e-02 7.11019742e-02 7.04546147e-02 6.82754530e-02 6.59015130e-02 6.45776017e-02 6.53884170e-02 6.91430977e-02 7.63468609e-02 8.71424387e-02 1.01331630e-01 1.18399052e-01 1.37575781e-01 1.57922228e-01 1.78409209e-01 1.98000339e-01 2.15698042e-01 2.30565570e-01 2.41725132e-01 2.48317573e-01 2.49536834e-01 2.44648168e-01 2.33200813e-01 2.15226600e-01 1.91587661e-01 1.64030023e-01 1.35082246e-01 1.07452796e-01 8.34453076e-02 6.44359361e-02 5.08358872e-02 4.24063612e-02 3.87083797e-02 3.96133665e-02 4.54923552e-02 5.72734130e-02 7.58726685e-02 1.01586352e-01 1.33062184e-01 1.67161686e-01 1.99288831e-01 2.25021181e-01 2.41351529e-01 2.47463971e-01 2.44586325e-01 2.35399995e-01 2.23557617e-01 2.12660518e-01 2.05500790e-01 2.02976277e-01 2.03609848e-01 2.02944828e-01 1.93910653e-01 1.68908372e-01 1.25464233e-01 7.19558498e-02 2.62749081e-02 4.37145546e-03 9.13941864e-03 2.97562551e-02 5.00308864e-02 5.79482023e-02 5.00453224e-02 3.09612896e-02 8.52140798e-03 -1.82208509e-02 -6.19404129e-02 -1.18034278e-01 -1.71688354e-01 -2.36681400e-01 -2.93959446e-01 -3.31620630e-01 -3.49004602e-01 -3.60903920e-01 -4.07164947e-01 -5.04709540e-01 -6.33586517e-01 -7.01686115e-01 -7.18329360e-01 -7.37756251e-01 -7.77130707e-01 -8.51042688e-01 -9.36042195e-01
1.04000000e+01 9.89707812e-02 5.07968289e-02 2.21668754e-02 2.32257300e-03 -1.83610791e-02 -5.40045945e-02 -8.22079765e-02 -8.87613274e-02 -9.03911821e-02 -8.92578973e-02 -7.58105880e-02 -5.00347034e-02 -1.94080540e-02 9.44874023e-03 3.32574904e-02 5.09941449e-02 6.28207425e-02 6.94443917e-02 7.19116509e-02 7.14512766e-02 6.93909256e-02 6.70790321e-02 6.57710124e-02 6.65643615e-02 7.02765390e-02 7.74218145e-02 8.81449870e-02 1.02251113e-01 1.19221968e-01 1.38289824e-01 1.58511102e-01 1.78857359e-01 1.98285460e-01 2.15792294e-01 2.30425715e-01 2.41292844e-01 2.47512130e-01 2.48265142e-01 2.42813250e-01 2.30729351e-01 2.12096605e-01 1.87857515e-01 1.59843975e-01 1.30650106e-01 1.03008310e-01 7.92040155e-02 6.05797113e-02 4.75131847e-02 3.97580625e-02 3.68769075e-02 3.87565269e-02 4.57706139e-02 5.88315612e-02 7.87844184e-02 1.05803783e-01 1.38365055e-01 1.73196298e-01 2.05652672e-01 2.31398200e-01 2.47565411e-01 2.53442613e-01 2.50283191e-01 2.40708514e-01 2.28309513e-01 2.16638005e-01 2.08472715e-01 2.04690284e-01 2.03751697e-01 2.01086850e-01 1.89561488e-01 1.61765747e-01 1.15808662e-01 6.07463703e-02 1.46626612e-02 -6.87833979e-03 -1.32418141e-03 2.05378314e-02 4.25558780e-02 5.24593907e-02 4.64909546e-02 2.92554828e-02 8.30815283e-03 -1.82335372e-02 -6.24143632e-02 -1.17228454e-01 -1.69764523e-01 -2.34055052e-01 -2.88331813e-01 -3.24109702e-01 -3.37978808e-01 -3.50035841e-01 -3.96704601e-01 -5.00064058e-01 -6.29826919e-01 -6.98377590e-01 -7.17872085e-01 -7.41309867e-01 -7.78938835e-01 -8.52910473e-01 -9.36353723e-01
1.05000000e+01 9.79803020e-02 5.12187762e-02 2.28259356e-02 2.79161355e-03 -1.70368853e-02 -5.14273081e-02 -8.10697224e-02 -8.86484486e-02 -8.99131265e-02 -8.90865505e-02 -7.66721609e-02 -5.16104264e-02 -2.10417405e-02 8.17325227e-03 3.24815829e-02 5.07143108e-02 6.29757288e-02 6.99543496e-02 7.26952237e-02 7.24327994e-02 7.05023280e-02 6.82630577e-02 6.69799692e-02 6.77628457e-02 7.14366786e-02 7.85247718e-02 8.91736748e-02 1.03192437e-01 1.20060070e-01 1.39011309e-01 1.59098759e-01 1.79296038e-01 1.98553079e-01 2.15862021e-01 2.30254730e-01 2.40823626e-01 2.46664176e-01 2.46946661e-01 2.40929378e-01 2.28210999e-01 2.08927756e-01 1.84103495e-01 1.55654330e-01 1.26236110e-01 9.86004775e-02 7.50111375e-02 5.67767951e-02 4.42431841e-02 3.71602374e-02 3.50943009e-02 3.79499978e-02 4.61027493e-02 6.04464195e-02 8.17487860e-02 1.10057295e-01 1.43672518e-01 1.79195776e-01 2.11944002e-01 2.37679315e-01 2.53677640e-01 2.59329053e-01 2.55909416e-01 2.45974045e-01 2.33047626e-01 2.20624634e-01 2.11462897e-01 2.06413925e-01 2.03876159e-01 1.99172542e-01 1.85124506e-01 1.54542426e-01 1.06140232e-01 4.96297677e-02 3.22585683e-03 -1.79385907e-02 -1.16494181e-02 1.13739511e-02 3.50578960e-02 4.69064191e-02 4.28816472e-02 2.75304070e-02 8.04827986e-03 -1.83726843e-02 -6.29136070e-02 -1.16336286e-01 -1.67914636e-01 -2.31377250e-01 -2.82700991e-01 -3.16594907e-01 -3.27050394e-01 -3.39444272e-01 -3.86654544e-01 -4.95643849e-01 -6.25627703e-01 -6.94776612e-01 -7.17445265e-01 -7.44680182e-01 -7.80669771e-01 -8.54567818e-01 -9.36766663e-01
1.06000000e+01 9.69173136e-02 5.15841527e-02 2.34348752e-02 3.28539720e-03 -1.58515820e-02 -4.88291507e-02 -7.97337641e-02 -8.84873112e-02 -8.94314425e-02 -8.88184410e-02 -7.74150402e-02 -5.31280440e-02 -2.26797259e-02 6.86003380e-03 3.16561845e-02 5.03845868e-02 6.30859805e-02 7.04277523e-02 7.34521542e-02 7.33986948e-02 7.16092066e-02 6.94531994e-02 6.82041296e-02 6.89835846e-02 7.26232699e-02 7.96555258e-02 9.02282960e-02 1.04155437e-01 1.20913195e-01 1.39740146e-01 1.59685118e-01 1.79725228e-01 1.98803130e-01 2.15907124e-01 2.30052376e-01 2.40317123e-01 2.45773202e-01 2.45580867e-01 2.38996192e-01 2.25645790e-01 2.05720688e-01 1.80326891e-01 1.51462853e-01 1.21842155e-01 9.42310013e-02 7.08680085e-02 5.30282499e-02 4.10268148e-02 3.46139043e-02 3.33616655e-02 3.71950226e-02 4.64898618e-02 6.21185426e-02 8.47652880e-02 1.14345008e-01 1.48981582e-01 1.85156872e-01 2.18160358e-01 2.43863343e-01 2.59688004e-01 2.65123312e-01 2.61464655e-01 2.51195644e-01 2.37770492e-01 2.24618680e-01 2.14469180e-01 2.08144622e-01 2.03980054e-01 1.97198687e-01 1.80598392e-01 1.47241268e-01 9.64661464e-02 3.86142250e-02 -8.03007923e-03 -2.88065518e-02 -2.18338676e-02 2.26726345e-03 2.75383689e-02 4.12892967e-02 3.92173099e-02 2.57830726e-02 7.73172061e-03 -1.86401079e-02 -6.34227152e-02 -1.15364379e-01 -1.66141331e-01 -2.28632178e-01 -2.77077503e-01 -3.09059228e-01 -3.16252264e-01 -3.29129495e-01 -3.77058350e-01 -4.91390406e-01 -6.20989354e-01 -6.90907245e-01 -7.17055430e-01 -7.47828207e-01 -7.82348152e-01 -8.56005577e-01 -9.37281687e-01
1.07000000e+01 9.57835040e-02 5.18980659e-02 2.39869015e-02 3.81033118e-03 -1.47964530e-02 -4.62356426e-02 -7.82004761e-02 -8.82636093e-02 -8.89507458e-02 -8.84620996e-02 -7.80377767e-02 -5.45817123e-02 -2.43178238e-02 5.51083707e-03 3.07816118e-02 5.00047034e-02 6.31510246e-02 7.08640779e-02 7.41819156e-02 7.43484803e-02 7.27111027e-02 7.06490554e-02 6.94431308e-02 7.02262680e-02 7.38360374e-02 8.08138435e-02 9.13086186e-02 1.05139933e-01 1.21781169e-01 1.40476244e-01 1.60270100e-01 1.80144924e-01 1.99035563e-01 2.15927527e-01 2.29818430e-01 2.39773000e-01 2.44838717e-01 2.44167272e-01 2.37013381e-01 2.23033818e-01 2.02476102e-01 1.76529045e-01 1.47271325e-01 1.17470114e-01 8.99015324e-02 6.67758999e-02 4.93350916e-02 3.78649880e-02 3.21200927e-02 3.16801185e-02 3.64928688e-02 4.69330391e-02 6.38484252e-02 8.78333367e-02 1.18664915e-01 1.54289190e-01 1.91076368e-01 2.24299404e-01 2.49949257e-01 2.65596428e-01 2.70825514e-01 2.66948619e-01 2.56372396e-01 2.42476606e-01 2.28618333e-01 2.17489251e-01 2.09879660e-01 2.04060140e-01 1.95162140e-01 1.75982159e-01 1.39865587e-01 8.67938709e-02 2.77077242e-02 -1.91002721e-02 -3.94799979e-02 -3.18753662e-02 -6.77955256e-03 1.99989858e-02 3.56084326e-02 3.54980447e-02 2.40099793e-02 7.34820040e-03 -1.90360263e-02 -6.39267172e-02 -1.14321428e-01 -1.64444494e-01 -2.25806115e-01 -2.71470651e-01 -3.01487481e-01 -3.05617215e-01 -3.19091953e-01 -3.67955177e-01 -4.87242726e-01 -6.15919697e-01 -6.86794361e-01 -7.16703805e-01 -7.50719686e-01 -7.83994615e-01 -8.57218811e-01 -9.37897114e-01
1.08000000e+01 9.45805485e-02 5.21654650e-02 2.44762725e-02 4.37034404e-03 -1.38601460e-02 -4.36713217e-02 -7.64734711e-02 -8.79624950e-02 -8.84741022e-02 -8.80265767e-02 -7.85397703e-02 -5.59657000e-02 -2.59516098e-02 4.12763377e-03 2.98583005e-02 4.95744538e-02 6.31704233e-02 7.12628262e-02 7.48839917e-02 7.52816787e-02 7.38075526e-02 7.18502116e-02 7.06965882e-02 7.14905606e-02 7.50746758e-02 8.19994649e-02 9.24143841e-02 1.06145730e-01 1.22663807e-01 1.41219512e-01 1.60853631e-01 1.80555136e-01 1.99250339e-01 2.15923170e-01 2.29552681e-01 2.39190948e-01 2.43860256e-01 2.42705420e-01 2.34980688e-01 2.20375240e-01 1.99194764e-01 1.72711349e-01 1.43081542e-01 1.13121830e-01 8.56136666e-02 6.27360206e-02 4.56982909e-02 3.47585990e-02 2.96798432e-02 3.00507869e-02 3.58448266e-02 4.74333508e-02 6.56364973e-02 9.09522367e-02 1.23014881e-01 1.59592230e-01 1.96951085e-01 2.30358937e-01 2.55936174e-01 2.71402954e-01 2.76435889e-01 2.72361072e-01 2.61503424e-01 2.47164422e-01 2.32621704e-01 2.20520639e-01 2.11616189e-01 2.04113122e-01 1.93059846e-01 1.71275172e-01 1.32419154e-01 7.71311094e-02 1.69180150e-02 -2.99803974e-02 -4.99572034e-02 -4.17720057e-02 -1.57637995e-02 1.24416933e-02 2.98646464e-02 3.17241144e-02 2.22070872e-02 6.88738401e-03 -1.95590266e-02 -6.44114337e-02 -1.13217908e-01 -1.62821250e-01 -2.22887745e-01 -2.65888091e-01 -2.93866995e-01 -2.95177168e-01 -3.09332928e-01 -3.59378479e-01 -4.83138958e-01 -6.10433333e-01 -6.82463239e-01 -7.16386282e-01 -7.53325840e-01 -7.85625079e-01 -8.58207085e-01 -9.38608857e-01
1.09000000e+01 9.33101470e-02 5.23910049e-02 2.48984779e-02 4.96689137e-03 -1.30291138e-02 -4.11592059e-02 -7.45595968e-02 -8.75689336e-02 -8.80029227e-02 -8.75212894e-02 -7.89213088e-02 -5.72744488e-02 -2.75764369e-02 2.71262403e-03 2.88868133e-02 4.90936977e-02 6.31437750e-02 7.16235191e-02 7.55578774e-02 7.61978174e-02 7.48980861e-02 7.30562410e-02 7.19640949e-02 7.27761019e-02 7.63388487e-02 8.32121029e-02 9.35453070e-02 1.07172613e-01 1.23560907e-01 1.41969860e-01 1.61435639e-01 1.80955891e-01 1.99447433e-01 2.15894015e-01 2.29254933e-01 2.38570679e-01 2.42837372e-01 2.41194891e-01 2.32897909e-01 2.17670272e-01 1.95877512e-01 1.68875240e-01 1.38895309e-01 1.08799119e-01 8.13689437e-02 5.87495174e-02 4.21187747e-02 3.17085300e-02 2.72942075e-02 2.84748050e-02 3.52522069e-02 4.79918431e-02 6.74831203e-02 9.41211830e-02 1.27392651e-01 1.64887540e-01 2.02777887e-01 2.36336886e-01 2.61823356e-01 2.77107744e-01 2.81954758e-01 2.77701836e-01 2.66587894e-01 2.51832354e-01 2.36626829e-01 2.23560705e-01 2.13351232e-01 2.04135660e-01 1.90888855e-01 1.66477163e-01 1.24906190e-01 6.74857723e-02 6.25258462e-03 -4.06666778e-02 -6.02369193e-02 -5.15221270e-02 -2.46827731e-02 4.86869500e-03 2.40591712e-02 2.78959096e-02 2.03698021e-02 6.33901880e-03 -2.02060538e-02 -6.48638018e-02 -1.12065720e-01 -1.61266029e-01 -2.19868373e-01 -2.60335489e-01 -2.86188210e-01 -2.84962445e-01 -2.99855121e-01 -3.51354837e-01 -4.79018066e-01 -6.04550942e-01 -6.77939199e-01 -7.16093526e-01 -7.55623916e-01 -7.87250220e-01 -8.58974627e-01 -9.39410427e-01
1.10000000e+01 9.19740585e-02 5.25789278e-02 2.52503693e-02 5.59904045e-03 -1.22881018e-02 -3.87202983e-02 -7.24688551e-02 -8.70680731e-02 -8.75368949e-02 -8.69558545e-02 -7.91835963e-02 -5.85026358e-02 -2.91874560e-02 1.26824439e-03 2.78678480e-02 4.85623668e-02 6.30707168e-02 7.19457011e-02 7.62030780e-02 7.70964286e-02 7.59822260e-02 7.42667035e-02 7.32452198e-02 7.40825051e-02 7.76281875e-02 8.44514430e-02 9.47010739e-02 1.08220354e-01 1.24472258e-01 1.42727199e-01 1.62016058e-01 1.81347228e-01 1.99626833e-01 2.15840044e-01 2.28925006e-01 2.37911930e-01 2.41769645e-01 2.39635304e-01 2.30764899e-01 2.14919197e-01 1.92525248e-01 1.65022203e-01 1.34714439e-01 1.04503760e-01 7.71688481e-02 5.48174768e-02 3.85974265e-02 2.87156529e-02 2.49642478e-02 2.69533129e-02 3.47163391e-02 4.86095316e-02 6.93885819e-02 9.73392586e-02 1.31795845e-01 1.70171917e-01 2.08553693e-01 2.42231313e-01 2.67610195e-01 2.82711061e-01 2.87382533e-01 2.82970781e-01 2.71625021e-01 2.56478776e-01 2.40631674e-01 2.26606637e-01 2.15081691e-01 2.04124358e-01 1.88646346e-01 1.61588248e-01 1.17331359e-01 5.78659451e-02 -4.28137014e-03 -5.11558758e-02 -7.03183476e-02 -6.11243135e-02 -3.35337734e-02 -2.71754617e-03 1.81936487e-02 2.40139223e-02 1.84929731e-02 5.69309159e-03 -2.09724484e-02 -6.52721739e-02 -1.10877807e-01 -1.59770732e-01 -2.16742061e-01 -2.54816272e-01 -2.78445183e-01 -2.75001120e-01 -2.90663141e-01 -3.43902936e-01 -4.74821462e-01 -5.98298481e-01 -6.73247236e-01 -7.15811251e-01 -7.57597514e-01 -7.88875141e-01 -8.59530352e-01 -9.40292979e-01
1.11000000e+01 9.05741309e-02 5.27329658e-02 2.55302386e-02 6.26362814e-03 -1.16206672e-02 -3.63731502e-02 -7.02142432e-02 -8.64456210e-02 -8.70739508e-02 -8.63399100e-02 -7.93287689e-02 -5.96452361e-02 -3.07796414e-02 -2.02825511e-04 2.68022456e-02 4.79804697e-02 6.29509255e-02 7.22289405e-02 7.68191095e-02 7.79770482e-02 7.70594876e-02 7.54811446e-02 7.45395074e-02 7.54093576e-02 7.89422902e-02 8.57171430e-02 9.58813435e-02 1.09288706e-01 1.25397634e-01 1.43491441e-01 1.62594826e-01 1.81729203e-01 1.99788539e-01 2.15761256e-01 2.28562730e-01 2.37214463e-01 2.40656678e-01 2.38026312e-01 2.28581572e-01 2.12122361e-01 1.89138943e-01 1.61153765e-01 1.30540752e-01 1.00237498e-01 7.30148077e-02 5.09409265e-02 3.51350884e-02 2.57808320e-02 2.26910345e-02 2.54874547e-02 3.42385674e-02 4.92873953e-02 7.13530923e-02 1.00605432e-01 1.36221966e-01 1.75442125e-01 2.14275480e-01 2.48040413e-01 2.73296210e-01 2.88213265e-01 2.92719709e-01 2.88167834e-01 2.76614070e-01 2.61102022e-01 2.44634135e-01 2.29655436e-01 2.16804375e-01 2.04075762e-01 1.86329661e-01 1.56608944e-01 1.09699752e-01 4.82798556e-02 -1.46769667e-02 -6.14452812e-02 -8.02011131e-02 -7.05773834e-02 -4.23141229e-02 -1.03143122e-02 1.22701184e-02 2.00787083e-02 1.65708975e-02 4.94000467e-03 -2.18520354e-02 -6.56265776e-02 -1.09667730e-01 -1.58324955e-01 -2.13505659e-01 -2.49331482e-01 -2.70635983e-01 -2.65318471e-01 -2.81763856e-01 -3.37032746e-01 -4.70494545e-01 -5.91706315e-01 -6.68411682e-01 -7.15520624e-01 -7.59236702e-01 -7.90499258e-01 -8.59887728e-01 -9.41245417e-01
1.12000000e+01 8.91123269e-02 5.28562667e-02 2.57378431e-02 6.95548408e-03 -1.10097137e-02 -3.41334912e-02 -6.78115214e-02 -8.56882187e-02 -8.66102758e-02 -8.56829278e-02 -7.93598976e-02 -6.06975859e-02 -3.23478214e-02 -1.69765770e-03 2.56909982e-02 4.73480971e-02 6.27841200e-02 7.24728298e-02 7.74054982e-02 7.88392151e-02 7.81293777e-02 7.66990948e-02 7.58464763e-02 7.67562202e-02 8.02807204e-02 8.70088328e-02 9.70857459e-02 1.10377406e-01 1.26336799e-01 1.44262498e-01 1.63171884e-01 1.82101885e-01 1.99932563e-01 2.15657671e-01 2.28167954e-01 2.36478063e-01 2.39498097e-01 2.36367610e-01 2.26347901e-01 2.09280173e-01 1.85719634e-01 1.57271495e-01 1.26376067e-01 9.60020429e-02 6.89081944e-02 4.71208374e-02 3.17325621e-02 2.29049268e-02 2.04756432e-02 2.40783774e-02 3.38202472e-02 5.00263685e-02 7.33767795e-02 1.03918556e-01 1.40668401e-01 1.80694903e-01 2.19940291e-01 2.53762511e-01 2.78881032e-01 2.93614802e-01 2.97966860e-01 2.93292972e-01 2.81554368e-01 2.65700385e-01 2.48632049e-01 2.32703915e-01 2.18516007e-01 2.03986356e-01 1.83936329e-01 1.51540179e-01 1.02016875e-01 3.87358399e-02 -2.49276575e-02 -7.15326950e-02 -8.98852377e-02 -7.98803866e-02 -5.10211834e-02 -1.79186365e-02 6.29101353e-03 1.60908382e-02 1.45973387e-02 4.07075392e-03 -2.28372517e-02 -6.59189339e-02 -1.08449241e-01 -1.56916298e-01 -2.10158743e-01 -2.43879731e-01 -2.62762951e-01 -2.55936543e-01 -2.73166591e-01 -3.30744922e-01 -4.65988118e-01 -5.84808293e-01 -6.63455879e-01 -7.15198808e-01 -7.60537910e-01 -7.92116385e-01 -8.60064514e-01 -9.42254548e-01
1.13000000e+01 8.75907426e-02 5.29513447e-02 2.58743795e-02 7.66770942e-03 -1.04380257e-02 -3.20139374e-02 -6.52789128e-02 -8.47838034e-02 -8.61403580e-02 -8.49940217e-02 -7.92809766e-02 -6.16554421e-02 -3.38867133e-02 -3.21307241e-03 2.45352566e-02 4.66654287e-02 6.25700631e-02 7.26769871e-02 7.79617809e-02 7.96824712e-02 7.91913943e-02 7.79200694e-02 7.71656183e-02 7.81226272e-02 8.16430063e-02 8.83261136e-02 9.83138823e-02 1.11486175e-01 1.27289503e-01 1.45040281e-01 1.63747181e-01 1.82465357e-01 2.00058929e-01 2.15529321e-01 2.27740539e-01 2.35702538e-01 2.38293554e-01 2.34658932e-01 2.24063924e-01 2.06393104e-01 1.82268425e-01 1.53377000e-01 1.22222201e-01 9.17990641e-02 6.48503246e-02 4.33581262e-02 2.83906104e-02 2.00887938e-02 1.83191499e-02 2.27272304e-02 3.34627398e-02 5.08273340e-02 7.54596860e-02 1.07277366e-01 1.45132427e-01 1.85926979e-01 2.25545237e-01 2.59396056e-01 2.84364395e-01 2.98916196e-01 3.03124635e-01 2.98346234e-01 2.86445298e-01 2.70272118e-01 2.52623192e-01 2.35748699e-01 2.20213203e-01 2.03852588e-01 1.81464077e-01 1.46383296e-01 9.42886284e-02 2.92423040e-02 -3.50272545e-02 -8.14164147e-02 -9.93711117e-02 -8.90325995e-02 -5.96523649e-02 -2.55273080e-02 2.59150976e-04 1.20508490e-02 1.25655597e-02 3.07710179e-03 -2.39193114e-02 -6.61432304e-02 -1.07235854e-01 -1.55530730e-01 -2.06703469e-01 -2.38457283e-01 -2.54832831e-01 -2.46873839e-01 -2.64883169e-01 -3.25030473e-01 -4.61259636e-01 -5.77640820e-01 -6.58401874e-01 -7.14819611e-01 -7.61503620e-01 -7.93715026e-01 -8.60082348e-01 -9.43305278e-01
1.14000000e+01 8.60116208e-02 5.30200564e-02 2.59424099e-02 8.39200011e-03 -9.88878610e-03 -3.00237843e-02 -6.26367398e-02 -8.37219491e-02 -8.56570802e-02 -8.42817551e-02 -7.90968978e-02 -6.25150406e-02 -3.53909647e-02 -4.74563659e-03 2.33363378e-02 4.59327383e-02 6.23085642e-02 7.28410569e-02 7.84875052e-02 8.05063608e-02 8.02450261e-02 7.91435670e-02 7.84963982e-02 7.95080849e-02 8.30286398e-02 8.96685582e-02 9.95653255e-02 1.12614716e-01 1.28255486e-01 1.45824705e-01 1.64320673e-01 1.82819712e-01 2.00167674e-01 2.15376258e-01 2.27280362e-01 2.34887718e-01 2.37042724e-01 2.32900049e-01 2.21729741e-01 2.03461689e-01 1.78786483e-01 1.49471920e-01 1.18080971e-01 8.76301927e-02 6.08424604e-02 3.96536580e-02 2.51099588e-02 1.73332881e-02 1.62226267e-02 2.14351669e-02 3.31674076e-02 5.16911166e-02 7.76017658e-02 1.10680477e-01 1.49611211e-01 1.91135069e-01 2.31087502e-01 2.64939617e-01 2.89746131e-01 3.04118047e-01 3.08193752e-01 3.03327716e-01 2.91286302e-01 2.74815436e-01 2.56605286e-01 2.38786243e-01 2.21892439e-01 2.03670910e-01 1.78910840e-01 1.41140067e-01 8.65212919e-02 1.98076857e-02 -4.49699517e-02 -9.10952187e-02 -1.08659465e-01 -9.80335198e-02 -6.82051263e-02 -3.31368781e-02 -5.82229006e-03 7.95920057e-03 1.04683745e-02 1.95172273e-03 -2.50883862e-02 -6.62956507e-02 -1.06040424e-01 -1.54153002e-01 -2.03144342e-01 -2.33058238e-01 -2.46856761e-01 -2.38145147e-01 -2.56927775e-01 -3.19870686e-01 -4.56274238e-01 -5.70241934e-01 -6.53270143e-01 -7.14354247e-01 -7.62141871e-01 -7.95278856e-01 -8.59966219e-01 -9.44380859e-01
1.15000000e+01 8.43773576e-02 5.30636009e-02 2.59457438e-02 9.11900253e-03 -9.34606383e-03 -2.81688887e-02 -5.99070091e-02 -8.24941779e-02 -8.51518524e-02 -8.35539519e-02 -7.88134091e-02 -6.32731492e-02 -3.68551991e-02 -6.29166461e-03 2.20957315e-02 4.51504013e-02 6.19994814e-02 7.29647121e-02 7.89822301e-02 8.13104297e-02 8.12897525e-02 8.03690695e-02 7.98382527e-02 8.09120724e-02 8.44370758e-02 9.10357102e-02 1.00839620e-01 1.13762714e-01 1.29234474e-01 1.46615684e-01 1.64892320e-01 1.83165059e-01 2.00258846e-01 2.15198543e-01 2.26787315e-01 2.34033448e-01 2.35745306e-01 2.31090776e-01 2.19345513e-01 2.00486524e-01 1.75275041e-01 1.45557932e-01 1.13954183e-01 8.34970198e-02 5.68858098e-02 3.60082496e-02 2.18912982e-02 1.46392635e-02 1.41871383e-02 2.02033472e-02 3.29356081e-02 5.26184770e-02 7.98028802e-02 1.14126384e-01 1.54101817e-01 1.96315895e-01 2.36564353e-01 2.70391885e-01 2.95026165e-01 3.09221025e-01 3.13174997e-01 3.08237578e-01 2.96076875e-01 2.79328522e-01 2.60575989e-01 2.41812861e-01 2.23550014e-01 2.03437816e-01 1.76274775e-01 1.35812690e-01 7.87215084e-02 1.04404179e-02 -5.47503398e-02 -1.00568345e-01 -1.17751341e-01 -1.06882865e-01 -7.66769788e-02 -4.07436756e-02 -1.19497920e-02 3.81623872e-03 8.29822643e-03 6.88328643e-04 -2.63337999e-02 -6.63746576e-02 -1.04874747e-01 -1.52767092e-01 -1.99487910e-01 -2.27674813e-01 -2.38850117e-01 -2.29761498e-01 -2.49316653e-01 -3.15237340e-01 -4.51005552e-01 -5.62650422e-01 -6.48079324e-01 -7.13772153e-01 -7.62465595e-01 -7.96787369e-01 -8.59743821e-01 -9.45463168e-01
1.16000000e+01 8.26905028e-02 5.30825446e-02 2.58892831e-02 9.83868879e-03 -8.79525618e-03 -2.64516429e-02 -5.71129528e-02 -8.10942320e-02 -8.46147828e-02 -8.28175160e-02 -7.84370576e-02 -6.39271145e-02 -3.82740672e-02 -7.84722129e-03 2.08151061e-02 4.43189010e-02 6.16427242e-02 7.30476549e-02 7.94455263e-02 8.20942256e-02 8.23250436e-02 8.15960412e-02 8.11905908e-02 8.23340398e-02 8.58677322e-02 9.24270836e-02 1.02136281e-01 1.14929839e-01 1.30226188e-01 1.47413134e-01 1.65462094e-01 1.83501514e-01 2.00332505e-01 2.14996249e-01 2.26261309e-01 2.33139590e-01 2.34401026e-01 2.29230966e-01 2.16911463e-01 1.97468265e-01 1.71735390e-01 1.41636742e-01 1.09843636e-01 7.94010963e-02 5.29815292e-02 3.24226715e-02 1.87352871e-02 1.20075725e-02 1.22137370e-02 1.90329370e-02 3.27686822e-02 5.36101033e-02 8.20627950e-02 1.17613457e-01 1.58601209e-01 2.01466193e-01 2.41973143e-01 2.75751665e-01 3.00204498e-01 3.14225862e-01 3.18069213e-01 3.13076046e-01 3.00816553e-01 2.83809538e-01 2.64532896e-01 2.44824747e-01 2.25182024e-01 2.03149862e-01 1.73554272e-01 1.30403796e-01 7.08962679e-02 1.14889082e-03 -6.43634118e-02 -1.09835464e-01 -1.26648065e-01 -1.15580564e-01 -8.50654902e-02 -4.83438283e-02 -1.81195235e-02 -3.77840864e-04 6.04727686e-03 -7.18214077e-04 -2.76442572e-02 -6.63810186e-02 -1.03749185e-01 -1.51356671e-01 -1.95742406e-01 -2.22297719e-01 -2.30832230e-01 -2.21730261e-01 -2.42067640e-01 -3.11093202e-01 -4.45436245e-01 -5.54905000e-01 -6.42845991e-01 -7.13041863e-01 -7.62491817e-01 -7.98216666e-01 -8.59444817e-01 -9.46533012e-01
1.17000000e+01 8.09537534e-02 5.30768669e-02 2.57788359e-02 1.05407388e-02 -8.22347521e-03 -2.48710399e-02 -5.42785392e-02 -7.95182996e-02 -8.40348867e-02 -8.20782640e-02 -7.79751177e-02 -6.44749025e-02 -3.96423020e-02 -9.40812749e-03 1.94963141e-02 4.34388354e-02 6.12382563e-02 7.30896191e-02 7.98769774e-02 8.28572976e-02 8.33503603e-02 8.28239284e-02 8.25527936e-02 8.37734085e-02 8.73199898e-02 9.38421627e-02 1.03454799e-01 1.16115743e-01 1.31230336e-01 1.48216970e-01 1.66029973e-01 1.83829204e-01 2.00388723e-01 2.14769459e-01 2.25702273e-01 2.32206012e-01 2.33009631e-01 2.27320518e-01 2.14427868e-01 1.94407629e-01 1.68168886e-01 1.37710083e-01 1.05751118e-01 7.53439323e-02 4.91307237e-02 2.88976510e-02 1.56425539e-02 9.43906066e-03 1.03034579e-02 1.79251026e-02 3.26679442e-02 5.46666066e-02 8.43811800e-02 1.21139945e-01 1.63106264e-01 2.06582724e-01 2.47311309e-01 2.81017865e-01 3.05281204e-01 3.19133351e-01 3.22877298e-01 3.17843413e-01 3.05504900e-01 2.88256637e-01 2.68473514e-01 2.47817985e-01 2.26784371e-01 2.02803679e-01 1.70747969e-01 1.24916445e-01 6.30528815e-02 -8.05859049e-03 -7.38045703e-02 -1.18896659e-01 -1.35351220e-01 -1.24126739e-01 -9.33682899e-02 -5.59332819e-02 -2.43273699e-02 -4.62302936e-03 3.70749573e-03 -2.27178195e-03 -2.90081003e-02 -6.63177667e-02 -1.02672359e-01 -1.49905584e-01 -1.91917342e-01 -2.16916624e-01 -2.22825973e-01 -2.14055354e-01 -2.35199547e-01 -3.07392781e-01 -4.39558294e-01 -5.47043574e-01 -6.37584464e-01 -7.12131910e-01 -7.62240749e-01 -7.99540368e-01 -8.59100033e-01 -9.47570464e-01
1.18000000e+01 7.91699422e-02 5.30460247e-02 2.56209067e-02 1.12149162e-02 -7.61986768e-03 -2.34228274e-02 -5.14279640e-02 -7.77651885e-02 -8.34003262e-02 -8.13407754e-02 -7.74355024e-02 -6.49151305e-02 -4.09547789e-02 -1.09699683e-02 1.81413959e-02 4.25109249e-02 6.07860986e-02 7.30903717e-02 8.02761806e-02 8.35991965e-02 8.43651553e-02 8.40521596e-02 8.39242150e-02 8.52295701e-02 8.87931927e-02 9.52804019e-02 1.04794635e-01 1.17320060e-01 1.32246620e-01 1.49027110e-01 1.66595945e-01 1.84148264e-01 2.00427586e-01 2.14518256e-01 2.25110157e-01 2.31232584e-01 2.31570896e-01 2.25359373e-01 2.11895055e-01 1.91305394e-01 1.64576941e-01 1.33779717e-01 1.01678403e-01 7.13269971e-02 4.53344498e-02 2.54338738e-02 1.26137003e-02 6.93456194e-03 8.45732035e-03 1.68810089e-02 3.26346741e-02 5.57885202e-02 8.67576114e-02 1.24703970e-01 1.67613773e-01 2.11662278e-01 2.52576377e-01 2.86189493e-01 3.10256420e-01 3.23944344e-01 3.27600189e-01 3.22540048e-01 3.10141483e-01 2.92668003e-01 2.72395236e-01 2.50788546e-01 2.28352804e-01 2.02395978e-01 1.67854770e-01 1.19354124e-01 5.51989553e-02 -1.71738438e-02 -8.30696315e-02 -1.27752401e-01 -1.43862622e-01 -1.32521695e-01 -1.01583081e-01 -6.35078129e-02 -3.05689647e-02 -8.91954565e-03 1.27076915e-03 -3.97489864e-03 -3.04135893e-02 -6.61900905e-02 -1.01650894e-01 -1.48398304e-01 -1.88023079e-01 -2.11520671e-01 -2.14857253e-01 -2.06737578e-01 -2.28731425e-01 -3.04083350e-01 -4.33372993e-01 -5.39102591e-01 -6.32306644e-01 -7.11011714e-01 -7.61734814e-01 -8.00730601e-01 -8.58740605e-01 -9.48555211e-01
1.19000000e+01 7.73420206e-02 5.29890330e-02 2.54224725e-02 1.18514273e-02 -6.97586103e-03 -2.20997442e-02 -4.85851353e-02 -7.58364409e-02 -8.26986787e-02 -8.06082655e-02 -7.68266609e-02 -6.52470904e-02 -4.22065786e-02 -1.25281041e-02 1.67525825e-02 4.15360187e-02 6.02863324e-02 7.30497149e-02 8.06427483e-02 8.43194748e-02 8.53688738e-02 8.52801447e-02 8.53041828e-02 8.67018863e-02 9.02866496e-02 9.67412250e-02 1.06155228e-01 1.18542410e-01 1.33274736e-01 1.49843471e-01 1.67160007e-01 1.84458835e-01 2.00449188e-01 2.14242727e-01 2.24484932e-01 2.30219168e-01 2.30084626e-01 2.23347526e-01 2.09313389e-01 1.88162406e-01 1.60961023e-01 1.29847427e-01 9.76272506e-02 6.73517187e-02 4.15937167e-02 2.20319867e-02 9.64930555e-03 4.49489254e-03 6.67633250e-03 1.59018156e-02 3.26701073e-02 5.69762980e-02 8.91915734e-02 1.28303533e-01 1.72120451e-01 2.16701684e-01 2.57765969e-01 2.91265648e-01 3.15130347e-01 3.28659754e-01 3.32238855e-01 3.27166402e-01 3.14725852e-01 2.97041887e-01 2.76295311e-01 2.53732290e-01 2.29882964e-01 2.01923552e-01 1.64873864e-01 1.13720738e-01 4.73423655e-02 -2.61888420e-02 -9.21548261e-02 -1.36403523e-01 -1.52184306e-01 -1.40765905e-01 -1.09707657e-01 -7.10630394e-02 -3.68397152e-02 -1.32678799e-02 -1.27097725e-03 -5.82866742e-03 -3.18491755e-02 -6.60051714e-02 -1.00689214e-01 -1.46820363e-01 -1.84070382e-01 -2.06099033e-01 -2.06954404e-01 -1.99775026e-01 -2.22681728e-01 -3.01106181e-01 -4.26890696e-01 -5.31116494e-01 -6.27021891e-01 -7.09652442e-01 -7.60997636e-01 -8.01759031e-01 -8.58397103e-01 -9.49466897e-01
1.20000000e+01 7.54730379e-02 5.29045571e-02 2.51907508e-02 1.24412496e-02 -6.28533015e-03 -2.08918330e-02 -4.57731657e-02 -7.37363868e-02 -8.19172272e-02 -7.98824850e-02 -7.61574609e-02 -6.54707616e-02 -4.33930536e-02 -1.40776836e-02 1.53322971e-02 4.05151026e-02 5.97391031e-02 7.29674878e-02 8.09763093e-02 8.50176875e-02 8.63609542e-02 8.65072756e-02 8.66919994e-02 8.81896883e-02 9.17996348e-02 9.82240254e-02 1.07535993e-01 1.19782392e-01 1.34314374e-01 1.50665969e-01 1.67722168e-01 1.84761062e-01 2.00453636e-01 2.13942953e-01 2.23826597e-01 2.29165605e-01 2.28550660e-01 2.21285024e-01 2.06683264e-01 1.84979573e-01 1.57322654e-01 1.25915021e-01 9.35994024e-02 6.34194816e-02 3.79094882e-02 1.86925984e-02 6.74993094e-03 2.12084290e-03 4.96149774e-03 1.49886720e-02 3.27754197e-02 5.82303101e-02 9.16824598e-02 1.31936510e-01 1.76622945e-01 2.21697817e-01 2.62877796e-01 2.96245513e-01 3.19903248e-01 3.33280546e-01 3.36794287e-01 3.31723025e-01 3.19257506e-01 3.01376653e-01 2.80170826e-01 2.56644950e-01 2.31370416e-01 2.01383286e-01 1.61804740e-01 1.08020605e-01 3.94912336e-02 -3.50957447e-02 -1.01056799e-01 -1.44851189e-01 -1.60318498e-01 -1.48860006e-01 -1.17739921e-01 -7.85944359e-02 -4.31348391e-02 -1.76688277e-02 -3.92564952e-03 -7.83274437e-03 -3.33037541e-02 -6.57719830e-02 -9.97894146e-02 -1.45158738e-01 -1.80069974e-01 -2.00641495e-01 -1.99147503e-01 -1.93163571e-01 -2.17067413e-01 -2.98397970e-01 -4.20130300e-01 -5.23117299e-01 -6.21736953e-01 -7.08027819e-01 -7.60053033e-01 -8.02597908e-01 -8.58098659e-01 -9.50285480e-01
1.21000000e+01 7.35661162e-02 5.27910139e-02 2.49329706e-02 1.29764235e-02 -5.54468220e-03 -1.97868176e-02 -4.30138844e-02 -7.14721326e-02 -8.10432660e-02 -7.91636496e-02 -7.54370576e-02 -6.55868140e-02 -4.45098966e-02 -1.56136607e-02 1.38831543e-02 3.94493054e-02 5.91446232e-02 7.28435689e-02 8.12765103e-02 8.56933924e-02 8.73408299e-02 8.77329260e-02 8.80869439e-02 8.96922766e-02 9.33313899e-02 9.97281656e-02 1.08936319e-01 1.21039589e-01 1.35365221e-01 1.51494517e-01 1.68282442e-01 1.85055095e-01 2.00441047e-01 2.13619008e-01 2.23135177e-01 2.28071710e-01 2.26968881e-01 2.19171970e-01 2.04005096e-01 1.81757880e-01 1.53663406e-01 1.21984321e-01 8.95965791e-02 5.95316249e-02 3.42826839e-02 1.54162811e-02 3.91612384e-03 -1.86832054e-04 3.31382214e-03 1.41427111e-02 3.29517094e-02 5.95508389e-02 9.42295771e-02 1.35600649e-01 1.81117838e-01 2.26647598e-01 2.67909672e-01 3.01128359e-01 3.24575450e-01 3.37807747e-01 3.41267496e-01 3.36210586e-01 3.23735861e-01 3.05670809e-01 2.84018677e-01 2.59522127e-01 2.32810674e-01 2.00772144e-01 1.58647226e-01 1.02258431e-01 3.16538945e-02 -4.38869349e-02 -1.09772609e-01 -1.53096867e-01 -1.68267583e-01 -1.56804771e-01 -1.25677888e-01 -8.60973499e-02 -4.94494197e-02 -2.21235015e-02 -6.70085719e-03 -9.98534493e-03 -3.47669120e-02 -6.55010488e-02 -9.89512055e-02 -1.43402203e-01 -1.76032128e-01 -1.95139037e-01 -1.91467648e-01 -1.86897394e-01 -2.11902996e-01 -2.95892410e-01 -4.13118499e-01 -5.15134273e-01 -6.16455934e-01 -7.06114843e-01 -7.58924050e-01 -8.03221086e-01 -8.57872132e-01 -9.50991559e-01
1.22000000e+01 7.16244239e-02 5.26466764e-02 2.46561508e-02 1.34502959e-02 -4.75285922e-03 -1.87705354e-02 -4.03273808e-02 -6.90534846e-02 -8.00644155e-02 -7.84504041e-02 -7.46747505e-02 -6.55965991e-02 -4.55532096e-02 -1.71308126e-02 1.24079581e-02 3.83399064e-02 5.85031767e-02 7.26778774e-02 8.15430173e-02 8.63461508e-02 8.83079298e-02 8.89564519e-02 8.94882736e-02 9.12089210e-02 9.48811254e-02 1.01252976e-01 1.10355577e-01 1.22313565e-01 1.36426958e-01 1.52329025e-01 1.68840855e-01 1.85341083e-01 2.00411547e-01 2.13270954e-01 2.22410729e-01 2.26937258e-01 2.25339227e-01 2.17008515e-01 2.01279323e-01 1.78498378e-01 1.49984895e-01 1.18057168e-01 8.56204790e-02 5.56894407e-02 3.07141840e-02 1.22035733e-02 1.14842448e-03 -2.42742225e-03 1.73432310e-03 1.33650459e-02 3.31999804e-02 6.09380756e-02 9.68321433e-02 1.39293573e-01 1.85601671e-01 2.31548004e-01 2.72859516e-01 3.05913541e-01 3.29147352e-01 3.42242439e-01 3.45659515e-01 3.40629884e-01 3.28160243e-01 3.09923018e-01 2.87835535e-01 2.62359311e-01 2.34199220e-01 2.00087144e-01 1.55401517e-01 9.64392866e-02 2.38388610e-02 -5.25550583e-02 -1.18299726e-01 -1.61142295e-01 -1.76034085e-01 -1.64601110e-01 -1.33519692e-01 -9.35670166e-02 -5.57784807e-02 -2.66333140e-02 -9.60378627e-03 -1.22832733e-02 -3.62291725e-02 -6.52041583e-02 -9.81719251e-02 -1.41541606e-01 -1.71966297e-01 -1.89584399e-01 -1.83946213e-01 -1.80969523e-01 -2.07199625e-01 -2.93521862e-01 -4.05888837e-01 -5.07193731e-01 -6.11180319e-01 -7.03894409e-01 -7.57632065e-01 -8.03604978e-01 -8.57741323e-01 -9.51566691e-01
1.23000000e+01 6.96511472e-02 5.24697789e-02 2.43668966e-02 1.38577121e-02 -3.91126119e-03 -1.78274107e-02 -3.77315923e-02 -6.64928089e-02 -7.89689394e-02 -7.77398220e-02 -7.38798298e-02 -6.55021312e-02 -4.65195737e-02 -1.86237617e-02 1.09096973e-02 3.71883413e-02 5.78151222e-02 7.24703749e-02 8.17755165e-02 8.69755276e-02 8.92616798e-02 9.01771914e-02 9.08952254e-02 9.27388602e-02 9.64480223e-02 1.02797753e-01 1.11793114e-01 1.23603866e-01 1.37499264e-01 1.53169395e-01 1.69397446e-01 1.85619179e-01 2.00365272e-01 2.12898842e-01 2.21653341e-01 2.25761984e-01 2.23661698e-01 2.14794838e-01 1.98506412e-01 1.75202192e-01 1.46288779e-01 1.14135410e-01 8.16727787e-02 5.18941757e-02 2.72048359e-02 9.05498237e-03 -1.55262914e-03 -4.60027309e-03 2.24033573e-04 1.26567676e-02 3.35211306e-02 6.23921159e-02 9.94892790e-02 1.43012786e-01 1.90070954e-01 2.36396073e-01 2.77725365e-01 3.10600506e-01 3.33619430e-01 3.46585766e-01 3.49971393e-01 3.44981843e-01 3.32529892e-01 3.14132099e-01 2.91617802e-01 2.65151920e-01 2.35531522e-01 1.99325343e-01 1.52068214e-01 9.05685793e-02 1.60547977e-02 -6.10930593e-02 -1.26636033e-01 -1.68989454e-01 -1.83620637e-01 -1.72250057e-01 -1.41263590e-01 -1.00998564e-01 -6.21170699e-02 -3.11999345e-02 -1.26410789e-02 -1.47219698e-02 -3.76822341e-02 -6.48940401e-02 -9.74466324e-02 -1.39570081e-01 -1.67880803e-01 -1.83972605e-01 -1.76614113e-01 -1.75372384e-01 -2.02964199e-01 -2.91219070e-01 -3.98480584e-01 -4.99318930e-01 -6.05909045e-01 -7.01351804e-01 -7.56195993e-01 -8.03729416e-01 -8.57726274e-01 -9.51993671e-01
1.24000000e+01 6.76494616e-02 5.22586184e-02 2.40712181e-02 1.41951492e-02 -3.02359398e-03 -1.69409550e-02 -3.52419459e-02 -6.38048292e-02 -7.77460554e-02 -7.70274427e-02 -7.30614144e-02 -6.53060562e-02 -4.74061180e-02 -2.00869985e-02 9.39153836e-03 3.59962086e-02 5.70808966e-02 7.22210662e-02 8.19737154e-02 8.75810922e-02 9.02015032e-02 9.13944647e-02 9.23070189e-02 9.42813022e-02 9.80312343e-02 1.04361762e-01 1.13248261e-01 1.24910017e-01 1.38581818e-01 1.54015524e-01 1.69952263e-01 1.85889536e-01 2.00302365e-01 2.12502712e-01 2.20863127e-01 2.24545599e-01 2.21936357e-01 2.12531127e-01 1.95686873e-01 1.71870510e-01 1.42576750e-01 1.10220902e-01 7.77551352e-02 4.81470342e-02 2.37554594e-02 5.97097962e-03 -4.18649841e-03 -6.70479930e-03 -1.21600208e-03 1.20189443e-02 3.39159494e-02 6.39129524e-02 1.02199984e-01 1.46755688e-01 1.94522180e-01 2.41188905e-01 2.82505379e-01 3.15188786e-01 3.37992240e-01 3.50838923e-01 3.54204202e-01 3.49267480e-01 3.36843983e-01 3.18296999e-01 2.95361597e-01 2.67895334e-01 2.36803021e-01 1.98483863e-01 1.48648335e-01 8.46520328e-02 8.31050242e-03 -6.94942119e-02 -1.34779825e-01 -1.76640540e-01 -1.91029969e-01 -1.79752776e-01 -1.48907962e-01 -1.08387017e-01 -6.84603402e-02 -3.58252322e-02 -1.58187141e-02 -1.72955798e-02 -3.91191846e-02 -6.45839978e-02 -9.67682676e-02 -1.37483177e-01 -1.63782579e-01 -1.78301409e-01 -1.69501093e-01 -1.70098298e-01 -1.99198563e-01 -2.88918883e-01 -3.90937492e-01 -4.91530068e-01 -6.00638638e-01 -6.98477068e-01 -7.54631623e-01 -8.03578386e-01 -8.57842663e-01 -9.52256775e-01
1.25000000e+01 6.56225047e-02 5.20116492e-02 2.37743778e-02 1.44607912e-02 -2.09564956e-03 -1.60942805e-02 -3.28710633e-02 -6.10063668e-02 -7.63862338e-02 -7.63073477e-02 -7.22282836e-02 -6.50116103e-02 -4.82105856e-02 -2.15149077e-02 7.85681640e-03 3.47652746e-02 5.63010178e-02 7.19300003e-02 8.21373430e-02 8.81624177e-02 9.11268226e-02 9.26075757e-02 9.37228585e-02 9.58354248e-02 9.96298903e-02 1.05944233e-01 1.14720333e-01 1.26231528e-01 1.39674301e-01 1.54867304e-01 1.70505375e-01 1.86152307e-01 2.00222975e-01 2.12082600e-01 2.20040209e-01 2.23287812e-01 2.20163309e-01 2.10217571e-01 1.92821264e-01 1.68504583e-01 1.38850533e-01 1.06315504e-01 7.38691887e-02 4.44491783e-02 2.03668478e-02 2.95198828e-03 -6.75263916e-03 -8.74049696e-03 -2.58474203e-03 1.14526292e-02 3.43851257e-02 6.55004672e-02 1.04963099e-01 1.50519597e-01 1.98951832e-01 2.45923655e-01 2.87197839e-01 3.19677995e-01 3.42266418e-01 3.55003149e-01 3.58359040e-01 3.53487852e-01 3.41101656e-01 3.22416755e-01 2.99062766e-01 2.70584942e-01 2.38009083e-01 1.97559958e-01 1.45143316e-01 7.86956651e-02 6.14880893e-04 -7.77521482e-02 -1.42729798e-01 -1.84097936e-01 -1.98264883e-01 -1.87110553e-01 -1.56451301e-01 -1.15727309e-01 -7.48036218e-02 -4.05112233e-02 -1.91418899e-02 -1.99970584e-02 -4.05346790e-02 -6.42875234e-02 -9.61278746e-02 -1.35278923e-01 -1.59676998e-01 -1.72571670e-01 -1.62635062e-01 -1.65139935e-01 -1.95898829e-01 -2.86559905e-01 -3.83306457e-01 -4.83844362e-01 -5.95363398e-01 -6.95265223e-01 -7.52951107e-01 -8.03140620e-01 -8.58101322e-01 -9.52341960e-01
1.26000000e+01 6.35733499e-02 5.17275669e-02 2.34807699e-02 1.46545433e-02 -1.13502731e-03 -1.52706108e-02 -3.06285357e-02 -5.81160300e-02 -7.48814760e-02 -7.55722735e-02 -7.13887066e-02 -6.46225674e-02 -4.89313970e-02 -2.29017956e-02 6.30902214e-03 3.34974781e-02 5.54760880e-02 7.15972703e-02 8.22661510e-02 8.87190825e-02 9.20370618e-02 9.38158139e-02 9.51419381e-02 9.74003774e-02 1.01243098e-01 1.07544366e-01 1.16208633e-01 1.27567889e-01 1.40776398e-01 1.55724622e-01 1.71056862e-01 1.86407643e-01 2.00127253e-01 2.11638544e-01 2.19184687e-01 2.21988362e-01 2.18342685e-01 2.07854361e-01 1.89910205e-01 1.65105713e-01 1.35111878e-01 1.02421071e-01 7.00165631e-02 4.08017271e-02 1.70397702e-02 -1.63083380e-06 -9.25049590e-03 -1.07069462e-02 -3.88117829e-03 1.09588793e-02 3.49292606e-02 6.71544259e-02 1.07777269e-01 1.54301780e-01 2.03356398e-01 2.50597538e-01 2.91801160e-01 3.24067834e-01 3.46442691e-01 3.59079714e-01 3.62437051e-01 3.57643983e-01 3.45302063e-01 3.26490424e-01 3.02716920e-01 2.73216171e-01 2.39144978e-01 1.96551080e-01 1.41555002e-01 7.27057826e-02 -7.02308777e-03 -8.58608772e-02 -1.50485048e-01 -1.91364194e-01 -2.05328244e-01 -1.94324803e-01 -1.63892190e-01 -1.23014306e-01 -8.11424792e-02 -4.52600231e-02 -2.26149087e-02 -2.28183138e-02 -4.19250796e-02 -6.40179138e-02 -9.55148818e-02 -1.32957797e-01 -1.55567786e-01 -1.66787631e-01 -1.56041503e-01 -1.60490681e-01 -1.93054841e-01 -2.84086049e-01 -3.75636132e-01 -4.76276192e-01 -5.90075645e-01 -6.91716333e-01 -7.51162619e-01 -8.02410012e-01 -8.58507886e-01 -9.52237017e-01
1.27000000e+01 6.15049840e-02 5.14053799e-02 2.31938365e-02 1.47779883e-02 -1.50807317e-04 -1.44537753e-02 -2.85207755e-02 -5.51538574e-02 -7.32255654e-02 -7.48137610e-02 -7.05502721e-02 -6.41431760e-02 -4.95677078e-02 -2.42419186e-02 4.75178681e-03 3.21949343e-02 5.46067969e-02 7.12230160e-02 8.23599159e-02 8.92506712e-02 9.29316487e-02 9.50184565e-02 9.65634429e-02 9.89752817e-02 1.02869946e-01 1.09161332e-01 1.17712453e-01 1.28918574e-01 1.41887796e-01 1.56587358e-01 1.71606817e-01 1.86655682e-01 2.00015353e-01 2.11170597e-01 2.18296610e-01 2.20647018e-01 2.16474630e-01 2.05441696e-01 1.86954381e-01 1.61675259e-01 1.31362557e-01 9.85394634e-02 6.61988656e-02 3.72057560e-02 1.37749741e-02 -2.88959652e-03 -1.16795042e-02 -1.26037979e-02 -5.10439186e-03 1.05387868e-02 3.55488741e-02 6.88744746e-02 1.10640909e-01 1.58099478e-01 2.07732383e-01 2.55207831e-01 2.96313897e-01 3.28358091e-01 3.50521884e-01 3.63069910e-01 3.66439428e-01 3.61736798e-01 3.49444439e-01 3.30516988e-01 3.06319464e-01 2.75784493e-01 2.40205904e-01 1.95454909e-01 1.37885623e-01 6.66889807e-02 -1.45943973e-02 -9.38147934e-02 -1.58045052e-01 -1.98442003e-01 -2.12222959e-01 -2.01397070e-01 -1.71229259e-01 -1.30242861e-01 -8.74727494e-02 -5.00738050e-02 -2.62410537e-02 -2.57503821e-02 -4.32885426e-02 -6.37879122e-02 -9.49174370e-02 -1.30522629e-01 -1.51457031e-01 -1.60957095e-01 -1.49742961e-01 -1.56144908e-01 -1.90649822e-01 -2.81447930e-01 -3.67975555e-01 -4.68837303e-01 -5.84766009e-01 -6.87835433e-01 -7.49270183e-01 -8.01385867e-01 -8.59062591e-01 -9.51931674e-01
1.28000000e+01 5.94202874e-02 5.10444672e-02 2.29160210e-02 1.48342892e-02 8.46812561e-04 -1.36286726e-02 -2.65509459e-02 -5.21409288e-02 -7.14142843e-02 -7.40223389e-02 -6.97197228e-02 -6.35780867e-02 -5.01194602e-02 -2.55295139e-02 3.18886372e-03 3.08599396e-02 5.36939257e-02 7.08074251e-02 8.24184403e-02 8.97567766e-02 9.38100173e-02 9.62147708e-02 9.79865515e-02 1.00559232e-01 1.04509506e-01 1.10794270e-01 1.19231073e-01 1.30283037e-01 1.43008184e-01 1.57455380e-01 1.72155339e-01 1.86896552e-01 1.99887419e-01 2.10678859e-01 2.17375941e-01 2.19263547e-01 2.14559319e-01 2.02979796e-01 1.83954557e-01 1.58214630e-01 1.27604358e-01 9.46725444e-02 6.24176825e-02 3.36622970e-02 1.05731870e-02 -5.71172725e-03 -1.40391076e-02 -1.44307378e-02 -6.25362490e-03 1.01935140e-02 3.62444042e-02 7.06601407e-02 1.13552197e-01 1.61909922e-01 2.12076310e-01 2.59751885e-01 3.00734740e-01 3.32548648e-01 3.54504934e-01 3.66975046e-01 3.70367425e-01 3.65767072e-01 3.53528170e-01 3.34495267e-01 3.09865609e-01 2.78285398e-01 2.41187037e-01 1.94269353e-01 1.34137791e-01 6.06521404e-02 -2.20900718e-02 -1.01608682e-01 -1.65409664e-01 -2.05334164e-01 -2.18951961e-01 -2.08329033e-01 -1.78461153e-01 -1.37407867e-01 -9.37905671e-02 -5.49547845e-02 -3.00224395e-02 -2.87836388e-02 -4.46250477e-02 -6.36093753e-02 -9.43227906e-02 -1.27978410e-01 -1.47345271e-01 -1.55091497e-01 -1.43758654e-01 -1.52098141e-01 -1.88660224e-01 -2.78604058e-01 -3.60372805e-01 -4.61537042e-01 -5.79423762e-01 -6.83632295e-01 -7.47273686e-01 -8.00072955e-01 -8.59760220e-01 -9.51417641e-01
1.29000000e+01 5.73220202e-02 5.06446206e-02 2.26487590e-02 1.48280415e-02 1.84690348e-03 -1.27816904e-02 -2.47189732e-02 -4.90989528e-02 -6.94455871e-02 -7.31877376e-02 -6.89027977e-02 -6.29322700e-02 -5.05874277e-02 -2.67588302e-02 1.62410594e-03 2.94949745e-02 5.27383507e-02 7.03507354e-02 8.24415534e-02 9.02369994e-02 9.46716078e-02 9.74040139e-02 9.94104357e-02 1.02151295e-01 1.06160834e-01 1.12442289e-01 1.20763766e-01 1.31660711e-01 1.44137253e-01 1.58328541e-01 1.72702527e-01 1.87130369e-01 1.99743592e-01 2.10163495e-01 2.16422564e-01 2.17837646e-01 2.12596979e-01 2.00468896e-01 1.80911578e-01 1.54725287e-01 1.23839088e-01 9.08221963e-02 5.86745737e-02 3.01723409e-02 7.43511513e-03 -8.46795568e-03 -1.63287867e-02 -1.61874281e-02 -7.32834570e-03 9.92431591e-03 3.70162067e-02 7.25108354e-02 1.16509094e-01 1.65730323e-01 2.16384719e-01 2.64227123e-01 3.05062518e-01 3.36639487e-01 3.58392914e-01 3.70796434e-01 3.74222339e-01 3.69735415e-01 3.57552848e-01 3.38423835e-01 3.13350382e-01 2.80714376e-01 2.42083578e-01 1.92992531e-01 1.30314482e-01 5.46024188e-02 -2.95012252e-02 -1.09237726e-01 -1.72579101e-01 -2.12043571e-01 -2.25518190e-01 -2.15122496e-01 -1.85586513e-01 -1.44504321e-01 -1.00092379e-01 -5.99052265e-02 -3.39598527e-02 -3.19080463e-02 -4.59363854e-02 -6.34929642e-02 -9.37177041e-02 -1.25332059e-01 -1.43231675e-01 -1.49205853e-01 -1.38104178e-01 -1.48347118e-01 -1.87055790e-01 -2.75521801e-01 -3.52873749e-01 -4.54382620e-01 -5.74037200e-01 -6.79121070e-01 -7.45169062e-01 -7.98481370e-01 -8.60590195e-01 -9.50688596e-01
1.30000000e+01 5.52128119e-02 5.02060691e-02 2.23925053e-02 1.47650850e-02 2.83820344e-03 -1.19010719e-02 -2.30216374e-02 -4.60498447e-02 -6.73197251e-02 -7.22991304e-02 -6.81040889e-02 -6.22109269e-02 -5.09732530e-02 -2.79241629e-02 6.14391523e-05 2.81027065e-02 5.17410449e-02 6.98532358e-02 8.24291101e-02 9.06909472e-02 9.55158661e-02 9.85854329e-02 1.00834262e-01 1.03750508e-01 1.07822972e-01 1.14104472e-01 1.22309792e-01 1.33051012e-01 1.45274692e-01 1.59206678e-01 1.73248479e-01 1.87357237e-01 1.99583991e-01 2.09624726e-01 2.15436307e-01 2.16368893e-01 2.10587908e-01 1.97909262e-01 1.77826378e-01 1.51208745e-01 1.20068580e-01 8.69903239e-02 5.49710627e-02 2.67368404e-02 4.36143815e-03 -1.11583259e-02 -1.85480916e-02 -1.78734383e-02 -8.32828072e-03 9.73254109e-03 3.78645695e-02 7.44258577e-02 1.19509371e-01 1.69557837e-01 2.20654145e-01 2.68631053e-01 3.09296200e-01 3.40630710e-01 3.62187043e-01 3.74535376e-01 3.78005493e-01 3.73642285e-01 3.61518265e-01 3.42300971e-01 3.16768649e-01 2.83066919e-01 2.42890786e-01 1.91622775e-01 1.26419044e-01 4.85472338e-02 -3.68191143e-02 -1.16697508e-01 -1.79553931e-01 -2.18573192e-01 -2.31924591e-01 -2.21779354e-01 -1.92603976e-01 -1.51527376e-01 -1.06374946e-01 -6.49274358e-02 -3.80526161e-02 -3.51133937e-02 -4.72261069e-02 -6.34478596e-02 -9.30888658e-02 -1.22592141e-01 -1.39114296e-01 -1.43318592e-01 -1.32791346e-01 -1.44889716e-01 -1.85799847e-01 -2.72178083e-01 -3.45520909e-01 -4.47379377e-01 -5.68594047e-01 -6.74319809e-01 -7.42948642e-01 -7.96626221e-01 -8.61536832e-01 -9.49740126e-01
1.31000000e+01 5.30951563e-02 4.97294847e-02 2.21467934e-02 1.46522811e-02 3.80951266e-03 -1.09772162e-02 -2.14527414e-02 -4.30153013e-02 -6.50393185e-02 -7.13453963e-02 -6.73269143e-02 -6.14193908e-02 -5.12794766e-02 -2.90198901e-02 -1.49516994e-03 2.66859892e-02 5.07030789e-02 6.93152669e-02 8.23809917e-02 9.11182341e-02 9.63422457e-02 9.97582668e-02 1.02257193e-01 1.05355886e-01 1.09494953e-01 1.15779877e-01 1.23868404e-01 1.34453330e-01 1.46420180e-01 1.60089598e-01 1.73793285e-01 1.87577251e-01 1.99408722e-01 2.09062770e-01 2.14417009e-01 2.14856711e-01 2.08532492e-01 1.95301199e-01 1.74699977e-01 1.47666575e-01 1.16294685e-01 8.31788534e-02 5.13086218e-02 2.33567123e-02 1.35279903e-03 -1.37829708e-02 -2.06966691e-02 -1.94881938e-02 -9.25340603e-03 9.61960449e-03 3.87897453e-02 7.64043926e-02 1.22550650e-01 1.73389547e-01 2.24881105e-01 2.72961280e-01 3.13434881e-01 3.44522553e-01 3.65888707e-01 3.78193140e-01 3.81718213e-01 3.77488027e-01 3.65424357e-01 3.46124617e-01 3.20115152e-01 2.85338532e-01 2.43603985e-01 1.90158627e-01 1.22455187e-01 4.24942435e-02 -4.40351886e-02 -1.23984022e-01 -1.86335046e-01 -2.24926048e-01 -2.38174110e-01 -2.28301566e-01 -1.99512174e-01 -1.58472396e-01 -1.12635364e-01 -7.00237011e-02 -4.22985116e-02 -3.83894968e-02 -4.84994409e-02 -6.34814943e-02 -9.24233067e-02 -1.19768543e-01 -1.34990382e-01 -1.37451272e-01 -1.27828129e-01 -1.41724774e-01 -1.84849812e-01 -2.68559802e-01 -3.38352485e-01 -4.40531050e-01 -5.63081883e-01 -6.69249873e-01 -7.40601651e-01 -7.94527134e-01 -8.62579719e-01 -9.48569608e-01
1.32000000e+01 5.09714102e-02 4.92159684e-02 2.19103243e-02 1.44972648e-02 4.75007241e-03 -1.00029054e-02 -2.00033521e-02 -4.00163813e-02 -6.26093744e-02 -7.03153981e-02 -6.65732136e-02 -6.05630237e-02 -5.15095551e-02 -3.00405093e-02 -3.04174679e-03 2.52478633e-02 4.96256231e-02 6.87372223e-02 8.22971071e-02 9.15184804e-02 9.71502081e-02 1.00921748e-01 1.03678388e-01 1.06966414e-01 1.11175794e-01 1.17467531e-01 1.25438835e-01 1.35867026e-01 1.47573384e-01 1.60977073e-01 1.74337025e-01 1.87790501e-01 1.99217883e-01 2.08477772e-01 2.13364590e-01 2.13300375e-01 2.06431223e-01 1.92645072e-01 1.71533482e-01 1.44100413e-01 1.12519276e-01 7.93897211e-02 4.76886600e-02 2.00328400e-02 -1.59020830e-03 -1.63420725e-02 -2.27742806e-02 -2.10309605e-02 -1.01039017e-02 9.58694609e-03 3.97919808e-02 7.84455017e-02 1.25630442e-01 1.77222445e-01 2.29062086e-01 2.77215517e-01 3.17477782e-01 3.48315391e-01 3.69499458e-01 3.81770935e-01 3.85361832e-01 3.81272928e-01 3.69271111e-01 3.49892374e-01 3.23384573e-01 2.87524732e-01 2.44218591e-01 1.88598853e-01 1.18426978e-01 3.64513224e-02 -5.11411390e-02 -1.31093675e-01 -1.92923641e-01 -2.31105200e-01 -2.44269700e-01 -2.34691123e-01 -2.06309750e-01 -1.65335006e-01 -1.18871088e-01 -7.51961922e-02 -4.66937641e-02 -4.17263899e-02 -4.97631766e-02 -6.35993276e-02 -9.17088119e-02 -1.16872104e-01 -1.30856741e-01 -1.31628186e-01 -1.23218717e-01 -1.38851796e-01 -1.84157914e-01 -2.64663941e-01 -3.31401557e-01 -4.33840026e-01 -5.57488590e-01 -6.63935264e-01 -7.38114832e-01 -7.92207611e-01 -8.63694236e-01 -9.47176039e-01
1.33000000e+01 4.88437954e-02 4.86670226e-02 2.16810815e-02 1.43081794e-02 5.64991497e-03 -8.97345255e-03 -1.86621091e-02 -3.70730988e-02 -6.00372490e-02 -6.91982695e-02 -6.58434713e-02 -5.96471066e-02 -5.16678644e-02 -3.09806701e-02 -4.57434297e-03 2.37915575e-02 4.85099475e-02 6.81195503e-02 8.21773941e-02 9.18913129e-02 9.79392214e-02 1.02075100e-01 1.05096997e-01 1.08581049e-01 1.12864492e-01 1.19166427e-01 1.27020294e-01 1.37291426e-01 1.48733952e-01 1.61868841e-01 1.74879787e-01 1.87997078e-01 1.99011581e-01 2.07869739e-01 2.12279093e-01 2.11699028e-01 2.04284714e-01 1.89941312e-01 1.68328070e-01 1.40511953e-01 1.08744242e-01 7.56248619e-02 4.41125249e-02 1.67660760e-02 -4.46704737e-03 -1.88358150e-02 -2.47808063e-02 -2.25008603e-02 -1.08800772e-02 9.63599188e-03 4.08715132e-02 8.05481048e-02 1.28746171e-01 1.81053423e-01 2.33193545e-01 2.81391611e-01 3.21424237e-01 3.52009747e-01 3.73021006e-01 3.85269888e-01 3.88937703e-01 3.84997274e-01 3.73058448e-01 3.53601533e-01 3.26571581e-01 2.89621034e-01 2.44730143e-01 1.86942458e-01 1.14338847e-01 3.04265379e-02 -5.81289399e-02 -1.38023304e-01 -1.99321197e-01 -2.37113727e-01 -2.50214314e-01 -2.40950024e-01 -2.12995353e-01 -1.72111141e-01 -1.25079975e-01 -8.04468249e-02 -5.12330735e-02 -4.51145346e-02 -5.10254989e-02 -6.38046945e-02 -9.09343151e-02 -1.13914251e-01 -1.26710140e-01 -1.25875886e-01 -1.18963665e-01 -1.36270558e-01 -1.83672114e-01 -2.60497387e-01 -3.24695473e-01 -4.27307552e-01 -5.51802792e-01 -6.58401901e-01 -7.35473173e-01 -7.89694255e-01 -8.64852187e-01 -9.45559829e-01
1.34000000e+01 4.67144051e-02 4.80845106e-02 2.14564669e-02 1.40934048e-02 6.50017422e-03 -7.88676755e-03 -1.74155930e-02 -3.42040432e-02 -5.73325507e-02 -6.79837036e-02 -6.51366717e-02 -5.86767282e-02 -5.17596898e-02 -3.18352058e-02 -6.08907358e-03 2.23204886e-02 4.73574224e-02 6.74627547e-02 8.20218212e-02 9.22363635e-02 9.87087615e-02 1.03217542e-01 1.06512170e-01 1.10198717e-01 1.14560030e-01 1.20875527e-01 1.28611974e-01 1.38725821e-01 1.49901523e-01 1.62764612e-01 1.75421677e-01 1.88197064e-01 1.98789924e-01 2.07238552e-01 2.11160672e-01 2.10051729e-01 2.02093696e-01 1.87190414e-01 1.65084984e-01 1.36902952e-01 1.04971501e-01 7.18862010e-02 4.05815186e-02 1.35572392e-02 -7.27724631e-03 -2.12643386e-02 -2.67162361e-02 -2.38969013e-02 -1.15822815e-02 9.76812784e-03 4.20285241e-02 8.27109668e-02 1.31895175e-01 1.84879265e-01 2.37271929e-01 2.85487568e-01 3.25273694e-01 3.55606286e-01 3.76455201e-01 3.88691033e-01 3.92447234e-01 3.88661395e-01 3.76786122e-01 3.57249126e-01 3.29670866e-01 2.91622948e-01 2.45134330e-01 1.85188714e-01 1.10195566e-01 2.44281253e-02 -6.49908847e-02 -1.44770160e-01 -2.05529449e-01 -2.42954698e-01 -2.56010908e-01 -2.47080248e-01 -2.19567642e-01 -1.78797118e-01 -1.31260305e-01 -8.57771247e-02 -5.59096805e-02 -4.85450337e-02 -5.22957551e-02 -6.40987402e-02 -9.00902391e-02 -1.10906646e-01 -1.22547731e-01 -1.20222630e-01 -1.15060151e-01 -1.33980646e-01 -1.83337189e-01 -2.56076462e-01 -3.18255432e-01 -4.20933912e-01 -5.46014288e-01 -6.52676870e-01 -7.32660717e-01 -7.87015901e-01 -8.66022522e-01 -9.43722557e-01
1.35000000e+01 4.45852153e-02 4.74706067e-02 2.12334525e-02 1.38612882e-02 7.29334857e-03 -6.74334109e-03 -1.62487427e-02 -3.14260322e-02 -5.45069812e-02 -6.66622428e-02 -6.44502924e-02 -5.76566719e-02 -5.17912026e-02 -3.25991666e-02 -7.58215839e-03 2.08382606e-02 4.61695197e-02 6.67673996e-02 8.18303933e-02 9.25532722e-02 9.94583160e-02 1.04348289e-01 1.07923052e-01 1.11818322e-01 1.16261386e-01 1.22593767e-01 1.30213054e-01 1.40169473e-01 1.51075734e-01 1.63664083e-01 1.75962846e-01 1.88390499e-01 1.98553010e-01 2.06584006e-01 2.10009545e-01 2.08357486e-01 1.99858996e-01 1.84392922e-01 1.61805512e-01 1.33275232e-01 1.01203000e-01 6.81756449e-02 3.70969162e-02 1.04070950e-02 -1.00204098e-02 -2.36277116e-02 -2.85806513e-02 -2.52180080e-02 -1.22108140e-02 9.98468404e-03 4.32630753e-02 8.49327009e-02 1.35074709e-01 1.88696622e-01 2.41293716e-01 2.89501582e-01 3.29025715e-01 3.59105834e-01 3.79804000e-01 3.92035306e-01 3.95891913e-01 3.92265666e-01 3.80453648e-01 3.60831971e-01 3.32677153e-01 2.93525976e-01 2.45427015e-01 1.83337196e-01 1.06002235e-01 1.84644675e-02 -7.17196172e-02 -1.51331905e-01 -2.11550358e-01 -2.48631146e-01 -2.61662438e-01 -2.53083735e-01 -2.26025285e-01 -1.85389706e-01 -1.37410765e-01 -9.11881250e-02 -6.07154465e-02 -5.20098181e-02 -5.35841739e-02 -6.44804331e-02 -8.91687630e-02 -1.07860855e-01 -1.18367500e-01 -1.14697766e-01 -1.11502309e-01 -1.31980937e-01 -1.83095971e-01 -2.51426200e-01 -3.12096300e-01 -4.14718562e-01 -5.40114449e-01 -6.46787664e-01 -7.29661405e-01 -7.84202674e-01 -8.67172140e-01 -9.41666702e-01
1.36000000e+01 4.24581007e-02 4.68277369e-02 2.10087400e-02 1.36198885e-02 8.02350843e-03 -5.54614844e-03 -1.51453120e-02 -2.87538127e-02 -5.15741189e-02 -6.52255620e-02 -6.37803342e-02 -5.65913041e-02 -5.17694210e-02 -3.32678514e-02 -9.04996329e-03 1.93486654e-02 4.49478194e-02 6.60341190e-02 8.16031608e-02 9.28416934e-02 1.00187393e-01 1.05466562e-01 1.09328803e-01 1.13438755e-01 1.17967540e-01 1.24320072e-01 1.31822706e-01 1.41621627e-01 1.52256221e-01 1.64566948e-01 1.76503491e-01 1.88577311e-01 1.98300909e-01 2.05905862e-01 2.08825936e-01 2.06615307e-01 1.97581508e-01 1.81549436e-01 1.58490989e-01 1.29630684e-01 9.74407178e-02 6.44950693e-02 3.36599761e-02 7.31632203e-03 -1.26962342e-02 -2.59259231e-02 -3.03741994e-02 -2.64630449e-02 -1.27658518e-02 1.02869159e-02 4.45750562e-02 8.72117924e-02 1.38281939e-01 1.92501997e-01 2.45255486e-01 2.93432063e-01 3.32679980e-01 3.62509388e-01 3.83069449e-01 3.95303562e-01 3.99273346e-01 3.95810468e-01 3.84060288e-01 3.64346684e-01 3.35585202e-01 2.95325622e-01 2.45604236e-01 1.81387818e-01 1.01764251e-01 1.25440809e-02 -7.83081632e-02 -1.57706591e-01 -2.17386087e-01 -2.54146046e-01 -2.67171863e-01 -2.58962356e-01 -2.32366972e-01 -1.91886170e-01 -1.43530419e-01 -9.66802961e-02 -6.56409491e-02 -5.55017996e-02 -5.49015818e-02 -6.49466386e-02 -8.81640407e-02 -1.04788036e-01 -1.14168700e-01 -1.09331082e-01 -1.08281626e-01 -1.30269037e-01 -1.82890686e-01 -2.46579373e-01 -3.06226631e-01 -4.08660233e-01 -5.34096578e-01 -6.40761437e-01 -7.26459928e-01 -7.81284987e-01 -8.68266743e-01 -9.39395348e-01
1.37000000e+01 4.03348526e-02 4.61585129e-02 2.07789227e-02 1.33767393e-02 8.68644352e-03 -4.30047800e-03 -1.40883548e-02 -2.61998132e-02 -4.85491463e-02 -6.36667419e-02 -6.31213918e-02 -5.54844626e-02 -5.17021522e-02 -3.38368379e-02 -1.04890411e-02 1.78556873e-02 4.36940168e-02 6.52636291e-02 8.13402283e-02 9.31013018e-02 1.00895529e-01 1.06571598e-01 1.10728595e-01 1.15058907e-01 1.19677489e-01 1.26053359e-01 1.33440092e-01 1.43081512e-01 1.53442628e-01 1.65472892e-01 1.77043849e-01 1.88757244e-01 1.98033682e-01 2.05203880e-01 2.07610025e-01 2.04824256e-01 1.95262161e-01 1.78660618e-01 1.55142789e-01 1.25971278e-01 9.36866681e-02 6.08463011e-02 3.02719431e-02 4.28547589e-03 -1.53045185e-02 -2.81588912e-02 -3.20970612e-02 -2.76308350e-02 -1.32474014e-02 1.06759683e-02 4.59641563e-02 8.95466357e-02 1.41513937e-01 1.96291725e-01 2.49153994e-01 2.97277649e-01 3.36236284e-01 3.65818127e-01 3.86253645e-01 3.98496604e-01 4.02593264e-01 3.99296138e-01 3.87605064e-01 3.67789683e-01 3.38389825e-01 2.97017406e-01 2.45662214e-01 1.79340865e-01 9.74872696e-02 6.67560270e-03 -8.47499621e-02 -1.63892640e-01 -2.23038985e-01 -2.59502305e-01 -2.72542139e-01 -2.64717892e-01 -2.38591438e-01 -1.98284277e-01 -1.49618690e-01 -1.02253475e-01 -7.06755984e-02 -5.90150013e-02 -5.62591260e-02 -6.54922337e-02 -8.70723795e-02 -1.01698659e-01 -1.09952264e-01 -1.04152124e-01 -1.05387368e-01 -1.28840727e-01 -1.82664346e-01 -2.41575292e-01 -3.00648881e-01 -4.02757004e-01 -5.27956226e-01 -6.34624308e-01 -7.23042557e-01 -7.78292547e-01 -8.69271712e-01 -9.36911870e-01
1.38000000e+01 3.82171958e-02 4.54656618e-02 2.05406416e-02 1.31386389e-02 9.27974929e-03 -3.01368943e-03 -1.30607229e-02 -2.37739539e-02 -4.54485331e-02 -6.19805206e-02 -6.24667595e-02 -5.43393484e-02 -5.15979171e-02 -3.43020100e-02 -1.18961731e-02 1.63635095e-02 4.24099273e-02 6.44567374e-02 8.10417606e-02 9.33317968e-02 1.01582290e-01 1.07662651e-01 1.12121625e-01 1.16677674e-01 1.21390247e-01 1.27792539e-01 1.35064362e-01 1.44548346e-01 1.54634601e-01 1.66381598e-01 1.77584179e-01 1.88929825e-01 1.97751402e-01 2.04477837e-01 2.06361906e-01 2.02983519e-01 1.92901874e-01 1.75727210e-01 1.51762329e-01 1.22299071e-01 8.99428889e-02 5.72310992e-02 2.69340515e-02 1.31496444e-03 -1.78451716e-02 -3.03264763e-02 -3.37494142e-02 -2.87201831e-02 -1.36552730e-02 1.11528201e-02 4.74298622e-02 9.19355758e-02 1.44767678e-01 2.00061981e-01 2.52986242e-01 3.01037191e-01 3.39694525e-01 3.69033412e-01 3.89358710e-01 4.01615228e-01 4.05853511e-01 4.02722934e-01 3.91086800e-01 3.71157171e-01 3.41085915e-01 2.98596883e-01 2.45597359e-01 1.77197023e-01 9.31771627e-02 8.67764926e-04 -9.10388974e-02 -1.69888828e-01 -2.28511556e-01 -2.64702741e-01 -2.77776214e-01 -2.70351998e-01 -2.44697512e-01 -2.04582269e-01 -1.55675354e-01 -1.07906778e-01 -7.58077771e-02 -6.25446682e-02 -5.76679989e-02 -6.61102580e-02 -8.58923651e-02 -9.86022717e-02 -1.05721153e-01 -9.91895408e-02 -1.02807042e-01 -1.27689424e-01 -1.82362161e-01 -2.36458440e-01 -2.95359802e-01 -3.97006317e-01 -5.21691447e-01 -6.28400741e-01 -7.19397922e-01 -7.75253384e-01 -8.70152981e-01 -9.34219623e-01
1.39000000e+01 3.61068025e-02 4.47519543e-02 2.02907352e-02 1.29114722e-02 9.80285376e-03 -1.69490805e-03 -1.20455654e-02 -2.14835108e-02 -4.22896854e-02 -6.01635141e-02 -6.18085751e-02 -5.31584242e-02 -5.14658558e-02 -3.46595831e-02 -1.32684124e-02 1.48765172e-02 4.10974866e-02 6.36143469e-02 8.07079855e-02 9.35329015e-02 1.02247275e-01 1.08738993e-01 1.13507105e-01 1.18293961e-01 1.23104847e-01 1.29536509e-01 1.36694644e-01 1.46021346e-01 1.55831796e-01 1.67292736e-01 1.78124724e-01 1.89094371e-01 1.97454186e-01 2.03727543e-01 2.05081541e-01 2.01092488e-01 1.90501498e-01 1.72750051e-01 1.48351063e-01 1.18616198e-01 8.62114378e-02 5.36511403e-02 2.36475299e-02 -1.59496386e-03 -2.03182186e-02 -3.24284931e-02 -3.53313924e-02 -2.97299155e-02 -1.39890600e-02 1.17182174e-02 4.89714713e-02 9.43769436e-02 1.48040022e-01 2.03808820e-01 2.56749498e-01 3.04709726e-01 3.43054694e-01 3.72156789e-01 3.92386759e-01 4.04660292e-01 4.09055992e-01 4.06091016e-01 3.94504141e-01 3.74445126e-01 3.43668500e-01 3.00059658e-01 2.45406297e-01 1.74957387e-01 8.88399657e-02 -4.87065009e-03 -9.71693262e-02 -1.75694265e-01 -2.33806444e-01 -2.69750073e-01 -2.82877030e-01 -2.75866190e-01 -2.50684163e-01 -2.10778822e-01 -1.61700531e-01 -1.13638497e-01 -8.10250030e-02 -6.60873415e-02 -5.91391621e-02 -6.67921108e-02 -8.46249206e-02 -9.55073291e-02 -1.01480660e-01 -9.44704418e-02 -1.00526845e-01 -1.26805698e-01 -1.81932932e-01 -2.31276991e-01 -2.90350994e-01 -3.91404976e-01 -5.15302975e-01 -6.22113007e-01 -7.15517706e-01 -7.72192937e-01 -8.70877893e-01 -9.31321641e-01
1.40000000e+01 3.40053072e-02 4.40201333e-02 2.00263772e-02 1.27000754e-02 1.02569848e-02 -3.54665939e-04 -1.10268163e-02 -1.93330287e-02 -3.90905747e-02 -5.82143953e-02 -6.11379958e-02 -5.19433259e-02 -5.13156159e-02 -3.49061269e-02 -1.46031295e-02 1.33992978e-02 3.97587465e-02 6.27374577e-02 8.03391948e-02 9.37043609e-02 1.02890112e-01 1.09799911e-01 1.14884267e-01 1.19906681e-01 1.24820334e-01 1.31284147e-01 1.38330051e-01 1.47499732e-01 1.57033879e-01 1.68205965e-01 1.78665665e-01 1.89250040e-01 1.97142195e-01 2.02952849e-01 2.03768711e-01 1.99150826e-01 1.88061752e-01 1.69730080e-01 1.44910484e-01 1.14924869e-01 8.24943819e-02 5.01080067e-02 2.04136027e-02 -4.44422347e-03 -2.27238107e-02 -3.44647147e-02 -3.68430500e-02 -3.06589384e-02 -1.42481137e-02 1.23726108e-02 5.05881187e-02 9.68690752e-02 1.51327700e-01 2.07528231e-01 2.60441300e-01 3.08294449e-01 3.46316864e-01 3.75189985e-01 3.95339865e-01 4.07632805e-01 4.12202607e-01 4.09400451e-01 3.97855562e-01 3.77649284e-01 3.46132795e-01 3.01401387e-01 2.45085902e-01 1.72623461e-01 8.44818429e-02 -1.05308730e-02 -1.03136104e-01 -1.81308388e-01 -2.38926403e-01 -2.74646923e-01 -2.87847526e-01 -2.81261834e-01 -2.56550541e-01 -2.16873030e-01 -1.67694646e-01 -1.19446015e-01 -8.63141138e-02 -6.96408840e-02 -6.06830686e-02 -6.75277983e-02 -8.32733033e-02 -9.24210894e-02 -9.72386245e-02 -9.00198059e-02 -9.85321104e-02 -1.26176867e-01 -1.81330365e-01 -2.26081244e-01 -2.85609592e-01 -3.85949106e-01 -5.08794331e-01 -6.15780751e-01 -7.11397225e-01 -7.69133237e-01 -8.71416003e-01 -9.28220339e-01
1.41000000e+01 3.19143262e-02 4.32728466e-02 1.97452018e-02 1.25081457e-02 1.06450775e-02 9.95495684e-04 -9.98966192e-03 -1.73242781e-02 -3.58693712e-02 -5.61340204e-02 -6.04454033e-02 -5.06947922e-02 -5.11572222e-02 -3.50385867e-02 -1.58980576e-02 1.19366376e-02 3.83958680e-02 6.18271662e-02 7.99357449e-02 9.38459375e-02 1.03510452e-01 1.10844699e-01 1.16252349e-01 1.21514745e-01 1.26535767e-01 1.33034313e-01 1.39969670e-01 1.48982738e-01 1.58240523e-01 1.69120922e-01 1.79207090e-01 1.89395899e-01 1.96815625e-01 2.02153662e-01 2.02422978e-01 1.97158521e-01 1.85583166e-01 1.66668329e-01 1.41442128e-01 1.11227347e-01 7.87937857e-02 4.66031781e-02 1.72334876e-02 -7.23289133e-03 -2.50622294e-02 -3.64348655e-02 -3.82843312e-02 -3.15063065e-02 -1.44315109e-02 1.31161093e-02 5.22788061e-02 9.94103127e-02 1.54627297e-01 2.11216201e-01 2.64059442e-01 3.11790685e-01 3.49481195e-01 3.78134903e-01 3.98220020e-01 4.10534011e-01 4.15295168e-01 4.12651204e-01 4.01139351e-01 3.80765144e-01 3.48474260e-01 3.02617778e-01 2.44633339e-01 1.70197125e-01 8.01090679e-02 -1.61042215e-02 -1.08934601e-01 -1.86730940e-01 -2.43874282e-01 -2.79395812e-01 -2.92690644e-01 -2.86540164e-01 -2.62295988e-01 -2.22864396e-01 -1.73658346e-01 -1.25325749e-01 -9.16614746e-02 -7.32044609e-02 -6.23093882e-02 -6.83062241e-02 -8.18430405e-02 -8.93495711e-02 -9.30055773e-02 -8.58599501e-02 -9.68077093e-02 -1.25786696e-01 -1.80514277e-01 -2.20922040e-01 -2.81119052e-01 -3.80634109e-01 -5.02171840e-01 -6.09420686e-01 -7.07035873e-01 -7.66092197e-01 -8.71739808e-01 -9.24917243e-01
1.42000000e+01 2.98354821e-02 4.25125899e-02 1.94454079e-02 1.23381983e-02 1.09716229e-02 2.34344766e-03 -8.92097397e-03 -1.54562516e-02 -3.26441037e-02 -5.39254948e-02 -5.97206306e-02 -4.94126163e-02 -5.10009276e-02 -3.50543023e-02 -1.71513374e-02 1.04935154e-02 3.70111132e-02 6.08846654e-02 7.94980574e-02 9.39574068e-02 1.04107967e-01 1.11872655e-01 1.17610596e-01 1.23117066e-01 1.28250213e-01 1.34785843e-01 1.41612561e-01 1.50469616e-01 1.59451404e-01 1.70037206e-01 1.79748973e-01 1.89530993e-01 1.96474679e-01 2.01329953e-01 2.01043659e-01 1.95115892e-01 1.83066043e-01 1.63565919e-01 1.37947593e-01 1.07525938e-01 7.51117008e-02 4.31380266e-02 1.41083894e-02 -9.96120252e-03 -2.73338806e-02 -3.83386051e-02 -3.96550505e-02 -3.22712872e-02 -1.45380278e-02 1.39484587e-02 5.40424258e-02 1.01998987e-01 1.57935235e-01 2.14868757e-01 2.67601971e-01 3.15197876e-01 3.52547964e-01 3.80993611e-01 4.01029082e-01 4.13365471e-01 4.18335330e-01 4.15843120e-01 4.04353589e-01 3.83787976e-01 3.50688639e-01 3.03704603e-01 2.44046115e-01 1.67680604e-01 7.57280216e-02 -2.15821746e-02 -1.14560715e-01 -1.91961973e-01 -2.48652982e-01 -2.83999158e-01 -2.97409340e-01 -2.91702300e-01 -2.67920041e-01 -2.28752845e-01 -1.79592417e-01 -1.31273118e-01 -9.70532077e-02 -7.67784778e-02 -6.40267490e-02 -6.91155098e-02 -8.03418033e-02 -8.62975839e-02 -8.87947979e-02 -8.20100729e-02 -9.53384079e-02 -1.25615222e-01 -1.79451641e-01 -2.15849208e-01 -2.76860014e-01 -3.75454617e-01 -4.95444575e-01 -6.03046411e-01 -7.02437425e-01 -7.63083042e-01 -8.71825385e-01 -9.21412741e-01
1.43000000e+01 2.77704265e-02 4.17416615e-02 1.91258354e-02 1.21915631e-02 1.12424642e-02 3.67690374e-03 -7.80969782e-03 -1.37251974e-02 -2.94323658e-02 -5.15941770e-02 -5.89531974e-02 -4.80956269e-02 -5.08570472e-02 -3.49510272e-02 -1.83615610e-02 9.07509390e-03 3.56068351e-02 5.99112442e-02 7.90266196e-02 9.40385535e-02 1.04682349e-01 1.12883080e-01 1.18958252e-01 1.24712545e-01 1.29962746e-01 1.36537557e-01 1.43257753e-01 1.51959639e-01 1.60666189e-01 1.70954377e-01 1.80291178e-01 1.89654422e-01 1.96119545e-01 2.00481746e-01 1.99629834e-01 1.93023580e-01 1.80510445e-01 1.60424052e-01 1.34428558e-01 1.03822958e-01 7.14501629e-02 3.97138176e-02 1.10394910e-02 -1.26295423e-02 -2.95392747e-02 -4.01755131e-02 -4.09548891e-02 -3.29534065e-02 -1.45661301e-02 1.48690528e-02 5.58777720e-02 1.04633394e-01 1.61247769e-01 2.18481988e-01 2.71067188e-01 3.18515559e-01 3.55517602e-01 3.83768319e-01 4.03768729e-01 4.16129120e-01 4.21324545e-01 4.18975887e-01 4.07496138e-01 3.86712859e-01 3.52771996e-01 3.04657699e-01 2.43322127e-01 1.65076426e-01 7.13451986e-02 -2.69564419e-02 -1.20010867e-01 -1.97001837e-01 -2.53265429e-01 -2.88459270e-01 -3.02006589e-01 -2.96749273e-01 -2.73422420e-01 -2.34538727e-01 -1.85497698e-01 -1.37282528e-01 -1.02475441e-01 -8.03644790e-02 -6.58425117e-02 -6.99433316e-02 -7.87792166e-02 -8.32688355e-02 -8.46222742e-02 -7.84858842e-02 -9.41091593e-02 -1.25638713e-01 -1.78117446e-01 -2.10910080e-01 -2.72811197e-01 -3.70404444e-01 -4.88624214e-01 -5.96668364e-01 -6.97610173e-01 -7.60113896e-01 -8.71652929e-01 -9.17705880e-01
1.44000000e+01 2.57208542e-02 4.09621289e-02 1.87860123e-02 1.20684204e-02 1.14645504e-02 4.98384675e-03 -6.64718303e-03 -1.21246949e-02 -2.62510625e-02 -4.91476281e-02 -5.81325452e-02 -4.67417030e-02 -5.07357769e-02 -3.47269475e-02 -1.95278153e-02 7.68670639e-03 3.41854670e-02 5.89082857e-02 7.85219849e-02 9.40891684e-02 1.05233306e-01 1.13875271e-01 1.20294556e-01 1.26300082e-01 1.31672454e-01 1.38288265e-01 1.44904235e-01 1.53452105e-01 1.61884524e-01 1.71871950e-01 1.80833468e-01 1.89765398e-01 1.95750376e-01 1.99609096e-01 1.98180376e-01 1.90882502e-01 1.77916207e-01 1.57244005e-01 1.30886801e-01 1.00120712e-01 6.78111963e-02 3.63317143e-02 8.02794060e-03 -1.52384343e-02 -3.16789978e-02 -4.19450874e-02 -4.21834058e-02 -3.35524672e-02 -1.45139905e-02 1.58769783e-02 5.77835385e-02 1.07311756e-01 1.64561004e-01 2.22052042e-01 2.74453681e-01 3.21743356e-01 3.58390744e-01 3.86461346e-01 4.06440425e-01 4.18827282e-01 4.24264012e-01 4.22048999e-01 4.10564642e-01 3.89534716e-01 3.54720722e-01 3.05472991e-01 2.42459721e-01 1.62387382e-01 6.69672153e-02 -3.22190264e-02 -1.25281991e-01 -2.01851183e-01 -2.57714528e-01 -2.92778345e-01 -3.06485395e-01 -3.01682029e-01 -2.78803060e-01 -2.40222791e-01 -1.91375012e-01 -1.43347382e-01 -1.07914560e-01 -8.39650070e-02 -6.77625889e-02 -7.07772655e-02 -7.71666113e-02 -8.02661072e-02 -8.05065709e-02 -7.52993328e-02 -9.31053233e-02 -1.25829780e-01 -1.76495321e-01 -2.06148127e-01 -2.68950300e-01 -3.65476548e-01 -4.81724821e-01 -5.90293908e-01 -6.92566906e-01 -7.57187538e-01 -8.71207155e-01 -9.13794196e-01
1.45000000e+01 2.36885083e-02 4.01758009e-02 1.84261738e-02 1.19678695e-02 1.16456616e-02 6.25293517e-03 -5.42744658e-03 -1.06457848e-02 -2.31161752e-02 -4.65955236e-02 -5.72482565e-02 -4.53478301e-02 -5.06469981e-02 -3.43807029e-02 -2.06497237e-02 6.33383974e-03 3.27495107e-02 5.78772679e-02 7.79847710e-02 9.41090456e-02 1.05760561e-01 1.14848528e-01 1.21618742e-01 1.27878569e-01 1.33378428e-01 1.40036780e-01 1.46550955e-01 1.54946340e-01 1.63106017e-01 1.72789424e-01 1.81375516e-01 1.89863297e-01 1.95367259e-01 1.98712041e-01 1.96693994e-01 1.88693809e-01 1.75282959e-01 1.54027131e-01 1.27324222e-01 9.64214653e-02 6.41968269e-02 3.29927855e-02 5.07483124e-03 -1.77885247e-02 -3.37536784e-02 -4.36467609e-02 -4.33400600e-02 -3.40685366e-02 -1.43795382e-02 1.69710919e-02 5.97583074e-02 1.10032191e-01 1.67870919e-01 2.25575125e-01 2.77760350e-01 3.24880944e-01 3.61168277e-01 3.89075080e-01 4.09045410e-01 4.21462678e-01 4.27154645e-01 4.25061714e-01 4.13556554e-01 3.92248363e-01 3.56531543e-01 3.06146500e-01 2.41457744e-01 1.59616502e-01 6.26008113e-02 -3.73622813e-02 -1.30371513e-01 -2.06510959e-01 -2.62003144e-01 -2.96958471e-01 -3.10848792e-01 -3.06501424e-01 -2.84062141e-01 -2.45806141e-01 -1.97225093e-01 -1.49460088e-01 -1.13357455e-01 -8.75834316e-02 -6.97913107e-02 -7.16051311e-02 -7.55167348e-02 -7.72914853e-02 -7.64686013e-02 -7.24584373e-02 -9.23128046e-02 -1.26157642e-01 -1.74577928e-01 -2.01601759e-01 -2.65254869e-01 -3.60663019e-01 -4.74762544e-01 -5.83927541e-01 -6.87324716e-01 -7.54301344e-01 -8.70477587e-01 -9.09673591e-01
1.46000000e+01 2.16751856e-02 3.93842044e-02 1.80472559e-02 1.18880295e-02 1.17941187e-02 7.47387641e-03 -4.14735902e-03 -9.27716134e-03 -2.00425326e-02 -4.39495412e-02 -5.62902467e-02 -4.39102041e-02 -5.06000735e-02 -3.39114078e-02 -2.17274845e-02 5.02211474e-03 3.13015275e-02 5.68197658e-02 7.74156553e-02 9.40979812e-02 1.06263849e-01 1.15802151e-01 1.22930027e-01 1.29446899e-01 1.35079764e-01 1.41781926e-01 1.48196815e-01 1.56441701e-01 1.64330221e-01 1.73706321e-01 1.81916900e-01 1.89947697e-01 1.94970194e-01 1.97790555e-01 1.95169280e-01 1.86458845e-01 1.72610157e-01 1.50774857e-01 1.23742844e-01 9.27274167e-02 6.06090966e-02 2.96980116e-02 2.18117420e-03 -2.02805596e-02 -3.57639577e-02 -4.52799325e-02 -4.44242409e-02 -3.45019074e-02 -1.41605384e-02 1.81501183e-02 6.18005302e-02 1.12792674e-01 1.71173408e-01 2.29047485e-01 2.80986444e-01 3.27928019e-01 3.63851377e-01 3.91611938e-01 4.11584729e-01 4.24038400e-01 4.29997039e-01 4.28013020e-01 4.16469165e-01 3.94848563e-01 3.58201495e-01 3.06674360e-01 2.40315603e-01 1.56767031e-01 5.82528417e-02 -4.23789633e-02 -1.35277321e-01 -2.10982419e-01 -2.66134072e-01 -3.01001659e-01 -3.15099832e-01 -3.11208209e-01 -2.89200125e-01 -2.51290194e-01 -2.03048516e-01 -1.55612100e-01 -1.18791737e-01 -9.12237609e-02 -7.19313291e-02 -7.24153291e-02 -7.38434357e-02 -7.43466335e-02 -7.25313109e-02 -6.99672229e-02 -9.17181104e-02 -1.26588543e-01 -1.72367083e-01 -1.97303319e-01 -2.61703107e-01 -3.55955085e-01 -4.67755263e-01 -5.77571217e-01 -6.81904644e-01 -7.51447392e-01 -8.69458693e-01 -9.05338265e-01
1.47000000e+01 1.96827446e-02 3.85885677e-02 1.76508636e-02 1.18261655e-02 1.19184881e-02 8.63775582e-03 -2.80674467e-03 -8.00542529e-03 -1.70435881e-02 -4.12232306e-02 -5.52489206e-02 -4.24243849e-02 -5.06036345e-02 -3.33186739e-02 -2.27619022e-02 3.75726450e-03 2.98441276e-02 5.57374583e-02 7.68153685e-02 9.40557749e-02 1.06742911e-01 1.16735448e-01 1.24227600e-01 1.31003969e-01 1.36775546e-01 1.43522562e-01 1.49840668e-01 1.57937587e-01 1.65556622e-01 1.74622224e-01 1.82457098e-01 1.90018387e-01 1.94559065e-01 1.96844507e-01 1.93604767e-01 1.84179112e-01 1.69897121e-01 1.47488702e-01 1.20144816e-01 8.90406906e-02 5.70500741e-02 2.64482919e-02 -6.52132508e-04 -2.27153550e-02 -3.77104674e-02 -4.68440031e-02 -4.54352960e-02 -3.48530412e-02 -1.38546966e-02 1.94127538e-02 6.39085076e-02 1.15591005e-01 1.74464330e-01 2.32465414e-01 2.84131580e-01 3.30884272e-01 3.66441541e-01 3.94074340e-01 4.14059262e-01 4.26557875e-01 4.32791447e-01 4.30901609e-01 4.19299641e-01 3.97330063e-01 3.59727906e-01 3.07052832e-01 2.39033298e-01 1.53842415e-01 5.39302575e-02 -4.72622843e-02 -1.39997739e-01 -2.15267122e-01 -2.70110022e-01 -3.04909875e-01 -3.19241561e-01 -3.15803038e-01 -2.94217771e-01 -2.56676635e-01 -2.08845639e-01 -1.61793964e-01 -1.24205925e-01 -9.48904403e-02 -7.41835545e-02 -7.31971675e-02 -7.21613327e-02 -7.14330977e-02 -6.87192802e-02 -6.78257583e-02 -9.13083287e-02 -1.27086315e-01 -1.69873615e-01 -1.93278299e-01 -2.58274590e-01 -3.51343155e-01 -4.60722171e-01 -5.71224769e-01 -6.76331186e-01 -7.48612758e-01 -8.68149895e-01 -9.00780693e-01
1.48000000e+01 1.77131127e-02 3.77898132e-02 1.72392139e-02 1.17788373e-02 1.20272914e-02 9.73731251e-03 -1.40839081e-03 -6.81538595e-03 -1.41312181e-02 -3.84318654e-02 -5.41152883e-02 -4.08854967e-02 -5.06653642e-02 -3.26026301e-02 -2.37544069e-02 2.54511263e-03 2.83799595e-02 5.46321359e-02 7.61846848e-02 9.39822356e-02 1.07197489e-01 1.17647738e-01 1.25510610e-01 1.32548686e-01 1.38464837e-01 1.45257590e-01 1.51481328e-01 1.59433435e-01 1.66784627e-01 1.75536807e-01 1.82995480e-01 1.90075368e-01 1.94133622e-01 1.95873622e-01 1.91998979e-01 1.81856246e-01 1.67143077e-01 1.44170283e-01 1.16532402e-01 8.53633327e-02 5.35218599e-02 2.32444507e-02 -3.42433781e-03 -2.50937592e-02 -3.95938199e-02 -4.83384094e-02 -4.63725547e-02 -3.51225062e-02 -1.34597697e-02 2.07577552e-02 6.60803706e-02 1.18424796e-01 1.77739546e-01 2.35825254e-01 2.87195755e-01 3.33749372e-01 3.68940589e-01 3.96464685e-01 4.16469774e-01 4.29024800e-01 4.35537758e-01 4.33725868e-01 4.22045063e-01 3.99687649e-01 3.61108366e-01 3.07278321e-01 2.37611447e-01 1.50846292e-01 4.96400792e-02 -5.20059591e-02 -1.44531496e-01 -2.19366940e-01 -2.73933595e-01 -3.08685095e-01 -3.23276964e-01 -3.20286485e-01 -2.99116120e-01 -2.61967392e-01 -2.14616534e-01 -1.67995397e-01 -1.29589610e-01 -9.85881453e-02 -7.65471205e-02 -7.39411705e-02 -7.04854752e-02 -6.85526362e-02 -6.50582612e-02 -6.60302919e-02 -9.10710362e-02 -1.27613078e-01 -1.67116953e-01 -1.89544802e-01 -2.54950872e-01 -3.46816904e-01 -4.53683324e-01 -5.64886410e-01 -6.70631664e-01 -7.45779961e-01 -8.66555431e-01 -8.95991651e-01
1.49000000e+01 1.57682855e-02 3.69885585e-02 1.68150576e-02 1.17420686e-02 1.21287316e-02 1.07671529e-02 4.20344169e-05 -5.69040633e-03 -1.13155483e-02 -3.55922722e-02 -5.28810437e-02 -3.92884698e-02 -5.07917804e-02 -3.17639391e-02 -2.47070604e-02 1.39155263e-03 2.69116965e-02 5.35057108e-02 7.55244114e-02 9.38771936e-02 1.07627322e-01 1.18538366e-01 1.26778141e-01 1.34079981e-01 1.40146649e-01 1.46985975e-01 1.53117581e-01 1.60928730e-01 1.68013570e-01 1.76449837e-01 1.83531311e-01 1.90118819e-01 1.93693470e-01 1.94877469e-01 1.90350474e-01 1.79491989e-01 1.64347203e-01 1.40821329e-01 1.12907960e-01 8.16973191e-02 5.00265803e-02 2.00872460e-02 -6.13487086e-03 -2.74166095e-02 -4.14146087e-02 -4.97626486e-02 -4.72353437e-02 -3.53109195e-02 -1.29736679e-02 2.21840035e-02 6.83140667e-02 1.21291453e-01 1.80994958e-01 2.39123418e-01 2.90179335e-01 3.36522967e-01 3.71350657e-01 3.98785338e-01 4.18816959e-01 4.31443059e-01 4.38235494e-01 4.36483881e-01 4.24702467e-01 4.01916193e-01 3.62340687e-01 3.07347402e-01 2.36051280e-01 1.47782479e-01 4.53893651e-02 -5.66042503e-02 -1.48877700e-01 -2.23284060e-01 -2.77607264e-01 -3.12329361e-01 -3.27208913e-01 -3.24659082e-01 -3.03896459e-01 -2.67164617e-01 -2.20360920e-01 -1.74205391e-01 -1.34933584e-01 -1.02321566e-01 -7.90193809e-02 -7.46393645e-02 -6.88310050e-02 -6.57075637e-02 -6.15746599e-02 -6.45734760e-02 -9.09941452e-02 -1.28130052e-01 -1.64124473e-01 -1.86113260e-01 -2.51715959e-01 -3.42365383e-01 -4.46659159e-01 -5.58553294e-01 -6.64835495e-01 -7.42927567e-01 -8.64684096e-01 -8.90960292e-01
1.50000000e+01 1.38503134e-02 3.61851264e-02 1.63815828e-02 1.17115310e-02 1.22304441e-02 1.17238930e-02 1.53615314e-03 -4.61278866e-03 -8.60481593e-03 -3.27226329e-02 -5.15386114e-02 -3.76283088e-02 -5.09880190e-02 -3.08038103e-02 -2.56225473e-02 3.02528174e-04 2.54420235e-02 5.23602291e-02 7.48353757e-02 9.37405175e-02 1.08032130e-01 1.19406711e-01 1.28029199e-01 1.35596818e-01 1.41819930e-01 1.48706751e-01 1.54748201e-01 1.62422999e-01 1.69242723e-01 1.77361171e-01 1.84063772e-01 1.90149052e-01 1.93238070e-01 1.93855445e-01 1.88657887e-01 1.77088160e-01 1.61508677e-01 1.37443678e-01 1.09273918e-01 7.80445713e-02 4.65663740e-02 1.69773809e-02 -8.78337285e-03 -2.96846846e-02 -4.31734200e-02 -5.11162926e-02 -4.80229955e-02 -3.54188999e-02 -1.23945342e-02 2.36905325e-02 7.06073541e-02 1.24188178e-01 1.84226538e-01 2.42356417e-01 2.93083021e-01 3.39204714e-01 3.73674160e-01 4.01038619e-01 4.21101487e-01 4.33816609e-01 4.40883823e-01 4.39173448e-01 4.27268881e-01 4.04010701e-01 3.63422877e-01 3.07256860e-01 2.34354630e-01 1.44654970e-01 4.11851765e-02 -6.10520050e-02 -1.53035815e-01 -2.27020978e-01 -2.81133347e-01 -3.15844834e-01 -3.31040094e-01 -3.28921352e-01 -3.08560283e-01 -2.72270661e-01 -2.26078106e-01 -1.80412333e-01 -1.40229956e-01 -1.06095183e-01 -8.15959488e-02 -7.52855291e-02 -6.72128323e-02 -6.29010957e-02 -5.82949810e-02 -6.34446710e-02 -9.10657021e-02 -1.28598463e-01 -1.60930603e-01 -1.82986418e-01 -2.48556644e-01 -3.37977166e-01 -4.39670011e-01 -5.52222107e-01 -6.58973375e-01 -7.40030906e-01 -8.62548861e-01 -8.85674267e-01
1.51000000e+01 1.19612721e-02 3.53795648e-02 1.59423062e-02 1.16827345e-02 1.23392803e-02 1.26062225e-02 3.06313386e-03 -3.56419589e-03 -6.00526622e-03 -2.98422570e-02 -5.00811674e-02 -3.59003770e-02 -5.12576243e-02 -2.97240070e-02 -2.65041505e-02 -7.15987226e-04 2.39736209e-02 5.11978828e-02 7.41184148e-02 9.35721346e-02 1.08411598e-01 1.20252199e-01 1.29262696e-01 1.37098202e-01 1.43483546e-01 1.50419030e-01 1.56371980e-01 1.63915798e-01 1.70471322e-01 1.78270732e-01 1.84591987e-01 1.90166458e-01 1.92766749e-01 1.92806781e-01 1.86919968e-01 1.74646609e-01 1.58626728e-01 1.34039268e-01 1.05632737e-01 7.44069776e-02 4.31433698e-02 1.39155211e-02 -1.13697263e-02 -3.18986560e-02 -4.48708498e-02 -5.23989908e-02 -4.87348548e-02 -3.54470337e-02 -1.17207972e-02 2.52765265e-02 7.29578057e-02 1.27111969e-01 1.87430347e-01 2.45520904e-01 2.95907801e-01 3.41794315e-01 3.75913751e-01 4.03226781e-01 4.23324054e-01 4.36149363e-01 4.43481573e-01 4.41792112e-01 4.29741351e-01 4.05966365e-01 3.64353097e-01 3.07003739e-01 2.32523899e-01 1.41467931e-01 3.70345393e-02 -6.53446833e-02 -1.57005628e-01 -2.30580501e-01 -2.84513996e-01 -3.19233840e-01 -3.34772967e-01 -3.33073846e-01 -3.13109246e-01 -2.77288041e-01 -2.31766941e-01 -1.86604146e-01 -1.45472236e-01 -1.09913039e-01 -8.42707832e-02 -7.58754016e-02 -6.56453345e-02 -6.01376776e-02 -5.52452484e-02 -6.26303139e-02 -9.12736536e-02 -1.28980502e-01 -1.57575728e-01 -1.80159565e-01 -2.45462696e-01 -3.33640532e-01 -4.32735630e-01 -5.45889674e-01 -6.53076413e-01 -7.37062908e-01 -8.60166389e-01 -8.80119893e-01
1.52000000e+01 1.01032200e-02 3.45716801e-02 1.55009532e-02 1.16512150e-02 1.24611287e-02 1.34148865e-02 4.61002702e-03 -2.52609957e-03 -3.52108674e-03 -2.69713219e-02 -4.85026434e-02 -3.41006823e-02 -5.16023489e-02 -2.85268502e-02 -2.73557119e-02 -1.65801391e-03 2.25091473e-02 5.00210210e-02 7.33743651e-02 9.33720532e-02 1.08765353e-01 1.21074301e-01 1.30477447e-01 1.38583192e-01 1.45136274e-01 1.52121992e-01 1.57987765e-01 1.65406694e-01 1.71698590e-01 1.79178496e-01 1.85115041e-01 1.90171455e-01 1.92278716e-01 1.91730549e-01 1.85135610e-01 1.72169177e-01 1.55700684e-01 1.30610107e-01 1.01986890e-01 7.07864165e-02 3.97596584e-02 1.09023162e-02 -1.38940811e-02 -3.40590399e-02 -4.65075240e-02 -5.36104620e-02 -4.93702881e-02 -3.53958502e-02 -1.09511999e-02 2.69412943e-02 7.53628247e-02 1.30059620e-01 1.90602558e-01 2.48613719e-01 2.98654890e-01 3.44291561e-01 3.78072268e-01 4.05351985e-01 4.25485439e-01 4.38445066e-01 4.46027264e-01 4.44337201e-01 4.32116974e-01 4.07778614e-01 3.65129624e-01 3.06585394e-01 2.30562018e-01 1.38225702e-01 3.29444023e-02 -6.94783772e-02 -1.60787234e-01 -2.33965727e-01 -2.87751182e-01 -3.22498894e-01 -3.38409720e-01 -3.37117173e-01 -3.17545135e-01 -2.82219404e-01 -2.37425782e-01 -1.92768441e-01 -1.50655380e-01 -1.13778512e-01 -8.70363246e-02 -7.64068247e-02 -6.41420887e-02 -5.74232839e-02 -5.24504187e-02 -6.21143363e-02 -9.16055950e-02 -1.29240326e-01 -1.54104926e-01 -1.77621009e-01 -2.42426903e-01 -3.29343668e-01 -4.25874720e-01 -5.39553543e-01 -6.47175244e-01 -7.33995003e-01 -8.57556458e-01 -8.74282348e-01
1.53000000e+01 8.27814587e-03 3.37610848e-02 1.50613337e-02 1.16127099e-02 1.26007777e-02 1.41525869e-02 6.16217174e-03 -1.48023971e-03 -1.15438515e-03 -2.41305795e-02 -4.67977238e-02 -3.22261580e-02 -5.20219718e-02 -2.72152220e-02 -2.81815808e-02 -2.51759526e-03 2.10512175e-02 4.88321569e-02 7.26040561e-02 9.31403803e-02 1.09092941e-01 1.21872526e-01 1.31672191e-01 1.40050902e-01 1.46776822e-01 1.53814874e-01 1.59594488e-01 1.66895230e-01 1.72923771e-01 1.80084468e-01 1.85631984e-01 1.90164451e-01 1.91773080e-01 1.90625684e-01 1.83303884e-01 1.69657639e-01 1.52730033e-01 1.27158245e-01 9.83388360e-02 6.71847822e-02 3.64172593e-02 7.93842583e-03 -1.63568779e-02 -3.61661539e-02 -4.80841190e-02 -5.47504812e-02 -4.99286976e-02 -3.52658033e-02 -1.00848108e-02 2.86842280e-02 7.78196719e-02 1.33027731e-01 1.93739473e-01 2.51631943e-01 3.01325651e-01 3.46696381e-01 3.80152691e-01 4.07416273e-01 4.27586562e-01 4.40707177e-01 4.48519143e-01 4.46805880e-01 4.34392908e-01 4.09443156e-01 3.65750809e-01 3.05999550e-01 2.28472394e-01 1.34932807e-01 2.89215906e-02 -7.34498213e-02 -1.64381014e-01 -2.37180039e-01 -2.90846701e-01 -3.25642708e-01 -3.41952256e-01 -3.41052015e-01 -3.21869837e-01 -2.87067477e-01 -2.43052476e-01 -1.98892677e-01 -1.55775788e-01 -1.17694104e-01 -8.98836714e-02 -7.68798365e-02 -6.27156448e-02 -5.47656760e-02 -4.99338055e-02 -6.18786161e-02 -9.20485204e-02 -1.29345040e-01 -1.50566560e-01 -1.75352764e-01 -2.39444980e-01 -3.25074897e-01 -4.19104520e-01 -5.33212538e-01 -6.41299145e-01 -7.30798065e-01 -8.54741318e-01 -8.68145913e-01
1.54000000e+01 6.48791886e-03 3.29472569e-02 1.46272161e-02 1.15633129e-02 1.27618227e-02 1.48238094e-02 7.70366264e-03 -4.09081073e-04 1.09478081e-03 -2.13410288e-02 -4.49618423e-02 -3.02749285e-02 -5.25141410e-02 -2.57925700e-02 -2.89865500e-02 -3.28883334e-03 1.96023797e-02 4.76339729e-02 7.18083079e-02 9.28773360e-02 1.09393811e-01 1.22646405e-01 1.32845627e-01 1.41500499e-01 1.48403854e-01 1.55496953e-01 1.61191210e-01 1.68380892e-01 1.74146152e-01 1.80988674e-01 1.86141835e-01 1.90145815e-01 1.91248865e-01 1.89491013e-01 1.81424058e-01 1.67113656e-01 1.49714469e-01 1.23685740e-01 9.46910035e-02 6.36040095e-02 3.31180834e-02 5.02454627e-03 -1.87588662e-02 -3.82200809e-02 -4.96013777e-02 -5.58188615e-02 -5.04095409e-02 -3.50572587e-02 -9.12102414e-03 3.05047554e-02 8.03255024e-02 1.36012709e-01 1.96837553e-01 2.54572943e-01 3.03921530e-01 3.49008884e-01 3.82158095e-01 4.09421533e-01 4.29628537e-01 4.42938762e-01 4.50955215e-01 4.49195203e-01 4.36566387e-01 4.10956019e-01 3.66215032e-01 3.05244363e-01 2.26258863e-01 1.31593956e-01 2.49727557e-02 -7.72563965e-02 -1.67787624e-01 -2.40227088e-01 -2.93802189e-01 -3.28668178e-01 -3.45402185e-01 -3.44879133e-01 -3.26085324e-01 -2.91835014e-01 -2.48644345e-01 -2.04964328e-01 -1.60831261e-01 -1.21661266e-01 -9.28027858e-02 -7.72967052e-02 -6.13773444e-02 -5.21746033e-02 -4.77165334e-02 -6.19034456e-02 -9.25885947e-02 -1.29265647e-01 -1.47010798e-01 -1.73331426e-01 -2.36515348e-01 -3.20822916e-01 -4.12440434e-01 -5.26867236e-01 -6.35475203e-01 -7.27443381e-01 -8.51745002e-01 -8.61694221e-01
1.55000000e+01 4.73425151e-03 3.21296059e-02 1.42022087e-02 1.14996028e-02 1.29466224e-02 1.54345837e-02 9.21786331e-03 7.03748663e-04 3.22831045e-03 -1.86235497e-02 -4.29911891e-02 -2.82465566e-02 -5.30742520e-02 -2.42629151e-02 -2.97757827e-02 -3.96593015e-03 1.81650903e-02 4.64293258e-02 7.09879317e-02 9.25832590e-02 1.09667314e-01 1.23395464e-01 1.33996460e-01 1.42931194e-01 1.50016042e-01 1.57167517e-01 1.62777147e-01 1.69863069e-01 1.75365088e-01 1.81891150e-01 1.86643567e-01 1.90115865e-01 1.90705030e-01 1.88325292e-01 1.79495620e-01 1.64538728e-01 1.46653948e-01 1.20194619e-01 9.10457849e-02 6.00460960e-02 2.98638969e-02 2.16143707e-03 -2.11011180e-02 -4.02206444e-02 -5.10601212e-02 -5.68154389e-02 -5.08123493e-02 -3.47704883e-02 -8.05955309e-03 3.24022917e-02 8.28774074e-02 1.39010784e-01 1.99893438e-01 2.57434420e-01 3.06443980e-01 3.51229393e-01 3.84091600e-01 4.11369486e-01 4.31612724e-01 4.45142406e-01 4.53333286e-01 4.51502184e-01 4.38634712e-01 4.12313591e-01 3.66520663e-01 3.04318472e-01 2.23925634e-01 1.28214066e-01 2.11043235e-02 -8.08961292e-02 -1.71007994e-01 -2.43110771e-01 -2.96619146e-01 -3.31578360e-01 -3.48760833e-01 -3.48599375e-01 -3.30193640e-01 -2.96524742e-01 -2.54198193e-01 -2.10971047e-01 -1.65820926e-01 -1.25680246e-01 -9.57827175e-02 -7.76619106e-02 -6.01371960e-02 -4.96619357e-02 -4.58170418e-02 -6.21680005e-02 -9.32109646e-02 -1.28977923e-01 -1.43488078e-01 -1.71529196e-01 -2.33638795e-01 -3.16577050e-01 -4.05895727e-01 -5.20520370e-01 -6.29727542e-01 -7.23903596e-01 -8.48592596e-01 -8.54910546e-01
1.56000000e+01 3.01868387e-03 3.13075367e-02 1.37896548e-02 1.14187461e-02 1.31563049e-02 1.59921894e-02 1.06879512e-02 1.87305083e-03 5.24989586e-03 -1.59984975e-02 -4.08827319e-02 -2.61422605e-02 -5.36953725e-02 -2.26308575e-02 -3.05547298e-02 -4.54323228e-03 1.67416873e-02 4.52212554e-02 7.01437293e-02 9.22586072e-02 1.09912716e-01 1.24119195e-01 1.35123460e-01 1.44342223e-01 1.51612115e-01 1.58825851e-01 1.64351678e-01 1.71341036e-01 1.76580015e-01 1.82791920e-01 1.87136102e-01 1.90074864e-01 1.90140479e-01 1.87127246e-01 1.77518287e-01 1.61934155e-01 1.43548732e-01 1.16686855e-01 8.74055307e-02 5.65131202e-02 2.66562864e-02 -6.50056490e-04 -2.33850320e-02 -4.21673965e-02 -5.24612517e-02 -5.77400599e-02 -5.11367419e-02 -3.44056761e-02 -6.90041946e-03 3.43761925e-02 8.54724544e-02 1.42018011e-01 2.02903971e-01 2.60214444e-01 3.08894408e-01 3.53358475e-01 3.85956335e-01 4.13261671e-01 4.33540772e-01 4.47320129e-01 4.55650998e-01 4.53723857e-01 4.40595238e-01 4.13512640e-01 3.66666026e-01 3.03221053e-01 2.21477237e-01 1.24798263e-01 1.73224428e-02 -8.43676843e-02 -1.74043327e-01 -2.45835205e-01 -2.99298974e-01 -3.34376445e-01 -3.52029244e-01 -3.52213662e-01 -3.34196890e-01 -3.01139303e-01 -2.59710309e-01 -2.16900830e-01 -1.70745122e-01 -1.29749990e-01 -9.88118408e-02 -7.79820733e-02 -5.90038122e-02 -4.72417150e-02 -4.42506534e-02 -6.26507930e-02 -9.38996258e-02 -1.28463184e-01 -1.40047599e-01 -1.69915022e-01 -2.30818055e-01 -3.12327494e-01 -3.99481296e-01 -5.14177111e-01 -6.24076658e-01 -7.20153608e-01 -8.45309518e-01 -8.47778079e-01
1.57000000e+01 1.34258745e-03 3.04805069e-02 1.33925485e-02 1.13185765e-02 1.33908250e-02 1.65048214e-02 1.20974777e-02 3.11168791e-03 7.16479071e-03 -1.34852684e-02 -3.86342582e-02 -2.39650901e-02 -5.43682264e-02 -2.09015732e-02 -3.13290399e-02 -5.01527654e-03 1.53343637e-02 4.40130010e-02 6.92764898e-02 9.19039547e-02 1.10129226e-01 1.24817033e-01 1.36225502e-01 1.45732839e-01 1.53190906e-01 1.60471210e-01 1.65914352e-01 1.72813941e-01 1.77790457e-01 1.83690985e-01 1.87618321e-01 1.90023004e-01 1.89554078e-01 1.85895609e-01 1.75492016e-01 1.59301014e-01 1.40399423e-01 1.13164351e-01 8.37725514e-02 5.30072532e-02 2.34966319e-02 -3.40898744e-03 -2.56123266e-02 -4.40596202e-02 -5.38057445e-02 -5.85925749e-02 -5.13824275e-02 -3.39629369e-02 -5.64393929e-03 3.64257093e-02 8.81077225e-02 1.45030297e-01 2.05866213e-01 2.62911474e-01 3.11274119e-01 3.55396959e-01 3.87755399e-01 4.15099454e-01 4.35414637e-01 4.49473320e-01 4.57905878e-01 4.55857346e-01 4.42445346e-01 4.14550338e-01 3.66649383e-01 3.01951858e-01 2.18918480e-01 1.21351890e-01 1.36329369e-02 -8.76703548e-02 -1.76895111e-01 -2.48404680e-01 -3.01843017e-01 -3.37065723e-01 -3.55208194e-01 -3.55722983e-01 -3.38097242e-01 -3.05681199e-01 -2.65176481e-01 -2.22742177e-01 -1.75605261e-01 -1.33868072e-01 -1.01878101e-01 -7.82658324e-02 -5.79844124e-02 -4.49301220e-02 -4.30292194e-02 -6.33300970e-02 -9.46373612e-02 -1.27708909e-01 -1.36735853e-01 -1.68455802e-01 -2.28057295e-01 -3.08065549e-01 -3.93205525e-01 -5.07845251e-01 -6.18538866e-01 -7.16171397e-01 -8.41920799e-01 -8.40280227e-01
1.58000000e+01 -2.92820045e-04 2.96480742e-02 1.30134767e-02 1.11976568e-02 1.36490701e-02 1.69812296e-02 1.34309261e-02 4.43026307e-03 8.97954229e-03 -1.11018781e-02 -3.62444268e-02 -2.17200455e-02 -5.50812464e-02 -1.90807922e-02 -3.21044645e-02 -5.37683604e-03 1.39451395e-02 4.28080253e-02 6.83869771e-02 9.15199905e-02 1.10316033e-01 1.25488335e-01 1.37301593e-01 1.47102292e-01 1.54751379e-01 1.62102803e-01 1.67464864e-01 1.74280810e-01 1.78996034e-01 1.84588292e-01 1.88089073e-01 1.89960392e-01 1.88944663e-01 1.84629163e-01 1.73417001e-01 1.56640142e-01 1.37206991e-01 1.09628931e-01 8.01491191e-02 4.95307643e-02 2.03860865e-02 -6.11430099e-03 -2.77850188e-02 -4.58963460e-02 -5.50946297e-02 -5.93728392e-02 -5.15491929e-02 -3.34423467e-02 -4.29070401e-03 3.85499479e-02 9.07803319e-02 1.48043406e-01 2.08777449e-01 2.65524381e-01 3.13584279e-01 3.57345949e-01 3.89491820e-01 4.16884051e-01 4.37236598e-01 4.51602673e-01 4.60095389e-01 4.57899923e-01 4.44182406e-01 4.15424271e-01 3.66468921e-01 3.00511252e-01 2.16254402e-01 1.17880513e-01 1.00412576e-02 -9.08040451e-02 -1.79565137e-01 -2.50823612e-01 -3.04252597e-01 -3.39649555e-01 -3.58298190e-01 -3.59128388e-01 -3.41896925e-01 -3.10152744e-01 -2.70592007e-01 -2.28484250e-01 -1.80403659e-01 -1.38030675e-01 -1.04969265e-01 -7.85236736e-02 -5.70848907e-02 -4.27453603e-02 -4.21608465e-02 -6.41843314e-02 -9.54057586e-02 -1.26709207e-01 -1.33595283e-01 -1.67117620e-01 -2.25361573e-01 -3.03783834e-01 -3.87074234e-01 -5.01535243e-01 -6.13125887e-01 -7.11938742e-01 -8.38450406e-01 -8.32400896e-01
1.59000000e+01 -1.88645761e-03 2.88099301e-02 1.26545849e-02 1.10553176e-02 1.39290071e-02 1.74303462e-02 1.46742433e-02 5.83684090e-03 1.07017397e-02 -8.86459660e-03 -3.37127934e-02 -1.94141475e-02 -5.58206982e-02 -1.71747520e-02 -3.28867614e-02 -5.62296925e-03 1.25758353e-02 4.16100412e-02 6.74759106e-02 9.11075220e-02 1.10472338e-01 1.26132382e-01 1.38350860e-01 1.48449830e-01 1.56292641e-01 1.63719780e-01 1.69003032e-01 1.75740579e-01 1.80196456e-01 1.85483704e-01 1.88547216e-01 1.89887027e-01 1.88311051e-01 1.83326769e-01 1.71293667e-01 1.53952138e-01 1.33972788e-01 1.06082350e-01 7.65374695e-02 4.60860182e-02 1.73255678e-02 -8.76484037e-03 -2.99053876e-02 -4.76763822e-02 -5.63289633e-02 -6.00807223e-02 -5.16368763e-02 -3.28439801e-02 -2.84155644e-03 4.07478279e-02 9.34874673e-02 1.51052991e-01 2.11635189e-01 2.68052453e-01 3.15825887e-01 3.59206824e-01 3.91168528e-01 4.18616566e-01 4.39009244e-01 4.53708140e-01 4.62216982e-01 4.59849055e-01 4.45803735e-01 4.16132433e-01 3.66122766e-01 2.98900241e-01 2.13490235e-01 1.14389912e-01 6.55244508e-03 -9.37692507e-02 -1.82055515e-01 -2.53096478e-01 -3.06529063e-01 -3.42131347e-01 -3.61299469e-01 -3.62430978e-01 -3.45598232e-01 -3.14556020e-01 -2.75951712e-01 -2.34117036e-01 -1.85143339e-01 -1.42232600e-01 -1.08073179e-01 -7.87677133e-02 -5.63099408e-02 -4.07074609e-02 -4.16497102e-02 -6.51923947e-02 -9.61853182e-02 -1.25465099e-01 -1.30663068e-01 -1.65866954e-01 -2.22736253e-01 -2.99476464e-01 -3.81090716e-01 -4.95260124e-01 -6.07844598e-01 -7.07441821e-01 -8.34920618e-01 -8.24124772e-01
1.60000000e+01 -3.43736374e-03 2.79659236e-02 1.23175496e-02 1.08916538e-02 1.42278507e-02 1.78609060e-02 1.58153289e-02 7.33669569e-03 1.23398003e-02 -6.78763944e-03 -3.10397871e-02 -1.70564785e-02 -5.65708624e-02 -1.51901368e-02 -3.36815917e-02 -5.74907712e-03 1.12280453e-02 4.04230358e-02 6.65439406e-02 9.06674853e-02 1.10597387e-01 1.26748387e-01 1.39372521e-01 1.49774707e-01 1.57813928e-01 1.65321228e-01 1.70528764e-01 1.77192124e-01 1.81391520e-01 1.86376975e-01 1.88991646e-01 1.89802769e-01 1.87652051e-01 1.81987397e-01 1.69122663e-01 1.51237370e-01 1.30698555e-01 1.02526304e-01 7.29398019e-02 4.26754624e-02 1.43157572e-02 -1.13593663e-02 -3.19759221e-02 -4.93983565e-02 -5.75097903e-02 -6.07161248e-02 -5.16453313e-02 -3.21679484e-02 -1.29756254e-03 4.30180433e-02 9.62263969e-02 1.54054617e-01 2.14437161e-01 2.70495398e-01 3.17999755e-01 3.60981236e-01 3.92788323e-01 4.20298042e-01 4.40735444e-01 4.55788891e-01 4.64268167e-01 4.61702446e-01 4.47306552e-01 4.16673225e-01 3.65608998e-01 2.97120484e-01 2.10631363e-01 1.10886080e-01 3.17109077e-03 -9.65670340e-02 -1.84368703e-01 -2.55227742e-01 -3.08673836e-01 -3.44514520e-01 -3.64211998e-01 -3.65631909e-01 -3.49203522e-01 -3.18892835e-01 -2.81249972e-01 -2.39631487e-01 -1.89827823e-01 -1.46467307e-01 -1.11178010e-01 -7.90114479e-02 -5.56632299e-02 -3.88380133e-02 -4.14959598e-02 -6.63339411e-02 -9.69556493e-02 -1.23984595e-01 -1.27970113e-01 -1.64671830e-01 -2.20186438e-01 -2.95139198e-01 -3.75255863e-01 -4.89035300e-01 -6.02696932e-01 -7.02671674e-01 -8.31351470e-01 -8.15437578e-01
1.61000000e+01 -4.94467589e-03 2.71160804e-02 1.20035428e-02 1.07074798e-02 1.45422343e-02 1.82810706e-02 1.68444593e-02 8.93211112e-03 1.39027588e-02 -4.88289057e-03 -2.82266788e-02 -1.46581625e-02 -5.73142596e-02 -1.31340160e-02 -3.44944044e-02 -5.75096945e-03 9.90311796e-03 3.92512825e-02 6.55916288e-02 9.02009611e-02 1.10690485e-01 1.27335529e-01 1.40365829e-01 1.51076204e-01 1.59314579e-01 1.66906177e-01 1.72042018e-01 1.78634313e-01 1.82581101e-01 1.87267717e-01 1.89421345e-01 1.89707309e-01 1.86966473e-01 1.80610143e-01 1.66904849e-01 1.48495994e-01 1.27386409e-01 9.89624600e-02 6.93582755e-02 3.93016063e-02 1.13571093e-02 -1.38965903e-02 -3.39992554e-02 -5.10607684e-02 -5.86381030e-02 -6.12790032e-02 -5.15743874e-02 -3.14144294e-02 3.40018693e-04 4.53590253e-02 9.89944870e-02 1.57043792e-01 2.17181303e-01 2.72853340e-01 3.20106497e-01 3.62671096e-01 3.94353859e-01 4.21929508e-01 4.42418296e-01 4.57843293e-01 4.66246572e-01 4.63458054e-01 4.48687937e-01 4.17045439e-01 3.64925696e-01 2.95174303e-01 2.07683295e-01 1.07375203e-01 -9.86941233e-05 -9.91989973e-02 -1.86507526e-01 -2.57221785e-01 -3.10688451e-01 -3.46802480e-01 -3.67035462e-01 -3.68732385e-01 -3.52715227e-01 -3.23164692e-01 -2.86480740e-01 -2.45019655e-01 -1.94460908e-01 -1.50726996e-01 -1.14272483e-01 -7.92694784e-02 -5.51476141e-02 -3.71598238e-02 -4.16957224e-02 -6.75895928e-02 -9.76957569e-02 -1.22282578e-01 -1.25540248e-01 -1.63502869e-01 -2.17716426e-01 -2.90769537e-01 -3.69568373e-01 -4.82878215e-01 -5.97679947e-01 -6.97624510e-01 -8.27760281e-01 -8.06326317e-01
1.62000000e+01 -6.40760991e-03 2.62606283e-02 1.17132041e-02 1.05042836e-02 1.48683860e-02 1.86980800e-02 1.77546358e-02 1.06222882e-02 1.54000304e-02 -3.15965751e-03 -2.52755977e-02 -1.22322497e-02 -5.80319207e-02 -1.10137783e-02 -3.53303159e-02 -5.62493669e-03 8.60215122e-03 3.80993417e-02 6.46194411e-02 8.97091959e-02 1.10750995e-01 1.27892994e-01 1.41330011e-01 1.52353648e-01 1.60793998e-01 1.68473617e-01 1.73542759e-01 1.80066055e-01 1.83765137e-01 1.88155386e-01 1.89835417e-01 1.89600140e-01 1.86253140e-01 1.79194242e-01 1.64641275e-01 1.45727975e-01 1.24038836e-01 9.53924782e-02 6.57950023e-02 3.59669912e-02 8.44986722e-03 -1.63752210e-02 -3.59780863e-02 -5.26620470e-02 -5.97147967e-02 -6.17693980e-02 -5.14238163e-02 -3.05836847e-02 2.06976403e-03 4.77689068e-02 1.01789213e-01 1.60016011e-01 2.19865758e-01 2.75126810e-01 3.22146523e-01 3.64278554e-01 3.95867630e-01 4.23512040e-01 4.44061065e-01 4.59868912e-01 4.68150005e-01 4.65114098e-01 4.49944791e-01 4.17248234e-01 3.64070977e-01 2.93064684e-01 2.04651632e-01 1.03863646e-01 -3.25330615e-03 -1.01667255e-01 -1.88475203e-01 -2.59082828e-01 -3.12574611e-01 -3.48998589e-01 -3.69769267e-01 -3.71733667e-01 -3.56135857e-01 -3.27372750e-01 -2.91637589e-01 -2.50274800e-01 -1.99046437e-01 -1.55002713e-01 -1.17346091e-01 -7.95572215e-02 -5.47653807e-02 -3.56965082e-02 -4.22412086e-02 -6.89410832e-02 -9.83844136e-02 -1.20380473e-01 -1.23389670e-01 -1.62334193e-01 -2.15329211e-01 -2.86366778e-01 -3.64025036e-01 -4.76807901e-01 -5.92786064e-01 -6.92301849e-01 -8.24161284e-01 -7.96779478e-01
1.63000000e+01 -7.82544637e-03 2.54000212e-02 1.14466440e-02 1.02841923e-02 1.52023163e-02 1.91179461e-02 1.85418451e-02 1.24033830e-02 1.68411498e-02 -1.62445370e-03 -2.21896046e-02 -9.79353170e-03 -5.87036961e-02 -8.83705886e-03 -3.61939920e-02 -5.36782601e-03 7.32600270e-03 3.69720496e-02 6.36277612e-02 8.91936232e-02 1.10778329e-01 1.28420028e-01 1.42264205e-01 1.53606441e-01 1.62251613e-01 1.70022515e-01 1.75030929e-01 1.81486345e-01 1.84943610e-01 1.89039273e-01 1.90233116e-01 1.89480540e-01 1.85510898e-01 1.77739072e-01 1.62333171e-01 1.42933118e-01 1.20658657e-01 9.18180466e-02 6.22520366e-02 3.26741532e-02 5.59408472e-03 -1.87940206e-02 -3.79150938e-02 -5.42006156e-02 -6.07406264e-02 -6.21874613e-02 -5.11933087e-02 -2.96760587e-02 3.89010983e-03 5.02454945e-02 1.04608162e-01 1.62966802e-01 2.22488863e-01 2.77316730e-01 3.24120042e-01 3.65805982e-01 3.97331972e-01 4.25046808e-01 4.45667098e-01 4.61862543e-01 4.69976510e-01 4.66669052e-01 4.51073805e-01 4.17281121e-01 3.63043063e-01 2.90795264e-01 2.01542049e-01 1.00357932e-01 -6.28967217e-03 -1.03974409e-01 -1.90275373e-01 -2.60814868e-01 -3.14334226e-01 -3.51106125e-01 -3.72412547e-01 -3.74637077e-01 -3.59468011e-01 -3.31517798e-01 -2.96713773e-01 -2.55391478e-01 -2.03588072e-01 -1.59284490e-01 -1.20389275e-01 -7.98906173e-02 -5.45185091e-02 -3.44720277e-02 -4.31209167e-02 -7.03713319e-02 -9.90006090e-02 -1.18305713e-01 -1.21526652e-01 -1.61144177e-01 -2.13026061e-01 -2.81932014e-01 -3.58621081e-01 -4.70844440e-01 -5.88003443e-01 -6.86710513e-01 -8.20565350e-01 -7.86787218e-01
1.64000000e+01 -9.19752383e-03 2.45349506e-02 1.12034690e-02 1.00499209e-02 1.55400088e-02 1.95451939e-02 1.92052258e-02 1.42686550e-02 1.82354763e-02 -2.80779916e-04 -1.89728183e-02 -7.35830559e-03 -5.93085853e-02 -6.61167395e-03 -3.70895248e-02 -4.97712298e-03 6.07530444e-03 3.58744942e-02 6.26169236e-02 8.86558758e-02 1.10771929e-01 1.28915998e-01 1.43167417e-01 1.54834070e-01 1.63686835e-01 1.71551831e-01 1.76506420e-01 1.82894305e-01 1.86116518e-01 1.89918508e-01 1.90613861e-01 1.89347555e-01 1.84738623e-01 1.76244158e-01 1.59981923e-01 1.40111098e-01 1.17249002e-01 8.82409060e-02 5.87313600e-02 2.94255806e-02 2.78965011e-03 -2.11518680e-02 -3.98128475e-02 -5.56749587e-02 -6.17161664e-02 -6.25334815e-02 -5.08824668e-02 -2.86919602e-02 5.79936848e-03 5.27862501e-02 1.07449029e-01 1.65891775e-01 2.25049146e-01 2.79424386e-01 3.26027064e-01 3.67255945e-01 3.98749068e-01 4.26535112e-01 4.47239731e-01 4.63820266e-01 4.71724400e-01 4.68121609e-01 4.52071439e-01 4.17143933e-01 3.61840347e-01 2.88370310e-01 1.98360278e-01 9.68647145e-02 -9.20526695e-03 -1.06123519e-01 -1.91912104e-01 -2.62421619e-01 -3.15969463e-01 -3.53128238e-01 -3.74964168e-01 -3.77444004e-01 -3.62714376e-01 -3.35600218e-01 -3.01702289e-01 -2.60365595e-01 -2.08089075e-01 -1.63561520e-01 -1.23393580e-01 -8.02858445e-02 -5.44089337e-02 -3.35101867e-02 -4.43199262e-02 -7.18644548e-02 -9.95240650e-02 -1.16091019e-01 -1.19951500e-01 -1.59915999e-01 -2.10806177e-01 -2.77468086e-01 -3.53350578e-01 -4.65008343e-01 -5.83316510e-01 -6.80862443e-01 -8.16979827e-01 -7.76341504e-01
1.65000000e+01 -1.05232392e-02 2.36663428e-02 1.09828129e-02 9.80469065e-03 1.58775989e-02 1.99826587e-02 1.97471340e-02 1.62087014e-02 1.95918619e-02 8.71108944e-04 -1.56305954e-02 -4.94408035e-03 -5.98250695e-02 -4.34557721e-03 -3.80202996e-02 -4.45103813e-03 4.85048035e-03 3.48119783e-02 6.15872630e-02 8.80977826e-02 1.10731253e-01 1.29380436e-01 1.44038506e-01 1.56036118e-01 1.65099028e-01 1.73060526e-01 1.77969059e-01 1.84289210e-01 1.87283852e-01 1.90792075e-01 1.90977237e-01 1.89199996e-01 1.83935240e-01 1.74709164e-01 1.57589065e-01 1.37261493e-01 1.13813268e-01 8.46628763e-02 5.52348663e-02 2.62236678e-02 3.63119147e-05 -2.34478255e-02 -4.16737184e-02 -5.70836915e-02 -6.26417757e-02 -6.28078992e-02 -5.04908143e-02 -2.76318296e-02 7.79573562e-03 5.53882854e-02 1.10309599e-01 1.68786683e-01 2.27545314e-01 2.81451407e-01 3.27867416e-01 3.68631179e-01 4.00120961e-01 4.27978418e-01 4.48782190e-01 4.65737538e-01 4.73392288e-01 4.69470646e-01 4.52933919e-01 4.16836807e-01 3.60461463e-01 2.85794690e-01 1.95112097e-01 9.33907470e-02 -1.19981254e-02 -1.08118087e-01 -1.93389904e-01 -2.63906475e-01 -3.17482775e-01 -3.55067905e-01 -3.77422752e-01 -3.80155920e-01 -3.65877724e-01 -3.39619972e-01 -3.06595968e-01 -2.65194433e-01 -2.12552109e-01 -1.67822355e-01 -1.26351765e-01 -8.07590519e-02 -5.44388005e-02 -3.28341060e-02 -4.58202673e-02 -7.34057184e-02 -9.99357994e-02 -1.13773501e-01 -1.18656787e-01 -1.58638004e-01 -2.08666458e-01 -2.72979480e-01 -3.48206864e-01 -4.59319875e-01 -5.78706599e-01 -6.74774376e-01 -8.13408484e-01 -7.65436219e-01
1.66000000e+01 -1.18020550e-02 2.27953423e-02 1.07833767e-02 9.55212435e-03 1.62115301e-02 2.04313478e-02 2.01731026e-02 1.82117636e-02 2.09182952e-02 1.83444224e-03 -1.21697629e-02 -2.56921524e-03 -6.02314432e-02 -2.04683851e-03 -3.89888532e-02 -3.78859637e-03 3.65176696e-03 3.37899731e-02 6.05391777e-02 8.75213506e-02 1.10655762e-01 1.29813070e-01 1.44876190e-01 1.57212264e-01 1.66487494e-01 1.74547573e-01 1.79418623e-01 1.85670505e-01 1.88445569e-01 1.91658830e-01 1.91322973e-01 1.89036447e-01 1.83099730e-01 1.73133892e-01 1.55156265e-01 1.34383837e-01 1.10355086e-01 8.10858835e-02 5.17643496e-02 2.30706727e-02 -2.66629490e-03 -2.56812026e-02 -4.34997940e-02 -5.84256287e-02 -6.35175696e-02 -6.30113145e-02 -5.00178204e-02 -2.64960967e-02 9.87728793e-03 5.80483723e-02 1.13187723e-01 1.71647483e-01 2.29976254e-01 2.83399729e-01 3.29640757e-01 3.69934569e-01 4.01449577e-01 4.29378368e-01 4.50297483e-01 4.67609309e-01 4.74979087e-01 4.70715161e-01 4.53657239e-01 4.16360159e-01 3.58905376e-01 2.83073837e-01 1.91803334e-01 8.99428440e-02 -1.46668494e-02 -1.09962030e-01 -1.94713713e-01 -2.65272475e-01 -3.18876930e-01 -3.56927876e-01 -3.79786702e-01 -3.82774397e-01 -3.68960885e-01 -3.43576582e-01 -3.11387564e-01 -2.69876635e-01 -2.16979066e-01 -1.72055118e-01 -1.29257887e-01 -8.13261122e-02 -5.46107031e-02 -3.24656903e-02 -4.76013504e-02 -7.49814525e-02 -1.00218718e-01 -1.11393613e-01 -1.17627835e-01 -1.57303841e-01 -2.06601361e-01 -2.68472184e-01 -3.43182993e-01 -4.53798355e-01 -5.74152686e-01 -6.68467373e-01 -8.09851559e-01 -7.54067233e-01
1.67000000e+01 -1.30335064e-02 2.19232871e-02 1.06034828e-02 9.29613309e-03 1.65386847e-02 2.08903752e-02 2.04917007e-02 2.02640950e-02 2.22215398e-02 2.61615440e-03 -8.59889773e-03 -2.52485732e-04 -6.05061410e-02 2.76355904e-04 -3.99967259e-02 -2.98972634e-03 2.47923610e-03 3.28140680e-02 5.94732007e-02 8.69287341e-02 1.10544915e-01 1.30213823e-01 1.45679087e-01 1.58362257e-01 1.67851470e-01 1.76011952e-01 1.80854852e-01 1.87037809e-01 1.89601570e-01 1.92517528e-01 1.91650917e-01 1.88855276e-01 1.82231147e-01 1.71518269e-01 1.52685312e-01 1.31477656e-01 1.06878276e-01 7.75119839e-02 4.83215015e-02 1.99686799e-02 -5.31862031e-03 -2.78516115e-02 -4.52927992e-02 -5.96998490e-02 -6.43434002e-02 -6.31444840e-02 -4.94629377e-02 -2.52851381e-02 1.20419720e-02 6.07629682e-02 1.16081281e-01 1.74470389e-01 2.32341025e-01 2.85271562e-01 3.31346608e-01 3.71169128e-01 4.02736738e-01 4.30736795e-01 4.51788291e-01 4.69430158e-01 4.76484009e-01 4.71854202e-01 4.54237193e-01 4.15714669e-01 3.57171457e-01 2.80213695e-01 1.88439865e-01 8.65278398e-02 -1.72106096e-02 -1.11659667e-01 -1.95888890e-01 -2.66522298e-01 -3.20155021e-01 -3.58710621e-01 -3.82054233e-01 -3.85301125e-01 -3.71966712e-01 -3.47469131e-01 -3.16069859e-01 -2.74412162e-01 -2.21370919e-01 -1.76247732e-01 -1.32107357e-01 -8.20024044e-02 -5.49278922e-02 -3.24251055e-02 -4.96404416e-02 -7.65789337e-02 -1.00358213e-01 -1.08993992e-01 -1.16843423e-01 -1.55912407e-01 -2.04602893e-01 -2.63953502e-01 -3.38272182e-01 -4.48461447e-01 -5.69632206e-01 -6.61966235e-01 -8.06305911e-01 -7.42232435e-01
1.68000000e+01 -1.42172034e-02 2.10516773e-02 1.04411418e-02 9.04080120e-03 1.68564851e-02 2.13569738e-02 2.07142997e-02 2.23503799e-02 2.35067902e-02 3.22705998e-03 -4.92864379e-03 1.98742663e-03 -6.06280633e-02 2.61568662e-03 -4.10443104e-02 -2.05534671e-03 1.33281715e-03 3.18899175e-02 5.83900713e-02 8.63221947e-02 1.10398176e-01 1.30582793e-01 1.46445776e-01 1.59485889e-01 1.69190136e-01 1.77452644e-01 1.82277472e-01 1.88390904e-01 1.90751685e-01 1.93366850e-01 1.91961003e-01 1.88654656e-01 1.81328637e-01 1.69862331e-01 1.50178099e-01 1.28542514e-01 1.03386801e-01 7.39433764e-02 4.49079090e-02 1.69195677e-02 -7.92116932e-03 -2.99590110e-02 -4.70540247e-02 -6.09057513e-02 -6.51188432e-02 -6.32083050e-02 -4.88256484e-02 -2.39992383e-02 1.42875849e-02 6.35282529e-02 1.18988140e-01 1.77251931e-01 2.34638859e-01 2.87069354e-01 3.32984381e-01 3.72337979e-01 4.03984186e-01 4.32055716e-01 4.53256871e-01 4.71194442e-01 4.77906533e-01 4.72886797e-01 4.54669409e-01 4.14901254e-01 3.55259569e-01 2.77220663e-01 1.85027626e-01 8.31525403e-02 -1.96291422e-02 -1.13215697e-01 -1.96921180e-01 -2.67658263e-01 -3.21320473e-01 -3.60418281e-01 -3.84223420e-01 -3.87737934e-01 -3.74898027e-01 -3.51296266e-01 -3.20635775e-01 -2.78802215e-01 -2.25727609e-01 -1.80388155e-01 -1.34896955e-01 -8.28026261e-02 -5.53944477e-02 -3.27302800e-02 -5.19131664e-02 -7.81862574e-02 -1.00342735e-01 -1.06618218e-01 -1.16276713e-01 -1.54467577e-01 -2.02660696e-01 -2.59431836e-01 -3.33468229e-01 -4.43324479e-01 -5.65121901e-01 -6.55298811e-01 -8.02765258e-01 -7.29931727e-01
1.69000000e+01 -1.53528284e-02 2.01821379e-02 1.02941319e-02 8.79027620e-03 1.71629621e-02 2.18265833e-02 2.08547532e-02 2.44541865e-02 2.47773666e-02 3.68195330e-03 -1.17204764e-03 4.13252021e-03 -6.05769008e-02 4.96267420e-03 -4.21307013e-02 -9.87445198e-04 2.12317662e-04 3.10231893e-02 5.72908002e-02 8.57040578e-02 1.10215035e-01 1.30920208e-01 1.47174878e-01 1.60582948e-01 1.70502636e-01 1.78868628e-01 1.83686223e-01 1.89729717e-01 1.91895657e-01 1.94205426e-01 1.92253206e-01 1.88432591e-01 1.80391445e-01 1.68166203e-01 1.47636599e-01 1.25578061e-01 9.98847064e-02 7.03824060e-02 4.15250520e-02 1.39249767e-02 -1.04744747e-02 -3.20037394e-02 -4.87842693e-02 -6.20431040e-02 -6.58431897e-02 -6.32037883e-02 -4.81055111e-02 -2.26385591e-02 1.66117486e-02 6.63401742e-02 1.21906106e-01 1.79988994e-01 2.36869163e-01 2.88795741e-01 3.34553432e-01 3.73444338e-01 4.05193591e-01 4.33337320e-01 4.54704961e-01 4.72896450e-01 4.79246371e-01 4.73811868e-01 4.54949406e-01 4.13921055e-01 3.53170149e-01 2.74101534e-01 1.81572623e-01 7.98236716e-02 -2.19227439e-02 -1.14635184e-01 -1.97816677e-01 -2.68682352e-01 -3.22377029e-01 -3.62052616e-01 -3.86292257e-01 -3.90086802e-01 -3.77757563e-01 -3.55056209e-01 -3.25078486e-01 -2.83049114e-01 -2.30047977e-01 -1.84464605e-01 -1.37624828e-01 -8.37406381e-02 -5.60154087e-02 -3.33964428e-02 -5.43940285e-02 -7.97922115e-02 -1.00164332e-01 -1.04309532e-01 -1.15896339e-01 -1.52977751e-01 -2.00762254e-01 -2.54916446e-01 -3.28765901e-01 -4.38399812e-01 -5.60598686e-01 -6.48495236e-01 -7.99220506e-01 -7.17166991e-01
1.70000000e+01 -1.64401301e-02 1.93163765e-02 1.01600859e-02 8.54866810e-03 1.74567869e-02 2.22930100e-02 2.09290056e-02 2.65584406e-02 2.60344696e-02 3.99960385e-03 2.65512187e-03 6.16611935e-03 -6.03334599e-02 7.30864996e-03 -4.32535533e-02 2.10853615e-04 -8.82557582e-04 3.02195124e-02 5.61767221e-02 8.50766703e-02 1.09995030e-01 1.31226371e-01 1.47865144e-01 1.61653171e-01 1.71788105e-01 1.80258873e-01 1.85080860e-01 1.91054294e-01 1.93033122e-01 1.95031856e-01 1.92527506e-01 1.88186948e-01 1.79418943e-01 1.66430075e-01 1.45062832e-01 1.22584083e-01 9.63760569e-02 6.68315657e-02 3.81743027e-02 1.09862833e-02 -1.29790730e-02 -3.39865372e-02 -5.04837962e-02 -6.31120881e-02 -6.65154468e-02 -6.31320212e-02 -4.73022055e-02 -2.12031188e-02 1.90118819e-02 6.91944986e-02 1.24832877e-01 1.82678861e-01 2.39031528e-01 2.90453503e-01 3.36053100e-01 3.74491500e-01 4.06366560e-01 4.34583947e-01 4.56133698e-01 4.74530560e-01 4.80503420e-01 4.74628160e-01 4.55072662e-01 4.12775413e-01 3.50904273e-01 2.70863430e-01 1.78080941e-01 7.65478260e-02 -2.40922637e-02 -1.15923535e-01 -1.98581765e-01 -2.69596241e-01 -3.23328739e-01 -3.63614957e-01 -3.88258728e-01 -3.92349851e-01 -3.80547907e-01 -3.58746769e-01 -3.29391538e-01 -2.87156171e-01 -2.34329713e-01 -1.88465780e-01 -1.40290457e-01 -8.48293378e-02 -5.67968566e-02 -3.44357122e-02 -5.70569286e-02 -8.13861654e-02 -9.98191041e-02 -1.02109557e-01 -1.15667626e-01 -1.51455242e-01 -1.98893192e-01 -2.50417190e-01 -3.24161263e-01 -4.33696285e-01 -5.56040490e-01 -6.41587112e-01 -7.95660137e-01 -7.03942025e-01
1.71000000e+01 -1.74789162e-02 1.84561378e-02 1.00365840e-02 8.31996144e-03 1.77372660e-02 2.27486516e-02 2.09546370e-02 2.86459004e-02 2.72770145e-02 4.20261936e-03 6.53413481e-03 8.07353014e-03 -5.98799832e-02 9.64473257e-03 -4.44089530e-02 1.53523637e-03 -1.95218882e-03 2.94844251e-02 5.50495323e-02 8.44423641e-02 1.09737789e-01 1.31501590e-01 1.48515547e-01 1.62696191e-01 1.73045706e-01 1.81622352e-01 1.86461171e-01 1.92364778e-01 1.94163597e-01 1.95844732e-01 1.92783857e-01 1.87915499e-01 1.78410634e-01 1.64654183e-01 1.42458835e-01 1.19560566e-01 9.28648801e-02 6.32934971e-02 3.48569318e-02 8.10457914e-03 -1.54354827e-02 -3.59085557e-02 -5.21523065e-02 -6.41133288e-02 -6.71343456e-02 -6.29941284e-02 -4.64155716e-02 -1.96927841e-02 2.14851738e-02 7.20868632e-02 1.27766001e-01 1.85319232e-01 2.41125738e-01 2.92045508e-01 3.37482777e-01 3.75482822e-01 4.07504645e-01 4.35798060e-01 4.57543566e-01 4.76091378e-01 4.81677701e-01 4.75334173e-01 4.55034689e-01 4.11465856e-01 3.48463723e-01 2.67513736e-01 1.74558757e-01 7.33314060e-02 -2.61390964e-02 -1.17086470e-01 -1.99223065e-01 -2.70401355e-01 -3.24179926e-01 -3.65106171e-01 -3.90120889e-01 -3.94529334e-01 -3.83271447e-01 -3.62365352e-01 -3.33568958e-01 -2.91127522e-01 -2.38569358e-01 -1.92381067e-01 -1.42894613e-01 -8.60805636e-02 -5.77459464e-02 -3.58567421e-02 -5.98756692e-02 -8.29579868e-02 -9.93075782e-02 -1.00057064e-01 -1.15553903e-01 -1.49915511e-01 -1.97037663e-01 -2.45944272e-01 -3.19651932e-01 -4.29218764e-01 -5.51427057e-01 -6.34606667e-01 -7.92070650e-01 -6.90262451e-01
1.72000000e+01 -1.84690458e-02 1.76031558e-02 9.92125021e-03 8.10794169e-03 1.80042991e-02 2.31847767e-02 2.09503555e-02 3.06996208e-02 2.85015670e-02 4.31714896e-03 1.04432421e-02 9.84260702e-03 -5.92004571e-02 1.19618167e-02 -4.55913148e-02 2.98016862e-03 -2.99702424e-03 2.88233226e-02 5.39113057e-02 8.38034276e-02 1.09443057e-01 1.31746125e-01 1.49125356e-01 1.63711489e-01 1.74274667e-01 1.82958056e-01 1.87826962e-01 1.93661375e-01 1.95286452e-01 1.96642648e-01 1.93022151e-01 1.87615968e-01 1.77366179e-01 1.62838786e-01 1.39826621e-01 1.16507754e-01 8.93551071e-02 5.97709889e-02 3.15741183e-02 5.28065651e-03 -1.78441819e-02 -3.77713549e-02 -5.37889285e-02 -6.50479134e-02 -6.76983565e-02 -6.27912284e-02 -4.54456431e-02 -1.81072742e-02 2.40285578e-02 7.50128210e-02 1.30702848e-01 1.87908242e-01 2.43151792e-01 2.93574658e-01 3.38841971e-01 3.76421711e-01 4.08609335e-01 4.36982202e-01 4.58934350e-01 4.77573876e-01 4.82769291e-01 4.75928107e-01 4.54831115e-01 4.09994073e-01 3.45851031e-01 2.64060041e-01 1.71012344e-01 7.01805701e-02 -2.80651772e-02 -1.18130000e-01 -1.99747358e-01 -2.71098919e-01 -3.24935157e-01 -3.66526625e-01 -3.91876959e-01 -3.96627587e-01 -3.85930342e-01 -3.65908983e-01 -3.37605361e-01 -2.94967956e-01 -2.42762322e-01 -1.96200727e-01 -1.45439285e-01 -8.75050243e-02 -5.88708877e-02 -3.76644377e-02 -6.28244321e-02 -8.44979954e-02 -9.86349599e-02 -9.81868240e-02 -1.15517850e-01 -1.48376315e-01 -1.95178803e-01 -2.41507981e-01 -3.15237253e-01 -4.24967803e-01 -5.46740658e-01 -6.27585919e-01 -7.88437050e-01 -6.76135602e-01
1.73000000e+01 -1.94104202e-02 1.67591076e-02 9.81184442e-03 7.91613388e-03 1.82583037e-02 2.35918504e-02 2.09354483e-02 3.27033931e-02 2.97023869e-02 4.37240565e-03 1.43579042e-02 1.14641048e-02 -5.82808977e-02 1.42505751e-02 -4.67933064e-02 4.53888378e-03 -4.01756333e-03 2.82414050e-02 5.27644972e-02 8.31620860e-02 1.09110733e-01 1.31960126e-01 1.49694198e-01 1.64698353e-01 1.75474310e-01 1.84265017e-01 1.89178044e-01 1.94944332e-01 1.96400901e-01 1.97424223e-01 1.93242205e-01 1.87286071e-01 1.76285400e-01 1.60984147e-01 1.37168136e-01 1.13426205e-01 8.58505188e-02 5.62669716e-02 2.83269638e-02 2.51499904e-03 -2.02055879e-02 -3.95768895e-02 -5.53922244e-02 -6.59173940e-02 -6.82057123e-02 -6.25243907e-02 -4.43926723e-02 -1.64461773e-02 2.66386934e-02 7.79678782e-02 1.33640581e-01 1.90444462e-01 2.45109920e-01 2.95043830e-01 3.40130370e-01 3.77311607e-01 4.09682064e-01 4.38138951e-01 4.60305128e-01 4.78973503e-01 4.83778244e-01 4.76407828e-01 4.54457776e-01 4.08361897e-01 3.43069512e-01 2.60510085e-01 1.67448074e-01 6.71011811e-02 -2.98729793e-02 -1.19060378e-01 -2.00161513e-01 -2.71690037e-01 -3.25599202e-01 -3.67876162e-01 -3.93525416e-01 -3.98646979e-01 -3.88526487e-01 -3.69374315e-01 -3.41496047e-01 -2.98682735e-01 -2.46902944e-01 -1.99916062e-01 -1.47927605e-01 -8.91122551e-02 -6.01808737e-02 -3.98597457e-02 -6.58782162e-02 -8.59969635e-02 -9.78112592e-02 -9.65285854e-02 -1.15522843e-01 -1.46856765e-01 -1.93299238e-01 -2.37118456e-01 -3.10918391e-01 -4.20939450e-01 -5.41966715e-01 -6.20555858e-01 -7.84743342e-01 -6.61570391e-01
1.74000000e+01 -2.03029685e-02 1.59255716e-02 9.70634460e-03 7.74774962e-03 1.85001099e-02 2.39599025e-02 2.09292136e-02 3.46421476e-02 3.08715822e-02 4.40001027e-03 1.82513535e-02 1.29317339e-02 -5.71096096e-02 1.65014715e-02 -4.80058055e-02 6.20339307e-03 -5.01433971e-03 2.77436230e-02 5.16119270e-02 8.25204922e-02 1.08740901e-01 1.32143600e-01 1.50222085e-01 1.65655855e-01 1.76644082e-01 1.85542338e-01 1.90514217e-01 1.96213898e-01 1.97505983e-01 1.98188102e-01 1.93443742e-01 1.86923569e-01 1.75168296e-01 1.59090517e-01 1.34485220e-01 1.10316846e-01 8.23546982e-02 5.27845072e-02 2.51165098e-02 -1.92223120e-04 -2.25200380e-02 -4.13274857e-02 -5.69602154e-02 -6.67237717e-02 -6.86544364e-02 -6.21945926e-02 -4.32571482e-02 -1.47089772e-02 2.93119562e-02 8.09475201e-02 1.36576145e-01 1.92926891e-01 2.47000607e-01 2.96455812e-01 3.41347919e-01 3.78155963e-01 4.10724205e-01 4.39270858e-01 4.61654275e-01 4.80286283e-01 4.84704511e-01 4.76770847e-01 4.53910798e-01 4.06571289e-01 3.40123277e-01 2.56871721e-01 1.63872417e-01 6.40987563e-02 -3.15655125e-02 -1.19884061e-01 -2.00472411e-01 -2.72175760e-01 -3.26176991e-01 -3.69154088e-01 -3.95065085e-01 -4.00589852e-01 -3.91061499e-01 -3.72757654e-01 -3.45237088e-01 -3.02277408e-01 -2.50984569e-01 -2.03519564e-01 -1.50363749e-01 -9.09105964e-02 -6.16859620e-02 -4.24395268e-02 -6.90132239e-02 -8.74461675e-02 -9.68512704e-02 -9.51062088e-02 -1.15534236e-01 -1.45376367e-01 -1.91381620e-01 -2.32785467e-01 -3.06698315e-01 -4.17125187e-01 -5.37094291e-01 -6.13545693e-01 -7.80973041e-01 -6.46577172e-01
1.75000000e+01 -2.11466274e-02 1.51039928e-02 9.60301306e-03 7.60564224e-03 1.87308345e-02 2.42789261e-02 2.09504040e-02 3.65022986e-02 3.19993571e-02 4.43319692e-03 2.20954208e-02 1.42419560e-02 -5.56774116e-02 1.87047863e-02 -4.92178911e-02 7.96451778e-03 -5.98790164e-03 2.73346213e-02 5.04567488e-02 8.18807287e-02 1.08333853e-01 1.32296390e-01 1.50709419e-01 1.66582843e-01 1.77783567e-01 1.86789223e-01 1.91835237e-01 1.97470299e-01 1.98600561e-01 1.98932968e-01 1.93626383e-01 1.86526307e-01 1.74015036e-01 1.57158124e-01 1.31779561e-01 1.07181019e-01 7.88709916e-02 4.93267716e-02 2.19437573e-02 -2.84115312e-03 -2.47877732e-02 -4.30258079e-02 -5.84904243e-02 -6.74694633e-02 -6.90423804e-02 -6.18026800e-02 -4.20398058e-02 -1.28950898e-02 3.20444422e-02 8.39472278e-02 1.39506265e-01 1.95354946e-01 2.48824603e-01 2.97813250e-01 3.42494881e-01 3.78958227e-01 4.11737067e-01 4.40380387e-01 4.62979498e-01 4.81508885e-01 4.85547846e-01 4.77014324e-01 4.53186683e-01 4.04624314e-01 3.37017226e-01 2.53152885e-01 1.60291933e-01 6.11784222e-02 -3.31463225e-02 -1.20607653e-01 -2.00686867e-01 -2.72557173e-01 -3.26673567e-01 -3.70359169e-01 -3.96495218e-01 -4.02458456e-01 -3.93536702e-01 -3.76054982e-01 -3.48825392e-01 -3.05757624e-01 -2.54999663e-01 -2.07005025e-01 -1.52752841e-01 -9.29071954e-02 -6.33969085e-02 -4.53965128e-02 -7.22071888e-02 -8.88374931e-02 -9.57743957e-02 -9.39369986e-02 -1.15520557e-01 -1.43954054e-01 -1.89409178e-01 -2.28518228e-01 -3.02581696e-01 -4.13512031e-01 -5.32116448e-01 -6.06582163e-01 -7.77109661e-01 -6.31167586e-01
1.76000000e+01 -2.19413172e-02 1.42956530e-02 9.50044759e-03 7.49227611e-03 1.89517414e-02 2.45392939e-02 2.10167134e-02 3.82720138e-02 3.30743457e-02 4.50594620e-03 2.58614536e-02 1.53936745e-02 -5.39778279e-02 2.08506630e-02 -5.04168706e-02 9.81194869e-03 -6.93878823e-03 2.70186740e-02 4.93024084e-02 8.12448200e-02 1.07890113e-01 1.32418175e-01 1.51156959e-01 1.67477956e-01 1.78892485e-01 1.88005008e-01 1.93140791e-01 1.98713703e-01 1.99683319e-01 1.99657548e-01 1.93789640e-01 1.86092251e-01 1.72825958e-01 1.55187177e-01 1.29052671e-01 1.04020508e-01 7.54024794e-02 4.58970305e-02 1.88096891e-02 -5.43224204e-03 -2.70089266e-02 -4.46748167e-02 -5.99799356e-02 -6.81572485e-02 -6.93672687e-02 -6.13493300e-02 -4.07416316e-02 -1.10039102e-02 3.48319857e-02 8.69624854e-02 1.42427459e-01 1.97728441e-01 2.50582937e-01 2.99118597e-01 3.43571898e-01 3.79721823e-01 4.12721902e-01 4.41469839e-01 4.64277888e-01 4.82638672e-01 4.86307722e-01 4.77135084e-01 4.52282389e-01 4.02523124e-01 3.33757026e-01 2.49361578e-01 1.56713254e-01 5.83448681e-02 -3.46194894e-02 -1.21237845e-01 -2.00811551e-01 -2.72835474e-01 -3.27094030e-01 -3.71489644e-01 -3.97815555e-01 -4.04254900e-01 -3.95953112e-01 -3.79261999e-01 -3.52258764e-01 -3.09128951e-01 -2.58939942e-01 -2.10367636e-01 -1.55100838e-01 -9.51080279e-02 -6.53249600e-02 -4.87193511e-02 -7.54396401e-02 -9.01635916e-02 -9.46043127e-02 -9.30312518e-02 -1.15454550e-01 -1.42607268e-01 -1.87366252e-01 -2.24325247e-01 -2.98574704e-01 -4.10082780e-01 -5.27030452e-01 -5.99688957e-01 -7.73137182e-01 -6.15354410e-01
1.77000000e+01 -2.26869218e-02 1.35016444e-02 9.39762064e-03 7.40971519e-03 1.91640930e-02 2.47321649e-02 2.11443138e-02 3.99414026e-02 3.40840217e-02 4.65210780e-03 2.95211502e-02 1.63879979e-02 -5.20072499e-02 2.29291866e-02 -5.15883487e-02 1.17343375e-02 -7.86750084e-03 2.67996157e-02 4.81525929e-02 8.06147500e-02 1.07410449e-01 1.32508489e-01 1.51565769e-01 1.68339660e-01 1.79970684e-01 1.89189189e-01 1.94430466e-01 1.99944183e-01 2.00752780e-01 2.00360617e-01 1.93932912e-01 1.85619527e-01 1.71601546e-01 1.53177865e-01 1.26305863e-01 1.00837563e-01 7.19519603e-02 4.24986065e-02 1.57152956e-02 -7.96623744e-03 -2.91835185e-02 -4.62777171e-02 -6.14254715e-02 -6.87901984e-02 -6.96267531e-02 -6.08350175e-02 -3.93638645e-02 -9.03486819e-03 3.76701911e-02 8.99887808e-02 1.45336050e-01 2.00047572e-01 2.52276917e-01 3.00374067e-01 3.44580046e-01 3.80450131e-01 4.13679897e-01 4.42541289e-01 4.65545991e-01 4.83673722e-01 4.86983239e-01 4.77129658e-01 4.51195395e-01 4.00269942e-01 3.30349067e-01 2.45505869e-01 1.53143065e-01 5.56023038e-02 -3.59896232e-02 -1.21781353e-01 -2.00852928e-01 -2.73012065e-01 -3.27443485e-01 -3.72543254e-01 -3.99026359e-01 -4.05981102e-01 -3.98311425e-01 -3.82374162e-01 -3.55535936e-01 -3.12396704e-01 -2.62796528e-01 -2.13604043e-01 -1.57414421e-01 -9.75179377e-02 -6.74816101e-02 -5.23927328e-02 -7.86921042e-02 -9.14180813e-02 -9.33684854e-02 -9.23920452e-02 -1.15314054e-01 -1.41351112e-01 -1.85238803e-01 -2.20214212e-01 -2.94684720e-01 -4.06816407e-01 -5.21837825e-01 -5.92886229e-01 -7.69040476e-01 -5.99151409e-01
1.78000000e+01 -2.33832827e-02 1.27228455e-02 9.29390934e-03 7.35962732e-03 1.93689906e-02 2.48498660e-02 2.13474395e-02 4.15026291e-02 3.50151738e-02 4.90454313e-03 3.30472189e-02 1.72281553e-02 -4.97650795e-02 2.49304967e-02 -5.27163425e-02 1.37194198e-02 -8.77446762e-03 2.66807701e-02 4.70111763e-02 7.99924801e-02 1.06895880e-01 1.32566757e-01 1.51937140e-01 1.69166304e-01 1.81018111e-01 1.90341446e-01 1.95703726e-01 2.01161695e-01 2.01807317e-01 2.01041012e-01 1.94055475e-01 1.85106449e-01 1.70342406e-01 1.51130383e-01 1.23540253e-01 9.76348984e-02 6.85219478e-02 3.91348377e-02 1.26616028e-02 -1.04441648e-02 -3.13114576e-02 -4.78378959e-02 -6.28234817e-02 -6.93715877e-02 -6.98184753e-02 -6.02599819e-02 -3.79079929e-02 -6.98749147e-03 4.05544746e-02 9.30216025e-02 1.48228196e-01 2.02312895e-01 2.53908128e-01 3.01581614e-01 3.45520875e-01 3.81146469e-01 4.14612181e-01 4.43596511e-01 4.66779894e-01 4.84612825e-01 4.87573048e-01 4.76994330e-01 4.49923765e-01 3.97867047e-01 3.26800408e-01 2.41593893e-01 1.49588071e-01 5.29544167e-02 -3.72618510e-02 -1.22244855e-01 -2.00817193e-01 -2.73088625e-01 -3.27726974e-01 -3.73517289e-01 -4.00128447e-01 -4.07638762e-01 -4.00611998e-01 -3.85386743e-01 -3.58656594e-01 -3.15565774e-01 -2.66560127e-01 -2.16712386e-01 -1.59700880e-01 -1.00140690e-01 -6.98783229e-02 -5.63976048e-02 -8.19482448e-02 -9.25957830e-02 -9.20975328e-02 -9.20152691e-02 -1.15082675e-01 -1.40197607e-01 -1.83014873e-01 -2.16191922e-01 -2.90919968e-01 -4.03688594e-01 -5.16544235e-01 -5.86190253e-01 -7.64805676e-01 -5.82573191e-01
1.79000000e+01 -2.40302049e-02 1.19599045e-02 9.18911890e-03 7.34329731e-03 1.95672154e-02 2.48862341e-02 2.16380191e-02 4.29499557e-02 3.58544276e-02 5.29429099e-03 3.64138931e-02 1.79195202e-02 -4.72538609e-02 2.68449410e-02 -5.37834456e-02 1.57541657e-02 -9.65999860e-03 2.66648766e-02 4.58821647e-02 7.93799648e-02 1.06347680e-01 1.32592330e-01 1.52272495e-01 1.69956185e-01 1.82034778e-01 1.91461652e-01 1.96959888e-01 2.02366047e-01 2.02845179e-01 2.01697631e-01 1.94156469e-01 1.84551544e-01 1.69049228e-01 1.49044954e-01 1.20756778e-01 9.44156769e-02 6.51146810e-02 3.58090298e-02 9.64970381e-03 -1.28673012e-02 -3.33925501e-02 -4.93588481e-02 -6.41702439e-02 -6.99047900e-02 -6.99401387e-02 -5.96241954e-02 -3.63757480e-02 -4.86147343e-03 4.34801140e-02 9.60564352e-02 1.51099920e-01 2.04525307e-01 2.55478411e-01 3.02742917e-01 3.46396440e-01 3.81814078e-01 4.15519816e-01 4.44636921e-01 4.67975330e-01 4.85455448e-01 4.88075290e-01 4.76725199e-01 4.48466198e-01 3.95316764e-01 3.23118710e-01 2.37633874e-01 1.46054968e-01 5.04043305e-02 -3.84417942e-02 -1.22634921e-01 -2.00710228e-01 -2.73067194e-01 -3.27949408e-01 -3.74408657e-01 -4.01123181e-01 -4.09229335e-01 -4.02854826e-01 -3.88294899e-01 -3.61621373e-01 -3.18640482e-01 -2.70221217e-01 -2.19692297e-01 -1.61968005e-01 -1.02979035e-01 -7.25262321e-02 -6.07114577e-02 -8.51939448e-02 -9.36929795e-02 -9.08244722e-02 -9.18899066e-02 -1.14750228e-01 -1.39155082e-01 -1.80684984e-01 -2.12264256e-01 -2.87289083e-01 -4.00672372e-01 -5.11159241e-01 -5.79613193e-01 -7.60420493e-01 -5.65635075e-01
1.80000000e+01 -2.46274694e-02 1.12132308e-02 9.08349912e-03 7.36164413e-03 1.97590799e-02 2.48369121e-02 2.20253661e-02 4.42797238e-02 3.65887975e-02 5.84975328e-03 3.95973876e-02 1.84696305e-02 -4.44793952e-02 2.86632701e-02 -5.47710430e-02 1.78249499e-02 -1.05242298e-02 2.67540160e-02 4.47696478e-02 7.87791626e-02 1.05767374e-01 1.32584536e-01 1.52573291e-01 1.70707619e-01 1.83020711e-01 1.92549889e-01 1.98198114e-01 2.03556884e-01 2.03864513e-01 2.02329457e-01 1.94234889e-01 1.83953579e-01 1.67722738e-01 1.46921859e-01 1.17956229e-01 9.11834765e-02 6.17321478e-02 3.25243999e-02 6.68078961e-03 -1.52371414e-02 -3.54265168e-02 -5.08440918e-02 -6.54619718e-02 -7.03931616e-02 -6.99895848e-02 -5.89273316e-02 -3.47690917e-02 -2.65674339e-03 4.64422991e-02 9.90887579e-02 1.53947143e-01 2.06686026e-01 2.56989842e-01 3.03859386e-01 3.47209313e-01 3.82456105e-01 4.16403794e-01 4.45663521e-01 4.69127780e-01 4.86201676e-01 4.88487551e-01 4.76318244e-01 4.46822054e-01 3.92621460e-01 3.19312164e-01 2.33634138e-01 1.42550401e-01 4.79545638e-02 -3.95355325e-02 -1.22957961e-01 -2.00537568e-01 -2.72950233e-01 -3.28115492e-01 -3.75213964e-01 -4.02012465e-01 -4.10754009e-01 -4.05039527e-01 -3.91093751e-01 -3.64431837e-01 -3.21624437e-01 -2.73770259e-01 -2.22544870e-01 -1.64223991e-01 -1.06034772e-01 -7.54358192e-02 -6.53086869e-02 -8.84173353e-02 -9.47076850e-02 -8.95838599e-02 -9.19985479e-02 -1.14312949e-01 -1.38227719e-01 -1.78242448e-01 -2.08436182e-01 -2.83800630e-01 -3.97738876e-01 -5.05695887e-01 -5.73163017e-01 -7.55874459e-01 -5.48352966e-01
1.81000000e+01 -2.51748427e-02 1.04829984e-02 8.97774958e-03 7.41524179e-03 1.99443049e-02 2.46995861e-02 2.25159480e-02 4.54902674e-02 3.72062505e-02 6.59590758e-03 4.25763654e-02 1.88881177e-02 -4.14508228e-02 3.03768764e-02 -5.56595803e-02 1.99177379e-02 -1.13670573e-02 2.69495343e-02 4.36777584e-02 7.81920419e-02 1.05156731e-01 1.32542725e-01 1.52840919e-01 1.71419017e-01 1.83975901e-01 1.93606433e-01 1.99417407e-01 2.04733674e-01 2.04863386e-01 2.02935559e-01 1.94289563e-01 1.83311580e-01 1.66363650e-01 1.44761472e-01 1.15139306e-01 8.79422341e-02 5.83761170e-02 2.92840147e-02 3.75617406e-03 -1.75553597e-02 -3.74130192e-02 -5.22970774e-02 -6.66949278e-02 -7.08399174e-02 -6.99648716e-02 -5.81687374e-02 -3.30901960e-02 -3.73535157e-04 4.94361822e-02 1.02114044e-01 1.56765724e-01 2.08796568e-01 2.58444698e-01 3.04932182e-01 3.47962584e-01 3.83075586e-01 4.17265020e-01 4.46676861e-01 4.70232591e-01 4.86852132e-01 4.88806845e-01 4.75769391e-01 4.44991383e-01 3.89783539e-01 3.15389421e-01 2.29603131e-01 1.39080925e-01 4.56069887e-02 -4.05495534e-02 -1.23220163e-01 -2.00304380e-01 -2.72740686e-01 -3.28229644e-01 -3.75929618e-01 -4.02798713e-01 -4.12213687e-01 -4.07165322e-01 -3.93778471e-01 -3.67090437e-01 -3.24520418e-01 -2.77197908e-01 -2.25272610e-01 -1.66477343e-01 -1.09308821e-01 -7.86165817e-02 -7.01610183e-02 -9.16087755e-02 -9.56399122e-02 -8.84108561e-02 -9.23181193e-02 -1.13773457e-01 -1.37415263e-01 -1.75683605e-01 -2.04711804e-01 -2.80462589e-01 -3.94858159e-01 -5.00170180e-01 -5.66843534e-01 -7.51159096e-01 -5.30743256e-01
1.82000000e+01 -2.56720811e-02 9.76915592e-03 8.87301040e-03 7.50434343e-03 2.01219282e-02 2.44741562e-02 2.31132429e-02 4.65817655e-02 3.76962649e-02 7.55356587e-03 4.53324273e-02 1.91865134e-02 -3.81806567e-02 3.19780770e-02 -5.64288886e-02 2.20182845e-02 -1.21880628e-02 2.72519661e-02 4.26106448e-02 7.76205790e-02 1.04517759e-01 1.32466318e-01 1.53076610e-01 1.72088954e-01 1.84900251e-01 1.94631745e-01 2.00616618e-01 2.05895711e-01 2.05839805e-01 2.03515108e-01 1.94319142e-01 1.82624848e-01 1.64972607e-01 1.42564292e-01 1.12306673e-01 8.46961732e-02 5.50481783e-02 2.60907276e-02 8.77308992e-04 -1.98237685e-02 -3.93516958e-02 -5.37210946e-02 -6.78655401e-02 -7.12480063e-02 -6.98643504e-02 -5.73474126e-02 -3.13414131e-02 1.98754887e-03 5.24569224e-02 1.05127769e-01 1.59551499e-01 2.10858718e-01 2.59845420e-01 3.05962262e-01 3.48659845e-01 3.83675431e-01 4.18104299e-01 4.47677010e-01 4.71285084e-01 4.87407873e-01 4.89029617e-01 4.75074575e-01 4.42974926e-01 3.86805454e-01 3.11359516e-01 2.25549432e-01 1.35652962e-01 4.33627909e-02 -4.14906858e-02 -1.23427451e-01 -2.00015460e-01 -2.72442016e-01 -3.28295914e-01 -3.76551933e-01 -4.03484821e-01 -4.13608954e-01 -4.09231024e-01 -3.96344377e-01 -3.69600447e-01 -3.27330290e-01 -2.80495225e-01 -2.27879339e-01 -1.68736812e-01 -1.12801275e-01 -8.20766953e-02 -7.52379908e-02 -9.47607910e-02 -9.64919231e-02 -8.73402428e-02 -9.28208005e-02 -1.13140493e-01 -1.36712906e-01 -1.73007952e-01 -2.01094431e-01 -2.77281837e-01 -3.92000064e-01 -4.94600452e-01 -5.60654564e-01 -7.46268013e-01 -5.12822729e-01
1.83000000e+01 -2.61189311e-02 9.07144157e-03 8.77084009e-03 7.62890662e-03 2.02902485e-02 2.41628342e-02 2.38176864e-02 4.75560411e-02 3.80503609e-02 8.73870664e-03 4.78505950e-02 1.93779537e-02 -3.46847527e-02 3.34604266e-02 -5.70585678e-02 2.41123433e-02 -1.29864333e-02 2.76609608e-02 4.15724561e-02 7.70667431e-02 1.03852703e-01 1.32354847e-01 1.53281362e-01 1.72716233e-01 1.85793523e-01 1.95626446e-01 2.01794471e-01 2.07042111e-01 2.06791739e-01 2.04067381e-01 1.94322087e-01 1.81892972e-01 1.63550129e-01 1.40330968e-01 1.09459032e-01 8.14497194e-02 5.17497889e-02 2.29471197e-02 -1.95421374e-03 -2.20442740e-02 -4.12422060e-02 -5.51191815e-02 -6.89705211e-02 -7.16199953e-02 -6.96867369e-02 -5.64620039e-02 -2.95252377e-02 4.42548045e-03 5.54997231e-02 1.08125417e-01 1.62300327e-01 2.12874495e-01 2.61194578e-01 3.06950428e-01 3.49305151e-01 3.84258403e-01 4.18922312e-01 4.48663541e-01 4.72280663e-01 4.87870268e-01 4.89151773e-01 4.74229801e-01 4.40774112e-01 3.83689716e-01 3.07231808e-01 2.21481749e-01 1.32272756e-01 4.12224314e-02 -4.23660191e-02 -1.23585451e-01 -1.99675240e-01 -2.72058239e-01 -3.28317911e-01 -3.77077247e-01 -4.04074124e-01 -4.14940057e-01 -4.11235038e-01 -3.98787030e-01 -3.71965876e-01 -3.30054933e-01 -2.83653891e-01 -2.30370090e-01 -1.71011339e-01 -1.16511461e-01 -8.58226844e-02 -8.05074830e-02 -9.78679768e-02 -9.72684489e-02 -8.64054245e-02 -9.34750971e-02 -1.12428418e-01 -1.36111357e-01 -1.70218183e-01 -1.97586686e-01 -2.74263635e-01 -3.89135109e-01 -4.89006645e-01 -5.54592212e-01 -7.41196930e-01 -4.94608488e-01
1.84000000e+01 -2.65151302e-02 8.38940180e-03 8.67318396e-03 7.78861644e-03 2.04468066e-02 2.37701647e-02 2.46267076e-02 4.84163170e-02 3.82625838e-02 1.01619116e-02 5.01197390e-02 1.94768194e-02 -3.09822104e-02 3.48190469e-02 -5.75284271e-02 2.61858877e-02 -1.37608766e-02 2.81752131e-02 4.05673419e-02 7.65324709e-02 1.03164044e-01 1.32207993e-01 1.53455878e-01 1.73299937e-01 1.86655296e-01 1.96591282e-01 2.02949591e-01 2.08171824e-01 2.07717130e-01 2.04591758e-01 1.94296674e-01 1.81115838e-01 1.62096566e-01 1.38062324e-01 1.06597188e-01 7.82074119e-02 4.84823237e-02 1.98554533e-02 -4.73667396e-03 -2.42188265e-02 -4.30842750e-02 -5.64940361e-02 -7.00069819e-02 -7.19579646e-02 -6.94311709e-02 -5.55108170e-02 -2.76442618e-02 6.93875689e-03 5.85598599e-02 1.11102504e-01 1.65008140e-01 2.14846120e-01 2.62494834e-01 3.07897394e-01 3.49902980e-01 3.84827101e-01 4.19719601e-01 4.49635528e-01 4.73214917e-01 4.88240877e-01 4.89168732e-01 4.73231195e-01 4.38391040e-01 3.80438914e-01 3.03015919e-01 2.17408914e-01 1.28946337e-01 3.91856108e-02 -4.31828086e-02 -1.23699463e-01 -1.99287813e-01 -2.71593927e-01 -3.28298727e-01 -3.77502033e-01 -4.04570349e-01 -4.16206871e-01 -4.13175364e-01 -4.01102334e-01 -3.74191349e-01 -3.32694218e-01 -2.86666404e-01 -2.32750973e-01 -1.73310011e-01 -1.20437975e-01 -8.98591072e-02 -8.59362723e-02 -1.00926876e-01 -9.79768653e-02 -8.56374455e-02 -9.42470315e-02 -1.11656526e-01 -1.35597077e-01 -1.67320124e-01 -1.94190608e-01 -2.71411151e-01 -3.86235361e-01 -4.83409533e-01 -5.48649258e-01 -7.35943625e-01 -4.76117903e-01
1.85000000e+01 -2.68604101e-02 7.72241506e-03 8.58233586e-03 7.98290333e-03 2.05884043e-02 2.33029718e-02 2.55348491e-02 4.91669418e-02 3.83299167e-02 1.18279373e-02 5.21329074e-02 1.94983532e-02 -2.70952024e-02 3.60509502e-02 -5.78189770e-02 2.82253408e-02 -1.45095383e-02 2.87924019e-02 3.95994636e-02 7.60196260e-02 1.02454499e-01 1.32025607e-01 1.53600532e-01 1.73839457e-01 1.87484923e-01 1.97527090e-01 2.04080541e-01 2.09283639e-01 2.08613918e-01 2.05087722e-01 1.94240996e-01 1.80293630e-01 1.60612061e-01 1.35759371e-01 1.03722120e-01 7.49738156e-02 4.52471265e-02 1.68176401e-02 -7.46824942e-03 -2.63493675e-02 -4.48777365e-02 -5.78479317e-02 -7.09725351e-02 -7.22634184e-02 -6.90972576e-02 -5.44918492e-02 -2.57011276e-02 9.52536316e-03 6.16326964e-02 1.14054593e-01 1.67670989e-01 2.16775966e-01 2.63748909e-01 3.08803865e-01 3.50458164e-01 3.85383928e-01 4.20496547e-01 4.50591552e-01 4.74083704e-01 4.88521314e-01 4.89075487e-01 4.72075056e-01 4.35828450e-01 3.77055742e-01 2.98721689e-01 2.13339851e-01 1.25679480e-01 3.72512386e-02 -4.39483689e-02 -1.23774452e-01 -1.98856964e-01 -2.71054206e-01 -3.28240871e-01 -3.77823016e-01 -4.04977555e-01 -4.17408874e-01 -4.15049615e-01 -4.03286628e-01 -3.76281980e-01 -3.35247014e-01 -2.89526255e-01 -2.35029027e-01 -1.75642038e-01 -1.24578714e-01 -9.41882679e-02 -9.14906081e-02 -1.03935845e-01 -9.86273049e-02 -8.50640559e-02 -9.51014081e-02 -1.10848174e-01 -1.35152687e-01 -1.64322583e-01 -1.90907785e-01 -2.68725037e-01 -3.83275271e-01 -4.77829921e-01 -5.42815614e-01 -7.30507822e-01 -4.57368574e-01
1.86000000e+01 -2.71545028e-02 7.06972124e-03 8.50089561e-03 8.21095313e-03 2.07111609e-02 2.27702323e-02 2.65339656e-02 4.98131004e-02 3.82526035e-02 1.37354496e-02 5.38875239e-02 1.94582874e-02 -2.30487322e-02 3.71553320e-02 -5.79119612e-02 3.02178147e-02 -1.52299233e-02 2.95091416e-02 3.86730176e-02 7.55299485e-02 1.01727034e-01 1.31807723e-01 1.53715355e-01 1.74334522e-01 1.88281511e-01 1.98434751e-01 2.05185867e-01 2.10376194e-01 2.09480054e-01 2.05554839e-01 1.94152992e-01 1.79426829e-01 1.59096514e-01 1.33423311e-01 1.00835042e-01 7.17534388e-02 4.20455572e-02 1.38352280e-02 -1.01470570e-02 -2.84377748e-02 -4.66225709e-02 -5.91826395e-02 -7.18653807e-02 -7.25372134e-02 -6.86850842e-02 -5.34028395e-02 -2.36984791e-02 1.21827477e-02 6.47136896e-02 1.16977324e-01 1.70285102e-01 2.18666506e-01 2.64959555e-01 3.09670610e-01 3.50975822e-01 3.85931075e-01 4.21253364e-01 4.51529716e-01 4.74883234e-01 4.88713123e-01 4.88866683e-01 4.70757897e-01 4.33089691e-01 3.73543027e-01 2.94359128e-01 2.09283537e-01 1.22477669e-01 3.54174079e-02 -4.46699596e-02 -1.23815046e-01 -1.98386214e-01 -2.70444732e-01 -3.28146218e-01 -3.78037281e-01 -4.05300067e-01 -4.18545132e-01 -4.16855043e-01 -4.05336773e-01 -3.78243214e-01 -3.37711227e-01 -2.92228097e-01 -2.37212059e-01 -1.78016735e-01 -1.28930883e-01 -9.88099651e-02 -9.71367848e-02 -1.06894909e-01 -9.92326950e-02 -8.47088644e-02 -9.60031119e-02 -1.10029784e-01 -1.34757510e-01 -1.61237103e-01 -1.87739464e-01 -2.66203077e-01 -3.80232428e-01 -4.72287838e-01 -5.37078870e-01 -7.24891013e-01 -4.38378307e-01
1.87000000e+01 -2.73971493e-02 6.43045634e-03 8.43172285e-03 8.47170883e-03 2.08106055e-02 2.21828799e-02 2.76134943e-02 5.03605201e-02 3.80343642e-02 1.58769402e-02 5.53854415e-02 1.93725066e-02 -1.88703237e-02 3.81338078e-02 -5.77909104e-02 3.21513535e-02 -1.59188294e-02 3.03209505e-02 3.77922639e-02 7.50649958e-02 1.00984866e-01 1.31554567e-01 1.53800040e-01 1.74785192e-01 1.89043910e-01 1.99315143e-01 2.06264142e-01 2.11447979e-01 2.10313524e-01 2.05992738e-01 1.94030465e-01 1.78516203e-01 1.57549576e-01 1.31055534e-01 9.79374526e-02 6.85506613e-02 3.88790300e-02 1.09094063e-02 -1.27712077e-02 -3.04858098e-02 -4.83189393e-02 -6.04993637e-02 -7.26843705e-02 -7.27795092e-02 -6.81952102e-02 -5.22413356e-02 -2.16389158e-02 1.49078144e-02 6.77983858e-02 1.19866438e-01 1.72846938e-01 2.20520259e-01 2.66129524e-01 3.10498543e-01 3.51461271e-01 3.86470491e-01 4.21990091e-01 4.52447665e-01 4.75610123e-01 4.88817659e-01 4.88536700e-01 4.69276489e-01 4.30178679e-01 3.69903768e-01 2.89938392e-01 2.05248946e-01 1.19346071e-01 3.36813789e-02 -4.53546657e-02 -1.23825542e-01 -1.97878870e-01 -2.69771657e-01 -3.28015956e-01 -3.78142378e-01 -4.05542400e-01 -4.19614302e-01 -4.18588563e-01 -4.07250232e-01 -3.80080671e-01 -3.40083872e-01 -2.94767873e-01 -2.39308479e-01 -1.80443508e-01 -1.33491001e-01 -1.03721286e-01 -1.02841698e-01 -1.09805629e-01 -9.98087051e-02 -8.45906094e-02 -9.69183912e-02 -1.09229732e-01 -1.34388251e-01 -1.58077649e-01 -1.84686665e-01 -2.63839931e-01 -3.77088228e-01 -4.66801762e-01 -5.31424866e-01 -7.19096233e-01 -4.19165106e-01
1.88000000e+01 -2.75881104e-02 5.80369154e-03 8.37788725e-03 8.76386478e-03 2.08818032e-02 2.15535464e-02 2.87607876e-02 5.08151872e-02 3.76824896e-02 1.82388340e-02 5.66328489e-02 1.92567622e-02 -1.45896462e-02 3.89905670e-02 -5.74416946e-02 3.40151765e-02 -1.65722984e-02 3.12222404e-02 3.69615573e-02 7.46260796e-02 1.00231476e-01 1.31266552e-01 1.53853971e-01 1.75191859e-01 1.89770723e-01 2.00169094e-01 2.07314012e-01 2.12497349e-01 2.11112377e-01 2.06401087e-01 1.93871123e-01 1.77562787e-01 1.55970633e-01 1.28657600e-01 9.50311717e-02 6.53696743e-02 3.57490393e-02 8.04102741e-03 -1.53388709e-02 -3.24950715e-02 -4.99672108e-02 -6.17986904e-02 -7.34290511e-02 -7.29897435e-02 -6.76286306e-02 -5.10047746e-02 -1.95249527e-02 1.76969307e-02 7.08824096e-02 1.22717820e-01 1.75353229e-01 2.22339729e-01 2.67261545e-01 3.11288799e-01 3.51919941e-01 3.87003860e-01 4.22706604e-01 4.53342614e-01 4.76261444e-01 4.88835985e-01 4.88079736e-01 4.67627896e-01 4.27099851e-01 3.66141177e-01 2.85469745e-01 2.01244979e-01 1.16289509e-01 3.20395720e-02 -4.60092799e-02 -1.23809927e-01 -1.97338077e-01 -2.69041572e-01 -3.27850552e-01 -3.78136417e-01 -4.05709163e-01 -4.20614642e-01 -4.20246789e-01 -4.09025136e-01 -3.81799971e-01 -3.42361180e-01 -2.97142928e-01 -2.41327133e-01 -1.82931848e-01 -1.38254881e-01 -1.08916452e-01 -1.08573369e-01 -1.12670977e-01 -1.00373598e-01 -8.47225806e-02 -9.78160821e-02 -1.08477189e-01 -1.34019759e-01 -1.54860225e-01 -1.81750267e-01 -2.61626980e-01 -3.73828408e-01 -4.61387898e-01 -5.25838301e-01 -7.13127798e-01 -3.99747185e-01
1.89000000e+01 -2.77271783e-02 5.18847538e-03 8.34261397e-03 9.08585599e-03 2.09195108e-02 2.08962463e-02 2.99614975e-02 5.11830834e-02 3.72078119e-02 2.08017858e-02 5.76400422e-02 1.91264473e-02 -1.02380828e-02 3.97324251e-02 -5.68530454e-02 3.57999142e-02 -1.71855914e-02 3.22063317e-02 3.61853735e-02 7.42142052e-02 9.94706189e-02 1.30944274e-01 1.53876262e-01 1.75555222e-01 1.90460334e-01 2.00997336e-01 2.08334237e-01 2.13522523e-01 2.11874751e-01 2.06779553e-01 1.93672612e-01 1.76567853e-01 1.54358822e-01 1.26231225e-01 9.21183603e-02 6.22144361e-02 3.26571716e-02 5.23064249e-03 -1.78483429e-02 -3.44669578e-02 -5.15679839e-02 -6.30805545e-02 -7.40996827e-02 -7.31666333e-02 -6.69867149e-02 -4.96905744e-02 -1.73589874e-02 2.05459524e-02 7.39614487e-02 1.25527535e-01 1.77801038e-01 2.24127349e-01 2.68358301e-01 3.12042798e-01 3.52357277e-01 3.87532585e-01 4.23402621e-01 4.54211377e-01 4.76834750e-01 4.88768774e-01 4.87489891e-01 4.65809519e-01 4.23858113e-01 3.62258718e-01 2.80963535e-01 1.97280385e-01 1.13312434e-01 3.04875759e-02 -4.66401895e-02 -1.23771894e-01 -1.96766877e-01 -2.68261452e-01 -3.27649732e-01 -3.78018154e-01 -4.05804965e-01 -4.21544055e-01 -4.21826064e-01 -4.10660326e-01 -3.83406572e-01 -3.44538723e-01 -2.99352092e-01 -2.43277147e-01 -1.85491311e-01 -1.43217603e-01 -1.14386728e-01 -1.14301423e-01 -1.15495226e-01 -1.00947974e-01 -8.51122136e-02 -9.86687316e-02 -1.07800938e-01 -1.33625879e-01 -1.51602444e-01 -1.78931069e-01 -2.59552287e-01 -3.70443443e-01 -4.56059539e-01 -5.20303346e-01 -7.06991012e-01 -3.80142981e-01
1.90000000e+01 -2.78141910e-02 4.58387808e-03 8.32922366e-03 9.43584438e-03 2.09183573e-02 2.02260144e-02 3.11999990e-02 5.14699503e-02 3.66245541e-02 2.35411482e-02 5.84210777e-02 1.89964286e-02 -5.84825010e-03 4.03687624e-02 -5.60170190e-02 3.74978285e-02 -1.77531938e-02 3.32654975e-02 3.54683247e-02 7.38300195e-02 9.87063196e-02 1.30588499e-01 1.53865813e-01 1.75876259e-01 1.91110957e-01 2.01800458e-01 2.09323727e-01 2.14521596e-01 2.12598911e-01 2.07127766e-01 1.93432556e-01 1.75532870e-01 1.52713049e-01 1.23778255e-01 8.92015275e-02 5.90886410e-02 2.96051052e-02 2.47854617e-03 -2.02981122e-02 -3.64026395e-02 -5.31220984e-02 -6.43442238e-02 -7.46972352e-02 -7.33082022e-02 -6.62711279e-02 -4.82962344e-02 -1.51432770e-02 2.34502595e-02 7.70312369e-02 1.28291877e-01 1.80187797e-01 2.25885432e-01 2.69422401e-01 3.12762303e-01 3.52778642e-01 3.88057775e-01 4.24077720e-01 4.55050415e-01 4.77328090e-01 4.88616240e-01 4.86761245e-01 4.63819135e-01 4.20458786e-01 3.58260156e-01 2.76430169e-01 1.93363683e-01 1.10418903e-01 2.90201717e-02 -4.72532758e-02 -1.23714875e-01 -1.96168274e-01 -2.67438574e-01 -3.27412476e-01 -3.77787070e-01 -4.05834310e-01 -4.22400136e-01 -4.23322490e-01 -4.12155389e-01 -3.84905616e-01 -3.46611554e-01 -3.01395735e-01 -2.45167775e-01 -1.88131503e-01 -1.48373477e-01 -1.20120394e-01 -1.19997522e-01 -1.18283868e-01 -1.01554421e-01 -8.57608776e-02 -9.94535800e-02 -1.07228217e-01 -1.33180331e-01 -1.48323069e-01 -1.76229820e-01 -2.57600680e-01 -3.66928785e-01 -4.50826532e-01 -5.14804233e-01 -7.00691854e-01 -3.60371176e-01
1.91000000e+01 -2.78490481e-02 3.98903644e-03 8.34106776e-03 9.81170379e-03 2.08730431e-02 1.95585072e-02 3.24598388e-02 5.16810866e-02 3.59500694e-02 2.64275894e-02 5.89933262e-02 1.88809251e-02 -1.45347835e-03 4.09113526e-02 -5.49293716e-02 3.91030106e-02 -1.82688546e-02 3.43910376e-02 3.48151588e-02 7.34737728e-02 9.79428719e-02 1.30200152e-01 1.53821368e-01 1.76156192e-01 1.91720702e-01 2.02578869e-01 2.10281564e-01 2.15492549e-01 2.13283278e-01 2.07445270e-01 1.93148601e-01 1.74459450e-01 1.51032023e-01 1.21300651e-01 8.62835233e-02 5.59957021e-02 2.65945991e-02 -2.15175179e-04 -2.26869160e-02 -3.83030479e-02 -5.46306367e-02 -6.55883026e-02 -7.52233623e-02 -7.34118287e-02 -6.54837355e-02 -4.68194397e-02 -1.28799235e-02 2.64048034e-02 8.00875384e-02 1.31007410e-01 1.82511342e-01 2.27616121e-01 2.70456368e-01 3.13449465e-01 3.53189224e-01 3.88580242e-01 4.24731357e-01 4.55855879e-01 4.77740008e-01 4.88378074e-01 4.85887935e-01 4.61654933e-01 4.16907548e-01 3.54149600e-01 2.71880075e-01 1.89503069e-01 1.07612554e-01 2.76313793e-02 -4.78538304e-02 -1.23642061e-01 -1.95545294e-01 -2.66580434e-01 -3.27137028e-01 -3.77443428e-01 -4.05801488e-01 -4.23180250e-01 -4.24731963e-01 -4.13510659e-01 -3.86301792e-01 -3.48574369e-01 -3.03275788e-01 -2.47008271e-01 -1.90862041e-01 -1.53715988e-01 -1.26102779e-01 -1.25635727e-01 -1.21043541e-01 -1.02217052e-01 -8.66638634e-02 -1.00153371e-01 -1.06783625e-01 -1.32657602e-01 -1.45041523e-01 -1.73647213e-01 -2.55753958e-01 -3.63284939e-01 -4.45694863e-01 -5.09325815e-01 -6.94236667e-01 -3.40450729e-01
1.92000000e+01 -2.78317294e-02 3.40319858e-03 8.38146171e-03 1.02110047e-02 2.07785520e-02 1.89095806e-02 3.37241936e-02 5.18211835e-02 3.52044782e-02 2.94278337e-02 5.93769473e-02 1.87934160e-02 2.91273576e-03 4.13740951e-02 -5.35898235e-02 4.06115463e-02 -1.87256610e-02 3.55733822e-02 3.42307371e-02 7.31453004e-02 9.71848166e-02 1.29780307e-01 1.53741589e-01 1.76396450e-01 1.92287654e-01 2.03332773e-01 2.11207014e-01 2.16433271e-01 2.13926458e-01 2.07731468e-01 1.92818456e-01 1.73349287e-01 1.49314305e-01 1.18800470e-01 8.33675191e-02 5.29387440e-02 2.36274753e-02 -2.85059724e-03 -2.50137828e-02 -4.01688757e-02 -5.60949132e-02 -6.68107514e-02 -7.56803552e-02 -7.34743129e-02 -6.46265041e-02 -4.52581674e-02 -1.05708673e-02 2.94041577e-02 8.31261351e-02 1.33671017e-01 1.84769947e-01 2.29321353e-01 2.71462619e-01 3.14106849e-01 3.53593946e-01 3.89100503e-01 4.25362884e-01 4.56623676e-01 4.78069515e-01 4.88053399e-01 4.84864224e-01 4.59315557e-01 4.13210372e-01 3.49931553e-01 2.67323671e-01 1.85706345e-01 1.04896575e-01 2.63145262e-02 -4.84464908e-02 -1.23556421e-01 -1.94901058e-01 -2.65694645e-01 -3.26820938e-01 -3.76988322e-01 -4.05710482e-01 -4.23881605e-01 -4.26050199e-01 -4.14727204e-01 -3.87599218e-01 -3.50421667e-01 -3.04995748e-01 -2.48807777e-01 -1.93692509e-01 -1.59237742e-01 -1.32316367e-01 -1.31192814e-01 -1.23781986e-01 -1.02960971e-01 -8.78105749e-02 -1.00756963e-01 -1.06488135e-01 -1.32033823e-01 -1.41777413e-01 -1.71183838e-01 -2.53991219e-01 -3.59517356e-01 -4.40666380e-01 -5.03854066e-01 -6.87631844e-01 -3.20400900e-01
1.93000000e+01 -2.77623138e-02 2.82576756e-03 8.45361929e-03 1.06309996e-02 2.06303679e-02 1.82948570e-02 3.49763255e-02 5.18941998e-02 3.44102188e-02 3.25054989e-02 5.95943009e-02 1.87465636e-02 7.21729438e-03 4.17726678e-02 -5.20021975e-02 4.20216428e-02 -1.91161501e-02 3.68022283e-02 3.37199891e-02 7.28440268e-02 9.64369069e-02 1.29330173e-01 1.53625119e-01 1.76598621e-01 1.92809954e-01 2.04062153e-01 2.12099528e-01 2.17341579e-01 2.14527265e-01 2.07985571e-01 1.92439937e-01 1.72204084e-01 1.47558363e-01 1.16279852e-01 8.04569792e-02 4.99206007e-02 2.07056007e-02 -5.42791872e-03 -2.72780586e-02 -4.20005920e-02 -5.75164530e-02 -6.80089243e-02 -7.60710797e-02 -7.34919549e-02 -6.37013999e-02 -4.36107894e-02 -8.21788554e-03 3.24425725e-02 8.61428202e-02 1.36279942e-01 1.86962340e-01 2.31002832e-01 2.72443460e-01 3.14737441e-01 3.53997388e-01 3.89618797e-01 4.25971561e-01 4.57349538e-01 4.78316067e-01 4.87640743e-01 4.83684568e-01 4.56800139e-01 4.09373466e-01 3.45610961e-01 2.62771317e-01 1.81980842e-01 1.02273676e-01 2.50623403e-02 -4.90352021e-02 -1.23460723e-01 -1.94238846e-01 -2.64788821e-01 -3.26461119e-01 -3.76423709e-01 -4.05564868e-01 -4.24501329e-01 -4.27272780e-01 -4.15806782e-01 -3.88801355e-01 -3.52147917e-01 -3.06560638e-01 -2.50575232e-01 -1.96632395e-01 -1.64930399e-01 -1.38740959e-01 -1.36648517e-01 -1.26508003e-01 -1.03811653e-01 -8.91849189e-02 -1.01259713e-01 -1.06358243e-01 -1.31287584e-01 -1.38550052e-01 -1.68840100e-01 -2.52289292e-01 -3.55636173e-01 -4.35738660e-01 -4.98376515e-01 -6.80883534e-01 -3.00241281e-01
1.94000000e+01 -2.76409966e-02 2.25634246e-03 8.56059048e-03 1.10686102e-02 2.04246914e-02 1.77292966e-02 3.62000169e-02 5.19032802e-02 3.35915211e-02 3.56220072e-02 5.96693119e-02 1.87521395e-02 1.14280695e-02 4.21241227e-02 -5.01744239e-02 4.33337080e-02 -1.94324570e-02 3.80667044e-02 3.32878428e-02 7.25689950e-02 9.57040547e-02 1.28851096e-01 1.53470658e-01 1.76764405e-01 1.93285890e-01 2.04766765e-01 2.12958718e-01 2.18215257e-01 2.15084732e-01 2.08206527e-01 1.92011010e-01 1.71025485e-01 1.45762640e-01 1.13741015e-01 7.75556230e-02 4.69438169e-02 1.78308699e-02 -7.94743329e-03 -2.94794147e-02 -4.37984674e-02 -5.88969594e-02 -6.91796199e-02 -7.63989000e-02 -7.34606422e-02 -6.27102940e-02 -4.18761673e-02 -5.82259567e-03 3.55140253e-02 8.91333998e-02 1.38831819e-01 1.89087722e-01 2.32662001e-01 2.73401084e-01 3.15344635e-01 3.54403716e-01 3.90135102e-01 4.26556572e-01 4.58029096e-01 4.78479508e-01 4.87138025e-01 4.82343682e-01 4.54108326e-01 4.05403221e-01 3.41193255e-01 2.58233265e-01 1.78333362e-01 9.97460454e-02 2.38670647e-02 -4.96232018e-02 -1.23357533e-01 -1.93562166e-01 -2.63870453e-01 -3.26053934e-01 -3.75752421e-01 -4.05367734e-01 -4.25036551e-01 -4.28395189e-01 -4.16751779e-01 -3.89910940e-01 -3.53747725e-01 -3.07976956e-01 -2.52319313e-01 -1.99691009e-01 -1.70784614e-01 -1.45353898e-01 -1.41985722e-01 -1.29231416e-01 -1.04794280e-01 -9.07658802e-02 -1.01663639e-01 -1.06405286e-01 -1.30400679e-01 -1.35378016e-01 -1.66616106e-01 -2.50623278e-01 -3.51655777e-01 -4.30905033e-01 -4.92882601e-01 -6.73997372e-01 -2.79991813e-01
1.95000000e+01 -2.74681025e-02 1.69475504e-03 8.70520400e-03 1.15204184e-02 2.01586443e-02 1.72267860e-02 3.73799769e-02 5.18507206e-02 3.27738191e-02 3.87375460e-02 5.96268046e-02 1.88209527e-02 1.55144675e-02 4.24464392e-02 -4.81184135e-02 4.45503789e-02 -1.96664944e-02 3.93555644e-02 3.29391343e-02 7.23189188e-02 9.49912593e-02 1.28344551e-01 1.53277029e-01 1.76895565e-01 1.93713974e-01 2.05446157e-01 2.13784328e-01 2.19052092e-01 2.15598109e-01 2.08392971e-01 1.91529834e-01 1.69815000e-01 1.43925624e-01 1.11186250e-01 7.46673820e-02 4.40106482e-02 1.50051952e-02 -1.04095145e-02 -3.16178401e-02 -4.55626058e-02 -6.02382742e-02 -7.03191434e-02 -7.66675924e-02 -7.33759405e-02 -6.16548798e-02 -4.00537360e-02 -3.38646238e-03 3.86122685e-02 9.20937036e-02 1.41324706e-01 1.91145772e-01 2.34300023e-01 2.74337583e-01 3.15932202e-01 3.54816626e-01 3.90649160e-01 4.27117032e-01 4.58657962e-01 4.78560012e-01 4.86542550e-01 4.80836598e-01 4.51240296e-01 4.01306148e-01 3.36684397e-01 2.53719598e-01 1.74770132e-01 9.73153126e-02 2.27205896e-02 -5.02130303e-02 -1.23249229e-01 -1.92874812e-01 -2.62946757e-01 -3.25595304e-01 -3.74978166e-01 -4.05121608e-01 -4.25484467e-01 -4.29412868e-01 -4.17565134e-01 -3.90929950e-01 -3.55215998e-01 -3.09252581e-01 -2.54048397e-01 -2.02877386e-01 -1.76789977e-01 -1.52130344e-01 -1.47190607e-01 -1.31963031e-01 -1.05933046e-01 -9.25282633e-02 -1.01977332e-01 -1.06634949e-01 -1.29358736e-01 -1.32278742e-01 -1.64511515e-01 -2.48967170e-01 -3.47594232e-01 -4.26154747e-01 -4.87363934e-01 -6.66978246e-01 -2.59672804e-01
1.96000000e+01 -2.72440925e-02 1.14109988e-03 8.89001397e-03 1.19826630e-02 1.98304559e-02 1.67997574e-02 3.85022034e-02 5.17379825e-02 3.19831169e-02 4.18120551e-02 5.94918252e-02 1.89627803e-02 1.94479741e-02 4.27580504e-02 -4.58498089e-02 4.56764950e-02 -1.98101638e-02 4.06574069e-02 3.26784980e-02 7.20922574e-02 9.43035200e-02 1.27812157e-01 1.53043243e-01 1.76993866e-01 1.94093013e-01 2.06099690e-01 2.14576190e-01 2.19849922e-01 2.16066845e-01 2.08543168e-01 1.90994803e-01 1.68573943e-01 1.42045923e-01 1.08617918e-01 7.17963515e-02 4.11230597e-02 1.22305016e-02 -1.28146134e-02 -3.36936195e-02 -4.72929766e-02 -6.15423346e-02 -7.14233786e-02 -7.68812517e-02 -7.32331885e-02 -6.05366068e-02 -3.81435692e-02 -9.10807808e-04 4.17308698e-02 9.50196056e-02 1.43757096e-01 1.93136655e-01 2.35917759e-01 2.75254974e-01 3.16504230e-01 3.55239296e-01 3.91160507e-01 4.27651996e-01 4.59231801e-01 4.78558015e-01 4.85851023e-01 4.79158729e-01 4.48196770e-01 3.97088839e-01 3.32090916e-01 2.49240166e-01 1.71296777e-01 9.49824966e-02 2.16145971e-02 -5.08065625e-02 -1.23138004e-01 -1.92180917e-01 -2.62024534e-01 -3.25080847e-01 -3.74105510e-01 -4.04828399e-01 -4.25842390e-01 -4.30321270e-01 -4.18250239e-01 -3.91859587e-01 -3.56548104e-01 -3.10396661e-01 -2.55770540e-01 -2.06200168e-01 -1.82934965e-01 -1.59043588e-01 -1.52252726e-01 -1.34714569e-01 -1.07250458e-01 -9.44435762e-02 -1.02215649e-01 -1.07046986e-01 -1.28151728e-01 -1.29268164e-01 -1.62525369e-01 -2.47294533e-01 -3.43472574e-01 -4.21473277e-01 -4.81814462e-01 -6.59830096e-01 -2.39304934e-01
1.97000000e+01 -2.69695641e-02 5.95757020e-04 9.11725018e-03 1.24512471e-02 1.94396200e-02 1.64588510e-02 3.95542943e-02 5.15657589e-02 3.12453246e-02 4.48062166e-02 5.92889709e-02 1.91863074e-02 2.32026651e-02 4.30773573e-02 -4.33876257e-02 4.67190193e-02 -1.98555871e-02 4.19609142e-02 3.25102435e-02 7.18873064e-02 9.36457355e-02 1.27255681e-01 1.52768563e-01 1.77061017e-01 1.94422175e-01 2.06726578e-01 2.15334175e-01 2.20606666e-01 2.16490561e-01 2.08654976e-01 1.90404586e-01 1.67303382e-01 1.40122339e-01 1.06038447e-01 6.89467402e-02 3.82827231e-02 9.50872913e-03 -1.51632667e-02 -3.57073013e-02 -4.89894437e-02 -6.28111291e-02 -7.24878647e-02 -7.70441929e-02 -7.30275942e-02 -5.93566316e-02 -3.61464258e-02 1.60317429e-03 4.48632468e-02 9.79070531e-02 1.46127927e-01 1.95061022e-01 2.37515758e-01 2.76155232e-01 3.17065050e-01 3.55674363e-01 3.91668505e-01 4.28160474e-01 4.59746408e-01 4.78474132e-01 4.85059576e-01 4.77305929e-01 4.44979007e-01 3.92757921e-01 3.27419938e-01 2.44804507e-01 1.67918297e-01 9.27479589e-02 2.05407127e-02 -5.14050567e-02 -1.23025866e-01 -1.91484984e-01 -2.61110002e-01 -3.24506026e-01 -3.73139837e-01 -4.04489347e-01 -4.26107806e-01 -4.31115927e-01 -4.18810836e-01 -3.92700289e-01 -3.57740018e-01 -3.11419473e-01 -2.57493494e-01 -2.09667474e-01 -1.89206913e-01 -1.66065411e-01 -1.57165055e-01 -1.37498574e-01 -1.08766656e-01 -9.64810286e-02 -1.02399168e-01 -1.07635154e-01 -1.26774337e-01 -1.26360423e-01 -1.60655913e-01 -2.45579232e-01 -3.39313999e-01 -4.16842771e-01 -4.76230545e-01 -6.52555767e-01 -2.18909243e-01
1.98000000e+01 -2.66452448e-02 5.94071117e-05 9.38877188e-03 1.29217573e-02 1.89870158e-02 1.62126319e-02 4.05256976e-02 5.13340883e-02 3.05855806e-02 4.76824206e-02 5.90417460e-02 1.94990783e-02 2.67556690e-02 4.34222418e-02 -4.07538011e-02 4.76869078e-02 -1.97953544e-02 4.32551070e-02 3.24382242e-02 7.17023020e-02 9.30225949e-02 1.26677058e-01 1.52452553e-01 1.77098608e-01 1.94701029e-01 2.07325932e-01 2.16058130e-01 2.21320362e-01 2.16869005e-01 2.08725824e-01 1.89758159e-01 1.66004099e-01 1.38153940e-01 1.03450323e-01 6.61228169e-02 3.54910156e-02 6.84183790e-03 -1.74561107e-02 -3.76596611e-02 -5.06517862e-02 -6.40466567e-02 -7.35078791e-02 -7.71608469e-02 -7.27543353e-02 -5.81157889e-02 -3.40637744e-02 4.15439972e-03 4.80026973e-02 1.00752104e-01 1.48436578e-01 1.96920009e-01 2.39094235e-01 2.77040332e-01 3.17619144e-01 3.56123903e-01 3.92172371e-01 4.28641436e-01 4.60197764e-01 4.78309071e-01 4.84163797e-01 4.75274551e-01 4.41588787e-01 3.88320029e-01 3.22679204e-01 2.40421781e-01 1.64639072e-01 9.06113555e-02 1.94906565e-02 -5.20092155e-02 -1.22914658e-01 -1.90791897e-01 -2.60208653e-01 -3.23866329e-01 -3.72087300e-01 -4.04104996e-01 -4.26278402e-01 -4.31792512e-01 -4.19250907e-01 -3.93451754e-01 -3.58788470e-01 -3.12332264e-01 -2.59224727e-01 -2.13286743e-01 -1.95591997e-01 -1.73166457e-01 -1.61923997e-01 -1.40328289e-01 -1.10498784e-01 -9.86086087e-02 -1.02553459e-01 -1.08387362e-01 -1.25226169e-01 -1.23567632e-01 -1.58900403e-01 -2.43796176e-01 -3.35142972e-01 -4.12242601e-01 -4.70610929e-01 -6.45156910e-01 -1.98507113e-01
1.99000000e+01 -2.62719813e-02 -4.66960899e-04 9.70602560e-03 1.33894977e-02 1.84749875e-02 1.60673700e-02 4.14078958e-02 5.10425119e-02 3.00275786e-02 5.04056811e-02 5.87719633e-02 1.99074625e-02 3.00875689e-02 4.38095901e-02 -3.79726626e-02 4.85909301e-02 -1.96227751e-02 4.45296068e-02 3.24657019e-02 7.15355328e-02 9.24384667e-02 1.26078412e-01 1.52095133e-01 1.77108042e-01 1.94929577e-01 2.07896805e-01 2.16747831e-01 2.21989187e-01 2.17202002e-01 2.08752715e-01 1.89054836e-01 1.64676573e-01 1.36140121e-01 1.00856083e-01 6.33288577e-02 3.27490213e-02 4.23181318e-03 -1.96938961e-02 -3.95516640e-02 -5.22797068e-02 -6.52508898e-02 -7.44785245e-02 -7.72356511e-02 -7.24086634e-02 -5.68145788e-02 -3.18977933e-02 6.74186954e-03 5.11424270e-02 1.03550966e-01 1.50682861e-01 1.98715230e-01 2.40653071e-01 2.77912301e-01 3.18171043e-01 3.56589426e-01 3.92671218e-01 4.29093828e-01 4.60582092e-01 4.78063544e-01 4.83158782e-01 4.73061500e-01 4.38028392e-01 3.83781788e-01 3.17877071e-01 2.36100687e-01 1.61462867e-01 8.85715924e-02 1.84563888e-02 -5.26192547e-02 -1.22806073e-01 -1.90106906e-01 -2.59325106e-01 -3.23157445e-01 -3.70954745e-01 -4.03675173e-01 -4.26352097e-01 -4.32346901e-01 -4.19574562e-01 -3.94112993e-01 -3.59691070e-01 -3.13147072e-01 -2.60971470e-01 -2.17064574e-01 -2.02075254e-01 -1.80316633e-01 -1.66529339e-01 -1.43217498e-01 -1.12460420e-01 -1.00794208e-01 -1.02708164e-01 -1.09286033e-01 -1.23511802e-01 -1.20899706e-01 -1.57254927e-01 -2.41922049e-01 -3.30984296e-01 -4.07650022e-01 -4.64956632e-01 -6.37633936e-01 -1.78120233e-01
2.00000000e+01 -2.58507246e-02 -9.82049627e-04 1.00700075e-02 1.38495406e-02 1.79073784e-02 1.60268892e-02 4.21945200e-02 5.06902640e-02 2.95929192e-02 5.29444783e-02 5.84992098e-02 2.04166340e-02 3.31827325e-02 4.42548350e-02 -3.50703310e-02 4.94434465e-02 -1.93321235e-02 4.57749007e-02 3.25952134e-02 7.13854534e-02 9.18972905e-02 1.25462070e-01 1.51696617e-01 1.77090469e-01 1.95108278e-01 2.08438232e-01 2.17402921e-01 2.22611457e-01 2.17489409e-01 2.08732254e-01 1.88294284e-01 1.63320963e-01 1.34080667e-01 9.82582961e-02 6.05690923e-02 3.00575400e-02 1.68066584e-03 -2.18774978e-02 -4.13844320e-02 -5.38728296e-02 -6.64257415e-02 -7.53948222e-02 -7.72729339e-02 -7.19860131e-02 -5.54531697e-02 -2.96513490e-02 9.36463928e-03 5.42755809e-02 1.06300047e-01 1.52866997e-01 2.00448764e-01 2.42191807e-01 2.78773260e-01 3.18725218e-01 3.57071881e-01 3.93164093e-01 4.29516584e-01 4.60895894e-01 4.77738173e-01 4.82039190e-01 4.70664283e-01 4.34300583e-01 3.79149796e-01 3.13022501e-01 2.31849394e-01 1.58392851e-01 8.66267881e-02 1.74302480e-02 -5.32349763e-02 -1.22701679e-01 -1.89435584e-01 -2.58462992e-01 -3.22375453e-01 -3.69749623e-01 -4.03198987e-01 -4.26327066e-01 -4.32775230e-01 -4.19785933e-01 -3.94682395e-01 -3.60446425e-01 -3.13876530e-01 -2.62740778e-01 -2.21006541e-01 -2.08640622e-01 -1.87485514e-01 -1.70984182e-01 -1.46180316e-01 -1.14661101e-01 -1.03006755e-01 -1.02895940e-01 -1.10308666e-01 -1.21640687e-01 -1.18364266e-01 -1.55714239e-01 -2.39936009e-01 -3.26862157e-01 -4.03040888e-01 -4.59270753e-01 -6.29986014e-01 -1.57770542e-01
2.01000000e+01 -2.53825126e-02 -1.48426113e-03 1.04812307e-02 1.42967927e-02 1.72895168e-02 1.60924928e-02 4.28813934e-02 5.02764884e-02 2.93005053e-02 5.52715028e-02 5.82403938e-02 2.10305615e-02 3.60295618e-02 4.47715239e-02 -3.20740703e-02 5.02581438e-02 -1.89188664e-02 4.69826011e-02 3.28284414e-02 7.12507952e-02 9.14024794e-02 1.24830582e-01 1.51257748e-01 1.77046730e-01 1.95238043e-01 2.08949258e-01 2.18022867e-01 2.23185628e-01 2.17731064e-01 2.08660699e-01 1.87476543e-01 1.61937113e-01 1.31975793e-01 9.56595439e-02 5.78476522e-02 2.74171041e-02 -8.09575673e-04 -2.40079154e-02 -4.31592162e-02 -5.54306856e-02 -6.75730342e-02 -7.62518131e-02 -7.72767906e-02 -7.14821154e-02 -5.40314144e-02 -2.73279524e-02 1.20217811e-02 5.73952790e-02 1.08995990e-01 1.54989598e-01 2.02123142e-01 2.43709660e-01 2.79625464e-01 3.19285974e-01 3.57571671e-01 3.93650021e-01 4.29908637e-01 4.61135979e-01 4.77333401e-01 4.80799304e-01 4.68081050e-01 4.30408567e-01 3.74430623e-01 3.08125027e-01 2.27675477e-01 1.55431617e-01 8.47742458e-02 1.64050744e-02 -5.38558424e-02 -1.22602953e-01 -1.88783749e-01 -2.57624858e-01 -3.21517006e-01 -3.68479873e-01 -4.02674849e-01 -4.26201755e-01 -4.33073945e-01 -4.19889063e-01 -3.95157806e-01 -3.61054238e-01 -3.14533673e-01 -2.64539594e-01 -2.25117014e-01 -2.15271020e-01 -1.94642739e-01 -1.75294833e-01 -1.49230955e-01 -1.17105958e-01 -1.05217321e-01 -1.03151284e-01 -1.11428567e-01 -1.19626895e-01 -1.15966604e-01 -1.54271622e-01 -2.37820327e-01 -3.22799184e-01 -3.98390426e-01 -4.53558205e-01 -6.22211135e-01 -1.37480164e-01
2.02000000e+01 -2.48684527e-02 -1.97171295e-03 1.09396969e-02 1.47260770e-02 1.66281541e-02 1.62629634e-02 4.34665059e-02 4.98004682e-02 2.91659992e-02 5.73642823e-02 5.80093876e-02 2.17520043e-02 3.86206578e-02 4.53709216e-02 -2.90116041e-02 5.10497395e-02 -1.83798634e-02 4.81456948e-02 3.31660934e-02 7.11306682e-02 9.09568380e-02 1.24186733e-01 1.50779719e-01 1.76977306e-01 1.95320236e-01 2.09428951e-01 2.18606915e-01 2.23710271e-01 2.17926748e-01 2.08534034e-01 1.86602029e-01 1.60524553e-01 1.29826190e-01 9.30623955e-02 5.51685229e-02 2.48280052e-02 -3.23688451e-03 -2.60862617e-02 -4.48773791e-02 -5.69526925e-02 -6.86944679e-02 -7.70446682e-02 -7.72509538e-02 -7.08931127e-02 -5.25488762e-02 -2.49316958e-02 1.47123384e-02 6.04946620e-02 1.11635723e-01 1.57051632e-01 2.03741308e-01 2.45205549e-01 2.80471325e-01 3.19857347e-01 3.58088671e-01 3.94128050e-01 4.30268929e-01 4.61299484e-01 4.76849397e-01 4.79433115e-01 4.65310622e-01 4.26355973e-01 3.69630817e-01 3.03194706e-01 2.23585854e-01 1.52581203e-01 8.30104364e-02 1.53743223e-02 -5.44810484e-02 -1.22511321e-01 -1.88157375e-01 -2.56812116e-01 -3.20579506e-01 -3.67153792e-01 -4.02100503e-01 -4.25974892e-01 -4.33239847e-01 -4.19887814e-01 -3.95536625e-01 -3.61515386e-01 -3.15131733e-01 -2.66374816e-01 -2.29398961e-01 -2.21948452e-01 -2.01758413e-01 -1.79470656e-01 -1.52383436e-01 -1.19795472e-01 -1.07400159e-01 -1.03509292e-01 -1.12615740e-01 -1.17488715e-01 -1.13709711e-01 -1.52918792e-01 -2.35560942e-01 -3.18815571e-01 -3.93674020e-01 -4.47825394e-01 -6.14306204e-01 -1.17271325e-01
2.03000000e+01 -2.43097032e-02 -2.44226185e-03 1.14448740e-02 1.51322272e-02 1.59313554e-02 1.65346382e-02 4.39499234e-02 4.92618640e-02 2.92013611e-02 5.92056726e-02 5.78167764e-02 2.25825096e-02 4.09528978e-02 4.60616582e-02 -2.59104211e-02 5.18336627e-02 -1.77135303e-02 4.92587756e-02 3.36077936e-02 7.10246477e-02 9.05625002e-02 1.23533541e-01 1.50264184e-01 1.76882285e-01 1.95356655e-01 2.09876401e-01 2.19154059e-01 2.24184058e-01 2.18076157e-01 2.08348061e-01 1.85671534e-01 1.59082503e-01 1.27633055e-01 9.04693800e-02 5.25354989e-02 2.22903285e-02 -5.59926689e-03 -2.81137376e-02 -4.65403827e-02 -5.84381310e-02 -6.97915838e-02 -7.77688097e-02 -7.71986575e-02 -7.02156719e-02 -5.10048635e-02 -2.24671744e-02 1.74352735e-02 6.35669463e-02 1.14216498e-01 1.59054397e-01 2.05306589e-01 2.46678138e-01 2.81313413e-01 3.20443017e-01 3.58622259e-01 3.94597298e-01 4.30596409e-01 4.61383883e-01 4.76285976e-01 4.77934397e-01 4.62352521e-01 4.22146831e-01 3.64756908e-01 2.98242051e-01 2.19586747e-01 1.49843112e-01 8.13309954e-02 1.43321575e-02 -5.51095946e-02 -1.22428198e-01 -1.87562458e-01 -2.56025014e-01 -3.19561272e-01 -3.65779882e-01 -4.01473072e-01 -4.25645488e-01 -4.33270123e-01 -4.19785771e-01 -3.95815914e-01 -3.61831983e-01 -3.15683941e-01 -2.68253371e-01 -2.33853771e-01 -2.28654152e-01 -2.08803475e-01 -1.83523906e-01 -1.55651268e-01 -1.22725384e-01 -1.09533655e-01 -1.04004385e-01 -1.13837892e-01 -1.15248136e-01 -1.11594360e-01 -1.51645848e-01 -2.33147907e-01 -3.14928263e-01 -3.88867990e-01 -4.42079859e-01 -6.06267188e-01 -9.71662509e-02
2.04000000e+01 -2.37074567e-02 -2.89353452e-03 1.19956779e-02 1.55101936e-02 1.52083459e-02 1.69015562e-02 4.43336380e-02 4.86609460e-02 2.94144835e-02 6.07841986e-02 5.76697195e-02 2.35224081e-02 4.30274239e-02 4.68494367e-02 -2.27971003e-02 5.26257234e-02 -1.69199611e-02 5.03182519e-02 3.41519910e-02 7.09328402e-02 9.02208909e-02 1.22874255e-01 1.49713259e-01 1.76761343e-01 1.95349501e-01 2.10290698e-01 2.19663024e-01 2.24605735e-01 2.18178873e-01 2.08098495e-01 1.84686218e-01 1.57609878e-01 1.25398111e-01 8.78829586e-02 4.99521462e-02 1.98039924e-02 -7.89480506e-03 -3.00915951e-02 -4.81497825e-02 -5.98861254e-02 -7.08657222e-02 -7.84200404e-02 -7.71225022e-02 -6.94470904e-02 -4.93984715e-02 -1.99393958e-02 2.01894085e-02 6.66054881e-02 1.16735921e-01 1.60999485e-01 2.06822642e-01 2.48125894e-01 2.82154444e-01 3.21046234e-01 3.59171355e-01 3.95057002e-01 4.30890032e-01 4.61386993e-01 4.75642514e-01 4.76296806e-01 4.59206970e-01 4.17785555e-01 3.59815420e-01 2.93277944e-01 2.15683639e-01 1.47218321e-01 7.97307343e-02 1.32735422e-02 -5.57403555e-02 -1.22355034e-01 -1.87004889e-01 -2.55262663e-01 -3.18461686e-01 -3.64366683e-01 -4.00789132e-01 -4.25212839e-01 -4.33162374e-01 -4.19586158e-01 -3.95992513e-01 -3.62007413e-01 -3.16203346e-01 -2.70182268e-01 -2.38481071e-01 -2.35368749e-01 -2.15750054e-01 -1.87469520e-01 -1.59047104e-01 -1.25886726e-01 -1.11601134e-01 -1.04669039e-01 -1.15061530e-01 -1.12930215e-01 -1.09619240e-01 -1.50441272e-01 -2.30575711e-01 -3.11150264e-01 -3.83950333e-01 -4.36329879e-01 -5.98089290e-01 -7.71870623e-02
2.05000000e+01 -2.30629227e-02 -3.32296472e-03 1.25904622e-02 1.58551558e-02 1.44693181e-02 1.73556704e-02 4.46213667e-02 4.79988145e-02 2.98089363e-02 6.20942377e-02 5.75719254e-02 2.45708054e-02 4.48495458e-02 4.77368153e-02 -1.96966832e-02 5.34417815e-02 -1.60010034e-02 5.13225210e-02 3.47958919e-02 7.08559243e-02 8.99327106e-02 1.22212339e-01 1.49129505e-01 1.76613756e-01 1.95301337e-01 2.10670897e-01 2.20132260e-01 2.24974107e-01 2.18234351e-01 2.07781070e-01 1.83647593e-01 1.56105300e-01 1.23123625e-01 8.53054970e-02 4.74217686e-02 1.73687915e-02 -1.01217093e-02 -3.20210911e-02 -4.97072220e-02 -6.12956340e-02 -7.19179722e-02 -7.89946762e-02 -7.70243255e-02 -6.85853875e-02 -4.77286299e-02 -1.73536826e-02 2.29733624e-02 6.96038559e-02 1.19191990e-01 1.62888752e-01 2.08293395e-01 2.49547158e-01 2.82997239e-01 3.21669763e-01 3.59734460e-01 3.95506556e-01 4.31148745e-01 4.61306973e-01 4.74917873e-01 4.74513978e-01 4.55874896e-01 4.13276931e-01 3.54812888e-01 2.88313544e-01 2.11881262e-01 1.44707284e-01 7.82036671e-02 1.21943090e-02 -5.63721457e-02 -1.22293356e-01 -1.86490291e-01 -2.54523082e-01 -3.17281326e-01 -3.62922587e-01 -4.00044789e-01 -4.24676517e-01 -4.32914641e-01 -4.19291767e-01 -3.96063166e-01 -3.62046341e-01 -3.16702640e-01 -2.72168642e-01 -2.43278579e-01 -2.42072461e-01 -2.22571802e-01 -1.91324880e-01 -1.62582374e-01 -1.29266015e-01 -1.13591524e-01 -1.05532584e-01 -1.16253100e-01 -1.10562360e-01 -1.07781128e-01 -1.49292000e-01 -2.27843466e-01 -3.07490065e-01 -3.78901403e-01 -4.30584074e-01 -5.89767158e-01 -5.73556505e-02
2.06000000e+01 -2.23773119e-02 -3.72783645e-03 1.32270153e-02 1.61626395e-02 1.37252035e-02 1.78871179e-02 4.48183069e-02 4.72775933e-02 3.03838301e-02 6.31360404e-02 5.75237377e-02 2.57255713e-02 4.64285574e-02 4.87230825e-02 -1.66321252e-02 5.42974230e-02 -1.49602849e-02 5.22721002e-02 3.55354241e-02 7.07951627e-02 8.96979441e-02 1.21551442e-01 1.48515905e-01 1.76438419e-01 1.95215037e-01 2.11015979e-01 2.20559955e-01 2.25288026e-01 2.18241899e-01 2.07391643e-01 1.82557492e-01 1.54567109e-01 1.20812403e-01 8.27392448e-02 4.49473811e-02 1.49844363e-02 -1.22783746e-02 -3.39034348e-02 -5.12144254e-02 -6.26654538e-02 -7.29491152e-02 -7.94896775e-02 -7.69050880e-02 -6.76293743e-02 -4.59941562e-02 -1.47155722e-02 2.57854860e-02 7.25559054e-02 1.21583115e-01 1.64724283e-01 2.09722988e-01 2.50940223e-01 2.83844671e-01 3.22315844e-01 3.60309720e-01 3.95945541e-01 4.31371469e-01 4.61142318e-01 4.74110340e-01 4.72579640e-01 4.52357912e-01 4.08626116e-01 3.49755868e-01 2.83360174e-01 2.08183582e-01 1.42309917e-01 7.67430542e-02 1.10912230e-02 -5.70037833e-02 -1.22244810e-01 -1.86023868e-01 -2.53803291e-01 -3.16022073e-01 -3.61455649e-01 -3.99235787e-01 -4.24036348e-01 -4.32525412e-01 -4.18904896e-01 -3.96024645e-01 -3.61954701e-01 -3.17194017e-01 -2.74219773e-01 -2.48241967e-01 -2.48745298e-01 -2.29244193e-01 -1.95109539e-01 -1.66266923e-01 -1.32845569e-01 -1.15499822e-01 -1.06620096e-01 -1.17380137e-01 -1.08173563e-01 -1.06075094e-01 -1.48183545e-01 -2.24954942e-01 -3.03951237e-01 -3.73704507e-01 -4.24851013e-01 -5.81295106e-01 -3.76935509e-02
2.07000000e+01 -2.16518191e-02 -4.10533316e-03 1.39025667e-02 1.64286343e-02 1.29874173e-02 1.84845396e-02 4.49308585e-02 4.65005898e-02 3.11338065e-02 6.39155893e-02 5.75223260e-02 2.69833340e-02 4.77774725e-02 4.98042371e-02 -1.36238456e-02 5.52076512e-02 -1.38031924e-02 5.31697034e-02 3.63652417e-02 7.07523861e-02 8.95158883e-02 1.20895365e-01 1.47875823e-01 1.76233909e-01 1.95093716e-01 2.11324814e-01 2.20944067e-01 2.25546385e-01 2.18200666e-01 2.06926286e-01 1.81418037e-01 1.52993384e-01 1.18467784e-01 8.01863211e-02 4.25316871e-02 1.26505884e-02 -1.43634367e-02 -3.57397332e-02 -5.26731840e-02 -6.39942429e-02 -7.39595642e-02 -7.99027678e-02 -7.67647822e-02 -6.65786966e-02 -4.41938127e-02 -1.20307185e-02 2.86237999e-02 7.54558557e-02 1.23908146e-01 1.66508363e-01 2.11115698e-01 2.52303414e-01 2.84699596e-01 3.22986168e-01 3.60894987e-01 3.96373747e-01 4.31557075e-01 4.60891854e-01 4.73217570e-01 4.70487720e-01 4.48658286e-01 4.03838643e-01 3.44650962e-01 2.78429206e-01 2.04593812e-01 1.40025581e-01 7.53414637e-02 9.96203556e-03 -5.76341491e-02 -1.22211197e-01 -1.85610240e-01 -2.53099424e-01 -3.14687192e-01 -3.59973389e-01 -3.98357615e-01 -4.23292397e-01 -4.31993639e-01 -4.18427300e-01 -3.95873876e-01 -3.61739653e-01 -3.17689051e-01 -2.76343089e-01 -2.53364763e-01 -2.55367284e-01 -2.35744811e-01 -1.98844910e-01 -1.70108665e-01 -1.36603954e-01 -1.17327373e-01 -1.07951423e-01 -1.18412379e-01 -1.05793581e-01 -1.04494724e-01 -1.47100196e-01 -2.21918458e-01 -3.00532181e-01 -3.68346395e-01 -4.19138832e-01 -5.72667352e-01 -1.82218111e-02
2.08000000e+01 -2.08876049e-02 -4.45259225e-03 1.46138027e-02 1.66497084e-02 1.22675812e-02 1.91354358e-02 4.49663238e-02 4.56724105e-02 3.20491529e-02 6.44442988e-02 5.75619754e-02 2.83394834e-02 4.89126827e-02 5.09730827e-02 -1.06893940e-02 5.61865990e-02 -1.25368018e-02 5.40202523e-02 3.72787786e-02 7.07299498e-02 8.93851960e-02 1.20248020e-01 1.47212958e-01 1.75998549e-01 1.94940644e-01 2.11596124e-01 2.21282355e-01 2.25748119e-01 2.18109633e-01 2.06381381e-01 1.80231576e-01 1.51381989e-01 1.16093605e-01 7.76487132e-02 4.01770578e-02 1.03668882e-02 -1.63758219e-02 -3.75309395e-02 -5.40853344e-02 -6.52805622e-02 -7.49493031e-02 -8.02325327e-02 -7.66023740e-02 -6.54338437e-02 -4.23263686e-02 -9.30479989e-03 3.14859377e-02 7.82983621e-02 1.26166384e-01 1.68243447e-01 2.12475871e-01 2.53635169e-01 2.85564779e-01 3.23681863e-01 3.61487899e-01 3.96791172e-01 4.31704361e-01 4.60554719e-01 4.72236549e-01 4.68232462e-01 4.44778909e-01 3.98920426e-01 3.39504833e-01 2.73531941e-01 2.01114422e-01 1.37853036e-01 7.39908510e-02 8.80552582e-03 -5.82622444e-02 -1.22194503e-01 -1.85253299e-01 -2.52406879e-01 -3.13281379e-01 -3.58482609e-01 -3.97405645e-01 -4.22444939e-01 -4.31318734e-01 -4.17860158e-01 -3.95608065e-01 -3.61409517e-01 -3.18198603e-01 -2.78546127e-01 -2.58638290e-01 -2.61918682e-01 -2.42053612e-01 -2.02553902e-01 -1.74113262e-01 -1.40516548e-01 -1.19081923e-01 -1.09540401e-01 -1.19322808e-01 -1.03452133e-01 -1.03032360e-01 -1.46025268e-01 -2.18746609e-01 -2.97226068e-01 -3.62817635e-01 -4.13454903e-01 -5.63878259e-01 1.03914328e-03
2.09000000e+01 -2.00857764e-02 -4.76676370e-03 1.53568924e-02 1.68231193e-02 1.15772341e-02 1.98265497e-02 4.49325959e-02 4.47990268e-02 3.31160442e-02 6.47385632e-02 5.76344625e-02 2.97881937e-02 4.98535443e-02 5.22194363e-02 -7.84323780e-03 5.72472682e-02 -1.11697632e-02 5.48308162e-02 3.82683557e-02 7.07306678e-02 8.93039317e-02 1.19613377e-01 1.46531275e-01 1.75730509e-01 1.94759140e-01 2.11828474e-01 2.21572441e-01 2.25892213e-01 2.17967606e-01 2.05753694e-01 1.79000624e-01 1.49730627e-01 1.13694151e-01 7.51282869e-02 3.78855139e-02 8.13297484e-03 -1.83147869e-02 -3.92778056e-02 -5.54527281e-02 -6.65229332e-02 -7.59178313e-02 -8.04784905e-02 -7.64157802e-02 -6.41961234e-02 -4.03906645e-02 -6.54343600e-03 3.43690992e-02 8.10785817e-02 1.28357594e-01 1.69932133e-01 2.13807843e-01 2.54934116e-01 2.86442825e-01 3.24403500e-01 3.62085965e-01 3.97198013e-01 4.31812030e-01 4.60130344e-01 4.71163575e-01 4.65808534e-01 4.40723240e-01 3.93877772e-01 3.34324229e-01 2.68679477e-01 1.97747177e-01 1.35790401e-01 7.26826602e-02 7.62153058e-03 -5.88872462e-02 -1.22196917e-01 -1.84956065e-01 -2.51720485e-01 -3.11810769e-01 -3.56989204e-01 -3.96375261e-01 -4.21494429e-01 -4.30500566e-01 -4.17204055e-01 -3.95224812e-01 -3.60973682e-01 -3.18732754e-01 -2.80836479e-01 -2.64051644e-01 -2.68380211e-01 -2.48153172e-01 -2.06260521e-01 -1.78283839e-01 -1.44556205e-01 -1.20777459e-01 -1.11394258e-01 -1.20088585e-01 -1.01178095e-01 -1.01679338e-01 -1.44941416e-01 -2.15455862e-01 -2.94020947e-01 -3.57112850e-01 -4.07805529e-01 -5.54922566e-01 2.00696405e-02
2.10000000e+01 -1.92473663e-02 -5.04507115e-03 1.61275239e-02 1.69469144e-02 1.09275410e-02 2.05442630e-02 4.48378493e-02 4.38877844e-02 3.43169015e-02 6.48191663e-02 5.77295086e-02 3.13224693e-02 5.06219033e-02 5.35304441e-02 -5.09667064e-03 5.84012999e-02 -9.71214331e-03 5.56104736e-02 3.93253421e-02 7.07577267e-02 8.92696342e-02 1.18995423e-01 1.45834940e-01 1.75427912e-01 1.94552460e-01 2.12020272e-01 2.21811850e-01 2.25977702e-01 2.17773216e-01 2.05040451e-01 1.77727769e-01 1.48036919e-01 1.11274084e-01 7.26268100e-02 3.56587060e-02 5.94850047e-03 -2.01799427e-02 -4.09808454e-02 -5.67771947e-02 -6.77199099e-02 -7.68641166e-02 -8.06411271e-02 -7.62018872e-02 -6.28676015e-02 -3.83856805e-02 -3.75211506e-03 3.72700173e-02 8.37922317e-02 1.30482005e-01 1.71577128e-01 2.15115864e-01 2.56199134e-01 2.87336103e-01 3.25151095e-01 3.62686660e-01 3.97594629e-01 4.31878680e-01 4.59618420e-01 4.69994257e-01 4.63211135e-01 4.36495257e-01 3.88717389e-01 3.29116011e-01 2.63882591e-01 1.94493165e-01 1.33835096e-01 7.14079462e-02 6.41095743e-03 -5.95085615e-02 -1.22220834e-01 -1.84720575e-01 -2.51034694e-01 -3.10282901e-01 -3.55498013e-01 -3.95262013e-01 -4.20441468e-01 -4.29539455e-01 -4.16458985e-01 -3.94722218e-01 -3.60442491e-01 -3.19300771e-01 -2.83221704e-01 -2.69591713e-01 -2.74733263e-01 -2.54028907e-01 -2.09989415e-01 -1.82620753e-01 -1.48694011e-01 -1.22433825e-01 -1.13513254e-01 -1.20691842e-01 -9.89987537e-02 -1.00426225e-01 -1.43830999e-01 -2.12066008e-01 -2.90900037e-01 -3.51230828e-01 -4.02195715e-01 -5.45795618e-01 3.88508906e-02
2.11000000e+01 -1.83733123e-02 -5.28487424e-03 1.69209509e-02 1.70200185e-02 1.03290081e-02 2.12749944e-02 4.46902431e-02 4.29473563e-02 3.56308603e-02 6.47105696e-02 5.78352930e-02 3.29342147e-02 5.12415707e-02 5.48909869e-02 -2.45783120e-03 5.96587816e-02 -8.17522780e-03 5.63700979e-02 4.04403664e-02 7.08145860e-02 8.92793841e-02 1.18398118e-01 1.45128231e-01 1.75088960e-01 1.94323659e-01 2.12169803e-01 2.21998063e-01 2.26003680e-01 2.17524920e-01 2.04239396e-01 1.76415577e-01 1.46298497e-01 1.08838355e-01 7.01459880e-02 3.34978935e-02 3.81314243e-03 -2.19712649e-02 -4.26403086e-02 -5.80604992e-02 -6.88701588e-02 -7.77865619e-02 -8.07218943e-02 -7.59566094e-02 -6.14510132e-02 -3.63106039e-02 -9.36133280e-04 4.01849392e-02 8.64356378e-02 1.32540306e-01 1.73181231e-01 2.16404027e-01 2.57429413e-01 2.88246695e-01 3.25924133e-01 3.63287521e-01 3.97981495e-01 4.31902793e-01 4.59018858e-01 4.68723532e-01 4.60436085e-01 4.32099403e-01 3.83446396e-01 3.23887173e-01 2.59151608e-01 1.91352844e-01 1.31983784e-01 7.01575195e-02 5.17577734e-03 -6.01258802e-02 -1.22268830e-01 -1.84547791e-01 -2.50343795e-01 -3.08706628e-01 -3.54012684e-01 -3.94061751e-01 -4.19286768e-01 -4.28436145e-01 -4.15624369e-01 -3.94098986e-01 -3.59827105e-01 -3.19911091e-01 -2.85709214e-01 -2.75243246e-01 -2.80960107e-01 -2.59669291e-01 -2.13765389e-01 -1.87121416e-01 -1.52900107e-01 -1.24076135e-01 -1.15890553e-01 -1.21120310e-01 -9.69391216e-02 -9.92630417e-02 -1.42676478e-01 -2.08599500e-01 -2.87842190e-01 -3.45174481e-01 -3.96628986e-01 -5.36493563e-01 5.73651071e-02
2.12000000e+01 -1.74644379e-02 -5.48373114e-03 1.77320510e-02 1.70423052e-02 9.79121642e-03 2.20055845e-02 4.44976473e-02 4.19876371e-02 3.70343306e-02 6.44401057e-02 5.79390128e-02 3.46143277e-02 5.17377617e-02 5.62841574e-02 6.81795767e-05 6.10280922e-02 -6.57128652e-03 5.71220705e-02 4.16035695e-02 7.09048680e-02 8.93298762e-02 1.17825360e-01 1.44415450e-01 1.74712053e-01 1.94075463e-01 2.12275281e-01 2.22128557e-01 2.25969302e-01 2.17221021e-01 2.03348842e-01 1.75066483e-01 1.44513113e-01 1.06392100e-01 6.76875065e-02 3.14039208e-02 1.72661840e-03 -2.36890878e-02 -4.42561685e-02 -5.93042990e-02 -6.99725405e-02 -7.86829855e-02 -8.07231691e-02 -7.56749832e-02 -5.99496510e-02 -3.41648980e-02 1.89945371e-03 4.31096236e-02 8.90057733e-02 1.34533635e-01 1.74747294e-01 2.17676189e-01 2.58624499e-01 2.89176334e-01 3.26721597e-01 3.63886248e-01 3.98359136e-01 4.31882742e-01 4.58331734e-01 4.67345713e-01 4.57479905e-01 4.27540531e-01 3.78072320e-01 3.18644865e-01 2.54496284e-01 1.88326086e-01 1.30232311e-01 6.89221117e-02 3.91899147e-03 -6.07392257e-02 -1.22343628e-01 -1.84437544e-01 -2.49642138e-01 -3.07091974e-01 -3.52535585e-01 -3.92770764e-01 -4.18031118e-01 -4.27191794e-01 -4.14699091e-01 -3.93354509e-01 -3.59139353e-01 -3.20571335e-01 -2.88306137e-01 -2.80988962e-01 -2.87044075e-01 -2.65066028e-01 -2.17612887e-01 -1.91780181e-01 -1.57144559e-01 -1.25733995e-01 -1.18512339e-01 -1.21367755e-01 -9.50213368e-02 -9.81794690e-02 -1.41460848e-01 -2.05080693e-01 -2.84822501e-01 -3.38950679e-01 -3.91107283e-01 -5.27013536e-01 7.55956192e-02
2.13000000e+01 -1.65214346e-02 -5.63946028e-03 1.85553931e-02 1.70146465e-02 9.32258069e-03 2.27236579e-02 4.42674023e-02 4.10195828e-02 3.85016372e-02 6.40371033e-02 5.80274676e-02 3.63528108e-02 5.21365089e-02 5.76917898e-02 2.47909943e-03 6.25157847e-02 -4.91330348e-03 5.78799317e-02 4.28048852e-02 7.10322427e-02 8.94174978e-02 1.17280962e-01 1.43700828e-01 1.74295917e-01 1.93810140e-01 2.12334918e-01 2.22200833e-01 2.25873782e-01 2.16859679e-01 2.02367719e-01 1.73682675e-01 1.42678744e-01 1.03940527e-01 6.52530791e-02 2.93771907e-02 -3.11291299e-04 -2.53340864e-02 -4.58281242e-02 -6.05101033e-02 -7.10261878e-02 -7.95506157e-02 -8.06481781e-02 -7.53512919e-02 -5.83672404e-02 -3.19483682e-02 4.74986760e-03 4.60393533e-02 9.15002896e-02 1.36463559e-01 1.76278197e-01 2.18935902e-01 2.59784321e-01 2.90126372e-01 3.27542005e-01 3.64480787e-01 3.98728062e-01 4.31816806e-01 4.57557225e-01 4.65854548e-01 4.54339876e-01 4.22823858e-01 3.72603086e-01 3.13396417e-01 2.49925698e-01 1.85412222e-01 1.28575664e-01 6.76925603e-02 2.64456763e-03 -6.13489999e-02 -1.22448026e-01 -1.84388514e-01 -2.48924366e-01 -3.05449940e-01 -3.51067760e-01 -3.91385905e-01 -4.16675346e-01 -4.25807935e-01 -4.13681557e-01 -3.92488938e-01 -3.58391570e-01 -3.21288333e-01 -2.91019156e-01 -2.86809711e-01 -2.92969726e-01 -2.70214216e-01 -2.21555446e-01 -1.96588300e-01 -1.61398238e-01 -1.27440555e-01 -1.21358168e-01 -1.21434222e-01 -9.32641690e-02 -9.71650344e-02 -1.40168079e-01 -2.01535007e-01 -2.81813049e-01 -3.32569954e-01 -3.85630924e-01 -5.17353808e-01 9.35269738e-02
2.14000000e+01 -1.55448456e-02 -5.75019985e-03 1.93853152e-02 1.69389395e-02 8.93014211e-03 2.34179482e-02 4.40061183e-02 4.00549993e-02 4.00057194e-02 6.35319740e-02 5.80876549e-02 3.81388924e-02 5.24640610e-02 5.90950277e-02 4.77523917e-03 6.41265017e-02 -3.21467386e-03 5.86579833e-02 4.40343327e-02 7.12003120e-02 8.95384158e-02 1.16768635e-01 1.42988427e-01 1.73839707e-01 1.93529382e-01 2.12347013e-01 2.22212431e-01 2.25716396e-01 2.16438928e-01 2.01295607e-01 1.72265988e-01 1.40793698e-01 1.01488809e-01 6.28444942e-02 2.74176367e-02 -2.30071141e-03 -2.69072492e-02 -4.73556171e-02 -6.16792377e-02 -7.20305744e-02 -8.03861001e-02 -8.05008924e-02 -7.49792121e-02 -5.67078112e-02 -2.96612245e-02 7.61063287e-03 4.89689621e-02 9.39175377e-02 1.38332049e-01 1.77776813e-01 2.20186348e-01 2.60909217e-01 2.91097739e-01 3.28383465e-01 3.65069412e-01 3.99088687e-01 4.31703192e-01 4.56695539e-01 4.64243301e-01 4.51014088e-01 4.17954926e-01 3.67047003e-01 3.08149348e-01 2.45448146e-01 1.82610087e-01 1.27007925e-01 6.64600071e-02 1.35734319e-03 -6.19560189e-02 -1.22584814e-01 -1.84398248e-01 -2.48185653e-01 -3.03792255e-01 -3.49608928e-01 -3.89904694e-01 -4.15220286e-01 -4.24286453e-01 -4.12569765e-01 -3.91503253e-01 -3.57596425e-01 -3.22068171e-01 -2.93854331e-01 -2.92684670e-01 -2.98722994e-01 -2.75112461e-01 -2.25615147e-01 -2.01533973e-01 -1.65633703e-01 -1.29231433e-01 -1.24401556e-01 -1.21326064e-01 -9.16826407e-02 -9.62092728e-02 -1.38783556e-01 -1.97988053e-01 -2.78783750e-01 -3.26046089e-01 -3.80198638e-01 -5.07513907e-01 1.11145024e-01
2.15000000e+01 -1.45350532e-02 -5.81446316e-03 2.02160090e-02 1.68181081e-02 8.61940227e-03 2.40785781e-02 4.37195202e-02 3.91062855e-02 4.15188744e-02 6.29552884e-02 5.81073552e-02 3.99611546e-02 5.27462754e-02 6.04749183e-02 6.95916537e-03 6.58629208e-02 -1.48887242e-03 5.94708567e-02 4.52823072e-02 7.14125000e-02 8.96886728e-02 1.16291976e-01 1.42282050e-01 1.73343105e-01 1.93234216e-01 2.12310033e-01 2.22160948e-01 2.25496474e-01 2.15956699e-01 2.00132757e-01 1.70817794e-01 1.38856703e-01 9.90419745e-02 6.04636593e-02 2.55246968e-02 -4.24162962e-03 -2.84098443e-02 -4.88378606e-02 -6.28128173e-02 -7.29855684e-02 -8.11855281e-02 -8.02858979e-02 -7.45519753e-02 -5.49755728e-02 -2.73041400e-02 1.04775921e-02 5.18928740e-02 9.62565834e-02 1.40141454e-01 1.79245973e-01 2.21430283e-01 2.61999946e-01 2.92090921e-01 3.29243734e-01 3.65650785e-01 3.99441254e-01 4.31540061e-01 4.55746838e-01 4.62504846e-01 4.47501470e-01 4.12939565e-01 3.61412741e-01 3.02911379e-01 2.41071058e-01 1.79918057e-01 1.25522260e-01 6.52161045e-02 6.28930594e-05 -6.25615343e-02 -1.22756665e-01 -1.84463212e-01 -2.47421924e-01 -3.02131082e-01 -3.48157542e-01 -3.88325399e-01 -4.13666742e-01 -4.22629544e-01 -4.11361395e-01 -3.90399300e-01 -3.56766743e-01 -3.22916251e-01 -2.96816910e-01 -2.98591580e-01 -3.04291312e-01 -2.79762956e-01 -2.29812062e-01 -2.06602465e-01 -1.69826033e-01 -1.31143531e-01 -1.27610761e-01 -1.21055766e-01 -9.02877725e-02 -9.53018638e-02 -1.37294500e-01 -1.94464731e-01 -2.75703282e-01 -3.19395609e-01 -3.74807656e-01 -4.97494702e-01 1.28437005e-01
2.16000000e+01 -1.34922664e-02 -5.83118789e-03 2.10416114e-02 1.66560771e-02 8.39420308e-03 2.46972841e-02 4.34123420e-02 3.81861397e-02 4.30135207e-02 6.23368683e-02 5.80756900e-02 4.18076605e-02 5.30080164e-02 6.18130235e-02 9.03534570e-03 6.77257229e-02 2.50899443e-04 6.03330643e-02 4.65398499e-02 7.16719519e-02 8.98642917e-02 1.15854455e-01 1.41585155e-01 1.72806390e-01 1.92924954e-01 2.12222690e-01 2.22044049e-01 2.25213389e-01 2.15410837e-01 1.98880103e-01 1.69338920e-01 1.36866975e-01 9.66048242e-02 5.81126373e-02 2.36972910e-02 -6.13384772e-03 -2.98433838e-02 -5.02738806e-02 -6.39117293e-02 -7.38914688e-02 -8.19444666e-02 -8.00082485e-02 -7.40625378e-02 -5.31747985e-02 -2.48783038e-02 1.33469123e-02 5.48051533e-02 9.85172156e-02 1.41894466e-01 1.80688426e-01 2.22669996e-01 2.63057687e-01 2.93105937e-01 3.30120285e-01 3.66224001e-01 3.99785774e-01 4.31325556e-01 4.54711160e-01 4.60631770e-01 4.43801805e-01 4.07783874e-01 3.55709294e-01 2.97690420e-01 2.36800924e-01 1.77334076e-01 1.24110919e-01 6.39532203e-02 -1.23263568e-03 -6.31672347e-02 -1.22966031e-01 -1.84578880e-01 -2.46630068e-01 -3.00478696e-01 -3.46710891e-01 -3.86647099e-01 -4.12015453e-01 -4.20839684e-01 -4.10053909e-01 -3.89179828e-01 -3.55915341e-01 -3.23837350e-01 -2.99911125e-01 -3.04507024e-01 -3.09663711e-01 -2.84171507e-01 -2.34163728e-01 -2.11776323e-01 -1.73953599e-01 -1.33213790e-01 -1.30949761e-01 -1.20641573e-01 -8.90864574e-02 -9.44327444e-02 -1.35690355e-01 -1.90988356e-01 -2.72540056e-01 -3.12637197e-01 -3.69453870e-01 -4.87298458e-01 1.45391592e-01
2.17000000e+01 -1.24165134e-02 -5.79977757e-03 2.18563002e-02 1.64577189e-02 8.25665668e-03 2.52675807e-02 4.30882729e-02 3.73072378e-02 4.44629576e-02 6.17049217e-02 5.79836327e-02 4.36660808e-02 5.32725743e-02 6.30920332e-02 1.10097709e-02 6.97135791e-02 1.99207657e-03 6.12585497e-02 4.77988882e-02 7.19814497e-02 9.00613835e-02 1.15459401e-01 1.40900793e-01 1.72230481e-01 1.92601166e-01 2.12083999e-01 2.21859478e-01 2.24866548e-01 2.14799117e-01 1.97539255e-01 1.67829574e-01 1.34824276e-01 9.41818487e-02 5.57936764e-02 2.19338075e-02 -7.97693183e-03 -3.12095856e-02 -5.16625652e-02 -6.49766245e-02 -7.47490213e-02 -8.26580108e-02 -7.96733062e-02 -7.35037517e-02 -5.13097221e-02 -2.23854683e-02 1.62150845e-02 5.76995636e-02 1.00699947e-01 1.43594085e-01 1.82106810e-01 2.23907271e-01 2.64084039e-01 2.94142333e-01 3.31010383e-01 3.66788603e-01 4.00121963e-01 4.31057832e-01 4.53588352e-01 4.58616481e-01 4.39915732e-01 4.02494201e-01 3.49945944e-01 2.92494563e-01 2.32643242e-01 1.74855686e-01 1.22765265e-01 6.26646341e-02 -2.52271879e-03 -6.37752229e-02 -1.23215030e-01 -1.84739846e-01 -2.45808120e-01 -2.98847123e-01 -3.45265253e-01 -3.84869721e-01 -4.10267058e-01 -4.18919585e-01 -4.08644662e-01 -3.87848498e-01 -3.55054858e-01 -3.24835702e-01 -3.03139986e-01 -3.10406720e-01 -3.14830913e-01 -2.88347497e-01 -2.38684649e-01 -2.17035669e-01 -1.77998739e-01 -1.35477923e-01 -1.34379370e-01 -1.20106925e-01 -8.80814601e-02 -9.35922020e-02 -1.33963117e-01 -1.87579820e-01 -2.69263203e-01 -3.05791052e-01 -3.64132036e-01 -4.76928854e-01 1.61998947e-01
2.18000000e+01 -1.13076360e-02 -5.72013440e-03 2.26543927e-02 1.62287733e-02 8.20712735e-03 2.57848612e-02 4.27499537e-02 3.64818970e-02 4.58420927e-02 6.10852434e-02 5.78244530e-02 4.55238215e-02 5.35611233e-02 6.42963665e-02 1.28895676e-02 7.18231548e-02 3.72308882e-03 6.22602508e-02 4.90524343e-02 7.23433449e-02 9.02762505e-02 1.15109986e-01 1.40231553e-01 1.71616956e-01 1.92261711e-01 2.11893306e-01 2.21605090e-01 2.24455370e-01 2.14119261e-01 1.96112475e-01 1.66289308e-01 1.32728941e-01 9.17771738e-02 5.35092292e-02 2.02321017e-02 -9.77016885e-03 -3.25103372e-02 -5.30027193e-02 -6.60079183e-02 -7.55594114e-02 -8.33208492e-02 -7.92865731e-02 -7.28685339e-02 -4.93844473e-02 -1.98279909e-02 1.90789172e-02 6.05696361e-02 1.02806010e-01 1.45243572e-01 1.83503616e-01 2.25143370e-01 2.65081012e-01 2.95199175e-01 3.31911146e-01 3.67344587e-01 4.00449201e-01 4.30735078e-01 4.52378002e-01 4.56451323e-01 4.35844738e-01 3.97077135e-01 3.44132228e-01 2.87332046e-01 2.28602479e-01 1.72480032e-01 1.21475837e-01 6.13447155e-02 -3.80067276e-03 -6.43879665e-02 -1.23505352e-01 -1.84939959e-01 -2.44955415e-01 -2.97247792e-01 -3.43816076e-01 -3.82994049e-01 -4.08422065e-01 -4.16872162e-01 -4.07131015e-01 -3.86409880e-01 -3.54197600e-01 -3.25915058e-01 -3.06505077e-01 -3.16265854e-01 -3.19785402e-01 -2.92303775e-01 -2.43385857e-01 -2.22358564e-01 -1.81948322e-01 -1.37969166e-01 -1.37858466e-01 -1.19479734e-01 -8.72715396e-02 -9.27709486e-02 -1.32107607e-01 -1.84256836e-01 -2.65843531e-01 -2.98878211e-01 -3.58836024e-01 -4.66390971e-01 1.78250744e-01
2.19000000e+01 -1.01652898e-02 -5.59268296e-03 2.34304451e-02 1.59757408e-02 8.24426543e-03 2.62464312e-02 4.23990217e-02 3.57217357e-02 4.71281118e-02 6.05005106e-02 5.75940752e-02 4.73681545e-02 5.38922380e-02 6.54127371e-02 1.46826149e-02 7.40491289e-02 5.43370020e-03 6.33496909e-02 5.02947385e-02 7.27595116e-02 9.05054793e-02 1.14809203e-01 1.39579548e-01 1.70968045e-01 1.91904791e-01 2.11650294e-01 2.21278892e-01 2.23979254e-01 2.13368963e-01 1.94602632e-01 1.64716992e-01 1.30581898e-01 8.93945171e-02 5.12619610e-02 1.85895101e-02 -1.15125357e-02 -3.37476597e-02 -5.42931218e-02 -6.70058008e-02 -7.63242346e-02 -8.39273462e-02 -7.88535174e-02 -7.21500299e-02 -4.74028710e-02 -1.72088695e-02 2.19355272e-02 6.34087438e-02 1.04837338e-01 1.46846404e-01 1.84881162e-01 2.26379030e-01 2.66051015e-01 2.96275063e-01 3.32819622e-01 3.67892378e-01 4.00766507e-01 4.30355534e-01 4.51079385e-01 4.54128684e-01 4.31591143e-01 3.91539492e-01 3.38277889e-01 2.82211211e-01 2.24682050e-01 1.70203868e-01 1.20232436e-01 5.99890756e-02 -5.05988697e-03 -6.50082224e-02 -1.23838183e-01 -1.85172465e-01 -2.44072710e-01 -2.95691176e-01 -3.42358192e-01 -3.81021727e-01 -4.06480814e-01 -4.14700488e-01 -4.05510460e-01 -3.84869427e-01 -3.53355407e-01 -3.27078767e-01 -3.10006357e-01 -3.22059417e-01 -3.24521481e-01 -2.96056478e-01 -2.48274532e-01 -2.27721448e-01 -1.85794175e-01 -1.40717086e-01 -1.41345292e-01 -1.18791517e-01 -8.66516823e-02 -9.19601818e-02 -1.30121651e-01 -1.81033282e-01 -2.62254440e-01 -2.91919874e-01 -3.53559085e-01 -4.55691250e-01 1.94140185e-01
2.20000000e+01 -8.98894988e-03 -5.41838479e-03 2.41793491e-02 1.57057538e-02 8.36509203e-03 2.66514789e-02 4.20362004e-02 3.50373440e-02 4.83010688e-02 5.99696955e-02 5.72913375e-02 4.91863536e-02 5.42814848e-02 6.64306627e-02 1.63971778e-02 7.63842289e-02 7.11531399e-03 6.45366103e-02 5.15213977e-02 7.32313164e-02 9.07460162e-02 1.14559844e-01 1.38946408e-01 1.70286594e-01 1.91528045e-01 2.11354941e-01 2.20879091e-01 2.23437539e-01 2.12545911e-01 1.93013141e-01 1.63110832e-01 1.28384669e-01 8.70371605e-02 4.90547467e-02 1.70028822e-02 -1.32026867e-02 -3.49236743e-02 -5.55325801e-02 -6.79702546e-02 -7.70454442e-02 -8.44716404e-02 -7.83793977e-02 -7.13417692e-02 -4.53686197e-02 -1.45317692e-02 2.47823256e-02 6.62101851e-02 1.06796548e-01 1.48406210e-01 1.86241585e-01 2.27614464e-01 2.66996840e-01 2.97368152e-01 3.33732841e-01 3.68432790e-01 4.01072522e-01 4.29917502e-01 4.49691421e-01 4.51641110e-01 4.27158073e-01 3.85888312e-01 3.32392847e-01 2.77140449e-01 2.20884316e-01 1.68023546e-01 1.19024248e-01 5.85946854e-02 -6.29405992e-03 -6.56389374e-02 -1.24214154e-01 -1.85430159e-01 -2.43162252e-01 -2.94186467e-01 -3.40886043e-01 -3.78955234e-01 -4.04443448e-01 -4.12407758e-01 -4.03780732e-01 -3.83233436e-01 -3.52539525e-01 -3.28329832e-01 -3.13641976e-01 -3.27762560e-01 -3.29035330e-01 -2.99624773e-01 -2.53353712e-01 -2.33099635e-01 -1.89533356e-01 -1.43746487e-01 -1.44798766e-01 -1.18076425e-01 -8.62134355e-02 -9.11516354e-02 -1.28006180e-01 -1.77918672e-01 -2.58472742e-01 -2.84936730e-01 -3.48294151e-01 -4.44837422e-01 2.09661998e-01
2.21000000e+01 -7.77792354e-03 -5.19874392e-03 2.48964252e-02 1.54264275e-02 8.56513182e-03 2.70009827e-02 4.16614276e-02 3.44379755e-02 4.93443765e-02 5.95076146e-02 5.69181418e-02 5.09658381e-02 5.47411007e-02 6.73428936e-02 1.80415650e-02 7.88192867e-02 8.76123147e-03 6.58286500e-02 5.27294221e-02 7.37596019e-02 9.09952268e-02 1.14364476e-01 1.38333310e-01 1.69576003e-01 1.91128674e-01 2.11007471e-01 2.20404164e-01 2.22829454e-01 2.11647825e-01 1.91347883e-01 1.61468407e-01 1.26139368e-01 8.47079357e-02 4.68906527e-02 1.54686323e-02 -1.48389612e-02 -3.60405723e-02 -5.67199814e-02 -6.89010787e-02 -7.77252772e-02 -8.49477574e-02 -7.78690884e-02 -7.04378111e-02 -4.32850015e-02 -1.18010388e-02 2.76170030e-02 6.89672723e-02 1.08686901e-01 1.49926709e-01 1.87586834e-01 2.28849381e-01 2.67921640e-01 2.98476179e-01 3.34647868e-01 3.68966969e-01 4.01365518e-01 4.29419350e-01 4.48212636e-01 4.48981414e-01 4.22549430e-01 3.80130852e-01 3.26487159e-01 2.72128125e-01 2.17210596e-01 1.65934999e-01 1.17839986e-01 5.71599554e-02 -7.49742888e-03 -6.62831318e-02 -1.24633316e-01 -1.85705539e-01 -2.42227814e-01 -2.92741282e-01 -3.39393912e-01 -3.76797849e-01 -4.02309893e-01 -4.09997251e-01 -4.01939929e-01 -3.81508982e-01 -3.51760505e-01 -3.29670963e-01 -3.17408115e-01 -3.33350959e-01 -3.33325036e-01 -3.03030523e-01 -2.58622075e-01 -2.38467849e-01 -1.93168268e-01 -1.47076459e-01 -1.48179784e-01 -1.17370193e-01 -8.59453254e-02 -9.03376244e-02 -1.25765229e-01 -1.74917769e-01 -2.54479379e-01 -2.77948339e-01 -3.43034129e-01 -4.33838418e-01 2.24812423e-01
2.22000000e+01 -6.53136995e-03 -4.93580287e-03 2.55775085e-02 1.51456950e-02 8.83858933e-03 2.72975629e-02 4.12740158e-02 3.39312723e-02 5.02451854e-02 5.91246295e-02 5.64794939e-02 5.26943201e-02 5.52797683e-02 6.81457413e-02 1.96238207e-02 8.13433208e-02 1.03668542e-02 6.72310985e-02 5.39172683e-02 7.43446737e-02 9.12509390e-02 1.14225406e-01 1.37741031e-01 1.68840151e-01 1.90703572e-01 2.10608263e-01 2.19852924e-01 2.22154061e-01 2.10672495e-01 1.89611119e-01 1.59786742e-01 1.23848680e-01 8.24092209e-02 4.47729039e-02 1.39828085e-02 -1.64194113e-02 -3.71005894e-02 -5.78543354e-02 -6.97979192e-02 -7.83661608e-02 -8.53497348e-02 -7.73269125e-02 -6.94328777e-02 -4.11549721e-02 -9.02171277e-03 3.04375098e-02 7.16734291e-02 1.10512257e-01 1.51411628e-01 1.88918683e-01 2.30083018e-01 2.68828899e-01 2.99596510e-01 3.35561851e-01 3.69496326e-01 4.01643411e-01 4.28859512e-01 4.46641139e-01 4.46142784e-01 4.17769850e-01 3.74274576e-01 3.20570989e-01 2.67182495e-01 2.13661195e-01 1.63933714e-01 1.16668070e-01 5.56847732e-02 -8.66498248e-03 -6.69437733e-02 -1.25095141e-01 -1.85990955e-01 -2.41274665e-01 -2.91361422e-01 -3.37876150e-01 -3.74553599e-01 -4.00079837e-01 -4.07472299e-01 -3.99986622e-01 -3.79703845e-01 -3.51028123e-01 -3.31104610e-01 -3.21298848e-01 -3.38801174e-01 -3.37390621e-01 -3.06297904e-01 -2.64073823e-01 -2.43800809e-01 -1.96706590e-01 -1.50719583e-01 -1.51452448e-01 -1.16709053e-01 -8.58333418e-02 -8.95110875e-02 -1.23405835e-01 -1.72030365e-01 -2.50260001e-01 -2.70972560e-01 -3.37772191e-01 -4.22704262e-01 2.39589181e-01
2.23000000e+01 -5.24832714e-03 -4.63212850e-03 2.62190263e-02 1.48716297e-02 9.17856258e-03 2.75452846e-02 4.08728374e-02 3.35230325e-02 5.09946434e-02 5.88265033e-02 5.59834345e-02 5.43599543e-02 5.59024914e-02 6.88392880e-02 2.11514539e-02 8.39436544e-02 1.19298207e-02 6.87467086e-02 5.50848468e-02 7.49862859e-02 9.15114785e-02 1.14144650e-01 1.37170013e-01 1.68083301e-01 1.90249479e-01 2.10157763e-01 2.19224592e-01 2.21410189e-01 2.09617834e-01 1.87807380e-01 1.58062400e-01 1.21515838e-01 8.01429509e-02 4.27048342e-02 1.25411797e-02 -1.79418475e-02 -3.81059874e-02 -5.89348083e-02 -7.06603019e-02 -7.89706047e-02 -8.56717523e-02 -7.67564871e-02 -6.83224739e-02 -3.89811174e-02 -6.19949664e-03 3.32420337e-02 7.43222935e-02 1.12277021e-01 1.52864626e-01 1.90238751e-01 2.31314183e-01 2.69722391e-01 3.00726182e-01 3.36472051e-01 3.70022461e-01 4.01903796e-01 4.28236480e-01 4.44974599e-01 4.43118897e-01 4.12824655e-01 3.68327146e-01 3.14654580e-01 2.62311614e-01 2.10235444e-01 1.62014702e-01 1.15496816e-01 5.41704973e-02 -9.79264675e-03 -6.76236489e-02 -1.25598542e-01 -1.86278760e-01 -2.40309500e-01 -2.90050682e-01 -3.36327396e-01 -3.72227192e-01 -3.97752726e-01 -4.04836251e-01 -3.97919954e-01 -3.77826417e-01 -3.50351320e-01 -3.32632983e-01 -3.25306045e-01 -3.44091006e-01 -3.41234048e-01 -3.09452940e-01 -2.69698656e-01 -2.49073834e-01 -2.00161047e-01 -1.54681342e-01 -1.54585193e-01 -1.16128641e-01 -8.58614718e-02 -8.86656319e-02 -1.20937829e-01 -1.69251225e-01 -2.45805389e-01 -2.64025077e-01 -3.32502045e-01 -4.11445937e-01 2.53991440e-01
2.24000000e+01 -3.92774436e-03 -4.29078698e-03 2.68180652e-02 1.46122620e-02 9.57728637e-03 2.77494194e-02 4.04565248e-02 3.32170270e-02 5.15880293e-02 5.86144147e-02 5.54408677e-02 5.59514849e-02 5.66105736e-02 6.94274640e-02 2.26312144e-02 8.66060772e-02 1.34500688e-02 7.03755925e-02 5.62335091e-02 7.56836196e-02 9.17756991e-02 1.14123879e-01 1.36620454e-01 1.67309991e-01 1.89763120e-01 2.09656377e-01 2.18518849e-01 2.20596390e-01 2.08481922e-01 1.85941368e-01 1.56291608e-01 1.19144587e-01 7.79106391e-02 4.06898202e-02 1.11393351e-02 -1.94038970e-02 -3.90590439e-02 -5.99607469e-02 -7.14876656e-02 -7.95410814e-02 -8.59082638e-02 -7.61605907e-02 -6.71029913e-02 -3.67656501e-02 -3.34073363e-03 3.60289705e-02 7.69078275e-02 1.13986072e-01 1.54289207e-01 1.91548533e-01 2.32541314e-01 2.70606118e-01 3.01861958e-01 3.37375881e-01 3.70547081e-01 4.02143981e-01 4.27548793e-01 4.43210240e-01 4.39904018e-01 4.07719803e-01 3.62296423e-01 3.08748229e-01 2.57523238e-01 2.06931746e-01 1.60172461e-01 1.14314652e-01 5.26199092e-02 -1.08774370e-02 -6.83252441e-02 -1.26141915e-01 -1.86561460e-01 -2.39340306e-01 -2.88810727e-01 -3.34742782e-01 -3.69823931e-01 -3.95327779e-01 -4.02092451e-01 -3.95739731e-01 -3.75885602e-01 -3.49738161e-01 -3.34258037e-01 -3.29419315e-01 -3.49199842e-01 -3.44859211e-01 -3.12523010e-01 -2.75481844e-01 -2.54263455e-01 -2.03548996e-01 -1.58959746e-01 -1.57551769e-01 -1.15662941e-01 -8.60122609e-02 -8.77955804e-02 -1.18373539e-01 -1.66570206e-01 -2.41111716e-01 -2.57119006e-01 -3.27218172e-01 -4.00075262e-01 2.68019759e-01
2.25000000e+01 -2.56851815e-03 -3.91530704e-03 2.73724257e-02 1.43753934e-02 1.00263968e-02 2.79161756e-02 4.00236778e-02 3.30148715e-02 5.20247626e-02 5.84851248e-02 5.48652892e-02 5.74583884e-02 5.74017019e-02 6.99179855e-02 2.40689193e-02 8.93150563e-02 1.49298164e-02 7.21151981e-02 5.73660169e-02 7.64352527e-02 9.20430144e-02 1.14164361e-01 1.36092396e-01 1.66524933e-01 1.89241343e-01 2.09104386e-01 2.17735882e-01 2.19710891e-01 2.07263060e-01 1.84017838e-01 1.54470387e-01 1.16739130e-01 7.57134120e-02 3.87312004e-02 9.77279397e-03 -2.08030713e-02 -3.99620511e-02 -6.09316927e-02 -7.22793924e-02 -8.00799025e-02 -8.60541234e-02 -7.55410578e-02 -6.57717965e-02 -3.45104182e-02 -4.52351613e-04 3.87968895e-02 7.94244333e-02 1.15644687e-01 1.55688636e-01 1.92849436e-01 2.33762550e-01 2.71484235e-01 3.03000385e-01 3.38270931e-01 3.71071914e-01 4.02361036e-01 4.26795020e-01 4.41344827e-01 4.36493116e-01 4.02461817e-01 3.56190459e-01 3.02862255e-01 2.52824716e-01 2.03747642e-01 1.58400946e-01 1.13110335e-01 5.10371252e-02 -1.19175692e-02 -6.90506361e-02 -1.26723191e-01 -1.86831857e-01 -2.38376176e-01 -2.87641041e-01 -3.33118116e-01 -3.67349611e-01 -3.92804006e-01 -3.99244222e-01 -3.93446495e-01 -3.73890708e-01 -3.49195824e-01 -3.35981443e-01 -3.33626000e-01 -3.54108984e-01 -3.48271908e-01 -3.15536290e-01 -2.81404397e-01 -2.59348031e-01 -2.06891861e-01 -1.63545184e-01 -1.60332058e-01 -1.15343286e-01 -8.62673848e-02 -8.68960245e-02 -1.15727396e-01 -1.63972551e-01 -2.36180631e-01 -2.50264622e-01 -3.21916038e-01 -3.88604738e-01 2.81676023e-01
2.26000000e+01 -1.16952969e-03 -3.50963161e-03 2.78806608e-02 1.41684170e-02 1.05172079e-02 2.80524062e-02 3.95730695e-02 3.29159600e-02 5.23082889e-02 5.84312905e-02 5.42724188e-02 5.88710098e-02 5.82701324e-02 7.03221484e-02 2.54693400e-02 9.20539983e-02 1.63734532e-02 7.39603675e-02 5.84864915e-02 7.72391296e-02 9.23134292e-02 1.14266893e-01 1.35585825e-01 1.65732899e-01 1.88681238e-01 2.08501865e-01 2.16876391e-01 2.18751589e-01 2.05959808e-01 1.82041499e-01 1.52594705e-01 1.14304071e-01 7.35520564e-02 3.68321810e-02 8.43712061e-03 -2.21368384e-02 -4.08173239e-02 -6.18473874e-02 -7.30348310e-02 -8.05890938e-02 -8.61047034e-02 -7.48987043e-02 -6.43273031e-02 -3.22169245e-02 2.45820852e-03 4.15444902e-02 8.18670741e-02 1.17258442e-01 1.57065879e-01 1.94142803e-01 2.34975815e-01 2.72360961e-01 3.04137859e-01 3.39154997e-01 3.71598636e-01 4.02551838e-01 4.25973740e-01 4.39374678e-01 4.32881954e-01 3.97057722e-01 3.50017499e-01 2.97006972e-01 2.48222894e-01 2.00679867e-01 1.56693546e-01 1.11873174e-01 4.94274714e-02 -1.29125269e-02 -6.98014063e-02 -1.27339903e-01 -1.87083192e-01 -2.37427068e-01 -2.86538944e-01 -3.31450047e-01 -3.64810389e-01 -3.90180254e-01 -3.96294852e-01 -3.91041590e-01 -3.71851330e-01 -3.48730597e-01 -3.37804527e-01 -3.37911221e-01 -3.58801938e-01 -3.51479796e-01 -3.18521167e-01 -2.87443339e-01 -2.64308336e-01 -2.10214418e-01 -1.68420523e-01 -1.62912677e-01 -1.15197466e-01 -8.66082098e-02 -8.59628823e-02 -1.13015459e-01 -1.61439333e-01 -2.31019160e-01 -2.43469200e-01 -3.16592241e-01 -3.77047415e-01 2.94963374e-01
2.27000000e+01 2.70317780e-04 -3.07805803e-03 2.83420995e-02 1.39981479e-02 1.10409919e-02 2.81653064e-02 3.91038399e-02 3.29174609e-02 5.24458491e-02 5.84419099e-02 5.36797449e-02 6.01806964e-02 5.92069744e-02 7.06544832e-02 2.68361534e-02 9.48055593e-02 1.77873442e-02 7.59034748e-02 5.96003379e-02 7.80925376e-02 9.25875689e-02 1.14431729e-01 1.35100761e-01 1.64938621e-01 1.88080233e-01 2.07848630e-01 2.15941578e-01 2.17716063e-01 2.04571013e-01 1.80016905e-01 1.50660624e-01 1.11844336e-01 7.14270749e-02 3.49957361e-02 7.12803957e-03 -2.34026965e-02 -4.16272139e-02 -6.27077705e-02 -7.37533118e-02 -8.10702758e-02 -8.60560014e-02 -7.42332866e-02 -6.27690263e-02 -2.98863524e-02 5.38308173e-03 4.42705499e-02 8.42313988e-02 1.18833109e-01 1.58423547e-01 1.95429946e-01 2.36178911e-01 2.73240468e-01 3.05270699e-01 3.40026100e-01 3.72128785e-01 4.02713120e-01 4.25083524e-01 4.37295679e-01 4.29067193e-01 3.91514968e-01 3.43785992e-01 2.91192647e-01 2.43724013e-01 1.97724416e-01 1.55043064e-01 1.10593250e-01 4.77973245e-02 -1.38630808e-02 -7.05785766e-02 -1.27989254e-01 -1.87309285e-01 -2.36503518e-01 -2.85499682e-01 -3.29736203e-01 -3.62212644e-01 -3.87455266e-01 -3.93247594e-01 -3.88527203e-01 -3.69777240e-01 -3.48347904e-01 -3.39728187e-01 -3.42257983e-01 -3.63264676e-01 -3.54492341e-01 -3.21505618e-01 -2.93572076e-01 -2.69128102e-01 -2.13543947e-01 -1.73561442e-01 -1.65287379e-01 -1.15248955e-01 -8.70163265e-02 -8.49929598e-02 -1.10254886e-01 -1.58948060e-01 -2.25639443e-01 -2.36736979e-01 -3.11244627e-01 -3.65416743e-01 3.07886126e-01
2.28000000e+01 1.75206179e-03 -2.62516796e-03 2.87568525e-02 1.38706705e-02 1.15892531e-02 2.82621103e-02 3.86156723e-02 3.30143776e-02 5.24481407e-02 5.85028852e-02 5.31059872e-02 6.13799308e-02 6.02005602e-02 7.09322826e-02 2.81719574e-02 9.75519940e-02 1.91795483e-02 7.79346377e-02 6.07141379e-02 7.89921020e-02 9.28667018e-02 1.14658515e-01 1.34637345e-01 1.64146699e-01 1.87436172e-01 2.07144209e-01 2.14933093e-01 2.16601620e-01 2.03095829e-01 1.77948359e-01 1.48664460e-01 1.09365091e-01 6.93387482e-02 3.32245040e-02 5.84154724e-03 -2.45982485e-02 -4.23941270e-02 -6.35129695e-02 -7.44341523e-02 -8.15245515e-02 -8.59047370e-02 -7.35434912e-02 -6.10976209e-02 -2.75195997e-02 8.31408320e-03 4.69738629e-02 8.65138676e-02 1.20374539e-01 1.59763881e-01 1.96712147e-01 2.37369612e-01 2.74126762e-01 3.06395223e-01 3.40882499e-01 3.72663689e-01 4.02841505e-01 4.24122909e-01 4.35103300e-01 4.25046473e-01 3.85841357e-01 3.37504598e-01 2.85429459e-01 2.39333619e-01 1.94876615e-01 1.53441731e-01 1.09261614e-01 4.61539206e-02 -1.47712595e-02 -7.13825723e-02 -1.28668191e-01 -1.87504663e-01 -2.35616311e-01 -2.84516598e-01 -3.27975292e-01 -3.59562816e-01 -3.84627751e-01 -3.90105667e-01 -3.85906400e-01 -3.67678264e-01 -3.48052333e-01 -3.41752785e-01 -3.46647340e-01 -3.67485851e-01 -3.57320740e-01 -3.24516577e-01 -2.99760853e-01 -2.73794513e-01 -2.16909283e-01 -1.78937004e-01 -1.67457208e-01 -1.15516289e-01 -8.74740411e-02 -8.39840153e-02 -1.07463338e-01 -1.56473400e-01 -2.20058302e-01 -2.30069243e-01 -3.05872337e-01 -3.53726435e-01 3.20449671e-01
2.29000000e+01 3.27664306e-03 -2.15574804e-03 2.91258032e-02 1.37912062e-02 1.21539866e-02 2.83497992e-02 3.81089430e-02 3.31996753e-02 5.23288829e-02 5.85976803e-02 5.25704962e-02 6.24624658e-02 6.12368900e-02 7.11750193e-02 2.94783463e-02 1.00275534e-01 2.05594637e-02 8.00419944e-02 6.18355092e-02 7.99338105e-02 9.31527474e-02 1.14946229e-01 1.34195903e-01 1.63361506e-01 1.86747375e-01 2.06387836e-01 2.13852964e-01 2.15405372e-01 2.01533715e-01 1.75839826e-01 1.46602915e-01 1.06871658e-01 6.72871962e-02 3.15206901e-02 4.57401530e-03 -2.57212768e-02 -4.31205384e-02 -6.42632840e-02 -7.50766538e-02 -8.19524075e-02 -8.56484381e-02 -7.28269506e-02 -5.93149011e-02 -2.51173185e-02 1.12428265e-02 4.96531703e-02 8.87118723e-02 1.21888533e-01 1.61088758e-01 1.97990655e-01 2.38545762e-01 2.75023565e-01 3.07507848e-01 3.41722708e-01 3.73204403e-01 4.02933543e-01 4.23090377e-01 4.32792642e-01 4.20818495e-01 3.80044963e-01 3.31182206e-01 2.79727444e-01 2.35056479e-01 1.92131179e-01 1.51881223e-01 1.07870471e-01 4.45051343e-02 -1.56402719e-02 -7.22132132e-02 -1.29373465e-01 -1.87664689e-01 -2.34776118e-01 -2.83581360e-01 -3.26167175e-01 -3.56867234e-01 -3.81696478e-01 -3.86872272e-01 -3.83183138e-01 -3.65564176e-01 -3.47847685e-01 -3.43878023e-01 -3.51058623e-01 -3.71456953e-01 -3.59977844e-01 -3.27579300e-01 -3.05977302e-01 -2.78298617e-01 -2.20339804e-01 -1.84510437e-01 -1.69430418e-01 -1.16012604e-01 -8.79648104e-02 -8.29348218e-02 -1.04658373e-01 -1.53988007e-01 -2.14296667e-01 -2.23464520e-01 -3.00475809e-01 -3.41990335e-01 3.32660390e-01
2.30000000e+01 4.84486686e-03 -1.67470313e-03 2.94505823e-02 1.37640062e-02 1.27279128e-02 2.84348313e-02 3.75848387e-02 3.34644682e-02 5.21043021e-02 5.87080513e-02 5.20926059e-02 6.34234584e-02 6.23001312e-02 7.14036821e-02 3.07560348e-02 1.02958781e-01 2.19374160e-02 8.22120352e-02 6.29729267e-02 8.09130708e-02 9.34482654e-02 1.15293150e-01 1.33776998e-01 1.62587115e-01 1.86012682e-01 2.05578466e-01 2.12703490e-01 2.14124328e-01 1.99884429e-01 1.73694862e-01 1.44473215e-01 1.04369426e-01 6.52724334e-02 2.98859807e-02 3.32228332e-03 -2.67698186e-02 -4.38089977e-02 -6.49591644e-02 -7.56800932e-02 -8.23536291e-02 -8.52855181e-02 -7.20802818e-02 -5.74238387e-02 -2.26799645e-02 1.41608539e-02 5.23070848e-02 9.08238452e-02 1.23380716e-01 1.62399734e-01 1.99266662e-01 2.39705364e-01 2.75934189e-01 3.08605173e-01 3.42545488e-01 3.73751647e-01 4.02985722e-01 4.21984327e-01 4.30358476e-01 4.16383083e-01 3.74134065e-01 3.24827958e-01 2.74096433e-01 2.30896508e-01 1.89482273e-01 1.50352710e-01 1.06413343e-01 4.28592316e-02 -1.64743835e-02 -7.30697327e-02 -1.30101687e-01 -1.87785673e-01 -2.33993128e-01 -2.82684257e-01 -3.24312900e-01 -3.54131942e-01 -3.78660369e-01 -3.83550601e-01 -3.80362264e-01 -3.63444585e-01 -3.47737026e-01 -3.46102802e-01 -3.55469711e-01 -3.75172415e-01 -3.62478050e-01 -3.30716753e-01 -3.12187057e-01 -2.82635644e-01 -2.23864370e-01 -1.90240110e-01 -1.71222166e-01 -1.16745355e-01 -8.84736108e-02 -8.18452241e-02 -1.01856817e-01 -1.51463427e-01 -2.08378877e-01 -2.16918886e-01 -2.95056726e-01 -3.30222299e-01 3.44525544e-01
2.31000000e+01 6.45736327e-03 -1.18696468e-03 2.97335288e-02 1.37922720e-02 1.33046791e-02 2.85229022e-02 3.70454363e-02 3.37982644e-02 5.17925518e-02 5.88148245e-02 5.16909658e-02 6.42595996e-02 6.33731596e-02 7.16400571e-02 3.20050171e-02 1.05585102e-01 2.33242091e-02 8.44299782e-02 6.41355099e-02 8.19248026e-02 9.37564214e-02 1.15696851e-01 1.33381468e-01 1.61827233e-01 1.85231479e-01 2.04714800e-01 2.11487133e-01 2.12755495e-01 1.98148017e-01 1.71516548e-01 1.42273217e-01 1.01863766e-01 6.32944141e-02 2.83214731e-02 2.08373896e-03 -2.77422443e-02 -4.44621209e-02 -6.56011863e-02 -7.62437123e-02 -8.27272343e-02 -8.48153406e-02 -7.12991436e-02 -5.54285372e-02 -2.02078593e-02 1.70597772e-02 5.49340120e-02 9.28493479e-02 1.24856417e-01 1.63698103e-01 2.00541255e-01 2.40846664e-01 2.76861425e-01 3.09684084e-01 3.43349847e-01 3.74305760e-01 4.02994487e-01 4.20803051e-01 4.27795309e-01 4.11741241e-01 3.68117076e-01 3.18451258e-01 2.68545978e-01 2.26856705e-01 1.86923577e-01 1.48846938e-01 1.04885190e-01 4.12246016e-02 -1.72787504e-02 -7.39508240e-02 -1.30849360e-01 -1.87864976e-01 -2.33276675e-01 -2.81814539e-01 -3.22414693e-01 -3.51362536e-01 -3.75518599e-01 -3.80143866e-01 -3.77449507e-01 -3.61328832e-01 -3.47722741e-01 -3.48425073e-01 -3.59857367e-01 -3.78629660e-01 -3.64837174e-01 -3.33949042e-01 -3.18354434e-01 -2.86805224e-01 -2.27510271e-01 -1.96080653e-01 -1.72853973e-01 -1.17716210e-01 -8.89872342e-02 -8.07161855e-02 -9.90741622e-02 -1.48871052e-01 -2.02331876e-01 -2.10426360e-01 -2.89617916e-01 -3.18436082e-01 3.56053175e-01
2.32000000e+01 8.11454743e-03 -6.97397152e-04 2.99776364e-02 1.38781080e-02 1.38790222e-02 2.86187461e-02 3.64937420e-02 3.41892599e-02 5.14130892e-02 5.88986951e-02 5.13828755e-02 6.49692306e-02 6.44381208e-02 7.19059866e-02 3.32247459e-02 1.08139012e-01 2.47306571e-02 8.66801772e-02 6.53327797e-02 8.29635611e-02 9.40809277e-02 1.16154220e-01 1.33010430e-01 1.61085141e-01 1.84403720e-01 2.03795330e-01 2.10206396e-01 2.11295988e-01 1.96324789e-01 1.69307447e-01 1.40001505e-01 9.93599556e-02 6.13530636e-02 2.68276259e-02 8.56385345e-04 -2.86373378e-02 -4.50825620e-02 -6.61900245e-02 -7.67667074e-02 -8.30714309e-02 -8.42382681e-02 -7.04783120e-02 -5.33341761e-02 -1.77012668e-02 1.99314257e-02 5.75320764e-02 9.47891310e-02 1.26320564e-01 1.64984983e-01 2.01815366e-01 2.41968222e-01 2.77807442e-01 3.10741838e-01 3.44135026e-01 3.74866657e-01 4.02956246e-01 4.19544697e-01 4.25097444e-01 4.06895186e-01 3.62002488e-01 3.12061802e-01 2.63085282e-01 2.22939098e-01 1.84448333e-01 1.47354321e-01 1.03282507e-01 3.96094763e-02 -1.80592194e-02 -7.48547099e-02 -1.31612903e-01 -1.87901089e-01 -2.32634880e-01 -2.80960791e-01 -3.20475907e-01 -3.48564001e-01 -3.72270704e-01 -3.76655323e-01 -3.74451436e-01 -3.59225899e-01 -3.47806596e-01 -3.50841686e-01 -3.64197604e-01 -3.81829094e-01 -3.67072284e-01 -3.37292914e-01 -3.24443151e-01 -2.90811482e-01 -2.31302215e-01 -2.01984202e-01 -1.74352984e-01 -1.18921131e-01 -8.94945045e-02 -7.95498181e-02 -9.63239864e-02 -1.46183081e-01 -1.96184348e-01 -2.03979374e-01 -2.84163202e-01 -3.06645243e-01 3.67252003e-01
2.33000000e+01 9.81658140e-03 -2.10705759e-04 3.01864859e-02 1.40225062e-02 1.44468867e-02 2.87259814e-02 3.59336859e-02 3.46246720e-02 5.09860267e-02 5.89410206e-02 5.11836465e-02 6.55524362e-02 6.54770001e-02 7.22226361e-02 3.44143201e-02 1.10606528e-01 2.61671190e-02 8.89465517e-02 6.65743897e-02 8.40236839e-02 9.44259604e-02 1.16661525e-01 1.32665275e-01 1.60363653e-01 1.83529929e-01 2.02818380e-01 2.08863704e-01 2.09743129e-01 1.94415304e-01 1.67069575e-01 1.37657453e-01 9.68631019e-02 5.94482955e-02 2.54042296e-02 -3.61103619e-04 -2.94543784e-02 -4.56729634e-02 -6.67264278e-02 -7.72482213e-02 -8.33836002e-02 -8.35556877e-02 -6.96117754e-02 -5.11469214e-02 -1.51604860e-02 2.27679979e-02 6.00990559e-02 9.66451576e-02 1.27777600e-01 1.66261405e-01 2.03089704e-01 2.43068973e-01 2.78773699e-01 3.11776141e-01 3.44900486e-01 3.75433800e-01 4.02867371e-01 4.18207242e-01 4.22259065e-01 4.01848375e-01 3.55798820e-01 3.05669580e-01 2.57723120e-01 2.19144697e-01 1.82049405e-01 1.45865075e-01 1.01603375e-01 3.80216499e-02 -1.88221032e-02 -7.57792307e-02 -1.32388654e-01 -1.87893703e-01 -2.32074339e-01 -2.80111331e-01 -3.18500929e-01 -3.45740578e-01 -3.68916678e-01 -3.73088306e-01 -3.71375421e-01 -3.57144329e-01 -3.47989784e-01 -3.53348249e-01 -3.68466083e-01 -3.84774050e-01 -3.69201495e-01 -3.40761340e-01 -3.30417087e-01 -2.94663014e-01 -2.35261378e-01 -2.07901713e-01 -1.75751046e-01 -1.20350620e-01 -8.99864148e-02 -7.83493916e-02 -9.36174476e-02 -1.43373461e-01 -1.89965809e-01 -1.97569297e-01 -2.78697229e-01 -2.94863061e-01 3.78131317e-01
2.34000000e+01 1.15633393e-02 2.68652091e-04 3.03641645e-02 1.42253641e-02 1.50054960e-02 2.88470087e-02 3.53700731e-02 3.50911008e-02 5.05314810e-02 5.89245808e-02 5.11060131e-02 6.60111074e-02 6.64721846e-02 7.26097952e-02 3.55726677e-02 1.12975485e-01 2.76430509e-02 9.12130264e-02 6.78698427e-02 8.50994548e-02 9.47960555e-02 1.17214492e-01 1.32347644e-01 1.59665085e-01 1.82611191e-01 2.01782157e-01 2.07461297e-01 2.08094535e-01 1.92420355e-01 1.64804386e-01 1.35241276e-01 9.43780784e-02 5.75800191e-02 2.40503960e-02 -1.56933970e-03 -3.01932216e-02 -4.62358867e-02 -6.72111981e-02 -7.76873361e-02 -8.36603115e-02 -8.27700057e-02 -6.86928543e-02 -4.88738008e-02 -1.25859594e-02 2.55622127e-02 6.26323335e-02 9.84205877e-02 1.29231420e-01 1.67528408e-01 2.04364695e-01 2.44148278e-01 2.79760884e-01 3.12785208e-01 3.45645888e-01 3.76006179e-01 4.02724220e-01 4.16788450e-01 4.19274317e-01 3.96605502e-01 3.49514585e-01 2.99284887e-01 2.52467754e-01 2.15473465e-01 1.79719329e-01 1.44369363e-01 9.98474809e-02 3.64682103e-02 -1.95739436e-02 -7.67219447e-02 -1.33172870e-01 -1.87843744e-01 -2.31599846e-01 -2.79254595e-01 -3.16495048e-01 -3.42895647e-01 -3.65457071e-01 -3.69446257e-01 -3.68229566e-01 -3.55092153e-01 -3.48272976e-01 -3.55938997e-01 -3.72638536e-01 -3.87470675e-01 -3.71243730e-01 -3.44363193e-01 -3.36241045e-01 -2.98372720e-01 -2.39404573e-01 -2.13784318e-01 -1.77083644e-01 -1.21990131e-01 -9.04561849e-02 -7.71193138e-02 -9.09628477e-02 -1.40418784e-01 -1.83705685e-01 -1.91186993e-01 -2.73225251e-01 -2.83102469e-01 3.88700880e-01
2.35000000e+01 1.33543769e-02 7.36549797e-04 3.05151731e-02 1.44855357e-02 1.55533749e-02 2.89829606e-02 3.48084950e-02 3.55749070e-02 5.00689410e-02 5.88342797e-02 5.11596137e-02 6.63489663e-02 6.74070039e-02 7.30852381e-02 3.66987185e-02 1.15235801e-01 2.91665948e-02 9.34639685e-02 6.92281962e-02 8.61852785e-02 9.51959899e-02 1.17808421e-01 1.32059380e-01 1.58991231e-01 1.81649131e-01 2.00684804e-01 2.06001134e-01 2.06348203e-01 1.90340945e-01 1.62512773e-01 1.32754054e-01 9.19094632e-02 5.57481398e-02 2.27645642e-02 -2.76818881e-03 -3.08543733e-02 -4.67737285e-02 -6.76451752e-02 -7.80830678e-02 -8.38973689e-02 -8.18846058e-02 -6.77143475e-02 -4.65225430e-02 -9.97838981e-03 2.83074532e-02 6.51288684e-02 1.00119723e-01 1.30685336e-01 1.68787115e-01 2.05640423e-01 2.45205962e-01 2.80768861e-01 3.13767807e-01 3.46371075e-01 3.76582295e-01 4.02523145e-01 4.15285832e-01 4.16137397e-01 3.91172485e-01 3.43158255e-01 2.92918315e-01 2.47326858e-01 2.11924297e-01 1.77450361e-01 1.42857459e-01 9.80160905e-02 3.49552959e-02 -2.03212779e-02 -7.76802306e-02 -1.33961722e-01 -1.87753385e-01 -2.31214178e-01 -2.78379524e-01 -3.14464281e-01 -3.40031649e-01 -3.61893081e-01 -3.65732771e-01 -3.65022632e-01 -3.53076845e-01 -3.48656351e-01 -3.58606687e-01 -3.76691195e-01 -3.89927781e-01 -3.73218435e-01 -3.48103028e-01 -3.41881533e-01 -3.01957507e-01 -2.43743535e-01 -2.19584661e-01 -1.78388708e-01 -1.23820636e-01 -9.08992440e-02 -7.58650782e-02 -8.83652989e-02 -1.37299091e-01 -1.77432428e-01 -1.84823399e-01 -2.67752907e-01 -2.71375985e-01 3.98970822e-01
2.36000000e+01 1.51889077e-02 1.18926796e-03 3.06443246e-02 1.48009115e-02 1.60903226e-02 2.91337063e-02 3.42552017e-02 3.60625932e-02 4.96166743e-02 5.86577669e-02 5.13505600e-02 6.65715476e-02 6.82662362e-02 7.36641613e-02 3.77915599e-02 1.17379686e-01 3.07442166e-02 9.56846085e-02 7.06577680e-02 8.72758581e-02 9.56306508e-02 1.18438310e-01 1.31802478e-01 1.58343357e-01 1.80645878e-01 1.99524457e-01 2.04484814e-01 2.04502574e-01 1.88178275e-01 1.60195081e-01 1.30197729e-01 8.94614842e-02 5.39525577e-02 2.15445185e-02 -3.95675341e-03 -3.14390525e-02 -4.72886295e-02 -6.80292281e-02 -7.84343590e-02 -8.40898921e-02 -8.09037664e-02 -6.66687064e-02 -4.41013892e-02 -7.33886054e-03 3.09978975e-02 6.75851926e-02 1.01747916e-01 1.32142055e-01 1.70038810e-01 2.06916591e-01 2.46242338e-01 2.81796656e-01 3.14723273e-01 3.47076048e-01 3.77160152e-01 4.02260530e-01 4.13696614e-01 4.12842651e-01 3.85556431e-01 3.36738246e-01 2.86580741e-01 2.42307440e-01 2.08495009e-01 1.75234534e-01 1.41319930e-01 9.61119886e-02 3.34878898e-02 -2.10704211e-02 -7.86513862e-02 -1.34751297e-01 -1.87626019e-01 -2.30917945e-01 -2.77475908e-01 -3.12415171e-01 -3.37150028e-01 -3.58226635e-01 -3.61951626e-01 -3.61763945e-01 -3.51105281e-01 -3.49139619e-01 -3.61342526e-01 -3.80601220e-01 -3.92156643e-01 -3.75145282e-01 -3.51980954e-01 -3.47307519e-01 -3.05437861e-01 -2.48284375e-01 -2.25258196e-01 -1.79705353e-01 -1.25819301e-01 -9.13131447e-02 -7.45931759e-02 -8.58265010e-02 -1.33998569e-01 -1.71172671e-01 -1.78470076e-01 -2.62285992e-01 -2.59695665e-01 4.08951547e-01
2.37000000e+01 1.70657842e-02 1.62356290e-03 3.07566373e-02 1.51685275e-02 1.66173399e-02 2.92979088e-02 3.37169427e-02 3.65411782e-02 4.91911899e-02 5.83859548e-02 5.16811153e-02 6.66861347e-02 6.90365647e-02 7.43587179e-02 3.88505696e-02 1.19401768e-01 3.23804092e-02 9.78614313e-02 7.21658497e-02 8.83663737e-02 9.61048991e-02 1.19098990e-01 1.31579013e-01 1.57722196e-01 1.79604011e-01 1.98299303e-01 2.02913517e-01 2.02556593e-01 1.85933715e-01 1.57851133e-01 1.27575095e-01 8.70379701e-02 5.21931705e-02 2.03874165e-02 -5.13337160e-03 -3.19492343e-02 -4.77823871e-02 -6.83642495e-02 -7.87400720e-02 -8.42324247e-02 -7.98325373e-02 -6.55482356e-02 -4.16188836e-02 -4.66894674e-03 3.36286301e-02 6.99974321e-02 1.03311451e-01 1.33603672e-01 1.71284985e-01 2.08192493e-01 2.47258220e-01 2.82842461e-01 3.15651507e-01 3.47760944e-01 3.77737255e-01 4.01932819e-01 4.12017690e-01 4.09384675e-01 3.79765583e-01 3.30262902e-01 2.80283290e-01 2.37415763e-01 2.05182358e-01 1.73063711e-01 1.39747804e-01 9.41393855e-02 3.20696592e-02 -2.18272797e-02 -7.96327142e-02 -1.35537606e-01 -1.87466206e-01 -2.30709512e-01 -2.76534705e-01 -3.10354544e-01 -3.34251221e-01 -3.54460464e-01 -3.58106828e-01 -3.58463290e-01 -3.49183723e-01 -3.49722016e-01 -3.64136137e-01 -3.84347126e-01 -3.94170764e-01 -3.77043849e-01 -3.55992612e-01 -3.52491162e-01 -3.08837275e-01 -2.53027214e-01 -2.30764385e-01 -1.81072584e-01 -1.27960272e-01 -9.16974164e-02 -7.33109677e-02 -8.33446449e-02 -1.30506113e-01 -1.64950476e-01 -1.72119753e-01 -2.56830222e-01 -2.48073054e-01 4.18653635e-01
2.38000000e+01 1.89834876e-02 2.03672561e-03 3.08572261e-02 1.55846964e-02 1.71365105e-02 2.94731315e-02 3.32007802e-02 3.69985527e-02 4.88067747e-02 5.80134151e-02 5.21494953e-02 6.67016498e-02 6.97069694e-02 7.51776571e-02 3.98755227e-02 1.21299161e-01 3.40774707e-02 9.99825227e-02 7.37584369e-02 8.94526558e-02 9.66234293e-02 1.19785265e-01 1.31391075e-01 1.57127964e-01 1.78526504e-01 1.97007651e-01 2.01287954e-01 2.00509757e-01 1.83608781e-01 1.55480268e-01 1.24889760e-01 8.46423071e-02 5.04698811e-02 1.92898245e-02 -6.29563658e-03 -3.23876656e-02 -4.82563820e-02 -6.86511522e-02 -7.89989818e-02 -8.43190660e-02 -7.86765823e-02 -6.43453122e-02 -3.90836564e-02 -1.97080938e-03 3.61957296e-02 7.23613536e-02 1.04817409e-01 1.35071664e-01 1.72527371e-01 2.09467017e-01 2.48254915e-01 2.83903666e-01 3.16552949e-01 3.48426009e-01 3.78310610e-01 4.01536561e-01 4.10245604e-01 4.05758414e-01 3.73809251e-01 3.23740497e-01 2.74037298e-01 2.32657270e-01 2.01982064e-01 1.70929636e-01 1.38132744e-01 9.21037947e-02 3.07028454e-02 -2.25972052e-02 -8.06215887e-02 -1.36316599e-01 -1.87279579e-01 -2.30584989e-01 -2.75548301e-01 -3.08289257e-01 -3.31334675e-01 -3.50598167e-01 -3.54202640e-01 -3.55130805e-01 -3.47317815e-01 -3.50402288e-01 -3.66975564e-01 -3.87909184e-01 -3.95985593e-01 -3.78933295e-01 -3.60129232e-01 -3.57408493e-01 -3.12181573e-01 -2.57965999e-01 -2.36067768e-01 -1.82528001e-01 -1.30215525e-01 -9.20533687e-02 -7.20265166e-02 -8.09144456e-02 -1.26815731e-01 -1.58786688e-01 -1.65766794e-01 -2.51391020e-01 -2.36519141e-01 4.28087750e-01
2.39000000e+01 2.09401248e-02 2.42662892e-03 3.09511958e-02 1.60451591e-02 1.76508426e-02 2.96559908e-02 3.27138811e-02 3.74238071e-02 4.84751160e-02 5.75386376e-02 5.27498051e-02 6.66284979e-02 7.02690428e-02 7.61260803e-02 4.08666688e-02 1.23071445e-01 3.58353666e-02 1.02037861e-01 7.54399872e-02 9.05313497e-02 9.71906290e-02 1.20492042e-01 1.31240688e-01 1.56560374e-01 1.77416650e-01 1.95647996e-01 1.99608343e-01 1.98362152e-01 1.81205101e-01 1.53081385e-01 1.22146104e-01 8.22774001e-02 4.87826135e-02 1.82477602e-02 -7.44043944e-03 -3.27578489e-02 -4.87115279e-02 -6.88908633e-02 -7.92097732e-02 -8.43436153e-02 -7.74419963e-02 -6.30526133e-02 -3.65042122e-02 7.52736706e-04 3.86963261e-02 7.46724343e-02 1.06273506e-01 1.36546902e-01 1.73767947e-01 2.10738671e-01 2.49234197e-01 2.84976932e-01 3.17428537e-01 3.49071567e-01 3.78876741e-01 4.01068440e-01 4.08376518e-01 4.01959272e-01 3.67697732e-01 3.17179237e-01 2.67854250e-01 2.28036511e-01 1.98888867e-01 1.68823994e-01 1.36467196e-01 9.00118882e-02 2.93882078e-02 -2.33848943e-02 -8.16155000e-02 -1.37084193e-01 -1.87072722e-01 -2.30538286e-01 -2.74510737e-01 -3.06225917e-01 -3.28398912e-01 -3.46644256e-01 -3.50243615e-01 -3.51776859e-01 -3.45512591e-01 -3.51178649e-01 -3.69847332e-01 -3.91269806e-01 -3.97618223e-01 -3.80832036e-01 -3.64377793e-01 -3.62040031e-01 -3.15498132e-01 -2.63088538e-01 -2.41138870e-01 -1.84106570e-01 -1.32555754e-01 -9.23838554e-02 -7.07483811e-02 -7.85273089e-02 -1.22926784e-01 -1.52698413e-01 -1.59407620e-01 -2.45973321e-01 -2.25044319e-01 4.37264547e-01
2.40000000e+01 2.29334326e-02 2.79176058e-03 3.10435401e-02 1.65452509e-02 1.81640766e-02 2.98423461e-02 3.22632950e-02 3.78075218e-02 4.82050228e-02 5.69641434e-02 5.34721171e-02 6.64783691e-02 7.07172184e-02 7.72053164e-02 4.18247775e-02 1.24720591e-01 3.76516800e-02 1.04019541e-01 7.72132161e-02 9.16000654e-02 9.78104401e-02 1.21214457e-01 1.31129742e-01 1.56018671e-01 1.76277986e-01 1.94219087e-01 1.97874393e-01 1.96114477e-01 1.78724376e-01 1.50652993e-01 1.19349223e-01 7.99456405e-02 4.71313342e-02 1.72567428e-02 -8.56403734e-03 -3.30639903e-02 -4.91482484e-02 -6.90843128e-02 -7.93710428e-02 -8.42997200e-02 -7.61351098e-02 -6.16633395e-02 -3.38887354e-02 3.49818578e-03 4.11286288e-02 7.69259507e-02 1.07687943e-01 1.38029649e-01 1.75008923e-01 2.12005631e-01 2.50198256e-01 2.86058285e-01 3.18279638e-01 3.49697984e-01 3.79431700e-01 4.00525318e-01 4.06406211e-01 3.97983211e-01 3.61442215e-01 3.10587276e-01 2.61745698e-01 2.23557076e-01 1.95896593e-01 1.66738476e-01 1.34744521e-01 8.78713338e-02 2.81250183e-02 -2.41943353e-02 -8.26120738e-02 -1.37836309e-01 -1.86853015e-01 -2.30561240e-01 -2.73417872e-01 -3.04170601e-01 -3.25441620e-01 -3.42604187e-01 -3.46234620e-01 -3.48411931e-01 -3.43772500e-01 -3.52048719e-01 -3.72736543e-01 -3.94413888e-01 -3.99087055e-01 -3.82757420e-01 -3.68721273e-01 -3.66371313e-01 -3.18815018e-01 -2.68376718e-01 -2.45954909e-01 -1.85839476e-01 -1.34951269e-01 -9.26930110e-02 -6.94853724e-02 -7.61716267e-02 -1.18844047e-01 -1.46698648e-01 -1.53041030e-01 -2.40581408e-01 -2.13658340e-01 4.46194589e-01
2.41000000e+01 2.49607907e-02 3.13124063e-03 3.11390483e-02 1.70800747e-02 1.86804649e-02 3.00275225e-02 3.18557292e-02 3.81420119e-02 4.80022518e-02 5.62964465e-02 5.43026893e-02 6.62640009e-02 7.10489079e-02 7.84129153e-02 4.27511529e-02 1.26250818e-01 3.95216501e-02 1.05921928e-01 7.90789409e-02 9.26575047e-02 9.84862249e-02 1.21947985e-01 1.31059926e-01 1.55501678e-01 1.75114204e-01 1.92720005e-01 1.96085305e-01 1.93768063e-01 1.76168339e-01 1.48193281e-01 1.16504864e-01 7.76488802e-02 4.55160772e-02 1.63118528e-02 -9.66214708e-03 -3.33109127e-02 -4.95664856e-02 -6.92324162e-02 -7.94813098e-02 -8.41810167e-02 -7.47622938e-02 -6.01714230e-02 -3.12449229e-02 6.26133622e-03 4.34919206e-02 7.91170827e-02 1.09069237e-01 1.39519583e-01 1.76252699e-01 2.13265817e-01 2.51149632e-01 2.87143244e-01 3.19107980e-01 3.50305633e-01 3.79971094e-01 3.99904256e-01 4.04330075e-01 3.93826856e-01 3.55054678e-01 3.03972744e-01 2.55723175e-01 2.19221522e-01 1.92998245e-01 1.64664840e-01 1.32959090e-01 8.56906198e-02 2.69111060e-02 -2.50287970e-02 -8.36090671e-02 -1.38568920e-01 -1.86628459e-01 -2.30643799e-01 -2.72267496e-01 -3.02128587e-01 -3.22459780e-01 -3.38484374e-01 -3.42180862e-01 -3.45046490e-01 -3.42101433e-01 -3.53009453e-01 -3.75627030e-01 -3.97329114e-01 -4.00411458e-01 -3.84725408e-01 -3.73138995e-01 -3.70393328e-01 -3.22160093e-01 -2.73806932e-01 -2.50500295e-01 -1.87753114e-01 -1.37372876e-01 -9.29859698e-02 -6.82462791e-02 -7.38331945e-02 -1.14577590e-01 -1.40796067e-01 -1.46668430e-01 -2.35218780e-01 -2.02370281e-01 4.54888264e-01
2.42000000e+01 2.70192393e-02 3.44482206e-03 3.12422230e-02 1.76446774e-02 1.92045345e-02 3.02065533e-02 3.14973261e-02 3.84215202e-02 4.78694419e-02 5.55458703e-02 5.52243155e-02 6.59989077e-02 7.12645468e-02 7.97427534e-02 4.36476200e-02 1.27668405e-01 4.14382941e-02 1.07741726e-01 8.10359837e-02 9.37035576e-02 9.92206411e-02 1.22688546e-01 1.31032667e-01 1.55007853e-01 1.73929060e-01 1.91150217e-01 1.94239796e-01 1.91324867e-01 1.73538700e-01 1.45700177e-01 1.13619367e-01 7.53884147e-02 4.39369704e-02 1.54078022e-02 -1.07300619e-02 -3.35039424e-02 -4.99657359e-02 -6.93360480e-02 -7.95390339e-02 -8.39812598e-02 -7.33297775e-02 -5.85717087e-02 -2.85798478e-02 9.03731524e-03 4.57865205e-02 8.12410297e-02 1.10426066e-01 1.41015820e-01 1.77501812e-01 2.14516989e-01 2.52091113e-01 2.88226968e-01 3.19915560e-01 3.50894857e-01 3.80490112e-01 3.99202532e-01 4.02143131e-01 3.89487586e-01 3.48547775e-01 2.97343782e-01 2.49798082e-01 2.15031323e-01 1.90186108e-01 1.62594985e-01 1.31106356e-01 8.34788703e-02 2.57429438e-02 -2.58908497e-02 -8.46043425e-02 -1.39278107e-01 -1.86407485e-01 -2.30774252e-01 -2.71059379e-01 -3.00104096e-01 -3.19449822e-01 -3.34292174e-01 -3.38087894e-01 -3.41690879e-01 -3.40502764e-01 -3.54057050e-01 -3.78501540e-01 -4.00006213e-01 -4.01611421e-01 -3.86750265e-01 -3.77607057e-01 -3.74102816e-01 -3.25560094e-01 -2.79350677e-01 -2.54766886e-01 -1.89868238e-01 -1.39792701e-01 -9.32685802e-02 -6.70395671e-02 -7.14957379e-02 -1.10142488e-01 -1.34994966e-01 -1.40293966e-01 -2.29888064e-01 -1.91188498e-01 4.63355706e-01
2.43000000e+01 2.91055032e-02 3.73287495e-03 3.13572131e-02 1.82342228e-02 1.97408395e-02 3.03744350e-02 3.11934541e-02 3.86423526e-02 4.78061561e-02 5.47262253e-02 5.62167941e-02 6.56970809e-02 7.13675546e-02 8.11852396e-02 4.45164857e-02 1.28981468e-01 4.33926070e-02 1.09477968e-01 8.30811409e-02 9.47393611e-02 1.00015531e-01 1.23432588e-01 1.31049073e-01 1.54535364e-01 1.72726281e-01 1.89509647e-01 1.92336133e-01 1.88787450e-01 1.70837111e-01 1.43171430e-01 1.10699582e-01 7.31649782e-02 4.23942577e-02 1.45390170e-02 -1.17627878e-02 -3.36487770e-02 -5.03451090e-02 -6.93960108e-02 -7.95426402e-02 -8.36944329e-02 -7.18434863e-02 -5.68601036e-02 -2.58998576e-02 1.18206281e-02 4.80137179e-02 8.32931324e-02 1.11767116e-01 1.42516958e-01 1.78758854e-01 2.15756851e-01 2.53025627e-01 2.89304423e-01 3.20704554e-01 3.51465942e-01 3.80983542e-01 3.98417649e-01 3.99840057e-01 3.84963624e-01 3.41934718e-01 2.90708595e-01 2.43981568e-01 2.10986813e-01 1.87451859e-01 1.60521024e-01 1.29182893e-01 8.12456525e-02 2.46157739e-02 -2.67824093e-02 -8.55958271e-02 -1.39960137e-01 -1.86198740e-01 -2.30939516e-01 -2.69795261e-01 -2.98100079e-01 -3.16407798e-01 -3.30035853e-01 -3.33961632e-01 -3.38355194e-01 -3.38979392e-01 -3.55186864e-01 -3.81341959e-01 -4.02439148e-01 -4.02707210e-01 -3.88844270e-01 -3.82098853e-01 -3.77502449e-01 -3.29039743e-01 -2.84975311e-01 -2.58754017e-01 -1.92199295e-01 -1.42184946e-01 -9.35471226e-02 -6.58730608e-02 -6.91415319e-02 -1.05558366e-01 -1.29295376e-01 -1.33924541e-01 -2.24590975e-01 -1.80120589e-01 4.71606726e-01
2.44000000e+01 3.12160207e-02 3.99635448e-03 3.14877622e-02 1.88441537e-02 2.02937152e-02 3.05263821e-02 3.09485179e-02 3.88029524e-02 4.78090274e-02 5.38543644e-02 5.72574957e-02 6.53726702e-02 7.13642162e-02 8.27276107e-02 4.53604797e-02 1.30199702e-01 4.53738280e-02 1.11131911e-01 8.52092272e-02 9.57673096e-02 1.00871829e-01 1.24177173e-01 1.31109882e-01 1.54082163e-01 1.71509468e-01 1.87798709e-01 1.90372196e-01 1.86158939e-01 1.68065116e-01 1.40604686e-01 1.07752797e-01 7.09787543e-02 4.08883152e-02 1.36997326e-02 -1.27551930e-02 -3.37513480e-02 -5.07034016e-02 -6.94130012e-02 -7.94905448e-02 -8.33148431e-02 -7.03089060e-02 -5.50336908e-02 -2.32105031e-02 1.46052257e-02 5.01756807e-02 8.52689999e-02 1.13100935e-01 1.44021133e-01 1.80026381e-01 2.16983174e-01 2.53956113e-01 2.90370552e-01 3.21477223e-01 3.52019092e-01 3.81445796e-01 3.97547336e-01 3.97415228e-01 3.80254115e-01 3.35229152e-01 2.84075506e-01 2.38284403e-01 2.07087155e-01 1.84786702e-01 1.58435368e-01 1.27186402e-01 7.90007797e-02 2.35237647e-02 -2.77047931e-02 -8.65814630e-02 -1.40611546e-01 -1.86010880e-01 -2.31125461e-01 -2.68478762e-01 -2.96118042e-01 -3.13329569e-01 -3.25724521e-01 -3.29808358e-01 -3.35049181e-01 -3.37533776e-01 -3.56393311e-01 -3.84129565e-01 -4.04625246e-01 -4.03719031e-01 -3.91017443e-01 -3.86585661e-01 -3.80600857e-01 -3.32620899e-01 -2.90644947e-01 -2.62468288e-01 -1.94753961e-01 -1.44526548e-01 -9.38280421e-02 -6.47536181e-02 -6.67520941e-02 -1.00848797e-01 -1.23693323e-01 -1.27569725e-01 -2.19328313e-01 -1.69173348e-01 4.79650744e-01
2.45000000e+01 3.33469776e-02 4.23675409e-03 3.16371756e-02 1.94703407e-02 2.08670422e-02 3.06580729e-02 3.07657956e-02 3.89039124e-02 4.78720004e-02 5.29496323e-02 5.83220099e-02 6.50396555e-02 7.12634938e-02 8.43542987e-02 4.61826771e-02 1.31334107e-01 4.73697609e-02 1.12706861e-01 8.74131986e-02 9.67910138e-02 1.01789503e-01 1.24920035e-01 1.31215406e-01 1.53646073e-01 1.70282014e-01 1.86018345e-01 1.88345553e-01 1.83442960e-01 1.65224135e-01 1.37997568e-01 1.04786644e-01 6.88294062e-02 3.94196543e-02 1.28841031e-02 -1.37021668e-02 -3.38176882e-02 -5.10391778e-02 -6.93875780e-02 -7.93811775e-02 -8.28372016e-02 -6.87309720e-02 -5.30908111e-02 -2.05164942e-02 1.73845837e-02 5.22753428e-02 8.71646380e-02 1.14435802e-01 1.45526096e-01 1.81306809e-01 2.18193923e-01 2.54885386e-01 2.91420449e-01 3.22235815e-01 3.52554425e-01 3.81870916e-01 3.96589529e-01 3.94862764e-01 3.75359188e-01 3.28445032e-01 2.77453021e-01 2.32716840e-01 2.03330314e-01 1.82181482e-01 1.56330810e-01 1.25115701e-01 7.67541072e-02 2.24601953e-02 -2.86587803e-02 -8.75591583e-02 -1.41229246e-01 -1.85852341e-01 -2.31317260e-01 -2.67115235e-01 -2.94157932e-01 -3.10211008e-01 -3.21368043e-01 -3.25634721e-01 -3.31782134e-01 -3.36167990e-01 -3.57669779e-01 -3.86845305e-01 -4.06565253e-01 -4.04666705e-01 -3.93277324e-01 -3.91037290e-01 -3.83412514e-01 -3.36321795e-01 -2.96321454e-01 -2.65923129e-01 -1.97532898e-01 -1.46797721e-01 -9.41177018e-02 -6.36868069e-02 -6.43089276e-02 -9.60405709e-02 -1.18181239e-01 -1.21241565e-01 -2.14100012e-01 -1.58352730e-01 4.87496732e-01
2.46000000e+01 3.54943453e-02 4.45604484e-03 3.18083056e-02 2.01092093e-02 2.14640312e-02 3.07658769e-02 3.06473084e-02 3.89479227e-02 4.79866597e-02 5.20332285e-02 5.93848456e-02 6.47115236e-02 7.10767756e-02 8.60473616e-02 4.69864067e-02 1.32396694e-01 4.93671353e-02 1.14207908e-01 8.96843536e-02 9.78152018e-02 1.02767520e-01 1.25659634e-01 1.31365483e-01 1.53224861e-01 1.69047024e-01 1.84170023e-01 1.86253558e-01 1.80643551e-01 1.62315457e-01 1.35347759e-01 1.01809003e-01 6.67161274e-02 3.79889099e-02 1.20863229e-02 -1.45987790e-02 -3.38538121e-02 -5.13508473e-02 -6.93201379e-02 -7.92129949e-02 -8.22566948e-02 -6.71139830e-02 -5.10311136e-02 -1.78216781e-02 2.01517893e-02 5.43162765e-02 8.89765790e-02 1.15779598e-01 1.47029303e-01 1.82602301e-01 2.19387381e-01 2.55816007e-01 2.92449517e-01 3.22982483e-01 3.53071971e-01 3.82252583e-01 3.95542352e-01 3.92176600e-01 3.70280012e-01 3.21596493e-01 2.70849904e-01 2.27288484e-01 1.99713048e-01 1.79626824e-01 1.54200609e-01 1.22970694e-01 7.45153234e-02 2.14176615e-02 -2.96446719e-02 -8.85267496e-02 -1.41810633e-01 -1.85731115e-01 -2.31499770e-01 -2.65711534e-01 -2.92218074e-01 -3.07048194e-01 -3.16976928e-01 -3.21447736e-01 -3.28562799e-01 -3.34883754e-01 -3.59008555e-01 -3.89470093e-01 -4.08263326e-01 -4.05569364e-01 -3.95628782e-01 -3.95422770e-01 -3.85957470e-01 -3.40156362e-01 -3.01965521e-01 -2.69138152e-01 -2.00529719e-01 -1.48982371e-01 -9.44221654e-02 -6.26765991e-02 -6.17942893e-02 -9.11628676e-02 -1.12748488e-01 -1.14954304e-01 -2.08905224e-01 -1.47663805e-01 4.95153162e-01
2.47000000e+01 3.76539249e-02 4.65660263e-03 3.20035558e-02 2.07578425e-02 2.20870343e-02 3.08470553e-02 3.05937288e-02 3.89396576e-02 4.81426327e-02 5.11275039e-02 6.04201662e-02 6.44009626e-02 7.08175662e-02 8.77869617e-02 4.77751454e-02 1.33400193e-01 5.13519915e-02 1.15641605e-01 9.20126105e-02 9.88455624e-02 1.03803861e-01 1.26395196e-01 1.31559422e-01 1.52816308e-01 1.67807261e-01 1.82255724e-01 1.84093449e-01 1.77765060e-01 1.59340260e-01 1.32653074e-01 9.88278800e-02 6.46377132e-02 3.65968070e-02 1.13007602e-02 -1.54404385e-02 -3.38656130e-02 -5.16367335e-02 -6.92109045e-02 -7.89844796e-02 -8.15690514e-02 -6.54615336e-02 -4.88555806e-02 -1.51290378e-02 2.28996314e-02 5.63025556e-02 9.07020112e-02 1.17139683e-01 1.48528027e-01 1.83914648e-01 2.20562270e-01 2.56750155e-01 2.93453608e-01 3.23719201e-01 3.53571685e-01 3.82584126e-01 3.94404069e-01 3.89350557e-01 3.65018832e-01 3.14697729e-01 2.64275236e-01 2.22008152e-01 1.96230925e-01 1.77113252e-01 1.52038581e-01 1.20752323e-01 7.22937330e-02 2.03883013e-02 -3.06623489e-02 -8.94819846e-02 -1.42353714e-01 -1.85654509e-01 -2.31657926e-01 -2.64275749e-01 -2.90295166e-01 -3.03837618e-01 -3.12562197e-01 -3.17254779e-01 -3.25399294e-01 -3.33682480e-01 -3.60400756e-01 -3.91985118e-01 -4.09726943e-01 -4.06445153e-01 -3.98073878e-01 -3.99711074e-01 -3.88260945e-01 -3.44133692e-01 -3.07537774e-01 -2.72138326e-01 -2.03731186e-01 -1.51068368e-01 -9.47470100e-02 -6.17250915e-02 -5.91919564e-02 -8.62463549e-02 -1.07382008e-01 -1.08724006e-01 -2.03742446e-01 -1.37110729e-01 5.02627961e-01
2.48000000e+01 3.98213947e-02 4.84112507e-03 3.22249020e-02 2.14140548e-02 2.27373921e-02 3.08999283e-02 3.06043330e-02 3.88856034e-02 4.83280532e-02 5.02552137e-02 6.14025358e-02 6.41195858e-02 7.05011246e-02 8.95518842e-02 4.85524032e-02 1.34357749e-01 5.33100761e-02 1.17015596e-01 9.43868489e-02 9.98885327e-02 1.04895570e-01 1.27126723e-01 1.31795967e-01 1.52418256e-01 1.66565110e-01 1.80277900e-01 1.81862464e-01 1.74812042e-01 1.56299657e-01 1.29911529e-01 9.58512922e-02 6.25926509e-02 3.52441054e-02 1.05221000e-02 -1.62230433e-02 -3.38587773e-02 -5.18951251e-02 -6.90599332e-02 -7.86941233e-02 -8.07706108e-02 -6.37764610e-02 -4.65665285e-02 -1.24407093e-02 2.56206940e-02 5.82386115e-02 9.23389083e-02 1.18522773e-01 1.50019480e-01 1.85245154e-01 2.21717854e-01 2.57689531e-01 2.94429142e-01 3.24447704e-01 3.54053459e-01 3.82858535e-01 3.93173037e-01 3.86378431e-01 3.59579008e-01 3.07762874e-01 2.57738484e-01 2.16883749e-01 1.92878349e-01 1.74631310e-01 1.49839175e-01 1.18462526e-01 7.00980356e-02 1.93640306e-02 -3.17113283e-02 -9.04225316e-02 -1.42857213e-01 -1.85628915e-01 -2.31777127e-01 -2.62816870e-01 -2.88384338e-01 -3.00576367e-01 -3.08135230e-01 -3.13063580e-01 -3.22299038e-01 -3.32565302e-01 -3.61836291e-01 -3.94372162e-01 -4.10966755e-01 -4.07310971e-01 -4.00611789e-01 -4.03871840e-01 -3.90352780e-01 -3.48257612e-01 -3.12999884e-01 -2.74952984e-01 -2.07117611e-01 -1.53047672e-01 -9.50971733e-02 -6.08322694e-02 -5.64879633e-02 -8.13222500e-02 -1.02067025e-01 -1.02568119e-01 -1.98609674e-01 -1.26696708e-01 5.09928480e-01
2.49000000e+01 4.19923610e-02 5.01254047e-03 3.24739310e-02 2.20764345e-02 2.34153189e-02 3.09240003e-02 3.06769991e-02 3.87938340e-02 4.85300696e-02 4.94387494e-02 6.23076613e-02 6.38776921e-02 7.01440557e-02 9.13200851e-02 4.93215982e-02 1.35282630e-01 5.52272346e-02 1.18338202e-01 9.67953022e-02 1.00951038e-01 1.06038851e-01 1.27854984e-01 1.32073265e-01 1.52028648e-01 1.65322569e-01 1.78239413e-01 1.79557942e-01 1.71789148e-01 1.53194754e-01 1.27121410e-01 9.28871279e-02 6.05792230e-02 3.39315207e-02 9.74548987e-03 -1.69431190e-02 -3.38387121e-02 -5.21243078e-02 -6.88671340e-02 -7.83403939e-02 -7.98583937e-02 -6.20608015e-02 -4.41675879e-02 -9.75801902e-03 2.83074522e-02 6.01290883e-02 9.38861570e-02 1.19934817e-01 1.51500953e-01 1.86594519e-01 2.22854024e-01 2.58635275e-01 2.95373188e-01 3.25169437e-01 3.54517135e-01 3.83068491e-01 3.91847634e-01 3.83254085e-01 3.53965020e-01 3.00805890e-01 2.51249550e-01 2.11922144e-01 1.89648614e-01 1.72171671e-01 1.47597550e-01 1.16104187e-01 6.79361010e-02 1.83367859e-02 -3.27908182e-02 -9.13460164e-02 -1.43320677e-01 -1.85659568e-01 -2.31843620e-01 -2.61344446e-01 -2.86479249e-01 -2.97262298e-01 -3.03707603e-01 -3.08882209e-01 -3.19268698e-01 -3.31533106e-01 -3.63303834e-01 -3.96613921e-01 -4.11996356e-01 -4.08182230e-01 -4.03238768e-01 -4.07876116e-01 -3.92266759e-01 -3.52526433e-01 -3.18315648e-01 -2.77614718e-01 -2.10663455e-01 -1.54916316e-01 -9.54768343e-02 -5.99958219e-02 -5.36712822e-02 -7.64213733e-02 -9.67878219e-02 -9.65049848e-02 -1.93504577e-01 -1.16423980e-01 5.17061466e-01
2.50000000e+01 4.41624117e-02 5.17391158e-03 3.27518930e-02 2.27443538e-02 2.41198335e-02 3.09200383e-02 3.08082548e-02 3.86737402e-02 4.87353786e-02 4.86993739e-02 6.31131097e-02 6.36840678e-02 6.97638636e-02 9.30692594e-02 5.00859250e-02 1.36187948e-01 5.70897913e-02 1.19617997e-01 9.92259771e-02 1.02040191e-01 1.07229203e-01 1.28581480e-01 1.32388872e-01 1.51645534e-01 1.64081262e-01 1.76143467e-01 1.77177422e-01 1.68701038e-01 1.50026717e-01 1.24281324e-01 8.99430137e-02 5.85956188e-02 3.26596272e-02 8.96668252e-03 -1.75979420e-02 -3.38104830e-02 -5.23225765e-02 -6.86323118e-02 -7.79216898e-02 -7.88301767e-02 -6.03157548e-02 -4.16636619e-02 -7.08154413e-03 3.09523720e-02 6.19786971e-02 9.53436796e-02 1.21380868e-01 1.52969958e-01 1.87962746e-01 2.23971352e-01 2.59587928e-01 2.96283516e-01 3.25885519e-01 3.54962496e-01 3.83206414e-01 3.90426175e-01 3.79971561e-01 3.48182484e-01 2.93840470e-01 2.44818804e-01 2.07129053e-01 1.86533978e-01 1.69725241e-01 1.45309631e-01 1.13681092e-01 6.58147493e-02 1.72987606e-02 -3.38997679e-02 -9.22500875e-02 -1.43744553e-01 -1.85750326e-01 -2.31844853e-01 -2.59868213e-01 -2.84572233e-01 -2.93894188e-01 -2.99290924e-01 -3.04719053e-01 -3.16314144e-01 -3.30586551e-01 -3.64790837e-01 -3.98694325e-01 -4.12832000e-01 -4.09072659e-01 -4.05948168e-01 -4.11697070e-01 -3.94039812e-01 -3.56932840e-01 -3.23452004e-01 -2.80158185e-01 -2.14338101e-01 -1.56674251e-01 -9.58893252e-02 -5.92110231e-02 -5.07344218e-02 -7.15732316e-02 -9.15285318e-02 -9.05533148e-02 -1.88424694e-01 -1.06293802e-01 5.24033048e-01
2.51000000e+01 4.63271701e-02 5.32833693e-03 3.30597681e-02 2.34179471e-02 2.48487356e-02 3.08900997e-02 3.09933704e-02 3.85357225e-02 4.89307648e-02 4.80564891e-02 6.37989843e-02 6.35458324e-02 6.93784754e-02 9.47774210e-02 5.08482177e-02 1.37086396e-01 5.88849057e-02 1.20863394e-01 1.01667077e-01 1.03162979e-01 1.08461584e-01 1.29308369e-01 1.32739783e-01 1.51267065e-01 1.62842474e-01 1.73993522e-01 1.74718719e-01 1.65552296e-01 1.46796834e-01 1.21390266e-01 8.70261815e-02 5.66400453e-02 3.14287496e-02 8.18216596e-03 -1.81856422e-02 -3.37787553e-02 -5.24882294e-02 -6.83552183e-02 -7.74362883e-02 -7.76845628e-02 -5.85416576e-02 -3.90608636e-02 -4.41119549e-03 3.35480147e-02 6.37920742e-02 9.67125503e-02 1.22864948e-01 1.54424376e-01 1.89349066e-01 2.25071118e-01 2.60547416e-01 2.97158615e-01 3.26596736e-01 3.55389257e-01 3.83264538e-01 3.88906820e-01 3.76525187e-01 3.42238139e-01 2.86879950e-01 2.38457102e-01 2.02508933e-01 1.83525752e-01 1.67283248e-01 1.42972161e-01 1.11197888e-01 6.37395454e-02 1.62426273e-02 -3.50369147e-02 -9.31324998e-02 -1.44130239e-01 -1.85903459e-01 -2.31769794e-01 -2.58397736e-01 -2.82654492e-01 -2.90471861e-01 -2.94896665e-01 -3.00582790e-01 -3.13440436e-01 -3.29726075e-01 -3.66283561e-01 -4.00598853e-01 -4.13492247e-01 -4.09994147e-01 -4.08730507e-01 -4.15310696e-01 -3.95711114e-01 -3.61463965e-01 -3.28379941e-01 -2.82618863e-01 -2.18106778e-01 -1.58325054e-01 -9.63370736e-02 -5.84706848e-02 -4.76739201e-02 -6.68051590e-02 -8.62739241e-02 -8.47316462e-02 -1.83367634e-01 -9.63064459e-02 5.30848727e-01
2.52000000e+01 4.84823475e-02 5.47885231e-03 3.33983423e-02 2.40980579e-02 2.55986303e-02 3.08375072e-02 3.12264964e-02 3.83908596e-02 4.91036239e-02 4.75269604e-02 6.43485373e-02 6.34683283e-02 6.90057469e-02 9.64234823e-02 5.16108094e-02 1.37990011e-01 6.06008997e-02 1.22082244e-01 1.04107402e-01 1.04325942e-01 1.09730604e-01 1.30038362e-01 1.33122505e-01 1.50891464e-01 1.61607197e-01 1.71793216e-01 1.72179998e-01 1.62347377e-01 1.43506576e-01 1.18447661e-01 8.41433442e-02 5.47108324e-02 3.02388525e-02 7.38927212e-03 -1.87052815e-02 -3.37477400e-02 -5.26195515e-02 -6.80356102e-02 -7.68822927e-02 -7.64210450e-02 -5.67379695e-02 -3.63664326e-02 -1.74632321e-03 3.60871466e-02 6.55736463e-02 9.79950967e-02 1.24389922e-01 1.55862594e-01 1.90751890e-01 2.26155290e-01 2.61513073e-01 2.97997679e-01 3.27303541e-01 3.55797018e-01 3.83235010e-01 3.87287471e-01 3.72909700e-01 3.36139826e-01 2.79937245e-01 2.32175775e-01 1.98064884e-01 1.80614414e-01 1.64837320e-01 1.40582737e-01 1.08660030e-01 6.17146224e-02 1.51617328e-02 -3.62008202e-02 -9.39912115e-02 -1.44480093e-01 -1.86119487e-01 -2.31609200e-01 -2.56942061e-01 -2.80716313e-01 -2.86996274e-01 -2.90535997e-01 -2.96482347e-01 -3.10651813e-01 -3.28951892e-01 -3.67767158e-01 -4.02314826e-01 -4.13997555e-01 -4.10956632e-01 -4.11573583e-01 -4.18696457e-01 -3.97321101e-01 -3.66101619e-01 -3.33075283e-01 -2.85031811e-01 -2.21931591e-01 -1.59875532e-01 -9.68215687e-02 -5.77651910e-02 -4.44907110e-02 -6.21415482e-02 -8.10101577e-02 -7.90578090e-02 -1.78331267e-01 -8.64612116e-02 5.37513382e-01
2.53000000e+01 5.06237952e-02 5.62833506e-03 3.37682911e-02 2.47861580e-02 2.63649999e-02 3.07667721e-02 3.15008402e-02 3.82505614e-02 4.92424499e-02 4.71245248e-02 6.47486975e-02 6.34550600e-02 6.86629625e-02 9.79878230e-02 5.23753927e-02 1.38909969e-01 6.22275483e-02 1.23281490e-01 1.06536699e-01 1.05534870e-01 1.11030731e-01 1.30774597e-01 1.33533154e-01 1.50516987e-01 1.60376178e-01 1.69546284e-01 1.69559827e-01 1.59090558e-01 1.40157639e-01 1.15453419e-01 8.13005847e-02 5.28065257e-02 2.90894363e-02 6.58625770e-03 -1.91569045e-02 -3.37211405e-02 -5.27147962e-02 -6.76733052e-02 -7.62575890e-02 -7.50400494e-02 -5.49032787e-02 -3.35886315e-02 9.14158873e-04 3.85628527e-02 6.73275059e-02 9.91949833e-02 1.25957371e-01 1.57283626e-01 1.92168803e-01 2.27226487e-01 2.62483687e-01 2.98800568e-01 3.28006076e-01 3.56185209e-01 3.83110007e-01 3.85565666e-01 3.69120365e-01 3.29896458e-01 2.73024798e-01 2.25986592e-01 1.93798569e-01 1.77789732e-01 1.62379553e-01 1.38139824e-01 1.06073722e-01 5.97425485e-02 1.40502562e-02 -3.73898973e-02 -9.48244819e-02 -1.44797410e-01 -1.86397056e-01 -2.31355829e-01 -2.55509387e-01 -2.78747329e-01 -2.83469565e-01 -2.86219644e-01 -2.92426852e-01 -3.07951718e-01 -3.28263977e-01 -3.69225780e-01 -4.03831693e-01 -4.14369835e-01 -4.11968026e-01 -4.14462642e-01 -4.21837876e-01 -3.98910432e-01 -3.70822701e-01 -3.37519320e-01 -2.87430457e-01 -2.25772631e-01 -1.61335221e-01 -9.73433490e-02 -5.70826176e-02 -4.11903493e-02 -5.76031963e-02 -7.57254706e-02 -7.35484150e-02 -1.73313916e-01 -7.67564517e-02 5.44031279e-01
2.54000000e+01 5.27475524e-02 5.77941372e-03 3.41702658e-02 2.54842405e-02 2.71423211e-02 3.06834701e-02 3.18088758e-02 3.81262218e-02 4.93372691e-02 4.68593038e-02 6.49904925e-02 6.35076828e-02 6.83663409e-02 9.94528340e-02 5.31428826e-02 1.39856411e-01 6.37563284e-02 1.24466876e-01 1.08945945e-01 1.06794546e-01 1.12356499e-01 1.31520478e-01 1.33967595e-01 1.50141874e-01 1.59149963e-01 1.67256481e-01 1.66857223e-01 1.55785907e-01 1.36751970e-01 1.12407973e-01 7.85032605e-02 5.09259619e-02 2.79794470e-02 5.77235345e-03 -1.95415585e-02 -3.37021021e-02 -5.27721731e-02 -6.72682264e-02 -7.55598175e-02 -7.35429534e-02 -5.30353328e-02 -3.07366232e-02 3.57163474e-03 4.09686573e-02 6.90573010e-02 1.00317267e-01 1.27567498e-01 1.58687204e-01 1.93596602e-01 2.28287885e-01 2.63457573e-01 2.99567744e-01 3.28704202e-01 3.56553011e-01 3.82881876e-01 3.83738478e-01 3.65153099e-01 3.23517964e-01 2.66154553e-01 2.19901688e-01 1.89710145e-01 1.75040899e-01 1.59902568e-01 1.35642773e-01 1.03445825e-01 5.78242505e-02 1.29033244e-02 -3.86024256e-02 -9.56309635e-02 -1.45086357e-01 -1.86732879e-01 -2.31004587e-01 -2.54106772e-01 -2.76736797e-01 -2.79895064e-01 -2.81957745e-01 -2.88425584e-01 -3.05342821e-01 -3.27662024e-01 -3.70642730e-01 -4.05141274e-01 -4.14631960e-01 -4.13034187e-01 -4.17380594e-01 -4.24723045e-01 -4.00518924e-01 -3.75599747e-01 -3.41699256e-01 -2.89845457e-01 -2.29589134e-01 -1.62715820e-01 -9.79020059e-02 -5.64089412e-02 -3.77830803e-02 -5.32067899e-02 -7.04107843e-02 -6.82183910e-02 -1.68314522e-01 -6.71896128e-02 5.50406093e-01
2.55000000e+01 5.48498902e-02 5.93438586e-03 3.46049804e-02 2.61946931e-02 2.79242239e-02 3.05940730e-02 3.21425806e-02 3.80288789e-02 4.93800058e-02 4.67374369e-02 6.50693453e-02 6.36260462e-02 6.81305617e-02 1.00803422e-01 5.39132904e-02 1.40838305e-01 6.51806247e-02 1.25642717e-01 1.11327548e-01 1.08108520e-01 1.13702711e-01 1.32279505e-01 1.34421589e-01 1.49764299e-01 1.57928928e-01 1.64927514e-01 1.64071697e-01 1.52437249e-01 1.33291786e-01 1.09312319e-01 7.57559262e-02 4.90683260e-02 2.69072038e-02 4.94778171e-03 -1.98612832e-02 -3.36931668e-02 -5.27898533e-02 -6.68204266e-02 -7.47863676e-02 -7.19320693e-02 -5.11311003e-02 -2.78203328e-02 6.22763916e-03 4.32986473e-02 7.07661439e-02 1.01368419e-01 1.29219047e-01 1.60073841e-01 1.95031365e-01 2.29343113e-01 2.64432659e-01 3.00300202e-01 3.29397541e-01 3.56899268e-01 3.82543275e-01 3.81802423e-01 3.61004585e-01 3.17015237e-01 2.59337944e-01 2.13933466e-01 1.85798223e-01 1.72356669e-01 1.57399562e-01 1.33091801e-01 1.00783745e-01 5.59590031e-02 1.17170809e-02 -3.98365577e-02 -9.64097757e-02 -1.45351864e-01 -1.87121750e-01 -2.30552619e-01 -2.52739859e-01 -2.74673901e-01 -2.76277260e-01 -2.77759748e-01 -2.84487901e-01 -3.02827072e-01 -3.27145404e-01 -3.72000668e-01 -4.06237971e-01 -4.14807263e-01 -4.14158916e-01 -4.20308288e-01 -4.27345022e-01 -4.02184489e-01 -3.80401638e-01 -3.45608482e-01 -2.92303670e-01 -2.33340623e-01 -1.64030564e-01 -9.84961980e-02 -5.57283352e-02 -3.42837496e-02 -4.89645454e-02 -6.50602005e-02 -6.30805708e-02 -1.63332784e-01 -5.77572929e-02 5.56640938e-01
2.56000000e+01 5.69273512e-02 6.09514652e-03 3.50732919e-02 2.69201546e-02 2.87036859e-02 3.05057443e-02 3.24936919e-02 3.79688962e-02 4.93647710e-02 4.67608511e-02 6.49852329e-02 6.38082915e-02 6.79683256e-02 1.02027459e-01 5.46856129e-02 1.41863327e-01 6.64958902e-02 1.26811761e-01 1.13675471e-01 1.09478952e-01 1.15064628e-01 1.33055092e-01 1.34890956e-01 1.49382332e-01 1.56713292e-01 1.62562983e-01 1.61203306e-01 1.49048146e-01 1.29779582e-01 1.06168041e-01 7.30622719e-02 4.72331883e-02 2.58703473e-02 4.11374509e-03 -2.01190713e-02 -3.36962300e-02 -5.27659985e-02 -6.63300874e-02 -7.39343977e-02 -7.02105917e-02 -4.91868649e-02 -2.48502934e-02 8.88370683e-03 4.55476026e-02 7.24565396e-02 1.02356303e-01 1.30909279e-01 1.61444839e-01 1.96468574e-01 2.30396104e-01 2.65406586e-01 3.00999379e-01 3.30085514e-01 3.57222396e-01 3.82087313e-01 3.79753381e-01 3.56672389e-01 3.10400057e-01 2.52585910e-01 2.08094459e-01 1.82059847e-01 1.69725496e-01 1.54864362e-01 1.30487980e-01 9.80952908e-02 5.41444863e-02 1.04887093e-02 -4.10903216e-02 -9.71605586e-02 -1.45599494e-01 -1.87556616e-01 -2.29999325e-01 -2.51412649e-01 -2.72548072e-01 -2.72621718e-01 -2.73634317e-01 -2.80623175e-01 -3.00405755e-01 -3.26713096e-01 -3.73281834e-01 -4.07118932e-01 -4.14919025e-01 -4.15343991e-01 -4.23224848e-01 -4.29702118e-01 -4.03942114e-01 -3.85194411e-01 -3.49246632e-01 -2.94827265e-01 -2.36988030e-01 -1.65293579e-01 -9.91236707e-02 -5.50235499e-02 -3.07115513e-02 -4.48840189e-02 -5.96713730e-02 -5.81453601e-02 -1.58369264e-01 -4.84553181e-02 5.62738402e-01
2.57000000e+01 5.89767813e-02 6.26313010e-03 3.55762728e-02 2.76633613e-02 2.94732574e-02 3.04261051e-02 3.28539741e-02 3.79556724e-02 4.92880651e-02 4.69271722e-02 6.47426986e-02 6.40510012e-02 6.78899636e-02 1.03116158e-01 5.54577476e-02 1.42937770e-01 6.76997614e-02 1.27975107e-01 1.15985264e-01 1.10906496e-01 1.16438133e-01 1.33850390e-01 1.35371728e-01 1.48993918e-01 1.55503104e-01 1.60166328e-01 1.58252691e-01 1.45621864e-01 1.26218126e-01 1.02977337e-01 7.04250798e-02 4.54205217e-02 2.48658090e-02 3.27239032e-03 -2.03188064e-02 -3.37125008e-02 -5.26988185e-02 -6.57974874e-02 -7.30008851e-02 -6.83825090e-02 -4.71983523e-02 -2.18374804e-02 1.15412211e-02 4.77111294e-02 7.41303385e-02 1.03290105e-01 1.32633989e-01 1.62802262e-01 1.97903263e-01 2.31450934e-01 2.66376820e-01 3.01667072e-01 3.30767378e-01 3.57520308e-01 3.81507670e-01 3.77586545e-01 3.52155057e-01 3.03685010e-01 2.45908917e-01 2.02397167e-01 1.78490510e-01 1.67135669e-01 1.52291477e-01 1.27833186e-01 9.53885056e-02 5.23769061e-02 9.21641583e-03 -4.23616226e-02 -9.78834981e-02 -1.45835280e-01 -1.88028737e-01 -2.29346326e-01 -2.50127292e-01 -2.70349301e-01 -2.68934976e-01 -2.69589273e-01 -2.76840715e-01 -2.98079547e-01 -3.26363610e-01 -3.74468327e-01 -4.07784154e-01 -4.14989963e-01 -4.16589225e-01 -4.26108062e-01 -4.31798050e-01 -4.05822900e-01 -3.89942184e-01 -3.52619457e-01 -2.97433006e-01 -2.40494732e-01 -1.66519227e-01 -9.97812790e-02 -5.42763684e-02 -2.70896206e-02 -4.09680886e-02 -5.42457438e-02 -5.34204857e-02 -1.53425458e-01 -3.92788370e-02 5.68700592e-01
2.58000000e+01 6.09953545e-02 6.43926756e-03 3.61152693e-02 2.84269883e-02 3.02253063e-02 3.03629777e-02 3.32154884e-02 3.79973893e-02 4.91488886e-02 4.72297845e-02 6.43507188e-02 6.43493945e-02 6.79031079e-02 1.04064365e-01 5.62264416e-02 1.44066466e-01 6.87921290e-02 1.29132202e-01 1.18254040e-01 1.12390241e-01 1.17819866e-01 1.34668119e-01 1.35860292e-01 1.48596871e-01 1.54298217e-01 1.57740795e-01 1.55221133e-01 1.42161352e-01 1.22610448e-01 9.97430394e-02 6.78461966e-02 4.36307000e-02 2.38898058e-02 2.42675100e-03 -2.04651825e-02 -3.37424619e-02 -5.25866583e-02 -6.52229426e-02 -7.19827015e-02 -6.64524829e-02 -4.51608844e-02 -1.87931336e-02 1.42012643e-02 4.97857984e-02 7.57887126e-02 1.04180215e-01 1.34387578e-01 1.64148858e-01 1.99330208e-01 2.32511640e-01 2.67340763e-01 3.02305354e-01 3.31442249e-01 3.57790354e-01 3.80798692e-01 3.75296395e-01 3.47452213e-01 2.96883398e-01 2.39317000e-01 1.96853864e-01 1.75084191e-01 1.64575436e-01 1.49676158e-01 1.25130041e-01 9.26714830e-02 5.06511696e-02 7.89937471e-03 -4.36482496e-02 -9.85793253e-02 -1.46065548e-01 -1.88527905e-01 -2.28597372e-01 -2.48883933e-01 -2.68068461e-01 -2.65224393e-01 -2.65631559e-01 -2.73149684e-01 -2.95848593e-01 -3.26094903e-01 -3.75542402e-01 -4.08236528e-01 -4.15041744e-01 -4.17892546e-01 -4.28934818e-01 -4.33641955e-01 -4.07853198e-01 -3.94608150e-01 -3.55738485e-01 -3.00131722e-01 -2.43827493e-01 -1.67721475e-01 -1.00465008e-01 -5.34681258e-02 -2.34444807e-02 -3.72151127e-02 -4.87886343e-02 -4.89108356e-02 -1.48503822e-01 -3.02224333e-02 5.74529185e-01
2.59000000e+01 6.29805890e-02 6.62396073e-03 3.66919444e-02 2.92134919e-02 3.09522778e-02 3.03241167e-02 3.35708565e-02 3.81008022e-02 4.89487598e-02 4.76580360e-02 6.38224300e-02 6.46975597e-02 6.80124372e-02 1.04870752e-01 5.69872828e-02 1.45252727e-01 6.97751605e-02 1.30280904e-01 1.20480390e-01 1.13927704e-01 1.19207324e-01 1.35510412e-01 1.36353503e-01 1.48188887e-01 1.53098243e-01 1.55289407e-01 1.52110581e-01 1.38669217e-01 1.18959821e-01 9.64686229e-02 6.53265226e-02 4.18644784e-02 2.29378590e-02 1.58067172e-03 -2.05636135e-02 -3.37858274e-02 -5.24281091e-02 -6.46067210e-02 -7.08767127e-02 -6.44257020e-02 -4.30695565e-02 -1.57285698e-02 1.68644710e-02 5.17692822e-02 7.74321562e-02 1.05038052e-01 1.36163184e-01 1.65487940e-01 2.00744124e-01 2.33582028e-01 2.68295878e-01 3.02916490e-01 3.32109113e-01 3.58029285e-01 3.79955451e-01 3.72876700e-01 3.42564638e-01 2.90009147e-01 2.32819801e-01 1.91476380e-01 1.71833436e-01 1.62033125e-01 1.47014465e-01 1.22381838e-01 8.99521804e-02 4.89611008e-02 6.53764557e-03 -4.49478890e-02 -9.92492897e-02 -1.46296717e-01 -1.89042721e-01 -2.27758189e-01 -2.47680594e-01 -2.65697596e-01 -2.61497988e-01 -2.61767228e-01 -2.69559022e-01 -2.93712574e-01 -3.25904284e-01 -3.76486795e-01 -4.08481818e-01 -4.15094518e-01 -4.19250100e-01 -4.31681587e-01 -4.35248257e-01 -4.10053856e-01 -3.99155621e-01 -3.58620507e-01 -3.02927986e-01 -2.46957262e-01 -1.68913299e-01 -1.01169993e-01 -5.25802781e-02 -1.98053625e-02 -3.36192508e-02 -4.33091921e-02 -4.46183953e-02 -1.43607751e-01 -2.12802553e-02 5.80225483e-01
2.60000000e+01 6.49303557e-02 6.81707500e-03 3.73083019e-02 3.00249586e-02 3.16469569e-02 3.03169348e-02 3.39135084e-02 3.82710809e-02 4.86916384e-02 4.81975822e-02 6.31747294e-02 6.50887136e-02 6.82195072e-02 1.05537896e-01 5.77347400e-02 1.46498292e-01 7.06532765e-02 1.31417592e-01 1.22664260e-01 1.15514859e-01 1.20598923e-01 1.36378697e-01 1.36848770e-01 1.47767579e-01 1.51902513e-01 1.52814945e-01 1.48923690e-01 1.35147714e-01 1.15269733e-01 9.31582164e-02 6.28660169e-02 4.01229559e-02 2.20048421e-02 7.38714079e-04 -2.06201369e-02 -3.38415014e-02 -5.22221316e-02 -6.39489393e-02 -6.96798953e-02 -6.23077174e-02 -4.09194341e-02 -1.26549876e-02 1.95308873e-02 5.36604886e-02 7.90605096e-02 1.05875848e-01 1.37952872e-01 1.66823222e-01 2.02139886e-01 2.34665489e-01 2.69239807e-01 3.03502867e-01 3.32766812e-01 3.58233255e-01 3.78973765e-01 3.70320555e-01 3.37494348e-01 2.83076705e-01 2.26426620e-01 1.86275874e-01 1.68729453e-01 1.59497255e-01 1.44303336e-01 1.19592438e-01 8.72382345e-02 4.72996819e-02 5.13206831e-03 -4.62581474e-02 -9.98951133e-02 -1.46535098e-01 -1.89560928e-01 -2.26836297e-01 -2.46513113e-01 -2.63230191e-01 -2.57764245e-01 -2.58001459e-01 -2.66077362e-01 -2.91670775e-01 -3.25788328e-01 -3.77285055e-01 -4.08528578e-01 -4.15166494e-01 -4.20656367e-01 -4.34324937e-01 -4.36636393e-01 -4.12439602e-01 -4.03549092e-01 -3.61286881e-01 -3.05820015e-01 -2.49859831e-01 -1.70106147e-01 -1.01890531e-01 -5.15950035e-02 -1.62034158e-02 -3.01709385e-02 -3.78201949e-02 -4.05422817e-02 -1.38741517e-01 -1.24461593e-02 5.85790477e-01
2.61000000e+01 6.68428796e-02 7.01795085e-03 3.79666906e-02 3.08629672e-02 3.23027276e-02 3.03482350e-02 3.42379084e-02 3.85117011e-02 4.83837589e-02 4.88308550e-02 6.24277669e-02 6.55154778e-02 6.85226759e-02 1.06072248e-01 5.84622547e-02 1.47803297e-01 7.14330757e-02 1.32537327e-01 1.24806809e-01 1.17146209e-01 1.21994024e-01 1.37273591e-01 1.37344116e-01 1.47330516e-01 1.50710033e-01 1.50319937e-01 1.45663827e-01 1.31598740e-01 1.11543857e-01 8.98165981e-02 6.04637207e-02 3.84075206e-02 2.10850599e-02 -9.39564390e-05 -2.06413150e-02 -3.39075418e-02 -5.19681763e-02 -6.32494513e-02 -6.83894628e-02 -6.01042685e-02 -3.87057603e-02 -9.58326674e-03 2.21998398e-02 5.54596787e-02 8.06730072e-02 1.06706383e-01 1.39747867e-01 1.68158633e-01 2.03512748e-01 2.35764820e-01 2.70170485e-01 3.04066927e-01 3.33414031e-01 3.58397844e-01 3.77850193e-01 3.67620445e-01 3.32244645e-01 2.76100945e-01 2.20146454e-01 1.81262587e-01 1.65762241e-01 1.56956647e-01 1.41540665e-01 1.16766165e-01 8.45367925e-02 4.56593077e-02 3.68414412e-03 -4.75765848e-02 -1.00518930e-01 -1.46786675e-01 -1.90069774e-01 -2.25840771e-01 -2.45375149e-01 -2.60661396e-01 -2.54031924e-01 -2.54338593e-01 -2.62712944e-01 -2.89722165e-01 -3.25742786e-01 -3.77921889e-01 -4.08387993e-01 -4.15273561e-01 -4.22104307e-01 -4.36842066e-01 -4.37830407e-01 -4.15018578e-01 -4.07755288e-01 -3.63762701e-01 -3.08799781e-01 -2.52516310e-01 -1.71309473e-01 -1.02620099e-01 -5.04958153e-02 -1.26708398e-02 -2.68574932e-02 -3.23377222e-02 -3.66788707e-02 -1.33910168e-01 -3.71386327e-03 5.91224903e-01
2.62000000e+01 6.87167366e-02 7.22543425e-03 3.86697876e-02 3.17284684e-02 3.29138167e-02 3.04239585e-02 3.45397482e-02 3.88243913e-02 4.80333805e-02 4.95376395e-02 6.16043482e-02 6.59701588e-02 6.89171317e-02 1.06483976e-01 5.91623860e-02 1.49166250e-01 7.21232101e-02 1.33634052e-01 1.26910248e-01 1.18814899e-01 1.23392921e-01 1.38194837e-01 1.37838194e-01 1.46875263e-01 1.49519473e-01 1.47806644e-01 1.42335070e-01 1.28023847e-01 1.07786015e-01 8.64491789e-02 5.81177981e-02 3.67197800e-02 2.01723589e-02 -9.11704450e-04 -2.06341334e-02 -3.39811419e-02 -5.16662833e-02 -6.25077388e-02 -6.70029945e-02 -5.78211084e-02 -3.64241728e-02 -6.52376364e-03 2.48698213e-02 5.71685584e-02 8.22683465e-02 1.07542695e-01 1.41538841e-01 1.69498103e-01 2.04858544e-01 2.36882060e-01 2.71086242e-01 3.04611113e-01 3.34049251e-01 3.58518101e-01 3.76581985e-01 3.64768343e-01 3.26820168e-01 2.69097069e-01 2.13988030e-01 1.76445610e-01 1.62920732e-01 1.54400532e-01 1.38725366e-01 1.13907686e-01 8.18543618e-02 4.40320378e-02 2.19591104e-03 -4.89007588e-02 -1.01123220e-01 -1.47056894e-01 -1.90556396e-01 -2.24781970e-01 -2.44258258e-01 -2.57988201e-01 -2.50309859e-01 -2.50782186e-01 -2.59473537e-01 -2.87865464e-01 -3.25762511e-01 -3.78383498e-01 -4.08073665e-01 -4.15428967e-01 -4.23585514e-01 -4.39211336e-01 -4.38858397e-01 -4.17792052e-01 -4.11744167e-01 -3.66075834e-01 -3.11853333e-01 -2.54913436e-01 -1.72530353e-01 -1.03351361e-01 -4.92681699e-02 -9.23995882e-03 -2.36638286e-02 -2.68807078e-02 -3.30220137e-02 -1.29119379e-01 4.92289202e-03 5.96529315e-01
2.63000000e+01 7.05508444e-02 7.43792524e-03 3.94205605e-02 3.26216884e-02 3.34755156e-02 3.05489590e-02 3.48161026e-02 3.92091339e-02 4.76504627e-02 5.02957368e-02 6.07292703e-02 6.64450215e-02 6.93950279e-02 1.06786689e-01 5.98270050e-02 1.50584040e-01 7.27342070e-02 1.34700823e-01 1.28977668e-01 1.20512862e-01 1.24796795e-01 1.39141268e-01 1.38330286e-01 1.46399422e-01 1.48329160e-01 1.45277041e-01 1.38942183e-01 1.24424265e-01 1.04000153e-01 8.30619630e-02 5.58255956e-02 3.50614783e-02 1.92602716e-02 -1.70858083e-03 -2.06058933e-02 -3.40586420e-02 -5.13171413e-02 -6.17228164e-02 -6.55185583e-02 -5.54638360e-02 -3.40709180e-02 -3.48611043e-03 2.75384012e-02 5.87903324e-02 8.38447813e-02 1.08397760e-01 1.43316218e-01 1.70845342e-01 2.06173877e-01 2.38018367e-01 2.71985891e-01 3.05137827e-01 3.34670717e-01 3.58588617e-01 3.75167014e-01 3.61755831e-01 3.21226911e-01 2.62080515e-01 2.07959835e-01 1.71832644e-01 1.60192944e-01 1.51818664e-01 1.35857426e-01 1.11021894e-01 7.91966834e-02 4.24098383e-02 6.69822352e-04 -5.02282799e-02 -1.01710742e-01 -1.47350450e-01 -1.91008211e-01 -2.23671227e-01 -2.43152039e-01 -2.55209551e-01 -2.46606764e-01 -2.47335076e-01 -2.56366359e-01 -2.86099216e-01 -3.25841390e-01 -3.78657909e-01 -4.07601336e-01 -4.15643065e-01 -4.25090385e-01 -4.41412806e-01 -4.39751841e-01 -4.20754315e-01 -4.15489838e-01 -3.68255875e-01 -3.14961316e-01 -2.57043686e-01 -1.73773197e-01 -1.04076181e-01 -4.79000459e-02 -5.94227593e-03 -2.05732498e-02 -2.14703909e-02 -2.95633315e-02 -1.24375286e-01 1.34701801e-02 6.01704144e-01
2.64000000e+01 7.23444500e-02 7.65344319e-03 4.02222073e-02 3.35420601e-02 3.39843705e-02 3.07268133e-02 3.50655397e-02 3.96642204e-02 4.72462792e-02 5.10816914e-02 5.98286119e-02 6.69325449e-02 6.99457231e-02 1.06997040e-01 6.04475315e-02 1.52051956e-01 7.32782417e-02 1.35730062e-01 1.31012869e-01 1.22230994e-01 1.26207638e-01 1.40110801e-01 1.38820271e-01 1.45900663e-01 1.47137107e-01 1.42732798e-01 1.35490583e-01 1.20800940e-01 1.00190322e-01 7.96614821e-02 5.35837210e-02 3.34344027e-02 1.83421885e-02 -2.47850087e-03 -2.05640908e-02 -3.41355841e-02 -5.09220946e-02 -6.08931628e-02 -6.39348214e-02 -5.30377457e-02 -3.16430551e-02 -4.79022534e-04 3.02021701e-02 6.03297067e-02 8.54002357e-02 1.09284172e-01 1.45070508e-01 1.72203628e-01 2.07456266e-01 2.39173927e-01 2.72868775e-01 3.05649400e-01 3.35276385e-01 3.58603589e-01 3.73603690e-01 3.58574258e-01 3.15472230e-01 2.55066863e-01 2.02070130e-01 1.67429788e-01 1.57566152e-01 1.49201433e-01 1.32937935e-01 1.08113791e-01 7.65686312e-02 4.07848009e-02 -8.91364286e-04 -5.15568755e-02 -1.02284475e-01 -1.47671088e-01 -1.91413289e-01 -2.22520512e-01 -2.42044359e-01 -2.52326407e-01 -2.42931055e-01 -2.43999469e-01 -2.53398000e-01 -2.84421859e-01 -3.25972296e-01 -3.78735282e-01 -4.06988547e-01 -4.15923132e-01 -4.26608309e-01 -4.43428752e-01 -4.40544803e-01 -4.23892789e-01 -4.18971364e-01 -3.70333050e-01 -3.18099661e-01 -2.58905222e-01 -1.75039560e-01 -1.04785640e-01 -4.63824765e-02 -2.80753548e-03 -1.75682990e-02 -1.61296891e-02 -2.62925746e-02 -1.19684282e-01 2.19337279e-02 6.06749759e-01
2.65000000e+01 7.40971118e-02 7.86970686e-03 4.10780762e-02 3.44881864e-02 3.44383354e-02 3.09596740e-02 3.52881823e-02 4.01863583e-02 4.68329852e-02 5.18715593e-02 5.89289974e-02 6.74256490e-02 7.05561211e-02 1.07134232e-01 6.10152066e-02 1.53563740e-01 7.37688591e-02 1.36713843e-01 1.33020172e-01 1.23959361e-01 1.27628139e-01 1.41100471e-01 1.39308568e-01 1.45376741e-01 1.45941057e-01 1.40175252e-01 1.31986296e-01 1.17154575e-01 9.63606824e-02 7.62546980e-02 5.13881406e-02 3.18402829e-02 1.74115554e-02 -3.21544189e-03 -2.05162800e-02 -3.42068190e-02 -5.04830879e-02 -6.00166884e-02 -6.22511420e-02 -5.05477013e-02 -2.91386369e-02 2.48987453e-03 3.28567272e-02 6.17928335e-02 8.69324414e-02 1.10213805e-01 1.46792645e-01 1.73575601e-01 2.08704261e-01 2.40347906e-01 2.73734793e-01 3.06148075e-01 3.35863888e-01 3.58556909e-01 3.71890846e-01 3.55214923e-01 3.09564816e-01 2.48071759e-01 1.96326959e-01 1.63241345e-01 1.55027055e-01 1.46539986e-01 1.29969081e-01 1.05188382e-01 7.39741365e-02 3.91493368e-02 -2.48468145e-03 -5.28844605e-02 -1.02847569e-01 -1.48021437e-01 -1.91760704e-01 -2.21342064e-01 -2.40921635e-01 -2.49341749e-01 -2.39290680e-01 -2.40777021e-01 -2.50574355e-01 -2.82831791e-01 -3.26147058e-01 -3.78608202e-01 -4.06254253e-01 -4.16273265e-01 -4.28127854e-01 -4.45244151e-01 -4.41273036e-01 -4.27188335e-01 -4.22173405e-01 -3.72337104e-01 -3.21240423e-01 -2.60501651e-01 -1.76328050e-01 -1.05470058e-01 -4.47100142e-02 1.37173055e-04 -1.46316202e-02 -1.08825140e-02 -2.31980347e-02 -1.15052808e-01 3.03187609e-02 6.11666529e-01
2.66000000e+01 7.58086768e-02 8.08422662e-03 4.19915657e-02 3.54578359e-02 3.48368816e-02 3.12481717e-02 3.54857185e-02 4.07708234e-02 4.64231544e-02 5.26416936e-02 5.80568561e-02 6.79178883e-02 7.12110986e-02 1.07219425e-01 6.15213889e-02 1.55111678e-01 7.42206520e-02 1.37644174e-01 1.35004222e-01 1.25687436e-01 1.29061555e-01 1.42106492e-01 1.39796062e-01 1.44825512e-01 1.44738544e-01 1.37605387e-01 1.28435896e-01 1.13485681e-01 9.25155244e-02 7.28488728e-02 4.92342917e-02 3.02806896e-02 1.64620832e-02 -3.91365521e-03 -2.04699147e-02 -3.42666656e-02 -5.00025504e-02 -5.90907451e-02 -6.04676376e-02 -4.79980418e-02 -2.65568550e-02 5.41418918e-03 3.54967166e-02 6.31871960e-02 8.84390906e-02 1.11197505e-01 1.48474307e-01 1.74963090e-01 2.09917502e-01 2.41538456e-01 2.74584379e-01 3.06636001e-01 3.36430494e-01 3.58442234e-01 3.70027625e-01 3.51669283e-01 3.03514641e-01 2.41110824e-01 1.90738139e-01 1.59269661e-01 1.52561954e-01 1.43826355e-01 1.26954111e-01 1.02250578e-01 7.14161382e-02 3.74963406e-02 -4.10702807e-03 -5.42092054e-02 -1.03403311e-01 -1.48402862e-01 -1.92040842e-01 -2.20148009e-01 -2.39769184e-01 -2.46260519e-01 -2.35692982e-01 -2.37668928e-01 -2.47900563e-01 -2.81327430e-01 -3.26356449e-01 -3.78271930e-01 -4.05418399e-01 -4.16694366e-01 -4.29636965e-01 -4.46847129e-01 -4.41973002e-01 -4.30615777e-01 -4.25086693e-01 -3.74296211e-01 -3.24352728e-01 -2.61841632e-01 -1.77634344e-01 -1.06119031e-01 -4.28811102e-02 2.86823801e-03 -1.17468087e-02 -5.75305938e-03 -2.02669911e-02 -1.10487127e-01 3.86298607e-02 6.16454869e-01
2.67000000e+01 7.74792535e-02 8.29440616e-03 4.29660067e-02 3.64479740e-02 3.51810588e-02 3.15913695e-02 3.56613604e-02 4.14116529e-02 4.60293050e-02 5.33695248e-02 5.72376937e-02 6.84036060e-02 7.18940054e-02 1.07275067e-01 6.19578667e-02 1.56686720e-01 7.46488988e-02 1.38513305e-01 1.36969786e-01 1.27404343e-01 1.30511544e-01 1.43124358e-01 1.40284018e-01 1.44244934e-01 1.43526961e-01 1.35023815e-01 1.24846455e-01 1.09794623e-01 8.86593094e-02 6.94514123e-02 4.71172069e-02 2.87569350e-02 1.54879611e-02 -4.56788495e-03 -2.04321704e-02 -3.43091143e-02 -4.94832292e-02 -5.81121818e-02 -5.85852231e-02 -4.53925244e-02 -2.38981394e-02 8.28886863e-03 3.81159155e-02 6.45214362e-02 8.99180018e-02 1.12244787e-01 1.50108218e-01 1.76366980e-01 2.11096731e-01 2.42742774e-01 2.75418443e-01 3.07115233e-01 3.36973084e-01 3.58253068e-01 3.68013352e-01 3.47929186e-01 2.97332882e-01 2.34199580e-01 1.85311251e-01 1.55514996e-01 1.50156934e-01 1.41053575e-01 1.23897252e-01 9.93051098e-02 6.88965582e-02 3.58193256e-02 -5.75522884e-03 -5.55295965e-02 -1.03955108e-01 -1.48815375e-01 -1.92245655e-01 -2.18949966e-01 -2.38571597e-01 -2.43089524e-01 -2.32144585e-01 -2.34676005e-01 -2.45380952e-01 -2.79907275e-01 -3.26590202e-01 -3.77724621e-01 -4.04501457e-01 -4.17184200e-01 -4.31123158e-01 -4.48229358e-01 -4.42680842e-01 -4.34144606e-01 -4.27708299e-01 -3.76235961e-01 -3.27403807e-01 -2.62938340e-01 -1.78951293e-01 -1.06721486e-01 -4.08983909e-02 5.36624608e-03 -8.89921471e-03 -7.65084802e-04 -1.74861744e-02 -1.05993111e-01 4.68708363e-02 6.21115290e-01
2.68000000e+01 7.91091804e-02 8.49765023e-03 4.40045316e-02 3.74548268e-02 3.54735077e-02 3.19867712e-02 3.58197531e-02 4.21018684e-02 4.56634312e-02 5.40343118e-02 5.64953962e-02 6.88780479e-02 7.25872185e-02 1.07324177e-01 6.23171745e-02 1.58278639e-01 7.50691701e-02 1.39314023e-01 1.38921537e-01 1.29099117e-01 1.31981993e-01 1.44148968e-01 1.40773966e-01 1.43633073e-01 1.42303627e-01 1.32430774e-01 1.21225467e-01 1.06081668e-01 8.47967243e-02 6.60696905e-02 4.50316466e-02 2.72699831e-02 1.44840589e-02 -5.17358473e-03 -2.04097523e-02 -3.43280608e-02 -4.89279873e-02 -5.70774402e-02 -5.66056180e-02 -4.27343083e-02 -2.11642084e-02 1.11102577e-02 4.07073720e-02 6.58051363e-02 9.13672882e-02 1.13363585e-01 1.51688405e-01 1.77787112e-01 2.12243760e-01 2.43957207e-01 2.76238291e-01 3.07587739e-01 3.37488138e-01 3.57982833e-01 3.65847412e-01 3.43987115e-01 2.91031809e-01 2.27353369e-01 1.80053596e-01 1.51975436e-01 1.47798049e-01 1.38215805e-01 1.20803596e-01 9.63564562e-02 6.64163031e-02 3.41125344e-02 -7.42608267e-03 -5.68444811e-02 -1.04506476e-01 -1.49257581e-01 -1.92368860e-01 -2.17758668e-01 -2.37313149e-01 -2.39837292e-01 -2.28651311e-01 -2.31798766e-01 -2.43019001e-01 -2.78569942e-01 -3.26837052e-01 -3.76967492e-01 -4.03523955e-01 -4.17737540e-01 -4.32573717e-01 -4.49386381e-01 -4.43431320e-01 -4.37739853e-01 -4.30041701e-01 -3.78178441e-01 -3.30360067e-01 -2.63808797e-01 -1.80269119e-01 -1.07265752e-01 -3.87688187e-02 7.61657400e-03 -6.07666923e-03 4.05877639e-03 -1.48422309e-02 -1.01576024e-01 5.50446151e-02 6.25648431e-01
2.69000000e+01 8.06989920e-02 8.69147517e-03 4.51099329e-02 3.84739746e-02 3.57184207e-02 3.24303849e-02 3.59668376e-02 4.28337207e-02 4.53365589e-02 5.46178418e-02 5.58515835e-02 6.93374361e-02 7.32727321e-02 1.07389596e-01 6.25929047e-02 1.59876230e-01 7.54969159e-02 1.40039939e-01 1.40863848e-01 1.30760970e-01 1.33476826e-01 1.45174785e-01 1.41267595e-01 1.42988098e-01 1.41065847e-01 1.29826144e-01 1.17580772e-01 1.02347035e-01 8.09327367e-02 6.27108667e-02 4.29722340e-02 2.58203734e-02 1.34461091e-02 -5.72712250e-03 -2.04086960e-02 -3.43175498e-02 -4.83395878e-02 -5.59826844e-02 -5.45313183e-02 -4.00259762e-02 -1.83580672e-02 1.38761082e-02 4.32635857e-02 6.70485647e-02 9.27855178e-02 1.14560041e-01 1.53210401e-01 1.79222252e-01 2.13361377e-01 2.45177397e-01 2.77045504e-01 3.08055402e-01 3.37971732e-01 3.57624926e-01 3.63529131e-01 3.39836439e-01 2.84624659e-01 2.20587274e-01 1.74972154e-01 1.48646847e-01 1.45471517e-01 1.35308432e-01 1.17678953e-01 9.34087770e-02 6.39752881e-02 3.23710277e-02 -9.11640785e-03 -5.81530913e-02 -1.05061034e-01 -1.49726687e-01 -1.92406070e-01 -2.16583605e-01 -2.35978210e-01 -2.36513881e-01 -2.25218131e-01 -2.29037482e-01 -2.40817303e-01 -2.77314208e-01 -3.27084818e-01 -3.76004935e-01 -4.02505995e-01 -4.18346380e-01 -4.33975886e-01 -4.50317861e-01 -4.44256802e-01 -4.41363092e-01 -4.32096635e-01 -3.80141451e-01 -3.33188168e-01 -2.64473122e-01 -1.81575686e-01 -1.07739659e-01 -3.65037276e-02 9.60982905e-03 -3.27010584e-03 8.69766020e-03 -1.23221698e-02 -9.72403409e-02 6.31531558e-02 6.30055094e-01
2.70000000e+01 8.22493848e-02 8.87361859e-03 4.62845168e-02 3.95004741e-02 3.59214541e-02 3.29168376e-02 3.61096709e-02 4.35989470e-02 4.50583403e-02 5.51050539e-02 5.53250314e-02 6.97790035e-02 7.39327629e-02 1.07493235e-01 6.27800042e-02 1.61467533e-01 7.59470462e-02 1.40685756e-01 1.42800584e-01 1.32379539e-01 1.34999803e-01 1.46196007e-01 1.41766628e-01 1.42308294e-01 1.39810966e-01 1.27209490e-01 1.13920464e-01 9.85909512e-02 7.70726374e-02 5.93817106e-02 4.09335890e-02 2.44081606e-02 1.23708587e-02 -6.22596389e-03 -2.04341750e-02 -3.42720094e-02 -4.77204835e-02 -5.48239505e-02 -5.23655384e-02 -3.72695911e-02 -1.54839601e-02 1.65855394e-02 4.57767199e-02 6.82624025e-02 9.41718575e-02 1.15838360e-01 1.54671384e-01 1.80670100e-01 2.14453222e-01 2.46398459e-01 2.77841816e-01 3.08520015e-01 3.38419543e-01 3.57172780e-01 3.61057674e-01 3.35471662e-01 2.78125488e-01 2.13916052e-01 1.70073509e-01 1.45522872e-01 1.43163909e-01 1.32328157e-01 1.14529680e-01 9.04658606e-02 6.15724847e-02 3.05907551e-02 -1.08230917e-02 -5.94550482e-02 -1.05622501e-01 -1.50218566e-01 -1.92354853e-01 -2.15432707e-01 -2.34551663e-01 -2.33130663e-01 -2.21849157e-01 -2.26392226e-01 -2.38777542e-01 -2.76139023e-01 -3.27320511e-01 -3.74844563e-01 -4.01466791e-01 -4.19000219e-01 -4.35317062e-01 -4.51027728e-01 -4.45186273e-01 -4.44973543e-01 -4.33888749e-01 -3.82137884e-01 -3.35856072e-01 -2.64953698e-01 -1.82856834e-01 -1.08130666e-01 -3.41187252e-02 1.13421213e-02 -4.74054210e-04 1.31330423e-02 -9.91377544e-03 -9.29895769e-02 7.11973855e-02 6.34336256e-01
2.71000000e+01 8.37611836e-02 9.04214449e-03 4.75299573e-02 4.05290010e-02 3.60895925e-02 3.34395404e-02 3.62562104e-02 4.43890318e-02 4.48367015e-02 5.54845654e-02 5.49311790e-02 7.02009909e-02 7.45503496e-02 1.07655347e-01 6.28750448e-02 1.63040082e-01 7.64335234e-02 1.41247504e-01 1.44734921e-01 1.33945127e-01 1.36554331e-01 1.47206748e-01 1.42272698e-01 1.41592074e-01 1.38536403e-01 1.24580123e-01 1.10252774e-01 9.48137138e-02 7.32220573e-02 5.60884486e-02 3.89104557e-02 2.30328718e-02 1.12561877e-02 -6.66882512e-03 -2.04903252e-02 -3.41864604e-02 -4.70726301e-02 -5.35973049e-02 -5.01121259e-02 -3.44667784e-02 -1.25472833e-02 1.92389531e-02 4.82388334e-02 6.94574638e-02 9.55261931e-02 1.17200723e-01 1.56070241e-01 1.82127364e-01 2.15523619e-01 2.47615177e-01 2.78628992e-01 3.08983277e-01 3.38826873e-01 3.56619903e-01 3.58431966e-01 3.30888655e-01 2.71549008e-01 2.07354055e-01 1.65363764e-01 1.42594971e-01 1.40862343e-01 1.29273069e-01 1.11362498e-01 8.75310835e-02 5.92059863e-02 2.87686101e-02 -1.25431494e-02 -6.07503444e-02 -1.06194671e-01 -1.50727868e-01 -1.92214732e-01 -2.14312071e-01 -2.33019288e-01 -2.29700070e-01 -2.18547668e-01 -2.23862908e-01 -2.36900474e-01 -2.75043508e-01 -3.27530495e-01 -3.73497186e-01 -4.00424222e-01 -4.19686395e-01 -4.36584978e-01 -4.51524238e-01 -4.46244464e-01 -4.48529226e-01 -4.35439056e-01 -3.84175277e-01 -3.38334033e-01 -2.65274301e-01 -1.84096768e-01 -1.08426012e-01 -3.16334614e-02 1.28151564e-02 2.31301342e-03 1.73492152e-02 -7.60597113e-03 -8.88261628e-02 7.91771659e-02 6.38493085e-01
2.72000000e+01 8.52353107e-02 9.19554027e-03 4.88471547e-02 4.15540122e-02 3.62309716e-02 3.39908976e-02 3.64150686e-02 4.51954621e-02 4.46775571e-02 5.57490797e-02 5.46817368e-02 7.06026101e-02 7.51099246e-02 1.07893850e-01 6.28764562e-02 1.64581167e-01 7.69689837e-02 1.41722732e-01 1.46669182e-01 1.35448923e-01 1.38143262e-01 1.48201218e-01 1.42787242e-01 1.40838005e-01 1.37239673e-01 1.21937181e-01 1.06585939e-01 9.10157749e-02 6.93869480e-02 5.28366426e-02 3.68978198e-02 2.16934800e-02 1.01011921e-02 -7.05578791e-03 -2.05800976e-02 -3.40566862e-02 -4.63973359e-02 -5.22989959e-02 -4.77754596e-02 -3.16188248e-02 -9.55446605e-03 2.18379096e-02 5.06421169e-02 7.06444227e-02 9.68492196e-02 1.18647275e-01 1.57407564e-01 1.83589890e-01 2.16577379e-01 2.48822211e-01 2.79408708e-01 3.09446770e-01 3.39188672e-01 3.55959912e-01 3.55650635e-01 3.26084867e-01 2.64910421e-01 2.00915172e-01 1.60848439e-01 1.39852505e-01 1.38554662e-01 1.26142679e-01 1.08184303e-01 8.46073840e-02 5.68730904e-02 2.69024660e-02 -1.42737928e-02 -6.20393118e-02 -1.06781378e-01 -1.51248187e-01 -1.91987116e-01 -2.13225757e-01 -2.31368140e-01 -2.26235318e-01 -2.15316166e-01 -2.21449289e-01 -2.35185918e-01 -2.74026938e-01 -3.27700687e-01 -3.71976708e-01 -3.99394436e-01 -4.20390471e-01 -4.37767885e-01 -4.51819913e-01 -4.47451080e-01 -4.51988153e-01 -4.36773228e-01 -3.86255554e-01 -3.40595486e-01 -2.65459224e-01 -1.85278480e-01 -1.08612906e-01 -2.90712657e-02 1.40361430e-02 5.08849629e-03 2.13336555e-02 -5.38912085e-03 -8.47513555e-02 8.70912873e-02 6.42526934e-01
2.73000000e+01 8.66727577e-02 9.33280202e-03 5.02361070e-02 4.25699179e-02 3.63546636e-02 3.45625539e-02 3.65952464e-02 4.60099695e-02 4.45846009e-02 5.58956619e-02 5.45844092e-02 7.09839763e-02 7.55978362e-02 1.08223736e-01 6.27847100e-02 1.66078099e-01 7.75644025e-02 1.42110651e-01 1.48604711e-01 1.36883188e-01 1.39768720e-01 1.49173885e-01 1.43311386e-01 1.40044856e-01 1.35918391e-01 1.19279730e-01 1.02928054e-01 8.71978401e-02 6.55735212e-02 4.96311093e-02 3.48910114e-02 2.03883905e-02 8.90623029e-03 -7.38837047e-03 -2.07051503e-02 -3.38793600e-02 -4.56951524e-02 -5.09255876e-02 -4.53603393e-02 -2.87267861e-02 -6.51282784e-03 2.43849699e-02 5.29791257e-02 7.18335571e-02 9.81425015e-02 1.20176159e-01 1.58685580e-01 1.85052828e-01 2.17619580e-01 2.50014295e-01 2.80182460e-01 3.09911929e-01 3.39499580e-01 3.55186557e-01 3.52711980e-01 3.21059509e-01 2.58225258e-01 1.94612761e-01 1.56532357e-01 1.37282870e-01 1.36229593e-01 1.22937943e-01 1.05001980e-01 8.16972530e-02 5.45703927e-02 2.49911903e-02 -1.60125034e-02 -6.33225779e-02 -1.07386427e-01 -1.51772272e-01 -1.91675173e-01 -2.12175645e-01 -2.29586886e-01 -2.22750115e-01 -2.12156469e-01 -2.19150987e-01 -2.33632753e-01 -2.73088687e-01 -3.27816799e-01 -3.70299945e-01 -3.98391494e-01 -4.21096650e-01 -4.38854723e-01 -4.51931371e-01 -4.48820195e-01 -4.55309498e-01 -4.37920733e-01 -3.88374968e-01 -3.42617819e-01 -2.65532408e-01 -1.86384188e-01 -1.08678732e-01 -2.64586597e-02 1.50175183e-02 7.84564727e-03 2.50772702e-02 -3.25526001e-03 -8.07651949e-02 9.49374958e-02 6.46439334e-01
2.74000000e+01 8.80745607e-02 9.45350487e-03 5.16957952e-02 4.35712603e-02 3.64704331e-02 3.51456722e-02 3.68058522e-02 4.68247493e-02 4.45591831e-02 5.59258680e-02 5.46427405e-02 7.13460133e-02 7.60028029e-02 1.08656574e-01 6.26024447e-02 1.67518491e-01 7.82288177e-02 1.42412209e-01 1.50541778e-01 1.38241413e-01 1.41431924e-01 1.50119617e-01 1.43845862e-01 1.39211649e-01 1.34570279e-01 1.16606859e-01 9.92869138e-02 8.33609864e-02 6.17881484e-02 4.64758841e-02 3.28857909e-02 1.91154383e-02 7.67293583e-03 -7.66955066e-03 -2.08657844e-02 -3.36521246e-02 -4.49658098e-02 -4.94740675e-02 -4.28718757e-02 -2.57915942e-02 -3.43041636e-03 2.68835127e-02 5.52429991e-02 7.30345161e-02 9.94085022e-02 1.21783619e-01 1.59908014e-01 1.86510841e-01 2.18655343e-01 2.51186430e-01 2.80951490e-01 3.10380005e-01 3.39753965e-01 3.54293740e-01 3.49613976e-01 3.15813692e-01 2.51509219e-01 1.88459588e-01 1.52419517e-01 1.34871670e-01 1.33876883e-01 1.19661253e-01 1.01822230e-01 7.88027427e-02 5.22938915e-02 2.30346312e-02 -1.77571043e-02 -6.46010189e-02 -1.08013511e-01 -1.52292272e-01 -1.91283657e-01 -2.11161351e-01 -2.27666100e-01 -2.19258358e-01 -2.09069824e-01 -2.16967472e-01 -2.32238924e-01 -2.72228167e-01 -3.27864629e-01 -3.68486350e-01 -3.97427090e-01 -4.21788211e-01 -4.39835283e-01 -4.51879046e-01 -4.50359794e-01 -4.58454728e-01 -4.38913861e-01 -3.90524223e-01 -3.44382987e-01 -2.65516640e-01 -1.87395784e-01 -1.08611292e-01 -2.38247575e-02 1.57764976e-02 1.05737244e-02 2.85745146e-02 -1.19824856e-03 -7.68665080e-02 1.02712549e-01 6.50231968e-01
2.75000000e+01 8.94417802e-02 9.55785581e-03 5.32240909e-02 4.45528920e-02 3.65884714e-02 3.57312317e-02 3.70558176e-02 4.76326505e-02 4.46002785e-02 5.58457268e-02 5.48560894e-02 7.16903344e-02 7.63162827e-02 1.09200143e-01 6.23345219e-02 1.68890517e-01 7.89691147e-02 1.42630114e-01 1.52479524e-01 1.39518455e-01 1.43133036e-01 1.51033803e-01 1.44390920e-01 1.38337733e-01 1.33193147e-01 1.13917772e-01 9.56698588e-02 7.95067916e-02 5.80372276e-02 4.33742268e-02 3.08784157e-02 1.78718945e-02 6.40419510e-03 -7.90373965e-03 -2.10609265e-02 -3.33736297e-02 -4.42081958e-02 -4.79419221e-02 -4.03153862e-02 -2.28141631e-02 -3.15832086e-04 2.93375329e-02 5.74276631e-02 7.42561181e-02 1.00650582e-01 1.23464130e-01 1.61079920e-01 1.87958332e-01 2.19689605e-01 2.52334054e-01 2.81716735e-01 3.10852012e-01 3.39945976e-01 3.53275530e-01 3.46354287e-01 3.10350541e-01 2.44778040e-01 1.82467764e-01 1.48512970e-01 1.32602927e-01 1.31487399e-01 1.16316407e-01 9.86514073e-02 7.59254912e-02 5.00390986e-02 2.10335737e-02 -1.95058197e-02 -6.58757133e-02 -1.08666084e-01 -1.52800008e-01 -1.90818694e-01 -2.10180221e-01 -2.25598525e-01 -2.15773830e-01 -2.06057042e-01 -2.14898057e-01 -2.31001462e-01 -2.71444734e-01 -3.27830373e-01 -3.66557672e-01 -3.96510337e-01 -4.22447945e-01 -4.40700364e-01 -4.51686793e-01 -4.52071504e-01 -4.61388653e-01 -4.39786663e-01 -3.92688798e-01 -3.45877966e-01 -2.65432811e-01 -1.88295271e-01 -1.08399059e-01 -2.12005695e-02 1.63344656e-02 1.32583063e-02 3.18233824e-02 7.86156705e-04 -7.30529608e-02 1.10412304e-01 6.53906642e-01
2.76000000e+01 9.07754839e-02 9.64672679e-03 5.48176878e-02 4.55101473e-02 3.67191173e-02 3.63103380e-02 3.73536148e-02 4.84273293e-02 4.47045490e-02 5.56655732e-02 5.52197341e-02 7.20191043e-02 7.65327483e-02 1.09858187e-01 6.19880083e-02 1.70183185e-01 7.97898778e-02 1.42768788e-01 1.54415950e-01 1.40710626e-01 1.44871027e-01 1.51912446e-01 1.44946265e-01 1.37422848e-01 1.31784899e-01 1.11211866e-01 9.20836339e-02 7.56374620e-02 5.43270295e-02 4.03286629e-02 2.88656886e-02 1.66544787e-02 5.10409166e-03 -8.09670617e-03 -2.12881562e-02 -3.30435295e-02 -4.34203741e-02 -4.63271821e-02 -3.76962992e-02 -1.97954893e-02 2.82195735e-03 3.17514304e-02 5.95280140e-02 7.55061816e-02 1.01872963e-01 1.25210577e-01 1.62207470e-01 1.89389671e-01 2.20726908e-01 2.53453194e-01 2.82478800e-01 3.11328669e-01 3.40069593e-01 3.52126178e-01 3.42930308e-01 3.04675249e-01 2.38047369e-01 1.76648682e-01 1.44814695e-01 1.30459339e-01 1.29053187e-01 1.12908564e-01 9.54953716e-02 7.30667624e-02 4.78011548e-02 1.89896644e-02 -2.12573164e-02 -6.71479045e-02 -1.09347227e-01 -1.53287267e-01 -1.90287539e-01 -2.09227378e-01 -2.23379278e-01 -2.12309900e-01 -2.03118636e-01 -2.12941884e-01 -2.29916509e-01 -2.70737587e-01 -3.27700973e-01 -3.64537534e-01 -3.95647633e-01 -4.23058587e-01 -4.41441913e-01 -4.51381382e-01 -4.53950516e-01 -4.64080383e-01 -4.40573846e-01 -3.94849433e-01 -3.47095019e-01 -2.65299285e-01 -1.89065176e-01 -1.08031453e-01 -1.86182277e-02 1.67162259e-02 1.58817606e-02 3.48252692e-02 2.70031035e-03 -6.93211571e-02 1.18031831e-01 6.57465243e-01
2.77000000e+01 9.20767357e-02 9.72166661e-03 5.64720619e-02 4.64390012e-02 3.68725747e-02 3.68745326e-02 3.77069884e-02 4.92033633e-02 4.48664975e-02 5.53997417e-02 5.57251008e-02 7.23348858e-02 7.66498638e-02 1.10630312e-01 6.15720792e-02 1.71386575e-01 8.06933057e-02 1.42834264e-01 1.56347935e-01 1.41815766e-01 1.46643555e-01 1.52752238e-01 1.45510992e-01 1.36467205e-01 1.30343527e-01 1.08488782e-01 8.85342764e-02 7.17559476e-02 5.06635376e-02 3.73410502e-02 2.68449908e-02 1.54593808e-02 3.77781633e-03 -8.25545369e-03 -2.15437749e-02 -3.26624460e-02 -4.25996401e-02 -4.46284415e-02 -3.50200665e-02 -1.67367492e-02 5.97380809e-03 3.41297991e-02 6.15400817e-02 7.67913928e-02 1.03080670e-01 1.27014455e-01 1.63297726e-01 1.90799409e-01 2.21771215e-01 2.54540594e-01 2.83237944e-01 3.11810341e-01 3.40118684e-01 3.50840130e-01 3.39339218e-01 2.98795093e-01 2.31332678e-01 1.71012942e-01 1.41325473e-01 1.28422555e-01 1.26567502e-01 1.09444179e-01 9.23593565e-02 7.02274964e-02 4.55749487e-02 1.69053087e-02 -2.30107229e-02 -6.84189731e-02 -1.10059490e-01 -1.53746095e-01 -1.89698315e-01 -2.08295828e-01 -2.21005998e-01 -2.08879242e-01 -2.00254966e-01 -2.11097917e-01 -2.28979364e-01 -2.70105657e-01 -3.27464469e-01 -3.62450953e-01 -3.94842611e-01 -4.23603223e-01 -4.42053161e-01 -4.50991898e-01 -4.55985685e-01 -4.66504137e-01 -4.41309644e-01 -3.96982780e-01 -3.48031775e-01 -2.65131374e-01 -1.89688926e-01 -1.07499119e-01 -1.61101566e-02 1.69491374e-02 1.84238472e-02 3.75847200e-02 4.54476385e-03 -6.56667797e-02 1.25565553e-01 6.60909693e-01
2.78000000e+01 9.33465889e-02 9.78489047e-03 5.81814625e-02 4.73362097e-02 3.70586354e-02 3.74160948e-02 3.81227055e-02 4.99563221e-02 4.50787093e-02 5.50661311e-02 5.63601065e-02 7.26404762e-02 7.66685601e-02 1.11512011e-01 6.10978461e-02 1.72492067e-01 8.16791888e-02 1.42834039e-01 1.58271312e-01 1.42833278e-01 1.48446873e-01 1.53550615e-01 1.46083530e-01 1.35471537e-01 1.28867123e-01 1.05748440e-01 8.50270384e-02 6.78660265e-02 4.70522967e-02 3.44126567e-02 2.48143027e-02 1.42822894e-02 2.43154386e-03 -8.38805453e-03 -2.18229074e-02 -3.22319012e-02 -4.17426070e-02 -4.28448595e-02 -3.22920816e-02 -1.36393920e-02 9.13059154e-03 3.64772244e-02 6.34611709e-02 7.81172101e-02 1.04279426e-01 1.28866103e-01 1.64358400e-01 1.92182475e-01 2.22825763e-01 2.55593808e-01 2.83994077e-01 3.12296967e-01 3.40087063e-01 3.49412033e-01 3.35578055e-01 2.92719406e-01 2.24649190e-01 1.65570281e-01 1.38044787e-01 1.26473490e-01 1.24024803e-01 1.05930934e-01 8.92478488e-02 6.74083652e-02 4.33552352e-02 1.47835488e-02 -2.47656244e-02 -6.96904215e-02 -1.10804733e-01 -1.54169087e-01 -1.89059733e-01 -2.07376625e-01 -2.18478945e-01 -2.05493575e-01 -1.97466376e-01 -2.09364930e-01 -2.28184532e-01 -2.69547494e-01 -3.27110350e-01 -3.60323817e-01 -3.94096168e-01 -4.24065664e-01 -4.42528749e-01 -4.50549044e-01 -4.58159833e-01 -4.68639922e-01 -4.42026705e-01 -3.99062190e-01 -3.48691114e-01 -2.64940956e-01 -1.90151191e-01 -1.06794204e-01 -1.37082128e-02 1.70621627e-02 2.08624356e-02 4.01090724e-02 6.31842232e-03 -6.20847704e-02 1.33007410e-01 6.64241888e-01
2.79000000e+01 9.45860862e-02 9.83924660e-03 5.99389382e-02 4.81994255e-02 3.72864170e-02 3.79283237e-02 3.86063367e-02 5.06827942e-02 4.53321709e-02 5.46856561e-02 5.71095987e-02 7.29387424e-02 7.65930146e-02 1.12494817e-01 6.05781124e-02 1.73492536e-01 8.27449444e-02 1.42776884e-01 1.60180962e-01 1.43764133e-01 1.50275762e-01 1.54305813e-01 1.46661594e-01 1.34437147e-01 1.27353903e-01 1.02991048e-01 8.15663501e-02 6.39723490e-02 4.34982876e-02 3.15442364e-02 2.27722171e-02 1.31184320e-02 1.07227757e-03 -8.50344706e-03 -2.21196313e-02 -3.17542218e-02 -4.08453149e-02 -4.09761585e-02 -2.95176010e-02 -1.05052272e-02 1.22833810e-02 3.87981017e-02 6.52899756e-02 7.94878079e-02 1.05475530e-01 1.30754947e-01 1.65397620e-01 1.93534332e-01 2.23892947e-01 2.56611275e-01 2.84746770e-01 3.12788005e-01 3.39968553e-01 3.47836741e-01 3.31643795e-01 2.86459491e-01 2.18011835e-01 1.60329491e-01 1.34970722e-01 1.24592640e-01 1.21420722e-01 1.02377645e-01 8.61644843e-02 6.46098280e-02 4.11367536e-02 1.26279311e-02 -2.65220375e-02 -7.09638668e-02 -1.11583982e-01 -1.54549658e-01 -1.88380811e-01 -2.06459091e-01 -2.15801020e-01 -2.02163433e-01 -1.94753312e-01 -2.07741497e-01 -2.27525793e-01 -2.69061168e-01 -3.26629885e-01 -3.58182333e-01 -3.93406562e-01 -4.24430786e-01 -4.42864834e-01 -4.50084375e-01 -4.60450221e-01 -4.70474025e-01 -4.42755031e-01 -4.01058608e-01 -3.49080881e-01 -2.64736222e-01 -1.90438157e-01 -1.05910625e-01 -1.14428196e-02 1.70848627e-02 2.31743078e-02 4.24080099e-02 8.01876371e-03 -5.85695419e-02 1.40351030e-01 6.67463643e-01
2.80000000e+01 9.57962645e-02 9.88816030e-03 6.17363978e-02 4.90272858e-02 3.75641230e-02 3.84057920e-02 3.91620711e-02 5.13803719e-02 4.56166547e-02 5.42816020e-02 5.79558760e-02 7.32324613e-02 7.64305371e-02 1.13566569e-01 6.00270671e-02 1.74382506e-01 8.38857059e-02 1.42672629e-01 1.62070959e-01 1.44610848e-01 1.52123497e-01 1.55016898e-01 1.47242145e-01 1.33365924e-01 1.25802235e-01 1.00217093e-01 7.81558224e-02 6.00804331e-02 4.00058363e-02 2.87360916e-02 2.07179489e-02 1.19626248e-02 -2.92334365e-04 -8.61120362e-03 -2.24271259e-02 -3.12324217e-02 -3.99033548e-02 -3.90226258e-02 -2.67016670e-02 -7.33650614e-03 1.54236277e-02 4.10964816e-02 6.70266657e-02 8.09060564e-02 1.06675695e-01 1.32669766e-01 1.66423697e-01 1.94851103e-01 2.24974254e-01 2.57592351e-01 2.85495265e-01 3.13282365e-01 3.39757045e-01 3.46109305e-01 3.27533463e-01 2.80028500e-01 2.11435228e-01 1.55298338e-01 1.32099892e-01 1.22760409e-01 1.18752023e-01 9.87941632e-02 8.31119629e-02 6.18321798e-02 3.89143425e-02 1.04423714e-02 -2.82803673e-02 -7.22410342e-02 -1.12397320e-01 -1.54882275e-01 -1.87670586e-01 -2.05531076e-01 -2.12977731e-01 -1.98897986e-01 -1.92116423e-01 -2.06225997e-01 -2.26996278e-01 -2.68644184e-01 -3.26016419e-01 -3.56052473e-01 -3.92769576e-01 -4.24684827e-01 -4.43059188e-01 -4.49629486e-01 -4.62829186e-01 -4.71999343e-01 -4.43520973e-01 -4.02941564e-01 -3.49213422e-01 -2.64521559e-01 -1.90537765e-01 -1.04844315e-01 -9.34212565e-03 1.70463700e-02 2.53360181e-02 4.44930455e-02 9.64210967e-03 -5.51152143e-02 1.47589928e-01 6.70576625e-01
2.81000000e+01 9.69781648e-02 9.93555636e-03 6.35647074e-02 4.98194650e-02 3.78988338e-02 3.88445633e-02 3.97925728e-02 5.20475972e-02 4.59211562e-02 5.38789033e-02 5.88792690e-02 7.35241745e-02 7.61913677e-02 1.14711793e-01 5.94599276e-02 1.75158267e-01 8.50944606e-02 1.42531918e-01 1.63934739e-01 1.45377423e-01 1.53981847e-01 1.55683801e-01 1.47821355e-01 1.32260337e-01 1.24210674e-01 9.74273324e-02 7.47982826e-02 5.61966104e-02 3.65785674e-02 2.59881123e-02 1.86513447e-02 1.08093342e-02 -1.65420527e-03 -8.72127878e-03 -2.27378348e-02 -3.06700654e-02 -3.89119977e-02 -3.69851270e-02 -2.38490282e-02 -4.13599179e-03 1.85433216e-02 4.33759485e-02 6.86729394e-02 8.23735373e-02 1.07886867e-01 1.34598971e-01 1.67444906e-01 1.96129671e-01 2.26070221e-01 2.58537321e-01 2.86238498e-01 3.13778362e-01 3.39446568e-01 3.44224953e-01 3.23244252e-01 2.73441271e-01 2.04933653e-01 1.50483489e-01 1.29427392e-01 1.20957428e-01 1.16016564e-01 9.51912504e-02 8.00919884e-02 5.90755874e-02 3.66830507e-02 8.23102637e-03 -3.00413556e-02 -7.35237436e-02 -1.13243818e-01 -1.55162655e-01 -1.86937836e-01 -2.04579270e-01 -2.10017081e-01 -1.95704900e-01 -1.89556636e-01 -2.04816604e-01 -2.26588551e-01 -2.68293421e-01 -3.25265622e-01 -3.53959431e-01 -3.92178737e-01 -4.24815633e-01 -4.43111278e-01 -4.49215164e-01 -4.65264922e-01 -4.73215508e-01 -4.44346346e-01 -4.04680198e-01 -3.49104982e-01 -2.64297587e-01 -1.90439877e-01 -1.03593439e-01 -7.43121270e-03 1.69743770e-02 2.73247775e-02 4.63769563e-02 1.11839354e-02 -5.17158665e-02 1.54717697e-01 6.73582287e-01
2.82000000e+01 9.81328473e-02 9.98576193e-03 6.54138221e-02 5.05766934e-02 3.82963346e-02 3.92423652e-02 4.04988810e-02 5.26838749e-02 4.62343665e-02 5.35033651e-02 5.98587645e-02 7.38160636e-02 7.58883924e-02 1.15912164e-01 5.88925474e-02 1.75817948e-01 8.63622318e-02 1.42365952e-01 1.65765291e-01 1.46069240e-01 1.55841128e-01 1.56307332e-01 1.48394597e-01 1.31123399e-01 1.22577995e-01 9.46227767e-02 7.14958348e-02 5.23279287e-02 3.32194010e-02 2.32997935e-02 1.65728923e-02 9.65274793e-03 -3.00503139e-03 -8.84374785e-03 -2.30436387e-02 -3.00711195e-02 -3.78663227e-02 -3.48651305e-02 -2.09640622e-02 -9.07016585e-04 2.16351306e-02 4.56395338e-02 7.02320422e-02 8.38905912e-02 1.09116028e-01 1.36530881e-01 1.68469275e-01 1.97367740e-01 2.27180442e-01 2.59447364e-01 2.86975126e-01 3.14273671e-01 3.39031348e-01 3.42179058e-01 3.18773663e-01 2.66714134e-01 1.98521071e-01 1.45890434e-01 1.26946761e-01 1.19164857e-01 1.13213257e-01 9.15804308e-02 7.71052407e-02 5.63401078e-02 3.44382435e-02 5.99817328e-03 -3.18060257e-02 -7.48138816e-02 -1.14121521e-01 -1.55387900e-01 -1.86190801e-01 -2.03589549e-01 -2.06929400e-01 -1.92590257e-01 -1.87075206e-01 -2.03511296e-01 -2.26294695e-01 -2.68005106e-01 -3.24375678e-01 -3.51927113e-01 -3.91625572e-01 -4.24812861e-01 -4.43022326e-01 -4.48870557e-01 -4.67722374e-01 -4.74128827e-01 -4.45247662e-01 -4.06244315e-01 -3.48774983e-01 -2.64061306e-01 -1.90136391e-01 -1.02158572e-01 -5.73138103e-03 1.68941741e-02 2.91193283e-02 4.80731911e-02 1.26392040e-02 -4.83657935e-02 1.61728209e-01 6.76481803e-01
2.83000000e+01 9.92614099e-02 1.00433923e-02 6.72729494e-02 5.13007365e-02 3.87609842e-02 3.95987122e-02 4.12803567e-02 5.32893595e-02 4.65451628e-02 5.31808514e-02 6.08726534e-02 7.41098499e-02 7.55367845e-02 1.17147060e-01 5.83410015e-02 1.76361559e-01 8.76783005e-02 1.42186220e-01 1.67555368e-01 1.46692932e-01 1.57690294e-01 1.56889167e-01 1.48956466e-01 1.29958601e-01 1.20903227e-01 9.18046782e-02 6.82499344e-02 4.84820211e-02 2.99305901e-02 2.06702326e-02 1.44837275e-02 8.48685712e-03 -4.33651958e-03 -8.98854549e-03 -2.33360358e-02 -2.94397988e-02 -3.67613374e-02 -3.26647381e-02 -1.80507030e-02 2.34647773e-03 2.46925156e-02 4.78896617e-02 7.17087513e-02 8.54563902e-02 1.10369983e-01 1.38454023e-01 1.69504386e-01 1.98563893e-01 2.28303581e-01 2.60324502e-01 2.87703561e-01 3.14765289e-01 3.38505878e-01 3.39967107e-01 3.14119664e-01 2.59864697e-01 1.92211111e-01 1.41523422e-01 1.24649978e-01 1.17364661e-01 1.10342046e-01 8.79738158e-02 7.41513850e-02 5.36256874e-02 3.21757026e-02 3.74810080e-03 -3.35756325e-02 -7.61133505e-02 -1.15027486e-01 -1.55556594e-01 -1.85436933e-01 -2.02547347e-01 -2.03727111e-01 -1.89558526e-01 -1.84673739e-01 -2.02307851e-01 -2.26106393e-01 -2.67774821e-01 -3.23347396e-01 -3.49977668e-01 -3.91099910e-01 -4.24668131e-01 -4.42795349e-01 -4.48622363e-01 -4.70164219e-01 -4.74752030e-01 -4.46235524e-01 -4.07605399e-01 -3.48245209e-01 -2.63806382e-01 -1.89621300e-01 -1.00542826e-01 -4.25953650e-03 1.68277725e-02 3.07007762e-02 4.95952769e-02 1.40027111e-02 -4.50597597e-02 1.68615802e-01 6.79276010e-01
2.84000000e+01 1.00365010e-01 1.01132232e-02 6.91307407e-02 5.19943382e-02 3.92956298e-02 3.99149751e-02 4.21346761e-02 5.38648214e-02 4.68431008e-02 5.29364653e-02 6.18991859e-02 7.44067184e-02 7.51535820e-02 1.18394176e-01 5.78211664e-02 1.76790990e-01 8.90304655e-02 1.42004216e-01 1.69297706e-01 1.47256207e-01 1.59517089e-01 1.57431809e-01 1.49500828e-01 1.28769816e-01 1.19185673e-01 8.89745263e-02 6.50614665e-02 4.46669572e-02 2.67137881e-02 1.80981170e-02 1.23856352e-02 7.30554731e-03 -5.64061289e-03 -9.16521312e-03 -2.36063282e-02 -2.87804131e-02 -3.55920895e-02 -3.03867120e-02 -1.51123805e-02 5.61992077e-03 2.77098157e-02 5.01281244e-02 7.31093286e-02 8.70690315e-02 1.11655160e-01 1.40357414e-01 1.70557183e-01 1.99717614e-01 2.29437423e-01 2.61171511e-01 2.88422020e-01 3.15249506e-01 3.37864970e-01 3.37584664e-01 3.09280852e-01 2.52911626e-01 1.86017079e-01 1.37385406e-01 1.22527469e-01 1.15539868e-01 1.07403905e-01 8.43839007e-02 7.12291219e-02 5.09321414e-02 2.98917182e-02 1.48501013e-03 -3.53516208e-02 -7.74239957e-02 -1.15957868e-01 -1.55668842e-01 -1.84682653e-01 -2.01438050e-01 -2.00424457e-01 -1.86612587e-01 -1.82354193e-01 -2.01203853e-01 -2.26015007e-01 -2.67597547e-01 -3.22184262e-01 -3.48131077e-01 -3.90590204e-01 -4.24375130e-01 -4.42435168e-01 -4.48494081e-01 -4.72551911e-01 -4.75103815e-01 -4.47314214e-01 -4.08737569e-01 -3.47538940e-01 -2.63523525e-01 -1.88890698e-01 -9.87519201e-02 -3.02770128e-03 1.67931430e-02 3.20533496e-02 5.09562476e-02 1.52694237e-02 -4.17932370e-02 1.75375452e-01 6.81965345e-01
2.85000000e+01 1.01444888e-01 1.02000524e-02 7.09755058e-02 5.26611283e-02 3.99015680e-02 4.01943943e-02 4.30578709e-02 5.44115010e-02 4.71188887e-02 5.27937470e-02 6.29172140e-02 7.47072666e-02 7.47572146e-02 1.19630171e-01 5.73483073e-02 1.77109967e-01 9.04053390e-02 1.41831158e-01 1.70985242e-01 1.47767636e-01 1.61308243e-01 1.57938508e-01 1.50020918e-01 1.27561183e-01 1.17424925e-01 8.61340474e-02 6.19308209e-02 4.08910869e-02 2.35701346e-02 1.55817144e-02 1.02810350e-02 6.10270140e-03 -6.90970682e-03 -9.38266104e-03 -2.38458136e-02 -2.80972204e-02 -3.43537706e-02 -2.80344870e-02 -1.21519817e-02 8.90811836e-03 3.06823035e-02 5.23560811e-02 7.44414429e-02 8.87256434e-02 1.12977412e-01 1.42230853e-01 1.71633795e-01 2.00829313e-01 2.30578933e-01 2.61991814e-01 2.89128568e-01 3.15721885e-01 3.37103800e-01 3.35027346e-01 3.04256620e-01 2.45874426e-01 1.79951936e-01 1.33477991e-01 1.20568136e-01 1.13674791e-01 1.04400835e-01 8.08233352e-02 6.83362773e-02 4.82591203e-02 2.75831726e-02 -7.87074632e-04 -3.71355968e-02 -7.87475121e-02 -1.16908041e-01 -1.55726266e-01 -1.83933135e-01 -2.00247384e-01 -1.97037186e-01 -1.83753810e-01 -1.80118857e-01 -2.00196696e-01 -2.26011645e-01 -2.67467745e-01 -3.20892400e-01 -3.46404797e-01 -3.90083880e-01 -4.23929663e-01 -4.41948401e-01 -4.48505345e-01 -4.74846740e-01 -4.75208214e-01 -4.48481478e-01 -4.09618429e-01 -3.46680059e-01 -2.63200960e-01 -1.87942740e-01 -9.67941886e-02 -2.04266605e-03 1.68035976e-02 3.31650552e-02 5.21681182e-02 1.64347980e-02 -3.85626203e-02 1.82002931e-01 6.84549802e-01
2.86000000e+01 1.02502394e-01 1.03085561e-02 7.27954438e-02 5.33054977e-02 4.05785529e-02 4.04420369e-02 4.40444156e-02 5.49309555e-02 4.73648285e-02 5.27739185e-02 6.39068046e-02 7.50114761e-02 7.43669942e-02 1.20831350e-01 5.69366851e-02 1.77323977e-01 9.17886736e-02 1.41677708e-01 1.72611326e-01 1.48236414e-01 1.63049713e-01 1.58413132e-01 1.50509463e-01 1.26336976e-01 1.15620878e-01 8.32852124e-02 5.88579572e-02 3.71628928e-02 2.05003489e-02 1.31188767e-02 8.17294399e-03 4.87231661e-03 -8.13685152e-03 -9.64894897e-03 -2.40459827e-02 -2.73942863e-02 -3.30418151e-02 -2.56121572e-02 -9.17184048e-03 1.22052835e-02 3.36062071e-02 5.45740773e-02 7.57140657e-02 9.04224993e-02 1.14341852e-01 1.44065192e-01 1.72739360e-01 2.01900329e-01 2.31724338e-01 2.62789347e-01 2.89821176e-01 3.16177248e-01 3.36217931e-01 3.32290820e-01 2.99047313e-01 2.38773239e-01 1.74028276e-01 1.29801396e-01 1.18759397e-01 1.11755229e-01 1.01335878e-01 7.73046738e-02 6.54699249e-02 4.56060685e-02 2.52476096e-02 -3.06438827e-03 -3.89293078e-02 -8.00853377e-02 -1.17872749e-01 -1.55731960e-01 -1.83192124e-01 -1.98961796e-01 -1.93582218e-01 -1.80982174e-01 -1.77970309e-01 -1.99283587e-01 -2.26087212e-01 -2.67379467e-01 -3.19480474e-01 -3.44813467e-01 -3.89567696e-01 -4.23329665e-01 -4.41343405e-01 -4.48671353e-01 -4.77010909e-01 -4.75093792e-01 -4.49728535e-01 -4.10229788e-01 -3.45692169e-01 -2.62824959e-01 -1.86777568e-01 -9.46805206e-02 -1.30579714e-03 1.68673372e-02 3.40282066e-02 5.32414258e-02 1.74950647e-02 -3.53654096e-02 1.88494928e-01 6.87028889e-01
2.87000000e+01 1.03539015e-01 1.04431417e-02 7.45788862e-02 5.39324467e-02 4.13248499e-02 4.06646979e-02 4.50873578e-02 5.54249057e-02 4.75752064e-02 5.28951984e-02 6.48498051e-02 7.53187096e-02 7.40025829e-02 1.21974334e-01 5.65991924e-02 1.77440156e-01 9.31657173e-02 1.41553702e-01 1.74169917e-01 1.48672099e-01 1.64726969e-01 1.58860002e-01 1.50958854e-01 1.25101462e-01 1.13773725e-01 8.04302470e-02 5.58424583e-02 3.34908553e-02 1.75048189e-02 1.07070692e-02 6.06490785e-03 3.60863929e-03 -9.31593744e-03 -9.97108598e-03 -2.41987200e-02 -2.66753514e-02 -3.16519994e-02 -2.31244314e-02 -6.17375972e-03 1.55050941e-02 3.64787034e-02 5.67820820e-02 7.69373379e-02 9.21551369e-02 1.15752715e-01 1.45852582e-01 1.73877878e-01 2.02932915e-01 2.32869218e-01 2.63568426e-01 2.90497772e-01 3.16609680e-01 3.35203319e-01 3.29370817e-01 2.93654373e-01 2.31628660e-01 1.68258278e-01 1.26354427e-01 1.17087248e-01 1.09768644e-01 9.82131151e-02 7.38401143e-02 6.26265322e-02 4.29721886e-02 2.28832869e-02 -5.34349891e-03 -4.07346265e-02 -8.14385454e-02 -1.18846268e-01 -1.55690406e-01 -1.82461782e-01 -1.97568813e-01 -1.90077298e-01 -1.78296430e-01 -1.75911352e-01 -1.98461552e-01 -2.26232466e-01 -2.67326499e-01 -3.17959524e-01 -3.43368674e-01 -3.89028109e-01 -4.22575173e-01 -4.40630194e-01 -4.49002414e-01 -4.79008563e-01 -4.74792690e-01 -4.51040306e-01 -4.10558210e-01 -3.44597756e-01 -2.62380423e-01 -1.85397195e-01 -9.24242294e-02 -8.13006631e-04 1.69871824e-02 3.46398063e-02 5.41848555e-02 1.84474659e-02 -3.22003540e-02 1.94849147e-01 6.89401599e-01
2.88000000e+01 1.04556398e-01 1.06078041e-02 7.63145438e-02 5.45474114e-02 4.21373332e-02 4.08707479e-02 4.61784914e-02 5.58950906e-02 4.77466160e-02 5.31722110e-02 6.57303456e-02 7.56277334e-02 7.36834526e-02 1.23036715e-01 5.63470265e-02 1.77467129e-01 9.45215895e-02 1.41467891e-01 1.75655763e-01 1.49084331e-01 1.66325312e-01 1.59283690e-01 1.51361319e-01 1.23858769e-01 1.11883956e-01 7.75716444e-02 5.28835721e-02 2.98833368e-02 1.45836792e-02 8.34342763e-03 3.96089422e-03 2.30632035e-03 -1.04418641e-02 -1.03548495e-02 -2.42965070e-02 -2.59437023e-02 -3.01805484e-02 -2.05765537e-02 -3.15906941e-03 1.88007757e-02 3.92978838e-02 5.89795397e-02 7.81224108e-02 9.39184819e-02 1.17213257e-01 1.47586677e-01 1.75052086e-01 2.03930209e-01 2.34008623e-01 2.64333590e-01 2.91156284e-01 3.17012546e-01 3.34056284e-01 3.26263187e-01 2.88080458e-01 2.24461580e-01 1.62653647e-01 1.23134451e-01 1.15536334e-01 1.07704321e-01 9.50376593e-02 7.04412316e-02 5.98021183e-02 4.03564187e-02 2.04892046e-02 -7.62137443e-03 -4.25535307e-02 -8.28077461e-02 -1.19822592e-01 -1.55607344e-01 -1.81742576e-01 -1.96057366e-01 -1.86540653e-01 -1.75694301e-01 -1.73944941e-01 -1.97727444e-01 -2.26438047e-01 -2.67302515e-01 -3.16342746e-01 -3.42078784e-01 -3.88451644e-01 -4.21668274e-01 -4.39820305e-01 -4.49503622e-01 -4.80806784e-01 -4.74339563e-01 -4.52395851e-01 -4.10595399e-01 -3.43417414e-01 -2.61851482e-01 -1.83805374e-01 -9.00408523e-02 -5.54888092e-04 1.71604970e-02 3.50017645e-02 5.50049641e-02 1.92904377e-02 -2.90675493e-02 2.01064367e-01 6.91666393e-01
2.89000000e+01 1.05556378e-01 1.08059887e-02 7.79917518e-02 5.51560736e-02 4.30116222e-02 4.10699307e-02 4.73085642e-02 5.63431345e-02 4.78782003e-02 5.36155091e-02 6.65352638e-02 7.59367685e-02 7.34283486e-02 1.23997681e-01 5.61894082e-02 1.77414818e-01 9.58416683e-02 1.41427709e-01 1.77064552e-01 1.49482554e-01 1.67830203e-01 1.59688788e-01 1.51709118e-01 1.22612756e-01 1.09952349e-01 7.47121759e-02 4.99802461e-02 2.63484833e-02 1.17368740e-02 6.02484616e-03 1.86514750e-03 9.60591405e-04 -1.15106928e-02 -1.08046227e-02 -2.43326211e-02 -2.52020440e-02 -2.86242501e-02 -1.79741887e-02 -1.28718480e-04 2.20852068e-02 4.20626990e-02 6.11654373e-02 7.92812576e-02 9.57069785e-02 1.18725697e-01 1.49262784e-01 1.76263374e-01 2.04896165e-01 2.35137195e-01 2.65089455e-01 2.91794681e-01 3.17378524e-01 3.32773465e-01 3.22963965e-01 2.82329541e-01 2.17293036e-01 1.57225525e-01 1.20137389e-01 1.14090041e-01 1.05553506e-01 9.18156226e-02 6.71187194e-02 5.69924115e-02 3.77574332e-02 1.80651065e-02 -9.89543820e-03 -4.43880702e-02 -8.41930155e-02 -1.20795617e-01 -1.55489595e-01 -1.81033211e-01 -1.94418088e-01 -1.82990640e-01 -1.73172699e-01 -1.72074084e-01 -1.97077948e-01 -2.26694517e-01 -2.67301247e-01 -3.14645227e-01 -3.40948830e-01 -3.87825254e-01 -4.20613024e-01 -4.38926618e-01 -4.50174669e-01 -4.82376482e-01 -4.73770429e-01 -4.53769003e-01 -4.10338389e-01 -3.42169168e-01 -2.61222091e-01 -1.82007442e-01 -8.75478845e-02 -5.17014727e-04 1.73793094e-02 3.51209492e-02 5.57060136e-02 2.00237272e-02 -2.59684882e-02 2.07140477e-01 6.93821191e-01
2.90000000e+01 1.06540991e-01 1.10404655e-02 7.96007056e-02 5.57641627e-02 4.39422523e-02 4.12731162e-02 4.84675157e-02 5.67704359e-02 4.79717999e-02 5.42312234e-02 6.72544426e-02 7.62435705e-02 7.32547703e-02 1.24838582e-01 5.61333527e-02 1.77294215e-01 9.71119823e-02 1.41439063e-01 1.78393047e-01 1.49875729e-01 1.69227617e-01 1.60079678e-01 1.51994727e-01 1.21366907e-01 1.07979965e-01 7.18548966e-02 4.71311616e-02 2.28941417e-02 8.96420164e-03 3.74808878e-03 -2.17989597e-04 -4.32542815e-04 -1.25197837e-02 -1.13232512e-02 -2.43013273e-02 -2.44523719e-02 -2.69805811e-02 -1.53232770e-02 2.91660202e-03 2.53510440e-02 4.47728876e-02 6.33383822e-02 8.04264591e-02 9.75147268e-02 1.20291188e-01 1.50877952e-01 1.77511756e-01 2.05835465e-01 2.36249307e-01 2.65840571e-01 2.92411003e-01 3.17699667e-01 3.31351742e-01 3.19469473e-01 2.76406978e-01 2.10144095e-01 1.51984401e-01 1.17357714e-01 1.12730614e-01 1.03309524e-01 8.85540586e-02 6.38821458e-02 5.41929999e-02 3.51736697e-02 1.56114503e-02 -1.21636109e-02 -4.62403155e-02 -8.55938544e-02 -1.21759339e-01 -1.55344832e-01 -1.80330616e-01 -1.92643564e-01 -1.79445418e-01 -1.70727968e-01 -1.70301741e-01 -1.96509592e-01 -2.26992388e-01 -2.67316659e-01 -3.12883645e-01 -3.39980466e-01 -3.87136663e-01 -4.19415352e-01 -4.37963117e-01 -4.51009791e-01 -4.83693205e-01 -4.73121481e-01 -4.55129168e-01 -4.09789555e-01 -3.40867914e-01 -2.60476614e-01 -1.80010166e-01 -8.49644514e-02 -6.80391481e-04 1.76306276e-02 3.50090611e-02 5.62899193e-02 2.06484421e-02 -2.29060589e-02 2.13078468e-01 6.95863382e-01
2.91000000e+01 1.07512496e-01 1.13132204e-02 8.11326814e-02 5.63772543e-02 4.49228744e-02 4.14920143e-02 4.96447376e-02 5.71780805e-02 4.80320002e-02 5.50208495e-02 6.78810485e-02 7.65455374e-02 7.31784791e-02 1.25543445e-01 5.61835020e-02 1.77117115e-01 9.83195940e-02 1.41506148e-01 1.79639182e-01 1.50272071e-01 1.70504387e-01 1.60460286e-01 1.52211005e-01 1.20124230e-01 1.05968139e-01 6.90031421e-02 4.43347726e-02 1.95277881e-02 6.26534164e-03 1.50991649e-03 -2.28427615e-03 -1.87610568e-03 -1.34679148e-02 -1.19119229e-02 -2.41980500e-02 -2.36958477e-02 -2.52478382e-02 -1.26298655e-02 5.97630971e-03 2.85908615e-02 4.74288946e-02 6.54966882e-02 8.15709667e-02 9.93356282e-02 1.21909828e-01 1.52430994e-01 1.78795891e-01 2.06753395e-01 2.37339214e-01 2.66591285e-01 2.93003376e-01 3.17967475e-01 3.29788158e-01 3.15776422e-01 2.70319559e-01 2.03035732e-01 1.46939999e-01 1.14788471e-01 1.11439299e-01 1.00967874e-01 8.52608778e-02 6.07397352e-02 5.13994676e-02 3.26033820e-02 1.31293481e-02 -1.44243355e-02 -4.81122851e-02 -8.70091871e-02 -1.22708048e-01 -1.55181304e-01 -1.79629993e-01 -1.90728560e-01 -1.75922612e-01 -1.68356127e-01 -1.68630709e-01 -1.96018765e-01 -2.27322161e-01 -2.67343104e-01 -3.11075939e-01 -3.39171983e-01 -3.86374694e-01 -4.18082954e-01 -4.36944616e-01 -4.51997860e-01 -4.84737803e-01 -4.72427899e-01 -4.56442256e-01 -4.08956440e-01 -3.39524978e-01 -2.59600350e-01 -1.77821573e-01 -8.23109288e-02 -1.02204748e-03 1.78969388e-02 3.46823401e-02 5.67563134e-02 2.11670302e-02 -1.98844948e-02 2.18880404e-01 6.97789834e-01
2.92000000e+01 1.08473370e-01 1.16253663e-02 8.25802337e-02 5.70005722e-02 4.59464744e-02 4.17388612e-02 5.08293468e-02 5.75667852e-02 4.80660738e-02 5.59811790e-02 6.84116673e-02 7.68398407e-02 7.32130483e-02 1.26099414e-01 5.63420266e-02 1.76895825e-01 9.94529672e-02 1.41631306e-01 1.80802134e-01 1.50678797e-01 1.71648532e-01 1.60833863e-01 1.52351354e-01 1.18887176e-01 1.03918479e-01 6.61605145e-02 4.15893599e-02 1.62564635e-02 3.63986608e-03 -6.92781608e-04 -4.32977779e-03 -3.37195846e-03 -1.43553788e-02 -1.25700763e-02 -2.40195175e-02 -2.29326858e-02 -2.34252682e-02 -9.89992330e-03 9.04976364e-03 3.17973019e-02 5.00317852e-02 6.76384653e-02 8.27278467e-02 1.01163538e-01 1.23580694e-01 1.53922447e-01 1.80113170e-01 2.07655697e-01 2.38401202e-01 2.67345616e-01 2.93570024e-01 3.18172989e-01 3.28079824e-01 3.11882037e-01 2.64075537e-01 1.95988715e-01 1.42101167e-01 1.12421295e-01 1.10196517e-01 9.85262908e-02 8.19447378e-02 5.76981795e-02 4.86075164e-02 3.00447164e-02 1.06204801e-02 -1.66765835e-02 -5.00058568e-02 -8.84373988e-02 -1.23636511e-01 -1.55007516e-01 -1.78924918e-01 -1.88670199e-01 -1.72438999e-01 -1.66053116e-01 -1.67063506e-01 -1.95601723e-01 -2.27674367e-01 -2.67375474e-01 -3.09240959e-01 -3.38518400e-01 -3.85529567e-01 -4.16625161e-01 -4.35886428e-01 -4.53122614e-01 -4.85496959e-01 -4.71722704e-01 -4.57671728e-01 -4.07851403e-01 -3.38147826e-01 -2.58580023e-01 -1.75450793e-01 -7.96085195e-02 -1.51575074e-03 1.81568769e-02 3.41611093e-02 5.71027209e-02 2.15831910e-02 -1.69092756e-02 2.24549352e-01 6.99596924e-01
2.93000000e+01 1.09426312e-01 1.19770780e-02 8.39373651e-02 5.76388011e-02 4.70056075e-02 4.20260853e-02 5.20104657e-02 5.79368732e-02 4.80838197e-02 5.71043738e-02 6.88463309e-02 7.71235756e-02 7.33694649e-02 1.26497099e-01 5.66086014e-02 1.76642845e-01 1.00502304e-01 1.41814913e-01 1.81882364e-01 1.51101897e-01 1.72649569e-01 1.61202779e-01 1.52409846e-01 1.17657579e-01 1.01832863e-01 6.33308560e-02 3.88931007e-02 1.30867128e-02 1.08723803e-03 -2.86286466e-03 -6.35105644e-03 -4.92063740e-03 -1.51840470e-02 -1.32953492e-02 -2.37638683e-02 -2.21620601e-02 -2.15131855e-02 -7.13915727e-03 1.21360901e-02 3.49632349e-02 5.25831556e-02 6.97617094e-02 8.39100140e-02 1.02992421e-01 1.25301900e-01 1.55354484e-01 1.81459846e-01 2.08548399e-01 2.39429743e-01 2.68107145e-01 2.94109265e-01 3.18306887e-01 3.26223832e-01 3.07784162e-01 2.57684632e-01 1.89023493e-01 1.37475758e-01 1.10246456e-01 1.08982075e-01 9.59847678e-02 7.86149118e-02 5.47624877e-02 4.58130728e-02 2.74958008e-02 8.08699274e-03 -1.89198441e-02 -5.19226676e-02 -8.98764053e-02 -1.24540134e-01 -1.54831892e-01 -1.78207506e-01 -1.86468109e-01 -1.69010211e-01 -1.63815029e-01 -1.65602246e-01 -1.95254614e-01 -2.28039626e-01 -2.67409327e-01 -3.07398093e-01 -3.38011618e-01 -3.84593161e-01 -4.15052794e-01 -4.34804009e-01 -4.54363021e-01 -4.85963544e-01 -4.71035686e-01 -4.58779700e-01 -4.06491121e-01 -3.36739915e-01 -2.57404176e-01 -1.72907908e-01 -7.68787990e-02 -2.13282330e-03 1.83860349e-02 3.34691742e-02 5.73248389e-02 2.19017226e-02 -1.39869850e-02 2.30089288e-01 7.01280571e-01
2.94000000e+01 1.10374227e-01 1.23675525e-02 8.51996629e-02 5.82959146e-02 4.80926368e-02 4.23659664e-02 5.31774982e-02 5.82882829e-02 4.80973030e-02 5.83781839e-02 6.91884363e-02 7.73939199e-02 7.36557998e-02 1.26730842e-01 5.69804594e-02 1.76370538e-01 1.01459844e-01 1.42055330e-01 1.82881611e-01 1.51545951e-01 1.73498782e-01 1.61568349e-01 1.52381350e-01 1.16436592e-01 9.97134494e-02 6.05182098e-02 3.62441576e-02 1.00245244e-02 -1.39319757e-03 -5.00283347e-03 -8.34532627e-03 -6.52123712e-03 -1.59573895e-02 -1.40835738e-02 -2.34307108e-02 -2.13820438e-02 -1.95130650e-02 -4.35284168e-03 1.52340158e-02 3.80819157e-02 5.50850450e-02 7.18643882e-02 8.51299601e-02 1.04816512e-01 1.27070667e-01 1.56730775e-01 1.82831205e-01 2.09437642e-01 2.40419648e-01 2.68878911e-01 2.94619507e-01 3.18359591e-01 3.24217176e-01 3.03481385e-01 2.51158025e-01 1.82160073e-01 1.33070508e-01 1.08252915e-01 1.07775403e-01 9.33455345e-02 7.52811417e-02 5.19358738e-02 4.30123814e-02 2.49548396e-02 5.53138879e-03 -2.11540993e-02 -5.38640130e-02 -9.13237485e-02 -1.25415101e-01 -1.54662423e-01 -1.77468623e-01 -1.84124508e-01 -1.65650467e-01 -1.61638335e-01 -1.64248530e-01 -1.94973481e-01 -2.28408712e-01 -2.67440979e-01 -3.05566895e-01 -3.37640646e-01 -3.83559250e-01 -4.13377994e-01 -4.33712577e-01 -4.55693769e-01 -4.86136806e-01 -4.70392440e-01 -4.59728095e-01 -4.04895941e-01 -3.35300694e-01 -2.56063500e-01 -1.70203809e-01 -7.41432432e-02 -2.84303114e-03 1.85578968e-02 3.26330964e-02 5.74169068e-02 2.21283144e-02 -1.11251288e-02 2.35504985e-01 7.02836279e-01
2.95000000e+01 1.11320202e-01 1.27949983e-02 8.63643974e-02 5.89750253e-02 4.91999714e-02 4.27702969e-02 5.43203976e-02 5.86206091e-02 4.81205049e-02 5.97863021e-02 6.94445589e-02 7.76482965e-02 7.40769586e-02 1.26798868e-01 5.74525230e-02 1.76090786e-01 1.02320109e-01 1.42348896e-01 1.83802855e-01 1.52013963e-01 1.74189445e-01 1.61930689e-01 1.52261629e-01 1.15224647e-01 9.75626757e-02 5.77267692e-02 3.36407831e-02 7.07526866e-03 -3.80222533e-03 -7.11474745e-03 -1.03105607e-02 -8.17135718e-03 -1.66804393e-02 -1.49288274e-02 -2.30211333e-02 -2.05895903e-02 -1.74275971e-02 -1.54568018e-03 1.83417221e-02 4.11471394e-02 5.75398467e-02 7.39445261e-02 8.63994827e-02 1.06630474e-01 1.28883404e-01 1.58056317e-01 1.84221777e-01 2.10329497e-01 2.41366212e-01 2.69663315e-01 2.95099232e-01 3.18321369e-01 3.22056693e-01 2.98973137e-01 2.44508335e-01 1.75417900e-01 1.28890927e-01 1.06428387e-01 1.06555836e-01 9.06129833e-02 7.19534824e-02 4.92196855e-02 4.02020903e-02 2.24202006e-02 2.95642389e-03 -2.33797883e-02 -5.58307550e-02 -9.27767067e-02 -1.26258462e-01 -1.54506345e-01 -1.76698139e-01 -1.81644249e-01 -1.62372335e-01 -1.59520067e-01 -1.63003331e-01 -1.94754273e-01 -2.28772653e-01 -2.67467583e-01 -3.03766692e-01 -3.37391890e-01 -3.82423682e-01 -4.11614032e-01 -4.32626718e-01 -4.57085879e-01 -4.86022363e-01 -4.69813539e-01 -4.60479790e-01 -4.03089129e-01 -3.33825760e-01 -2.54551065e-01 -1.67350067e-01 -7.14227510e-02 -3.61552105e-03 1.86448552e-02 3.16813679e-02 5.73721507e-02 2.22692919e-02 -8.33191987e-03 2.40801862e-01 7.04259194e-01
2.96000000e+01 1.12267477e-01 1.32566517e-02 8.74305808e-02 5.96782616e-02 5.03202920e-02 4.32500560e-02 5.54299162e-02 5.89331759e-02 4.81688909e-02 6.13088437e-02 6.96241683e-02 7.78845293e-02 7.46345257e-02 1.26703322e-01 5.80176073e-02 1.75814661e-01 1.03080098e-01 1.42689973e-01 1.84650241e-01 1.52507258e-01 1.74716995e-01 1.62288607e-01 1.52047439e-01 1.14021421e-01 9.53832730e-02 5.49608170e-02 3.10814332e-02 4.24363418e-03 -6.14076862e-03 -9.20016735e-03 -1.22455421e-02 -9.86712248e-03 -1.73596908e-02 -1.58235398e-02 -2.25376646e-02 -1.97805616e-02 -1.52606952e-02 1.27828662e-03 2.14567356e-02 4.41533844e-02 5.99502192e-02 7.60002885e-02 8.77294210e-02 1.08429559e-01 1.30735797e-01 1.59337229e-01 1.85625548e-01 2.11229791e-01 2.42265357e-01 2.70462043e-01 2.95546967e-01 3.18182430e-01 3.19739020e-01 2.94259810e-01 2.37749560e-01 1.68815736e-01 1.24941177e-01 1.04759432e-01 1.05302911e-01 8.77935423e-02 6.86421435e-02 4.66133720e-02 3.73793280e-02 1.98904870e-02 3.65016539e-04 -2.55977666e-02 -5.78232465e-02 -9.42324115e-02 -1.27068185e-01 -1.54369854e-01 -1.75885210e-01 -1.79034789e-01 -1.59186556e-01 -1.57457986e-01 -1.61866905e-01 -1.94592847e-01 -2.29122830e-01 -2.67487162e-01 -3.02016193e-01 -3.37249510e-01 -3.81184527e-01 -4.09775095e-01 -4.31559993e-01 -4.58507418e-01 -4.85632014e-01 -4.69313866e-01 -4.60999732e-01 -4.01096012e-01 -3.32307140e-01 -2.52862457e-01 -1.64358819e-01 -6.87371786e-02 -4.41977406e-03 1.86192815e-02 3.06435152e-02 5.71832840e-02 2.23313292e-02 -5.61603876e-03 2.45985833e-01 7.05544155e-01
2.97000000e+01 1.13219410e-01 1.37488236e-02 8.83989823e-02 6.04066763e-02 5.14467598e-02 4.38151074e-02 5.64978321e-02 5.92251377e-02 4.82589137e-02 6.29229397e-02 6.97392594e-02 7.81009856e-02 7.53267092e-02 1.26450201e-01 5.86666884e-02 1.75552102e-01 1.03739408e-01 1.43071054e-01 1.85428967e-01 1.53025419e-01 1.75079147e-01 1.62639534e-01 1.51736600e-01 1.12825809e-01 9.31782732e-02 5.22246567e-02 2.85648840e-02 1.53356128e-03 -8.40989362e-03 -1.12601225e-02 -1.41498527e-02 -1.16032800e-02 -1.80029305e-02 -1.67586545e-02 -2.19841902e-02 -1.89498059e-02 -1.30174464e-02 4.11571921e-03 2.45758616e-02 4.70959374e-02 6.23189933e-02 7.80300705e-02 8.91294033e-02 1.10209759e-01 1.32622904e-01 1.60580534e-01 1.87036192e-01 2.12143944e-01 2.43113775e-01 2.71275989e-01 2.95961253e-01 3.17933020e-01 3.17260562e-01 2.89342864e-01 2.30897011e-01 1.62371545e-01 1.21223972e-01 1.03231547e-01 1.03996694e-01 8.48954971e-02 6.53573360e-02 4.41144888e-02 3.45417781e-02 1.73645856e-02 -2.23982231e-03 -2.78092620e-02 -5.98412751e-02 -9.56879654e-02 -1.27843155e-01 -1.54257872e-01 -1.75018582e-01 -1.76306095e-01 -1.56101915e-01 -1.55450704e-01 -1.60838704e-01 -1.94484966e-01 -2.29451111e-01 -2.67498633e-01 -3.00333103e-01 -3.37195820e-01 -3.79842156e-01 -4.07876052e-01 -4.30524565e-01 -4.59924295e-01 -4.84983362e-01 -4.68902133e-01 -4.61255988e-01 -3.98943071e-01 -3.30733717e-01 -2.50995823e-01 -1.61242663e-01 -6.61048979e-02 -5.22654471e-03 1.84546115e-02 2.95491654e-02 5.68430408e-02 2.23211402e-02 -2.98637620e-03 2.51063132e-01 7.06685762e-01
2.98000000e+01 1.14179431e-01 1.42669733e-02 8.92721005e-02 6.11601909e-02 5.25731977e-02 4.44739270e-02 5.75171484e-02 5.94956036e-02 4.84074650e-02 6.46034206e-02 6.98039109e-02 7.82967014e-02 7.61483878e-02 1.26049155e-01 5.93892212e-02 1.75311639e-01 1.04300289e-01 1.43482908e-01 1.86145139e-01 1.53566277e-01 1.75275943e-01 1.62979497e-01 1.51328058e-01 1.11635920e-01 9.09510180e-02 4.95225390e-02 2.60903420e-02 -1.05182560e-03 -1.06108076e-02 -1.32950987e-02 -1.60238138e-02 -1.33733661e-02 -1.86190029e-02 -1.77238357e-02 -2.13658314e-02 -1.80912841e-02 -1.07040063e-02 6.96396140e-03 2.76951658e-02 4.99709955e-02 6.46490739e-02 8.00325956e-02 9.06076126e-02 1.11967947e-01 1.34539257e-01 1.61793909e-01 1.88447297e-01 2.13076814e-01 2.43909056e-01 2.72105196e-01 2.96340590e-01 3.17563517e-01 3.14617499e-01 2.84224925e-01 2.23967197e-01 1.56102389e-01 1.17740477e-01 1.01829280e-01 1.02618111e-01 8.19287660e-02 6.21091286e-02 4.17187357e-02 3.16877504e-02 1.48416907e-02 -4.85503998e-03 -3.00158302e-02 -6.18840292e-02 -9.71405545e-02 -1.28583139e-01 -1.54173874e-01 -1.74086914e-01 -1.73470475e-01 -1.53125183e-01 -1.53497760e-01 -1.59917323e-01 -1.94426291e-01 -2.29749984e-01 -2.67501793e-01 -2.98733738e-01 -3.37211742e-01 -3.78399280e-01 -4.05932203e-01 -4.29530856e-01 -4.61301126e-01 -4.84099267e-01 -4.68580584e-01 -4.61220697e-01 -3.96656994e-01 -3.29091751e-01 -2.48951830e-01 -1.58014575e-01 -6.35423938e-02 -6.00875574e-03 1.81264072e-02 2.84271080e-02 5.63447206e-02 2.22451642e-02 -4.51769079e-04 2.56040131e-01 7.07678445e-01
2.99000000e+01 1.15150996e-01 1.48058103e-02 9.00540925e-02 6.19375771e-02 5.36942414e-02 4.52333697e-02 5.84822584e-02 5.97437825e-02 4.86312950e-02 6.63235720e-02 6.98337899e-02 7.84714825e-02 7.70912575e-02 1.25513201e-01 6.01734933e-02 1.75100150e-01 1.04767632e-01 1.43914768e-01 1.86805609e-01 1.54125959e-01 1.75309739e-01 1.63303130e-01 1.50821910e-01 1.10449082e-01 8.87051645e-02 4.68585879e-02 2.36575420e-02 -3.51028480e-03 -1.27448528e-02 -1.53050422e-02 -1.78683842e-02 -1.51699289e-02 -1.92175239e-02 -1.87077108e-02 -2.06887962e-02 -1.71982387e-02 -8.32743847e-03 9.82097272e-03 3.08100008e-02 5.27757435e-02 6.69433343e-02 8.20070239e-02 9.21705768e-02 1.13701996e-01 1.36478970e-01 1.62985438e-01 1.89852586e-01 2.14032556e-01 2.44649806e-01 2.72948817e-01 2.96683369e-01 3.17064516e-01 3.11805791e-01 2.78909890e-01 2.16977698e-01 1.50024335e-01 1.14490220e-01 1.00536345e-01 1.01149285e-01 7.89046366e-02 5.89073164e-02 3.94200267e-02 2.88162494e-02 1.23213022e-02 -7.47757636e-03 -3.22193108e-02 -6.39500814e-02 -9.85875530e-02 -1.29288711e-01 -1.54119776e-01 -1.73079103e-01 -1.70542336e-01 -1.50261139e-01 -1.51599641e-01 -1.59100461e-01 -1.94412386e-01 -2.30012699e-01 -2.67497286e-01 -2.97232679e-01 -3.37277276e-01 -3.76860926e-01 -4.03959015e-01 -4.28587251e-01 -4.62602126e-01 -4.83007133e-01 -4.68344922e-01 -4.60870883e-01 -3.94263738e-01 -3.27365501e-01 -2.46733534e-01 -1.54687821e-01 -6.10639148e-02 -6.74231920e-03 1.76133597e-02 2.73043867e-02 5.56827208e-02 2.21092601e-02 1.97926090e-03 2.60923160e-01 7.08516531e-01
3.00000000e+01 1.16137534e-01 1.53594192e-02 9.07506612e-02 6.27364778e-02 5.48054523e-02 4.60984803e-02 5.93890739e-02 5.99691386e-02 4.89464202e-02 6.80559333e-02 6.98456180e-02 7.86259810e-02 7.81440688e-02 1.24858333e-01 6.10069981e-02 1.74922687e-01 1.05148871e-01 1.44354554e-01 1.87417784e-01 1.54698997e-01 1.75185132e-01 1.63603732e-01 1.50219406e-01 1.09261875e-01 8.64446817e-02 4.42367293e-02 2.12668261e-02 -5.84051943e-03 -1.48134962e-02 -1.72893771e-02 -1.96850320e-02 -1.69847881e-02 -1.98085576e-02 -1.96981354e-02 -1.99602086e-02 -1.62633994e-02 -5.89550905e-03 1.26852218e-02 3.39150711e-02 5.55084036e-02 6.92045033e-02 8.39530704e-02 9.38229943e-02 1.15410877e-01 1.38435862e-01 1.64163335e-01 1.91246123e-01 2.15014498e-01 2.45335747e-01 2.73805089e-01 2.96987791e-01 3.16426919e-01 3.08821228e-01 2.73402999e-01 2.09947006e-01 1.44152381e-01 1.11471027e-01 9.93357576e-02 9.95738685e-02 7.58354760e-02 5.57613053e-02 3.72105913e-02 2.59270373e-02 9.80320194e-03 -1.01043869e-02 -3.44217831e-02 -6.60373890e-02 -1.00026615e-01 -1.29961164e-01 -1.54095874e-01 -1.71984628e-01 -1.67537869e-01 -1.47512651e-01 -1.49757761e-01 -1.58384909e-01 -1.94438716e-01 -2.30233407e-01 -2.67486543e-01 -2.95842456e-01 -3.37371983e-01 -3.75234350e-01 -4.01971850e-01 -4.27699869e-01 -4.63792007e-01 -4.81738063e-01 -4.68184426e-01 -4.60189124e-01 -3.91787620e-01 -3.25537901e-01 -2.44346184e-01 -1.51275895e-01 -5.86811867e-02 -7.40685746e-03 1.68981950e-02 2.62054529e-02 5.48530334e-02 2.19184246e-02 4.29875503e-03 2.65718327e-01 7.09194313e-01
